"Lat","Long","Date","Tmin","Tmax","Tmean","Year","Month","ChillYear"
51.8667,10.3333,1951-01-01,-12.7299997154623,-6.96999984420836,-9.84999977983534,1951,1,1951
51.8667,10.3333,1951-01-02,-7.84999982453883,-0.119999997317791,-3.98499991092831,1951,1,1951
51.8667,10.3333,1951-01-03,-2.67999994009733,1.35999996960163,-0.65999998524785,1951,1,1951
51.8667,10.3333,1951-01-04,-2.009999955073,1.07999997586012,-0.46499998960644,1951,1,1951
51.8667,10.3333,1951-01-05,-1.50999996624887,0.34999999217689,-0.57999998703599,1951,1,1951
51.8667,10.3333,1951-01-06,-0.789999982342124,3.80999991483986,1.50999996624887,1951,1,1951
51.8667,10.3333,1951-01-07,2.56999994255602,5.48999987728894,4.02999990992248,1951,1,1951
51.8667,10.3333,1951-01-08,2.52999994345009,5.01999988779426,3.77499991562217,1951,1,1951
51.8667,10.3333,1951-01-09,1.74999996088445,3.9599999114871,2.85499993618578,1951,1,1951
51.8667,10.3333,1951-01-10,0.519999988377094,3.58999991975725,2.05499995406717,1951,1,1951
51.8667,10.3333,1951-01-11,-1.42999996803701,3.22999992780387,0.899999979883432,1951,1,1951
51.8667,10.3333,1951-01-12,0.439999990165234,5.84999986924231,3.14499992970377,1951,1,1951
51.8667,10.3333,1951-01-13,1.52999996580184,6.8899998459965,4.20999990589917,1951,1,1951
51.8667,10.3333,1951-01-14,0.149999996647239,3.10999993048608,1.62999996356666,1951,1,1951
51.8667,10.3333,1951-01-15,0.61999998614192,3.29999992623925,1.95999995619059,1951,1,1951
51.8667,10.3333,1951-01-16,-0.379999991506338,3.3899999242276,1.50499996636063,1951,1,1951
51.8667,10.3333,1951-01-17,-0.30999999307096,1.8399999588728,0.764999982900918,1951,1,1951
51.8667,10.3333,1951-01-18,-0.589999986812472,1.80999995954335,0.609999986365438,1951,1,1951
51.8667,10.3333,1951-01-19,1.26999997161329,3.64999991841614,2.45999994501472,1951,1,1951
51.8667,10.3333,1951-01-20,0.57999998703599,2.57999994233251,1.57999996468425,1951,1,1951
51.8667,10.3333,1951-01-21,-0.109999997541308,2.38999994657934,1.13999997451901,1951,1,1951
51.8667,10.3333,1951-01-22,-5.78999987058342,0.549999987706542,-2.61999994143844,1951,1,1951
51.8667,10.3333,1951-01-23,-6.94999984465539,2.27999994903803,-2.33499994780868,1951,1,1951
51.8667,10.3333,1951-01-24,1.06999997608364,3.12999993003905,2.09999995306134,1951,1,1951
51.8667,10.3333,1951-01-25,-1.89999995753169,2.50999994389713,0.304999993182719,1951,1,1951
51.8667,10.3333,1951-01-26,-4.51999989897013,0.209999995306134,-2.154999951832,1951,1,1951
51.8667,10.3333,1951-01-27,-4.37999990209937,-1.39999996870756,-2.88999993540347,1951,1,1951
51.8667,10.3333,1951-01-28,-3.00999993272126,0.649999985471368,-1.17999997362494,1951,1,1951
51.8667,10.3333,1951-01-29,-1.75999996066093,0.409999990835786,-0.674999984912574,1951,1,1951
51.8667,10.3333,1951-01-30,-2.64999994076788,-0.919999979436398,-1.78499996010214,1951,1,1951
51.8667,10.3333,1951-01-31,-2.67999994009733,0.88999998010695,-0.894999979995191,1951,1,1951
51.8667,10.3333,1951-02-01,-4.22999990545213,1.49999996647239,-1.36499996948987,1951,2,1951
51.8667,10.3333,1951-02-02,-2.24999994970858,0.919999979436398,-0.664999985136092,1951,2,1951
51.8667,10.3333,1951-02-03,-3.18999992869794,-0.259999994188547,-1.72499996144325,1951,2,1951
51.8667,10.3333,1951-02-04,-6.85999984666705,-2.18999995104969,-4.52499989885837,1951,2,1951
51.8667,10.3333,1951-02-05,-7.42999983392656,1.61999996379018,-2.90499993506819,1951,2,1951
51.8667,10.3333,1951-02-06,-1.22999997250736,4.43999990075827,1.60499996412545,1951,2,1951
51.8667,10.3333,1951-02-07,-0.00999999977648258,3.56999992020428,1.7799999602139,1951,2,1951
51.8667,10.3333,1951-02-08,-0.469999989494681,5.0499998871237,2.28999994881451,1951,2,1951
51.8667,10.3333,1951-02-09,-0.469999989494681,4.43999990075827,1.98499995563179,1951,2,1951
51.8667,10.3333,1951-02-10,3.13999992981553,8.92999980039895,6.03499986510724,1951,2,1951
51.8667,10.3333,1951-02-11,0.96999997831881,5.45999987795949,3.21499992813915,1951,2,1951
51.8667,10.3333,1951-02-12,-0.529999988153577,5.22999988310039,2.34999994747341,1951,2,1951
51.8667,10.3333,1951-02-13,0.759999983012676,5.55999987572432,3.1599999293685,1951,2,1951
51.8667,10.3333,1951-02-14,-1.95999995619059,3.06999993138015,0.554999987594783,1951,2,1951
51.8667,10.3333,1951-02-15,-1.56999996490777,1.5499999653548,-0.00999999977648258,1951,2,1951
51.8667,10.3333,1951-02-16,-0.0399999991059303,3.88999991305172,1.9249999569729,1951,2,1951
51.8667,10.3333,1951-02-17,-3.04999993182719,2.88999993540347,-0.0799999982118607,1951,2,1951
51.8667,10.3333,1951-02-18,-0.489999989047647,4.28999990411103,1.89999995753169,1951,2,1951
51.8667,10.3333,1951-02-19,-1.00999997742474,4.51999989897013,1.75499996077269,1951,2,1951
51.8667,10.3333,1951-02-20,-0.379999991506338,2.16999995149672,0.894999979995191,1951,2,1951
51.8667,10.3333,1951-02-21,-0.109999997541308,3.81999991461635,1.85499995853752,1951,2,1951
51.8667,10.3333,1951-02-22,0.649999985471368,4.15999990701675,2.40499994624406,1951,2,1951
51.8667,10.3333,1951-02-23,-0.739999983459711,3.42999992333353,1.34499996993691,1951,2,1951
51.8667,10.3333,1951-02-24,-0.939999978989363,2.02999995462596,0.544999987818301,1951,2,1951
51.8667,10.3333,1951-02-25,-1.7799999602139,2.62999994121492,0.42499999050051,1951,2,1951
51.8667,10.3333,1951-02-26,-3.28999992646277,4.40999990142882,0.559999987483025,1951,2,1951
51.8667,10.3333,1951-02-27,-2.44999994523823,1.65999996289611,-0.394999991171062,1951,2,1951
51.8667,10.3333,1951-02-28,-3.52999992109835,-0.169999996200204,-1.84999995864928,1951,2,1951
51.8667,10.3333,1951-03-01,-4.51999989897013,-2.11999995261431,-3.31999992579222,1951,3,1951
51.8667,10.3333,1951-03-02,-5.11999988555908,-1.20999997295439,-3.16499992925674,1951,3,1951
51.8667,10.3333,1951-03-03,-5.07999988645315,-2.15999995172024,-3.61999991908669,1951,3,1951
51.8667,10.3333,1951-03-04,-5.9699998665601,-2.90999993495643,-4.43999990075827,1951,3,1951
51.8667,10.3333,1951-03-05,-9.41999978944659,0.739999983459711,-4.33999990299344,1951,3,1951
51.8667,10.3333,1951-03-06,-5.49999987706542,-0.639999985694885,-3.06999993138015,1951,3,1951
51.8667,10.3333,1951-03-07,-7.2899998370558,3.40999992378056,-1.93999995663762,1951,3,1951
51.8667,10.3333,1951-03-08,-5.49999987706542,5.65999987348914,0.0799999982118607,1951,3,1951
51.8667,10.3333,1951-03-09,-4.65999989584088,-1.33999997004867,-2.99999993294477,1951,3,1951
51.8667,10.3333,1951-03-10,-5.55999987572432,-3.13999992981553,-4.34999990276992,1951,3,1951
51.8667,10.3333,1951-03-11,-6.18999986164272,-1.74999996088445,-3.96999991126359,1951,3,1951
51.8667,10.3333,1951-03-12,-3.44999992288649,3.65999991819263,0.104999997653067,1951,3,1951
51.8667,10.3333,1951-03-13,-0.919999979436398,5.81999986991286,2.44999994523823,1951,3,1951
51.8667,10.3333,1951-03-14,1.24999997206032,10.1699997726828,5.70999987237155,1951,3,1951
51.8667,10.3333,1951-03-15,3.10999993048608,9.53999978676438,6.32499985862523,1951,3,1951
51.8667,10.3333,1951-03-16,1.99999995529652,5.00999988801777,3.50499992165715,1951,3,1951
51.8667,10.3333,1951-03-17,1.40999996848404,7.73999982699752,4.57499989774078,1951,3,1951
51.8667,10.3333,1951-03-18,3.75999991595745,11.0499997530133,7.40499983448535,1951,3,1951
51.8667,10.3333,1951-03-19,5.3399998806417,11.0299997534603,8.18499981705099,1951,3,1951
51.8667,10.3333,1951-03-20,-1.05999997630715,6.57999985292554,2.75999993830919,1951,3,1951
51.8667,10.3333,1951-03-21,-3.94999991171062,1.75999996066093,-1.09499997552484,1951,3,1951
51.8667,10.3333,1951-03-22,-7.27999983727932,2.44999994523823,-2.41499994602054,1951,3,1951
51.8667,10.3333,1951-03-23,-2.76999993808568,4.58999989740551,0.909999979659915,1951,3,1951
51.8667,10.3333,1951-03-24,0.739999983459711,6.70999985001981,3.72499991673976,1951,3,1951
51.8667,10.3333,1951-03-25,-0.729999983683228,6.029999865219,2.64999994076788,1951,3,1951
51.8667,10.3333,1951-03-26,-3.51999992132187,1.27999997138977,-1.11999997496605,1951,3,1951
51.8667,10.3333,1951-03-27,-3.06999993138015,0.329999992623925,-1.36999996937811,1951,3,1951
51.8667,10.3333,1951-03-28,-1.75999996066093,5.31999988108873,1.7799999602139,1951,3,1951
51.8667,10.3333,1951-03-29,-3.18999992869794,1.15999997407198,-1.01499997731298,1951,3,1951
51.8667,10.3333,1951-03-30,-3.30999992601573,2.73999993875623,-0.284999993629754,1951,3,1951
51.8667,10.3333,1951-03-31,-4.58999989740551,5.22999988310039,0.319999992847443,1951,3,1951
51.8667,10.3333,1951-04-01,-1.46999996714294,7.70999982766807,3.11999993026257,1951,4,1951
51.8667,10.3333,1951-04-02,-0.859999980777502,5.74999987147748,2.44499994534999,1951,4,1951
51.8667,10.3333,1951-04-03,1.64999996311963,7.18999983929098,4.4199999012053,1951,4,1951
51.8667,10.3333,1951-04-04,0.789999982342124,6.07999986410141,3.43499992322177,1951,4,1951
51.8667,10.3333,1951-04-05,0.459999989718199,9.40999978967011,4.93499988969415,1951,4,1951
51.8667,10.3333,1951-04-06,1.43999996781349,9.14999979548156,5.29499988164753,1951,4,1951
51.8667,10.3333,1951-04-07,1.75999996066093,10.5599997639656,6.15999986231327,1951,4,1951
51.8667,10.3333,1951-04-08,5.52999987639487,13.8799996897578,9.70499978307635,1951,4,1951
51.8667,10.3333,1951-04-09,2.14999995194376,7.82999982498586,4.98999988846481,1951,4,1951
51.8667,10.3333,1951-04-10,1.79999995976686,8.24999981559813,5.0249998876825,1951,4,1951
51.8667,10.3333,1951-04-11,1.9499999564141,4.99999988824129,3.4749999223277,1951,4,1951
51.8667,10.3333,1951-04-12,0.209999995306134,4.84999989159405,2.52999994345009,1951,4,1951
51.8667,10.3333,1951-04-13,-0.729999983683228,7.07999984174967,3.17499992903322,1951,4,1951
51.8667,10.3333,1951-04-14,2.39999994635582,9.39999978989363,5.89999986812472,1951,4,1951
51.8667,10.3333,1951-04-15,-0.419999990612268,4.69999989494681,2.13999995216727,1951,4,1951
51.8667,10.3333,1951-04-16,-1.52999996580184,6.27999985963106,2.37499994691461,1951,4,1951
51.8667,10.3333,1951-04-17,0.34999999217689,13.4199997000396,6.88499984610826,1951,4,1951
51.8667,10.3333,1951-04-18,1.91999995708466,8.45999981090426,5.18999988399446,1951,4,1951
51.8667,10.3333,1951-04-19,-2.27999994903803,12.0199997313321,4.86999989114702,1951,4,1951
51.8667,10.3333,1951-04-20,3.62999991886318,11.9699997324497,7.79999982565641,1951,4,1951
51.8667,10.3333,1951-04-21,-0.819999981671572,8.61999980732799,3.89999991282821,1951,4,1951
51.8667,10.3333,1951-04-22,0.599999986588955,7.79999982565641,4.19999990612268,1951,4,1951
51.8667,10.3333,1951-04-23,-2.79999993741512,10.0599997751415,3.62999991886318,1951,4,1951
51.8667,10.3333,1951-04-24,-0.92999997921288,14.5699996743351,6.81999984756112,1951,4,1951
51.8667,10.3333,1951-04-25,1.49999996647239,18.9999995753169,10.2499997708946,1951,4,1951
51.8667,10.3333,1951-04-26,4.50999989919364,22.7799994908273,13.6449996950105,1951,4,1951
51.8667,10.3333,1951-04-27,8.65999980643392,24.4599994532764,16.5599996298552,1951,4,1951
51.8667,10.3333,1951-04-28,5.89999986812472,15.6699996497482,10.7849997589365,1951,4,1951
51.8667,10.3333,1951-04-29,3.70999991707504,7.66999982856214,5.68999987281859,1951,4,1951
51.8667,10.3333,1951-04-30,0.739999983459711,4.66999989561737,2.70499993953854,1951,4,1951
51.8667,10.3333,1951-05-01,-0.459999989718199,6.44999985583127,2.99499993305653,1951,5,NA
51.8667,10.3333,1951-05-02,-0.0499999988824129,13.5499996971339,6.74999984912574,1951,5,NA
51.8667,10.3333,1951-05-03,3.52999992109835,17.1899996157736,10.359999768436,1951,5,NA
51.8667,10.3333,1951-05-04,4.20999990589917,14.7799996696413,9.49499978777021,1951,5,NA
51.8667,10.3333,1951-05-05,6.61999985203147,16.1299996394664,11.3749997457489,1951,5,NA
51.8667,10.3333,1951-05-06,7.58999983035028,12.8699997123331,10.2299997713417,1951,5,NA
51.8667,10.3333,1951-05-07,3.7899999152869,14.9899996649474,9.38999979011714,1951,5,NA
51.8667,10.3333,1951-05-08,3.83999991416931,15.8899996448308,9.86499977950007,1951,5,NA
51.8667,10.3333,1951-05-09,6.95999984443188,13.489999698475,10.2249997714534,1951,5,NA
51.8667,10.3333,1951-05-10,5.98999986611307,11.3799997456372,8.68499980587512,1951,5,NA
51.8667,10.3333,1951-05-11,5.40999987907708,10.6999997608364,8.05499981995672,1951,5,NA
51.8667,10.3333,1951-05-12,1.30999997071922,10.4399997666478,5.87499986868352,1951,5,NA
51.8667,10.3333,1951-05-13,0.0199999995529652,13.8599996902049,6.93999984487891,1951,5,NA
51.8667,10.3333,1951-05-14,1.6099999640137,14.379999678582,7.99499982129782,1951,5,NA
51.8667,10.3333,1951-05-15,4.26999990455806,8.30999981425703,6.28999985940754,1951,5,NA
51.8667,10.3333,1951-05-16,2.76999993808568,6.98999984376132,4.8799998909235,1951,5,NA
51.8667,10.3333,1951-05-17,2.8699999358505,8.72999980486929,5.7999998703599,1951,5,NA
51.8667,10.3333,1951-05-18,0.449999989941716,12.2799997255206,6.36499985773116,1951,5,NA
51.8667,10.3333,1951-05-19,6.14999986253679,14.6899996716529,10.4199997670949,1951,5,NA
51.8667,10.3333,1951-05-20,6.61999985203147,17.4199996106327,12.0199997313321,1951,5,NA
51.8667,10.3333,1951-05-21,8.04999982006848,20.2399995476007,14.1449996838346,1951,5,NA
51.8667,10.3333,1951-05-22,7.84999982453883,15.9099996443838,11.8799997344613,1951,5,NA
51.8667,10.3333,1951-05-23,6.61999985203147,16.4199996329844,11.5199997425079,1951,5,NA
51.8667,10.3333,1951-05-24,5.41999987885356,16.3299996349961,10.8749997569248,1951,5,NA
51.8667,10.3333,1951-05-25,4.96999988891184,18.8199995793402,11.894999734126,1951,5,NA
51.8667,10.3333,1951-05-26,9.30999979190528,20.3299995455891,14.8199996687472,1951,5,NA
51.8667,10.3333,1951-05-27,8.97999979928136,16.7599996253848,12.8699997123331,1951,5,NA
51.8667,10.3333,1951-05-28,8.8999998010695,16.1499996390194,12.5249997200444,1951,5,NA
51.8667,10.3333,1951-05-29,7.53999983146787,11.1999997496605,9.36999979056418,1951,5,NA
51.8667,10.3333,1951-05-30,3.99999991059303,8.48999981023371,6.24499986041337,1951,5,NA
51.8667,10.3333,1951-05-31,1.18999997340143,10.0099997762591,5.59999987483025,1951,5,NA
51.8667,10.3333,1951-06-01,1.97999995574355,14.4999996758997,8.23999981582165,1951,6,NA
51.8667,10.3333,1951-06-02,4.29999990388751,17.3399996124208,10.8199997581542,1951,6,NA
51.8667,10.3333,1951-06-03,6.95999984443188,18.6799995824695,12.8199997134507,1951,6,NA
51.8667,10.3333,1951-06-04,9.55999978631735,16.8399996235967,13.199999704957,1951,6,NA
51.8667,10.3333,1951-06-05,10.5799997635186,18.2199995927513,14.3999996781349,1951,6,NA
51.8667,10.3333,1951-06-06,10.0199997760355,17.3899996113032,13.7049996936694,1951,6,NA
51.8667,10.3333,1951-06-07,10.8399997577071,19.6499995607883,15.2449996592477,1951,6,NA
51.8667,10.3333,1951-06-08,6.15999986231327,14.8899996671826,10.5249997647479,1951,6,NA
51.8667,10.3333,1951-06-09,6.4899998549372,15.0399996638298,10.7649997593835,1951,6,NA
51.8667,10.3333,1951-06-10,4.77999989315867,18.3099995907396,11.5449997419491,1951,6,NA
51.8667,10.3333,1951-06-11,8.69999980553985,13.6899996940047,11.1949997497723,1951,6,NA
51.8667,10.3333,1951-06-12,7.12999984063208,16.4499996323138,11.789999736473,1951,6,NA
51.8667,10.3333,1951-06-13,7.09999984130263,20.4699995424598,13.7849996918812,1951,6,NA
51.8667,10.3333,1951-06-14,10.3899997677654,15.8199996463954,13.1049997070804,1951,6,NA
51.8667,10.3333,1951-06-15,10.8699997570366,23.0099994856864,16.9399996213615,1951,6,NA
51.8667,10.3333,1951-06-16,13.1199997067451,24.9099994432181,19.0149995749816,1951,6,NA
51.8667,10.3333,1951-06-17,13.1899997051805,18.8099995795637,15.9999996423721,1951,6,NA
51.8667,10.3333,1951-06-18,11.9299997333437,23.229999480769,17.5799996070564,1951,6,NA
51.8667,10.3333,1951-06-19,11.3599997460842,19.4399995654821,15.3999996557832,1951,6,NA
51.8667,10.3333,1951-06-20,9.02999979816377,16.2199996374547,12.6249997178093,1951,6,NA
51.8667,10.3333,1951-06-21,7.49999983236194,17.8899996001273,12.6949997162446,1951,6,NA
51.8667,10.3333,1951-06-22,8.34999981336296,20.7799995355308,14.5649996744469,1951,6,NA
51.8667,10.3333,1951-06-23,12.059999730438,21.2999995239079,16.6799996271729,1951,6,NA
51.8667,10.3333,1951-06-24,14.5799996741116,23.4299994762987,19.0049995752051,1951,6,NA
51.8667,10.3333,1951-06-25,11.4699997436255,17.2799996137619,14.3749996786937,1951,6,NA
51.8667,10.3333,1951-06-26,9.27999979257584,16.2599996365607,12.7699997145683,1951,6,NA
51.8667,10.3333,1951-06-27,8.46999981068075,15.0799996629357,11.7749997368082,1951,6,NA
51.8667,10.3333,1951-06-28,7.40999983437359,12.2899997252971,9.84999977983534,1951,6,NA
51.8667,10.3333,1951-06-29,9.61999978497624,14.8699996676296,12.2449997263029,1951,6,NA
51.8667,10.3333,1951-06-30,8.16999981738627,11.7599997371435,9.96499977726489,1951,6,NA
51.8667,10.3333,1951-07-01,7.49999983236194,12.909999711439,10.2049997719005,1951,7,NA
51.8667,10.3333,1951-07-02,6.12999986298382,17.8799996003509,12.0049997316673,1951,7,NA
51.8667,10.3333,1951-07-03,7.78999982587993,21.3399995230138,14.5649996744469,1951,7,NA
51.8667,10.3333,1951-07-04,12.3599997237325,20.7199995368719,16.5399996303022,1951,7,NA
51.8667,10.3333,1951-07-05,9.02999979816377,20.4799995422363,14.7549996702,1951,7,NA
51.8667,10.3333,1951-07-06,7.47999983280897,12.6599997170269,10.069999774918,1951,7,NA
51.8667,10.3333,1951-07-07,6.83999984711409,16.6499996278435,11.7449997374788,1951,7,NA
51.8667,10.3333,1951-07-08,13.3899997007102,22.5399994961917,17.964999598451,1951,7,NA
51.8667,10.3333,1951-07-09,12.8299997132272,24.2899994570762,18.5599995851517,1951,7,NA
51.8667,10.3333,1951-07-10,13.8299996908754,20.3399995453656,17.0849996181205,1951,7,NA
51.8667,10.3333,1951-07-11,11.2299997489899,24.0799994617701,17.65499960538,1951,7,NA
51.8667,10.3333,1951-07-12,16.5199996307492,28.119999371469,22.3199995011091,1951,7,NA
51.8667,10.3333,1951-07-13,14.1199996843934,21.7399995140731,17.9299995992333,1951,7,NA
51.8667,10.3333,1951-07-14,12.5199997201562,23.1399994827807,17.8299996014684,1951,7,NA
51.8667,10.3333,1951-07-15,11.8899997342378,18.4899995867163,15.189999660477,1951,7,NA
51.8667,10.3333,1951-07-16,11.7299997378141,17.509999608621,14.6199996732175,1951,7,NA
51.8667,10.3333,1951-07-17,9.51999978721142,14.2499996814877,11.8849997343495,1951,7,NA
51.8667,10.3333,1951-07-18,7.25999983772635,20.1899995487183,13.7249996932223,1951,7,NA
51.8667,10.3333,1951-07-19,10.9899997543544,19.9099995549768,15.4499996546656,1951,7,NA
51.8667,10.3333,1951-07-20,8.44999981112778,16.3799996338785,12.4149997225031,1951,7,NA
51.8667,10.3333,1951-07-21,10.8399997577071,18.0299995969981,14.4349996773526,1951,7,NA
51.8667,10.3333,1951-07-22,9.24999979324639,15.5299996528774,12.3899997230619,1951,7,NA
51.8667,10.3333,1951-07-23,6.94999984465539,21.3599995225668,14.1549996836111,1951,7,NA
51.8667,10.3333,1951-07-24,12.1499997284263,21.0199995301664,16.5849996292964,1951,7,NA
51.8667,10.3333,1951-07-25,11.4099997449666,19.0699995737523,15.2399996593595,1951,7,NA
51.8667,10.3333,1951-07-26,12.5199997201562,16.7499996256083,14.6349996728823,1951,7,NA
51.8667,10.3333,1951-07-27,12.6699997168034,19.539999563247,16.1049996400252,1951,7,NA
51.8667,10.3333,1951-07-28,12.4599997214973,21.219999525696,16.8399996235967,1951,7,NA
51.8667,10.3333,1951-07-29,10.5599997639656,23.3299994785339,16.9449996212497,1951,7,NA
51.8667,10.3333,1951-07-30,13.2499997038394,23.1299994830042,18.1899995934218,1951,7,NA
51.8667,10.3333,1951-07-31,12.2999997250736,22.4899994973093,17.3949996111915,1951,7,NA
51.8667,10.3333,1951-08-01,11.7299997378141,26.3299994114786,19.0299995746464,1951,8,NA
51.8667,10.3333,1951-08-02,16.7199996262789,28.0399993732572,22.379999499768,1951,8,NA
51.8667,10.3333,1951-08-03,15.5799996517599,24.1899994593114,19.8849995555356,1951,8,NA
51.8667,10.3333,1951-08-04,14.1499996837229,23.3899994771928,18.7699995804578,1951,8,NA
51.8667,10.3333,1951-08-05,15.9199996441603,24.2699994575232,20.0949995508417,1951,8,NA
51.8667,10.3333,1951-08-06,14.1999996826053,21.2899995241314,17.7449996033683,1951,8,NA
51.8667,10.3333,1951-08-07,10.1899997722358,23.1299994830042,16.65999962762,1951,8,NA
51.8667,10.3333,1951-08-08,14.5999996736646,21.8999995104969,18.2499995920807,1951,8,NA
51.8667,10.3333,1951-08-09,14.2799996808171,18.359999589622,16.3199996352196,1951,8,NA
51.8667,10.3333,1951-08-10,12.3199997246265,18.3399995900691,15.3299996573478,1951,8,NA
51.8667,10.3333,1951-08-11,10.5799997635186,15.8499996457249,13.2149997046217,1951,8,NA
51.8667,10.3333,1951-08-12,9.79999978095293,16.7699996251613,13.2849997030571,1951,8,NA
51.8667,10.3333,1951-08-13,10.6699997615069,19.7499995585531,15.20999966003,1951,8,NA
51.8667,10.3333,1951-08-14,8.8999998010695,17.6299996059388,13.2649997035041,1951,8,NA
51.8667,10.3333,1951-08-15,8.95999979972839,15.9499996434897,12.4549997216091,1951,8,NA
51.8667,10.3333,1951-08-16,9.9899997767061,16.929999621585,13.4599996991456,1951,8,NA
51.8667,10.3333,1951-08-17,7.95999982208014,16.949999621138,12.4549997216091,1951,8,NA
51.8667,10.3333,1951-08-18,6.41999985650182,18.2399995923042,12.329999724403,1951,8,NA
51.8667,10.3333,1951-08-19,10.8899997565895,19.3699995670468,15.1299996618181,1951,8,NA
51.8667,10.3333,1951-08-20,11.2199997492135,22.9699994865805,17.094999617897,1951,8,NA
51.8667,10.3333,1951-08-21,14.1499996837229,19.0199995748699,16.5849996292964,1951,8,NA
51.8667,10.3333,1951-08-22,12.4899997208267,14.7399996705353,13.614999695681,1951,8,NA
51.8667,10.3333,1951-08-23,11.209999749437,18.7199995815754,14.9649996655062,1951,8,NA
51.8667,10.3333,1951-08-24,10.0999997742474,20.6999995373189,15.3999996557832,1951,8,NA
51.8667,10.3333,1951-08-25,10.049999775365,21.3799995221198,15.7149996487424,1951,8,NA
51.8667,10.3333,1951-08-26,10.9499997552484,22.5799994952977,16.764999625273,1951,8,NA
51.8667,10.3333,1951-08-27,12.0999997295439,20.6899995375425,16.3949996335432,1951,8,NA
51.8667,10.3333,1951-08-28,11.3499997463077,18.9999995753169,15.1749996608123,1951,8,NA
51.8667,10.3333,1951-08-29,11.3699997458607,17.5999996066093,14.484999676235,1951,8,NA
51.8667,10.3333,1951-08-30,13.5599996969104,26.7599994018674,20.1599995493889,1951,8,NA
51.8667,10.3333,1951-08-31,14.4099996779114,29.1799993477762,21.7949995128438,1951,8,NA
51.8667,10.3333,1951-09-01,12.0099997315556,20.6899995375425,16.349999634549,1951,9,NA
51.8667,10.3333,1951-09-02,9.88999977894127,16.5999996289611,13.2449997039512,1951,9,NA
51.8667,10.3333,1951-09-03,8.88999980129302,15.499999653548,12.1949997274205,1951,9,NA
51.8667,10.3333,1951-09-04,9.61999978497624,14.7599996700883,12.1899997275323,1951,9,NA
51.8667,10.3333,1951-09-05,6.54999985359609,18.0399995967746,12.2949997251853,1951,9,NA
51.8667,10.3333,1951-09-06,13.199999704957,23.7199994698167,18.4599995873868,1951,9,NA
51.8667,10.3333,1951-09-07,13.1199997067451,25.3199994340539,19.2199995703995,1951,9,NA
51.8667,10.3333,1951-09-08,14.5699996743351,23.6799994707108,19.1249995725229,1951,9,NA
51.8667,10.3333,1951-09-09,13.8399996906519,18.4899995867163,16.1649996386841,1951,9,NA
51.8667,10.3333,1951-09-10,11.7399997375906,20.3599995449185,16.0499996412545,1951,9,NA
51.8667,10.3333,1951-09-11,9.53999978676438,22.4399994984269,15.9899996425956,1951,9,NA
51.8667,10.3333,1951-09-12,12.329999724403,25.1099994387478,18.7199995815754,1951,9,NA
51.8667,10.3333,1951-09-13,15.2499996591359,25.6699994262308,20.4599995426834,1951,9,NA
51.8667,10.3333,1951-09-14,15.4699996542186,26.5199994072318,20.9949995307252,1951,9,NA
51.8667,10.3333,1951-09-15,9.55999978631735,22.9299994874746,16.244999636896,1951,9,NA
51.8667,10.3333,1951-09-16,7.76999982632697,18.4999995864928,13.1349997064099,1951,9,NA
51.8667,10.3333,1951-09-17,10.8699997570366,16.4199996329844,13.6449996950105,1951,9,NA
51.8667,10.3333,1951-09-18,7.68999982811511,12.6599997170269,10.174999772571,1951,9,NA
51.8667,10.3333,1951-09-19,7.18999983929098,10.049999775365,8.61999980732799,1951,9,NA
51.8667,10.3333,1951-09-20,6.69999985024333,12.1599997282028,9.42999978922307,1951,9,NA
51.8667,10.3333,1951-09-21,5.37999987974763,11.2999997474253,8.33999981358647,1951,9,NA
51.8667,10.3333,1951-09-22,4.73999989405274,11.1399997510016,7.93999982252717,1951,9,NA
51.8667,10.3333,1951-09-23,2.72999993897974,16.1799996383488,9.45499978866428,1951,9,NA
51.8667,10.3333,1951-09-24,5.99999986588955,16.6899996269494,11.3449997464195,1951,9,NA
51.8667,10.3333,1951-09-25,8.78999980352819,14.939999666065,11.8649997347966,1951,9,NA
51.8667,10.3333,1951-09-26,5.82999986968935,17.0099996197969,11.4199997447431,1951,9,NA
51.8667,10.3333,1951-09-27,8.75999980419874,17.3899996113032,13.074999707751,1951,9,NA
51.8667,10.3333,1951-09-28,7.02999984286726,16.3799996338785,11.7049997383729,1951,9,NA
51.8667,10.3333,1951-09-29,7.96999982185662,17.2299996148795,12.5999997183681,1951,9,NA
51.8667,10.3333,1951-09-30,8.49999981001019,14.7199996709824,11.6099997404963,1951,9,NA
51.8667,10.3333,1951-10-01,9.10999979637563,13.0299997087568,11.0699997525662,1951,10,1952
51.8667,10.3333,1951-10-02,8.56999980844557,14.1699996832758,11.3699997458607,1951,10,1952
51.8667,10.3333,1951-10-03,6.91999984532595,14.9099996667355,10.9149997560307,1951,10,1952
51.8667,10.3333,1951-10-04,3.92999991215765,15.7399996481836,9.83499978017062,1951,10,1952
51.8667,10.3333,1951-10-05,3.91999991238117,15.9899996425956,9.95499977748841,1951,10,1952
51.8667,10.3333,1951-10-06,3.57999991998076,15.519999653101,9.54999978654087,1951,10,1952
51.8667,10.3333,1951-10-07,3.1599999293685,10.629999762401,6.89499984588474,1951,10,1952
51.8667,10.3333,1951-10-08,-1.65999996289611,8.79999980330467,3.56999992020428,1951,10,1952
51.8667,10.3333,1951-10-09,-0.779999982565641,11.6199997402728,5.41999987885356,1951,10,1952
51.8667,10.3333,1951-10-10,-0.329999992623925,13.3099997024983,6.4899998549372,1951,10,1952
51.8667,10.3333,1951-10-11,-0.0999999977648258,12.6799997165799,6.28999985940754,1951,10,1952
51.8667,10.3333,1951-10-12,-0.0299999993294477,11.6799997389317,5.8249998698011,1951,10,1952
51.8667,10.3333,1951-10-13,0.769999982789159,14.5499996747822,7.65999982878566,1951,10,1952
51.8667,10.3333,1951-10-14,0.849999981001019,14.8399996683002,7.84499982465059,1951,10,1952
51.8667,10.3333,1951-10-15,1.3199999704957,15.5999996513128,8.45999981090426,1951,10,1952
51.8667,10.3333,1951-10-16,0.759999983012676,14.7399996705353,7.749999826774,1951,10,1952
51.8667,10.3333,1951-10-17,0.629999985918403,14.2599996812642,7.44499983359128,1951,10,1952
51.8667,10.3333,1951-10-18,0.0499999988824129,15.3499996569008,7.69999982789159,1951,10,1952
51.8667,10.3333,1951-10-19,-1.0899999756366,9.02999979816377,3.96999991126359,1951,10,1952
51.8667,10.3333,1951-10-20,0.629999985918403,9.96999977715313,5.29999988153577,1951,10,1952
51.8667,10.3333,1951-10-21,0.92999997921288,7.92999982275069,4.42999990098178,1951,10,1952
51.8667,10.3333,1951-10-22,1.47999996691942,12.6999997161329,7.08999984152615,1951,10,1952
51.8667,10.3333,1951-10-23,3.7899999152869,9.87999977916479,6.83499984722584,1951,10,1952
51.8667,10.3333,1951-10-24,2.79999993741512,6.10999986343086,4.45499990042299,1951,10,1952
51.8667,10.3333,1951-10-25,3.31999992579222,5.70999987237155,4.51499989908189,1951,10,1952
51.8667,10.3333,1951-10-26,3.53999992087483,8.09999981895089,5.81999986991286,1951,10,1952
51.8667,10.3333,1951-10-27,4.08999990858138,9.23999979346991,6.66499985102564,1951,10,1952
51.8667,10.3333,1951-10-28,1.51999996602535,10.4699997659773,5.99499986600131,1951,10,1952
51.8667,10.3333,1951-10-29,1.47999996691942,12.2799997255206,6.87999984622002,1951,10,1952
51.8667,10.3333,1951-10-30,3.58999991975725,13.8799996897578,8.73499980475754,1951,10,1952
51.8667,10.3333,1951-10-31,3.2699999269098,12.7699997145683,8.01999982073903,1951,10,1952
51.8667,10.3333,1951-11-01,6.6599998511374,9.8199997805059,8.23999981582165,1951,11,1952
51.8667,10.3333,1951-11-02,5.06999988667667,7.99999982118607,6.53499985393137,1951,11,1952
51.8667,10.3333,1951-11-03,2.87999993562698,7.81999982520938,5.34999988041818,1951,11,1952
51.8667,10.3333,1951-11-04,2.88999993540347,6.05999986454844,4.47499989997596,1951,11,1952
51.8667,10.3333,1951-11-05,0.939999978989363,5.94999986700714,3.44499992299825,1951,11,1952
51.8667,10.3333,1951-11-06,-0.109999997541308,8.16999981738627,4.02999990992248,1951,11,1952
51.8667,10.3333,1951-11-07,1.09999997541308,10.0899997744709,5.594999874942,1951,11,1952
51.8667,10.3333,1951-11-08,5.18999988399446,10.6899997610599,7.93999982252717,1951,11,1952
51.8667,10.3333,1951-11-09,4.58999989740551,12.6799997165799,8.63499980699271,1951,11,1952
51.8667,10.3333,1951-11-10,5.17999988421798,11.9399997331202,8.55999980866909,1951,11,1952
51.8667,10.3333,1951-11-11,4.4199999012053,15.0599996633828,9.73999978229403,1951,11,1952
51.8667,10.3333,1951-11-12,3.88999991305172,11.3599997460842,7.62499982956797,1951,11,1952
51.8667,10.3333,1951-11-13,2.30999994836748,7.26999983750284,4.78999989293516,1951,11,1952
51.8667,10.3333,1951-11-14,3.97999991104007,6.60999985225499,5.29499988164753,1951,11,1952
51.8667,10.3333,1951-11-15,3.57999991998076,5.85999986901879,4.71999989449978,1951,11,1952
51.8667,10.3333,1951-11-16,1.81999995931983,5.35999988019466,3.58999991975725,1951,11,1952
51.8667,10.3333,1951-11-17,4.91999989002943,8.31999981403351,6.61999985203147,1951,11,1952
51.8667,10.3333,1951-11-18,4.71999989449978,8.25999981537461,6.4899998549372,1951,11,1952
51.8667,10.3333,1951-11-19,6.41999985650182,12.1599997282028,9.28999979235232,1951,11,1952
51.8667,10.3333,1951-11-20,5.36999987997115,11.8599997349083,8.61499980743974,1951,11,1952
51.8667,10.3333,1951-11-21,3.74999991618097,8.33999981358647,6.04499986488372,1951,11,1952
51.8667,10.3333,1951-11-22,4.40999990142882,6.86999984644353,5.63999987393618,1951,11,1952
51.8667,10.3333,1951-11-23,3.07999993115664,5.08999988622963,4.08499990869313,1951,11,1952
51.8667,10.3333,1951-11-24,2.76999993808568,4.58999989740551,3.67999991774559,1951,11,1952
51.8667,10.3333,1951-11-25,3.27999992668629,10.8399997577071,7.0599998421967,1951,11,1952
51.8667,10.3333,1951-11-26,1.61999996379018,10.7999997586012,6.20999986119568,1951,11,1952
51.8667,10.3333,1951-11-27,-0.30999999307096,2.65999994054437,1.1749999737367,1951,11,1952
51.8667,10.3333,1951-11-28,1.06999997608364,4.4799998998642,2.77499993797392,1951,11,1952
51.8667,10.3333,1951-11-29,0.879999980330467,4.32999990321696,2.60499994177371,1951,11,1952
51.8667,10.3333,1951-11-30,0.0399999991059303,3.18999992869794,1.61499996390194,1951,11,1952
51.8667,10.3333,1951-12-01,0.649999985471368,7.16999983973801,3.90999991260469,1951,12,1952
51.8667,10.3333,1951-12-02,2.90999993495643,5.92999986745417,4.4199999012053,1951,12,1952
51.8667,10.3333,1951-12-03,0.989999977871776,3.58999991975725,2.28999994881451,1951,12,1952
51.8667,10.3333,1951-12-04,-0.26999999396503,2.13999995216727,0.934999979101121,1951,12,1952
51.8667,10.3333,1951-12-05,-0.879999980330467,6.86999984644353,2.99499993305653,1951,12,1952
51.8667,10.3333,1951-12-06,5.34999988041818,7.06999984197319,6.20999986119568,1951,12,1952
51.8667,10.3333,1951-12-07,2.50999994389713,5.99999986588955,4.25499990489334,1951,12,1952
51.8667,10.3333,1951-12-08,0.319999992847443,2.88999993540347,1.60499996412545,1951,12,1952
51.8667,10.3333,1951-12-09,0.259999994188547,2.98999993316829,1.62499996367842,1951,12,1952
51.8667,10.3333,1951-12-10,1.13999997451901,5.22999988310039,3.1849999288097,1951,12,1952
51.8667,10.3333,1951-12-11,-1.4899999666959,2.16999995149672,0.339999992400408,1951,12,1952
51.8667,10.3333,1951-12-12,-2.33999994769692,0.529999988153577,-0.904999979771674,1951,12,1952
51.8667,10.3333,1951-12-13,-3.07999993115664,0.279999993741512,-1.39999996870756,1951,12,1952
51.8667,10.3333,1951-12-14,-4.71999989449978,2.52999994345009,-1.09499997552484,1951,12,1952
51.8667,10.3333,1951-12-15,-5.13999988511205,2.90999993495643,-1.11499997507781,1951,12,1952
51.8667,10.3333,1951-12-16,-3.41999992355704,3.4999999217689,0.0399999991059303,1951,12,1952
51.8667,10.3333,1951-12-17,1.66999996267259,4.59999989718199,3.13499992992729,1951,12,1952
51.8667,10.3333,1951-12-18,3.33999992534518,6.17999986186624,4.75999989360571,1951,12,1952
51.8667,10.3333,1951-12-19,2.75999993830919,6.47999985516071,4.61999989673495,1951,12,1952
51.8667,10.3333,1951-12-20,1.27999997138977,5.52999987639487,3.40499992389232,1951,12,1952
51.8667,10.3333,1951-12-21,0.629999985918403,9.43999978899956,5.03499988745898,1951,12,1952
51.8667,10.3333,1951-12-22,1.40999996848404,6.68999985046685,4.04999990947545,1951,12,1952
51.8667,10.3333,1951-12-23,0.729999983683228,4.73999989405274,2.73499993886799,1951,12,1952
51.8667,10.3333,1951-12-24,-0.299999993294477,3.89999991282821,1.79999995976686,1951,12,1952
51.8667,10.3333,1951-12-25,-0.279999993741512,5.52999987639487,2.62499994132668,1951,12,1952
51.8667,10.3333,1951-12-26,2.11999995261431,5.84999986924231,3.98499991092831,1951,12,1952
51.8667,10.3333,1951-12-27,1.13999997451901,5.86999986879528,3.50499992165715,1951,12,1952
51.8667,10.3333,1951-12-28,-0.189999995753169,2.27999994903803,1.04499997664243,1951,12,1952
51.8667,10.3333,1951-12-29,0.519999988377094,2.80999993719161,1.66499996278435,1951,12,1952
51.8667,10.3333,1951-12-30,-2.60999994166195,3.65999991819263,0.524999988265336,1951,12,1952
51.8667,10.3333,1951-12-31,-3.42999992333353,1.10999997518957,-1.15999997407198,1951,12,1952
51.8667,10.3333,1952-01-01,-0.159999996423721,2.4099999461323,1.12499997485429,1952,1,1952
51.8667,10.3333,1952-01-02,-1.3199999704957,1.38999996893108,0.034999999217689,1952,1,1952
51.8667,10.3333,1952-01-03,-1.19999997317791,3.60999991931021,1.20499997306615,1952,1,1952
51.8667,10.3333,1952-01-04,-1.82999995909631,3.24999992735684,0.709999984130263,1952,1,1952
51.8667,10.3333,1952-01-05,-1.68999996222556,0.399999991059303,-0.644999985583127,1952,1,1952
51.8667,10.3333,1952-01-06,-3.14999992959201,0.379999991506338,-1.38499996904284,1952,1,1952
51.8667,10.3333,1952-01-07,-4.7099998947233,0.869999980553985,-1.91999995708466,1952,1,1952
51.8667,10.3333,1952-01-08,-0.30999999307096,2.18999995104969,0.939999978989363,1952,1,1952
51.8667,10.3333,1952-01-09,0.749999983236194,2.84999993629754,1.79999995976686,1952,1,1952
51.8667,10.3333,1952-01-10,-0.61999998614192,3.06999993138015,1.22499997261912,1952,1,1952
51.8667,10.3333,1952-01-11,-2.12999995239079,0.92999997921288,-0.599999986588955,1952,1,1952
51.8667,10.3333,1952-01-12,-0.919999979436398,4.53999989852309,1.80999995954335,1952,1,1952
51.8667,10.3333,1952-01-13,-1.47999996691942,-0.00999999977648258,-0.744999983347952,1952,1,1952
51.8667,10.3333,1952-01-14,-3.56999992020428,0.209999995306134,-1.67999996244907,1952,1,1952
51.8667,10.3333,1952-01-15,-2.25999994948506,1.64999996311963,-0.304999993182719,1952,1,1952
51.8667,10.3333,1952-01-16,0.729999983683228,4.53999989852309,2.63499994110316,1952,1,1952
51.8667,10.3333,1952-01-17,-0.979999978095293,4.89999989047647,1.95999995619059,1952,1,1952
51.8667,10.3333,1952-01-18,-2.47999994456768,1.74999996088445,-0.364999991841614,1952,1,1952
51.8667,10.3333,1952-01-19,-2.03999995440245,-0.599999986588955,-1.3199999704957,1952,1,1952
51.8667,10.3333,1952-01-20,-2.87999993562698,-1.21999997273088,-2.04999995417893,1952,1,1952
51.8667,10.3333,1952-01-21,-4.78999989293516,-1.51999996602535,-3.15499992948025,1952,1,1952
51.8667,10.3333,1952-01-22,-2.74999993853271,-0.779999982565641,-1.76499996054918,1952,1,1952
51.8667,10.3333,1952-01-23,-4.74999989382923,-1.3799999691546,-3.06499993149191,1952,1,1952
51.8667,10.3333,1952-01-24,-6.09999986365438,-3.41999992355704,-4.75999989360571,1952,1,1952
51.8667,10.3333,1952-01-25,-6.4299998562783,-3.45999992266297,-4.94499988947064,1952,1,1952
51.8667,10.3333,1952-01-26,-7.42999983392656,-5.24999988265336,-6.33999985828996,1952,1,1952
51.8667,10.3333,1952-01-27,-7.63999982923269,-3.53999992087483,-5.58999987505376,1952,1,1952
51.8667,10.3333,1952-01-28,-7.43999983370304,-3.65999991819263,-5.54999987594783,1952,1,1952
51.8667,10.3333,1952-01-29,-7.26999983750284,-2.70999993942678,-4.98999988846481,1952,1,1952
51.8667,10.3333,1952-01-30,-7.59999983012676,-2.12999995239079,-4.86499989125878,1952,1,1952
51.8667,10.3333,1952-01-31,-2.30999994836748,-0.709999984130263,-1.50999996624887,1952,1,1952
51.8667,10.3333,1952-02-01,-4.20999990589917,0.529999988153577,-1.8399999588728,1952,2,1952
51.8667,10.3333,1952-02-02,-2.55999994277954,0.379999991506338,-1.0899999756366,1952,2,1952
51.8667,10.3333,1952-02-03,-2.97999993339181,-0.689999984577298,-1.83499995898455,1952,2,1952
51.8667,10.3333,1952-02-04,-4.60999989695847,-0.0999999977648258,-2.35499994736165,1952,2,1952
51.8667,10.3333,1952-02-05,-5.59999987483025,0.209999995306134,-2.69499993976206,1952,2,1952
51.8667,10.3333,1952-02-06,-3.64999991841614,-0.229999994859099,-1.93999995663762,1952,2,1952
51.8667,10.3333,1952-02-07,-4.38999990187585,-0.159999996423721,-2.27499994914979,1952,2,1952
51.8667,10.3333,1952-02-08,-0.639999985694885,1.64999996311963,0.50499998871237,1952,2,1952
51.8667,10.3333,1952-02-09,-1.88999995775521,0.959999978542328,-0.46499998960644,1952,2,1952
51.8667,10.3333,1952-02-10,-3.91999991238117,-1.09999997541308,-2.50999994389713,1952,2,1952
51.8667,10.3333,1952-02-11,-4.48999989964068,-1.74999996088445,-3.11999993026257,1952,2,1952
51.8667,10.3333,1952-02-12,-5.34999988041818,0.00999999977648258,-2.66999994032085,1952,2,1952
51.8667,10.3333,1952-02-13,-6.51999985426664,-1.02999997697771,-3.77499991562217,1952,2,1952
51.8667,10.3333,1952-02-14,-7.26999983750284,-1.38999996893108,-4.32999990321696,1952,2,1952
51.8667,10.3333,1952-02-15,-8.2699998151511,-2.54999994300306,-5.40999987907708,1952,2,1952
51.8667,10.3333,1952-02-16,-11.5999997407198,-1.24999997206032,-6.42499985639006,1952,2,1952
51.8667,10.3333,1952-02-17,-11.8999997340143,-1.34999996982515,-6.62499985191971,1952,2,1952
51.8667,10.3333,1952-02-18,-8.15999981760979,-0.719999983906746,-4.43999990075827,1952,2,1952
51.8667,10.3333,1952-02-19,-7.35999983549118,-1.02999997697771,-4.19499990623444,1952,2,1952
51.8667,10.3333,1952-02-20,-3.05999993160367,0.65999998524785,-1.19999997317791,1952,2,1952
51.8667,10.3333,1952-02-21,-0.92999997921288,1.73999996110797,0.404999990947545,1952,2,1952
51.8667,10.3333,1952-02-22,0.389999991282821,2.78999993763864,1.58999996446073,1952,2,1952
51.8667,10.3333,1952-02-23,1.20999997295439,3.11999993026257,2.16499995160848,1952,2,1952
51.8667,10.3333,1952-02-24,-0.0299999993294477,2.70999993942678,1.33999997004867,1952,2,1952
51.8667,10.3333,1952-02-25,0.859999980777502,4.8799998909235,2.8699999358505,1952,2,1952
51.8667,10.3333,1952-02-26,0.669999985024333,5.02999988757074,2.84999993629754,1952,2,1952
51.8667,10.3333,1952-02-27,-0.689999984577298,5.24999988265336,2.27999994903803,1952,2,1952
51.8667,10.3333,1952-02-28,-0.409999990835786,3.12999993003905,1.35999996960163,1952,2,1952
51.8667,10.3333,1952-02-29,-1.01999997720122,1.58999996446073,0.284999993629754,1952,2,1952
51.8667,10.3333,1952-03-01,-1.51999996602535,0.469999989494681,-0.524999988265336,1952,3,1952
51.8667,10.3333,1952-03-02,-0.979999978095293,1.68999996222556,0.354999992065132,1952,3,1952
51.8667,10.3333,1952-03-03,-1.02999997697771,5.47999987751245,2.22499995026737,1952,3,1952
51.8667,10.3333,1952-03-04,3.46999992243946,11.5799997411668,7.52499983180314,1952,3,1952
51.8667,10.3333,1952-03-05,3.64999991841614,13.3399997018278,8.49499981012195,1952,3,1952
51.8667,10.3333,1952-03-06,-0.649999985471368,5.78999987058342,2.56999994255602,1952,3,1952
51.8667,10.3333,1952-03-07,-6.13999986276031,0.669999985024333,-2.73499993886799,1952,3,1952
51.8667,10.3333,1952-03-08,-8.54999980889261,0.769999982789159,-3.88999991305172,1952,3,1952
51.8667,10.3333,1952-03-09,-9.25999979302287,0.909999979659915,-4.17499990668148,1952,3,1952
51.8667,10.3333,1952-03-10,-4.04999990947545,6.16999986208975,1.05999997630715,1952,3,1952
51.8667,10.3333,1952-03-11,0.409999990835786,5.7999998703599,3.10499993059784,1952,3,1952
51.8667,10.3333,1952-03-12,0.559999987483025,3.45999992266297,2.009999955073,1952,3,1952
51.8667,10.3333,1952-03-13,-0.0699999984353781,2.62999994121492,1.27999997138977,1952,3,1952
51.8667,10.3333,1952-03-14,-3.729999916628,1.58999996446073,-1.06999997608364,1952,3,1952
51.8667,10.3333,1952-03-15,-7.35999983549118,0.909999979659915,-3.22499992791563,1952,3,1952
51.8667,10.3333,1952-03-16,-6.85999984666705,4.59999989718199,-1.12999997474253,1952,3,1952
51.8667,10.3333,1952-03-17,-2.57999994233251,8.88999980129302,3.15499992948025,1952,3,1952
51.8667,10.3333,1952-03-18,0.399999991059303,9.5899997856468,4.99499988835305,1952,3,1952
51.8667,10.3333,1952-03-19,2.2399999499321,7.91999982297421,5.07999988645315,1952,3,1952
51.8667,10.3333,1952-03-20,-0.289999993517995,7.68999982811511,3.69999991729856,1952,3,1952
51.8667,10.3333,1952-03-21,-1.07999997586012,5.02999988757074,1.97499995585531,1952,3,1952
51.8667,10.3333,1952-03-22,-2.22999995015562,3.62999991886318,0.699999984353781,1952,3,1952
51.8667,10.3333,1952-03-23,-1.74999996088445,7.19999983906746,2.7249999390915,1952,3,1952
51.8667,10.3333,1952-03-24,0.539999987930059,5.22999988310039,2.88499993551522,1952,3,1952
51.8667,10.3333,1952-03-25,1.26999997161329,4.54999989829957,2.90999993495643,1952,3,1952
51.8667,10.3333,1952-03-26,0.639999985694885,2.80999993719161,1.72499996144325,1952,3,1952
51.8667,10.3333,1952-03-27,-3.75999991595745,0.819999981671572,-1.46999996714294,1952,3,1952
51.8667,10.3333,1952-03-28,-6.13999986276031,0.199999995529652,-2.96999993361533,1952,3,1952
51.8667,10.3333,1952-03-29,-7.46999983303249,-0.88999998010695,-4.17999990656972,1952,3,1952
51.8667,10.3333,1952-03-30,-5.90999986790121,-2.85999993607402,-4.38499990198761,1952,3,1952
51.8667,10.3333,1952-03-31,-5.31999988108873,-0.0499999988824129,-2.68499993998557,1952,3,1952
51.8667,10.3333,1952-04-01,-1.78999995999038,4.63999989628792,1.42499996814877,1952,4,1952
51.8667,10.3333,1952-04-02,-5.01999988779426,0.249999994412065,-2.3849999466911,1952,4,1952
51.8667,10.3333,1952-04-03,-6.78999984823167,2.94999993406236,-1.91999995708466,1952,4,1952
51.8667,10.3333,1952-04-04,-2.51999994367361,3.04999993182719,0.264999994076788,1952,4,1952
51.8667,10.3333,1952-04-05,0.259999994188547,5.52999987639487,2.89499993529171,1952,4,1952
51.8667,10.3333,1952-04-06,1.03999997675419,6.07999986410141,3.5599999204278,1952,4,1952
51.8667,10.3333,1952-04-07,-0.869999980553985,9.78999978117645,4.45999990031123,1952,4,1952
51.8667,10.3333,1952-04-08,4.20999990589917,11.0799997523427,7.64499982912093,1952,4,1952
51.8667,10.3333,1952-04-09,6.69999985024333,15.6299996506423,11.1649997504428,1952,4,1952
51.8667,10.3333,1952-04-10,5.45999987795949,18.4499995876104,11.9549997327849,1952,4,1952
51.8667,10.3333,1952-04-11,7.62999982945621,20.6099995393306,14.1199996843934,1952,4,1952
51.8667,10.3333,1952-04-12,7.93999982252717,23.1399994827807,15.5399996526539,1952,4,1952
51.8667,10.3333,1952-04-13,8.63999980688095,23.3599994778633,15.9999996423721,1952,4,1952
51.8667,10.3333,1952-04-14,9.41999978944659,22.3599995002151,15.8899996448308,1952,4,1952
51.8667,10.3333,1952-04-15,8.19999981671572,20.0399995520711,14.1199996843934,1952,4,1952
51.8667,10.3333,1952-04-16,8.44999981112778,21.0399995297194,14.7449996704236,1952,4,1952
51.8667,10.3333,1952-04-17,8.55999980866909,20.389999544248,14.4749996764585,1952,4,1952
51.8667,10.3333,1952-04-18,5.54999987594783,17.529999608174,11.5399997420609,1952,4,1952
51.8667,10.3333,1952-04-19,4.27999990433455,19.8699995558709,12.0749997301027,1952,4,1952
51.8667,10.3333,1952-04-20,5.84999986924231,20.4399995431304,13.1449997061864,1952,4,1952
51.8667,10.3333,1952-04-21,6.12999986298382,20.2099995482713,13.1699997056276,1952,4,1952
51.8667,10.3333,1952-04-22,8.42999981157482,16.3299996349961,12.3799997232854,1952,4,1952
51.8667,10.3333,1952-04-23,8.25999981537461,13.2799997031689,10.7699997592717,1952,4,1952
51.8667,10.3333,1952-04-24,6.74999984912574,15.2599996589124,11.0049997540191,1952,4,1952
51.8667,10.3333,1952-04-25,7.0599998421967,12.1899997275323,9.62499978486449,1952,4,1952
51.8667,10.3333,1952-04-26,5.20999988354743,11.9499997328967,8.57999980822206,1952,4,1952
51.8667,10.3333,1952-04-27,1.03999997675419,8.40999981202185,4.72499989438802,1952,4,1952
51.8667,10.3333,1952-04-28,1.719999961555,8.97999979928136,5.34999988041818,1952,4,1952
51.8667,10.3333,1952-04-29,2.91999993473291,9.38999979011714,6.15499986242503,1952,4,1952
51.8667,10.3333,1952-04-30,0.599999986588955,12.9399997107685,6.76999984867871,1952,4,1952
51.8667,10.3333,1952-05-01,4.07999990880489,19.789999557659,11.934999733232,1952,5,NA
51.8667,10.3333,1952-05-02,6.91999984532595,22.5099994968623,14.7149996710941,1952,5,NA
51.8667,10.3333,1952-05-03,5.68999987281859,17.1499996166676,11.4199997447431,1952,5,NA
51.8667,10.3333,1952-05-04,4.6499998960644,19.5899995621294,12.1199997290969,1952,5,NA
51.8667,10.3333,1952-05-05,8.42999981157482,19.5699995625764,13.9999996870756,1952,5,NA
51.8667,10.3333,1952-05-06,9.08999979682267,18.2999995909631,13.6949996938929,1952,5,NA
51.8667,10.3333,1952-05-07,7.86999982409179,19.0999995730817,13.4849996985868,1952,5,NA
51.8667,10.3333,1952-05-08,9.44999978877604,15.0799996629357,12.2649997258559,1952,5,NA
51.8667,10.3333,1952-05-09,4.92999988980591,17.2799996137619,11.1049997517839,1952,5,NA
51.8667,10.3333,1952-05-10,9.21999979391694,16.9899996202439,13.1049997070804,1952,5,NA
51.8667,10.3333,1952-05-11,9.46999978832901,17.2799996137619,13.3749997010455,1952,5,NA
51.8667,10.3333,1952-05-12,6.4299998562783,20.3799995444715,13.4049997003749,1952,5,NA
51.8667,10.3333,1952-05-13,6.91999984532595,12.2999997250736,9.60999978519976,1952,5,NA
51.8667,10.3333,1952-05-14,6.06999986432493,13.1899997051805,9.62999978475273,1952,5,NA
51.8667,10.3333,1952-05-15,5.08999988622963,13.9899996872991,9.53999978676438,1952,5,NA
51.8667,10.3333,1952-05-16,9.93999977782369,14.4599996767938,12.1999997273088,1952,5,NA
51.8667,10.3333,1952-05-17,9.17999979481101,13.2599997036159,11.2199997492135,1952,5,NA
51.8667,10.3333,1952-05-18,3.35999992489815,13.6099996957928,8.48499981034547,1952,5,NA
51.8667,10.3333,1952-05-19,2.53999994322658,16.8199996240437,9.67999978363514,1952,5,NA
51.8667,10.3333,1952-05-20,4.84999989159405,12.889999711886,8.86999980174005,1952,5,NA
51.8667,10.3333,1952-05-21,-1.57999996468425,10.1399997733533,4.27999990433455,1952,5,NA
51.8667,10.3333,1952-05-22,0.0199999995529652,12.9599997103214,6.4899998549372,1952,5,NA
51.8667,10.3333,1952-05-23,2.38999994657934,14.2199996821582,8.30499981436878,1952,5,NA
51.8667,10.3333,1952-05-24,6.33999985828996,16.5099996309727,11.4249997446314,1952,5,NA
51.8667,10.3333,1952-05-25,5.70999987237155,12.5199997201562,9.11499979626387,1952,5,NA
51.8667,10.3333,1952-05-26,5.84999986924231,10.5099997650832,8.17999981716275,1952,5,NA
51.8667,10.3333,1952-05-27,6.97999984398484,12.8399997130036,9.90999977849424,1952,5,NA
51.8667,10.3333,1952-05-28,4.61999989673495,9.5899997856468,7.10499984119087,1952,5,NA
51.8667,10.3333,1952-05-29,7.04999984242022,11.0099997539073,9.02999979816377,1952,5,NA
51.8667,10.3333,1952-05-30,3.36999992467463,11.7299997378141,7.54999983124435,1952,5,NA
51.8667,10.3333,1952-05-31,2.79999993741512,13.4099997002631,8.10499981883913,1952,5,NA
51.8667,10.3333,1952-06-01,6.30999985896051,22.0799995064735,14.194999682717,1952,6,NA
51.8667,10.3333,1952-06-02,12.4799997210503,19.0199995748699,15.7499996479601,1952,6,NA
51.8667,10.3333,1952-06-03,12.3199997246265,20.1599995493889,16.2399996370077,1952,6,NA
51.8667,10.3333,1952-06-04,9.26999979279935,16.8999996222556,13.0849997075275,1952,6,NA
51.8667,10.3333,1952-06-05,5.82999986968935,15.3699996564537,10.5999997630715,1952,6,NA
51.8667,10.3333,1952-06-06,5.2799998819828,20.3199995458126,12.7999997138977,1952,6,NA
51.8667,10.3333,1952-06-07,10.9699997548014,23.0999994836748,17.0349996192381,1952,6,NA
51.8667,10.3333,1952-06-08,8.18999981693923,14.2199996821582,11.2049997495487,1952,6,NA
51.8667,10.3333,1952-06-09,5.15999988466501,14.4999996758997,9.82999978028238,1952,6,NA
51.8667,10.3333,1952-06-10,6.31999985873699,12.2099997270852,9.26499979291111,1952,6,NA
51.8667,10.3333,1952-06-11,5.1099998857826,16.6999996267259,10.9049997562543,1952,6,NA
51.8667,10.3333,1952-06-12,10.0199997760355,15.7599996477365,12.889999711886,1952,6,NA
51.8667,10.3333,1952-06-13,8.25999981537461,17.1599996164441,12.7099997159094,1952,6,NA
51.8667,10.3333,1952-06-14,7.62999982945621,24.5599994510412,16.0949996402487,1952,6,NA
51.8667,10.3333,1952-06-15,12.5099997203797,19.1499995719641,15.8299996461719,1952,6,NA
51.8667,10.3333,1952-06-16,10.609999762848,14.3299996796995,12.4699997212738,1952,6,NA
51.8667,10.3333,1952-06-17,5.89999986812472,14.1099996846169,10.0049997763708,1952,6,NA
51.8667,10.3333,1952-06-18,5.54999987594783,20.5699995402247,13.0599997080863,1952,6,NA
51.8667,10.3333,1952-06-19,12.889999711886,21.4099995214492,17.1499996166676,1952,6,NA
51.8667,10.3333,1952-06-20,10.5899997632951,15.8999996446073,13.2449997039512,1952,6,NA
51.8667,10.3333,1952-06-21,6.24999986030161,16.6999996267259,11.4749997435138,1952,6,NA
51.8667,10.3333,1952-06-22,8.2699998151511,13.7299996931106,10.9999997541308,1952,6,NA
51.8667,10.3333,1952-06-23,9.48999978788197,14.1699996832758,11.8299997355789,1952,6,NA
51.8667,10.3333,1952-06-24,8.94999979995191,13.5299996975809,11.2399997487664,1952,6,NA
51.8667,10.3333,1952-06-25,6.79999984800816,12.1799997277558,9.48999978788197,1952,6,NA
51.8667,10.3333,1952-06-26,7.87999982386827,12.929999710992,10.4049997674301,1952,6,NA
51.8667,10.3333,1952-06-27,9.55999978631735,14.899999666959,12.2299997266382,1952,6,NA
51.8667,10.3333,1952-06-28,6.12999986298382,18.9999995753169,12.5649997191504,1952,6,NA
51.8667,10.3333,1952-06-29,8.92999980039895,22.2099995035678,15.5699996519834,1952,6,NA
51.8667,10.3333,1952-06-30,10.8399997577071,24.9999994412065,17.9199995994568,1952,6,NA
51.8667,10.3333,1952-07-01,13.6699996944517,26.7399994023144,20.2049995483831,1952,7,NA
51.8667,10.3333,1952-07-02,15.6899996493012,27.7899993788451,21.7399995140731,1952,7,NA
51.8667,10.3333,1952-07-03,17.8899996001273,32.0899992827326,24.98999944143,1952,7,NA
51.8667,10.3333,1952-07-04,17.3999996110797,27.9399993754923,22.669999493286,1952,7,NA
51.8667,10.3333,1952-07-05,17.19999961555,25.4299994315952,21.3149995235726,1952,7,NA
51.8667,10.3333,1952-07-06,14.4599996767938,24.409999454394,19.4349995655939,1952,7,NA
51.8667,10.3333,1952-07-07,14.7299996707588,25.1199994385242,19.9249995546415,1952,7,NA
51.8667,10.3333,1952-07-08,13.1499997060746,25.9899994190782,19.5699995625764,1952,7,NA
51.8667,10.3333,1952-07-09,14.3299996796995,27.4299993868917,20.8799995332956,1952,7,NA
51.8667,10.3333,1952-07-10,15.5099996533245,21.3499995227903,18.4299995880574,1952,7,NA
51.8667,10.3333,1952-07-11,13.8799996897578,20.969999531284,17.4249996105209,1952,7,NA
51.8667,10.3333,1952-07-12,12.9699997100979,25.1799994371831,19.0749995736405,1952,7,NA
51.8667,10.3333,1952-07-13,12.349999723956,20.7799995355308,16.5649996297434,1952,7,NA
51.8667,10.3333,1952-07-14,9.38999979011714,21.5399995185435,15.4649996543303,1952,7,NA
51.8667,10.3333,1952-07-15,11.8499997351319,17.9999995976686,14.9249996664003,1952,7,NA
51.8667,10.3333,1952-07-16,9.50999978743494,16.0399996414781,12.7749997144565,1952,7,NA
51.8667,10.3333,1952-07-17,6.26999985985458,16.8299996238202,11.5499997418374,1952,7,NA
51.8667,10.3333,1952-07-18,9.19999979436398,16.3399996347725,12.7699997145683,1952,7,NA
51.8667,10.3333,1952-07-19,9.84999977983534,14.359999679029,12.1049997294322,1952,7,NA
51.8667,10.3333,1952-07-20,8.04999982006848,13.8299996908754,10.9399997554719,1952,7,NA
51.8667,10.3333,1952-07-21,12.7399997152388,18.0399995967746,15.3899996560067,1952,7,NA
51.8667,10.3333,1952-07-22,9.17999979481101,19.1199995726347,14.1499996837229,1952,7,NA
51.8667,10.3333,1952-07-23,7.45999983325601,23.3699994776398,15.4149996554479,1952,7,NA
51.8667,10.3333,1952-07-24,10.6999997608364,18.0999995954335,14.3999996781349,1952,7,NA
51.8667,10.3333,1952-07-25,8.88999980129302,17.239999614656,13.0649997079745,1952,7,NA
51.8667,10.3333,1952-07-26,7.72999982722104,17.2299996148795,12.4799997210503,1952,7,NA
51.8667,10.3333,1952-07-27,10.6999997608364,16.8699996229261,13.7849996918812,1952,7,NA
51.8667,10.3333,1952-07-28,6.4899998549372,19.2199995703995,12.8549997126684,1952,7,NA
51.8667,10.3333,1952-07-29,10.629999762401,15.8799996450543,13.2549997037277,1952,7,NA
51.8667,10.3333,1952-07-30,8.8399998024106,16.9399996213615,12.889999711886,1952,7,NA
51.8667,10.3333,1952-07-31,9.28999979235232,17.819999601692,13.5549996970221,1952,7,NA
51.8667,10.3333,1952-08-01,11.3299997467548,21.8999995104969,16.6149996286258,1952,8,NA
51.8667,10.3333,1952-08-02,12.0899997297674,24.3399994559586,18.214999592863,1952,8,NA
51.8667,10.3333,1952-08-03,11.8899997342378,26.0599994175136,18.9749995758757,1952,8,NA
51.8667,10.3333,1952-08-04,14.0799996852875,22.2799995020032,18.1799995936453,1952,8,NA
51.8667,10.3333,1952-08-05,11.2499997485429,21.5399995185435,16.3949996335432,1952,8,NA
51.8667,10.3333,1952-08-06,11.209999749437,27.1999993920326,19.2049995707348,1952,8,NA
51.8667,10.3333,1952-08-07,12.619999717921,26.1899994146079,19.4049995662645,1952,8,NA
51.8667,10.3333,1952-08-08,14.5799996741116,23.559999473393,19.0699995737523,1952,8,NA
51.8667,10.3333,1952-08-09,14.0199996866286,20.8999995328486,17.4599996097386,1952,8,NA
51.8667,10.3333,1952-08-10,9.5899997856468,24.4499994534999,17.0199996195734,1952,8,NA
51.8667,10.3333,1952-08-11,13.0899997074157,19.9599995538592,16.5249996306375,1952,8,NA
51.8667,10.3333,1952-08-12,11.4299997445196,20.4899995420128,15.9599996432662,1952,8,NA
51.8667,10.3333,1952-08-13,14.8899996671826,29.7599993348122,22.3249995009974,1952,8,NA
51.8667,10.3333,1952-08-14,16.1599996387959,26.0399994179606,21.0999995283782,1952,8,NA
51.8667,10.3333,1952-08-15,14.8399996683002,21.1999995261431,18.0199995972216,1952,8,NA
51.8667,10.3333,1952-08-16,14.2599996812642,22.1599995046854,18.2099995929748,1952,8,NA
51.8667,10.3333,1952-08-17,13.6299996953458,21.1099995281547,17.3699996117502,1952,8,NA
51.8667,10.3333,1952-08-18,10.4099997673184,18.4899995867163,14.4499996770173,1952,8,NA
51.8667,10.3333,1952-08-19,10.3899997677654,16.8399996235967,13.614999695681,1952,8,NA
51.8667,10.3333,1952-08-20,10.6199997626245,17.4799996092916,14.049999685958,1952,8,NA
51.8667,10.3333,1952-08-21,9.41999978944659,16.3399996347725,12.8799997121096,1952,8,NA
51.8667,10.3333,1952-08-22,10.4499997664243,13.9499996881932,12.1999997273088,1952,8,NA
51.8667,10.3333,1952-08-23,8.2099998164922,13.509999698028,10.8599997572601,1952,8,NA
51.8667,10.3333,1952-08-24,8.42999981157482,17.5899996068329,13.0099997092038,1952,8,NA
51.8667,10.3333,1952-08-25,10.0199997760355,16.7299996260554,13.3749997010455,1952,8,NA
51.8667,10.3333,1952-08-26,9.01999979838729,18.8699995782226,13.944999688305,1952,8,NA
51.8667,10.3333,1952-08-27,9.64999978430569,16.3399996347725,12.9949997095391,1952,8,NA
51.8667,10.3333,1952-08-28,8.01999982073903,18.1399995945394,13.0799997076392,1952,8,NA
51.8667,10.3333,1952-08-29,11.9999997317791,17.8699996005744,14.9349996661767,1952,8,NA
51.8667,10.3333,1952-08-30,7.86999982409179,18.6999995820224,13.2849997030571,1952,8,NA
51.8667,10.3333,1952-08-31,8.78999980352819,23.7699994686991,16.2799996361136,1952,8,NA
51.8667,10.3333,1952-09-01,14.4599996767938,19.9699995536357,17.2149996152148,1952,9,NA
51.8667,10.3333,1952-09-02,13.7699996922165,17.779999602586,15.7749996474013,1952,9,NA
51.8667,10.3333,1952-09-03,9.00999979861081,16.5599996298552,12.784999714233,1952,9,NA
51.8667,10.3333,1952-09-04,8.34999981336296,12.7399997152388,10.5449997643009,1952,9,NA
51.8667,10.3333,1952-09-05,8.13999981805682,13.8799996897578,11.0099997539073,1952,9,NA
51.8667,10.3333,1952-09-06,6.81999984756112,11.0399997532368,8.92999980039895,1952,9,NA
51.8667,10.3333,1952-09-07,7.03999984264374,12.2599997259676,9.64999978430569,1952,9,NA
51.8667,10.3333,1952-09-08,4.05999990925193,13.7499996926636,8.90499980095774,1952,9,NA
51.8667,10.3333,1952-09-09,6.54999985359609,12.5299997199327,9.53999978676438,1952,9,NA
51.8667,10.3333,1952-09-10,6.73999984934926,10.9099997561425,8.82499980274588,1952,9,NA
51.8667,10.3333,1952-09-11,5.61999987438321,11.789999736473,8.70499980542809,1952,9,NA
51.8667,10.3333,1952-09-12,2.87999993562698,14.2399996817112,8.55999980866909,1952,9,NA
51.8667,10.3333,1952-09-13,4.34999990276992,11.3299997467548,7.83999982476234,1952,9,NA
51.8667,10.3333,1952-09-14,7.44999983347952,11.5099997427315,9.47999978810549,1952,9,NA
51.8667,10.3333,1952-09-15,4.17999990656972,13.199999704957,8.68999980576336,1952,9,NA
51.8667,10.3333,1952-09-16,4.82999989204109,13.779999691993,9.30499979201704,1952,9,NA
51.8667,10.3333,1952-09-17,2.78999993763864,13.9299996886402,8.35999981313944,1952,9,NA
51.8667,10.3333,1952-09-18,3.27999992668629,16.2099996376783,9.74499978218228,1952,9,NA
51.8667,10.3333,1952-09-19,5.08999988622963,10.2499997708946,7.66999982856214,1952,9,NA
51.8667,10.3333,1952-09-20,3.87999991327524,8.54999980889261,6.21499986108392,1952,9,NA
51.8667,10.3333,1952-09-21,2.84999993629754,8.49999981001019,5.67499987315387,1952,9,NA
51.8667,10.3333,1952-09-22,4.8799998909235,9.99999977648258,7.43999983370304,1952,9,NA
51.8667,10.3333,1952-09-23,4.9399998895824,9.42999978922307,7.18499983940274,1952,9,NA
51.8667,10.3333,1952-09-24,5.16999988444149,11.8199997358024,8.49499981012195,1952,9,NA
51.8667,10.3333,1952-09-25,11.0799997523427,13.6199996955693,12.349999723956,1952,9,NA
51.8667,10.3333,1952-09-26,7.85999982431531,12.329999724403,10.0949997743592,1952,9,NA
51.8667,10.3333,1952-09-27,6.4899998549372,10.1599997729063,8.32499981392175,1952,9,NA
51.8667,10.3333,1952-09-28,6.13999986276031,9.82999978028238,7.98499982152134,1952,9,NA
51.8667,10.3333,1952-09-29,4.28999990411103,9.05999979749322,6.67499985080212,1952,9,NA
51.8667,10.3333,1952-09-30,2.57999994233251,8.44999981112778,5.51499987673014,1952,9,NA
51.8667,10.3333,1952-10-01,4.33999990299344,10.4499997664243,7.39499983470887,1952,10,1953
51.8667,10.3333,1952-10-02,7.10999984107912,14.6399996727705,10.8749997569248,1952,10,1953
51.8667,10.3333,1952-10-03,6.5999998524785,10.1399997733533,8.36999981291592,1952,10,1953
51.8667,10.3333,1952-10-04,4.44999990053475,8.3799998126924,6.41499985661358,1952,10,1953
51.8667,10.3333,1952-10-05,2.9299999345094,8.94999979995191,5.93999986723065,1952,10,1953
51.8667,10.3333,1952-10-06,3.83999991416931,8.22999981604517,6.03499986510724,1952,10,1953
51.8667,10.3333,1952-10-07,3.74999991618097,9.6999997831881,6.72499984968454,1952,10,1953
51.8667,10.3333,1952-10-08,4.73999989405274,9.00999979861081,6.87499984633178,1952,10,1953
51.8667,10.3333,1952-10-09,3.83999991416931,7.12999984063208,5.4849998774007,1952,10,1953
51.8667,10.3333,1952-10-10,3.46999992243946,9.17999979481101,6.32499985862523,1952,10,1953
51.8667,10.3333,1952-10-11,3.7899999152869,8.35999981313944,6.07499986421317,1952,10,1953
51.8667,10.3333,1952-10-12,1.4899999666959,5.16999988444149,3.3299999255687,1952,10,1953
51.8667,10.3333,1952-10-13,0.369999991729856,4.97999988868833,2.67499994020909,1952,10,1953
51.8667,10.3333,1952-10-14,-2.4099999461323,5.3399998806417,1.4649999672547,1952,10,1953
51.8667,10.3333,1952-10-15,0.919999979436398,7.60999982990324,4.26499990466982,1952,10,1953
51.8667,10.3333,1952-10-16,1.44999996758997,5.31999988108873,3.38499992433935,1952,10,1953
51.8667,10.3333,1952-10-17,1.62999996356666,4.28999990411103,2.95999993383884,1952,10,1953
51.8667,10.3333,1952-10-18,0.939999978989363,5.55999987572432,3.24999992735684,1952,10,1953
51.8667,10.3333,1952-10-19,-0.989999977871776,6.26999985985458,2.6399999409914,1952,10,1953
51.8667,10.3333,1952-10-20,-1.51999996602535,5.23999988287687,1.85999995842576,1952,10,1953
51.8667,10.3333,1952-10-21,-1.64999996311963,3.69999991729856,1.02499997708946,1952,10,1953
51.8667,10.3333,1952-10-22,0.589999986812472,3.20999992825091,1.89999995753169,1952,10,1953
51.8667,10.3333,1952-10-23,1.25999997183681,4.99999988824129,3.12999993003905,1952,10,1953
51.8667,10.3333,1952-10-24,3.71999991685152,9.15999979525805,6.43999985605478,1952,10,1953
51.8667,10.3333,1952-10-25,4.9399998895824,11.6799997389317,8.30999981425703,1952,10,1953
51.8667,10.3333,1952-10-26,7.31999983638525,11.5099997427315,9.41499978955835,1952,10,1953
51.8667,10.3333,1952-10-27,7.0599998421967,10.629999762401,8.84499980229884,1952,10,1953
51.8667,10.3333,1952-10-28,5.47999987751245,9.94999977760017,7.71499982755631,1952,10,1953
51.8667,10.3333,1952-10-29,6.70999985001981,11.6599997393787,9.18499979469925,1952,10,1953
51.8667,10.3333,1952-10-30,7.66999982856214,12.9499997105449,10.3099997695535,1952,10,1953
51.8667,10.3333,1952-10-31,4.76999989338219,8.97999979928136,6.87499984633178,1952,10,1953
51.8667,10.3333,1952-11-01,2.6999999396503,5.47999987751245,4.08999990858138,1952,11,1953
51.8667,10.3333,1952-11-02,2.8699999358505,5.62999987415969,4.2499999050051,1952,11,1953
51.8667,10.3333,1952-11-03,2.57999994233251,6.58999985270202,4.58499989751726,1952,11,1953
51.8667,10.3333,1952-11-04,2.64999994076788,4.97999988868833,3.81499991472811,1952,11,1953
51.8667,10.3333,1952-11-05,1.34999996982515,5.07999988645315,3.21499992813915,1952,11,1953
51.8667,10.3333,1952-11-06,3.2699999269098,6.89999984577298,5.08499988634139,1952,11,1953
51.8667,10.3333,1952-11-07,2.03999995440245,5.77999987080693,3.90999991260469,1952,11,1953
51.8667,10.3333,1952-11-08,-1.46999996714294,3.35999992489815,0.944999978877604,1952,11,1953
51.8667,10.3333,1952-11-09,-1.99999995529652,0.699999984353781,-0.649999985471368,1952,11,1953
51.8667,10.3333,1952-11-10,-2.94999993406236,2.2399999499321,-0.354999992065132,1952,11,1953
51.8667,10.3333,1952-11-11,-0.629999985918403,3.34999992512167,1.35999996960163,1952,11,1953
51.8667,10.3333,1952-11-12,-0.0599999986588955,2.50999994389713,1.22499997261912,1952,11,1953
51.8667,10.3333,1952-11-13,-2.21999995037913,0.649999985471368,-0.784999982453883,1952,11,1953
51.8667,10.3333,1952-11-14,-2.42999994568527,-0.00999999977648258,-1.21999997273088,1952,11,1953
51.8667,10.3333,1952-11-15,-3.40999992378056,-0.88999998010695,-2.14999995194376,1952,11,1953
51.8667,10.3333,1952-11-16,-2.77999993786216,-1.33999997004867,-2.05999995395541,1952,11,1953
51.8667,10.3333,1952-11-17,-5.47999987751245,-1.88999995775521,-3.68499991763383,1952,11,1953
51.8667,10.3333,1952-11-18,-9.90999977849424,-2.24999994970858,-6.07999986410141,1952,11,1953
51.8667,10.3333,1952-11-19,-6.66999985091388,-0.999999977648258,-3.83499991428107,1952,11,1953
51.8667,10.3333,1952-11-20,-2.21999995037913,1.06999997608364,-0.574999987147748,1952,11,1953
51.8667,10.3333,1952-11-21,-3.65999991819263,1.68999996222556,-0.984999977983534,1952,11,1953
51.8667,10.3333,1952-11-22,-4.26999990455806,3.23999992758036,-0.514999988488853,1952,11,1953
51.8667,10.3333,1952-11-23,0.139999996870756,3.16999992914498,1.65499996300787,1952,11,1953
51.8667,10.3333,1952-11-24,-0.369999991729856,2.64999994076788,1.13999997451901,1952,11,1953
51.8667,10.3333,1952-11-25,-2.73999993875623,0.539999987930059,-1.09999997541308,1952,11,1953
51.8667,10.3333,1952-11-26,-3.73999991640449,-0.209999995306134,-1.97499995585531,1952,11,1953
51.8667,10.3333,1952-11-27,-5.74999987147748,-0.469999989494681,-3.10999993048608,1952,11,1953
51.8667,10.3333,1952-11-28,-6.23999986052513,0.549999987706542,-2.84499993640929,1952,11,1953
51.8667,10.3333,1952-11-29,-3.12999993003905,1.16999997384846,-0.979999978095293,1952,11,1953
51.8667,10.3333,1952-11-30,-8.44999981112778,-1.36999996937811,-4.90999989025295,1952,11,1953
51.8667,10.3333,1952-12-01,-6.96999984420836,-1.17999997362494,-4.07499990891665,1952,12,1953
51.8667,10.3333,1952-12-02,-8.68999980576336,-3.47999992221594,-6.08499986398965,1952,12,1953
51.8667,10.3333,1952-12-03,-10.2999997697771,-3.70999991707504,-7.00499984342605,1952,12,1953
51.8667,10.3333,1952-12-04,-7.60999982990324,-0.749999983236194,-4.17999990656972,1952,12,1953
51.8667,10.3333,1952-12-05,-7.48999983258545,-1.64999996311963,-4.56999989785254,1952,12,1953
51.8667,10.3333,1952-12-06,-7.61999982967973,-0.0799999982118607,-3.84999991394579,1952,12,1953
51.8667,10.3333,1952-12-07,-3.68999991752207,-0.0199999995529652,-1.85499995853752,1952,12,1953
51.8667,10.3333,1952-12-08,-5.90999986790121,0.0299999993294477,-2.93999993428588,1952,12,1953
51.8667,10.3333,1952-12-09,-3.56999992020428,0.379999991506338,-1.59499996434897,1952,12,1953
51.8667,10.3333,1952-12-10,-8.29999981448054,0.469999989494681,-3.91499991249293,1952,12,1953
51.8667,10.3333,1952-12-11,-6.68999985046685,2.34999994747341,-2.16999995149672,1952,12,1953
51.8667,10.3333,1952-12-12,-8.35999981313944,0.399999991059303,-3.97999991104007,1952,12,1953
51.8667,10.3333,1952-12-13,-0.749999983236194,1.56999996490777,0.409999990835786,1952,12,1953
51.8667,10.3333,1952-12-14,-1.3799999691546,1.81999995931983,0.219999995082617,1952,12,1953
51.8667,10.3333,1952-12-15,-1.51999996602535,0.529999988153577,-0.494999988935888,1952,12,1953
51.8667,10.3333,1952-12-16,-3.85999991372228,-0.0699999984353781,-1.96499995607883,1952,12,1953
51.8667,10.3333,1952-12-17,-4.88999989069998,-2.26999994926155,-3.57999991998076,1952,12,1953
51.8667,10.3333,1952-12-18,-5.00999988801777,0.949999978765845,-2.02999995462596,1952,12,1953
51.8667,10.3333,1952-12-19,-2.14999995194376,0.469999989494681,-0.839999981224537,1952,12,1953
51.8667,10.3333,1952-12-20,-4.75999989360571,-1.1499999742955,-2.9549999339506,1952,12,1953
51.8667,10.3333,1952-12-21,-3.00999993272126,1.61999996379018,-0.694999984465539,1952,12,1953
51.8667,10.3333,1952-12-22,-1.13999997451901,2.12999995239079,0.494999988935888,1952,12,1953
51.8667,10.3333,1952-12-23,-3.31999992579222,0.319999992847443,-1.49999996647239,1952,12,1953
51.8667,10.3333,1952-12-24,-3.50999992154539,1.70999996177852,-0.899999979883432,1952,12,1953
51.8667,10.3333,1952-12-25,-0.209999995306134,5.38999987952411,2.58999994210899,1952,12,1953
51.8667,10.3333,1952-12-26,1.4899999666959,5.97999986633658,3.73499991651624,1952,12,1953
51.8667,10.3333,1952-12-27,-0.449999989941716,3.13999992981553,1.34499996993691,1952,12,1953
51.8667,10.3333,1952-12-28,-1.61999996379018,1.02999997697771,-0.294999993406236,1952,12,1953
51.8667,10.3333,1952-12-29,-2.95999993383884,1.16999997384846,-0.894999979995191,1952,12,1953
51.8667,10.3333,1952-12-30,-5.89999986812472,-0.429999990388751,-3.16499992925674,1952,12,1953
51.8667,10.3333,1952-12-31,-6.75999984890223,-1.74999996088445,-4.25499990489334,1952,12,1953
51.8667,10.3333,1953-01-01,-7.84999982453883,-3.43999992311001,-5.64499987382442,1953,1,1953
51.8667,10.3333,1953-01-02,-6.73999984934926,0.369999991729856,-3.1849999288097,1953,1,1953
51.8667,10.3333,1953-01-03,-3.89999991282821,-1.79999995976686,-2.84999993629754,1953,1,1953
51.8667,10.3333,1953-01-04,-3.92999991215765,-2.15999995172024,-3.04499993193895,1953,1,1953
51.8667,10.3333,1953-01-05,-4.20999990589917,-2.52999994345009,-3.36999992467463,1953,1,1953
51.8667,10.3333,1953-01-06,-6.52999985404313,-3.77999991551042,-5.15499988477677,1953,1,1953
51.8667,10.3333,1953-01-07,-7.60999982990324,-4.68999989517033,-6.14999986253679,1953,1,1953
51.8667,10.3333,1953-01-08,-7.70999982766807,-3.01999993249774,-5.36499988008291,1953,1,1953
51.8667,10.3333,1953-01-09,-3.58999991975725,-2.20999995060265,-2.89999993517995,1953,1,1953
51.8667,10.3333,1953-01-10,-6.83999984711409,-1.9499999564141,-4.39499990176409,1953,1,1953
51.8667,10.3333,1953-01-11,-3.41999992355704,-1.21999997273088,-2.31999994814396,1953,1,1953
51.8667,10.3333,1953-01-12,-5.43999987840652,-2.62999994121492,-4.03499990981072,1953,1,1953
51.8667,10.3333,1953-01-13,-3.53999992087483,-0.289999993517995,-1.91499995719641,1953,1,1953
51.8667,10.3333,1953-01-14,-5.97999986633658,-1.4899999666959,-3.73499991651624,1953,1,1953
51.8667,10.3333,1953-01-15,-9.09999979659915,-3.66999991796911,-6.38499985728413,1953,1,1953
51.8667,10.3333,1953-01-16,-10.6799997612834,-3.27999992668629,-6.97999984398484,1953,1,1953
51.8667,10.3333,1953-01-17,-4.67999989539385,0.789999982342124,-1.94499995652586,1953,1,1953
51.8667,10.3333,1953-01-18,-1.89999995753169,0.92999997921288,-0.484999989159405,1953,1,1953
51.8667,10.3333,1953-01-19,-3.48999992199242,1.24999997206032,-1.11999997496605,1953,1,1953
51.8667,10.3333,1953-01-20,-1.8399999588728,1.16999997384846,-0.334999992512167,1953,1,1953
51.8667,10.3333,1953-01-21,-6.93999984487891,0.179999995976686,-3.37999992445111,1953,1,1953
51.8667,10.3333,1953-01-22,-1.5499999653548,0.539999987930059,-0.50499998871237,1953,1,1953
51.8667,10.3333,1953-01-23,-0.499999988824129,0.909999979659915,0.204999995417893,1953,1,1953
51.8667,10.3333,1953-01-24,-2.05999995395541,0.769999982789159,-0.644999985583127,1953,1,1953
51.8667,10.3333,1953-01-25,-1.07999997586012,0.689999984577298,-0.19499999564141,1953,1,1953
51.8667,10.3333,1953-01-26,-2.09999995306134,0.439999990165234,-0.829999981448054,1953,1,1953
51.8667,10.3333,1953-01-27,-6.30999985896051,-0.799999982118607,-3.55499992053956,1953,1,1953
51.8667,10.3333,1953-01-28,-4.69999989494681,1.7799999602139,-1.45999996736646,1953,1,1953
51.8667,10.3333,1953-01-29,1.57999996468425,6.23999986052513,3.90999991260469,1953,1,1953
51.8667,10.3333,1953-01-30,4.50999989919364,6.11999986320734,5.31499988120049,1953,1,1953
51.8667,10.3333,1953-01-31,3.99999991059303,6.08999986387789,5.04499988723546,1953,1,1953
51.8667,10.3333,1953-02-01,-1.15999997407198,4.91999989002943,1.87999995797873,1953,2,1953
51.8667,10.3333,1953-02-02,-1.89999995753169,-0.459999989718199,-1.17999997362494,1953,2,1953
51.8667,10.3333,1953-02-03,-2.58999994210899,-0.999999977648258,-1.79499995987862,1953,2,1953
51.8667,10.3333,1953-02-04,-3.96999991126359,-2.08999995328486,-3.02999993227422,1953,2,1953
51.8667,10.3333,1953-02-05,-5.76999987103045,-3.51999992132187,-4.64499989617616,1953,2,1953
51.8667,10.3333,1953-02-06,-5.90999986790121,-2.79999993741512,-4.35499990265816,1953,2,1953
51.8667,10.3333,1953-02-07,-8.00999982096255,-5.54999987594783,-6.77999984845519,1953,2,1953
51.8667,10.3333,1953-02-08,-12.7499997150153,-7.20999983884394,-9.97999977692962,1953,2,1953
51.8667,10.3333,1953-02-09,-18.64999958314,-9.76999978162348,-14.2099996823817,1953,2,1953
51.8667,10.3333,1953-02-10,-12.7899997141212,-1.24999997206032,-7.01999984309077,1953,2,1953
51.8667,10.3333,1953-02-11,-2.07999995350838,1.41999996826053,-0.329999992623925,1953,2,1953
51.8667,10.3333,1953-02-12,-1.65999996289611,3.85999991372228,1.09999997541308,1953,2,1953
51.8667,10.3333,1953-02-13,-4.32999990321696,-0.439999990165234,-2.3849999466911,1953,2,1953
51.8667,10.3333,1953-02-14,-5.75999987125397,-3.25999992713332,-4.50999989919364,1953,2,1953
51.8667,10.3333,1953-02-15,-5.76999987103045,-2.53999994322658,-4.15499990712851,1953,2,1953
51.8667,10.3333,1953-02-16,-6.75999984890223,-3.58999991975725,-5.17499988432974,1953,2,1953
51.8667,10.3333,1953-02-17,-6.66999985091388,-2.81999993696809,-4.74499989394099,1953,2,1953
51.8667,10.3333,1953-02-18,-7.749999826774,-0.689999984577298,-4.21999990567565,1953,2,1953
51.8667,10.3333,1953-02-19,-0.789999982342124,2.85999993607402,1.03499997686595,1953,2,1953
51.8667,10.3333,1953-02-20,1.67999996244907,3.43999992311001,2.55999994277954,1953,2,1953
51.8667,10.3333,1953-02-21,1.7799999602139,4.03999990969896,2.90999993495643,1953,2,1953
51.8667,10.3333,1953-02-22,1.7799999602139,5.78999987058342,3.78499991539866,1953,2,1953
51.8667,10.3333,1953-02-23,4.78999989293516,6.50999985449016,5.64999987371266,1953,2,1953
51.8667,10.3333,1953-02-24,3.51999992132187,5.93999986723065,4.72999989427626,1953,2,1953
51.8667,10.3333,1953-02-25,3.21999992802739,6.72999984957278,4.97499988880008,1953,2,1953
51.8667,10.3333,1953-02-26,0.739999983459711,8.8999998010695,4.8199998922646,1953,2,1953
51.8667,10.3333,1953-02-27,0.0499999988824129,11.7999997362494,5.92499986756593,1953,2,1953
51.8667,10.3333,1953-02-28,-0.469999989494681,12.5999997183681,6.06499986443669,1953,2,1953
51.8667,10.3333,1953-03-01,-0.999999977648258,6.22999986074865,2.6149999415502,1953,3,1953
51.8667,10.3333,1953-03-02,-3.0999999307096,5.44999987818301,1.1749999737367,1953,3,1953
51.8667,10.3333,1953-03-03,-3.47999992221594,10.4799997657537,3.4999999217689,1953,3,1953
51.8667,10.3333,1953-03-04,-1.81999995931983,5.55999987572432,1.86999995820224,1953,3,1953
51.8667,10.3333,1953-03-05,-1.50999996624887,4.1899999063462,1.33999997004867,1953,3,1953
51.8667,10.3333,1953-03-06,0.139999996870756,6.12999986298382,3.13499992992729,1953,3,1953
51.8667,10.3333,1953-03-07,-1.80999995954335,4.42999990098178,1.30999997071922,1953,3,1953
51.8667,10.3333,1953-03-08,-1.33999997004867,3.77999991551042,1.21999997273088,1953,3,1953
51.8667,10.3333,1953-03-09,-4.59999989718199,3.21999992802739,-0.689999984577298,1953,3,1953
51.8667,10.3333,1953-03-10,-1.88999995775521,4.51999989897013,1.31499997060746,1953,3,1953
51.8667,10.3333,1953-03-11,-2.67999994009733,3.93999991193414,0.629999985918403,1953,3,1953
51.8667,10.3333,1953-03-12,-1.00999997742474,2.12999995239079,0.559999987483025,1953,3,1953
51.8667,10.3333,1953-03-13,-0.469999989494681,1.85999995842576,0.694999984465539,1953,3,1953
51.8667,10.3333,1953-03-14,-1.72999996133149,4.92999988980591,1.59999996423721,1953,3,1953
51.8667,10.3333,1953-03-15,-4.09999990835786,4.04999990947545,-0.0249999994412065,1953,3,1953
51.8667,10.3333,1953-03-16,-5.31999988108873,7.99999982118607,1.33999997004867,1953,3,1953
51.8667,10.3333,1953-03-17,-1.02999997697771,12.5999997183681,5.78499987069517,1953,3,1953
51.8667,10.3333,1953-03-18,-0.119999997317791,13.7699996922165,6.82499984744936,1953,3,1953
51.8667,10.3333,1953-03-19,0.429999990388751,13.1299997065216,6.77999984845519,1953,3,1953
51.8667,10.3333,1953-03-20,0.65999998524785,15.5299996528774,8.09499981906265,1953,3,1953
51.8667,10.3333,1953-03-21,1.0899999756366,16.2399996370077,8.66499980632216,1953,3,1953
51.8667,10.3333,1953-03-22,1.78999995999038,13.6899996940047,7.73999982699752,1953,3,1953
51.8667,10.3333,1953-03-23,0.449999989941716,13.8199996910989,7.13499984052032,1953,3,1953
51.8667,10.3333,1953-03-24,1.13999997451901,14.3699996788055,7.75499982666224,1953,3,1953
51.8667,10.3333,1953-03-25,0.829999981448054,14.359999679029,7.59499983023852,1953,3,1953
51.8667,10.3333,1953-03-26,1.57999996468425,15.4899996537715,8.53499980922788,1953,3,1953
51.8667,10.3333,1953-03-27,2.42999994568527,16.6499996278435,9.53999978676438,1953,3,1953
51.8667,10.3333,1953-03-28,-0.249999994412065,9.44999978877604,4.59999989718199,1953,3,1953
51.8667,10.3333,1953-03-29,-3.06999993138015,9.40999978967011,3.16999992914498,1953,3,1953
51.8667,10.3333,1953-03-30,5.80999987013638,11.3199997469783,8.56499980855733,1953,3,1953
51.8667,10.3333,1953-03-31,7.37999983504415,16.65999962762,12.0199997313321,1953,3,1953
51.8667,10.3333,1953-04-01,1.59999996423721,9.759999781847,5.67999987304211,1953,4,1953
51.8667,10.3333,1953-04-02,0.92999997921288,9.93999977782369,5.43499987851828,1953,4,1953
51.8667,10.3333,1953-04-03,5.17999988421798,14.6699996720999,9.92499977815896,1953,4,1953
51.8667,10.3333,1953-04-04,8.87999980151653,17.6199996061623,13.2499997038394,1953,4,1953
51.8667,10.3333,1953-04-05,7.02999984286726,21.6099995169789,14.3199996799231,1953,4,1953
51.8667,10.3333,1953-04-06,2.45999994501472,10.2999997697771,6.37999985739589,1953,4,1953
51.8667,10.3333,1953-04-07,2.25999994948506,8.32999981380999,5.29499988164753,1953,4,1953
51.8667,10.3333,1953-04-08,1.70999996177852,6.13999986276031,3.92499991226941,1953,4,1953
51.8667,10.3333,1953-04-09,-1.62999996356666,9.04999979771674,3.70999991707504,1953,4,1953
51.8667,10.3333,1953-04-10,2.02999995462596,7.31999983638525,4.67499989550561,1953,4,1953
51.8667,10.3333,1953-04-11,0.729999983683228,9.01999979838729,4.87499989103526,1953,4,1953
51.8667,10.3333,1953-04-12,-1.13999997451901,12.9599997103214,5.90999986790121,1953,4,1953
51.8667,10.3333,1953-04-13,4.80999989248812,18.2899995911866,11.5499997418374,1953,4,1953
51.8667,10.3333,1953-04-14,4.08999990858138,14.5699996743351,9.32999979145825,1953,4,1953
51.8667,10.3333,1953-04-15,0.729999983683228,7.08999984152615,3.90999991260469,1953,4,1953
51.8667,10.3333,1953-04-16,2.42999994568527,4.26999990455806,3.34999992512167,1953,4,1953
51.8667,10.3333,1953-04-17,1.99999995529652,11.5099997427315,6.75499984901398,1953,4,1953
51.8667,10.3333,1953-04-18,2.64999994076788,13.0299997087568,7.83999982476234,1953,4,1953
51.8667,10.3333,1953-04-19,2.15999995172024,15.2399996593595,8.69999980553985,1953,4,1953
51.8667,10.3333,1953-04-20,2.09999995306134,12.2099997270852,7.15499984007329,1953,4,1953
51.8667,10.3333,1953-04-21,0.139999996870756,11.3199997469783,5.72999987192452,1953,4,1953
51.8667,10.3333,1953-04-22,-0.129999997094274,14.9299996662885,7.39999983459711,1953,4,1953
51.8667,10.3333,1953-04-23,1.8399999588728,16.5599996298552,9.19999979436398,1953,4,1953
51.8667,10.3333,1953-04-24,2.96999993361533,17.3899996113032,10.1799997724593,1953,4,1953
51.8667,10.3333,1953-04-25,3.94999991171062,18.3099995907396,11.1299997512251,1953,4,1953
51.8667,10.3333,1953-04-26,3.24999992735684,10.4199997670949,6.83499984722584,1953,4,1953
51.8667,10.3333,1953-04-27,-1.43999996781349,12.2799997255206,5.41999987885356,1953,4,1953
51.8667,10.3333,1953-04-28,2.93999993428588,19.1599995717406,11.0499997530133,1953,4,1953
51.8667,10.3333,1953-04-29,6.34999985806644,14.5899996738881,10.4699997659773,1953,4,1953
51.8667,10.3333,1953-04-30,3.42999992333353,11.4299997445196,7.42999983392656,1953,4,1953
51.8667,10.3333,1953-05-01,1.55999996513128,14.2699996810406,7.91499982308596,1953,5,NA
51.8667,10.3333,1953-05-02,5.15999988466501,19.5499995630234,12.3549997238442,1953,5,NA
51.8667,10.3333,1953-05-03,8.06999981962144,21.3299995232373,14.6999996714294,1953,5,NA
51.8667,10.3333,1953-05-04,8.93999980017543,21.9799995087087,15.4599996544421,1953,5,NA
51.8667,10.3333,1953-05-05,7.62999982945621,15.2599996589124,11.4449997441843,1953,5,NA
51.8667,10.3333,1953-05-06,4.88999989069998,11.9099997337908,8.39999981224537,1953,5,NA
51.8667,10.3333,1953-05-07,3.68999991752207,7.53999983146787,5.61499987449497,1953,5,NA
51.8667,10.3333,1953-05-08,1.85999995842576,6.57999985292554,4.21999990567565,1953,5,NA
51.8667,10.3333,1953-05-09,-3.00999993272126,8.19999981671572,2.59499994199723,1953,5,NA
51.8667,10.3333,1953-05-10,-0.129999997094274,5.19999988377094,2.53499994333833,1953,5,NA
51.8667,10.3333,1953-05-11,-1.72999996133149,5.9699998665601,2.11999995261431,1953,5,NA
51.8667,10.3333,1953-05-12,-0.0399999991059303,4.63999989628792,2.29999994859099,1953,5,NA
51.8667,10.3333,1953-05-13,1.11999997496605,6.60999985225499,3.86499991361052,1953,5,NA
51.8667,10.3333,1953-05-14,2.82999993674457,8.1499998178333,5.48999987728894,1953,5,NA
51.8667,10.3333,1953-05-15,1.26999997161329,15.3799996562302,8.32499981392175,1953,5,NA
51.8667,10.3333,1953-05-16,7.02999984286726,17.8899996001273,12.4599997214973,1953,5,NA
51.8667,10.3333,1953-05-17,12.369999723509,23.6099994722754,17.9899995978922,1953,5,NA
51.8667,10.3333,1953-05-18,11.1299997512251,21.3399995230138,16.2349996371195,1953,5,NA
51.8667,10.3333,1953-05-19,8.12999981828034,21.9399995096028,15.0349996639416,1953,5,NA
51.8667,10.3333,1953-05-20,14.899999666959,27.4799993857741,21.1899995263666,1953,5,NA
51.8667,10.3333,1953-05-21,14.629999672994,22.2799995020032,18.4549995874986,1953,5,NA
51.8667,10.3333,1953-05-22,12.7899997141212,25.4399994313717,19.1149995727465,1953,5,NA
51.8667,10.3333,1953-05-23,14.9799996651709,24.8199994452298,19.8999995552003,1953,5,NA
51.8667,10.3333,1953-05-24,14.3299996796995,23.8599994666874,19.0949995731935,1953,5,NA
51.8667,10.3333,1953-05-25,13.8299996908754,24.7799994461238,19.3049995684996,1953,5,NA
51.8667,10.3333,1953-05-26,11.459999743849,22.9299994874746,17.1949996156618,1953,5,NA
51.8667,10.3333,1953-05-27,10.5099997650832,27.0699993949383,18.7899995800108,1953,5,NA
51.8667,10.3333,1953-05-28,9.5899997856468,13.0199997089803,11.3049997473136,1953,5,NA
51.8667,10.3333,1953-05-29,5.70999987237155,10.6799997612834,8.19499981682748,1953,5,NA
51.8667,10.3333,1953-05-30,4.66999989561737,12.079999729991,8.37499981280416,1953,5,NA
51.8667,10.3333,1953-05-31,5.65999987348914,10.2199997715652,7.93999982252717,1953,5,NA
51.8667,10.3333,1953-06-01,5.2799998819828,11.5799997411668,8.42999981157482,1953,6,NA
51.8667,10.3333,1953-06-02,5.52999987639487,11.6399997398257,8.5849998081103,1953,6,NA
51.8667,10.3333,1953-06-03,3.61999991908669,11.8599997349083,7.73999982699752,1953,6,NA
51.8667,10.3333,1953-06-04,3.45999992266297,10.5899997632951,7.02499984297901,1953,6,NA
51.8667,10.3333,1953-06-05,5.62999987415969,13.3499997016042,9.48999978788197,1953,6,NA
51.8667,10.3333,1953-06-06,5.14999988488853,17.239999614656,11.1949997497723,1953,6,NA
51.8667,10.3333,1953-06-07,5.72999987192452,18.2599995918572,11.9949997318909,1953,6,NA
51.8667,10.3333,1953-06-08,8.6099998075515,22.3099995013326,15.4599996544421,1953,6,NA
51.8667,10.3333,1953-06-09,11.1599997505546,20.9899995308369,16.0749996406958,1953,6,NA
51.8667,10.3333,1953-06-10,12.3399997241795,16.8999996222556,14.6199996732175,1953,6,NA
51.8667,10.3333,1953-06-11,14.9099996667355,20.4899995420128,17.6999996043742,1953,6,NA
51.8667,10.3333,1953-06-12,12.7099997159094,16.4699996318668,14.5899996738881,1953,6,NA
51.8667,10.3333,1953-06-13,11.9699997324497,14.6399996727705,13.3049997026101,1953,6,NA
51.8667,10.3333,1953-06-14,12.5499997194856,17.0799996182323,14.8149996688589,1953,6,NA
51.8667,10.3333,1953-06-15,10.7599997594953,20.8699995335191,15.8149996465072,1953,6,NA
51.8667,10.3333,1953-06-16,11.7599997371435,20.1899995487183,15.9749996429309,1953,6,NA
51.8667,10.3333,1953-06-17,11.5699997413903,19.7299995590001,15.6499996501952,1953,6,NA
51.8667,10.3333,1953-06-18,9.63999978452921,20.5599995404482,15.0999996624887,1953,6,NA
51.8667,10.3333,1953-06-19,11.0499997530133,15.9699996430427,13.509999698028,1953,6,NA
51.8667,10.3333,1953-06-20,8.77999980375171,17.9699995983392,13.3749997010455,1953,6,NA
51.8667,10.3333,1953-06-21,11.4499997440726,21.9299995098263,16.6899996269494,1953,6,NA
51.8667,10.3333,1953-06-22,11.8399997353554,25.5199994295835,18.6799995824695,1953,6,NA
51.8667,10.3333,1953-06-23,14.7599996700883,24.7999994456768,19.7799995578825,1953,6,NA
51.8667,10.3333,1953-06-24,15.6499996501952,22.5499994959682,19.0999995730817,1953,6,NA
51.8667,10.3333,1953-06-25,13.9799996875226,21.2999995239079,17.6399996057153,1953,6,NA
51.8667,10.3333,1953-06-26,14.2699996810406,21.2699995245785,17.7699996028095,1953,6,NA
51.8667,10.3333,1953-06-27,14.0299996864051,21.219999525696,17.6249996060506,1953,6,NA
51.8667,10.3333,1953-06-28,14.7799996696413,20.8299995344132,17.8049996020272,1953,6,NA
51.8667,10.3333,1953-06-29,12.6499997172505,20.8999995328486,16.7749996250495,1953,6,NA
51.8667,10.3333,1953-06-30,11.459999743849,22.8099994901568,17.1349996170029,1953,6,NA
51.8667,10.3333,1953-07-01,12.2399997264147,24.389999454841,18.3149995906278,1953,7,NA
51.8667,10.3333,1953-07-02,14.2099996823817,27.2399993911386,20.7249995367602,1953,7,NA
51.8667,10.3333,1953-07-03,16.0099996421486,26.7799994014204,21.3949995217845,1953,7,NA
51.8667,10.3333,1953-07-04,14.1999996826053,26.959999397397,20.5799995400012,1953,7,NA
51.8667,10.3333,1953-07-05,15.4399996548891,24.4999994523823,19.9699995536357,1953,7,NA
51.8667,10.3333,1953-07-06,12.9199997112155,18.3099995907396,15.6149996509776,1953,7,NA
51.8667,10.3333,1953-07-07,12.5099997203797,22.4499994982034,17.4799996092916,1953,7,NA
51.8667,10.3333,1953-07-08,15.3899996560067,20.7299995366484,18.0599995963275,1953,7,NA
51.8667,10.3333,1953-07-09,12.4499997217208,18.6099995840341,15.5299996528774,1953,7,NA
51.8667,10.3333,1953-07-10,8.91999980062246,18.6299995835871,13.7749996921048,1953,7,NA
51.8667,10.3333,1953-07-11,9.2999997921288,17.8399996012449,13.5699996966869,1953,7,NA
51.8667,10.3333,1953-07-12,9.20999979414046,16.7299996260554,12.9699997100979,1953,7,NA
51.8667,10.3333,1953-07-13,7.21999983862042,19.3399995677173,13.2799997031689,1953,7,NA
51.8667,10.3333,1953-07-14,11.4299997445196,17.0399996191263,14.234999681823,1953,7,NA
51.8667,10.3333,1953-07-15,10.3699997682124,18.1199995949864,14.2449996815994,1953,7,NA
51.8667,10.3333,1953-07-16,9.9899997767061,16.7099996265024,13.3499997016042,1953,7,NA
51.8667,10.3333,1953-07-17,9.89999977871776,18.939999576658,14.4199996776879,1953,7,NA
51.8667,10.3333,1953-07-18,13.2099997047335,22.6099994946271,17.9099995996803,1953,7,NA
51.8667,10.3333,1953-07-19,12.4199997223914,18.1299995947629,15.2749996585771,1953,7,NA
51.8667,10.3333,1953-07-20,11.2299997489899,17.8599996007979,14.5449996748939,1953,7,NA
51.8667,10.3333,1953-07-21,8.57999980822206,15.8499996457249,12.2149997269735,1953,7,NA
51.8667,10.3333,1953-07-22,13.3999997004867,25.4299994315952,19.4149995660409,1953,7,NA
51.8667,10.3333,1953-07-23,14.9599996656179,24.5299994517118,19.7449995586649,1953,7,NA
51.8667,10.3333,1953-07-24,14.1199996843934,19.6399995610118,16.8799996227026,1953,7,NA
51.8667,10.3333,1953-07-25,11.3199997469783,19.7999995574355,15.5599996522069,1953,7,NA
51.8667,10.3333,1953-07-26,9.99999977648258,24.099999461323,17.0499996189028,1953,7,NA
51.8667,10.3333,1953-07-27,14.629999672994,24.1499994602054,19.3899995665997,1953,7,NA
51.8667,10.3333,1953-07-28,9.87999977916479,18.2899995911866,14.0849996851757,1953,7,NA
51.8667,10.3333,1953-07-29,9.91999977827072,19.9099995549768,14.9149996666238,1953,7,NA
51.8667,10.3333,1953-07-30,12.3399997241795,19.6499995607883,15.9949996424839,1953,7,NA
51.8667,10.3333,1953-07-31,9.83999978005886,19.5299995634705,14.6849996717647,1953,7,NA
51.8667,10.3333,1953-08-01,9.26999979279935,15.6699996497482,12.4699997212738,1953,8,NA
51.8667,10.3333,1953-08-02,9.759999781847,16.8799996227026,13.3199997022748,1953,8,NA
51.8667,10.3333,1953-08-03,9.22999979369342,17.3399996124208,13.2849997030571,1953,8,NA
51.8667,10.3333,1953-08-04,7.82999982498586,16.2299996372312,12.0299997311085,1953,8,NA
51.8667,10.3333,1953-08-05,6.81999984756112,16.8699996229261,11.8449997352436,1953,8,NA
51.8667,10.3333,1953-08-06,12.2799997255206,16.7599996253848,14.5199996754527,1953,8,NA
51.8667,10.3333,1953-08-07,10.2699997704476,16.7999996244907,13.5349996974692,1953,8,NA
51.8667,10.3333,1953-08-08,9.44999978877604,15.3799996562302,12.4149997225031,1953,8,NA
51.8667,10.3333,1953-08-09,8.30999981425703,16.8099996242672,12.5599997192621,1953,8,NA
51.8667,10.3333,1953-08-10,6.69999985024333,22.1599995046854,14.4299996774644,1953,8,NA
51.8667,10.3333,1953-08-11,9.87999977916479,26.1699994150549,18.0249995971099,1953,8,NA
51.8667,10.3333,1953-08-12,12.1499997284263,24.5499994512647,18.3499995898455,1953,8,NA
51.8667,10.3333,1953-08-13,13.7499996926636,28.3899993654341,21.0699995290488,1953,8,NA
51.8667,10.3333,1953-08-14,15.3399996571243,28.1799993701279,21.7599995136261,1953,8,NA
51.8667,10.3333,1953-08-15,16.6699996273965,25.839999422431,21.2549995249137,1953,8,NA
51.8667,10.3333,1953-08-16,15.9599996432662,28.42999936454,22.1949995039031,1953,8,NA
51.8667,10.3333,1953-08-17,14.049999685958,23.53999947384,18.794999579899,1953,8,NA
51.8667,10.3333,1953-08-18,8.76999980397522,20.0699995514005,14.4199996776879,1953,8,NA
51.8667,10.3333,1953-08-19,8.65999980643392,21.5399995185435,15.0999996624887,1953,8,NA
51.8667,10.3333,1953-08-20,10.4899997655302,20.1299995500594,15.3099996577948,1953,8,NA
51.8667,10.3333,1953-08-21,10.6899997610599,22.7399994917214,16.7149996263906,1953,8,NA
51.8667,10.3333,1953-08-22,12.5199997201562,17.6899996045977,15.1049996623769,1953,8,NA
51.8667,10.3333,1953-08-23,8.93999980017543,14.8299996685237,11.8849997343495,1953,8,NA
51.8667,10.3333,1953-08-24,9.20999979414046,16.2299996372312,12.7199997156858,1953,8,NA
51.8667,10.3333,1953-08-25,9.02999979816377,18.5199995860457,13.7749996921048,1953,8,NA
51.8667,10.3333,1953-08-26,10.1299997735769,16.4099996332079,13.2699997033924,1953,8,NA
51.8667,10.3333,1953-08-27,9.759999781847,15.9399996437132,12.8499997127801,1953,8,NA
51.8667,10.3333,1953-08-28,8.45999981090426,16.5399996303022,12.4999997206032,1953,8,NA
51.8667,10.3333,1953-08-29,8.45999981090426,16.8699996229261,12.6649997169152,1953,8,NA
51.8667,10.3333,1953-08-30,10.6599997617304,15.2599996589124,12.9599997103214,1953,8,NA
51.8667,10.3333,1953-08-31,12.059999730438,18.5199995860457,15.2899996582419,1953,8,NA
51.8667,10.3333,1953-09-01,12.2299997266382,17.4099996108562,14.8199996687472,1953,9,NA
51.8667,10.3333,1953-09-02,10.879999756813,21.3899995218962,16.1349996393546,1953,9,NA
51.8667,10.3333,1953-09-03,12.6899997163564,28.0399993732572,20.3649995448068,1953,9,NA
51.8667,10.3333,1953-09-04,11.6899997387081,21.2499995250255,16.4699996318668,1953,9,NA
51.8667,10.3333,1953-09-05,10.4399997666478,14.3899996783584,12.4149997225031,1953,9,NA
51.8667,10.3333,1953-09-06,7.83999982476234,14.1699996832758,11.0049997540191,1953,9,NA
51.8667,10.3333,1953-09-07,4.31999990344048,16.6099996287376,10.464999766089,1953,9,NA
51.8667,10.3333,1953-09-08,4.95999988913536,18.919999577105,11.9399997331202,1953,9,NA
51.8667,10.3333,1953-09-09,6.24999986030161,22.0299995075911,14.1399996839464,1953,9,NA
51.8667,10.3333,1953-09-10,8.47999981045723,18.8599995784461,13.6699996944517,1953,9,NA
51.8667,10.3333,1953-09-11,8.53999980911613,13.1199997067451,10.8299997579306,1953,9,NA
51.8667,10.3333,1953-09-12,7.22999983839691,12.7899997141212,10.0099997762591,1953,9,NA
51.8667,10.3333,1953-09-13,7.82999982498586,13.1599997058511,10.4949997654185,1953,9,NA
51.8667,10.3333,1953-09-14,7.16999983973801,11.4499997440726,9.30999979190528,1953,9,NA
51.8667,10.3333,1953-09-15,3.67999991774559,14.1399996839464,8.90999980084598,1953,9,NA
51.8667,10.3333,1953-09-16,4.67999989539385,15.8799996450543,10.2799997702241,1953,9,NA
51.8667,10.3333,1953-09-17,4.46999990008771,17.19999961555,10.8349997578189,1953,9,NA
51.8667,10.3333,1953-09-18,7.95999982208014,16.3399996347725,12.1499997284263,1953,9,NA
51.8667,10.3333,1953-09-19,8.59999980777502,16.1499996390194,12.3749997233972,1953,9,NA
51.8667,10.3333,1953-09-20,8.33999981358647,14.4099996779114,11.3749997457489,1953,9,NA
51.8667,10.3333,1953-09-21,9.89999977871776,15.1299996618181,12.514999720268,1953,9,NA
51.8667,10.3333,1953-09-22,9.11999979615211,15.4899996537715,12.3049997249618,1953,9,NA
51.8667,10.3333,1953-09-23,8.78999980352819,13.6499996948987,11.2199997492135,1953,9,NA
51.8667,10.3333,1953-09-24,7.86999982409179,16.2299996372312,12.0499997306615,1953,9,NA
51.8667,10.3333,1953-09-25,8.07999981939793,14.1399996839464,11.1099997516721,1953,9,NA
51.8667,10.3333,1953-09-26,6.29999985918403,16.7699996251613,11.5349997421727,1953,9,NA
51.8667,10.3333,1953-09-27,6.61999985203147,18.7499995809048,12.6849997164682,1953,9,NA
51.8667,10.3333,1953-09-28,7.03999984264374,21.799999512732,14.4199996776879,1953,9,NA
51.8667,10.3333,1953-09-29,9.79999978095293,21.6599995158613,15.7299996484071,1953,9,NA
51.8667,10.3333,1953-09-30,7.02999984286726,13.5899996962398,10.3099997695535,1953,9,NA
51.8667,10.3333,1953-10-01,5.06999988667667,15.2799996584654,10.174999772571,1953,10,1954
51.8667,10.3333,1953-10-02,9.6999997831881,17.219999615103,13.4599996991456,1953,10,1954
51.8667,10.3333,1953-10-03,12.1399997286499,20.9999995306134,16.5699996296316,1953,10,1954
51.8667,10.3333,1953-10-04,9.26999979279935,19.5699995625764,14.4199996776879,1953,10,1954
51.8667,10.3333,1953-10-05,6.7199998497963,13.9699996877462,10.3449997687712,1953,10,1954
51.8667,10.3333,1953-10-06,5.32999988086522,9.34999979101121,7.33999983593822,1953,10,1954
51.8667,10.3333,1953-10-07,5.51999987661839,8.08999981917441,6.8049998478964,1953,10,1954
51.8667,10.3333,1953-10-08,6.18999986164272,9.10999979637563,7.64999982900918,1953,10,1954
51.8667,10.3333,1953-10-09,3.04999993182719,9.11999979615211,6.08499986398965,1953,10,1954
51.8667,10.3333,1953-10-10,0.569999987259507,11.5299997422844,6.04999986477196,1953,10,1954
51.8667,10.3333,1953-10-11,2.71999993920326,12.8599997125566,7.78999982587993,1953,10,1954
51.8667,10.3333,1953-10-12,2.73999993875623,16.6799996271729,9.70999978296459,1953,10,1954
51.8667,10.3333,1953-10-13,2.78999993763864,17.4799996092916,10.1349997734651,1953,10,1954
51.8667,10.3333,1953-10-14,4.99999988824129,17.5499996077269,11.2749997479841,1953,10,1954
51.8667,10.3333,1953-10-15,7.21999983862042,18.8499995786697,13.034999708645,1953,10,1954
51.8667,10.3333,1953-10-16,8.49999981001019,16.5199996307492,12.5099997203797,1953,10,1954
51.8667,10.3333,1953-10-17,11.0899997521192,13.9799996875226,12.5349997198209,1953,10,1954
51.8667,10.3333,1953-10-18,10.3999997675419,12.4299997221678,11.4149997448549,1953,10,1954
51.8667,10.3333,1953-10-19,8.88999980129302,11.499999742955,10.194999772124,1953,10,1954
51.8667,10.3333,1953-10-20,8.99999979883432,12.1199997290969,10.5599997639656,1953,10,1954
51.8667,10.3333,1953-10-21,10.629999762401,13.4499996993691,12.039999730885,1953,10,1954
51.8667,10.3333,1953-10-22,5.5699998755008,12.6899997163564,9.1299997959286,1953,10,1954
51.8667,10.3333,1953-10-23,1.87999995797873,11.5299997422844,6.70499985013157,1953,10,1954
51.8667,10.3333,1953-10-24,4.71999989449978,13.4799996986985,9.09999979659915,1953,10,1954
51.8667,10.3333,1953-10-25,8.00999982096255,12.6699997168034,10.339999768883,1953,10,1954
51.8667,10.3333,1953-10-26,5.74999987147748,16.2999996356666,11.024999753572,1953,10,1954
51.8667,10.3333,1953-10-27,8.72999980486929,14.5699996743351,11.6499997396022,1953,10,1954
51.8667,10.3333,1953-10-28,7.65999982878566,14.1199996843934,10.8899997565895,1953,10,1954
51.8667,10.3333,1953-10-29,8.02999982051551,15.0899996627122,11.5599997416139,1953,10,1954
51.8667,10.3333,1953-10-30,7.78999982587993,11.3299997467548,9.55999978631735,1953,10,1954
51.8667,10.3333,1953-10-31,5.40999987907708,8.78999980352819,7.09999984130263,1953,10,1954
51.8667,10.3333,1953-11-01,4.14999990724027,7.749999826774,5.94999986700714,1953,11,1954
51.8667,10.3333,1953-11-02,3.57999991998076,10.2399997711182,6.90999984554946,1953,11,1954
51.8667,10.3333,1953-11-03,3.19999992847443,7.78999982587993,5.49499987717718,1953,11,1954
51.8667,10.3333,1953-11-04,2.4099999461323,8.82999980263412,5.61999987438321,1953,11,1954
51.8667,10.3333,1953-11-05,1.42999996803701,6.97999984398484,4.20499990601093,1953,11,1954
51.8667,10.3333,1953-11-06,3.87999991327524,8.63999980688095,6.2599998600781,1953,11,1954
51.8667,10.3333,1953-11-07,4.51999989897013,6.4299998562783,5.47499987762421,1953,11,1954
51.8667,10.3333,1953-11-08,2.04999995417893,6.72999984957278,4.38999990187585,1953,11,1954
51.8667,10.3333,1953-11-09,2.67999994009733,6.40999985672534,4.54499989841133,1953,11,1954
51.8667,10.3333,1953-11-10,3.06999993138015,10.7699997592717,6.91999984532595,1953,11,1954
51.8667,10.3333,1953-11-11,0.859999980777502,5.99999986588955,3.42999992333353,1953,11,1954
51.8667,10.3333,1953-11-12,0.629999985918403,5.05999988690019,2.84499993640929,1953,11,1954
51.8667,10.3333,1953-11-13,2.25999994948506,5.78999987058342,4.02499991003424,1953,11,1954
51.8667,10.3333,1953-11-14,4.99999988824129,8.15999981760979,6.57999985292554,1953,11,1954
51.8667,10.3333,1953-11-15,5.9699998665601,8.2099998164922,7.08999984152615,1953,11,1954
51.8667,10.3333,1953-11-16,7.18999983929098,8.18999981693923,7.68999982811511,1953,11,1954
51.8667,10.3333,1953-11-17,2.99999993294477,7.68999982811511,5.34499988052994,1953,11,1954
51.8667,10.3333,1953-11-18,-0.339999992400408,9.2999997921288,4.4799998998642,1953,11,1954
51.8667,10.3333,1953-11-19,0.909999979659915,8.91999980062246,4.91499989014119,1953,11,1954
51.8667,10.3333,1953-11-20,0.279999993741512,5.12999988533556,2.70499993953854,1953,11,1954
51.8667,10.3333,1953-11-21,3.40999992378056,6.54999985359609,4.97999988868833,1953,11,1954
51.8667,10.3333,1953-11-22,4.80999989248812,6.44999985583127,5.62999987415969,1953,11,1954
51.8667,10.3333,1953-11-23,2.83999993652105,5.31999988108873,4.07999990880489,1953,11,1954
51.8667,10.3333,1953-11-24,0.599999986588955,5.24999988265336,2.92499993462116,1953,11,1954
51.8667,10.3333,1953-11-25,-2.35999994724989,4.45999990031123,1.04999997653067,1953,11,1954
51.8667,10.3333,1953-11-26,-4.9399998895824,2.12999995239079,-1.4049999685958,1953,11,1954
51.8667,10.3333,1953-11-27,-5.07999988645315,2.50999994389713,-1.28499997127801,1953,11,1954
51.8667,10.3333,1953-11-28,0.709999984130263,6.39999985694885,3.55499992053956,1953,11,1954
51.8667,10.3333,1953-11-29,3.19999992847443,9.79999978095293,6.49999985471368,1953,11,1954
51.8667,10.3333,1953-11-30,6.16999986208975,10.2099997717887,8.18999981693923,1953,11,1954
51.8667,10.3333,1953-12-01,7.77999982610345,11.0799997523427,9.42999978922307,1953,12,1954
51.8667,10.3333,1953-12-02,4.37999990209937,9.1299997959286,6.75499984901398,1953,12,1954
51.8667,10.3333,1953-12-03,3.58999991975725,11.9999997317791,7.79499982576817,1953,12,1954
51.8667,10.3333,1953-12-04,5.44999987818301,11.6999997384846,8.57499980833381,1953,12,1954
51.8667,10.3333,1953-12-05,8.01999982073903,13.3599997013807,10.6899997610599,1953,12,1954
51.8667,10.3333,1953-12-06,5.71999987214804,12.349999723956,9.03499979805201,1953,12,1954
51.8667,10.3333,1953-12-07,3.90999991260469,9.14999979548156,6.52999985404313,1953,12,1954
51.8667,10.3333,1953-12-08,1.81999995931983,6.60999985225499,4.21499990578741,1953,12,1954
51.8667,10.3333,1953-12-09,-0.219999995082617,6.94999984465539,3.36499992478639,1953,12,1954
51.8667,10.3333,1953-12-10,1.16999997384846,9.9299997780472,5.54999987594783,1953,12,1954
51.8667,10.3333,1953-12-11,3.63999991863966,7.46999983303249,5.55499987583607,1953,12,1954
51.8667,10.3333,1953-12-12,3.13999992981553,5.41999987885356,4.27999990433455,1953,12,1954
51.8667,10.3333,1953-12-13,2.03999995440245,4.89999989047647,3.46999992243946,1953,12,1954
51.8667,10.3333,1953-12-14,-0.589999986812472,4.50999989919364,1.95999995619059,1953,12,1954
51.8667,10.3333,1953-12-15,-1.64999996311963,3.96999991126359,1.15999997407198,1953,12,1954
51.8667,10.3333,1953-12-16,-0.0899999979883432,7.86999982409179,3.88999991305172,1953,12,1954
51.8667,10.3333,1953-12-17,1.85999995842576,7.76999982632697,4.81499989237636,1953,12,1954
51.8667,10.3333,1953-12-18,-1.5499999653548,4.38999990187585,1.41999996826053,1953,12,1954
51.8667,10.3333,1953-12-19,-2.41999994590878,3.27999992668629,0.429999990388751,1953,12,1954
51.8667,10.3333,1953-12-20,-0.0599999986588955,3.79999991506338,1.86999995820224,1953,12,1954
51.8667,10.3333,1953-12-21,-3.00999993272126,0.919999979436398,-1.04499997664243,1953,12,1954
51.8667,10.3333,1953-12-22,-3.13999992981553,-1.06999997608364,-2.10499995294958,1953,12,1954
51.8667,10.3333,1953-12-23,-3.21999992802739,-0.0299999993294477,-1.62499996367842,1953,12,1954
51.8667,10.3333,1953-12-24,-1.10999997518957,2.66999994032085,0.779999982565641,1953,12,1954
51.8667,10.3333,1953-12-25,0.909999979659915,3.729999916628,2.31999994814396,1953,12,1954
51.8667,10.3333,1953-12-26,0.169999996200204,3.51999992132187,1.84499995876104,1953,12,1954
51.8667,10.3333,1953-12-27,-0.0699999984353781,2.45999994501472,1.19499997328967,1953,12,1954
51.8667,10.3333,1953-12-28,-0.539999987930059,3.47999992221594,1.46999996714294,1953,12,1954
51.8667,10.3333,1953-12-29,0.529999988153577,2.20999995060265,1.36999996937811,1953,12,1954
51.8667,10.3333,1953-12-30,-2.08999995328486,1.34999996982515,-0.369999991729856,1953,12,1954
51.8667,10.3333,1953-12-31,-3.53999992087483,-1.36999996937811,-2.45499994512647,1953,12,1954
51.8667,10.3333,1954-01-01,-5.30999988131225,-2.52999994345009,-3.91999991238117,1954,1,1954
51.8667,10.3333,1954-01-02,-7.81999982520938,-2.9299999345094,-5.37499987985939,1954,1,1954
51.8667,10.3333,1954-01-03,-7.49999983236194,-2.42999994568527,-4.9649998890236,1954,1,1954
51.8667,10.3333,1954-01-04,-5.89999986812472,-1.16999997384846,-3.53499992098659,1954,1,1954
51.8667,10.3333,1954-01-05,-4.4799998998642,-2.39999994635582,-3.43999992311001,1954,1,1954
51.8667,10.3333,1954-01-06,-10.029999775812,-3.30999992601573,-6.66999985091388,1954,1,1954
51.8667,10.3333,1954-01-07,-12.5599997192621,-4.56999989785254,-8.56499980855733,1954,1,1954
51.8667,10.3333,1954-01-08,-11.6799997389317,-6.58999985270202,-9.13499979581684,1954,1,1954
51.8667,10.3333,1954-01-09,-9.45999978855252,-3.50999992154539,-6.48499985504895,1954,1,1954
51.8667,10.3333,1954-01-10,-10.4999997653067,-1.84999995864928,-6.17499986197799,1954,1,1954
51.8667,10.3333,1954-01-11,-4.86999989114702,-1.58999996446073,-3.22999992780387,1954,1,1954
51.8667,10.3333,1954-01-12,-4.57999989762902,-1.18999997340143,-2.88499993551522,1954,1,1954
51.8667,10.3333,1954-01-13,-1.87999995797873,2.6999999396503,0.409999990835786,1954,1,1954
51.8667,10.3333,1954-01-14,0.339999992400408,2.18999995104969,1.26499997172505,1954,1,1954
51.8667,10.3333,1954-01-15,-1.26999997161329,1.69999996200204,0.214999995194376,1954,1,1954
51.8667,10.3333,1954-01-16,-0.65999998524785,7.60999982990324,3.4749999223277,1954,1,1954
51.8667,10.3333,1954-01-17,1.16999997384846,6.38999985717237,3.77999991551042,1954,1,1954
51.8667,10.3333,1954-01-18,-0.449999989941716,2.78999993763864,1.16999997384846,1954,1,1954
51.8667,10.3333,1954-01-19,-0.229999994859099,2.20999995060265,0.989999977871776,1954,1,1954
51.8667,10.3333,1954-01-20,-0.239999994635582,2.11999995261431,0.939999978989363,1954,1,1954
51.8667,10.3333,1954-01-21,0.319999992847443,5.98999986611307,3.15499992948025,1954,1,1954
51.8667,10.3333,1954-01-22,-0.689999984577298,2.6399999409914,0.974999978207052,1954,1,1954
51.8667,10.3333,1954-01-23,-4.14999990724027,-0.439999990165234,-2.29499994870275,1954,1,1954
51.8667,10.3333,1954-01-24,-10.0199997760355,-2.77999993786216,-6.39999985694885,1954,1,1954
51.8667,10.3333,1954-01-25,-11.0999997518957,-5.3399998806417,-8.21999981626868,1954,1,1954
51.8667,10.3333,1954-01-26,-13.2999997027218,-5.16999988444149,-9.23499979358166,1954,1,1954
51.8667,10.3333,1954-01-27,-16.5099996309727,-8.48999981023371,-12.4999997206032,1954,1,1954
51.8667,10.3333,1954-01-28,-16.3099996354431,-9.95999977737665,-13.1349997064099,1954,1,1954
51.8667,10.3333,1954-01-29,-15.9199996441603,-7.32999983616173,-11.624999740161,1954,1,1954
51.8667,10.3333,1954-01-30,-13.489999698475,-7.08999984152615,-10.2899997700006,1954,1,1954
51.8667,10.3333,1954-01-31,-15.8699996452779,-11.2199997492135,-13.5449996972457,1954,1,1954
51.8667,10.3333,1954-02-01,-19.1299995724112,-14.7699996698648,-16.949999621138,1954,2,1954
51.8667,10.3333,1954-02-02,-19.789999557659,-13.1499997060746,-16.4699996318668,1954,2,1954
51.8667,10.3333,1954-02-03,-18.0199995972216,-11.1199997514486,-14.5699996743351,1954,2,1954
51.8667,10.3333,1954-02-04,-15.8199996463954,-9.38999979011714,-12.6049997182563,1954,2,1954
51.8667,10.3333,1954-02-05,-12.909999711439,-8.38999981246889,-10.6499997619539,1954,2,1954
51.8667,10.3333,1954-02-06,-14.3699996788055,-3.59999991953373,-8.9849997991696,1954,2,1954
51.8667,10.3333,1954-02-07,-11.3599997460842,-1.52999996580184,-6.44499985594302,1954,2,1954
51.8667,10.3333,1954-02-08,-12.1999997273088,-2.9299999345094,-7.56499983090907,1954,2,1954
51.8667,10.3333,1954-02-09,-12.4899997208267,-3.54999992065132,-8.01999982073903,1954,2,1954
51.8667,10.3333,1954-02-10,-4.75999989360571,-0.389999991282821,-2.57499994244426,1954,2,1954
51.8667,10.3333,1954-02-11,-6.69999985024333,-1.20999997295439,-3.95499991159886,1954,2,1954
51.8667,10.3333,1954-02-12,-2.05999995395541,1.03999997675419,-0.509999988600612,1954,2,1954
51.8667,10.3333,1954-02-13,-2.47999994456768,1.96999995596707,-0.254999994300306,1954,2,1954
51.8667,10.3333,1954-02-14,-0.559999987483025,4.49999989941716,1.96999995596707,1954,2,1954
51.8667,10.3333,1954-02-15,-1.96999995596707,6.3699998576194,2.19999995082617,1954,2,1954
51.8667,10.3333,1954-02-16,-2.48999994434416,0.559999987483025,-0.964999978430569,1954,2,1954
51.8667,10.3333,1954-02-17,-7.41999983415008,-1.73999996110797,-4.57999989762902,1954,2,1954
51.8667,10.3333,1954-02-18,-9.86999977938831,-4.14999990724027,-7.00999984331429,1954,2,1954
51.8667,10.3333,1954-02-19,-8.54999980889261,-2.35999994724989,-5.45499987807125,1954,2,1954
51.8667,10.3333,1954-02-20,-8.42999981157482,-2.84999993629754,-5.63999987393618,1954,2,1954
51.8667,10.3333,1954-02-21,-11.3999997451901,-3.06999993138015,-7.23499983828515,1954,2,1954
51.8667,10.3333,1954-02-22,-12.5699997190386,-1.04999997653067,-6.80999984778464,1954,2,1954
51.8667,10.3333,1954-02-23,-10.8699997570366,0.189999995753169,-5.3399998806417,1954,2,1954
51.8667,10.3333,1954-02-24,-5.47999987751245,3.11999993026257,-1.17999997362494,1954,2,1954
51.8667,10.3333,1954-02-25,-4.19999990612268,3.88999991305172,-0.15499999653548,1954,2,1954
51.8667,10.3333,1954-02-26,-1.1499999742955,3.99999991059303,1.42499996814877,1954,2,1954
51.8667,10.3333,1954-02-27,0.539999987930059,4.10999990813434,2.3249999480322,1954,2,1954
51.8667,10.3333,1954-02-28,0.299999993294477,3.82999991439283,2.06499995384365,1954,2,1954
51.8667,10.3333,1954-03-01,-1.1499999742955,3.18999992869794,1.01999997720122,1954,3,1954
51.8667,10.3333,1954-03-02,-2.61999994143844,2.10999995283782,-0.254999994300306,1954,3,1954
51.8667,10.3333,1954-03-03,-5.51999987661839,2.79999993741512,-1.35999996960163,1954,3,1954
51.8667,10.3333,1954-03-04,0.489999989047647,6.54999985359609,3.51999992132187,1954,3,1954
51.8667,10.3333,1954-03-05,1.42999996803701,6.28999985940754,3.85999991372228,1954,3,1954
51.8667,10.3333,1954-03-06,-1.42999996803701,4.59999989718199,1.58499996457249,1954,3,1954
51.8667,10.3333,1954-03-07,-1.12999997474253,1.65999996289611,0.264999994076788,1954,3,1954
51.8667,10.3333,1954-03-08,-1.15999997407198,4.88999989069998,1.864999958314,1954,3,1954
51.8667,10.3333,1954-03-09,1.3199999704957,7.55999983102083,4.43999990075827,1954,3,1954
51.8667,10.3333,1954-03-10,-0.0499999988824129,11.6299997400492,5.78999987058342,1954,3,1954
51.8667,10.3333,1954-03-11,-1.18999997340143,9.61999978497624,4.21499990578741,1954,3,1954
51.8667,10.3333,1954-03-12,-2.09999995306134,8.50999980978668,3.20499992836267,1954,3,1954
51.8667,10.3333,1954-03-13,-2.22999995015562,3.18999992869794,0.479999989271164,1954,3,1954
51.8667,10.3333,1954-03-14,-2.22999995015562,1.43999996781349,-0.394999991171062,1954,3,1954
51.8667,10.3333,1954-03-15,-1.88999995775521,0.319999992847443,-0.784999982453883,1954,3,1954
51.8667,10.3333,1954-03-16,-1.3799999691546,1.84999995864928,0.234999994747341,1954,3,1954
51.8667,10.3333,1954-03-17,-1.23999997228384,3.71999991685152,1.23999997228384,1954,3,1954
51.8667,10.3333,1954-03-18,-1.95999995619059,5.14999988488853,1.59499996434897,1954,3,1954
51.8667,10.3333,1954-03-19,-2.01999995484948,11.5199997425079,4.74999989382923,1954,3,1954
51.8667,10.3333,1954-03-20,-0.769999982789159,4.89999989047647,2.06499995384365,1954,3,1954
51.8667,10.3333,1954-03-21,0.379999991506338,8.039999820292,4.20999990589917,1954,3,1954
51.8667,10.3333,1954-03-22,1.74999996088445,11.2499997485429,6.49999985471368,1954,3,1954
51.8667,10.3333,1954-03-23,1.17999997362494,13.7399996928871,7.45999983325601,1954,3,1954
51.8667,10.3333,1954-03-24,2.71999993920326,14.1299996841699,8.42499981168658,1954,3,1954
51.8667,10.3333,1954-03-25,0.449999989941716,11.7599997371435,6.10499986354262,1954,3,1954
51.8667,10.3333,1954-03-26,-0.0399999991059303,7.20999983884394,3.58499991986901,1954,3,1954
51.8667,10.3333,1954-03-27,1.39999996870756,5.84999986924231,3.62499991897494,1954,3,1954
51.8667,10.3333,1954-03-28,-0.429999990388751,6.12999986298382,2.84999993629754,1954,3,1954
51.8667,10.3333,1954-03-29,0.679999984800816,7.62999982945621,4.15499990712851,1954,3,1954
51.8667,10.3333,1954-03-30,0.709999984130263,7.49999983236194,4.1049999082461,1954,3,1954
51.8667,10.3333,1954-03-31,2.30999994836748,10.4999997653067,6.40499985683709,1954,3,1954
51.8667,10.3333,1954-04-01,3.35999992489815,10.629999762401,6.99499984364957,1954,4,1954
51.8667,10.3333,1954-04-02,1.63999996334314,7.17999983951449,4.40999990142882,1954,4,1954
51.8667,10.3333,1954-04-03,1.10999997518957,8.51999980956316,4.81499989237636,1954,4,1954
51.8667,10.3333,1954-04-04,4.57999989762902,10.1899997722358,7.38499983493239,1954,4,1954
51.8667,10.3333,1954-04-05,5.76999987103045,11.2199997492135,8.49499981012195,1954,4,1954
51.8667,10.3333,1954-04-06,2.1799999512732,7.2899998370558,4.7349998941645,1954,4,1954
51.8667,10.3333,1954-04-07,0.88999998010695,6.62999985180795,3.75999991595745,1954,4,1954
51.8667,10.3333,1954-04-08,-0.0499999988824129,5.32999988086522,2.6399999409914,1954,4,1954
51.8667,10.3333,1954-04-09,-2.16999995149672,6.49999985471368,2.16499995160848,1954,4,1954
51.8667,10.3333,1954-04-10,-1.9499999564141,5.34999988041818,1.69999996200204,1954,4,1954
51.8667,10.3333,1954-04-11,-4.49999989941716,5.32999988086522,0.414999990724027,1954,4,1954
51.8667,10.3333,1954-04-12,-3.89999991282821,8.31999981403351,2.20999995060265,1954,4,1954
51.8667,10.3333,1954-04-13,-2.90999993495643,10.0099997762591,3.54999992065132,1954,4,1954
51.8667,10.3333,1954-04-14,0.479999989271164,7.91999982297421,4.19999990612268,1954,4,1954
51.8667,10.3333,1954-04-15,1.04999997653067,7.41999983415008,4.23499990534037,1954,4,1954
51.8667,10.3333,1954-04-16,0.359999991953373,6.05999986454844,3.20999992825091,1954,4,1954
51.8667,10.3333,1954-04-17,-0.769999982789159,3.93999991193414,1.58499996457249,1954,4,1954
51.8667,10.3333,1954-04-18,-0.729999983683228,5.18999988399446,2.22999995015562,1954,4,1954
51.8667,10.3333,1954-04-19,-2.74999993853271,5.44999987818301,1.34999996982515,1954,4,1954
51.8667,10.3333,1954-04-20,-1.1499999742955,4.27999990433455,1.56499996501952,1954,4,1954
51.8667,10.3333,1954-04-21,-0.279999993741512,3.25999992713332,1.4899999666959,1954,4,1954
51.8667,10.3333,1954-04-22,2.09999995306134,10.0399997755885,6.06999986432493,1954,4,1954
51.8667,10.3333,1954-04-23,0.639999985694885,10.5599997639656,5.59999987483025,1954,4,1954
51.8667,10.3333,1954-04-24,-1.81999995931983,11.3299997467548,4.75499989371747,1954,4,1954
51.8667,10.3333,1954-04-25,1.01999997720122,12.8999997116625,6.95999984443188,1954,4,1954
51.8667,10.3333,1954-04-26,0.219999995082617,12.1299997288734,6.17499986197799,1954,4,1954
51.8667,10.3333,1954-04-27,0.959999978542328,9.70999978296459,5.33499988075346,1954,4,1954
51.8667,10.3333,1954-04-28,-1.66999996267259,10.5299997646362,4.42999990098178,1954,4,1954
51.8667,10.3333,1954-04-29,-1.98999995552003,10.2099997717887,4.10999990813434,1954,4,1954
51.8667,10.3333,1954-04-30,-1.24999997206032,10.9599997550249,4.85499989148229,1954,4,1954
51.8667,10.3333,1954-05-01,0.0399999991059303,14.1799996830523,7.10999984107912,1954,5,NA
51.8667,10.3333,1954-05-02,4.12999990768731,17.3899996113032,10.7599997594953,1954,5,NA
51.8667,10.3333,1954-05-03,5.07999988645315,15.5099996533245,10.2949997698888,1954,5,NA
51.8667,10.3333,1954-05-04,1.86999995820224,11.9699997324497,6.91999984532595,1954,5,NA
51.8667,10.3333,1954-05-05,3.0999999307096,10.31999976933,6.70999985001981,1954,5,NA
51.8667,10.3333,1954-05-06,3.94999991171062,13.1099997069687,8.52999980933964,1954,5,NA
51.8667,10.3333,1954-05-07,4.019999910146,15.7099996488541,9.86499977950007,1954,5,NA
51.8667,10.3333,1954-05-08,4.8799998909235,11.5399997420609,8.2099998164922,1954,5,NA
51.8667,10.3333,1954-05-09,3.5599999204278,12.3899997230619,7.97499982174486,1954,5,NA
51.8667,10.3333,1954-05-10,4.88999989069998,20.4299995433539,12.6599997170269,1954,5,NA
51.8667,10.3333,1954-05-11,8.2099998164922,22.2299995031208,15.2199996598065,1954,5,NA
51.8667,10.3333,1954-05-12,9.15999979525805,21.9499995093793,15.5549996523187,1954,5,NA
51.8667,10.3333,1954-05-13,8.02999982051551,19.8599995560944,13.944999688305,1954,5,NA
51.8667,10.3333,1954-05-14,4.8199998922646,14.8599996678531,9.83999978005886,1954,5,NA
51.8667,10.3333,1954-05-15,-0.26999999396503,13.1099997069687,6.41999985650182,1954,5,NA
51.8667,10.3333,1954-05-16,1.36999996937811,16.3099996354431,8.8399998024106,1954,5,NA
51.8667,10.3333,1954-05-17,3.44999992288649,17.4199996106327,10.4349997667596,1954,5,NA
51.8667,10.3333,1954-05-18,6.05999986454844,16.6699996273965,11.3649997459725,1954,5,NA
51.8667,10.3333,1954-05-19,5.46999987773597,13.0699997078627,9.26999979279935,1954,5,NA
51.8667,10.3333,1954-05-20,4.22999990545213,11.7099997382611,7.96999982185662,1954,5,NA
51.8667,10.3333,1954-05-21,2.9299999345094,7.95999982208014,5.44499987829477,1954,5,NA
51.8667,10.3333,1954-05-22,3.76999991573393,9.41999978944659,6.59499985259026,1954,5,NA
51.8667,10.3333,1954-05-23,2.6999999396503,12.6799997165799,7.68999982811511,1954,5,NA
51.8667,10.3333,1954-05-24,3.85999991372228,15.189999660477,9.52499978709966,1954,5,NA
51.8667,10.3333,1954-05-25,7.18999983929098,15.0499996636063,11.1199997514486,1954,5,NA
51.8667,10.3333,1954-05-26,5.92999986745417,21.219999525696,13.5749996965751,1954,5,NA
51.8667,10.3333,1954-05-27,10.2799997702241,23.9199994653463,17.0999996177852,1954,5,NA
51.8667,10.3333,1954-05-28,11.8399997353554,23.2999994792044,17.5699996072799,1954,5,NA
51.8667,10.3333,1954-05-29,10.4399997666478,22.5799994952977,16.5099996309727,1954,5,NA
51.8667,10.3333,1954-05-30,10.2199997715652,22.9499994870275,16.5849996292964,1954,5,NA
51.8667,10.3333,1954-05-31,8.41999981179833,13.75999969244,11.0899997521192,1954,5,NA
51.8667,10.3333,1954-06-01,6.43999985605478,15.4499996546656,10.9449997553602,1954,6,NA
51.8667,10.3333,1954-06-02,7.69999982789159,13.7199996933341,10.7099997606128,1954,6,NA
51.8667,10.3333,1954-06-03,8.56999980844557,16.5899996291846,12.5799997188151,1954,6,NA
51.8667,10.3333,1954-06-04,8.67999980598688,17.779999602586,13.2299997042865,1954,6,NA
51.8667,10.3333,1954-06-05,8.1499998178333,19.519999563694,13.8349996907637,1954,6,NA
51.8667,10.3333,1954-06-06,8.73999980464578,21.0099995303899,14.8749996675178,1954,6,NA
51.8667,10.3333,1954-06-07,8.30999981425703,21.1599995270371,14.7349996706471,1954,6,NA
51.8667,10.3333,1954-06-08,8.58999980799854,16.2799996361136,12.4349997220561,1954,6,NA
51.8667,10.3333,1954-06-09,7.03999984264374,21.2699995245785,14.1549996836111,1954,6,NA
51.8667,10.3333,1954-06-10,12.3199997246265,21.6899995151907,17.0049996199086,1954,6,NA
51.8667,10.3333,1954-06-11,10.8099997583777,18.3699995893985,14.5899996738881,1954,6,NA
51.8667,10.3333,1954-06-12,8.41999981179833,17.8499996010214,13.1349997064099,1954,6,NA
51.8667,10.3333,1954-06-13,7.42999983392656,18.8899995777756,13.1599997058511,1954,6,NA
51.8667,10.3333,1954-06-14,10.609999762848,17.3299996126443,13.9699996877462,1954,6,NA
51.8667,10.3333,1954-06-15,9.68999978341162,17.0399996191263,13.364999701269,1954,6,NA
51.8667,10.3333,1954-06-16,5.46999987773597,16.3599996343255,10.9149997560307,1954,6,NA
51.8667,10.3333,1954-06-17,5.84999986924231,20.8199995346367,13.3349997019395,1954,6,NA
51.8667,10.3333,1954-06-18,9.3599997907877,18.7299995813519,14.0449996860698,1954,6,NA
51.8667,10.3333,1954-06-19,12.0999997295439,23.3899994771928,17.7449996033683,1954,6,NA
51.8667,10.3333,1954-06-20,13.3299997020513,27.2399993911386,20.2849995465949,1954,6,NA
51.8667,10.3333,1954-06-21,15.3699996564537,29.7899993341416,22.5799994952977,1954,6,NA
51.8667,10.3333,1954-06-22,16.1599996387959,28.8399993553758,22.4999994970858,1954,6,NA
51.8667,10.3333,1954-06-23,12.8599997125566,20.0299995522946,16.4449996324256,1954,6,NA
51.8667,10.3333,1954-06-24,11.0599997527897,19.9899995531887,15.5249996529892,1954,6,NA
51.8667,10.3333,1954-06-25,8.21999981626868,18.9499995764345,13.5849996963516,1954,6,NA
51.8667,10.3333,1954-06-26,10.5599997639656,21.5999995172024,16.079999640584,1954,6,NA
51.8667,10.3333,1954-06-27,11.6599997393787,15.1699996609241,13.4149997001514,1954,6,NA
51.8667,10.3333,1954-06-28,8.98999979905784,15.7599996477365,12.3749997233972,1954,6,NA
51.8667,10.3333,1954-06-29,6.26999985985458,16.1999996379018,11.2349997488782,1954,6,NA
51.8667,10.3333,1954-06-30,8.06999981962144,12.3799997232854,10.2249997714534,1954,6,NA
51.8667,10.3333,1954-07-01,7.01999984309077,16.8099996242672,11.914999733679,1954,7,NA
51.8667,10.3333,1954-07-02,9.57999978587031,15.1799996607006,12.3799997232854,1954,7,NA
51.8667,10.3333,1954-07-03,9.07999979704618,15.5299996528774,12.3049997249618,1954,7,NA
51.8667,10.3333,1954-07-04,10.1899997722358,16.949999621138,13.5699996966869,1954,7,NA
51.8667,10.3333,1954-07-05,9.28999979235232,17.5699996072799,13.4299996998161,1954,7,NA
51.8667,10.3333,1954-07-06,8.50999980978668,15.9999996423721,12.2549997260794,1954,7,NA
51.8667,10.3333,1954-07-07,7.15999983996153,14.4599996767938,10.8099997583777,1954,7,NA
51.8667,10.3333,1954-07-08,5.63999987393618,16.3299996349961,10.9849997544661,1954,7,NA
51.8667,10.3333,1954-07-09,7.17999983951449,15.1699996609241,11.1749997502193,1954,7,NA
51.8667,10.3333,1954-07-10,8.92999980039895,18.5499995853752,13.7399996928871,1954,7,NA
51.8667,10.3333,1954-07-11,11.5499997418374,15.8799996450543,13.7149996934459,1954,7,NA
51.8667,10.3333,1954-07-12,10.1199997738004,14.6399996727705,12.3799997232854,1954,7,NA
51.8667,10.3333,1954-07-13,11.4499997440726,13.489999698475,12.4699997212738,1954,7,NA
51.8667,10.3333,1954-07-14,11.209999749437,13.8299996908754,12.5199997201562,1954,7,NA
51.8667,10.3333,1954-07-15,8.78999980352819,17.2999996133149,13.0449997084215,1954,7,NA
51.8667,10.3333,1954-07-16,8.32999981380999,14.4699996765703,11.3999997451901,1954,7,NA
51.8667,10.3333,1954-07-17,8.27999981492758,13.5399996973574,10.9099997561425,1954,7,NA
51.8667,10.3333,1954-07-18,10.0399997755885,13.1399997062981,11.5899997409433,1954,7,NA
51.8667,10.3333,1954-07-19,11.7599997371435,13.7299996931106,12.7449997151271,1954,7,NA
51.8667,10.3333,1954-07-20,10.2899997700006,13.7899996917695,12.039999730885,1954,7,NA
51.8667,10.3333,1954-07-21,8.30999981425703,16.3599996343255,12.3349997242913,1954,7,NA
51.8667,10.3333,1954-07-22,11.0899997521192,18.5599995851517,14.8249996686354,1954,7,NA
51.8667,10.3333,1954-07-23,7.17999983951449,15.2599996589124,11.2199997492135,1954,7,NA
51.8667,10.3333,1954-07-24,6.06999986432493,15.1599996611476,10.6149997627363,1954,7,NA
51.8667,10.3333,1954-07-25,8.44999981112778,14.8099996689707,11.6299997400492,1954,7,NA
51.8667,10.3333,1954-07-26,13.9499996881932,19.3699995670468,16.65999962762,1954,7,NA
51.8667,10.3333,1954-07-27,13.2099997047335,17.3299996126443,15.2699996586889,1954,7,NA
51.8667,10.3333,1954-07-28,11.4199997447431,18.069999596104,14.7449996704236,1954,7,NA
51.8667,10.3333,1954-07-29,9.07999979704618,15.6699996497482,12.3749997233972,1954,7,NA
51.8667,10.3333,1954-07-30,9.23999979346991,14.1299996841699,11.6849997388199,1954,7,NA
51.8667,10.3333,1954-07-31,10.029999775812,15.3599996566772,12.6949997162446,1954,7,NA
51.8667,10.3333,1954-08-01,9.01999979838729,13.9699996877462,11.4949997430667,1954,8,NA
51.8667,10.3333,1954-08-02,7.17999983951449,17.6299996059388,12.4049997227266,1954,8,NA
51.8667,10.3333,1954-08-03,10.8499997574836,22.4399994984269,16.6449996279553,1954,8,NA
51.8667,10.3333,1954-08-04,14.6799996718764,27.2999993897974,20.9899995308369,1954,8,NA
51.8667,10.3333,1954-08-05,15.3099996577948,26.0299994181842,20.6699995379895,1954,8,NA
51.8667,10.3333,1954-08-06,14.6999996714294,24.1099994610995,19.4049995662645,1954,8,NA
51.8667,10.3333,1954-08-07,15.9299996439368,27.2799993902445,21.6049995170906,1954,8,NA
51.8667,10.3333,1954-08-08,11.9699997324497,19.6199995614588,15.7949996469542,1954,8,NA
51.8667,10.3333,1954-08-09,10.7899997588247,16.0099996421486,13.3999997004867,1954,8,NA
51.8667,10.3333,1954-08-10,10.8199997581542,17.3799996115267,14.0999996848404,1954,8,NA
51.8667,10.3333,1954-08-11,10.6499997619539,16.4899996314198,13.5699996966869,1954,8,NA
51.8667,10.3333,1954-08-12,10.049999775365,13.5499996971339,11.7999997362494,1954,8,NA
51.8667,10.3333,1954-08-13,8.6099998075515,16.1899996381253,12.3999997228384,1954,8,NA
51.8667,10.3333,1954-08-14,12.6799997165799,17.3399996124208,15.0099996645004,1954,8,NA
51.8667,10.3333,1954-08-15,12.9599997103214,15.9199996441603,14.4399996772408,1954,8,NA
51.8667,10.3333,1954-08-16,9.02999979816377,16.639999628067,12.8349997131154,1954,8,NA
51.8667,10.3333,1954-08-17,8.63999980688095,16.8699996229261,12.7549997149035,1954,8,NA
51.8667,10.3333,1954-08-18,8.48999981023371,17.5199996083975,13.0049997093156,1954,8,NA
51.8667,10.3333,1954-08-19,8.79999980330467,17.529999608174,13.1649997057393,1954,8,NA
51.8667,10.3333,1954-08-20,11.5799997411668,19.0999995730817,15.3399996571243,1954,8,NA
51.8667,10.3333,1954-08-21,8.52999980933964,17.509999608621,13.0199997089803,1954,8,NA
51.8667,10.3333,1954-08-22,11.76999973692,14.5899996738881,13.179999705404,1954,8,NA
51.8667,10.3333,1954-08-23,11.7599997371435,16.0899996403605,13.924999688752,1954,8,NA
51.8667,10.3333,1954-08-24,9.68999978341162,12.5499997194856,11.1199997514486,1954,8,NA
51.8667,10.3333,1954-08-25,9.56999978609383,14.629999672994,12.0999997295439,1954,8,NA
51.8667,10.3333,1954-08-26,8.00999982096255,19.6199995614588,13.8149996912107,1954,8,NA
51.8667,10.3333,1954-08-27,11.2899997476488,20.8199995346367,16.0549996411428,1954,8,NA
51.8667,10.3333,1954-08-28,10.4199997670949,20.5799995400012,15.499999653548,1954,8,NA
51.8667,10.3333,1954-08-29,9.99999977648258,22.2199995033443,16.1099996399134,1954,8,NA
51.8667,10.3333,1954-08-30,10.3699997682124,16.389999633655,13.3799997009337,1954,8,NA
51.8667,10.3333,1954-08-31,12.3399997241795,17.7699996028095,15.0549996634945,1954,8,NA
51.8667,10.3333,1954-09-01,12.2399997264147,17.2299996148795,14.7349996706471,1954,9,NA
51.8667,10.3333,1954-09-02,12.4699997212738,25.52999942936,18.9999995753169,1954,9,NA
51.8667,10.3333,1954-09-03,14.0999996848404,26.6499994043261,20.3749995445833,1954,9,NA
51.8667,10.3333,1954-09-04,15.1699996609241,19.6499995607883,17.4099996108562,1954,9,NA
51.8667,10.3333,1954-09-05,14.2599996812642,22.4699994977564,18.3649995895103,1954,9,NA
51.8667,10.3333,1954-09-06,13.9899996872991,24.4599994532764,19.2249995702878,1954,9,NA
51.8667,10.3333,1954-09-07,13.3199997022748,21.3099995236844,17.3149996129796,1954,9,NA
51.8667,10.3333,1954-09-08,13.3199997022748,20.9099995326251,17.1149996174499,1954,9,NA
51.8667,10.3333,1954-09-09,12.4199997223914,18.0799995958805,15.2499996591359,1954,9,NA
51.8667,10.3333,1954-09-10,10.8699997570366,18.2699995916337,14.5699996743351,1954,9,NA
51.8667,10.3333,1954-09-11,12.7299997154623,17.1799996159971,14.9549996657297,1954,9,NA
51.8667,10.3333,1954-09-12,12.0899997297674,18.10999959521,15.0999996624887,1954,9,NA
51.8667,10.3333,1954-09-13,9.9899997767061,14.4199996776879,12.204999727197,1954,9,NA
51.8667,10.3333,1954-09-14,8.93999980017543,14.2899996805936,11.6149997403845,1954,9,NA
51.8667,10.3333,1954-09-15,6.91999984532595,15.1199996620417,11.0199997536838,1954,9,NA
51.8667,10.3333,1954-09-16,7.49999983236194,14.7399996705353,11.1199997514486,1954,9,NA
51.8667,10.3333,1954-09-17,10.8899997565895,15.4099996555597,13.1499997060746,1954,9,NA
51.8667,10.3333,1954-09-18,9.15999979525805,13.4299996998161,11.2949997475371,1954,9,NA
51.8667,10.3333,1954-09-19,9.00999979861081,13.7699996922165,11.3899997454137,1954,9,NA
51.8667,10.3333,1954-09-20,9.8199997805059,13.9499996881932,11.8849997343495,1954,9,NA
51.8667,10.3333,1954-09-21,8.29999981448054,14.7999996691942,11.5499997418374,1954,9,NA
51.8667,10.3333,1954-09-22,5.49999987706542,11.3799997456372,8.4399998113513,1954,9,NA
51.8667,10.3333,1954-09-23,5.35999988019466,9.38999979011714,7.3749998351559,1954,9,NA
51.8667,10.3333,1954-09-24,5.62999987415969,11.6499997396022,8.63999980688095,1954,9,NA
51.8667,10.3333,1954-09-25,3.59999991953373,12.9399997107685,8.2699998151511,1954,9,NA
51.8667,10.3333,1954-09-26,9.51999978721142,15.6999996490777,12.6099997181445,1954,9,NA
51.8667,10.3333,1954-09-27,7.39999983459711,10.9699997548014,9.18499979469925,1954,9,NA
51.8667,10.3333,1954-09-28,2.39999994635582,8.79999980330467,5.59999987483025,1954,9,NA
51.8667,10.3333,1954-09-29,0.989999977871776,8.46999981068075,4.72999989427626,1954,9,NA
51.8667,10.3333,1954-09-30,3.27999992668629,8.44999981112778,5.86499986890703,1954,9,NA
51.8667,10.3333,1954-10-01,2.83999993652105,6.79999984800816,4.8199998922646,1954,10,1955
51.8667,10.3333,1954-10-02,4.85999989137053,9.13999979570508,6.99999984353781,1954,10,1955
51.8667,10.3333,1954-10-03,7.76999982632697,13.1599997058511,10.464999766089,1954,10,1955
51.8667,10.3333,1954-10-04,8.68999980576336,15.1199996620417,11.9049997339025,1954,10,1955
51.8667,10.3333,1954-10-05,6.72999984957278,13.8299996908754,10.2799997702241,1954,10,1955
51.8667,10.3333,1954-10-06,6.1999998614192,10.6699997615069,8.43499981146306,1954,10,1955
51.8667,10.3333,1954-10-07,7.03999984264374,11.9799997322261,9.50999978743494,1954,10,1955
51.8667,10.3333,1954-10-08,3.50999992154539,8.74999980442226,6.12999986298382,1954,10,1955
51.8667,10.3333,1954-10-09,3.14999992959201,7.59999983012676,5.37499987985939,1954,10,1955
51.8667,10.3333,1954-10-10,2.37999994680285,10.7999997586012,6.58999985270202,1954,10,1955
51.8667,10.3333,1954-10-11,1.22999997250736,10.7999997586012,6.01499986555427,1954,10,1955
51.8667,10.3333,1954-10-12,5.01999988779426,7.68999982811511,6.35499985795468,1954,10,1955
51.8667,10.3333,1954-10-13,3.57999991998076,9.79999978095293,6.68999985046685,1954,10,1955
51.8667,10.3333,1954-10-14,6.29999985918403,12.7299997154623,9.51499978732318,1954,10,1955
51.8667,10.3333,1954-10-15,7.70999982766807,13.2099997047335,10.4599997662008,1954,10,1955
51.8667,10.3333,1954-10-16,5.89999986812472,13.0799997076392,9.48999978788197,1954,10,1955
51.8667,10.3333,1954-10-17,7.92999982275069,14.7699996698648,11.3499997463077,1954,10,1955
51.8667,10.3333,1954-10-18,11.9799997322261,16.0299996417016,14.0049996869639,1954,10,1955
51.8667,10.3333,1954-10-19,11.8799997344613,17.6799996048212,14.7799996696413,1954,10,1955
51.8667,10.3333,1954-10-20,11.3499997463077,15.1799996607006,13.2649997035041,1954,10,1955
51.8667,10.3333,1954-10-21,9.40999978967011,11.9399997331202,10.6749997613952,1954,10,1955
51.8667,10.3333,1954-10-22,8.21999981626868,10.5699997637421,9.39499979000539,1954,10,1955
51.8667,10.3333,1954-10-23,8.44999981112778,11.0999997518957,9.77499978151172,1954,10,1955
51.8667,10.3333,1954-10-24,6.47999985516071,10.4499997664243,8.46499981079251,1954,10,1955
51.8667,10.3333,1954-10-25,9.15999979525805,14.919999666512,12.039999730885,1954,10,1955
51.8667,10.3333,1954-10-26,4.56999989785254,14.7099996712059,9.63999978452921,1954,10,1955
51.8667,10.3333,1954-10-27,1.8399999588728,6.27999985963106,4.05999990925193,1954,10,1955
51.8667,10.3333,1954-10-28,-0.459999989718199,8.41999981179833,3.97999991104007,1954,10,1955
51.8667,10.3333,1954-10-29,8.18999981693923,12.6499997172505,10.4199997670949,1954,10,1955
51.8667,10.3333,1954-10-30,6.85999984666705,12.2499997261912,9.55499978642911,1954,10,1955
51.8667,10.3333,1954-10-31,8.56999980844557,11.7599997371435,10.1649997727945,1954,10,1955
51.8667,10.3333,1954-11-01,5.36999987997115,9.2999997921288,7.33499983604997,1954,11,1955
51.8667,10.3333,1954-11-02,2.99999993294477,10.31999976933,6.6599998511374,1954,11,1955
51.8667,10.3333,1954-11-03,2.74999993853271,9.37999979034066,6.06499986443669,1954,11,1955
51.8667,10.3333,1954-11-04,4.019999910146,6.43999985605478,5.22999988310039,1954,11,1955
51.8667,10.3333,1954-11-05,3.17999992892146,7.04999984242022,5.11499988567084,1954,11,1955
51.8667,10.3333,1954-11-06,0.879999980330467,8.57999980822206,4.72999989427626,1954,11,1955
51.8667,10.3333,1954-11-07,3.0999999307096,11.5199997425079,7.30999983660877,1954,11,1955
51.8667,10.3333,1954-11-08,8.77999980375171,11.5499997418374,10.1649997727945,1954,11,1955
51.8667,10.3333,1954-11-09,1.5499999653548,11.7199997380376,6.63499985169619,1954,11,1955
51.8667,10.3333,1954-11-10,0.669999985024333,6.81999984756112,3.74499991629273,1954,11,1955
51.8667,10.3333,1954-11-11,-0.359999991953373,5.97999986633658,2.80999993719161,1954,11,1955
51.8667,10.3333,1954-11-12,1.24999997206032,6.31999985873699,3.78499991539866,1954,11,1955
51.8667,10.3333,1954-11-13,4.43999990075827,9.60999978519976,7.02499984297901,1954,11,1955
51.8667,10.3333,1954-11-14,1.13999997451901,7.52999983169138,4.3349999031052,1954,11,1955
51.8667,10.3333,1954-11-15,0.96999997831881,4.98999988846481,2.97999993339181,1954,11,1955
51.8667,10.3333,1954-11-16,0.469999989494681,2.64999994076788,1.55999996513128,1954,11,1955
51.8667,10.3333,1954-11-17,-1.99999995529652,1.46999996714294,-0.264999994076788,1954,11,1955
51.8667,10.3333,1954-11-18,-0.199999995529652,2.03999995440245,0.919999979436398,1954,11,1955
51.8667,10.3333,1954-11-19,0.689999984577298,3.31999992579222,2.00499995518476,1954,11,1955
51.8667,10.3333,1954-11-20,-1.98999995552003,2.39999994635582,0.204999995417893,1954,11,1955
51.8667,10.3333,1954-11-21,-4.79999989271164,-0.769999982789159,-2.7849999377504,1954,11,1955
51.8667,10.3333,1954-11-22,-5.58999987505376,-1.3799999691546,-3.48499992210418,1954,11,1955
51.8667,10.3333,1954-11-23,-5.52999987639487,2.1799999512732,-1.67499996256083,1954,11,1955
51.8667,10.3333,1954-11-24,-0.939999978989363,6.66999985091388,2.86499993596226,1954,11,1955
51.8667,10.3333,1954-11-25,-3.57999991998076,3.46999992243946,-0.0549999987706542,1954,11,1955
51.8667,10.3333,1954-11-26,-1.63999996334314,4.4799998998642,1.41999996826053,1954,11,1955
51.8667,10.3333,1954-11-27,3.00999993272126,7.32999983616173,5.16999988444149,1954,11,1955
51.8667,10.3333,1954-11-28,4.08999990858138,7.71999982744455,5.90499986801296,1954,11,1955
51.8667,10.3333,1954-11-29,3.71999991685152,10.0999997742474,6.90999984554946,1954,11,1955
51.8667,10.3333,1954-11-30,4.88999989069998,8.61999980732799,6.75499984901398,1954,11,1955
51.8667,10.3333,1954-12-01,5.44999987818301,10.2599997706711,7.85499982442707,1954,12,1955
51.8667,10.3333,1954-12-02,3.86999991349876,7.18999983929098,5.52999987639487,1954,12,1955
51.8667,10.3333,1954-12-03,1.38999996893108,6.38999985717237,3.88999991305172,1954,12,1955
51.8667,10.3333,1954-12-04,5.67999987304211,8.96999979950488,7.32499983627349,1954,12,1955
51.8667,10.3333,1954-12-05,3.83999991416931,8.33999981358647,6.08999986387789,1954,12,1955
51.8667,10.3333,1954-12-06,0.879999980330467,4.65999989584088,2.76999993808568,1954,12,1955
51.8667,10.3333,1954-12-07,-0.159999996423721,1.46999996714294,0.654999985359609,1954,12,1955
51.8667,10.3333,1954-12-08,-1.84999995864928,0.379999991506338,-0.73499998357147,1954,12,1955
51.8667,10.3333,1954-12-09,-4.88999989069998,-0.599999986588955,-2.74499993864447,1954,12,1955
51.8667,10.3333,1954-12-10,-1.81999995931983,5.15999988466501,1.66999996267259,1954,12,1955
51.8667,10.3333,1954-12-11,1.07999997586012,4.58999989740551,2.83499993663281,1954,12,1955
51.8667,10.3333,1954-12-12,0.599999986588955,3.18999992869794,1.89499995764345,1954,12,1955
51.8667,10.3333,1954-12-13,0.539999987930059,2.80999993719161,1.67499996256083,1954,12,1955
51.8667,10.3333,1954-12-14,0.479999989271164,2.56999994255602,1.52499996591359,1954,12,1955
51.8667,10.3333,1954-12-15,-0.149999996647239,3.30999992601573,1.57999996468425,1954,12,1955
51.8667,10.3333,1954-12-16,2.13999995216727,7.43999983370304,4.78999989293516,1954,12,1955
51.8667,10.3333,1954-12-17,-1.12999997474253,4.90999989025295,1.88999995775521,1954,12,1955
51.8667,10.3333,1954-12-18,-2.77999993786216,4.67999989539385,0.949999978765845,1954,12,1955
51.8667,10.3333,1954-12-19,-1.55999996513128,1.68999996222556,0.0649999985471368,1954,12,1955
51.8667,10.3333,1954-12-20,-1.27999997138977,2.34999994747341,0.534999988041818,1954,12,1955
51.8667,10.3333,1954-12-21,1.90999995730817,4.73999989405274,3.32499992568046,1954,12,1955
51.8667,10.3333,1954-12-22,0.259999994188547,3.60999991931021,1.93499995674938,1954,12,1955
51.8667,10.3333,1954-12-23,-0.599999986588955,2.50999994389713,0.954999978654087,1954,12,1955
51.8667,10.3333,1954-12-24,-1.719999961555,4.74999989382923,1.51499996613711,1954,12,1955
51.8667,10.3333,1954-12-25,-1.58999996446073,0.26999999396503,-0.65999998524785,1954,12,1955
51.8667,10.3333,1954-12-26,-2.04999995417893,-0.169999996200204,-1.10999997518957,1954,12,1955
51.8667,10.3333,1954-12-27,-1.16999997384846,4.27999990433455,1.55499996524304,1954,12,1955
51.8667,10.3333,1954-12-28,3.71999991685152,6.11999986320734,4.91999989002943,1954,12,1955
51.8667,10.3333,1954-12-29,5.17999988421798,7.03999984264374,6.10999986343086,1954,12,1955
51.8667,10.3333,1954-12-30,4.79999989271164,6.83999984711409,5.81999986991286,1954,12,1955
51.8667,10.3333,1954-12-31,-2.6999999396503,5.09999988600612,1.19999997317791,1954,12,1955
51.8667,10.3333,1955-01-01,-3.23999992758036,-1.06999997608364,-2.154999951832,1955,1,1955
51.8667,10.3333,1955-01-02,-5.99999986588955,-1.59999996423721,-3.79999991506338,1955,1,1955
51.8667,10.3333,1955-01-03,-6.38999985717237,-4.96999988891184,-5.67999987304211,1955,1,1955
51.8667,10.3333,1955-01-04,-6.51999985426664,-4.82999989204109,-5.67499987315387,1955,1,1955
51.8667,10.3333,1955-01-05,-9.80999978072941,-5.82999986968935,-7.81999982520938,1955,1,1955
51.8667,10.3333,1955-01-06,-12.2299997266382,-4.62999989651144,-8.42999981157482,1955,1,1955
51.8667,10.3333,1955-01-07,-12.1299997288734,-5.82999986968935,-8.97999979928136,1955,1,1955
51.8667,10.3333,1955-01-08,-12.2999997250736,-5.36999987997115,-8.83499980252236,1955,1,1955
51.8667,10.3333,1955-01-09,-9.41999978944659,-5.68999987281859,-7.55499983113259,1955,1,1955
51.8667,10.3333,1955-01-10,-8.29999981448054,-5.82999986968935,-7.06499984208494,1955,1,1955
51.8667,10.3333,1955-01-11,-7.07999984174967,-0.189999995753169,-3.63499991875142,1955,1,1955
51.8667,10.3333,1955-01-12,-1.93999995663762,4.34999990276992,1.20499997306615,1955,1,1955
51.8667,10.3333,1955-01-13,-4.52999989874661,-0.909999979659915,-2.71999993920326,1955,1,1955
51.8667,10.3333,1955-01-14,-4.68999989517033,-2.02999995462596,-3.35999992489815,1955,1,1955
51.8667,10.3333,1955-01-15,-5.45999987795949,-1.27999997138977,-3.36999992467463,1955,1,1955
51.8667,10.3333,1955-01-16,-5.84999986924231,-2.1799999512732,-4.01499991025776,1955,1,1955
51.8667,10.3333,1955-01-17,-3.51999992132187,5.83999986946583,1.15999997407198,1955,1,1955
51.8667,10.3333,1955-01-18,-6.09999986365438,5.76999987103045,-0.164999996311963,1955,1,1955
51.8667,10.3333,1955-01-19,-8.05999981984496,-2.28999994881451,-5.17499988432974,1955,1,1955
51.8667,10.3333,1955-01-20,-3.98999991081655,-1.30999997071922,-2.64999994076788,1955,1,1955
51.8667,10.3333,1955-01-21,-6.22999986074865,-0.689999984577298,-3.45999992266297,1955,1,1955
51.8667,10.3333,1955-01-22,-7.24999983794987,0.959999978542328,-3.14499992970377,1955,1,1955
51.8667,10.3333,1955-01-23,-5.41999987885356,1.95999995619059,-1.72999996133149,1955,1,1955
51.8667,10.3333,1955-01-24,-3.58999991975725,1.6099999640137,-0.989999977871776,1955,1,1955
51.8667,10.3333,1955-01-25,-4.32999990321696,0.219999995082617,-2.05499995406717,1955,1,1955
51.8667,10.3333,1955-01-26,-3.93999991193414,3.07999993115664,-0.429999990388751,1955,1,1955
51.8667,10.3333,1955-01-27,-4.55999989807606,4.21999990567565,-0.169999996200204,1955,1,1955
51.8667,10.3333,1955-01-28,-3.01999993249774,4.54999989829957,0.764999982900918,1955,1,1955
51.8667,10.3333,1955-01-29,0.429999990388751,9.79999978095293,5.11499988567084,1955,1,1955
51.8667,10.3333,1955-01-30,0.0699999984353781,8.47999981045723,4.2749999044463,1955,1,1955
51.8667,10.3333,1955-01-31,0.339999992400408,7.24999983794987,3.79499991517514,1955,1,1955
51.8667,10.3333,1955-02-01,2.009999955073,7.29999983683228,4.65499989595264,1955,2,1955
51.8667,10.3333,1955-02-02,2.08999995328486,9.39999978989363,5.74499987158924,1955,2,1955
51.8667,10.3333,1955-02-03,0.799999982118607,9.21999979391694,5.00999988801777,1955,2,1955
51.8667,10.3333,1955-02-04,0.669999985024333,6.11999986320734,3.39499992411584,1955,2,1955
51.8667,10.3333,1955-02-05,1.43999996781349,4.13999990746379,2.78999993763864,1955,2,1955
51.8667,10.3333,1955-02-06,-0.219999995082617,3.23999992758036,1.50999996624887,1955,2,1955
51.8667,10.3333,1955-02-07,-1.28999997116625,1.29999997094274,0.00499999988824129,1955,2,1955
51.8667,10.3333,1955-02-08,-2.50999994389713,-0.329999992623925,-1.41999996826053,1955,2,1955
51.8667,10.3333,1955-02-09,-1.41999996826053,4.43999990075827,1.50999996624887,1955,2,1955
51.8667,10.3333,1955-02-10,-0.57999998703599,2.96999993361533,1.19499997328967,1955,2,1955
51.8667,10.3333,1955-02-11,-3.16999992914498,-0.479999989271164,-1.82499995920807,1955,2,1955
51.8667,10.3333,1955-02-12,-3.19999992847443,-0.919999979436398,-2.05999995395541,1955,2,1955
51.8667,10.3333,1955-02-13,-4.06999990902841,-1.52999996580184,-2.79999993741512,1955,2,1955
51.8667,10.3333,1955-02-14,-5.53999987617135,-2.16999995149672,-3.85499991383404,1955,2,1955
51.8667,10.3333,1955-02-15,-10.1799997724593,-3.52999992109835,-6.85499984677881,1955,2,1955
51.8667,10.3333,1955-02-16,-11.4099997449666,-2.89999993517995,-7.15499984007329,1955,2,1955
51.8667,10.3333,1955-02-17,-13.8699996899813,-3.96999991126359,-8.91999980062246,1955,2,1955
51.8667,10.3333,1955-02-18,-5.2799998819828,-1.69999996200204,-3.48999992199242,1955,2,1955
51.8667,10.3333,1955-02-19,-9.55999978631735,-2.34999994747341,-5.95499986689538,1955,2,1955
51.8667,10.3333,1955-02-20,-10.0199997760355,-0.729999983683228,-5.37499987985939,1955,2,1955
51.8667,10.3333,1955-02-21,-6.63999985158443,-4.8199998922646,-5.72999987192452,1955,2,1955
51.8667,10.3333,1955-02-22,-11.5399997420609,-4.44999990053475,-7.99499982129782,1955,2,1955
51.8667,10.3333,1955-02-23,-14.5599996745586,-3.35999992489815,-8.95999979972839,1955,2,1955
51.8667,10.3333,1955-02-24,-15.6599996499717,-2.4699999447912,-9.06499979738146,1955,2,1955
51.8667,10.3333,1955-02-25,-10.8499997574836,-2.91999993473291,-6.88499984610826,1955,2,1955
51.8667,10.3333,1955-02-26,-11.749999737367,-4.2499999050051,-7.99999982118607,1955,2,1955
51.8667,10.3333,1955-02-27,-12.6599997170269,-4.71999989449978,-8.68999980576336,1955,2,1955
51.8667,10.3333,1955-02-28,-14.3699996788055,-3.71999991685152,-9.0449997978285,1955,2,1955
51.8667,10.3333,1955-03-01,-10.4899997655302,-4.14999990724027,-7.31999983638525,1955,3,1955
51.8667,10.3333,1955-03-02,-13.2399997040629,-2.16999995149672,-7.70499982777983,1955,3,1955
51.8667,10.3333,1955-03-03,-11.8899997342378,0.519999988377094,-5.68499987293035,1955,3,1955
51.8667,10.3333,1955-03-04,-10.4699997659773,4.20999990589917,-3.12999993003905,1955,3,1955
51.8667,10.3333,1955-03-05,-8.28999981470406,3.48999992199242,-2.39999994635582,1955,3,1955
51.8667,10.3333,1955-03-06,-2.48999994434416,-0.159999996423721,-1.32499997038394,1955,3,1955
51.8667,10.3333,1955-03-07,-6.80999984778464,-0.229999994859099,-3.51999992132187,1955,3,1955
51.8667,10.3333,1955-03-08,-7.43999983370304,-1.66999996267259,-4.55499989818782,1955,3,1955
51.8667,10.3333,1955-03-09,-10.6799997612834,0.479999989271164,-5.09999988600612,1955,3,1955
51.8667,10.3333,1955-03-10,-9.28999979235232,0.169999996200204,-4.55999989807606,1955,3,1955
51.8667,10.3333,1955-03-11,-6.44999985583127,-3.0999999307096,-4.77499989327043,1955,3,1955
51.8667,10.3333,1955-03-12,-9.01999979838729,-1.75999996066093,-5.38999987952411,1955,3,1955
51.8667,10.3333,1955-03-13,-9.65999978408217,-3.48999992199242,-6.5749998530373,1955,3,1955
51.8667,10.3333,1955-03-14,-10.7999997586012,1.67999996244907,-4.55999989807606,1955,3,1955
51.8667,10.3333,1955-03-15,-4.99999988824129,2.1799999512732,-1.40999996848404,1955,3,1955
51.8667,10.3333,1955-03-16,-0.829999981448054,2.27999994903803,0.724999983794987,1955,3,1955
51.8667,10.3333,1955-03-17,-1.7799999602139,2.6399999409914,0.429999990388751,1955,3,1955
51.8667,10.3333,1955-03-18,-4.54999989829957,-0.859999980777502,-2.70499993953854,1955,3,1955
51.8667,10.3333,1955-03-19,-9.84999977983534,-2.62999994121492,-6.23999986052513,1955,3,1955
51.8667,10.3333,1955-03-20,-12.3099997248501,-1.69999996200204,-7.00499984342605,1955,3,1955
51.8667,10.3333,1955-03-21,-8.2699998151511,-0.399999991059303,-4.3349999031052,1955,3,1955
51.8667,10.3333,1955-03-22,-8.51999980956316,0.00999999977648258,-4.25499990489334,1955,3,1955
51.8667,10.3333,1955-03-23,-1.33999997004867,5.49999987706542,2.07999995350838,1955,3,1955
51.8667,10.3333,1955-03-24,1.9499999564141,7.12999984063208,4.53999989852309,1955,3,1955
51.8667,10.3333,1955-03-25,5.84999986924231,13.1699997056276,9.50999978743494,1955,3,1955
51.8667,10.3333,1955-03-26,5.09999988600612,13.9099996890873,9.50499978754669,1955,3,1955
51.8667,10.3333,1955-03-27,7.53999983146787,14.8799996674061,11.209999749437,1955,3,1955
51.8667,10.3333,1955-03-28,-0.989999977871776,10.2799997702241,4.64499989617616,1955,3,1955
51.8667,10.3333,1955-03-29,-4.4199999012053,2.71999993920326,-0.849999981001019,1955,3,1955
51.8667,10.3333,1955-03-30,-3.97999991104007,1.98999995552003,-0.994999977760017,1955,3,1955
51.8667,10.3333,1955-03-31,-5.53999987617135,0.289999993517995,-2.62499994132668,1955,3,1955
51.8667,10.3333,1955-04-01,-7.71999982744455,3.36999992467463,-2.17499995138496,1955,4,1955
51.8667,10.3333,1955-04-02,-1.00999997742474,1.69999996200204,0.344999992288649,1955,4,1955
51.8667,10.3333,1955-04-03,-0.0599999986588955,6.60999985225499,3.27499992679805,1955,4,1955
51.8667,10.3333,1955-04-04,0.0999999977648258,10.9299997556955,5.51499987673014,1955,4,1955
51.8667,10.3333,1955-04-05,3.41999992355704,8.57999980822206,5.99999986588955,1955,4,1955
51.8667,10.3333,1955-04-06,3.68999991752207,6.83999984711409,5.26499988231808,1955,4,1955
51.8667,10.3333,1955-04-07,3.52999992109835,13.8099996913224,8.6699998062104,1955,4,1955
51.8667,10.3333,1955-04-08,4.02999990992248,11.6099997404963,7.81999982520938,1955,4,1955
51.8667,10.3333,1955-04-09,4.19999990612268,9.19999979436398,6.69999985024333,1955,4,1955
51.8667,10.3333,1955-04-10,1.99999995529652,6.81999984756112,4.40999990142882,1955,4,1955
51.8667,10.3333,1955-04-11,3.01999993249774,7.45999983325601,5.23999988287687,1955,4,1955
51.8667,10.3333,1955-04-12,3.70999991707504,6.73999984934926,5.22499988321215,1955,4,1955
51.8667,10.3333,1955-04-13,1.97999995574355,6.58999985270202,4.28499990422279,1955,4,1955
51.8667,10.3333,1955-04-14,3.3299999255687,9.28999979235232,6.30999985896051,1955,4,1955
51.8667,10.3333,1955-04-15,0.919999979436398,5.74999987147748,3.33499992545694,1955,4,1955
51.8667,10.3333,1955-04-16,0.549999987706542,6.35999985784292,3.45499992277473,1955,4,1955
51.8667,10.3333,1955-04-17,-1.44999996758997,2.87999993562698,0.714999984018505,1955,4,1955
51.8667,10.3333,1955-04-18,-1.43999996781349,10.1599997729063,4.35999990254641,1955,4,1955
51.8667,10.3333,1955-04-19,-1.61999996379018,5.61999987438321,1.99999995529652,1955,4,1955
51.8667,10.3333,1955-04-20,-4.14999990724027,7.45999983325601,1.65499996300787,1955,4,1955
51.8667,10.3333,1955-04-21,-0.00999999977648258,6.03999986499548,3.0149999326095,1955,4,1955
51.8667,10.3333,1955-04-22,0.449999989941716,4.37999990209937,2.41499994602054,1955,4,1955
51.8667,10.3333,1955-04-23,-2.53999994322658,4.05999990925193,0.759999983012676,1955,4,1955
51.8667,10.3333,1955-04-24,-2.32999994792044,8.70999980531633,3.18999992869794,1955,4,1955
51.8667,10.3333,1955-04-25,-0.0499999988824129,5.08999988622963,2.51999994367361,1955,4,1955
51.8667,10.3333,1955-04-26,-1.96999995596707,5.09999988600612,1.56499996501952,1955,4,1955
51.8667,10.3333,1955-04-27,-3.0999999307096,10.359999768436,3.62999991886318,1955,4,1955
51.8667,10.3333,1955-04-28,2.45999994501472,14.1599996834993,8.30999981425703,1955,4,1955
51.8667,10.3333,1955-04-29,7.22999983839691,19.1599995717406,13.1949997050688,1955,4,1955
51.8667,10.3333,1955-04-30,8.25999981537461,24.119999460876,16.1899996381253,1955,4,1955
51.8667,10.3333,1955-05-01,13.0599997080863,26.2199994139373,19.6399995610118,1955,5,NA
51.8667,10.3333,1955-05-02,10.6499997619539,21.7499995138496,16.1999996379018,1955,5,NA
51.8667,10.3333,1955-05-03,7.93999982252717,16.8999996222556,12.4199997223914,1955,5,NA
51.8667,10.3333,1955-05-04,5.65999987348914,12.2999997250736,8.97999979928136,1955,5,NA
51.8667,10.3333,1955-05-05,4.02999990992248,10.879999756813,7.45499983336776,1955,5,NA
51.8667,10.3333,1955-05-06,6.00999986566603,11.3599997460842,8.68499980587512,1955,5,NA
51.8667,10.3333,1955-05-07,5.53999987617135,16.7099996265024,11.1249997513369,1955,5,NA
51.8667,10.3333,1955-05-08,5.11999988555908,12.4899997208267,8.80499980319291,1955,5,NA
51.8667,10.3333,1955-05-09,4.94999988935888,13.8399996906519,9.39499979000539,1955,5,NA
51.8667,10.3333,1955-05-10,7.72999982722104,20.5799995400012,14.1549996836111,1955,5,NA
51.8667,10.3333,1955-05-11,7.1199998408556,13.4199997000396,10.2699997704476,1955,5,NA
51.8667,10.3333,1955-05-12,1.46999996714294,7.95999982208014,4.71499989461154,1955,5,NA
51.8667,10.3333,1955-05-13,-0.639999985694885,10.7699997592717,5.06499988678843,1955,5,NA
51.8667,10.3333,1955-05-14,3.39999992400408,15.5399996526539,9.46999978832901,1955,5,NA
51.8667,10.3333,1955-05-15,3.17999992892146,13.3199997022748,8.24999981559813,1955,5,NA
51.8667,10.3333,1955-05-16,2.37999994680285,8.4399998113513,5.40999987907708,1955,5,NA
51.8667,10.3333,1955-05-17,0.539999987930059,10.5799997635186,5.55999987572432,1955,5,NA
51.8667,10.3333,1955-05-18,4.04999990947545,12.889999711886,8.46999981068075,1955,5,NA
51.8667,10.3333,1955-05-19,3.71999991685152,11.6699997391552,7.69499982800335,1955,5,NA
51.8667,10.3333,1955-05-20,1.62999996356666,8.35999981313944,4.99499988835305,1955,5,NA
51.8667,10.3333,1955-05-21,0.559999987483025,7.38999983482063,3.97499991115183,1955,5,NA
51.8667,10.3333,1955-05-22,-0.0299999993294477,8.16999981738627,4.06999990902841,1955,5,NA
51.8667,10.3333,1955-05-23,-1.1499999742955,6.2599998600781,2.5549999428913,1955,5,NA
51.8667,10.3333,1955-05-24,-1.02999997697771,11.2599997483194,5.11499988567084,1955,5,NA
51.8667,10.3333,1955-05-25,6.7199998497963,12.5299997199327,9.62499978486449,1955,5,NA
51.8667,10.3333,1955-05-26,3.02999993227422,15.769999647513,9.39999978989363,1955,5,NA
51.8667,10.3333,1955-05-27,3.81999991461635,13.2899997029454,8.55499980878085,1955,5,NA
51.8667,10.3333,1955-05-28,4.42999990098178,11.2599997483194,7.84499982465059,1955,5,NA
51.8667,10.3333,1955-05-29,5.53999987617135,9.96999977715313,7.75499982666224,1955,5,NA
51.8667,10.3333,1955-05-30,2.56999994255602,16.8299996238202,9.6999997831881,1955,5,NA
51.8667,10.3333,1955-05-31,4.66999989561737,17.509999608621,11.0899997521192,1955,5,NA
51.8667,10.3333,1955-06-01,6.00999986566603,19.1199995726347,12.5649997191504,1955,6,NA
51.8667,10.3333,1955-06-02,4.99999988824129,13.3799997009337,9.18999979458749,1955,6,NA
51.8667,10.3333,1955-06-03,2.67999994009733,14.8699996676296,8.77499980386347,1955,6,NA
51.8667,10.3333,1955-06-04,3.2699999269098,15.3799996562302,9.32499979157001,1955,6,NA
51.8667,10.3333,1955-06-05,6.03999986499548,19.6999995596707,12.8699997123331,1955,6,NA
51.8667,10.3333,1955-06-06,11.1199997514486,18.379999589175,14.7499996703118,1955,6,NA
51.8667,10.3333,1955-06-07,8.31999981403351,20.5399995408952,14.4299996774644,1955,6,NA
51.8667,10.3333,1955-06-08,10.2699997704476,23.6599994711578,16.9649996208027,1955,6,NA
51.8667,10.3333,1955-06-09,9.34999979101121,15.7799996472895,12.5649997191504,1955,6,NA
51.8667,10.3333,1955-06-10,8.31999981403351,14.8099996689707,11.5649997415021,1955,6,NA
51.8667,10.3333,1955-06-11,5.62999987415969,9.67999978363514,7.65499982889742,1955,6,NA
51.8667,10.3333,1955-06-12,2.95999993383884,9.95999977737665,6.45999985560775,1955,6,NA
51.8667,10.3333,1955-06-13,4.03999990969896,13.3599997013807,8.69999980553985,1955,6,NA
51.8667,10.3333,1955-06-14,7.19999983906746,10.8099997583777,9.00499979872257,1955,6,NA
51.8667,10.3333,1955-06-15,7.78999982587993,12.9899997096509,10.3899997677654,1955,6,NA
51.8667,10.3333,1955-06-16,8.29999981448054,15.6699996497482,11.9849997321144,1955,6,NA
51.8667,10.3333,1955-06-17,6.44999985583127,14.0799996852875,10.2649997705594,1955,6,NA
51.8667,10.3333,1955-06-18,4.13999990746379,14.0799996852875,9.10999979637563,1955,6,NA
51.8667,10.3333,1955-06-19,2.02999995462596,17.2099996153265,9.61999978497624,1955,6,NA
51.8667,10.3333,1955-06-20,6.23999986052513,24.0099994633347,15.1249996619299,1955,6,NA
51.8667,10.3333,1955-06-21,15.2699996586889,21.0899995286018,18.1799995936453,1955,6,NA
51.8667,10.3333,1955-06-22,11.1499997507781,19.8899995554239,15.519999653101,1955,6,NA
51.8667,10.3333,1955-06-23,9.67999978363514,14.5399996750057,12.1099997293204,1955,6,NA
51.8667,10.3333,1955-06-24,10.2899997700006,21.8999995104969,16.0949996402487,1955,6,NA
51.8667,10.3333,1955-06-25,12.1399997286499,24.6299994494766,18.3849995890632,1955,6,NA
51.8667,10.3333,1955-06-26,14.7999996691942,26.5699994061142,20.6849995376542,1955,6,NA
51.8667,10.3333,1955-06-27,12.6999997161329,19.4299995657057,16.0649996409193,1955,6,NA
51.8667,10.3333,1955-06-28,9.89999977871776,18.9899995755404,14.4449996771291,1955,6,NA
51.8667,10.3333,1955-06-29,10.8299997579306,18.379999589175,14.6049996735528,1955,6,NA
51.8667,10.3333,1955-06-30,11.2499997485429,20.4999995417893,15.8749996451661,1955,6,NA
51.8667,10.3333,1955-07-01,11.8899997342378,16.7999996244907,14.3449996793643,1955,7,NA
51.8667,10.3333,1955-07-02,10.3499997686595,16.8099996242672,13.5799996964633,1955,7,NA
51.8667,10.3333,1955-07-03,10.899999756366,18.9799995757639,14.939999666065,1955,7,NA
51.8667,10.3333,1955-07-04,6.29999985918403,21.4499995205551,13.8749996898696,1955,7,NA
51.8667,10.3333,1955-07-05,9.15999979525805,17.6899996045977,13.4249996999279,1955,7,NA
51.8667,10.3333,1955-07-06,8.06999981962144,10.8099997583777,9.43999978899956,1955,7,NA
51.8667,10.3333,1955-07-07,8.35999981313944,12.5499997194856,10.4549997663125,1955,7,NA
51.8667,10.3333,1955-07-08,11.1099997516721,18.669999582693,14.8899996671826,1955,7,NA
51.8667,10.3333,1955-07-09,11.7799997366965,20.6299995388836,16.20499963779,1955,7,NA
51.8667,10.3333,1955-07-10,11.9599997326732,20.0899995509535,16.0249996418133,1955,7,NA
51.8667,10.3333,1955-07-11,10.2299997713417,21.4599995203316,15.8449996458367,1955,7,NA
51.8667,10.3333,1955-07-12,14.1299996841699,20.9899995308369,17.5599996075034,1955,7,NA
51.8667,10.3333,1955-07-13,14.7799996696413,22.2199995033443,18.4999995864928,1955,7,NA
51.8667,10.3333,1955-07-14,14.8199996687472,22.8899994883686,18.8549995785579,1955,7,NA
51.8667,10.3333,1955-07-15,12.6699997168034,21.799999512732,17.2349996147677,1955,7,NA
51.8667,10.3333,1955-07-16,12.8499997127801,25.1799994371831,19.0149995749816,1955,7,NA
51.8667,10.3333,1955-07-17,14.6999996714294,25.1999994367361,19.9499995540828,1955,7,NA
51.8667,10.3333,1955-07-18,12.1299997288734,26.4399994090199,19.2849995689467,1955,7,NA
51.8667,10.3333,1955-07-19,14.3299996796995,27.9299993757159,21.1299995277077,1955,7,NA
51.8667,10.3333,1955-07-20,14.5799996741116,20.7399995364249,17.6599996052682,1955,7,NA
51.8667,10.3333,1955-07-21,13.9099996890873,19.6799995601177,16.7949996246025,1955,7,NA
51.8667,10.3333,1955-07-22,12.079999729991,21.4399995207787,16.7599996253848,1955,7,NA
51.8667,10.3333,1955-07-23,14.5699996743351,23.249999480322,18.9099995773286,1955,7,NA
51.8667,10.3333,1955-07-24,12.3999997228384,19.0999995730817,15.7499996479601,1955,7,NA
51.8667,10.3333,1955-07-25,12.3999997228384,18.5799995847046,15.4899996537715,1955,7,NA
51.8667,10.3333,1955-07-26,11.1799997501075,18.0999995954335,14.6399996727705,1955,7,NA
51.8667,10.3333,1955-07-27,9.3599997907877,19.7099995594472,14.5349996751174,1955,7,NA
51.8667,10.3333,1955-07-28,12.1599997282028,18.6099995840341,15.3849996561185,1955,7,NA
51.8667,10.3333,1955-07-29,12.0999997295439,17.1399996168911,14.6199996732175,1955,7,NA
51.8667,10.3333,1955-07-30,11.9799997322261,18.5699995849282,15.2749996585771,1955,7,NA
51.8667,10.3333,1955-07-31,11.2999997474253,14.7099996712059,13.0049997093156,1955,7,NA
51.8667,10.3333,1955-08-01,12.0299997311085,18.0999995954335,15.064999663271,1955,8,NA
51.8667,10.3333,1955-08-02,12.889999711886,20.4399995431304,16.6649996275082,1955,8,NA
51.8667,10.3333,1955-08-03,13.4799996986985,19.4599995650351,16.4699996318668,1955,8,NA
51.8667,10.3333,1955-08-04,10.4399997666478,15.3199996575713,12.8799997121096,1955,8,NA
51.8667,10.3333,1955-08-05,8.82999980263412,15.8499996457249,12.3399997241795,1955,8,NA
51.8667,10.3333,1955-08-06,8.6099998075515,16.2599996365607,12.4349997220561,1955,8,NA
51.8667,10.3333,1955-08-07,9.42999978922307,18.7699995804578,14.0999996848404,1955,8,NA
51.8667,10.3333,1955-08-08,8.80999980308115,15.2499996591359,12.0299997311085,1955,8,NA
51.8667,10.3333,1955-08-09,7.45999983325601,13.2899997029454,10.3749997681007,1955,8,NA
51.8667,10.3333,1955-08-10,8.63999980688095,14.9999996647239,11.8199997358024,1955,8,NA
51.8667,10.3333,1955-08-11,9.31999979168177,20.079999551177,14.6999996714294,1955,8,NA
51.8667,10.3333,1955-08-12,10.879999756813,21.4399995207787,16.1599996387959,1955,8,NA
51.8667,10.3333,1955-08-13,10.7199997603893,20.6199995391071,15.6699996497482,1955,8,NA
51.8667,10.3333,1955-08-14,11.6099997404963,21.7599995136261,16.6849996270612,1955,8,NA
51.8667,10.3333,1955-08-15,12.9599997103214,22.3299995008856,17.6449996056035,1955,8,NA
51.8667,10.3333,1955-08-16,12.0099997315556,19.7599995583296,15.8849996449426,1955,8,NA
51.8667,10.3333,1955-08-17,10.7099997606128,19.8899995554239,15.2999996580184,1955,8,NA
51.8667,10.3333,1955-08-18,10.9599997550249,22.8399994894862,16.8999996222556,1955,8,NA
51.8667,10.3333,1955-08-19,12.5999997183681,22.3099995013326,17.4549996098503,1955,8,NA
51.8667,10.3333,1955-08-20,12.0999997295439,20.0899995509535,16.0949996402487,1955,8,NA
51.8667,10.3333,1955-08-21,14.069999685511,23.4099994767457,18.7399995811284,1955,8,NA
51.8667,10.3333,1955-08-22,12.1199997290969,24.1099994610995,18.1149995950982,1955,8,NA
51.8667,10.3333,1955-08-23,13.4799996986985,25.9399994201958,19.7099995594472,1955,8,NA
51.8667,10.3333,1955-08-24,13.199999704957,24.6299994494766,18.9149995772168,1955,8,NA
51.8667,10.3333,1955-08-25,12.5399997197092,20.6699995379895,16.6049996288493,1955,8,NA
51.8667,10.3333,1955-08-26,8.61999980732799,16.4099996332079,12.514999720268,1955,8,NA
51.8667,10.3333,1955-08-27,10.6599997617304,20.2399995476007,15.4499996546656,1955,8,NA
51.8667,10.3333,1955-08-28,13.799999691546,24.4999994523823,19.1499995719641,1955,8,NA
51.8667,10.3333,1955-08-29,12.1399997286499,17.3499996121973,14.7449996704236,1955,8,NA
51.8667,10.3333,1955-08-30,10.7399997599423,20.2499995473772,15.4949996536598,1955,8,NA
51.8667,10.3333,1955-08-31,11.6399997398257,20.0899995509535,15.8649996453896,1955,8,NA
51.8667,10.3333,1955-09-01,11.9699997324497,20.2099995482713,16.0899996403605,1955,9,NA
51.8667,10.3333,1955-09-02,11.6299997400492,20.4999995417893,16.0649996409193,1955,9,NA
51.8667,10.3333,1955-09-03,13.1599997058511,21.4199995212257,17.2899996135384,1955,9,NA
51.8667,10.3333,1955-09-04,12.8299997132272,19.6099995616823,16.2199996374547,1955,9,NA
51.8667,10.3333,1955-09-05,8.44999981112778,19.499999564141,13.9749996876344,1955,9,NA
51.8667,10.3333,1955-09-06,9.23999979346991,21.1399995274842,15.189999660477,1955,9,NA
51.8667,10.3333,1955-09-07,12.0899997297674,17.1299996171147,14.6099996734411,1955,9,NA
51.8667,10.3333,1955-09-08,11.3899997454137,17.799999602139,14.5949996737763,1955,9,NA
51.8667,10.3333,1955-09-09,12.3099997248501,20.369999544695,16.3399996347725,1955,9,NA
51.8667,10.3333,1955-09-10,10.5899997632951,21.9899995084852,16.2899996358901,1955,9,NA
51.8667,10.3333,1955-09-11,12.2599997259676,16.5599996298552,14.4099996779114,1955,9,NA
51.8667,10.3333,1955-09-12,9.9899997767061,18.8899995777756,14.4399996772408,1955,9,NA
51.8667,10.3333,1955-09-13,8.24999981559813,20.1499995496124,14.1999996826053,1955,9,NA
51.8667,10.3333,1955-09-14,8.55999980866909,15.4699996542186,12.0149997314438,1955,9,NA
51.8667,10.3333,1955-09-15,6.44999985583127,11.9499997328967,9.19999979436398,1955,9,NA
51.8667,10.3333,1955-09-16,5.9699998665601,8.81999980285764,7.39499983470887,1955,9,NA
51.8667,10.3333,1955-09-17,7.00999984331429,11.3599997460842,9.18499979469925,1955,9,NA
51.8667,10.3333,1955-09-18,8.36999981291592,13.4199997000396,10.8949997564778,1955,9,NA
51.8667,10.3333,1955-09-19,6.81999984756112,14.5899996738881,10.7049997607246,1955,9,NA
51.8667,10.3333,1955-09-20,5.57999987527728,14.9999996647239,10.2899997700006,1955,9,NA
51.8667,10.3333,1955-09-21,4.25999990478158,18.2199995927513,11.2399997487664,1955,9,NA
51.8667,10.3333,1955-09-22,6.64999985136092,20.5099995415658,13.5799996964633,1955,9,NA
51.8667,10.3333,1955-09-23,7.32999983616173,20.4199995435774,13.8749996898696,1955,9,NA
51.8667,10.3333,1955-09-24,7.47999983280897,18.5999995842576,13.0399997085333,1955,9,NA
51.8667,10.3333,1955-09-25,6.1999998614192,19.2399995699525,12.7199997156858,1955,9,NA
51.8667,10.3333,1955-09-26,8.47999981045723,17.239999614656,12.8599997125566,1955,9,NA
51.8667,10.3333,1955-09-27,9.90999977849424,14.5999996736646,12.2549997260794,1955,9,NA
51.8667,10.3333,1955-09-28,4.76999989338219,11.9299997333437,8.34999981336296,1955,9,NA
51.8667,10.3333,1955-09-29,5.60999987460673,11.2199997492135,8.41499981191009,1955,9,NA
51.8667,10.3333,1955-09-30,3.48999992199242,12.1999997273088,7.84499982465059,1955,9,NA
51.8667,10.3333,1955-10-01,4.61999989673495,15.2399996593595,9.9299997780472,1955,10,1956
51.8667,10.3333,1955-10-02,7.91999982297421,13.6399996951222,10.7799997590482,1955,10,1956
51.8667,10.3333,1955-10-03,4.20999990589917,15.2499996591359,9.72999978251755,1955,10,1956
51.8667,10.3333,1955-10-04,4.77999989315867,14.3999996781349,9.5899997856468,1955,10,1956
51.8667,10.3333,1955-10-05,6.64999985136092,13.9099996890873,10.2799997702241,1955,10,1956
51.8667,10.3333,1955-10-06,4.32999990321696,11.9699997324497,8.1499998178333,1955,10,1956
51.8667,10.3333,1955-10-07,6.58999985270202,11.1799997501075,8.88499980140477,1955,10,1956
51.8667,10.3333,1955-10-08,6.23999986052513,9.65999978408217,7.94999982230365,1955,10,1956
51.8667,10.3333,1955-10-09,5.44999987818301,12.2099997270852,8.82999980263412,1955,10,1956
51.8667,10.3333,1955-10-10,4.44999990053475,13.2999997027218,8.87499980162829,1955,10,1956
51.8667,10.3333,1955-10-11,3.02999993227422,13.8199996910989,8.42499981168658,1955,10,1956
51.8667,10.3333,1955-10-12,7.82999982498586,14.6099996734411,11.2199997492135,1955,10,1956
51.8667,10.3333,1955-10-13,7.38999983482063,16.1599996387959,11.7749997368082,1955,10,1956
51.8667,10.3333,1955-10-14,6.45999985560775,15.9199996441603,11.189999749884,1955,10,1956
51.8667,10.3333,1955-10-15,7.32999983616173,14.8499996680766,11.0899997521192,1955,10,1956
51.8667,10.3333,1955-10-16,6.5999998524785,10.899999756366,8.74999980442226,1955,10,1956
51.8667,10.3333,1955-10-17,0.949999978765845,7.15999983996153,4.05499990936369,1955,10,1956
51.8667,10.3333,1955-10-18,1.3799999691546,3.96999991126359,2.67499994020909,1955,10,1956
51.8667,10.3333,1955-10-19,0.509999988600612,5.70999987237155,3.10999993048608,1955,10,1956
51.8667,10.3333,1955-10-20,0.669999985024333,7.27999983727932,3.97499991115183,1955,10,1956
51.8667,10.3333,1955-10-21,4.54999989829957,14.2999996803701,9.42499978933483,1955,10,1956
51.8667,10.3333,1955-10-22,7.66999982856214,15.2499996591359,11.459999743849,1955,10,1956
51.8667,10.3333,1955-10-23,6.33999985828996,11.0999997518957,8.71999980509281,1955,10,1956
51.8667,10.3333,1955-10-24,5.2799998819828,7.50999983213842,6.39499985706061,1955,10,1956
51.8667,10.3333,1955-10-25,3.62999991886318,6.13999986276031,4.88499989081174,1955,10,1956
51.8667,10.3333,1955-10-26,3.65999991819263,8.19999981671572,5.92999986745417,1955,10,1956
51.8667,10.3333,1955-10-27,3.31999992579222,8.28999981470406,5.80499987024814,1955,10,1956
51.8667,10.3333,1955-10-28,1.73999996110797,4.82999989204109,3.28499992657453,1955,10,1956
51.8667,10.3333,1955-10-29,1.02999997697771,3.23999992758036,2.13499995227903,1955,10,1956
51.8667,10.3333,1955-10-30,-0.34999999217689,3.62999991886318,1.63999996334314,1955,10,1956
51.8667,10.3333,1955-10-31,0.419999990612268,2.32999994792044,1.37499996926636,1955,10,1956
51.8667,10.3333,1955-11-01,-1.63999996334314,4.26999990455806,1.31499997060746,1955,11,1956
51.8667,10.3333,1955-11-02,-5.78999987058342,3.33999992534518,-1.22499997261912,1955,11,1956
51.8667,10.3333,1955-11-03,-4.7099998947233,3.27999992668629,-0.714999984018505,1955,11,1956
51.8667,10.3333,1955-11-04,-2.14999995194376,8.31999981403351,3.08499993104488,1955,11,1956
51.8667,10.3333,1955-11-05,2.38999994657934,10.4299997668713,6.40999985672534,1955,11,1956
51.8667,10.3333,1955-11-06,7.78999982587993,13.4799996986985,10.6349997622892,1955,11,1956
51.8667,10.3333,1955-11-07,8.41999981179833,14.049999685958,11.2349997488782,1955,11,1956
51.8667,10.3333,1955-11-08,7.92999982275069,16.5299996305257,12.2299997266382,1955,11,1956
51.8667,10.3333,1955-11-09,6.3699998576194,14.6199996732175,10.4949997654185,1955,11,1956
51.8667,10.3333,1955-11-10,6.09999986365438,12.9699997100979,9.53499978687614,1955,11,1956
51.8667,10.3333,1955-11-11,5.67999987304211,9.89999977871776,7.78999982587993,1955,11,1956
51.8667,10.3333,1955-11-12,2.81999993696809,11.9599997326732,7.38999983482063,1955,11,1956
51.8667,10.3333,1955-11-13,2.41999994590878,9.10999979637563,5.76499987114221,1955,11,1956
51.8667,10.3333,1955-11-14,2.58999994210899,7.36999983526766,4.97999988868833,1955,11,1956
51.8667,10.3333,1955-11-15,-0.0199999995529652,4.04999990947545,2.01499995496124,1955,11,1956
51.8667,10.3333,1955-11-16,-1.70999996177852,2.19999995082617,0.244999994523823,1955,11,1956
51.8667,10.3333,1955-11-17,-1.67999996244907,4.63999989628792,1.47999996691942,1955,11,1956
51.8667,10.3333,1955-11-18,-2.74999993853271,1.8399999588728,-0.454999989829957,1955,11,1956
51.8667,10.3333,1955-11-19,-3.06999993138015,1.49999996647239,-0.784999982453883,1955,11,1956
51.8667,10.3333,1955-11-20,-0.0699999984353781,3.31999992579222,1.62499996367842,1955,11,1956
51.8667,10.3333,1955-11-21,-0.219999995082617,3.77999991551042,1.7799999602139,1955,11,1956
51.8667,10.3333,1955-11-22,-0.369999991729856,3.37999992445111,1.50499996636063,1955,11,1956
51.8667,10.3333,1955-11-23,1.06999997608364,5.44999987818301,3.25999992713332,1955,11,1956
51.8667,10.3333,1955-11-24,0.799999982118607,4.48999989964068,2.64499994087964,1955,11,1956
51.8667,10.3333,1955-11-25,-1.87999995797873,1.72999996133149,-0.0749999983236194,1955,11,1956
51.8667,10.3333,1955-11-26,-6.84999984689057,-1.72999996133149,-4.28999990411103,1955,11,1956
51.8667,10.3333,1955-11-27,-6.8899998459965,0.459999989718199,-3.21499992813915,1955,11,1956
51.8667,10.3333,1955-11-28,0.239999994635582,3.2699999269098,1.75499996077269,1955,11,1956
51.8667,10.3333,1955-11-29,2.2399999499321,3.729999916628,2.98499993328005,1955,11,1956
51.8667,10.3333,1955-11-30,1.30999997071922,4.27999990433455,2.79499993752688,1955,11,1956
51.8667,10.3333,1955-12-01,-1.43999996781349,3.56999992020428,1.06499997619539,1955,12,1956
51.8667,10.3333,1955-12-02,-0.88999998010695,3.45999992266297,1.28499997127801,1955,12,1956
51.8667,10.3333,1955-12-03,0.239999994635582,4.36999990232289,2.30499994847924,1955,12,1956
51.8667,10.3333,1955-12-04,0.959999978542328,4.46999990008771,2.71499993931502,1955,12,1956
51.8667,10.3333,1955-12-05,2.65999994054437,4.99999988824129,3.82999991439283,1955,12,1956
51.8667,10.3333,1955-12-06,2.009999955073,3.86999991349876,2.93999993428588,1955,12,1956
51.8667,10.3333,1955-12-07,2.09999995306134,6.029999865219,4.06499990914017,1955,12,1956
51.8667,10.3333,1955-12-08,4.57999989762902,6.68999985046685,5.63499987404794,1955,12,1956
51.8667,10.3333,1955-12-09,0.509999988600612,6.93999984487891,3.72499991673976,1955,12,1956
51.8667,10.3333,1955-12-10,-0.859999980777502,1.0899999756366,0.11499999742955,1955,12,1956
51.8667,10.3333,1955-12-11,-0.329999992623925,4.05999990925193,1.864999958314,1955,12,1956
51.8667,10.3333,1955-12-12,-3.33999992534518,3.53999992087483,0.0999999977648258,1955,12,1956
51.8667,10.3333,1955-12-13,-8.78999980352819,-1.45999996736646,-5.12499988544732,1955,12,1956
51.8667,10.3333,1955-12-14,-11.0299997534603,-2.10999995283782,-6.56999985314906,1955,12,1956
51.8667,10.3333,1955-12-15,-7.31999983638525,3.30999992601573,-2.00499995518476,1955,12,1956
51.8667,10.3333,1955-12-16,0.849999981001019,5.24999988265336,3.04999993182719,1955,12,1956
51.8667,10.3333,1955-12-17,3.45999992266297,6.35999985784292,4.90999989025295,1955,12,1956
51.8667,10.3333,1955-12-18,1.4899999666959,6.01999986544251,3.75499991606921,1955,12,1956
51.8667,10.3333,1955-12-19,-6.14999986253679,1.8399999588728,-2.154999951832,1955,12,1956
51.8667,10.3333,1955-12-20,-2.48999994434416,-0.649999985471368,-1.56999996490777,1955,12,1956
51.8667,10.3333,1955-12-21,-6.14999986253679,0.00999999977648258,-3.06999993138015,1955,12,1956
51.8667,10.3333,1955-12-22,-6.26999985985458,1.49999996647239,-2.3849999466911,1955,12,1956
51.8667,10.3333,1955-12-23,-4.04999990947545,1.3199999704957,-1.36499996948987,1955,12,1956
51.8667,10.3333,1955-12-24,-4.11999990791082,2.6399999409914,-0.739999983459711,1955,12,1956
51.8667,10.3333,1955-12-25,1.719999961555,4.46999990008771,3.09499993082136,1955,12,1956
51.8667,10.3333,1955-12-26,1.95999995619059,4.03999990969896,2.99999993294477,1955,12,1956
51.8667,10.3333,1955-12-27,1.82999995909631,4.6499998960644,3.23999992758036,1955,12,1956
51.8667,10.3333,1955-12-28,2.84999993629754,4.8799998909235,3.86499991361052,1955,12,1956
51.8667,10.3333,1955-12-29,2.76999993808568,10.049999775365,6.40999985672534,1955,12,1956
51.8667,10.3333,1955-12-30,0.959999978542328,9.66999978385866,5.31499988120049,1955,12,1956
51.8667,10.3333,1955-12-31,-0.34999999217689,2.4099999461323,1.02999997697771,1955,12,1956
51.8667,10.3333,1956-01-01,-0.849999981001019,1.53999996557832,0.344999992288649,1956,1,1956
51.8667,10.3333,1956-01-02,-1.36999996937811,0.96999997831881,-0.199999995529652,1956,1,1956
51.8667,10.3333,1956-01-03,-1.95999995619059,2.34999994747341,0.19499999564141,1956,1,1956
51.8667,10.3333,1956-01-04,-5.42999987863004,-1.34999996982515,-3.3899999242276,1956,1,1956
51.8667,10.3333,1956-01-05,-5.35999988019466,2.22999995015562,-1.56499996501952,1956,1,1956
51.8667,10.3333,1956-01-06,0.139999996870756,4.12999990768731,2.13499995227903,1956,1,1956
51.8667,10.3333,1956-01-07,-1.0899999756366,1.81999995931983,0.364999991841614,1956,1,1956
51.8667,10.3333,1956-01-08,-4.57999989762902,0.249999994412065,-2.16499995160848,1956,1,1956
51.8667,10.3333,1956-01-09,-6.68999985046685,-1.95999995619059,-4.32499990332872,1956,1,1956
51.8667,10.3333,1956-01-10,-4.58999989740551,-1.51999996602535,-3.05499993171543,1956,1,1956
51.8667,10.3333,1956-01-11,-3.58999991975725,-0.379999991506338,-1.98499995563179,1956,1,1956
51.8667,10.3333,1956-01-12,-1.9499999564141,3.57999991998076,0.81499998178333,1956,1,1956
51.8667,10.3333,1956-01-13,2.87999993562698,6.55999985337257,4.71999989449978,1956,1,1956
51.8667,10.3333,1956-01-14,0.389999991282821,6.61999985203147,3.50499992165715,1956,1,1956
51.8667,10.3333,1956-01-15,-2.06999995373189,2.85999993607402,0.394999991171062,1956,1,1956
51.8667,10.3333,1956-01-16,0.739999983459711,4.16999990679324,2.45499994512647,1956,1,1956
51.8667,10.3333,1956-01-17,-0.129999997094274,2.22999995015562,1.04999997653067,1956,1,1956
51.8667,10.3333,1956-01-18,0.479999989271164,2.78999993763864,1.6349999634549,1956,1,1956
51.8667,10.3333,1956-01-19,-0.30999999307096,2.77999993786216,1.2349999723956,1956,1,1956
51.8667,10.3333,1956-01-20,-2.78999993763864,0.0499999988824129,-1.36999996937811,1956,1,1956
51.8667,10.3333,1956-01-21,-2.02999995462596,2.8699999358505,0.419999990612268,1956,1,1956
51.8667,10.3333,1956-01-22,0.189999995753169,2.59999994188547,1.39499996881932,1956,1,1956
51.8667,10.3333,1956-01-23,-0.0299999993294477,4.59999989718199,2.28499994892627,1956,1,1956
51.8667,10.3333,1956-01-24,-0.939999978989363,4.00999991036952,1.53499996569008,1956,1,1956
51.8667,10.3333,1956-01-25,-1.97999995574355,3.82999991439283,0.924999979324639,1956,1,1956
51.8667,10.3333,1956-01-26,-4.28999990411103,-1.24999997206032,-2.76999993808568,1956,1,1956
51.8667,10.3333,1956-01-27,-6.37999985739589,-1.21999997273088,-3.79999991506338,1956,1,1956
51.8667,10.3333,1956-01-28,-5.64999987371266,0.589999986812472,-2.52999994345009,1956,1,1956
51.8667,10.3333,1956-01-29,-11.1799997501075,-2.42999994568527,-6.8049998478964,1956,1,1956
51.8667,10.3333,1956-01-30,-9.90999977849424,-2.44999994523823,-6.17999986186624,1956,1,1956
51.8667,10.3333,1956-01-31,-14.4699996765703,-8.00999982096255,-11.2399997487664,1956,1,1956
51.8667,10.3333,1956-02-01,-20.659999538213,-13.7199996933341,-17.1899996157736,1956,2,1956
51.8667,10.3333,1956-02-02,-24.0199994631112,-18.8799995779991,-21.4499995205551,1956,2,1956
51.8667,10.3333,1956-02-03,-22.7099994923919,-9.89999977871776,-16.3049996355549,1956,2,1956
51.8667,10.3333,1956-02-04,-10.1899997722358,-4.46999990008771,-7.32999983616173,1956,2,1956
51.8667,10.3333,1956-02-05,-10.0799997746944,-5.29999988153577,-7.68999982811511,1956,2,1956
51.8667,10.3333,1956-02-06,-12.0099997315556,-3.20999992825091,-7.60999982990324,1956,2,1956
51.8667,10.3333,1956-02-07,-10.3999997675419,-2.82999993674457,-6.61499985214323,1956,2,1956
51.8667,10.3333,1956-02-08,-10.8899997565895,-5.0499998871237,-7.96999982185662,1956,2,1956
51.8667,10.3333,1956-02-09,-12.8199997134507,-2.18999995104969,-7.50499983225018,1956,2,1956
51.8667,10.3333,1956-02-10,-18.5699995849282,-12.2199997268617,-15.3949996558949,1956,2,1956
51.8667,10.3333,1956-02-11,-18.5899995844811,-10.8399997577071,-14.7149996710941,1956,2,1956
51.8667,10.3333,1956-02-12,-21.0499995294958,-13.8699996899813,-17.4599996097386,1956,2,1956
51.8667,10.3333,1956-02-13,-20.6699995379895,-8.80999980308115,-14.7399996705353,1956,2,1956
51.8667,10.3333,1956-02-14,-15.3799996562302,-8.62999980710447,-12.0049997316673,1956,2,1956
51.8667,10.3333,1956-02-15,-14.9999996647239,-10.8599997572601,-12.929999710992,1956,2,1956
51.8667,10.3333,1956-02-16,-20.5799995400012,-10.4099997673184,-15.4949996536598,1956,2,1956
51.8667,10.3333,1956-02-17,-20.1499995496124,-7.32999983616173,-13.7399996928871,1956,2,1956
51.8667,10.3333,1956-02-18,-17.8899996001273,-8.08999981917441,-12.9899997096509,1956,2,1956
51.8667,10.3333,1956-02-19,-15.3999996557832,-8.6699998062104,-12.0349997309968,1956,2,1956
51.8667,10.3333,1956-02-20,-15.2699996586889,-10.4499997664243,-12.8599997125566,1956,2,1956
51.8667,10.3333,1956-02-21,-17.5499996077269,-8.75999980419874,-13.1549997059628,1956,2,1956
51.8667,10.3333,1956-02-22,-15.4399996548891,-6.22999986074865,-10.8349997578189,1956,2,1956
51.8667,10.3333,1956-02-23,-15.5699996519834,-10.4899997655302,-13.0299997087568,1956,2,1956
51.8667,10.3333,1956-02-24,-18.4999995864928,-9.77999978139997,-14.1399996839464,1956,2,1956
51.8667,10.3333,1956-02-25,-18.3399995900691,-5.15999988466501,-11.749999737367,1956,2,1956
51.8667,10.3333,1956-02-26,-17.5499996077269,-3.9599999114871,-10.754999759607,1956,2,1956
51.8667,10.3333,1956-02-27,-15.4899996537715,-2.94999993406236,-9.21999979391694,1956,2,1956
51.8667,10.3333,1956-02-28,-12.6799997165799,-0.129999997094274,-6.40499985683709,1956,2,1956
51.8667,10.3333,1956-02-29,-3.10999993048608,0.649999985471368,-1.22999997250736,1956,2,1956
51.8667,10.3333,1956-03-01,0.159999996423721,2.87999993562698,1.51999996602535,1956,3,1956
51.8667,10.3333,1956-03-02,-0.409999990835786,3.10999993048608,1.34999996982515,1956,3,1956
51.8667,10.3333,1956-03-03,1.09999997541308,6.5999998524785,3.84999991394579,1956,3,1956
51.8667,10.3333,1956-03-04,0.92999997921288,4.91999989002943,2.92499993462116,1956,3,1956
51.8667,10.3333,1956-03-05,-0.789999982342124,3.65999991819263,1.43499996792525,1956,3,1956
51.8667,10.3333,1956-03-06,-2.45999994501472,1.34999996982515,-0.554999987594783,1956,3,1956
51.8667,10.3333,1956-03-07,-2.59999994188547,2.72999993897974,0.0649999985471368,1956,3,1956
51.8667,10.3333,1956-03-08,-4.63999989628792,1.19999997317791,-1.719999961555,1956,3,1956
51.8667,10.3333,1956-03-09,-10.049999775365,-0.899999979883432,-5.47499987762421,1956,3,1956
51.8667,10.3333,1956-03-10,-9.91999977827072,0.919999979436398,-4.49999989941716,1956,3,1956
51.8667,10.3333,1956-03-11,-8.13999981805682,-1.40999996848404,-4.77499989327043,1956,3,1956
51.8667,10.3333,1956-03-12,-8.16999981738627,-1.52999996580184,-4.84999989159405,1956,3,1956
51.8667,10.3333,1956-03-13,-5.75999987125397,-2.49999994412065,-4.12999990768731,1956,3,1956
51.8667,10.3333,1956-03-14,-7.91999982297421,0.65999998524785,-3.62999991886318,1956,3,1956
51.8667,10.3333,1956-03-15,-4.89999989047647,-1.4899999666959,-3.19499992858618,1956,3,1956
51.8667,10.3333,1956-03-16,-6.61999985203147,-1.62999996356666,-4.12499990779907,1956,3,1956
51.8667,10.3333,1956-03-17,-8.2699998151511,4.85999989137053,-1.70499996189028,1956,3,1956
51.8667,10.3333,1956-03-18,-5.90999986790121,5.48999987728894,-0.209999995306134,1956,3,1956
51.8667,10.3333,1956-03-19,-3.06999993138015,5.46999987773597,1.19999997317791,1956,3,1956
51.8667,10.3333,1956-03-20,-3.24999992735684,4.21999990567565,0.484999989159405,1956,3,1956
51.8667,10.3333,1956-03-21,-3.39999992400408,4.58999989740551,0.594999986700714,1956,3,1956
51.8667,10.3333,1956-03-22,-1.23999997228384,12.2199997268617,5.48999987728894,1956,3,1956
51.8667,10.3333,1956-03-23,-0.339999992400408,12.8299997132272,6.24499986041337,1956,3,1956
51.8667,10.3333,1956-03-24,1.41999996826053,8.13999981805682,4.77999989315867,1956,3,1956
51.8667,10.3333,1956-03-25,-0.419999990612268,15.4399996548891,7.50999983213842,1956,3,1956
51.8667,10.3333,1956-03-26,1.09999997541308,11.9299997333437,6.5149998543784,1956,3,1956
51.8667,10.3333,1956-03-27,1.27999997138977,9.48999978788197,5.38499987963587,1956,3,1956
51.8667,10.3333,1956-03-28,-1.19999997317791,5.37999987974763,2.08999995328486,1956,3,1956
51.8667,10.3333,1956-03-29,-0.519999988377094,6.89999984577298,3.18999992869794,1956,3,1956
51.8667,10.3333,1956-03-30,0.30999999307096,14.0599996857345,7.18499983940274,1956,3,1956
51.8667,10.3333,1956-03-31,1.78999995999038,17.2599996142089,9.52499978709966,1956,3,1956
51.8667,10.3333,1956-04-01,3.71999991685152,12.0199997313321,7.86999982409179,1956,4,1956
51.8667,10.3333,1956-04-02,-0.0999999977648258,5.11999988555908,2.50999994389713,1956,4,1956
51.8667,10.3333,1956-04-03,-0.119999997317791,6.97999984398484,3.42999992333353,1956,4,1956
51.8667,10.3333,1956-04-04,-0.259999994188547,8.85999980196357,4.29999990388751,1956,4,1956
51.8667,10.3333,1956-04-05,-1.49999996647239,5.14999988488853,1.82499995920807,1956,4,1956
51.8667,10.3333,1956-04-06,-3.02999993227422,1.58999996446073,-0.719999983906746,1956,4,1956
51.8667,10.3333,1956-04-07,-4.34999990276992,-0.319999992847443,-2.33499994780868,1956,4,1956
51.8667,10.3333,1956-04-08,-5.14999988488853,0.719999983906746,-2.21499995049089,1956,4,1956
51.8667,10.3333,1956-04-09,-7.76999982632697,0.999999977648258,-3.38499992433935,1956,4,1956
51.8667,10.3333,1956-04-10,0.0999999977648258,7.36999983526766,3.73499991651624,1956,4,1956
51.8667,10.3333,1956-04-11,1.56999996490777,12.9199997112155,7.24499983806163,1956,4,1956
51.8667,10.3333,1956-04-12,-0.569999987259507,8.52999980933964,3.97999991104007,1956,4,1956
51.8667,10.3333,1956-04-13,-3.20999992825091,9.13999979570508,2.96499993372709,1956,4,1956
51.8667,10.3333,1956-04-14,1.66999996267259,9.99999977648258,5.83499986957759,1956,4,1956
51.8667,10.3333,1956-04-15,5.09999988600612,11.9099997337908,8.50499980989844,1956,4,1956
51.8667,10.3333,1956-04-16,3.04999993182719,7.56999983079731,5.30999988131225,1956,4,1956
51.8667,10.3333,1956-04-17,0.499999988824129,4.05999990925193,2.27999994903803,1956,4,1956
51.8667,10.3333,1956-04-18,-1.68999996222556,0.709999984130263,-0.489999989047647,1956,4,1956
51.8667,10.3333,1956-04-19,-2.50999994389713,3.48999992199242,0.489999989047647,1956,4,1956
51.8667,10.3333,1956-04-20,-2.04999995417893,2.89999993517995,0.42499999050051,1956,4,1956
51.8667,10.3333,1956-04-21,-1.32999997027218,3.89999991282821,1.28499997127801,1956,4,1956
51.8667,10.3333,1956-04-22,-0.819999981671572,4.62999989651144,1.90499995741993,1956,4,1956
51.8667,10.3333,1956-04-23,-2.43999994546175,6.08999986387789,1.82499995920807,1956,4,1956
51.8667,10.3333,1956-04-24,-2.45999994501472,8.72999980486929,3.13499992992729,1956,4,1956
51.8667,10.3333,1956-04-25,-0.459999989718199,7.91999982297421,3.729999916628,1956,4,1956
51.8667,10.3333,1956-04-26,0.359999991953373,8.23999981582165,4.29999990388751,1956,4,1956
51.8667,10.3333,1956-04-27,0.369999991729856,11.2499997485429,5.80999987013638,1956,4,1956
51.8667,10.3333,1956-04-28,2.43999994546175,15.4199996553361,8.92999980039895,1956,4,1956
51.8667,10.3333,1956-04-29,3.70999991707504,15.7199996486306,9.71499978285283,1956,4,1956
51.8667,10.3333,1956-04-30,4.44999990053475,10.3999997675419,7.42499983403832,1956,4,1956
51.8667,10.3333,1956-05-01,2.76999993808568,7.95999982208014,5.36499988008291,1956,5,NA
51.8667,10.3333,1956-05-02,1.42999996803701,5.81999986991286,3.62499991897494,1956,5,NA
51.8667,10.3333,1956-05-03,2.78999993763864,5.22999988310039,4.00999991036952,1956,5,NA
51.8667,10.3333,1956-05-04,3.76999991573393,13.2299997042865,8.49999981001019,1956,5,NA
51.8667,10.3333,1956-05-05,3.58999991975725,17.1499996166676,10.3699997682124,1956,5,NA
51.8667,10.3333,1956-05-06,6.30999985896051,18.9099995773286,12.6099997181445,1956,5,NA
51.8667,10.3333,1956-05-07,8.65999980643392,21.4999995194376,15.0799996629357,1956,5,NA
51.8667,10.3333,1956-05-08,9.54999978654087,19.2399995699525,14.3949996782467,1956,5,NA
51.8667,10.3333,1956-05-09,9.42999978922307,18.8099995795637,14.1199996843934,1956,5,NA
51.8667,10.3333,1956-05-10,5.54999987594783,18.399999588728,11.9749997323379,1956,5,NA
51.8667,10.3333,1956-05-11,5.49999987706542,14.4199996776879,9.95999977737665,1956,5,NA
51.8667,10.3333,1956-05-12,5.17999988421798,12.9799997098744,9.07999979704618,1956,5,NA
51.8667,10.3333,1956-05-13,5.31999988108873,9.57999978587031,7.44999983347952,1956,5,NA
51.8667,10.3333,1956-05-14,4.4199999012053,11.1799997501075,7.79999982565641,1956,5,NA
51.8667,10.3333,1956-05-15,4.91999989002943,15.5499996524304,10.2349997712299,1956,5,NA
51.8667,10.3333,1956-05-16,4.00999991036952,12.6499997172505,8.32999981380999,1956,5,NA
51.8667,10.3333,1956-05-17,4.97999988868833,17.7099996041507,11.3449997464195,1956,5,NA
51.8667,10.3333,1956-05-18,6.5999998524785,12.2199997268617,9.40999978967011,1956,5,NA
51.8667,10.3333,1956-05-19,2.76999993808568,11.8499997351319,7.30999983660877,1956,5,NA
51.8667,10.3333,1956-05-20,2.25999994948506,9.33999979123473,5.7999998703599,1956,5,NA
51.8667,10.3333,1956-05-21,1.39999996870756,9.31999979168177,5.35999988019466,1956,5,NA
51.8667,10.3333,1956-05-22,0.479999989271164,13.9299996886402,7.2049998389557,1956,5,NA
51.8667,10.3333,1956-05-23,3.84999991394579,18.0299995969981,10.9399997554719,1956,5,NA
51.8667,10.3333,1956-05-24,7.64999982900918,21.219999525696,14.4349996773526,1956,5,NA
51.8667,10.3333,1956-05-25,8.98999979905784,23.3599994778633,16.1749996384606,1956,5,NA
51.8667,10.3333,1956-05-26,10.4299997668713,20.8199995346367,15.624999650754,1956,5,NA
51.8667,10.3333,1956-05-27,8.45999981090426,11.499999742955,9.97999977692962,1956,5,NA
51.8667,10.3333,1956-05-28,5.47999987751245,16.639999628067,11.0599997527897,1956,5,NA
51.8667,10.3333,1956-05-29,3.83999991416931,22.959999486804,13.3999997004867,1956,5,NA
51.8667,10.3333,1956-05-30,9.54999978654087,24.699999447912,17.1249996172264,1956,5,NA
51.8667,10.3333,1956-05-31,12.8499997127801,24.5499994512647,18.6999995820224,1956,5,NA
51.8667,10.3333,1956-06-01,12.5499997194856,26.7399994023144,19.6449995609,1956,6,NA
51.8667,10.3333,1956-06-02,8.94999979995191,15.1599996611476,12.0549997305498,1956,6,NA
51.8667,10.3333,1956-06-03,5.66999987326562,19.3499995674938,12.5099997203797,1956,6,NA
51.8667,10.3333,1956-06-04,10.0999997742474,17.6399996057153,13.8699996899813,1956,6,NA
51.8667,10.3333,1956-06-05,10.7399997599423,21.4999995194376,16.1199996396899,1956,6,NA
51.8667,10.3333,1956-06-06,12.8499997127801,18.5399995855987,15.6949996491894,1956,6,NA
51.8667,10.3333,1956-06-07,10.7599997594953,20.09999955073,15.4299996551126,1956,6,NA
51.8667,10.3333,1956-06-08,11.9699997324497,18.939999576658,15.4549996545538,1956,6,NA
51.8667,10.3333,1956-06-09,6.94999984465539,14.4199996776879,10.6849997611716,1956,6,NA
51.8667,10.3333,1956-06-10,7.29999983683228,11.9899997320026,9.64499978441745,1956,6,NA
51.8667,10.3333,1956-06-11,9.44999978877604,13.4799996986985,11.4649997437373,1956,6,NA
51.8667,10.3333,1956-06-12,8.47999981045723,10.7699997592717,9.62499978486449,1956,6,NA
51.8667,10.3333,1956-06-13,8.27999981492758,14.6099996734411,11.4449997441843,1956,6,NA
51.8667,10.3333,1956-06-14,9.59999978542328,17.5199996083975,13.5599996969104,1956,6,NA
51.8667,10.3333,1956-06-15,5.25999988242984,15.499999653548,10.3799997679889,1956,6,NA
51.8667,10.3333,1956-06-16,5.98999986611307,11.6899997387081,8.8399998024106,1956,6,NA
51.8667,10.3333,1956-06-17,5.03999988734722,12.9599997103214,8.99999979883432,1956,6,NA
51.8667,10.3333,1956-06-18,6.75999984890223,15.0299996640533,10.8949997564778,1956,6,NA
51.8667,10.3333,1956-06-19,9.89999977871776,17.6099996063858,13.7549996925518,1956,6,NA
51.8667,10.3333,1956-06-20,9.49999978765845,17.2699996139854,13.3849997008219,1956,6,NA
51.8667,10.3333,1956-06-21,8.6099998075515,14.379999678582,11.4949997430667,1956,6,NA
51.8667,10.3333,1956-06-22,6.1999998614192,10.7899997588247,8.49499981012195,1956,6,NA
51.8667,10.3333,1956-06-23,6.029999865219,15.229999659583,10.629999762401,1956,6,NA
51.8667,10.3333,1956-06-24,9.9899997767061,16.7099996265024,13.3499997016042,1956,6,NA
51.8667,10.3333,1956-06-25,8.01999982073903,10.7899997588247,9.40499978978187,1956,6,NA
51.8667,10.3333,1956-06-26,7.14999984018505,10.6899997610599,8.91999980062246,1956,6,NA
51.8667,10.3333,1956-06-27,8.56999980844557,16.3299996349961,12.4499997217208,1956,6,NA
51.8667,10.3333,1956-06-28,7.93999982252717,15.1399996615946,11.5399997420609,1956,6,NA
51.8667,10.3333,1956-06-29,6.58999985270202,13.0599997080863,9.82499978039414,1956,6,NA
51.8667,10.3333,1956-06-30,7.9799998216331,11.9499997328967,9.96499977726489,1956,6,NA
51.8667,10.3333,1956-07-01,8.38999981246889,16.9799996204674,12.6849997164682,1956,7,NA
51.8667,10.3333,1956-07-02,9.56999978609383,23.7299994695932,16.6499996278435,1956,7,NA
51.8667,10.3333,1956-07-03,13.2299997042865,23.9699994642287,18.5999995842576,1956,7,NA
51.8667,10.3333,1956-07-04,10.9399997554719,15.9599996432662,13.4499996993691,1956,7,NA
51.8667,10.3333,1956-07-05,10.0399997755885,18.5799995847046,14.3099996801466,1956,7,NA
51.8667,10.3333,1956-07-06,13.0799997076392,21.9699995089322,17.5249996082857,1956,7,NA
51.8667,10.3333,1956-07-07,12.0099997315556,19.5999995619059,15.8049996467307,1956,7,NA
51.8667,10.3333,1956-07-08,9.48999978788197,17.5699996072799,13.5299996975809,1956,7,NA
51.8667,10.3333,1956-07-09,13.9299996886402,19.8899995554239,16.909999622032,1956,7,NA
51.8667,10.3333,1956-07-10,10.31999976933,23.6599994711578,16.9899996202439,1956,7,NA
51.8667,10.3333,1956-07-11,11.499999742955,23.4599994756281,17.4799996092916,1956,7,NA
51.8667,10.3333,1956-07-12,13.3999997004867,18.359999589622,15.8799996450543,1956,7,NA
51.8667,10.3333,1956-07-13,12.9399997107685,21.8699995111674,17.4049996109679,1956,7,NA
51.8667,10.3333,1956-07-14,12.3999997228384,24.2499994579703,18.3249995904043,1956,7,NA
51.8667,10.3333,1956-07-15,14.7599996700883,24.0599994622171,19.4099995661527,1956,7,NA
51.8667,10.3333,1956-07-16,12.7199997156858,16.7999996244907,14.7599996700883,1956,7,NA
51.8667,10.3333,1956-07-17,11.6899997387081,15.5999996513128,13.6449996950105,1956,7,NA
51.8667,10.3333,1956-07-18,11.499999742955,19.1399995721877,15.3199996575713,1956,7,NA
51.8667,10.3333,1956-07-19,9.47999978810549,19.8599995560944,14.6699996720999,1956,7,NA
51.8667,10.3333,1956-07-20,11.189999749884,19.1599995717406,15.1749996608123,1956,7,NA
51.8667,10.3333,1956-07-21,12.2499997261912,16.929999621585,14.5899996738881,1956,7,NA
51.8667,10.3333,1956-07-22,11.6299997400492,18.7299995813519,15.1799996607006,1956,7,NA
51.8667,10.3333,1956-07-23,10.9699997548014,16.8699996229261,13.9199996888638,1956,7,NA
51.8667,10.3333,1956-07-24,10.7799997590482,14.5099996756762,12.6449997173622,1956,7,NA
51.8667,10.3333,1956-07-25,9.18999979458749,13.4299996998161,11.3099997472018,1956,7,NA
51.8667,10.3333,1956-07-26,9.34999979101121,16.2399996370077,12.7949997140095,1956,7,NA
51.8667,10.3333,1956-07-27,14.0199996866286,20.2799995467067,17.1499996166676,1956,7,NA
51.8667,10.3333,1956-07-28,12.7299997154623,20.5699995402247,16.6499996278435,1956,7,NA
51.8667,10.3333,1956-07-29,9.73999978229403,20.659999538213,15.1999996602535,1956,7,NA
51.8667,10.3333,1956-07-30,13.1299997065216,21.2999995239079,17.2149996152148,1956,7,NA
51.8667,10.3333,1956-07-31,10.919999755919,18.3499995898455,14.6349996728823,1956,7,NA
51.8667,10.3333,1956-08-01,9.0699997972697,14.8299996685237,11.9499997328967,1956,8,NA
51.8667,10.3333,1956-08-02,7.90999982319772,15.0799996629357,11.4949997430667,1956,8,NA
51.8667,10.3333,1956-08-03,9.51999978721142,13.5199996978045,11.5199997425079,1956,8,NA
51.8667,10.3333,1956-08-04,9.14999979548156,13.3299997020513,11.2399997487664,1956,8,NA
51.8667,10.3333,1956-08-05,7.07999984174967,16.3299996349961,11.7049997383729,1956,8,NA
51.8667,10.3333,1956-08-06,8.35999981313944,14.6899996716529,11.5249997423962,1956,8,NA
51.8667,10.3333,1956-08-07,6.94999984465539,17.2799996137619,12.1149997292086,1956,8,NA
51.8667,10.3333,1956-08-08,9.31999979168177,17.7599996030331,13.5399996973574,1956,8,NA
51.8667,10.3333,1956-08-09,8.34999981336296,18.089999595657,13.21999970451,1956,8,NA
51.8667,10.3333,1956-08-10,10.7899997588247,18.8199995793402,14.8049996690825,1956,8,NA
51.8667,10.3333,1956-08-11,8.19999981671572,21.0599995292723,14.629999672994,1956,8,NA
51.8667,10.3333,1956-08-12,13.2099997047335,20.2299995478243,16.7199996262789,1956,8,NA
51.8667,10.3333,1956-08-13,8.86999980174005,16.7999996244907,12.8349997131154,1956,8,NA
51.8667,10.3333,1956-08-14,8.57999980822206,17.1299996171147,12.8549997126684,1956,8,NA
51.8667,10.3333,1956-08-15,11.5599997416139,17.6399996057153,14.5999996736646,1956,8,NA
51.8667,10.3333,1956-08-16,9.9899997767061,15.5899996515363,12.7899997141212,1956,8,NA
51.8667,10.3333,1956-08-17,9.56999978609383,13.4099997002631,11.4899997431785,1956,8,NA
51.8667,10.3333,1956-08-18,10.7199997603893,20.3099995460361,15.5149996532127,1956,8,NA
51.8667,10.3333,1956-08-19,11.169999750331,18.1199995949864,14.6449996726587,1956,8,NA
51.8667,10.3333,1956-08-20,12.2999997250736,17.4799996092916,14.8899996671826,1956,8,NA
51.8667,10.3333,1956-08-21,10.029999775812,18.7799995802343,14.4049996780232,1956,8,NA
51.8667,10.3333,1956-08-22,9.36999979056418,17.9699995983392,13.6699996944517,1956,8,NA
51.8667,10.3333,1956-08-23,6.03999986499548,16.0499996412545,11.044999753125,1956,8,NA
51.8667,10.3333,1956-08-24,8.86999980174005,11.6599997393787,10.2649997705594,1956,8,NA
51.8667,10.3333,1956-08-25,6.55999985337257,12.7699997145683,9.66499978397042,1956,8,NA
51.8667,10.3333,1956-08-26,7.41999983415008,14.4599996767938,10.9399997554719,1956,8,NA
51.8667,10.3333,1956-08-27,9.00999979861081,15.8599996455014,12.4349997220561,1956,8,NA
51.8667,10.3333,1956-08-28,9.0699997972697,17.1399996168911,13.1049997070804,1956,8,NA
51.8667,10.3333,1956-08-29,10.049999775365,18.7799995802343,14.4149996777996,1956,8,NA
51.8667,10.3333,1956-08-30,7.94999982230365,16.5599996298552,12.2549997260794,1956,8,NA
51.8667,10.3333,1956-08-31,7.66999982856214,13.1399997062981,10.4049997674301,1956,8,NA
51.8667,10.3333,1956-09-01,5.90999986790121,14.8599996678531,10.3849997678772,1956,9,NA
51.8667,10.3333,1956-09-02,6.6599998511374,13.4799996986985,10.069999774918,1956,9,NA
51.8667,10.3333,1956-09-03,9.63999978452921,22.7899994906038,16.2149996375665,1956,9,NA
51.8667,10.3333,1956-09-04,10.0099997762591,19.3699995670468,14.6899996716529,1956,9,NA
51.8667,10.3333,1956-09-05,8.08999981917441,14.9699996653944,11.5299997422844,1956,9,NA
51.8667,10.3333,1956-09-06,7.9799998216331,17.3799996115267,12.6799997165799,1956,9,NA
51.8667,10.3333,1956-09-07,10.6799997612834,19.0099995750934,14.8449996681884,1956,9,NA
51.8667,10.3333,1956-09-08,11.1499997507781,16.0699996408075,13.6099996957928,1956,9,NA
51.8667,10.3333,1956-09-09,9.53999978676438,13.6999996937811,11.6199997402728,1956,9,NA
51.8667,10.3333,1956-09-10,7.12999984063208,19.6999995596707,13.4149997001514,1956,9,NA
51.8667,10.3333,1956-09-11,10.6799997612834,17.7299996037036,14.2049996824935,1956,9,NA
51.8667,10.3333,1956-09-12,12.8699997123331,17.4399996101856,15.1549996612594,1956,9,NA
51.8667,10.3333,1956-09-13,8.1499998178333,14.0999996848404,11.1249997513369,1956,9,NA
51.8667,10.3333,1956-09-14,7.54999983124435,12.5399997197092,10.0449997754768,1956,9,NA
51.8667,10.3333,1956-09-15,3.34999992512167,16.1999996379018,9.77499978151172,1956,9,NA
51.8667,10.3333,1956-09-16,6.85999984666705,15.2999996580184,11.0799997523427,1956,9,NA
51.8667,10.3333,1956-09-17,5.54999987594783,16.1399996392429,10.8449997575954,1956,9,NA
51.8667,10.3333,1956-09-18,7.07999984174967,10.9799997545779,9.02999979816377,1956,9,NA
51.8667,10.3333,1956-09-19,7.18999983929098,14.8499996680766,11.0199997536838,1956,9,NA
51.8667,10.3333,1956-09-20,3.44999992288649,16.2699996363372,9.85999977961183,1956,9,NA
51.8667,10.3333,1956-09-21,4.52999989874661,18.3699995893985,11.4499997440726,1956,9,NA
51.8667,10.3333,1956-09-22,6.92999984510243,20.4599995426834,13.6949996938929,1956,9,NA
51.8667,10.3333,1956-09-23,7.88999982364476,21.3299995232373,14.6099996734411,1956,9,NA
51.8667,10.3333,1956-09-24,7.89999982342124,21.0899995286018,14.4949996760115,1956,9,NA
51.8667,10.3333,1956-09-25,8.6099998075515,20.2799995467067,14.4449996771291,1956,9,NA
51.8667,10.3333,1956-09-26,8.27999981492758,21.819999512285,15.0499996636063,1956,9,NA
51.8667,10.3333,1956-09-27,10.5499997641891,23.0599994845688,16.804999624379,1956,9,NA
51.8667,10.3333,1956-09-28,10.919999755919,15.2999996580184,13.1099997069687,1956,9,NA
51.8667,10.3333,1956-09-29,8.96999979950488,14.7999996691942,11.8849997343495,1956,9,NA
51.8667,10.3333,1956-09-30,9.79999978095293,14.939999666065,12.369999723509,1956,9,NA
51.8667,10.3333,1956-10-01,7.98999982140958,16.1799996383488,12.0849997298792,1956,10,1957
51.8667,10.3333,1956-10-02,12.1699997279793,18.2999995909631,15.2349996594712,1956,10,1957
51.8667,10.3333,1956-10-03,12.0999997295439,18.5499995853752,15.3249996574596,1956,10,1957
51.8667,10.3333,1956-10-04,7.99999982118607,13.4499996993691,10.7249997602776,1956,10,1957
51.8667,10.3333,1956-10-05,5.19999988377094,9.76999978162348,7.48499983269721,1956,10,1957
51.8667,10.3333,1956-10-06,3.0999999307096,7.5799998305738,5.3399998806417,1956,10,1957
51.8667,10.3333,1956-10-07,2.07999995350838,7.07999984174967,4.57999989762902,1956,10,1957
51.8667,10.3333,1956-10-08,1.33999997004867,7.5799998305738,4.45999990031123,1956,10,1957
51.8667,10.3333,1956-10-09,-2.009999955073,7.15999983996153,2.57499994244426,1956,10,1957
51.8667,10.3333,1956-10-10,3.94999991171062,8.04999982006848,5.99999986588955,1956,10,1957
51.8667,10.3333,1956-10-11,2.60999994166195,10.6699997615069,6.63999985158443,1956,10,1957
51.8667,10.3333,1956-10-12,0.879999980330467,12.5499997194856,6.71499984990805,1956,10,1957
51.8667,10.3333,1956-10-13,1.76999996043742,12.1099997293204,6.93999984487891,1956,10,1957
51.8667,10.3333,1956-10-14,6.83999984711409,9.80999978072941,8.32499981392175,1956,10,1957
51.8667,10.3333,1956-10-15,8.45999981090426,10.4199997670949,9.43999978899956,1956,10,1957
51.8667,10.3333,1956-10-16,4.88999989069998,12.7899997141212,8.8399998024106,1956,10,1957
51.8667,10.3333,1956-10-17,2.45999994501472,14.2199996821582,8.33999981358647,1956,10,1957
51.8667,10.3333,1956-10-18,6.1999998614192,14.5399996750057,10.3699997682124,1956,10,1957
51.8667,10.3333,1956-10-19,10.609999762848,12.2399997264147,11.4249997446314,1956,10,1957
51.8667,10.3333,1956-10-20,6.1999998614192,12.1599997282028,9.17999979481101,1956,10,1957
51.8667,10.3333,1956-10-21,5.74999987147748,12.6299997176975,9.18999979458749,1956,10,1957
51.8667,10.3333,1956-10-22,7.19999983906746,12.9799997098744,10.0899997744709,1956,10,1957
51.8667,10.3333,1956-10-23,6.63999985158443,11.6899997387081,9.16499979514629,1956,10,1957
51.8667,10.3333,1956-10-24,6.28999985940754,13.5799996964633,9.93499977793545,1956,10,1957
51.8667,10.3333,1956-10-25,8.34999981336296,11.5199997425079,9.93499977793545,1956,10,1957
51.8667,10.3333,1956-10-26,3.5599999204278,10.339999768883,6.94999984465539,1956,10,1957
51.8667,10.3333,1956-10-27,1.24999997206032,4.73999989405274,2.99499993305653,1956,10,1957
51.8667,10.3333,1956-10-28,1.05999997630715,4.20999990589917,2.63499994110316,1956,10,1957
51.8667,10.3333,1956-10-29,2.82999993674457,4.58999989740551,3.70999991707504,1956,10,1957
51.8667,10.3333,1956-10-30,1.19999997317791,4.83999989181757,3.01999993249774,1956,10,1957
51.8667,10.3333,1956-10-31,-0.88999998010695,2.03999995440245,0.574999987147748,1956,10,1957
51.8667,10.3333,1956-11-01,-5.42999987863004,-0.409999990835786,-2.91999993473291,1956,11,1957
51.8667,10.3333,1956-11-02,-7.749999826774,3.5599999204278,-2.0949999531731,1956,11,1957
51.8667,10.3333,1956-11-03,0.459999989718199,3.0999999307096,1.7799999602139,1956,11,1957
51.8667,10.3333,1956-11-04,-2.36999994702637,3.27999992668629,0.454999989829957,1956,11,1957
51.8667,10.3333,1956-11-05,2.26999994926155,5.53999987617135,3.90499991271645,1956,11,1957
51.8667,10.3333,1956-11-06,2.65999994054437,6.08999986387789,4.37499990221113,1956,11,1957
51.8667,10.3333,1956-11-07,1.3199999704957,6.62999985180795,3.97499991115183,1956,11,1957
51.8667,10.3333,1956-11-08,5.25999988242984,6.4899998549372,5.87499986868352,1956,11,1957
51.8667,10.3333,1956-11-09,1.28999997116625,7.10999984107912,4.19999990612268,1956,11,1957
51.8667,10.3333,1956-11-10,-0.129999997094274,8.18999981693923,4.02999990992248,1956,11,1957
51.8667,10.3333,1956-11-11,2.29999994859099,6.45999985560775,4.37999990209937,1956,11,1957
51.8667,10.3333,1956-11-12,3.71999991685152,6.66999985091388,5.1949998838827,1956,11,1957
51.8667,10.3333,1956-11-13,4.42999990098178,7.79999982565641,6.1149998633191,1956,11,1957
51.8667,10.3333,1956-11-14,0.799999982118607,5.03999988734722,2.91999993473291,1956,11,1957
51.8667,10.3333,1956-11-15,-0.0599999986588955,1.50999996624887,0.724999983794987,1956,11,1957
51.8667,10.3333,1956-11-16,0.57999998703599,4.45999990031123,2.51999994367361,1956,11,1957
51.8667,10.3333,1956-11-17,3.12999993003905,6.08999986387789,4.60999989695847,1956,11,1957
51.8667,10.3333,1956-11-18,3.94999991171062,6.20999986119568,5.07999988645315,1956,11,1957
51.8667,10.3333,1956-11-19,4.10999990813434,6.13999986276031,5.12499988544732,1956,11,1957
51.8667,10.3333,1956-11-20,-3.07999993115664,4.4199999012053,0.669999985024333,1956,11,1957
51.8667,10.3333,1956-11-21,-6.00999986566603,-1.34999996982515,-3.67999991774559,1956,11,1957
51.8667,10.3333,1956-11-22,-7.84999982453883,-0.0899999979883432,-3.96999991126359,1956,11,1957
51.8667,10.3333,1956-11-23,-7.21999983862042,-1.8399999588728,-4.52999989874661,1956,11,1957
51.8667,10.3333,1956-11-24,-5.88999986834824,-3.34999992512167,-4.61999989673495,1956,11,1957
51.8667,10.3333,1956-11-25,-6.86999984644353,-2.18999995104969,-4.52999989874661,1956,11,1957
51.8667,10.3333,1956-11-26,-7.3499998357147,0.0899999979883432,-3.62999991886318,1956,11,1957
51.8667,10.3333,1956-11-27,0.00999999977648258,6.23999986052513,3.12499993015081,1956,11,1957
51.8667,10.3333,1956-11-28,1.81999995931983,6.31999985873699,4.06999990902841,1956,11,1957
51.8667,10.3333,1956-11-29,-0.419999990612268,2.78999993763864,1.18499997351319,1956,11,1957
51.8667,10.3333,1956-11-30,-1.6099999640137,-0.159999996423721,-0.884999980218709,1956,11,1957
51.8667,10.3333,1956-12-01,-2.34999994747341,-0.30999999307096,-1.32999997027218,1956,12,1957
51.8667,10.3333,1956-12-02,-7.25999983772635,0.329999992623925,-3.46499992255121,1956,12,1957
51.8667,10.3333,1956-12-03,-3.53999992087483,2.16999995149672,-0.684999984689057,1956,12,1957
51.8667,10.3333,1956-12-04,1.7799999602139,6.54999985359609,4.164999906905,1956,12,1957
51.8667,10.3333,1956-12-05,3.54999992065132,7.55999983102083,5.55499987583607,1956,12,1957
51.8667,10.3333,1956-12-06,5.39999987930059,6.66999985091388,6.03499986510724,1956,12,1957
51.8667,10.3333,1956-12-07,1.50999996624887,6.83999984711409,4.17499990668148,1956,12,1957
51.8667,10.3333,1956-12-08,1.11999997496605,6.85999984666705,3.98999991081655,1956,12,1957
51.8667,10.3333,1956-12-09,5.21999988332391,7.18999983929098,6.20499986130744,1956,12,1957
51.8667,10.3333,1956-12-10,4.76999989338219,7.13999984040856,5.95499986689538,1956,12,1957
51.8667,10.3333,1956-12-11,3.23999992758036,5.98999986611307,4.61499989684671,1956,12,1957
51.8667,10.3333,1956-12-12,2.99999993294477,4.7099998947233,3.85499991383404,1956,12,1957
51.8667,10.3333,1956-12-13,3.97999991104007,6.58999985270202,5.28499988187104,1956,12,1957
51.8667,10.3333,1956-12-14,2.66999994032085,8.22999981604517,5.44999987818301,1956,12,1957
51.8667,10.3333,1956-12-15,0.869999980553985,5.37999987974763,3.12499993015081,1956,12,1957
51.8667,10.3333,1956-12-16,4.76999989338219,7.38999983482063,6.07999986410141,1956,12,1957
51.8667,10.3333,1956-12-17,6.67999985069036,10.5699997637421,8.62499980721623,1956,12,1957
51.8667,10.3333,1956-12-18,6.41999985650182,10.4299997668713,8.42499981168658,1956,12,1957
51.8667,10.3333,1956-12-19,3.66999991796911,9.40999978967011,6.53999985381961,1956,12,1957
51.8667,10.3333,1956-12-20,2.31999994814396,5.67999987304211,3.99999991059303,1956,12,1957
51.8667,10.3333,1956-12-21,0.699999984353781,3.85999991372228,2.27999994903803,1956,12,1957
51.8667,10.3333,1956-12-22,-2.27999994903803,1.15999997407198,-0.559999987483025,1956,12,1957
51.8667,10.3333,1956-12-23,-2.41999994590878,-0.869999980553985,-1.64499996323138,1956,12,1957
51.8667,10.3333,1956-12-24,-3.62999991886318,-1.65999996289611,-2.64499994087964,1956,12,1957
51.8667,10.3333,1956-12-25,-4.56999989785254,-2.64999994076788,-3.60999991931021,1956,12,1957
51.8667,10.3333,1956-12-26,-7.749999826774,-4.40999990142882,-6.07999986410141,1956,12,1957
51.8667,10.3333,1956-12-27,-10.3799997679889,-6.70999985001981,-8.54499980900437,1956,12,1957
51.8667,10.3333,1956-12-28,-11.6799997389317,-3.83999991416931,-7.75999982655048,1956,12,1957
51.8667,10.3333,1956-12-29,-8.61999980732799,-2.61999994143844,-5.61999987438321,1956,12,1957
51.8667,10.3333,1956-12-30,-8.59999980777502,-0.719999983906746,-4.65999989584088,1956,12,1957
51.8667,10.3333,1956-12-31,-4.74999989382923,0.899999979883432,-1.9249999569729,1956,12,1957
51.8667,10.3333,1957-01-01,-8.75999980419874,-0.489999989047647,-4.62499989662319,1957,1,1957
51.8667,10.3333,1957-01-02,-9.42999978922307,-1.97999995574355,-5.70499987248331,1957,1,1957
51.8667,10.3333,1957-01-03,-6.14999986253679,0.829999981448054,-2.65999994054437,1957,1,1957
51.8667,10.3333,1957-01-04,-2.81999993696809,1.64999996311963,-0.584999986924231,1957,1,1957
51.8667,10.3333,1957-01-05,0.319999992847443,4.66999989561737,2.4949999442324,1957,1,1957
51.8667,10.3333,1957-01-06,3.96999991126359,9.40999978967011,6.68999985046685,1957,1,1957
51.8667,10.3333,1957-01-07,3.22999992780387,9.15999979525805,6.19499986153096,1957,1,1957
51.8667,10.3333,1957-01-08,2.10999995283782,3.80999991483986,2.95999993383884,1957,1,1957
51.8667,10.3333,1957-01-09,1.53999996557832,4.86999989114702,3.20499992836267,1957,1,1957
51.8667,10.3333,1957-01-10,2.73999993875623,6.08999986387789,4.41499990131706,1957,1,1957
51.8667,10.3333,1957-01-11,-0.529999988153577,4.06999990902841,1.76999996043742,1957,1,1957
51.8667,10.3333,1957-01-12,-1.20999997295439,0.65999998524785,-0.274999993853271,1957,1,1957
51.8667,10.3333,1957-01-13,-0.859999980777502,0.909999979659915,0.0249999994412065,1957,1,1957
51.8667,10.3333,1957-01-14,-1.00999997742474,0.549999987706542,-0.229999994859099,1957,1,1957
51.8667,10.3333,1957-01-15,-6.12999986298382,-0.0499999988824129,-3.08999993093312,1957,1,1957
51.8667,10.3333,1957-01-16,-10.0799997746944,-5.74999987147748,-7.91499982308596,1957,1,1957
51.8667,10.3333,1957-01-17,-10.4399997666478,-4.61999989673495,-7.52999983169138,1957,1,1957
51.8667,10.3333,1957-01-18,-10.4099997673184,-2.88999993540347,-6.64999985136092,1957,1,1957
51.8667,10.3333,1957-01-19,-9.34999979101121,-0.359999991953373,-4.85499989148229,1957,1,1957
51.8667,10.3333,1957-01-20,-2.76999993808568,-0.0399999991059303,-1.4049999685958,1957,1,1957
51.8667,10.3333,1957-01-21,-4.46999990008771,-0.179999995976686,-2.3249999480322,1957,1,1957
51.8667,10.3333,1957-01-22,-6.09999986365438,-1.39999996870756,-3.74999991618097,1957,1,1957
51.8667,10.3333,1957-01-23,-6.76999984867871,-0.0999999977648258,-3.43499992322177,1957,1,1957
51.8667,10.3333,1957-01-24,-5.5099998768419,4.46999990008771,-0.519999988377094,1957,1,1957
51.8667,10.3333,1957-01-25,-6.28999985940754,1.91999995708466,-2.18499995116144,1957,1,1957
51.8667,10.3333,1957-01-26,-1.85999995842576,1.22999997250736,-0.314999992959201,1957,1,1957
51.8667,10.3333,1957-01-27,-2.6999999396503,1.85999995842576,-0.419999990612268,1957,1,1957
51.8667,10.3333,1957-01-28,0.869999980553985,4.06999990902841,2.4699999447912,1957,1,1957
51.8667,10.3333,1957-01-29,-0.939999978989363,2.47999994456768,0.769999982789159,1957,1,1957
51.8667,10.3333,1957-01-30,-0.26999999396503,5.43999987840652,2.58499994222075,1957,1,1957
51.8667,10.3333,1957-01-31,0.639999985694885,3.37999992445111,2.009999955073,1957,1,1957
51.8667,10.3333,1957-02-01,-0.139999996870756,4.40999990142882,2.13499995227903,1957,2,1957
51.8667,10.3333,1957-02-02,3.18999992869794,9.20999979414046,6.1999998614192,1957,2,1957
51.8667,10.3333,1957-02-03,5.03999988734722,9.72999978251755,7.38499983493239,1957,2,1957
51.8667,10.3333,1957-02-04,4.45999990031123,7.76999982632697,6.1149998633191,1957,2,1957
51.8667,10.3333,1957-02-05,4.4199999012053,10.2899997700006,7.35499983560294,1957,2,1957
51.8667,10.3333,1957-02-06,4.11999990791082,9.55999978631735,6.83999984711409,1957,2,1957
51.8667,10.3333,1957-02-07,4.75999989360571,8.73999980464578,6.74999984912574,1957,2,1957
51.8667,10.3333,1957-02-08,2.97999993339181,6.24999986030161,4.61499989684671,1957,2,1957
51.8667,10.3333,1957-02-09,4.00999991036952,6.38999985717237,5.19999988377094,1957,2,1957
51.8667,10.3333,1957-02-10,2.65999994054437,6.4899998549372,4.57499989774078,1957,2,1957
51.8667,10.3333,1957-02-11,1.91999995708466,5.53999987617135,3.729999916628,1957,2,1957
51.8667,10.3333,1957-02-12,1.61999996379018,3.89999991282821,2.75999993830919,1957,2,1957
51.8667,10.3333,1957-02-13,1.91999995708466,3.86999991349876,2.89499993529171,1957,2,1957
51.8667,10.3333,1957-02-14,2.34999994747341,4.92999988980591,3.63999991863966,1957,2,1957
51.8667,10.3333,1957-02-15,1.22999997250736,4.88999989069998,3.05999993160367,1957,2,1957
51.8667,10.3333,1957-02-16,0.57999998703599,3.43999992311001,2.009999955073,1957,2,1957
51.8667,10.3333,1957-02-17,-0.759999983012676,2.41999994590878,0.829999981448054,1957,2,1957
51.8667,10.3333,1957-02-18,-2.72999993897974,0.649999985471368,-1.03999997675419,1957,2,1957
51.8667,10.3333,1957-02-19,-2.58999994210899,4.37999990209937,0.894999979995191,1957,2,1957
51.8667,10.3333,1957-02-20,-1.95999995619059,1.73999996110797,-0.109999997541308,1957,2,1957
51.8667,10.3333,1957-02-21,-0.439999990165234,3.16999992914498,1.36499996948987,1957,2,1957
51.8667,10.3333,1957-02-22,-2.25999994948506,2.12999995239079,-0.0649999985471368,1957,2,1957
51.8667,10.3333,1957-02-23,-3.52999992109835,2.84999993629754,-0.339999992400408,1957,2,1957
51.8667,10.3333,1957-02-24,-4.19999990612268,0.869999980553985,-1.66499996278435,1957,2,1957
51.8667,10.3333,1957-02-25,-2.4099999461323,0.259999994188547,-1.07499997597188,1957,2,1957
51.8667,10.3333,1957-02-26,-0.869999980553985,1.51999996602535,0.324999992735684,1957,2,1957
51.8667,10.3333,1957-02-27,-0.159999996423721,3.98999991081655,1.91499995719641,1957,2,1957
51.8667,10.3333,1957-02-28,-0.0899999979883432,2.75999993830919,1.33499997016042,1957,2,1957
51.8667,10.3333,1957-03-01,-2.64999994076788,0.109999997541308,-1.26999997161329,1957,3,1957
51.8667,10.3333,1957-03-02,-5.48999987728894,2.10999995283782,-1.68999996222556,1957,3,1957
51.8667,10.3333,1957-03-03,-6.01999986544251,5.52999987639487,-0.244999994523823,1957,3,1957
51.8667,10.3333,1957-03-04,-4.00999991036952,8.34999981336296,2.16999995149672,1957,3,1957
51.8667,10.3333,1957-03-05,-0.839999981224537,8.65999980643392,3.90999991260469,1957,3,1957
51.8667,10.3333,1957-03-06,-0.0699999984353781,3.86999991349876,1.89999995753169,1957,3,1957
51.8667,10.3333,1957-03-07,-1.18999997340143,8.01999982073903,3.4149999236688,1957,3,1957
51.8667,10.3333,1957-03-08,1.90999995730817,6.67999985069036,4.29499990399927,1957,3,1957
51.8667,10.3333,1957-03-09,3.66999991796911,9.60999978519976,6.63999985158443,1957,3,1957
51.8667,10.3333,1957-03-10,0.849999981001019,7.50999983213842,4.17999990656972,1957,3,1957
51.8667,10.3333,1957-03-11,-1.29999997094274,9.09999979659915,3.89999991282821,1957,3,1957
51.8667,10.3333,1957-03-12,-1.06999997608364,11.9599997326732,5.44499987829477,1957,3,1957
51.8667,10.3333,1957-03-13,0.559999987483025,14.8199996687472,7.68999982811511,1957,3,1957
51.8667,10.3333,1957-03-14,1.5499999653548,16.5099996309727,9.02999979816377,1957,3,1957
51.8667,10.3333,1957-03-15,6.17999986186624,10.6599997617304,8.41999981179833,1957,3,1957
51.8667,10.3333,1957-03-16,4.9399998895824,8.18999981693923,6.56499985326082,1957,3,1957
51.8667,10.3333,1957-03-17,5.42999987863004,8.2699998151511,6.84999984689057,1957,3,1957
51.8667,10.3333,1957-03-18,5.44999987818301,9.25999979302287,7.35499983560294,1957,3,1957
51.8667,10.3333,1957-03-19,5.5699998755008,9.27999979257584,7.42499983403832,1957,3,1957
51.8667,10.3333,1957-03-20,4.20999990589917,8.94999979995191,6.57999985292554,1957,3,1957
51.8667,10.3333,1957-03-21,6.98999984376132,13.3199997022748,10.1549997730181,1957,3,1957
51.8667,10.3333,1957-03-22,3.83999991416931,9.70999978296459,6.77499984856695,1957,3,1957
51.8667,10.3333,1957-03-23,1.43999996781349,10.879999756813,6.15999986231327,1957,3,1957
51.8667,10.3333,1957-03-24,1.64999996311963,11.2999997474253,6.47499985527247,1957,3,1957
51.8667,10.3333,1957-03-25,1.88999995775521,6.93999984487891,4.41499990131706,1957,3,1957
51.8667,10.3333,1957-03-26,4.43999990075827,7.90999982319772,6.17499986197799,1957,3,1957
51.8667,10.3333,1957-03-27,3.0999999307096,14.9799996651709,9.03999979794025,1957,3,1957
51.8667,10.3333,1957-03-28,6.35999985784292,12.9199997112155,9.63999978452921,1957,3,1957
51.8667,10.3333,1957-03-29,2.9299999345094,11.2599997483194,7.09499984141439,1957,3,1957
51.8667,10.3333,1957-03-30,1.39999996870756,5.1099998857826,3.25499992724508,1957,3,1957
51.8667,10.3333,1957-03-31,0.749999983236194,4.60999989695847,2.67999994009733,1957,3,1957
51.8667,10.3333,1957-04-01,0.939999978989363,5.48999987728894,3.21499992813915,1957,4,1957
51.8667,10.3333,1957-04-02,0.519999988377094,6.72999984957278,3.62499991897494,1957,4,1957
51.8667,10.3333,1957-04-03,2.99999993294477,10.0199997760355,6.50999985449016,1957,4,1957
51.8667,10.3333,1957-04-04,1.63999996334314,12.7399997152388,7.18999983929098,1957,4,1957
51.8667,10.3333,1957-04-05,3.47999992221594,16.5499996300787,10.0149997761473,1957,4,1957
51.8667,10.3333,1957-04-06,5.87999986857176,18.1999995931983,12.039999730885,1957,4,1957
51.8667,10.3333,1957-04-07,3.64999991841614,10.899999756366,7.27499983739108,1957,4,1957
51.8667,10.3333,1957-04-08,0.0899999979883432,7.13999984040856,3.61499991919845,1957,4,1957
51.8667,10.3333,1957-04-09,-3.27999992668629,5.75999987125397,1.23999997228384,1957,4,1957
51.8667,10.3333,1957-04-10,-2.61999994143844,9.84999977983534,3.61499991919845,1957,4,1957
51.8667,10.3333,1957-04-11,-0.919999979436398,10.7599997594953,4.91999989002943,1957,4,1957
51.8667,10.3333,1957-04-12,-0.719999983906746,6.1999998614192,2.73999993875623,1957,4,1957
51.8667,10.3333,1957-04-13,-3.90999991260469,2.57999994233251,-0.664999985136092,1957,4,1957
51.8667,10.3333,1957-04-14,-2.90999993495643,3.46999992243946,0.279999993741512,1957,4,1957
51.8667,10.3333,1957-04-15,-3.65999991819263,3.91999991238117,0.129999997094274,1957,4,1957
51.8667,10.3333,1957-04-16,-4.9399998895824,6.06999986432493,0.564999987371266,1957,4,1957
51.8667,10.3333,1957-04-17,2.71999993920326,11.479999743402,7.09999984130263,1957,4,1957
51.8667,10.3333,1957-04-18,5.69999987259507,12.2399997264147,8.96999979950488,1957,4,1957
51.8667,10.3333,1957-04-19,4.35999990254641,13.4399996995926,8.8999998010695,1957,4,1957
51.8667,10.3333,1957-04-20,3.57999991998076,10.7499997597188,7.16499983984977,1957,4,1957
51.8667,10.3333,1957-04-21,-0.00999999977648258,9.14999979548156,4.56999989785254,1957,4,1957
51.8667,10.3333,1957-04-22,-0.809999981895089,10.7899997588247,4.98999988846481,1957,4,1957
51.8667,10.3333,1957-04-23,-0.449999989941716,10.5899997632951,5.06999988667667,1957,4,1957
51.8667,10.3333,1957-04-24,-0.289999993517995,13.4199997000396,6.56499985326082,1957,4,1957
51.8667,10.3333,1957-04-25,1.3799999691546,13.6699996944517,7.52499983180314,1957,4,1957
51.8667,10.3333,1957-04-26,2.43999994546175,9.27999979257584,5.85999986901879,1957,4,1957
51.8667,10.3333,1957-04-27,2.38999994657934,7.88999982364476,5.13999988511205,1957,4,1957
51.8667,10.3333,1957-04-28,6.18999986164272,16.8999996222556,11.5449997419491,1957,4,1957
51.8667,10.3333,1957-04-29,7.25999983772635,19.6899995598942,13.4749996988103,1957,4,1957
51.8667,10.3333,1957-04-30,7.96999982185662,17.6099996063858,12.7899997141212,1957,4,1957
51.8667,10.3333,1957-05-01,3.729999916628,10.9099997561425,7.31999983638525,1957,5,NA
51.8667,10.3333,1957-05-02,-0.799999982118607,11.1799997501075,5.18999988399446,1957,5,NA
51.8667,10.3333,1957-05-03,3.4999999217689,11.3399997465312,7.41999983415008,1957,5,NA
51.8667,10.3333,1957-05-04,3.10999993048608,10.9799997545779,7.04499984253198,1957,5,NA
51.8667,10.3333,1957-05-05,1.5499999653548,8.30999981425703,4.92999988980591,1957,5,NA
51.8667,10.3333,1957-05-06,-0.65999998524785,4.26999990455806,1.80499995965511,1957,5,NA
51.8667,10.3333,1957-05-07,-0.879999980330467,5.83999986946583,2.47999994456768,1957,5,NA
51.8667,10.3333,1957-05-08,-1.6099999640137,5.65999987348914,2.02499995473772,1957,5,NA
51.8667,10.3333,1957-05-09,-3.96999991126359,6.21999986097217,1.12499997485429,1957,5,NA
51.8667,10.3333,1957-05-10,-2.93999993428588,11.6899997387081,4.37499990221113,1957,5,NA
51.8667,10.3333,1957-05-11,0.629999985918403,16.1999996379018,8.41499981191009,1957,5,NA
51.8667,10.3333,1957-05-12,3.43999992311001,19.6699995603412,11.5549997417256,1957,5,NA
51.8667,10.3333,1957-05-13,9.05999979749322,17.6499996054918,13.3549997014925,1957,5,NA
51.8667,10.3333,1957-05-14,7.47999983280897,16.2699996363372,11.8749997345731,1957,5,NA
51.8667,10.3333,1957-05-15,5.90999986790121,16.0399996414781,10.9749997546896,1957,5,NA
51.8667,10.3333,1957-05-16,5.85999986901879,21.0299995299429,13.4449996994808,1957,5,NA
51.8667,10.3333,1957-05-17,7.44999983347952,15.8999996446073,11.6749997390434,1957,5,NA
51.8667,10.3333,1957-05-18,4.51999989897013,16.7699996251613,10.6449997620657,1957,5,NA
51.8667,10.3333,1957-05-19,5.47999987751245,19.6799995601177,12.5799997188151,1957,5,NA
51.8667,10.3333,1957-05-20,9.80999978072941,18.669999582693,14.2399996817112,1957,5,NA
51.8667,10.3333,1957-05-21,4.63999989628792,10.879999756813,7.75999982655048,1957,5,NA
51.8667,10.3333,1957-05-22,1.92999995686114,10.5499997641891,6.23999986052513,1957,5,NA
51.8667,10.3333,1957-05-23,4.62999989651144,11.2699997480959,7.94999982230365,1957,5,NA
51.8667,10.3333,1957-05-24,5.46999987773597,8.56999980844557,7.01999984309077,1957,5,NA
51.8667,10.3333,1957-05-25,5.85999986901879,14.379999678582,10.1199997738004,1957,5,NA
51.8667,10.3333,1957-05-26,2.11999995261431,11.8599997349083,6.98999984376132,1957,5,NA
51.8667,10.3333,1957-05-27,-0.179999995976686,8.63999980688095,4.22999990545213,1957,5,NA
51.8667,10.3333,1957-05-28,-0.139999996870756,10.1899997722358,5.0249998876825,1957,5,NA
51.8667,10.3333,1957-05-29,-0.469999989494681,11.749999737367,5.63999987393618,1957,5,NA
51.8667,10.3333,1957-05-30,0.379999991506338,15.7099996488541,8.04499982018024,1957,5,NA
51.8667,10.3333,1957-05-31,5.26999988220632,16.5899996291846,10.9299997556955,1957,5,NA
51.8667,10.3333,1957-06-01,5.12999988533556,18.9899995755404,12.059999730438,1957,6,NA
51.8667,10.3333,1957-06-02,5.98999986611307,18.6299995835871,12.3099997248501,1957,6,NA
51.8667,10.3333,1957-06-03,6.80999984778464,21.0599995292723,13.9349996885285,1957,6,NA
51.8667,10.3333,1957-06-04,9.91999977827072,23.6699994709343,16.7949996246025,1957,6,NA
51.8667,10.3333,1957-06-05,10.4499997664243,20.0099995527416,15.229999659583,1957,6,NA
51.8667,10.3333,1957-06-06,8.09999981895089,14.5399996750057,11.3199997469783,1957,6,NA
51.8667,10.3333,1957-06-07,4.62999989651144,13.1599997058511,8.89499980118126,1957,6,NA
51.8667,10.3333,1957-06-08,5.91999986767769,17.819999601692,11.8699997346848,1957,6,NA
51.8667,10.3333,1957-06-09,7.94999982230365,21.2999995239079,14.6249996731058,1957,6,NA
51.8667,10.3333,1957-06-10,11.1799997501075,19.7299995590001,15.4549996545538,1957,6,NA
51.8667,10.3333,1957-06-11,11.789999736473,23.4599994756281,17.6249996060506,1957,6,NA
51.8667,10.3333,1957-06-12,9.9299997780472,16.9899996202439,13.4599996991456,1957,6,NA
51.8667,10.3333,1957-06-13,6.66999985091388,14.6899996716529,10.6799997612834,1957,6,NA
51.8667,10.3333,1957-06-14,4.80999989248812,19.1499995719641,11.9799997322261,1957,6,NA
51.8667,10.3333,1957-06-15,7.88999982364476,22.8799994885921,15.3849996561185,1957,6,NA
51.8667,10.3333,1957-06-16,11.2199997492135,23.0899994838983,17.1549996165559,1957,6,NA
51.8667,10.3333,1957-06-17,10.1499997731298,24.409999454394,17.2799996137619,1957,6,NA
51.8667,10.3333,1957-06-18,12.5799997188151,26.2399994134903,19.4099995661527,1957,6,NA
51.8667,10.3333,1957-06-19,13.9799996875226,28.1099993716925,21.0449995296076,1957,6,NA
51.8667,10.3333,1957-06-20,14.2199996821582,25.9299994204193,20.0749995512888,1957,6,NA
51.8667,10.3333,1957-06-21,10.9399997554719,21.0599995292723,15.9999996423721,1957,6,NA
51.8667,10.3333,1957-06-22,9.48999978788197,23.6599994711578,16.5749996295199,1957,6,NA
51.8667,10.3333,1957-06-23,9.40999978967011,17.0599996186793,13.2349997041747,1957,6,NA
51.8667,10.3333,1957-06-24,7.16999983973801,13.0999997071922,10.1349997734651,1957,6,NA
51.8667,10.3333,1957-06-25,5.47999987751245,12.4499997217208,8.96499979961663,1957,6,NA
51.8667,10.3333,1957-06-26,6.2599998600781,11.3199997469783,8.78999980352819,1957,6,NA
51.8667,10.3333,1957-06-27,5.43999987840652,16.1199996396899,10.7799997590482,1957,6,NA
51.8667,10.3333,1957-06-28,7.23999983817339,18.1499995943159,12.6949997162446,1957,6,NA
51.8667,10.3333,1957-06-29,14.1899996828288,25.4699994307011,19.829999556765,1957,6,NA
51.8667,10.3333,1957-06-30,15.1299996618181,29.3799993433058,22.254999502562,1957,6,NA
51.8667,10.3333,1957-07-01,17.1299996171147,30.1199993267655,23.6249994719401,1957,7,NA
51.8667,10.3333,1957-07-02,17.2499996144325,30.8999993093312,24.0749994618818,1957,7,NA
51.8667,10.3333,1957-07-03,15.9799996428192,23.6899994704872,19.8349995566532,1957,7,NA
51.8667,10.3333,1957-07-04,13.4299996998161,27.2199993915856,20.3249995457008,1957,7,NA
51.8667,10.3333,1957-07-05,15.4399996548891,31.5699992943555,23.5049994746223,1957,7,NA
51.8667,10.3333,1957-07-06,17.7199996039271,28.0899993721396,22.9049994880334,1957,7,NA
51.8667,10.3333,1957-07-07,14.5499996747822,28.409999364987,21.4799995198846,1957,7,NA
51.8667,10.3333,1957-07-08,17.2599996142089,32.8199992664158,25.0399994403124,1957,7,NA
51.8667,10.3333,1957-07-09,17.6299996059388,25.0599994398654,21.3449995229021,1957,7,NA
51.8667,10.3333,1957-07-10,14.2299996819347,21.0699995290488,17.6499996054918,1957,7,NA
51.8667,10.3333,1957-07-11,11.1399997510016,17.4199996106327,14.2799996808171,1957,7,NA
51.8667,10.3333,1957-07-12,10.5399997644126,17.8599996007979,14.1999996826053,1957,7,NA
51.8667,10.3333,1957-07-13,8.87999980151653,23.3099994789809,16.0949996402487,1957,7,NA
51.8667,10.3333,1957-07-14,13.1899997051805,23.4299994762987,18.3099995907396,1957,7,NA
51.8667,10.3333,1957-07-15,12.1999997273088,20.4199995435774,16.3099996354431,1957,7,NA
51.8667,10.3333,1957-07-16,11.0099997539073,17.7499996032566,14.379999678582,1957,7,NA
51.8667,10.3333,1957-07-17,10.1899997722358,18.7399995811284,14.4649996766821,1957,7,NA
51.8667,10.3333,1957-07-18,7.81999982520938,19.5899995621294,13.7049996936694,1957,7,NA
51.8667,10.3333,1957-07-19,9.27999979257584,21.2699995245785,15.2749996585771,1957,7,NA
51.8667,10.3333,1957-07-20,12.3999997228384,20.1699995491654,16.2849996360019,1957,7,NA
51.8667,10.3333,1957-07-21,11.6199997402728,19.8799995556474,15.7499996479601,1957,7,NA
51.8667,10.3333,1957-07-22,10.5399997644126,18.8399995788932,14.6899996716529,1957,7,NA
51.8667,10.3333,1957-07-23,10.0899997744709,15.3199996575713,12.7049997160211,1957,7,NA
51.8667,10.3333,1957-07-24,11.7299997378141,15.0099996645004,13.3699997011572,1957,7,NA
51.8667,10.3333,1957-07-25,11.209999749437,15.4399996548891,13.324999702163,1957,7,NA
51.8667,10.3333,1957-07-26,11.0499997530133,14.4299996774644,12.7399997152388,1957,7,NA
51.8667,10.3333,1957-07-27,12.6899997163564,15.1699996609241,13.9299996886402,1957,7,NA
51.8667,10.3333,1957-07-28,10.3999997675419,15.7199996486306,13.0599997080863,1957,7,NA
51.8667,10.3333,1957-07-29,8.86999980174005,16.1399996392429,12.5049997204915,1957,7,NA
51.8667,10.3333,1957-07-30,9.88999977894127,14.8299996685237,12.3599997237325,1957,7,NA
51.8667,10.3333,1957-07-31,11.0999997518957,14.5199996754527,12.8099997136742,1957,7,NA
51.8667,10.3333,1957-08-01,9.67999978363514,19.0499995741993,14.3649996789172,1957,8,NA
51.8667,10.3333,1957-08-02,8.01999982073903,22.7999994903803,15.4099996555597,1957,8,NA
51.8667,10.3333,1957-08-03,10.9999997541308,17.0799996182323,14.0399996861815,1957,8,NA
51.8667,10.3333,1957-08-04,9.21999979391694,15.6999996490777,12.4599997214973,1957,8,NA
51.8667,10.3333,1957-08-05,10.9999997541308,17.4699996095151,14.234999681823,1957,8,NA
51.8667,10.3333,1957-08-06,9.42999978922307,21.0699995290488,15.2499996591359,1957,8,NA
51.8667,10.3333,1957-08-07,10.4999997653067,22.939999487251,16.7199996262789,1957,8,NA
51.8667,10.3333,1957-08-08,14.7799996696413,20.8399995341897,17.8099996019155,1957,8,NA
51.8667,10.3333,1957-08-09,12.4699997212738,22.1999995037913,17.3349996125326,1957,8,NA
51.8667,10.3333,1957-08-10,14.6799996718764,23.0299994852394,18.8549995785579,1957,8,NA
51.8667,10.3333,1957-08-11,14.4599996767938,18.4499995876104,16.4549996322021,1957,8,NA
51.8667,10.3333,1957-08-12,14.4699996765703,22.0999995060265,18.2849995912984,1957,8,NA
51.8667,10.3333,1957-08-13,12.1599997282028,20.9399995319545,16.5499996300787,1957,8,NA
51.8667,10.3333,1957-08-14,10.4199997670949,21.7399995140731,16.079999640584,1957,8,NA
51.8667,10.3333,1957-08-15,11.8299997355789,17.9199995994568,14.8749996675178,1957,8,NA
51.8667,10.3333,1957-08-16,11.5999997407198,17.4299996104091,14.5149996755645,1957,8,NA
51.8667,10.3333,1957-08-17,9.71999978274107,15.6999996490777,12.7099997159094,1957,8,NA
51.8667,10.3333,1957-08-18,9.87999977916479,13.2499997038394,11.5649997415021,1957,8,NA
51.8667,10.3333,1957-08-19,10.9899997543544,15.8799996450543,13.4349996997043,1957,8,NA
51.8667,10.3333,1957-08-20,10.1399997733533,17.3499996121973,13.7449996927753,1957,8,NA
51.8667,10.3333,1957-08-21,10.1199997738004,14.7899996694177,12.4549997216091,1957,8,NA
51.8667,10.3333,1957-08-22,10.5099997650832,14.5699996743351,12.5399997197092,1957,8,NA
51.8667,10.3333,1957-08-23,8.2699998151511,14.6199996732175,11.4449997441843,1957,8,NA
51.8667,10.3333,1957-08-24,6.77999984845519,18.2199995927513,12.4999997206032,1957,8,NA
51.8667,10.3333,1957-08-25,9.47999978810549,14.9099996667355,12.1949997274205,1957,8,NA
51.8667,10.3333,1957-08-26,7.67999982833862,15.6399996504188,11.6599997393787,1957,8,NA
51.8667,10.3333,1957-08-27,8.11999981850386,13.1299997065216,10.6249997625127,1957,8,NA
51.8667,10.3333,1957-08-28,8.82999980263412,13.2499997038394,11.0399997532368,1957,8,NA
51.8667,10.3333,1957-08-29,7.22999983839691,14.4799996763468,10.8549997573718,1957,8,NA
51.8667,10.3333,1957-08-30,7.50999983213842,14.069999685511,10.7899997588247,1957,8,NA
51.8667,10.3333,1957-08-31,5.59999987483025,14.7099996712059,10.1549997730181,1957,8,NA
51.8667,10.3333,1957-09-01,8.97999979928136,13.3199997022748,11.1499997507781,1957,9,NA
51.8667,10.3333,1957-09-02,6.54999985359609,16.079999640584,11.31499974709,1957,9,NA
51.8667,10.3333,1957-09-03,10.5399997644126,14.9099996667355,12.7249997155741,1957,9,NA
51.8667,10.3333,1957-09-04,7.38999983482063,14.4699996765703,10.9299997556955,1957,9,NA
51.8667,10.3333,1957-09-05,4.23999990522861,15.2799996584654,9.759999781847,1957,9,NA
51.8667,10.3333,1957-09-06,6.50999985449016,14.4999996758997,10.504999765195,1957,9,NA
51.8667,10.3333,1957-09-07,9.13999979570508,17.7499996032566,13.4449996994808,1957,9,NA
51.8667,10.3333,1957-09-08,9.3599997907877,21.8299995120615,15.5949996514246,1957,9,NA
51.8667,10.3333,1957-09-09,13.5399996973574,21.0799995288253,17.3099996130913,1957,9,NA
51.8667,10.3333,1957-09-10,9.6999997831881,14.2799996808171,11.9899997320026,1957,9,NA
51.8667,10.3333,1957-09-11,7.65999982878566,16.7399996258318,12.1999997273088,1957,9,NA
51.8667,10.3333,1957-09-12,10.8399997577071,15.6099996510893,13.2249997043982,1957,9,NA
51.8667,10.3333,1957-09-13,6.74999984912574,12.6799997165799,9.71499978285283,1957,9,NA
51.8667,10.3333,1957-09-14,6.01999986544251,11.189999749884,8.60499980766326,1957,9,NA
51.8667,10.3333,1957-09-15,6.20999986119568,10.4999997653067,8.3549998132512,1957,9,NA
51.8667,10.3333,1957-09-16,6.29999985918403,11.2399997487664,8.76999980397522,1957,9,NA
51.8667,10.3333,1957-09-17,4.36999990232289,9.48999978788197,6.92999984510243,1957,9,NA
51.8667,10.3333,1957-09-18,5.67999987304211,12.7199997156858,9.19999979436398,1957,9,NA
51.8667,10.3333,1957-09-19,5.42999987863004,14.1799996830523,9.80499978084117,1957,9,NA
51.8667,10.3333,1957-09-20,9.51999978721142,12.9499997105449,11.2349997488782,1957,9,NA
51.8667,10.3333,1957-09-21,5.07999988645315,13.779999691993,9.42999978922307,1957,9,NA
51.8667,10.3333,1957-09-22,6.27999985963106,16.7799996249378,11.5299997422844,1957,9,NA
51.8667,10.3333,1957-09-23,12.3599997237325,16.6299996282905,14.4949996760115,1957,9,NA
51.8667,10.3333,1957-09-24,11.6499997396022,14.9899996649474,13.3199997022748,1957,9,NA
51.8667,10.3333,1957-09-25,4.73999989405274,12.2999997250736,8.51999980956316,1957,9,NA
51.8667,10.3333,1957-09-26,0.639999985694885,11.7099997382611,6.17499986197799,1957,9,NA
51.8667,10.3333,1957-09-27,2.80999993719161,10.5599997639656,6.68499985057861,1957,9,NA
51.8667,10.3333,1957-09-28,1.36999996937811,10.9399997554719,6.15499986242503,1957,9,NA
51.8667,10.3333,1957-09-29,7.40999983437359,11.4299997445196,9.41999978944659,1957,9,NA
51.8667,10.3333,1957-09-30,3.85999991372228,9.55999978631735,6.70999985001981,1957,9,NA
51.8667,10.3333,1957-10-01,2.20999995060265,7.06999984197319,4.63999989628792,1957,10,1958
51.8667,10.3333,1957-10-02,0.0499999988824129,10.2599997706711,5.15499988477677,1957,10,1958
51.8667,10.3333,1957-10-03,1.22999997250736,9.759999781847,5.49499987717718,1957,10,1958
51.8667,10.3333,1957-10-04,0.459999989718199,7.54999983124435,4.00499991048127,1957,10,1958
51.8667,10.3333,1957-10-05,3.05999993160367,7.91999982297421,5.48999987728894,1957,10,1958
51.8667,10.3333,1957-10-06,1.55999996513128,8.04999982006848,4.80499989259988,1957,10,1958
51.8667,10.3333,1957-10-07,7.30999983660877,12.5699997190386,9.93999977782369,1957,10,1958
51.8667,10.3333,1957-10-08,7.2899998370558,14.9499996658415,11.1199997514486,1957,10,1958
51.8667,10.3333,1957-10-09,5.94999986700714,17.6599996052682,11.8049997361377,1957,10,1958
51.8667,10.3333,1957-10-10,5.48999987728894,17.9799995981157,11.7349997377023,1957,10,1958
51.8667,10.3333,1957-10-11,6.4299998562783,15.7499996479601,11.0899997521192,1957,10,1958
51.8667,10.3333,1957-10-12,6.38999985717237,17.4399996101856,11.914999733679,1957,10,1958
51.8667,10.3333,1957-10-13,6.76999984867871,13.3799997009337,10.0749997748062,1957,10,1958
51.8667,10.3333,1957-10-14,4.6499998960644,14.3299996796995,9.48999978788197,1957,10,1958
51.8667,10.3333,1957-10-15,4.50999989919364,11.1999997496605,7.85499982442707,1957,10,1958
51.8667,10.3333,1957-10-16,4.23999990522861,12.0699997302145,8.15499981772155,1957,10,1958
51.8667,10.3333,1957-10-17,2.82999993674457,14.7499996703118,8.78999980352819,1957,10,1958
51.8667,10.3333,1957-10-18,8.56999980844557,12.5399997197092,10.5549997640774,1957,10,1958
51.8667,10.3333,1957-10-19,9.02999979816377,14.3999996781349,11.7149997381493,1957,10,1958
51.8667,10.3333,1957-10-20,7.21999983862042,15.1399996615946,11.1799997501075,1957,10,1958
51.8667,10.3333,1957-10-21,3.21999992802739,9.85999977961183,6.53999985381961,1957,10,1958
51.8667,10.3333,1957-10-22,2.34999994747341,8.82999980263412,5.58999987505376,1957,10,1958
51.8667,10.3333,1957-10-23,3.74999991618097,7.58999983035028,5.66999987326562,1957,10,1958
51.8667,10.3333,1957-10-24,2.96999993361533,7.60999982990324,5.28999988175929,1957,10,1958
51.8667,10.3333,1957-10-25,5.5699998755008,8.74999980442226,7.15999983996153,1957,10,1958
51.8667,10.3333,1957-10-26,7.46999983303249,10.9899997543544,9.22999979369342,1957,10,1958
51.8667,10.3333,1957-10-27,5.71999987214804,13.3399997018278,9.5299997869879,1957,10,1958
51.8667,10.3333,1957-10-28,5.70999987237155,9.82999978028238,7.76999982632697,1957,10,1958
51.8667,10.3333,1957-10-29,6.3699998576194,10.609999762848,8.48999981023371,1957,10,1958
51.8667,10.3333,1957-10-30,7.27999983727932,11.4499997440726,9.36499979067594,1957,10,1958
51.8667,10.3333,1957-10-31,7.98999982140958,12.1799997277558,10.0849997745827,1957,10,1958
51.8667,10.3333,1957-11-01,7.81999982520938,10.4399997666478,9.1299997959286,1957,11,1958
51.8667,10.3333,1957-11-02,4.77999989315867,9.83999978005886,7.30999983660877,1957,11,1958
51.8667,10.3333,1957-11-03,3.20999992825091,7.749999826774,5.47999987751245,1957,11,1958
51.8667,10.3333,1957-11-04,2.55999994277954,8.78999980352819,5.67499987315387,1957,11,1958
51.8667,10.3333,1957-11-05,5.39999987930059,12.1999997273088,8.79999980330467,1957,11,1958
51.8667,10.3333,1957-11-06,7.56999983079731,13.2299997042865,10.3999997675419,1957,11,1958
51.8667,10.3333,1957-11-07,5.87999986857176,10.1099997740239,7.99499982129782,1957,11,1958
51.8667,10.3333,1957-11-08,4.79999989271164,7.09999984130263,5.94999986700714,1957,11,1958
51.8667,10.3333,1957-11-09,3.31999992579222,5.25999988242984,4.28999990411103,1957,11,1958
51.8667,10.3333,1957-11-10,2.94999993406236,4.48999989964068,3.71999991685152,1957,11,1958
51.8667,10.3333,1957-11-11,2.65999994054437,7.18999983929098,4.92499988991767,1957,11,1958
51.8667,10.3333,1957-11-12,5.62999987415969,7.39999983459711,6.5149998543784,1957,11,1958
51.8667,10.3333,1957-11-13,2.45999994501472,5.88999986834824,4.17499990668148,1957,11,1958
51.8667,10.3333,1957-11-14,-1.15999997407198,2.58999994210899,0.714999984018505,1957,11,1958
51.8667,10.3333,1957-11-15,-2.97999993339181,-0.0899999979883432,-1.53499996569008,1957,11,1958
51.8667,10.3333,1957-11-16,-2.30999994836748,4.51999989897013,1.10499997530133,1957,11,1958
51.8667,10.3333,1957-11-17,0.299999993294477,8.59999980777502,4.44999990053475,1957,11,1958
51.8667,10.3333,1957-11-18,1.43999996781349,5.76999987103045,3.60499991942197,1957,11,1958
51.8667,10.3333,1957-11-19,0.0299999993294477,4.02999990992248,2.02999995462596,1957,11,1958
51.8667,10.3333,1957-11-20,-0.769999982789159,1.88999995775521,0.559999987483025,1957,11,1958
51.8667,10.3333,1957-11-21,-4.06999990902841,1.9499999564141,-1.05999997630715,1957,11,1958
51.8667,10.3333,1957-11-22,-5.54999987594783,0.0799999982118607,-2.73499993886799,1957,11,1958
51.8667,10.3333,1957-11-23,-4.26999990455806,-0.859999980777502,-2.56499994266778,1957,11,1958
51.8667,10.3333,1957-11-24,-1.67999996244907,3.67999991774559,0.999999977648258,1957,11,1958
51.8667,10.3333,1957-11-25,1.23999997228384,3.47999992221594,2.35999994724989,1957,11,1958
51.8667,10.3333,1957-11-26,2.28999994881451,4.019999910146,3.15499992948025,1957,11,1958
51.8667,10.3333,1957-11-27,2.94999993406236,4.54999989829957,3.74999991618097,1957,11,1958
51.8667,10.3333,1957-11-28,3.4999999217689,6.4299998562783,4.9649998890236,1957,11,1958
51.8667,10.3333,1957-11-29,5.18999988399446,6.96999984420836,6.07999986410141,1957,11,1958
51.8667,10.3333,1957-11-30,-3.64999991841614,6.83999984711409,1.59499996434897,1957,11,1958
51.8667,10.3333,1957-12-01,-7.72999982722104,-2.05999995395541,-4.89499989058822,1957,12,1958
51.8667,10.3333,1957-12-02,-8.59999980777502,-2.02999995462596,-5.31499988120049,1957,12,1958
51.8667,10.3333,1957-12-03,-2.50999994389713,0.669999985024333,-0.919999979436398,1957,12,1958
51.8667,10.3333,1957-12-04,-0.0799999982118607,4.23999990522861,2.07999995350838,1957,12,1958
51.8667,10.3333,1957-12-05,0.979999978095293,3.33999992534518,2.15999995172024,1957,12,1958
51.8667,10.3333,1957-12-06,0.819999981671572,3.98999991081655,2.40499994624406,1957,12,1958
51.8667,10.3333,1957-12-07,-1.50999996624887,3.13999992981553,0.81499998178333,1957,12,1958
51.8667,10.3333,1957-12-08,-2.79999993741512,0.629999985918403,-1.08499997574836,1957,12,1958
51.8667,10.3333,1957-12-09,-1.30999997071922,8.48999981023371,3.58999991975725,1957,12,1958
51.8667,10.3333,1957-12-10,-3.05999993160367,4.91999989002943,0.92999997921288,1957,12,1958
51.8667,10.3333,1957-12-11,-5.18999988399446,-0.34999999217689,-2.76999993808568,1957,12,1958
51.8667,10.3333,1957-12-12,-3.5599999204278,2.95999993383884,-0.299999993294477,1957,12,1958
51.8667,10.3333,1957-12-13,-0.26999999396503,4.56999989785254,2.14999995194376,1957,12,1958
51.8667,10.3333,1957-12-14,-1.66999996267259,3.10999993048608,0.719999983906746,1957,12,1958
51.8667,10.3333,1957-12-15,-2.71999993920326,-0.959999978542328,-1.8399999588728,1957,12,1958
51.8667,10.3333,1957-12-16,-10.4399997666478,-2.54999994300306,-6.49499985482544,1957,12,1958
51.8667,10.3333,1957-12-17,-16.3599996343255,-6.029999865219,-11.1949997497723,1957,12,1958
51.8667,10.3333,1957-12-18,-16.0399996414781,-6.3699998576194,-11.2049997495487,1957,12,1958
51.8667,10.3333,1957-12-19,-8.00999982096255,-4.19999990612268,-6.10499986354262,1957,12,1958
51.8667,10.3333,1957-12-20,-6.15999986231327,1.56999996490777,-2.29499994870275,1957,12,1958
51.8667,10.3333,1957-12-21,-1.30999997071922,1.57999996468425,0.134999996982515,1957,12,1958
51.8667,10.3333,1957-12-22,-0.00999999977648258,2.77999993786216,1.38499996904284,1957,12,1958
51.8667,10.3333,1957-12-23,0.569999987259507,4.61999989673495,2.59499994199723,1957,12,1958
51.8667,10.3333,1957-12-24,-2.15999995172024,2.42999994568527,0.134999996982515,1957,12,1958
51.8667,10.3333,1957-12-25,-0.369999991729856,5.55999987572432,2.59499994199723,1957,12,1958
51.8667,10.3333,1957-12-26,-0.789999982342124,4.6499998960644,1.92999995686114,1957,12,1958
51.8667,10.3333,1957-12-27,-0.439999990165234,4.63999989628792,2.09999995306134,1957,12,1958
51.8667,10.3333,1957-12-28,0.489999989047647,4.16999990679324,2.32999994792044,1957,12,1958
51.8667,10.3333,1957-12-29,0.759999983012676,2.61999994143844,1.68999996222556,1957,12,1958
51.8667,10.3333,1957-12-30,0.799999982118607,2.76999993808568,1.78499996010214,1957,12,1958
51.8667,10.3333,1957-12-31,-0.0899999979883432,3.07999993115664,1.49499996658415,1957,12,1958
51.8667,10.3333,1958-01-01,-0.679999984800816,1.46999996714294,0.394999991171062,1958,1,1958
51.8667,10.3333,1958-01-02,-1.50999996624887,3.48999992199242,0.989999977871776,1958,1,1958
51.8667,10.3333,1958-01-03,-6.3699998576194,-1.27999997138977,-3.82499991450459,1958,1,1958
51.8667,10.3333,1958-01-04,-12.0999997295439,-3.58999991975725,-7.84499982465059,1958,1,1958
51.8667,10.3333,1958-01-05,-14.1999996826053,-3.63999991863966,-8.91999980062246,1958,1,1958
51.8667,10.3333,1958-01-06,-5.45999987795949,2.65999994054437,-1.39999996870756,1958,1,1958
51.8667,10.3333,1958-01-07,0.139999996870756,3.42999992333353,1.78499996010214,1958,1,1958
51.8667,10.3333,1958-01-08,-2.98999993316829,4.65999989584088,0.834999981336296,1958,1,1958
51.8667,10.3333,1958-01-09,-5.54999987594783,0.0399999991059303,-2.75499993842095,1958,1,1958
51.8667,10.3333,1958-01-10,-0.219999995082617,2.52999994345009,1.15499997418374,1958,1,1958
51.8667,10.3333,1958-01-11,-0.709999984130263,2.22999995015562,0.759999983012676,1958,1,1958
51.8667,10.3333,1958-01-12,-0.609999986365438,3.2699999269098,1.32999997027218,1958,1,1958
51.8667,10.3333,1958-01-13,-0.0199999995529652,3.39999992400408,1.68999996222556,1958,1,1958
51.8667,10.3333,1958-01-14,-0.739999983459711,1.53999996557832,0.399999991059303,1958,1,1958
51.8667,10.3333,1958-01-15,-1.38999996893108,0.859999980777502,-0.264999994076788,1958,1,1958
51.8667,10.3333,1958-01-16,-2.31999994814396,-0.0599999986588955,-1.18999997340143,1958,1,1958
51.8667,10.3333,1958-01-17,-1.90999995730817,1.719999961555,-0.0949999978765845,1958,1,1958
51.8667,10.3333,1958-01-18,0.799999982118607,3.0999999307096,1.9499999564141,1958,1,1958
51.8667,10.3333,1958-01-19,0.109999997541308,2.47999994456768,1.29499997105449,1958,1,1958
51.8667,10.3333,1958-01-20,-4.79999989271164,2.42999994568527,-1.18499997351319,1958,1,1958
51.8667,10.3333,1958-01-21,-4.80999989248812,-2.07999995350838,-3.44499992299825,1958,1,1958
51.8667,10.3333,1958-01-22,-5.37999987974763,-1.87999995797873,-3.62999991886318,1958,1,1958
51.8667,10.3333,1958-01-23,-4.6499998960644,-1.85999995842576,-3.25499992724508,1958,1,1958
51.8667,10.3333,1958-01-24,-6.33999985828996,-1.7799999602139,-4.05999990925193,1958,1,1958
51.8667,10.3333,1958-01-25,-8.27999981492758,-2.22999995015562,-5.2549998825416,1958,1,1958
51.8667,10.3333,1958-01-26,-6.56999985314906,-1.50999996624887,-4.03999990969896,1958,1,1958
51.8667,10.3333,1958-01-27,-6.80999984778464,1.34999996982515,-2.72999993897974,1958,1,1958
51.8667,10.3333,1958-01-28,-1.28999997116625,4.35999990254641,1.53499996569008,1958,1,1958
51.8667,10.3333,1958-01-29,-2.67999994009733,7.09999984130263,2.20999995060265,1958,1,1958
51.8667,10.3333,1958-01-30,-2.8699999358505,7.45999983325601,2.29499994870275,1958,1,1958
51.8667,10.3333,1958-01-31,-2.62999994121492,5.78999987058342,1.57999996468425,1958,1,1958
51.8667,10.3333,1958-02-01,-2.30999994836748,3.96999991126359,0.829999981448054,1958,2,1958
51.8667,10.3333,1958-02-02,-4.51999989897013,3.64999991841614,-0.434999990276992,1958,2,1958
51.8667,10.3333,1958-02-03,-3.63999991863966,1.68999996222556,-0.974999978207052,1958,2,1958
51.8667,10.3333,1958-02-04,-0.199999995529652,2.09999995306134,0.949999978765845,1958,2,1958
51.8667,10.3333,1958-02-05,-1.52999996580184,0.509999988600612,-0.509999988600612,1958,2,1958
51.8667,10.3333,1958-02-06,-0.499999988824129,4.10999990813434,1.80499995965511,1958,2,1958
51.8667,10.3333,1958-02-07,-3.99999991059303,1.1499999742955,-1.42499996814877,1958,2,1958
51.8667,10.3333,1958-02-08,-6.28999985940754,-2.80999993719161,-4.54999989829957,1958,2,1958
51.8667,10.3333,1958-02-09,-6.85999984666705,2.76999993808568,-2.04499995429069,1958,2,1958
51.8667,10.3333,1958-02-10,1.05999997630715,5.67999987304211,3.36999992467463,1958,2,1958
51.8667,10.3333,1958-02-11,4.29999990388751,9.71999978274107,7.00999984331429,1958,2,1958
51.8667,10.3333,1958-02-12,5.76999987103045,9.70999978296459,7.73999982699752,1958,2,1958
51.8667,10.3333,1958-02-13,5.38999987952411,7.92999982275069,6.6599998511374,1958,2,1958
51.8667,10.3333,1958-02-14,3.24999992735684,8.48999981023371,5.86999986879528,1958,2,1958
51.8667,10.3333,1958-02-15,6.14999986253679,12.1699997279793,9.15999979525805,1958,2,1958
51.8667,10.3333,1958-02-16,8.63999980688095,10.629999762401,9.63499978464097,1958,2,1958
51.8667,10.3333,1958-02-17,1.82999995909631,9.68999978341162,5.75999987125397,1958,2,1958
51.8667,10.3333,1958-02-18,-3.33999992534518,2.02999995462596,-0.654999985359609,1958,2,1958
51.8667,10.3333,1958-02-19,-4.42999990098178,-1.43999996781349,-2.93499993439764,1958,2,1958
51.8667,10.3333,1958-02-20,-4.84999989159405,-1.33999997004867,-3.09499993082136,1958,2,1958
51.8667,10.3333,1958-02-21,-2.55999994277954,1.28999997116625,-0.634999985806644,1958,2,1958
51.8667,10.3333,1958-02-22,-3.4999999217689,1.78999995999038,-0.854999980889261,1958,2,1958
51.8667,10.3333,1958-02-23,-5.21999988332391,-0.609999986365438,-2.91499993484467,1958,2,1958
51.8667,10.3333,1958-02-24,-3.61999991908669,-0.859999980777502,-2.2399999499321,1958,2,1958
51.8667,10.3333,1958-02-25,-5.26999988220632,-1.69999996200204,-3.48499992210418,1958,2,1958
51.8667,10.3333,1958-02-26,-3.45999992266297,6.31999985873699,1.42999996803701,1958,2,1958
51.8667,10.3333,1958-02-27,-7.33999983593822,5.00999988801777,-1.16499997396022,1958,2,1958
51.8667,10.3333,1958-02-28,-11.5799997411668,-1.63999996334314,-6.60999985225499,1958,2,1958
51.8667,10.3333,1958-03-01,-11.1599997505546,-2.93999993428588,-7.04999984242022,1958,3,1958
51.8667,10.3333,1958-03-02,-10.8399997577071,2.78999993763864,-4.02499991003424,1958,3,1958
51.8667,10.3333,1958-03-03,-0.909999979659915,1.22999997250736,0.159999996423721,1958,3,1958
51.8667,10.3333,1958-03-04,-2.24999994970858,-0.109999997541308,-1.17999997362494,1958,3,1958
51.8667,10.3333,1958-03-05,-3.40999992378056,3.29999992623925,-0.0549999987706542,1958,3,1958
51.8667,10.3333,1958-03-06,0.129999997094274,3.17999992892146,1.65499996300787,1958,3,1958
51.8667,10.3333,1958-03-07,-2.27999994903803,4.019999910146,0.869999980553985,1958,3,1958
51.8667,10.3333,1958-03-08,-4.40999990142882,-0.369999991729856,-2.38999994657934,1958,3,1958
51.8667,10.3333,1958-03-09,-5.59999987483025,-0.429999990388751,-3.0149999326095,1958,3,1958
51.8667,10.3333,1958-03-10,-4.04999990947545,-0.599999986588955,-2.3249999480322,1958,3,1958
51.8667,10.3333,1958-03-11,-7.84999982453883,-2.36999994702637,-5.1099998857826,1958,3,1958
51.8667,10.3333,1958-03-12,-10.8399997577071,-0.699999984353781,-5.76999987103045,1958,3,1958
51.8667,10.3333,1958-03-13,-7.5199998319149,-1.51999996602535,-4.51999989897013,1958,3,1958
51.8667,10.3333,1958-03-14,-9.08999979682267,-0.329999992623925,-4.7099998947233,1958,3,1958
51.8667,10.3333,1958-03-15,-7.78999982587993,-2.73999993875623,-5.26499988231808,1958,3,1958
51.8667,10.3333,1958-03-16,-7.36999983526766,-0.849999981001019,-4.10999990813434,1958,3,1958
51.8667,10.3333,1958-03-17,-5.40999987907708,-1.63999996334314,-3.52499992121011,1958,3,1958
51.8667,10.3333,1958-03-18,-4.76999989338219,-2.07999995350838,-3.42499992344528,1958,3,1958
51.8667,10.3333,1958-03-19,-5.07999988645315,-2.28999994881451,-3.68499991763383,1958,3,1958
51.8667,10.3333,1958-03-20,-5.35999988019466,-1.68999996222556,-3.52499992121011,1958,3,1958
51.8667,10.3333,1958-03-21,-5.76999987103045,-3.44999992288649,-4.60999989695847,1958,3,1958
51.8667,10.3333,1958-03-22,-7.61999982967973,-3.22999992780387,-5.4249998787418,1958,3,1958
51.8667,10.3333,1958-03-23,-11.9799997322261,-3.90999991260469,-7.94499982241541,1958,3,1958
51.8667,10.3333,1958-03-24,-11.9099997337908,-2.59999994188547,-7.25499983783811,1958,3,1958
51.8667,10.3333,1958-03-25,-5.9699998665601,1.6099999640137,-2.1799999512732,1958,3,1958
51.8667,10.3333,1958-03-26,-6.57999985292554,7.64999982900918,0.534999988041818,1958,3,1958
51.8667,10.3333,1958-03-27,-1.13999997451901,9.94999977760017,4.40499990154058,1958,3,1958
51.8667,10.3333,1958-03-28,0.519999988377094,8.2099998164922,4.36499990243465,1958,3,1958
51.8667,10.3333,1958-03-29,0.669999985024333,6.2599998600781,3.46499992255121,1958,3,1958
51.8667,10.3333,1958-03-30,2.009999955073,8.90999980084598,5.45999987795949,1958,3,1958
51.8667,10.3333,1958-03-31,-0.989999977871776,3.56999992020428,1.28999997116625,1958,3,1958
51.8667,10.3333,1958-04-01,-4.55999989807606,0.329999992623925,-2.11499995272607,1958,4,1958
51.8667,10.3333,1958-04-02,-6.45999985560775,1.61999996379018,-2.41999994590878,1958,4,1958
51.8667,10.3333,1958-04-03,-5.0499998871237,0.449999989941716,-2.29999994859099,1958,4,1958
51.8667,10.3333,1958-04-04,-4.53999989852309,8.88999980129302,2.17499995138496,1958,4,1958
51.8667,10.3333,1958-04-05,1.8399999588728,12.0899997297674,6.96499984432012,1958,4,1958
51.8667,10.3333,1958-04-06,2.22999995015562,12.6999997161329,7.46499983314425,1958,4,1958
51.8667,10.3333,1958-04-07,-0.319999992847443,5.9699998665601,2.82499993685633,1958,4,1958
51.8667,10.3333,1958-04-08,-1.22999997250736,1.9499999564141,0.359999991953373,1958,4,1958
51.8667,10.3333,1958-04-09,-2.53999994322658,3.23999992758036,0.34999999217689,1958,4,1958
51.8667,10.3333,1958-04-10,-2.41999994590878,2.04999995417893,-0.184999995864928,1958,4,1958
51.8667,10.3333,1958-04-11,-3.99999991059303,0.439999990165234,-1.7799999602139,1958,4,1958
51.8667,10.3333,1958-04-12,-3.9599999114871,1.63999996334314,-1.15999997407198,1958,4,1958
51.8667,10.3333,1958-04-13,-3.76999991573393,3.75999991595745,-0.00499999988824129,1958,4,1958
51.8667,10.3333,1958-04-14,-4.36999990232289,6.57999985292554,1.10499997530133,1958,4,1958
51.8667,10.3333,1958-04-15,-1.64999996311963,10.4499997664243,4.39999990165234,1958,4,1958
51.8667,10.3333,1958-04-16,0.719999983906746,10.629999762401,5.67499987315387,1958,4,1958
51.8667,10.3333,1958-04-17,1.05999997630715,6.83999984711409,3.94999991171062,1958,4,1958
51.8667,10.3333,1958-04-18,-0.749999983236194,4.40999990142882,1.82999995909631,1958,4,1958
51.8667,10.3333,1958-04-19,-1.93999995663762,8.09999981895089,3.07999993115664,1958,4,1958
51.8667,10.3333,1958-04-20,3.90999991260469,8.48999981023371,6.1999998614192,1958,4,1958
51.8667,10.3333,1958-04-21,4.89999989047647,11.5899997409433,8.24499981570989,1958,4,1958
51.8667,10.3333,1958-04-22,5.15999988466501,9.37999979034066,7.26999983750284,1958,4,1958
51.8667,10.3333,1958-04-23,2.66999994032085,6.66999985091388,4.66999989561737,1958,4,1958
51.8667,10.3333,1958-04-24,0.179999995976686,7.37999983504415,3.77999991551042,1958,4,1958
51.8667,10.3333,1958-04-25,-1.97999995574355,11.6499997396022,4.83499989192933,1958,4,1958
51.8667,10.3333,1958-04-26,1.50999996624887,16.2499996367842,8.87999980151653,1958,4,1958
51.8667,10.3333,1958-04-27,3.05999993160367,6.99999984353781,5.02999988757074,1958,4,1958
51.8667,10.3333,1958-04-28,1.42999996803701,6.70999985001981,4.06999990902841,1958,4,1958
51.8667,10.3333,1958-04-29,1.27999997138977,8.07999981939793,4.67999989539385,1958,4,1958
51.8667,10.3333,1958-04-30,2.55999994277954,8.88999980129302,5.72499987203628,1958,4,1958
51.8667,10.3333,1958-05-01,3.71999991685152,13.8199996910989,8.76999980397522,1958,5,NA
51.8667,10.3333,1958-05-02,5.20999988354743,16.3999996334314,10.8049997584894,1958,5,NA
51.8667,10.3333,1958-05-03,6.68999985046685,17.0499996189028,11.8699997346848,1958,5,NA
51.8667,10.3333,1958-05-04,3.27999992668629,11.8399997353554,7.55999983102083,1958,5,NA
51.8667,10.3333,1958-05-05,0.459999989718199,7.85999982431531,4.15999990701675,1958,5,NA
51.8667,10.3333,1958-05-06,1.67999996244907,20.9999995306134,11.3399997465312,1958,5,NA
51.8667,10.3333,1958-05-07,10.069999774918,14.8899996671826,12.4799997210503,1958,5,NA
51.8667,10.3333,1958-05-08,4.60999989695847,13.7099996935576,9.15999979525805,1958,5,NA
51.8667,10.3333,1958-05-09,8.19999981671572,19.6999995596707,13.9499996881932,1958,5,NA
51.8667,10.3333,1958-05-10,11.9299997333437,20.63999953866,16.2849996360019,1958,5,NA
51.8667,10.3333,1958-05-11,12.3099997248501,16.5899996291846,14.4499996770173,1958,5,NA
51.8667,10.3333,1958-05-12,8.87999980151653,15.3799996562302,12.1299997288734,1958,5,NA
51.8667,10.3333,1958-05-13,7.35999983549118,10.9699997548014,9.16499979514629,1958,5,NA
51.8667,10.3333,1958-05-14,6.21999986097217,14.5199996754527,10.3699997682124,1958,5,NA
51.8667,10.3333,1958-05-15,7.46999983303249,14.6699996720999,11.0699997525662,1958,5,NA
51.8667,10.3333,1958-05-16,8.63999980688095,13.1099997069687,10.8749997569248,1958,5,NA
51.8667,10.3333,1958-05-17,6.80999984778464,10.9499997552484,8.87999980151653,1958,5,NA
51.8667,10.3333,1958-05-18,3.53999992087483,9.88999977894127,6.71499984990805,1958,5,NA
51.8667,10.3333,1958-05-19,6.44999985583127,12.2099997270852,9.32999979145825,1958,5,NA
51.8667,10.3333,1958-05-20,7.92999982275069,14.9299996662885,11.4299997445196,1958,5,NA
51.8667,10.3333,1958-05-21,9.31999979168177,22.1599995046854,15.7399996481836,1958,5,NA
51.8667,10.3333,1958-05-22,7.00999984331429,15.6599996499717,11.334999746643,1958,5,NA
51.8667,10.3333,1958-05-23,5.01999988779426,14.919999666512,9.96999977715313,1958,5,NA
51.8667,10.3333,1958-05-24,8.22999981604517,17.5799996070564,12.9049997115508,1958,5,NA
51.8667,10.3333,1958-05-25,9.3599997907877,23.2099994812161,16.2849996360019,1958,5,NA
51.8667,10.3333,1958-05-26,12.4399997219443,20.5199995413423,16.4799996316433,1958,5,NA
51.8667,10.3333,1958-05-27,12.1699997279793,20.6999995373189,16.4349996326491,1958,5,NA
51.8667,10.3333,1958-05-28,8.87999980151653,14.6999996714294,11.789999736473,1958,5,NA
51.8667,10.3333,1958-05-29,6.8299998473376,11.0699997525662,8.94999979995191,1958,5,NA
51.8667,10.3333,1958-05-30,4.30999990366399,17.219999615103,10.7649997593835,1958,5,NA
51.8667,10.3333,1958-05-31,8.38999981246889,17.3499996121973,12.8699997123331,1958,5,NA
51.8667,10.3333,1958-06-01,8.33999981358647,18.5899995844811,13.4649996990338,1958,6,NA
51.8667,10.3333,1958-06-02,7.60999982990324,21.819999512285,14.7149996710941,1958,6,NA
51.8667,10.3333,1958-06-03,10.2099997717887,24.4199994541705,17.3149996129796,1958,6,NA
51.8667,10.3333,1958-06-04,12.7099997159094,17.5599996075034,15.1349996617064,1958,6,NA
51.8667,10.3333,1958-06-05,9.04999979771674,13.3199997022748,11.1849997499958,1958,6,NA
51.8667,10.3333,1958-06-06,8.84999980218709,15.6699996497482,12.2599997259676,1958,6,NA
51.8667,10.3333,1958-06-07,7.23999983817339,13.7099996935576,10.4749997658655,1958,6,NA
51.8667,10.3333,1958-06-08,5.64999987371266,19.7199995592237,12.6849997164682,1958,6,NA
51.8667,10.3333,1958-06-09,11.3199997469783,16.6199996285141,13.9699996877462,1958,6,NA
51.8667,10.3333,1958-06-10,9.56999978609383,15.3199996575713,12.4449997218326,1958,6,NA
51.8667,10.3333,1958-06-11,6.55999985337257,13.21999970451,9.88999977894127,1958,6,NA
51.8667,10.3333,1958-06-12,5.0499998871237,14.0099996868521,9.5299997869879,1958,6,NA
51.8667,10.3333,1958-06-13,6.8299998473376,10.4299997668713,8.62999980710447,1958,6,NA
51.8667,10.3333,1958-06-14,5.17999988421798,15.0599996633828,10.1199997738004,1958,6,NA
51.8667,10.3333,1958-06-15,5.40999987907708,17.1099996175617,11.2599997483194,1958,6,NA
51.8667,10.3333,1958-06-16,6.4299998562783,19.5599995627999,12.9949997095391,1958,6,NA
51.8667,10.3333,1958-06-17,8.84999980218709,22.939999487251,15.8949996447191,1958,6,NA
51.8667,10.3333,1958-06-18,10.7299997601658,25.1199994385242,17.924999599345,1958,6,NA
51.8667,10.3333,1958-06-19,8.68999980576336,19.3399995677173,14.0149996867403,1958,6,NA
51.8667,10.3333,1958-06-20,3.97999991104007,17.1899996157736,10.5849997634068,1958,6,NA
51.8667,10.3333,1958-06-21,10.8299997579306,13.5399996973574,12.184999727644,1958,6,NA
51.8667,10.3333,1958-06-22,10.9299997556955,13.6699996944517,12.2999997250736,1958,6,NA
51.8667,10.3333,1958-06-23,9.48999978788197,15.6899996493012,12.5899997185916,1958,6,NA
51.8667,10.3333,1958-06-24,8.64999980665743,15.0899996627122,11.8699997346848,1958,6,NA
51.8667,10.3333,1958-06-25,7.52999983169138,16.5099996309727,12.0199997313321,1958,6,NA
51.8667,10.3333,1958-06-26,9.39999978989363,16.7299996260554,13.0649997079745,1958,6,NA
51.8667,10.3333,1958-06-27,10.7799997590482,17.7599996030331,14.2699996810406,1958,6,NA
51.8667,10.3333,1958-06-28,11.3699997458607,17.8499996010214,14.6099996734411,1958,6,NA
51.8667,10.3333,1958-06-29,11.5099997427315,14.5299996752292,13.0199997089803,1958,6,NA
51.8667,10.3333,1958-06-30,12.5399997197092,17.8399996012449,15.189999660477,1958,6,NA
51.8667,10.3333,1958-07-01,12.3599997237325,20.7299995366484,16.5449996301904,1958,7,NA
51.8667,10.3333,1958-07-02,12.5099997203797,22.1699995044619,17.3399996124208,1958,7,NA
51.8667,10.3333,1958-07-03,12.2499997261912,21.7599995136261,17.0049996199086,1958,7,NA
51.8667,10.3333,1958-07-04,10.0599997751415,19.8599995560944,14.9599996656179,1958,7,NA
51.8667,10.3333,1958-07-05,12.1899997275323,17.9199995994568,15.0549996634945,1958,7,NA
51.8667,10.3333,1958-07-06,12.6599997170269,17.3499996121973,15.0049996646121,1958,7,NA
51.8667,10.3333,1958-07-07,12.7899997141212,18.2299995925277,15.5099996533245,1958,7,NA
51.8667,10.3333,1958-07-08,11.1499997507781,16.1599996387959,13.654999694787,1958,7,NA
51.8667,10.3333,1958-07-09,10.9499997552484,14.339999679476,12.6449997173622,1958,7,NA
51.8667,10.3333,1958-07-10,9.88999977894127,22.0099995080382,15.9499996434897,1958,7,NA
51.8667,10.3333,1958-07-11,11.3999997451901,24.1099994610995,17.7549996031448,1958,7,NA
51.8667,10.3333,1958-07-12,12.8799997121096,21.54999951832,17.2149996152148,1958,7,NA
51.8667,10.3333,1958-07-13,14.9099996667355,24.3599994555116,19.6349995611235,1958,7,NA
51.8667,10.3333,1958-07-14,15.789999647066,26.0499994177371,20.9199995324016,1958,7,NA
51.8667,10.3333,1958-07-15,11.4199997447431,19.789999557659,15.6049996512011,1958,7,NA
51.8667,10.3333,1958-07-16,8.57999980822206,22.7999994903803,15.6899996493012,1958,7,NA
51.8667,10.3333,1958-07-17,14.899999666959,27.2199993915856,21.0599995292723,1958,7,NA
51.8667,10.3333,1958-07-18,9.48999978788197,17.509999608621,13.4999996982515,1958,7,NA
51.8667,10.3333,1958-07-19,10.2899997700006,18.7499995809048,14.5199996754527,1958,7,NA
51.8667,10.3333,1958-07-20,7.08999984152615,22.2399995028973,14.6649996722117,1958,7,NA
51.8667,10.3333,1958-07-21,10.8699997570366,25.5199994295835,18.1949995933101,1958,7,NA
51.8667,10.3333,1958-07-22,11.7799997366965,15.3299996573478,13.5549996970221,1958,7,NA
51.8667,10.3333,1958-07-23,11.3199997469783,15.479999653995,13.3999997004867,1958,7,NA
51.8667,10.3333,1958-07-24,8.80999980308115,14.7099996712059,11.7599997371435,1958,7,NA
51.8667,10.3333,1958-07-25,6.76999984867871,14.4999996758997,10.6349997622892,1958,7,NA
51.8667,10.3333,1958-07-26,7.70999982766807,15.9399996437132,11.8249997356907,1958,7,NA
51.8667,10.3333,1958-07-27,6.27999985963106,18.4099995885044,12.3449997240677,1958,7,NA
51.8667,10.3333,1958-07-28,12.4199997223914,18.6199995838106,15.519999653101,1958,7,NA
51.8667,10.3333,1958-07-29,10.359999768436,20.3299995455891,15.3449996570125,1958,7,NA
51.8667,10.3333,1958-07-30,14.6999996714294,20.4499995429069,17.5749996071681,1958,7,NA
51.8667,10.3333,1958-07-31,12.0499997306615,20.5499995406717,16.2999996356666,1958,7,NA
51.8667,10.3333,1958-08-01,11.5099997427315,21.0199995301664,16.2649996364489,1958,8,NA
51.8667,10.3333,1958-08-02,10.0199997760355,25.8299994226545,17.924999599345,1958,8,NA
51.8667,10.3333,1958-08-03,12.1199997290969,18.4799995869398,15.2999996580184,1958,8,NA
51.8667,10.3333,1958-08-04,9.759999781847,16.389999633655,13.074999707751,1958,8,NA
51.8667,10.3333,1958-08-05,8.97999979928136,18.5599995851517,13.7699996922165,1958,8,NA
51.8667,10.3333,1958-08-06,11.8199997358024,20.9799995310605,16.3999996334314,1958,8,NA
51.8667,10.3333,1958-08-07,12.8799997121096,20.2299995478243,16.5549996299669,1958,8,NA
51.8667,10.3333,1958-08-08,10.7099997606128,17.2899996135384,13.9999996870756,1958,8,NA
51.8667,10.3333,1958-08-09,10.5399997644126,18.4899995867163,14.5149996755645,1958,8,NA
51.8667,10.3333,1958-08-10,13.1199997067451,19.519999563694,16.3199996352196,1958,8,NA
51.8667,10.3333,1958-08-11,13.4099997002631,22.129999505356,17.7699996028095,1958,8,NA
51.8667,10.3333,1958-08-12,14.629999672994,23.9199994653463,19.2749995691702,1958,8,NA
51.8667,10.3333,1958-08-13,13.0199997089803,20.1399995498359,16.5799996294081,1958,8,NA
51.8667,10.3333,1958-08-14,12.1399997286499,16.8899996224791,14.5149996755645,1958,8,NA
51.8667,10.3333,1958-08-15,12.1499997284263,18.8799995779991,15.5149996532127,1958,8,NA
51.8667,10.3333,1958-08-16,14.1599996834993,19.8799995556474,17.0199996195734,1958,8,NA
51.8667,10.3333,1958-08-17,13.509999698028,20.2699995469302,16.8899996224791,1958,8,NA
51.8667,10.3333,1958-08-18,10.9499997552484,19.4799995645881,15.2149996599182,1958,8,NA
51.8667,10.3333,1958-08-19,10.629999762401,22.3899994995445,16.5099996309727,1958,8,NA
51.8667,10.3333,1958-08-20,14.6799996718764,24.5599994510412,19.6199995614588,1958,8,NA
51.8667,10.3333,1958-08-21,14.3999996781349,19.9099995549768,17.1549996165559,1958,8,NA
51.8667,10.3333,1958-08-22,12.039999730885,19.3499995674938,15.6949996491894,1958,8,NA
51.8667,10.3333,1958-08-23,12.3899997230619,19.8199995569885,16.1049996400252,1958,8,NA
51.8667,10.3333,1958-08-24,12.2899997252971,17.5899996068329,14.939999666065,1958,8,NA
51.8667,10.3333,1958-08-25,10.8099997583777,16.4999996311963,13.654999694787,1958,8,NA
51.8667,10.3333,1958-08-26,9.77999978139997,15.3899996560067,12.5849997187033,1958,8,NA
51.8667,10.3333,1958-08-27,10.8899997565895,15.479999653995,13.1849997052923,1958,8,NA
51.8667,10.3333,1958-08-28,9.20999979414046,18.8299995791167,14.0199996866286,1958,8,NA
51.8667,10.3333,1958-08-29,9.51999978721142,22.9199994876981,16.2199996374547,1958,8,NA
51.8667,10.3333,1958-08-30,12.4399997219443,25.9899994190782,19.2149995705113,1958,8,NA
51.8667,10.3333,1958-08-31,13.8499996904284,26.109999416396,19.9799995534122,1958,8,NA
51.8667,10.3333,1958-09-01,12.5399997197092,24.1599994599819,18.3499995898455,1958,9,NA
51.8667,10.3333,1958-09-02,11.3399997465312,21.7599995136261,16.5499996300787,1958,9,NA
51.8667,10.3333,1958-09-03,10.7699997592717,20.4599995426834,15.6149996509776,1958,9,NA
51.8667,10.3333,1958-09-04,8.64999980665743,18.5399995855987,13.5949996961281,1958,9,NA
51.8667,10.3333,1958-09-05,7.64999982900918,19.8799995556474,13.7649996923283,1958,9,NA
51.8667,10.3333,1958-09-06,7.60999982990324,24.0499994624406,15.8299996461719,1958,9,NA
51.8667,10.3333,1958-09-07,9.19999979436398,25.7399994246662,17.4699996095151,1958,9,NA
51.8667,10.3333,1958-09-08,12.8299997132272,24.7699994463474,18.7999995797873,1958,9,NA
51.8667,10.3333,1958-09-09,12.3899997230619,20.8199995346367,16.6049996288493,1958,9,NA
51.8667,10.3333,1958-09-10,10.5099997650832,15.7799996472895,13.1449997061864,1958,9,NA
51.8667,10.3333,1958-09-11,10.9899997543544,16.8199996240437,13.904999689199,1958,9,NA
51.8667,10.3333,1958-09-12,11.1299997512251,14.6599996723235,12.8949997117743,1958,9,NA
51.8667,10.3333,1958-09-13,8.54999980889261,14.2999996803701,11.4249997446314,1958,9,NA
51.8667,10.3333,1958-09-14,6.38999985717237,19.1299995724112,12.7599997147918,1958,9,NA
51.8667,10.3333,1958-09-15,8.16999981738627,22.5399994961917,15.354999656789,1958,9,NA
51.8667,10.3333,1958-09-16,10.5999997630715,25.4299994315952,18.0149995973334,1958,9,NA
51.8667,10.3333,1958-09-17,13.2899997029454,18.1499995943159,15.7199996486306,1958,9,NA
51.8667,10.3333,1958-09-18,12.369999723509,14.6999996714294,13.5349996974692,1958,9,NA
51.8667,10.3333,1958-09-19,10.1299997735769,13.6799996942282,11.9049997339025,1958,9,NA
51.8667,10.3333,1958-09-20,8.86999980174005,17.3099996130913,13.0899997074157,1958,9,NA
51.8667,10.3333,1958-09-21,8.90999980084598,16.1899996381253,12.5499997194856,1958,9,NA
51.8667,10.3333,1958-09-22,9.759999781847,16.3999996334314,13.0799997076392,1958,9,NA
51.8667,10.3333,1958-09-23,8.86999980174005,15.519999653101,12.1949997274205,1958,9,NA
51.8667,10.3333,1958-09-24,8.33999981358647,13.6999996937811,11.0199997536838,1958,9,NA
51.8667,10.3333,1958-09-25,9.43999978899956,14.1799996830523,11.8099997360259,1958,9,NA
51.8667,10.3333,1958-09-26,9.10999979637563,12.7999997138977,10.9549997551367,1958,9,NA
51.8667,10.3333,1958-09-27,7.65999982878566,11.6499997396022,9.65499978419393,1958,9,NA
51.8667,10.3333,1958-09-28,8.82999980263412,13.8099996913224,11.3199997469783,1958,9,NA
51.8667,10.3333,1958-09-29,5.3399998806417,15.1699996609241,10.2549997707829,1958,9,NA
51.8667,10.3333,1958-09-30,6.63999985158443,19.0599995739758,12.8499997127801,1958,9,NA
51.8667,10.3333,1958-10-01,12.1299997288734,23.2599994800985,17.6949996044859,1958,10,1959
51.8667,10.3333,1958-10-02,9.5299997869879,19.3299995679408,14.4299996774644,1958,10,1959
51.8667,10.3333,1958-10-03,9.71999978274107,15.3599996566772,12.5399997197092,1958,10,1959
51.8667,10.3333,1958-10-04,7.04999984242022,16.5399996303022,11.7949997363612,1958,10,1959
51.8667,10.3333,1958-10-05,6.51999985426664,20.2199995480478,13.3699997011572,1958,10,1959
51.8667,10.3333,1958-10-06,7.23999983817339,15.1699996609241,11.2049997495487,1958,10,1959
51.8667,10.3333,1958-10-07,5.57999987527728,15.0999996624887,10.339999768883,1958,10,1959
51.8667,10.3333,1958-10-08,4.82999989204109,14.5599996745586,9.69499978329986,1958,10,1959
51.8667,10.3333,1958-10-09,4.78999989293516,15.0399996638298,9.91499977838248,1958,10,1959
51.8667,10.3333,1958-10-10,9.33999979123473,14.9999996647239,12.1699997279793,1958,10,1959
51.8667,10.3333,1958-10-11,11.9699997324497,20.1299995500594,16.0499996412545,1958,10,1959
51.8667,10.3333,1958-10-12,10.4199997670949,15.1799996607006,12.7999997138977,1958,10,1959
51.8667,10.3333,1958-10-13,8.3799998126924,13.6399996951222,11.0099997539073,1958,10,1959
51.8667,10.3333,1958-10-14,5.7999998703599,11.3499997463077,8.57499980833381,1958,10,1959
51.8667,10.3333,1958-10-15,6.50999985449016,11.2499997485429,8.87999980151653,1958,10,1959
51.8667,10.3333,1958-10-16,7.07999984174967,11.3999997451901,9.23999979346991,1958,10,1959
51.8667,10.3333,1958-10-17,1.9499999564141,7.72999982722104,4.83999989181757,1958,10,1959
51.8667,10.3333,1958-10-18,2.61999994143844,7.02999984286726,4.82499989215285,1958,10,1959
51.8667,10.3333,1958-10-19,1.30999997071922,9.16999979503453,5.23999988287687,1958,10,1959
51.8667,10.3333,1958-10-20,0.369999991729856,6.68999985046685,3.52999992109835,1958,10,1959
51.8667,10.3333,1958-10-21,4.4199999012053,7.8099998254329,6.1149998633191,1958,10,1959
51.8667,10.3333,1958-10-22,4.22999990545213,8.64999980665743,6.43999985605478,1958,10,1959
51.8667,10.3333,1958-10-23,1.86999995820224,9.45999978855252,5.66499987337738,1958,10,1959
51.8667,10.3333,1958-10-24,4.1899999063462,10.8199997581542,7.50499983225018,1958,10,1959
51.8667,10.3333,1958-10-25,6.7199998497963,10.9899997543544,8.85499980207533,1958,10,1959
51.8667,10.3333,1958-10-26,7.56999983079731,10.5999997630715,9.08499979693443,1958,10,1959
51.8667,10.3333,1958-10-27,7.59999983012676,9.6999997831881,8.64999980665743,1958,10,1959
51.8667,10.3333,1958-10-28,6.92999984510243,9.19999979436398,8.0649998197332,1958,10,1959
51.8667,10.3333,1958-10-29,4.76999989338219,11.1999997496605,7.98499982152134,1958,10,1959
51.8667,10.3333,1958-10-30,2.4099999461323,10.8699997570366,6.63999985158443,1958,10,1959
51.8667,10.3333,1958-10-31,0.769999982789159,6.99999984353781,3.88499991316348,1958,10,1959
51.8667,10.3333,1958-11-01,2.64999994076788,9.91999977827072,6.2849998595193,1958,11,1959
51.8667,10.3333,1958-11-02,3.37999992445111,7.50999983213842,5.44499987829477,1958,11,1959
51.8667,10.3333,1958-11-03,1.36999996937811,5.20999988354743,3.28999992646277,1958,11,1959
51.8667,10.3333,1958-11-04,1.52999996580184,3.99999991059303,2.76499993819743,1958,11,1959
51.8667,10.3333,1958-11-05,1.25999997183681,3.88999991305172,2.57499994244426,1958,11,1959
51.8667,10.3333,1958-11-06,0.369999991729856,7.25999983772635,3.81499991472811,1958,11,1959
51.8667,10.3333,1958-11-07,0.469999989494681,7.58999983035028,4.02999990992248,1958,11,1959
51.8667,10.3333,1958-11-08,0.109999997541308,6.50999985449016,3.30999992601573,1958,11,1959
51.8667,10.3333,1958-11-09,2.54999994300306,5.58999987505376,4.06999990902841,1958,11,1959
51.8667,10.3333,1958-11-10,3.19999992847443,7.03999984264374,5.11999988555908,1958,11,1959
51.8667,10.3333,1958-11-11,-1.06999997608364,5.06999988667667,1.99999995529652,1958,11,1959
51.8667,10.3333,1958-11-12,-2.07999995350838,3.05999993160367,0.489999989047647,1958,11,1959
51.8667,10.3333,1958-11-13,-1.4899999666959,3.17999992892146,0.844999981112778,1958,11,1959
51.8667,10.3333,1958-11-14,1.45999996736646,6.84999984689057,4.15499990712851,1958,11,1959
51.8667,10.3333,1958-11-15,4.71999989449978,6.95999984443188,5.83999986946583,1958,11,1959
51.8667,10.3333,1958-11-16,4.75999989360571,7.17999983951449,5.9699998665601,1958,11,1959
51.8667,10.3333,1958-11-17,3.06999993138015,6.16999986208975,4.61999989673495,1958,11,1959
51.8667,10.3333,1958-11-18,0.30999999307096,5.2799998819828,2.79499993752688,1958,11,1959
51.8667,10.3333,1958-11-19,3.33999992534518,6.01999986544251,4.67999989539385,1958,11,1959
51.8667,10.3333,1958-11-20,2.09999995306134,5.85999986901879,3.97999991104007,1958,11,1959
51.8667,10.3333,1958-11-21,1.50999996624887,3.88999991305172,2.6999999396503,1958,11,1959
51.8667,10.3333,1958-11-22,0.429999990388751,2.78999993763864,1.6099999640137,1958,11,1959
51.8667,10.3333,1958-11-23,0.279999993741512,3.37999992445111,1.82999995909631,1958,11,1959
51.8667,10.3333,1958-11-24,-0.61999998614192,3.76999991573393,1.57499996479601,1958,11,1959
51.8667,10.3333,1958-11-25,-2.01999995484948,1.34999996982515,-0.334999992512167,1958,11,1959
51.8667,10.3333,1958-11-26,-1.81999995931983,0.879999980330467,-0.469999989494681,1958,11,1959
51.8667,10.3333,1958-11-27,-1.75999996066093,4.8799998909235,1.55999996513128,1958,11,1959
51.8667,10.3333,1958-11-28,1.57999996468425,4.78999989293516,3.1849999288097,1958,11,1959
51.8667,10.3333,1958-11-29,-0.669999985024333,2.56999994255602,0.949999978765845,1958,11,1959
51.8667,10.3333,1958-11-30,-3.08999993093312,2.05999995395541,-0.514999988488853,1958,11,1959
51.8667,10.3333,1958-12-01,-4.37999990209937,-0.0799999982118607,-2.22999995015562,1958,12,1959
51.8667,10.3333,1958-12-02,-3.00999993272126,0.689999984577298,-1.15999997407198,1958,12,1959
51.8667,10.3333,1958-12-03,-6.18999986164272,-1.35999996960163,-3.77499991562217,1958,12,1959
51.8667,10.3333,1958-12-04,-4.32999990321696,-0.759999983012676,-2.54499994311482,1958,12,1959
51.8667,10.3333,1958-12-05,-4.40999990142882,0.739999983459711,-1.83499995898455,1958,12,1959
51.8667,10.3333,1958-12-06,-0.0699999984353781,2.51999994367361,1.22499997261912,1958,12,1959
51.8667,10.3333,1958-12-07,-0.959999978542328,1.69999996200204,0.369999991729856,1958,12,1959
51.8667,10.3333,1958-12-08,-2.04999995417893,1.22999997250736,-0.409999990835786,1958,12,1959
51.8667,10.3333,1958-12-09,-4.61999989673495,0.949999978765845,-1.83499995898455,1958,12,1959
51.8667,10.3333,1958-12-10,-4.91999989002943,0.979999978095293,-1.96999995596707,1958,12,1959
51.8667,10.3333,1958-12-11,-1.50999996624887,1.09999997541308,-0.204999995417893,1958,12,1959
51.8667,10.3333,1958-12-12,-0.96999997831881,1.64999996311963,0.339999992400408,1958,12,1959
51.8667,10.3333,1958-12-13,0.209999995306134,1.90999995730817,1.05999997630715,1958,12,1959
51.8667,10.3333,1958-12-14,0.869999980553985,4.38999990187585,2.62999994121492,1958,12,1959
51.8667,10.3333,1958-12-15,1.26999997161329,4.30999990366399,2.78999993763864,1958,12,1959
51.8667,10.3333,1958-12-16,0.279999993741512,3.51999992132187,1.89999995753169,1958,12,1959
51.8667,10.3333,1958-12-17,1.97999995574355,5.14999988488853,3.56499992031604,1958,12,1959
51.8667,10.3333,1958-12-18,3.37999992445111,5.08999988622963,4.23499990534037,1958,12,1959
51.8667,10.3333,1958-12-19,2.78999993763864,5.14999988488853,3.96999991126359,1958,12,1959
51.8667,10.3333,1958-12-20,2.50999994389713,8.53999980911613,5.52499987650663,1958,12,1959
51.8667,10.3333,1958-12-21,3.84999991394579,9.48999978788197,6.66999985091388,1958,12,1959
51.8667,10.3333,1958-12-22,2.07999995350838,8.33999981358647,5.20999988354743,1958,12,1959
51.8667,10.3333,1958-12-23,1.3199999704957,5.9699998665601,3.6449999185279,1958,12,1959
51.8667,10.3333,1958-12-24,-0.139999996870756,3.86999991349876,1.864999958314,1958,12,1959
51.8667,10.3333,1958-12-25,1.7799999602139,2.76999993808568,2.27499994914979,1958,12,1959
51.8667,10.3333,1958-12-26,1.01999997720122,2.009999955073,1.51499996613711,1958,12,1959
51.8667,10.3333,1958-12-27,-0.679999984800816,1.0899999756366,0.204999995417893,1958,12,1959
51.8667,10.3333,1958-12-28,-1.1499999742955,0.819999981671572,-0.164999996311963,1958,12,1959
51.8667,10.3333,1958-12-29,-1.07999997586012,1.51999996602535,0.219999995082617,1958,12,1959
51.8667,10.3333,1958-12-30,0.899999979883432,5.44999987818301,3.17499992903322,1958,12,1959
51.8667,10.3333,1958-12-31,1.62999996356666,4.79999989271164,3.21499992813915,1958,12,1959
51.8667,10.3333,1959-01-01,2.04999995417893,4.9399998895824,3.49499992188066,1959,1,1959
51.8667,10.3333,1959-01-02,1.55999996513128,4.68999989517033,3.12499993015081,1959,1,1959
51.8667,10.3333,1959-01-03,0.439999990165234,3.33999992534518,1.88999995775521,1959,1,1959
51.8667,10.3333,1959-01-04,-1.23999997228384,1.23999997228384,0,1959,1,1959
51.8667,10.3333,1959-01-05,-2.55999994277954,-0.999999977648258,-1.7799999602139,1959,1,1959
51.8667,10.3333,1959-01-06,-1.80999995954335,0.509999988600612,-0.649999985471368,1959,1,1959
51.8667,10.3333,1959-01-07,-2.13999995216727,0,-1.06999997608364,1959,1,1959
51.8667,10.3333,1959-01-08,-2.31999994814396,4.2499999050051,0.964999978430569,1959,1,1959
51.8667,10.3333,1959-01-09,-3.50999992154539,3.40999992378056,-0.0499999988824129,1959,1,1959
51.8667,10.3333,1959-01-10,-6.01999986544251,-1.85999995842576,-3.93999991193414,1959,1,1959
51.8667,10.3333,1959-01-11,-9.95999977737665,-4.33999990299344,-7.14999984018505,1959,1,1959
51.8667,10.3333,1959-01-12,-9.40999978967011,-3.5599999204278,-6.48499985504895,1959,1,1959
51.8667,10.3333,1959-01-13,-7.66999982856214,-2.6999999396503,-5.18499988410622,1959,1,1959
51.8667,10.3333,1959-01-14,-9.5899997856468,-2.2399999499321,-5.91499986778945,1959,1,1959
51.8667,10.3333,1959-01-15,-7.60999982990324,-1.70999996177852,-4.65999989584088,1959,1,1959
51.8667,10.3333,1959-01-16,-13.1899997051805,-2.36999994702637,-7.77999982610345,1959,1,1959
51.8667,10.3333,1959-01-17,-11.6499997396022,-4.13999990746379,-7.894999823533,1959,1,1959
51.8667,10.3333,1959-01-18,-11.4399997442961,-2.13999995216727,-6.78999984823167,1959,1,1959
51.8667,10.3333,1959-01-19,-4.91999989002943,-1.0899999756366,-3.00499993283302,1959,1,1959
51.8667,10.3333,1959-01-20,-1.36999996937811,4.57999989762902,1.60499996412545,1959,1,1959
51.8667,10.3333,1959-01-21,2.21999995037913,6.6599998511374,4.43999990075827,1959,1,1959
51.8667,10.3333,1959-01-22,2.59999994188547,5.36999987997115,3.98499991092831,1959,1,1959
51.8667,10.3333,1959-01-23,3.93999991193414,8.69999980553985,6.31999985873699,1959,1,1959
51.8667,10.3333,1959-01-24,0.34999999217689,7.95999982208014,4.15499990712851,1959,1,1959
51.8667,10.3333,1959-01-25,-1.67999996244907,2.04999995417893,0.184999995864928,1959,1,1959
51.8667,10.3333,1959-01-26,-2.68999993987381,-0.479999989271164,-1.58499996457249,1959,1,1959
51.8667,10.3333,1959-01-27,-4.72999989427626,0.289999993517995,-2.21999995037913,1959,1,1959
51.8667,10.3333,1959-01-28,-3.3899999242276,2.34999994747341,-0.519999988377094,1959,1,1959
51.8667,10.3333,1959-01-29,-5.9699998665601,1.32999997027218,-2.31999994814396,1959,1,1959
51.8667,10.3333,1959-01-30,-5.25999988242984,6.13999986276031,0.439999990165234,1959,1,1959
51.8667,10.3333,1959-01-31,-4.07999990880489,6.26999985985458,1.09499997552484,1959,1,1959
51.8667,10.3333,1959-02-01,-5.37999987974763,0.92999997921288,-2.22499995026737,1959,2,1959
51.8667,10.3333,1959-02-02,-3.97999991104007,-1.19999997317791,-2.58999994210899,1959,2,1959
51.8667,10.3333,1959-02-03,-6.10999986343086,-1.63999996334314,-3.874999913387,1959,2,1959
51.8667,10.3333,1959-02-04,-9.49999978765845,-0.699999984353781,-5.09999988600612,1959,2,1959
51.8667,10.3333,1959-02-05,-5.31999988108873,1.7799999602139,-1.76999996043742,1959,2,1959
51.8667,10.3333,1959-02-06,-6.45999985560775,2.55999994277954,-1.9499999564141,1959,2,1959
51.8667,10.3333,1959-02-07,-7.60999982990324,1.52999996580184,-3.0399999320507,1959,2,1959
51.8667,10.3333,1959-02-08,-8.47999981045723,2.4099999461323,-3.03499993216246,1959,2,1959
51.8667,10.3333,1959-02-09,-7.12999984063208,3.43999992311001,-1.84499995876104,1959,2,1959
51.8667,10.3333,1959-02-10,-5.95999986678362,4.7099998947233,-0.624999986030161,1959,2,1959
51.8667,10.3333,1959-02-11,-5.05999988690019,4.8799998909235,-0.0899999979883432,1959,2,1959
51.8667,10.3333,1959-02-12,-3.11999993026257,4.37999990209937,0.629999985918403,1959,2,1959
51.8667,10.3333,1959-02-13,-7.21999983862042,2.41999994590878,-2.39999994635582,1959,2,1959
51.8667,10.3333,1959-02-14,-9.00999979861081,3.34999992512167,-2.82999993674457,1959,2,1959
51.8667,10.3333,1959-02-15,-6.12999986298382,7.68999982811511,0.779999982565641,1959,2,1959
51.8667,10.3333,1959-02-16,-4.04999990947545,5.75999987125397,0.854999980889261,1959,2,1959
51.8667,10.3333,1959-02-17,-0.679999984800816,5.32999988086522,2.3249999480322,1959,2,1959
51.8667,10.3333,1959-02-18,-1.23999997228384,4.05999990925193,1.40999996848404,1959,2,1959
51.8667,10.3333,1959-02-19,0.439999990165234,4.8799998909235,2.65999994054437,1959,2,1959
51.8667,10.3333,1959-02-20,-1.86999995820224,5.2799998819828,1.70499996189028,1959,2,1959
51.8667,10.3333,1959-02-21,-2.96999993361533,6.17999986186624,1.60499996412545,1959,2,1959
51.8667,10.3333,1959-02-22,-2.94999993406236,1.38999996893108,-0.779999982565641,1959,2,1959
51.8667,10.3333,1959-02-23,-3.42999992333353,-0.0999999977648258,-1.76499996054918,1959,2,1959
51.8667,10.3333,1959-02-24,-1.8399999588728,3.52999992109835,0.844999981112778,1959,2,1959
51.8667,10.3333,1959-02-25,1.99999995529652,4.85999989137053,3.42999992333353,1959,2,1959
51.8667,10.3333,1959-02-26,1.85999995842576,7.71999982744455,4.78999989293516,1959,2,1959
51.8667,10.3333,1959-02-27,1.33999997004867,9.05999979749322,5.19999988377094,1959,2,1959
51.8667,10.3333,1959-02-28,1.9499999564141,11.3999997451901,6.67499985080212,1959,2,1959
51.8667,10.3333,1959-03-01,1.70999996177852,13.8299996908754,7.76999982632697,1959,3,1959
51.8667,10.3333,1959-03-02,1.35999996960163,13.9999996870756,7.67999982833862,1959,3,1959
51.8667,10.3333,1959-03-03,3.52999992109835,15.3699996564537,9.44999978877604,1959,3,1959
51.8667,10.3333,1959-03-04,3.89999991282821,15.9599996432662,9.9299997780472,1959,3,1959
51.8667,10.3333,1959-03-05,6.37999985739589,10.9099997561425,8.64499980676919,1959,3,1959
51.8667,10.3333,1959-03-06,3.28999992646277,11.0199997536838,7.15499984007329,1959,3,1959
51.8667,10.3333,1959-03-07,6.69999985024333,12.1999997273088,9.44999978877604,1959,3,1959
51.8667,10.3333,1959-03-08,4.13999990746379,11.3599997460842,7.749999826774,1959,3,1959
51.8667,10.3333,1959-03-09,2.65999994054437,8.15999981760979,5.40999987907708,1959,3,1959
51.8667,10.3333,1959-03-10,-2.02999995462596,5.7999998703599,1.88499995786697,1959,3,1959
51.8667,10.3333,1959-03-11,-3.0399999320507,5.93999986723065,1.44999996758997,1959,3,1959
51.8667,10.3333,1959-03-12,-1.75999996066093,7.03999984264374,2.6399999409914,1959,3,1959
51.8667,10.3333,1959-03-13,-2.22999995015562,6.35999985784292,2.06499995384365,1959,3,1959
51.8667,10.3333,1959-03-14,-5.29999988153577,3.13999992981553,-1.07999997586012,1959,3,1959
51.8667,10.3333,1959-03-15,-4.65999989584088,2.42999994568527,-1.11499997507781,1959,3,1959
51.8667,10.3333,1959-03-16,-2.79999993741512,5.3399998806417,1.26999997161329,1959,3,1959
51.8667,10.3333,1959-03-17,0.289999993517995,3.54999992065132,1.91999995708466,1959,3,1959
51.8667,10.3333,1959-03-18,-1.78999995999038,0.959999978542328,-0.414999990724027,1959,3,1959
51.8667,10.3333,1959-03-19,-1.6099999640137,1.5499999653548,-0.0299999993294477,1959,3,1959
51.8667,10.3333,1959-03-20,-0.199999995529652,10.0799997746944,4.9399998895824,1959,3,1959
51.8667,10.3333,1959-03-21,1.32999997027218,14.4499996770173,7.88999982364476,1959,3,1959
51.8667,10.3333,1959-03-22,2.4699999447912,15.0499996636063,8.75999980419874,1959,3,1959
51.8667,10.3333,1959-03-23,6.06999986432493,14.7099996712059,10.3899997677654,1959,3,1959
51.8667,10.3333,1959-03-24,8.00999982096255,11.8299997355789,9.91999977827072,1959,3,1959
51.8667,10.3333,1959-03-25,4.86999989114702,14.5199996754527,9.69499978329986,1959,3,1959
51.8667,10.3333,1959-03-26,4.98999988846481,15.5699996519834,10.2799997702241,1959,3,1959
51.8667,10.3333,1959-03-27,4.22999990545213,10.7399997599423,7.48499983269721,1959,3,1959
51.8667,10.3333,1959-03-28,1.7799999602139,11.4899997431785,6.63499985169619,1959,3,1959
51.8667,10.3333,1959-03-29,3.00999993272126,9.20999979414046,6.10999986343086,1959,3,1959
51.8667,10.3333,1959-03-30,0.339999992400408,10.3299997691065,5.33499988075346,1959,3,1959
51.8667,10.3333,1959-03-31,2.07999995350838,7.89999982342124,4.98999988846481,1959,3,1959
51.8667,10.3333,1959-04-01,0.299999993294477,12.0199997313321,6.15999986231327,1959,4,1959
51.8667,10.3333,1959-04-02,0.689999984577298,14.359999679029,7.52499983180314,1959,4,1959
51.8667,10.3333,1959-04-03,3.97999991104007,10.5099997650832,7.24499983806163,1959,4,1959
51.8667,10.3333,1959-04-04,0.669999985024333,14.3299996796995,7.49999983236194,1959,4,1959
51.8667,10.3333,1959-04-05,4.02999990992248,15.2899996582419,9.65999978408217,1959,4,1959
51.8667,10.3333,1959-04-06,2.91999993473291,13.4799996986985,8.19999981671572,1959,4,1959
51.8667,10.3333,1959-04-07,0.509999988600612,10.8299997579306,5.66999987326562,1959,4,1959
51.8667,10.3333,1959-04-08,0.96999997831881,6.2599998600781,3.61499991919845,1959,4,1959
51.8667,10.3333,1959-04-09,0.809999981895089,8.8999998010695,4.85499989148229,1959,4,1959
51.8667,10.3333,1959-04-10,4.55999989807606,8.74999980442226,6.65499985124916,1959,4,1959
51.8667,10.3333,1959-04-11,2.76999993808568,7.47999983280897,5.12499988544732,1959,4,1959
51.8667,10.3333,1959-04-12,2.95999993383884,6.68999985046685,4.82499989215285,1959,4,1959
51.8667,10.3333,1959-04-13,3.74999991618097,11.789999736473,7.76999982632697,1959,4,1959
51.8667,10.3333,1959-04-14,8.19999981671572,17.4599996097386,12.8299997132272,1959,4,1959
51.8667,10.3333,1959-04-15,8.8999998010695,22.8299994897097,15.8649996453896,1959,4,1959
51.8667,10.3333,1959-04-16,9.63999978452921,22.4999994970858,16.0699996408075,1959,4,1959
51.8667,10.3333,1959-04-17,7.99999982118607,20.4999995417893,14.2499996814877,1959,4,1959
51.8667,10.3333,1959-04-18,7.82999982498586,18.5499995853752,13.1899997051805,1959,4,1959
51.8667,10.3333,1959-04-19,6.22999986074865,12.8499997127801,9.53999978676438,1959,4,1959
51.8667,10.3333,1959-04-20,0.259999994188547,8.57999980822206,4.4199999012053,1959,4,1959
51.8667,10.3333,1959-04-21,-3.11999993026257,4.96999988891184,0.924999979324639,1959,4,1959
51.8667,10.3333,1959-04-22,-2.11999995261431,7.1199998408556,2.49999994412065,1959,4,1959
51.8667,10.3333,1959-04-23,1.719999961555,9.47999978810549,5.59999987483025,1959,4,1959
51.8667,10.3333,1959-04-24,5.06999988667667,9.61999978497624,7.34499983582646,1959,4,1959
51.8667,10.3333,1959-04-25,3.39999992400408,8.2099998164922,5.80499987024814,1959,4,1959
51.8667,10.3333,1959-04-26,2.30999994836748,15.499999653548,8.90499980095774,1959,4,1959
51.8667,10.3333,1959-04-27,8.23999981582165,16.349999634549,12.2949997251853,1959,4,1959
51.8667,10.3333,1959-04-28,5.78999987058342,12.2699997257441,9.02999979816377,1959,4,1959
51.8667,10.3333,1959-04-29,4.39999990165234,12.369999723509,8.38499981258065,1959,4,1959
51.8667,10.3333,1959-04-30,7.48999983258545,13.4799996986985,10.484999765642,1959,4,1959
51.8667,10.3333,1959-05-01,9.08999979682267,18.8999995775521,13.9949996871874,1959,5,NA
51.8667,10.3333,1959-05-02,7.78999982587993,15.0899996627122,11.4399997442961,1959,5,NA
51.8667,10.3333,1959-05-03,4.38999990187585,11.3499997463077,7.86999982409179,1959,5,NA
51.8667,10.3333,1959-05-04,2.79999993741512,10.5299997646362,6.66499985102564,1959,5,NA
51.8667,10.3333,1959-05-05,3.5599999204278,9.21999979391694,6.38999985717237,1959,5,NA
51.8667,10.3333,1959-05-06,0.429999990388751,10.1599997729063,5.29499988164753,1959,5,NA
51.8667,10.3333,1959-05-07,1.09999997541308,13.4299996998161,7.2649998376146,1959,5,NA
51.8667,10.3333,1959-05-08,3.27999992668629,17.5199996083975,10.3999997675419,1959,5,NA
51.8667,10.3333,1959-05-09,7.00999984331429,20.9999995306134,14.0049996869639,1959,5,NA
51.8667,10.3333,1959-05-10,9.5299997869879,22.379999499768,15.954999643378,1959,5,NA
51.8667,10.3333,1959-05-11,9.66999978385866,22.5399994961917,16.1049996400252,1959,5,NA
51.8667,10.3333,1959-05-12,10.9299997556955,21.0699995290488,15.9999996423721,1959,5,NA
51.8667,10.3333,1959-05-13,7.749999826774,16.8599996231496,12.3049997249618,1959,5,NA
51.8667,10.3333,1959-05-14,4.52999989874661,15.5999996513128,10.0649997750297,1959,5,NA
51.8667,10.3333,1959-05-15,5.80999987013638,11.7099997382611,8.75999980419874,1959,5,NA
51.8667,10.3333,1959-05-16,4.79999989271164,13.5599996969104,9.17999979481101,1959,5,NA
51.8667,10.3333,1959-05-17,4.97999988868833,16.4799996316433,10.7299997601658,1959,5,NA
51.8667,10.3333,1959-05-18,8.32999981380999,20.0399995520711,14.1849996829405,1959,5,NA
51.8667,10.3333,1959-05-19,7.99999982118607,18.9299995768815,13.4649996990338,1959,5,NA
51.8667,10.3333,1959-05-20,10.0799997746944,17.8299996014684,13.9549996880814,1959,5,NA
51.8667,10.3333,1959-05-21,9.00999979861081,17.5999996066093,13.3049997026101,1959,5,NA
51.8667,10.3333,1959-05-22,9.44999978877604,14.2299996819347,11.8399997353554,1959,5,NA
51.8667,10.3333,1959-05-23,6.94999984465539,17.5399996079504,12.2449997263029,1959,5,NA
51.8667,10.3333,1959-05-24,4.97999988868833,16.1799996383488,10.5799997635186,1959,5,NA
51.8667,10.3333,1959-05-25,3.82999991439283,19.2599995695055,11.5449997419491,1959,5,NA
51.8667,10.3333,1959-05-26,6.08999986387789,19.9499995540828,13.0199997089803,1959,5,NA
51.8667,10.3333,1959-05-27,6.49999985471368,13.6499996948987,10.0749997748062,1959,5,NA
51.8667,10.3333,1959-05-28,5.01999988779426,11.1499997507781,8.08499981928617,1959,5,NA
51.8667,10.3333,1959-05-29,3.86999991349876,10.8899997565895,7.37999983504415,1959,5,NA
51.8667,10.3333,1959-05-30,2.96999993361533,11.9399997331202,7.45499983336776,1959,5,NA
51.8667,10.3333,1959-05-31,6.79999984800816,15.1799996607006,10.9899997543544,1959,5,NA
51.8667,10.3333,1959-06-01,7.02999984286726,18.2199995927513,12.6249997178093,1959,6,NA
51.8667,10.3333,1959-06-02,8.42999981157482,18.9299995768815,13.6799996942282,1959,6,NA
51.8667,10.3333,1959-06-03,8.16999981738627,16.3399996347725,12.2549997260794,1959,6,NA
51.8667,10.3333,1959-06-04,8.47999981045723,20.7599995359778,14.6199996732175,1959,6,NA
51.8667,10.3333,1959-06-05,8.18999981693923,22.4099994990975,15.2999996580184,1959,6,NA
51.8667,10.3333,1959-06-06,10.0999997742474,23.3299994785339,16.7149996263906,1959,6,NA
51.8667,10.3333,1959-06-07,11.9199997335672,26.4299994092435,19.1749995714054,1959,6,NA
51.8667,10.3333,1959-06-08,13.8799996897578,23.7699994686991,18.8249995792285,1959,6,NA
51.8667,10.3333,1959-06-09,12.2899997252971,17.4499996099621,14.8699996676296,1959,6,NA
51.8667,10.3333,1959-06-10,10.1999997720122,17.3299996126443,13.7649996923283,1959,6,NA
51.8667,10.3333,1959-06-11,7.31999983638525,14.5299996752292,10.9249997558072,1959,6,NA
51.8667,10.3333,1959-06-12,6.49999985471368,11.8399997353554,9.16999979503453,1959,6,NA
51.8667,10.3333,1959-06-13,7.42999983392656,15.8299996461719,11.6299997400492,1959,6,NA
51.8667,10.3333,1959-06-14,10.4199997670949,20.5699995402247,15.4949996536598,1959,6,NA
51.8667,10.3333,1959-06-15,7.33999983593822,20.5799995400012,13.9599996879697,1959,6,NA
51.8667,10.3333,1959-06-16,6.05999986454844,19.1899995710701,12.6249997178093,1959,6,NA
51.8667,10.3333,1959-06-17,4.88999989069998,14.049999685958,9.46999978832901,1959,6,NA
51.8667,10.3333,1959-06-18,8.87999980151653,22.7699994910508,15.8249996462837,1959,6,NA
51.8667,10.3333,1959-06-19,10.8899997565895,25.4299994315952,18.1599995940924,1959,6,NA
51.8667,10.3333,1959-06-20,8.71999980509281,18.6899995822459,13.7049996936694,1959,6,NA
51.8667,10.3333,1959-06-21,5.47999987751245,19.2799995690584,12.3799997232854,1959,6,NA
51.8667,10.3333,1959-06-22,7.87999982386827,23.1399994827807,15.5099996533245,1959,6,NA
51.8667,10.3333,1959-06-23,11.8299997355789,24.5399994514883,18.1849995935336,1959,6,NA
51.8667,10.3333,1959-06-24,11.8799997344613,22.7599994912744,17.3199996128678,1959,6,NA
51.8667,10.3333,1959-06-25,8.3799998126924,22.3299995008856,15.354999656789,1959,6,NA
51.8667,10.3333,1959-06-26,8.30999981425703,23.0099994856864,15.6599996499717,1959,6,NA
51.8667,10.3333,1959-06-27,11.3999997451901,24.3799994550645,17.8899996001273,1959,6,NA
51.8667,10.3333,1959-06-28,13.179999705404,19.0699995737523,16.1249996395782,1959,6,NA
51.8667,10.3333,1959-06-29,11.3899997454137,18.1599995940924,14.774999669753,1959,6,NA
51.8667,10.3333,1959-06-30,10.6399997621775,19.5099995639175,15.0749996630475,1959,6,NA
51.8667,10.3333,1959-07-01,9.46999978832901,14.1599996834993,11.8149997359142,1959,7,NA
51.8667,10.3333,1959-07-02,11.0099997539073,14.359999679029,12.6849997164682,1959,7,NA
51.8667,10.3333,1959-07-03,11.5199997425079,17.4999996088445,14.5099996756762,1959,7,NA
51.8667,10.3333,1959-07-04,13.199999704957,15.5999996513128,14.3999996781349,1959,7,NA
51.8667,10.3333,1959-07-05,12.2699997257441,20.1999995484948,16.2349996371195,1959,7,NA
51.8667,10.3333,1959-07-06,9.90999977849424,24.3699994552881,17.1399996168911,1959,7,NA
51.8667,10.3333,1959-07-07,13.2099997047335,27.0199993960559,20.1149995503947,1959,7,NA
51.8667,10.3333,1959-07-08,11.6899997387081,22.2799995020032,16.9849996203557,1959,7,NA
51.8667,10.3333,1959-07-09,10.8399997577071,27.4999993853271,19.1699995715171,1959,7,NA
51.8667,10.3333,1959-07-10,14.7299996707588,31.1199993044138,22.9249994875863,1959,7,NA
51.8667,10.3333,1959-07-11,18.5299995858222,32.8599992655218,25.694999425672,1959,7,NA
51.8667,10.3333,1959-07-12,18.0099995974451,32.1999992802739,25.1049994388595,1959,7,NA
51.8667,10.3333,1959-07-13,16.8199996240437,26.7199994027615,21.7699995134026,1959,7,NA
51.8667,10.3333,1959-07-14,12.9999997094274,21.4199995212257,17.2099996153265,1959,7,NA
51.8667,10.3333,1959-07-15,8.24999981559813,20.9399995319545,14.5949996737763,1959,7,NA
51.8667,10.3333,1959-07-16,10.0999997742474,20.0399995520711,15.0699996631593,1959,7,NA
51.8667,10.3333,1959-07-17,10.7099997606128,20.1399995498359,15.4249996552244,1959,7,NA
51.8667,10.3333,1959-07-18,9.17999979481101,24.6499994490296,16.9149996219203,1959,7,NA
51.8667,10.3333,1959-07-19,11.1499997507781,25.5199994295835,18.3349995901808,1959,7,NA
51.8667,10.3333,1959-07-20,12.6099997181445,27.1499993931502,19.8799995556474,1959,7,NA
51.8667,10.3333,1959-07-21,12.8599997125566,25.6599994264543,19.2599995695055,1959,7,NA
51.8667,10.3333,1959-07-22,13.8899996895343,24.8699994441122,19.3799995668232,1959,7,NA
51.8667,10.3333,1959-07-23,13.1599997058511,22.6799994930625,17.9199995994568,1959,7,NA
51.8667,10.3333,1959-07-24,9.43999978899956,23.9199994653463,16.6799996271729,1959,7,NA
51.8667,10.3333,1959-07-25,10.4099997673184,26.149999415502,18.2799995914102,1959,7,NA
51.8667,10.3333,1959-07-26,13.0099997092038,25.1999994367361,19.10499957297,1959,7,NA
51.8667,10.3333,1959-07-27,12.9599997103214,25.839999422431,19.3999995663762,1959,7,NA
51.8667,10.3333,1959-07-28,13.3199997022748,27.9099993761629,20.6149995392188,1959,7,NA
51.8667,10.3333,1959-07-29,14.5199996754527,25.3399994336069,19.9299995545298,1959,7,NA
51.8667,10.3333,1959-07-30,10.9399997554719,18.2599995918572,14.5999996736646,1959,7,NA
51.8667,10.3333,1959-07-31,11.0199997536838,16.949999621138,13.9849996874109,1959,7,NA
51.8667,10.3333,1959-08-01,11.1599997505546,17.3699996117502,14.2649996811524,1959,8,NA
51.8667,10.3333,1959-08-02,11.5599997416139,19.9499995540828,15.7549996478483,1959,8,NA
51.8667,10.3333,1959-08-03,10.8499997574836,17.0999996177852,13.9749996876344,1959,8,NA
51.8667,10.3333,1959-08-04,11.6899997387081,17.0699996184558,14.379999678582,1959,8,NA
51.8667,10.3333,1959-08-05,10.899999756366,17.8899996001273,14.3949996782467,1959,8,NA
51.8667,10.3333,1959-08-06,6.99999984353781,15.5599996522069,11.2799997478724,1959,8,NA
51.8667,10.3333,1959-08-07,12.0099997315556,17.6699996050447,14.8399996683002,1959,8,NA
51.8667,10.3333,1959-08-08,12.6499997172505,19.5499995630234,16.099999640137,1959,8,NA
51.8667,10.3333,1959-08-09,11.3599997460842,23.0899994838983,17.2249996149912,1959,8,NA
51.8667,10.3333,1959-08-10,13.5699996966869,25.6899994257838,19.6299995612353,1959,8,NA
51.8667,10.3333,1959-08-11,13.8199996910989,25.9599994197488,19.8899995554239,1959,8,NA
51.8667,10.3333,1959-08-12,14.049999685958,20.4799995422363,17.2649996140972,1959,8,NA
51.8667,10.3333,1959-08-13,11.1999997496605,23.8599994666874,17.529999608174,1959,8,NA
51.8667,10.3333,1959-08-14,13.8099996913224,24.2699994575232,19.0399995744228,1959,8,NA
51.8667,10.3333,1959-08-15,13.6799996942282,26.419999409467,20.0499995518476,1959,8,NA
51.8667,10.3333,1959-08-16,12.9199997112155,18.9099995773286,15.914999644272,1959,8,NA
51.8667,10.3333,1959-08-17,9.37999979034066,15.7299996484071,12.5549997193739,1959,8,NA
51.8667,10.3333,1959-08-18,10.4299997668713,17.3199996128678,13.8749996898696,1959,8,NA
51.8667,10.3333,1959-08-19,12.369999723509,21.6699995156378,17.0199996195734,1959,8,NA
51.8667,10.3333,1959-08-20,12.1199997290969,23.7399994693696,17.9299995992333,1959,8,NA
51.8667,10.3333,1959-08-21,12.889999711886,24.119999460876,18.504999586381,1959,8,NA
51.8667,10.3333,1959-08-22,13.1499997060746,25.3199994340539,19.2349995700642,1959,8,NA
51.8667,10.3333,1959-08-23,13.8099996913224,26.1699994150549,19.9899995531887,1959,8,NA
51.8667,10.3333,1959-08-24,13.6099996957928,24.6299994494766,19.1199995726347,1959,8,NA
51.8667,10.3333,1959-08-25,13.199999704957,25.569999428466,19.3849995667115,1959,8,NA
51.8667,10.3333,1959-08-26,14.2499996814877,24.3999994546175,19.3249995680526,1959,8,NA
51.8667,10.3333,1959-08-27,15.1999996602535,22.8499994892627,19.0249995747581,1959,8,NA
51.8667,10.3333,1959-08-28,10.4899997655302,17.8599996007979,14.1749996831641,1959,8,NA
51.8667,10.3333,1959-08-29,6.39999985694885,17.1399996168911,11.76999973692,1959,8,NA
51.8667,10.3333,1959-08-30,5.74999987147748,14.8299996685237,10.2899997700006,1959,8,NA
51.8667,10.3333,1959-08-31,5.78999987058342,14.2099996823817,9.99999977648258,1959,8,NA
51.8667,10.3333,1959-09-01,6.64999985136092,13.3899997007102,10.0199997760355,1959,9,NA
51.8667,10.3333,1959-09-02,4.2499999050051,16.369999634102,10.3099997695535,1959,9,NA
51.8667,10.3333,1959-09-03,4.76999989338219,17.0699996184558,10.919999755919,1959,9,NA
51.8667,10.3333,1959-09-04,5.83999986946583,19.1799995712936,12.5099997203797,1959,9,NA
51.8667,10.3333,1959-09-05,7.23999983817339,19.7499995585531,13.4949996983632,1959,9,NA
51.8667,10.3333,1959-09-06,8.18999981693923,20.7099995370954,14.4499996770173,1959,9,NA
51.8667,10.3333,1959-09-07,7.32999983616173,19.5499995630234,13.4399996995926,1959,9,NA
51.8667,10.3333,1959-09-08,7.16999983973801,20.1899995487183,13.6799996942282,1959,9,NA
51.8667,10.3333,1959-09-09,7.3499998357147,21.1899995263666,14.2699996810406,1959,9,NA
51.8667,10.3333,1959-09-10,7.94999982230365,22.0799995064735,15.0149996643886,1959,9,NA
51.8667,10.3333,1959-09-11,7.23999983817339,23.1299994830042,15.1849996605888,1959,9,NA
51.8667,10.3333,1959-09-12,7.44999983347952,24.2599994577467,15.8549996456131,1959,9,NA
51.8667,10.3333,1959-09-13,9.99999977648258,26.7499994020909,18.3749995892867,1959,9,NA
51.8667,10.3333,1959-09-14,10.5799997635186,20.2199995480478,15.3999996557832,1959,9,NA
51.8667,10.3333,1959-09-15,6.51999985426664,17.6099996063858,12.0649997303262,1959,9,NA
51.8667,10.3333,1959-09-16,5.16999988444149,21.2699995245785,13.21999970451,1959,9,NA
51.8667,10.3333,1959-09-17,5.81999986991286,17.2999996133149,11.5599997416139,1959,9,NA
51.8667,10.3333,1959-09-18,4.10999990813434,14.5799996741116,9.34499979112297,1959,9,NA
51.8667,10.3333,1959-09-19,1.97999995574355,17.2799996137619,9.62999978475273,1959,9,NA
51.8667,10.3333,1959-09-20,4.53999989852309,17.239999614656,10.8899997565895,1959,9,NA
51.8667,10.3333,1959-09-21,6.34999985806644,17.8599996007979,12.1049997294322,1959,9,NA
51.8667,10.3333,1959-09-22,6.41999985650182,21.529999518767,13.9749996876344,1959,9,NA
51.8667,10.3333,1959-09-23,11.4299997445196,16.65999962762,14.0449996860698,1959,9,NA
51.8667,10.3333,1959-09-24,8.67999980598688,16.7699996251613,12.7249997155741,1959,9,NA
51.8667,10.3333,1959-09-25,6.51999985426664,14.5899996738881,10.5549997640774,1959,9,NA
51.8667,10.3333,1959-09-26,6.73999984934926,16.6499996278435,11.6949997385964,1959,9,NA
51.8667,10.3333,1959-09-27,5.09999988600612,20.7399995364249,12.9199997112155,1959,9,NA
51.8667,10.3333,1959-09-28,7.96999982185662,14.919999666512,11.4449997441843,1959,9,NA
51.8667,10.3333,1959-09-29,5.85999986901879,14.0199996866286,9.93999977782369,1959,9,NA
51.8667,10.3333,1959-09-30,3.40999992378056,16.4199996329844,9.91499977838248,1959,9,NA
51.8667,10.3333,1959-10-01,2.31999994814396,16.2699996363372,9.29499979224056,1959,10,1960
51.8667,10.3333,1959-10-02,1.74999996088445,20.0499995518476,10.899999756366,1959,10,1960
51.8667,10.3333,1959-10-03,4.31999990344048,21.2499995250255,12.784999714233,1959,10,1960
51.8667,10.3333,1959-10-04,5.81999986991286,20.9399995319545,13.3799997009337,1959,10,1960
51.8667,10.3333,1959-10-05,6.53999985381961,15.0599996633828,10.7999997586012,1959,10,1960
51.8667,10.3333,1959-10-06,2.13999995216727,12.7399997152388,7.43999983370304,1959,10,1960
51.8667,10.3333,1959-10-07,-0.449999989941716,14.7999996691942,7.17499983962625,1959,10,1960
51.8667,10.3333,1959-10-08,1.04999997653067,16.8899996224791,8.96999979950488,1959,10,1960
51.8667,10.3333,1959-10-09,1.11999997496605,17.5699996072799,9.34499979112297,1959,10,1960
51.8667,10.3333,1959-10-10,2.16999995149672,18.4399995878339,10.3049997696653,1959,10,1960
51.8667,10.3333,1959-10-11,3.73999991640449,18.069999596104,10.9049997562543,1959,10,1960
51.8667,10.3333,1959-10-12,1.72999996133149,16.0299996417016,8.87999980151653,1959,10,1960
51.8667,10.3333,1959-10-13,0.479999989271164,14.9999996647239,7.73999982699752,1959,10,1960
51.8667,10.3333,1959-10-14,3.93999991193414,13.6799996942282,8.80999980308115,1959,10,1960
51.8667,10.3333,1959-10-15,1.75999996066093,14.6099996734411,8.18499981705099,1959,10,1960
51.8667,10.3333,1959-10-16,0.299999993294477,13.1599997058511,6.72999984957278,1959,10,1960
51.8667,10.3333,1959-10-17,-0.499999988824129,14.4599996767938,6.97999984398484,1959,10,1960
51.8667,10.3333,1959-10-18,2.08999995328486,18.5699995849282,10.3299997691065,1959,10,1960
51.8667,10.3333,1959-10-19,5.29999988153577,16.1999996379018,10.7499997597188,1959,10,1960
51.8667,10.3333,1959-10-20,6.51999985426664,14.8699996676296,10.6949997609481,1959,10,1960
51.8667,10.3333,1959-10-21,7.17999983951449,13.179999705404,10.1799997724593,1959,10,1960
51.8667,10.3333,1959-10-22,5.14999988488853,10.1999997720122,7.67499982845038,1959,10,1960
51.8667,10.3333,1959-10-23,6.27999985963106,10.5399997644126,8.40999981202185,1959,10,1960
51.8667,10.3333,1959-10-24,5.35999988019466,10.3299997691065,7.84499982465059,1959,10,1960
51.8667,10.3333,1959-10-25,6.72999984957278,10.0099997762591,8.36999981291592,1959,10,1960
51.8667,10.3333,1959-10-26,5.00999988801777,8.81999980285764,6.91499984543771,1959,10,1960
51.8667,10.3333,1959-10-27,2.44999994523823,7.90999982319772,5.17999988421798,1959,10,1960
51.8667,10.3333,1959-10-28,4.17999990656972,11.0599997527897,7.61999982967973,1959,10,1960
51.8667,10.3333,1959-10-29,4.83999989181757,11.3299997467548,8.08499981928617,1959,10,1960
51.8667,10.3333,1959-10-30,2.81999993696809,5.28999988175929,4.05499990936369,1959,10,1960
51.8667,10.3333,1959-10-31,1.61999996379018,4.90999989025295,3.26499992702156,1959,10,1960
51.8667,10.3333,1959-11-01,1.62999996356666,4.65999989584088,3.14499992970377,1959,11,1960
51.8667,10.3333,1959-11-02,1.42999996803701,5.21999988332391,3.32499992568046,1959,11,1960
51.8667,10.3333,1959-11-03,1.3199999704957,7.04999984242022,4.18499990645796,1959,11,1960
51.8667,10.3333,1959-11-04,0.189999995753169,7.46999983303249,3.82999991439283,1959,11,1960
51.8667,10.3333,1959-11-05,-1.49999996647239,5.78999987058342,2.14499995205551,1959,11,1960
51.8667,10.3333,1959-11-06,1.38999996893108,4.09999990835786,2.74499993864447,1959,11,1960
51.8667,10.3333,1959-11-07,0.829999981448054,3.02999993227422,1.92999995686114,1959,11,1960
51.8667,10.3333,1959-11-08,0.0399999991059303,1.63999996334314,0.839999981224537,1959,11,1960
51.8667,10.3333,1959-11-09,-1.59999996423721,3.98999991081655,1.19499997328967,1959,11,1960
51.8667,10.3333,1959-11-10,-2.47999994456768,3.28999992646277,0.404999990947545,1959,11,1960
51.8667,10.3333,1959-11-11,0.689999984577298,2.77999993786216,1.73499996121973,1959,11,1960
51.8667,10.3333,1959-11-12,1.19999997317791,3.93999991193414,2.56999994255602,1959,11,1960
51.8667,10.3333,1959-11-13,-0.34999999217689,5.41999987885356,2.53499994333833,1959,11,1960
51.8667,10.3333,1959-11-14,0.389999991282821,4.74999989382923,2.56999994255602,1959,11,1960
51.8667,10.3333,1959-11-15,2.45999994501472,7.36999983526766,4.91499989014119,1959,11,1960
51.8667,10.3333,1959-11-16,2.4099999461323,6.18999986164272,4.29999990388751,1959,11,1960
51.8667,10.3333,1959-11-17,1.62999996356666,3.59999991953373,2.6149999415502,1959,11,1960
51.8667,10.3333,1959-11-18,-0.819999981671572,3.27999992668629,1.22999997250736,1959,11,1960
51.8667,10.3333,1959-11-19,-1.12999997474253,6.63999985158443,2.75499993842095,1959,11,1960
51.8667,10.3333,1959-11-20,2.83999993652105,10.5699997637421,6.70499985013157,1959,11,1960
51.8667,10.3333,1959-11-21,4.06999990902841,15.0199996642768,9.54499978665262,1959,11,1960
51.8667,10.3333,1959-11-22,0.959999978542328,9.90999977849424,5.43499987851828,1959,11,1960
51.8667,10.3333,1959-11-23,0.879999980330467,7.09999984130263,3.98999991081655,1959,11,1960
51.8667,10.3333,1959-11-24,-0.879999980330467,7.46999983303249,3.29499992635101,1959,11,1960
51.8667,10.3333,1959-11-25,-1.67999996244907,5.78999987058342,2.05499995406717,1959,11,1960
51.8667,10.3333,1959-11-26,-3.87999991327524,1.05999997630715,-1.40999996848404,1959,11,1960
51.8667,10.3333,1959-11-27,-4.04999990947545,8.86999980174005,2.4099999461323,1959,11,1960
51.8667,10.3333,1959-11-28,1.68999996222556,8.39999981224537,5.04499988723546,1959,11,1960
51.8667,10.3333,1959-11-29,2.75999993830919,5.80999987013638,4.28499990422279,1959,11,1960
51.8667,10.3333,1959-11-30,2.56999994255602,7.3499998357147,4.95999988913536,1959,11,1960
51.8667,10.3333,1959-12-01,0.779999982565641,8.61999980732799,4.69999989494681,1959,12,1960
51.8667,10.3333,1959-12-02,0.00999999977648258,6.21999986097217,3.11499993037432,1959,12,1960
51.8667,10.3333,1959-12-03,-0.529999988153577,5.74999987147748,2.60999994166195,1959,12,1960
51.8667,10.3333,1959-12-04,-0.219999995082617,4.82999989204109,2.30499994847924,1959,12,1960
51.8667,10.3333,1959-12-05,0.779999982565641,4.34999990276992,2.56499994266778,1959,12,1960
51.8667,10.3333,1959-12-06,-0.769999982789159,2.71999993920326,0.974999978207052,1959,12,1960
51.8667,10.3333,1959-12-07,-0.129999997094274,3.0999999307096,1.48499996680766,1959,12,1960
51.8667,10.3333,1959-12-08,-5.87999986857176,0.329999992623925,-2.77499993797392,1959,12,1960
51.8667,10.3333,1959-12-09,-6.57999985292554,-3.5599999204278,-5.06999988667667,1959,12,1960
51.8667,10.3333,1959-12-10,-6.87999984622002,-3.28999992646277,-5.08499988634139,1959,12,1960
51.8667,10.3333,1959-12-11,-5.07999988645315,-1.44999996758997,-3.26499992702156,1959,12,1960
51.8667,10.3333,1959-12-12,-5.41999987885356,-2.03999995440245,-3.729999916628,1959,12,1960
51.8667,10.3333,1959-12-13,-5.31999988108873,-1.5499999653548,-3.43499992322177,1959,12,1960
51.8667,10.3333,1959-12-14,-4.22999990545213,-2.62999994121492,-3.42999992333353,1959,12,1960
51.8667,10.3333,1959-12-15,-6.1999998614192,-2.89999993517995,-4.54999989829957,1959,12,1960
51.8667,10.3333,1959-12-16,-6.05999986454844,-1.0899999756366,-3.57499992009252,1959,12,1960
51.8667,10.3333,1959-12-17,-6.08999986387789,0.919999979436398,-2.58499994222075,1959,12,1960
51.8667,10.3333,1959-12-18,-1.22999997250736,4.56999989785254,1.66999996267259,1959,12,1960
51.8667,10.3333,1959-12-19,2.58999994210899,5.24999988265336,3.91999991238117,1959,12,1960
51.8667,10.3333,1959-12-20,0.329999992623925,3.71999991685152,2.02499995473772,1959,12,1960
51.8667,10.3333,1959-12-21,0.859999980777502,6.79999984800816,3.82999991439283,1959,12,1960
51.8667,10.3333,1959-12-22,1.1499999742955,6.80999984778464,3.97999991104007,1959,12,1960
51.8667,10.3333,1959-12-23,0.259999994188547,2.73999993875623,1.49999996647239,1959,12,1960
51.8667,10.3333,1959-12-24,0.449999989941716,5.38999987952411,2.91999993473291,1959,12,1960
51.8667,10.3333,1959-12-25,0.61999998614192,4.78999989293516,2.70499993953854,1959,12,1960
51.8667,10.3333,1959-12-26,0.729999983683228,3.9599999114871,2.34499994758517,1959,12,1960
51.8667,10.3333,1959-12-27,2.4099999461323,6.51999985426664,4.46499990019947,1959,12,1960
51.8667,10.3333,1959-12-28,3.20999992825091,6.5999998524785,4.90499989036471,1959,12,1960
51.8667,10.3333,1959-12-29,2.51999994367361,4.80999989248812,3.66499991808087,1959,12,1960
51.8667,10.3333,1959-12-30,2.18999995104969,3.89999991282821,3.04499993193895,1959,12,1960
51.8667,10.3333,1959-12-31,1.79999995976686,6.7199998497963,4.25999990478158,1959,12,1960
51.8667,10.3333,1960-01-01,2.64999994076788,6.73999984934926,4.69499989505857,1960,1,1960
51.8667,10.3333,1960-01-02,4.67999989539385,9.51999978721142,7.09999984130263,1960,1,1960
51.8667,10.3333,1960-01-03,4.7099998947233,6.94999984465539,5.82999986968935,1960,1,1960
51.8667,10.3333,1960-01-04,2.28999994881451,5.08999988622963,3.68999991752207,1960,1,1960
51.8667,10.3333,1960-01-05,0.88999998010695,3.84999991394579,2.36999994702637,1960,1,1960
51.8667,10.3333,1960-01-06,2.07999995350838,5.84999986924231,3.96499991137534,1960,1,1960
51.8667,10.3333,1960-01-07,0.709999984130263,3.01999993249774,1.864999958314,1960,1,1960
51.8667,10.3333,1960-01-08,1.47999996691942,3.56999992020428,2.52499994356185,1960,1,1960
51.8667,10.3333,1960-01-09,-2.74999993853271,3.0999999307096,0.174999996088445,1960,1,1960
51.8667,10.3333,1960-01-10,-9.49999978765845,-2.89999993517995,-6.1999998614192,1960,1,1960
51.8667,10.3333,1960-01-11,-11.0399997532368,-6.24999986030161,-8.64499980676919,1960,1,1960
51.8667,10.3333,1960-01-12,-9.42999978922307,-4.72999989427626,-7.07999984174967,1960,1,1960
51.8667,10.3333,1960-01-13,-14.6899996716529,-7.94999982230365,-11.3199997469783,1960,1,1960
51.8667,10.3333,1960-01-14,-13.3999997004867,-8.82999980263412,-11.1149997515604,1960,1,1960
51.8667,10.3333,1960-01-15,-11.2599997483194,-6.56999985314906,-8.91499980073422,1960,1,1960
51.8667,10.3333,1960-01-16,-17.4999996088445,-8.09999981895089,-12.7999997138977,1960,1,1960
51.8667,10.3333,1960-01-17,-9.94999977760017,-4.48999989964068,-7.21999983862042,1960,1,1960
51.8667,10.3333,1960-01-18,-7.33999983593822,-4.06999990902841,-5.70499987248331,1960,1,1960
51.8667,10.3333,1960-01-19,-6.46999985538423,-1.66999996267259,-4.06999990902841,1960,1,1960
51.8667,10.3333,1960-01-20,-1.61999996379018,1.09999997541308,-0.259999994188547,1960,1,1960
51.8667,10.3333,1960-01-21,-2.27999994903803,0.399999991059303,-0.939999978989363,1960,1,1960
51.8667,10.3333,1960-01-22,-3.34999992512167,-1.53999996557832,-2.44499994534999,1960,1,1960
51.8667,10.3333,1960-01-23,-3.06999993138015,4.09999990835786,0.514999988488853,1960,1,1960
51.8667,10.3333,1960-01-24,2.91999993473291,7.08999984152615,5.00499988812953,1960,1,1960
51.8667,10.3333,1960-01-25,4.09999990835786,9.17999979481101,6.63999985158443,1960,1,1960
51.8667,10.3333,1960-01-26,4.76999989338219,7.8099998254329,6.28999985940754,1960,1,1960
51.8667,10.3333,1960-01-27,2.39999994635582,6.12999986298382,4.26499990466982,1960,1,1960
51.8667,10.3333,1960-01-28,0.959999978542328,3.56999992020428,2.2649999493733,1960,1,1960
51.8667,10.3333,1960-01-29,2.28999994881451,6.94999984465539,4.61999989673495,1960,1,1960
51.8667,10.3333,1960-01-30,0.559999987483025,5.77999987080693,3.16999992914498,1960,1,1960
51.8667,10.3333,1960-01-31,-3.3899999242276,0.779999982565641,-1.30499997083098,1960,1,1960
51.8667,10.3333,1960-02-01,-6.34999985806644,-3.45999992266297,-4.90499989036471,1960,2,1960
51.8667,10.3333,1960-02-02,-7.69999982789159,-3.40999992378056,-5.55499987583607,1960,2,1960
51.8667,10.3333,1960-02-03,-6.69999985024333,-1.19999997317791,-3.94999991171062,1960,2,1960
51.8667,10.3333,1960-02-04,-2.57999994233251,2.75999993830919,0.0899999979883432,1960,2,1960
51.8667,10.3333,1960-02-05,-0.169999996200204,2.73999993875623,1.28499997127801,1960,2,1960
51.8667,10.3333,1960-02-06,-0.599999986588955,2.58999994210899,0.994999977760017,1960,2,1960
51.8667,10.3333,1960-02-07,-9.13999979570508,0.359999991953373,-4.38999990187585,1960,2,1960
51.8667,10.3333,1960-02-08,-12.2399997264147,-3.66999991796911,-7.95499982219189,1960,2,1960
51.8667,10.3333,1960-02-09,-11.4899997431785,-0.569999987259507,-6.029999865219,1960,2,1960
51.8667,10.3333,1960-02-10,-8.93999980017543,3.14999992959201,-2.89499993529171,1960,2,1960
51.8667,10.3333,1960-02-11,-5.94999986700714,1.10999997518957,-2.41999994590878,1960,2,1960
51.8667,10.3333,1960-02-12,-1.35999996960163,0.769999982789159,-0.294999993406236,1960,2,1960
51.8667,10.3333,1960-02-13,-1.63999996334314,1.9499999564141,0.15499999653548,1960,2,1960
51.8667,10.3333,1960-02-14,-1.5499999653548,1.27999997138977,-0.134999996982515,1960,2,1960
51.8667,10.3333,1960-02-15,-1.26999997161329,0.769999982789159,-0.249999994412065,1960,2,1960
51.8667,10.3333,1960-02-16,-3.14999992959201,-0.229999994859099,-1.68999996222556,1960,2,1960
51.8667,10.3333,1960-02-17,-2.97999993339181,-0.259999994188547,-1.61999996379018,1960,2,1960
51.8667,10.3333,1960-02-18,-3.90999991260469,-0.159999996423721,-2.03499995451421,1960,2,1960
51.8667,10.3333,1960-02-19,-5.57999987527728,0.259999994188547,-2.65999994054437,1960,2,1960
51.8667,10.3333,1960-02-20,-7.81999982520938,0.92999997921288,-3.44499992299825,1960,2,1960
51.8667,10.3333,1960-02-21,-1.58999996446073,3.68999991752207,1.04999997653067,1960,2,1960
51.8667,10.3333,1960-02-22,0.389999991282821,4.02999990992248,2.20999995060265,1960,2,1960
51.8667,10.3333,1960-02-23,-2.18999995104969,3.90999991260469,0.859999980777502,1960,2,1960
51.8667,10.3333,1960-02-24,1.73999996110797,8.32999981380999,5.03499988745898,1960,2,1960
51.8667,10.3333,1960-02-25,-1.39999996870756,2.93999993428588,0.769999982789159,1960,2,1960
51.8667,10.3333,1960-02-26,-4.67999989539385,3.39999992400408,-0.639999985694885,1960,2,1960
51.8667,10.3333,1960-02-27,-1.06999997608364,3.48999992199242,1.20999997295439,1960,2,1960
51.8667,10.3333,1960-02-28,1.49999996647239,8.27999981492758,4.88999989069998,1960,2,1960
51.8667,10.3333,1960-02-29,3.48999992199242,10.7099997606128,7.09999984130263,1960,2,1960
51.8667,10.3333,1960-03-01,8.04999982006848,14.7299996707588,11.3899997454137,1960,3,1960
51.8667,10.3333,1960-03-02,4.83999989181757,11.7799997366965,8.30999981425703,1960,3,1960
51.8667,10.3333,1960-03-03,3.45999992266297,7.65999982878566,5.55999987572432,1960,3,1960
51.8667,10.3333,1960-03-04,4.48999989964068,7.59999983012676,6.04499986488372,1960,3,1960
51.8667,10.3333,1960-03-05,3.36999992467463,6.18999986164272,4.77999989315867,1960,3,1960
51.8667,10.3333,1960-03-06,0.769999982789159,5.26999988220632,3.01999993249774,1960,3,1960
51.8667,10.3333,1960-03-07,-3.40999992378056,1.21999997273088,-1.09499997552484,1960,3,1960
51.8667,10.3333,1960-03-08,-5.91999986767769,-1.719999961555,-3.81999991461635,1960,3,1960
51.8667,10.3333,1960-03-09,-8.1499998178333,-3.23999992758036,-5.69499987270683,1960,3,1960
51.8667,10.3333,1960-03-10,-4.8199998922646,3.25999992713332,-0.779999982565641,1960,3,1960
51.8667,10.3333,1960-03-11,-2.13999995216727,5.37999987974763,1.61999996379018,1960,3,1960
51.8667,10.3333,1960-03-12,-1.6099999640137,7.42999983392656,2.90999993495643,1960,3,1960
51.8667,10.3333,1960-03-13,2.06999995373189,11.499999742955,6.78499984834343,1960,3,1960
51.8667,10.3333,1960-03-14,1.12999997474253,11.1999997496605,6.16499986220151,1960,3,1960
51.8667,10.3333,1960-03-15,-0.34999999217689,9.50999978743494,4.57999989762902,1960,3,1960
51.8667,10.3333,1960-03-16,0.439999990165234,10.2599997706711,5.34999988041818,1960,3,1960
51.8667,10.3333,1960-03-17,-1.20999997295439,3.42999992333353,1.10999997518957,1960,3,1960
51.8667,10.3333,1960-03-18,-2.38999994657934,0.0199999995529652,-1.18499997351319,1960,3,1960
51.8667,10.3333,1960-03-19,-3.02999993227422,-0.0999999977648258,-1.56499996501952,1960,3,1960
51.8667,10.3333,1960-03-20,-3.36999992467463,0.299999993294477,-1.53499996569008,1960,3,1960
51.8667,10.3333,1960-03-21,-2.59999994188547,0.209999995306134,-1.19499997328967,1960,3,1960
51.8667,10.3333,1960-03-22,-1.9499999564141,0.559999987483025,-0.694999984465539,1960,3,1960
51.8667,10.3333,1960-03-23,-1.66999996267259,4.34999990276992,1.33999997004867,1960,3,1960
51.8667,10.3333,1960-03-24,-2.29999994859099,10.3999997675419,4.04999990947545,1960,3,1960
51.8667,10.3333,1960-03-25,-1.5499999653548,8.80999980308115,3.62999991886318,1960,3,1960
51.8667,10.3333,1960-03-26,-1.33999997004867,10.5999997630715,4.62999989651144,1960,3,1960
51.8667,10.3333,1960-03-27,2.94999993406236,11.6199997402728,7.28499983716756,1960,3,1960
51.8667,10.3333,1960-03-28,3.00999993272126,11.7999997362494,7.40499983448535,1960,3,1960
51.8667,10.3333,1960-03-29,3.42999992333353,7.5799998305738,5.50499987695366,1960,3,1960
51.8667,10.3333,1960-03-30,1.79999995976686,5.42999987863004,3.61499991919845,1960,3,1960
51.8667,10.3333,1960-03-31,1.69999996200204,6.6599998511374,4.17999990656972,1960,3,1960
51.8667,10.3333,1960-04-01,0.189999995753169,9.95999977737665,5.07499988656491,1960,4,1960
51.8667,10.3333,1960-04-02,-3.3299999255687,9.80999978072941,3.23999992758036,1960,4,1960
51.8667,10.3333,1960-04-03,-1.90999995730817,13.2099997047335,5.64999987371266,1960,4,1960
51.8667,10.3333,1960-04-04,0.209999995306134,15.3199996575713,7.76499982643872,1960,4,1960
51.8667,10.3333,1960-04-05,0.809999981895089,12.6799997165799,6.7449998492375,1960,4,1960
51.8667,10.3333,1960-04-06,-0.109999997541308,11.5699997413903,5.72999987192452,1960,4,1960
51.8667,10.3333,1960-04-07,-0.34999999217689,13.7699996922165,6.70999985001981,1960,4,1960
51.8667,10.3333,1960-04-08,0.409999990835786,13.5499996971339,6.97999984398484,1960,4,1960
51.8667,10.3333,1960-04-09,5.19999988377094,11.8299997355789,8.51499980967492,1960,4,1960
51.8667,10.3333,1960-04-10,3.60999991931021,13.509999698028,8.55999980866909,1960,4,1960
51.8667,10.3333,1960-04-11,5.82999986968935,13.3499997016042,9.5899997856468,1960,4,1960
51.8667,10.3333,1960-04-12,3.18999992869794,10.1799997724593,6.68499985057861,1960,4,1960
51.8667,10.3333,1960-04-13,3.33999992534518,9.6999997831881,6.51999985426664,1960,4,1960
51.8667,10.3333,1960-04-14,4.10999990813434,13.6599996946752,8.88499980140477,1960,4,1960
51.8667,10.3333,1960-04-15,4.22999990545213,11.5599997416139,7.894999823533,1960,4,1960
51.8667,10.3333,1960-04-16,2.27999994903803,8.6699998062104,5.47499987762421,1960,4,1960
51.8667,10.3333,1960-04-17,1.73999996110797,6.47999985516071,4.10999990813434,1960,4,1960
51.8667,10.3333,1960-04-18,0.729999983683228,8.10999981872737,4.4199999012053,1960,4,1960
51.8667,10.3333,1960-04-19,2.74999993853271,10.4099997673184,6.57999985292554,1960,4,1960
51.8667,10.3333,1960-04-20,5.00999988801777,18.1799995936453,11.5949997408316,1960,4,1960
51.8667,10.3333,1960-04-21,6.27999985963106,17.6599996052682,11.9699997324497,1960,4,1960
51.8667,10.3333,1960-04-22,4.8199998922646,14.5399996750057,9.67999978363514,1960,4,1960
51.8667,10.3333,1960-04-23,2.9299999345094,7.04999984242022,4.98999988846481,1960,4,1960
51.8667,10.3333,1960-04-24,1.4899999666959,6.43999985605478,3.96499991137534,1960,4,1960
51.8667,10.3333,1960-04-25,-0.119999997317791,4.61999989673495,2.24999994970858,1960,4,1960
51.8667,10.3333,1960-04-26,-0.279999993741512,5.34999988041818,2.53499994333833,1960,4,1960
51.8667,10.3333,1960-04-27,-0.0499999988824129,5.25999988242984,2.60499994177371,1960,4,1960
51.8667,10.3333,1960-04-28,-0.299999993294477,4.6499998960644,2.17499995138496,1960,4,1960
51.8667,10.3333,1960-04-29,0.399999991059303,3.84999991394579,2.12499995250255,1960,4,1960
51.8667,10.3333,1960-04-30,0.259999994188547,6.26999985985458,3.26499992702156,1960,4,1960
51.8667,10.3333,1960-05-01,0.0599999986588955,6.49999985471368,3.27999992668629,1960,5,NA
51.8667,10.3333,1960-05-02,1.1499999742955,4.99999988824129,3.07499993126839,1960,5,NA
51.8667,10.3333,1960-05-03,-1.22999997250736,6.34999985806644,2.55999994277954,1960,5,NA
51.8667,10.3333,1960-05-04,-1.49999996647239,11.499999742955,4.99999988824129,1960,5,NA
51.8667,10.3333,1960-05-05,1.70999996177852,15.7999996468425,8.7549998043105,1960,5,NA
51.8667,10.3333,1960-05-06,3.54999992065132,17.9899995978922,10.7699997592717,1960,5,NA
51.8667,10.3333,1960-05-07,4.68999989517033,19.1199995726347,11.9049997339025,1960,5,NA
51.8667,10.3333,1960-05-08,5.28999988175929,19.7199995592237,12.5049997204915,1960,5,NA
51.8667,10.3333,1960-05-09,7.94999982230365,18.7399995811284,13.344999701716,1960,5,NA
51.8667,10.3333,1960-05-10,6.23999986052513,15.4299996551126,10.8349997578189,1960,5,NA
51.8667,10.3333,1960-05-11,6.06999986432493,15.0499996636063,10.5599997639656,1960,5,NA
51.8667,10.3333,1960-05-12,8.48999981023371,16.3599996343255,12.4249997222796,1960,5,NA
51.8667,10.3333,1960-05-13,7.9799998216331,17.7099996041507,12.8449997128919,1960,5,NA
51.8667,10.3333,1960-05-14,9.45999978855252,20.3799995444715,14.919999666512,1960,5,NA
51.8667,10.3333,1960-05-15,12.2399997264147,17.3299996126443,14.7849996695295,1960,5,NA
51.8667,10.3333,1960-05-16,11.0699997525662,21.4399995207787,16.2549996366724,1960,5,NA
51.8667,10.3333,1960-05-17,11.8899997342378,22.1399995051324,17.0149996196851,1960,5,NA
51.8667,10.3333,1960-05-18,11.4499997440726,17.6999996043742,14.5749996742234,1960,5,NA
51.8667,10.3333,1960-05-19,9.94999977760017,19.4599995650351,14.7049996713176,1960,5,NA
51.8667,10.3333,1960-05-20,9.50999978743494,14.6899996716529,12.0999997295439,1960,5,NA
51.8667,10.3333,1960-05-21,8.67999980598688,14.4699996765703,11.5749997412786,1960,5,NA
51.8667,10.3333,1960-05-22,5.75999987125397,16.2899996358901,11.024999753572,1960,5,NA
51.8667,10.3333,1960-05-23,8.72999980486929,12.4799997210503,10.6049997629598,1960,5,NA
51.8667,10.3333,1960-05-24,6.91999984532595,13.779999691993,10.3499997686595,1960,5,NA
51.8667,10.3333,1960-05-25,7.24999983794987,17.2099996153265,12.2299997266382,1960,5,NA
51.8667,10.3333,1960-05-26,4.23999990522861,12.6699997168034,8.45499981101602,1960,5,NA
51.8667,10.3333,1960-05-27,2.70999993942678,14.4499996770173,8.57999980822206,1960,5,NA
51.8667,10.3333,1960-05-28,4.42999990098178,16.7199996262789,10.5749997636303,1960,5,NA
51.8667,10.3333,1960-05-29,8.61999980732799,14.7599996700883,11.6899997387081,1960,5,NA
51.8667,10.3333,1960-05-30,8.51999980956316,15.2199996598065,11.8699997346848,1960,5,NA
51.8667,10.3333,1960-05-31,8.78999980352819,12.4399997219443,10.6149997627363,1960,5,NA
51.8667,10.3333,1960-06-01,8.50999980978668,14.3099996801466,11.4099997449666,1960,6,NA
51.8667,10.3333,1960-06-02,6.31999985873699,17.0999996177852,11.7099997382611,1960,6,NA
51.8667,10.3333,1960-06-03,9.22999979369342,19.3699995670468,14.2999996803701,1960,6,NA
51.8667,10.3333,1960-06-04,8.27999981492758,19.6199995614588,13.9499996881932,1960,6,NA
51.8667,10.3333,1960-06-05,8.92999980039895,21.7899995129555,15.3599996566772,1960,6,NA
51.8667,10.3333,1960-06-06,9.37999979034066,22.979999486357,16.1799996383488,1960,6,NA
51.8667,10.3333,1960-06-07,13.5499996971339,25.569999428466,19.5599995627999,1960,6,NA
51.8667,10.3333,1960-06-08,13.1399997062981,19.3899995665997,16.2649996364489,1960,6,NA
51.8667,10.3333,1960-06-09,7.31999983638525,19.8899995554239,13.6049996959046,1960,6,NA
51.8667,10.3333,1960-06-10,12.5499997194856,21.0999995283782,16.8249996239319,1960,6,NA
51.8667,10.3333,1960-06-11,10.31999976933,15.9099996443838,13.1149997068569,1960,6,NA
51.8667,10.3333,1960-06-12,7.29999983683228,15.6299996506423,11.4649997437373,1960,6,NA
51.8667,10.3333,1960-06-13,10.9599997550249,18.0499995965511,14.504999675788,1960,6,NA
51.8667,10.3333,1960-06-14,12.3099997248501,22.2599995024502,17.2849996136501,1960,6,NA
51.8667,10.3333,1960-06-15,10.4499997664243,16.5999996289611,13.5249996976927,1960,6,NA
51.8667,10.3333,1960-06-16,7.60999982990324,15.9799996428192,11.7949997363612,1960,6,NA
51.8667,10.3333,1960-06-17,5.91999986767769,18.4699995871633,12.1949997274205,1960,6,NA
51.8667,10.3333,1960-06-18,13.179999705404,19.8899995554239,16.5349996304139,1960,6,NA
51.8667,10.3333,1960-06-19,9.39999978989363,23.9299994651228,16.6649996275082,1960,6,NA
51.8667,10.3333,1960-06-20,11.3799997456372,17.7899996023625,14.5849996739998,1960,6,NA
51.8667,10.3333,1960-06-21,7.83999982476234,11.6199997402728,9.72999978251755,1960,6,NA
51.8667,10.3333,1960-06-22,8.85999980196357,16.639999628067,12.7499997150153,1960,6,NA
51.8667,10.3333,1960-06-23,7.77999982610345,16.7899996247143,12.2849997254089,1960,6,NA
51.8667,10.3333,1960-06-24,9.18999979458749,24.3799994550645,16.784999624826,1960,6,NA
51.8667,10.3333,1960-06-25,13.469999698922,24.4399994537234,18.9549995763227,1960,6,NA
51.8667,10.3333,1960-06-26,11.8599997349083,23.9699994642287,17.9149995995685,1960,6,NA
51.8667,10.3333,1960-06-27,12.2799997255206,24.3799994550645,18.3299995902926,1960,6,NA
51.8667,10.3333,1960-06-28,11.0999997518957,18.5599995851517,14.8299996685237,1960,6,NA
51.8667,10.3333,1960-06-29,7.07999984174967,15.2699996586889,11.1749997502193,1960,6,NA
51.8667,10.3333,1960-06-30,6.52999985404313,10.4099997673184,8.46999981068075,1960,6,NA
51.8667,10.3333,1960-07-01,6.7199998497963,12.2899997252971,9.50499978754669,1960,7,NA
51.8667,10.3333,1960-07-02,4.92999988980591,11.5599997416139,8.24499981570989,1960,7,NA
51.8667,10.3333,1960-07-03,7.07999984174967,12.8799997121096,9.97999977692962,1960,7,NA
51.8667,10.3333,1960-07-04,6.3699998576194,10.7299997601658,8.54999980889261,1960,7,NA
51.8667,10.3333,1960-07-05,6.66999985091388,16.2199996374547,11.4449997441843,1960,7,NA
51.8667,10.3333,1960-07-06,8.73999980464578,15.5399996526539,12.1399997286499,1960,7,NA
51.8667,10.3333,1960-07-07,13.1899997051805,17.3899996113032,15.2899996582419,1960,7,NA
51.8667,10.3333,1960-07-08,10.4499997664243,18.5199995860457,14.484999676235,1960,7,NA
51.8667,10.3333,1960-07-09,9.72999978251755,16.929999621585,13.3299997020513,1960,7,NA
51.8667,10.3333,1960-07-10,9.15999979525805,14.5499996747822,11.8549997350201,1960,7,NA
51.8667,10.3333,1960-07-11,9.37999979034066,17.7899996023625,13.5849996963516,1960,7,NA
51.8667,10.3333,1960-07-12,12.4299997221678,20.3499995451421,16.389999633655,1960,7,NA
51.8667,10.3333,1960-07-13,11.0299997534603,17.7499996032566,14.3899996783584,1960,7,NA
51.8667,10.3333,1960-07-14,9.93999977782369,19.2799995690584,14.6099996734411,1960,7,NA
51.8667,10.3333,1960-07-15,11.6599997393787,22.5299994964153,17.094999617897,1960,7,NA
51.8667,10.3333,1960-07-16,11.6699997391552,21.0599995292723,16.3649996342137,1960,7,NA
51.8667,10.3333,1960-07-17,11.3299997467548,19.3699995670468,15.3499996569008,1960,7,NA
51.8667,10.3333,1960-07-18,8.2699998151511,21.2299995254725,14.7499996703118,1960,7,NA
51.8667,10.3333,1960-07-19,12.9499997105449,20.8399995341897,16.8949996223673,1960,7,NA
51.8667,10.3333,1960-07-20,11.5899997409433,21.4699995201081,16.5299996305257,1960,7,NA
51.8667,10.3333,1960-07-21,10.6599997617304,19.9299995545298,15.2949996581301,1960,7,NA
51.8667,10.3333,1960-07-22,9.67999978363514,14.9499996658415,12.3149997247383,1960,7,NA
51.8667,10.3333,1960-07-23,7.9799998216331,17.0099996197969,12.494999720715,1960,7,NA
51.8667,10.3333,1960-07-24,7.2899998370558,12.9999997094274,10.1449997732416,1960,7,NA
51.8667,10.3333,1960-07-25,6.35999985784292,16.6499996278435,11.5049997428432,1960,7,NA
51.8667,10.3333,1960-07-26,6.50999985449016,18.8999995775521,12.7049997160211,1960,7,NA
51.8667,10.3333,1960-07-27,11.6699997391552,18.5999995842576,15.1349996617064,1960,7,NA
51.8667,10.3333,1960-07-28,9.95999977737665,18.2599995918572,14.1099996846169,1960,7,NA
51.8667,10.3333,1960-07-29,8.75999980419874,19.6699995603412,14.21499968227,1960,7,NA
51.8667,10.3333,1960-07-30,13.2499997038394,20.9099995326251,17.0799996182323,1960,7,NA
51.8667,10.3333,1960-07-31,15.2799996584654,27.6399993821979,21.4599995203316,1960,7,NA
51.8667,10.3333,1960-08-01,15.9299996439368,23.6699994709343,19.7999995574355,1960,8,NA
51.8667,10.3333,1960-08-02,12.8599997125566,18.3699995893985,15.6149996509776,1960,8,NA
51.8667,10.3333,1960-08-03,11.2299997489899,18.4699995871633,14.8499996680766,1960,8,NA
51.8667,10.3333,1960-08-04,11.0099997539073,14.7099996712059,12.8599997125566,1960,8,NA
51.8667,10.3333,1960-08-05,10.0899997744709,13.2299997042865,11.6599997393787,1960,8,NA
51.8667,10.3333,1960-08-06,9.51999978721142,18.1899995934218,13.8549996903166,1960,8,NA
51.8667,10.3333,1960-08-07,9.23999979346991,16.6899996269494,12.9649997102097,1960,8,NA
51.8667,10.3333,1960-08-08,11.1799997501075,18.089999595657,14.6349996728823,1960,8,NA
51.8667,10.3333,1960-08-09,9.5299997869879,18.8599995784461,14.194999682717,1960,8,NA
51.8667,10.3333,1960-08-10,8.90999980084598,19.4799995645881,14.194999682717,1960,8,NA
51.8667,10.3333,1960-08-11,10.0999997742474,15.4299996551126,12.76499971468,1960,8,NA
51.8667,10.3333,1960-08-12,12.4299997221678,17.1499996166676,14.7899996694177,1960,8,NA
51.8667,10.3333,1960-08-13,13.0599997080863,20.1299995500594,16.5949996290728,1960,8,NA
51.8667,10.3333,1960-08-14,9.26999979279935,14.9099996667355,12.0899997297674,1960,8,NA
51.8667,10.3333,1960-08-15,4.91999989002943,16.4099996332079,10.6649997616187,1960,8,NA
51.8667,10.3333,1960-08-16,7.21999983862042,14.0099996868521,10.6149997627363,1960,8,NA
51.8667,10.3333,1960-08-17,9.73999978229403,16.6099996287376,13.1749997055158,1960,8,NA
51.8667,10.3333,1960-08-18,7.83999982476234,18.0199995972216,12.929999710992,1960,8,NA
51.8667,10.3333,1960-08-19,11.6499997396022,17.1799996159971,14.4149996777996,1960,8,NA
51.8667,10.3333,1960-08-20,10.0799997746944,15.2999996580184,12.6899997163564,1960,8,NA
51.8667,10.3333,1960-08-21,8.65999980643392,12.4499997217208,10.5549997640774,1960,8,NA
51.8667,10.3333,1960-08-22,9.33999979123473,15.4599996544421,12.3999997228384,1960,8,NA
51.8667,10.3333,1960-08-23,12.7799997143447,22.6999994926155,17.7399996034801,1960,8,NA
51.8667,10.3333,1960-08-24,14.899999666959,21.1399995274842,18.0199995972216,1960,8,NA
51.8667,10.3333,1960-08-25,13.3399997018278,21.6899995151907,17.5149996085092,1960,8,NA
51.8667,10.3333,1960-08-26,14.7899996694177,24.3199994564056,19.5549995629117,1960,8,NA
51.8667,10.3333,1960-08-27,16.4199996329844,25.9499994199723,21.1849995264784,1960,8,NA
51.8667,10.3333,1960-08-28,14.5999996736646,21.9199995100498,18.2599995918572,1960,8,NA
51.8667,10.3333,1960-08-29,13.7899996917695,18.2099995929748,15.9999996423721,1960,8,NA
51.8667,10.3333,1960-08-30,11.6199997402728,17.529999608174,14.5749996742234,1960,8,NA
51.8667,10.3333,1960-08-31,10.9999997541308,14.6899996716529,12.8449997128919,1960,8,NA
51.8667,10.3333,1960-09-01,9.80999978072941,14.2899996805936,12.0499997306615,1960,9,NA
51.8667,10.3333,1960-09-02,9.79999978095293,12.8199997134507,11.3099997472018,1960,9,NA
51.8667,10.3333,1960-09-03,8.27999981492758,14.8599996678531,11.5699997413903,1960,9,NA
51.8667,10.3333,1960-09-04,10.2299997713417,17.0999996177852,13.6649996945634,1960,9,NA
51.8667,10.3333,1960-09-05,10.1799997724593,15.8699996452779,13.0249997088686,1960,9,NA
51.8667,10.3333,1960-09-06,7.78999982587993,14.3999996781349,11.0949997520074,1960,9,NA
51.8667,10.3333,1960-09-07,6.38999985717237,10.7299997601658,8.55999980866909,1960,9,NA
51.8667,10.3333,1960-09-08,6.58999985270202,13.3799997009337,9.98499977681786,1960,9,NA
51.8667,10.3333,1960-09-09,4.32999990321696,15.0799996629357,9.70499978307635,1960,9,NA
51.8667,10.3333,1960-09-10,3.33999992534518,16.8599996231496,10.0999997742474,1960,9,NA
51.8667,10.3333,1960-09-11,10.029999775812,16.8999996222556,13.4649996990338,1960,9,NA
51.8667,10.3333,1960-09-12,10.029999775812,20.0199995525181,15.0249996641651,1960,9,NA
51.8667,10.3333,1960-09-13,8.64999980665743,20.969999531284,14.8099996689707,1960,9,NA
51.8667,10.3333,1960-09-14,8.75999980419874,22.4099994990975,15.5849996516481,1960,9,NA
51.8667,10.3333,1960-09-15,8.8999998010695,21.6099995169789,15.2549996590242,1960,9,NA
51.8667,10.3333,1960-09-16,9.59999978542328,19.7199995592237,14.6599996723235,1960,9,NA
51.8667,10.3333,1960-09-17,12.329999724403,20.6299995388836,16.4799996316433,1960,9,NA
51.8667,10.3333,1960-09-18,10.899999756366,20.1099995505065,15.5049996534362,1960,9,NA
51.8667,10.3333,1960-09-19,9.16999979503453,16.7499996256083,12.9599997103214,1960,9,NA
51.8667,10.3333,1960-09-20,11.5199997425079,15.0699996631593,13.2949997028336,1960,9,NA
51.8667,10.3333,1960-09-21,10.1599997729063,15.6099996510893,12.8849997119978,1960,9,NA
51.8667,10.3333,1960-09-22,6.84999984689057,11.6899997387081,9.26999979279935,1960,9,NA
51.8667,10.3333,1960-09-23,7.36999983526766,12.369999723509,9.86999977938831,1960,9,NA
51.8667,10.3333,1960-09-24,5.98999986611307,15.6999996490777,10.8449997575954,1960,9,NA
51.8667,10.3333,1960-09-25,8.81999980285764,15.4199996553361,12.1199997290969,1960,9,NA
51.8667,10.3333,1960-09-26,5.78999987058342,16.3299996349961,11.0599997527897,1960,9,NA
51.8667,10.3333,1960-09-27,5.92999986745417,12.2799997255206,9.10499979648739,1960,9,NA
51.8667,10.3333,1960-09-28,3.74999991618097,11.4399997442961,7.59499983023852,1960,9,NA
51.8667,10.3333,1960-09-29,4.13999990746379,8.61999980732799,6.37999985739589,1960,9,NA
51.8667,10.3333,1960-09-30,3.57999991998076,8.13999981805682,5.85999986901879,1960,9,NA
51.8667,10.3333,1960-10-01,2.39999994635582,9.84999977983534,6.12499986309558,1960,10,1961
51.8667,10.3333,1960-10-02,5.25999988242984,11.5499997418374,8.40499981213361,1960,10,1961
51.8667,10.3333,1960-10-03,5.78999987058342,15.8399996459484,10.8149997582659,1960,10,1961
51.8667,10.3333,1960-10-04,6.93999984487891,17.0299996193498,11.9849997321144,1960,10,1961
51.8667,10.3333,1960-10-05,8.72999980486929,21.509999519214,15.1199996620417,1960,10,1961
51.8667,10.3333,1960-10-06,9.84999977983534,17.4699996095151,13.6599996946752,1960,10,1961
51.8667,10.3333,1960-10-07,8.27999981492758,19.2699995692819,13.7749996921048,1960,10,1961
51.8667,10.3333,1960-10-08,9.72999978251755,13.179999705404,11.4549997439608,1960,10,1961
51.8667,10.3333,1960-10-09,9.82999978028238,12.1099997293204,10.9699997548014,1960,10,1961
51.8667,10.3333,1960-10-10,7.24999983794987,11.3299997467548,9.28999979235232,1960,10,1961
51.8667,10.3333,1960-10-11,6.33999985828996,10.5399997644126,8.4399998113513,1960,10,1961
51.8667,10.3333,1960-10-12,7.25999983772635,9.79999978095293,8.52999980933964,1960,10,1961
51.8667,10.3333,1960-10-13,3.17999992892146,7.46999983303249,5.32499988097697,1960,10,1961
51.8667,10.3333,1960-10-14,5.23999988287687,8.33999981358647,6.78999984823167,1960,10,1961
51.8667,10.3333,1960-10-15,2.65999994054437,6.83999984711409,4.74999989382923,1960,10,1961
51.8667,10.3333,1960-10-16,0.119999997317791,8.06999981962144,4.09499990846962,1960,10,1961
51.8667,10.3333,1960-10-17,3.1599999293685,5.92999986745417,4.54499989841133,1960,10,1961
51.8667,10.3333,1960-10-18,3.59999991953373,5.72999987192452,4.66499989572912,1960,10,1961
51.8667,10.3333,1960-10-19,2.85999993607402,6.96999984420836,4.91499989014119,1960,10,1961
51.8667,10.3333,1960-10-20,2.47999994456768,8.09999981895089,5.28999988175929,1960,10,1961
51.8667,10.3333,1960-10-21,2.08999995328486,9.87999977916479,5.98499986622483,1960,10,1961
51.8667,10.3333,1960-10-22,4.91999989002943,8.11999981850386,6.51999985426664,1960,10,1961
51.8667,10.3333,1960-10-23,3.53999992087483,10.5099997650832,7.02499984297901,1960,10,1961
51.8667,10.3333,1960-10-24,7.70999982766807,14.069999685511,10.8899997565895,1960,10,1961
51.8667,10.3333,1960-10-25,8.039999820292,14.6399996727705,11.3399997465312,1960,10,1961
51.8667,10.3333,1960-10-26,7.01999984309077,14.9599996656179,10.9899997543544,1960,10,1961
51.8667,10.3333,1960-10-27,6.00999986566603,10.4299997668713,8.21999981626868,1960,10,1961
51.8667,10.3333,1960-10-28,6.33999985828996,8.8999998010695,7.61999982967973,1960,10,1961
51.8667,10.3333,1960-10-29,3.77999991551042,13.8199996910989,8.79999980330467,1960,10,1961
51.8667,10.3333,1960-10-30,6.83999984711409,13.4799996986985,10.1599997729063,1960,10,1961
51.8667,10.3333,1960-10-31,6.06999986432493,10.7499997597188,8.40999981202185,1960,10,1961
51.8667,10.3333,1960-11-01,6.51999985426664,8.76999980397522,7.64499982912093,1960,11,1961
51.8667,10.3333,1960-11-02,6.81999984756112,10.7299997601658,8.77499980386347,1960,11,1961
51.8667,10.3333,1960-11-03,7.20999983884394,11.209999749437,9.20999979414046,1960,11,1961
51.8667,10.3333,1960-11-04,5.62999987415969,10.9399997554719,8.28499981481582,1960,11,1961
51.8667,10.3333,1960-11-05,8.86999980174005,12.889999711886,10.879999756813,1960,11,1961
51.8667,10.3333,1960-11-06,4.46999990008771,10.7699997592717,7.61999982967973,1960,11,1961
51.8667,10.3333,1960-11-07,4.16999990679324,6.24999986030161,5.20999988354743,1960,11,1961
51.8667,10.3333,1960-11-08,1.23999997228384,5.16999988444149,3.20499992836267,1960,11,1961
51.8667,10.3333,1960-11-09,-2.55999994277954,1.72999996133149,-0.414999990724027,1960,11,1961
51.8667,10.3333,1960-11-10,-4.12999990768731,1.00999997742474,-1.55999996513128,1960,11,1961
51.8667,10.3333,1960-11-11,-3.68999991752207,3.40999992378056,-0.139999996870756,1960,11,1961
51.8667,10.3333,1960-11-12,2.59999994188547,6.97999984398484,4.78999989293516,1960,11,1961
51.8667,10.3333,1960-11-13,1.58999996446073,8.79999980330467,5.1949998838827,1960,11,1961
51.8667,10.3333,1960-11-14,1.7799999602139,6.75999984890223,4.26999990455806,1960,11,1961
51.8667,10.3333,1960-11-15,3.74999991618097,7.5199998319149,5.63499987404794,1960,11,1961
51.8667,10.3333,1960-11-16,6.31999985873699,8.15999981760979,7.23999983817339,1960,11,1961
51.8667,10.3333,1960-11-17,3.14999992959201,7.52999983169138,5.3399998806417,1960,11,1961
51.8667,10.3333,1960-11-18,-0.399999991059303,4.54999989829957,2.07499995362014,1960,11,1961
51.8667,10.3333,1960-11-19,1.92999995686114,5.28999988175929,3.60999991931021,1960,11,1961
51.8667,10.3333,1960-11-20,3.53999992087483,5.01999988779426,4.27999990433455,1960,11,1961
51.8667,10.3333,1960-11-21,3.07999993115664,4.50999989919364,3.79499991517514,1960,11,1961
51.8667,10.3333,1960-11-22,3.70999991707504,7.67999982833862,5.69499987270683,1960,11,1961
51.8667,10.3333,1960-11-23,4.11999990791082,9.80999978072941,6.96499984432012,1960,11,1961
51.8667,10.3333,1960-11-24,4.16999990679324,7.9799998216331,6.07499986421317,1960,11,1961
51.8667,10.3333,1960-11-25,4.8199998922646,7.32999983616173,6.07499986421317,1960,11,1961
51.8667,10.3333,1960-11-26,5.53999987617135,8.1499998178333,6.84499984700233,1960,11,1961
51.8667,10.3333,1960-11-27,7.17999983951449,10.4499997664243,8.8149998029694,1960,11,1961
51.8667,10.3333,1960-11-28,6.13999986276031,7.91999982297421,7.02999984286726,1960,11,1961
51.8667,10.3333,1960-11-29,0.88999998010695,6.32999985851347,3.60999991931021,1960,11,1961
51.8667,10.3333,1960-11-30,0.819999981671572,3.33999992534518,2.07999995350838,1960,11,1961
51.8667,10.3333,1960-12-01,3.16999992914498,5.94999986700714,4.55999989807606,1960,12,1961
51.8667,10.3333,1960-12-02,2.39999994635582,7.93999982252717,5.16999988444149,1960,12,1961
51.8667,10.3333,1960-12-03,3.93999991193414,6.94999984465539,5.44499987829477,1960,12,1961
51.8667,10.3333,1960-12-04,3.53999992087483,5.5699998755008,4.55499989818782,1960,12,1961
51.8667,10.3333,1960-12-05,4.17999990656972,8.00999982096255,6.09499986376613,1960,12,1961
51.8667,10.3333,1960-12-06,3.0399999320507,5.26999988220632,4.15499990712851,1960,12,1961
51.8667,10.3333,1960-12-07,1.33999997004867,4.21999990567565,2.77999993786216,1960,12,1961
51.8667,10.3333,1960-12-08,1.25999997183681,4.12999990768731,2.69499993976206,1960,12,1961
51.8667,10.3333,1960-12-09,-1.3799999691546,2.61999994143844,0.61999998614192,1960,12,1961
51.8667,10.3333,1960-12-10,-2.01999995484948,0.119999997317791,-0.949999978765845,1960,12,1961
51.8667,10.3333,1960-12-11,-2.51999994367361,-1.22999997250736,-1.87499995809048,1960,12,1961
51.8667,10.3333,1960-12-12,-4.03999990969896,-1.47999996691942,-2.75999993830919,1960,12,1961
51.8667,10.3333,1960-12-13,-8.31999981403351,-1.82999995909631,-5.07499988656491,1960,12,1961
51.8667,10.3333,1960-12-14,-7.24999983794987,-2.88999993540347,-5.06999988667667,1960,12,1961
51.8667,10.3333,1960-12-15,-5.46999987773597,-2.10999995283782,-3.7899999152869,1960,12,1961
51.8667,10.3333,1960-12-16,-2.33999994769692,0.189999995753169,-1.07499997597188,1960,12,1961
51.8667,10.3333,1960-12-17,-0.819999981671572,0.949999978765845,0.0649999985471368,1960,12,1961
51.8667,10.3333,1960-12-18,-3.729999916628,1.29999997094274,-1.21499997284263,1960,12,1961
51.8667,10.3333,1960-12-19,-5.98999986611307,0.289999993517995,-2.84999993629754,1960,12,1961
51.8667,10.3333,1960-12-20,-4.46999990008771,-0.0499999988824129,-2.25999994948506,1960,12,1961
51.8667,10.3333,1960-12-21,-0.539999987930059,2.32999994792044,0.894999979995191,1960,12,1961
51.8667,10.3333,1960-12-22,-0.129999997094274,1.72999996133149,0.799999982118607,1960,12,1961
51.8667,10.3333,1960-12-23,-1.5499999653548,0.499999988824129,-0.524999988265336,1960,12,1961
51.8667,10.3333,1960-12-24,-1.26999997161329,0.26999999396503,-0.499999988824129,1960,12,1961
51.8667,10.3333,1960-12-25,-4.35999990254641,0.129999997094274,-2.11499995272607,1960,12,1961
51.8667,10.3333,1960-12-26,-5.13999988511205,-1.81999995931983,-3.47999992221594,1960,12,1961
51.8667,10.3333,1960-12-27,-2.68999993987381,2.36999994702637,-0.159999996423721,1960,12,1961
51.8667,10.3333,1960-12-28,0.0599999986588955,1.78999995999038,0.924999979324639,1960,12,1961
51.8667,10.3333,1960-12-29,-1.78999995999038,1.13999997451901,-0.324999992735684,1960,12,1961
51.8667,10.3333,1960-12-30,-5.70999987237155,0.589999986812472,-2.55999994277954,1960,12,1961
51.8667,10.3333,1960-12-31,-7.5199998319149,-3.02999993227422,-5.27499988209456,1960,12,1961
51.8667,10.3333,1961-01-01,-4.7099998947233,0.339999992400408,-2.18499995116144,1961,1,1961
51.8667,10.3333,1961-01-02,-1.26999997161329,1.39999996870756,0.0649999985471368,1961,1,1961
51.8667,10.3333,1961-01-03,-1.28999997116625,0.919999979436398,-0.184999995864928,1961,1,1961
51.8667,10.3333,1961-01-04,0.139999996870756,4.14999990724027,2.14499995205551,1961,1,1961
51.8667,10.3333,1961-01-05,-0.799999982118607,2.25999994948506,0.729999983683228,1961,1,1961
51.8667,10.3333,1961-01-06,-0.879999980330467,1.59999996423721,0.359999991953373,1961,1,1961
51.8667,10.3333,1961-01-07,-1.719999961555,0.239999994635582,-0.739999983459711,1961,1,1961
51.8667,10.3333,1961-01-08,-0.509999988600612,0.809999981895089,0.149999996647239,1961,1,1961
51.8667,10.3333,1961-01-09,-1.18999997340143,1.90999995730817,0.359999991953373,1961,1,1961
51.8667,10.3333,1961-01-10,-0.189999995753169,1.92999995686114,0.869999980553985,1961,1,1961
51.8667,10.3333,1961-01-11,-0.739999983459711,1.74999996088445,0.50499998871237,1961,1,1961
51.8667,10.3333,1961-01-12,-4.59999989718199,1.62999996356666,-1.48499996680766,1961,1,1961
51.8667,10.3333,1961-01-13,-7.26999983750284,-0.649999985471368,-3.9599999114871,1961,1,1961
51.8667,10.3333,1961-01-14,-6.4899998549372,1.05999997630715,-2.71499993931502,1961,1,1961
51.8667,10.3333,1961-01-15,-1.61999996379018,1.50999996624887,-0.0549999987706542,1961,1,1961
51.8667,10.3333,1961-01-16,-5.59999987483025,0.509999988600612,-2.54499994311482,1961,1,1961
51.8667,10.3333,1961-01-17,-7.65999982878566,-0.0499999988824129,-3.85499991383404,1961,1,1961
51.8667,10.3333,1961-01-18,-7.82999982498586,-0.88999998010695,-4.35999990254641,1961,1,1961
51.8667,10.3333,1961-01-19,-10.609999762848,-3.13999992981553,-6.87499984633178,1961,1,1961
51.8667,10.3333,1961-01-20,-11.0999997518957,-1.40999996848404,-6.25499986018986,1961,1,1961
51.8667,10.3333,1961-01-21,-7.2899998370558,0.979999978095293,-3.15499992948025,1961,1,1961
51.8667,10.3333,1961-01-22,-2.13999995216727,1.25999997183681,-0.439999990165234,1961,1,1961
51.8667,10.3333,1961-01-23,-0.689999984577298,1.38999996893108,0.34999999217689,1961,1,1961
51.8667,10.3333,1961-01-24,-5.0499998871237,-0.0599999986588955,-2.5549999428913,1961,1,1961
51.8667,10.3333,1961-01-25,-8.63999980688095,-4.45999990031123,-6.54999985359609,1961,1,1961
51.8667,10.3333,1961-01-26,-12.2799997255206,-6.85999984666705,-9.56999978609383,1961,1,1961
51.8667,10.3333,1961-01-27,-15.8699996452779,-6.61999985203147,-11.2449997486547,1961,1,1961
51.8667,10.3333,1961-01-28,-14.5999996736646,-3.16999992914498,-8.88499980140477,1961,1,1961
51.8667,10.3333,1961-01-29,-6.17999986186624,1.91999995708466,-2.12999995239079,1961,1,1961
51.8667,10.3333,1961-01-30,-0.61999998614192,4.05999990925193,1.719999961555,1961,1,1961
51.8667,10.3333,1961-01-31,2.42999994568527,4.97999988868833,3.7049999171868,1961,1,1961
51.8667,10.3333,1961-02-01,1.17999997362494,4.65999989584088,2.91999993473291,1961,2,1961
51.8667,10.3333,1961-02-02,0.329999992623925,3.00999993272126,1.66999996267259,1961,2,1961
51.8667,10.3333,1961-02-03,-1.10999997518957,1.49999996647239,0.19499999564141,1961,2,1961
51.8667,10.3333,1961-02-04,-1.7799999602139,0.159999996423721,-0.809999981895089,1961,2,1961
51.8667,10.3333,1961-02-05,-2.38999994657934,0.159999996423721,-1.11499997507781,1961,2,1961
51.8667,10.3333,1961-02-06,-3.75999991595745,0.369999991729856,-1.6949999621138,1961,2,1961
51.8667,10.3333,1961-02-07,-1.93999995663762,4.99999988824129,1.52999996580184,1961,2,1961
51.8667,10.3333,1961-02-08,1.36999996937811,4.51999989897013,2.94499993417412,1961,2,1961
51.8667,10.3333,1961-02-09,1.20999997295439,3.71999991685152,2.46499994490296,1961,2,1961
51.8667,10.3333,1961-02-10,2.91999993473291,6.81999984756112,4.86999989114702,1961,2,1961
51.8667,10.3333,1961-02-11,1.98999995552003,4.13999990746379,3.06499993149191,1961,2,1961
51.8667,10.3333,1961-02-12,2.38999994657934,4.92999988980591,3.65999991819263,1961,2,1961
51.8667,10.3333,1961-02-13,1.76999996043742,4.99999988824129,3.38499992433935,1961,2,1961
51.8667,10.3333,1961-02-14,2.11999995261431,5.41999987885356,3.76999991573393,1961,2,1961
51.8667,10.3333,1961-02-15,1.93999995663762,10.4799997657537,6.20999986119568,1961,2,1961
51.8667,10.3333,1961-02-16,4.20999990589917,13.2699997033924,8.73999980464578,1961,2,1961
51.8667,10.3333,1961-02-17,1.63999996334314,9.89999977871776,5.76999987103045,1961,2,1961
51.8667,10.3333,1961-02-18,0.0399999991059303,12.6299997176975,6.33499985840172,1961,2,1961
51.8667,10.3333,1961-02-19,0.129999997094274,9.40999978967011,4.76999989338219,1961,2,1961
51.8667,10.3333,1961-02-20,2.27999994903803,6.70999985001981,4.49499989952892,1961,2,1961
51.8667,10.3333,1961-02-21,0.88999998010695,8.13999981805682,4.51499989908189,1961,2,1961
51.8667,10.3333,1961-02-22,-1.24999997206032,4.17999990656972,1.4649999672547,1961,2,1961
51.8667,10.3333,1961-02-23,-1.39999996870756,10.0099997762591,4.30499990377575,1961,2,1961
51.8667,10.3333,1961-02-24,-2.83999993652105,6.41999985650182,1.78999995999038,1961,2,1961
51.8667,10.3333,1961-02-25,0.549999987706542,11.2599997483194,5.90499986801296,1961,2,1961
51.8667,10.3333,1961-02-26,5.70999987237155,13.9599996879697,9.83499978017062,1961,2,1961
51.8667,10.3333,1961-02-27,5.11999988555908,12.5099997203797,8.8149998029694,1961,2,1961
51.8667,10.3333,1961-02-28,5.49999987706542,11.0399997532368,8.2699998151511,1961,2,1961
51.8667,10.3333,1961-03-01,0.459999989718199,10.8299997579306,5.64499987382442,1961,3,1961
51.8667,10.3333,1961-03-02,0.869999980553985,3.86999991349876,2.36999994702637,1961,3,1961
51.8667,10.3333,1961-03-03,0.34999999217689,5.51999987661839,2.93499993439764,1961,3,1961
51.8667,10.3333,1961-03-04,1.06999997608364,5.65999987348914,3.36499992478639,1961,3,1961
51.8667,10.3333,1961-03-05,-2.09999995306134,9.76999978162348,3.83499991428107,1961,3,1961
51.8667,10.3333,1961-03-06,0.999999977648258,9.11999979615211,5.05999988690019,1961,3,1961
51.8667,10.3333,1961-03-07,0.159999996423721,11.4199997447431,5.78999987058342,1961,3,1961
51.8667,10.3333,1961-03-08,1.01999997720122,13.489999698475,7.25499983783811,1961,3,1961
51.8667,10.3333,1961-03-09,1.19999997317791,14.7599996700883,7.9799998216331,1961,3,1961
51.8667,10.3333,1961-03-10,1.03999997675419,17.5899996068329,9.31499979179353,1961,3,1961
51.8667,10.3333,1961-03-11,2.99999993294477,15.8399996459484,9.41999978944659,1961,3,1961
51.8667,10.3333,1961-03-12,5.22999988310039,8.50999980978668,6.86999984644353,1961,3,1961
51.8667,10.3333,1961-03-13,3.96999991126359,12.079999729991,8.02499982062727,1961,3,1961
51.8667,10.3333,1961-03-14,5.86999986879528,9.53999978676438,7.70499982777983,1961,3,1961
51.8667,10.3333,1961-03-15,6.41999985650182,8.40999981202185,7.41499983426183,1961,3,1961
51.8667,10.3333,1961-03-16,6.4899998549372,9.31999979168177,7.90499982330948,1961,3,1961
51.8667,10.3333,1961-03-17,5.15999988466501,13.9699996877462,9.56499978620559,1961,3,1961
51.8667,10.3333,1961-03-18,3.02999993227422,16.7499996256083,9.88999977894127,1961,3,1961
51.8667,10.3333,1961-03-19,2.34999994747341,12.9599997103214,7.65499982889742,1961,3,1961
51.8667,10.3333,1961-03-20,-0.979999978095293,2.90999993495643,0.964999978430569,1961,3,1961
51.8667,10.3333,1961-03-21,-2.35999994724989,0.709999984130263,-0.824999981559813,1961,3,1961
51.8667,10.3333,1961-03-22,-2.41999994590878,1.44999996758997,-0.484999989159405,1961,3,1961
51.8667,10.3333,1961-03-23,-5.81999986991286,2.02999995462596,-1.89499995764345,1961,3,1961
51.8667,10.3333,1961-03-24,1.719999961555,5.97999986633658,3.84999991394579,1961,3,1961
51.8667,10.3333,1961-03-25,2.89999993517995,6.93999984487891,4.91999989002943,1961,3,1961
51.8667,10.3333,1961-03-26,2.72999993897974,7.53999983146787,5.13499988522381,1961,3,1961
51.8667,10.3333,1961-03-27,1.99999995529652,8.28999981470406,5.14499988500029,1961,3,1961
51.8667,10.3333,1961-03-28,-1.59999996423721,5.51999987661839,1.95999995619059,1961,3,1961
51.8667,10.3333,1961-03-29,-1.89999995753169,2.98999993316829,0.544999987818301,1961,3,1961
51.8667,10.3333,1961-03-30,0.96999997831881,5.29999988153577,3.13499992992729,1961,3,1961
51.8667,10.3333,1961-03-31,3.82999991439283,8.31999981403351,6.07499986421317,1961,3,1961
51.8667,10.3333,1961-04-01,-0.429999990388751,6.38999985717237,2.97999993339181,1961,4,1961
51.8667,10.3333,1961-04-02,-1.05999997630715,7.02999984286726,2.98499993328005,1961,4,1961
51.8667,10.3333,1961-04-03,0.689999984577298,6.05999986454844,3.37499992456287,1961,4,1961
51.8667,10.3333,1961-04-04,0.679999984800816,6.41999985650182,3.54999992065132,1961,4,1961
51.8667,10.3333,1961-04-05,1.10999997518957,5.95999986678362,3.53499992098659,1961,4,1961
51.8667,10.3333,1961-04-06,4.66999989561737,16.2199996374547,10.4449997665361,1961,4,1961
51.8667,10.3333,1961-04-07,8.4399998113513,20.5499995406717,14.4949996760115,1961,4,1961
51.8667,10.3333,1961-04-08,10.3699997682124,19.7199995592237,15.044999663718,1961,4,1961
51.8667,10.3333,1961-04-09,1.72999996133149,10.9599997550249,6.3449998581782,1961,4,1961
51.8667,10.3333,1961-04-10,-0.709999984130263,8.48999981023371,3.88999991305172,1961,4,1961
51.8667,10.3333,1961-04-11,1.59999996423721,7.90999982319772,4.75499989371747,1961,4,1961
51.8667,10.3333,1961-04-12,2.24999994970858,14.0399996861815,8.14499981794506,1961,4,1961
51.8667,10.3333,1961-04-13,4.7099998947233,15.0899996627122,9.89999977871776,1961,4,1961
51.8667,10.3333,1961-04-14,6.64999985136092,18.4899995867163,12.5699997190386,1961,4,1961
51.8667,10.3333,1961-04-15,8.53999980911613,18.359999589622,13.4499996993691,1961,4,1961
51.8667,10.3333,1961-04-16,7.62999982945621,10.7399997599423,9.18499979469925,1961,4,1961
51.8667,10.3333,1961-04-17,6.46999985538423,9.03999979794025,7.75499982666224,1961,4,1961
51.8667,10.3333,1961-04-18,6.57999985292554,14.1899996828288,10.3849997678772,1961,4,1961
51.8667,10.3333,1961-04-19,7.41999983415008,11.3799997456372,9.39999978989363,1961,4,1961
51.8667,10.3333,1961-04-20,3.47999992221594,12.9899997096509,8.23499981593341,1961,4,1961
51.8667,10.3333,1961-04-21,6.79999984800816,15.1299996618181,10.9649997549132,1961,4,1961
51.8667,10.3333,1961-04-22,7.29999983683228,14.649999672547,10.9749997546896,1961,4,1961
51.8667,10.3333,1961-04-23,6.75999984890223,18.3399995900691,12.5499997194856,1961,4,1961
51.8667,10.3333,1961-04-24,9.55999978631735,15.499999653548,12.5299997199327,1961,4,1961
51.8667,10.3333,1961-04-25,8.68999980576336,13.4099997002631,11.0499997530133,1961,4,1961
51.8667,10.3333,1961-04-26,7.47999983280897,14.5999996736646,11.0399997532368,1961,4,1961
51.8667,10.3333,1961-04-27,4.35999990254641,16.4899996314198,10.4249997669831,1961,4,1961
51.8667,10.3333,1961-04-28,7.66999982856214,12.4599997214973,10.0649997750297,1961,4,1961
51.8667,10.3333,1961-04-29,4.39999990165234,12.0299997311085,8.21499981638044,1961,4,1961
51.8667,10.3333,1961-04-30,6.3699998576194,10.7499997597188,8.55999980866909,1961,4,1961
51.8667,10.3333,1961-05-01,7.04999984242022,10.0599997751415,8.55499980878085,1961,5,NA
51.8667,10.3333,1961-05-02,7.20999983884394,11.2899997476488,9.24999979324639,1961,5,NA
51.8667,10.3333,1961-05-03,6.34999985806644,12.039999730885,9.19499979447573,1961,5,NA
51.8667,10.3333,1961-05-04,7.13999984040856,13.6099996957928,10.3749997681007,1961,5,NA
51.8667,10.3333,1961-05-05,6.13999986276031,16.1699996385723,11.1549997506663,1961,5,NA
51.8667,10.3333,1961-05-06,11.0799997523427,19.0899995733052,15.084999662824,1961,5,NA
51.8667,10.3333,1961-05-07,9.95999977737665,15.3799996562302,12.6699997168034,1961,5,NA
51.8667,10.3333,1961-05-08,7.16999983973801,12.1199997290969,9.64499978441745,1961,5,NA
51.8667,10.3333,1961-05-09,4.1899999063462,10.5799997635186,7.38499983493239,1961,5,NA
51.8667,10.3333,1961-05-10,3.77999991551042,8.95999979972839,6.3699998576194,1961,5,NA
51.8667,10.3333,1961-05-11,4.19999990612268,7.29999983683228,5.74999987147748,1961,5,NA
51.8667,10.3333,1961-05-12,3.35999992489815,9.39999978989363,6.37999985739589,1961,5,NA
51.8667,10.3333,1961-05-13,4.15999990701675,7.56999983079731,5.86499986890703,1961,5,NA
51.8667,10.3333,1961-05-14,5.37999987974763,9.00999979861081,7.19499983917922,1961,5,NA
51.8667,10.3333,1961-05-15,3.05999993160367,9.48999978788197,6.27499985974282,1961,5,NA
51.8667,10.3333,1961-05-16,2.9299999345094,11.0599997527897,6.99499984364957,1961,5,NA
51.8667,10.3333,1961-05-17,5.05999988690019,11.459999743849,8.25999981537461,1961,5,NA
51.8667,10.3333,1961-05-18,4.98999988846481,13.4199997000396,9.20499979425222,1961,5,NA
51.8667,10.3333,1961-05-19,2.51999994367361,13.6299996953458,8.07499981950969,1961,5,NA
51.8667,10.3333,1961-05-20,4.26999990455806,10.1699997726828,7.21999983862042,1961,5,NA
51.8667,10.3333,1961-05-21,5.35999988019466,9.14999979548156,7.25499983783811,1961,5,NA
51.8667,10.3333,1961-05-22,3.41999992355704,10.6699997615069,7.04499984253198,1961,5,NA
51.8667,10.3333,1961-05-23,5.84999986924231,15.2799996584654,10.5649997638538,1961,5,NA
51.8667,10.3333,1961-05-24,4.71999989449978,14.2899996805936,9.50499978754669,1961,5,NA
51.8667,10.3333,1961-05-25,3.81999991461635,13.6499996948987,8.73499980475754,1961,5,NA
51.8667,10.3333,1961-05-26,4.19999990612268,18.7099995817989,11.4549997439608,1961,5,NA
51.8667,10.3333,1961-05-27,5.89999986812472,15.5799996517599,10.7399997599423,1961,5,NA
51.8667,10.3333,1961-05-28,2.94999993406236,6.41999985650182,4.68499989528209,1961,5,NA
51.8667,10.3333,1961-05-29,2.89999993517995,9.56999978609383,6.23499986063689,1961,5,NA
51.8667,10.3333,1961-05-30,3.65999991819263,6.22999986074865,4.94499988947064,1961,5,NA
51.8667,10.3333,1961-05-31,3.65999991819263,5.70999987237155,4.68499989528209,1961,5,NA
51.8667,10.3333,1961-06-01,5.39999987930059,8.63999980688095,7.01999984309077,1961,6,NA
51.8667,10.3333,1961-06-02,5.46999987773597,21.4499995205551,13.4599996991456,1961,6,NA
51.8667,10.3333,1961-06-03,10.4399997666478,15.20999966003,12.8249997133389,1961,6,NA
51.8667,10.3333,1961-06-04,10.0099997762591,15.6799996495247,12.8449997128919,1961,6,NA
51.8667,10.3333,1961-06-05,10.1999997720122,21.6599995158613,15.9299996439368,1961,6,NA
51.8667,10.3333,1961-06-06,11.9999997317791,22.3199995011091,17.1599996164441,1961,6,NA
51.8667,10.3333,1961-06-07,11.6499997396022,22.379999499768,17.0149996196851,1961,6,NA
51.8667,10.3333,1961-06-08,10.6499997619539,22.2799995020032,16.4649996319786,1961,6,NA
51.8667,10.3333,1961-06-09,11.6999997384846,18.7799995802343,15.2399996593595,1961,6,NA
51.8667,10.3333,1961-06-10,10.5699997637421,18.7099995817989,14.6399996727705,1961,6,NA
51.8667,10.3333,1961-06-11,7.22999983839691,12.889999711886,10.0599997751415,1961,6,NA
51.8667,10.3333,1961-06-12,8.71999980509281,17.6799996048212,13.199999704957,1961,6,NA
51.8667,10.3333,1961-06-13,9.19999979436398,15.9899996425956,12.5949997184798,1961,6,NA
51.8667,10.3333,1961-06-14,8.50999980978668,13.8099996913224,11.1599997505546,1961,6,NA
51.8667,10.3333,1961-06-15,8.73999980464578,11.6899997387081,10.214999771677,1961,6,NA
51.8667,10.3333,1961-06-16,4.63999989628792,14.5099996756762,9.57499978598207,1961,6,NA
51.8667,10.3333,1961-06-17,4.29999990388751,18.4399995878339,11.3699997458607,1961,6,NA
51.8667,10.3333,1961-06-18,8.78999980352819,21.4999995194376,15.1449996614829,1961,6,NA
51.8667,10.3333,1961-06-19,12.8999997116625,23.4699994754046,18.1849995935336,1961,6,NA
51.8667,10.3333,1961-06-20,8.6699998062104,17.19999961555,12.9349997108802,1961,6,NA
51.8667,10.3333,1961-06-21,5.01999988779426,17.6199996061623,11.3199997469783,1961,6,NA
51.8667,10.3333,1961-06-22,8.25999981537461,16.8999996222556,12.5799997188151,1961,6,NA
51.8667,10.3333,1961-06-23,6.50999985449016,21.7199995145202,14.1149996845052,1961,6,NA
51.8667,10.3333,1961-06-24,10.5699997637421,20.9999995306134,15.7849996471778,1961,6,NA
51.8667,10.3333,1961-06-25,11.4099997449666,23.5899994727224,17.4999996088445,1961,6,NA
51.8667,10.3333,1961-06-26,12.4999997206032,26.129999415949,19.3149995682761,1961,6,NA
51.8667,10.3333,1961-06-27,12.1299997288734,27.3699993882328,19.7499995585531,1961,6,NA
51.8667,10.3333,1961-06-28,11.6499997396022,20.8999995328486,16.2749996362254,1961,6,NA
51.8667,10.3333,1961-06-29,7.40999983437359,15.7199996486306,11.5649997415021,1961,6,NA
51.8667,10.3333,1961-06-30,6.91999984532595,21.4299995210022,14.1749996831641,1961,6,NA
51.8667,10.3333,1961-07-01,9.76999978162348,25.1399994380772,17.4549996098503,1961,7,NA
51.8667,10.3333,1961-07-02,12.6499997172505,27.9599993750453,20.3049995461479,1961,7,NA
51.8667,10.3333,1961-07-03,14.7199996709824,29.2099993471056,21.964999509044,1961,7,NA
51.8667,10.3333,1961-07-04,13.799999691546,24.8099994454533,19.3049995684996,1961,7,NA
51.8667,10.3333,1961-07-05,9.11999979615211,15.0999996624887,12.1099997293204,1961,7,NA
51.8667,10.3333,1961-07-06,6.61999985203147,11.6399997398257,9.1299997959286,1961,7,NA
51.8667,10.3333,1961-07-07,6.09999986365438,12.5899997185916,9.34499979112297,1961,7,NA
51.8667,10.3333,1961-07-08,5.00999988801777,17.2599996142089,11.1349997511134,1961,7,NA
51.8667,10.3333,1961-07-09,10.1699997726828,16.1699996385723,13.1699997056276,1961,7,NA
51.8667,10.3333,1961-07-10,10.2099997717887,15.6499996501952,12.929999710992,1961,7,NA
51.8667,10.3333,1961-07-11,8.07999981939793,14.9899996649474,11.5349997421727,1961,7,NA
51.8667,10.3333,1961-07-12,11.2899997476488,21.4399995207787,16.3649996342137,1961,7,NA
51.8667,10.3333,1961-07-13,12.0999997295439,24.6299994494766,18.3649995895103,1961,7,NA
51.8667,10.3333,1961-07-14,10.899999756366,20.5499995406717,15.7249996485189,1961,7,NA
51.8667,10.3333,1961-07-15,8.18999981693923,15.6599996499717,11.9249997334555,1961,7,NA
51.8667,10.3333,1961-07-16,8.90999980084598,17.2999996133149,13.1049997070804,1961,7,NA
51.8667,10.3333,1961-07-17,8.81999980285764,13.9299996886402,11.3749997457489,1961,7,NA
51.8667,10.3333,1961-07-18,8.40999981202185,15.6199996508658,12.0149997314438,1961,7,NA
51.8667,10.3333,1961-07-19,10.0599997751415,14.2699996810406,12.1649997280911,1961,7,NA
51.8667,10.3333,1961-07-20,10.1099997740239,16.2199996374547,13.1649997057393,1961,7,NA
51.8667,10.3333,1961-07-21,9.54999978654087,13.2699997033924,11.4099997449666,1961,7,NA
51.8667,10.3333,1961-07-22,9.70999978296459,12.3999997228384,11.0549997529015,1961,7,NA
51.8667,10.3333,1961-07-23,9.20999979414046,13.6599996946752,11.4349997444078,1961,7,NA
51.8667,10.3333,1961-07-24,9.65999978408217,12.7699997145683,11.2149997493252,1961,7,NA
51.8667,10.3333,1961-07-25,9.00999979861081,13.0199997089803,11.0149997537956,1961,7,NA
51.8667,10.3333,1961-07-26,7.75999982655048,17.4699996095151,12.6149997180328,1961,7,NA
51.8667,10.3333,1961-07-27,11.9099997337908,21.9899995084852,16.949999621138,1961,7,NA
51.8667,10.3333,1961-07-28,12.7299997154623,17.5799996070564,15.1549996612594,1961,7,NA
51.8667,10.3333,1961-07-29,9.5299997869879,13.0499997083098,11.2899997476488,1961,7,NA
51.8667,10.3333,1961-07-30,8.04999982006848,13.7899996917695,10.919999755919,1961,7,NA
51.8667,10.3333,1961-07-31,7.2899998370558,13.799999691546,10.5449997643009,1961,7,NA
51.8667,10.3333,1961-08-01,9.3599997907877,14.5999996736646,11.9799997322261,1961,8,NA
51.8667,10.3333,1961-08-02,6.83999984711409,18.6299995835871,12.7349997153506,1961,8,NA
51.8667,10.3333,1961-08-03,10.4799997657537,18.1699995938689,14.3249996798113,1961,8,NA
51.8667,10.3333,1961-08-04,8.50999980978668,15.2399996593595,11.8749997345731,1961,8,NA
51.8667,10.3333,1961-08-05,10.0199997760355,14.8699996676296,12.4449997218326,1961,8,NA
51.8667,10.3333,1961-08-06,14.0999996848404,21.0499995294958,17.5749996071681,1961,8,NA
51.8667,10.3333,1961-08-07,13.9599996879697,22.5299994964153,18.2449995921925,1961,8,NA
51.8667,10.3333,1961-08-08,11.5699997413903,19.0899995733052,15.3299996573478,1961,8,NA
51.8667,10.3333,1961-08-09,10.069999774918,21.239999525249,15.6549996500835,1961,8,NA
51.8667,10.3333,1961-08-10,9.60999978519976,21.1299995277077,15.3699996564537,1961,8,NA
51.8667,10.3333,1961-08-11,10.7099997606128,17.7099996041507,14.2099996823817,1961,8,NA
51.8667,10.3333,1961-08-12,13.3699997011572,19.1799995712936,16.2749996362254,1961,8,NA
51.8667,10.3333,1961-08-13,9.70999978296459,15.519999653101,12.6149997180328,1961,8,NA
51.8667,10.3333,1961-08-14,6.78999984823167,17.0099996197969,11.8999997340143,1961,8,NA
51.8667,10.3333,1961-08-15,10.0899997744709,17.1199996173382,13.6049996959046,1961,8,NA
51.8667,10.3333,1961-08-16,8.6099998075515,13.0499997083098,10.8299997579306,1961,8,NA
51.8667,10.3333,1961-08-17,7.95999982208014,11.6399997398257,9.79999978095293,1961,8,NA
51.8667,10.3333,1961-08-18,7.61999982967973,13.799999691546,10.7099997606128,1961,8,NA
51.8667,10.3333,1961-08-19,9.74999978207052,14.1799996830523,11.9649997325614,1961,8,NA
51.8667,10.3333,1961-08-20,10.339999768883,13.0499997083098,11.6949997385964,1961,8,NA
51.8667,10.3333,1961-08-21,9.88999977894127,16.6299996282905,13.2599997036159,1961,8,NA
51.8667,10.3333,1961-08-22,11.7299997378141,15.809999646619,13.7699996922165,1961,8,NA
51.8667,10.3333,1961-08-23,10.8499997574836,14.8499996680766,12.8499997127801,1961,8,NA
51.8667,10.3333,1961-08-24,9.89999977871776,14.8399996683002,12.369999723509,1961,8,NA
51.8667,10.3333,1961-08-25,10.2099997717887,15.6299996506423,12.9199997112155,1961,8,NA
51.8667,10.3333,1961-08-26,11.9999997317791,16.7399996258318,14.3699996788055,1961,8,NA
51.8667,10.3333,1961-08-27,12.639999717474,20.63999953866,16.639999628067,1961,8,NA
51.8667,10.3333,1961-08-28,13.4599996991456,20.5399995408952,16.9999996200204,1961,8,NA
51.8667,10.3333,1961-08-29,8.84999980218709,21.6699995156378,15.2599996589124,1961,8,NA
51.8667,10.3333,1961-08-30,10.2099997717887,24.3799994550645,17.2949996134266,1961,8,NA
51.8667,10.3333,1961-08-31,11.8399997353554,26.1599994152784,18.9999995753169,1961,8,NA
51.8667,10.3333,1961-09-01,12.5299997199327,26.97999939695,19.7549995584413,1961,9,NA
51.8667,10.3333,1961-09-02,13.0799997076392,27.5299993846565,20.3049995461479,1961,9,NA
51.8667,10.3333,1961-09-03,13.3199997022748,26.6799994036555,19.9999995529652,1961,9,NA
51.8667,10.3333,1961-09-04,14.7999996691942,25.9199994206429,20.3599995449185,1961,9,NA
51.8667,10.3333,1961-09-05,13.8399996906519,23.8699994664639,18.8549995785579,1961,9,NA
51.8667,10.3333,1961-09-06,14.2299996819347,19.519999563694,16.8749996228144,1961,9,NA
51.8667,10.3333,1961-09-07,11.0799997523427,18.7199995815754,14.899999666959,1961,9,NA
51.8667,10.3333,1961-09-08,7.82999982498586,11.5299997422844,9.67999978363514,1961,9,NA
51.8667,10.3333,1961-09-09,8.04999982006848,13.21999970451,10.6349997622892,1961,9,NA
51.8667,10.3333,1961-09-10,9.80999978072941,11.8799997344613,10.8449997575954,1961,9,NA
51.8667,10.3333,1961-09-11,9.00999979861081,15.3899996560067,12.1999997273088,1961,9,NA
51.8667,10.3333,1961-09-12,8.01999982073903,17.6899996045977,12.8549997126684,1961,9,NA
51.8667,10.3333,1961-09-13,11.0399997532368,15.2999996580184,13.1699997056276,1961,9,NA
51.8667,10.3333,1961-09-14,10.4099997673184,17.799999602139,14.1049996847287,1961,9,NA
51.8667,10.3333,1961-09-15,12.0299997311085,16.3099996354431,14.1699996832758,1961,9,NA
51.8667,10.3333,1961-09-16,8.23999981582165,19.2399995699525,13.7399996928871,1961,9,NA
51.8667,10.3333,1961-09-17,12.9199997112155,25.0899994391948,19.0049995752051,1961,9,NA
51.8667,10.3333,1961-09-18,15.3399996571243,27.829999377951,21.5849995175377,1961,9,NA
51.8667,10.3333,1961-09-19,14.5099996756762,24.4399994537234,19.4749995646998,1961,9,NA
51.8667,10.3333,1961-09-20,13.6999996937811,23.5299994740635,18.6149995839223,1961,9,NA
51.8667,10.3333,1961-09-21,10.9899997543544,23.1899994816631,17.0899996180087,1961,9,NA
51.8667,10.3333,1961-09-22,9.70999978296459,21.3299995232373,15.519999653101,1961,9,NA
51.8667,10.3333,1961-09-23,12.7799997143447,18.2499995920807,15.5149996532127,1961,9,NA
51.8667,10.3333,1961-09-24,8.64999980665743,21.1399995274842,14.8949996670708,1961,9,NA
51.8667,10.3333,1961-09-25,7.43999983370304,23.0299994852394,15.2349996594712,1961,9,NA
51.8667,10.3333,1961-09-26,10.9899997543544,17.7599996030331,14.3749996786937,1961,9,NA
51.8667,10.3333,1961-09-27,9.64999978430569,16.079999640584,12.8649997124448,1961,9,NA
51.8667,10.3333,1961-09-28,8.62999980710447,19.9799995534122,14.3049996802583,1961,9,NA
51.8667,10.3333,1961-09-29,13.6499996948987,22.9299994874746,18.2899995911866,1961,9,NA
51.8667,10.3333,1961-09-30,14.7099996712059,21.839999511838,18.2749995915219,1961,9,NA
51.8667,10.3333,1961-10-01,14.0099996868521,22.5899994950742,18.2999995909631,1961,10,1962
51.8667,10.3333,1961-10-02,12.4399997219443,17.9699995983392,15.2049996601418,1961,10,1962
51.8667,10.3333,1961-10-03,8.38999981246889,16.6499996278435,12.5199997201562,1961,10,1962
51.8667,10.3333,1961-10-04,6.27999985963106,17.3899996113032,11.8349997354671,1961,10,1962
51.8667,10.3333,1961-10-05,8.55999980866909,14.339999679476,11.4499997440726,1961,10,1962
51.8667,10.3333,1961-10-06,7.46999983303249,18.2499995920807,12.8599997125566,1961,10,1962
51.8667,10.3333,1961-10-07,9.38999979011714,21.8099995125085,15.5999996513128,1961,10,1962
51.8667,10.3333,1961-10-08,8.29999981448054,17.489999609068,12.8949997117743,1961,10,1962
51.8667,10.3333,1961-10-09,7.0599998421967,10.8699997570366,8.96499979961663,1961,10,1962
51.8667,10.3333,1961-10-10,7.749999826774,15.0899996627122,11.4199997447431,1961,10,1962
51.8667,10.3333,1961-10-11,7.749999826774,18.4499995876104,13.0999997071922,1961,10,1962
51.8667,10.3333,1961-10-12,9.82999978028238,19.209999570623,14.5199996754527,1961,10,1962
51.8667,10.3333,1961-10-13,7.38999983482063,16.2699996363372,11.8299997355789,1961,10,1962
51.8667,10.3333,1961-10-14,3.729999916628,12.4599997214973,8.09499981906265,1961,10,1962
51.8667,10.3333,1961-10-15,2.95999993383884,13.2099997047335,8.08499981928617,1961,10,1962
51.8667,10.3333,1961-10-16,3.53999992087483,15.2999996580184,9.41999978944659,1961,10,1962
51.8667,10.3333,1961-10-17,4.4199999012053,11.5399997420609,7.9799998216331,1961,10,1962
51.8667,10.3333,1961-10-18,5.59999987483025,8.85999980196357,7.22999983839691,1961,10,1962
51.8667,10.3333,1961-10-19,4.1899999063462,7.1199998408556,5.6549998736009,1961,10,1962
51.8667,10.3333,1961-10-20,3.12999993003905,7.32999983616173,5.22999988310039,1961,10,1962
51.8667,10.3333,1961-10-21,3.21999992802739,9.70999978296459,6.46499985549599,1961,10,1962
51.8667,10.3333,1961-10-22,1.5499999653548,8.35999981313944,4.95499988924712,1961,10,1962
51.8667,10.3333,1961-10-23,3.77999991551042,10.8499997574836,7.31499983649701,1961,10,1962
51.8667,10.3333,1961-10-24,4.73999989405274,12.1099997293204,8.42499981168658,1961,10,1962
51.8667,10.3333,1961-10-25,4.21999990567565,13.7099996935576,8.96499979961663,1961,10,1962
51.8667,10.3333,1961-10-26,8.50999980978668,13.9999996870756,11.2549997484311,1961,10,1962
51.8667,10.3333,1961-10-27,7.9799998216331,12.349999723956,10.1649997727945,1961,10,1962
51.8667,10.3333,1961-10-28,9.04999979771674,13.2699997033924,11.1599997505546,1961,10,1962
51.8667,10.3333,1961-10-29,5.48999987728894,10.6199997626245,8.05499981995672,1961,10,1962
51.8667,10.3333,1961-10-30,5.59999987483025,10.1099997740239,7.85499982442707,1961,10,1962
51.8667,10.3333,1961-10-31,4.46999990008771,9.73999978229403,7.10499984119087,1961,10,1962
51.8667,10.3333,1961-11-01,4.11999990791082,8.8399998024106,6.47999985516071,1961,11,1962
51.8667,10.3333,1961-11-02,5.7999998703599,7.99999982118607,6.89999984577298,1961,11,1962
51.8667,10.3333,1961-11-03,5.5099998768419,9.67999978363514,7.59499983023852,1961,11,1962
51.8667,10.3333,1961-11-04,2.02999995462596,8.13999981805682,5.08499988634139,1961,11,1962
51.8667,10.3333,1961-11-05,-0.00999999977648258,2.64999994076788,1.3199999704957,1961,11,1962
51.8667,10.3333,1961-11-06,-1.11999997496605,3.05999993160367,0.96999997831881,1961,11,1962
51.8667,10.3333,1961-11-07,-2.76999993808568,2.15999995172024,-0.304999993182719,1961,11,1962
51.8667,10.3333,1961-11-08,1.68999996222556,4.97999988868833,3.33499992545694,1961,11,1962
51.8667,10.3333,1961-11-09,0.609999986365438,4.91999989002943,2.76499993819743,1961,11,1962
51.8667,10.3333,1961-11-10,3.94999991171062,7.84999982453883,5.89999986812472,1961,11,1962
51.8667,10.3333,1961-11-11,-0.0599999986588955,7.68999982811511,3.81499991472811,1961,11,1962
51.8667,10.3333,1961-11-12,-1.6099999640137,5.68999987281859,2.03999995440245,1961,11,1962
51.8667,10.3333,1961-11-13,2.02999995462596,5.92999986745417,3.97999991104007,1961,11,1962
51.8667,10.3333,1961-11-14,0.429999990388751,5.75999987125397,3.09499993082136,1961,11,1962
51.8667,10.3333,1961-11-15,-1.32999997027218,1.05999997630715,-0.134999996982515,1961,11,1962
51.8667,10.3333,1961-11-16,-1.1499999742955,1.66999996267259,0.259999994188547,1961,11,1962
51.8667,10.3333,1961-11-17,-2.18999995104969,3.0999999307096,0.454999989829957,1961,11,1962
51.8667,10.3333,1961-11-18,1.52999996580184,3.77999991551042,2.65499994065613,1961,11,1962
51.8667,10.3333,1961-11-19,2.29999994859099,4.11999990791082,3.20999992825091,1961,11,1962
51.8667,10.3333,1961-11-20,-1.27999997138977,3.87999991327524,1.29999997094274,1961,11,1962
51.8667,10.3333,1961-11-21,-4.38999990187585,1.59999996423721,-1.39499996881932,1961,11,1962
51.8667,10.3333,1961-11-22,-6.08999986387789,5.03999988734722,-0.524999988265336,1961,11,1962
51.8667,10.3333,1961-11-23,-3.04999993182719,8.47999981045723,2.71499993931502,1961,11,1962
51.8667,10.3333,1961-11-24,-1.3199999704957,9.03999979794025,3.85999991372228,1961,11,1962
51.8667,10.3333,1961-11-25,2.59999994188547,6.11999986320734,4.35999990254641,1961,11,1962
51.8667,10.3333,1961-11-26,0.979999978095293,4.7099998947233,2.84499993640929,1961,11,1962
51.8667,10.3333,1961-11-27,1.3199999704957,5.38999987952411,3.35499992500991,1961,11,1962
51.8667,10.3333,1961-11-28,1.92999995686114,5.13999988511205,3.53499992098659,1961,11,1962
51.8667,10.3333,1961-11-29,0.919999979436398,6.08999986387789,3.50499992165715,1961,11,1962
51.8667,10.3333,1961-11-30,0.749999983236194,4.20999990589917,2.47999994456768,1961,11,1962
51.8667,10.3333,1961-12-01,1.22999997250736,5.70999987237155,3.46999992243946,1961,12,1962
51.8667,10.3333,1961-12-02,3.69999991729856,9.16999979503453,6.43499985616654,1961,12,1962
51.8667,10.3333,1961-12-03,1.10999997518957,9.44999978877604,5.2799998819828,1961,12,1962
51.8667,10.3333,1961-12-04,-0.909999979659915,2.83999993652105,0.964999978430569,1961,12,1962
51.8667,10.3333,1961-12-05,0.299999993294477,11.0299997534603,5.66499987337738,1961,12,1962
51.8667,10.3333,1961-12-06,3.73999991640449,12.1199997290969,7.92999982275069,1961,12,1962
51.8667,10.3333,1961-12-07,-0.919999979436398,3.85999991372228,1.46999996714294,1961,12,1962
51.8667,10.3333,1961-12-08,-2.29999994859099,-0.139999996870756,-1.21999997273088,1961,12,1962
51.8667,10.3333,1961-12-09,-3.77999991551042,0.0399999991059303,-1.86999995820224,1961,12,1962
51.8667,10.3333,1961-12-10,-3.62999991886318,2.35999994724989,-0.634999985806644,1961,12,1962
51.8667,10.3333,1961-12-11,1.11999997496605,5.47999987751245,3.29999992623925,1961,12,1962
51.8667,10.3333,1961-12-12,4.76999989338219,10.7399997599423,7.75499982666224,1961,12,1962
51.8667,10.3333,1961-12-13,5.84999986924231,8.01999982073903,6.93499984499067,1961,12,1962
51.8667,10.3333,1961-12-14,0.119999997317791,7.88999982364476,4.00499991048127,1961,12,1962
51.8667,10.3333,1961-12-15,-7.89999982342124,0.809999981895089,-3.54499992076308,1961,12,1962
51.8667,10.3333,1961-12-16,-10.9799997545779,-2.42999994568527,-6.70499985013157,1961,12,1962
51.8667,10.3333,1961-12-17,-13.2999997027218,-4.43999990075827,-8.86999980174005,1961,12,1962
51.8667,10.3333,1961-12-18,-15.3899996560067,-7.31999983638525,-11.354999746196,1961,12,1962
51.8667,10.3333,1961-12-19,-13.75999969244,-4.73999989405274,-9.24999979324639,1961,12,1962
51.8667,10.3333,1961-12-20,-10.879999756813,-1.19999997317791,-6.03999986499548,1961,12,1962
51.8667,10.3333,1961-12-21,-2.6999999396503,1.40999996848404,-0.644999985583127,1961,12,1962
51.8667,10.3333,1961-12-22,-2.85999993607402,1.47999996691942,-0.689999984577298,1961,12,1962
51.8667,10.3333,1961-12-23,-5.90999986790121,0.699999984353781,-2.60499994177371,1961,12,1962
51.8667,10.3333,1961-12-24,-11.6999997384846,-5.60999987460673,-8.65499980654567,1961,12,1962
51.8667,10.3333,1961-12-25,-13.3599997013807,-5.93999986723065,-9.64999978430569,1961,12,1962
51.8667,10.3333,1961-12-26,-14.939999666065,-5.06999988667667,-10.0049997763708,1961,12,1962
51.8667,10.3333,1961-12-27,-14.0299996864051,-4.02999990992248,-9.02999979816377,1961,12,1962
51.8667,10.3333,1961-12-28,-13.6199996955693,-6.92999984510243,-10.2749997703359,1961,12,1962
51.8667,10.3333,1961-12-29,-12.9399997107685,-4.38999990187585,-8.66499980632216,1961,12,1962
51.8667,10.3333,1961-12-30,-5.72999987192452,3.64999991841614,-1.03999997675419,1961,12,1962
51.8667,10.3333,1961-12-31,1.20999997295439,5.44999987818301,3.3299999255687,1961,12,1962
51.8667,10.3333,1962-01-01,2.94999993406236,7.39999983459711,5.17499988432974,1962,1,1962
51.8667,10.3333,1962-01-02,-3.48999992199242,6.13999986276031,1.32499997038394,1962,1,1962
51.8667,10.3333,1962-01-03,-6.84999984689057,-1.85999995842576,-4.35499990265816,1962,1,1962
51.8667,10.3333,1962-01-04,-8.98999979905784,-0.299999993294477,-4.64499989617616,1962,1,1962
51.8667,10.3333,1962-01-05,-4.34999990276992,0.989999977871776,-1.67999996244907,1962,1,1962
51.8667,10.3333,1962-01-06,-6.75999984890223,-1.09999997541308,-3.92999991215765,1962,1,1962
51.8667,10.3333,1962-01-07,-5.1099998857826,1.12999997474253,-1.98999995552003,1962,1,1962
51.8667,10.3333,1962-01-08,-1.10999997518957,1.90999995730817,0.399999991059303,1962,1,1962
51.8667,10.3333,1962-01-09,0.30999999307096,2.75999993830919,1.53499996569008,1962,1,1962
51.8667,10.3333,1962-01-10,0.459999989718199,2.83999993652105,1.64999996311963,1962,1,1962
51.8667,10.3333,1962-01-11,1.47999996691942,4.90999989025295,3.19499992858618,1962,1,1962
51.8667,10.3333,1962-01-12,1.3799999691546,7.66999982856214,4.52499989885837,1962,1,1962
51.8667,10.3333,1962-01-13,0.759999983012676,5.5099998768419,3.13499992992729,1962,1,1962
51.8667,10.3333,1962-01-14,0.00999999977648258,2.80999993719161,1.40999996848404,1962,1,1962
51.8667,10.3333,1962-01-15,-0.899999979883432,0.879999980330467,-0.00999999977648258,1962,1,1962
51.8667,10.3333,1962-01-16,-0.979999978095293,1.27999997138977,0.149999996647239,1962,1,1962
51.8667,10.3333,1962-01-17,-1.22999997250736,2.76999993808568,0.769999982789159,1962,1,1962
51.8667,10.3333,1962-01-18,1.55999996513128,4.97999988868833,3.2699999269098,1962,1,1962
51.8667,10.3333,1962-01-19,3.14999992959201,4.94999988935888,4.04999990947545,1962,1,1962
51.8667,10.3333,1962-01-20,1.29999997094274,4.16999990679324,2.73499993886799,1962,1,1962
51.8667,10.3333,1962-01-21,1.05999997630715,4.37999990209937,2.71999993920326,1962,1,1962
51.8667,10.3333,1962-01-22,3.92999991215765,7.93999982252717,5.93499986734241,1962,1,1962
51.8667,10.3333,1962-01-23,0.499999988824129,6.87999984622002,3.68999991752207,1962,1,1962
51.8667,10.3333,1962-01-24,-0.479999989271164,1.52999996580184,0.524999988265336,1962,1,1962
51.8667,10.3333,1962-01-25,-0.0399999991059303,5.63999987393618,2.79999993741512,1962,1,1962
51.8667,10.3333,1962-01-26,4.07999990880489,6.31999985873699,5.19999988377094,1962,1,1962
51.8667,10.3333,1962-01-27,2.05999995395541,5.97999986633658,4.019999910146,1962,1,1962
51.8667,10.3333,1962-01-28,0.0599999986588955,4.23999990522861,2.14999995194376,1962,1,1962
51.8667,10.3333,1962-01-29,-5.92999986745417,1.01999997720122,-2.45499994512647,1962,1,1962
51.8667,10.3333,1962-01-30,-9.14999979548156,-5.67999987304211,-7.41499983426183,1962,1,1962
51.8667,10.3333,1962-01-31,-10.9699997548014,-5.59999987483025,-8.28499981481582,1962,1,1962
51.8667,10.3333,1962-02-01,-12.5199997201562,-2.78999993763864,-7.65499982889742,1962,2,1962
51.8667,10.3333,1962-02-02,-9.72999978251755,-3.89999991282821,-6.81499984767288,1962,2,1962
51.8667,10.3333,1962-02-03,-3.97999991104007,0.209999995306134,-1.88499995786697,1962,2,1962
51.8667,10.3333,1962-02-04,-4.46999990008771,-0.509999988600612,-2.48999994434416,1962,2,1962
51.8667,10.3333,1962-02-05,-2.68999993987381,1.38999996893108,-0.649999985471368,1962,2,1962
51.8667,10.3333,1962-02-06,-0.879999980330467,3.43999992311001,1.27999997138977,1962,2,1962
51.8667,10.3333,1962-02-07,-0.399999991059303,2.12999995239079,0.864999980665743,1962,2,1962
51.8667,10.3333,1962-02-08,1.61999996379018,5.0499998871237,3.33499992545694,1962,2,1962
51.8667,10.3333,1962-02-09,0.599999986588955,4.6499998960644,2.62499994132668,1962,2,1962
51.8667,10.3333,1962-02-10,-2.65999994054437,1.72999996133149,-0.46499998960644,1962,2,1962
51.8667,10.3333,1962-02-11,-2.87999993562698,3.97999991104007,0.549999987706542,1962,2,1962
51.8667,10.3333,1962-02-12,-0.649999985471368,2.78999993763864,1.06999997608364,1962,2,1962
51.8667,10.3333,1962-02-13,-0.789999982342124,6.15999986231327,2.68499993998557,1962,2,1962
51.8667,10.3333,1962-02-14,-2.09999995306134,2.94999993406236,0.42499999050051,1962,2,1962
51.8667,10.3333,1962-02-15,-4.42999990098178,-1.3799999691546,-2.90499993506819,1962,2,1962
51.8667,10.3333,1962-02-16,-6.51999985426664,-3.19999992847443,-4.85999989137053,1962,2,1962
51.8667,10.3333,1962-02-17,-3.79999991506338,4.14999990724027,0.174999996088445,1962,2,1962
51.8667,10.3333,1962-02-18,-1.02999997697771,1.64999996311963,0.30999999307096,1962,2,1962
51.8667,10.3333,1962-02-19,-1.90999995730817,1.16999997384846,-0.369999991729856,1962,2,1962
51.8667,10.3333,1962-02-20,0.339999992400408,3.24999992735684,1.79499995987862,1962,2,1962
51.8667,10.3333,1962-02-21,1.22999997250736,5.35999988019466,3.29499992635101,1962,2,1962
51.8667,10.3333,1962-02-22,-3.07999993115664,3.83999991416931,0.379999991506338,1962,2,1962
51.8667,10.3333,1962-02-23,-5.85999986901879,-2.80999993719161,-4.3349999031052,1962,2,1962
51.8667,10.3333,1962-02-24,-7.68999982811511,-3.50999992154539,-5.59999987483025,1962,2,1962
51.8667,10.3333,1962-02-25,-8.57999980822206,-3.17999992892146,-5.87999986857176,1962,2,1962
51.8667,10.3333,1962-02-26,-8.54999980889261,-4.96999988891184,-6.75999984890223,1962,2,1962
51.8667,10.3333,1962-02-27,-9.43999978899956,-5.46999987773597,-7.45499983336776,1962,2,1962
51.8667,10.3333,1962-02-28,-6.74999984912574,-3.9599999114871,-5.35499988030642,1962,2,1962
51.8667,10.3333,1962-03-01,-5.40999987907708,-3.84999991394579,-4.62999989651144,1962,3,1962
51.8667,10.3333,1962-03-02,-5.68999987281859,-2.01999995484948,-3.85499991383404,1962,3,1962
51.8667,10.3333,1962-03-03,-5.00999988801777,-1.07999997586012,-3.04499993193895,1962,3,1962
51.8667,10.3333,1962-03-04,-6.029999865219,-0.0699999984353781,-3.04999993182719,1962,3,1962
51.8667,10.3333,1962-03-05,-6.16999986208975,-2.06999995373189,-4.11999990791082,1962,3,1962
51.8667,10.3333,1962-03-06,-4.4799998998642,-2.68999993987381,-3.58499991986901,1962,3,1962
51.8667,10.3333,1962-03-07,-7.36999983526766,-2.6399999409914,-5.00499988812953,1962,3,1962
51.8667,10.3333,1962-03-08,-10.029999775812,0.589999986812472,-4.71999989449978,1962,3,1962
51.8667,10.3333,1962-03-09,-11.6099997404963,1.39999996870756,-5.10499988589436,1962,3,1962
51.8667,10.3333,1962-03-10,-4.43999990075827,3.1599999293685,-0.639999985694885,1962,3,1962
51.8667,10.3333,1962-03-11,0.779999982565641,5.87999986857176,3.3299999255687,1962,3,1962
51.8667,10.3333,1962-03-12,2.8699999358505,8.09999981895089,5.4849998774007,1962,3,1962
51.8667,10.3333,1962-03-13,-4.94999988935888,4.19999990612268,-0.374999991618097,1962,3,1962
51.8667,10.3333,1962-03-14,-11.9899997320026,-4.44999990053475,-8.21999981626868,1962,3,1962
51.8667,10.3333,1962-03-15,-14.6099996734411,-1.93999995663762,-8.27499981503934,1962,3,1962
51.8667,10.3333,1962-03-16,-5.77999987080693,-0.799999982118607,-3.28999992646277,1962,3,1962
51.8667,10.3333,1962-03-17,-7.83999982476234,-1.719999961555,-4.77999989315867,1962,3,1962
51.8667,10.3333,1962-03-18,-7.0599998421967,-1.81999995931983,-4.43999990075827,1962,3,1962
51.8667,10.3333,1962-03-19,-7.08999984152615,0.999999977648258,-3.04499993193895,1962,3,1962
51.8667,10.3333,1962-03-20,-9.02999979816377,1.10999997518957,-3.9599999114871,1962,3,1962
51.8667,10.3333,1962-03-21,-7.02999984286726,1.87999995797873,-2.57499994244426,1962,3,1962
51.8667,10.3333,1962-03-22,-3.9599999114871,2.31999994814396,-0.819999981671572,1962,3,1962
51.8667,10.3333,1962-03-23,-6.84999984689057,1.64999996311963,-2.59999994188547,1962,3,1962
51.8667,10.3333,1962-03-24,-7.749999826774,1.87999995797873,-2.93499993439764,1962,3,1962
51.8667,10.3333,1962-03-25,-4.15999990701675,1.15999997407198,-1.49999996647239,1962,3,1962
51.8667,10.3333,1962-03-26,-7.78999982587993,3.29999992623925,-2.24499994982034,1962,3,1962
51.8667,10.3333,1962-03-27,-4.97999988868833,5.64999987371266,0.334999992512167,1962,3,1962
51.8667,10.3333,1962-03-28,-0.149999996647239,3.57999991998076,1.71499996166676,1962,3,1962
51.8667,10.3333,1962-03-29,-0.679999984800816,3.30999992601573,1.31499997060746,1962,3,1962
51.8667,10.3333,1962-03-30,-1.85999995842576,5.52999987639487,1.83499995898455,1962,3,1962
51.8667,10.3333,1962-03-31,4.72999989427626,9.89999977871776,7.31499983649701,1962,3,1962
51.8667,10.3333,1962-04-01,0.509999988600612,8.65999980643392,4.58499989751726,1962,4,1962
51.8667,10.3333,1962-04-02,-0.379999991506338,4.57999989762902,2.09999995306134,1962,4,1962
51.8667,10.3333,1962-04-03,0.30999999307096,5.15999988466501,2.73499993886799,1962,4,1962
51.8667,10.3333,1962-04-04,3.01999993249774,11.3799997456372,7.19999983906746,1962,4,1962
51.8667,10.3333,1962-04-05,2.13999995216727,8.08999981917441,5.11499988567084,1962,4,1962
51.8667,10.3333,1962-04-06,1.68999996222556,7.25999983772635,4.47499989997596,1962,4,1962
51.8667,10.3333,1962-04-07,0.989999977871776,3.44999992288649,2.21999995037913,1962,4,1962
51.8667,10.3333,1962-04-08,-0.769999982789159,3.79999991506338,1.51499996613711,1962,4,1962
51.8667,10.3333,1962-04-09,2.67999994009733,7.42999983392656,5.05499988701195,1962,4,1962
51.8667,10.3333,1962-04-10,0.999999977648258,6.18999986164272,3.59499991964549,1962,4,1962
51.8667,10.3333,1962-04-11,0.159999996423721,6.00999986566603,3.08499993104488,1962,4,1962
51.8667,10.3333,1962-04-12,0.65999998524785,9.72999978251755,5.1949998838827,1962,4,1962
51.8667,10.3333,1962-04-13,3.91999991238117,7.38999983482063,5.6549998736009,1962,4,1962
51.8667,10.3333,1962-04-14,-0.479999989271164,5.78999987058342,2.65499994065613,1962,4,1962
51.8667,10.3333,1962-04-15,-0.609999986365438,3.64999991841614,1.51999996602535,1962,4,1962
51.8667,10.3333,1962-04-16,0.0399999991059303,3.52999992109835,1.78499996010214,1962,4,1962
51.8667,10.3333,1962-04-17,1.58999996446073,7.24999983794987,4.4199999012053,1962,4,1962
51.8667,10.3333,1962-04-18,1.53999996557832,11.499999742955,6.51999985426664,1962,4,1962
51.8667,10.3333,1962-04-19,5.13999988511205,20.1399995498359,12.639999717474,1962,4,1962
51.8667,10.3333,1962-04-20,8.19999981671572,16.5899996291846,12.3949997229502,1962,4,1962
51.8667,10.3333,1962-04-21,5.98999986611307,16.8999996222556,11.4449997441843,1962,4,1962
51.8667,10.3333,1962-04-22,7.23999983817339,18.0599995963275,12.6499997172505,1962,4,1962
51.8667,10.3333,1962-04-23,9.73999978229403,21.4099995214492,15.5749996518716,1962,4,1962
51.8667,10.3333,1962-04-24,6.94999984465539,16.639999628067,11.7949997363612,1962,4,1962
51.8667,10.3333,1962-04-25,7.20999983884394,24.4799994528294,15.8449996458367,1962,4,1962
51.8667,10.3333,1962-04-26,12.2599997259676,20.369999544695,16.3149996353313,1962,4,1962
51.8667,10.3333,1962-04-27,7.14999984018505,17.3599996119738,12.2549997260794,1962,4,1962
51.8667,10.3333,1962-04-28,3.16999992914498,11.0799997523427,7.12499984074384,1962,4,1962
51.8667,10.3333,1962-04-29,1.53999996557832,7.749999826774,4.64499989617616,1962,4,1962
51.8667,10.3333,1962-04-30,0.0399999991059303,7.86999982409179,3.95499991159886,1962,4,1962
51.8667,10.3333,1962-05-01,-0.989999977871776,4.4199999012053,1.71499996166676,1962,5,NA
51.8667,10.3333,1962-05-02,-2.76999993808568,5.83999986946583,1.53499996569008,1962,5,NA
51.8667,10.3333,1962-05-03,1.33999997004867,8.01999982073903,4.67999989539385,1962,5,NA
51.8667,10.3333,1962-05-04,2.06999995373189,6.08999986387789,4.07999990880489,1962,5,NA
51.8667,10.3333,1962-05-05,1.78999995999038,7.60999982990324,4.69999989494681,1962,5,NA
51.8667,10.3333,1962-05-06,1.89999995753169,10.4599997662008,6.17999986186624,1962,5,NA
51.8667,10.3333,1962-05-07,1.98999995552003,15.3699996564537,8.67999980598688,1962,5,NA
51.8667,10.3333,1962-05-08,11.4299997445196,19.3099995683879,15.3699996564537,1962,5,NA
51.8667,10.3333,1962-05-09,8.81999980285764,16.4799996316433,12.6499997172505,1962,5,NA
51.8667,10.3333,1962-05-10,8.8399998024106,15.2399996593595,12.039999730885,1962,5,NA
51.8667,10.3333,1962-05-11,6.18999986164272,11.9699997324497,9.07999979704618,1962,5,NA
51.8667,10.3333,1962-05-12,4.91999989002943,10.609999762848,7.76499982643872,1962,5,NA
51.8667,10.3333,1962-05-13,4.90999989025295,9.05999979749322,6.98499984387308,1962,5,NA
51.8667,10.3333,1962-05-14,2.6399999409914,10.2999997697771,6.46999985538423,1962,5,NA
51.8667,10.3333,1962-05-15,4.67999989539385,7.33999983593822,6.00999986566603,1962,5,NA
51.8667,10.3333,1962-05-16,2.50999994389713,9.03999979794025,5.77499987091869,1962,5,NA
51.8667,10.3333,1962-05-17,2.91999993473291,10.1999997720122,6.55999985337257,1962,5,NA
51.8667,10.3333,1962-05-18,5.43999987840652,11.5999997407198,8.51999980956316,1962,5,NA
51.8667,10.3333,1962-05-19,4.71999989449978,13.8599996902049,9.28999979235232,1962,5,NA
51.8667,10.3333,1962-05-20,6.05999986454844,13.4799996986985,9.76999978162348,1962,5,NA
51.8667,10.3333,1962-05-21,4.80999989248812,11.6599997393787,8.23499981593341,1962,5,NA
51.8667,10.3333,1962-05-22,3.77999991551042,14.339999679476,9.05999979749322,1962,5,NA
51.8667,10.3333,1962-05-23,7.38999983482063,10.9599997550249,9.17499979492277,1962,5,NA
51.8667,10.3333,1962-05-24,6.69999985024333,13.3199997022748,10.0099997762591,1962,5,NA
51.8667,10.3333,1962-05-25,4.20999990589917,11.6999997384846,7.95499982219189,1962,5,NA
51.8667,10.3333,1962-05-26,2.26999994926155,10.9099997561425,6.58999985270202,1962,5,NA
51.8667,10.3333,1962-05-27,1.99999995529652,11.479999743402,6.73999984934926,1962,5,NA
51.8667,10.3333,1962-05-28,5.06999988667667,11.2699997480959,8.16999981738627,1962,5,NA
51.8667,10.3333,1962-05-29,4.35999990254641,9.68999978341162,7.02499984297901,1962,5,NA
51.8667,10.3333,1962-05-30,5.97999986633658,11.6399997398257,8.80999980308115,1962,5,NA
51.8667,10.3333,1962-05-31,5.3399998806417,8.78999980352819,7.06499984208494,1962,5,NA
51.8667,10.3333,1962-06-01,4.43999990075827,11.6099997404963,8.02499982062727,1962,6,NA
51.8667,10.3333,1962-06-02,3.30999992601573,9.5899997856468,6.44999985583127,1962,6,NA
51.8667,10.3333,1962-06-03,1.44999996758997,8.3799998126924,4.91499989014119,1962,6,NA
51.8667,10.3333,1962-06-04,0.589999986812472,11.5199997425079,6.0549998646602,1962,6,NA
51.8667,10.3333,1962-06-05,1.0899999756366,11.8399997353554,6.46499985549599,1962,6,NA
51.8667,10.3333,1962-06-06,2.04999995417893,14.3499996792525,8.19999981671572,1962,6,NA
51.8667,10.3333,1962-06-07,4.75999989360571,13.3299997020513,9.0449997978285,1962,6,NA
51.8667,10.3333,1962-06-08,2.82999993674457,16.949999621138,9.88999977894127,1962,6,NA
51.8667,10.3333,1962-06-09,6.2599998600781,20.2199995480478,13.2399997040629,1962,6,NA
51.8667,10.3333,1962-06-10,5.90999986790121,19.9199995547533,12.9149997113273,1962,6,NA
51.8667,10.3333,1962-06-11,7.61999982967973,20.7899995353073,14.2049996824935,1962,6,NA
51.8667,10.3333,1962-06-12,7.2899998370558,12.9599997103214,10.1249997736886,1962,6,NA
51.8667,10.3333,1962-06-13,3.97999991104007,12.6999997161329,8.33999981358647,1962,6,NA
51.8667,10.3333,1962-06-14,4.22999990545213,19.3099995683879,11.76999973692,1962,6,NA
51.8667,10.3333,1962-06-15,10.0999997742474,23.7599994689226,16.929999621585,1962,6,NA
51.8667,10.3333,1962-06-16,14.4799996763468,26.1799994148314,20.3299995455891,1962,6,NA
51.8667,10.3333,1962-06-17,14.6099996734411,21.4699995201081,18.0399995967746,1962,6,NA
51.8667,10.3333,1962-06-18,10.9099997561425,16.8199996240437,13.8649996900931,1962,6,NA
51.8667,10.3333,1962-06-19,10.6699997615069,22.7799994908273,16.7249996261671,1962,6,NA
51.8667,10.3333,1962-06-20,11.5299997422844,24.4599994532764,17.9949995977804,1962,6,NA
51.8667,10.3333,1962-06-21,9.05999979749322,17.1199996173382,13.0899997074157,1962,6,NA
51.8667,10.3333,1962-06-22,12.2399997264147,18.2499995920807,15.2449996592477,1962,6,NA
51.8667,10.3333,1962-06-23,10.5799997635186,23.1399994827807,16.8599996231496,1962,6,NA
51.8667,10.3333,1962-06-24,13.0799997076392,20.3299995455891,16.7049996266142,1962,6,NA
51.8667,10.3333,1962-06-25,10.0899997744709,22.7799994908273,16.4349996326491,1962,6,NA
51.8667,10.3333,1962-06-26,8.64999980665743,15.0799996629357,11.8649997347966,1962,6,NA
51.8667,10.3333,1962-06-27,4.56999989785254,15.6399996504188,10.1049997741356,1962,6,NA
51.8667,10.3333,1962-06-28,5.739999871701,11.3499997463077,8.54499980900437,1962,6,NA
51.8667,10.3333,1962-06-29,5.02999988757074,9.15999979525805,7.09499984141439,1962,6,NA
51.8667,10.3333,1962-06-30,5.76999987103045,10.6799997612834,8.22499981615692,1962,6,NA
51.8667,10.3333,1962-07-01,6.07999986410141,9.6999997831881,7.88999982364476,1962,7,NA
51.8667,10.3333,1962-07-02,6.66999985091388,13.75999969244,10.214999771677,1962,7,NA
51.8667,10.3333,1962-07-03,7.69999982789159,10.899999756366,9.2999997921288,1962,7,NA
51.8667,10.3333,1962-07-04,5.89999986812472,11.1399997510016,8.51999980956316,1962,7,NA
51.8667,10.3333,1962-07-05,5.43999987840652,8.38999981246889,6.91499984543771,1962,7,NA
51.8667,10.3333,1962-07-06,6.79999984800816,12.059999730438,9.42999978922307,1962,7,NA
51.8667,10.3333,1962-07-07,7.18999983929098,10.4399997666478,8.8149998029694,1962,7,NA
51.8667,10.3333,1962-07-08,7.01999984309077,10.4799997657537,8.74999980442226,1962,7,NA
51.8667,10.3333,1962-07-09,6.09999986365438,10.5699997637421,8.33499981369823,1962,7,NA
51.8667,10.3333,1962-07-10,6.49999985471368,17.779999602586,12.1399997286499,1962,7,NA
51.8667,10.3333,1962-07-11,9.80999978072941,23.2199994809926,16.514999630861,1962,7,NA
51.8667,10.3333,1962-07-12,12.8099997136742,20.3999995440245,16.6049996288493,1962,7,NA
51.8667,10.3333,1962-07-13,9.57999978587031,15.8399996459484,12.7099997159094,1962,7,NA
51.8667,10.3333,1962-07-14,10.0199997760355,13.5699996966869,11.7949997363612,1962,7,NA
51.8667,10.3333,1962-07-15,10.0599997751415,15.6999996490777,12.8799997121096,1962,7,NA
51.8667,10.3333,1962-07-16,10.4799997657537,15.8699996452779,13.1749997055158,1962,7,NA
51.8667,10.3333,1962-07-17,11.6399997398257,18.5699995849282,15.1049996623769,1962,7,NA
51.8667,10.3333,1962-07-18,11.6199997402728,16.1399996392429,13.8799996897578,1962,7,NA
51.8667,10.3333,1962-07-19,10.5599997639656,14.3999996781349,12.4799997210503,1962,7,NA
51.8667,10.3333,1962-07-20,9.82999978028238,19.2699995692819,14.5499996747822,1962,7,NA
51.8667,10.3333,1962-07-21,12.5999997183681,21.4899995196611,17.0449996190146,1962,7,NA
51.8667,10.3333,1962-07-22,14.0599996857345,21.3899995218962,17.7249996038154,1962,7,NA
51.8667,10.3333,1962-07-23,12.8799997121096,19.5099995639175,16.1949996380135,1962,7,NA
51.8667,10.3333,1962-07-24,9.73999978229403,17.2999996133149,13.5199996978045,1962,7,NA
51.8667,10.3333,1962-07-25,7.53999983146787,18.3099995907396,12.9249997111037,1962,7,NA
51.8667,10.3333,1962-07-26,8.45999981090426,23.2799994796515,15.8699996452779,1962,7,NA
51.8667,10.3333,1962-07-27,14.3199996799231,23.5899994727224,18.9549995763227,1962,7,NA
51.8667,10.3333,1962-07-28,11.0799997523427,16.9999996200204,14.0399996861815,1962,7,NA
51.8667,10.3333,1962-07-29,6.8299998473376,16.9799996204674,11.9049997339025,1962,7,NA
51.8667,10.3333,1962-07-30,9.61999978497624,15.5099996533245,12.5649997191504,1962,7,NA
51.8667,10.3333,1962-07-31,9.70999978296459,18.669999582693,14.1899996828288,1962,7,NA
51.8667,10.3333,1962-08-01,9.03999979794025,19.1899995710701,14.1149996845052,1962,8,NA
51.8667,10.3333,1962-08-02,11.6899997387081,18.7199995815754,15.2049996601418,1962,8,NA
51.8667,10.3333,1962-08-03,9.9299997780472,21.799999512732,15.8649996453896,1962,8,NA
51.8667,10.3333,1962-08-04,12.7299997154623,22.0599995069206,17.3949996111915,1962,8,NA
51.8667,10.3333,1962-08-05,13.8599996902049,20.1999995484948,17.0299996193498,1962,8,NA
51.8667,10.3333,1962-08-06,10.3099997695535,17.4499996099621,13.8799996897578,1962,8,NA
51.8667,10.3333,1962-08-07,9.09999979659915,18.2399995923042,13.6699996944517,1962,8,NA
51.8667,10.3333,1962-08-08,11.499999742955,17.3299996126443,14.4149996777996,1962,8,NA
51.8667,10.3333,1962-08-09,9.5299997869879,14.9899996649474,12.2599997259676,1962,8,NA
51.8667,10.3333,1962-08-10,6.79999984800816,16.7199996262789,11.7599997371435,1962,8,NA
51.8667,10.3333,1962-08-11,8.86999980174005,16.9199996218085,12.8949997117743,1962,8,NA
51.8667,10.3333,1962-08-12,11.9099997337908,19.9399995543063,15.9249996440485,1962,8,NA
51.8667,10.3333,1962-08-13,14.7399996705353,26.0299994181842,20.3849995443597,1962,8,NA
51.8667,10.3333,1962-08-14,13.0899997074157,21.1699995268136,17.1299996171147,1962,8,NA
51.8667,10.3333,1962-08-15,11.5499997418374,14.629999672994,13.0899997074157,1962,8,NA
51.8667,10.3333,1962-08-16,11.7599997371435,22.109999505803,16.9349996214733,1962,8,NA
51.8667,10.3333,1962-08-17,11.2599997483194,17.4099996108562,14.3349996795878,1962,8,NA
51.8667,10.3333,1962-08-18,11.1199997514486,18.3099995907396,14.7149996710941,1962,8,NA
51.8667,10.3333,1962-08-19,9.8199997805059,15.2699996586889,12.5449997195974,1962,8,NA
51.8667,10.3333,1962-08-20,9.14999979548156,14.3499996792525,11.749999737367,1962,8,NA
51.8667,10.3333,1962-08-21,6.77999984845519,19.3299995679408,13.054999708198,1962,8,NA
51.8667,10.3333,1962-08-22,9.95999977737665,15.4699996542186,12.7149997157976,1962,8,NA
51.8667,10.3333,1962-08-23,9.20999979414046,15.9899996425956,12.5999997183681,1962,8,NA
51.8667,10.3333,1962-08-24,9.09999979659915,14.0299996864051,11.5649997415021,1962,8,NA
51.8667,10.3333,1962-08-25,11.3499997463077,15.1999996602535,13.2749997032806,1962,8,NA
51.8667,10.3333,1962-08-26,9.96999977715313,14.1599996834993,12.0649997303262,1962,8,NA
51.8667,10.3333,1962-08-27,8.38999981246889,15.9999996423721,12.1949997274205,1962,8,NA
51.8667,10.3333,1962-08-28,9.83999978005886,15.9699996430427,12.9049997115508,1962,8,NA
51.8667,10.3333,1962-08-29,8.94999979995191,14.1499996837229,11.5499997418374,1962,8,NA
51.8667,10.3333,1962-08-30,9.97999977692962,16.1499996390194,13.0649997079745,1962,8,NA
51.8667,10.3333,1962-08-31,7.60999982990324,15.3499996569008,11.479999743402,1962,8,NA
51.8667,10.3333,1962-09-01,8.45999981090426,12.5699997190386,10.5149997649714,1962,9,NA
51.8667,10.3333,1962-09-02,7.19999983906746,15.8699996452779,11.5349997421727,1962,9,NA
51.8667,10.3333,1962-09-03,5.90999986790121,20.949999531731,13.4299996998161,1962,9,NA
51.8667,10.3333,1962-09-04,8.15999981760979,24.4599994532764,16.3099996354431,1962,9,NA
51.8667,10.3333,1962-09-05,13.9699996877462,21.2799995243549,17.6249996060506,1962,9,NA
51.8667,10.3333,1962-09-06,10.4799997657537,15.479999653995,12.9799997098744,1962,9,NA
51.8667,10.3333,1962-09-07,9.68999978341162,15.3799996562302,12.5349997198209,1962,9,NA
51.8667,10.3333,1962-09-08,7.94999982230365,15.2199996598065,11.5849997410551,1962,9,NA
51.8667,10.3333,1962-09-09,5.53999987617135,11.5799997411668,8.55999980866909,1962,9,NA
51.8667,10.3333,1962-09-10,7.03999984264374,14.2499996814877,10.6449997620657,1962,9,NA
51.8667,10.3333,1962-09-11,7.749999826774,20.09999955073,13.924999688752,1962,9,NA
51.8667,10.3333,1962-09-12,13.4999996982515,17.8899996001273,15.6949996491894,1962,9,NA
51.8667,10.3333,1962-09-13,13.2299997042865,21.0999995283782,17.1649996163324,1962,9,NA
51.8667,10.3333,1962-09-14,6.96999984420836,13.9499996881932,10.4599997662008,1962,9,NA
51.8667,10.3333,1962-09-15,3.17999992892146,13.5499996971339,8.36499981302768,1962,9,NA
51.8667,10.3333,1962-09-16,4.30999990366399,18.9499995764345,11.6299997400492,1962,9,NA
51.8667,10.3333,1962-09-17,8.31999981403351,14.9799996651709,11.6499997396022,1962,9,NA
51.8667,10.3333,1962-09-18,4.36999990232289,12.8699997123331,8.61999980732799,1962,9,NA
51.8667,10.3333,1962-09-19,4.31999990344048,9.60999978519976,6.96499984432012,1962,9,NA
51.8667,10.3333,1962-09-20,1.95999995619059,10.9699997548014,6.46499985549599,1962,9,NA
51.8667,10.3333,1962-09-21,2.58999994210899,13.2599997036159,7.92499982286245,1962,9,NA
51.8667,10.3333,1962-09-22,4.06999990902841,9.72999978251755,6.89999984577298,1962,9,NA
51.8667,10.3333,1962-09-23,7.3499998357147,9.9899997767061,8.6699998062104,1962,9,NA
51.8667,10.3333,1962-09-24,7.03999984264374,9.05999979749322,8.04999982006848,1962,9,NA
51.8667,10.3333,1962-09-25,5.82999986968935,13.3299997020513,9.57999978587031,1962,9,NA
51.8667,10.3333,1962-09-26,3.46999992243946,13.8299996908754,8.64999980665743,1962,9,NA
51.8667,10.3333,1962-09-27,3.66999991796911,15.9499996434897,9.80999978072941,1962,9,NA
51.8667,10.3333,1962-09-28,5.7999998703599,18.2899995911866,12.0449997307733,1962,9,NA
51.8667,10.3333,1962-09-29,6.94999984465539,15.7199996486306,11.334999746643,1962,9,NA
51.8667,10.3333,1962-09-30,6.50999985449016,14.9599996656179,10.7349997600541,1962,9,NA
51.8667,10.3333,1962-10-01,5.89999986812472,16.7899996247143,11.3449997464195,1962,10,1963
51.8667,10.3333,1962-10-02,11.209999749437,19.1399995721877,15.1749996608123,1962,10,1963
51.8667,10.3333,1962-10-03,9.24999979324639,22.8799994885921,16.0649996409193,1962,10,1963
51.8667,10.3333,1962-10-04,10.6799997612834,23.1999994814396,16.9399996213615,1962,10,1963
51.8667,10.3333,1962-10-05,11.6399997398257,18.2099995929748,14.9249996664003,1962,10,1963
51.8667,10.3333,1962-10-06,8.56999980844557,13.2499997038394,10.9099997561425,1962,10,1963
51.8667,10.3333,1962-10-07,4.82999989204109,14.3299996796995,9.57999978587031,1962,10,1963
51.8667,10.3333,1962-10-08,4.11999990791082,14.0099996868521,9.06499979738146,1962,10,1963
51.8667,10.3333,1962-10-09,6.47999985516071,15.2199996598065,10.8499997574836,1962,10,1963
51.8667,10.3333,1962-10-10,6.49999985471368,18.7599995806813,12.6299997176975,1962,10,1963
51.8667,10.3333,1962-10-11,5.77999987080693,18.7199995815754,12.2499997261912,1962,10,1963
51.8667,10.3333,1962-10-12,5.05999988690019,14.5399996750057,9.79999978095293,1962,10,1963
51.8667,10.3333,1962-10-13,3.68999991752207,7.46999983303249,5.57999987527728,1962,10,1963
51.8667,10.3333,1962-10-14,4.44999990053475,9.5299997869879,6.98999984376132,1962,10,1963
51.8667,10.3333,1962-10-15,3.10999993048608,9.00999979861081,6.05999986454844,1962,10,1963
51.8667,10.3333,1962-10-16,3.56999992020428,10.4799997657537,7.02499984297901,1962,10,1963
51.8667,10.3333,1962-10-17,4.4199999012053,8.86999980174005,6.64499985147268,1962,10,1963
51.8667,10.3333,1962-10-18,5.37999987974763,10.8499997574836,8.11499981861562,1962,10,1963
51.8667,10.3333,1962-10-19,5.7999998703599,14.5499996747822,10.174999772571,1962,10,1963
51.8667,10.3333,1962-10-20,7.00999984331429,10.3799997679889,8.69499980565161,1962,10,1963
51.8667,10.3333,1962-10-21,3.5599999204278,8.8999998010695,6.22999986074865,1962,10,1963
51.8667,10.3333,1962-10-22,1.18999997340143,12.5999997183681,6.89499984588474,1962,10,1963
51.8667,10.3333,1962-10-23,1.57999996468425,12.6499997172505,7.11499984096736,1962,10,1963
51.8667,10.3333,1962-10-24,-0.0799999982118607,11.5299997422844,5.72499987203628,1962,10,1963
51.8667,10.3333,1962-10-25,1.26999997161329,10.3699997682124,5.81999986991286,1962,10,1963
51.8667,10.3333,1962-10-26,4.80999989248812,11.4399997442961,8.1249998183921,1962,10,1963
51.8667,10.3333,1962-10-27,7.90999982319772,13.0399997085333,10.4749997658655,1962,10,1963
51.8667,10.3333,1962-10-28,-1.76999996043742,11.1299997512251,4.67999989539385,1962,10,1963
51.8667,10.3333,1962-10-29,-1.72999996133149,4.10999990813434,1.18999997340143,1962,10,1963
51.8667,10.3333,1962-10-30,0.999999977648258,6.1999998614192,3.59999991953373,1962,10,1963
51.8667,10.3333,1962-10-31,0.519999988377094,5.2799998819828,2.89999993517995,1962,10,1963
51.8667,10.3333,1962-11-01,1.43999996781349,5.66999987326562,3.55499992053956,1962,11,1963
51.8667,10.3333,1962-11-02,-0.909999979659915,5.71999987214804,2.40499994624406,1962,11,1963
51.8667,10.3333,1962-11-03,-2.44999994523823,5.739999871701,1.64499996323138,1962,11,1963
51.8667,10.3333,1962-11-04,-0.689999984577298,9.85999977961183,4.58499989751726,1962,11,1963
51.8667,10.3333,1962-11-05,3.71999991685152,14.5599996745586,9.13999979570508,1962,11,1963
51.8667,10.3333,1962-11-06,0.569999987259507,11.5799997411668,6.07499986421317,1962,11,1963
51.8667,10.3333,1962-11-07,3.67999991774559,12.4499997217208,8.0649998197332,1962,11,1963
51.8667,10.3333,1962-11-08,4.30999990366399,13.5899996962398,8.94999979995191,1962,11,1963
51.8667,10.3333,1962-11-09,3.88999991305172,11.5499997418374,7.71999982744455,1962,11,1963
51.8667,10.3333,1962-11-10,4.60999989695847,9.97999977692962,7.29499983694404,1962,11,1963
51.8667,10.3333,1962-11-11,1.0899999756366,8.2099998164922,4.6499998960644,1962,11,1963
51.8667,10.3333,1962-11-12,-1.79999995976686,1.17999997362494,-0.30999999307096,1962,11,1963
51.8667,10.3333,1962-11-13,-1.85999995842576,1.24999997206032,-0.304999993182719,1962,11,1963
51.8667,10.3333,1962-11-14,-1.57999996468425,4.51999989897013,1.46999996714294,1962,11,1963
51.8667,10.3333,1962-11-15,-1.05999997630715,3.73999991640449,1.33999997004867,1962,11,1963
51.8667,10.3333,1962-11-16,-2.1799999512732,0.649999985471368,-0.764999982900918,1962,11,1963
51.8667,10.3333,1962-11-17,-1.22999997250736,0.649999985471368,-0.289999993517995,1962,11,1963
51.8667,10.3333,1962-11-18,-3.3299999255687,0.759999983012676,-1.28499997127801,1962,11,1963
51.8667,10.3333,1962-11-19,-3.18999992869794,2.75999993830919,-0.214999995194376,1962,11,1963
51.8667,10.3333,1962-11-20,-3.10999993048608,1.45999996736646,-0.824999981559813,1962,11,1963
51.8667,10.3333,1962-11-21,-1.66999996267259,0.519999988377094,-0.574999987147748,1962,11,1963
51.8667,10.3333,1962-11-22,-6.77999984845519,-1.19999997317791,-3.98999991081655,1962,11,1963
51.8667,10.3333,1962-11-23,-4.13999990746379,-2.42999994568527,-3.28499992657453,1962,11,1963
51.8667,10.3333,1962-11-24,-8.2099998164922,-2.6399999409914,-5.4249998787418,1962,11,1963
51.8667,10.3333,1962-11-25,-9.21999979391694,-1.75999996066093,-5.48999987728894,1962,11,1963
51.8667,10.3333,1962-11-26,-3.64999991841614,2.84999993629754,-0.399999991059303,1962,11,1963
51.8667,10.3333,1962-11-27,0.30999999307096,3.07999993115664,1.6949999621138,1962,11,1963
51.8667,10.3333,1962-11-28,-0.129999997094274,3.52999992109835,1.69999996200204,1962,11,1963
51.8667,10.3333,1962-11-29,1.96999995596707,4.17999990656972,3.07499993126839,1962,11,1963
51.8667,10.3333,1962-11-30,2.34999994747341,3.82999991439283,3.08999993093312,1962,11,1963
51.8667,10.3333,1962-12-01,-0.549999987706542,4.019999910146,1.73499996121973,1962,12,1963
51.8667,10.3333,1962-12-02,-6.45999985560775,-0.169999996200204,-3.31499992590398,1962,12,1963
51.8667,10.3333,1962-12-03,-8.1499998178333,0.319999992847443,-3.91499991249293,1962,12,1963
51.8667,10.3333,1962-12-04,-6.90999984554946,3.36999992467463,-1.76999996043742,1962,12,1963
51.8667,10.3333,1962-12-05,-5.14999988488853,6.22999986074865,0.539999987930059,1962,12,1963
51.8667,10.3333,1962-12-06,-4.27999990433455,5.03999988734722,0.379999991506338,1962,12,1963
51.8667,10.3333,1962-12-07,-3.1599999293685,6.7199998497963,1.7799999602139,1962,12,1963
51.8667,10.3333,1962-12-08,-2.62999994121492,5.59999987483025,1.48499996680766,1962,12,1963
51.8667,10.3333,1962-12-09,-3.76999991573393,4.45999990031123,0.344999992288649,1962,12,1963
51.8667,10.3333,1962-12-10,-0.749999983236194,3.23999992758036,1.24499997217208,1962,12,1963
51.8667,10.3333,1962-12-11,0.189999995753169,2.61999994143844,1.4049999685958,1962,12,1963
51.8667,10.3333,1962-12-12,0.299999993294477,2.66999994032085,1.48499996680766,1962,12,1963
51.8667,10.3333,1962-12-13,0.769999982789159,3.4999999217689,2.13499995227903,1962,12,1963
51.8667,10.3333,1962-12-14,-1.26999997161329,2.05999995395541,0.394999991171062,1962,12,1963
51.8667,10.3333,1962-12-15,-1.98999995552003,-0.239999994635582,-1.11499997507781,1962,12,1963
51.8667,10.3333,1962-12-16,-1.22999997250736,2.07999995350838,0.42499999050051,1962,12,1963
51.8667,10.3333,1962-12-17,-1.04999997653067,4.90999989025295,1.92999995686114,1962,12,1963
51.8667,10.3333,1962-12-18,-0.739999983459711,0.909999979659915,0.0849999981001019,1962,12,1963
51.8667,10.3333,1962-12-19,-1.7799999602139,0.359999991953373,-0.709999984130263,1962,12,1963
51.8667,10.3333,1962-12-20,-6.40999985672534,-1.05999997630715,-3.73499991651624,1962,12,1963
51.8667,10.3333,1962-12-21,-11.6899997387081,-5.39999987930059,-8.54499980900437,1962,12,1963
51.8667,10.3333,1962-12-22,-7.86999982409179,-2.57999994233251,-5.22499988321215,1962,12,1963
51.8667,10.3333,1962-12-23,-16.6699996273965,-6.62999985180795,-11.6499997396022,1962,12,1963
51.8667,10.3333,1962-12-24,-18.8499995786697,-10.6999997608364,-14.774999669753,1962,12,1963
51.8667,10.3333,1962-12-25,-15.6399996504188,-9.67999978363514,-12.6599997170269,1962,12,1963
51.8667,10.3333,1962-12-26,-11.0999997518957,-8.31999981403351,-9.70999978296459,1962,12,1963
51.8667,10.3333,1962-12-27,-12.8199997134507,-8.8399998024106,-10.8299997579306,1962,12,1963
51.8667,10.3333,1962-12-28,-10.5699997637421,-6.99999984353781,-8.78499980363995,1962,12,1963
51.8667,10.3333,1962-12-29,-8.87999980151653,-6.04999986477196,-7.46499983314425,1962,12,1963
51.8667,10.3333,1962-12-30,-9.94999977760017,-5.87999986857176,-7.91499982308596,1962,12,1963
51.8667,10.3333,1962-12-31,-9.03999979794025,-5.83999986946583,-7.43999983370304,1962,12,1963
51.8667,10.3333,1963-01-01,-9.5299997869879,-6.53999985381961,-8.03499982040375,1963,1,1963
51.8667,10.3333,1963-01-02,-14.4799996763468,-8.46999981068075,-11.4749997435138,1963,1,1963
51.8667,10.3333,1963-01-03,-13.1299997065216,-7.65999982878566,-10.3949997676536,1963,1,1963
51.8667,10.3333,1963-01-04,-11.5899997409433,-4.43999990075827,-8.01499982085079,1963,1,1963
51.8667,10.3333,1963-01-05,-7.93999982252717,-0.119999997317791,-4.02999990992248,1963,1,1963
51.8667,10.3333,1963-01-06,-1.64999996311963,1.90999995730817,0.129999997094274,1963,1,1963
51.8667,10.3333,1963-01-07,-5.09999988600612,0.489999989047647,-2.30499994847924,1963,1,1963
51.8667,10.3333,1963-01-08,-8.91999980062246,-4.26999990455806,-6.59499985259026,1963,1,1963
51.8667,10.3333,1963-01-09,-12.1099997293204,-5.23999988287687,-8.67499980609864,1963,1,1963
51.8667,10.3333,1963-01-10,-15.5999996513128,-9.17999979481101,-12.3899997230619,1963,1,1963
51.8667,10.3333,1963-01-11,-17.6099996063858,-8.94999979995191,-13.2799997031689,1963,1,1963
51.8667,10.3333,1963-01-12,-19.3799995668232,-10.2799997702241,-14.8299996685237,1963,1,1963
51.8667,10.3333,1963-01-13,-17.0699996184558,-9.62999978475273,-13.3499997016042,1963,1,1963
51.8667,10.3333,1963-01-14,-19.3499995674938,-9.25999979302287,-14.3049996802583,1963,1,1963
51.8667,10.3333,1963-01-15,-14.1599996834993,-4.63999989628792,-9.39999978989363,1963,1,1963
51.8667,10.3333,1963-01-16,-14.6399996727705,-9.9299997780472,-12.2849997254089,1963,1,1963
51.8667,10.3333,1963-01-17,-16.0899996403605,-7.54999983124435,-11.8199997358024,1963,1,1963
51.8667,10.3333,1963-01-18,-16.5699996296316,-8.05999981984496,-12.3149997247383,1963,1,1963
51.8667,10.3333,1963-01-19,-19.209999570623,-10.9299997556955,-15.0699996631593,1963,1,1963
51.8667,10.3333,1963-01-20,-16.1899996381253,-8.73999980464578,-12.4649997213855,1963,1,1963
51.8667,10.3333,1963-01-21,-16.8699996229261,-5.38999987952411,-11.1299997512251,1963,1,1963
51.8667,10.3333,1963-01-22,-15.5299996528774,-8.33999981358647,-11.934999733232,1963,1,1963
51.8667,10.3333,1963-01-23,-14.8599996678531,-5.36999987997115,-10.1149997739121,1963,1,1963
51.8667,10.3333,1963-01-24,-9.25999979302287,-3.46999992243946,-6.36499985773116,1963,1,1963
51.8667,10.3333,1963-01-25,-6.22999986074865,-3.23999992758036,-4.7349998941645,1963,1,1963
51.8667,10.3333,1963-01-26,-4.21999990567565,-2.27999994903803,-3.24999992735684,1963,1,1963
51.8667,10.3333,1963-01-27,-5.42999987863004,-1.30999997071922,-3.36999992467463,1963,1,1963
51.8667,10.3333,1963-01-28,-6.04999986477196,-2.62999994121492,-4.33999990299344,1963,1,1963
51.8667,10.3333,1963-01-29,-7.86999982409179,-2.35999994724989,-5.11499988567084,1963,1,1963
51.8667,10.3333,1963-01-30,-10.7599997594953,-4.40999990142882,-7.58499983046204,1963,1,1963
51.8667,10.3333,1963-01-31,-17.1499996166676,-8.02999982051551,-12.5899997185916,1963,1,1963
51.8667,10.3333,1963-02-01,-20.0699995514005,-9.93999977782369,-15.0049996646121,1963,2,1963
51.8667,10.3333,1963-02-02,-14.5599996745586,-6.50999985449016,-10.5349997645244,1963,2,1963
51.8667,10.3333,1963-02-03,-13.8899996895343,-7.54999983124435,-10.7199997603893,1963,2,1963
51.8667,10.3333,1963-02-04,-16.9999996200204,-8.3799998126924,-12.6899997163564,1963,2,1963
51.8667,10.3333,1963-02-05,-12.7999997138977,-7.79999982565641,-10.2999997697771,1963,2,1963
51.8667,10.3333,1963-02-06,-13.21999970451,-4.06999990902841,-8.64499980676919,1963,2,1963
51.8667,10.3333,1963-02-07,-16.4599996320903,-5.1099998857826,-10.7849997589365,1963,2,1963
51.8667,10.3333,1963-02-08,-13.6599996946752,-2.94999993406236,-8.30499981436878,1963,2,1963
51.8667,10.3333,1963-02-09,-10.0199997760355,-1.75999996066093,-5.88999986834824,1963,2,1963
51.8667,10.3333,1963-02-10,-8.87999980151653,-1.58999996446073,-5.23499988298863,1963,2,1963
51.8667,10.3333,1963-02-11,-9.72999978251755,-1.67999996244907,-5.70499987248331,1963,2,1963
51.8667,10.3333,1963-02-12,-6.62999985180795,2.31999994814396,-2.154999951832,1963,2,1963
51.8667,10.3333,1963-02-13,-7.24999983794987,-2.12999995239079,-4.68999989517033,1963,2,1963
51.8667,10.3333,1963-02-14,-4.019999910146,-2.65999994054437,-3.33999992534518,1963,2,1963
51.8667,10.3333,1963-02-15,-5.64999987371266,-2.16999995149672,-3.90999991260469,1963,2,1963
51.8667,10.3333,1963-02-16,-10.6699997615069,-2.59999994188547,-6.63499985169619,1963,2,1963
51.8667,10.3333,1963-02-17,-4.8199998922646,0.639999985694885,-2.08999995328486,1963,2,1963
51.8667,10.3333,1963-02-18,-3.35999992489815,0.149999996647239,-1.60499996412545,1963,2,1963
51.8667,10.3333,1963-02-19,-7.65999982878566,-2.14999995194376,-4.90499989036471,1963,2,1963
51.8667,10.3333,1963-02-20,-8.85999980196357,-3.50999992154539,-6.18499986175448,1963,2,1963
51.8667,10.3333,1963-02-21,-7.71999982744455,-5.16999988444149,-6.44499985594302,1963,2,1963
51.8667,10.3333,1963-02-22,-11.8299997355789,-4.52999989874661,-8.17999981716275,1963,2,1963
51.8667,10.3333,1963-02-23,-16.4199996329844,-2.95999993383884,-9.68999978341162,1963,2,1963
51.8667,10.3333,1963-02-24,-15.5599996522069,-3.0999999307096,-9.32999979145825,1963,2,1963
51.8667,10.3333,1963-02-25,-16.0399996414781,-3.65999991819263,-9.84999977983534,1963,2,1963
51.8667,10.3333,1963-02-26,-15.3499996569008,-1.05999997630715,-8.20499981660396,1963,2,1963
51.8667,10.3333,1963-02-27,-9.84999977983534,-0.729999983683228,-5.28999988175929,1963,2,1963
51.8667,10.3333,1963-02-28,-10.9799997545779,-0.299999993294477,-5.63999987393618,1963,2,1963
51.8667,10.3333,1963-03-01,-13.1699997056276,0.96999997831881,-6.09999986365438,1963,3,1963
51.8667,10.3333,1963-03-02,-12.4399997219443,1.69999996200204,-5.36999987997115,1963,3,1963
51.8667,10.3333,1963-03-03,-11.9999997317791,2.64999994076788,-4.67499989550561,1963,3,1963
51.8667,10.3333,1963-03-04,-9.94999977760017,4.52999989874661,-2.70999993942678,1963,3,1963
51.8667,10.3333,1963-03-05,-9.78999978117645,5.81999986991286,-1.98499995563179,1963,3,1963
51.8667,10.3333,1963-03-06,-7.87999982386827,6.89999984577298,-0.489999989047647,1963,3,1963
51.8667,10.3333,1963-03-07,1.74999996088445,7.47999983280897,4.61499989684671,1963,3,1963
51.8667,10.3333,1963-03-08,3.65999991819263,9.22999979369342,6.44499985594302,1963,3,1963
51.8667,10.3333,1963-03-09,3.73999991640449,10.5299997646362,7.13499984052032,1963,3,1963
51.8667,10.3333,1963-03-10,2.32999994792044,7.62999982945621,4.97999988868833,1963,3,1963
51.8667,10.3333,1963-03-11,1.68999996222556,6.38999985717237,4.03999990969896,1963,3,1963
51.8667,10.3333,1963-03-12,2.12999995239079,6.14999986253679,4.13999990746379,1963,3,1963
51.8667,10.3333,1963-03-13,1.52999996580184,5.70999987237155,3.61999991908669,1963,3,1963
51.8667,10.3333,1963-03-14,-0.849999981001019,1.56999996490777,0.359999991953373,1963,3,1963
51.8667,10.3333,1963-03-15,-0.819999981671572,1.70999996177852,0.444999990053475,1963,3,1963
51.8667,10.3333,1963-03-16,-0.88999998010695,3.80999991483986,1.45999996736646,1963,3,1963
51.8667,10.3333,1963-03-17,1.85999995842576,9.77999978139997,5.81999986991286,1963,3,1963
51.8667,10.3333,1963-03-18,2.80999993719161,9.82999978028238,6.31999985873699,1963,3,1963
51.8667,10.3333,1963-03-19,0.489999989047647,8.71999980509281,4.60499989707023,1963,3,1963
51.8667,10.3333,1963-03-20,2.99999993294477,5.97999986633658,4.48999989964068,1963,3,1963
51.8667,10.3333,1963-03-21,0.259999994188547,5.80999987013638,3.03499993216246,1963,3,1963
51.8667,10.3333,1963-03-22,-1.82999995909631,2.97999993339181,0.574999987147748,1963,3,1963
51.8667,10.3333,1963-03-23,-4.32999990321696,0.259999994188547,-2.03499995451421,1963,3,1963
51.8667,10.3333,1963-03-24,-7.56999983079731,1.719999961555,-2.92499993462116,1963,3,1963
51.8667,10.3333,1963-03-25,-3.44999992288649,1.70999996177852,-0.869999980553985,1963,3,1963
51.8667,10.3333,1963-03-26,-2.13999995216727,9.00999979861081,3.43499992322177,1963,3,1963
51.8667,10.3333,1963-03-27,1.57999996468425,5.18999988399446,3.38499992433935,1963,3,1963
51.8667,10.3333,1963-03-28,0.809999981895089,6.14999986253679,3.47999992221594,1963,3,1963
51.8667,10.3333,1963-03-29,0.699999984353781,6.78999984823167,3.74499991629273,1963,3,1963
51.8667,10.3333,1963-03-30,1.35999996960163,8.39999981224537,4.8799998909235,1963,3,1963
51.8667,10.3333,1963-03-31,2.22999995015562,9.17999979481101,5.70499987248331,1963,3,1963
51.8667,10.3333,1963-04-01,-0.26999999396503,5.61999987438321,2.67499994020909,1963,4,1963
51.8667,10.3333,1963-04-02,-1.41999996826053,3.53999992087483,1.05999997630715,1963,4,1963
51.8667,10.3333,1963-04-03,-1.16999997384846,5.34999988041818,2.08999995328486,1963,4,1963
51.8667,10.3333,1963-04-04,-3.42999992333353,8.8399998024106,2.70499993953854,1963,4,1963
51.8667,10.3333,1963-04-05,-0.909999979659915,7.22999983839691,3.1599999293685,1963,4,1963
51.8667,10.3333,1963-04-06,-0.30999999307096,9.25999979302287,4.47499989997596,1963,4,1963
51.8667,10.3333,1963-04-07,0.0599999986588955,11.0399997532368,5.54999987594783,1963,4,1963
51.8667,10.3333,1963-04-08,0.92999997921288,12.5699997190386,6.74999984912574,1963,4,1963
51.8667,10.3333,1963-04-09,-0.399999991059303,13.6699996944517,6.63499985169619,1963,4,1963
51.8667,10.3333,1963-04-10,0.769999982789159,16.2299996372312,8.49999981001019,1963,4,1963
51.8667,10.3333,1963-04-11,7.16999983973801,16.1599996387959,11.6649997392669,1963,4,1963
51.8667,10.3333,1963-04-12,6.64999985136092,12.4099997226149,9.5299997869879,1963,4,1963
51.8667,10.3333,1963-04-13,4.42999990098178,12.6999997161329,8.56499980855733,1963,4,1963
51.8667,10.3333,1963-04-14,0.509999988600612,8.12999981828034,4.31999990344048,1963,4,1963
51.8667,10.3333,1963-04-15,-1.0899999756366,10.2699997704476,4.58999989740551,1963,4,1963
51.8667,10.3333,1963-04-16,2.64999994076788,12.0199997313321,7.33499983604997,1963,4,1963
51.8667,10.3333,1963-04-17,6.31999985873699,11.8599997349083,9.08999979682267,1963,4,1963
51.8667,10.3333,1963-04-18,6.46999985538423,17.2499996144325,11.8599997349083,1963,4,1963
51.8667,10.3333,1963-04-19,8.31999981403351,13.7899996917695,11.0549997529015,1963,4,1963
51.8667,10.3333,1963-04-20,4.51999989897013,13.8099996913224,9.16499979514629,1963,4,1963
51.8667,10.3333,1963-04-21,3.46999992243946,15.4599996544421,9.46499978844076,1963,4,1963
51.8667,10.3333,1963-04-22,5.54999987594783,15.5099996533245,10.5299997646362,1963,4,1963
51.8667,10.3333,1963-04-23,5.19999988377094,12.909999711439,9.05499979760498,1963,4,1963
51.8667,10.3333,1963-04-24,2.14999995194376,13.1499997060746,7.64999982900918,1963,4,1963
51.8667,10.3333,1963-04-25,1.51999996602535,13.2099997047335,7.36499983537942,1963,4,1963
51.8667,10.3333,1963-04-26,2.71999993920326,7.60999982990324,5.16499988455325,1963,4,1963
51.8667,10.3333,1963-04-27,0.629999985918403,8.61999980732799,4.62499989662319,1963,4,1963
51.8667,10.3333,1963-04-28,-0.869999980553985,12.6699997168034,5.89999986812472,1963,4,1963
51.8667,10.3333,1963-04-29,3.57999991998076,9.04999979771674,6.31499985884875,1963,4,1963
51.8667,10.3333,1963-04-30,5.83999986946583,14.4999996758997,10.1699997726828,1963,4,1963
51.8667,10.3333,1963-05-01,6.39999985694885,12.4199997223914,9.40999978967011,1963,5,NA
51.8667,10.3333,1963-05-02,4.86999989114702,11.3299997467548,8.09999981895089,1963,5,NA
51.8667,10.3333,1963-05-03,3.41999992355704,8.58999980799854,6.00499986577779,1963,5,NA
51.8667,10.3333,1963-05-04,0.669999985024333,10.7199997603893,5.69499987270683,1963,5,NA
51.8667,10.3333,1963-05-05,2.08999995328486,9.76999978162348,5.92999986745417,1963,5,NA
51.8667,10.3333,1963-05-06,2.15999995172024,13.1199997067451,7.63999982923269,1963,5,NA
51.8667,10.3333,1963-05-07,5.88999986834824,11.7299997378141,8.80999980308115,1963,5,NA
51.8667,10.3333,1963-05-08,1.65999996289611,16.2099996376783,8.93499980028719,1963,5,NA
51.8667,10.3333,1963-05-09,7.12999984063208,20.2899995464832,13.7099996935576,1963,5,NA
51.8667,10.3333,1963-05-10,7.90999982319772,19.6899995598942,13.799999691546,1963,5,NA
51.8667,10.3333,1963-05-11,7.41999983415008,11.9999997317791,9.70999978296459,1963,5,NA
51.8667,10.3333,1963-05-12,6.50999985449016,13.7399996928871,10.1249997736886,1963,5,NA
51.8667,10.3333,1963-05-13,4.42999990098178,13.0799997076392,8.7549998043105,1963,5,NA
51.8667,10.3333,1963-05-14,3.97999991104007,17.8099996019155,10.8949997564778,1963,5,NA
51.8667,10.3333,1963-05-15,6.22999986074865,11.9599997326732,9.09499979671091,1963,5,NA
51.8667,10.3333,1963-05-16,4.58999989740551,11.4099997449666,7.99999982118607,1963,5,NA
51.8667,10.3333,1963-05-17,6.96999984420836,9.13999979570508,8.05499981995672,1963,5,NA
51.8667,10.3333,1963-05-18,7.12999984063208,13.7899996917695,10.4599997662008,1963,5,NA
51.8667,10.3333,1963-05-19,3.81999991461635,11.8899997342378,7.85499982442707,1963,5,NA
51.8667,10.3333,1963-05-20,3.89999991282821,10.2599997706711,7.07999984174967,1963,5,NA
51.8667,10.3333,1963-05-21,2.009999955073,10.9099997561425,6.45999985560775,1963,5,NA
51.8667,10.3333,1963-05-22,4.07999990880489,16.8899996224791,10.484999765642,1963,5,NA
51.8667,10.3333,1963-05-23,7.77999982610345,21.6199995167553,14.6999996714294,1963,5,NA
51.8667,10.3333,1963-05-24,7.04999984242022,23.1699994821101,15.1099996622652,1963,5,NA
51.8667,10.3333,1963-05-25,9.68999978341162,17.1599996164441,13.4249996999279,1963,5,NA
51.8667,10.3333,1963-05-26,7.70999982766807,13.469999698922,10.5899997632951,1963,5,NA
51.8667,10.3333,1963-05-27,9.62999978475273,15.20999966003,12.4199997223914,1963,5,NA
51.8667,10.3333,1963-05-28,11.3199997469783,17.3699996117502,14.3449996793643,1963,5,NA
51.8667,10.3333,1963-05-29,12.349999723956,18.3699995893985,15.3599996566772,1963,5,NA
51.8667,10.3333,1963-05-30,12.7799997143447,20.4999995417893,16.639999628067,1963,5,NA
51.8667,10.3333,1963-05-31,8.81999980285764,21.5399995185435,15.1799996607006,1963,5,NA
51.8667,10.3333,1963-06-01,9.57999978587031,21.4499995205551,15.5149996532127,1963,6,NA
51.8667,10.3333,1963-06-02,9.05999979749322,17.2999996133149,13.179999705404,1963,6,NA
51.8667,10.3333,1963-06-03,5.74999987147748,15.1099996622652,10.4299997668713,1963,6,NA
51.8667,10.3333,1963-06-04,3.63999991863966,18.1399995945394,10.8899997565895,1963,6,NA
51.8667,10.3333,1963-06-05,6.2599998600781,21.1599995270371,13.7099996935576,1963,6,NA
51.8667,10.3333,1963-06-06,9.47999978810549,21.2999995239079,15.3899996560067,1963,6,NA
51.8667,10.3333,1963-06-07,12.2599997259676,21.9899995084852,17.1249996172264,1963,6,NA
51.8667,10.3333,1963-06-08,13.179999705404,23.9599994644523,18.5699995849282,1963,6,NA
51.8667,10.3333,1963-06-09,12.8999997116625,21.8499995116144,17.3749996116385,1963,6,NA
51.8667,10.3333,1963-06-10,10.3799997679889,22.5599994957447,16.4699996318668,1963,6,NA
51.8667,10.3333,1963-06-11,11.4399997442961,20.4299995433539,15.934999643825,1963,6,NA
51.8667,10.3333,1963-06-12,9.65999978408217,22.3299995008856,15.9949996424839,1963,6,NA
51.8667,10.3333,1963-06-13,8.74999980442226,20.659999538213,14.7049996713176,1963,6,NA
51.8667,10.3333,1963-06-14,10.2099997717887,23.5099994745106,16.8599996231496,1963,6,NA
51.8667,10.3333,1963-06-15,12.3399997241795,18.1899995934218,15.2649996588007,1963,6,NA
51.8667,10.3333,1963-06-16,9.54999978654087,15.3799996562302,12.4649997213855,1963,6,NA
51.8667,10.3333,1963-06-17,7.84999982453883,16.3299996349961,12.0899997297674,1963,6,NA
51.8667,10.3333,1963-06-18,9.61999978497624,14.2699996810406,11.9449997330084,1963,6,NA
51.8667,10.3333,1963-06-19,12.2799997255206,19.9199995547533,16.099999640137,1963,6,NA
51.8667,10.3333,1963-06-20,5.45999987795949,13.2899997029454,9.37499979045242,1963,6,NA
51.8667,10.3333,1963-06-21,7.3499998357147,13.2399997040629,10.2949997698888,1963,6,NA
51.8667,10.3333,1963-06-22,12.1699997279793,18.0299995969981,15.0999996624887,1963,6,NA
51.8667,10.3333,1963-06-23,10.9599997550249,15.8299996461719,13.3949997005984,1963,6,NA
51.8667,10.3333,1963-06-24,8.86999980174005,18.4599995873868,13.6649996945634,1963,6,NA
51.8667,10.3333,1963-06-25,5.89999986812472,18.0399995967746,11.9699997324497,1963,6,NA
51.8667,10.3333,1963-06-26,8.48999981023371,20.2199995480478,14.3549996791407,1963,6,NA
51.8667,10.3333,1963-06-27,10.4199997670949,17.0799996182323,13.7499996926636,1963,6,NA
51.8667,10.3333,1963-06-28,8.85999980196357,20.0899995509535,14.4749996764585,1963,6,NA
51.8667,10.3333,1963-06-29,11.7799997366965,20.4799995422363,16.1299996394664,1963,6,NA
51.8667,10.3333,1963-06-30,8.85999980196357,20.389999544248,14.6249996731058,1963,6,NA
51.8667,10.3333,1963-07-01,10.7299997601658,23.4499994758517,17.0899996180087,1963,7,NA
51.8667,10.3333,1963-07-02,12.5299997199327,17.1599996164441,14.8449996681884,1963,7,NA
51.8667,10.3333,1963-07-03,12.4299997221678,21.4599995203316,16.9449996212497,1963,7,NA
51.8667,10.3333,1963-07-04,11.209999749437,23.3299994785339,17.2699996139854,1963,7,NA
51.8667,10.3333,1963-07-05,13.2499997038394,21.5999995172024,17.4249996105209,1963,7,NA
51.8667,10.3333,1963-07-06,12.7099997159094,19.8999995552003,16.3049996355549,1963,7,NA
51.8667,10.3333,1963-07-07,12.1199997290969,21.3099995236844,16.7149996263906,1963,7,NA
51.8667,10.3333,1963-07-08,12.349999723956,21.6599995158613,17.0049996199086,1963,7,NA
51.8667,10.3333,1963-07-09,9.78999978117645,14.5999996736646,12.1949997274205,1963,7,NA
51.8667,10.3333,1963-07-10,9.66999978385866,16.909999622032,13.2899997029454,1963,7,NA
51.8667,10.3333,1963-07-11,10.049999775365,19.6199995614588,14.8349996684119,1963,7,NA
51.8667,10.3333,1963-07-12,9.41999978944659,15.6999996490777,12.5599997192621,1963,7,NA
51.8667,10.3333,1963-07-13,9.2999997921288,18.0799995958805,13.6899996940047,1963,7,NA
51.8667,10.3333,1963-07-14,11.76999973692,21.1599995270371,16.4649996319786,1963,7,NA
51.8667,10.3333,1963-07-15,10.8399997577071,18.8399995788932,14.8399996683002,1963,7,NA
51.8667,10.3333,1963-07-16,9.21999979391694,23.3199994787574,16.2699996363372,1963,7,NA
51.8667,10.3333,1963-07-17,14.0199996866286,24.9299994427711,19.4749995646998,1963,7,NA
51.8667,10.3333,1963-07-18,13.8599996902049,21.6799995154142,17.7699996028095,1963,7,NA
51.8667,10.3333,1963-07-19,12.7399997152388,22.08999950625,17.4149996107444,1963,7,NA
51.8667,10.3333,1963-07-20,14.5599996745586,21.2499995250255,17.9049995997921,1963,7,NA
51.8667,10.3333,1963-07-21,14.1099996846169,21.1299995277077,17.6199996061623,1963,7,NA
51.8667,10.3333,1963-07-22,9.13999979570508,22.4399994984269,15.789999647066,1963,7,NA
51.8667,10.3333,1963-07-23,9.70999978296459,26.7299994025379,18.2199995927513,1963,7,NA
51.8667,10.3333,1963-07-24,16.0499996412545,26.8599993996322,21.4549995204434,1963,7,NA
51.8667,10.3333,1963-07-25,16.3599996343255,28.8799993544817,22.6199994944036,1963,7,NA
51.8667,10.3333,1963-07-26,13.8199996910989,25.3699994329363,19.5949995620176,1963,7,NA
51.8667,10.3333,1963-07-27,9.28999979235232,17.5499996077269,13.4199997000396,1963,7,NA
51.8667,10.3333,1963-07-28,5.63999987393618,16.6799996271729,11.1599997505546,1963,7,NA
51.8667,10.3333,1963-07-29,7.22999983839691,18.1599995940924,12.6949997162446,1963,7,NA
51.8667,10.3333,1963-07-30,7.3499998357147,21.5799995176494,14.4649996766821,1963,7,NA
51.8667,10.3333,1963-07-31,9.62999978475273,20.1999995484948,14.9149996666238,1963,7,NA
51.8667,10.3333,1963-08-01,9.22999979369342,17.7399996034801,13.4849996985868,1963,8,NA
51.8667,10.3333,1963-08-02,8.07999981939793,22.8499994892627,15.4649996543303,1963,8,NA
51.8667,10.3333,1963-08-03,13.4599996991456,30.0999993272126,21.7799995131791,1963,8,NA
51.8667,10.3333,1963-08-04,17.4199996106327,31.0699993055314,24.244999458082,1963,8,NA
51.8667,10.3333,1963-08-05,15.9999996423721,25.5399994291365,20.7699995357543,1963,8,NA
51.8667,10.3333,1963-08-06,12.889999711886,23.5099994745106,18.1999995931983,1963,8,NA
51.8667,10.3333,1963-08-07,13.8799996897578,27.3599993884563,20.6199995391071,1963,8,NA
51.8667,10.3333,1963-08-08,16.1399996392429,21.4799995198846,18.8099995795637,1963,8,NA
51.8667,10.3333,1963-08-09,12.2699997257441,18.7599995806813,15.5149996532127,1963,8,NA
51.8667,10.3333,1963-08-10,10.3499997686595,15.519999653101,12.9349997108802,1963,8,NA
51.8667,10.3333,1963-08-11,8.64999980665743,16.059999641031,12.3549997238442,1963,8,NA
51.8667,10.3333,1963-08-12,12.619999717921,17.8999995999038,15.2599996589124,1963,8,NA
51.8667,10.3333,1963-08-13,10.5199997648597,19.0499995741993,14.7849996695295,1963,8,NA
51.8667,10.3333,1963-08-14,10.1599997729063,17.1599996164441,13.6599996946752,1963,8,NA
51.8667,10.3333,1963-08-15,10.0899997744709,20.969999531284,15.5299996528774,1963,8,NA
51.8667,10.3333,1963-08-16,11.4399997442961,17.5199996083975,14.4799996763468,1963,8,NA
51.8667,10.3333,1963-08-17,9.5299997869879,17.2799996137619,13.4049997003749,1963,8,NA
51.8667,10.3333,1963-08-18,12.039999730885,21.3199995234609,16.6799996271729,1963,8,NA
51.8667,10.3333,1963-08-19,9.24999979324639,15.0499996636063,12.1499997284263,1963,8,NA
51.8667,10.3333,1963-08-20,8.69999980553985,11.8899997342378,10.2949997698888,1963,8,NA
51.8667,10.3333,1963-08-21,10.2799997702241,15.1799996607006,12.7299997154623,1963,8,NA
51.8667,10.3333,1963-08-22,7.85999982431531,14.1299996841699,10.9949997542426,1963,8,NA
51.8667,10.3333,1963-08-23,9.67999978363514,13.489999698475,11.5849997410551,1963,8,NA
51.8667,10.3333,1963-08-24,10.919999755919,18.8799995779991,14.899999666959,1963,8,NA
51.8667,10.3333,1963-08-25,9.93999977782369,17.509999608621,13.7249996932223,1963,8,NA
51.8667,10.3333,1963-08-26,11.2899997476488,15.8899996448308,13.5899996962398,1963,8,NA
51.8667,10.3333,1963-08-27,12.5499997194856,20.2699995469302,16.4099996332079,1963,8,NA
51.8667,10.3333,1963-08-28,10.4699997659773,16.6899996269494,13.5799996964633,1963,8,NA
51.8667,10.3333,1963-08-29,8.94999979995191,14.6999996714294,11.8249997356907,1963,8,NA
51.8667,10.3333,1963-08-30,6.64999985136092,15.0599996633828,10.8549997573718,1963,8,NA
51.8667,10.3333,1963-08-31,5.31999988108873,16.4799996316433,10.899999756366,1963,8,NA
51.8667,10.3333,1963-09-01,7.87999982386827,16.4499996323138,12.1649997280911,1963,9,NA
51.8667,10.3333,1963-09-02,10.8399997577071,19.9999995529652,15.4199996553361,1963,9,NA
51.8667,10.3333,1963-09-03,11.9999997317791,18.669999582693,15.334999657236,1963,9,NA
51.8667,10.3333,1963-09-04,8.56999980844557,18.2199995927513,13.3949997005984,1963,9,NA
51.8667,10.3333,1963-09-05,8.90999980084598,17.1699996162206,13.0399997085333,1963,9,NA
51.8667,10.3333,1963-09-06,7.19999983906746,16.6799996271729,11.9399997331202,1963,9,NA
51.8667,10.3333,1963-09-07,7.75999982655048,13.5699996966869,10.6649997616187,1963,9,NA
51.8667,10.3333,1963-09-08,6.78999984823167,14.5899996738881,10.6899997610599,1963,9,NA
51.8667,10.3333,1963-09-09,5.2799998819828,16.5799996294081,10.9299997556955,1963,9,NA
51.8667,10.3333,1963-09-10,7.07999984174967,16.079999640584,11.5799997411668,1963,9,NA
51.8667,10.3333,1963-09-11,4.9399998895824,16.5799996294081,10.7599997594953,1963,9,NA
51.8667,10.3333,1963-09-12,7.81999982520938,18.399999588728,13.1099997069687,1963,9,NA
51.8667,10.3333,1963-09-13,8.67999980598688,18.4899995867163,13.5849996963516,1963,9,NA
51.8667,10.3333,1963-09-14,10.3499997686595,20.079999551177,15.2149996599182,1963,9,NA
51.8667,10.3333,1963-09-15,8.85999980196357,22.1599995046854,15.5099996533245,1963,9,NA
51.8667,10.3333,1963-09-16,8.75999980419874,19.3999995663762,14.0799996852875,1963,9,NA
51.8667,10.3333,1963-09-17,8.15999981760979,22.7799994908273,15.4699996542186,1963,9,NA
51.8667,10.3333,1963-09-18,10.5199997648597,23.9999994635582,17.2599996142089,1963,9,NA
51.8667,10.3333,1963-09-19,12.349999723956,22.129999505356,17.239999614656,1963,9,NA
51.8667,10.3333,1963-09-20,11.0699997525662,17.4099996108562,14.2399996817112,1963,9,NA
51.8667,10.3333,1963-09-21,10.5999997630715,14.6999996714294,12.6499997172505,1963,9,NA
51.8667,10.3333,1963-09-22,11.1099997516721,17.5799996070564,14.3449996793643,1963,9,NA
51.8667,10.3333,1963-09-23,12.6899997163564,15.4299996551126,14.0599996857345,1963,9,NA
51.8667,10.3333,1963-09-24,11.7799997366965,19.249999569729,15.5149996532127,1963,9,NA
51.8667,10.3333,1963-09-25,12.1999997273088,20.1999995484948,16.1999996379018,1963,9,NA
51.8667,10.3333,1963-09-26,6.44999985583127,15.3299996573478,10.8899997565895,1963,9,NA
51.8667,10.3333,1963-09-27,4.34999990276992,11.169999750331,7.75999982655048,1963,9,NA
51.8667,10.3333,1963-09-28,5.02999988757074,13.0699997078627,9.04999979771674,1963,9,NA
51.8667,10.3333,1963-09-29,4.34999990276992,8.58999980799854,6.46999985538423,1963,9,NA
51.8667,10.3333,1963-09-30,4.20999990589917,8.93999980017543,6.5749998530373,1963,9,NA
51.8667,10.3333,1963-10-01,7.5799998305738,10.4999997653067,9.03999979794025,1963,10,1964
51.8667,10.3333,1963-10-02,6.92999984510243,9.13999979570508,8.03499982040375,1963,10,1964
51.8667,10.3333,1963-10-03,6.75999984890223,9.27999979257584,8.01999982073903,1963,10,1964
51.8667,10.3333,1963-10-04,5.36999987997115,10.3699997682124,7.86999982409179,1963,10,1964
51.8667,10.3333,1963-10-05,6.94999984465539,9.9299997780472,8.4399998113513,1963,10,1964
51.8667,10.3333,1963-10-06,4.14999990724027,9.37999979034066,6.76499984879047,1963,10,1964
51.8667,10.3333,1963-10-07,3.74999991618097,8.75999980419874,6.25499986018986,1963,10,1964
51.8667,10.3333,1963-10-08,3.39999992400408,9.40999978967011,6.40499985683709,1963,10,1964
51.8667,10.3333,1963-10-09,1.1499999742955,12.2799997255206,6.71499984990805,1963,10,1964
51.8667,10.3333,1963-10-10,4.62999989651144,9.56999978609383,7.09999984130263,1963,10,1964
51.8667,10.3333,1963-10-11,4.04999990947545,8.98999979905784,6.51999985426664,1963,10,1964
51.8667,10.3333,1963-10-12,8.39999981224537,11.0099997539073,9.70499978307635,1963,10,1964
51.8667,10.3333,1963-10-13,8.35999981313944,14.9799996651709,11.6699997391552,1963,10,1964
51.8667,10.3333,1963-10-14,6.51999985426664,17.5199996083975,12.0199997313321,1963,10,1964
51.8667,10.3333,1963-10-15,4.97999988868833,7.39999983459711,6.18999986164272,1963,10,1964
51.8667,10.3333,1963-10-16,1.99999995529652,7.45999983325601,4.72999989427626,1963,10,1964
51.8667,10.3333,1963-10-17,1.33999997004867,10.2699997704476,5.80499987024814,1963,10,1964
51.8667,10.3333,1963-10-18,4.92999988980591,11.7999997362494,8.36499981302768,1963,10,1964
51.8667,10.3333,1963-10-19,6.15999986231327,10.5499997641891,8.3549998132512,1963,10,1964
51.8667,10.3333,1963-10-20,6.69999985024333,13.5899996962398,10.1449997732416,1963,10,1964
51.8667,10.3333,1963-10-21,6.8299998473376,15.8499996457249,11.3399997465312,1963,10,1964
51.8667,10.3333,1963-10-22,7.09999984130263,14.7099996712059,10.9049997562543,1963,10,1964
51.8667,10.3333,1963-10-23,4.94999988935888,12.7699997145683,8.85999980196357,1963,10,1964
51.8667,10.3333,1963-10-24,2.90999993495643,11.1599997505546,7.0349998427555,1963,10,1964
51.8667,10.3333,1963-10-25,5.14999988488853,10.1999997720122,7.67499982845038,1963,10,1964
51.8667,10.3333,1963-10-26,1.74999996088445,12.5199997201562,7.13499984052032,1963,10,1964
51.8667,10.3333,1963-10-27,1.18999997340143,9.77999978139997,5.4849998774007,1963,10,1964
51.8667,10.3333,1963-10-28,0.599999986588955,8.05999981984496,4.32999990321696,1963,10,1964
51.8667,10.3333,1963-10-29,-0.149999996647239,8.56999980844557,4.20999990589917,1963,10,1964
51.8667,10.3333,1963-10-30,-0.369999991729856,10.3499997686595,4.98999988846481,1963,10,1964
51.8667,10.3333,1963-10-31,-1.41999996826053,8.42999981157482,3.50499992165715,1963,10,1964
51.8667,10.3333,1963-11-01,0.339999992400408,9.78999978117645,5.06499988678843,1963,11,1964
51.8667,10.3333,1963-11-02,1.87999995797873,11.5499997418374,6.71499984990805,1963,11,1964
51.8667,10.3333,1963-11-03,1.8399999588728,10.6899997610599,6.26499985996634,1963,11,1964
51.8667,10.3333,1963-11-04,3.1599999293685,9.36999979056418,6.26499985996634,1963,11,1964
51.8667,10.3333,1963-11-05,4.79999989271164,10.5899997632951,7.69499982800335,1963,11,1964
51.8667,10.3333,1963-11-06,5.44999987818301,13.0299997087568,9.23999979346991,1963,11,1964
51.8667,10.3333,1963-11-07,5.74999987147748,13.0399997085333,9.39499979000539,1963,11,1964
51.8667,10.3333,1963-11-08,6.1999998614192,9.85999977961183,8.02999982051551,1963,11,1964
51.8667,10.3333,1963-11-09,5.55999987572432,8.74999980442226,7.15499984007329,1963,11,1964
51.8667,10.3333,1963-11-10,5.65999987348914,9.30999979190528,7.48499983269721,1963,11,1964
51.8667,10.3333,1963-11-11,6.06999986432493,11.5699997413903,8.81999980285764,1963,11,1964
51.8667,10.3333,1963-11-12,8.1499998178333,12.4099997226149,10.2799997702241,1963,11,1964
51.8667,10.3333,1963-11-13,7.03999984264374,10.5399997644126,8.78999980352819,1963,11,1964
51.8667,10.3333,1963-11-14,4.86999989114702,7.72999982722104,6.29999985918403,1963,11,1964
51.8667,10.3333,1963-11-15,0.949999978765845,5.95999986678362,3.45499992277473,1963,11,1964
51.8667,10.3333,1963-11-16,0.639999985694885,12.2799997255206,6.45999985560775,1963,11,1964
51.8667,10.3333,1963-11-17,4.53999989852309,12.5499997194856,8.54499980900437,1963,11,1964
51.8667,10.3333,1963-11-18,2.47999994456768,6.23999986052513,4.35999990254641,1963,11,1964
51.8667,10.3333,1963-11-19,4.95999988913536,10.1499997731298,7.55499983113259,1963,11,1964
51.8667,10.3333,1963-11-20,8.92999980039895,12.059999730438,10.4949997654185,1963,11,1964
51.8667,10.3333,1963-11-21,2.22999995015562,12.1399997286499,7.18499983940274,1963,11,1964
51.8667,10.3333,1963-11-22,0.359999991953373,3.43999992311001,1.89999995753169,1963,11,1964
51.8667,10.3333,1963-11-23,1.04999997653067,7.43999983370304,4.24499990511686,1963,11,1964
51.8667,10.3333,1963-11-24,2.51999994367361,6.55999985337257,4.53999989852309,1963,11,1964
51.8667,10.3333,1963-11-25,4.14999990724027,7.8099998254329,5.97999986633658,1963,11,1964
51.8667,10.3333,1963-11-26,5.26999988220632,9.93999977782369,7.604999830015,1963,11,1964
51.8667,10.3333,1963-11-27,2.64999994076788,7.22999983839691,4.9399998895824,1963,11,1964
51.8667,10.3333,1963-11-28,1.06999997608364,4.16999990679324,2.61999994143844,1963,11,1964
51.8667,10.3333,1963-11-29,3.06999993138015,5.00999988801777,4.03999990969896,1963,11,1964
51.8667,10.3333,1963-11-30,2.65999994054437,6.029999865219,4.34499990288168,1963,11,1964
51.8667,10.3333,1963-12-01,2.12999995239079,5.06999988667667,3.59999991953373,1963,12,1964
51.8667,10.3333,1963-12-02,-1.06999997608364,5.26999988220632,2.09999995306134,1963,12,1964
51.8667,10.3333,1963-12-03,-2.21999995037913,3.16999992914498,0.474999989382923,1963,12,1964
51.8667,10.3333,1963-12-04,-4.21999990567565,2.24999994970858,-0.984999977983534,1963,12,1964
51.8667,10.3333,1963-12-05,-5.61999987438321,1.9499999564141,-1.83499995898455,1963,12,1964
51.8667,10.3333,1963-12-06,-4.55999989807606,-1.61999996379018,-3.08999993093312,1963,12,1964
51.8667,10.3333,1963-12-07,-4.44999990053475,-0.389999991282821,-2.41999994590878,1963,12,1964
51.8667,10.3333,1963-12-08,-6.86999984644353,-0.409999990835786,-3.63999991863966,1963,12,1964
51.8667,10.3333,1963-12-09,-5.99999986588955,-0.479999989271164,-3.23999992758036,1963,12,1964
51.8667,10.3333,1963-12-10,-7.77999982610345,0.959999978542328,-3.40999992378056,1963,12,1964
51.8667,10.3333,1963-12-11,-7.93999982252717,-0.409999990835786,-4.17499990668148,1963,12,1964
51.8667,10.3333,1963-12-12,-8.67999980598688,-2.4699999447912,-5.57499987538904,1963,12,1964
51.8667,10.3333,1963-12-13,-8.87999980151653,-2.68999993987381,-5.78499987069517,1963,12,1964
51.8667,10.3333,1963-12-14,-7.2899998370558,-2.87999993562698,-5.08499988634139,1963,12,1964
51.8667,10.3333,1963-12-15,-16.8399996235967,-6.32999985851347,-11.5849997410551,1963,12,1964
51.8667,10.3333,1963-12-16,-17.219999615103,-4.2499999050051,-10.7349997600541,1963,12,1964
51.8667,10.3333,1963-12-17,-11.3499997463077,-4.21999990567565,-7.78499982599169,1963,12,1964
51.8667,10.3333,1963-12-18,-9.55999978631735,-4.4199999012053,-6.98999984376132,1963,12,1964
51.8667,10.3333,1963-12-19,-7.46999983303249,-4.15999990701675,-5.81499987002462,1963,12,1964
51.8667,10.3333,1963-12-20,-6.74999984912574,-3.80999991483986,-5.2799998819828,1963,12,1964
51.8667,10.3333,1963-12-21,-7.79999982565641,-3.54999992065132,-5.67499987315387,1963,12,1964
51.8667,10.3333,1963-12-22,-7.31999983638525,-2.83999993652105,-5.07999988645315,1963,12,1964
51.8667,10.3333,1963-12-23,-12.4799997210503,-4.12999990768731,-8.30499981436878,1963,12,1964
51.8667,10.3333,1963-12-24,-14.7799996696413,-4.83999989181757,-9.80999978072941,1963,12,1964
51.8667,10.3333,1963-12-25,-12.9599997103214,-3.37999992445111,-8.16999981738627,1963,12,1964
51.8667,10.3333,1963-12-26,-9.28999979235232,0.899999979883432,-4.19499990623444,1963,12,1964
51.8667,10.3333,1963-12-27,-1.21999997273088,3.99999991059303,1.38999996893108,1963,12,1964
51.8667,10.3333,1963-12-28,-1.06999997608364,3.71999991685152,1.32499997038394,1963,12,1964
51.8667,10.3333,1963-12-29,-2.18999995104969,2.94999993406236,0.379999991506338,1963,12,1964
51.8667,10.3333,1963-12-30,-1.63999996334314,8.33999981358647,3.34999992512167,1963,12,1964
51.8667,10.3333,1963-12-31,-1.1499999742955,3.76999991573393,1.30999997071922,1963,12,1964
51.8667,10.3333,1964-01-01,-3.05999993160367,2.53999994322658,-0.259999994188547,1964,1,1964
51.8667,10.3333,1964-01-02,-3.59999991953373,2.01999995484948,-0.789999982342124,1964,1,1964
51.8667,10.3333,1964-01-03,-2.14999995194376,4.08999990858138,0.96999997831881,1964,1,1964
51.8667,10.3333,1964-01-04,-4.04999990947545,3.20999992825091,-0.419999990612268,1964,1,1964
51.8667,10.3333,1964-01-05,-3.0999999307096,6.14999986253679,1.52499996591359,1964,1,1964
51.8667,10.3333,1964-01-06,-4.90999989025295,2.2399999499321,-1.33499997016042,1964,1,1964
51.8667,10.3333,1964-01-07,-3.02999993227422,0.61999998614192,-1.20499997306615,1964,1,1964
51.8667,10.3333,1964-01-08,-1.62999996356666,0.0599999986588955,-0.784999982453883,1964,1,1964
51.8667,10.3333,1964-01-09,-1.28999997116625,1.0899999756366,-0.0999999977648258,1964,1,1964
51.8667,10.3333,1964-01-10,-4.2499999050051,0.449999989941716,-1.89999995753169,1964,1,1964
51.8667,10.3333,1964-01-11,-6.60999985225499,-3.13999992981553,-4.87499989103526,1964,1,1964
51.8667,10.3333,1964-01-12,-13.0799997076392,-4.40999990142882,-8.74499980453402,1964,1,1964
51.8667,10.3333,1964-01-13,-12.1199997290969,-2.71999993920326,-7.41999983415008,1964,1,1964
51.8667,10.3333,1964-01-14,-8.52999980933964,1.07999997586012,-3.72499991673976,1964,1,1964
51.8667,10.3333,1964-01-15,-6.38999985717237,0.109999997541308,-3.13999992981553,1964,1,1964
51.8667,10.3333,1964-01-16,-12.6299997176975,-3.94999991171062,-8.28999981470406,1964,1,1964
51.8667,10.3333,1964-01-17,-13.5899996962398,-4.33999990299344,-8.96499979961663,1964,1,1964
51.8667,10.3333,1964-01-18,-12.2899997252971,-2.43999994546175,-7.36499983537942,1964,1,1964
51.8667,10.3333,1964-01-19,-11.9399997331202,-2.04999995417893,-6.99499984364957,1964,1,1964
51.8667,10.3333,1964-01-20,-10.4199997670949,1.15999997407198,-4.62999989651144,1964,1,1964
51.8667,10.3333,1964-01-21,-8.73999980464578,0.57999998703599,-4.07999990880489,1964,1,1964
51.8667,10.3333,1964-01-22,-8.44999981112778,-0.239999994635582,-4.34499990288168,1964,1,1964
51.8667,10.3333,1964-01-23,-3.67999991774559,0.439999990165234,-1.61999996379018,1964,1,1964
51.8667,10.3333,1964-01-24,-3.10999993048608,1.0899999756366,-1.00999997742474,1964,1,1964
51.8667,10.3333,1964-01-25,-3.93999991193414,0.0399999991059303,-1.9499999564141,1964,1,1964
51.8667,10.3333,1964-01-26,-1.51999996602535,-0.30999999307096,-0.914999979548156,1964,1,1964
51.8667,10.3333,1964-01-27,-1.45999996736646,0.979999978095293,-0.239999994635582,1964,1,1964
51.8667,10.3333,1964-01-28,-0.879999980330467,1.23999997228384,0.179999995976686,1964,1,1964
51.8667,10.3333,1964-01-29,-2.76999993808568,-0.179999995976686,-1.47499996703118,1964,1,1964
51.8667,10.3333,1964-01-30,-2.70999993942678,0.259999994188547,-1.22499997261912,1964,1,1964
51.8667,10.3333,1964-01-31,-2.35999994724989,0.599999986588955,-0.879999980330467,1964,1,1964
51.8667,10.3333,1964-02-01,-0.449999989941716,1.20999997295439,0.379999991506338,1964,2,1964
51.8667,10.3333,1964-02-02,-0.449999989941716,5.739999871701,2.64499994087964,1964,2,1964
51.8667,10.3333,1964-02-03,1.03999997675419,4.71999989449978,2.87999993562698,1964,2,1964
51.8667,10.3333,1964-02-04,2.97999993339181,5.11999988555908,4.04999990947545,1964,2,1964
51.8667,10.3333,1964-02-05,0.719999983906746,4.14999990724027,2.43499994557351,1964,2,1964
51.8667,10.3333,1964-02-06,-3.43999992311001,2.01999995484948,-0.709999984130263,1964,2,1964
51.8667,10.3333,1964-02-07,-6.50999985449016,-1.6099999640137,-4.05999990925193,1964,2,1964
51.8667,10.3333,1964-02-08,-11.2699997480959,-0.96999997831881,-6.11999986320734,1964,2,1964
51.8667,10.3333,1964-02-09,-1.45999996736646,2.64999994076788,0.594999986700714,1964,2,1964
51.8667,10.3333,1964-02-10,0.789999982342124,2.9299999345094,1.85999995842576,1964,2,1964
51.8667,10.3333,1964-02-11,-1.49999996647239,3.05999993160367,0.779999982565641,1964,2,1964
51.8667,10.3333,1964-02-12,-1.11999997496605,2.57999994233251,0.729999983683228,1964,2,1964
51.8667,10.3333,1964-02-13,-2.76999993808568,0.509999988600612,-1.12999997474253,1964,2,1964
51.8667,10.3333,1964-02-14,-12.2699997257441,-1.1499999742955,-6.70999985001981,1964,2,1964
51.8667,10.3333,1964-02-15,-12.0899997297674,0.779999982565641,-5.6549998736009,1964,2,1964
51.8667,10.3333,1964-02-16,-8.95999979972839,1.86999995820224,-3.54499992076308,1964,2,1964
51.8667,10.3333,1964-02-17,-8.55999980866909,-1.62999996356666,-5.09499988611788,1964,2,1964
51.8667,10.3333,1964-02-18,-4.89999989047647,1.06999997608364,-1.91499995719641,1964,2,1964
51.8667,10.3333,1964-02-19,-5.49999987706542,0.179999995976686,-2.65999994054437,1964,2,1964
51.8667,10.3333,1964-02-20,-10.6599997617304,-4.8199998922646,-7.73999982699752,1964,2,1964
51.8667,10.3333,1964-02-21,-14.339999679476,-2.90999993495643,-8.62499980721623,1964,2,1964
51.8667,10.3333,1964-02-22,-13.21999970451,-1.78999995999038,-7.50499983225018,1964,2,1964
51.8667,10.3333,1964-02-23,-12.7199997156858,1.42999996803701,-5.64499987382442,1964,2,1964
51.8667,10.3333,1964-02-24,-7.68999982811511,4.22999990545213,-1.72999996133149,1964,2,1964
51.8667,10.3333,1964-02-25,0.739999983459711,6.38999985717237,3.56499992031604,1964,2,1964
51.8667,10.3333,1964-02-26,-0.159999996423721,11.1099997516721,5.47499987762421,1964,2,1964
51.8667,10.3333,1964-02-27,-0.209999995306134,10.9399997554719,5.36499988008291,1964,2,1964
51.8667,10.3333,1964-02-28,0.959999978542328,10.9299997556955,5.9449998671189,1964,2,1964
51.8667,10.3333,1964-02-29,2.26999994926155,6.61999985203147,4.44499990064651,1964,2,1964
51.8667,10.3333,1964-03-01,-2.21999995037913,2.93999993428588,0.359999991953373,1964,3,1964
51.8667,10.3333,1964-03-02,-2.85999993607402,1.91999995708466,-0.469999989494681,1964,3,1964
51.8667,10.3333,1964-03-03,-4.53999989852309,0.139999996870756,-2.19999995082617,1964,3,1964
51.8667,10.3333,1964-03-04,-6.50999985449016,-0.789999982342124,-3.64999991841614,1964,3,1964
51.8667,10.3333,1964-03-05,-6.98999984376132,-1.73999996110797,-4.36499990243465,1964,3,1964
51.8667,10.3333,1964-03-06,-7.15999983996153,-3.39999992400408,-5.2799998819828,1964,3,1964
51.8667,10.3333,1964-03-07,-9.76999978162348,-6.00999986566603,-7.88999982364476,1964,3,1964
51.8667,10.3333,1964-03-08,-10.9499997552484,-4.58999989740551,-7.76999982632697,1964,3,1964
51.8667,10.3333,1964-03-09,-11.5999997407198,-2.66999994032085,-7.13499984052032,1964,3,1964
51.8667,10.3333,1964-03-10,-11.2299997489899,3.89999991282821,-3.66499991808087,1964,3,1964
51.8667,10.3333,1964-03-11,-6.70999985001981,5.61999987438321,-0.544999987818301,1964,3,1964
51.8667,10.3333,1964-03-12,-5.62999987415969,5.48999987728894,-0.0699999984353781,1964,3,1964
51.8667,10.3333,1964-03-13,-4.06999990902841,5.02999988757074,0.479999989271164,1964,3,1964
51.8667,10.3333,1964-03-14,-2.8699999358505,0.839999981224537,-1.01499997731298,1964,3,1964
51.8667,10.3333,1964-03-15,-4.31999990344048,0.209999995306134,-2.05499995406717,1964,3,1964
51.8667,10.3333,1964-03-16,-5.71999987214804,-1.65999996289611,-3.68999991752207,1964,3,1964
51.8667,10.3333,1964-03-17,-10.0199997760355,-1.20999997295439,-5.61499987449497,1964,3,1964
51.8667,10.3333,1964-03-18,-9.19999979436398,-2.30999994836748,-5.75499987136573,1964,3,1964
51.8667,10.3333,1964-03-19,-13.4199997000396,-2.35999994724989,-7.88999982364476,1964,3,1964
51.8667,10.3333,1964-03-20,-9.88999977894127,1.21999997273088,-4.3349999031052,1964,3,1964
51.8667,10.3333,1964-03-21,-1.19999997317791,7.63999982923269,3.21999992802739,1964,3,1964
51.8667,10.3333,1964-03-22,0.00999999977648258,8.76999980397522,4.38999990187585,1964,3,1964
51.8667,10.3333,1964-03-23,1.59999996423721,10.6699997615069,6.13499986287206,1964,3,1964
51.8667,10.3333,1964-03-24,1.32999997027218,6.39999985694885,3.86499991361052,1964,3,1964
51.8667,10.3333,1964-03-25,0.369999991729856,5.51999987661839,2.94499993417412,1964,3,1964
51.8667,10.3333,1964-03-26,0.599999986588955,6.08999986387789,3.34499992523342,1964,3,1964
51.8667,10.3333,1964-03-27,2.009999955073,5.739999871701,3.874999913387,1964,3,1964
51.8667,10.3333,1964-03-28,-1.04999997653067,2.93999993428588,0.944999978877604,1964,3,1964
51.8667,10.3333,1964-03-29,-1.85999995842576,0.589999986812472,-0.634999985806644,1964,3,1964
51.8667,10.3333,1964-03-30,-1.87999995797873,0.549999987706542,-0.664999985136092,1964,3,1964
51.8667,10.3333,1964-03-31,-1.29999997094274,2.43999994546175,0.569999987259507,1964,3,1964
51.8667,10.3333,1964-04-01,0.00999999977648258,3.3299999255687,1.66999996267259,1964,4,1964
51.8667,10.3333,1964-04-02,-0.129999997094274,1.90999995730817,0.88999998010695,1964,4,1964
51.8667,10.3333,1964-04-03,-0.419999990612268,3.21999992802739,1.39999996870756,1964,4,1964
51.8667,10.3333,1964-04-04,1.11999997496605,2.89999993517995,2.009999955073,1964,4,1964
51.8667,10.3333,1964-04-05,-0.0699999984353781,2.44999994523823,1.18999997340143,1964,4,1964
51.8667,10.3333,1964-04-06,-1.51999996602535,0.489999989047647,-0.514999988488853,1964,4,1964
51.8667,10.3333,1964-04-07,-1.91999995708466,1.73999996110797,-0.0899999979883432,1964,4,1964
51.8667,10.3333,1964-04-08,-3.42999992333353,2.42999994568527,-0.499999988824129,1964,4,1964
51.8667,10.3333,1964-04-09,-0.749999983236194,3.68999991752207,1.46999996714294,1964,4,1964
51.8667,10.3333,1964-04-10,1.29999997094274,10.6399997621775,5.9699998665601,1964,4,1964
51.8667,10.3333,1964-04-11,0.329999992623925,14.4399996772408,7.38499983493239,1964,4,1964
51.8667,10.3333,1964-04-12,3.46999992243946,11.0099997539073,7.23999983817339,1964,4,1964
51.8667,10.3333,1964-04-13,1.5499999653548,11.3299997467548,6.43999985605478,1964,4,1964
51.8667,10.3333,1964-04-14,4.33999990299344,9.08999979682267,6.71499984990805,1964,4,1964
51.8667,10.3333,1964-04-15,2.43999994546175,7.68999982811511,5.06499988678843,1964,4,1964
51.8667,10.3333,1964-04-16,2.87999993562698,11.5399997420609,7.20999983884394,1964,4,1964
51.8667,10.3333,1964-04-17,3.01999993249774,17.6599996052682,10.339999768883,1964,4,1964
51.8667,10.3333,1964-04-18,8.29999981448054,22.129999505356,15.2149996599182,1964,4,1964
51.8667,10.3333,1964-04-19,9.18999979458749,22.5699994955212,15.8799996450543,1964,4,1964
51.8667,10.3333,1964-04-20,9.17999979481101,23.5999994724989,16.389999633655,1964,4,1964
51.8667,10.3333,1964-04-21,8.01999982073903,15.3499996569008,11.6849997388199,1964,4,1964
51.8667,10.3333,1964-04-22,6.54999985359609,16.3599996343255,11.4549997439608,1964,4,1964
51.8667,10.3333,1964-04-23,5.15999988466501,14.2499996814877,9.70499978307635,1964,4,1964
51.8667,10.3333,1964-04-24,4.00999991036952,11.3399997465312,7.67499982845038,1964,4,1964
51.8667,10.3333,1964-04-25,3.76999991573393,8.2699998151511,6.01999986544251,1964,4,1964
51.8667,10.3333,1964-04-26,3.23999992758036,6.81999984756112,5.02999988757074,1964,4,1964
51.8667,10.3333,1964-04-27,0.909999979659915,12.7699997145683,6.83999984711409,1964,4,1964
51.8667,10.3333,1964-04-28,2.77999993786216,17.0199996195734,9.89999977871776,1964,4,1964
51.8667,10.3333,1964-04-29,6.04999986477196,18.2899995911866,12.1699997279793,1964,4,1964
51.8667,10.3333,1964-04-30,6.4299998562783,12.1599997282028,9.29499979224056,1964,4,1964
51.8667,10.3333,1964-05-01,5.11999988555908,11.3099997472018,8.21499981638044,1964,5,NA
51.8667,10.3333,1964-05-02,3.7899999152869,9.28999979235232,6.53999985381961,1964,5,NA
51.8667,10.3333,1964-05-03,2.25999994948506,9.44999978877604,5.85499986913055,1964,5,NA
51.8667,10.3333,1964-05-04,6.14999986253679,12.3599997237325,9.25499979313463,1964,5,NA
51.8667,10.3333,1964-05-05,5.64999987371266,11.169999750331,8.40999981202185,1964,5,NA
51.8667,10.3333,1964-05-06,4.42999990098178,8.2099998164922,6.31999985873699,1964,5,NA
51.8667,10.3333,1964-05-07,2.88999993540347,15.1499996613711,9.01999979838729,1964,5,NA
51.8667,10.3333,1964-05-08,5.77999987080693,18.089999595657,11.934999733232,1964,5,NA
51.8667,10.3333,1964-05-09,7.45999983325601,15.7799996472895,11.6199997402728,1964,5,NA
51.8667,10.3333,1964-05-10,4.49999989941716,16.8399996235967,10.6699997615069,1964,5,NA
51.8667,10.3333,1964-05-11,5.69999987259507,18.1399995945394,11.9199997335672,1964,5,NA
51.8667,10.3333,1964-05-12,3.91999991238117,15.0299996640533,9.47499978821725,1964,5,NA
51.8667,10.3333,1964-05-13,10.2499997708946,23.6199994720519,16.9349996214733,1964,5,NA
51.8667,10.3333,1964-05-14,11.749999737367,24.6399994492531,18.1949995933101,1964,5,NA
51.8667,10.3333,1964-05-15,6.94999984465539,14.8199996687472,10.8849997567013,1964,5,NA
51.8667,10.3333,1964-05-16,4.77999989315867,12.0699997302145,8.42499981168658,1964,5,NA
51.8667,10.3333,1964-05-17,3.41999992355704,13.5799996964633,8.49999981001019,1964,5,NA
51.8667,10.3333,1964-05-18,3.48999992199242,19.0999995730817,11.2949997475371,1964,5,NA
51.8667,10.3333,1964-05-19,7.5199998319149,21.509999519214,14.5149996755645,1964,5,NA
51.8667,10.3333,1964-05-20,9.85999977961183,16.7099996265024,13.2849997030571,1964,5,NA
51.8667,10.3333,1964-05-21,6.52999985404313,12.4299997221678,9.47999978810549,1964,5,NA
51.8667,10.3333,1964-05-22,5.0499998871237,12.1599997282028,8.60499980766326,1964,5,NA
51.8667,10.3333,1964-05-23,3.42999992333353,16.2899996358901,9.85999977961183,1964,5,NA
51.8667,10.3333,1964-05-24,6.73999984934926,19.3699995670468,13.054999708198,1964,5,NA
51.8667,10.3333,1964-05-25,8.01999982073903,20.8599995337427,14.4399996772408,1964,5,NA
51.8667,10.3333,1964-05-26,9.30999979190528,21.9999995082617,15.6549996500835,1964,5,NA
51.8667,10.3333,1964-05-27,10.9399997554719,21.6299995165318,16.2849996360019,1964,5,NA
51.8667,10.3333,1964-05-28,10.6599997617304,22.2799995020032,16.4699996318668,1964,5,NA
51.8667,10.3333,1964-05-29,10.5499997641891,20.1599995493889,15.354999656789,1964,5,NA
51.8667,10.3333,1964-05-30,9.05999979749322,20.2999995462596,14.6799996718764,1964,5,NA
51.8667,10.3333,1964-05-31,10.4699997659773,21.4499995205551,15.9599996432662,1964,5,NA
51.8667,10.3333,1964-06-01,9.63999978452921,20.7199995368719,15.1799996607006,1964,6,NA
51.8667,10.3333,1964-06-02,13.3499997016042,25.0999994389713,19.2249995702878,1964,6,NA
51.8667,10.3333,1964-06-03,12.3899997230619,18.2799995914102,15.334999657236,1964,6,NA
51.8667,10.3333,1964-06-04,10.7699997592717,19.249999569729,15.0099996645004,1964,6,NA
51.8667,10.3333,1964-06-05,8.49999981001019,22.1199995055795,15.3099996577948,1964,6,NA
51.8667,10.3333,1964-06-06,12.0099997315556,27.0899993944913,19.5499995630234,1964,6,NA
51.8667,10.3333,1964-06-07,10.5899997632951,20.369999544695,15.479999653995,1964,6,NA
51.8667,10.3333,1964-06-08,12.4099997226149,24.2399994581938,18.3249995904043,1964,6,NA
51.8667,10.3333,1964-06-09,10.1699997726828,16.5399996303022,13.3549997014925,1964,6,NA
51.8667,10.3333,1964-06-10,6.57999985292554,18.2099995929748,12.3949997229502,1964,6,NA
51.8667,10.3333,1964-06-11,9.00999979861081,21.839999511838,15.4249996552244,1964,6,NA
51.8667,10.3333,1964-06-12,11.479999743402,25.3499994333833,18.4149995883927,1964,6,NA
51.8667,10.3333,1964-06-13,13.9899996872991,25.9199994206429,19.954999553971,1964,6,NA
51.8667,10.3333,1964-06-14,16.2799996361136,28.8999993540347,22.5899994950742,1964,6,NA
51.8667,10.3333,1964-06-15,15.3699996564537,23.5899994727224,19.4799995645881,1964,6,NA
51.8667,10.3333,1964-06-16,12.2399997264147,18.8499995786697,15.5449996525422,1964,6,NA
51.8667,10.3333,1964-06-17,10.8199997581542,19.3699995670468,15.0949996626005,1964,6,NA
51.8667,10.3333,1964-06-18,8.68999980576336,21.7599995136261,15.2249996596947,1964,6,NA
51.8667,10.3333,1964-06-19,10.8299997579306,24.0099994633347,17.4199996106327,1964,6,NA
51.8667,10.3333,1964-06-20,12.3599997237325,21.8499995116144,17.1049996176735,1964,6,NA
51.8667,10.3333,1964-06-21,7.85999982431531,18.9999995753169,13.4299996998161,1964,6,NA
51.8667,10.3333,1964-06-22,4.46999990008771,16.1099996399134,10.2899997700006,1964,6,NA
51.8667,10.3333,1964-06-23,8.16999981738627,17.3099996130913,12.7399997152388,1964,6,NA
51.8667,10.3333,1964-06-24,6.60999985225499,14.5799996741116,10.5949997631833,1964,6,NA
51.8667,10.3333,1964-06-25,6.34999985806644,17.0799996182323,11.7149997381493,1964,6,NA
51.8667,10.3333,1964-06-26,6.17999986186624,19.9699995536357,13.074999707751,1964,6,NA
51.8667,10.3333,1964-06-27,10.2699997704476,23.559999473393,16.9149996219203,1964,6,NA
51.8667,10.3333,1964-06-28,14.8199996687472,26.2499994132668,20.534999541007,1964,6,NA
51.8667,10.3333,1964-06-29,12.9399997107685,23.829999467358,18.3849995890632,1964,6,NA
51.8667,10.3333,1964-06-30,7.83999982476234,16.5599996298552,12.1999997273088,1964,6,NA
51.8667,10.3333,1964-07-01,6.80999984778464,13.6399996951222,10.2249997714534,1964,7,NA
51.8667,10.3333,1964-07-02,9.18999979458749,13.75999969244,11.4749997435138,1964,7,NA
51.8667,10.3333,1964-07-03,7.42999983392656,14.9799996651709,11.2049997495487,1964,7,NA
51.8667,10.3333,1964-07-04,7.39999983459711,17.9799995981157,12.6899997163564,1964,7,NA
51.8667,10.3333,1964-07-05,7.98999982140958,13.7899996917695,10.8899997565895,1964,7,NA
51.8667,10.3333,1964-07-06,3.53999992087483,13.9099996890873,8.72499980498105,1964,7,NA
51.8667,10.3333,1964-07-07,6.77999984845519,13.1499997060746,9.96499977726489,1964,7,NA
51.8667,10.3333,1964-07-08,3.10999993048608,19.1199995726347,11.1149997515604,1964,7,NA
51.8667,10.3333,1964-07-09,9.03999979794025,22.4299994986504,15.7349996482953,1964,7,NA
51.8667,10.3333,1964-07-10,11.8799997344613,16.909999622032,14.3949996782467,1964,7,NA
51.8667,10.3333,1964-07-11,8.16999981738627,15.6599996499717,11.914999733679,1964,7,NA
51.8667,10.3333,1964-07-12,6.10999986343086,16.6699996273965,11.3899997454137,1964,7,NA
51.8667,10.3333,1964-07-13,10.0899997744709,18.0199995972216,14.0549996858463,1964,7,NA
51.8667,10.3333,1964-07-14,12.6799997165799,23.0299994852394,17.8549996009097,1964,7,NA
51.8667,10.3333,1964-07-15,12.8399997130036,26.4399994090199,19.6399995610118,1964,7,NA
51.8667,10.3333,1964-07-16,14.4799996763468,29.589999338612,22.0349995074794,1964,7,NA
51.8667,10.3333,1964-07-17,18.2099995929748,26.2099994141608,22.2099995035678,1964,7,NA
51.8667,10.3333,1964-07-18,11.9299997333437,24.969999441877,18.4499995876104,1964,7,NA
51.8667,10.3333,1964-07-19,12.4999997206032,29.5399993397295,21.0199995301664,1964,7,NA
51.8667,10.3333,1964-07-20,15.809999646619,27.6399993821979,21.7249995144084,1964,7,NA
51.8667,10.3333,1964-07-21,12.5399997197092,24.9299994427711,18.7349995812401,1964,7,NA
51.8667,10.3333,1964-07-22,12.929999710992,28.9099993538111,20.9199995324016,1964,7,NA
51.8667,10.3333,1964-07-23,13.6199996955693,20.0399995520711,16.8299996238202,1964,7,NA
51.8667,10.3333,1964-07-24,10.2999997697771,14.6699996720999,12.4849997209385,1964,7,NA
51.8667,10.3333,1964-07-25,10.629999762401,16.8799996227026,13.7549996925518,1964,7,NA
51.8667,10.3333,1964-07-26,11.5899997409433,22.4299994986504,17.0099996197969,1964,7,NA
51.8667,10.3333,1964-07-27,12.1599997282028,27.6799993813038,19.9199995547533,1964,7,NA
51.8667,10.3333,1964-07-28,15.7499996479601,29.4699993412942,22.6099994946271,1964,7,NA
51.8667,10.3333,1964-07-29,13.7899996917695,23.1199994832277,18.4549995874986,1964,7,NA
51.8667,10.3333,1964-07-30,12.3999997228384,19.9199995547533,16.1599996387959,1964,7,NA
51.8667,10.3333,1964-07-31,7.70999982766807,21.9799995087087,14.8449996681884,1964,7,NA
51.8667,10.3333,1964-08-01,10.6799997612834,25.8099994231015,18.2449995921925,1964,8,NA
51.8667,10.3333,1964-08-02,10.5799997635186,16.9999996200204,13.7899996917695,1964,8,NA
51.8667,10.3333,1964-08-03,7.59999983012676,13.3099997024983,10.4549997663125,1964,8,NA
51.8667,10.3333,1964-08-04,8.25999981537461,14.8699996676296,11.5649997415021,1964,8,NA
51.8667,10.3333,1964-08-05,11.2999997474253,17.9699995983392,14.6349996728823,1964,8,NA
51.8667,10.3333,1964-08-06,9.74999978207052,17.2699996139854,13.509999698028,1964,8,NA
51.8667,10.3333,1964-08-07,7.09999984130263,24.659999448806,15.8799996450543,1964,8,NA
51.8667,10.3333,1964-08-08,14.2599996812642,28.8699993547052,21.5649995179847,1964,8,NA
51.8667,10.3333,1964-08-09,11.5799997411668,19.9599995538592,15.769999647513,1964,8,NA
51.8667,10.3333,1964-08-10,7.99999982118607,19.1499995719641,13.5749996965751,1964,8,NA
51.8667,10.3333,1964-08-11,9.82999978028238,18.4999995864928,14.1649996833876,1964,8,NA
51.8667,10.3333,1964-08-12,10.899999756366,13.8399996906519,12.369999723509,1964,8,NA
51.8667,10.3333,1964-08-13,11.0099997539073,15.0399996638298,13.0249997088686,1964,8,NA
51.8667,10.3333,1964-08-14,9.34999979101121,18.10999959521,13.7299996931106,1964,8,NA
51.8667,10.3333,1964-08-15,9.80999978072941,17.4499996099621,13.6299996953458,1964,8,NA
51.8667,10.3333,1964-08-16,7.749999826774,19.0799995735288,13.4149997001514,1964,8,NA
51.8667,10.3333,1964-08-17,10.2899997700006,17.9099995996803,14.0999996848404,1964,8,NA
51.8667,10.3333,1964-08-18,8.95999979972839,22.8399994894862,15.8999996446073,1964,8,NA
51.8667,10.3333,1964-08-19,14.4799996763468,20.6299995388836,17.5549996076152,1964,8,NA
51.8667,10.3333,1964-08-20,12.0299997311085,16.8399996235967,14.4349996773526,1964,8,NA
51.8667,10.3333,1964-08-21,7.1199998408556,13.0799997076392,10.0999997742474,1964,8,NA
51.8667,10.3333,1964-08-22,3.46999992243946,13.489999698475,8.47999981045723,1964,8,NA
51.8667,10.3333,1964-08-23,4.98999988846481,16.1199996396899,10.5549997640774,1964,8,NA
51.8667,10.3333,1964-08-24,5.09999988600612,18.6199995838106,11.8599997349083,1964,8,NA
51.8667,10.3333,1964-08-25,7.1199998408556,20.0699995514005,13.5949996961281,1964,8,NA
51.8667,10.3333,1964-08-26,13.8499996904284,22.1199995055795,17.9849995980039,1964,8,NA
51.8667,10.3333,1964-08-27,11.3199997469783,27.1099993940443,19.2149995705113,1964,8,NA
51.8667,10.3333,1964-08-28,15.2499996591359,30.3599993214011,22.8049994902685,1964,8,NA
51.8667,10.3333,1964-08-29,15.9999996423721,30.2299993243068,23.1149994833395,1964,8,NA
51.8667,10.3333,1964-08-30,11.5899997409433,23.1599994823337,17.3749996116385,1964,8,NA
51.8667,10.3333,1964-08-31,5.77999987080693,14.5599996745586,10.1699997726828,1964,8,NA
51.8667,10.3333,1964-09-01,6.3699998576194,13.1599997058511,9.76499978173524,1964,9,NA
51.8667,10.3333,1964-09-02,4.76999989338219,15.7499996479601,10.2599997706711,1964,9,NA
51.8667,10.3333,1964-09-03,4.59999989718199,18.4699995871633,11.5349997421727,1964,9,NA
51.8667,10.3333,1964-09-04,6.28999985940754,21.8099995125085,14.049999685958,1964,9,NA
51.8667,10.3333,1964-09-05,9.26999979279935,23.9799994640052,16.6249996284023,1964,9,NA
51.8667,10.3333,1964-09-06,13.1399997062981,24.2099994588643,18.6749995825812,1964,9,NA
51.8667,10.3333,1964-09-07,12.5699997190386,19.0099995750934,15.789999647066,1964,9,NA
51.8667,10.3333,1964-09-08,10.4699997659773,14.3999996781349,12.4349997220561,1964,9,NA
51.8667,10.3333,1964-09-09,9.79999978095293,15.2799996584654,12.5399997197092,1964,9,NA
51.8667,10.3333,1964-09-10,10.31999976933,14.1799996830523,12.2499997261912,1964,9,NA
51.8667,10.3333,1964-09-11,13.2999997027218,15.9499996434897,14.6249996731058,1964,9,NA
51.8667,10.3333,1964-09-12,14.2999996803701,23.3399994783103,18.8199995793402,1964,9,NA
51.8667,10.3333,1964-09-13,7.16999983973801,18.8599995784461,13.0149997090921,1964,9,NA
51.8667,10.3333,1964-09-14,2.19999995082617,15.2399996593595,8.71999980509281,1964,9,NA
51.8667,10.3333,1964-09-15,4.42999990098178,22.8499994892627,13.6399996951222,1964,9,NA
51.8667,10.3333,1964-09-16,15.0499996636063,25.2699994351715,20.1599995493889,1964,9,NA
51.8667,10.3333,1964-09-17,14.2499996814877,19.3499995674938,16.7999996244907,1964,9,NA
51.8667,10.3333,1964-09-18,8.49999981001019,15.8899996448308,12.1949997274205,1964,9,NA
51.8667,10.3333,1964-09-19,6.76999984867871,10.7399997599423,8.7549998043105,1964,9,NA
51.8667,10.3333,1964-09-20,6.85999984666705,13.0899997074157,9.97499977704138,1964,9,NA
51.8667,10.3333,1964-09-21,6.81999984756112,12.8299997132272,9.82499978039414,1964,9,NA
51.8667,10.3333,1964-09-22,4.69999989494681,9.9299997780472,7.31499983649701,1964,9,NA
51.8667,10.3333,1964-09-23,3.62999991886318,10.6199997626245,7.12499984074384,1964,9,NA
51.8667,10.3333,1964-09-24,2.97999993339181,15.9599996432662,9.46999978832901,1964,9,NA
51.8667,10.3333,1964-09-25,3.34999992512167,17.9199995994568,10.6349997622892,1964,9,NA
51.8667,10.3333,1964-09-26,5.05999988690019,20.1399995498359,12.5999997183681,1964,9,NA
51.8667,10.3333,1964-09-27,7.73999982699752,20.6899995375425,14.21499968227,1964,9,NA
51.8667,10.3333,1964-09-28,9.25999979302287,15.0799996629357,12.1699997279793,1964,9,NA
51.8667,10.3333,1964-09-29,6.31999985873699,14.089999685064,10.2049997719005,1964,9,NA
51.8667,10.3333,1964-09-30,5.30999988131225,16.4099996332079,10.8599997572601,1964,9,NA
51.8667,10.3333,1964-10-01,4.61999989673495,13.0499997083098,8.83499980252236,1964,10,1965
51.8667,10.3333,1964-10-02,0.989999977871776,13.5699996966869,7.27999983727932,1964,10,1965
51.8667,10.3333,1964-10-03,1.3799999691546,15.4599996544421,8.41999981179833,1964,10,1965
51.8667,10.3333,1964-10-04,1.66999996267259,13.0199997089803,7.34499983582646,1964,10,1965
51.8667,10.3333,1964-10-05,2.66999994032085,14.3499996792525,8.50999980978668,1964,10,1965
51.8667,10.3333,1964-10-06,2.31999994814396,17.2599996142089,9.78999978117645,1964,10,1965
51.8667,10.3333,1964-10-07,5.39999987930059,17.7499996032566,11.5749997412786,1964,10,1965
51.8667,10.3333,1964-10-08,7.06999984197319,17.819999601692,12.4449997218326,1964,10,1965
51.8667,10.3333,1964-10-09,5.86999986879528,16.1099996399134,10.9899997543544,1964,10,1965
51.8667,10.3333,1964-10-10,4.20999990589917,9.71999978274107,6.96499984432012,1964,10,1965
51.8667,10.3333,1964-10-11,3.19999992847443,5.97999986633658,4.58999989740551,1964,10,1965
51.8667,10.3333,1964-10-12,3.62999991886318,8.73999980464578,6.18499986175448,1964,10,1965
51.8667,10.3333,1964-10-13,3.65999991819263,8.40999981202185,6.03499986510724,1964,10,1965
51.8667,10.3333,1964-10-14,1.07999997586012,7.82999982498586,4.45499990042299,1964,10,1965
51.8667,10.3333,1964-10-15,1.78999995999038,9.49999978765845,5.64499987382442,1964,10,1965
51.8667,10.3333,1964-10-16,0.0599999986588955,7.68999982811511,3.874999913387,1964,10,1965
51.8667,10.3333,1964-10-17,4.63999989628792,7.61999982967973,6.12999986298382,1964,10,1965
51.8667,10.3333,1964-10-18,4.94999988935888,7.27999983727932,6.1149998633191,1964,10,1965
51.8667,10.3333,1964-10-19,4.44999990053475,6.10999986343086,5.2799998819828,1964,10,1965
51.8667,10.3333,1964-10-20,3.41999992355704,6.78999984823167,5.10499988589436,1964,10,1965
51.8667,10.3333,1964-10-21,1.73999996110797,7.40999983437359,4.57499989774078,1964,10,1965
51.8667,10.3333,1964-10-22,0.61999998614192,7.88999982364476,4.25499990489334,1964,10,1965
51.8667,10.3333,1964-10-23,1.00999997742474,6.86999984644353,3.93999991193414,1964,10,1965
51.8667,10.3333,1964-10-24,2.009999955073,5.13999988511205,3.57499992009252,1964,10,1965
51.8667,10.3333,1964-10-25,0.169999996200204,4.11999990791082,2.14499995205551,1964,10,1965
51.8667,10.3333,1964-10-26,0.109999997541308,5.19999988377094,2.65499994065613,1964,10,1965
51.8667,10.3333,1964-10-27,-2.05999995395541,7.35999983549118,2.64999994076788,1964,10,1965
51.8667,10.3333,1964-10-28,-1.34999996982515,3.51999992132187,1.08499997574836,1964,10,1965
51.8667,10.3333,1964-10-29,2.98999993316829,8.6099998075515,5.7999998703599,1964,10,1965
51.8667,10.3333,1964-10-30,4.92999988980591,12.2799997255206,8.60499980766326,1964,10,1965
51.8667,10.3333,1964-10-31,3.73999991640449,9.07999979704618,6.40999985672534,1964,10,1965
51.8667,10.3333,1964-11-01,4.1899999063462,6.44999985583127,5.31999988108873,1964,11,1965
51.8667,10.3333,1964-11-02,4.02999990992248,6.92999984510243,5.47999987751245,1964,11,1965
51.8667,10.3333,1964-11-03,2.99999993294477,5.46999987773597,4.23499990534037,1964,11,1965
51.8667,10.3333,1964-11-04,0.609999986365438,4.40999990142882,2.50999994389713,1964,11,1965
51.8667,10.3333,1964-11-05,-0.749999983236194,2.03999995440245,0.644999985583127,1964,11,1965
51.8667,10.3333,1964-11-06,-1.7799999602139,2.82999993674457,0.524999988265336,1964,11,1965
51.8667,10.3333,1964-11-07,0.209999995306134,3.0399999320507,1.62499996367842,1964,11,1965
51.8667,10.3333,1964-11-08,-2.91999993473291,4.78999989293516,0.934999979101121,1964,11,1965
51.8667,10.3333,1964-11-09,-3.46999992243946,5.55999987572432,1.04499997664243,1964,11,1965
51.8667,10.3333,1964-11-10,-2.39999994635582,4.22999990545213,0.914999979548156,1964,11,1965
51.8667,10.3333,1964-11-11,-2.60999994166195,4.21999990567565,0.804999982006848,1964,11,1965
51.8667,10.3333,1964-11-12,0.139999996870756,3.36999992467463,1.75499996077269,1964,11,1965
51.8667,10.3333,1964-11-13,2.60999994166195,5.41999987885356,4.01499991025776,1964,11,1965
51.8667,10.3333,1964-11-14,4.06999990902841,6.66999985091388,5.36999987997115,1964,11,1965
51.8667,10.3333,1964-11-15,5.11999988555908,11.5599997416139,8.33999981358647,1964,11,1965
51.8667,10.3333,1964-11-16,3.68999991752207,10.7899997588247,7.23999983817339,1964,11,1965
51.8667,10.3333,1964-11-17,4.05999990925193,8.2099998164922,6.13499986287206,1964,11,1965
51.8667,10.3333,1964-11-18,2.50999994389713,6.41999985650182,4.46499990019947,1964,11,1965
51.8667,10.3333,1964-11-19,-0.479999989271164,4.46999990008771,1.99499995540828,1964,11,1965
51.8667,10.3333,1964-11-20,-2.80999993719161,6.39999985694885,1.79499995987862,1964,11,1965
51.8667,10.3333,1964-11-21,6.01999986544251,7.8099998254329,6.91499984543771,1964,11,1965
51.8667,10.3333,1964-11-22,5.5699998755008,7.49999983236194,6.53499985393137,1964,11,1965
51.8667,10.3333,1964-11-23,4.63999989628792,6.029999865219,5.33499988075346,1964,11,1965
51.8667,10.3333,1964-11-24,5.07999988645315,6.33999985828996,5.70999987237155,1964,11,1965
51.8667,10.3333,1964-11-25,5.35999988019466,8.2699998151511,6.81499984767288,1964,11,1965
51.8667,10.3333,1964-11-26,6.23999986052513,10.069999774918,8.15499981772155,1964,11,1965
51.8667,10.3333,1964-11-27,1.93999995663762,6.43999985605478,4.1899999063462,1964,11,1965
51.8667,10.3333,1964-11-28,3.17999992892146,7.13999984040856,5.15999988466501,1964,11,1965
51.8667,10.3333,1964-11-29,-0.88999998010695,3.67999991774559,1.39499996881932,1964,11,1965
51.8667,10.3333,1964-11-30,-3.10999993048608,2.19999995082617,-0.454999989829957,1964,11,1965
51.8667,10.3333,1964-12-01,-4.74999989382923,0.109999997541308,-2.31999994814396,1964,12,1965
51.8667,10.3333,1964-12-02,-3.77999991551042,-1.18999997340143,-2.48499994445592,1964,12,1965
51.8667,10.3333,1964-12-03,-4.02999990992248,-1.04999997653067,-2.53999994322658,1964,12,1965
51.8667,10.3333,1964-12-04,-3.79999991506338,-0.859999980777502,-2.32999994792044,1964,12,1965
51.8667,10.3333,1964-12-05,-2.88999993540347,-0.589999986812472,-1.73999996110797,1964,12,1965
51.8667,10.3333,1964-12-06,-1.91999995708466,-0.289999993517995,-1.10499997530133,1964,12,1965
51.8667,10.3333,1964-12-07,-0.759999983012676,2.53999994322658,0.88999998010695,1964,12,1965
51.8667,10.3333,1964-12-08,2.26999994926155,5.87999986857176,4.07499990891665,1964,12,1965
51.8667,10.3333,1964-12-09,2.45999994501472,5.71999987214804,4.08999990858138,1964,12,1965
51.8667,10.3333,1964-12-10,4.2499999050051,9.50999978743494,6.87999984622002,1964,12,1965
51.8667,10.3333,1964-12-11,3.43999992311001,7.89999982342124,5.66999987326562,1964,12,1965
51.8667,10.3333,1964-12-12,0.249999994412065,6.5999998524785,3.42499992344528,1964,12,1965
51.8667,10.3333,1964-12-13,1.30999997071922,4.34999990276992,2.82999993674457,1964,12,1965
51.8667,10.3333,1964-12-14,1.96999995596707,5.30999988131225,3.63999991863966,1964,12,1965
51.8667,10.3333,1964-12-15,2.95999993383884,4.94999988935888,3.95499991159886,1964,12,1965
51.8667,10.3333,1964-12-16,2.47999994456768,5.81999986991286,4.14999990724027,1964,12,1965
51.8667,10.3333,1964-12-17,2.38999994657934,6.2599998600781,4.32499990332872,1964,12,1965
51.8667,10.3333,1964-12-18,0.88999998010695,4.22999990545213,2.55999994277954,1964,12,1965
51.8667,10.3333,1964-12-19,1.07999997586012,3.43999992311001,2.25999994948506,1964,12,1965
51.8667,10.3333,1964-12-20,-2.24999994970858,1.26999997161329,-0.489999989047647,1964,12,1965
51.8667,10.3333,1964-12-21,-4.73999989405274,-2.12999995239079,-3.43499992322177,1964,12,1965
51.8667,10.3333,1964-12-22,-5.40999987907708,-2.9299999345094,-4.16999990679324,1964,12,1965
51.8667,10.3333,1964-12-23,-6.55999985337257,-2.44999994523823,-4.5049998993054,1964,12,1965
51.8667,10.3333,1964-12-24,-8.34999981336296,0.229999994859099,-4.05999990925193,1964,12,1965
51.8667,10.3333,1964-12-25,-7.3499998357147,0.0399999991059303,-3.65499991830438,1964,12,1965
51.8667,10.3333,1964-12-26,-7.61999982967973,-3.02999993227422,-5.32499988097697,1964,12,1965
51.8667,10.3333,1964-12-27,-7.2899998370558,-3.33999992534518,-5.31499988120049,1964,12,1965
51.8667,10.3333,1964-12-28,-10.6199997626245,-5.46999987773597,-8.04499982018024,1964,12,1965
51.8667,10.3333,1964-12-29,-9.54999978654087,-6.4899998549372,-8.01999982073903,1964,12,1965
51.8667,10.3333,1964-12-30,-7.749999826774,-4.71999989449978,-6.23499986063689,1964,12,1965
51.8667,10.3333,1964-12-31,-7.59999983012676,0.499999988824129,-3.54999992065132,1964,12,1965
51.8667,10.3333,1965-01-01,0.229999994859099,4.6499998960644,2.43999994546175,1965,1,1965
51.8667,10.3333,1965-01-02,1.07999997586012,3.77999991551042,2.42999994568527,1965,1,1965
51.8667,10.3333,1965-01-03,-0.559999987483025,2.04999995417893,0.744999983347952,1965,1,1965
51.8667,10.3333,1965-01-04,-1.6099999640137,0.919999979436398,-0.344999992288649,1965,1,1965
51.8667,10.3333,1965-01-05,-6.39999985694885,-0.65999998524785,-3.52999992109835,1965,1,1965
51.8667,10.3333,1965-01-06,-7.03999984264374,0.599999986588955,-3.21999992802739,1965,1,1965
51.8667,10.3333,1965-01-07,-0.909999979659915,2.36999994702637,0.729999983683228,1965,1,1965
51.8667,10.3333,1965-01-08,0.179999995976686,2.49999994412065,1.33999997004867,1965,1,1965
51.8667,10.3333,1965-01-09,1.5499999653548,4.58999989740551,3.06999993138015,1965,1,1965
51.8667,10.3333,1965-01-10,0.319999992847443,4.86999989114702,2.59499994199723,1965,1,1965
51.8667,10.3333,1965-01-11,-0.65999998524785,1.75999996066093,0.549999987706542,1965,1,1965
51.8667,10.3333,1965-01-12,0.26999999396503,6.26999985985458,3.2699999269098,1965,1,1965
51.8667,10.3333,1965-01-13,0.26999999396503,5.78999987058342,3.02999993227422,1965,1,1965
51.8667,10.3333,1965-01-14,0.759999983012676,4.40999990142882,2.58499994222075,1965,1,1965
51.8667,10.3333,1965-01-15,-0.119999997317791,2.1799999512732,1.02999997697771,1965,1,1965
51.8667,10.3333,1965-01-16,-0.479999989271164,2.82999993674457,1.1749999737367,1965,1,1965
51.8667,10.3333,1965-01-17,-0.649999985471368,1.39999996870756,0.374999991618097,1965,1,1965
51.8667,10.3333,1965-01-18,0.26999999396503,6.45999985560775,3.36499992478639,1965,1,1965
51.8667,10.3333,1965-01-19,-0.219999995082617,2.28999994881451,1.03499997686595,1965,1,1965
51.8667,10.3333,1965-01-20,-1.38999996893108,0.569999987259507,-0.409999990835786,1965,1,1965
51.8667,10.3333,1965-01-21,-2.96999993361533,0.149999996647239,-1.40999996848404,1965,1,1965
51.8667,10.3333,1965-01-22,-3.73999991640449,-1.6099999640137,-2.67499994020909,1965,1,1965
51.8667,10.3333,1965-01-23,-4.58999989740551,-0.539999987930059,-2.56499994266778,1965,1,1965
51.8667,10.3333,1965-01-24,-0.88999998010695,1.11999997496605,0.11499999742955,1965,1,1965
51.8667,10.3333,1965-01-25,-1.43999996781349,1.73999996110797,0.149999996647239,1965,1,1965
51.8667,10.3333,1965-01-26,-1.17999997362494,1.49999996647239,0.159999996423721,1965,1,1965
51.8667,10.3333,1965-01-27,-3.46999992243946,-0.939999978989363,-2.20499995071441,1965,1,1965
51.8667,10.3333,1965-01-28,-4.85999989137053,-2.8699999358505,-3.86499991361052,1965,1,1965
51.8667,10.3333,1965-01-29,-8.05999981984496,-2.16999995149672,-5.11499988567084,1965,1,1965
51.8667,10.3333,1965-01-30,-3.40999992378056,0.0599999986588955,-1.67499996256083,1965,1,1965
51.8667,10.3333,1965-01-31,-2.49999994412065,0.219999995082617,-1.13999997451901,1965,1,1965
51.8667,10.3333,1965-02-01,-6.81999984756112,-2.01999995484948,-4.4199999012053,1965,2,1965
51.8667,10.3333,1965-02-02,-5.02999988757074,-0.759999983012676,-2.89499993529171,1965,2,1965
51.8667,10.3333,1965-02-03,-7.75999982655048,-1.03999997675419,-4.39999990165234,1965,2,1965
51.8667,10.3333,1965-02-04,-1.92999995686114,0.229999994859099,-0.849999981001019,1965,2,1965
51.8667,10.3333,1965-02-05,-2.71999993920326,1.97999995574355,-0.369999991729856,1965,2,1965
51.8667,10.3333,1965-02-06,-1.72999996133149,0.539999987930059,-0.594999986700714,1965,2,1965
51.8667,10.3333,1965-02-07,-1.78999995999038,0.219999995082617,-0.784999982453883,1965,2,1965
51.8667,10.3333,1965-02-08,-0.799999982118607,1.5499999653548,0.374999991618097,1965,2,1965
51.8667,10.3333,1965-02-09,-5.08999988622963,1.44999996758997,-1.81999995931983,1965,2,1965
51.8667,10.3333,1965-02-10,-9.9299997780472,-4.15999990701675,-7.04499984253198,1965,2,1965
51.8667,10.3333,1965-02-11,-10.2699997704476,0.119999997317791,-5.07499988656491,1965,2,1965
51.8667,10.3333,1965-02-12,-2.09999995306134,1.27999997138977,-0.409999990835786,1965,2,1965
51.8667,10.3333,1965-02-13,-0.519999988377094,1.57999996468425,0.529999988153577,1965,2,1965
51.8667,10.3333,1965-02-14,-1.32999997027218,1.95999995619059,0.314999992959201,1965,2,1965
51.8667,10.3333,1965-02-15,-2.4099999461323,0.769999982789159,-0.819999981671572,1965,2,1965
51.8667,10.3333,1965-02-16,-4.97999988868833,-1.30999997071922,-3.14499992970377,1965,2,1965
51.8667,10.3333,1965-02-17,-7.19999983906746,-3.41999992355704,-5.30999988131225,1965,2,1965
51.8667,10.3333,1965-02-18,-6.57999985292554,-4.019999910146,-5.29999988153577,1965,2,1965
51.8667,10.3333,1965-02-19,-9.38999979011714,-3.89999991282821,-6.64499985147268,1965,2,1965
51.8667,10.3333,1965-02-20,-11.169999750331,-4.53999989852309,-7.85499982442707,1965,2,1965
51.8667,10.3333,1965-02-21,-7.33999983593822,-5.12999988533556,-6.23499986063689,1965,2,1965
51.8667,10.3333,1965-02-22,-7.59999983012676,-3.85999991372228,-5.72999987192452,1965,2,1965
51.8667,10.3333,1965-02-23,-7.5199998319149,-2.57999994233251,-5.0499998871237,1965,2,1965
51.8667,10.3333,1965-02-24,-8.1499998178333,-1.99999995529652,-5.07499988656491,1965,2,1965
51.8667,10.3333,1965-02-25,-3.77999991551042,0.779999982565641,-1.49999996647239,1965,2,1965
51.8667,10.3333,1965-02-26,-10.6199997626245,-1.27999997138977,-5.94999986700714,1965,2,1965
51.8667,10.3333,1965-02-27,-13.179999705404,-1.76999996043742,-7.47499983292073,1965,2,1965
51.8667,10.3333,1965-02-28,-6.43999985605478,-2.25999994948506,-4.34999990276992,1965,2,1965
51.8667,10.3333,1965-03-01,-6.4899998549372,-0.149999996647239,-3.31999992579222,1965,3,1965
51.8667,10.3333,1965-03-02,-4.60999989695847,0.409999990835786,-2.09999995306134,1965,3,1965
51.8667,10.3333,1965-03-03,-7.25999983772635,-3.29999992623925,-5.2799998819828,1965,3,1965
51.8667,10.3333,1965-03-04,-8.86999980174005,-5.739999871701,-7.30499983672053,1965,3,1965
51.8667,10.3333,1965-03-05,-12.039999730885,-3.3899999242276,-7.71499982755631,1965,3,1965
51.8667,10.3333,1965-03-06,-11.8599997349083,-1.15999997407198,-6.50999985449016,1965,3,1965
51.8667,10.3333,1965-03-07,-11.0799997523427,-2.53999994322658,-6.80999984778464,1965,3,1965
51.8667,10.3333,1965-03-08,-10.1999997720122,-1.63999996334314,-5.91999986767769,1965,3,1965
51.8667,10.3333,1965-03-09,-14.3299996796995,-1.89999995753169,-8.11499981861562,1965,3,1965
51.8667,10.3333,1965-03-10,-4.52999989874661,0.439999990165234,-2.04499995429069,1965,3,1965
51.8667,10.3333,1965-03-11,-5.3399998806417,2.19999995082617,-1.56999996490777,1965,3,1965
51.8667,10.3333,1965-03-12,-8.53999980911613,4.95999988913536,-1.78999995999038,1965,3,1965
51.8667,10.3333,1965-03-13,-6.11999986320734,7.39999983459711,0.639999985694885,1965,3,1965
51.8667,10.3333,1965-03-14,-5.84999986924231,8.49999981001019,1.32499997038394,1965,3,1965
51.8667,10.3333,1965-03-15,-1.99999995529652,8.41999981179833,3.20999992825091,1965,3,1965
51.8667,10.3333,1965-03-16,3.60999991931021,7.49999983236194,5.55499987583607,1965,3,1965
51.8667,10.3333,1965-03-17,4.59999989718199,8.039999820292,6.31999985873699,1965,3,1965
51.8667,10.3333,1965-03-18,2.66999994032085,7.71999982744455,5.1949998838827,1965,3,1965
51.8667,10.3333,1965-03-19,2.68999993987381,9.50999978743494,6.09999986365438,1965,3,1965
51.8667,10.3333,1965-03-20,-0.639999985694885,4.82999989204109,2.0949999531731,1965,3,1965
51.8667,10.3333,1965-03-21,-1.51999996602535,3.48999992199242,0.984999977983534,1965,3,1965
51.8667,10.3333,1965-03-22,-1.46999996714294,3.11999993026257,0.824999981559813,1965,3,1965
51.8667,10.3333,1965-03-23,-4.1899999063462,4.06999990902841,-0.0599999986588955,1965,3,1965
51.8667,10.3333,1965-03-24,-2.34999994747341,6.8899998459965,2.26999994926155,1965,3,1965
51.8667,10.3333,1965-03-25,3.47999992221594,7.44999983347952,5.46499987784773,1965,3,1965
51.8667,10.3333,1965-03-26,0.819999981671572,5.40999987907708,3.11499993037432,1965,3,1965
51.8667,10.3333,1965-03-27,0.26999999396503,6.39999985694885,3.33499992545694,1965,3,1965
51.8667,10.3333,1965-03-28,0.57999998703599,5.63999987393618,3.10999993048608,1965,3,1965
51.8667,10.3333,1965-03-29,3.85999991372228,9.8199997805059,6.83999984711409,1965,3,1965
51.8667,10.3333,1965-03-30,2.98999993316829,13.9499996881932,8.46999981068075,1965,3,1965
51.8667,10.3333,1965-03-31,2.60999994166195,11.8199997358024,7.21499983873218,1965,3,1965
51.8667,10.3333,1965-04-01,-1.92999995686114,10.4999997653067,4.28499990422279,1965,4,1965
51.8667,10.3333,1965-04-02,-2.21999995037913,11.459999743849,4.61999989673495,1965,4,1965
51.8667,10.3333,1965-04-03,-1.17999997362494,14.0099996868521,6.41499985661358,1965,4,1965
51.8667,10.3333,1965-04-04,0.92999997921288,15.1099996622652,8.01999982073903,1965,4,1965
51.8667,10.3333,1965-04-05,1.98999995552003,13.8599996902049,7.92499982286245,1965,4,1965
51.8667,10.3333,1965-04-06,5.20999988354743,15.20999966003,10.2099997717887,1965,4,1965
51.8667,10.3333,1965-04-07,2.9299999345094,16.4899996314198,9.70999978296459,1965,4,1965
51.8667,10.3333,1965-04-08,3.81999991461635,10.9999997541308,7.40999983437359,1965,4,1965
51.8667,10.3333,1965-04-09,3.08999993093312,7.72999982722104,5.40999987907708,1965,4,1965
51.8667,10.3333,1965-04-10,1.34999996982515,5.97999986633658,3.66499991808087,1965,4,1965
51.8667,10.3333,1965-04-11,-0.209999995306134,12.079999729991,5.93499986734241,1965,4,1965
51.8667,10.3333,1965-04-12,4.6499998960644,9.19999979436398,6.92499984521419,1965,4,1965
51.8667,10.3333,1965-04-13,2.02999995462596,9.49999978765845,5.76499987114221,1965,4,1965
51.8667,10.3333,1965-04-14,1.49999996647239,7.39999983459711,4.44999990053475,1965,4,1965
51.8667,10.3333,1965-04-15,-0.419999990612268,6.31999985873699,2.94999993406236,1965,4,1965
51.8667,10.3333,1965-04-16,-1.90999995730817,9.27999979257584,3.68499991763383,1965,4,1965
51.8667,10.3333,1965-04-17,3.18999992869794,7.61999982967973,5.40499987918884,1965,4,1965
51.8667,10.3333,1965-04-18,0.119999997317791,6.44999985583127,3.28499992657453,1965,4,1965
51.8667,10.3333,1965-04-19,1.61999996379018,6.87999984622002,4.2499999050051,1965,4,1965
51.8667,10.3333,1965-04-20,-0.839999981224537,6.99999984353781,3.07999993115664,1965,4,1965
51.8667,10.3333,1965-04-21,-1.19999997317791,8.19999981671572,3.4999999217689,1965,4,1965
51.8667,10.3333,1965-04-22,2.51999994367361,9.5899997856468,6.0549998646602,1965,4,1965
51.8667,10.3333,1965-04-23,3.29999992623925,7.04999984242022,5.17499988432974,1965,4,1965
51.8667,10.3333,1965-04-24,3.62999991886318,9.65999978408217,6.64499985147268,1965,4,1965
51.8667,10.3333,1965-04-25,1.73999996110797,6.72999984957278,4.23499990534037,1965,4,1965
51.8667,10.3333,1965-04-26,1.06999997608364,7.67999982833862,4.37499990221113,1965,4,1965
51.8667,10.3333,1965-04-27,0.429999990388751,8.3799998126924,4.40499990154058,1965,4,1965
51.8667,10.3333,1965-04-28,2.09999995306134,7.40999983437359,4.75499989371747,1965,4,1965
51.8667,10.3333,1965-04-29,0.34999999217689,5.39999987930059,2.87499993573874,1965,4,1965
51.8667,10.3333,1965-04-30,3.14999992959201,6.68999985046685,4.91999989002943,1965,4,1965
51.8667,10.3333,1965-05-01,3.14999992959201,8.87999980151653,6.01499986555427,1965,5,NA
51.8667,10.3333,1965-05-02,1.64999996311963,12.6699997168034,7.15999983996153,1965,5,NA
51.8667,10.3333,1965-05-03,2.62999994121492,15.6099996510893,9.11999979615211,1965,5,NA
51.8667,10.3333,1965-05-04,4.55999989807606,15.0899996627122,9.82499978039414,1965,5,NA
51.8667,10.3333,1965-05-05,6.5999998524785,13.9299996886402,10.2649997705594,1965,5,NA
51.8667,10.3333,1965-05-06,5.80999987013638,10.9999997541308,8.40499981213361,1965,5,NA
51.8667,10.3333,1965-05-07,5.15999988466501,9.15999979525805,7.15999983996153,1965,5,NA
51.8667,10.3333,1965-05-08,4.29999990388751,9.40999978967011,6.85499984677881,1965,5,NA
51.8667,10.3333,1965-05-09,7.59999983012676,12.5799997188151,10.0899997744709,1965,5,NA
51.8667,10.3333,1965-05-10,6.44999985583127,12.1999997273088,9.32499979157001,1965,5,NA
51.8667,10.3333,1965-05-11,4.54999989829957,7.14999984018505,5.84999986924231,1965,5,NA
51.8667,10.3333,1965-05-12,4.07999990880489,8.68999980576336,6.38499985728413,1965,5,NA
51.8667,10.3333,1965-05-13,4.56999989785254,14.7599996700883,9.66499978397042,1965,5,NA
51.8667,10.3333,1965-05-14,6.51999985426664,16.8499996233732,11.6849997388199,1965,5,NA
51.8667,10.3333,1965-05-15,7.67999982833862,19.1599995717406,13.4199997000396,1965,5,NA
51.8667,10.3333,1965-05-16,9.86999977938831,22.5799994952977,16.224999637343,1965,5,NA
51.8667,10.3333,1965-05-17,10.9799997545779,17.9499995987862,14.4649996766821,1965,5,NA
51.8667,10.3333,1965-05-18,10.7399997599423,18.7199995815754,14.7299996707588,1965,5,NA
51.8667,10.3333,1965-05-19,8.77999980375171,14.8799996674061,11.8299997355789,1965,5,NA
51.8667,10.3333,1965-05-20,2.37999994680285,9.91999977827072,6.14999986253679,1965,5,NA
51.8667,10.3333,1965-05-21,0.30999999307096,7.68999982811511,3.99999991059303,1965,5,NA
51.8667,10.3333,1965-05-22,0.129999997094274,10.919999755919,5.52499987650663,1965,5,NA
51.8667,10.3333,1965-05-23,1.42999996803701,14.8099996689707,8.11999981850386,1965,5,NA
51.8667,10.3333,1965-05-24,7.15999983996153,14.919999666512,11.0399997532368,1965,5,NA
51.8667,10.3333,1965-05-25,7.79999982565641,12.889999711886,10.3449997687712,1965,5,NA
51.8667,10.3333,1965-05-26,7.66999982856214,16.9199996218085,12.2949997251853,1965,5,NA
51.8667,10.3333,1965-05-27,7.20999983884394,10.069999774918,8.63999980688095,1965,5,NA
51.8667,10.3333,1965-05-28,5.23999988287687,12.5899997185916,8.91499980073422,1965,5,NA
51.8667,10.3333,1965-05-29,4.83999989181757,15.2199996598065,10.029999775812,1965,5,NA
51.8667,10.3333,1965-05-30,6.15999986231327,15.8599996455014,11.0099997539073,1965,5,NA
51.8667,10.3333,1965-05-31,3.2699999269098,15.2199996598065,9.24499979335815,1965,5,NA
51.8667,10.3333,1965-06-01,6.69999985024333,12.5299997199327,9.614999785088,1965,6,NA
51.8667,10.3333,1965-06-02,5.47999987751245,13.5699996966869,9.52499978709966,1965,6,NA
51.8667,10.3333,1965-06-03,2.20999995060265,16.4699996318668,9.33999979123473,1965,6,NA
51.8667,10.3333,1965-06-04,3.99999991059303,15.2699996586889,9.63499978464097,1965,6,NA
51.8667,10.3333,1965-06-05,4.96999988891184,17.0799996182323,11.024999753572,1965,6,NA
51.8667,10.3333,1965-06-06,9.63999978452921,14.9499996658415,12.2949997251853,1965,6,NA
51.8667,10.3333,1965-06-07,10.2399997711182,13.4499996993691,11.8449997352436,1965,6,NA
51.8667,10.3333,1965-06-08,10.9099997561425,17.8699996005744,14.3899996783584,1965,6,NA
51.8667,10.3333,1965-06-09,8.97999979928136,18.6899995822459,13.8349996907637,1965,6,NA
51.8667,10.3333,1965-06-10,11.2699997480959,17.509999608621,14.3899996783584,1965,6,NA
51.8667,10.3333,1965-06-11,10.2299997713417,17.6299996059388,13.9299996886402,1965,6,NA
51.8667,10.3333,1965-06-12,7.91999982297421,13.6999996937811,10.8099997583777,1965,6,NA
51.8667,10.3333,1965-06-13,6.86999984644353,14.4199996776879,10.6449997620657,1965,6,NA
51.8667,10.3333,1965-06-14,9.77999978139997,12.8099997136742,11.2949997475371,1965,6,NA
51.8667,10.3333,1965-06-15,6.03999986499548,18.4899995867163,12.2649997258559,1965,6,NA
51.8667,10.3333,1965-06-16,9.55999978631735,21.1499995272607,15.354999656789,1965,6,NA
51.8667,10.3333,1965-06-17,13.5799996964633,23.2099994812161,18.3949995888397,1965,6,NA
51.8667,10.3333,1965-06-18,9.41999978944659,15.8999996446073,12.6599997170269,1965,6,NA
51.8667,10.3333,1965-06-19,7.78999982587993,15.0299996640533,11.4099997449666,1965,6,NA
51.8667,10.3333,1965-06-20,11.4399997442961,16.6899996269494,14.0649996856228,1965,6,NA
51.8667,10.3333,1965-06-21,7.85999982431531,18.7899995800108,13.324999702163,1965,6,NA
51.8667,10.3333,1965-06-22,9.16999979503453,22.1999995037913,15.6849996494129,1965,6,NA
51.8667,10.3333,1965-06-23,14.4999996758997,22.2399995028973,18.3699995893985,1965,6,NA
51.8667,10.3333,1965-06-24,10.9099997561425,18.2399995923042,14.5749996742234,1965,6,NA
51.8667,10.3333,1965-06-25,11.3999997451901,20.2099995482713,15.8049996467307,1965,6,NA
51.8667,10.3333,1965-06-26,10.7099997606128,23.9899994637817,17.3499996121973,1965,6,NA
51.8667,10.3333,1965-06-27,13.3199997022748,21.2899995241314,17.3049996132031,1965,6,NA
51.8667,10.3333,1965-06-28,8.96999979950488,18.4799995869398,13.7249996932223,1965,6,NA
51.8667,10.3333,1965-06-29,6.63999985158443,18.6399995833635,12.639999717474,1965,6,NA
51.8667,10.3333,1965-06-30,8.32999981380999,19.3199995681643,13.8249996909872,1965,6,NA
51.8667,10.3333,1965-07-01,7.37999983504415,24.3599994555116,15.8699996452779,1965,7,NA
51.8667,10.3333,1965-07-02,8.38999981246889,17.6599996052682,13.0249997088686,1965,7,NA
51.8667,10.3333,1965-07-03,4.50999989919364,13.75999969244,9.13499979581684,1965,7,NA
51.8667,10.3333,1965-07-04,7.18999983929098,12.8699997123331,10.029999775812,1965,7,NA
51.8667,10.3333,1965-07-05,6.12999986298382,13.1099997069687,9.61999978497624,1965,7,NA
51.8667,10.3333,1965-07-06,5.91999986767769,12.909999711439,9.41499978955835,1965,7,NA
51.8667,10.3333,1965-07-07,7.1199998408556,13.4799996986985,10.2999997697771,1965,7,NA
51.8667,10.3333,1965-07-08,9.39999978989363,16.5999996289611,12.9999997094274,1965,7,NA
51.8667,10.3333,1965-07-09,7.81999982520938,14.0799996852875,10.9499997552484,1965,7,NA
51.8667,10.3333,1965-07-10,6.54999985359609,12.6999997161329,9.62499978486449,1965,7,NA
51.8667,10.3333,1965-07-11,6.83999984711409,13.0599997080863,9.94999977760017,1965,7,NA
51.8667,10.3333,1965-07-12,8.34999981336296,17.3999996110797,12.8749997122213,1965,7,NA
51.8667,10.3333,1965-07-13,13.5699996966869,15.9699996430427,14.7699996698648,1965,7,NA
51.8667,10.3333,1965-07-14,13.7399996928871,24.659999448806,19.1999995708466,1965,7,NA
51.8667,10.3333,1965-07-15,14.0799996852875,23.0799994841218,18.5799995847046,1965,7,NA
51.8667,10.3333,1965-07-16,12.9199997112155,23.8999994657934,18.4099995885044,1965,7,NA
51.8667,10.3333,1965-07-17,13.9499996881932,21.509999519214,17.7299996037036,1965,7,NA
51.8667,10.3333,1965-07-18,11.8299997355789,16.6899996269494,14.2599996812642,1965,7,NA
51.8667,10.3333,1965-07-19,10.5699997637421,15.3699996564537,12.9699997100979,1965,7,NA
51.8667,10.3333,1965-07-20,13.3499997016042,18.1399995945394,15.7449996480718,1965,7,NA
51.8667,10.3333,1965-07-21,13.3699997011572,23.6099994722754,18.4899995867163,1965,7,NA
51.8667,10.3333,1965-07-22,12.1099997293204,18.9099995773286,15.5099996533245,1965,7,NA
51.8667,10.3333,1965-07-23,10.609999762848,19.7499995585531,15.1799996607006,1965,7,NA
51.8667,10.3333,1965-07-24,11.479999743402,18.5699995849282,15.0249996641651,1965,7,NA
51.8667,10.3333,1965-07-25,10.0799997746944,16.9799996204674,13.5299996975809,1965,7,NA
51.8667,10.3333,1965-07-26,9.25999979302287,19.2899995688349,14.2749996809289,1965,7,NA
51.8667,10.3333,1965-07-27,9.02999979816377,14.5399996750057,11.7849997365847,1965,7,NA
51.8667,10.3333,1965-07-28,8.84999980218709,13.6299996953458,11.2399997487664,1965,7,NA
51.8667,10.3333,1965-07-29,9.46999978832901,13.5399996973574,11.5049997428432,1965,7,NA
51.8667,10.3333,1965-07-30,11.4899997431785,15.5599996522069,13.5249996976927,1965,7,NA
51.8667,10.3333,1965-07-31,10.0799997746944,14.3699996788055,12.22499972675,1965,7,NA
51.8667,10.3333,1965-08-01,7.29999983683228,12.349999723956,9.82499978039414,1965,8,NA
51.8667,10.3333,1965-08-02,5.25999988242984,16.6299996282905,10.9449997553602,1965,8,NA
51.8667,10.3333,1965-08-03,6.83999984711409,16.2699996363372,11.5549997417256,1965,8,NA
51.8667,10.3333,1965-08-04,9.05999979749322,15.5899996515363,12.3249997245148,1965,8,NA
51.8667,10.3333,1965-08-05,9.6999997831881,16.8199996240437,13.2599997036159,1965,8,NA
51.8667,10.3333,1965-08-06,10.1499997731298,24.0399994626641,17.094999617897,1965,8,NA
51.8667,10.3333,1965-08-07,15.5599996522069,23.0699994843453,19.3149995682761,1965,8,NA
51.8667,10.3333,1965-08-08,12.9799997098744,18.6799995824695,15.8299996461719,1965,8,NA
51.8667,10.3333,1965-08-09,9.71999978274107,15.9899996425956,12.8549997126684,1965,8,NA
51.8667,10.3333,1965-08-10,8.18999981693923,16.1899996381253,12.1899997275323,1965,8,NA
51.8667,10.3333,1965-08-11,7.38999983482063,16.4499996323138,11.9199997335672,1965,8,NA
51.8667,10.3333,1965-08-12,7.15999983996153,17.0299996193498,12.0949997296557,1965,8,NA
51.8667,10.3333,1965-08-13,4.31999990344048,17.9799995981157,11.1499997507781,1965,8,NA
51.8667,10.3333,1965-08-14,6.84999984689057,18.5499995853752,12.6999997161329,1965,8,NA
51.8667,10.3333,1965-08-15,7.02999984286726,20.4699995424598,13.7499996926636,1965,8,NA
51.8667,10.3333,1965-08-16,7.48999983258545,19.7399995587766,13.614999695681,1965,8,NA
51.8667,10.3333,1965-08-17,8.80999980308115,21.3499995227903,15.0799996629357,1965,8,NA
51.8667,10.3333,1965-08-18,9.8199997805059,22.4599994979799,16.1399996392429,1965,8,NA
51.8667,10.3333,1965-08-19,11.7599997371435,23.3999994769692,17.5799996070564,1965,8,NA
51.8667,10.3333,1965-08-20,11.9199997335672,24.7699994463474,18.3449995899573,1965,8,NA
51.8667,10.3333,1965-08-21,13.21999970451,22.7399994917214,17.9799995981157,1965,8,NA
51.8667,10.3333,1965-08-22,12.4899997208267,18.8899995777756,15.6899996493012,1965,8,NA
51.8667,10.3333,1965-08-23,12.1899997275323,19.0599995739758,15.624999650754,1965,8,NA
51.8667,10.3333,1965-08-24,11.0999997518957,16.369999634102,13.7349996929988,1965,8,NA
51.8667,10.3333,1965-08-25,8.6099998075515,18.4699995871633,13.5399996973574,1965,8,NA
51.8667,10.3333,1965-08-26,8.28999981470406,14.6799996718764,11.4849997432902,1965,8,NA
51.8667,10.3333,1965-08-27,6.4899998549372,14.0399996861815,10.2649997705594,1965,8,NA
51.8667,10.3333,1965-08-28,6.4899998549372,13.6299996953458,10.0599997751415,1965,8,NA
51.8667,10.3333,1965-08-29,6.35999985784292,16.2699996363372,11.31499974709,1965,8,NA
51.8667,10.3333,1965-08-30,8.90999980084598,16.5899996291846,12.7499997150153,1965,8,NA
51.8667,10.3333,1965-08-31,6.79999984800816,14.049999685958,10.4249997669831,1965,8,NA
51.8667,10.3333,1965-09-01,6.99999984353781,14.7299996707588,10.8649997571483,1965,9,NA
51.8667,10.3333,1965-09-02,8.25999981537461,13.7299996931106,10.9949997542426,1965,9,NA
51.8667,10.3333,1965-09-03,10.1699997726828,16.2699996363372,13.21999970451,1965,9,NA
51.8667,10.3333,1965-09-04,10.5899997632951,17.5899996068329,14.089999685064,1965,9,NA
51.8667,10.3333,1965-09-05,9.16999979503453,12.3799997232854,10.77499975916,1965,9,NA
51.8667,10.3333,1965-09-06,6.81999984756112,18.7799995802343,12.7999997138977,1965,9,NA
51.8667,10.3333,1965-09-07,8.30999981425703,13.1599997058511,10.7349997600541,1965,9,NA
51.8667,10.3333,1965-09-08,7.36999983526766,13.9399996884167,10.6549997618422,1965,9,NA
51.8667,10.3333,1965-09-09,8.8999998010695,15.5799996517599,12.2399997264147,1965,9,NA
51.8667,10.3333,1965-09-10,10.3999997675419,15.5899996515363,12.9949997095391,1965,9,NA
51.8667,10.3333,1965-09-11,9.14999979548156,15.479999653995,12.3149997247383,1965,9,NA
51.8667,10.3333,1965-09-12,5.67999987304211,14.3199996799231,9.99999977648258,1965,9,NA
51.8667,10.3333,1965-09-13,7.45999983325601,11.8399997353554,9.64999978430569,1965,9,NA
51.8667,10.3333,1965-09-14,7.67999982833862,12.909999711439,10.2949997698888,1965,9,NA
51.8667,10.3333,1965-09-15,5.86999986879528,12.7199997156858,9.29499979224056,1965,9,NA
51.8667,10.3333,1965-09-16,6.23999986052513,17.3599996119738,11.7999997362494,1965,9,NA
51.8667,10.3333,1965-09-17,7.16999983973801,19.9499995540828,13.5599996969104,1965,9,NA
51.8667,10.3333,1965-09-18,10.7199997603893,20.5399995408952,15.6299996506423,1965,9,NA
51.8667,10.3333,1965-09-19,11.1199997514486,18.7699995804578,14.9449996659532,1965,9,NA
51.8667,10.3333,1965-09-20,7.1199998408556,14.2299996819347,10.6749997613952,1965,9,NA
51.8667,10.3333,1965-09-21,3.30999992601573,14.4599996767938,8.88499980140477,1965,9,NA
51.8667,10.3333,1965-09-22,3.20999992825091,16.6199996285141,9.91499977838248,1965,9,NA
51.8667,10.3333,1965-09-23,6.87999984622002,20.2099995482713,13.5449996972457,1965,9,NA
51.8667,10.3333,1965-09-24,6.92999984510243,20.5099995415658,13.7199996933341,1965,9,NA
51.8667,10.3333,1965-09-25,9.68999978341162,21.7499995138496,15.7199996486306,1965,9,NA
51.8667,10.3333,1965-09-26,7.39999983459711,21.2099995259196,14.3049996802583,1965,9,NA
51.8667,10.3333,1965-09-27,8.38999981246889,19.8599995560944,14.1249996842816,1965,9,NA
51.8667,10.3333,1965-09-28,7.76999982632697,12.3899997230619,10.0799997746944,1965,9,NA
51.8667,10.3333,1965-09-29,6.98999984376132,11.6099997404963,9.2999997921288,1965,9,NA
51.8667,10.3333,1965-09-30,7.32999983616173,12.6699997168034,9.99999977648258,1965,9,NA
51.8667,10.3333,1965-10-01,6.41999985650182,16.5299996305257,11.4749997435138,1965,10,1966
51.8667,10.3333,1965-10-02,10.6699997615069,21.0999995283782,15.8849996449426,1965,10,1966
51.8667,10.3333,1965-10-03,9.9299997780472,16.1099996399134,13.0199997089803,1965,10,1966
51.8667,10.3333,1965-10-04,7.62999982945621,15.3699996564537,11.499999742955,1965,10,1966
51.8667,10.3333,1965-10-05,5.55999987572432,18.4099995885044,11.9849997321144,1965,10,1966
51.8667,10.3333,1965-10-06,7.01999984309077,17.2599996142089,12.1399997286499,1965,10,1966
51.8667,10.3333,1965-10-07,6.92999984510243,16.3199996352196,11.624999740161,1965,10,1966
51.8667,10.3333,1965-10-08,7.14999984018505,18.8599995784461,13.0049997093156,1965,10,1966
51.8667,10.3333,1965-10-09,7.10999984107912,11.5199997425079,9.31499979179353,1965,10,1966
51.8667,10.3333,1965-10-10,2.71999993920326,9.99999977648258,6.35999985784292,1965,10,1966
51.8667,10.3333,1965-10-11,0.109999997541308,11.6099997404963,5.85999986901879,1965,10,1966
51.8667,10.3333,1965-10-12,0.289999993517995,10.5399997644126,5.41499987896532,1965,10,1966
51.8667,10.3333,1965-10-13,3.77999991551042,12.7699997145683,8.27499981503934,1965,10,1966
51.8667,10.3333,1965-10-14,1.98999995552003,14.7299996707588,8.35999981313944,1965,10,1966
51.8667,10.3333,1965-10-15,3.88999991305172,15.2599996589124,9.57499978598207,1965,10,1966
51.8667,10.3333,1965-10-16,5.95999986678362,15.2599996589124,10.609999762848,1965,10,1966
51.8667,10.3333,1965-10-17,5.87999986857176,12.7599997147918,9.31999979168177,1965,10,1966
51.8667,10.3333,1965-10-18,2.21999995037913,8.8999998010695,5.55999987572432,1965,10,1966
51.8667,10.3333,1965-10-19,0.65999998524785,10.3099997695535,5.4849998774007,1965,10,1966
51.8667,10.3333,1965-10-20,1.29999997094274,9.6999997831881,5.49999987706542,1965,10,1966
51.8667,10.3333,1965-10-21,0.0499999988824129,10.359999768436,5.20499988365918,1965,10,1966
51.8667,10.3333,1965-10-22,-0.00999999977648258,9.9299997780472,4.95999988913536,1965,10,1966
51.8667,10.3333,1965-10-23,-1.8399999588728,10.1799997724593,4.16999990679324,1965,10,1966
51.8667,10.3333,1965-10-24,-1.20999997295439,12.1599997282028,5.47499987762421,1965,10,1966
51.8667,10.3333,1965-10-25,-1.13999997451901,11.3899997454137,5.12499988544732,1965,10,1966
51.8667,10.3333,1965-10-26,0.189999995753169,10.31999976933,5.2549998825416,1965,10,1966
51.8667,10.3333,1965-10-27,0.259999994188547,11.9599997326732,6.10999986343086,1965,10,1966
51.8667,10.3333,1965-10-28,3.61999991908669,15.9699996430427,9.79499978106469,1965,10,1966
51.8667,10.3333,1965-10-29,8.63999980688095,14.5799996741116,11.6099997404963,1965,10,1966
51.8667,10.3333,1965-10-30,5.57999987527728,12.5399997197092,9.05999979749322,1965,10,1966
51.8667,10.3333,1965-10-31,3.68999991752207,9.00999979861081,6.34999985806644,1965,10,1966
51.8667,10.3333,1965-11-01,4.27999990433455,7.67999982833862,5.97999986633658,1965,11,1966
51.8667,10.3333,1965-11-02,4.28999990411103,10.4099997673184,7.3499998357147,1965,11,1966
51.8667,10.3333,1965-11-03,3.80999991483986,9.37999979034066,6.59499985259026,1965,11,1966
51.8667,10.3333,1965-11-04,1.24999997206032,4.92999988980591,3.08999993093312,1965,11,1966
51.8667,10.3333,1965-11-05,-0.539999987930059,4.2499999050051,1.85499995853752,1965,11,1966
51.8667,10.3333,1965-11-06,-1.16999997384846,5.20999988354743,2.01999995484948,1965,11,1966
51.8667,10.3333,1965-11-07,-1.93999995663762,7.5799998305738,2.81999993696809,1965,11,1966
51.8667,10.3333,1965-11-08,-0.869999980553985,13.1499997060746,6.13999986276031,1965,11,1966
51.8667,10.3333,1965-11-09,5.09999988600612,12.3999997228384,8.74999980442226,1965,11,1966
51.8667,10.3333,1965-11-10,2.91999993473291,11.1399997510016,7.02999984286726,1965,11,1966
51.8667,10.3333,1965-11-11,1.27999997138977,6.35999985784292,3.81999991461635,1965,11,1966
51.8667,10.3333,1965-11-12,1.81999995931983,5.2799998819828,3.54999992065132,1965,11,1966
51.8667,10.3333,1965-11-13,-4.03999990969896,2.14999995194376,-0.944999978877604,1965,11,1966
51.8667,10.3333,1965-11-14,-6.1999998614192,-3.47999992221594,-4.83999989181757,1965,11,1966
51.8667,10.3333,1965-11-15,-6.79999984800816,-4.54999989829957,-5.67499987315387,1965,11,1966
51.8667,10.3333,1965-11-16,-9.88999977894127,-4.73999989405274,-7.31499983649701,1965,11,1966
51.8667,10.3333,1965-11-17,-8.8399998024106,-3.06999993138015,-5.95499986689538,1965,11,1966
51.8667,10.3333,1965-11-18,-8.05999981984496,-3.23999992758036,-5.64999987371266,1965,11,1966
51.8667,10.3333,1965-11-19,-6.07999986410141,-0.57999998703599,-3.3299999255687,1965,11,1966
51.8667,10.3333,1965-11-20,-4.92999988980591,-0.959999978542328,-2.94499993417412,1965,11,1966
51.8667,10.3333,1965-11-21,-4.31999990344048,-1.07999997586012,-2.6999999396503,1965,11,1966
51.8667,10.3333,1965-11-22,-6.67999985069036,-0.819999981671572,-3.74999991618097,1965,11,1966
51.8667,10.3333,1965-11-23,-13.3999997004867,-3.21999992802739,-8.30999981425703,1965,11,1966
51.8667,10.3333,1965-11-24,-13.7499996926636,-4.44999990053475,-9.09999979659915,1965,11,1966
51.8667,10.3333,1965-11-25,-6.99999984353781,0.239999994635582,-3.37999992445111,1965,11,1966
51.8667,10.3333,1965-11-26,-1.63999996334314,0.949999978765845,-0.344999992288649,1965,11,1966
51.8667,10.3333,1965-11-27,-1.99999995529652,1.70999996177852,-0.144999996758997,1965,11,1966
51.8667,10.3333,1965-11-28,-3.22999992780387,2.08999995328486,-0.569999987259507,1965,11,1966
51.8667,10.3333,1965-11-29,-1.61999996379018,2.10999995283782,0.244999994523823,1965,11,1966
51.8667,10.3333,1965-11-30,-2.02999995462596,2.42999994568527,0.199999995529652,1965,11,1966
51.8667,10.3333,1965-12-01,-1.51999996602535,5.05999988690019,1.76999996043742,1965,12,1966
51.8667,10.3333,1965-12-02,-1.79999995976686,0.859999980777502,-0.469999989494681,1965,12,1966
51.8667,10.3333,1965-12-03,-1.07999997586012,0.589999986812472,-0.244999994523823,1965,12,1966
51.8667,10.3333,1965-12-04,-0.299999993294477,2.28999994881451,0.994999977760017,1965,12,1966
51.8667,10.3333,1965-12-05,-1.51999996602535,1.82999995909631,0.15499999653548,1965,12,1966
51.8667,10.3333,1965-12-06,-1.7799999602139,8.40999981202185,3.31499992590398,1965,12,1966
51.8667,10.3333,1965-12-07,0.96999997831881,4.08999990858138,2.52999994345009,1965,12,1966
51.8667,10.3333,1965-12-08,0.669999985024333,1.67999996244907,1.1749999737367,1965,12,1966
51.8667,10.3333,1965-12-09,-0.999999977648258,1.10999997518957,0.0549999987706542,1965,12,1966
51.8667,10.3333,1965-12-10,-1.8399999588728,2.90999993495643,0.534999988041818,1965,12,1966
51.8667,10.3333,1965-12-11,0.96999997831881,3.52999992109835,2.24999994970858,1965,12,1966
51.8667,10.3333,1965-12-12,-0.829999981448054,1.13999997451901,0.15499999653548,1965,12,1966
51.8667,10.3333,1965-12-13,-0.789999982342124,0.88999998010695,0.0499999988824129,1965,12,1966
51.8667,10.3333,1965-12-14,-1.3799999691546,1.20999997295439,-0.0849999981001019,1965,12,1966
51.8667,10.3333,1965-12-15,-3.02999993227422,1.3199999704957,-0.854999980889261,1965,12,1966
51.8667,10.3333,1965-12-16,-1.80999995954335,1.86999995820224,0.0299999993294477,1965,12,1966
51.8667,10.3333,1965-12-17,-3.06999993138015,1.3199999704957,-0.874999980442226,1965,12,1966
51.8667,10.3333,1965-12-18,-1.25999997183681,3.23999992758036,0.989999977871776,1965,12,1966
51.8667,10.3333,1965-12-19,2.74999993853271,9.45999978855252,6.10499986354262,1965,12,1966
51.8667,10.3333,1965-12-20,5.13999988511205,9.17999979481101,7.15999983996153,1965,12,1966
51.8667,10.3333,1965-12-21,0.57999998703599,5.01999988779426,2.79999993741512,1965,12,1966
51.8667,10.3333,1965-12-22,-1.06999997608364,1.62999996356666,0.279999993741512,1965,12,1966
51.8667,10.3333,1965-12-23,-1.20999997295439,0.569999987259507,-0.319999992847443,1965,12,1966
51.8667,10.3333,1965-12-24,-2.91999993473291,0.139999996870756,-1.38999996893108,1965,12,1966
51.8667,10.3333,1965-12-25,-0.449999989941716,2.67999994009733,1.11499997507781,1965,12,1966
51.8667,10.3333,1965-12-26,1.33999997004867,4.15999990701675,2.74999993853271,1965,12,1966
51.8667,10.3333,1965-12-27,-0.709999984130263,1.90999995730817,0.599999986588955,1965,12,1966
51.8667,10.3333,1965-12-28,-2.73999993875623,0.329999992623925,-1.20499997306615,1965,12,1966
51.8667,10.3333,1965-12-29,-4.29999990388751,-0.899999979883432,-2.59999994188547,1965,12,1966
51.8667,10.3333,1965-12-30,-3.41999992355704,-0.739999983459711,-2.07999995350838,1965,12,1966
51.8667,10.3333,1965-12-31,-3.73999991640449,0.519999988377094,-1.6099999640137,1965,12,1966
51.8667,10.3333,1966-01-01,0.109999997541308,1.89999995753169,1.0049999775365,1966,1,1966
51.8667,10.3333,1966-01-02,1.66999996267259,7.63999982923269,4.65499989595264,1966,1,1966
51.8667,10.3333,1966-01-03,1.92999995686114,4.8199998922646,3.37499992456287,1966,1,1966
51.8667,10.3333,1966-01-04,-1.51999996602535,3.23999992758036,0.859999980777502,1966,1,1966
51.8667,10.3333,1966-01-05,-7.94999982230365,-1.27999997138977,-4.61499989684671,1966,1,1966
51.8667,10.3333,1966-01-06,-10.2099997717887,-3.48999992199242,-6.84999984689057,1966,1,1966
51.8667,10.3333,1966-01-07,-9.87999977916479,-2.27999994903803,-6.07999986410141,1966,1,1966
51.8667,10.3333,1966-01-08,-5.54999987594783,0.829999981448054,-2.35999994724989,1966,1,1966
51.8667,10.3333,1966-01-09,-8.40999981202185,-1.46999996714294,-4.9399998895824,1966,1,1966
51.8667,10.3333,1966-01-10,-8.39999981224537,-4.35999990254641,-6.37999985739589,1966,1,1966
51.8667,10.3333,1966-01-11,-9.89999977871776,-5.5699998755008,-7.73499982710928,1966,1,1966
51.8667,10.3333,1966-01-12,-10.2199997715652,-7.63999982923269,-8.92999980039895,1966,1,1966
51.8667,10.3333,1966-01-13,-9.19999979436398,-7.62999982945621,-8.41499981191009,1966,1,1966
51.8667,10.3333,1966-01-14,-8.98999979905784,-5.52999987639487,-7.25999983772635,1966,1,1966
51.8667,10.3333,1966-01-15,-9.22999979369342,-7.04999984242022,-8.13999981805682,1966,1,1966
51.8667,10.3333,1966-01-16,-10.9299997556955,-6.87999984622002,-8.90499980095774,1966,1,1966
51.8667,10.3333,1966-01-17,-13.2899997029454,-7.23999983817339,-10.2649997705594,1966,1,1966
51.8667,10.3333,1966-01-18,-15.8399996459484,-9.50999978743494,-12.6749997166917,1966,1,1966
51.8667,10.3333,1966-01-19,-15.7599996477365,-6.73999984934926,-11.2499997485429,1966,1,1966
51.8667,10.3333,1966-01-20,-8.55999980866909,-3.98999991081655,-6.27499985974282,1966,1,1966
51.8667,10.3333,1966-01-21,-12.2299997266382,-5.2799998819828,-8.7549998043105,1966,1,1966
51.8667,10.3333,1966-01-22,-11.3799997456372,-1.98999995552003,-6.68499985057861,1966,1,1966
51.8667,10.3333,1966-01-23,-4.31999990344048,1.32999997027218,-1.49499996658415,1966,1,1966
51.8667,10.3333,1966-01-24,-2.62999994121492,1.00999997742474,-0.809999981895089,1966,1,1966
51.8667,10.3333,1966-01-25,-2.89999993517995,-0.569999987259507,-1.73499996121973,1966,1,1966
51.8667,10.3333,1966-01-26,-6.97999984398484,-0.759999983012676,-3.86999991349876,1966,1,1966
51.8667,10.3333,1966-01-27,-6.62999985180795,-0.489999989047647,-3.5599999204278,1966,1,1966
51.8667,10.3333,1966-01-28,-2.56999994255602,3.08999993093312,0.259999994188547,1966,1,1966
51.8667,10.3333,1966-01-29,2.21999995037913,4.30999990366399,3.26499992702156,1966,1,1966
51.8667,10.3333,1966-01-30,2.28999994881451,9.13999979570508,5.7149998722598,1966,1,1966
51.8667,10.3333,1966-01-31,5.37999987974763,9.93999977782369,7.65999982878566,1966,1,1966
51.8667,10.3333,1966-02-01,5.5099998768419,7.45999983325601,6.48499985504895,1966,2,1966
51.8667,10.3333,1966-02-02,2.55999994277954,7.31999983638525,4.9399998895824,1966,2,1966
51.8667,10.3333,1966-02-03,2.04999995417893,7.24999983794987,4.6499998960644,1966,2,1966
51.8667,10.3333,1966-02-04,2.81999993696809,6.94999984465539,4.88499989081174,1966,2,1966
51.8667,10.3333,1966-02-05,2.60999994166195,5.11999988555908,3.86499991361052,1966,2,1966
51.8667,10.3333,1966-02-06,2.32999994792044,8.77999980375171,5.55499987583607,1966,2,1966
51.8667,10.3333,1966-02-07,6.51999985426664,10.7599997594953,8.63999980688095,1966,2,1966
51.8667,10.3333,1966-02-08,-1.20999997295439,6.60999985225499,2.6999999396503,1966,2,1966
51.8667,10.3333,1966-02-09,-3.44999992288649,2.38999994657934,-0.529999988153577,1966,2,1966
51.8667,10.3333,1966-02-10,-9.20999979414046,1.85999995842576,-3.67499991785735,1966,2,1966
51.8667,10.3333,1966-02-11,-9.68999978341162,-2.98999993316829,-6.33999985828996,1966,2,1966
51.8667,10.3333,1966-02-12,-4.67999989539385,-1.23999997228384,-2.95999993383884,1966,2,1966
51.8667,10.3333,1966-02-13,-7.17999983951449,-3.25999992713332,-5.21999988332391,1966,2,1966
51.8667,10.3333,1966-02-14,-6.8299998473376,-1.74999996088445,-4.28999990411103,1966,2,1966
51.8667,10.3333,1966-02-15,-3.729999916628,-0.30999999307096,-2.01999995484948,1966,2,1966
51.8667,10.3333,1966-02-16,-3.88999991305172,-0.789999982342124,-2.33999994769692,1966,2,1966
51.8667,10.3333,1966-02-17,-4.57999989762902,-1.44999996758997,-3.0149999326095,1966,2,1966
51.8667,10.3333,1966-02-18,-5.84999986924231,-2.57999994233251,-4.21499990578741,1966,2,1966
51.8667,10.3333,1966-02-19,-5.2799998819828,-0.559999987483025,-2.91999993473291,1966,2,1966
51.8667,10.3333,1966-02-20,-3.61999991908669,5.52999987639487,0.954999978654087,1966,2,1966
51.8667,10.3333,1966-02-21,3.58999991975725,9.71999978274107,6.65499985124916,1966,2,1966
51.8667,10.3333,1966-02-22,5.20999988354743,12.0699997302145,8.63999980688095,1966,2,1966
51.8667,10.3333,1966-02-23,4.65999989584088,11.2599997483194,7.95999982208014,1966,2,1966
51.8667,10.3333,1966-02-24,2.35999994724989,8.4399998113513,5.39999987930059,1966,2,1966
51.8667,10.3333,1966-02-25,2.08999995328486,6.05999986454844,4.07499990891665,1966,2,1966
51.8667,10.3333,1966-02-26,4.6499998960644,9.759999781847,7.2049998389557,1966,2,1966
51.8667,10.3333,1966-02-27,6.30999985896051,10.359999768436,8.33499981369823,1966,2,1966
51.8667,10.3333,1966-02-28,5.07999988645315,9.53999978676438,7.30999983660877,1966,2,1966
51.8667,10.3333,1966-03-01,3.47999992221594,7.3499998357147,5.41499987896532,1966,3,1966
51.8667,10.3333,1966-03-02,3.23999992758036,5.3399998806417,4.28999990411103,1966,3,1966
51.8667,10.3333,1966-03-03,1.22999997250736,7.85999982431531,4.54499989841133,1966,3,1966
51.8667,10.3333,1966-03-04,0.449999989941716,8.85999980196357,4.65499989595264,1966,3,1966
51.8667,10.3333,1966-03-05,-1.15999997407198,7.94999982230365,3.39499992411584,1966,3,1966
51.8667,10.3333,1966-03-06,1.30999997071922,4.08999990858138,2.6999999396503,1966,3,1966
51.8667,10.3333,1966-03-07,-1.49999996647239,7.12999984063208,2.81499993707985,1966,3,1966
51.8667,10.3333,1966-03-08,2.57999994233251,7.04999984242022,4.81499989237636,1966,3,1966
51.8667,10.3333,1966-03-09,2.34999994747341,12.0899997297674,7.21999983862042,1966,3,1966
51.8667,10.3333,1966-03-10,0.749999983236194,5.70999987237155,3.22999992780387,1966,3,1966
51.8667,10.3333,1966-03-11,1.38999996893108,5.85999986901879,3.62499991897494,1966,3,1966
51.8667,10.3333,1966-03-12,0.589999986812472,5.26999988220632,2.9299999345094,1966,3,1966
51.8667,10.3333,1966-03-13,-2.26999994926155,1.33999997004867,-0.46499998960644,1966,3,1966
51.8667,10.3333,1966-03-14,-4.2499999050051,-2.07999995350838,-3.16499992925674,1966,3,1966
51.8667,10.3333,1966-03-15,-5.41999987885356,-0.239999994635582,-2.82999993674457,1966,3,1966
51.8667,10.3333,1966-03-16,-2.4099999461323,2.94999993406236,0.26999999396503,1966,3,1966
51.8667,10.3333,1966-03-17,-1.99999995529652,3.57999991998076,0.789999982342124,1966,3,1966
51.8667,10.3333,1966-03-18,2.48999994434416,4.39999990165234,3.44499992299825,1966,3,1966
51.8667,10.3333,1966-03-19,2.37999994680285,5.08999988622963,3.73499991651624,1966,3,1966
51.8667,10.3333,1966-03-20,-2.77999993786216,2.87999993562698,0.0499999988824129,1966,3,1966
51.8667,10.3333,1966-03-21,-6.00999986566603,5.98999986611307,-0.00999999977648258,1966,3,1966
51.8667,10.3333,1966-03-22,-1.41999996826053,6.89999984577298,2.73999993875623,1966,3,1966
51.8667,10.3333,1966-03-23,0.219999995082617,6.03999986499548,3.12999993003905,1966,3,1966
51.8667,10.3333,1966-03-24,1.07999997586012,5.02999988757074,3.05499993171543,1966,3,1966
51.8667,10.3333,1966-03-25,-1.82999995909631,3.18999992869794,0.679999984800816,1966,3,1966
51.8667,10.3333,1966-03-26,-3.19999992847443,0.859999980777502,-1.16999997384846,1966,3,1966
51.8667,10.3333,1966-03-27,-3.65999991819263,0.749999983236194,-1.45499996747822,1966,3,1966
51.8667,10.3333,1966-03-28,-0.65999998524785,5.89999986812472,2.61999994143844,1966,3,1966
51.8667,10.3333,1966-03-29,-0.419999990612268,3.37999992445111,1.47999996691942,1966,3,1966
51.8667,10.3333,1966-03-30,-1.40999996848404,2.42999994568527,0.509999988600612,1966,3,1966
51.8667,10.3333,1966-03-31,-2.51999994367361,1.47999996691942,-0.519999988377094,1966,3,1966
51.8667,10.3333,1966-04-01,-0.0399999991059303,4.29999990388751,2.12999995239079,1966,4,1966
51.8667,10.3333,1966-04-02,2.94999993406236,9.11999979615211,6.03499986510724,1966,4,1966
51.8667,10.3333,1966-04-03,2.50999994389713,13.6299996953458,8.06999981962144,1966,4,1966
51.8667,10.3333,1966-04-04,2.87999993562698,12.1399997286499,7.50999983213842,1966,4,1966
51.8667,10.3333,1966-04-05,4.1899999063462,8.81999980285764,6.50499985460192,1966,4,1966
51.8667,10.3333,1966-04-06,2.68999993987381,10.919999755919,6.8049998478964,1966,4,1966
51.8667,10.3333,1966-04-07,2.01999995484948,14.899999666959,8.45999981090426,1966,4,1966
51.8667,10.3333,1966-04-08,5.49999987706542,11.9599997326732,8.72999980486929,1966,4,1966
51.8667,10.3333,1966-04-09,6.30999985896051,10.9299997556955,8.61999980732799,1966,4,1966
51.8667,10.3333,1966-04-10,6.2599998600781,15.1299996618181,10.6949997609481,1966,4,1966
51.8667,10.3333,1966-04-11,7.94999982230365,12.2399997264147,10.0949997743592,1966,4,1966
51.8667,10.3333,1966-04-12,4.50999989919364,12.2399997264147,8.37499981280416,1966,4,1966
51.8667,10.3333,1966-04-13,0.719999983906746,5.53999987617135,3.12999993003905,1966,4,1966
51.8667,10.3333,1966-04-14,0.92999997921288,6.6599998511374,3.79499991517514,1966,4,1966
51.8667,10.3333,1966-04-15,-2.77999993786216,3.82999991439283,0.524999988265336,1966,4,1966
51.8667,10.3333,1966-04-16,-2.96999993361533,0.999999977648258,-0.984999977983534,1966,4,1966
51.8667,10.3333,1966-04-17,0.409999990835786,7.82999982498586,4.11999990791082,1966,4,1966
51.8667,10.3333,1966-04-18,2.55999994277954,6.58999985270202,4.57499989774078,1966,4,1966
51.8667,10.3333,1966-04-19,2.66999994032085,10.0599997751415,6.36499985773116,1966,4,1966
51.8667,10.3333,1966-04-20,7.1199998408556,12.619999717921,9.86999977938831,1966,4,1966
51.8667,10.3333,1966-04-21,6.43999985605478,13.179999705404,9.80999978072941,1966,4,1966
51.8667,10.3333,1966-04-22,0.549999987706542,7.64999982900918,4.09999990835786,1966,4,1966
51.8667,10.3333,1966-04-23,0.769999982789159,10.0599997751415,5.41499987896532,1966,4,1966
51.8667,10.3333,1966-04-24,5.54999987594783,14.9499996658415,10.2499997708946,1966,4,1966
51.8667,10.3333,1966-04-25,9.17999979481101,14.2599996812642,11.7199997380376,1966,4,1966
51.8667,10.3333,1966-04-26,7.63999982923269,13.3999997004867,10.5199997648597,1966,4,1966
51.8667,10.3333,1966-04-27,4.32999990321696,14.6199996732175,9.47499978821725,1966,4,1966
51.8667,10.3333,1966-04-28,5.85999986901879,17.7699996028095,11.8149997359142,1966,4,1966
51.8667,10.3333,1966-04-29,6.38999985717237,14.089999685064,10.2399997711182,1966,4,1966
51.8667,10.3333,1966-04-30,4.53999989852309,13.9899996872991,9.26499979291111,1966,4,1966
51.8667,10.3333,1966-05-01,1.86999995820224,16.7599996253848,9.31499979179353,1966,5,NA
51.8667,10.3333,1966-05-02,5.47999987751245,21.0899995286018,13.2849997030571,1966,5,NA
51.8667,10.3333,1966-05-03,7.3499998357147,23.0899994838983,15.2199996598065,1966,5,NA
51.8667,10.3333,1966-05-04,10.7299997601658,24.0299994628876,17.3799996115267,1966,5,NA
51.8667,10.3333,1966-05-05,10.069999774918,17.0899996180087,13.5799996964633,1966,5,NA
51.8667,10.3333,1966-05-06,8.99999979883432,13.7899996917695,11.3949997453019,1966,5,NA
51.8667,10.3333,1966-05-07,6.68999985046685,13.3399997018278,10.0149997761473,1966,5,NA
51.8667,10.3333,1966-05-08,4.95999988913536,12.4299997221678,8.69499980565161,1966,5,NA
51.8667,10.3333,1966-05-09,4.95999988913536,10.5199997648597,7.73999982699752,1966,5,NA
51.8667,10.3333,1966-05-10,6.47999985516071,11.189999749884,8.83499980252236,1966,5,NA
51.8667,10.3333,1966-05-11,4.76999989338219,7.85999982431531,6.31499985884875,1966,5,NA
51.8667,10.3333,1966-05-12,4.20999990589917,11.189999749884,7.69999982789159,1966,5,NA
51.8667,10.3333,1966-05-13,5.37999987974763,19.0499995741993,12.2149997269735,1966,5,NA
51.8667,10.3333,1966-05-14,7.35999983549118,21.7499995138496,14.5549996746704,1966,5,NA
51.8667,10.3333,1966-05-15,9.46999978832901,21.799999512732,15.6349996505305,1966,5,NA
51.8667,10.3333,1966-05-16,10.4299997668713,20.7899995353073,15.6099996510893,1966,5,NA
51.8667,10.3333,1966-05-17,10.1299997735769,21.1699995268136,15.6499996501952,1966,5,NA
51.8667,10.3333,1966-05-18,11.0699997525662,25.0699994396418,18.069999596104,1966,5,NA
51.8667,10.3333,1966-05-19,12.3199997246265,24.4199994541705,18.3699995893985,1966,5,NA
51.8667,10.3333,1966-05-20,8.96999979950488,15.4399996548891,12.204999727197,1966,5,NA
51.8667,10.3333,1966-05-21,6.69999985024333,13.1499997060746,9.92499977815896,1966,5,NA
51.8667,10.3333,1966-05-22,4.14999990724027,14.9499996658415,9.54999978654087,1966,5,NA
51.8667,10.3333,1966-05-23,10.1699997726828,21.9899995084852,16.079999640584,1966,5,NA
51.8667,10.3333,1966-05-24,6.97999984398484,18.4599995873868,12.7199997156858,1966,5,NA
51.8667,10.3333,1966-05-25,5.52999987639487,14.8899996671826,10.2099997717887,1966,5,NA
51.8667,10.3333,1966-05-26,5.67999987304211,14.1299996841699,9.904999778606,1966,5,NA
51.8667,10.3333,1966-05-27,7.52999983169138,10.3499997686595,8.93999980017543,1966,5,NA
51.8667,10.3333,1966-05-28,6.49999985471368,11.1599997505546,8.82999980263412,1966,5,NA
51.8667,10.3333,1966-05-29,6.10999986343086,12.6099997181445,9.3599997907877,1966,5,NA
51.8667,10.3333,1966-05-30,3.58999991975725,11.7999997362494,7.69499982800335,1966,5,NA
51.8667,10.3333,1966-05-31,2.6399999409914,14.8899996671826,8.76499980408698,1966,5,NA
51.8667,10.3333,1966-06-01,7.15999983996153,15.0299996640533,11.0949997520074,1966,6,NA
51.8667,10.3333,1966-06-02,7.0599998421967,14.8199996687472,10.9399997554719,1966,6,NA
51.8667,10.3333,1966-06-03,6.32999985851347,12.1899997275323,9.25999979302287,1966,6,NA
51.8667,10.3333,1966-06-04,5.1099998857826,15.0899996627122,10.0999997742474,1966,6,NA
51.8667,10.3333,1966-06-05,7.36999983526766,22.0399995073676,14.7049996713176,1966,6,NA
51.8667,10.3333,1966-06-06,12.5299997199327,26.0299994181842,19.2799995690584,1966,6,NA
51.8667,10.3333,1966-06-07,13.1099997069687,21.1499995272607,17.1299996171147,1966,6,NA
51.8667,10.3333,1966-06-08,12.4999997206032,21.5399995185435,17.0199996195734,1966,6,NA
51.8667,10.3333,1966-06-09,11.1099997516721,20.8699995335191,15.9899996425956,1966,6,NA
51.8667,10.3333,1966-06-10,12.5799997188151,22.6599994935095,17.6199996061623,1966,6,NA
51.8667,10.3333,1966-06-11,12.4099997226149,24.3999994546175,18.4049995886162,1966,6,NA
51.8667,10.3333,1966-06-12,13.3599997013807,25.0399994403124,19.1999995708466,1966,6,NA
51.8667,10.3333,1966-06-13,14.8599996678531,25.0899994391948,19.974999553524,1966,6,NA
51.8667,10.3333,1966-06-14,14.8299996685237,23.9299994651228,19.3799995668232,1966,6,NA
51.8667,10.3333,1966-06-15,14.1599996834993,24.3399994559586,19.249999569729,1966,6,NA
51.8667,10.3333,1966-06-16,13.6399996951222,24.6299994494766,19.1349995722994,1966,6,NA
51.8667,10.3333,1966-06-17,15.0399996638298,26.7199994027615,20.8799995332956,1966,6,NA
51.8667,10.3333,1966-06-18,15.8499996457249,27.9299993757159,21.8899995107204,1966,6,NA
51.8667,10.3333,1966-06-19,15.6099996510893,23.1099994834512,19.3599995672703,1966,6,NA
51.8667,10.3333,1966-06-20,9.89999977871776,16.949999621138,13.4249996999279,1966,6,NA
51.8667,10.3333,1966-06-21,9.86999977938831,17.0699996184558,13.469999698922,1966,6,NA
51.8667,10.3333,1966-06-22,9.36999979056418,17.5499996077269,13.4599996991456,1966,6,NA
51.8667,10.3333,1966-06-23,9.38999979011714,20.1499995496124,14.7699996698648,1966,6,NA
51.8667,10.3333,1966-06-24,11.0499997530133,22.2999995015562,16.6749996272847,1966,6,NA
51.8667,10.3333,1966-06-25,10.6799997612834,18.4999995864928,14.5899996738881,1966,6,NA
51.8667,10.3333,1966-06-26,9.18999979458749,13.489999698475,11.3399997465312,1966,6,NA
51.8667,10.3333,1966-06-27,9.20999979414046,16.0299996417016,12.619999717921,1966,6,NA
51.8667,10.3333,1966-06-28,10.4499997664243,13.6399996951222,12.0449997307733,1966,6,NA
51.8667,10.3333,1966-06-29,8.2099998164922,13.3399997018278,10.77499975916,1966,6,NA
51.8667,10.3333,1966-06-30,9.46999978832901,13.2099997047335,11.3399997465312,1966,6,NA
51.8667,10.3333,1966-07-01,11.2499997485429,16.8399996235967,14.0449996860698,1966,7,NA
51.8667,10.3333,1966-07-02,8.2699998151511,18.9899995755404,13.6299996953458,1966,7,NA
51.8667,10.3333,1966-07-03,8.45999981090426,21.1599995270371,14.8099996689707,1966,7,NA
51.8667,10.3333,1966-07-04,11.6199997402728,24.119999460876,17.8699996005744,1966,7,NA
51.8667,10.3333,1966-07-05,13.489999698475,23.4799994751811,18.4849995868281,1966,7,NA
51.8667,10.3333,1966-07-06,13.5299996975809,19.2599995695055,16.3949996335432,1966,7,NA
51.8667,10.3333,1966-07-07,10.8099997583777,15.6999996490777,13.2549997037277,1966,7,NA
51.8667,10.3333,1966-07-08,8.77999980375171,14.1699996832758,11.4749997435138,1966,7,NA
51.8667,10.3333,1966-07-09,8.05999981984496,13.8399996906519,10.9499997552484,1966,7,NA
51.8667,10.3333,1966-07-10,8.63999980688095,16.9799996204674,12.8099997136742,1966,7,NA
51.8667,10.3333,1966-07-11,13.7399996928871,19.9899995531887,16.8649996230379,1966,7,NA
51.8667,10.3333,1966-07-12,11.9099997337908,17.3699996117502,14.6399996727705,1966,7,NA
51.8667,10.3333,1966-07-13,8.78999980352819,17.2699996139854,13.0299997087568,1966,7,NA
51.8667,10.3333,1966-07-14,13.3499997016042,20.8899995330721,17.1199996173382,1966,7,NA
51.8667,10.3333,1966-07-15,10.4999997653067,16.7399996258318,13.6199996955693,1966,7,NA
51.8667,10.3333,1966-07-16,8.25999981537461,14.0199996866286,11.1399997510016,1966,7,NA
51.8667,10.3333,1966-07-17,7.77999982610345,13.1899997051805,10.484999765642,1966,7,NA
51.8667,10.3333,1966-07-18,8.86999980174005,14.6799996718764,11.7749997368082,1966,7,NA
51.8667,10.3333,1966-07-19,7.43999983370304,13.9199996888638,10.6799997612834,1966,7,NA
51.8667,10.3333,1966-07-20,13.21999970451,23.6099994722754,18.4149995883927,1966,7,NA
51.8667,10.3333,1966-07-21,12.4799997210503,16.2999996356666,14.3899996783584,1966,7,NA
51.8667,10.3333,1966-07-22,12.639999717474,18.939999576658,15.789999647066,1966,7,NA
51.8667,10.3333,1966-07-23,15.809999646619,23.4699994754046,19.6399995610118,1966,7,NA
51.8667,10.3333,1966-07-24,12.2099997270852,19.9099995549768,16.059999641031,1966,7,NA
51.8667,10.3333,1966-07-25,9.71999978274107,22.9299994874746,16.3249996351078,1966,7,NA
51.8667,10.3333,1966-07-26,11.4399997442961,18.959999576211,15.1999996602535,1966,7,NA
51.8667,10.3333,1966-07-27,6.86999984644353,16.6199996285141,11.7449997374788,1966,7,NA
51.8667,10.3333,1966-07-28,9.38999979011714,17.7899996023625,13.5899996962398,1966,7,NA
51.8667,10.3333,1966-07-29,8.07999981939793,14.7799996696413,11.4299997445196,1966,7,NA
51.8667,10.3333,1966-07-30,9.07999979704618,17.4099996108562,13.2449997039512,1966,7,NA
51.8667,10.3333,1966-07-31,9.72999978251755,16.7399996258318,13.2349997041747,1966,7,NA
51.8667,10.3333,1966-08-01,9.23999979346991,15.0599996633828,12.1499997284263,1966,8,NA
51.8667,10.3333,1966-08-02,8.70999980531633,17.239999614656,12.9749997099862,1966,8,NA
51.8667,10.3333,1966-08-03,9.32999979145825,15.4399996548891,12.3849997231737,1966,8,NA
51.8667,10.3333,1966-08-04,8.4399998113513,17.7899996023625,13.1149997068569,1966,8,NA
51.8667,10.3333,1966-08-05,13.2099997047335,18.2899995911866,15.7499996479601,1966,8,NA
51.8667,10.3333,1966-08-06,9.26999979279935,16.6699996273965,12.9699997100979,1966,8,NA
51.8667,10.3333,1966-08-07,8.51999980956316,15.1299996618181,11.8249997356907,1966,8,NA
51.8667,10.3333,1966-08-08,9.31999979168177,16.9599996209145,13.1399997062981,1966,8,NA
51.8667,10.3333,1966-08-09,12.3399997241795,18.1499995943159,15.2449996592477,1966,8,NA
51.8667,10.3333,1966-08-10,9.89999977871776,18.2799995914102,14.089999685064,1966,8,NA
51.8667,10.3333,1966-08-11,9.3599997907877,21.7499995138496,15.5549996523187,1966,8,NA
51.8667,10.3333,1966-08-12,15.4699996542186,22.0799995064735,18.774999580346,1966,8,NA
51.8667,10.3333,1966-08-13,13.5199996978045,27.0699993949383,20.2949995463714,1966,8,NA
51.8667,10.3333,1966-08-14,16.8999996222556,30.439999319613,23.6699994709343,1966,8,NA
51.8667,10.3333,1966-08-15,14.1099996846169,23.9199994653463,19.0149995749816,1966,8,NA
51.8667,10.3333,1966-08-16,8.46999981068075,14.7599996700883,11.6149997403845,1966,8,NA
51.8667,10.3333,1966-08-17,7.63999982923269,15.5499996524304,11.5949997408316,1966,8,NA
51.8667,10.3333,1966-08-18,6.66999985091388,19.0399995744228,12.8549997126684,1966,8,NA
51.8667,10.3333,1966-08-19,10.1799997724593,22.5699994955212,16.3749996339902,1966,8,NA
51.8667,10.3333,1966-08-20,12.6499997172505,23.6399994716048,18.1449995944276,1966,8,NA
51.8667,10.3333,1966-08-21,14.2499996814877,23.0399994850159,18.6449995832518,1966,8,NA
51.8667,10.3333,1966-08-22,13.4999996982515,20.369999544695,16.9349996214733,1966,8,NA
51.8667,10.3333,1966-08-23,11.1099997516721,20.409999543801,15.7599996477365,1966,8,NA
51.8667,10.3333,1966-08-24,10.3499997686595,14.0599996857345,12.204999727197,1966,8,NA
51.8667,10.3333,1966-08-25,6.61999985203147,13.9799996875226,10.2999997697771,1966,8,NA
51.8667,10.3333,1966-08-26,5.16999988444149,13.8199996910989,9.49499978777021,1966,8,NA
51.8667,10.3333,1966-08-27,6.98999984376132,13.2399997040629,10.1149997739121,1966,8,NA
51.8667,10.3333,1966-08-28,9.90999977849424,14.4799996763468,12.1949997274205,1966,8,NA
51.8667,10.3333,1966-08-29,10.5299997646362,17.2899996135384,13.9099996890873,1966,8,NA
51.8667,10.3333,1966-08-30,8.06999981962144,19.3999995663762,13.7349996929988,1966,8,NA
51.8667,10.3333,1966-08-31,10.9799997545779,16.949999621138,13.9649996878579,1966,8,NA
51.8667,10.3333,1966-09-01,9.59999978542328,17.7599996030331,13.6799996942282,1966,9,NA
51.8667,10.3333,1966-09-02,10.9099997561425,16.3399996347725,13.6249996954575,1966,9,NA
51.8667,10.3333,1966-09-03,10.8199997581542,17.8299996014684,14.3249996798113,1966,9,NA
51.8667,10.3333,1966-09-04,11.459999743849,16.0099996421486,13.7349996929988,1966,9,NA
51.8667,10.3333,1966-09-05,9.76999978162348,18.1599995940924,13.9649996878579,1966,9,NA
51.8667,10.3333,1966-09-06,11.8199997358024,17.3599996119738,14.5899996738881,1966,9,NA
51.8667,10.3333,1966-09-07,10.1899997722358,15.9199996441603,13.054999708198,1966,9,NA
51.8667,10.3333,1966-09-08,12.0699997302145,17.8399996012449,14.9549996657297,1966,9,NA
51.8667,10.3333,1966-09-09,9.03999979794025,14.6699996720999,11.8549997350201,1966,9,NA
51.8667,10.3333,1966-09-10,6.6599998511374,15.0599996633828,10.8599997572601,1966,9,NA
51.8667,10.3333,1966-09-11,4.9399998895824,18.359999589622,11.6499997396022,1966,9,NA
51.8667,10.3333,1966-09-12,9.17999979481101,20.8199995346367,14.9999996647239,1966,9,NA
51.8667,10.3333,1966-09-13,11.9099997337908,25.0999994389713,18.504999586381,1966,9,NA
51.8667,10.3333,1966-09-14,11.479999743402,20.4499995429069,15.9649996431544,1966,9,NA
51.8667,10.3333,1966-09-15,9.45999978855252,13.8099996913224,11.6349997399375,1966,9,NA
51.8667,10.3333,1966-09-16,9.6999997831881,12.8699997123331,11.2849997477606,1966,9,NA
51.8667,10.3333,1966-09-17,6.49999985471368,11.8099997360259,9.1549997953698,1966,9,NA
51.8667,10.3333,1966-09-18,3.84999991394579,12.9599997103214,8.40499981213361,1966,9,NA
51.8667,10.3333,1966-09-19,6.09999986365438,12.6899997163564,9.39499979000539,1966,9,NA
51.8667,10.3333,1966-09-20,2.80999993719161,15.4499996546656,9.1299997959286,1966,9,NA
51.8667,10.3333,1966-09-21,3.75999991595745,19.3999995663762,11.5799997411668,1966,9,NA
51.8667,10.3333,1966-09-22,5.28999988175929,20.1599995493889,12.7249997155741,1966,9,NA
51.8667,10.3333,1966-09-23,5.29999988153577,15.7999996468425,10.5499997641891,1966,9,NA
51.8667,10.3333,1966-09-24,3.51999992132187,11.2799997478724,7.39999983459711,1966,9,NA
51.8667,10.3333,1966-09-25,8.48999981023371,10.8299997579306,9.65999978408217,1966,9,NA
51.8667,10.3333,1966-09-26,8.82999980263412,11.2899997476488,10.0599997751415,1966,9,NA
51.8667,10.3333,1966-09-27,8.2099998164922,10.8499997574836,9.5299997869879,1966,9,NA
51.8667,10.3333,1966-09-28,7.88999982364476,9.96999977715313,8.92999980039895,1966,9,NA
51.8667,10.3333,1966-09-29,6.74999984912574,9.91999977827072,8.33499981369823,1966,9,NA
51.8667,10.3333,1966-09-30,4.33999990299344,15.5499996524304,9.94499977771193,1966,9,NA
51.8667,10.3333,1966-10-01,5.09999988600612,17.5199996083975,11.3099997472018,1966,10,1967
51.8667,10.3333,1966-10-02,9.759999781847,18.8099995795637,14.2849996807054,1966,10,1967
51.8667,10.3333,1966-10-03,11.1499997507781,16.8699996229261,14.0099996868521,1966,10,1967
51.8667,10.3333,1966-10-04,12.8999997116625,19.519999563694,16.2099996376783,1966,10,1967
51.8667,10.3333,1966-10-05,15.5399996526539,24.2399994581938,19.8899995554239,1966,10,1967
51.8667,10.3333,1966-10-06,12.7299997154623,21.2099995259196,16.9699996206909,1966,10,1967
51.8667,10.3333,1966-10-07,12.5699997190386,21.0599995292723,16.8149996241555,1966,10,1967
51.8667,10.3333,1966-10-08,10.3499997686595,18.2499995920807,14.2999996803701,1966,10,1967
51.8667,10.3333,1966-10-09,9.72999978251755,18.4599995873868,14.0949996849522,1966,10,1967
51.8667,10.3333,1966-10-10,8.50999980978668,17.779999602586,13.1449997061864,1966,10,1967
51.8667,10.3333,1966-10-11,11.3599997460842,16.389999633655,13.8749996898696,1966,10,1967
51.8667,10.3333,1966-10-12,9.16999979503453,16.2899996358901,12.7299997154623,1966,10,1967
51.8667,10.3333,1966-10-13,5.63999987393618,12.9499997105449,9.29499979224056,1966,10,1967
51.8667,10.3333,1966-10-14,8.04999982006848,10.4699997659773,9.25999979302287,1966,10,1967
51.8667,10.3333,1966-10-15,7.36999983526766,11.0499997530133,9.20999979414046,1966,10,1967
51.8667,10.3333,1966-10-16,8.71999980509281,17.7299996037036,13.2249997043982,1966,10,1967
51.8667,10.3333,1966-10-17,7.14999984018505,16.1199996396899,11.6349997399375,1966,10,1967
51.8667,10.3333,1966-10-18,8.59999980777502,14.9599996656179,11.7799997366965,1966,10,1967
51.8667,10.3333,1966-10-19,3.83999991416931,15.7499996479601,9.79499978106469,1966,10,1967
51.8667,10.3333,1966-10-20,8.09999981895089,16.9399996213615,12.5199997201562,1966,10,1967
51.8667,10.3333,1966-10-21,7.77999982610345,12.2399997264147,10.0099997762591,1966,10,1967
51.8667,10.3333,1966-10-22,7.67999982833862,9.45999978855252,8.56999980844557,1966,10,1967
51.8667,10.3333,1966-10-23,7.18999983929098,10.1999997720122,8.69499980565161,1966,10,1967
51.8667,10.3333,1966-10-24,7.49999983236194,12.9899997096509,10.2449997710064,1966,10,1967
51.8667,10.3333,1966-10-25,4.49999989941716,7.96999982185662,6.23499986063689,1966,10,1967
51.8667,10.3333,1966-10-26,4.45999990031123,6.90999984554946,5.68499987293035,1966,10,1967
51.8667,10.3333,1966-10-27,4.38999990187585,6.09999986365438,5.24499988276511,1966,10,1967
51.8667,10.3333,1966-10-28,3.5599999204278,5.69999987259507,4.62999989651144,1966,10,1967
51.8667,10.3333,1966-10-29,2.85999993607402,4.6499998960644,3.75499991606921,1966,10,1967
51.8667,10.3333,1966-10-30,1.63999996334314,3.53999992087483,2.58999994210899,1966,10,1967
51.8667,10.3333,1966-10-31,-2.39999994635582,3.25999992713332,0.429999990388751,1966,10,1967
51.8667,10.3333,1966-11-01,-3.71999991685152,3.63999991863966,-0.0399999991059303,1966,11,1967
51.8667,10.3333,1966-11-02,-6.8899998459965,0.829999981448054,-3.02999993227422,1966,11,1967
51.8667,10.3333,1966-11-03,-4.68999989517033,-2.37999994680285,-3.53499992098659,1966,11,1967
51.8667,10.3333,1966-11-04,-4.40999990142882,-0.539999987930059,-2.47499994467944,1966,11,1967
51.8667,10.3333,1966-11-05,-0.799999982118607,2.6399999409914,0.919999979436398,1966,11,1967
51.8667,10.3333,1966-11-06,-1.72999996133149,5.36999987997115,1.81999995931983,1966,11,1967
51.8667,10.3333,1966-11-07,3.66999991796911,14.8199996687472,9.24499979335815,1966,11,1967
51.8667,10.3333,1966-11-08,3.93999991193414,12.8299997132272,8.38499981258065,1966,11,1967
51.8667,10.3333,1966-11-09,3.59999991953373,12.6899997163564,8.14499981794506,1966,11,1967
51.8667,10.3333,1966-11-10,3.53999992087483,12.4699997212738,8.00499982107431,1966,11,1967
51.8667,10.3333,1966-11-11,2.26999994926155,8.2099998164922,5.23999988287687,1966,11,1967
51.8667,10.3333,1966-11-12,-1.34999996982515,4.25999990478158,1.45499996747822,1966,11,1967
51.8667,10.3333,1966-11-13,-3.73999991640449,1.72999996133149,-1.0049999775365,1966,11,1967
51.8667,10.3333,1966-11-14,-4.6499998960644,0.199999995529652,-2.22499995026737,1966,11,1967
51.8667,10.3333,1966-11-15,-4.92999988980591,2.30999994836748,-1.30999997071922,1966,11,1967
51.8667,10.3333,1966-11-16,-1.04999997653067,2.4699999447912,0.709999984130263,1966,11,1967
51.8667,10.3333,1966-11-17,0.749999983236194,3.3299999255687,2.03999995440245,1966,11,1967
51.8667,10.3333,1966-11-18,0.979999978095293,3.11999993026257,2.04999995417893,1966,11,1967
51.8667,10.3333,1966-11-19,-1.3799999691546,2.10999995283782,0.364999991841614,1966,11,1967
51.8667,10.3333,1966-11-20,-1.6099999640137,-0.389999991282821,-0.999999977648258,1966,11,1967
51.8667,10.3333,1966-11-21,-1.4899999666959,-0.0399999991059303,-0.764999982900918,1966,11,1967
51.8667,10.3333,1966-11-22,-0.569999987259507,0.61999998614192,0.0249999994412065,1966,11,1967
51.8667,10.3333,1966-11-23,-0.0999999977648258,2.06999995373189,0.984999977983534,1966,11,1967
51.8667,10.3333,1966-11-24,-1.39999996870756,3.80999991483986,1.20499997306615,1966,11,1967
51.8667,10.3333,1966-11-25,-3.69999991729856,0.409999990835786,-1.64499996323138,1966,11,1967
51.8667,10.3333,1966-11-26,-2.9299999345094,0.729999983683228,-1.09999997541308,1966,11,1967
51.8667,10.3333,1966-11-27,-0.949999978765845,0.859999980777502,-0.0449999989941716,1966,11,1967
51.8667,10.3333,1966-11-28,0.589999986812472,2.79999993741512,1.6949999621138,1966,11,1967
51.8667,10.3333,1966-11-29,2.37999994680285,4.43999990075827,3.40999992378056,1966,11,1967
51.8667,10.3333,1966-11-30,-1.46999996714294,3.14999992959201,0.839999981224537,1966,11,1967
51.8667,10.3333,1966-12-01,-1.78999995999038,0.359999991953373,-0.714999984018505,1966,12,1967
51.8667,10.3333,1966-12-02,-0.879999980330467,3.05999993160367,1.0899999756366,1966,12,1967
51.8667,10.3333,1966-12-03,2.91999993473291,7.75999982655048,5.3399998806417,1966,12,1967
51.8667,10.3333,1966-12-04,-0.989999977871776,3.68999991752207,1.34999996982515,1966,12,1967
51.8667,10.3333,1966-12-05,-1.70999996177852,0.529999988153577,-0.589999986812472,1966,12,1967
51.8667,10.3333,1966-12-06,-2.6999999396503,1.49999996647239,-0.599999986588955,1966,12,1967
51.8667,10.3333,1966-12-07,-4.77999989315867,-0.459999989718199,-2.61999994143844,1966,12,1967
51.8667,10.3333,1966-12-08,-5.90999986790121,-0.979999978095293,-3.44499992299825,1966,12,1967
51.8667,10.3333,1966-12-09,-5.21999988332391,-0.0299999993294477,-2.62499994132668,1966,12,1967
51.8667,10.3333,1966-12-10,-0.949999978765845,0.779999982565641,-0.0849999981001019,1966,12,1967
51.8667,10.3333,1966-12-11,-0.919999979436398,0.989999977871776,0.034999999217689,1966,12,1967
51.8667,10.3333,1966-12-12,-0.879999980330467,0.569999987259507,-0.15499999653548,1966,12,1967
51.8667,10.3333,1966-12-13,-1.0899999756366,2.94999993406236,0.92999997921288,1966,12,1967
51.8667,10.3333,1966-12-14,1.42999996803701,3.91999991238117,2.67499994020909,1966,12,1967
51.8667,10.3333,1966-12-15,-0.689999984577298,1.70999996177852,0.509999988600612,1966,12,1967
51.8667,10.3333,1966-12-16,-2.45999994501472,-0.499999988824129,-1.47999996691942,1966,12,1967
51.8667,10.3333,1966-12-17,-2.90999993495643,0.739999983459711,-1.08499997574836,1966,12,1967
51.8667,10.3333,1966-12-18,0.279999993741512,3.27999992668629,1.7799999602139,1966,12,1967
51.8667,10.3333,1966-12-19,2.08999995328486,6.27999985963106,4.18499990645796,1966,12,1967
51.8667,10.3333,1966-12-20,2.45999994501472,3.56999992020428,3.0149999326095,1966,12,1967
51.8667,10.3333,1966-12-21,-0.609999986365438,5.46999987773597,2.42999994568527,1966,12,1967
51.8667,10.3333,1966-12-22,-1.28999997116625,-0.189999995753169,-0.739999983459711,1966,12,1967
51.8667,10.3333,1966-12-23,-1.95999995619059,-0.0199999995529652,-0.989999977871776,1966,12,1967
51.8667,10.3333,1966-12-24,-0.859999980777502,3.57999991998076,1.35999996960163,1966,12,1967
51.8667,10.3333,1966-12-25,-1.49999996647239,3.41999992355704,0.959999978542328,1966,12,1967
51.8667,10.3333,1966-12-26,-2.74999993853271,0.199999995529652,-1.27499997150153,1966,12,1967
51.8667,10.3333,1966-12-27,-2.34999994747341,0.0499999988824129,-1.1499999742955,1966,12,1967
51.8667,10.3333,1966-12-28,-5.86999986879528,-0.999999977648258,-3.43499992322177,1966,12,1967
51.8667,10.3333,1966-12-29,-3.5599999204278,1.38999996893108,-1.08499997574836,1966,12,1967
51.8667,10.3333,1966-12-30,0.859999980777502,5.69999987259507,3.27999992668629,1966,12,1967
51.8667,10.3333,1966-12-31,1.21999997273088,6.8899998459965,4.05499990936369,1966,12,1967
51.8667,10.3333,1967-01-01,-0.679999984800816,5.34999988041818,2.33499994780868,1967,1,1967
51.8667,10.3333,1967-01-02,-0.829999981448054,5.42999987863004,2.29999994859099,1967,1,1967
51.8667,10.3333,1967-01-03,-1.12999997474253,0.239999994635582,-0.444999990053475,1967,1,1967
51.8667,10.3333,1967-01-04,-2.25999994948506,-0.0299999993294477,-1.14499997440726,1967,1,1967
51.8667,10.3333,1967-01-05,-2.03999995440245,-0.839999981224537,-1.43999996781349,1967,1,1967
51.8667,10.3333,1967-01-06,-5.25999988242984,-1.53999996557832,-3.39999992400408,1967,1,1967
51.8667,10.3333,1967-01-07,-6.31999985873699,-4.50999989919364,-5.41499987896532,1967,1,1967
51.8667,10.3333,1967-01-08,-8.46999981068075,-5.5699998755008,-7.01999984309077,1967,1,1967
51.8667,10.3333,1967-01-09,-9.42999978922307,-6.11999986320734,-7.77499982621521,1967,1,1967
51.8667,10.3333,1967-01-10,-11.5999997407198,-5.63999987393618,-8.61999980732799,1967,1,1967
51.8667,10.3333,1967-01-11,-10.6999997608364,-5.64999987371266,-8.17499981727451,1967,1,1967
51.8667,10.3333,1967-01-12,-5.90999986790121,0.499999988824129,-2.70499993953854,1967,1,1967
51.8667,10.3333,1967-01-13,-1.61999996379018,0.279999993741512,-0.669999985024333,1967,1,1967
51.8667,10.3333,1967-01-14,0.0399999991059303,3.1599999293685,1.59999996423721,1967,1,1967
51.8667,10.3333,1967-01-15,1.3799999691546,4.14999990724027,2.76499993819743,1967,1,1967
51.8667,10.3333,1967-01-16,1.5499999653548,2.6999999396503,2.12499995250255,1967,1,1967
51.8667,10.3333,1967-01-17,1.19999997317791,2.56999994255602,1.88499995786697,1967,1,1967
51.8667,10.3333,1967-01-18,-1.16999997384846,3.02999993227422,0.92999997921288,1967,1,1967
51.8667,10.3333,1967-01-19,-2.45999994501472,1.65999996289611,-0.399999991059303,1967,1,1967
51.8667,10.3333,1967-01-20,0.459999989718199,4.65999989584088,2.55999994277954,1967,1,1967
51.8667,10.3333,1967-01-21,-1.22999997250736,4.95999988913536,1.864999958314,1967,1,1967
51.8667,10.3333,1967-01-22,1.27999997138977,4.69999989494681,2.98999993316829,1967,1,1967
51.8667,10.3333,1967-01-23,0.599999986588955,4.36999990232289,2.48499994445592,1967,1,1967
51.8667,10.3333,1967-01-24,-0.829999981448054,1.81999995931983,0.494999988935888,1967,1,1967
51.8667,10.3333,1967-01-25,0.129999997094274,2.94999993406236,1.53999996557832,1967,1,1967
51.8667,10.3333,1967-01-26,1.62999996356666,3.65999991819263,2.64499994087964,1967,1,1967
51.8667,10.3333,1967-01-27,2.30999994836748,4.17999990656972,3.2449999274686,1967,1,1967
51.8667,10.3333,1967-01-28,-3.73999991640449,3.01999993249774,-0.359999991953373,1967,1,1967
51.8667,10.3333,1967-01-29,-3.04999993182719,7.12999984063208,2.03999995440245,1967,1,1967
51.8667,10.3333,1967-01-30,4.69999989494681,7.14999984018505,5.92499986756593,1967,1,1967
51.8667,10.3333,1967-01-31,2.70999993942678,8.63999980688095,5.67499987315387,1967,1,1967
51.8667,10.3333,1967-02-01,3.30999992601573,9.16999979503453,6.23999986052513,1967,2,1967
51.8667,10.3333,1967-02-02,4.06999990902841,6.12999986298382,5.09999988600612,1967,2,1967
51.8667,10.3333,1967-02-03,4.09999990835786,8.02999982051551,6.06499986443669,1967,2,1967
51.8667,10.3333,1967-02-04,7.41999983415008,8.98999979905784,8.20499981660396,1967,2,1967
51.8667,10.3333,1967-02-05,3.24999992735684,7.5799998305738,5.41499987896532,1967,2,1967
51.8667,10.3333,1967-02-06,1.73999996110797,3.69999991729856,2.71999993920326,1967,2,1967
51.8667,10.3333,1967-02-07,0.919999979436398,4.42999990098178,2.67499994020909,1967,2,1967
51.8667,10.3333,1967-02-08,-1.02999997697771,2.33999994769692,0.654999985359609,1967,2,1967
51.8667,10.3333,1967-02-09,-2.29999994859099,0.249999994412065,-1.02499997708946,1967,2,1967
51.8667,10.3333,1967-02-10,-5.2799998819828,-0.469999989494681,-2.87499993573874,1967,2,1967
51.8667,10.3333,1967-02-11,-4.37999990209937,0.439999990165234,-1.96999995596707,1967,2,1967
51.8667,10.3333,1967-02-12,-2.73999993875623,2.77999993786216,0.0199999995529652,1967,2,1967
51.8667,10.3333,1967-02-13,-6.03999986499548,0.129999997094274,-2.9549999339506,1967,2,1967
51.8667,10.3333,1967-02-14,-6.64999985136092,-2.15999995172024,-4.40499990154058,1967,2,1967
51.8667,10.3333,1967-02-15,-8.97999979928136,-0.679999984800816,-4.82999989204109,1967,2,1967
51.8667,10.3333,1967-02-16,-7.53999983146787,1.85999995842576,-2.83999993652105,1967,2,1967
51.8667,10.3333,1967-02-17,-6.63999985158443,4.09999990835786,-1.26999997161329,1967,2,1967
51.8667,10.3333,1967-02-18,-3.53999992087483,4.43999990075827,0.449999989941716,1967,2,1967
51.8667,10.3333,1967-02-19,-1.42999996803701,5.57999987527728,2.07499995362014,1967,2,1967
51.8667,10.3333,1967-02-20,-0.879999980330467,6.8899998459965,3.00499993283302,1967,2,1967
51.8667,10.3333,1967-02-21,1.86999995820224,6.84999984689057,4.35999990254641,1967,2,1967
51.8667,10.3333,1967-02-22,0.88999998010695,7.41999983415008,4.15499990712851,1967,2,1967
51.8667,10.3333,1967-02-23,1.20999997295439,4.23999990522861,2.7249999390915,1967,2,1967
51.8667,10.3333,1967-02-24,0.909999979659915,9.80999978072941,5.35999988019466,1967,2,1967
51.8667,10.3333,1967-02-25,0.799999982118607,4.56999989785254,2.68499993998557,1967,2,1967
51.8667,10.3333,1967-02-26,-1.51999996602535,7.96999982185662,3.22499992791563,1967,2,1967
51.8667,10.3333,1967-02-27,3.1599999293685,9.83999978005886,6.49999985471368,1967,2,1967
51.8667,10.3333,1967-02-28,3.85999991372228,7.90999982319772,5.88499986846,1967,2,1967
51.8667,10.3333,1967-03-01,2.35999994724989,6.51999985426664,4.43999990075827,1967,3,1967
51.8667,10.3333,1967-03-02,1.35999996960163,5.37999987974763,3.36999992467463,1967,3,1967
51.8667,10.3333,1967-03-03,1.25999997183681,3.0999999307096,2.1799999512732,1967,3,1967
51.8667,10.3333,1967-03-04,1.13999997451901,4.8199998922646,2.97999993339181,1967,3,1967
51.8667,10.3333,1967-03-05,4.06999990902841,6.96999984420836,5.51999987661839,1967,3,1967
51.8667,10.3333,1967-03-06,0.869999980553985,8.50999980978668,4.68999989517033,1967,3,1967
51.8667,10.3333,1967-03-07,3.28999992646277,11.3399997465312,7.31499983649701,1967,3,1967
51.8667,10.3333,1967-03-08,1.6099999640137,13.799999691546,7.70499982777983,1967,3,1967
51.8667,10.3333,1967-03-09,4.37999990209937,11.2899997476488,7.8349998248741,1967,3,1967
51.8667,10.3333,1967-03-10,4.71999989449978,13.4499996993691,9.08499979693443,1967,3,1967
51.8667,10.3333,1967-03-11,6.20999986119568,12.2499997261912,9.22999979369342,1967,3,1967
51.8667,10.3333,1967-03-12,1.0899999756366,7.90999982319772,4.49999989941716,1967,3,1967
51.8667,10.3333,1967-03-13,-0.419999990612268,3.73999991640449,1.65999996289611,1967,3,1967
51.8667,10.3333,1967-03-14,-0.709999984130263,2.57999994233251,0.934999979101121,1967,3,1967
51.8667,10.3333,1967-03-15,-0.949999978765845,4.86999989114702,1.95999995619059,1967,3,1967
51.8667,10.3333,1967-03-16,2.64999994076788,10.339999768883,6.49499985482544,1967,3,1967
51.8667,10.3333,1967-03-17,-0.399999991059303,5.12999988533556,2.36499994713813,1967,3,1967
51.8667,10.3333,1967-03-18,-0.539999987930059,3.71999991685152,1.58999996446073,1967,3,1967
51.8667,10.3333,1967-03-19,0.439999990165234,3.7899999152869,2.11499995272607,1967,3,1967
51.8667,10.3333,1967-03-20,0.339999992400408,2.30999994836748,1.32499997038394,1967,3,1967
51.8667,10.3333,1967-03-21,1.1499999742955,3.48999992199242,2.31999994814396,1967,3,1967
51.8667,10.3333,1967-03-22,2.29999994859099,6.5999998524785,4.44999990053475,1967,3,1967
51.8667,10.3333,1967-03-23,4.6499998960644,8.74999980442226,6.69999985024333,1967,3,1967
51.8667,10.3333,1967-03-24,0.699999984353781,5.01999988779426,2.85999993607402,1967,3,1967
51.8667,10.3333,1967-03-25,-0.249999994412065,4.67999989539385,2.21499995049089,1967,3,1967
51.8667,10.3333,1967-03-26,1.29999997094274,9.49999978765845,5.39999987930059,1967,3,1967
51.8667,10.3333,1967-03-27,3.62999991886318,11.2199997492135,7.42499983403832,1967,3,1967
51.8667,10.3333,1967-03-28,2.01999995484948,9.24999979324639,5.63499987404794,1967,3,1967
51.8667,10.3333,1967-03-29,1.13999997451901,7.13999984040856,4.13999990746379,1967,3,1967
51.8667,10.3333,1967-03-30,-0.289999993517995,5.85999986901879,2.7849999377504,1967,3,1967
51.8667,10.3333,1967-03-31,-0.65999998524785,4.56999989785254,1.95499995630234,1967,3,1967
51.8667,10.3333,1967-04-01,0.499999988824129,5.92999986745417,3.21499992813915,1967,4,1967
51.8667,10.3333,1967-04-02,-1.85999995842576,4.68999989517033,1.41499996837229,1967,4,1967
51.8667,10.3333,1967-04-03,-2.74999993853271,6.46999985538423,1.85999995842576,1967,4,1967
51.8667,10.3333,1967-04-04,2.24999994970858,7.15999983996153,4.70499989483505,1967,4,1967
51.8667,10.3333,1967-04-05,1.81999995931983,5.62999987415969,3.72499991673976,1967,4,1967
51.8667,10.3333,1967-04-06,1.34999996982515,5.74999987147748,3.54999992065132,1967,4,1967
51.8667,10.3333,1967-04-07,-0.489999989047647,2.95999993383884,1.2349999723956,1967,4,1967
51.8667,10.3333,1967-04-08,-0.199999995529652,4.05999990925193,1.92999995686114,1967,4,1967
51.8667,10.3333,1967-04-09,0.549999987706542,5.48999987728894,3.01999993249774,1967,4,1967
51.8667,10.3333,1967-04-10,-0.369999991729856,11.1299997512251,5.37999987974763,1967,4,1967
51.8667,10.3333,1967-04-11,5.69999987259507,9.89999977871776,7.79999982565641,1967,4,1967
51.8667,10.3333,1967-04-12,2.81999993696809,14.049999685958,8.43499981146306,1967,4,1967
51.8667,10.3333,1967-04-13,2.60999994166195,14.4899996761233,8.54999980889261,1967,4,1967
51.8667,10.3333,1967-04-14,4.32999990321696,10.8499997574836,7.58999983035028,1967,4,1967
51.8667,10.3333,1967-04-15,2.83999993652105,6.05999986454844,4.44999990053475,1967,4,1967
51.8667,10.3333,1967-04-16,2.34999994747341,10.7899997588247,6.56999985314906,1967,4,1967
51.8667,10.3333,1967-04-17,0.899999979883432,12.1199997290969,6.50999985449016,1967,4,1967
51.8667,10.3333,1967-04-18,2.24999994970858,15.8199996463954,9.03499979805201,1967,4,1967
51.8667,10.3333,1967-04-19,-0.249999994412065,10.9899997543544,5.36999987997115,1967,4,1967
51.8667,10.3333,1967-04-20,-1.05999997630715,5.75999987125397,2.34999994747341,1967,4,1967
51.8667,10.3333,1967-04-21,4.07999990880489,7.86999982409179,5.97499986644834,1967,4,1967
51.8667,10.3333,1967-04-22,-0.00999999977648258,6.38999985717237,3.18999992869794,1967,4,1967
51.8667,10.3333,1967-04-23,-1.25999997183681,5.06999988667667,1.90499995741993,1967,4,1967
51.8667,10.3333,1967-04-24,-1.52999996580184,4.58999989740551,1.52999996580184,1967,4,1967
51.8667,10.3333,1967-04-25,-1.84999995864928,5.24999988265336,1.69999996200204,1967,4,1967
51.8667,10.3333,1967-04-26,-3.48999992199242,7.45999983325601,1.98499995563179,1967,4,1967
51.8667,10.3333,1967-04-27,-0.229999994859099,9.5899997856468,4.67999989539385,1967,4,1967
51.8667,10.3333,1967-04-28,1.30999997071922,9.96999977715313,5.63999987393618,1967,4,1967
51.8667,10.3333,1967-04-29,1.30999997071922,13.1099997069687,7.20999983884394,1967,4,1967
51.8667,10.3333,1967-04-30,4.30999990366399,12.3899997230619,8.34999981336296,1967,4,1967
51.8667,10.3333,1967-05-01,0.709999984130263,17.0899996180087,8.8999998010695,1967,5,NA
51.8667,10.3333,1967-05-02,4.97999988868833,11.6899997387081,8.33499981369823,1967,5,NA
51.8667,10.3333,1967-05-03,1.98999995552003,6.73999984934926,4.36499990243465,1967,5,NA
51.8667,10.3333,1967-05-04,0.859999980777502,6.97999984398484,3.91999991238117,1967,5,NA
51.8667,10.3333,1967-05-05,-1.12999997474253,11.479999743402,5.17499988432974,1967,5,NA
51.8667,10.3333,1967-05-06,3.65999991819263,12.5799997188151,8.11999981850386,1967,5,NA
51.8667,10.3333,1967-05-07,1.86999995820224,16.0099996421486,8.93999980017543,1967,5,NA
51.8667,10.3333,1967-05-08,5.7999998703599,15.0399996638298,10.4199997670949,1967,5,NA
51.8667,10.3333,1967-05-09,5.72999987192452,15.7599996477365,10.7449997598305,1967,5,NA
51.8667,10.3333,1967-05-10,3.60999991931021,16.4799996316433,10.0449997754768,1967,5,NA
51.8667,10.3333,1967-05-11,6.84999984689057,21.1499995272607,13.9999996870756,1967,5,NA
51.8667,10.3333,1967-05-12,10.4499997664243,23.1299994830042,16.7899996247143,1967,5,NA
51.8667,10.3333,1967-05-13,12.5799997188151,24.1599994599819,18.3699995893985,1967,5,NA
51.8667,10.3333,1967-05-14,11.4499997440726,22.2899995017797,16.8699996229261,1967,5,NA
51.8667,10.3333,1967-05-15,10.1199997738004,22.7399994917214,16.4299996327609,1967,5,NA
51.8667,10.3333,1967-05-16,12.0499997306615,18.9699995759875,15.5099996533245,1967,5,NA
51.8667,10.3333,1967-05-17,9.80999978072941,18.8699995782226,14.339999679476,1967,5,NA
51.8667,10.3333,1967-05-18,8.4399998113513,17.5799996070564,13.0099997092038,1967,5,NA
51.8667,10.3333,1967-05-19,4.65999989584088,11.6199997402728,8.13999981805682,1967,5,NA
51.8667,10.3333,1967-05-20,1.02999997697771,12.0299997311085,6.52999985404313,1967,5,NA
51.8667,10.3333,1967-05-21,8.06999981962144,14.0399996861815,11.0549997529015,1967,5,NA
51.8667,10.3333,1967-05-22,5.06999988667667,15.9599996432662,10.5149997649714,1967,5,NA
51.8667,10.3333,1967-05-23,6.54999985359609,19.7799995578825,13.1649997057393,1967,5,NA
51.8667,10.3333,1967-05-24,7.2899998370558,15.3499996569008,11.3199997469783,1967,5,NA
51.8667,10.3333,1967-05-25,6.75999984890223,14.1099996846169,10.4349997667596,1967,5,NA
51.8667,10.3333,1967-05-26,7.36999983526766,12.8099997136742,10.0899997744709,1967,5,NA
51.8667,10.3333,1967-05-27,6.89999984577298,11.6399997398257,9.26999979279935,1967,5,NA
51.8667,10.3333,1967-05-28,5.61999987438321,17.4999996088445,11.5599997416139,1967,5,NA
51.8667,10.3333,1967-05-29,9.76999978162348,22.8699994888157,16.3199996352196,1967,5,NA
51.8667,10.3333,1967-05-30,9.13999979570508,17.4099996108562,13.2749997032806,1967,5,NA
51.8667,10.3333,1967-05-31,7.66999982856214,10.2799997702241,8.97499979939312,1967,5,NA
51.8667,10.3333,1967-06-01,9.0699997972697,12.1299997288734,10.5999997630715,1967,6,NA
51.8667,10.3333,1967-06-02,9.63999978452921,16.7199996262789,13.179999705404,1967,6,NA
51.8667,10.3333,1967-06-03,9.25999979302287,18.2099995929748,13.7349996929988,1967,6,NA
51.8667,10.3333,1967-06-04,7.79999982565641,19.5099995639175,13.654999694787,1967,6,NA
51.8667,10.3333,1967-06-05,8.94999979995191,20.7599995359778,14.8549996679649,1967,6,NA
51.8667,10.3333,1967-06-06,8.95999979972839,16.1699996385723,12.5649997191504,1967,6,NA
51.8667,10.3333,1967-06-07,7.69999982789159,20.969999531284,14.3349996795878,1967,6,NA
51.8667,10.3333,1967-06-08,12.2899997252971,20.9999995306134,16.6449996279553,1967,6,NA
51.8667,10.3333,1967-06-09,7.29999983683228,14.4799996763468,10.8899997565895,1967,6,NA
51.8667,10.3333,1967-06-10,4.40999990142882,11.1199997514486,7.76499982643872,1967,6,NA
51.8667,10.3333,1967-06-11,4.04999990947545,11.0699997525662,7.55999983102083,1967,6,NA
51.8667,10.3333,1967-06-12,5.48999987728894,10.4999997653067,7.99499982129782,1967,6,NA
51.8667,10.3333,1967-06-13,5.80999987013638,13.489999698475,9.64999978430569,1967,6,NA
51.8667,10.3333,1967-06-14,3.42999992333353,14.7899996694177,9.10999979637563,1967,6,NA
51.8667,10.3333,1967-06-15,6.4899998549372,9.84999977983534,8.16999981738627,1967,6,NA
51.8667,10.3333,1967-06-16,5.53999987617135,8.8399998024106,7.18999983929098,1967,6,NA
51.8667,10.3333,1967-06-17,7.09999984130263,16.9399996213615,12.0199997313321,1967,6,NA
51.8667,10.3333,1967-06-18,7.93999982252717,20.7599995359778,14.3499996792525,1967,6,NA
51.8667,10.3333,1967-06-19,10.1099997740239,18.4099995885044,14.2599996812642,1967,6,NA
51.8667,10.3333,1967-06-20,8.91999980062246,19.9999995529652,14.4599996767938,1967,6,NA
51.8667,10.3333,1967-06-21,11.2999997474253,18.2799995914102,14.7899996694177,1967,6,NA
51.8667,10.3333,1967-06-22,10.8499997574836,16.1299996394664,13.489999698475,1967,6,NA
51.8667,10.3333,1967-06-23,7.18999983929098,20.9899995308369,14.089999685064,1967,6,NA
51.8667,10.3333,1967-06-24,13.8499996904284,23.9799994640052,18.9149995772168,1967,6,NA
51.8667,10.3333,1967-06-25,14.089999685064,21.4099995214492,17.7499996032566,1967,6,NA
51.8667,10.3333,1967-06-26,12.2199997268617,27.4699993859977,19.8449995564297,1967,6,NA
51.8667,10.3333,1967-06-27,12.1699997279793,23.4099994767457,17.7899996023625,1967,6,NA
51.8667,10.3333,1967-06-28,12.0999997295439,18.6199995838106,15.3599996566772,1967,6,NA
51.8667,10.3333,1967-06-29,10.1399997733533,18.0299995969981,14.0849996851757,1967,6,NA
51.8667,10.3333,1967-06-30,10.4099997673184,21.3999995216727,15.9049996444955,1967,6,NA
51.8667,10.3333,1967-07-01,12.1699997279793,19.3799995668232,15.7749996474013,1967,7,NA
51.8667,10.3333,1967-07-02,8.62999980710447,22.6299994941801,15.6299996506423,1967,7,NA
51.8667,10.3333,1967-07-03,14.5399996750057,26.1199994161725,20.3299995455891,1967,7,NA
51.8667,10.3333,1967-07-04,14.2299996819347,19.8499995563179,17.0399996191263,1967,7,NA
51.8667,10.3333,1967-07-05,7.94999982230365,17.3399996124208,12.6449997173622,1967,7,NA
51.8667,10.3333,1967-07-06,7.96999982185662,15.9799996428192,11.9749997323379,1967,7,NA
51.8667,10.3333,1967-07-07,6.55999985337257,19.2699995692819,12.9149997113273,1967,7,NA
51.8667,10.3333,1967-07-08,13.489999698475,21.239999525249,17.364999611862,1967,7,NA
51.8667,10.3333,1967-07-09,13.3499997016042,20.9999995306134,17.1749996161088,1967,7,NA
51.8667,10.3333,1967-07-10,9.53999978676438,17.0399996191263,13.2899997029454,1967,7,NA
51.8667,10.3333,1967-07-11,7.16999983973801,19.1299995724112,13.1499997060746,1967,7,NA
51.8667,10.3333,1967-07-12,9.79999978095293,23.7599994689226,16.7799996249378,1967,7,NA
51.8667,10.3333,1967-07-13,12.7599997147918,24.7999994456768,18.7799995802343,1967,7,NA
51.8667,10.3333,1967-07-14,14.5999996736646,26.2399994134903,20.4199995435774,1967,7,NA
51.8667,10.3333,1967-07-15,16.4399996325374,25.9999994188547,21.219999525696,1967,7,NA
51.8667,10.3333,1967-07-16,15.1499996613711,22.6399994939566,18.8949995776638,1967,7,NA
51.8667,10.3333,1967-07-17,11.189999749884,17.9299995992333,14.5599996745586,1967,7,NA
51.8667,10.3333,1967-07-18,10.2299997713417,17.8599996007979,14.0449996860698,1967,7,NA
51.8667,10.3333,1967-07-19,10.3499997686595,23.9399994648993,17.1449996167794,1967,7,NA
51.8667,10.3333,1967-07-20,14.8299996685237,28.9199993535876,21.8749995110556,1967,7,NA
51.8667,10.3333,1967-07-21,14.3899996783584,20.389999544248,17.3899996113032,1967,7,NA
51.8667,10.3333,1967-07-22,12.0699997302145,21.219999525696,16.6449996279553,1967,7,NA
51.8667,10.3333,1967-07-23,11.2899997476488,22.0799995064735,16.6849996270612,1967,7,NA
51.8667,10.3333,1967-07-24,11.76999973692,22.6799994930625,17.2249996149912,1967,7,NA
51.8667,10.3333,1967-07-25,12.1399997286499,19.3799995668232,15.7599996477365,1967,7,NA
51.8667,10.3333,1967-07-26,11.8499997351319,22.6999994926155,17.2749996138737,1967,7,NA
51.8667,10.3333,1967-07-27,11.1999997496605,22.1199995055795,16.65999962762,1967,7,NA
51.8667,10.3333,1967-07-28,12.4499997217208,25.6799994260073,19.064999573864,1967,7,NA
51.8667,10.3333,1967-07-29,14.2599996812642,27.0099993962795,20.6349995387718,1967,7,NA
51.8667,10.3333,1967-07-30,14.5599996745586,21.529999518767,18.0449995966628,1967,7,NA
51.8667,10.3333,1967-07-31,13.2499997038394,24.119999460876,18.6849995823577,1967,7,NA
51.8667,10.3333,1967-08-01,16.3399996347725,25.9299994204193,21.1349995275959,1967,8,NA
51.8667,10.3333,1967-08-02,15.0599996633828,26.3799994103611,20.7199995368719,1967,8,NA
51.8667,10.3333,1967-08-03,17.5199996083975,27.1099993940443,22.3149995012209,1967,8,NA
51.8667,10.3333,1967-08-04,14.5199996754527,22.0199995078146,18.2699995916337,1967,8,NA
51.8667,10.3333,1967-08-05,10.609999762848,18.0299995969981,14.3199996799231,1967,8,NA
51.8667,10.3333,1967-08-06,10.2599997706711,16.4199996329844,13.3399997018278,1967,8,NA
51.8667,10.3333,1967-08-07,7.81999982520938,18.1599995940924,12.9899997096509,1967,8,NA
51.8667,10.3333,1967-08-08,9.09999979659915,18.1499995943159,13.6249996954575,1967,8,NA
51.8667,10.3333,1967-08-09,10.0599997751415,21.8299995120615,15.9449996436015,1967,8,NA
51.8667,10.3333,1967-08-10,12.7499997150153,23.1199994832277,17.9349995991215,1967,8,NA
51.8667,10.3333,1967-08-11,14.7999996691942,20.7599995359778,17.779999602586,1967,8,NA
51.8667,10.3333,1967-08-12,12.6499997172505,17.799999602139,15.2249996596947,1967,8,NA
51.8667,10.3333,1967-08-13,11.7799997366965,18.7999995797873,15.2899996582419,1967,8,NA
51.8667,10.3333,1967-08-14,8.59999980777502,14.5399996750057,11.5699997413903,1967,8,NA
51.8667,10.3333,1967-08-15,9.87999977916479,17.0599996186793,13.469999698922,1967,8,NA
51.8667,10.3333,1967-08-16,11.4299997445196,18.7399995811284,15.084999662824,1967,8,NA
51.8667,10.3333,1967-08-17,13.9099996890873,22.7299994919449,18.3199995905161,1967,8,NA
51.8667,10.3333,1967-08-18,10.5899997632951,18.8799995779991,14.7349996706471,1967,8,NA
51.8667,10.3333,1967-08-19,9.03999979794025,19.2399995699525,14.1399996839464,1967,8,NA
51.8667,10.3333,1967-08-20,10.4299997668713,18.1999995931983,14.3149996800348,1967,8,NA
51.8667,10.3333,1967-08-21,8.17999981716275,14.8099996689707,11.4949997430667,1967,8,NA
51.8667,10.3333,1967-08-22,8.56999980844557,16.2099996376783,12.3899997230619,1967,8,NA
51.8667,10.3333,1967-08-23,11.4399997442961,15.9599996432662,13.6999996937811,1967,8,NA
51.8667,10.3333,1967-08-24,8.8399998024106,22.0599995069206,15.4499996546656,1967,8,NA
51.8667,10.3333,1967-08-25,11.7999997362494,21.0099995303899,16.4049996333197,1967,8,NA
51.8667,10.3333,1967-08-26,10.31999976933,22.4099994990975,16.3649996342137,1967,8,NA
51.8667,10.3333,1967-08-27,12.6699997168034,21.0899995286018,16.8799996227026,1967,8,NA
51.8667,10.3333,1967-08-28,10.7299997601658,18.2799995914102,14.504999675788,1967,8,NA
51.8667,10.3333,1967-08-29,10.2399997711182,18.2399995923042,14.2399996817112,1967,8,NA
51.8667,10.3333,1967-08-30,9.42999978922307,20.4999995417893,14.9649996655062,1967,8,NA
51.8667,10.3333,1967-08-31,11.4399997442961,19.0299995746464,15.2349996594712,1967,8,NA
51.8667,10.3333,1967-09-01,10.4499997664243,19.6699995603412,15.0599996633828,1967,9,NA
51.8667,10.3333,1967-09-02,12.0199997313321,18.4599995873868,15.2399996593595,1967,9,NA
51.8667,10.3333,1967-09-03,11.6999997384846,18.8999995775521,15.2999996580184,1967,9,NA
51.8667,10.3333,1967-09-04,12.8399997130036,21.1199995279312,16.9799996204674,1967,9,NA
51.8667,10.3333,1967-09-05,10.6399997621775,17.2899996135384,13.9649996878579,1967,9,NA
51.8667,10.3333,1967-09-06,8.24999981559813,17.8799996003509,13.0649997079745,1967,9,NA
51.8667,10.3333,1967-09-07,9.42999978922307,16.099999640137,12.76499971468,1967,9,NA
51.8667,10.3333,1967-09-08,7.25999983772635,15.6799996495247,11.4699997436255,1967,9,NA
51.8667,10.3333,1967-09-09,8.35999981313944,13.509999698028,10.9349997555837,1967,9,NA
51.8667,10.3333,1967-09-10,6.52999985404313,13.6999996937811,10.1149997739121,1967,9,NA
51.8667,10.3333,1967-09-11,7.72999982722104,12.4299997221678,10.0799997746944,1967,9,NA
51.8667,10.3333,1967-09-12,5.59999987483025,13.2299997042865,9.41499978955835,1967,9,NA
51.8667,10.3333,1967-09-13,8.06999981962144,11.0999997518957,9.58499978575855,1967,9,NA
51.8667,10.3333,1967-09-14,10.4199997670949,15.0799996629357,12.7499997150153,1967,9,NA
51.8667,10.3333,1967-09-15,12.329999724403,16.7199996262789,14.524999675341,1967,9,NA
51.8667,10.3333,1967-09-16,10.1499997731298,15.229999659583,12.6899997163564,1967,9,NA
51.8667,10.3333,1967-09-17,8.38999981246889,15.2499996591359,11.8199997358024,1967,9,NA
51.8667,10.3333,1967-09-18,11.6899997387081,15.9599996432662,13.8249996909872,1967,9,NA
51.8667,10.3333,1967-09-19,9.91999977827072,17.8499996010214,13.8849996896461,1967,9,NA
51.8667,10.3333,1967-09-20,9.62999978475273,14.5499996747822,12.0899997297674,1967,9,NA
51.8667,10.3333,1967-09-21,8.63999980688095,12.1199997290969,10.3799997679889,1967,9,NA
51.8667,10.3333,1967-09-22,7.50999983213842,12.1399997286499,9.82499978039414,1967,9,NA
51.8667,10.3333,1967-09-23,8.16999981738627,12.7799997143447,10.4749997658655,1967,9,NA
51.8667,10.3333,1967-09-24,8.81999980285764,14.0199996866286,11.4199997447431,1967,9,NA
51.8667,10.3333,1967-09-25,7.60999982990324,18.3299995902926,12.9699997100979,1967,9,NA
51.8667,10.3333,1967-09-26,11.9399997331202,22.129999505356,17.0349996192381,1967,9,NA
51.8667,10.3333,1967-09-27,14.8799996674061,23.3099994789809,19.0949995731935,1967,9,NA
51.8667,10.3333,1967-09-28,11.8799997344613,20.4899995420128,16.1849996382371,1967,9,NA
51.8667,10.3333,1967-09-29,9.99999977648258,20.3999995440245,15.1999996602535,1967,9,NA
51.8667,10.3333,1967-09-30,9.97999977692962,20.9399995319545,15.4599996544421,1967,9,NA
51.8667,10.3333,1967-10-01,10.5899997632951,18.9999995753169,14.794999669306,1967,10,1968
51.8667,10.3333,1967-10-02,8.94999979995191,13.9599996879697,11.4549997439608,1967,10,1968
51.8667,10.3333,1967-10-03,8.04999982006848,15.6799996495247,11.8649997347966,1967,10,1968
51.8667,10.3333,1967-10-04,8.29999981448054,13.6299996953458,10.9649997549132,1967,10,1968
51.8667,10.3333,1967-10-05,7.78999982587993,11.3199997469783,9.55499978642911,1967,10,1968
51.8667,10.3333,1967-10-06,6.63999985158443,8.70999980531633,7.67499982845038,1967,10,1968
51.8667,10.3333,1967-10-07,6.4899998549372,11.6799997389317,9.08499979693443,1967,10,1968
51.8667,10.3333,1967-10-08,9.78999978117645,13.8099996913224,11.7999997362494,1967,10,1968
51.8667,10.3333,1967-10-09,10.8199997581542,14.8699996676296,12.8449997128919,1967,10,1968
51.8667,10.3333,1967-10-10,7.02999984286726,14.5899996738881,10.8099997583777,1967,10,1968
51.8667,10.3333,1967-10-11,12.6799997165799,14.1999996826053,13.4399996995926,1967,10,1968
51.8667,10.3333,1967-10-12,11.1999997496605,17.6799996048212,14.4399996772408,1967,10,1968
51.8667,10.3333,1967-10-13,13.1599997058511,20.4499995429069,16.804999624379,1967,10,1968
51.8667,10.3333,1967-10-14,8.96999979950488,17.2799996137619,13.1249997066334,1967,10,1968
51.8667,10.3333,1967-10-15,6.31999985873699,12.7499997150153,9.53499978687614,1967,10,1968
51.8667,10.3333,1967-10-16,9.86999977938831,13.7499996926636,11.8099997360259,1967,10,1968
51.8667,10.3333,1967-10-17,8.81999980285764,12.8199997134507,10.8199997581542,1967,10,1968
51.8667,10.3333,1967-10-18,6.61999985203147,16.3399996347725,11.479999743402,1967,10,1968
51.8667,10.3333,1967-10-19,1.75999996066093,6.54999985359609,4.15499990712851,1967,10,1968
51.8667,10.3333,1967-10-20,0.899999979883432,8.62999980710447,4.76499989349395,1967,10,1968
51.8667,10.3333,1967-10-21,6.26999985985458,14.7099996712059,10.4899997655302,1967,10,1968
51.8667,10.3333,1967-10-22,9.74999978207052,18.1399995945394,13.944999688305,1967,10,1968
51.8667,10.3333,1967-10-23,7.76999982632697,14.9599996656179,11.3649997459725,1967,10,1968
51.8667,10.3333,1967-10-24,7.1199998408556,12.5199997201562,9.8199997805059,1967,10,1968
51.8667,10.3333,1967-10-25,7.66999982856214,12.9599997103214,10.3149997694418,1967,10,1968
51.8667,10.3333,1967-10-26,5.82999986968935,10.2999997697771,8.0649998197332,1967,10,1968
51.8667,10.3333,1967-10-27,7.90999982319772,13.3499997016042,10.629999762401,1967,10,1968
51.8667,10.3333,1967-10-28,5.77999987080693,11.8899997342378,8.83499980252236,1967,10,1968
51.8667,10.3333,1967-10-29,7.93999982252717,11.3999997451901,9.66999978385866,1967,10,1968
51.8667,10.3333,1967-10-30,4.59999989718199,11.2799997478724,7.93999982252717,1967,10,1968
51.8667,10.3333,1967-10-31,3.22999992780387,5.65999987348914,4.44499990064651,1967,10,1968
51.8667,10.3333,1967-11-01,2.27999994903803,6.56999985314906,4.42499990109354,1967,11,1968
51.8667,10.3333,1967-11-02,3.06999993138015,5.95999986678362,4.51499989908189,1967,11,1968
51.8667,10.3333,1967-11-03,4.16999990679324,9.08999979682267,6.62999985180795,1967,11,1968
51.8667,10.3333,1967-11-04,5.24999988265336,8.55999980866909,6.90499984566122,1967,11,1968
51.8667,10.3333,1967-11-05,2.4099999461323,8.61999980732799,5.51499987673014,1967,11,1968
51.8667,10.3333,1967-11-06,3.16999992914498,8.39999981224537,5.78499987069517,1967,11,1968
51.8667,10.3333,1967-11-07,2.75999993830919,6.23999986052513,4.49999989941716,1967,11,1968
51.8667,10.3333,1967-11-08,-0.0799999982118607,4.67999989539385,2.29999994859099,1967,11,1968
51.8667,10.3333,1967-11-09,-2.05999995395541,7.82999982498586,2.88499993551522,1967,11,1968
51.8667,10.3333,1967-11-10,-1.719999961555,7.39999983459711,2.83999993652105,1967,11,1968
51.8667,10.3333,1967-11-11,0.109999997541308,5.89999986812472,3.00499993283302,1967,11,1968
51.8667,10.3333,1967-11-12,1.05999997630715,3.76999991573393,2.41499994602054,1967,11,1968
51.8667,10.3333,1967-11-13,2.96999993361533,7.39999983459711,5.18499988410622,1967,11,1968
51.8667,10.3333,1967-11-14,0.319999992847443,6.4299998562783,3.37499992456287,1967,11,1968
51.8667,10.3333,1967-11-15,1.7799999602139,10.1599997729063,5.9699998665601,1967,11,1968
51.8667,10.3333,1967-11-16,4.4799998998642,8.30999981425703,6.39499985706061,1967,11,1968
51.8667,10.3333,1967-11-17,2.62999994121492,5.15999988466501,3.89499991293997,1967,11,1968
51.8667,10.3333,1967-11-18,-1.11999997496605,5.47999987751245,2.1799999512732,1967,11,1968
51.8667,10.3333,1967-11-19,-3.22999992780387,6.30999985896051,1.53999996557832,1967,11,1968
51.8667,10.3333,1967-11-20,-1.09999997541308,5.82999986968935,2.36499994713813,1967,11,1968
51.8667,10.3333,1967-11-21,-3.66999991796911,4.25999990478158,0.294999993406236,1967,11,1968
51.8667,10.3333,1967-11-22,-2.4099999461323,8.80999980308115,3.19999992847443,1967,11,1968
51.8667,10.3333,1967-11-23,-0.899999979883432,4.68999989517033,1.89499995764345,1967,11,1968
51.8667,10.3333,1967-11-24,1.81999995931983,5.26999988220632,3.54499992076308,1967,11,1968
51.8667,10.3333,1967-11-25,-0.829999981448054,3.80999991483986,1.4899999666959,1967,11,1968
51.8667,10.3333,1967-11-26,-2.39999994635582,3.50999992154539,0.554999987594783,1967,11,1968
51.8667,10.3333,1967-11-27,-0.61999998614192,2.19999995082617,0.789999982342124,1967,11,1968
51.8667,10.3333,1967-11-28,-1.17999997362494,1.5499999653548,0.184999995864928,1967,11,1968
51.8667,10.3333,1967-11-29,-2.30999994836748,0.799999982118607,-0.754999983124435,1967,11,1968
51.8667,10.3333,1967-11-30,0.789999982342124,3.67999991774559,2.23499995004386,1967,11,1968
51.8667,10.3333,1967-12-01,-2.10999995283782,3.28999992646277,0.589999986812472,1967,12,1968
51.8667,10.3333,1967-12-02,-3.92999991215765,3.46999992243946,-0.229999994859099,1967,12,1968
51.8667,10.3333,1967-12-03,0.219999995082617,3.98999991081655,2.10499995294958,1967,12,1968
51.8667,10.3333,1967-12-04,-1.719999961555,5.0499998871237,1.66499996278435,1967,12,1968
51.8667,10.3333,1967-12-05,2.31999994814396,3.71999991685152,3.01999993249774,1967,12,1968
51.8667,10.3333,1967-12-06,2.43999994546175,4.34999990276992,3.39499992411584,1967,12,1968
51.8667,10.3333,1967-12-07,-0.599999986588955,3.05999993160367,1.22999997250736,1967,12,1968
51.8667,10.3333,1967-12-08,-2.59999994188547,-0.299999993294477,-1.44999996758997,1967,12,1968
51.8667,10.3333,1967-12-09,-3.59999991953373,-1.36999996937811,-2.48499994445592,1967,12,1968
51.8667,10.3333,1967-12-10,-6.54999985359609,-2.8699999358505,-4.7099998947233,1967,12,1968
51.8667,10.3333,1967-12-11,-11.1399997510016,-3.36999992467463,-7.25499983783811,1967,12,1968
51.8667,10.3333,1967-12-12,-10.0799997746944,-5.11999988555908,-7.59999983012676,1967,12,1968
51.8667,10.3333,1967-12-13,-10.3499997686595,-4.38999990187585,-7.36999983526766,1967,12,1968
51.8667,10.3333,1967-12-14,-4.6499998960644,1.09999997541308,-1.77499996032566,1967,12,1968
51.8667,10.3333,1967-12-15,-0.0199999995529652,2.1799999512732,1.07999997586012,1967,12,1968
51.8667,10.3333,1967-12-16,0.909999979659915,3.00999993272126,1.95999995619059,1967,12,1968
51.8667,10.3333,1967-12-17,-0.179999995976686,2.94999993406236,1.38499996904284,1967,12,1968
51.8667,10.3333,1967-12-18,-1.74999996088445,0.119999997317791,-0.81499998178333,1967,12,1968
51.8667,10.3333,1967-12-19,-2.83999993652105,-0.769999982789159,-1.80499995965511,1967,12,1968
51.8667,10.3333,1967-12-20,-3.85999991372228,-1.13999997451901,-2.49999994412065,1967,12,1968
51.8667,10.3333,1967-12-21,-8.8399998024106,-3.47999992221594,-6.15999986231327,1967,12,1968
51.8667,10.3333,1967-12-22,-8.48999981023371,-2.16999995149672,-5.32999988086522,1967,12,1968
51.8667,10.3333,1967-12-23,-3.01999993249774,3.13999992981553,0.0599999986588955,1967,12,1968
51.8667,10.3333,1967-12-24,2.6399999409914,9.10999979637563,5.87499986868352,1967,12,1968
51.8667,10.3333,1967-12-25,3.88999991305172,7.66999982856214,5.77999987080693,1967,12,1968
51.8667,10.3333,1967-12-26,2.57999994233251,4.28999990411103,3.43499992322177,1967,12,1968
51.8667,10.3333,1967-12-27,0.319999992847443,2.95999993383884,1.63999996334314,1967,12,1968
51.8667,10.3333,1967-12-28,-6.05999986454844,0.57999998703599,-2.73999993875623,1967,12,1968
51.8667,10.3333,1967-12-29,-3.61999991908669,0.799999982118607,-1.40999996848404,1967,12,1968
51.8667,10.3333,1967-12-30,-1.10999997518957,0.719999983906746,-0.19499999564141,1967,12,1968
51.8667,10.3333,1967-12-31,-4.42999990098178,-0.0399999991059303,-2.23499995004386,1967,12,1968
51.8667,10.3333,1968-01-01,-2.74999993853271,-0.989999977871776,-1.86999995820224,1968,1,1968
51.8667,10.3333,1968-01-02,-3.45999992266297,-0.989999977871776,-2.22499995026737,1968,1,1968
51.8667,10.3333,1968-01-03,-5.45999987795949,-2.24999994970858,-3.85499991383404,1968,1,1968
51.8667,10.3333,1968-01-04,-6.68999985046685,-2.24999994970858,-4.46999990008771,1968,1,1968
51.8667,10.3333,1968-01-05,-4.12999990768731,-1.46999996714294,-2.79999993741512,1968,1,1968
51.8667,10.3333,1968-01-06,-4.85999989137053,-2.29999994859099,-3.57999991998076,1968,1,1968
51.8667,10.3333,1968-01-07,-5.9699998665601,0.0299999993294477,-2.96999993361533,1968,1,1968
51.8667,10.3333,1968-01-08,-11.3799997456372,-4.80999989248812,-8.09499981906265,1968,1,1968
51.8667,10.3333,1968-01-09,-12.1899997275323,-4.11999990791082,-8.15499981772155,1968,1,1968
51.8667,10.3333,1968-01-10,-14.8299996685237,-7.88999982364476,-11.3599997460842,1968,1,1968
51.8667,10.3333,1968-01-11,-15.7799996472895,-5.88999986834824,-10.8349997578189,1968,1,1968
51.8667,10.3333,1968-01-12,-11.749999737367,-3.46999992243946,-7.60999982990324,1968,1,1968
51.8667,10.3333,1968-01-13,-15.2599996589124,-11.0299997534603,-13.1449997061864,1968,1,1968
51.8667,10.3333,1968-01-14,-17.8999995999038,-9.49999978765845,-13.6999996937811,1968,1,1968
51.8667,10.3333,1968-01-15,-11.8199997358024,3.0399999320507,-4.38999990187585,1968,1,1968
51.8667,10.3333,1968-01-16,2.75999993830919,7.16999983973801,4.9649998890236,1968,1,1968
51.8667,10.3333,1968-01-17,2.04999995417893,5.26999988220632,3.65999991819263,1968,1,1968
51.8667,10.3333,1968-01-18,3.73999991640449,5.88999986834824,4.81499989237636,1968,1,1968
51.8667,10.3333,1968-01-19,-0.919999979436398,4.31999990344048,1.69999996200204,1968,1,1968
51.8667,10.3333,1968-01-20,-1.76999996043742,3.65999991819263,0.944999978877604,1968,1,1968
51.8667,10.3333,1968-01-21,-3.10999993048608,4.73999989405274,0.81499998178333,1968,1,1968
51.8667,10.3333,1968-01-22,-2.99999993294477,4.91999989002943,0.959999978542328,1968,1,1968
51.8667,10.3333,1968-01-23,-2.6399999409914,2.90999993495643,0.134999996982515,1968,1,1968
51.8667,10.3333,1968-01-24,-3.90999991260469,1.40999996848404,-1.24999997206032,1968,1,1968
51.8667,10.3333,1968-01-25,-3.02999993227422,0.589999986812472,-1.21999997273088,1968,1,1968
51.8667,10.3333,1968-01-26,-1.55999996513128,1.95999995619059,0.199999995529652,1968,1,1968
51.8667,10.3333,1968-01-27,-2.89999993517995,2.27999994903803,-0.30999999307096,1968,1,1968
51.8667,10.3333,1968-01-28,-2.87999993562698,1.63999996334314,-0.61999998614192,1968,1,1968
51.8667,10.3333,1968-01-29,-0.719999983906746,2.30999994836748,0.794999982230365,1968,1,1968
51.8667,10.3333,1968-01-30,-1.38999996893108,1.21999997273088,-0.0849999981001019,1968,1,1968
51.8667,10.3333,1968-01-31,0.759999983012676,3.27999992668629,2.01999995484948,1968,1,1968
51.8667,10.3333,1968-02-01,1.91999995708466,5.49999987706542,3.70999991707504,1968,2,1968
51.8667,10.3333,1968-02-02,0.499999988824129,4.95999988913536,2.72999993897974,1968,2,1968
51.8667,10.3333,1968-02-03,-0.409999990835786,2.42999994568527,1.00999997742474,1968,2,1968
51.8667,10.3333,1968-02-04,-1.57999996468425,2.64999994076788,0.534999988041818,1968,2,1968
51.8667,10.3333,1968-02-05,-1.81999995931983,1.41999996826053,-0.199999995529652,1968,2,1968
51.8667,10.3333,1968-02-06,-3.20999992825091,0.989999977871776,-1.10999997518957,1968,2,1968
51.8667,10.3333,1968-02-07,-0.429999990388751,3.08999993093312,1.32999997027218,1968,2,1968
51.8667,10.3333,1968-02-08,-0.829999981448054,4.49999989941716,1.83499995898455,1968,2,1968
51.8667,10.3333,1968-02-09,-1.12999997474253,6.94999984465539,2.90999993495643,1968,2,1968
51.8667,10.3333,1968-02-10,-0.999999977648258,3.96999991126359,1.48499996680766,1968,2,1968
51.8667,10.3333,1968-02-11,-1.22999997250736,0.549999987706542,-0.339999992400408,1968,2,1968
51.8667,10.3333,1968-02-12,-1.56999996490777,0.169999996200204,-0.699999984353781,1968,2,1968
51.8667,10.3333,1968-02-13,-2.6399999409914,2.37999994680285,-0.129999997094274,1968,2,1968
51.8667,10.3333,1968-02-14,-1.88999995775521,3.80999991483986,0.959999978542328,1968,2,1968
51.8667,10.3333,1968-02-15,0.129999997094274,3.00999993272126,1.56999996490777,1968,2,1968
51.8667,10.3333,1968-02-16,-2.10999995283782,1.62999996356666,-0.239999994635582,1968,2,1968
51.8667,10.3333,1968-02-17,-5.15999988466501,-0.539999987930059,-2.84999993629754,1968,2,1968
51.8667,10.3333,1968-02-18,-7.13999984040856,-0.429999990388751,-3.78499991539866,1968,2,1968
51.8667,10.3333,1968-02-19,-3.71999991685152,0.359999991953373,-1.67999996244907,1968,2,1968
51.8667,10.3333,1968-02-20,-3.97999991104007,1.78999995999038,-1.09499997552484,1968,2,1968
51.8667,10.3333,1968-02-21,-2.35999994724989,2.20999995060265,-0.0749999983236194,1968,2,1968
51.8667,10.3333,1968-02-22,-3.73999991640449,0.359999991953373,-1.68999996222556,1968,2,1968
51.8667,10.3333,1968-02-23,-2.20999995060265,2.64999994076788,0.219999995082617,1968,2,1968
51.8667,10.3333,1968-02-24,-4.06999990902841,-1.39999996870756,-2.73499993886799,1968,2,1968
51.8667,10.3333,1968-02-25,-5.49999987706542,-3.64999991841614,-4.57499989774078,1968,2,1968
51.8667,10.3333,1968-02-26,-8.54999980889261,-3.12999993003905,-5.83999986946583,1968,2,1968
51.8667,10.3333,1968-02-27,-12.9799997098744,-2.06999995373189,-7.52499983180314,1968,2,1968
51.8667,10.3333,1968-02-28,-11.8799997344613,-0.279999993741512,-6.07999986410141,1968,2,1968
51.8667,10.3333,1968-02-29,-5.44999987818301,3.54999992065132,-0.949999978765845,1968,2,1968
51.8667,10.3333,1968-03-01,-3.30999992601573,-0.26999999396503,-1.78999995999038,1968,3,1968
51.8667,10.3333,1968-03-02,-4.45999990031123,0.0499999988824129,-2.20499995071441,1968,3,1968
51.8667,10.3333,1968-03-03,-7.5199998319149,0.809999981895089,-3.35499992500991,1968,3,1968
51.8667,10.3333,1968-03-04,-9.97999977692962,2.02999995462596,-3.97499991115183,1968,3,1968
51.8667,10.3333,1968-03-05,-6.87999984622002,0.489999989047647,-3.19499992858618,1968,3,1968
51.8667,10.3333,1968-03-06,0.329999992623925,2.24999994970858,1.28999997116625,1968,3,1968
51.8667,10.3333,1968-03-07,-2.1799999512732,1.96999995596707,-0.104999997653067,1968,3,1968
51.8667,10.3333,1968-03-08,-2.43999994546175,0.57999998703599,-0.92999997921288,1968,3,1968
51.8667,10.3333,1968-03-09,-1.82999995909631,1.15999997407198,-0.334999992512167,1968,3,1968
51.8667,10.3333,1968-03-10,-0.229999994859099,2.25999994948506,1.01499997731298,1968,3,1968
51.8667,10.3333,1968-03-11,-2.66999994032085,0.599999986588955,-1.03499997686595,1968,3,1968
51.8667,10.3333,1968-03-12,-7.03999984264374,-1.09999997541308,-4.06999990902841,1968,3,1968
51.8667,10.3333,1968-03-13,-10.1599997729063,0.469999989494681,-4.84499989170581,1968,3,1968
51.8667,10.3333,1968-03-14,-2.16999995149672,0.939999978989363,-0.614999986253679,1968,3,1968
51.8667,10.3333,1968-03-15,-0.459999989718199,2.12999995239079,0.834999981336296,1968,3,1968
51.8667,10.3333,1968-03-16,-0.919999979436398,1.87999995797873,0.479999989271164,1968,3,1968
51.8667,10.3333,1968-03-17,-1.3199999704957,1.28999997116625,-0.0149999996647239,1968,3,1968
51.8667,10.3333,1968-03-18,-0.189999995753169,3.81999991461635,1.81499995943159,1968,3,1968
51.8667,10.3333,1968-03-19,-0.189999995753169,2.54999994300306,1.17999997362494,1968,3,1968
51.8667,10.3333,1968-03-20,0.689999984577298,4.54999989829957,2.61999994143844,1968,3,1968
51.8667,10.3333,1968-03-21,2.22999995015562,9.82999978028238,6.029999865219,1968,3,1968
51.8667,10.3333,1968-03-22,1.9499999564141,10.0099997762591,5.97999986633658,1968,3,1968
51.8667,10.3333,1968-03-23,1.10999997518957,5.71999987214804,3.4149999236688,1968,3,1968
51.8667,10.3333,1968-03-24,0.649999985471368,7.56999983079731,4.10999990813434,1968,3,1968
51.8667,10.3333,1968-03-25,6.12999986298382,14.6799996718764,10.4049997674301,1968,3,1968
51.8667,10.3333,1968-03-26,7.75999982655048,16.1599996387959,11.9599997326732,1968,3,1968
51.8667,10.3333,1968-03-27,2.99999993294477,9.56999978609383,6.2849998595193,1968,3,1968
51.8667,10.3333,1968-03-28,1.22999997250736,12.2399997264147,6.73499984946102,1968,3,1968
51.8667,10.3333,1968-03-29,2.27999994903803,17.1299996171147,9.70499978307635,1968,3,1968
51.8667,10.3333,1968-03-30,5.43999987840652,20.1499995496124,12.7949997140095,1968,3,1968
51.8667,10.3333,1968-03-31,7.21999983862042,20.6699995379895,13.944999688305,1968,3,1968
51.8667,10.3333,1968-04-01,1.18999997340143,11.8999997340143,6.54499985370785,1968,4,1968
51.8667,10.3333,1968-04-02,2.62999994121492,10.2499997708946,6.43999985605478,1968,4,1968
51.8667,10.3333,1968-04-03,4.78999989293516,14.359999679029,9.57499978598207,1968,4,1968
51.8667,10.3333,1968-04-04,-0.649999985471368,9.89999977871776,4.62499989662319,1968,4,1968
51.8667,10.3333,1968-04-05,-0.989999977871776,7.22999983839691,3.11999993026257,1968,4,1968
51.8667,10.3333,1968-04-06,1.04999997653067,6.52999985404313,3.7899999152869,1968,4,1968
51.8667,10.3333,1968-04-07,-1.7799999602139,5.69999987259507,1.95999995619059,1968,4,1968
51.8667,10.3333,1968-04-08,-2.81999993696809,7.89999982342124,2.53999994322658,1968,4,1968
51.8667,10.3333,1968-04-09,-4.36999990232289,3.10999993048608,-0.629999985918403,1968,4,1968
51.8667,10.3333,1968-04-10,-5.15999988466501,7.44999983347952,1.14499997440726,1968,4,1968
51.8667,10.3333,1968-04-11,-3.21999992802739,4.85999989137053,0.819999981671572,1968,4,1968
51.8667,10.3333,1968-04-12,-4.4199999012053,3.61999991908669,-0.399999991059303,1968,4,1968
51.8667,10.3333,1968-04-13,-5.35999988019466,5.5099998768419,0.0749999983236194,1968,4,1968
51.8667,10.3333,1968-04-14,-0.219999995082617,7.3499998357147,3.56499992031604,1968,4,1968
51.8667,10.3333,1968-04-15,-0.899999979883432,11.0699997525662,5.08499988634139,1968,4,1968
51.8667,10.3333,1968-04-16,1.65999996289611,12.7599997147918,7.20999983884394,1968,4,1968
51.8667,10.3333,1968-04-17,3.05999993160367,15.2599996589124,9.15999979525805,1968,4,1968
51.8667,10.3333,1968-04-18,5.1099998857826,18.4299995880574,11.76999973692,1968,4,1968
51.8667,10.3333,1968-04-19,6.24999986030161,21.7599995136261,14.0049996869639,1968,4,1968
51.8667,10.3333,1968-04-20,9.84999977983534,19.7399995587766,14.794999669306,1968,4,1968
51.8667,10.3333,1968-04-21,8.84999980218709,23.0999994836748,15.9749996429309,1968,4,1968
51.8667,10.3333,1968-04-22,13.0499997083098,26.6599994041026,19.8549995562062,1968,4,1968
51.8667,10.3333,1968-04-23,13.2799997031689,26.959999397397,20.119999550283,1968,4,1968
51.8667,10.3333,1968-04-24,12.4699997212738,25.2499994356185,18.8599995784461,1968,4,1968
51.8667,10.3333,1968-04-25,8.39999981224537,13.7499996926636,11.0749997524545,1968,4,1968
51.8667,10.3333,1968-04-26,6.4299998562783,11.1399997510016,8.78499980363995,1968,4,1968
51.8667,10.3333,1968-04-27,5.70999987237155,9.42999978922307,7.56999983079731,1968,4,1968
51.8667,10.3333,1968-04-28,6.06999986432493,13.0299997087568,9.54999978654087,1968,4,1968
51.8667,10.3333,1968-04-29,3.91999991238117,15.6199996508658,9.76999978162348,1968,4,1968
51.8667,10.3333,1968-04-30,3.27999992668629,15.5799996517599,9.42999978922307,1968,4,1968
51.8667,10.3333,1968-05-01,6.70999985001981,11.9999997317791,9.35499979089946,1968,5,NA
51.8667,10.3333,1968-05-02,5.74999987147748,10.7099997606128,8.22999981604517,1968,5,NA
51.8667,10.3333,1968-05-03,5.14999988488853,13.3199997022748,9.23499979358166,1968,5,NA
51.8667,10.3333,1968-05-04,5.58999987505376,11.479999743402,8.53499980922788,1968,5,NA
51.8667,10.3333,1968-05-05,5.15999988466501,20.6499995384365,12.9049997115508,1968,5,NA
51.8667,10.3333,1968-05-06,9.96999977715313,17.0999996177852,13.5349996974692,1968,5,NA
51.8667,10.3333,1968-05-07,7.61999982967973,15.6199996508658,11.6199997402728,1968,5,NA
51.8667,10.3333,1968-05-08,3.59999991953373,11.1999997496605,7.39999983459711,1968,5,NA
51.8667,10.3333,1968-05-09,2.41999994590878,10.1399997733533,6.27999985963106,1968,5,NA
51.8667,10.3333,1968-05-10,2.96999993361533,14.8299996685237,8.8999998010695,1968,5,NA
51.8667,10.3333,1968-05-11,7.27999983727932,12.8499997127801,10.0649997750297,1968,5,NA
51.8667,10.3333,1968-05-12,6.53999985381961,17.5199996083975,12.0299997311085,1968,5,NA
51.8667,10.3333,1968-05-13,5.98999986611307,12.6599997170269,9.32499979157001,1968,5,NA
51.8667,10.3333,1968-05-14,2.6399999409914,14.0799996852875,8.35999981313944,1968,5,NA
51.8667,10.3333,1968-05-15,5.67999987304211,12.1399997286499,8.90999980084598,1968,5,NA
51.8667,10.3333,1968-05-16,1.09999997541308,12.5499997194856,6.82499984744936,1968,5,NA
51.8667,10.3333,1968-05-17,6.77999984845519,12.2199997268617,9.49999978765845,1968,5,NA
51.8667,10.3333,1968-05-18,2.32999994792044,7.47999983280897,4.90499989036471,1968,5,NA
51.8667,10.3333,1968-05-19,1.09999997541308,5.9699998665601,3.53499992098659,1968,5,NA
51.8667,10.3333,1968-05-20,1.56999996490777,6.61999985203147,4.09499990846962,1968,5,NA
51.8667,10.3333,1968-05-21,0.229999994859099,8.69999980553985,4.46499990019947,1968,5,NA
51.8667,10.3333,1968-05-22,0.869999980553985,11.2899997476488,6.07999986410141,1968,5,NA
51.8667,10.3333,1968-05-23,4.30999990366399,12.8099997136742,8.55999980866909,1968,5,NA
51.8667,10.3333,1968-05-24,2.39999994635582,9.55999978631735,5.97999986633658,1968,5,NA
51.8667,10.3333,1968-05-25,1.20999997295439,11.5899997409433,6.39999985694885,1968,5,NA
51.8667,10.3333,1968-05-26,3.25999992713332,14.0299996864051,8.64499980676919,1968,5,NA
51.8667,10.3333,1968-05-27,4.91999989002943,17.8699996005744,11.3949997453019,1968,5,NA
51.8667,10.3333,1968-05-28,8.77999980375171,19.6999995596707,14.2399996817112,1968,5,NA
51.8667,10.3333,1968-05-29,9.47999978810549,20.3399995453656,14.9099996667355,1968,5,NA
51.8667,10.3333,1968-05-30,10.359999768436,16.639999628067,13.4999996982515,1968,5,NA
51.8667,10.3333,1968-05-31,6.45999985560775,16.0499996412545,11.2549997484311,1968,5,NA
51.8667,10.3333,1968-06-01,4.20999990589917,17.7199996039271,10.9649997549132,1968,6,NA
51.8667,10.3333,1968-06-02,6.62999985180795,17.1599996164441,11.894999734126,1968,6,NA
51.8667,10.3333,1968-06-03,10.1399997733533,16.3799996338785,13.2599997036159,1968,6,NA
51.8667,10.3333,1968-06-04,9.59999978542328,17.3999996110797,13.4999996982515,1968,6,NA
51.8667,10.3333,1968-06-05,9.62999978475273,23.0499994847924,16.3399996347725,1968,6,NA
51.8667,10.3333,1968-06-06,11.0599997527897,18.5299995858222,14.794999669306,1968,6,NA
51.8667,10.3333,1968-06-07,9.63999978452921,20.2799995467067,14.9599996656179,1968,6,NA
51.8667,10.3333,1968-06-08,9.5899997856468,15.6999996490777,12.6449997173622,1968,6,NA
51.8667,10.3333,1968-06-09,9.28999979235232,14.1799996830523,11.7349997377023,1968,6,NA
51.8667,10.3333,1968-06-10,7.82999982498586,13.5699996966869,10.6999997608364,1968,6,NA
51.8667,10.3333,1968-06-11,4.75999989360571,12.7899997141212,8.77499980386347,1968,6,NA
51.8667,10.3333,1968-06-12,6.38999985717237,15.1299996618181,10.7599997594953,1968,6,NA
51.8667,10.3333,1968-06-13,6.5999998524785,13.9099996890873,10.2549997707829,1968,6,NA
51.8667,10.3333,1968-06-14,8.46999981068075,18.7799995802343,13.6249996954575,1968,6,NA
51.8667,10.3333,1968-06-15,11.2799997478724,22.4299994986504,16.8549996232614,1968,6,NA
51.8667,10.3333,1968-06-16,12.7299997154623,25.2699994351715,18.9999995753169,1968,6,NA
51.8667,10.3333,1968-06-17,14.4899996761233,26.149999415502,20.3199995458126,1968,6,NA
51.8667,10.3333,1968-06-18,14.7299996707588,24.0599994622171,19.394999566488,1968,6,NA
51.8667,10.3333,1968-06-19,12.3399997241795,23.1499994825572,17.7449996033683,1968,6,NA
51.8667,10.3333,1968-06-20,13.0899997074157,24.2499994579703,18.669999582693,1968,6,NA
51.8667,10.3333,1968-06-21,12.7999997138977,19.2199995703995,16.0099996421486,1968,6,NA
51.8667,10.3333,1968-06-22,8.65999980643392,16.2399996370077,12.4499997217208,1968,6,NA
51.8667,10.3333,1968-06-23,7.09999984130263,16.3299996349961,11.7149997381493,1968,6,NA
51.8667,10.3333,1968-06-24,10.4799997657537,23.6799994707108,17.0799996182323,1968,6,NA
51.8667,10.3333,1968-06-25,10.4399997666478,17.3899996113032,13.9149996889755,1968,6,NA
51.8667,10.3333,1968-06-26,9.78999978117645,17.3399996124208,13.5649996967986,1968,6,NA
51.8667,10.3333,1968-06-27,12.2099997270852,17.5699996072799,14.8899996671826,1968,6,NA
51.8667,10.3333,1968-06-28,10.6799997612834,20.8999995328486,15.789999647066,1968,6,NA
51.8667,10.3333,1968-06-29,13.1399997062981,21.839999511838,17.489999609068,1968,6,NA
51.8667,10.3333,1968-06-30,10.5799997635186,18.9299995768815,14.7549996702,1968,6,NA
51.8667,10.3333,1968-07-01,7.81999982520938,21.8699995111674,14.8449996681884,1968,7,NA
51.8667,10.3333,1968-07-02,12.3999997228384,26.4799994081259,19.4399995654821,1968,7,NA
51.8667,10.3333,1968-07-03,14.1799996830523,27.0799993947148,20.6299995388836,1968,7,NA
51.8667,10.3333,1968-07-04,12.8699997123331,22.2699995022267,17.5699996072799,1968,7,NA
51.8667,10.3333,1968-07-05,11.8099997360259,19.4599995650351,15.6349996505305,1968,7,NA
51.8667,10.3333,1968-07-06,12.329999724403,24.2499994579703,18.2899995911866,1968,7,NA
51.8667,10.3333,1968-07-07,14.0999996848404,24.6899994481355,19.394999566488,1968,7,NA
51.8667,10.3333,1968-07-08,9.88999977894127,18.959999576211,14.4249996775761,1968,7,NA
51.8667,10.3333,1968-07-09,9.74999978207052,20.9599995315075,15.354999656789,1968,7,NA
51.8667,10.3333,1968-07-10,11.5499997418374,21.7299995142967,16.639999628067,1968,7,NA
51.8667,10.3333,1968-07-11,9.88999977894127,23.4099994767457,16.6499996278435,1968,7,NA
51.8667,10.3333,1968-07-12,11.5899997409433,21.3299995232373,16.4599996320903,1968,7,NA
51.8667,10.3333,1968-07-13,7.83999982476234,15.2699996586889,11.5549997417256,1968,7,NA
51.8667,10.3333,1968-07-14,6.79999984800816,19.229999570176,13.0149997090921,1968,7,NA
51.8667,10.3333,1968-07-15,11.6799997389317,21.3599995225668,16.5199996307492,1968,7,NA
51.8667,10.3333,1968-07-16,10.9699997548014,17.2599996142089,14.1149996845052,1968,7,NA
51.8667,10.3333,1968-07-17,9.72999978251755,14.9699996653944,12.349999723956,1968,7,NA
51.8667,10.3333,1968-07-18,8.12999981828034,16.8799996227026,12.5049997204915,1968,7,NA
51.8667,10.3333,1968-07-19,7.09999984130263,18.0799995958805,12.5899997185916,1968,7,NA
51.8667,10.3333,1968-07-20,9.94999977760017,15.3499996569008,12.6499997172505,1968,7,NA
51.8667,10.3333,1968-07-21,7.5799998305738,12.639999717474,10.1099997740239,1968,7,NA
51.8667,10.3333,1968-07-22,7.98999982140958,15.6699996497482,11.8299997355789,1968,7,NA
51.8667,10.3333,1968-07-23,9.88999977894127,13.5899996962398,11.7399997375906,1968,7,NA
51.8667,10.3333,1968-07-24,9.95999977737665,14.4799996763468,12.2199997268617,1968,7,NA
51.8667,10.3333,1968-07-25,10.2399997711182,18.6299995835871,14.4349996773526,1968,7,NA
51.8667,10.3333,1968-07-26,10.1299997735769,14.1299996841699,12.1299997288734,1968,7,NA
51.8667,10.3333,1968-07-27,9.59999978542328,15.7399996481836,12.6699997168034,1968,7,NA
51.8667,10.3333,1968-07-28,8.05999981984496,17.9699995983392,13.0149997090921,1968,7,NA
51.8667,10.3333,1968-07-29,8.67999980598688,20.3199995458126,14.4999996758997,1968,7,NA
51.8667,10.3333,1968-07-30,10.9299997556955,20.5399995408952,15.7349996482953,1968,7,NA
51.8667,10.3333,1968-07-31,9.97999977692962,22.8599994890392,16.4199996329844,1968,7,NA
51.8667,10.3333,1968-08-01,12.0699997302145,23.7599994689226,17.9149995995685,1968,8,NA
51.8667,10.3333,1968-08-02,12.7999997138977,24.8599994443357,18.8299995791167,1968,8,NA
51.8667,10.3333,1968-08-03,12.9899997096509,22.1999995037913,17.5949996067211,1968,8,NA
51.8667,10.3333,1968-08-04,14.0299996864051,22.6799994930625,18.3549995897338,1968,8,NA
51.8667,10.3333,1968-08-05,10.5699997637421,22.8999994881451,16.7349996259436,1968,8,NA
51.8667,10.3333,1968-08-06,12.2799997255206,25.2099994365126,18.7449995810166,1968,8,NA
51.8667,10.3333,1968-08-07,13.3799997009337,23.9499994646758,18.6649995828047,1968,8,NA
51.8667,10.3333,1968-08-08,13.0899997074157,22.7399994917214,17.9149995995685,1968,8,NA
51.8667,10.3333,1968-08-09,14.4299996774644,20.5499995406717,17.489999609068,1968,8,NA
51.8667,10.3333,1968-08-10,13.199999704957,22.1999995037913,17.6999996043742,1968,8,NA
51.8667,10.3333,1968-08-11,11.4699997436255,24.2499994579703,17.8599996007979,1968,8,NA
51.8667,10.3333,1968-08-12,10.9899997543544,20.7399995364249,15.8649996453896,1968,8,NA
51.8667,10.3333,1968-08-13,9.72999978251755,18.2599995918572,13.9949996871874,1968,8,NA
51.8667,10.3333,1968-08-14,8.06999981962144,20.8899995330721,14.4799996763468,1968,8,NA
51.8667,10.3333,1968-08-15,11.5999997407198,16.7399996258318,14.1699996832758,1968,8,NA
51.8667,10.3333,1968-08-16,8.61999980732799,13.8299996908754,11.2249997491017,1968,8,NA
51.8667,10.3333,1968-08-17,9.22999979369342,16.2999996356666,12.76499971468,1968,8,NA
51.8667,10.3333,1968-08-18,9.22999979369342,15.6999996490777,12.4649997213855,1968,8,NA
51.8667,10.3333,1968-08-19,8.87999980151653,14.6099996734411,11.7449997374788,1968,8,NA
51.8667,10.3333,1968-08-20,7.53999983146787,14.919999666512,11.2299997489899,1968,8,NA
51.8667,10.3333,1968-08-21,7.38999983482063,15.8799996450543,11.6349997399375,1968,8,NA
51.8667,10.3333,1968-08-22,10.8099997583777,22.0399995073676,16.4249996328726,1968,8,NA
51.8667,10.3333,1968-08-23,10.5099997650832,20.8399995341897,15.6749996496364,1968,8,NA
51.8667,10.3333,1968-08-24,9.40999978967011,20.4399995431304,14.9249996664003,1968,8,NA
51.8667,10.3333,1968-08-25,11.6999997384846,22.4799994975328,17.0899996180087,1968,8,NA
51.8667,10.3333,1968-08-26,12.6899997163564,23.8899994660169,18.2899995911866,1968,8,NA
51.8667,10.3333,1968-08-27,12.929999710992,22.3099995013326,17.6199996061623,1968,8,NA
51.8667,10.3333,1968-08-28,13.4799996986985,17.8699996005744,15.6749996496364,1968,8,NA
51.8667,10.3333,1968-08-29,12.2699997257441,20.9599995315075,16.6149996286258,1968,8,NA
51.8667,10.3333,1968-08-30,12.8699997123331,21.2499995250255,17.0599996186793,1968,8,NA
51.8667,10.3333,1968-08-31,14.2599996812642,20.929999532178,17.5949996067211,1968,8,NA
51.8667,10.3333,1968-09-01,10.5799997635186,16.7699996251613,13.6749996943399,1968,9,NA
51.8667,10.3333,1968-09-02,10.919999755919,17.8099996019155,14.3649996789172,1968,9,NA
51.8667,10.3333,1968-09-03,12.1999997273088,21.9799995087087,17.0899996180087,1968,9,NA
51.8667,10.3333,1968-09-04,13.8399996906519,19.1899995710701,16.514999630861,1968,9,NA
51.8667,10.3333,1968-09-05,11.5999997407198,15.8899996448308,13.7449996927753,1968,9,NA
51.8667,10.3333,1968-09-06,11.1199997514486,15.1999996602535,13.1599997058511,1968,9,NA
51.8667,10.3333,1968-09-07,9.61999978497624,14.0199996866286,11.8199997358024,1968,9,NA
51.8667,10.3333,1968-09-08,10.029999775812,15.6899996493012,12.8599997125566,1968,9,NA
51.8667,10.3333,1968-09-09,9.62999978475273,18.5999995842576,14.1149996845052,1968,9,NA
51.8667,10.3333,1968-09-10,12.079999729991,22.3399995006621,17.2099996153265,1968,9,NA
51.8667,10.3333,1968-09-11,11.2399997487664,22.0599995069206,16.6499996278435,1968,9,NA
51.8667,10.3333,1968-09-12,10.2499997708946,20.5299995411187,15.3899996560067,1968,9,NA
51.8667,10.3333,1968-09-13,8.84999980218709,15.0099996645004,11.9299997333437,1968,9,NA
51.8667,10.3333,1968-09-14,9.94999977760017,16.4499996323138,13.199999704957,1968,9,NA
51.8667,10.3333,1968-09-15,8.00999982096255,18.2499995920807,13.1299997065216,1968,9,NA
51.8667,10.3333,1968-09-16,11.5199997425079,15.0099996645004,13.2649997035041,1968,9,NA
51.8667,10.3333,1968-09-17,9.93999977782369,15.1699996609241,12.5549997193739,1968,9,NA
51.8667,10.3333,1968-09-18,9.79999978095293,15.20999966003,12.5049997204915,1968,9,NA
51.8667,10.3333,1968-09-19,9.77999978139997,14.7299996707588,12.2549997260794,1968,9,NA
51.8667,10.3333,1968-09-20,8.16999981738627,14.1699996832758,11.169999750331,1968,9,NA
51.8667,10.3333,1968-09-21,6.49999985471368,13.9099996890873,10.2049997719005,1968,9,NA
51.8667,10.3333,1968-09-22,10.2699997704476,13.4199997000396,11.8449997352436,1968,9,NA
51.8667,10.3333,1968-09-23,9.09999979659915,11.8799997344613,10.4899997655302,1968,9,NA
51.8667,10.3333,1968-09-24,8.08999981917441,12.369999723509,10.2299997713417,1968,9,NA
51.8667,10.3333,1968-09-25,7.68999982811511,11.5899997409433,9.63999978452921,1968,9,NA
51.8667,10.3333,1968-09-26,5.90999986790121,10.4999997653067,8.20499981660396,1968,9,NA
51.8667,10.3333,1968-09-27,3.89999991282821,14.5299996752292,9.2149997940287,1968,9,NA
51.8667,10.3333,1968-09-28,10.7699997592717,18.7399995811284,14.7549996702,1968,9,NA
51.8667,10.3333,1968-09-29,8.94999979995191,15.20999966003,12.079999729991,1968,9,NA
51.8667,10.3333,1968-09-30,8.11999981850386,13.6499996948987,10.8849997567013,1968,9,NA
51.8667,10.3333,1968-10-01,6.94999984465539,11.4299997445196,9.18999979458749,1968,10,1969
51.8667,10.3333,1968-10-02,6.26999985985458,10.0199997760355,8.14499981794506,1968,10,1969
51.8667,10.3333,1968-10-03,7.20999983884394,11.7099997382611,9.45999978855252,1968,10,1969
51.8667,10.3333,1968-10-04,10.6199997626245,12.329999724403,11.4749997435138,1968,10,1969
51.8667,10.3333,1968-10-05,11.5599997416139,13.509999698028,12.5349997198209,1968,10,1969
51.8667,10.3333,1968-10-06,9.5899997856468,13.8399996906519,11.7149997381493,1968,10,1969
51.8667,10.3333,1968-10-07,8.61999980732799,13.3099997024983,10.9649997549132,1968,10,1969
51.8667,10.3333,1968-10-08,7.65999982878566,12.059999730438,9.85999977961183,1968,10,1969
51.8667,10.3333,1968-10-09,6.03999986499548,12.9699997100979,9.50499978754669,1968,10,1969
51.8667,10.3333,1968-10-10,9.99999977648258,12.9599997103214,11.479999743402,1968,10,1969
51.8667,10.3333,1968-10-11,9.15999979525805,12.8699997123331,11.0149997537956,1968,10,1969
51.8667,10.3333,1968-10-12,9.72999978251755,13.6799996942282,11.7049997383729,1968,10,1969
51.8667,10.3333,1968-10-13,10.5999997630715,16.4499996323138,13.5249996976927,1968,10,1969
51.8667,10.3333,1968-10-14,8.6699998062104,14.8599996678531,11.7649997370318,1968,10,1969
51.8667,10.3333,1968-10-15,7.46999983303249,12.3199997246265,9.89499977882951,1968,10,1969
51.8667,10.3333,1968-10-16,5.20999988354743,11.0499997530133,8.12999981828034,1968,10,1969
51.8667,10.3333,1968-10-17,4.66999989561737,11.1099997516721,7.88999982364476,1968,10,1969
51.8667,10.3333,1968-10-18,5.65999987348914,9.32999979145825,7.4949998324737,1968,10,1969
51.8667,10.3333,1968-10-19,4.1899999063462,8.81999980285764,6.50499985460192,1968,10,1969
51.8667,10.3333,1968-10-20,1.36999996937811,9.19999979436398,5.28499988187104,1968,10,1969
51.8667,10.3333,1968-10-21,-0.809999981895089,10.4799997657537,4.83499989192933,1968,10,1969
51.8667,10.3333,1968-10-22,4.10999990813434,14.6899996716529,9.39999978989363,1968,10,1969
51.8667,10.3333,1968-10-23,4.09999990835786,14.2399996817112,9.16999979503453,1968,10,1969
51.8667,10.3333,1968-10-24,2.21999995037913,11.169999750331,6.69499985035509,1968,10,1969
51.8667,10.3333,1968-10-25,6.89999984577298,10.7199997603893,8.80999980308115,1968,10,1969
51.8667,10.3333,1968-10-26,5.47999987751245,9.42999978922307,7.45499983336776,1968,10,1969
51.8667,10.3333,1968-10-27,3.33999992534518,8.6699998062104,6.00499986577779,1968,10,1969
51.8667,10.3333,1968-10-28,4.67999989539385,7.50999983213842,6.09499986376613,1968,10,1969
51.8667,10.3333,1968-10-29,3.25999992713332,10.9999997541308,7.12999984063208,1968,10,1969
51.8667,10.3333,1968-10-30,7.95999982208014,11.9199997335672,9.93999977782369,1968,10,1969
51.8667,10.3333,1968-10-31,9.00999979861081,13.2799997031689,11.1449997508898,1968,10,1969
51.8667,10.3333,1968-11-01,10.4599997662008,17.7599996030331,14.1099996846169,1968,11,1969
51.8667,10.3333,1968-11-02,12.8799997121096,18.5699995849282,15.7249996485189,1968,11,1969
51.8667,10.3333,1968-11-03,10.1799997724593,18.069999596104,14.1249996842816,1968,11,1969
51.8667,10.3333,1968-11-04,7.55999983102083,13.799999691546,10.6799997612834,1968,11,1969
51.8667,10.3333,1968-11-05,2.4099999461323,10.8099997583777,6.60999985225499,1968,11,1969
51.8667,10.3333,1968-11-06,-1.56999996490777,3.11999993026257,0.7749999826774,1968,11,1969
51.8667,10.3333,1968-11-07,-1.17999997362494,1.62999996356666,0.224999994970858,1968,11,1969
51.8667,10.3333,1968-11-08,-1.3799999691546,-0.0899999979883432,-0.73499998357147,1968,11,1969
51.8667,10.3333,1968-11-09,-0.459999989718199,4.28999990411103,1.91499995719641,1968,11,1969
51.8667,10.3333,1968-11-10,2.02999995462596,5.0499998871237,3.53999992087483,1968,11,1969
51.8667,10.3333,1968-11-11,0.629999985918403,4.09999990835786,2.36499994713813,1968,11,1969
51.8667,10.3333,1968-11-12,0.30999999307096,3.10999993048608,1.70999996177852,1968,11,1969
51.8667,10.3333,1968-11-13,2.42999994568527,4.32999990321696,3.37999992445111,1968,11,1969
51.8667,10.3333,1968-11-14,0.219999995082617,3.44999992288649,1.83499995898455,1968,11,1969
51.8667,10.3333,1968-11-15,-6.68999985046685,1.34999996982515,-2.66999994032085,1968,11,1969
51.8667,10.3333,1968-11-16,-8.29999981448054,-6.14999986253679,-7.22499983850867,1968,11,1969
51.8667,10.3333,1968-11-17,-7.04999984242022,-5.19999988377094,-6.12499986309558,1968,11,1969
51.8667,10.3333,1968-11-18,-5.49999987706542,-1.1499999742955,-3.32499992568046,1968,11,1969
51.8667,10.3333,1968-11-19,-1.29999997094274,0.909999979659915,-0.19499999564141,1968,11,1969
51.8667,10.3333,1968-11-20,0.0199999995529652,1.91999995708466,0.96999997831881,1968,11,1969
51.8667,10.3333,1968-11-21,-0.189999995753169,1.5499999653548,0.679999984800816,1968,11,1969
51.8667,10.3333,1968-11-22,0.509999988600612,2.55999994277954,1.53499996569008,1968,11,1969
51.8667,10.3333,1968-11-23,-0.279999993741512,4.4799998998642,2.09999995306134,1968,11,1969
51.8667,10.3333,1968-11-24,0.00999999977648258,6.92999984510243,3.46999992243946,1968,11,1969
51.8667,10.3333,1968-11-25,3.57999991998076,7.26999983750284,5.4249998787418,1968,11,1969
51.8667,10.3333,1968-11-26,3.06999993138015,5.87999986857176,4.47499989997596,1968,11,1969
51.8667,10.3333,1968-11-27,2.82999993674457,9.68999978341162,6.2599998600781,1968,11,1969
51.8667,10.3333,1968-11-28,4.86999989114702,13.4599996991456,9.16499979514629,1968,11,1969
51.8667,10.3333,1968-11-29,2.72999993897974,13.9399996884167,8.33499981369823,1968,11,1969
51.8667,10.3333,1968-11-30,0.299999993294477,7.91999982297421,4.10999990813434,1968,11,1969
51.8667,10.3333,1968-12-01,0.749999983236194,3.56999992020428,2.15999995172024,1968,12,1969
51.8667,10.3333,1968-12-02,-0.65999998524785,4.8199998922646,2.07999995350838,1968,12,1969
51.8667,10.3333,1968-12-03,-2.12999995239079,1.32999997027218,-0.399999991059303,1968,12,1969
51.8667,10.3333,1968-12-04,-2.31999994814396,0.0499999988824129,-1.13499997463077,1968,12,1969
51.8667,10.3333,1968-12-05,-2.30999994836748,-0.379999991506338,-1.34499996993691,1968,12,1969
51.8667,10.3333,1968-12-06,-3.17999992892146,-0.26999999396503,-1.72499996144325,1968,12,1969
51.8667,10.3333,1968-12-07,-4.00999991036952,-1.00999997742474,-2.50999994389713,1968,12,1969
51.8667,10.3333,1968-12-08,-4.62999989651144,-1.53999996557832,-3.08499993104488,1968,12,1969
51.8667,10.3333,1968-12-09,-5.29999988153577,-1.6099999640137,-3.45499992277473,1968,12,1969
51.8667,10.3333,1968-12-10,-6.05999986454844,-1.8399999588728,-3.94999991171062,1968,12,1969
51.8667,10.3333,1968-12-11,-8.09999981895089,-1.78999995999038,-4.94499988947064,1968,12,1969
51.8667,10.3333,1968-12-12,-11.5199997425079,-3.60999991931021,-7.56499983090907,1968,12,1969
51.8667,10.3333,1968-12-13,-10.9899997543544,-1.75999996066093,-6.37499985750765,1968,12,1969
51.8667,10.3333,1968-12-14,-9.73999978229403,-0.769999982789159,-5.2549998825416,1968,12,1969
51.8667,10.3333,1968-12-15,-8.80999980308115,-1.49999996647239,-5.15499988477677,1968,12,1969
51.8667,10.3333,1968-12-16,-7.84999982453883,0.219999995082617,-3.81499991472811,1968,12,1969
51.8667,10.3333,1968-12-17,-5.14999988488853,2.98999993316829,-1.07999997586012,1968,12,1969
51.8667,10.3333,1968-12-18,-3.11999993026257,1.53999996557832,-0.789999982342124,1968,12,1969
51.8667,10.3333,1968-12-19,-5.75999987125397,0.179999995976686,-2.78999993763864,1968,12,1969
51.8667,10.3333,1968-12-20,-5.15999988466501,-0.639999985694885,-2.89999993517995,1968,12,1969
51.8667,10.3333,1968-12-21,-7.27999983727932,-0.139999996870756,-3.70999991707504,1968,12,1969
51.8667,10.3333,1968-12-22,-2.42999994568527,3.41999992355704,0.494999988935888,1968,12,1969
51.8667,10.3333,1968-12-23,1.03999997675419,4.10999990813434,2.57499994244426,1968,12,1969
51.8667,10.3333,1968-12-24,1.44999996758997,4.46999990008771,2.95999993383884,1968,12,1969
51.8667,10.3333,1968-12-25,-1.28999997116625,1.91999995708466,0.314999992959201,1968,12,1969
51.8667,10.3333,1968-12-26,-2.32999994792044,1.29999997094274,-0.514999988488853,1968,12,1969
51.8667,10.3333,1968-12-27,-3.97999991104007,-1.67999996244907,-2.82999993674457,1968,12,1969
51.8667,10.3333,1968-12-28,-5.11999988555908,-3.28999992646277,-4.20499990601093,1968,12,1969
51.8667,10.3333,1968-12-29,-9.99999977648258,-3.23999992758036,-6.61999985203147,1968,12,1969
51.8667,10.3333,1968-12-30,-12.1399997286499,-5.53999987617135,-8.8399998024106,1968,12,1969
51.8667,10.3333,1968-12-31,-14.649999672547,-6.79999984800816,-10.7249997602776,1968,12,1969
51.8667,10.3333,1969-01-01,-11.0399997532368,-3.98999991081655,-7.51499983202666,1969,1,1969
51.8667,10.3333,1969-01-02,-9.99999977648258,0.0899999979883432,-4.95499988924712,1969,1,1969
51.8667,10.3333,1969-01-03,-0.249999994412065,2.81999993696809,1.28499997127801,1969,1,1969
51.8667,10.3333,1969-01-04,-4.42999990098178,1.90999995730817,-1.25999997183681,1969,1,1969
51.8667,10.3333,1969-01-05,-4.2499999050051,-1.82999995909631,-3.0399999320507,1969,1,1969
51.8667,10.3333,1969-01-06,-5.12999988533556,-0.859999980777502,-2.99499993305653,1969,1,1969
51.8667,10.3333,1969-01-07,-6.76999984867871,-3.70999991707504,-5.23999988287687,1969,1,1969
51.8667,10.3333,1969-01-08,-7.90999982319772,-0.779999982565641,-4.34499990288168,1969,1,1969
51.8667,10.3333,1969-01-09,-5.55999987572432,-0.229999994859099,-2.89499993529171,1969,1,1969
51.8667,10.3333,1969-01-10,-5.30999988131225,0.839999981224537,-2.23499995004386,1969,1,1969
51.8667,10.3333,1969-01-11,-3.04999993182719,0.449999989941716,-1.29999997094274,1969,1,1969
51.8667,10.3333,1969-01-12,-6.52999985404313,-1.0899999756366,-3.80999991483986,1969,1,1969
51.8667,10.3333,1969-01-13,-2.06999995373189,3.52999992109835,0.729999983683228,1969,1,1969
51.8667,10.3333,1969-01-14,0.729999983683228,4.58999989740551,2.65999994054437,1969,1,1969
51.8667,10.3333,1969-01-15,-0.479999989271164,6.31999985873699,2.91999993473291,1969,1,1969
51.8667,10.3333,1969-01-16,-1.25999997183681,4.85999989137053,1.79999995976686,1969,1,1969
51.8667,10.3333,1969-01-17,-0.219999995082617,3.65999991819263,1.719999961555,1969,1,1969
51.8667,10.3333,1969-01-18,-1.53999996557832,2.44999994523823,0.454999989829957,1969,1,1969
51.8667,10.3333,1969-01-19,-1.73999996110797,2.93999993428588,0.599999986588955,1969,1,1969
51.8667,10.3333,1969-01-20,0.469999989494681,2.98999993316829,1.72999996133149,1969,1,1969
51.8667,10.3333,1969-01-21,-1.26999997161329,3.41999992355704,1.07499997597188,1969,1,1969
51.8667,10.3333,1969-01-22,-2.48999994434416,2.55999994277954,0.034999999217689,1969,1,1969
51.8667,10.3333,1969-01-23,0.589999986812472,6.34999985806644,3.46999992243946,1969,1,1969
51.8667,10.3333,1969-01-24,2.11999995261431,5.42999987863004,3.77499991562217,1969,1,1969
51.8667,10.3333,1969-01-25,0.219999995082617,2.75999993830919,1.4899999666959,1969,1,1969
51.8667,10.3333,1969-01-26,0.409999990835786,5.02999988757074,2.71999993920326,1969,1,1969
51.8667,10.3333,1969-01-27,3.00999993272126,6.75999984890223,4.88499989081174,1969,1,1969
51.8667,10.3333,1969-01-28,0.0699999984353781,4.60999989695847,2.33999994769692,1969,1,1969
51.8667,10.3333,1969-01-29,1.98999995552003,5.69999987259507,3.84499991405755,1969,1,1969
51.8667,10.3333,1969-01-30,1.99999995529652,4.92999988980591,3.46499992255121,1969,1,1969
51.8667,10.3333,1969-01-31,1.40999996848404,3.08999993093312,2.24999994970858,1969,1,1969
51.8667,10.3333,1969-02-01,0.369999991729856,3.9599999114871,2.16499995160848,1969,2,1969
51.8667,10.3333,1969-02-02,-0.849999981001019,1.6099999640137,0.379999991506338,1969,2,1969
51.8667,10.3333,1969-02-03,-1.21999997273088,3.19999992847443,0.989999977871776,1969,2,1969
51.8667,10.3333,1969-02-04,-3.45999992266297,-0.279999993741512,-1.86999995820224,1969,2,1969
51.8667,10.3333,1969-02-05,-4.95999988913536,-1.27999997138977,-3.11999993026257,1969,2,1969
51.8667,10.3333,1969-02-06,-8.93999980017543,-0.88999998010695,-4.91499989014119,1969,2,1969
51.8667,10.3333,1969-02-07,-11.0899997521192,-0.649999985471368,-5.86999986879528,1969,2,1969
51.8667,10.3333,1969-02-08,-8.59999980777502,-3.05999993160367,-5.82999986968935,1969,2,1969
51.8667,10.3333,1969-02-09,-5.0499998871237,-0.989999977871776,-3.01999993249774,1969,2,1969
51.8667,10.3333,1969-02-10,-5.11999988555908,-2.53999994322658,-3.82999991439283,1969,2,1969
51.8667,10.3333,1969-02-11,-5.34999988041818,-2.18999995104969,-3.76999991573393,1969,2,1969
51.8667,10.3333,1969-02-12,-8.05999981984496,-3.13999992981553,-5.59999987483025,1969,2,1969
51.8667,10.3333,1969-02-13,-7.3499998357147,-3.89999991282821,-5.62499987427145,1969,2,1969
51.8667,10.3333,1969-02-14,-12.4499997217208,-5.52999987639487,-8.98999979905784,1969,2,1969
51.8667,10.3333,1969-02-15,-12.5099997203797,-7.06999984197319,-9.78999978117645,1969,2,1969
51.8667,10.3333,1969-02-16,-12.9599997103214,-7.3499998357147,-10.1549997730181,1969,2,1969
51.8667,10.3333,1969-02-17,-7.749999826774,-4.20999990589917,-5.97999986633658,1969,2,1969
51.8667,10.3333,1969-02-18,-7.86999982409179,-4.21999990567565,-6.04499986488372,1969,2,1969
51.8667,10.3333,1969-02-19,-9.91999977827072,-3.44999992288649,-6.68499985057861,1969,2,1969
51.8667,10.3333,1969-02-20,-12.1599997282028,-3.07999993115664,-7.61999982967973,1969,2,1969
51.8667,10.3333,1969-02-21,-4.36999990232289,3.57999991998076,-0.394999991171062,1969,2,1969
51.8667,10.3333,1969-02-22,1.40999996848404,6.28999985940754,3.84999991394579,1969,2,1969
51.8667,10.3333,1969-02-23,-1.76999996043742,8.28999981470406,3.25999992713332,1969,2,1969
51.8667,10.3333,1969-02-24,-2.88999993540347,2.47999994456768,-0.204999995417893,1969,2,1969
51.8667,10.3333,1969-02-25,-2.25999994948506,0.159999996423721,-1.04999997653067,1969,2,1969
51.8667,10.3333,1969-02-26,-3.28999992646277,-1.22999997250736,-2.25999994948506,1969,2,1969
51.8667,10.3333,1969-02-27,-3.48999992199242,-0.209999995306134,-1.84999995864928,1969,2,1969
51.8667,10.3333,1969-02-28,-1.7799999602139,0.879999980330467,-0.449999989941716,1969,2,1969
51.8667,10.3333,1969-03-01,-3.68999991752207,-0.449999989941716,-2.06999995373189,1969,3,1969
51.8667,10.3333,1969-03-02,-4.63999989628792,-1.42999996803701,-3.03499993216246,1969,3,1969
51.8667,10.3333,1969-03-03,-3.34999992512167,1.3199999704957,-1.01499997731298,1969,3,1969
51.8667,10.3333,1969-03-04,-8.039999820292,-0.199999995529652,-4.11999990791082,1969,3,1969
51.8667,10.3333,1969-03-05,-10.1099997740239,1.7799999602139,-4.164999906905,1969,3,1969
51.8667,10.3333,1969-03-06,-8.61999980732799,1.72999996133149,-3.44499992299825,1969,3,1969
51.8667,10.3333,1969-03-07,-8.50999980978668,4.65999989584088,-1.9249999569729,1969,3,1969
51.8667,10.3333,1969-03-08,-8.48999981023371,2.8699999358505,-2.80999993719161,1969,3,1969
51.8667,10.3333,1969-03-09,-7.95999982208014,2.98999993316829,-2.48499994445592,1969,3,1969
51.8667,10.3333,1969-03-10,-2.16999995149672,2.45999994501472,0.144999996758997,1969,3,1969
51.8667,10.3333,1969-03-11,-5.81999986991286,2.61999994143844,-1.59999996423721,1969,3,1969
51.8667,10.3333,1969-03-12,-2.71999993920326,3.31999992579222,0.299999993294477,1969,3,1969
51.8667,10.3333,1969-03-13,-5.17999988421798,0.229999994859099,-2.47499994467944,1969,3,1969
51.8667,10.3333,1969-03-14,-2.62999994121492,1.93999995663762,-0.344999992288649,1969,3,1969
51.8667,10.3333,1969-03-15,-1.3199999704957,2.82999993674457,0.754999983124435,1969,3,1969
51.8667,10.3333,1969-03-16,-5.36999987997115,-0.65999998524785,-3.0149999326095,1969,3,1969
51.8667,10.3333,1969-03-17,-6.61999985203147,-4.65999989584088,-5.63999987393618,1969,3,1969
51.8667,10.3333,1969-03-18,-7.26999983750284,-4.34999990276992,-5.80999987013638,1969,3,1969
51.8667,10.3333,1969-03-19,-7.53999983146787,-2.97999993339181,-5.25999988242984,1969,3,1969
51.8667,10.3333,1969-03-20,-4.57999989762902,0.729999983683228,-1.9249999569729,1969,3,1969
51.8667,10.3333,1969-03-21,-4.67999989539385,0.409999990835786,-2.13499995227903,1969,3,1969
51.8667,10.3333,1969-03-22,-6.37999985739589,1.15999997407198,-2.60999994166195,1969,3,1969
51.8667,10.3333,1969-03-23,-3.94999991171062,-0.369999991729856,-2.15999995172024,1969,3,1969
51.8667,10.3333,1969-03-24,-3.16999992914498,-1.11999997496605,-2.14499995205551,1969,3,1969
51.8667,10.3333,1969-03-25,-2.56999994255602,0.499999988824129,-1.03499997686595,1969,3,1969
51.8667,10.3333,1969-03-26,-2.15999995172024,0.569999987259507,-0.794999982230365,1969,3,1969
51.8667,10.3333,1969-03-27,-2.84999993629754,-0.0299999993294477,-1.43999996781349,1969,3,1969
51.8667,10.3333,1969-03-28,-5.01999988779426,-1.17999997362494,-3.0999999307096,1969,3,1969
51.8667,10.3333,1969-03-29,-5.20999988354743,0.749999983236194,-2.22999995015562,1969,3,1969
51.8667,10.3333,1969-03-30,-2.21999995037913,1.50999996624887,-0.354999992065132,1969,3,1969
51.8667,10.3333,1969-03-31,-2.54999994300306,2.66999994032085,0.0599999986588955,1969,3,1969
51.8667,10.3333,1969-04-01,1.59999996423721,5.48999987728894,3.54499992076308,1969,4,1969
51.8667,10.3333,1969-04-02,-0.899999979883432,5.77999987080693,2.43999994546175,1969,4,1969
51.8667,10.3333,1969-04-03,-0.849999981001019,3.73999991640449,1.44499996770173,1969,4,1969
51.8667,10.3333,1969-04-04,-1.89999995753169,4.21999990567565,1.15999997407198,1969,4,1969
51.8667,10.3333,1969-04-05,-4.12999990768731,6.74999984912574,1.30999997071922,1969,4,1969
51.8667,10.3333,1969-04-06,0.339999992400408,9.84999977983534,5.09499988611788,1969,4,1969
51.8667,10.3333,1969-04-07,1.45999996736646,14.4899996761233,7.97499982174486,1969,4,1969
51.8667,10.3333,1969-04-08,2.93999993428588,16.5899996291846,9.76499978173524,1969,4,1969
51.8667,10.3333,1969-04-09,3.59999991953373,15.9199996441603,9.759999781847,1969,4,1969
51.8667,10.3333,1969-04-10,1.91999995708466,19.2899995688349,10.6049997629598,1969,4,1969
51.8667,10.3333,1969-04-11,5.20999988354743,19.8699995558709,12.5399997197092,1969,4,1969
51.8667,10.3333,1969-04-12,6.41999985650182,14.4099996779114,10.4149997672066,1969,4,1969
51.8667,10.3333,1969-04-13,1.43999996781349,9.45999978855252,5.44999987818301,1969,4,1969
51.8667,10.3333,1969-04-14,-0.879999980330467,3.79999991506338,1.45999996736646,1969,4,1969
51.8667,10.3333,1969-04-15,-1.84999995864928,3.69999991729856,0.924999979324639,1969,4,1969
51.8667,10.3333,1969-04-16,-0.879999980330467,5.83999986946583,2.47999994456768,1969,4,1969
51.8667,10.3333,1969-04-17,-0.34999999217689,5.02999988757074,2.33999994769692,1969,4,1969
51.8667,10.3333,1969-04-18,-1.03999997675419,2.49999994412065,0.729999983683228,1969,4,1969
51.8667,10.3333,1969-04-19,-4.019999910146,2.8699999358505,-0.574999987147748,1969,4,1969
51.8667,10.3333,1969-04-20,-3.47999992221594,2.64999994076788,-0.414999990724027,1969,4,1969
51.8667,10.3333,1969-04-21,-5.34999988041818,5.55999987572432,0.104999997653067,1969,4,1969
51.8667,10.3333,1969-04-22,-2.25999994948506,10.049999775365,3.89499991293997,1969,4,1969
51.8667,10.3333,1969-04-23,5.53999987617135,9.91999977827072,7.72999982722104,1969,4,1969
51.8667,10.3333,1969-04-24,3.5599999204278,6.80999984778464,5.18499988410622,1969,4,1969
51.8667,10.3333,1969-04-25,2.30999994836748,7.66999982856214,4.98999988846481,1969,4,1969
51.8667,10.3333,1969-04-26,6.029999865219,15.0099996645004,10.5199997648597,1969,4,1969
51.8667,10.3333,1969-04-27,5.63999987393618,18.3499995898455,11.9949997318909,1969,4,1969
51.8667,10.3333,1969-04-28,5.93999986723065,13.9099996890873,9.92499977815896,1969,4,1969
51.8667,10.3333,1969-04-29,3.48999992199242,10.8399997577071,7.16499983984977,1969,4,1969
51.8667,10.3333,1969-04-30,5.19999988377094,11.1799997501075,8.18999981693923,1969,4,1969
51.8667,10.3333,1969-05-01,3.96999991126359,8.36999981291592,6.16999986208975,1969,5,NA
51.8667,10.3333,1969-05-02,4.27999990433455,7.29999983683228,5.78999987058342,1969,5,NA
51.8667,10.3333,1969-05-03,5.74999987147748,17.0999996177852,11.4249997446314,1969,5,NA
51.8667,10.3333,1969-05-04,8.17999981716275,18.7699995804578,13.4749996988103,1969,5,NA
51.8667,10.3333,1969-05-05,8.95999979972839,19.4199995659292,14.1899996828288,1969,5,NA
51.8667,10.3333,1969-05-06,10.3499997686595,17.6799996048212,14.0149996867403,1969,5,NA
51.8667,10.3333,1969-05-07,8.87999980151653,18.3099995907396,13.5949996961281,1969,5,NA
51.8667,10.3333,1969-05-08,7.21999983862042,14.1399996839464,10.6799997612834,1969,5,NA
51.8667,10.3333,1969-05-09,6.79999984800816,14.3899996783584,10.5949997631833,1969,5,NA
51.8667,10.3333,1969-05-10,7.45999983325601,13.0199997089803,10.2399997711182,1969,5,NA
51.8667,10.3333,1969-05-11,7.06999984197319,14.6099996734411,10.8399997577071,1969,5,NA
51.8667,10.3333,1969-05-12,9.27999979257584,15.0299996640533,12.1549997283146,1969,5,NA
51.8667,10.3333,1969-05-13,11.2299997489899,21.7799995131791,16.5049996310845,1969,5,NA
51.8667,10.3333,1969-05-14,12.4099997226149,26.9899993967265,19.6999995596707,1969,5,NA
51.8667,10.3333,1969-05-15,17.4099996108562,26.9299993980676,22.1699995044619,1969,5,NA
51.8667,10.3333,1969-05-16,10.5499997641891,23.1899994816631,16.8699996229261,1969,5,NA
51.8667,10.3333,1969-05-17,7.5799998305738,15.789999647066,11.6849997388199,1969,5,NA
51.8667,10.3333,1969-05-18,6.62999985180795,14.2699996810406,10.4499997664243,1969,5,NA
51.8667,10.3333,1969-05-19,6.07999986410141,11.1499997507781,8.61499980743974,1969,5,NA
51.8667,10.3333,1969-05-20,1.66999996267259,7.82999982498586,4.74999989382923,1969,5,NA
51.8667,10.3333,1969-05-21,2.27999994903803,5.64999987371266,3.96499991137534,1969,5,NA
51.8667,10.3333,1969-05-22,2.83999993652105,8.92999980039895,5.88499986846,1969,5,NA
51.8667,10.3333,1969-05-23,3.39999992400408,12.1099997293204,7.75499982666224,1969,5,NA
51.8667,10.3333,1969-05-24,1.5499999653548,14.5299996752292,8.039999820292,1969,5,NA
51.8667,10.3333,1969-05-25,5.69999987259507,17.5899996068329,11.644999739714,1969,5,NA
51.8667,10.3333,1969-05-26,7.69999982789159,19.5699995625764,13.634999695234,1969,5,NA
51.8667,10.3333,1969-05-27,7.04999984242022,19.3999995663762,13.2249997043982,1969,5,NA
51.8667,10.3333,1969-05-28,3.81999991461635,17.19999961555,10.5099997650832,1969,5,NA
51.8667,10.3333,1969-05-29,10.1699997726828,20.0499995518476,15.1099996622652,1969,5,NA
51.8667,10.3333,1969-05-30,7.42999983392656,14.7799996696413,11.1049997517839,1969,5,NA
51.8667,10.3333,1969-05-31,4.11999990791082,15.789999647066,9.95499977748841,1969,5,NA
51.8667,10.3333,1969-06-01,8.27999981492758,13.4399996995926,10.8599997572601,1969,6,NA
51.8667,10.3333,1969-06-02,7.87999982386827,13.1099997069687,10.4949997654185,1969,6,NA
51.8667,10.3333,1969-06-03,6.56999985314906,12.3599997237325,9.46499978844076,1969,6,NA
51.8667,10.3333,1969-06-04,5.45999987795949,8.3799998126924,6.91999984532595,1969,6,NA
51.8667,10.3333,1969-06-05,3.54999992065132,9.1299997959286,6.33999985828996,1969,6,NA
51.8667,10.3333,1969-06-06,4.77999989315867,8.38999981246889,6.58499985281378,1969,6,NA
51.8667,10.3333,1969-06-07,4.00999991036952,6.8299998473376,5.41999987885356,1969,6,NA
51.8667,10.3333,1969-06-08,4.46999990008771,16.6999996267259,10.5849997634068,1969,6,NA
51.8667,10.3333,1969-06-09,5.28999988175929,17.8799996003509,11.5849997410551,1969,6,NA
51.8667,10.3333,1969-06-10,5.41999987885356,19.1399995721877,12.2799997255206,1969,6,NA
51.8667,10.3333,1969-06-11,6.43999985605478,18.4199995882809,12.4299997221678,1969,6,NA
51.8667,10.3333,1969-06-12,7.31999983638525,21.8099995125085,14.5649996744469,1969,6,NA
51.8667,10.3333,1969-06-13,9.68999978341162,22.399999499321,16.0449996413663,1969,6,NA
51.8667,10.3333,1969-06-14,10.4499997664243,23.3199994787574,16.8849996225908,1969,6,NA
51.8667,10.3333,1969-06-15,12.1799997277558,21.4299995210022,16.804999624379,1969,6,NA
51.8667,10.3333,1969-06-16,11.7999997362494,21.1099995281547,16.4549996322021,1969,6,NA
51.8667,10.3333,1969-06-17,11.6299997400492,23.1199994832277,17.3749996116385,1969,6,NA
51.8667,10.3333,1969-06-18,12.7899997141212,18.959999576211,15.8749996451661,1969,6,NA
51.8667,10.3333,1969-06-19,10.4099997673184,23.9199994653463,17.1649996163324,1969,6,NA
51.8667,10.3333,1969-06-20,12.1599997282028,17.489999609068,14.8249996686354,1969,6,NA
51.8667,10.3333,1969-06-21,10.4599997662008,17.4599996097386,13.9599996879697,1969,6,NA
51.8667,10.3333,1969-06-22,9.56999978609383,18.959999576211,14.2649996811524,1969,6,NA
51.8667,10.3333,1969-06-23,9.90999977849424,19.7299995590001,14.8199996687472,1969,6,NA
51.8667,10.3333,1969-06-24,10.4399997666478,22.6199994944036,16.5299996305257,1969,6,NA
51.8667,10.3333,1969-06-25,13.5499996971339,21.5799995176494,17.5649996073917,1969,6,NA
51.8667,10.3333,1969-06-26,10.7399997599423,15.7999996468425,13.2699997033924,1969,6,NA
51.8667,10.3333,1969-06-27,8.41999981179833,16.0299996417016,12.22499972675,1969,6,NA
51.8667,10.3333,1969-06-28,11.0299997534603,17.8099996019155,14.4199996776879,1969,6,NA
51.8667,10.3333,1969-06-29,9.03999979794025,16.3799996338785,12.7099997159094,1969,6,NA
51.8667,10.3333,1969-06-30,6.61999985203147,15.1799996607006,10.899999756366,1969,6,NA
51.8667,10.3333,1969-07-01,7.78999982587993,16.7399996258318,12.2649997258559,1969,7,NA
51.8667,10.3333,1969-07-02,11.1399997510016,19.7099995594472,15.4249996552244,1969,7,NA
51.8667,10.3333,1969-07-03,10.9599997550249,22.6299994941801,16.7949996246025,1969,7,NA
51.8667,10.3333,1969-07-04,12.5699997190386,20.4599995426834,16.514999630861,1969,7,NA
51.8667,10.3333,1969-07-05,12.5399997197092,20.1499995496124,16.3449996346608,1969,7,NA
51.8667,10.3333,1969-07-06,9.53999978676438,22.8299994897097,16.1849996382371,1969,7,NA
51.8667,10.3333,1969-07-07,12.4199997223914,19.3999995663762,15.9099996443838,1969,7,NA
51.8667,10.3333,1969-07-08,9.31999979168177,18.7899995800108,14.0549996858463,1969,7,NA
51.8667,10.3333,1969-07-09,7.49999983236194,13.8299996908754,10.6649997616187,1969,7,NA
51.8667,10.3333,1969-07-10,7.09999984130263,12.4599997214973,9.77999978139997,1969,7,NA
51.8667,10.3333,1969-07-11,7.0599998421967,15.1099996622652,11.0849997522309,1969,7,NA
51.8667,10.3333,1969-07-12,6.52999985404313,11.3899997454137,8.95999979972839,1969,7,NA
51.8667,10.3333,1969-07-13,9.13999979570508,15.4499996546656,12.2949997251853,1969,7,NA
51.8667,10.3333,1969-07-14,9.96999977715313,16.1899996381253,13.0799997076392,1969,7,NA
51.8667,10.3333,1969-07-15,10.1899997722358,15.3799996562302,12.784999714233,1969,7,NA
51.8667,10.3333,1969-07-16,7.66999982856214,23.229999480769,15.4499996546656,1969,7,NA
51.8667,10.3333,1969-07-17,11.5599997416139,26.7999994009733,19.1799995712936,1969,7,NA
51.8667,10.3333,1969-07-18,15.7199996486306,26.7699994016439,21.2449995251372,1969,7,NA
51.8667,10.3333,1969-07-19,11.1099997516721,18.5999995842576,14.8549996679649,1969,7,NA
51.8667,10.3333,1969-07-20,10.1599997729063,23.0299994852394,16.5949996290728,1969,7,NA
51.8667,10.3333,1969-07-21,15.1099996622652,20.5599995404482,17.8349996013567,1969,7,NA
51.8667,10.3333,1969-07-22,11.8299997355789,19.4299995657057,15.6299996506423,1969,7,NA
51.8667,10.3333,1969-07-23,14.5799996741116,25.4499994311482,20.0149995526299,1969,7,NA
51.8667,10.3333,1969-07-24,14.9999996647239,27.6399993821979,21.3199995234609,1969,7,NA
51.8667,10.3333,1969-07-25,17.2299996148795,29.1999993473291,23.2149994811043,1969,7,NA
51.8667,10.3333,1969-07-26,16.3299996349961,24.7699994463474,20.5499995406717,1969,7,NA
51.8667,10.3333,1969-07-27,16.1799996383488,25.4199994318187,20.7999995350838,1969,7,NA
51.8667,10.3333,1969-07-28,16.9799996204674,26.9099993985146,21.944999509491,1969,7,NA
51.8667,10.3333,1969-07-29,17.3999996110797,28.8999993540347,23.1499994825572,1969,7,NA
51.8667,10.3333,1969-07-30,18.7499995809048,30.2499993238598,24.4999994523823,1969,7,NA
51.8667,10.3333,1969-07-31,17.2699996139854,23.8399994671345,20.5549995405599,1969,7,NA
51.8667,10.3333,1969-08-01,16.7899996247143,25.7199994251132,21.2549995249137,1969,8,NA
51.8667,10.3333,1969-08-02,15.0499996636063,27.0099993962795,21.0299995299429,1969,8,NA
51.8667,10.3333,1969-08-03,15.5999996513128,26.9899993967265,21.2949995240197,1969,8,NA
51.8667,10.3333,1969-08-04,15.7399996481836,24.6099994499236,20.1749995490536,1969,8,NA
51.8667,10.3333,1969-08-05,15.3999996557832,23.53999947384,19.4699995648116,1969,8,NA
51.8667,10.3333,1969-08-06,14.2999996803701,26.7299994025379,20.514999541454,1969,8,NA
51.8667,10.3333,1969-08-07,16.1599996387959,25.8999994210899,21.0299995299429,1969,8,NA
51.8667,10.3333,1969-08-08,12.4999997206032,20.9599995315075,16.7299996260554,1969,8,NA
51.8667,10.3333,1969-08-09,10.8499997574836,24.3699994552881,17.6099996063858,1969,8,NA
51.8667,10.3333,1969-08-10,12.1399997286499,25.1699994374067,18.6549995830283,1969,8,NA
51.8667,10.3333,1969-08-11,10.629999762401,23.229999480769,16.929999621585,1969,8,NA
51.8667,10.3333,1969-08-12,9.56999978609383,20.7499995362014,15.1599996611476,1969,8,NA
51.8667,10.3333,1969-08-13,9.8199997805059,20.969999531284,15.3949996558949,1969,8,NA
51.8667,10.3333,1969-08-14,12.0299997311085,18.8799995779991,15.4549996545538,1969,8,NA
51.8667,10.3333,1969-08-15,9.42999978922307,21.5899995174259,15.5099996533245,1969,8,NA
51.8667,10.3333,1969-08-16,13.2899997029454,17.5799996070564,15.4349996550009,1969,8,NA
51.8667,10.3333,1969-08-17,13.7499996926636,17.2699996139854,15.5099996533245,1969,8,NA
51.8667,10.3333,1969-08-18,12.4299997221678,18.0999995954335,15.2649996588007,1969,8,NA
51.8667,10.3333,1969-08-19,11.0599997527897,19.209999570623,15.1349996617064,1969,8,NA
51.8667,10.3333,1969-08-20,12.3099997248501,20.7099995370954,16.5099996309727,1969,8,NA
51.8667,10.3333,1969-08-21,12.1299997288734,17.2099996153265,14.6699996720999,1969,8,NA
51.8667,10.3333,1969-08-22,8.8399998024106,14.1199996843934,11.479999743402,1969,8,NA
51.8667,10.3333,1969-08-23,8.10999981872737,13.4499996993691,10.7799997590482,1969,8,NA
51.8667,10.3333,1969-08-24,7.67999982833862,12.4899997208267,10.0849997745827,1969,8,NA
51.8667,10.3333,1969-08-25,7.53999983146787,14.9599996656179,11.2499997485429,1969,8,NA
51.8667,10.3333,1969-08-26,10.2699997704476,13.7199996933341,11.9949997318909,1969,8,NA
51.8667,10.3333,1969-08-27,8.59999980777502,14.069999685511,11.334999746643,1969,8,NA
51.8667,10.3333,1969-08-28,7.60999982990324,13.7899996917695,10.6999997608364,1969,8,NA
51.8667,10.3333,1969-08-29,8.39999981224537,12.3799997232854,10.3899997677654,1969,8,NA
51.8667,10.3333,1969-08-30,8.36999981291592,13.4399996995926,10.9049997562543,1969,8,NA
51.8667,10.3333,1969-08-31,9.62999978475273,16.099999640137,12.8649997124448,1969,8,NA
51.8667,10.3333,1969-09-01,7.78999982587993,16.0199996419251,11.9049997339025,1969,9,NA
51.8667,10.3333,1969-09-02,6.6599998511374,14.4999996758997,10.5799997635186,1969,9,NA
51.8667,10.3333,1969-09-03,9.37999979034066,13.9499996881932,11.6649997392669,1969,9,NA
51.8667,10.3333,1969-09-04,6.23999986052513,16.4999996311963,11.3699997458607,1969,9,NA
51.8667,10.3333,1969-09-05,8.09999981895089,14.4599996767938,11.2799997478724,1969,9,NA
51.8667,10.3333,1969-09-06,5.16999988444149,16.389999633655,10.7799997590482,1969,9,NA
51.8667,10.3333,1969-09-07,7.84999982453883,15.6999996490777,11.7749997368082,1969,9,NA
51.8667,10.3333,1969-09-08,9.46999978832901,16.2899996358901,12.8799997121096,1969,9,NA
51.8667,10.3333,1969-09-09,7.36999983526766,19.6199995614588,13.4949996983632,1969,9,NA
51.8667,10.3333,1969-09-10,9.40999978967011,21.6199995167553,15.5149996532127,1969,9,NA
51.8667,10.3333,1969-09-11,11.5499997418374,19.7299995590001,15.6399996504188,1969,9,NA
51.8667,10.3333,1969-09-12,11.0299997534603,21.1199995279312,16.0749996406958,1969,9,NA
51.8667,10.3333,1969-09-13,11.2799997478724,24.0199994631112,17.6499996054918,1969,9,NA
51.8667,10.3333,1969-09-14,11.7999997362494,24.8499994445592,18.3249995904043,1969,9,NA
51.8667,10.3333,1969-09-15,10.5599997639656,23.7599994689226,17.1599996164441,1969,9,NA
51.8667,10.3333,1969-09-16,9.62999978475273,21.1799995265901,15.4049996556714,1969,9,NA
51.8667,10.3333,1969-09-17,14.4299996774644,18.8599995784461,16.6449996279553,1969,9,NA
51.8667,10.3333,1969-09-18,11.499999742955,16.8399996235967,14.1699996832758,1969,9,NA
51.8667,10.3333,1969-09-19,6.77999984845519,14.3199996799231,10.5499997641891,1969,9,NA
51.8667,10.3333,1969-09-20,2.49999994412065,13.0399997085333,7.76999982632697,1969,9,NA
51.8667,10.3333,1969-09-21,1.41999996826053,11.9499997328967,6.68499985057861,1969,9,NA
51.8667,10.3333,1969-09-22,6.40999985672534,12.7899997141212,9.59999978542328,1969,9,NA
51.8667,10.3333,1969-09-23,8.32999981380999,14.359999679029,11.3449997464195,1969,9,NA
51.8667,10.3333,1969-09-24,3.56999992020428,14.379999678582,8.97499979939312,1969,9,NA
51.8667,10.3333,1969-09-25,3.34999992512167,18.2999995909631,10.8249997580424,1969,9,NA
51.8667,10.3333,1969-09-26,8.34999981336296,19.1499995719641,13.7499996926636,1969,9,NA
51.8667,10.3333,1969-09-27,9.40999978967011,16.2899996358901,12.8499997127801,1969,9,NA
51.8667,10.3333,1969-09-28,5.42999987863004,12.3899997230619,8.90999980084598,1969,9,NA
51.8667,10.3333,1969-09-29,1.22999997250736,11.4299997445196,6.32999985851347,1969,9,NA
51.8667,10.3333,1969-09-30,5.07999988645315,10.5999997630715,7.83999982476234,1969,9,NA
51.8667,10.3333,1969-10-01,4.60999989695847,8.34999981336296,6.47999985516071,1969,10,1970
51.8667,10.3333,1969-10-02,2.8699999358505,9.82999978028238,6.34999985806644,1969,10,1970
51.8667,10.3333,1969-10-03,1.76999996043742,6.21999986097217,3.99499991070479,1969,10,1970
51.8667,10.3333,1969-10-04,5.19999988377094,13.2499997038394,9.22499979380518,1969,10,1970
51.8667,10.3333,1969-10-05,7.53999983146787,15.1999996602535,11.3699997458607,1969,10,1970
51.8667,10.3333,1969-10-06,6.83999984711409,16.9799996204674,11.9099997337908,1969,10,1970
51.8667,10.3333,1969-10-07,5.39999987930059,18.8899995777756,12.1449997285381,1969,10,1970
51.8667,10.3333,1969-10-08,7.44999983347952,16.2499996367842,11.8499997351319,1969,10,1970
51.8667,10.3333,1969-10-09,8.95999979972839,18.8899995777756,13.924999688752,1969,10,1970
51.8667,10.3333,1969-10-10,7.77999982610345,21.9299995098263,14.8549996679649,1969,10,1970
51.8667,10.3333,1969-10-11,4.7099998947233,20.4599995426834,12.5849997187033,1969,10,1970
51.8667,10.3333,1969-10-12,8.1499998178333,18.4799995869398,13.3149997023866,1969,10,1970
51.8667,10.3333,1969-10-13,8.44999981112778,15.189999660477,11.8199997358024,1969,10,1970
51.8667,10.3333,1969-10-14,5.39999987930059,11.9999997317791,8.69999980553985,1969,10,1970
51.8667,10.3333,1969-10-15,5.63999987393618,16.9599996209145,11.2999997474253,1969,10,1970
51.8667,10.3333,1969-10-16,7.06999984197319,16.1599996387959,11.6149997403845,1969,10,1970
51.8667,10.3333,1969-10-17,4.7099998947233,16.2499996367842,10.4799997657537,1969,10,1970
51.8667,10.3333,1969-10-18,5.69999987259507,16.6099996287376,11.1549997506663,1969,10,1970
51.8667,10.3333,1969-10-19,5.75999987125397,16.3099996354431,11.0349997533485,1969,10,1970
51.8667,10.3333,1969-10-20,4.49999989941716,16.3199996352196,10.4099997673184,1969,10,1970
51.8667,10.3333,1969-10-21,4.28999990411103,18.4299995880574,11.3599997460842,1969,10,1970
51.8667,10.3333,1969-10-22,6.26999985985458,18.8599995784461,12.5649997191504,1969,10,1970
51.8667,10.3333,1969-10-23,7.88999982364476,17.8899996001273,12.889999711886,1969,10,1970
51.8667,10.3333,1969-10-24,7.73999982699752,12.9799997098744,10.359999768436,1969,10,1970
51.8667,10.3333,1969-10-25,5.46999987773597,11.3799997456372,8.42499981168658,1969,10,1970
51.8667,10.3333,1969-10-26,5.14999988488853,9.55999978631735,7.35499983560294,1969,10,1970
51.8667,10.3333,1969-10-27,6.41999985650182,11.1599997505546,8.78999980352819,1969,10,1970
51.8667,10.3333,1969-10-28,5.60999987460673,11.2599997483194,8.43499981146306,1969,10,1970
51.8667,10.3333,1969-10-29,8.6699998062104,11.5699997413903,10.1199997738004,1969,10,1970
51.8667,10.3333,1969-10-30,4.19999990612268,10.4099997673184,7.30499983672053,1969,10,1970
51.8667,10.3333,1969-10-31,2.73999993875623,6.1999998614192,4.46999990008771,1969,10,1970
51.8667,10.3333,1969-11-01,5.07999988645315,9.54999978654087,7.31499983649701,1969,11,1970
51.8667,10.3333,1969-11-02,6.16999986208975,8.8999998010695,7.53499983157963,1969,11,1970
51.8667,10.3333,1969-11-03,6.22999986074865,10.1599997729063,8.19499981682748,1969,11,1970
51.8667,10.3333,1969-11-04,7.93999982252717,11.8999997340143,9.91999977827072,1969,11,1970
51.8667,10.3333,1969-11-05,4.02999990992248,11.5899997409433,7.8099998254329,1969,11,1970
51.8667,10.3333,1969-11-06,0.30999999307096,4.67999989539385,2.4949999442324,1969,11,1970
51.8667,10.3333,1969-11-07,-2.13999995216727,3.9599999114871,0.909999979659915,1969,11,1970
51.8667,10.3333,1969-11-08,-2.04999995417893,4.55999989807606,1.25499997194856,1969,11,1970
51.8667,10.3333,1969-11-09,1.78999995999038,7.13999984040856,4.46499990019947,1969,11,1970
51.8667,10.3333,1969-11-10,2.41999994590878,7.39999983459711,4.90999989025295,1969,11,1970
51.8667,10.3333,1969-11-11,1.67999996244907,7.09999984130263,4.38999990187585,1969,11,1970
51.8667,10.3333,1969-11-12,5.93999986723065,11.0699997525662,8.50499980989844,1969,11,1970
51.8667,10.3333,1969-11-13,4.90999989025295,11.8699997346848,8.38999981246889,1969,11,1970
51.8667,10.3333,1969-11-14,1.3199999704957,9.72999978251755,5.52499987650663,1969,11,1970
51.8667,10.3333,1969-11-15,0.499999988824129,6.96999984420836,3.73499991651624,1969,11,1970
51.8667,10.3333,1969-11-16,0.57999998703599,6.92999984510243,3.75499991606921,1969,11,1970
51.8667,10.3333,1969-11-17,1.88999995775521,5.89999986812472,3.89499991293997,1969,11,1970
51.8667,10.3333,1969-11-18,3.27999992668629,7.71999982744455,5.49999987706542,1969,11,1970
51.8667,10.3333,1969-11-19,0.639999985694885,3.67999991774559,2.15999995172024,1969,11,1970
51.8667,10.3333,1969-11-20,-0.339999992400408,7.24999983794987,3.45499992277473,1969,11,1970
51.8667,10.3333,1969-11-21,2.89999993517995,7.55999983102083,5.22999988310039,1969,11,1970
51.8667,10.3333,1969-11-22,0.879999980330467,6.09999986365438,3.48999992199242,1969,11,1970
51.8667,10.3333,1969-11-23,2.35999994724989,8.51999980956316,5.43999987840652,1969,11,1970
51.8667,10.3333,1969-11-24,5.72999987192452,8.35999981313944,7.04499984253198,1969,11,1970
51.8667,10.3333,1969-11-25,-3.29999992623925,6.53999985381961,1.61999996379018,1969,11,1970
51.8667,10.3333,1969-11-26,-5.32999988086522,-0.0699999984353781,-2.6999999396503,1969,11,1970
51.8667,10.3333,1969-11-27,-3.31999992579222,-1.25999997183681,-2.28999994881451,1969,11,1970
51.8667,10.3333,1969-11-28,-7.90999982319772,-1.32999997027218,-4.61999989673495,1969,11,1970
51.8667,10.3333,1969-11-29,-1.95999995619059,1.55999996513128,-0.199999995529652,1969,11,1970
51.8667,10.3333,1969-11-30,-2.50999994389713,-0.249999994412065,-1.3799999691546,1969,11,1970
51.8667,10.3333,1969-12-01,-7.58999983035028,-1.23999997228384,-4.41499990131706,1969,12,1970
51.8667,10.3333,1969-12-02,-9.65999978408217,-3.52999992109835,-6.59499985259026,1969,12,1970
51.8667,10.3333,1969-12-03,-6.85999984666705,-1.1499999742955,-4.00499991048127,1969,12,1970
51.8667,10.3333,1969-12-04,-1.87999995797873,0.209999995306134,-0.834999981336296,1969,12,1970
51.8667,10.3333,1969-12-05,-10.2499997708946,-0.689999984577298,-5.46999987773597,1969,12,1970
51.8667,10.3333,1969-12-06,-12.6699997168034,-2.98999993316829,-7.82999982498586,1969,12,1970
51.8667,10.3333,1969-12-07,-5.7999998703599,-2.71999993920326,-4.25999990478158,1969,12,1970
51.8667,10.3333,1969-12-08,-8.59999980777502,-4.30999990366399,-6.45499985571951,1969,12,1970
51.8667,10.3333,1969-12-09,-10.6199997626245,-4.20999990589917,-7.41499983426183,1969,12,1970
51.8667,10.3333,1969-12-10,-9.25999979302287,-2.37999994680285,-5.81999986991286,1969,12,1970
51.8667,10.3333,1969-12-11,-10.9899997543544,-1.69999996200204,-6.3449998581782,1969,12,1970
51.8667,10.3333,1969-12-12,-7.0599998421967,-1.01999997720122,-4.03999990969896,1969,12,1970
51.8667,10.3333,1969-12-13,-2.70999993942678,-0.439999990165234,-1.57499996479601,1969,12,1970
51.8667,10.3333,1969-12-14,-3.91999991238117,-0.909999979659915,-2.41499994602054,1969,12,1970
51.8667,10.3333,1969-12-15,-5.45999987795949,-2.32999994792044,-3.89499991293997,1969,12,1970
51.8667,10.3333,1969-12-16,-4.65999989584088,-1.50999996624887,-3.08499993104488,1969,12,1970
51.8667,10.3333,1969-12-17,-11.2599997483194,-1.28999997116625,-6.27499985974282,1969,12,1970
51.8667,10.3333,1969-12-18,-13.7899996917695,-6.53999985381961,-10.1649997727945,1969,12,1970
51.8667,10.3333,1969-12-19,-11.3299997467548,-6.05999986454844,-8.69499980565161,1969,12,1970
51.8667,10.3333,1969-12-20,-13.1899997051805,-8.2099998164922,-10.6999997608364,1969,12,1970
51.8667,10.3333,1969-12-21,-16.2799996361136,-8.84999980218709,-12.5649997191504,1969,12,1970
51.8667,10.3333,1969-12-22,-20.1599995493889,-8.27999981492758,-14.2199996821582,1969,12,1970
51.8667,10.3333,1969-12-23,-11.499999742955,-1.0899999756366,-6.29499985929579,1969,12,1970
51.8667,10.3333,1969-12-24,-5.49999987706542,-0.559999987483025,-3.02999993227422,1969,12,1970
51.8667,10.3333,1969-12-25,-3.44999992288649,0.609999986365438,-1.41999996826053,1969,12,1970
51.8667,10.3333,1969-12-26,-1.44999996758997,1.01999997720122,-0.214999995194376,1969,12,1970
51.8667,10.3333,1969-12-27,-4.73999989405274,0.299999993294477,-2.21999995037913,1969,12,1970
51.8667,10.3333,1969-12-28,-7.93999982252717,-3.86999991349876,-5.90499986801296,1969,12,1970
51.8667,10.3333,1969-12-29,-10.3299997691065,-3.40999992378056,-6.86999984644353,1969,12,1970
51.8667,10.3333,1969-12-30,-10.1599997729063,-3.82999991439283,-6.99499984364957,1969,12,1970
51.8667,10.3333,1969-12-31,-10.2499997708946,-4.03999990969896,-7.1449998402968,1969,12,1970
51.8667,10.3333,1970-01-01,-14.8899996671826,-7.48999983258545,-11.189999749884,1970,1,1970
51.8667,10.3333,1970-01-02,-14.3299996796995,-10.0599997751415,-12.1949997274205,1970,1,1970
51.8667,10.3333,1970-01-03,-12.369999723509,-3.57999991998076,-7.97499982174486,1970,1,1970
51.8667,10.3333,1970-01-04,-5.19999988377094,-1.53999996557832,-3.36999992467463,1970,1,1970
51.8667,10.3333,1970-01-05,-9.87999977916479,-2.74999993853271,-6.31499985884875,1970,1,1970
51.8667,10.3333,1970-01-06,-9.83999978005886,-3.30999992601573,-6.5749998530373,1970,1,1970
51.8667,10.3333,1970-01-07,-7.95999982208014,-3.10999993048608,-5.53499987628311,1970,1,1970
51.8667,10.3333,1970-01-08,-5.52999987639487,-2.56999994255602,-4.04999990947545,1970,1,1970
51.8667,10.3333,1970-01-09,-10.359999768436,-3.93999991193414,-7.14999984018505,1970,1,1970
51.8667,10.3333,1970-01-10,-7.72999982722104,-0.26999999396503,-3.99999991059303,1970,1,1970
51.8667,10.3333,1970-01-11,-2.89999993517995,3.04999993182719,0.0749999983236194,1970,1,1970
51.8667,10.3333,1970-01-12,0.26999999396503,9.02999979816377,4.6499998960644,1970,1,1970
51.8667,10.3333,1970-01-13,-0.329999992623925,7.09999984130263,3.38499992433935,1970,1,1970
51.8667,10.3333,1970-01-14,-1.12999997474253,6.08999986387789,2.47999994456768,1970,1,1970
51.8667,10.3333,1970-01-15,-3.22999992780387,5.76999987103045,1.26999997161329,1970,1,1970
51.8667,10.3333,1970-01-16,-2.75999993830919,4.49999989941716,0.869999980553985,1970,1,1970
51.8667,10.3333,1970-01-17,-4.019999910146,1.3199999704957,-1.34999996982515,1970,1,1970
51.8667,10.3333,1970-01-18,-8.50999980978668,-2.74999993853271,-5.62999987415969,1970,1,1970
51.8667,10.3333,1970-01-19,-10.1499997731298,-2.81999993696809,-6.48499985504895,1970,1,1970
51.8667,10.3333,1970-01-20,-9.78999978117645,-3.73999991640449,-6.76499984879047,1970,1,1970
51.8667,10.3333,1970-01-21,-10.9699997548014,-3.12999993003905,-7.04999984242022,1970,1,1970
51.8667,10.3333,1970-01-22,-11.9499997328967,-2.1799999512732,-7.06499984208494,1970,1,1970
51.8667,10.3333,1970-01-23,-9.31999979168177,-4.92999988980591,-7.12499984074384,1970,1,1970
51.8667,10.3333,1970-01-24,-6.6599998511374,-1.22999997250736,-3.94499991182238,1970,1,1970
51.8667,10.3333,1970-01-25,-2.87999993562698,1.90999995730817,-0.484999989159405,1970,1,1970
51.8667,10.3333,1970-01-26,-0.229999994859099,3.81999991461635,1.79499995987862,1970,1,1970
51.8667,10.3333,1970-01-27,1.8399999588728,4.26999990455806,3.05499993171543,1970,1,1970
51.8667,10.3333,1970-01-28,-0.30999999307096,3.27999992668629,1.48499996680766,1970,1,1970
51.8667,10.3333,1970-01-29,-3.66999991796911,0.189999995753169,-1.73999996110797,1970,1,1970
51.8667,10.3333,1970-01-30,-3.88999991305172,-0.549999987706542,-2.21999995037913,1970,1,1970
51.8667,10.3333,1970-01-31,-7.70999982766807,-2.20999995060265,-4.95999988913536,1970,1,1970
51.8667,10.3333,1970-02-01,-13.1199997067451,-6.83999984711409,-9.97999977692962,1970,2,1970
51.8667,10.3333,1970-02-02,-16.2999996356666,-5.43999987840652,-10.8699997570366,1970,2,1970
51.8667,10.3333,1970-02-03,-11.0199997536838,-1.25999997183681,-6.13999986276031,1970,2,1970
51.8667,10.3333,1970-02-04,-1.58999996446073,1.61999996379018,0.0149999996647239,1970,2,1970
51.8667,10.3333,1970-02-05,0.539999987930059,2.76999993808568,1.65499996300787,1970,2,1970
51.8667,10.3333,1970-02-06,-0.609999986365438,2.45999994501472,0.924999979324639,1970,2,1970
51.8667,10.3333,1970-02-07,-6.07999986410141,0.809999981895089,-2.63499994110316,1970,2,1970
51.8667,10.3333,1970-02-08,-6.2599998600781,-0.0799999982118607,-3.16999992914498,1970,2,1970
51.8667,10.3333,1970-02-09,-0.61999998614192,0.809999981895089,0.0949999978765845,1970,2,1970
51.8667,10.3333,1970-02-10,-0.639999985694885,0.909999979659915,0.134999996982515,1970,2,1970
51.8667,10.3333,1970-02-11,-1.63999996334314,0.189999995753169,-0.724999983794987,1970,2,1970
51.8667,10.3333,1970-02-12,-4.23999990522861,-0.749999983236194,-2.4949999442324,1970,2,1970
51.8667,10.3333,1970-02-13,-5.39999987930059,-1.68999996222556,-3.54499992076308,1970,2,1970
51.8667,10.3333,1970-02-14,-4.84999989159405,-0.119999997317791,-2.48499994445592,1970,2,1970
51.8667,10.3333,1970-02-15,-12.4699997212738,-3.80999991483986,-8.13999981805682,1970,2,1970
51.8667,10.3333,1970-02-16,-12.9599997103214,-4.43999990075827,-8.69999980553985,1970,2,1970
51.8667,10.3333,1970-02-17,-9.01999979838729,-5.47999987751245,-7.24999983794987,1970,2,1970
51.8667,10.3333,1970-02-18,-10.4699997659773,-4.35999990254641,-7.41499983426183,1970,2,1970
51.8667,10.3333,1970-02-19,-6.58999985270202,-0.88999998010695,-3.73999991640449,1970,2,1970
51.8667,10.3333,1970-02-20,-9.19999979436398,-1.97999995574355,-5.58999987505376,1970,2,1970
51.8667,10.3333,1970-02-21,-3.47999992221594,2.64999994076788,-0.414999990724027,1970,2,1970
51.8667,10.3333,1970-02-22,-1.45999996736646,0.789999982342124,-0.334999992512167,1970,2,1970
51.8667,10.3333,1970-02-23,-1.45999996736646,4.19999990612268,1.36999996937811,1970,2,1970
51.8667,10.3333,1970-02-24,-0.959999978542328,3.90999991260469,1.47499996703118,1970,2,1970
51.8667,10.3333,1970-02-25,-0.329999992623925,1.66999996267259,0.669999985024333,1970,2,1970
51.8667,10.3333,1970-02-26,-1.58999996446073,2.16999995149672,0.289999993517995,1970,2,1970
51.8667,10.3333,1970-02-27,-2.87999993562698,0.289999993517995,-1.29499997105449,1970,2,1970
51.8667,10.3333,1970-02-28,-6.57999985292554,-2.53999994322658,-4.55999989807606,1970,2,1970
51.8667,10.3333,1970-03-01,-7.76999982632697,-5.00999988801777,-6.38999985717237,1970,3,1970
51.8667,10.3333,1970-03-02,-8.23999981582165,-2.37999994680285,-5.30999988131225,1970,3,1970
51.8667,10.3333,1970-03-03,-5.89999986812472,-0.0199999995529652,-2.95999993383884,1970,3,1970
51.8667,10.3333,1970-03-04,-5.72999987192452,0.0199999995529652,-2.85499993618578,1970,3,1970
51.8667,10.3333,1970-03-05,-7.27999983727932,-0.0299999993294477,-3.65499991830438,1970,3,1970
51.8667,10.3333,1970-03-06,-4.92999988980591,-2.99999993294477,-3.96499991137534,1970,3,1970
51.8667,10.3333,1970-03-07,-4.43999990075827,-0.809999981895089,-2.62499994132668,1970,3,1970
51.8667,10.3333,1970-03-08,-4.91999989002943,-0.979999978095293,-2.94999993406236,1970,3,1970
51.8667,10.3333,1970-03-09,-8.63999980688095,-1.63999996334314,-5.13999988511205,1970,3,1970
51.8667,10.3333,1970-03-10,-6.81999984756112,-0.139999996870756,-3.47999992221594,1970,3,1970
51.8667,10.3333,1970-03-11,-9.39999978989363,3.28999992646277,-3.05499993171543,1970,3,1970
51.8667,10.3333,1970-03-12,-5.78999987058342,5.11999988555908,-0.334999992512167,1970,3,1970
51.8667,10.3333,1970-03-13,-8.16999981738627,4.16999990679324,-1.99999995529652,1970,3,1970
51.8667,10.3333,1970-03-14,-4.79999989271164,1.85999995842576,-1.46999996714294,1970,3,1970
51.8667,10.3333,1970-03-15,-5.46999987773597,-0.159999996423721,-2.81499993707985,1970,3,1970
51.8667,10.3333,1970-03-16,-7.09999984130263,1.11999997496605,-2.98999993316829,1970,3,1970
51.8667,10.3333,1970-03-17,-1.4899999666959,1.10999997518957,-0.189999995753169,1970,3,1970
51.8667,10.3333,1970-03-18,0.189999995753169,2.62999994121492,1.40999996848404,1970,3,1970
51.8667,10.3333,1970-03-19,0,3.81999991461635,1.90999995730817,1970,3,1970
51.8667,10.3333,1970-03-20,-1.04999997653067,2.90999993495643,0.92999997921288,1970,3,1970
51.8667,10.3333,1970-03-21,-1.26999997161329,3.97999991104007,1.35499996971339,1970,3,1970
51.8667,10.3333,1970-03-22,2.4699999447912,7.60999982990324,5.03999988734722,1970,3,1970
51.8667,10.3333,1970-03-23,1.09999997541308,6.68999985046685,3.89499991293997,1970,3,1970
51.8667,10.3333,1970-03-24,-2.43999994546175,8.58999980799854,3.07499993126839,1970,3,1970
51.8667,10.3333,1970-03-25,0.959999978542328,9.27999979257584,5.11999988555908,1970,3,1970
51.8667,10.3333,1970-03-26,-2.74999993853271,4.62999989651144,0.939999978989363,1970,3,1970
51.8667,10.3333,1970-03-27,-5.07999988645315,4.4199999012053,-0.329999992623925,1970,3,1970
51.8667,10.3333,1970-03-28,-2.95999993383884,1.49999996647239,-0.729999983683228,1970,3,1970
51.8667,10.3333,1970-03-29,-4.6499998960644,-0.509999988600612,-2.57999994233251,1970,3,1970
51.8667,10.3333,1970-03-30,-6.55999985337257,1.32999997027218,-2.6149999415502,1970,3,1970
51.8667,10.3333,1970-03-31,-0.679999984800816,5.11999988555908,2.21999995037913,1970,3,1970
51.8667,10.3333,1970-04-01,1.5499999653548,5.52999987639487,3.53999992087483,1970,4,1970
51.8667,10.3333,1970-04-02,-0.729999983683228,2.20999995060265,0.739999983459711,1970,4,1970
51.8667,10.3333,1970-04-03,-2.64999994076788,1.79999995976686,-0.42499999050051,1970,4,1970
51.8667,10.3333,1970-04-04,-3.99999991059303,0.499999988824129,-1.74999996088445,1970,4,1970
51.8667,10.3333,1970-04-05,-5.52999987639487,1.01999997720122,-2.25499994959682,1970,4,1970
51.8667,10.3333,1970-04-06,-4.72999989427626,-0.869999980553985,-2.79999993741512,1970,4,1970
51.8667,10.3333,1970-04-07,-3.10999993048608,2.9299999345094,-0.0899999979883432,1970,4,1970
51.8667,10.3333,1970-04-08,-2.27999994903803,2.2399999499321,-0.0199999995529652,1970,4,1970
51.8667,10.3333,1970-04-09,-4.46999990008771,2.97999993339181,-0.744999983347952,1970,4,1970
51.8667,10.3333,1970-04-10,-3.74999991618097,0.939999978989363,-1.4049999685958,1970,4,1970
51.8667,10.3333,1970-04-11,-1.62999996356666,3.00999993272126,0.689999984577298,1970,4,1970
51.8667,10.3333,1970-04-12,-0.749999983236194,3.01999993249774,1.13499997463077,1970,4,1970
51.8667,10.3333,1970-04-13,-0.609999986365438,6.94999984465539,3.16999992914498,1970,4,1970
51.8667,10.3333,1970-04-14,0.509999988600612,4.36999990232289,2.43999994546175,1970,4,1970
51.8667,10.3333,1970-04-15,-1.76999996043742,6.01999986544251,2.12499995250255,1970,4,1970
51.8667,10.3333,1970-04-16,-0.819999981671572,9.26999979279935,4.22499990556389,1970,4,1970
51.8667,10.3333,1970-04-17,4.39999990165234,9.1299997959286,6.76499984879047,1970,4,1970
51.8667,10.3333,1970-04-18,6.99999984353781,15.5499996524304,11.2749997479841,1970,4,1970
51.8667,10.3333,1970-04-19,5.70999987237155,13.0899997074157,9.39999978989363,1970,4,1970
51.8667,10.3333,1970-04-20,2.55999994277954,12.0699997302145,7.31499983649701,1970,4,1970
51.8667,10.3333,1970-04-21,1.12999997474253,7.14999984018505,4.13999990746379,1970,4,1970
51.8667,10.3333,1970-04-22,0.0399999991059303,7.18999983929098,3.61499991919845,1970,4,1970
51.8667,10.3333,1970-04-23,5.42999987863004,9.65999978408217,7.54499983135611,1970,4,1970
51.8667,10.3333,1970-04-24,7.53999983146787,9.88999977894127,8.71499980520457,1970,4,1970
51.8667,10.3333,1970-04-25,4.56999989785254,8.49999981001019,6.53499985393137,1970,4,1970
51.8667,10.3333,1970-04-26,5.42999987863004,9.54999978654087,7.48999983258545,1970,4,1970
51.8667,10.3333,1970-04-27,4.20999990589917,8.1499998178333,6.17999986186624,1970,4,1970
51.8667,10.3333,1970-04-28,1.43999996781349,6.57999985292554,4.00999991036952,1970,4,1970
51.8667,10.3333,1970-04-29,0.819999981671572,5.89999986812472,3.35999992489815,1970,4,1970
51.8667,10.3333,1970-04-30,-1.02999997697771,2.9299999345094,0.949999978765845,1970,4,1970
51.8667,10.3333,1970-05-01,-1.4899999666959,2.67999994009733,0.594999986700714,1970,5,NA
51.8667,10.3333,1970-05-02,-0.789999982342124,4.43999990075827,1.82499995920807,1970,5,NA
51.8667,10.3333,1970-05-03,0.0699999984353781,9.25999979302287,4.66499989572912,1970,5,NA
51.8667,10.3333,1970-05-04,3.04999993182719,8.29999981448054,5.67499987315387,1970,5,NA
51.8667,10.3333,1970-05-05,4.51999989897013,13.2599997036159,8.88999980129302,1970,5,NA
51.8667,10.3333,1970-05-06,3.68999991752207,15.0399996638298,9.36499979067594,1970,5,NA
51.8667,10.3333,1970-05-07,6.51999985426664,19.5799995623529,13.0499997083098,1970,5,NA
51.8667,10.3333,1970-05-08,9.71999978274107,18.4899995867163,14.1049996847287,1970,5,NA
51.8667,10.3333,1970-05-09,7.02999984286726,20.3399995453656,13.6849996941164,1970,5,NA
51.8667,10.3333,1970-05-10,8.61999980732799,19.3099995683879,13.9649996878579,1970,5,NA
51.8667,10.3333,1970-05-11,8.21999981626868,18.8899995777756,13.5549996970221,1970,5,NA
51.8667,10.3333,1970-05-12,8.08999981917441,15.6499996501952,11.8699997346848,1970,5,NA
51.8667,10.3333,1970-05-13,6.60999985225499,9.32999979145825,7.96999982185662,1970,5,NA
51.8667,10.3333,1970-05-14,6.1999998614192,10.609999762848,8.40499981213361,1970,5,NA
51.8667,10.3333,1970-05-15,7.42999983392656,14.8399996683002,11.1349997511134,1970,5,NA
51.8667,10.3333,1970-05-16,3.1599999293685,16.2599996365607,9.70999978296459,1970,5,NA
51.8667,10.3333,1970-05-17,6.91999984532595,13.6799996942282,10.2999997697771,1970,5,NA
51.8667,10.3333,1970-05-18,7.12999984063208,15.1999996602535,11.1649997504428,1970,5,NA
51.8667,10.3333,1970-05-19,3.25999992713332,16.4199996329844,9.83999978005886,1970,5,NA
51.8667,10.3333,1970-05-20,3.97999991104007,16.2499996367842,10.1149997739121,1970,5,NA
51.8667,10.3333,1970-05-21,4.12999990768731,12.7499997150153,8.4399998113513,1970,5,NA
51.8667,10.3333,1970-05-22,4.99999988824129,11.6699997391552,8.33499981369823,1970,5,NA
51.8667,10.3333,1970-05-23,3.59999991953373,8.68999980576336,6.14499986264855,1970,5,NA
51.8667,10.3333,1970-05-24,2.01999995484948,10.2499997708946,6.13499986287206,1970,5,NA
51.8667,10.3333,1970-05-25,1.5499999653548,15.1199996620417,8.33499981369823,1970,5,NA
51.8667,10.3333,1970-05-26,5.06999988667667,19.0199995748699,12.0449997307733,1970,5,NA
51.8667,10.3333,1970-05-27,7.10999984107912,14.5099996756762,10.8099997583777,1970,5,NA
51.8667,10.3333,1970-05-28,5.1099998857826,9.46999978832901,7.2899998370558,1970,5,NA
51.8667,10.3333,1970-05-29,5.42999987863004,9.21999979391694,7.32499983627349,1970,5,NA
51.8667,10.3333,1970-05-30,3.00999993272126,16.389999633655,9.6999997831881,1970,5,NA
51.8667,10.3333,1970-05-31,8.17999981716275,13.9999996870756,11.0899997521192,1970,5,NA
51.8667,10.3333,1970-06-01,6.61999985203147,12.6499997172505,9.63499978464097,1970,6,NA
51.8667,10.3333,1970-06-02,6.77999984845519,14.1599996834993,10.4699997659773,1970,6,NA
51.8667,10.3333,1970-06-03,3.76999991573393,12.5899997185916,8.17999981716275,1970,6,NA
51.8667,10.3333,1970-06-04,2.19999995082617,15.4199996553361,8.80999980308115,1970,6,NA
51.8667,10.3333,1970-06-05,4.53999989852309,14.8799996674061,9.70999978296459,1970,6,NA
51.8667,10.3333,1970-06-06,7.03999984264374,17.9699995983392,12.5049997204915,1970,6,NA
51.8667,10.3333,1970-06-07,9.10999979637563,20.7299995366484,14.919999666512,1970,6,NA
51.8667,10.3333,1970-06-08,10.6599997617304,22.0099995080382,16.3349996348843,1970,6,NA
51.8667,10.3333,1970-06-09,11.4199997447431,23.2999994792044,17.3599996119738,1970,6,NA
51.8667,10.3333,1970-06-10,13.2699997033924,23.4999994747341,18.3849995890632,1970,6,NA
51.8667,10.3333,1970-06-11,13.2099997047335,22.08999950625,17.6499996054918,1970,6,NA
51.8667,10.3333,1970-06-12,11.1499997507781,22.959999486804,17.054999618791,1970,6,NA
51.8667,10.3333,1970-06-13,10.9499997552484,19.5999995619059,15.2749996585771,1970,6,NA
51.8667,10.3333,1970-06-14,6.97999984398484,15.9299996439368,11.4549997439608,1970,6,NA
51.8667,10.3333,1970-06-15,4.89999989047647,16.4599996320903,10.6799997612834,1970,6,NA
51.8667,10.3333,1970-06-16,4.99999988824129,20.6299995388836,12.8149997135624,1970,6,NA
51.8667,10.3333,1970-06-17,10.049999775365,23.1099994834512,16.5799996294081,1970,6,NA
51.8667,10.3333,1970-06-18,13.0799997076392,22.8999994881451,17.9899995978922,1970,6,NA
51.8667,10.3333,1970-06-19,8.4399998113513,20.4299995433539,14.4349996773526,1970,6,NA
51.8667,10.3333,1970-06-20,9.61999978497624,23.0999994836748,16.3599996343255,1970,6,NA
51.8667,10.3333,1970-06-21,10.7699997592717,25.9699994195253,18.3699995893985,1970,6,NA
51.8667,10.3333,1970-06-22,12.5399997197092,26.669999403879,19.6049995617941,1970,6,NA
51.8667,10.3333,1970-06-23,13.3099997024983,27.7199993804097,20.514999541454,1970,6,NA
51.8667,10.3333,1970-06-24,13.4499996993691,24.0799994617701,18.7649995805696,1970,6,NA
51.8667,10.3333,1970-06-25,12.4499997217208,22.9999994859099,17.7249996038154,1970,6,NA
51.8667,10.3333,1970-06-26,13.3799997009337,19.2399995699525,16.3099996354431,1970,6,NA
51.8667,10.3333,1970-06-27,10.049999775365,21.259999524802,15.6549996500835,1970,6,NA
51.8667,10.3333,1970-06-28,11.3999997451901,26.3699994105846,18.8849995778874,1970,6,NA
51.8667,10.3333,1970-06-29,13.9999996870756,25.0999994389713,19.5499995630234,1970,6,NA
51.8667,10.3333,1970-06-30,10.7899997588247,14.8099996689707,12.7999997138977,1970,6,NA
51.8667,10.3333,1970-07-01,7.53999983146787,13.3999997004867,10.4699997659773,1970,7,NA
51.8667,10.3333,1970-07-02,8.29999981448054,12.4899997208267,10.3949997676536,1970,7,NA
51.8667,10.3333,1970-07-03,7.21999983862042,12.8799997121096,10.049999775365,1970,7,NA
51.8667,10.3333,1970-07-04,7.78999982587993,13.0699997078627,10.4299997668713,1970,7,NA
51.8667,10.3333,1970-07-05,7.44999983347952,13.3099997024983,10.3799997679889,1970,7,NA
51.8667,10.3333,1970-07-06,9.57999978587031,18.1599995940924,13.8699996899813,1970,7,NA
51.8667,10.3333,1970-07-07,12.5299997199327,21.1099995281547,16.8199996240437,1970,7,NA
51.8667,10.3333,1970-07-08,11.6599997393787,24.9999994412065,18.3299995902926,1970,7,NA
51.8667,10.3333,1970-07-09,13.799999691546,26.5199994072318,20.1599995493889,1970,7,NA
51.8667,10.3333,1970-07-10,13.6899996940047,23.8799994662404,18.7849995801225,1970,7,NA
51.8667,10.3333,1970-07-11,11.459999743849,18.2199995927513,14.8399996683002,1970,7,NA
51.8667,10.3333,1970-07-12,9.84999977983534,18.6399995833635,14.2449996815994,1970,7,NA
51.8667,10.3333,1970-07-13,10.1599997729063,20.7899995353073,15.4749996541068,1970,7,NA
51.8667,10.3333,1970-07-14,10.9799997545779,24.1599994599819,17.5699996072799,1970,7,NA
51.8667,10.3333,1970-07-15,10.5499997641891,19.2199995703995,14.8849996672943,1970,7,NA
51.8667,10.3333,1970-07-16,7.19999983906746,12.5899997185916,9.89499977882951,1970,7,NA
51.8667,10.3333,1970-07-17,8.74999980442226,11.6999997384846,10.2249997714534,1970,7,NA
51.8667,10.3333,1970-07-18,7.68999982811511,13.9399996884167,10.8149997582659,1970,7,NA
51.8667,10.3333,1970-07-19,6.14999986253679,15.8199996463954,10.9849997544661,1970,7,NA
51.8667,10.3333,1970-07-20,11.0799997523427,17.6099996063858,14.3449996793643,1970,7,NA
51.8667,10.3333,1970-07-21,8.88999980129302,14.6899996716529,11.789999736473,1970,7,NA
51.8667,10.3333,1970-07-22,6.69999985024333,15.9099996443838,11.3049997473136,1970,7,NA
51.8667,10.3333,1970-07-23,7.12999984063208,17.0799996182323,12.1049997294322,1970,7,NA
51.8667,10.3333,1970-07-24,7.27999983727932,20.3299995455891,13.8049996914342,1970,7,NA
51.8667,10.3333,1970-07-25,11.9899997320026,23.2099994812161,17.5999996066093,1970,7,NA
51.8667,10.3333,1970-07-26,9.37999979034066,17.7099996041507,13.5449996972457,1970,7,NA
51.8667,10.3333,1970-07-27,8.51999980956316,12.5199997201562,10.5199997648597,1970,7,NA
51.8667,10.3333,1970-07-28,9.55999978631735,15.8499996457249,12.7049997160211,1970,7,NA
51.8667,10.3333,1970-07-29,13.3999997004867,23.9099994655699,18.6549995830283,1970,7,NA
51.8667,10.3333,1970-07-30,13.9699996877462,20.5599995404482,17.2649996140972,1970,7,NA
51.8667,10.3333,1970-07-31,9.47999978810549,20.5799995400012,15.0299996640533,1970,7,NA
51.8667,10.3333,1970-08-01,10.3499997686595,23.1399994827807,16.7449996257201,1970,8,NA
51.8667,10.3333,1970-08-02,14.1199996843934,23.3099994789809,18.7149995816872,1970,8,NA
51.8667,10.3333,1970-08-03,14.5499996747822,20.5599995404482,17.5549996076152,1970,8,NA
51.8667,10.3333,1970-08-04,14.3499996792525,22.9199994876981,18.6349995834753,1970,8,NA
51.8667,10.3333,1970-08-05,11.6499997396022,21.7299995142967,16.6899996269494,1970,8,NA
51.8667,10.3333,1970-08-06,12.4399997219443,22.8699994888157,17.65499960538,1970,8,NA
51.8667,10.3333,1970-08-07,14.0099996868521,23.7099994700402,18.8599995784461,1970,8,NA
51.8667,10.3333,1970-08-08,15.3699996564537,25.2899994347245,20.3299995455891,1970,8,NA
51.8667,10.3333,1970-08-09,14.7499996703118,22.3199995011091,18.5349995857105,1970,8,NA
51.8667,10.3333,1970-08-10,13.75999969244,16.5299996305257,15.1449996614829,1970,8,NA
51.8667,10.3333,1970-08-11,11.2499997485429,18.4299995880574,14.8399996683002,1970,8,NA
51.8667,10.3333,1970-08-12,10.899999756366,17.3199996128678,14.1099996846169,1970,8,NA
51.8667,10.3333,1970-08-13,7.24999983794987,16.1799996383488,11.7149997381493,1970,8,NA
51.8667,10.3333,1970-08-14,5.22999988310039,20.9199995324016,13.074999707751,1970,8,NA
51.8667,10.3333,1970-08-15,10.2499997708946,22.2799995020032,16.2649996364489,1970,8,NA
51.8667,10.3333,1970-08-16,8.27999981492758,18.1699995938689,13.2249997043982,1970,8,NA
51.8667,10.3333,1970-08-17,10.2699997704476,20.1499995496124,15.20999966003,1970,8,NA
51.8667,10.3333,1970-08-18,9.59999978542328,16.349999634549,12.9749997099862,1970,8,NA
51.8667,10.3333,1970-08-19,7.20999983884394,16.7599996253848,11.9849997321144,1970,8,NA
51.8667,10.3333,1970-08-20,7.75999982655048,21.8799995109439,14.8199996687472,1970,8,NA
51.8667,10.3333,1970-08-21,12.4899997208267,18.0799995958805,15.2849996583536,1970,8,NA
51.8667,10.3333,1970-08-22,11.1799997501075,13.8499996904284,12.514999720268,1970,8,NA
51.8667,10.3333,1970-08-23,10.1799997724593,11.8499997351319,11.0149997537956,1970,8,NA
51.8667,10.3333,1970-08-24,10.4799997657537,15.6599996499717,13.0699997078627,1970,8,NA
51.8667,10.3333,1970-08-25,10.069999774918,19.4699995648116,14.7699996698648,1970,8,NA
51.8667,10.3333,1970-08-26,9.50999978743494,19.0399995744228,14.2749996809289,1970,8,NA
51.8667,10.3333,1970-08-27,7.66999982856214,19.4099995661527,13.5399996973574,1970,8,NA
51.8667,10.3333,1970-08-28,9.19999979436398,20.659999538213,14.9299996662885,1970,8,NA
51.8667,10.3333,1970-08-29,9.43999978899956,20.8099995348603,15.1249996619299,1970,8,NA
51.8667,10.3333,1970-08-30,9.16999979503453,22.2799995020032,15.7249996485189,1970,8,NA
51.8667,10.3333,1970-08-31,9.04999979771674,21.8099995125085,15.4299996551126,1970,8,NA
51.8667,10.3333,1970-09-01,9.89999977871776,22.5499994959682,16.224999637343,1970,9,NA
51.8667,10.3333,1970-09-02,9.83999978005886,16.929999621585,13.3849997008219,1970,9,NA
51.8667,10.3333,1970-09-03,5.72999987192452,16.6999996267259,11.2149997493252,1970,9,NA
51.8667,10.3333,1970-09-04,10.2699997704476,18.1299995947629,14.1999996826053,1970,9,NA
51.8667,10.3333,1970-09-05,9.38999979011714,13.75999969244,11.5749997412786,1970,9,NA
51.8667,10.3333,1970-09-06,10.5699997637421,15.4599996544421,13.0149997090921,1970,9,NA
51.8667,10.3333,1970-09-07,8.48999981023371,13.9899996872991,11.2399997487664,1970,9,NA
51.8667,10.3333,1970-09-08,6.04999986477196,16.099999640137,11.0749997524545,1970,9,NA
51.8667,10.3333,1970-09-09,7.86999982409179,20.7399995364249,14.3049996802583,1970,9,NA
51.8667,10.3333,1970-09-10,12.329999724403,19.0799995735288,15.7049996489659,1970,9,NA
51.8667,10.3333,1970-09-11,12.8099997136742,22.5599994957447,17.6849996047094,1970,9,NA
51.8667,10.3333,1970-09-12,8.86999980174005,14.0299996864051,11.4499997440726,1970,9,NA
51.8667,10.3333,1970-09-13,7.99999982118607,14.9099996667355,11.4549997439608,1970,9,NA
51.8667,10.3333,1970-09-14,6.39999985694885,12.2599997259676,9.32999979145825,1970,9,NA
51.8667,10.3333,1970-09-15,7.07999984174967,13.9199996888638,10.4999997653067,1970,9,NA
51.8667,10.3333,1970-09-16,12.0699997302145,21.7799995131791,16.9249996216968,1970,9,NA
51.8667,10.3333,1970-09-17,7.5799998305738,15.5399996526539,11.5599997416139,1970,9,NA
51.8667,10.3333,1970-09-18,6.73999984934926,11.7399997375906,9.23999979346991,1970,9,NA
51.8667,10.3333,1970-09-19,8.68999980576336,19.7099995594472,14.1999996826053,1970,9,NA
51.8667,10.3333,1970-09-20,8.29999981448054,21.3299995232373,14.8149996688589,1970,9,NA
51.8667,10.3333,1970-09-21,10.8599997572601,20.2999995462596,15.5799996517599,1970,9,NA
51.8667,10.3333,1970-09-22,9.54999978654087,15.7199996486306,12.6349997175857,1970,9,NA
51.8667,10.3333,1970-09-23,5.3399998806417,13.9799996875226,9.65999978408217,1970,9,NA
51.8667,10.3333,1970-09-24,1.82999995909631,12.4599997214973,7.1449998402968,1970,9,NA
51.8667,10.3333,1970-09-25,1.06999997608364,12.8999997116625,6.98499984387308,1970,9,NA
51.8667,10.3333,1970-09-26,5.61999987438321,14.4699996765703,10.0449997754768,1970,9,NA
51.8667,10.3333,1970-09-27,6.7199998497963,13.3199997022748,10.0199997760355,1970,9,NA
51.8667,10.3333,1970-09-28,2.32999994792044,16.8299996238202,9.57999978587031,1970,9,NA
51.8667,10.3333,1970-09-29,2.90999993495643,16.1199996396899,9.51499978732318,1970,9,NA
51.8667,10.3333,1970-09-30,2.27999994903803,18.0199995972216,10.1499997731298,1970,9,NA
51.8667,10.3333,1970-10-01,6.80999984778464,12.3399997241795,9.57499978598207,1970,10,1971
51.8667,10.3333,1970-10-02,6.68999985046685,10.4899997655302,8.58999980799854,1970,10,1971
51.8667,10.3333,1970-10-03,4.16999990679324,11.1199997514486,7.64499982912093,1970,10,1971
51.8667,10.3333,1970-10-04,3.67999991774559,8.02999982051551,5.85499986913055,1970,10,1971
51.8667,10.3333,1970-10-05,6.17999986186624,9.42999978922307,7.80499982554466,1970,10,1971
51.8667,10.3333,1970-10-06,6.27999985963106,11.9499997328967,9.11499979626387,1970,10,1971
51.8667,10.3333,1970-10-07,9.5899997856468,16.5099996309727,13.0499997083098,1970,10,1971
51.8667,10.3333,1970-10-08,10.4699997659773,15.9499996434897,13.2099997047335,1970,10,1971
51.8667,10.3333,1970-10-09,8.50999980978668,15.1699996609241,11.8399997353554,1970,10,1971
51.8667,10.3333,1970-10-10,8.84999980218709,12.369999723509,10.609999762848,1970,10,1971
51.8667,10.3333,1970-10-11,8.73999980464578,15.3899996560067,12.0649997303262,1970,10,1971
51.8667,10.3333,1970-10-12,7.45999983325601,17.2299996148795,12.3449997240677,1970,10,1971
51.8667,10.3333,1970-10-13,7.61999982967973,15.519999653101,11.5699997413903,1970,10,1971
51.8667,10.3333,1970-10-14,6.26999985985458,12.7799997143447,9.52499978709966,1970,10,1971
51.8667,10.3333,1970-10-15,5.67999987304211,10.5999997630715,8.13999981805682,1970,10,1971
51.8667,10.3333,1970-10-16,-0.669999985024333,7.38999983482063,3.35999992489815,1970,10,1971
51.8667,10.3333,1970-10-17,-0.26999999396503,8.34999981336296,4.03999990969896,1970,10,1971
51.8667,10.3333,1970-10-18,3.4999999217689,11.0699997525662,7.28499983716756,1970,10,1971
51.8667,10.3333,1970-10-19,2.55999994277954,11.9699997324497,7.2649998376146,1970,10,1971
51.8667,10.3333,1970-10-20,4.4199999012053,8.6699998062104,6.54499985370785,1970,10,1971
51.8667,10.3333,1970-10-21,2.01999995484948,5.67999987304211,3.84999991394579,1970,10,1971
51.8667,10.3333,1970-10-22,2.03999995440245,5.48999987728894,3.76499991584569,1970,10,1971
51.8667,10.3333,1970-10-23,1.64999996311963,6.6599998511374,4.15499990712851,1970,10,1971
51.8667,10.3333,1970-10-24,-0.00999999977648258,3.68999991752207,1.8399999588728,1970,10,1971
51.8667,10.3333,1970-10-25,-0.689999984577298,4.67999989539385,1.99499995540828,1970,10,1971
51.8667,10.3333,1970-10-26,4.22999990545213,8.57999980822206,6.40499985683709,1970,10,1971
51.8667,10.3333,1970-10-27,5.16999988444149,8.07999981939793,6.62499985191971,1970,10,1971
51.8667,10.3333,1970-10-28,2.05999995395541,6.95999984443188,4.50999989919364,1970,10,1971
51.8667,10.3333,1970-10-29,2.1799999512732,9.79999978095293,5.98999986611307,1970,10,1971
51.8667,10.3333,1970-10-30,4.05999990925193,9.25999979302287,6.6599998511374,1970,10,1971
51.8667,10.3333,1970-10-31,7.09999984130263,10.8099997583777,8.95499979984015,1970,10,1971
51.8667,10.3333,1970-11-01,8.58999980799854,11.3799997456372,9.98499977681786,1970,11,1971
51.8667,10.3333,1970-11-02,7.72999982722104,11.0199997536838,9.37499979045242,1970,11,1971
51.8667,10.3333,1970-11-03,6.29999985918403,11.0999997518957,8.69999980553985,1970,11,1971
51.8667,10.3333,1970-11-04,7.61999982967973,11.6399997398257,9.62999978475273,1970,11,1971
51.8667,10.3333,1970-11-05,5.7999998703599,8.69999980553985,7.24999983794987,1970,11,1971
51.8667,10.3333,1970-11-06,2.88999993540347,7.33999983593822,5.11499988567084,1970,11,1971
51.8667,10.3333,1970-11-07,2.54999994300306,4.79999989271164,3.67499991785735,1970,11,1971
51.8667,10.3333,1970-11-08,-0.489999989047647,3.30999992601573,1.40999996848404,1970,11,1971
51.8667,10.3333,1970-11-09,-2.79999993741512,1.3799999691546,-0.709999984130263,1970,11,1971
51.8667,10.3333,1970-11-10,-0.0199999995529652,6.03999986499548,3.00999993272126,1970,11,1971
51.8667,10.3333,1970-11-11,2.12999995239079,4.55999989807606,3.34499992523342,1970,11,1971
51.8667,10.3333,1970-11-12,2.26999994926155,8.39999981224537,5.33499988075346,1970,11,1971
51.8667,10.3333,1970-11-13,7.72999982722104,10.1899997722358,8.95999979972839,1970,11,1971
51.8667,10.3333,1970-11-14,1.23999997228384,9.41999978944659,5.32999988086522,1970,11,1971
51.8667,10.3333,1970-11-15,-0.319999992847443,4.32999990321696,2.00499995518476,1970,11,1971
51.8667,10.3333,1970-11-16,0.239999994635582,5.34999988041818,2.79499993752688,1970,11,1971
51.8667,10.3333,1970-11-17,0.429999990388751,3.1599999293685,1.79499995987862,1970,11,1971
51.8667,10.3333,1970-11-18,-0.549999987706542,1.99999995529652,0.724999983794987,1970,11,1971
51.8667,10.3333,1970-11-19,0.699999984353781,10.5499997641891,5.62499987427145,1970,11,1971
51.8667,10.3333,1970-11-20,7.79999982565641,11.9799997322261,9.88999977894127,1970,11,1971
51.8667,10.3333,1970-11-21,1.9499999564141,7.94999982230365,4.94999988935888,1970,11,1971
51.8667,10.3333,1970-11-22,2.53999994322658,7.2899998370558,4.91499989014119,1970,11,1971
51.8667,10.3333,1970-11-23,0.699999984353781,5.09999988600612,2.89999993517995,1970,11,1971
51.8667,10.3333,1970-11-24,0.559999987483025,5.36999987997115,2.96499993372709,1970,11,1971
51.8667,10.3333,1970-11-25,0.759999983012676,9.61999978497624,5.18999988399446,1970,11,1971
51.8667,10.3333,1970-11-26,1.80999995954335,10.9999997541308,6.40499985683709,1970,11,1971
51.8667,10.3333,1970-11-27,2.19999995082617,10.4899997655302,6.3449998581782,1970,11,1971
51.8667,10.3333,1970-11-28,1.62999996356666,7.52999983169138,4.57999989762902,1970,11,1971
51.8667,10.3333,1970-11-29,1.68999996222556,9.36999979056418,5.52999987639487,1970,11,1971
51.8667,10.3333,1970-11-30,3.74999991618097,9.61999978497624,6.68499985057861,1970,11,1971
51.8667,10.3333,1970-12-01,5.83999986946583,9.6999997831881,7.76999982632697,1970,12,1971
51.8667,10.3333,1970-12-02,4.04999990947545,6.4899998549372,5.26999988220632,1970,12,1971
51.8667,10.3333,1970-12-03,3.20999992825091,4.69999989494681,3.95499991159886,1970,12,1971
51.8667,10.3333,1970-12-04,1.17999997362494,6.90999984554946,4.0449999095872,1970,12,1971
51.8667,10.3333,1970-12-05,-0.459999989718199,3.33999992534518,1.43999996781349,1970,12,1971
51.8667,10.3333,1970-12-06,2.1799999512732,5.7999998703599,3.98999991081655,1970,12,1971
51.8667,10.3333,1970-12-07,2.22999995015562,4.66999989561737,3.44999992288649,1970,12,1971
51.8667,10.3333,1970-12-08,1.44999996758997,3.48999992199242,2.4699999447912,1970,12,1971
51.8667,10.3333,1970-12-09,-0.709999984130263,3.71999991685152,1.50499996636063,1970,12,1971
51.8667,10.3333,1970-12-10,1.09999997541308,4.45999990031123,2.77999993786216,1970,12,1971
51.8667,10.3333,1970-12-11,2.39999994635582,5.45999987795949,3.92999991215765,1970,12,1971
51.8667,10.3333,1970-12-12,0.699999984353781,5.12999988533556,2.91499993484467,1970,12,1971
51.8667,10.3333,1970-12-13,-1.6099999640137,5.12999988533556,1.75999996066093,1970,12,1971
51.8667,10.3333,1970-12-14,0.0899999979883432,5.13999988511205,2.6149999415502,1970,12,1971
51.8667,10.3333,1970-12-15,0.429999990388751,3.45999992266297,1.94499995652586,1970,12,1971
51.8667,10.3333,1970-12-16,-0.519999988377094,2.2399999499321,0.859999980777502,1970,12,1971
51.8667,10.3333,1970-12-17,-0.459999989718199,2.75999993830919,1.1499999742955,1970,12,1971
51.8667,10.3333,1970-12-18,-2.36999994702637,0.57999998703599,-0.894999979995191,1970,12,1971
51.8667,10.3333,1970-12-19,-1.5499999653548,1.36999996937811,-0.0899999979883432,1970,12,1971
51.8667,10.3333,1970-12-20,-0.469999989494681,2.51999994367361,1.02499997708946,1970,12,1971
51.8667,10.3333,1970-12-21,1.65999996289611,4.60999989695847,3.13499992992729,1970,12,1971
51.8667,10.3333,1970-12-22,-2.10999995283782,3.1599999293685,0.524999988265336,1970,12,1971
51.8667,10.3333,1970-12-23,-4.89999989047647,-1.80999995954335,-3.35499992500991,1970,12,1971
51.8667,10.3333,1970-12-24,-9.22999979369342,-3.67999991774559,-6.45499985571951,1970,12,1971
51.8667,10.3333,1970-12-25,-7.14999984018505,-4.83999989181757,-5.99499986600131,1970,12,1971
51.8667,10.3333,1970-12-26,-6.37999985739589,-4.09999990835786,-5.23999988287687,1970,12,1971
51.8667,10.3333,1970-12-27,-9.20999979414046,-5.60999987460673,-7.40999983437359,1970,12,1971
51.8667,10.3333,1970-12-28,-11.7599997371435,-6.76999984867871,-9.26499979291111,1970,12,1971
51.8667,10.3333,1970-12-29,-9.00999979861081,-4.52999989874661,-6.76999984867871,1970,12,1971
51.8667,10.3333,1970-12-30,-6.45999985560775,-4.10999990813434,-5.28499988187104,1970,12,1971
51.8667,10.3333,1970-12-31,-7.46999983303249,-3.93999991193414,-5.70499987248331,1970,12,1971
51.8667,10.3333,1971-01-01,-12.8499997127801,-5.91999986767769,-9.3849997902289,1971,1,1971
51.8667,10.3333,1971-01-02,-16.9899996202439,-7.85999982431531,-12.4249997222796,1971,1,1971
51.8667,10.3333,1971-01-03,-10.4899997655302,-6.70999985001981,-8.59999980777502,1971,1,1971
51.8667,10.3333,1971-01-04,-10.1499997731298,-5.82999986968935,-7.98999982140958,1971,1,1971
51.8667,10.3333,1971-01-05,-12.5899997185916,-7.04999984242022,-9.8199997805059,1971,1,1971
51.8667,10.3333,1971-01-06,-13.7499996926636,-5.65999987348914,-9.70499978307635,1971,1,1971
51.8667,10.3333,1971-01-07,-15.2999996580184,-4.20999990589917,-9.75499978195876,1971,1,1971
51.8667,10.3333,1971-01-08,-10.1599997729063,-0.589999986812472,-5.37499987985939,1971,1,1971
51.8667,10.3333,1971-01-09,-2.18999995104969,3.07999993115664,0.444999990053475,1971,1,1971
51.8667,10.3333,1971-01-10,-0.389999991282821,5.49999987706542,2.5549999428913,1971,1,1971
51.8667,10.3333,1971-01-11,-2.38999994657934,7.91999982297421,2.76499993819743,1971,1,1971
51.8667,10.3333,1971-01-12,-0.409999990835786,7.69999982789159,3.6449999185279,1971,1,1971
51.8667,10.3333,1971-01-13,-2.55999994277954,5.66999987326562,1.55499996524304,1971,1,1971
51.8667,10.3333,1971-01-14,-3.52999992109835,5.77999987080693,1.12499997485429,1971,1,1971
51.8667,10.3333,1971-01-15,-3.19999992847443,5.83999986946583,1.3199999704957,1971,1,1971
51.8667,10.3333,1971-01-16,-4.35999990254641,3.5599999204278,-0.399999991059303,1971,1,1971
51.8667,10.3333,1971-01-17,-0.0299999993294477,2.37999994680285,1.1749999737367,1971,1,1971
51.8667,10.3333,1971-01-18,-0.139999996870756,2.25999994948506,1.05999997630715,1971,1,1971
51.8667,10.3333,1971-01-19,-3.04999993182719,3.27999992668629,0.11499999742955,1971,1,1971
51.8667,10.3333,1971-01-20,-0.489999989047647,3.0399999320507,1.27499997150153,1971,1,1971
51.8667,10.3333,1971-01-21,1.43999996781349,4.15999990701675,2.79999993741512,1971,1,1971
51.8667,10.3333,1971-01-22,-0.339999992400408,3.0999999307096,1.3799999691546,1971,1,1971
51.8667,10.3333,1971-01-23,-0.869999980553985,4.45999990031123,1.79499995987862,1971,1,1971
51.8667,10.3333,1971-01-24,1.73999996110797,4.78999989293516,3.26499992702156,1971,1,1971
51.8667,10.3333,1971-01-25,2.29999994859099,7.9799998216331,5.13999988511205,1971,1,1971
51.8667,10.3333,1971-01-26,1.47999996691942,5.99999986588955,3.73999991640449,1971,1,1971
51.8667,10.3333,1971-01-27,3.63999991863966,5.78999987058342,4.71499989461154,1971,1,1971
51.8667,10.3333,1971-01-28,4.37999990209937,7.01999984309077,5.69999987259507,1971,1,1971
51.8667,10.3333,1971-01-29,2.05999995395541,4.72999989427626,3.39499992411584,1971,1,1971
51.8667,10.3333,1971-01-30,1.26999997161329,4.17999990656972,2.7249999390915,1971,1,1971
51.8667,10.3333,1971-01-31,-1.00999997742474,5.42999987863004,2.20999995060265,1971,1,1971
51.8667,10.3333,1971-02-01,1.0899999756366,11.5499997418374,6.31999985873699,1971,2,1971
51.8667,10.3333,1971-02-02,-4.48999989964068,3.34999992512167,-0.569999987259507,1971,2,1971
51.8667,10.3333,1971-02-03,-7.45999983325601,-0.869999980553985,-4.164999906905,1971,2,1971
51.8667,10.3333,1971-02-04,-3.48999992199242,2.33999994769692,-0.574999987147748,1971,2,1971
51.8667,10.3333,1971-02-05,-0.829999981448054,4.21999990567565,1.6949999621138,1971,2,1971
51.8667,10.3333,1971-02-06,1.16999997384846,4.10999990813434,2.6399999409914,1971,2,1971
51.8667,10.3333,1971-02-07,-0.0799999982118607,2.61999994143844,1.26999997161329,1971,2,1971
51.8667,10.3333,1971-02-08,-0.119999997317791,1.78999995999038,0.834999981336296,1971,2,1971
51.8667,10.3333,1971-02-09,1.23999997228384,4.7099998947233,2.97499993350357,1971,2,1971
51.8667,10.3333,1971-02-10,1.6099999640137,4.66999989561737,3.13999992981553,1971,2,1971
51.8667,10.3333,1971-02-11,-0.649999985471368,4.05999990925193,1.70499996189028,1971,2,1971
51.8667,10.3333,1971-02-12,-2.83999993652105,2.13999995216727,-0.34999999217689,1971,2,1971
51.8667,10.3333,1971-02-13,-2.33999994769692,3.22999992780387,0.444999990053475,1971,2,1971
51.8667,10.3333,1971-02-14,0.92999997921288,4.75999989360571,2.84499993640929,1971,2,1971
51.8667,10.3333,1971-02-15,-0.489999989047647,2.10999995283782,0.809999981895089,1971,2,1971
51.8667,10.3333,1971-02-16,-0.549999987706542,3.87999991327524,1.66499996278435,1971,2,1971
51.8667,10.3333,1971-02-17,0.389999991282821,5.7999998703599,3.09499993082136,1971,2,1971
51.8667,10.3333,1971-02-18,-0.34999999217689,2.98999993316829,1.3199999704957,1971,2,1971
51.8667,10.3333,1971-02-19,-1.09999997541308,3.10999993048608,1.0049999775365,1971,2,1971
51.8667,10.3333,1971-02-20,-0.30999999307096,2.74999993853271,1.21999997273088,1971,2,1971
51.8667,10.3333,1971-02-21,-2.03999995440245,2.57999994233251,0.26999999396503,1971,2,1971
51.8667,10.3333,1971-02-22,-1.4899999666959,1.33999997004867,-0.0749999983236194,1971,2,1971
51.8667,10.3333,1971-02-23,0.459999989718199,3.04999993182719,1.75499996077269,1971,2,1971
51.8667,10.3333,1971-02-24,-1.41999996826053,1.24999997206032,-0.0849999981001019,1971,2,1971
51.8667,10.3333,1971-02-25,-3.37999992445111,2.26999994926155,-0.554999987594783,1971,2,1971
51.8667,10.3333,1971-02-26,-0.249999994412065,2.54999994300306,1.1499999742955,1971,2,1971
51.8667,10.3333,1971-02-27,-8.86999980174005,0.119999997317791,-4.37499990221113,1971,2,1971
51.8667,10.3333,1971-02-28,-10.1299997735769,-6.27999985963106,-8.20499981660396,1971,2,1971
51.8667,10.3333,1971-03-01,-8.68999980576336,-5.83999986946583,-7.2649998376146,1971,3,1971
51.8667,10.3333,1971-03-02,-7.96999982185662,-4.8799998909235,-6.42499985639006,1971,3,1971
51.8667,10.3333,1971-03-03,-10.4899997655302,-4.57999989762902,-7.53499983157963,1971,3,1971
51.8667,10.3333,1971-03-04,-11.789999736473,-6.69999985024333,-9.24499979335815,1971,3,1971
51.8667,10.3333,1971-03-05,-12.9499997105449,-8.27999981492758,-10.6149997627363,1971,3,1971
51.8667,10.3333,1971-03-06,-15.8399996459484,-8.80999980308115,-12.3249997245148,1971,3,1971
51.8667,10.3333,1971-03-07,-18.5099995862693,-8.40999981202185,-13.4599996991456,1971,3,1971
51.8667,10.3333,1971-03-08,-11.3499997463077,-4.90999989025295,-8.12999981828034,1971,3,1971
51.8667,10.3333,1971-03-09,-11.0599997527897,-0.679999984800816,-5.86999986879528,1971,3,1971
51.8667,10.3333,1971-03-10,-2.20999995060265,1.00999997742474,-0.599999986588955,1971,3,1971
51.8667,10.3333,1971-03-11,-3.82999991439283,1.23999997228384,-1.29499997105449,1971,3,1971
51.8667,10.3333,1971-03-12,-4.92999988980591,-0.689999984577298,-2.80999993719161,1971,3,1971
51.8667,10.3333,1971-03-13,-11.7999997362494,-0.129999997094274,-5.96499986667186,1971,3,1971
51.8667,10.3333,1971-03-14,-1.26999997161329,4.51999989897013,1.62499996367842,1971,3,1971
51.8667,10.3333,1971-03-15,-1.03999997675419,8.65999980643392,3.80999991483986,1971,3,1971
51.8667,10.3333,1971-03-16,0.979999978095293,7.82999982498586,4.40499990154058,1971,3,1971
51.8667,10.3333,1971-03-17,0.0999999977648258,6.17999986186624,3.13999992981553,1971,3,1971
51.8667,10.3333,1971-03-18,0.0999999977648258,4.97999988868833,2.53999994322658,1971,3,1971
51.8667,10.3333,1971-03-19,1.4899999666959,8.81999980285764,5.15499988477677,1971,3,1971
51.8667,10.3333,1971-03-20,2.74999993853271,9.94999977760017,6.34999985806644,1971,3,1971
51.8667,10.3333,1971-03-21,0.30999999307096,10.4699997659773,5.38999987952411,1971,3,1971
51.8667,10.3333,1971-03-22,2.74999993853271,10.5199997648597,6.63499985169619,1971,3,1971
51.8667,10.3333,1971-03-23,-1.58999996446073,7.00999984331429,2.70999993942678,1971,3,1971
51.8667,10.3333,1971-03-24,-5.01999988779426,2.10999995283782,-1.45499996747822,1971,3,1971
51.8667,10.3333,1971-03-25,-2.009999955073,2.59999994188547,0.294999993406236,1971,3,1971
51.8667,10.3333,1971-03-26,2.13999995216727,5.88999986834824,4.01499991025776,1971,3,1971
51.8667,10.3333,1971-03-27,0.629999985918403,5.41999987885356,3.02499993238598,1971,3,1971
51.8667,10.3333,1971-03-28,-0.65999998524785,4.43999990075827,1.88999995775521,1971,3,1971
51.8667,10.3333,1971-03-29,-2.21999995037913,4.6499998960644,1.21499997284263,1971,3,1971
51.8667,10.3333,1971-03-30,-3.05999993160367,5.08999988622963,1.01499997731298,1971,3,1971
51.8667,10.3333,1971-03-31,-1.53999996557832,1.93999995663762,0.199999995529652,1971,3,1971
51.8667,10.3333,1971-04-01,0.419999990612268,3.33999992534518,1.87999995797873,1971,4,1971
51.8667,10.3333,1971-04-02,0.57999998703599,9.54999978654087,5.06499988678843,1971,4,1971
51.8667,10.3333,1971-04-03,0.189999995753169,9.91999977827072,5.05499988701195,1971,4,1971
51.8667,10.3333,1971-04-04,3.86999991349876,10.0399997755885,6.95499984454364,1971,4,1971
51.8667,10.3333,1971-04-05,1.10999997518957,13.179999705404,7.1449998402968,1971,4,1971
51.8667,10.3333,1971-04-06,3.69999991729856,13.1099997069687,8.40499981213361,1971,4,1971
51.8667,10.3333,1971-04-07,3.42999992333353,7.67999982833862,5.55499987583607,1971,4,1971
51.8667,10.3333,1971-04-08,3.29999992623925,11.3299997467548,7.31499983649701,1971,4,1971
51.8667,10.3333,1971-04-09,1.88999995775521,12.7999997138977,7.34499983582646,1971,4,1971
51.8667,10.3333,1971-04-10,3.06999993138015,13.1299997065216,8.09999981895089,1971,4,1971
51.8667,10.3333,1971-04-11,3.01999993249774,8.54999980889261,5.78499987069517,1971,4,1971
51.8667,10.3333,1971-04-12,2.62999994121492,6.46999985538423,4.54999989829957,1971,4,1971
51.8667,10.3333,1971-04-13,-0.57999998703599,10.0399997755885,4.72999989427626,1971,4,1971
51.8667,10.3333,1971-04-14,1.09999997541308,11.499999742955,6.29999985918403,1971,4,1971
51.8667,10.3333,1971-04-15,-0.57999998703599,12.5199997201562,5.9699998665601,1971,4,1971
51.8667,10.3333,1971-04-16,-0.449999989941716,16.059999641031,7.80499982554466,1971,4,1971
51.8667,10.3333,1971-04-17,3.35999992489815,17.799999602139,10.5799997635186,1971,4,1971
51.8667,10.3333,1971-04-18,-0.439999990165234,9.96999977715313,4.76499989349395,1971,4,1971
51.8667,10.3333,1971-04-19,-1.90999995730817,12.4199997223914,5.2549998825416,1971,4,1971
51.8667,10.3333,1971-04-20,1.04999997653067,16.9599996209145,9.00499979872257,1971,4,1971
51.8667,10.3333,1971-04-21,3.63999991863966,12.6799997165799,8.15999981760979,1971,4,1971
51.8667,10.3333,1971-04-22,2.02999995462596,14.6699996720999,8.34999981336296,1971,4,1971
51.8667,10.3333,1971-04-23,4.72999989427626,19.0999995730817,11.914999733679,1971,4,1971
51.8667,10.3333,1971-04-24,7.67999982833862,19.6299995612353,13.654999694787,1971,4,1971
51.8667,10.3333,1971-04-25,3.44999992288649,14.4699996765703,8.95999979972839,1971,4,1971
51.8667,10.3333,1971-04-26,-0.0499999988824129,4.20999990589917,2.07999995350838,1971,4,1971
51.8667,10.3333,1971-04-27,-1.99999995529652,5.66999987326562,1.83499995898455,1971,4,1971
51.8667,10.3333,1971-04-28,-1.88999995775521,2.07999995350838,0.0949999978765845,1971,4,1971
51.8667,10.3333,1971-04-29,-2.01999995484948,6.10999986343086,2.04499995429069,1971,4,1971
51.8667,10.3333,1971-04-30,-1.19999997317791,6.57999985292554,2.68999993987381,1971,4,1971
51.8667,10.3333,1971-05-01,-2.01999995484948,7.56999983079731,2.77499993797392,1971,5,NA
51.8667,10.3333,1971-05-02,-1.15999997407198,8.53999980911613,3.68999991752207,1971,5,NA
51.8667,10.3333,1971-05-03,-1.4899999666959,10.2699997704476,4.38999990187585,1971,5,NA
51.8667,10.3333,1971-05-04,-0.689999984577298,12.2999997250736,5.80499987024814,1971,5,NA
51.8667,10.3333,1971-05-05,0.469999989494681,14.2099996823817,7.33999983593822,1971,5,NA
51.8667,10.3333,1971-05-06,4.05999990925193,14.1699996832758,9.11499979626387,1971,5,NA
51.8667,10.3333,1971-05-07,6.53999985381961,14.8199996687472,10.6799997612834,1971,5,NA
51.8667,10.3333,1971-05-08,4.65999989584088,16.4499996323138,10.5549997640774,1971,5,NA
51.8667,10.3333,1971-05-09,6.89999984577298,18.3699995893985,12.6349997175857,1971,5,NA
51.8667,10.3333,1971-05-10,9.07999979704618,22.4799994975328,15.7799996472895,1971,5,NA
51.8667,10.3333,1971-05-11,8.64999980665743,16.5299996305257,12.5899997185916,1971,5,NA
51.8667,10.3333,1971-05-12,6.44999985583127,21.2899995241314,13.8699996899813,1971,5,NA
51.8667,10.3333,1971-05-13,10.2999997697771,23.9599994644523,17.1299996171147,1971,5,NA
51.8667,10.3333,1971-05-14,11.9499997328967,22.7399994917214,17.344999612309,1971,5,NA
51.8667,10.3333,1971-05-15,10.4699997659773,20.0899995509535,15.2799996584654,1971,5,NA
51.8667,10.3333,1971-05-16,10.7299997601658,20.8699995335191,15.7999996468425,1971,5,NA
51.8667,10.3333,1971-05-17,9.41999978944659,20.2999995462596,14.8599996678531,1971,5,NA
51.8667,10.3333,1971-05-18,13.0299997087568,25.7099994253367,19.3699995670468,1971,5,NA
51.8667,10.3333,1971-05-19,11.5299997422844,25.4199994318187,18.4749995870516,1971,5,NA
51.8667,10.3333,1971-05-20,12.4699997212738,22.0999995060265,17.2849996136501,1971,5,NA
51.8667,10.3333,1971-05-21,11.5799997411668,19.3099995683879,15.4449996547773,1971,5,NA
51.8667,10.3333,1971-05-22,9.55999978631735,16.3099996354431,12.9349997108802,1971,5,NA
51.8667,10.3333,1971-05-23,7.76999982632697,15.9099996443838,11.8399997353554,1971,5,NA
51.8667,10.3333,1971-05-24,8.29999981448054,13.8499996904284,11.0749997524545,1971,5,NA
51.8667,10.3333,1971-05-25,6.49999985471368,9.42999978922307,7.96499982196838,1971,5,NA
51.8667,10.3333,1971-05-26,7.02999984286726,11.6999997384846,9.36499979067594,1971,5,NA
51.8667,10.3333,1971-05-27,8.06999981962144,11.4899997431785,9.77999978139997,1971,5,NA
51.8667,10.3333,1971-05-28,8.6699998062104,18.3299995902926,13.4999996982515,1971,5,NA
51.8667,10.3333,1971-05-29,10.1499997731298,15.2399996593595,12.6949997162446,1971,5,NA
51.8667,10.3333,1971-05-30,7.8099998254329,13.7699996922165,10.7899997588247,1971,5,NA
51.8667,10.3333,1971-05-31,5.68999987281859,16.2099996376783,10.9499997552484,1971,5,NA
51.8667,10.3333,1971-06-01,9.97999977692962,18.8599995784461,14.4199996776879,1971,6,NA
51.8667,10.3333,1971-06-02,12.7199997156858,22.0499995071441,17.384999611415,1971,6,NA
51.8667,10.3333,1971-06-03,11.9699997324497,23.9899994637817,17.9799995981157,1971,6,NA
51.8667,10.3333,1971-06-04,11.8399997353554,22.8099994901568,17.3249996127561,1971,6,NA
51.8667,10.3333,1971-06-05,11.6099997404963,21.9599995091558,16.784999624826,1971,6,NA
51.8667,10.3333,1971-06-06,10.1399997733533,19.6299995612353,14.8849996672943,1971,6,NA
51.8667,10.3333,1971-06-07,10.9299997556955,17.219999615103,14.0749996853992,1971,6,NA
51.8667,10.3333,1971-06-08,10.5599997639656,17.3799996115267,13.9699996877462,1971,6,NA
51.8667,10.3333,1971-06-09,9.5299997869879,17.0399996191263,13.2849997030571,1971,6,NA
51.8667,10.3333,1971-06-10,9.39999978989363,17.489999609068,13.4449996994808,1971,6,NA
51.8667,10.3333,1971-06-11,11.1399997510016,15.4299996551126,13.2849997030571,1971,6,NA
51.8667,10.3333,1971-06-12,10.6199997626245,15.8699996452779,13.2449997039512,1971,6,NA
51.8667,10.3333,1971-06-13,8.28999981470406,11.8299997355789,10.0599997751415,1971,6,NA
51.8667,10.3333,1971-06-14,7.62999982945621,14.0199996866286,10.8249997580424,1971,6,NA
51.8667,10.3333,1971-06-15,7.83999982476234,17.8799996003509,12.8599997125566,1971,6,NA
51.8667,10.3333,1971-06-16,9.36999979056418,14.8699996676296,12.1199997290969,1971,6,NA
51.8667,10.3333,1971-06-17,5.40999987907708,11.0899997521192,8.24999981559813,1971,6,NA
51.8667,10.3333,1971-06-18,6.05999986454844,11.8999997340143,8.97999979928136,1971,6,NA
51.8667,10.3333,1971-06-19,5.37999987974763,11.9599997326732,8.6699998062104,1971,6,NA
51.8667,10.3333,1971-06-20,5.91999986767769,9.61999978497624,7.76999982632697,1971,6,NA
51.8667,10.3333,1971-06-21,7.24999983794987,11.7399997375906,9.49499978777021,1971,6,NA
51.8667,10.3333,1971-06-22,8.42999981157482,12.1399997286499,10.2849997701123,1971,6,NA
51.8667,10.3333,1971-06-23,8.10999981872737,13.2099997047335,10.6599997617304,1971,6,NA
51.8667,10.3333,1971-06-24,8.10999981872737,13.6699996944517,10.8899997565895,1971,6,NA
51.8667,10.3333,1971-06-25,4.39999990165234,17.6899996045977,11.044999753125,1971,6,NA
51.8667,10.3333,1971-06-26,7.64999982900918,21.7799995131791,14.7149996710941,1971,6,NA
51.8667,10.3333,1971-06-27,12.5399997197092,22.3299995008856,17.4349996102974,1971,6,NA
51.8667,10.3333,1971-06-28,9.54999978654087,17.0899996180087,13.3199997022748,1971,6,NA
51.8667,10.3333,1971-06-29,6.72999984957278,15.3799996562302,11.0549997529015,1971,6,NA
51.8667,10.3333,1971-06-30,7.36999983526766,13.6999996937811,10.5349997645244,1971,6,NA
51.8667,10.3333,1971-07-01,5.37999987974763,13.2499997038394,9.31499979179353,1971,7,NA
51.8667,10.3333,1971-07-02,6.54999985359609,15.9799996428192,11.2649997482076,1971,7,NA
51.8667,10.3333,1971-07-03,4.46999990008771,17.779999602586,11.1249997513369,1971,7,NA
51.8667,10.3333,1971-07-04,7.48999983258545,17.9799995981157,12.7349997153506,1971,7,NA
51.8667,10.3333,1971-07-05,8.91999980062246,21.509999519214,15.2149996599182,1971,7,NA
51.8667,10.3333,1971-07-06,7.93999982252717,21.509999519214,14.7249996708706,1971,7,NA
51.8667,10.3333,1971-07-07,7.92999982275069,23.5099994745106,15.7199996486306,1971,7,NA
51.8667,10.3333,1971-07-08,9.24999979324639,22.4799994975328,15.8649996453896,1971,7,NA
51.8667,10.3333,1971-07-09,10.5199997648597,25.0299994405359,17.7749996026978,1971,7,NA
51.8667,10.3333,1971-07-10,12.2599997259676,26.5999994054437,19.4299995657057,1971,7,NA
51.8667,10.3333,1971-07-11,14.6999996714294,25.8299994226545,20.264999547042,1971,7,NA
51.8667,10.3333,1971-07-12,12.9799997098744,23.8899994660169,18.4349995879456,1971,7,NA
51.8667,10.3333,1971-07-13,10.4699997659773,23.8699994664639,17.1699996162206,1971,7,NA
51.8667,10.3333,1971-07-14,7.21999983862042,17.529999608174,12.3749997233972,1971,7,NA
51.8667,10.3333,1971-07-15,7.03999984264374,15.9099996443838,11.4749997435138,1971,7,NA
51.8667,10.3333,1971-07-16,10.3099997695535,17.5399996079504,13.924999688752,1971,7,NA
51.8667,10.3333,1971-07-17,10.2099997717887,15.5799996517599,12.8949997117743,1971,7,NA
51.8667,10.3333,1971-07-18,4.9399998895824,14.9999996647239,9.96999977715313,1971,7,NA
51.8667,10.3333,1971-07-19,2.95999993383884,15.5699996519834,9.26499979291111,1971,7,NA
51.8667,10.3333,1971-07-20,4.55999989807606,15.5699996519834,10.0649997750297,1971,7,NA
51.8667,10.3333,1971-07-21,3.5599999204278,16.059999641031,9.80999978072941,1971,7,NA
51.8667,10.3333,1971-07-22,6.04999986477196,18.7599995806813,12.4049997227266,1971,7,NA
51.8667,10.3333,1971-07-23,9.48999978788197,19.2399995699525,14.3649996789172,1971,7,NA
51.8667,10.3333,1971-07-24,10.029999775812,24.9599994421005,17.4949996089563,1971,7,NA
51.8667,10.3333,1971-07-25,13.6399996951222,22.1499995049089,17.8949996000156,1971,7,NA
51.8667,10.3333,1971-07-26,13.6299996953458,26.5499994065613,20.0899995509535,1971,7,NA
51.8667,10.3333,1971-07-27,14.7799996696413,24.7699994463474,19.7749995579943,1971,7,NA
51.8667,10.3333,1971-07-28,13.1399997062981,29.8699993323535,21.5049995193258,1971,7,NA
51.8667,10.3333,1971-07-29,14.4399996772408,23.1099994834512,18.774999580346,1971,7,NA
51.8667,10.3333,1971-07-30,12.8199997134507,20.949999531731,16.8849996225908,1971,7,NA
51.8667,10.3333,1971-07-31,10.7899997588247,21.1899995263666,15.9899996425956,1971,7,NA
51.8667,10.3333,1971-08-01,11.169999750331,29.1999993473291,20.1849995488301,1971,8,NA
51.8667,10.3333,1971-08-02,14.4499996770173,22.979999486357,18.7149995816872,1971,8,NA
51.8667,10.3333,1971-08-03,14.4399996772408,25.3399994336069,19.8899995554239,1971,8,NA
51.8667,10.3333,1971-08-04,13.9699996877462,30.4999993182719,22.234999503009,1971,8,NA
51.8667,10.3333,1971-08-05,13.2899997029454,22.0799995064735,17.6849996047094,1971,8,NA
51.8667,10.3333,1971-08-06,10.6799997612834,22.939999487251,16.8099996242672,1971,8,NA
51.8667,10.3333,1971-08-07,11.4899997431785,25.3899994324893,18.4399995878339,1971,8,NA
51.8667,10.3333,1971-08-08,14.2499996814877,23.1099994834512,18.6799995824695,1971,8,NA
51.8667,10.3333,1971-08-09,11.0399997532368,19.9299995545298,15.4849996538833,1971,8,NA
51.8667,10.3333,1971-08-10,8.56999980844557,21.1299995277077,14.8499996680766,1971,8,NA
51.8667,10.3333,1971-08-11,12.8199997134507,25.1399994380772,18.9799995757639,1971,8,NA
51.8667,10.3333,1971-08-12,13.8199996910989,22.3299995008856,18.0749995959923,1971,8,NA
51.8667,10.3333,1971-08-13,11.5499997418374,17.5799996070564,14.5649996744469,1971,8,NA
51.8667,10.3333,1971-08-14,11.7999997362494,21.3399995230138,16.5699996296316,1971,8,NA
51.8667,10.3333,1971-08-15,12.5499997194856,26.2099994141608,19.3799995668232,1971,8,NA
51.8667,10.3333,1971-08-16,13.4799996986985,22.8999994881451,18.1899995934218,1971,8,NA
51.8667,10.3333,1971-08-17,9.09999979659915,17.7299996037036,13.4149997001514,1971,8,NA
51.8667,10.3333,1971-08-18,5.15999988466501,20.6299995388836,12.8949997117743,1971,8,NA
51.8667,10.3333,1971-08-19,8.56999980844557,25.4999994300306,17.0349996192381,1971,8,NA
51.8667,10.3333,1971-08-20,12.3899997230619,29.5399993397295,20.9649995313957,1971,8,NA
51.8667,10.3333,1971-08-21,15.7999996468425,29.0699993502349,22.4349994985387,1971,8,NA
51.8667,10.3333,1971-08-22,13.7399996928871,22.4699994977564,18.1049995953217,1971,8,NA
51.8667,10.3333,1971-08-23,13.6999996937811,18.5299995858222,16.1149996398017,1971,8,NA
51.8667,10.3333,1971-08-24,10.5599997639656,17.7099996041507,14.1349996840581,1971,8,NA
51.8667,10.3333,1971-08-25,6.73999984934926,14.7999996691942,10.7699997592717,1971,8,NA
51.8667,10.3333,1971-08-26,5.70999987237155,18.2299995925277,11.9699997324497,1971,8,NA
51.8667,10.3333,1971-08-27,8.06999981962144,19.0099995750934,13.5399996973574,1971,8,NA
51.8667,10.3333,1971-08-28,11.1099997516721,16.929999621585,14.0199996866286,1971,8,NA
51.8667,10.3333,1971-08-29,8.63999980688095,14.899999666959,11.76999973692,1971,8,NA
51.8667,10.3333,1971-08-30,12.8199997134507,18.2299995925277,15.5249996529892,1971,8,NA
51.8667,10.3333,1971-08-31,11.479999743402,17.0399996191263,14.2599996812642,1971,8,NA
51.8667,10.3333,1971-09-01,9.31999979168177,14.899999666959,12.1099997293204,1971,9,NA
51.8667,10.3333,1971-09-02,8.51999980956316,16.7799996249378,12.6499997172505,1971,9,NA
51.8667,10.3333,1971-09-03,9.54999978654087,16.6799996271729,13.1149997068569,1971,9,NA
51.8667,10.3333,1971-09-04,7.37999983504415,19.4899995643646,13.4349996997043,1971,9,NA
51.8667,10.3333,1971-09-05,9.42999978922307,18.9299995768815,14.1799996830523,1971,9,NA
51.8667,10.3333,1971-09-06,8.22999981604517,15.4499996546656,11.8399997353554,1971,9,NA
51.8667,10.3333,1971-09-07,7.16999983973801,15.1999996602535,11.1849997499958,1971,9,NA
51.8667,10.3333,1971-09-08,3.02999993227422,16.5999996289611,9.81499978061765,1971,9,NA
51.8667,10.3333,1971-09-09,4.96999988891184,16.5399996303022,10.754999759607,1971,9,NA
51.8667,10.3333,1971-09-10,5.76999987103045,13.2899997029454,9.5299997869879,1971,9,NA
51.8667,10.3333,1971-09-11,7.10999984107912,10.6599997617304,8.88499980140477,1971,9,NA
51.8667,10.3333,1971-09-12,5.28999988175929,12.6899997163564,8.98999979905784,1971,9,NA
51.8667,10.3333,1971-09-13,5.15999988466501,12.0099997315556,8.5849998081103,1971,9,NA
51.8667,10.3333,1971-09-14,6.92999984510243,13.2899997029454,10.1099997740239,1971,9,NA
51.8667,10.3333,1971-09-15,5.24999988265336,10.8199997581542,8.03499982040375,1971,9,NA
51.8667,10.3333,1971-09-16,1.45999996736646,10.0599997751415,5.75999987125397,1971,9,NA
51.8667,10.3333,1971-09-17,-0.279999993741512,10.4899997655302,5.10499988589436,1971,9,NA
51.8667,10.3333,1971-09-18,2.66999994032085,11.8299997355789,7.24999983794987,1971,9,NA
51.8667,10.3333,1971-09-19,4.65999989584088,9.89999977871776,7.27999983727932,1971,9,NA
51.8667,10.3333,1971-09-20,6.50999985449016,13.3499997016042,9.9299997780472,1971,9,NA
51.8667,10.3333,1971-09-21,5.24999988265336,17.19999961555,11.2249997491017,1971,9,NA
51.8667,10.3333,1971-09-22,5.26999988220632,18.8399995788932,12.0549997305498,1971,9,NA
51.8667,10.3333,1971-09-23,6.1999998614192,20.4599995426834,13.3299997020513,1971,9,NA
51.8667,10.3333,1971-09-24,8.12999981828034,22.3299995008856,15.229999659583,1971,9,NA
51.8667,10.3333,1971-09-25,9.42999978922307,16.6299996282905,13.0299997087568,1971,9,NA
51.8667,10.3333,1971-09-26,6.27999985963106,13.3699997011572,9.82499978039414,1971,9,NA
51.8667,10.3333,1971-09-27,3.93999991193414,11.1099997516721,7.52499983180314,1971,9,NA
51.8667,10.3333,1971-09-28,3.16999992914498,15.6499996501952,9.40999978967011,1971,9,NA
51.8667,10.3333,1971-09-29,8.68999980576336,14.2099996823817,11.4499997440726,1971,9,NA
51.8667,10.3333,1971-09-30,6.51999985426664,11.5499997418374,9.03499979805201,1971,9,NA
51.8667,10.3333,1971-10-01,5.45999987795949,15.519999653101,10.4899997655302,1971,10,1972
51.8667,10.3333,1971-10-02,8.21999981626868,16.099999640137,12.1599997282028,1971,10,1972
51.8667,10.3333,1971-10-03,7.72999982722104,20.679999537766,14.2049996824935,1971,10,1972
51.8667,10.3333,1971-10-04,7.44999983347952,19.9699995536357,13.7099996935576,1971,10,1972
51.8667,10.3333,1971-10-05,4.92999988980591,12.369999723509,8.64999980665743,1971,10,1972
51.8667,10.3333,1971-10-06,-0.569999987259507,9.22999979369342,4.32999990321696,1971,10,1972
51.8667,10.3333,1971-10-07,-1.86999995820224,11.3899997454137,4.75999989360571,1971,10,1972
51.8667,10.3333,1971-10-08,3.34999992512167,15.6299996506423,9.48999978788197,1971,10,1972
51.8667,10.3333,1971-10-09,6.74999984912574,15.4699996542186,11.1099997516721,1971,10,1972
51.8667,10.3333,1971-10-10,5.2799998819828,13.2599997036159,9.26999979279935,1971,10,1972
51.8667,10.3333,1971-10-11,8.85999980196357,14.2399996817112,11.5499997418374,1971,10,1972
51.8667,10.3333,1971-10-12,9.8199997805059,16.3399996347725,13.0799997076392,1971,10,1972
51.8667,10.3333,1971-10-13,8.72999980486929,16.6199996285141,12.6749997166917,1971,10,1972
51.8667,10.3333,1971-10-14,5.08999988622963,12.6999997161329,8.89499980118126,1971,10,1972
51.8667,10.3333,1971-10-15,0.599999986588955,5.2799998819828,2.93999993428588,1971,10,1972
51.8667,10.3333,1971-10-16,-2.55999994277954,5.32999988086522,1.38499996904284,1971,10,1972
51.8667,10.3333,1971-10-17,-3.02999993227422,6.08999986387789,1.52999996580184,1971,10,1972
51.8667,10.3333,1971-10-18,-0.839999981224537,7.69999982789159,3.42999992333353,1971,10,1972
51.8667,10.3333,1971-10-19,4.10999990813434,12.2699997257441,8.18999981693923,1971,10,1972
51.8667,10.3333,1971-10-20,10.8499997574836,14.9699996653944,12.909999711439,1971,10,1972
51.8667,10.3333,1971-10-21,6.76999984867871,13.2399997040629,10.0049997763708,1971,10,1972
51.8667,10.3333,1971-10-22,4.78999989293516,9.83999978005886,7.31499983649701,1971,10,1972
51.8667,10.3333,1971-10-23,8.12999981828034,13.8999996893108,11.0149997537956,1971,10,1972
51.8667,10.3333,1971-10-24,8.45999981090426,15.20999966003,11.8349997354671,1971,10,1972
51.8667,10.3333,1971-10-25,6.86999984644353,17.9099995996803,12.3899997230619,1971,10,1972
51.8667,10.3333,1971-10-26,6.28999985940754,13.21999970451,9.75499978195876,1971,10,1972
51.8667,10.3333,1971-10-27,2.42999994568527,8.69999980553985,5.56499987561256,1971,10,1972
51.8667,10.3333,1971-10-28,-1.27999997138977,8.8399998024106,3.77999991551042,1971,10,1972
51.8667,10.3333,1971-10-29,-1.66999996267259,9.15999979525805,3.74499991629273,1971,10,1972
51.8667,10.3333,1971-10-30,-0.919999979436398,11.0899997521192,5.08499988634139,1971,10,1972
51.8667,10.3333,1971-10-31,-0.419999990612268,10.4499997664243,5.01499988790601,1971,10,1972
51.8667,10.3333,1971-11-01,-0.549999987706542,6.63999985158443,3.04499993193895,1971,11,1972
51.8667,10.3333,1971-11-02,4.30999990366399,7.40999983437359,5.85999986901879,1971,11,1972
51.8667,10.3333,1971-11-03,6.77999984845519,9.96999977715313,8.37499981280416,1971,11,1972
51.8667,10.3333,1971-11-04,6.33999985828996,8.68999980576336,7.51499983202666,1971,11,1972
51.8667,10.3333,1971-11-05,6.2599998600781,12.6299997176975,9.4449997888878,1971,11,1972
51.8667,10.3333,1971-11-06,4.77999989315867,11.7999997362494,8.28999981470406,1971,11,1972
51.8667,10.3333,1971-11-07,5.35999988019466,10.029999775812,7.69499982800335,1971,11,1972
51.8667,10.3333,1971-11-08,2.21999995037913,6.12999986298382,4.17499990668148,1971,11,1972
51.8667,10.3333,1971-11-09,1.0899999756366,3.56999992020428,2.32999994792044,1971,11,1972
51.8667,10.3333,1971-11-10,0.629999985918403,3.66999991796911,2.14999995194376,1971,11,1972
51.8667,10.3333,1971-11-11,-1.15999997407198,2.05999995395541,0.449999989941716,1971,11,1972
51.8667,10.3333,1971-11-12,-3.82999991439283,0.679999984800816,-1.57499996479601,1971,11,1972
51.8667,10.3333,1971-11-13,-7.25999983772635,1.28999997116625,-2.98499993328005,1971,11,1972
51.8667,10.3333,1971-11-14,-2.55999994277954,2.52999994345009,-0.0149999996647239,1971,11,1972
51.8667,10.3333,1971-11-15,1.39999996870756,5.05999988690019,3.22999992780387,1971,11,1972
51.8667,10.3333,1971-11-16,3.18999992869794,5.74999987147748,4.46999990008771,1971,11,1972
51.8667,10.3333,1971-11-17,4.32999990321696,6.60999985225499,5.46999987773597,1971,11,1972
51.8667,10.3333,1971-11-18,-0.599999986588955,5.61999987438321,2.50999994389713,1971,11,1972
51.8667,10.3333,1971-11-19,-1.27999997138977,7.5199998319149,3.11999993026257,1971,11,1972
51.8667,10.3333,1971-11-20,-5.57999987527728,-0.649999985471368,-3.11499993037432,1971,11,1972
51.8667,10.3333,1971-11-21,-9.94999977760017,-2.24999994970858,-6.09999986365438,1971,11,1972
51.8667,10.3333,1971-11-22,-5.19999988377094,-0.319999992847443,-2.75999993830919,1971,11,1972
51.8667,10.3333,1971-11-23,-1.43999996781349,0.989999977871776,-0.224999994970858,1971,11,1972
51.8667,10.3333,1971-11-24,-1.62999996356666,-0.30999999307096,-0.96999997831881,1971,11,1972
51.8667,10.3333,1971-11-25,-4.53999989852309,-1.22999997250736,-2.88499993551522,1971,11,1972
51.8667,10.3333,1971-11-26,-5.81999986991286,-0.139999996870756,-2.97999993339181,1971,11,1972
51.8667,10.3333,1971-11-27,-0.219999995082617,3.58999991975725,1.68499996233732,1971,11,1972
51.8667,10.3333,1971-11-28,0.339999992400408,4.26999990455806,2.30499994847924,1971,11,1972
51.8667,10.3333,1971-11-29,-0.0799999982118607,4.4799998998642,2.19999995082617,1971,11,1972
51.8667,10.3333,1971-11-30,-0.429999990388751,2.16999995149672,0.869999980553985,1971,11,1972
51.8667,10.3333,1971-12-01,0.719999983906746,4.05999990925193,2.38999994657934,1971,12,1972
51.8667,10.3333,1971-12-02,-0.329999992623925,1.41999996826053,0.544999987818301,1971,12,1972
51.8667,10.3333,1971-12-03,-0.399999991059303,0.769999982789159,0.184999995864928,1971,12,1972
51.8667,10.3333,1971-12-04,-0.979999978095293,0.899999979883432,-0.0399999991059303,1971,12,1972
51.8667,10.3333,1971-12-05,-1.87999995797873,1.85999995842576,-0.00999999977648258,1971,12,1972
51.8667,10.3333,1971-12-06,1.50999996624887,5.03999988734722,3.27499992679805,1971,12,1972
51.8667,10.3333,1971-12-07,3.05999993160367,5.47999987751245,4.26999990455806,1971,12,1972
51.8667,10.3333,1971-12-08,1.92999995686114,4.6499998960644,3.28999992646277,1971,12,1972
51.8667,10.3333,1971-12-09,-5.09999988600612,3.47999992221594,-0.809999981895089,1971,12,1972
51.8667,10.3333,1971-12-10,-7.79999982565641,-0.719999983906746,-4.25999990478158,1971,12,1972
51.8667,10.3333,1971-12-11,-0.789999982342124,6.05999986454844,2.63499994110316,1971,12,1972
51.8667,10.3333,1971-12-12,4.50999989919364,6.20999986119568,5.35999988019466,1971,12,1972
51.8667,10.3333,1971-12-13,2.77999993786216,5.53999987617135,4.15999990701675,1971,12,1972
51.8667,10.3333,1971-12-14,2.66999994032085,4.00999991036952,3.33999992534518,1971,12,1972
51.8667,10.3333,1971-12-15,2.13999995216727,5.75999987125397,3.94999991171062,1971,12,1972
51.8667,10.3333,1971-12-16,0.359999991953373,4.8799998909235,2.61999994143844,1971,12,1972
51.8667,10.3333,1971-12-17,3.62999991886318,6.03999986499548,4.83499989192933,1971,12,1972
51.8667,10.3333,1971-12-18,0.259999994188547,6.60999985225499,3.43499992322177,1971,12,1972
51.8667,10.3333,1971-12-19,-0.759999983012676,3.21999992802739,1.22999997250736,1971,12,1972
51.8667,10.3333,1971-12-20,-0.129999997094274,5.55999987572432,2.71499993931502,1971,12,1972
51.8667,10.3333,1971-12-21,2.39999994635582,5.29999988153577,3.84999991394579,1971,12,1972
51.8667,10.3333,1971-12-22,4.53999989852309,9.47999978810549,7.00999984331429,1971,12,1972
51.8667,10.3333,1971-12-23,4.53999989852309,9.34999979101121,6.94499984476715,1971,12,1972
51.8667,10.3333,1971-12-24,0.949999978765845,7.0599998421967,4.00499991048127,1971,12,1972
51.8667,10.3333,1971-12-25,0.529999988153577,3.94999991171062,2.2399999499321,1971,12,1972
51.8667,10.3333,1971-12-26,2.03999995440245,4.92999988980591,3.48499992210418,1971,12,1972
51.8667,10.3333,1971-12-27,-0.639999985694885,4.06999990902841,1.71499996166676,1971,12,1972
51.8667,10.3333,1971-12-28,-1.05999997630715,4.37999990209937,1.65999996289611,1971,12,1972
51.8667,10.3333,1971-12-29,-3.29999992623925,3.729999916628,0.214999995194376,1971,12,1972
51.8667,10.3333,1971-12-30,-5.87999986857176,-2.05999995395541,-3.96999991126359,1971,12,1972
51.8667,10.3333,1971-12-31,-3.3299999255687,-0.429999990388751,-1.87999995797873,1971,12,1972
51.8667,10.3333,1972-01-01,-2.4099999461323,0.389999991282821,-1.00999997742474,1972,1,1972
51.8667,10.3333,1972-01-02,-2.37999994680285,0.669999985024333,-0.854999980889261,1972,1,1972
51.8667,10.3333,1972-01-03,-2.83999993652105,-0.469999989494681,-1.65499996300787,1972,1,1972
51.8667,10.3333,1972-01-04,-2.56999994255602,0.109999997541308,-1.22999997250736,1972,1,1972
51.8667,10.3333,1972-01-05,-2.06999995373189,0.819999981671572,-0.624999986030161,1972,1,1972
51.8667,10.3333,1972-01-06,-2.74999993853271,1.62999996356666,-0.559999987483025,1972,1,1972
51.8667,10.3333,1972-01-07,-5.5699998755008,0.279999993741512,-2.64499994087964,1972,1,1972
51.8667,10.3333,1972-01-08,-5.80999987013638,-1.10999997518957,-3.45999992266297,1972,1,1972
51.8667,10.3333,1972-01-09,-3.88999991305172,-1.53999996557832,-2.71499993931502,1972,1,1972
51.8667,10.3333,1972-01-10,-3.04999993182719,-0.0599999986588955,-1.55499996524304,1972,1,1972
51.8667,10.3333,1972-01-11,-1.74999996088445,0.639999985694885,-0.554999987594783,1972,1,1972
51.8667,10.3333,1972-01-12,-1.47999996691942,1.93999995663762,0.229999994859099,1972,1,1972
51.8667,10.3333,1972-01-13,-2.6999999396503,1.65999996289611,-0.519999988377094,1972,1,1972
51.8667,10.3333,1972-01-14,-4.4799998998642,0.789999982342124,-1.84499995876104,1972,1,1972
51.8667,10.3333,1972-01-15,-7.94999982230365,-0.839999981224537,-4.39499990176409,1972,1,1972
51.8667,10.3333,1972-01-16,-8.44999981112778,0.379999991506338,-4.03499990981072,1972,1,1972
51.8667,10.3333,1972-01-17,-10.899999756366,-3.34999992512167,-7.12499984074384,1972,1,1972
51.8667,10.3333,1972-01-18,-14.7399996705353,-6.62999985180795,-10.6849997611716,1972,1,1972
51.8667,10.3333,1972-01-19,-15.9599996432662,-8.34999981336296,-12.1549997283146,1972,1,1972
51.8667,10.3333,1972-01-20,-10.8199997581542,0.779999982565641,-5.01999988779426,1972,1,1972
51.8667,10.3333,1972-01-21,-1.80999995954335,4.46999990008771,1.32999997027218,1972,1,1972
51.8667,10.3333,1972-01-22,-2.57999994233251,2.19999995082617,-0.189999995753169,1972,1,1972
51.8667,10.3333,1972-01-23,-3.21999992802739,2.07999995350838,-0.569999987259507,1972,1,1972
51.8667,10.3333,1972-01-24,-7.41999983415008,-0.399999991059303,-3.90999991260469,1972,1,1972
51.8667,10.3333,1972-01-25,-5.31999988108873,-1.03999997675419,-3.17999992892146,1972,1,1972
51.8667,10.3333,1972-01-26,-3.56999992020428,-0.279999993741512,-1.9249999569729,1972,1,1972
51.8667,10.3333,1972-01-27,-3.729999916628,0.519999988377094,-1.60499996412545,1972,1,1972
51.8667,10.3333,1972-01-28,-3.43999992311001,0.289999993517995,-1.57499996479601,1972,1,1972
51.8667,10.3333,1972-01-29,-7.87999982386827,-0.149999996647239,-4.01499991025776,1972,1,1972
51.8667,10.3333,1972-01-30,-9.93999977782369,-6.90999984554946,-8.42499981168658,1972,1,1972
51.8667,10.3333,1972-01-31,-15.5299996528774,-8.78999980352819,-12.1599997282028,1972,1,1972
51.8667,10.3333,1972-02-01,-13.6399996951222,-7.47999983280897,-10.5599997639656,1972,2,1972
51.8667,10.3333,1972-02-02,-16.6699996273965,-5.28999988175929,-10.9799997545779,1972,2,1972
51.8667,10.3333,1972-02-03,-10.4199997670949,4.63999989628792,-2.88999993540347,1972,2,1972
51.8667,10.3333,1972-02-04,-1.7799999602139,6.95999984443188,2.58999994210899,1972,2,1972
51.8667,10.3333,1972-02-05,-2.04999995417893,4.8799998909235,1.41499996837229,1972,2,1972
51.8667,10.3333,1972-02-06,-1.82999995909631,6.33999985828996,2.25499994959682,1972,2,1972
51.8667,10.3333,1972-02-07,-2.43999994546175,7.82999982498586,2.69499993976206,1972,2,1972
51.8667,10.3333,1972-02-08,2.84999993629754,11.4199997447431,7.13499984052032,1972,2,1972
51.8667,10.3333,1972-02-09,2.04999995417893,10.049999775365,6.04999986477196,1972,2,1972
51.8667,10.3333,1972-02-10,0.219999995082617,7.18999983929098,3.7049999171868,1972,2,1972
51.8667,10.3333,1972-02-11,-0.179999995976686,3.76999991573393,1.79499995987862,1972,2,1972
51.8667,10.3333,1972-02-12,-1.22999997250736,3.28999992646277,1.02999997697771,1972,2,1972
51.8667,10.3333,1972-02-13,1.6099999640137,6.029999865219,3.81999991461635,1972,2,1972
51.8667,10.3333,1972-02-14,-1.13999997451901,5.07999988645315,1.96999995596707,1972,2,1972
51.8667,10.3333,1972-02-15,-1.96999995596707,4.82999989204109,1.42999996803701,1972,2,1972
51.8667,10.3333,1972-02-16,-0.419999990612268,5.0499998871237,2.31499994825572,1972,2,1972
51.8667,10.3333,1972-02-17,-0.909999979659915,5.11999988555908,2.10499995294958,1972,2,1972
51.8667,10.3333,1972-02-18,-1.22999997250736,5.90999986790121,2.33999994769692,1972,2,1972
51.8667,10.3333,1972-02-19,-2.34999994747341,4.4799998998642,1.06499997619539,1972,2,1972
51.8667,10.3333,1972-02-20,-1.42999996803701,2.66999994032085,0.61999998614192,1972,2,1972
51.8667,10.3333,1972-02-21,-1.09999997541308,5.89999986812472,2.39999994635582,1972,2,1972
51.8667,10.3333,1972-02-22,0.169999996200204,8.12999981828034,4.14999990724027,1972,2,1972
51.8667,10.3333,1972-02-23,-1.18999997340143,9.66999978385866,4.23999990522861,1972,2,1972
51.8667,10.3333,1972-02-24,-1.50999996624887,5.18999988399446,1.8399999588728,1972,2,1972
51.8667,10.3333,1972-02-25,-0.34999999217689,3.44999992288649,1.5499999653548,1972,2,1972
51.8667,10.3333,1972-02-26,0.149999996647239,4.53999989852309,2.34499994758517,1972,2,1972
51.8667,10.3333,1972-02-27,-0.549999987706542,3.24999992735684,1.34999996982515,1972,2,1972
51.8667,10.3333,1972-02-28,1.12999997474253,2.83999993652105,1.98499995563179,1972,2,1972
51.8667,10.3333,1972-02-29,0.569999987259507,3.52999992109835,2.04999995417893,1972,2,1972
51.8667,10.3333,1972-03-01,-0.88999998010695,2.51999994367361,0.81499998178333,1972,3,1972
51.8667,10.3333,1972-03-02,-2.52999994345009,3.97999991104007,0.724999983794987,1972,3,1972
51.8667,10.3333,1972-03-03,-0.57999998703599,2.21999995037913,0.819999981671572,1972,3,1972
51.8667,10.3333,1972-03-04,-2.54999994300306,5.16999988444149,1.30999997071922,1972,3,1972
51.8667,10.3333,1972-03-05,0.719999983906746,4.53999989852309,2.62999994121492,1972,3,1972
51.8667,10.3333,1972-03-06,1.6099999640137,7.83999982476234,4.72499989438802,1972,3,1972
51.8667,10.3333,1972-03-07,-0.0199999995529652,5.64999987371266,2.81499993707985,1972,3,1972
51.8667,10.3333,1972-03-08,2.19999995082617,6.99999984353781,4.59999989718199,1972,3,1972
51.8667,10.3333,1972-03-09,0.57999998703599,6.73999984934926,3.65999991819263,1972,3,1972
51.8667,10.3333,1972-03-10,-1.06999997608364,5.54999987594783,2.2399999499321,1972,3,1972
51.8667,10.3333,1972-03-11,-1.42999996803701,1.719999961555,0.144999996758997,1972,3,1972
51.8667,10.3333,1972-03-12,-6.8899998459965,-1.02999997697771,-3.9599999114871,1972,3,1972
51.8667,10.3333,1972-03-13,-10.9499997552484,-4.019999910146,-7.48499983269721,1972,3,1972
51.8667,10.3333,1972-03-14,-7.3499998357147,4.49999989941716,-1.42499996814877,1972,3,1972
51.8667,10.3333,1972-03-15,-1.22999997250736,12.3399997241795,5.55499987583607,1972,3,1972
51.8667,10.3333,1972-03-16,0.379999991506338,14.6199996732175,7.49999983236194,1972,3,1972
51.8667,10.3333,1972-03-17,1.39999996870756,12.6099997181445,7.00499984342605,1972,3,1972
51.8667,10.3333,1972-03-18,2.56999994255602,15.9599996432662,9.26499979291111,1972,3,1972
51.8667,10.3333,1972-03-19,3.53999992087483,15.2799996584654,9.40999978967011,1972,3,1972
51.8667,10.3333,1972-03-20,1.45999996736646,16.3799996338785,8.91999980062246,1972,3,1972
51.8667,10.3333,1972-03-21,2.96999993361533,16.6299996282905,9.79999978095293,1972,3,1972
51.8667,10.3333,1972-03-22,0.999999977648258,13.7499996926636,7.3749998351559,1972,3,1972
51.8667,10.3333,1972-03-23,1.21999997273088,11.8299997355789,6.52499985415488,1972,3,1972
51.8667,10.3333,1972-03-24,1.78999995999038,8.99999979883432,5.39499987941235,1972,3,1972
51.8667,10.3333,1972-03-25,-0.669999985024333,6.2599998600781,2.79499993752688,1972,3,1972
51.8667,10.3333,1972-03-26,-0.169999996200204,11.5199997425079,5.67499987315387,1972,3,1972
51.8667,10.3333,1972-03-27,3.63999991863966,12.2099997270852,7.92499982286245,1972,3,1972
51.8667,10.3333,1972-03-28,0.699999984353781,6.96999984420836,3.83499991428107,1972,3,1972
51.8667,10.3333,1972-03-29,-0.88999998010695,1.68999996222556,0.399999991059303,1972,3,1972
51.8667,10.3333,1972-03-30,-1.28999997116625,4.31999990344048,1.51499996613711,1972,3,1972
51.8667,10.3333,1972-03-31,0.179999995976686,6.81999984756112,3.4999999217689,1972,3,1972
51.8667,10.3333,1972-04-01,4.75999989360571,9.49999978765845,7.12999984063208,1972,4,1972
51.8667,10.3333,1972-04-02,0.749999983236194,7.35999983549118,4.05499990936369,1972,4,1972
51.8667,10.3333,1972-04-03,0.00999999977648258,8.33999981358647,4.17499990668148,1972,4,1972
51.8667,10.3333,1972-04-04,4.72999989427626,9.85999977961183,7.29499983694404,1972,4,1972
51.8667,10.3333,1972-04-05,2.54999994300306,11.2599997483194,6.90499984566122,1972,4,1972
51.8667,10.3333,1972-04-06,4.23999990522861,9.89999977871776,7.06999984197319,1972,4,1972
51.8667,10.3333,1972-04-07,2.81999993696809,7.32999983616173,5.07499988656491,1972,4,1972
51.8667,10.3333,1972-04-08,2.91999993473291,11.7399997375906,7.32999983616173,1972,4,1972
51.8667,10.3333,1972-04-09,4.66999989561737,11.3099997472018,7.98999982140958,1972,4,1972
51.8667,10.3333,1972-04-10,3.27999992668629,8.6099998075515,5.9449998671189,1972,4,1972
51.8667,10.3333,1972-04-11,1.719999961555,12.8999997116625,7.30999983660877,1972,4,1972
51.8667,10.3333,1972-04-12,1.84999995864928,8.77999980375171,5.31499988120049,1972,4,1972
51.8667,10.3333,1972-04-13,1.56999996490777,7.53999983146787,4.55499989818782,1972,4,1972
51.8667,10.3333,1972-04-14,1.46999996714294,11.1999997496605,6.33499985840172,1972,4,1972
51.8667,10.3333,1972-04-15,1.39999996870756,11.9599997326732,6.67999985069036,1972,4,1972
51.8667,10.3333,1972-04-16,2.98999993316829,8.67999980598688,5.83499986957759,1972,4,1972
51.8667,10.3333,1972-04-17,2.11999995261431,5.25999988242984,3.68999991752207,1972,4,1972
51.8667,10.3333,1972-04-18,1.56999996490777,5.17999988421798,3.37499992456287,1972,4,1972
51.8667,10.3333,1972-04-19,-0.859999980777502,8.04999982006848,3.59499991964549,1972,4,1972
51.8667,10.3333,1972-04-20,0.779999982565641,6.03999986499548,3.40999992378056,1972,4,1972
51.8667,10.3333,1972-04-21,2.01999995484948,5.55999987572432,3.7899999152869,1972,4,1972
51.8667,10.3333,1972-04-22,3.16999992914498,8.45999981090426,5.81499987002462,1972,4,1972
51.8667,10.3333,1972-04-23,3.44999992288649,9.3599997907877,6.40499985683709,1972,4,1972
51.8667,10.3333,1972-04-24,0.409999990835786,10.7499997597188,5.57999987527728,1972,4,1972
51.8667,10.3333,1972-04-25,-0.539999987930059,6.7199998497963,3.08999993093312,1972,4,1972
51.8667,10.3333,1972-04-26,-4.40999990142882,3.47999992221594,-0.46499998960644,1972,4,1972
51.8667,10.3333,1972-04-27,-0.539999987930059,5.11999988555908,2.28999994881451,1972,4,1972
51.8667,10.3333,1972-04-28,0.96999997831881,6.11999986320734,3.54499992076308,1972,4,1972
51.8667,10.3333,1972-04-29,-0.549999987706542,5.25999988242984,2.35499994736165,1972,4,1972
51.8667,10.3333,1972-04-30,1.27999997138977,9.39999978989363,5.3399998806417,1972,4,1972
51.8667,10.3333,1972-05-01,5.97999986633658,17.7899996023625,11.8849997343495,1972,5,NA
51.8667,10.3333,1972-05-02,7.13999984040856,17.799999602139,12.4699997212738,1972,5,NA
51.8667,10.3333,1972-05-03,6.22999986074865,18.3499995898455,12.2899997252971,1972,5,NA
51.8667,10.3333,1972-05-04,7.08999984152615,19.2399995699525,13.1649997057393,1972,5,NA
51.8667,10.3333,1972-05-05,6.47999985516071,11.9299997333437,9.20499979425222,1972,5,NA
51.8667,10.3333,1972-05-06,5.91999986767769,14.339999679476,10.1299997735769,1972,5,NA
51.8667,10.3333,1972-05-07,4.73999989405274,17.509999608621,11.1249997513369,1972,5,NA
51.8667,10.3333,1972-05-08,5.99999986588955,17.4799996092916,11.7399997375906,1972,5,NA
51.8667,10.3333,1972-05-09,7.78999982587993,16.5599996298552,12.1749997278675,1972,5,NA
51.8667,10.3333,1972-05-10,8.72999980486929,18.0299995969981,13.3799997009337,1972,5,NA
51.8667,10.3333,1972-05-11,6.3699998576194,13.0699997078627,9.71999978274107,1972,5,NA
51.8667,10.3333,1972-05-12,5.90999986790121,9.25999979302287,7.58499983046204,1972,5,NA
51.8667,10.3333,1972-05-13,2.68999993987381,11.7399997375906,7.21499983873218,1972,5,NA
51.8667,10.3333,1972-05-14,2.99999993294477,7.18999983929098,5.09499988611788,1972,5,NA
51.8667,10.3333,1972-05-15,1.97999995574355,4.78999989293516,3.38499992433935,1972,5,NA
51.8667,10.3333,1972-05-16,3.05999993160367,7.22999983839691,5.14499988500029,1972,5,NA
51.8667,10.3333,1972-05-17,3.22999992780387,6.97999984398484,5.10499988589436,1972,5,NA
51.8667,10.3333,1972-05-18,3.12999993003905,8.23999981582165,5.68499987293035,1972,5,NA
51.8667,10.3333,1972-05-19,2.44999994523823,12.2599997259676,7.35499983560294,1972,5,NA
51.8667,10.3333,1972-05-20,2.88999993540347,11.7299997378141,7.30999983660877,1972,5,NA
51.8667,10.3333,1972-05-21,7.23999983817339,14.4999996758997,10.8699997570366,1972,5,NA
51.8667,10.3333,1972-05-22,5.31999988108873,14.2599996812642,9.78999978117645,1972,5,NA
51.8667,10.3333,1972-05-23,5.12999988533556,18.4899995867163,11.8099997360259,1972,5,NA
51.8667,10.3333,1972-05-24,7.33999983593822,22.2099995035678,14.774999669753,1972,5,NA
51.8667,10.3333,1972-05-25,10.31999976933,15.8799996450543,13.0999997071922,1972,5,NA
51.8667,10.3333,1972-05-26,8.47999981045723,15.1399996615946,11.8099997360259,1972,5,NA
51.8667,10.3333,1972-05-27,7.55999983102083,16.2899996358901,11.9249997334555,1972,5,NA
51.8667,10.3333,1972-05-28,5.45999987795949,11.0799997523427,8.2699998151511,1972,5,NA
51.8667,10.3333,1972-05-29,4.54999989829957,10.2699997704476,7.40999983437359,1972,5,NA
51.8667,10.3333,1972-05-30,7.21999983862042,13.8999996893108,10.5599997639656,1972,5,NA
51.8667,10.3333,1972-05-31,6.3699998576194,13.2999997027218,9.83499978017062,1972,5,NA
51.8667,10.3333,1972-06-01,5.5099998768419,12.2999997250736,8.90499980095774,1972,6,NA
51.8667,10.3333,1972-06-02,5.40999987907708,11.6899997387081,8.54999980889261,1972,6,NA
51.8667,10.3333,1972-06-03,2.64999994076788,12.9599997103214,7.80499982554466,1972,6,NA
51.8667,10.3333,1972-06-04,4.86999989114702,17.9699995983392,11.4199997447431,1972,6,NA
51.8667,10.3333,1972-06-05,7.98999982140958,23.6099994722754,15.7999996468425,1972,6,NA
51.8667,10.3333,1972-06-06,12.059999730438,26.109999416396,19.084999573417,1972,6,NA
51.8667,10.3333,1972-06-07,11.7999997362494,22.7199994921684,17.2599996142089,1972,6,NA
51.8667,10.3333,1972-06-08,8.70999980531633,18.4999995864928,13.6049996959046,1972,6,NA
51.8667,10.3333,1972-06-09,7.89999982342124,14.7899996694177,11.3449997464195,1972,6,NA
51.8667,10.3333,1972-06-10,5.21999988332391,15.8399996459484,10.5299997646362,1972,6,NA
51.8667,10.3333,1972-06-11,9.42999978922307,15.9599996432662,12.6949997162446,1972,6,NA
51.8667,10.3333,1972-06-12,6.41999985650182,16.3999996334314,11.4099997449666,1972,6,NA
51.8667,10.3333,1972-06-13,7.31999983638525,9.66999978385866,8.49499981012195,1972,6,NA
51.8667,10.3333,1972-06-14,7.41999983415008,15.8199996463954,11.6199997402728,1972,6,NA
51.8667,10.3333,1972-06-15,5.2799998819828,16.0899996403605,10.6849997611716,1972,6,NA
51.8667,10.3333,1972-06-16,6.92999984510243,15.6399996504188,11.2849997477606,1972,6,NA
51.8667,10.3333,1972-06-17,8.95999979972839,12.7799997143447,10.8699997570366,1972,6,NA
51.8667,10.3333,1972-06-18,8.25999981537461,15.3199996575713,11.789999736473,1972,6,NA
51.8667,10.3333,1972-06-19,8.35999981313944,18.4699995871633,13.4149997001514,1972,6,NA
51.8667,10.3333,1972-06-20,10.8599997572601,15.6999996490777,13.2799997031689,1972,6,NA
51.8667,10.3333,1972-06-21,6.2599998600781,14.089999685064,10.174999772571,1972,6,NA
51.8667,10.3333,1972-06-22,7.04999984242022,16.8899996224791,11.9699997324497,1972,6,NA
51.8667,10.3333,1972-06-23,8.90999980084598,15.2199996598065,12.0649997303262,1972,6,NA
51.8667,10.3333,1972-06-24,6.57999985292554,12.6499997172505,9.614999785088,1972,6,NA
51.8667,10.3333,1972-06-25,5.98999986611307,15.2199996598065,10.6049997629598,1972,6,NA
51.8667,10.3333,1972-06-26,5.15999988466501,18.7899995800108,11.9749997323379,1972,6,NA
51.8667,10.3333,1972-06-27,8.04999982006848,21.839999511838,14.9449996659532,1972,6,NA
51.8667,10.3333,1972-06-28,9.62999978475273,22.8399994894862,16.2349996371195,1972,6,NA
51.8667,10.3333,1972-06-29,11.3999997451901,21.2299995254725,16.3149996353313,1972,6,NA
51.8667,10.3333,1972-06-30,11.3899997454137,15.3599996566772,13.3749997010455,1972,6,NA
51.8667,10.3333,1972-07-01,8.50999980978668,12.349999723956,10.4299997668713,1972,7,NA
51.8667,10.3333,1972-07-02,6.6599998511374,11.8699997346848,9.26499979291111,1972,7,NA
51.8667,10.3333,1972-07-03,9.09999979659915,14.379999678582,11.7399997375906,1972,7,NA
51.8667,10.3333,1972-07-04,9.39999978989363,12.3099997248501,10.8549997573718,1972,7,NA
51.8667,10.3333,1972-07-05,9.42999978922307,16.949999621138,13.1899997051805,1972,7,NA
51.8667,10.3333,1972-07-06,8.88999980129302,23.2099994812161,16.0499996412545,1972,7,NA
51.8667,10.3333,1972-07-07,11.9499997328967,23.1399994827807,17.5449996078387,1972,7,NA
51.8667,10.3333,1972-07-08,11.7299997378141,19.519999563694,15.624999650754,1972,7,NA
51.8667,10.3333,1972-07-09,10.7799997590482,18.9799995757639,14.8799996674061,1972,7,NA
51.8667,10.3333,1972-07-10,13.1599997058511,25.7599994242191,19.4599995650351,1972,7,NA
51.8667,10.3333,1972-07-11,10.2899997700006,21.8299995120615,16.059999641031,1972,7,NA
51.8667,10.3333,1972-07-12,7.14999984018505,15.1499996613711,11.1499997507781,1972,7,NA
51.8667,10.3333,1972-07-13,7.49999983236194,16.2999996356666,11.8999997340143,1972,7,NA
51.8667,10.3333,1972-07-14,6.17999986186624,17.2299996148795,11.7049997383729,1972,7,NA
51.8667,10.3333,1972-07-15,6.4299998562783,17.7699996028095,12.0999997295439,1972,7,NA
51.8667,10.3333,1972-07-16,6.62999985180795,20.5699995402247,13.5999996960163,1972,7,NA
51.8667,10.3333,1972-07-17,14.4299996774644,20.7999995350838,17.6149996062741,1972,7,NA
51.8667,10.3333,1972-07-18,16.0499996412545,26.7299994025379,21.3899995218962,1972,7,NA
51.8667,10.3333,1972-07-19,15.769999647513,27.7899993788451,21.7799995131791,1972,7,NA
51.8667,10.3333,1972-07-20,15.9999996423721,27.7499993797392,21.8749995110556,1972,7,NA
51.8667,10.3333,1972-07-21,16.8799996227026,27.9699993748218,22.4249994987622,1972,7,NA
51.8667,10.3333,1972-07-22,15.3099996577948,26.7499994020909,21.0299995299429,1972,7,NA
51.8667,10.3333,1972-07-23,15.189999660477,25.9299994204193,20.5599995404482,1972,7,NA
51.8667,10.3333,1972-07-24,15.479999653995,21.8099995125085,18.6449995832518,1972,7,NA
51.8667,10.3333,1972-07-25,12.0699997302145,25.3799994327128,18.7249995814636,1972,7,NA
51.8667,10.3333,1972-07-26,13.6699996944517,19.7699995581061,16.7199996262789,1972,7,NA
51.8667,10.3333,1972-07-27,11.1999997496605,15.7399996481836,13.469999698922,1972,7,NA
51.8667,10.3333,1972-07-28,9.23999979346991,16.5199996307492,12.8799997121096,1972,7,NA
51.8667,10.3333,1972-07-29,7.44999983347952,18.8899995777756,13.1699997056276,1972,7,NA
51.8667,10.3333,1972-07-30,11.9099997337908,15.0799996629357,13.4949996983632,1972,7,NA
51.8667,10.3333,1972-07-31,11.8999997340143,16.5399996303022,14.2199996821582,1972,7,NA
51.8667,10.3333,1972-08-01,11.4899997431785,17.8999995999038,14.6949996715412,1972,8,NA
51.8667,10.3333,1972-08-02,10.5799997635186,19.0599995739758,14.8199996687472,1972,8,NA
51.8667,10.3333,1972-08-03,8.97999979928136,18.4599995873868,13.7199996933341,1972,8,NA
51.8667,10.3333,1972-08-04,9.55999978631735,18.2599995918572,13.9099996890873,1972,8,NA
51.8667,10.3333,1972-08-05,7.61999982967973,16.7999996244907,12.2099997270852,1972,8,NA
51.8667,10.3333,1972-08-06,10.1699997726828,17.0199996195734,13.5949996961281,1972,8,NA
51.8667,10.3333,1972-08-07,9.61999978497624,22.1199995055795,15.8699996452779,1972,8,NA
51.8667,10.3333,1972-08-08,11.3699997458607,25.5599994286895,18.4649995872751,1972,8,NA
51.8667,10.3333,1972-08-09,15.0599996633828,23.8799994662404,19.4699995648116,1972,8,NA
51.8667,10.3333,1972-08-10,15.4399996548891,21.529999518767,18.4849995868281,1972,8,NA
51.8667,10.3333,1972-08-11,14.4399996772408,21.9299995098263,18.1849995935336,1972,8,NA
51.8667,10.3333,1972-08-12,10.9099997561425,18.6399995833635,14.774999669753,1972,8,NA
51.8667,10.3333,1972-08-13,5.31999988108873,20.119999550283,12.7199997156858,1972,8,NA
51.8667,10.3333,1972-08-14,11.4499997440726,27.1099993940443,19.2799995690584,1972,8,NA
51.8667,10.3333,1972-08-15,14.939999666065,24.3799994550645,19.6599995605648,1972,8,NA
51.8667,10.3333,1972-08-16,13.5599996969104,19.1199995726347,16.3399996347725,1972,8,NA
51.8667,10.3333,1972-08-17,10.5799997635186,15.0099996645004,12.7949997140095,1972,8,NA
51.8667,10.3333,1972-08-18,8.04999982006848,18.3699995893985,13.2099997047335,1972,8,NA
51.8667,10.3333,1972-08-19,7.59999983012676,16.1399996392429,11.8699997346848,1972,8,NA
51.8667,10.3333,1972-08-20,6.70999985001981,14.8899996671826,10.7999997586012,1972,8,NA
51.8667,10.3333,1972-08-21,7.55999983102083,14.9799996651709,11.2699997480959,1972,8,NA
51.8667,10.3333,1972-08-22,8.69999980553985,13.9299996886402,11.31499974709,1972,8,NA
51.8667,10.3333,1972-08-23,8.55999980866909,13.6699996944517,11.1149997515604,1972,8,NA
51.8667,10.3333,1972-08-24,6.50999985449016,15.5099996533245,11.0099997539073,1972,8,NA
51.8667,10.3333,1972-08-25,6.60999985225499,13.3999997004867,10.0049997763708,1972,8,NA
51.8667,10.3333,1972-08-26,8.34999981336296,13.2099997047335,10.7799997590482,1972,8,NA
51.8667,10.3333,1972-08-27,10.0199997760355,13.6099996957928,11.8149997359142,1972,8,NA
51.8667,10.3333,1972-08-28,9.67999978363514,15.9399996437132,12.8099997136742,1972,8,NA
51.8667,10.3333,1972-08-29,5.93999986723065,17.4099996108562,11.6749997390434,1972,8,NA
51.8667,10.3333,1972-08-30,5.86999986879528,17.2099996153265,11.5399997420609,1972,8,NA
51.8667,10.3333,1972-08-31,6.47999985516071,16.929999621585,11.7049997383729,1972,8,NA
51.8667,10.3333,1972-09-01,8.61999980732799,16.0299996417016,12.3249997245148,1972,9,NA
51.8667,10.3333,1972-09-02,7.88999982364476,14.9799996651709,11.4349997444078,1972,9,NA
51.8667,10.3333,1972-09-03,8.77999980375171,12.5399997197092,10.6599997617304,1972,9,NA
51.8667,10.3333,1972-09-04,9.31999979168177,16.0399996414781,12.6799997165799,1972,9,NA
51.8667,10.3333,1972-09-05,6.30999985896051,17.5499996077269,11.9299997333437,1972,9,NA
51.8667,10.3333,1972-09-06,6.30999985896051,17.8899996001273,12.0999997295439,1972,9,NA
51.8667,10.3333,1972-09-07,7.09999984130263,19.789999557659,13.4449996994808,1972,9,NA
51.8667,10.3333,1972-09-08,11.1199997514486,21.9699995089322,16.5449996301904,1972,9,NA
51.8667,10.3333,1972-09-09,11.5799997411668,16.9799996204674,14.2799996808171,1972,9,NA
51.8667,10.3333,1972-09-10,11.189999749884,20.8599995337427,16.0249996418133,1972,9,NA
51.8667,10.3333,1972-09-11,8.16999981738627,18.3399995900691,13.2549997037277,1972,9,NA
51.8667,10.3333,1972-09-12,5.85999986901879,11.169999750331,8.51499980967492,1972,9,NA
51.8667,10.3333,1972-09-13,4.44999990053475,11.499999742955,7.97499982174486,1972,9,NA
51.8667,10.3333,1972-09-14,5.78999987058342,11.1299997512251,8.45999981090426,1972,9,NA
51.8667,10.3333,1972-09-15,5.99999986588955,11.7099997382611,8.85499980207533,1972,9,NA
51.8667,10.3333,1972-09-16,3.57999991998076,11.3199997469783,7.44999983347952,1972,9,NA
51.8667,10.3333,1972-09-17,1.17999997362494,10.5699997637421,5.87499986868352,1972,9,NA
51.8667,10.3333,1972-09-18,4.2499999050051,7.41999983415008,5.83499986957759,1972,9,NA
51.8667,10.3333,1972-09-19,4.06999990902841,6.51999985426664,5.29499988164753,1972,9,NA
51.8667,10.3333,1972-09-20,1.5499999653548,12.7199997156858,7.13499984052032,1972,9,NA
51.8667,10.3333,1972-09-21,2.62999994121492,14.5899996738881,8.6099998075515,1972,9,NA
51.8667,10.3333,1972-09-22,3.51999992132187,14.6099996734411,9.06499979738146,1972,9,NA
51.8667,10.3333,1972-09-23,4.57999989762902,12.7399997152388,8.65999980643392,1972,9,NA
51.8667,10.3333,1972-09-24,5.89999986812472,11.459999743849,8.67999980598688,1972,9,NA
51.8667,10.3333,1972-09-25,4.10999990813434,11.499999742955,7.80499982554466,1972,9,NA
51.8667,10.3333,1972-09-26,3.40999992378056,8.95999979972839,6.18499986175448,1972,9,NA
51.8667,10.3333,1972-09-27,4.09999990835786,10.3099997695535,7.2049998389557,1972,9,NA
51.8667,10.3333,1972-09-28,5.82999986968935,10.0999997742474,7.96499982196838,1972,9,NA
51.8667,10.3333,1972-09-29,5.55999987572432,9.04999979771674,7.30499983672053,1972,9,NA
51.8667,10.3333,1972-09-30,4.98999988846481,8.01999982073903,6.50499985460192,1972,9,NA
51.8667,10.3333,1972-10-01,5.66999987326562,8.52999980933964,7.09999984130263,1972,10,1973
51.8667,10.3333,1972-10-02,1.43999996781349,9.86999977938831,5.6549998736009,1972,10,1973
51.8667,10.3333,1972-10-03,0.389999991282821,10.5699997637421,5.47999987751245,1972,10,1973
51.8667,10.3333,1972-10-04,-1.05999997630715,8.08999981917441,3.51499992143363,1972,10,1973
51.8667,10.3333,1972-10-05,-2.13999995216727,9.99999977648258,3.92999991215765,1972,10,1973
51.8667,10.3333,1972-10-06,-1.05999997630715,13.8599996902049,6.39999985694885,1972,10,1973
51.8667,10.3333,1972-10-07,1.22999997250736,16.6299996282905,8.92999980039895,1972,10,1973
51.8667,10.3333,1972-10-08,3.58999991975725,18.2199995927513,10.9049997562543,1972,10,1973
51.8667,10.3333,1972-10-09,2.75999993830919,16.7599996253848,9.759999781847,1972,10,1973
51.8667,10.3333,1972-10-10,2.53999994322658,14.899999666959,8.71999980509281,1972,10,1973
51.8667,10.3333,1972-10-11,2.37999994680285,14.1199996843934,8.24999981559813,1972,10,1973
51.8667,10.3333,1972-10-12,2.42999994568527,15.0399996638298,8.73499980475754,1972,10,1973
51.8667,10.3333,1972-10-13,1.20999997295439,9.91999977827072,5.56499987561256,1972,10,1973
51.8667,10.3333,1972-10-14,-0.589999986812472,9.74999978207052,4.57999989762902,1972,10,1973
51.8667,10.3333,1972-10-15,1.20999997295439,10.1699997726828,5.68999987281859,1972,10,1973
51.8667,10.3333,1972-10-16,3.91999991238117,7.44999983347952,5.68499987293035,1972,10,1973
51.8667,10.3333,1972-10-17,4.86999989114702,10.8199997581542,7.84499982465059,1972,10,1973
51.8667,10.3333,1972-10-18,0.259999994188547,10.1899997722358,5.22499988321215,1972,10,1973
51.8667,10.3333,1972-10-19,-0.229999994859099,7.67999982833862,3.72499991673976,1972,10,1973
51.8667,10.3333,1972-10-20,-4.35999990254641,5.90999986790121,0.7749999826774,1972,10,1973
51.8667,10.3333,1972-10-21,0.509999988600612,4.12999990768731,2.31999994814396,1972,10,1973
51.8667,10.3333,1972-10-22,-1.0899999756366,3.11999993026257,1.01499997731298,1972,10,1973
51.8667,10.3333,1972-10-23,-0.92999997921288,5.11999988555908,2.0949999531731,1972,10,1973
51.8667,10.3333,1972-10-24,3.96999991126359,8.21999981626868,6.09499986376613,1972,10,1973
51.8667,10.3333,1972-10-25,5.35999988019466,7.8099998254329,6.58499985281378,1972,10,1973
51.8667,10.3333,1972-10-26,2.09999995306134,9.38999979011714,5.74499987158924,1972,10,1973
51.8667,10.3333,1972-10-27,0.629999985918403,11.9999997317791,6.31499985884875,1972,10,1973
51.8667,10.3333,1972-10-28,7.25999983772635,15.2999996580184,11.2799997478724,1972,10,1973
51.8667,10.3333,1972-10-29,7.83999982476234,12.889999711886,10.3649997683242,1972,10,1973
51.8667,10.3333,1972-10-30,3.33999992534518,10.5099997650832,6.92499984521419,1972,10,1973
51.8667,10.3333,1972-10-31,1.5499999653548,11.3199997469783,6.43499985616654,1972,10,1973
51.8667,10.3333,1972-11-01,2.05999995395541,9.1299997959286,5.594999874942,1972,11,1973
51.8667,10.3333,1972-11-02,3.0399999320507,9.93999977782369,6.4899998549372,1972,11,1973
51.8667,10.3333,1972-11-03,3.85999991372228,10.4799997657537,7.16999983973801,1972,11,1973
51.8667,10.3333,1972-11-04,2.94999993406236,12.1499997284263,7.54999983124435,1972,11,1973
51.8667,10.3333,1972-11-05,3.729999916628,7.55999983102083,5.64499987382442,1972,11,1973
51.8667,10.3333,1972-11-06,5.90999986790121,7.84999982453883,6.87999984622002,1972,11,1973
51.8667,10.3333,1972-11-07,6.93999984487891,8.41999981179833,7.67999982833862,1972,11,1973
51.8667,10.3333,1972-11-08,7.08999984152615,9.31999979168177,8.20499981660396,1972,11,1973
51.8667,10.3333,1972-11-09,7.32999983616173,9.83999978005886,8.5849998081103,1972,11,1973
51.8667,10.3333,1972-11-10,2.21999995037913,8.36999981291592,5.29499988164753,1972,11,1973
51.8667,10.3333,1972-11-11,6.35999985784292,8.47999981045723,7.41999983415008,1972,11,1973
51.8667,10.3333,1972-11-12,0.989999977871776,7.45999983325601,4.22499990556389,1972,11,1973
51.8667,10.3333,1972-11-13,0.109999997541308,2.62999994121492,1.36999996937811,1972,11,1973
51.8667,10.3333,1972-11-14,1.24999997206032,7.64999982900918,4.44999990053475,1972,11,1973
51.8667,10.3333,1972-11-15,-1.35999996960163,2.95999993383884,0.799999982118607,1972,11,1973
51.8667,10.3333,1972-11-16,-2.15999995172024,1.49999996647239,-0.329999992623925,1972,11,1973
51.8667,10.3333,1972-11-17,-1.96999995596707,0.429999990388751,-0.769999982789159,1972,11,1973
51.8667,10.3333,1972-11-18,-2.20999995060265,1.22999997250736,-0.489999989047647,1972,11,1973
51.8667,10.3333,1972-11-19,-1.64999996311963,0.289999993517995,-0.679999984800816,1972,11,1973
51.8667,10.3333,1972-11-20,-2.44999994523823,0.219999995082617,-1.11499997507781,1972,11,1973
51.8667,10.3333,1972-11-21,-1.47999996691942,5.3399998806417,1.92999995686114,1972,11,1973
51.8667,10.3333,1972-11-22,2.43999994546175,5.06999988667667,3.75499991606921,1972,11,1973
51.8667,10.3333,1972-11-23,2.05999995395541,4.05999990925193,3.05999993160367,1972,11,1973
51.8667,10.3333,1972-11-24,-0.00999999977648258,3.729999916628,1.85999995842576,1972,11,1973
51.8667,10.3333,1972-11-25,-2.39999994635582,0.639999985694885,-0.879999980330467,1972,11,1973
51.8667,10.3333,1972-11-26,-4.57999989762902,0.409999990835786,-2.08499995339662,1972,11,1973
51.8667,10.3333,1972-11-27,-6.37999985739589,-0.629999985918403,-3.50499992165715,1972,11,1973
51.8667,10.3333,1972-11-28,-2.27999994903803,0.34999999217689,-0.964999978430569,1972,11,1973
51.8667,10.3333,1972-11-29,-1.41999996826053,1.20999997295439,-0.104999997653067,1972,11,1973
51.8667,10.3333,1972-11-30,-0.239999994635582,2.47999994456768,1.11999997496605,1972,11,1973
51.8667,10.3333,1972-12-01,-0.229999994859099,3.69999991729856,1.73499996121973,1972,12,1973
51.8667,10.3333,1972-12-02,2.53999994322658,5.71999987214804,4.12999990768731,1972,12,1973
51.8667,10.3333,1972-12-03,2.6399999409914,6.61999985203147,4.62999989651144,1972,12,1973
51.8667,10.3333,1972-12-04,2.98999993316829,7.13999984040856,5.06499988678843,1972,12,1973
51.8667,10.3333,1972-12-05,2.35999994724989,5.69999987259507,4.02999990992248,1972,12,1973
51.8667,10.3333,1972-12-06,2.93999993428588,5.12999988533556,4.03499990981072,1972,12,1973
51.8667,10.3333,1972-12-07,4.03999990969896,7.59999983012676,5.81999986991286,1972,12,1973
51.8667,10.3333,1972-12-08,3.80999991483986,7.37999983504415,5.594999874942,1972,12,1973
51.8667,10.3333,1972-12-09,2.37999994680285,4.76999989338219,3.57499992009252,1972,12,1973
51.8667,10.3333,1972-12-10,0.829999981448054,3.84999991394579,2.33999994769692,1972,12,1973
51.8667,10.3333,1972-12-11,1.28999997116625,3.48999992199242,2.38999994657934,1972,12,1973
51.8667,10.3333,1972-12-12,0.739999983459711,3.91999991238117,2.32999994792044,1972,12,1973
51.8667,10.3333,1972-12-13,-0.139999996870756,5.01999988779426,2.43999994546175,1972,12,1973
51.8667,10.3333,1972-12-14,0.0199999995529652,6.73999984934926,3.37999992445111,1972,12,1973
51.8667,10.3333,1972-12-15,5.0499998871237,7.69999982789159,6.37499985750765,1972,12,1973
51.8667,10.3333,1972-12-16,0.609999986365438,7.8099998254329,4.20999990589917,1972,12,1973
51.8667,10.3333,1972-12-17,-2.11999995261431,5.68999987281859,1.78499996010214,1972,12,1973
51.8667,10.3333,1972-12-18,-1.06999997608364,6.84999984689057,2.88999993540347,1972,12,1973
51.8667,10.3333,1972-12-19,-1.35999996960163,3.51999992132187,1.07999997586012,1972,12,1973
51.8667,10.3333,1972-12-20,-1.10999997518957,2.22999995015562,0.559999987483025,1972,12,1973
51.8667,10.3333,1972-12-21,-4.05999990925193,1.93999995663762,-1.05999997630715,1972,12,1973
51.8667,10.3333,1972-12-22,-6.61999985203147,1.98999995552003,-2.31499994825572,1972,12,1973
51.8667,10.3333,1972-12-23,-6.89999984577298,1.44999996758997,-2.7249999390915,1972,12,1973
51.8667,10.3333,1972-12-24,-7.69999982789159,-2.04999995417893,-4.87499989103526,1972,12,1973
51.8667,10.3333,1972-12-25,-5.57999987527728,0.549999987706542,-2.51499994378537,1972,12,1973
51.8667,10.3333,1972-12-26,-4.55999989807606,2.29999994859099,-1.12999997474253,1972,12,1973
51.8667,10.3333,1972-12-27,-5.32999988086522,4.58999989740551,-0.369999991729856,1972,12,1973
51.8667,10.3333,1972-12-28,-5.70999987237155,2.65999994054437,-1.52499996591359,1972,12,1973
51.8667,10.3333,1972-12-29,-2.84999993629754,4.53999989852309,0.844999981112778,1972,12,1973
51.8667,10.3333,1972-12-30,-5.28999988175929,1.8399999588728,-1.72499996144325,1972,12,1973
51.8667,10.3333,1972-12-31,-7.16999983973801,0.839999981224537,-3.16499992925674,1972,12,1973
51.8667,10.3333,1973-01-01,-9.95999977737665,1.46999996714294,-4.24499990511686,1973,1,1973
51.8667,10.3333,1973-01-02,-8.57999980822206,3.20999992825091,-2.68499993998557,1973,1,1973
51.8667,10.3333,1973-01-03,-8.02999982051551,3.37999992445111,-2.3249999480322,1973,1,1973
51.8667,10.3333,1973-01-04,-7.13999984040856,1.68999996222556,-2.7249999390915,1973,1,1973
51.8667,10.3333,1973-01-05,-3.35999992489815,2.01999995484948,-0.669999985024333,1973,1,1973
51.8667,10.3333,1973-01-06,-5.48999987728894,1.59999996423721,-1.94499995652586,1973,1,1973
51.8667,10.3333,1973-01-07,-1.39999996870756,4.45999990031123,1.52999996580184,1973,1,1973
51.8667,10.3333,1973-01-08,-2.02999995462596,1.63999996334314,-0.19499999564141,1973,1,1973
51.8667,10.3333,1973-01-09,-1.62999996356666,0.999999977648258,-0.314999992959201,1973,1,1973
51.8667,10.3333,1973-01-10,-0.549999987706542,1.36999996937811,0.409999990835786,1973,1,1973
51.8667,10.3333,1973-01-11,-0.149999996647239,1.73999996110797,0.794999982230365,1973,1,1973
51.8667,10.3333,1973-01-12,0.0299999993294477,1.64999996311963,0.839999981224537,1973,1,1973
51.8667,10.3333,1973-01-13,-0.899999979883432,1.03999997675419,0.0699999984353781,1973,1,1973
51.8667,10.3333,1973-01-14,-2.78999993763864,1.43999996781349,-0.674999984912574,1973,1,1973
51.8667,10.3333,1973-01-15,-2.78999993763864,3.19999992847443,0.204999995417893,1973,1,1973
51.8667,10.3333,1973-01-16,1.13999997451901,6.38999985717237,3.76499991584569,1973,1,1973
51.8667,10.3333,1973-01-17,-0.729999983683228,3.11999993026257,1.19499997328967,1973,1,1973
51.8667,10.3333,1973-01-18,-2.82999993674457,1.34999996982515,-0.739999983459711,1973,1,1973
51.8667,10.3333,1973-01-19,-3.14999992959201,-2.10999995283782,-2.62999994121492,1973,1,1973
51.8667,10.3333,1973-01-20,-4.26999990455806,-2.06999995373189,-3.16999992914498,1973,1,1973
51.8667,10.3333,1973-01-21,-4.43999990075827,-0.499999988824129,-2.4699999447912,1973,1,1973
51.8667,10.3333,1973-01-22,-1.22999997250736,4.46999990008771,1.61999996379018,1973,1,1973
51.8667,10.3333,1973-01-23,-0.359999991953373,2.4099999461323,1.02499997708946,1973,1,1973
51.8667,10.3333,1973-01-24,-1.74999996088445,1.29999997094274,-0.224999994970858,1973,1,1973
51.8667,10.3333,1973-01-25,-3.3299999255687,1.42999996803701,-0.949999978765845,1973,1,1973
51.8667,10.3333,1973-01-26,-5.45999987795949,1.57999996468425,-1.93999995663762,1973,1,1973
51.8667,10.3333,1973-01-27,-3.83999991416931,-0.0899999979883432,-1.96499995607883,1973,1,1973
51.8667,10.3333,1973-01-28,-1.84999995864928,1.98999995552003,0.0699999984353781,1973,1,1973
51.8667,10.3333,1973-01-29,-1.16999997384846,1.87999995797873,0.354999992065132,1973,1,1973
51.8667,10.3333,1973-01-30,-0.859999980777502,4.28999990411103,1.71499996166676,1973,1,1973
51.8667,10.3333,1973-01-31,3.04999993182719,5.15999988466501,4.1049999082461,1973,1,1973
51.8667,10.3333,1973-02-01,1.01999997720122,4.1899999063462,2.60499994177371,1973,2,1973
51.8667,10.3333,1973-02-02,-0.469999989494681,2.45999994501472,0.994999977760017,1973,2,1973
51.8667,10.3333,1973-02-03,-1.34999996982515,1.43999996781349,0.0449999989941716,1973,2,1973
51.8667,10.3333,1973-02-04,-2.4699999447912,3.54999992065132,0.539999987930059,1973,2,1973
51.8667,10.3333,1973-02-05,-1.80999995954335,3.73999991640449,0.964999978430569,1973,2,1973
51.8667,10.3333,1973-02-06,-3.04999993182719,3.89999991282821,0.42499999050051,1973,2,1973
51.8667,10.3333,1973-02-07,-1.33999997004867,2.80999993719161,0.73499998357147,1973,2,1973
51.8667,10.3333,1973-02-08,2.65999994054437,5.18999988399446,3.92499991226941,1973,2,1973
51.8667,10.3333,1973-02-09,2.59999994188547,4.96999988891184,3.78499991539866,1973,2,1973
51.8667,10.3333,1973-02-10,1.72999996133149,3.63999991863966,2.68499993998557,1973,2,1973
51.8667,10.3333,1973-02-11,-0.879999980330467,2.05999995395541,0.589999986812472,1973,2,1973
51.8667,10.3333,1973-02-12,-2.30999994836748,1.02999997697771,-0.639999985694885,1973,2,1973
51.8667,10.3333,1973-02-13,-0.61999998614192,1.75999996066093,0.569999987259507,1973,2,1973
51.8667,10.3333,1973-02-14,-1.7799999602139,1.8399999588728,0.0299999993294477,1973,2,1973
51.8667,10.3333,1973-02-15,-2.57999994233251,0.989999977871776,-0.794999982230365,1973,2,1973
51.8667,10.3333,1973-02-16,-5.97999986633658,3.70999991707504,-1.13499997463077,1973,2,1973
51.8667,10.3333,1973-02-17,-6.1999998614192,-0.769999982789159,-3.48499992210418,1973,2,1973
51.8667,10.3333,1973-02-18,-3.3899999242276,-0.859999980777502,-2.12499995250255,1973,2,1973
51.8667,10.3333,1973-02-19,-2.45999994501472,-0.65999998524785,-1.55999996513128,1973,2,1973
51.8667,10.3333,1973-02-20,-2.08999995328486,-0.669999985024333,-1.3799999691546,1973,2,1973
51.8667,10.3333,1973-02-21,-1.45999996736646,2.98999993316829,0.764999982900918,1973,2,1973
51.8667,10.3333,1973-02-22,2.68999993987381,4.66999989561737,3.67999991774559,1973,2,1973
51.8667,10.3333,1973-02-23,-0.279999993741512,4.20999990589917,1.96499995607883,1973,2,1973
51.8667,10.3333,1973-02-24,-2.51999994367361,0.129999997094274,-1.19499997328967,1973,2,1973
51.8667,10.3333,1973-02-25,-3.17999992892146,-1.13999997451901,-2.15999995172024,1973,2,1973
51.8667,10.3333,1973-02-26,-3.93999991193414,-1.56999996490777,-2.75499993842095,1973,2,1973
51.8667,10.3333,1973-02-27,-4.98999988846481,-1.34999996982515,-3.16999992914498,1973,2,1973
51.8667,10.3333,1973-02-28,-8.19999981671572,-3.06999993138015,-5.63499987404794,1973,2,1973
51.8667,10.3333,1973-03-01,-5.09999988600612,0.0399999991059303,-2.52999994345009,1973,3,1973
51.8667,10.3333,1973-03-02,-1.91999995708466,1.03999997675419,-0.439999990165234,1973,3,1973
51.8667,10.3333,1973-03-03,-1.6099999640137,1.72999996133149,0.0599999986588955,1973,3,1973
51.8667,10.3333,1973-03-04,-0.769999982789159,2.43999994546175,0.834999981336296,1973,3,1973
51.8667,10.3333,1973-03-05,1.29999997094274,4.1899999063462,2.74499993864447,1973,3,1973
51.8667,10.3333,1973-03-06,1.09999997541308,6.34999985806644,3.72499991673976,1973,3,1973
51.8667,10.3333,1973-03-07,-0.669999985024333,5.35999988019466,2.34499994758517,1973,3,1973
51.8667,10.3333,1973-03-08,-2.36999994702637,3.29999992623925,0.46499998960644,1973,3,1973
51.8667,10.3333,1973-03-09,-2.14999995194376,3.52999992109835,0.689999984577298,1973,3,1973
51.8667,10.3333,1973-03-10,-2.27999994903803,2.99999993294477,0.359999991953373,1973,3,1973
51.8667,10.3333,1973-03-11,-5.55999987572432,3.17999992892146,-1.18999997340143,1973,3,1973
51.8667,10.3333,1973-03-12,-3.34999992512167,1.21999997273088,-1.06499997619539,1973,3,1973
51.8667,10.3333,1973-03-13,-2.52999994345009,1.04999997653067,-0.739999983459711,1973,3,1973
51.8667,10.3333,1973-03-14,-3.5599999204278,-0.789999982342124,-2.17499995138496,1973,3,1973
51.8667,10.3333,1973-03-15,-4.35999990254641,3.91999991238117,-0.219999995082617,1973,3,1973
51.8667,10.3333,1973-03-16,-1.57999996468425,2.96999993361533,0.694999984465539,1973,3,1973
51.8667,10.3333,1973-03-17,-4.43999990075827,5.49999987706542,0.529999988153577,1973,3,1973
51.8667,10.3333,1973-03-18,-3.31999992579222,3.36999992467463,0.0249999994412065,1973,3,1973
51.8667,10.3333,1973-03-19,0.779999982565641,4.43999990075827,2.60999994166195,1973,3,1973
51.8667,10.3333,1973-03-20,-0.549999987706542,4.48999989964068,1.96999995596707,1973,3,1973
51.8667,10.3333,1973-03-21,0.179999995976686,4.03999990969896,2.10999995283782,1973,3,1973
51.8667,10.3333,1973-03-22,1.73999996110797,7.64999982900918,4.69499989505857,1973,3,1973
51.8667,10.3333,1973-03-23,-1.46999996714294,10.1299997735769,4.32999990321696,1973,3,1973
51.8667,10.3333,1973-03-24,-1.15999997407198,14.2699996810406,6.55499985348433,1973,3,1973
51.8667,10.3333,1973-03-25,0.849999981001019,16.0899996403605,8.46999981068075,1973,3,1973
51.8667,10.3333,1973-03-26,2.9299999345094,17.1799996159971,10.0549997752532,1973,3,1973
51.8667,10.3333,1973-03-27,3.52999992109835,10.4499997664243,6.98999984376132,1973,3,1973
51.8667,10.3333,1973-03-28,2.12999995239079,10.2899997700006,6.20999986119568,1973,3,1973
51.8667,10.3333,1973-03-29,2.47999994456768,8.12999981828034,5.30499988142401,1973,3,1973
51.8667,10.3333,1973-03-30,1.09999997541308,7.18999983929098,4.14499990735203,1973,3,1973
51.8667,10.3333,1973-03-31,-0.939999978989363,11.9299997333437,5.49499987717718,1973,3,1973
51.8667,10.3333,1973-04-01,0.249999994412065,8.34999981336296,4.29999990388751,1973,4,1973
51.8667,10.3333,1973-04-02,-0.979999978095293,5.32999988086522,2.17499995138496,1973,4,1973
51.8667,10.3333,1973-04-03,1.05999997630715,4.63999989628792,2.84999993629754,1973,4,1973
51.8667,10.3333,1973-04-04,-1.04999997653067,3.57999991998076,1.26499997172505,1973,4,1973
51.8667,10.3333,1973-04-05,-2.36999994702637,4.42999990098178,1.02999997697771,1973,4,1973
51.8667,10.3333,1973-04-06,1.51999996602535,6.44999985583127,3.98499991092831,1973,4,1973
51.8667,10.3333,1973-04-07,1.4899999666959,7.07999984174967,4.28499990422279,1973,4,1973
51.8667,10.3333,1973-04-08,-0.129999997094274,3.65999991819263,1.76499996054918,1973,4,1973
51.8667,10.3333,1973-04-09,-0.979999978095293,5.21999988332391,2.11999995261431,1973,4,1973
51.8667,10.3333,1973-04-10,-3.73999991640449,4.51999989897013,0.389999991282821,1973,4,1973
51.8667,10.3333,1973-04-11,-1.26999997161329,3.57999991998076,1.15499997418374,1973,4,1973
51.8667,10.3333,1973-04-12,-1.80999995954335,2.73999993875623,0.46499998960644,1973,4,1973
51.8667,10.3333,1973-04-13,-1.96999995596707,2.34999994747341,0.189999995753169,1973,4,1973
51.8667,10.3333,1973-04-14,-2.60999994166195,3.75999991595745,0.574999987147748,1973,4,1973
51.8667,10.3333,1973-04-15,-4.2499999050051,5.09999988600612,0.42499999050051,1973,4,1973
51.8667,10.3333,1973-04-16,-0.859999980777502,2.96999993361533,1.05499997641891,1973,4,1973
51.8667,10.3333,1973-04-17,0.289999993517995,6.26999985985458,3.27999992668629,1973,4,1973
51.8667,10.3333,1973-04-18,0.539999987930059,5.08999988622963,2.81499993707985,1973,4,1973
51.8667,10.3333,1973-04-19,-0.30999999307096,4.56999989785254,2.12999995239079,1973,4,1973
51.8667,10.3333,1973-04-20,-0.909999979659915,3.98999991081655,1.53999996557832,1973,4,1973
51.8667,10.3333,1973-04-21,-0.469999989494681,5.20999988354743,2.36999994702637,1973,4,1973
51.8667,10.3333,1973-04-22,-2.82999993674457,5.87999986857176,1.52499996591359,1973,4,1973
51.8667,10.3333,1973-04-23,-1.58999996446073,4.9399998895824,1.67499996256083,1973,4,1973
51.8667,10.3333,1973-04-24,-1.6099999640137,11.6999997384846,5.04499988723546,1973,4,1973
51.8667,10.3333,1973-04-25,1.12999997474253,7.70999982766807,4.4199999012053,1973,4,1973
51.8667,10.3333,1973-04-26,-0.61999998614192,7.37999983504415,3.37999992445111,1973,4,1973
51.8667,10.3333,1973-04-27,0.96999997831881,8.86999980174005,4.91999989002943,1973,4,1973
51.8667,10.3333,1973-04-28,0.139999996870756,14.8299996685237,7.48499983269721,1973,4,1973
51.8667,10.3333,1973-04-29,2.42999994568527,11.459999743849,6.94499984476715,1973,4,1973
51.8667,10.3333,1973-04-30,6.4299998562783,12.4399997219443,9.43499978911132,1973,4,1973
51.8667,10.3333,1973-05-01,2.43999994546175,14.4999996758997,8.46999981068075,1973,5,NA
51.8667,10.3333,1973-05-02,5.94999986700714,20.7999995350838,13.3749997010455,1973,5,NA
51.8667,10.3333,1973-05-03,3.39999992400408,8.02999982051551,5.7149998722598,1973,5,NA
51.8667,10.3333,1973-05-04,5.69999987259507,12.1999997273088,8.94999979995191,1973,5,NA
51.8667,10.3333,1973-05-05,6.17999986186624,19.8499995563179,13.0149997090921,1973,5,NA
51.8667,10.3333,1973-05-06,9.83999978005886,22.2299995031208,16.0349996415898,1973,5,NA
51.8667,10.3333,1973-05-07,8.90999980084598,15.7099996488541,12.3099997248501,1973,5,NA
51.8667,10.3333,1973-05-08,5.43999987840652,12.5899997185916,9.01499979849905,1973,5,NA
51.8667,10.3333,1973-05-09,4.31999990344048,10.049999775365,7.18499983940274,1973,5,NA
51.8667,10.3333,1973-05-10,3.42999992333353,10.2599997706711,6.84499984700233,1973,5,NA
51.8667,10.3333,1973-05-11,5.85999986901879,11.2599997483194,8.55999980866909,1973,5,NA
51.8667,10.3333,1973-05-12,1.66999996267259,10.0599997751415,5.86499986890703,1973,5,NA
51.8667,10.3333,1973-05-13,-0.229999994859099,11.3099997472018,5.53999987617135,1973,5,NA
51.8667,10.3333,1973-05-14,6.12999986298382,15.8899996448308,11.0099997539073,1973,5,NA
51.8667,10.3333,1973-05-15,4.56999989785254,12.2299997266382,8.39999981224537,1973,5,NA
51.8667,10.3333,1973-05-16,1.65999996289611,8.6699998062104,5.16499988455325,1973,5,NA
51.8667,10.3333,1973-05-17,-0.65999998524785,10.6999997608364,5.01999988779426,1973,5,NA
51.8667,10.3333,1973-05-18,0.219999995082617,12.7899997141212,6.50499985460192,1973,5,NA
51.8667,10.3333,1973-05-19,3.18999992869794,14.5099996756762,8.84999980218709,1973,5,NA
51.8667,10.3333,1973-05-20,4.06999990902841,18.2999995909631,11.1849997499958,1973,5,NA
51.8667,10.3333,1973-05-21,8.05999981984496,17.7399996034801,12.8999997116625,1973,5,NA
51.8667,10.3333,1973-05-22,9.01999979838729,20.4299995433539,14.7249996708706,1973,5,NA
51.8667,10.3333,1973-05-23,11.3499997463077,19.1799995712936,15.2649996588007,1973,5,NA
51.8667,10.3333,1973-05-24,9.76999978162348,17.8099996019155,13.7899996917695,1973,5,NA
51.8667,10.3333,1973-05-25,8.73999980464578,12.9699997100979,10.8549997573718,1973,5,NA
51.8667,10.3333,1973-05-26,7.54999983124435,10.1599997729063,8.85499980207533,1973,5,NA
51.8667,10.3333,1973-05-27,6.40999985672534,15.2199996598065,10.8149997582659,1973,5,NA
51.8667,10.3333,1973-05-28,5.09999988600612,16.639999628067,10.8699997570366,1973,5,NA
51.8667,10.3333,1973-05-29,5.00999988801777,19.519999563694,12.2649997258559,1973,5,NA
51.8667,10.3333,1973-05-30,8.80999980308115,21.9399995096028,15.374999656342,1973,5,NA
51.8667,10.3333,1973-05-31,10.7299997601658,18.7199995815754,14.7249996708706,1973,5,NA
51.8667,10.3333,1973-06-01,11.1099997516721,18.1899995934218,14.649999672547,1973,6,NA
51.8667,10.3333,1973-06-02,12.0999997295439,19.0599995739758,15.5799996517599,1973,6,NA
51.8667,10.3333,1973-06-03,8.69999980553985,16.9799996204674,12.8399997130036,1973,6,NA
51.8667,10.3333,1973-06-04,4.33999990299344,15.229999659583,9.78499978128821,1973,6,NA
51.8667,10.3333,1973-06-05,7.89999982342124,18.9699995759875,13.4349996997043,1973,6,NA
51.8667,10.3333,1973-06-06,8.12999981828034,15.0699996631593,11.5999997407198,1973,6,NA
51.8667,10.3333,1973-06-07,4.76999989338219,15.4099996555597,10.0899997744709,1973,6,NA
51.8667,10.3333,1973-06-08,5.5099998768419,14.649999672547,10.0799997746944,1973,6,NA
51.8667,10.3333,1973-06-09,8.17999981716275,18.5999995842576,13.3899997007102,1973,6,NA
51.8667,10.3333,1973-06-10,8.99999979883432,18.8799995779991,13.9399996884167,1973,6,NA
51.8667,10.3333,1973-06-11,10.359999768436,15.4099996555597,12.8849997119978,1973,6,NA
51.8667,10.3333,1973-06-12,8.30999981425703,15.1799996607006,11.7449997374788,1973,6,NA
51.8667,10.3333,1973-06-13,8.50999980978668,20.5299995411187,14.5199996754527,1973,6,NA
51.8667,10.3333,1973-06-14,11.3399997465312,22.1699995044619,16.7549996254966,1973,6,NA
51.8667,10.3333,1973-06-15,5.48999987728894,14.629999672994,10.0599997751415,1973,6,NA
51.8667,10.3333,1973-06-16,3.60999991931021,13.2999997027218,8.45499981101602,1973,6,NA
51.8667,10.3333,1973-06-17,9.39999978989363,17.2499996144325,13.324999702163,1973,6,NA
51.8667,10.3333,1973-06-18,7.53999983146787,20.8299995344132,14.1849996829405,1973,6,NA
51.8667,10.3333,1973-06-19,10.7799997590482,16.8399996235967,13.8099996913224,1973,6,NA
51.8667,10.3333,1973-06-20,9.70999978296459,19.6299995612353,14.6699996720999,1973,6,NA
51.8667,10.3333,1973-06-21,8.18999981693923,20.5799995400012,14.3849996784702,1973,6,NA
51.8667,10.3333,1973-06-22,8.35999981313944,17.3199996128678,12.8399997130036,1973,6,NA
51.8667,10.3333,1973-06-23,7.65999982878566,17.8499996010214,12.7549997149035,1973,6,NA
51.8667,10.3333,1973-06-24,10.3699997682124,16.909999622032,13.6399996951222,1973,6,NA
51.8667,10.3333,1973-06-25,11.7199997380376,20.5699995402247,16.1449996391311,1973,6,NA
51.8667,10.3333,1973-06-26,10.9899997543544,23.2099994812161,17.0999996177852,1973,6,NA
51.8667,10.3333,1973-06-27,11.3899997454137,25.239999435842,18.3149995906278,1973,6,NA
51.8667,10.3333,1973-06-28,13.7199996933341,28.3699993658811,21.0449995296076,1973,6,NA
51.8667,10.3333,1973-06-29,14.8399996683002,25.4699994307011,20.1549995495006,1973,6,NA
51.8667,10.3333,1973-06-30,12.1099997293204,18.3299995902926,15.2199996598065,1973,6,NA
51.8667,10.3333,1973-07-01,10.4799997657537,22.1699995044619,16.3249996351078,1973,7,NA
51.8667,10.3333,1973-07-02,10.9399997554719,24.4499994534999,17.6949996044859,1973,7,NA
51.8667,10.3333,1973-07-03,12.4799997210503,25.0699994396418,18.774999580346,1973,7,NA
51.8667,10.3333,1973-07-04,14.5399996750057,26.2999994121492,20.4199995435774,1973,7,NA
51.8667,10.3333,1973-07-05,14.089999685064,24.7099994476885,19.3999995663762,1973,7,NA
51.8667,10.3333,1973-07-06,14.5799996741116,26.1799994148314,20.3799995444715,1973,7,NA
51.8667,10.3333,1973-07-07,15.189999660477,27.3599993884563,21.2749995244667,1973,7,NA
51.8667,10.3333,1973-07-08,16.2599996365607,20.7599995359778,18.5099995862693,1973,7,NA
51.8667,10.3333,1973-07-09,12.5299997199327,17.8899996001273,15.20999966003,1973,7,NA
51.8667,10.3333,1973-07-10,6.91999984532595,17.4099996108562,12.1649997280911,1973,7,NA
51.8667,10.3333,1973-07-11,6.80999984778464,21.1699995268136,13.9899996872991,1973,7,NA
51.8667,10.3333,1973-07-12,11.5299997422844,19.4199995659292,15.4749996541068,1973,7,NA
51.8667,10.3333,1973-07-13,12.929999710992,18.4099995885044,15.6699996497482,1973,7,NA
51.8667,10.3333,1973-07-14,11.5099997427315,15.9299996439368,13.7199996933341,1973,7,NA
51.8667,10.3333,1973-07-15,9.50999978743494,20.1999995484948,14.8549996679649,1973,7,NA
51.8667,10.3333,1973-07-16,14.2699996810406,19.1499995719641,16.7099996265024,1973,7,NA
51.8667,10.3333,1973-07-17,12.9999997094274,21.54999951832,17.2749996138737,1973,7,NA
51.8667,10.3333,1973-07-18,12.2599997259676,18.7999995797873,15.5299996528774,1973,7,NA
51.8667,10.3333,1973-07-19,10.8599997572601,17.0399996191263,13.9499996881932,1973,7,NA
51.8667,10.3333,1973-07-20,10.2899997700006,18.5499995853752,14.4199996776879,1973,7,NA
51.8667,10.3333,1973-07-21,11.2999997474253,17.9299995992333,14.6149996733293,1973,7,NA
51.8667,10.3333,1973-07-22,10.4599997662008,17.0599996186793,13.75999969244,1973,7,NA
51.8667,10.3333,1973-07-23,10.7599997594953,17.6699996050447,14.21499968227,1973,7,NA
51.8667,10.3333,1973-07-24,8.28999981470406,14.5899996738881,11.4399997442961,1973,7,NA
51.8667,10.3333,1973-07-25,6.8899998459965,13.0399997085333,9.96499977726489,1973,7,NA
51.8667,10.3333,1973-07-26,8.31999981403351,16.1399996392429,12.2299997266382,1973,7,NA
51.8667,10.3333,1973-07-27,11.169999750331,13.8899996895343,12.5299997199327,1973,7,NA
51.8667,10.3333,1973-07-28,9.37999979034066,12.9699997100979,11.1749997502193,1973,7,NA
51.8667,10.3333,1973-07-29,9.89999977871776,20.63999953866,15.2699996586889,1973,7,NA
51.8667,10.3333,1973-07-30,10.629999762401,21.1399995274842,15.8849996449426,1973,7,NA
51.8667,10.3333,1973-07-31,11.3599997460842,19.229999570176,15.2949996581301,1973,7,NA
51.8667,10.3333,1973-08-01,9.36999979056418,19.3399995677173,14.3549996791407,1973,8,NA
51.8667,10.3333,1973-08-02,10.3799997679889,23.7999994680285,17.0899996180087,1973,8,NA
51.8667,10.3333,1973-08-03,11.9799997322261,25.239999435842,18.6099995840341,1973,8,NA
51.8667,10.3333,1973-08-04,13.6599996946752,21.4099995214492,17.5349996080622,1973,8,NA
51.8667,10.3333,1973-08-05,12.2799997255206,18.6899995822459,15.4849996538833,1973,8,NA
51.8667,10.3333,1973-08-06,12.8199997134507,19.6199995614588,16.2199996374547,1973,8,NA
51.8667,10.3333,1973-08-07,14.1299996841699,27.8599993772805,20.9949995307252,1973,8,NA
51.8667,10.3333,1973-08-08,12.4099997226149,24.1699994597584,18.2899995911866,1973,8,NA
51.8667,10.3333,1973-08-09,8.49999981001019,14.919999666512,11.7099997382611,1973,8,NA
51.8667,10.3333,1973-08-10,6.10999986343086,17.9899995978922,12.0499997306615,1973,8,NA
51.8667,10.3333,1973-08-11,9.18999979458749,25.3499994333833,17.2699996139854,1973,8,NA
51.8667,10.3333,1973-08-12,12.4799997210503,23.9099994655699,18.1949995933101,1973,8,NA
51.8667,10.3333,1973-08-13,12.5399997197092,21.7399995140731,17.1399996168911,1973,8,NA
51.8667,10.3333,1973-08-14,8.34999981336296,21.9499995093793,15.1499996613711,1973,8,NA
51.8667,10.3333,1973-08-15,10.0999997742474,22.7899994906038,16.4449996324256,1973,8,NA
51.8667,10.3333,1973-08-16,10.8199997581542,23.1799994818866,16.9999996200204,1973,8,NA
51.8667,10.3333,1973-08-17,10.8399997577071,24.8099994454533,17.8249996015802,1973,8,NA
51.8667,10.3333,1973-08-18,11.76999973692,26.6099994052202,19.1899995710701,1973,8,NA
51.8667,10.3333,1973-08-19,14.0599996857345,23.3499994780868,18.7049995819107,1973,8,NA
51.8667,10.3333,1973-08-20,13.7099996935576,23.4599994756281,18.5849995845929,1973,8,NA
51.8667,10.3333,1973-08-21,14.1299996841699,20.9999995306134,17.5649996073917,1973,8,NA
51.8667,10.3333,1973-08-22,8.68999980576336,16.2899996358901,12.4899997208267,1973,8,NA
51.8667,10.3333,1973-08-23,3.21999992802739,15.8299996461719,9.52499978709966,1973,8,NA
51.8667,10.3333,1973-08-24,3.85999991372228,21.1499995272607,12.5049997204915,1973,8,NA
51.8667,10.3333,1973-08-25,7.77999982610345,22.4799994975328,15.1299996618181,1973,8,NA
51.8667,10.3333,1973-08-26,7.63999982923269,18.9499995764345,13.2949997028336,1973,8,NA
51.8667,10.3333,1973-08-27,9.2999997921288,21.2699995245785,15.2849996583536,1973,8,NA
51.8667,10.3333,1973-08-28,9.68999978341162,23.249999480322,16.4699996318668,1973,8,NA
51.8667,10.3333,1973-08-29,10.1399997733533,24.0799994617701,17.1099996175617,1973,8,NA
51.8667,10.3333,1973-08-30,9.46999978832901,22.2299995031208,15.8499996457249,1973,8,NA
51.8667,10.3333,1973-08-31,11.3999997451901,17.6799996048212,14.5399996750057,1973,8,NA
51.8667,10.3333,1973-09-01,9.20999979414046,16.1199996396899,12.6649997169152,1973,9,NA
51.8667,10.3333,1973-09-02,9.55999978631735,19.9499995540828,14.7549996702,1973,9,NA
51.8667,10.3333,1973-09-03,12.7399997152388,16.9599996209145,14.8499996680766,1973,9,NA
51.8667,10.3333,1973-09-04,12.8999997116625,19.0899995733052,15.9949996424839,1973,9,NA
51.8667,10.3333,1973-09-05,12.8999997116625,24.3299994561821,18.6149995839223,1973,9,NA
51.8667,10.3333,1973-09-06,14.4899996761233,28.2499993685633,21.3699995223433,1973,9,NA
51.8667,10.3333,1973-09-07,14.7799996696413,26.2599994130433,20.5199995413423,1973,9,NA
51.8667,10.3333,1973-09-08,13.4799996986985,22.5199994966388,17.9999995976686,1973,9,NA
51.8667,10.3333,1973-09-09,10.4699997659773,22.9899994861335,16.7299996260554,1973,9,NA
51.8667,10.3333,1973-09-10,11.5299997422844,23.8999994657934,17.7149996040389,1973,9,NA
51.8667,10.3333,1973-09-11,8.039999820292,16.079999640584,12.059999730438,1973,9,NA
51.8667,10.3333,1973-09-12,6.30999985896051,11.8899997342378,9.09999979659915,1973,9,NA
51.8667,10.3333,1973-09-13,4.2499999050051,11.5699997413903,7.90999982319772,1973,9,NA
51.8667,10.3333,1973-09-14,7.15999983996153,15.479999653995,11.3199997469783,1973,9,NA
51.8667,10.3333,1973-09-15,2.38999994657934,17.6299996059388,10.0099997762591,1973,9,NA
51.8667,10.3333,1973-09-16,4.10999990813434,21.6799995154142,12.8949997117743,1973,9,NA
51.8667,10.3333,1973-09-17,6.79999984800816,23.4399994760752,15.1199996620417,1973,9,NA
51.8667,10.3333,1973-09-18,11.749999737367,17.8299996014684,14.7899996694177,1973,9,NA
51.8667,10.3333,1973-09-19,9.5299997869879,18.3199995905161,13.924999688752,1973,9,NA
51.8667,10.3333,1973-09-20,9.84999977983534,18.3299995902926,14.089999685064,1973,9,NA
51.8667,10.3333,1973-09-21,10.0799997746944,15.229999659583,12.6549997171387,1973,9,NA
51.8667,10.3333,1973-09-22,9.68999978341162,14.4799996763468,12.0849997298792,1973,9,NA
51.8667,10.3333,1973-09-23,6.1999998614192,10.339999768883,8.2699998151511,1973,9,NA
51.8667,10.3333,1973-09-24,3.48999992199242,14.5999996736646,9.0449997978285,1973,9,NA
51.8667,10.3333,1973-09-25,5.95999986678362,11.2899997476488,8.62499980721623,1973,9,NA
51.8667,10.3333,1973-09-26,5.36999987997115,10.4999997653067,7.93499982263893,1973,9,NA
51.8667,10.3333,1973-09-27,6.76999984867871,11.5899997409433,9.17999979481101,1973,9,NA
51.8667,10.3333,1973-09-28,6.5999998524785,10.9499997552484,8.77499980386347,1973,9,NA
51.8667,10.3333,1973-09-29,7.99999982118607,13.1199997067451,10.5599997639656,1973,9,NA
51.8667,10.3333,1973-09-30,6.47999985516071,11.4299997445196,8.95499979984015,1973,9,NA
51.8667,10.3333,1973-10-01,4.83999989181757,8.4399998113513,6.63999985158443,1973,10,1974
51.8667,10.3333,1973-10-02,3.74999991618097,12.6899997163564,8.21999981626868,1973,10,1974
51.8667,10.3333,1973-10-03,1.82999995909631,14.4299996774644,8.12999981828034,1973,10,1974
51.8667,10.3333,1973-10-04,4.20999990589917,13.3299997020513,8.76999980397522,1973,10,1974
51.8667,10.3333,1973-10-05,7.43999983370304,16.5299996305257,11.9849997321144,1973,10,1974
51.8667,10.3333,1973-10-06,5.98999986611307,19.2399995699525,12.6149997180328,1973,10,1974
51.8667,10.3333,1973-10-07,6.62999985180795,17.8099996019155,12.2199997268617,1973,10,1974
51.8667,10.3333,1973-10-08,9.13999979570508,12.7199997156858,10.9299997556955,1973,10,1974
51.8667,10.3333,1973-10-09,8.97999979928136,11.6499997396022,10.3149997694418,1973,10,1974
51.8667,10.3333,1973-10-10,7.82999982498586,12.3899997230619,10.1099997740239,1973,10,1974
51.8667,10.3333,1973-10-11,6.29999985918403,10.5099997650832,8.40499981213361,1973,10,1974
51.8667,10.3333,1973-10-12,0.539999987930059,9.27999979257584,4.90999989025295,1973,10,1974
51.8667,10.3333,1973-10-13,-1.57999996468425,5.24999988265336,1.83499995898455,1973,10,1974
51.8667,10.3333,1973-10-14,-3.06999993138015,3.9599999114871,0.444999990053475,1973,10,1974
51.8667,10.3333,1973-10-15,-1.56999996490777,9.40999978967011,3.91999991238117,1973,10,1974
51.8667,10.3333,1973-10-16,4.22999990545213,10.1599997729063,7.19499983917922,1973,10,1974
51.8667,10.3333,1973-10-17,5.00999988801777,8.82999980263412,6.91999984532595,1973,10,1974
51.8667,10.3333,1973-10-18,1.64999996311963,8.3799998126924,5.01499988790601,1973,10,1974
51.8667,10.3333,1973-10-19,0.26999999396503,3.35999992489815,1.81499995943159,1973,10,1974
51.8667,10.3333,1973-10-20,-0.119999997317791,4.66999989561737,2.27499994914979,1973,10,1974
51.8667,10.3333,1973-10-21,0.0899999979883432,6.40999985672534,3.24999992735684,1973,10,1974
51.8667,10.3333,1973-10-22,2.98999993316829,7.92999982275069,5.45999987795949,1973,10,1974
51.8667,10.3333,1973-10-23,0.869999980553985,5.9699998665601,3.41999992355704,1973,10,1974
51.8667,10.3333,1973-10-24,2.87999993562698,7.20999983884394,5.04499988723546,1973,10,1974
51.8667,10.3333,1973-10-25,-0.609999986365438,5.14999988488853,2.26999994926155,1973,10,1974
51.8667,10.3333,1973-10-26,-0.209999995306134,7.62999982945621,3.70999991707504,1973,10,1974
51.8667,10.3333,1973-10-27,2.44999994523823,10.2699997704476,6.35999985784292,1973,10,1974
51.8667,10.3333,1973-10-28,0.649999985471368,11.459999743849,6.0549998646602,1973,10,1974
51.8667,10.3333,1973-10-29,-0.139999996870756,10.4199997670949,5.13999988511205,1973,10,1974
51.8667,10.3333,1973-10-30,3.33999992534518,7.3499998357147,5.34499988052994,1973,10,1974
51.8667,10.3333,1973-10-31,2.8699999358505,7.68999982811511,5.2799998819828,1973,10,1974
51.8667,10.3333,1973-11-01,1.11999997496605,7.89999982342124,4.50999989919364,1973,11,1974
51.8667,10.3333,1973-11-02,-1.59999996423721,7.60999982990324,3.00499993283302,1973,11,1974
51.8667,10.3333,1973-11-03,-2.009999955073,8.87999980151653,3.43499992322177,1973,11,1974
51.8667,10.3333,1973-11-04,-0.749999983236194,11.8099997360259,5.52999987639487,1973,11,1974
51.8667,10.3333,1973-11-05,0.739999983459711,12.619999717921,6.67999985069036,1973,11,1974
51.8667,10.3333,1973-11-06,6.22999986074865,11.5899997409433,8.90999980084598,1973,11,1974
51.8667,10.3333,1973-11-07,1.55999996513128,7.20999983884394,4.38499990198761,1973,11,1974
51.8667,10.3333,1973-11-08,1.47999996691942,4.46999990008771,2.97499993350357,1973,11,1974
51.8667,10.3333,1973-11-09,2.97999993339181,7.04999984242022,5.01499988790601,1973,11,1974
51.8667,10.3333,1973-11-10,6.37999985739589,8.98999979905784,7.68499982822686,1973,11,1974
51.8667,10.3333,1973-11-11,5.21999988332391,7.0599998421967,6.13999986276031,1973,11,1974
51.8667,10.3333,1973-11-12,2.90999993495643,6.07999986410141,4.49499989952892,1973,11,1974
51.8667,10.3333,1973-11-13,1.64999996311963,3.53999992087483,2.59499994199723,1973,11,1974
51.8667,10.3333,1973-11-14,1.90999995730817,5.46999987773597,3.68999991752207,1973,11,1974
51.8667,10.3333,1973-11-15,0.369999991729856,3.41999992355704,1.89499995764345,1973,11,1974
51.8667,10.3333,1973-11-16,0.439999990165234,3.59999991953373,2.01999995484948,1973,11,1974
51.8667,10.3333,1973-11-17,0.469999989494681,2.67999994009733,1.57499996479601,1973,11,1974
51.8667,10.3333,1973-11-18,-0.129999997094274,1.79999995976686,0.834999981336296,1973,11,1974
51.8667,10.3333,1973-11-19,-1.80999995954335,2.62999994121492,0.409999990835786,1973,11,1974
51.8667,10.3333,1973-11-20,-0.459999989718199,4.37999990209937,1.95999995619059,1973,11,1974
51.8667,10.3333,1973-11-21,1.42999996803701,3.65999991819263,2.54499994311482,1973,11,1974
51.8667,10.3333,1973-11-22,0.289999993517995,3.66999991796911,1.97999995574355,1973,11,1974
51.8667,10.3333,1973-11-23,-1.03999997675419,5.85999986901879,2.4099999461323,1973,11,1974
51.8667,10.3333,1973-11-24,1.719999961555,4.84999989159405,3.28499992657453,1973,11,1974
51.8667,10.3333,1973-11-25,3.14999992959201,7.81999982520938,5.4849998774007,1973,11,1974
51.8667,10.3333,1973-11-26,-1.62999996356666,7.12999984063208,2.74999993853271,1973,11,1974
51.8667,10.3333,1973-11-27,-3.85999991372228,-0.909999979659915,-2.3849999466911,1973,11,1974
51.8667,10.3333,1973-11-28,-3.69999991729856,-1.02999997697771,-2.36499994713813,1973,11,1974
51.8667,10.3333,1973-11-29,-5.3399998806417,-2.58999994210899,-3.96499991137534,1973,11,1974
51.8667,10.3333,1973-11-30,-7.15999983996153,-2.54999994300306,-4.85499989148229,1973,11,1974
51.8667,10.3333,1973-12-01,-14.1399996839464,-4.49999989941716,-9.31999979168177,1973,12,1974
51.8667,10.3333,1973-12-02,-14.7499996703118,-7.37999983504415,-11.064999752678,1973,12,1974
51.8667,10.3333,1973-12-03,-10.7999997586012,-6.50999985449016,-8.65499980654567,1973,12,1974
51.8667,10.3333,1973-12-04,-9.89999977871776,-4.16999990679324,-7.0349998427555,1973,12,1974
51.8667,10.3333,1973-12-05,-4.25999990478158,2.76999993808568,-0.744999983347952,1973,12,1974
51.8667,10.3333,1973-12-06,0.369999991729856,2.61999994143844,1.49499996658415,1973,12,1974
51.8667,10.3333,1973-12-07,0.65999998524785,4.53999989852309,2.59999994188547,1973,12,1974
51.8667,10.3333,1973-12-08,-1.02999997697771,1.35999996960163,0.164999996311963,1973,12,1974
51.8667,10.3333,1973-12-09,-1.80999995954335,5.84999986924231,2.01999995484948,1973,12,1974
51.8667,10.3333,1973-12-10,-10.3099997695535,-1.62999996356666,-5.9699998665601,1973,12,1974
51.8667,10.3333,1973-12-11,-11.1299997512251,-1.61999996379018,-6.37499985750765,1973,12,1974
51.8667,10.3333,1973-12-12,-6.01999986544251,-1.50999996624887,-3.76499991584569,1973,12,1974
51.8667,10.3333,1973-12-13,-2.05999995395541,0.219999995082617,-0.919999979436398,1973,12,1974
51.8667,10.3333,1973-12-14,-0.61999998614192,1.68999996222556,0.534999988041818,1973,12,1974
51.8667,10.3333,1973-12-15,-2.38999994657934,0.799999982118607,-0.794999982230365,1973,12,1974
51.8667,10.3333,1973-12-16,-3.24999992735684,-1.40999996848404,-2.32999994792044,1973,12,1974
51.8667,10.3333,1973-12-17,-2.2399999499321,0.0399999991059303,-1.09999997541308,1973,12,1974
51.8667,10.3333,1973-12-18,-1.29999997094274,0.599999986588955,-0.34999999217689,1973,12,1974
51.8667,10.3333,1973-12-19,-1.92999995686114,-0.599999986588955,-1.26499997172505,1973,12,1974
51.8667,10.3333,1973-12-20,-3.77999991551042,-0.00999999977648258,-1.89499995764345,1973,12,1974
51.8667,10.3333,1973-12-21,-3.51999992132187,5.09999988600612,0.789999982342124,1973,12,1974
51.8667,10.3333,1973-12-22,-1.8399999588728,4.00999991036952,1.08499997574836,1973,12,1974
51.8667,10.3333,1973-12-23,0.0199999995529652,4.82999989204109,2.42499994579703,1973,12,1974
51.8667,10.3333,1973-12-24,2.36999994702637,5.91999986767769,4.14499990735203,1973,12,1974
51.8667,10.3333,1973-12-25,0.679999984800816,8.06999981962144,4.37499990221113,1973,12,1974
51.8667,10.3333,1973-12-26,-0.949999978765845,2.79999993741512,0.924999979324639,1973,12,1974
51.8667,10.3333,1973-12-27,-1.42999996803701,0.179999995976686,-0.624999986030161,1973,12,1974
51.8667,10.3333,1973-12-28,-0.399999991059303,2.78999993763864,1.19499997328967,1973,12,1974
51.8667,10.3333,1973-12-29,2.18999995104969,3.54999992065132,2.8699999358505,1973,12,1974
51.8667,10.3333,1973-12-30,2.34999994747341,4.29999990388751,3.32499992568046,1973,12,1974
51.8667,10.3333,1973-12-31,-1.32999997027218,4.39999990165234,1.53499996569008,1973,12,1974
51.8667,10.3333,1974-01-01,-3.33999992534518,0.869999980553985,-1.2349999723956,1974,1,1974
51.8667,10.3333,1974-01-02,-5.12999988533556,-0.419999990612268,-2.77499993797392,1974,1,1974
51.8667,10.3333,1974-01-03,-6.04999986477196,-1.11999997496605,-3.58499991986901,1974,1,1974
51.8667,10.3333,1974-01-04,-4.05999990925193,2.44999994523823,-0.804999982006848,1974,1,1974
51.8667,10.3333,1974-01-05,-3.37999992445111,2.95999993383884,-0.209999995306134,1974,1,1974
51.8667,10.3333,1974-01-06,-0.0199999995529652,6.22999986074865,3.10499993059784,1974,1,1974
51.8667,10.3333,1974-01-07,-0.109999997541308,4.80999989248812,2.34999994747341,1974,1,1974
51.8667,10.3333,1974-01-08,0.699999984353781,3.59999991953373,2.14999995194376,1974,1,1974
51.8667,10.3333,1974-01-09,0.489999989047647,3.58999991975725,2.03999995440245,1974,1,1974
51.8667,10.3333,1974-01-10,-0.30999999307096,3.47999992221594,1.58499996457249,1974,1,1974
51.8667,10.3333,1974-01-11,-1.10999997518957,2.74999993853271,0.819999981671572,1974,1,1974
51.8667,10.3333,1974-01-12,1.38999996893108,5.42999987863004,3.40999992378056,1974,1,1974
51.8667,10.3333,1974-01-13,1.27999997138977,7.19999983906746,4.23999990522861,1974,1,1974
51.8667,10.3333,1974-01-14,3.81999991461635,8.98999979905784,6.40499985683709,1974,1,1974
51.8667,10.3333,1974-01-15,3.77999991551042,7.29999983683228,5.53999987617135,1974,1,1974
51.8667,10.3333,1974-01-16,5.66999987326562,9.46999978832901,7.56999983079731,1974,1,1974
51.8667,10.3333,1974-01-17,1.67999996244907,9.55999978631735,5.61999987438321,1974,1,1974
51.8667,10.3333,1974-01-18,0.65999998524785,8.86999980174005,4.76499989349395,1974,1,1974
51.8667,10.3333,1974-01-19,1.27999997138977,6.05999986454844,3.66999991796911,1974,1,1974
51.8667,10.3333,1974-01-20,4.96999988891184,6.33999985828996,5.6549998736009,1974,1,1974
51.8667,10.3333,1974-01-21,2.71999993920326,5.14999988488853,3.9349999120459,1974,1,1974
51.8667,10.3333,1974-01-22,-1.79999995976686,7.62999982945621,2.91499993484467,1974,1,1974
51.8667,10.3333,1974-01-23,-2.91999993473291,1.42999996803701,-0.744999983347952,1974,1,1974
51.8667,10.3333,1974-01-24,-2.1799999512732,3.79999991506338,0.809999981895089,1974,1,1974
51.8667,10.3333,1974-01-25,2.89999993517995,4.51999989897013,3.70999991707504,1974,1,1974
51.8667,10.3333,1974-01-26,2.05999995395541,4.2499999050051,3.15499992948025,1974,1,1974
51.8667,10.3333,1974-01-27,-0.119999997317791,4.75999989360571,2.31999994814396,1974,1,1974
51.8667,10.3333,1974-01-28,-0.57999998703599,4.04999990947545,1.73499996121973,1974,1,1974
51.8667,10.3333,1974-01-29,-1.26999997161329,4.02999990992248,1.3799999691546,1974,1,1974
51.8667,10.3333,1974-01-30,2.12999995239079,6.03999986499548,4.08499990869313,1974,1,1974
51.8667,10.3333,1974-01-31,-1.04999997653067,5.17999988421798,2.06499995384365,1974,1,1974
51.8667,10.3333,1974-02-01,0.519999988377094,6.3699998576194,3.44499992299825,1974,2,1974
51.8667,10.3333,1974-02-02,2.16999995149672,8.17999981716275,5.17499988432974,1974,2,1974
51.8667,10.3333,1974-02-03,1.86999995820224,7.54999983124435,4.7099998947233,1974,2,1974
51.8667,10.3333,1974-02-04,-0.679999984800816,5.72999987192452,2.52499994356185,1974,2,1974
51.8667,10.3333,1974-02-05,-3.02999993227422,3.70999991707504,0.339999992400408,1974,2,1974
51.8667,10.3333,1974-02-06,-2.18999995104969,2.19999995082617,0.00499999988824129,1974,2,1974
51.8667,10.3333,1974-02-07,-0.909999979659915,2.13999995216727,0.614999986253679,1974,2,1974
51.8667,10.3333,1974-02-08,-1.4899999666959,0.0799999982118607,-0.704999984242022,1974,2,1974
51.8667,10.3333,1974-02-09,-1.1499999742955,0.839999981224537,-0.15499999653548,1974,2,1974
51.8667,10.3333,1974-02-10,-0.869999980553985,6.81999984756112,2.97499993350357,1974,2,1974
51.8667,10.3333,1974-02-11,3.76999991573393,7.43999983370304,5.60499987471849,1974,2,1974
51.8667,10.3333,1974-02-12,5.65999987348914,10.9999997541308,8.32999981380999,1974,2,1974
51.8667,10.3333,1974-02-13,4.62999989651144,10.5199997648597,7.57499983068556,1974,2,1974
51.8667,10.3333,1974-02-14,-0.199999995529652,6.75999984890223,3.27999992668629,1974,2,1974
51.8667,10.3333,1974-02-15,0.709999984130263,5.43999987840652,3.07499993126839,1974,2,1974
51.8667,10.3333,1974-02-16,-2.53999994322658,6.21999986097217,1.8399999588728,1974,2,1974
51.8667,10.3333,1974-02-17,0.179999995976686,7.15999983996153,3.66999991796911,1974,2,1974
51.8667,10.3333,1974-02-18,-0.709999984130263,5.11999988555908,2.20499995071441,1974,2,1974
51.8667,10.3333,1974-02-19,0.609999986365438,3.51999992132187,2.06499995384365,1974,2,1974
51.8667,10.3333,1974-02-20,-0.689999984577298,1.21999997273088,0.264999994076788,1974,2,1974
51.8667,10.3333,1974-02-21,-4.6499998960644,0.589999986812472,-2.02999995462596,1974,2,1974
51.8667,10.3333,1974-02-22,-4.39999990165234,1.13999997451901,-1.62999996356666,1974,2,1974
51.8667,10.3333,1974-02-23,0.779999982565641,4.61999989673495,2.6999999396503,1974,2,1974
51.8667,10.3333,1974-02-24,-0.00999999977648258,3.83999991416931,1.91499995719641,1974,2,1974
51.8667,10.3333,1974-02-25,-1.85999995842576,2.06999995373189,0.104999997653067,1974,2,1974
51.8667,10.3333,1974-02-26,-1.87999995797873,0.139999996870756,-0.869999980553985,1974,2,1974
51.8667,10.3333,1974-02-27,-3.45999992266297,-0.359999991953373,-1.90999995730817,1974,2,1974
51.8667,10.3333,1974-02-28,-4.42999990098178,0.339999992400408,-2.04499995429069,1974,2,1974
51.8667,10.3333,1974-03-01,-3.63999991863966,2.55999994277954,-0.539999987930059,1974,3,1974
51.8667,10.3333,1974-03-02,-3.81999991461635,4.35999990254641,0.26999999396503,1974,3,1974
51.8667,10.3333,1974-03-03,-1.10999997518957,2.04999995417893,0.469999989494681,1974,3,1974
51.8667,10.3333,1974-03-04,-0.649999985471368,4.07999990880489,1.71499996166676,1974,3,1974
51.8667,10.3333,1974-03-05,-1.85999995842576,3.25999992713332,0.699999984353781,1974,3,1974
51.8667,10.3333,1974-03-06,-0.239999994635582,4.74999989382923,2.25499994959682,1974,3,1974
51.8667,10.3333,1974-03-07,-0.899999979883432,3.01999993249774,1.05999997630715,1974,3,1974
51.8667,10.3333,1974-03-08,-2.66999994032085,0.339999992400408,-1.16499997396022,1974,3,1974
51.8667,10.3333,1974-03-09,-3.47999992221594,-0.369999991729856,-1.9249999569729,1974,3,1974
51.8667,10.3333,1974-03-10,-3.14999992959201,0.289999993517995,-1.42999996803701,1974,3,1974
51.8667,10.3333,1974-03-11,-4.019999910146,0.869999980553985,-1.57499996479601,1974,3,1974
51.8667,10.3333,1974-03-12,-1.65999996289611,3.51999992132187,0.92999997921288,1974,3,1974
51.8667,10.3333,1974-03-13,-1.73999996110797,9.22999979369342,3.74499991629273,1974,3,1974
51.8667,10.3333,1974-03-14,0.479999989271164,5.14999988488853,2.81499993707985,1974,3,1974
51.8667,10.3333,1974-03-15,-1.19999997317791,4.1899999063462,1.49499996658415,1974,3,1974
51.8667,10.3333,1974-03-16,-0.749999983236194,3.81999991461635,1.53499996569008,1974,3,1974
51.8667,10.3333,1974-03-17,-0.409999990835786,5.47999987751245,2.53499994333833,1974,3,1974
51.8667,10.3333,1974-03-18,4.43999990075827,8.44999981112778,6.44499985594302,1974,3,1974
51.8667,10.3333,1974-03-19,2.96999993361533,10.4699997659773,6.7199998497963,1974,3,1974
51.8667,10.3333,1974-03-20,2.76999993808568,8.6699998062104,5.71999987214804,1974,3,1974
51.8667,10.3333,1974-03-21,3.48999992199242,14.0099996868521,8.74999980442226,1974,3,1974
51.8667,10.3333,1974-03-22,3.30999992601573,12.2199997268617,7.76499982643872,1974,3,1974
51.8667,10.3333,1974-03-23,0.499999988824129,8.35999981313944,4.42999990098178,1974,3,1974
51.8667,10.3333,1974-03-24,2.83999993652105,9.09999979659915,5.9699998665601,1974,3,1974
51.8667,10.3333,1974-03-25,2.41999994590878,8.48999981023371,5.45499987807125,1974,3,1974
51.8667,10.3333,1974-03-26,1.45999996736646,13.2799997031689,7.36999983526766,1974,3,1974
51.8667,10.3333,1974-03-27,3.92999991215765,15.1099996622652,9.51999978721142,1974,3,1974
51.8667,10.3333,1974-03-28,3.66999991796911,16.2999996356666,9.98499977681786,1974,3,1974
51.8667,10.3333,1974-03-29,3.40999992378056,16.079999640584,9.74499978218228,1974,3,1974
51.8667,10.3333,1974-03-30,5.97999986633658,14.7599996700883,10.3699997682124,1974,3,1974
51.8667,10.3333,1974-03-31,5.48999987728894,15.20999966003,10.3499997686595,1974,3,1974
51.8667,10.3333,1974-04-01,1.98999995552003,13.0299997087568,7.50999983213842,1974,4,1974
51.8667,10.3333,1974-04-02,3.33999992534518,12.4599997214973,7.89999982342124,1974,4,1974
51.8667,10.3333,1974-04-03,3.11999993026257,14.0799996852875,8.59999980777502,1974,4,1974
51.8667,10.3333,1974-04-04,0.479999989271164,14.7899996694177,7.63499982934445,1974,4,1974
51.8667,10.3333,1974-04-05,2.1799999512732,14.6699996720999,8.42499981168658,1974,4,1974
51.8667,10.3333,1974-04-06,0.989999977871776,11.7099997382611,6.34999985806644,1974,4,1974
51.8667,10.3333,1974-04-07,1.58999996446073,13.7099996935576,7.64999982900918,1974,4,1974
51.8667,10.3333,1974-04-08,1.719999961555,15.0399996638298,8.3799998126924,1974,4,1974
51.8667,10.3333,1974-04-09,0.0699999984353781,15.2199996598065,7.64499982912093,1974,4,1974
51.8667,10.3333,1974-04-10,1.27999997138977,17.8799996003509,9.57999978587031,1974,4,1974
51.8667,10.3333,1974-04-11,2.26999994926155,19.2999995686114,10.7849997589365,1974,4,1974
51.8667,10.3333,1974-04-12,4.59999989718199,18.7999995797873,11.6999997384846,1974,4,1974
51.8667,10.3333,1974-04-13,2.09999995306134,9.5899997856468,5.84499986935407,1974,4,1974
51.8667,10.3333,1974-04-14,-2.65999994054437,6.8899998459965,2.11499995272607,1974,4,1974
51.8667,10.3333,1974-04-15,-3.7899999152869,7.81999982520938,2.01499995496124,1974,4,1974
51.8667,10.3333,1974-04-16,-1.23999997228384,7.60999982990324,3.1849999288097,1974,4,1974
51.8667,10.3333,1974-04-17,-0.209999995306134,6.29999985918403,3.04499993193895,1974,4,1974
51.8667,10.3333,1974-04-18,-3.29999992623925,6.98999984376132,1.84499995876104,1974,4,1974
51.8667,10.3333,1974-04-19,-2.68999993987381,9.1299997959286,3.21999992802739,1974,4,1974
51.8667,10.3333,1974-04-20,-0.57999998703599,11.3799997456372,5.39999987930059,1974,4,1974
51.8667,10.3333,1974-04-21,2.28999994881451,8.86999980174005,5.57999987527728,1974,4,1974
51.8667,10.3333,1974-04-22,3.08999993093312,9.24999979324639,6.16999986208975,1974,4,1974
51.8667,10.3333,1974-04-23,0.219999995082617,12.5499997194856,6.38499985728413,1974,4,1974
51.8667,10.3333,1974-04-24,1.24999997206032,8.08999981917441,4.66999989561737,1974,4,1974
51.8667,10.3333,1974-04-25,1.72999996133149,8.98999979905784,5.35999988019466,1974,4,1974
51.8667,10.3333,1974-04-26,0.239999994635582,6.76999984867871,3.50499992165715,1974,4,1974
51.8667,10.3333,1974-04-27,-2.37999994680285,5.45999987795949,1.53999996557832,1974,4,1974
51.8667,10.3333,1974-04-28,-1.45999996736646,7.40999983437359,2.97499993350357,1974,4,1974
51.8667,10.3333,1974-04-29,1.719999961555,10.3099997695535,6.01499986555427,1974,4,1974
51.8667,10.3333,1974-04-30,6.94999984465539,9.93999977782369,8.44499981123954,1974,4,1974
51.8667,10.3333,1974-05-01,7.31999983638525,11.9399997331202,9.62999978475273,1974,5,NA
51.8667,10.3333,1974-05-02,5.5099998768419,10.1299997735769,7.81999982520938,1974,5,NA
51.8667,10.3333,1974-05-03,5.18999988399446,11.789999736473,8.48999981023371,1974,5,NA
51.8667,10.3333,1974-05-04,2.38999994657934,13.5299996975809,7.95999982208014,1974,5,NA
51.8667,10.3333,1974-05-05,6.029999865219,11.1499997507781,8.58999980799854,1974,5,NA
51.8667,10.3333,1974-05-06,1.96999995596707,7.31999983638525,4.64499989617616,1974,5,NA
51.8667,10.3333,1974-05-07,-0.279999993741512,2.26999994926155,0.994999977760017,1974,5,NA
51.8667,10.3333,1974-05-08,-0.449999989941716,5.86999986879528,2.70999993942678,1974,5,NA
51.8667,10.3333,1974-05-09,0.249999994412065,11.2199997492135,5.73499987181276,1974,5,NA
51.8667,10.3333,1974-05-10,2.16999995149672,12.4199997223914,7.29499983694404,1974,5,NA
51.8667,10.3333,1974-05-11,3.36999992467463,15.4199996553361,9.39499979000539,1974,5,NA
51.8667,10.3333,1974-05-12,7.12999984063208,14.8599996678531,10.9949997542426,1974,5,NA
51.8667,10.3333,1974-05-13,4.82999989204109,15.5299996528774,10.1799997724593,1974,5,NA
51.8667,10.3333,1974-05-14,6.62999985180795,18.3699995893985,12.4999997206032,1974,5,NA
51.8667,10.3333,1974-05-15,7.29999983683228,14.649999672547,10.9749997546896,1974,5,NA
51.8667,10.3333,1974-05-16,7.13999984040856,14.089999685064,10.6149997627363,1974,5,NA
51.8667,10.3333,1974-05-17,2.06999995373189,13.2999997027218,7.68499982822686,1974,5,NA
51.8667,10.3333,1974-05-18,2.19999995082617,14.9699996653944,8.5849998081103,1974,5,NA
51.8667,10.3333,1974-05-19,6.56999985314906,18.2999995909631,12.4349997220561,1974,5,NA
51.8667,10.3333,1974-05-20,7.09999984130263,21.0499995294958,14.0749996853992,1974,5,NA
51.8667,10.3333,1974-05-21,8.77999980375171,15.6399996504188,12.2099997270852,1974,5,NA
51.8667,10.3333,1974-05-22,4.65999989584088,16.1599996387959,10.4099997673184,1974,5,NA
51.8667,10.3333,1974-05-23,6.51999985426664,9.5299997869879,8.02499982062727,1974,5,NA
51.8667,10.3333,1974-05-24,4.71999989449978,11.479999743402,8.09999981895089,1974,5,NA
51.8667,10.3333,1974-05-25,3.50999992154539,12.6499997172505,8.07999981939793,1974,5,NA
51.8667,10.3333,1974-05-26,4.7099998947233,11.5899997409433,8.1499998178333,1974,5,NA
51.8667,10.3333,1974-05-27,5.81999986991286,10.2999997697771,8.05999981984496,1974,5,NA
51.8667,10.3333,1974-05-28,8.64999980665743,17.7699996028095,13.2099997047335,1974,5,NA
51.8667,10.3333,1974-05-29,8.51999980956316,18.4199995882809,13.469999698922,1974,5,NA
51.8667,10.3333,1974-05-30,6.04999986477196,13.0099997092038,9.5299997869879,1974,5,NA
51.8667,10.3333,1974-05-31,0.879999980330467,13.0699997078627,6.9749998440966,1974,5,NA
51.8667,10.3333,1974-06-01,5.17999988421798,10.6599997617304,7.91999982297421,1974,6,NA
51.8667,10.3333,1974-06-02,8.41999981179833,11.2199997492135,9.8199997805059,1974,6,NA
51.8667,10.3333,1974-06-03,8.04999982006848,17.9799995981157,13.0149997090921,1974,6,NA
51.8667,10.3333,1974-06-04,8.29999981448054,16.1299996394664,12.2149997269735,1974,6,NA
51.8667,10.3333,1974-06-05,4.97999988868833,13.7099996935576,9.34499979112297,1974,6,NA
51.8667,10.3333,1974-06-06,4.51999989897013,18.1699995938689,11.3449997464195,1974,6,NA
51.8667,10.3333,1974-06-07,7.47999983280897,15.6099996510893,11.5449997419491,1974,6,NA
51.8667,10.3333,1974-06-08,4.94999988935888,12.3199997246265,8.63499980699271,1974,6,NA
51.8667,10.3333,1974-06-09,4.4799998998642,12.2899997252971,8.38499981258065,1974,6,NA
51.8667,10.3333,1974-06-10,4.4799998998642,10.7199997603893,7.59999983012676,1974,6,NA
51.8667,10.3333,1974-06-11,1.719999961555,12.8499997127801,7.28499983716756,1974,6,NA
51.8667,10.3333,1974-06-12,3.11999993026257,11.2599997483194,7.18999983929098,1974,6,NA
51.8667,10.3333,1974-06-13,5.29999988153577,11.0799997523427,8.18999981693923,1974,6,NA
51.8667,10.3333,1974-06-14,6.12999986298382,16.6699996273965,11.3999997451901,1974,6,NA
51.8667,10.3333,1974-06-15,10.4999997653067,20.0699995514005,15.2849996583536,1974,6,NA
51.8667,10.3333,1974-06-16,10.2999997697771,21.1299995277077,15.7149996487424,1974,6,NA
51.8667,10.3333,1974-06-17,7.82999982498586,20.4299995433539,14.1299996841699,1974,6,NA
51.8667,10.3333,1974-06-18,8.70999980531633,22.5399994961917,15.624999650754,1974,6,NA
51.8667,10.3333,1974-06-19,11.2399997487664,17.1599996164441,14.1999996826053,1974,6,NA
51.8667,10.3333,1974-06-20,7.749999826774,16.1699996385723,11.9599997326732,1974,6,NA
51.8667,10.3333,1974-06-21,6.15999986231327,16.8899996224791,11.5249997423962,1974,6,NA
51.8667,10.3333,1974-06-22,6.47999985516071,16.0499996412545,11.2649997482076,1974,6,NA
51.8667,10.3333,1974-06-23,9.5299997869879,17.7699996028095,13.6499996948987,1974,6,NA
51.8667,10.3333,1974-06-24,10.6899997610599,19.5099995639175,15.0999996624887,1974,6,NA
51.8667,10.3333,1974-06-25,8.25999981537461,19.2199995703995,13.7399996928871,1974,6,NA
51.8667,10.3333,1974-06-26,8.94999979995191,22.08999950625,15.519999653101,1974,6,NA
51.8667,10.3333,1974-06-27,9.97999977692962,22.3199995011091,16.1499996390194,1974,6,NA
51.8667,10.3333,1974-06-28,11.3499997463077,16.369999634102,13.8599996902049,1974,6,NA
51.8667,10.3333,1974-06-29,9.65999978408217,12.8199997134507,11.2399997487664,1974,6,NA
51.8667,10.3333,1974-06-30,6.94999984465539,17.6899996045977,12.3199997246265,1974,6,NA
51.8667,10.3333,1974-07-01,9.68999978341162,17.8699996005744,13.779999691993,1974,7,NA
51.8667,10.3333,1974-07-02,10.5399997644126,14.4799996763468,12.5099997203797,1974,7,NA
51.8667,10.3333,1974-07-03,9.99999977648258,16.2699996363372,13.1349997064099,1974,7,NA
51.8667,10.3333,1974-07-04,8.1499998178333,16.8099996242672,12.4799997210503,1974,7,NA
51.8667,10.3333,1974-07-05,8.01999982073903,14.8799996674061,11.4499997440726,1974,7,NA
51.8667,10.3333,1974-07-06,9.27999979257584,14.4999996758997,11.8899997342378,1974,7,NA
51.8667,10.3333,1974-07-07,7.94999982230365,15.2999996580184,11.624999740161,1974,7,NA
51.8667,10.3333,1974-07-08,6.87999984622002,14.1999996826053,10.5399997644126,1974,7,NA
51.8667,10.3333,1974-07-09,7.1199998408556,17.2599996142089,12.1899997275323,1974,7,NA
51.8667,10.3333,1974-07-10,12.329999724403,18.1399995945394,15.2349996594712,1974,7,NA
51.8667,10.3333,1974-07-11,10.029999775812,16.369999634102,13.199999704957,1974,7,NA
51.8667,10.3333,1974-07-12,11.8499997351319,17.9499995987862,14.899999666959,1974,7,NA
51.8667,10.3333,1974-07-13,8.99999979883432,17.4699996095151,13.2349997041747,1974,7,NA
51.8667,10.3333,1974-07-14,10.6399997621775,17.5499996077269,14.0949996849522,1974,7,NA
51.8667,10.3333,1974-07-15,10.9499997552484,16.6999996267259,13.8249996909872,1974,7,NA
51.8667,10.3333,1974-07-16,8.65999980643392,18.3299995902926,13.4949996983632,1974,7,NA
51.8667,10.3333,1974-07-17,12.8099997136742,19.4599995650351,16.1349996393546,1974,7,NA
51.8667,10.3333,1974-07-18,11.9399997331202,17.799999602139,14.8699996676296,1974,7,NA
51.8667,10.3333,1974-07-19,9.8199997805059,14.9999996647239,12.4099997226149,1974,7,NA
51.8667,10.3333,1974-07-20,8.23999981582165,13.5399996973574,10.8899997565895,1974,7,NA
51.8667,10.3333,1974-07-21,8.35999981313944,16.5899996291846,12.474999721162,1974,7,NA
51.8667,10.3333,1974-07-22,9.77999978139997,15.3599996566772,12.5699997190386,1974,7,NA
51.8667,10.3333,1974-07-23,8.69999980553985,21.9399995096028,15.3199996575713,1974,7,NA
51.8667,10.3333,1974-07-24,12.5599997192621,17.7599996030331,15.1599996611476,1974,7,NA
51.8667,10.3333,1974-07-25,9.8199997805059,16.0899996403605,12.9549997104332,1974,7,NA
51.8667,10.3333,1974-07-26,7.86999982409179,12.9399997107685,10.4049997674301,1974,7,NA
51.8667,10.3333,1974-07-27,7.8099998254329,15.1699996609241,11.4899997431785,1974,7,NA
51.8667,10.3333,1974-07-28,11.1299997512251,17.3199996128678,14.2249996820465,1974,7,NA
51.8667,10.3333,1974-07-29,11.459999743849,18.6399995833635,15.0499996636063,1974,7,NA
51.8667,10.3333,1974-07-30,12.1899997275323,18.9999995753169,15.5949996514246,1974,7,NA
51.8667,10.3333,1974-07-31,10.2499997708946,17.1799996159971,13.7149996934459,1974,7,NA
51.8667,10.3333,1974-08-01,12.6299997176975,19.8199995569885,16.224999637343,1974,8,NA
51.8667,10.3333,1974-08-02,12.0999997295439,22.399999499321,17.2499996144325,1974,8,NA
51.8667,10.3333,1974-08-03,12.8099997136742,20.1499995496124,16.4799996316433,1974,8,NA
51.8667,10.3333,1974-08-04,9.13999979570508,21.4599995203316,15.2999996580184,1974,8,NA
51.8667,10.3333,1974-08-05,14.5199996754527,23.53999947384,19.0299995746464,1974,8,NA
51.8667,10.3333,1974-08-06,11.1499997507781,16.9899996202439,14.069999685511,1974,8,NA
51.8667,10.3333,1974-08-07,8.02999982051551,15.3699996564537,11.6999997384846,1974,8,NA
51.8667,10.3333,1974-08-08,5.48999987728894,18.9799995757639,12.2349997265264,1974,8,NA
51.8667,10.3333,1974-08-09,9.76999978162348,19.2899995688349,14.5299996752292,1974,8,NA
51.8667,10.3333,1974-08-10,11.3899997454137,17.1099996175617,14.2499996814877,1974,8,NA
51.8667,10.3333,1974-08-11,10.629999762401,14.6399996727705,12.6349997175857,1974,8,NA
51.8667,10.3333,1974-08-12,8.93999980017543,14.9599996656179,11.9499997328967,1974,8,NA
51.8667,10.3333,1974-08-13,10.049999775365,16.1199996396899,13.0849997075275,1974,8,NA
51.8667,10.3333,1974-08-14,11.5599997416139,18.1199995949864,14.8399996683002,1974,8,NA
51.8667,10.3333,1974-08-15,12.8599997125566,27.0299993958324,19.9449995541945,1974,8,NA
51.8667,10.3333,1974-08-16,16.8699996229261,28.7099993582815,22.7899994906038,1974,8,NA
51.8667,10.3333,1974-08-17,14.7699996698648,30.6199993155897,22.6949994927272,1974,8,NA
51.8667,10.3333,1974-08-18,16.079999640584,24.9299994427711,20.5049995416775,1974,8,NA
51.8667,10.3333,1974-08-19,11.479999743402,17.8999995999038,14.6899996716529,1974,8,NA
51.8667,10.3333,1974-08-20,9.49999978765845,15.3099996577948,12.4049997227266,1974,8,NA
51.8667,10.3333,1974-08-21,8.74999980442226,13.4399996995926,11.0949997520074,1974,8,NA
51.8667,10.3333,1974-08-22,7.85999982431531,15.1299996618181,11.4949997430667,1974,8,NA
51.8667,10.3333,1974-08-23,10.7199997603893,17.4599996097386,14.089999685064,1974,8,NA
51.8667,10.3333,1974-08-24,10.8299997579306,18.7999995797873,14.8149996688589,1974,8,NA
51.8667,10.3333,1974-08-25,7.87999982386827,20.3199995458126,14.0999996848404,1974,8,NA
51.8667,10.3333,1974-08-26,9.47999978810549,22.689999492839,16.0849996404722,1974,8,NA
51.8667,10.3333,1974-08-27,11.499999742955,23.5299994740635,17.5149996085092,1974,8,NA
51.8667,10.3333,1974-08-28,10.0899997744709,17.6299996059388,13.8599996902049,1974,8,NA
51.8667,10.3333,1974-08-29,6.99999984353781,15.7199996486306,11.3599997460842,1974,8,NA
51.8667,10.3333,1974-08-30,7.42999983392656,19.8199995569885,13.6249996954575,1974,8,NA
51.8667,10.3333,1974-08-31,12.6499997172505,25.3099994342774,18.9799995757639,1974,8,NA
51.8667,10.3333,1974-09-01,11.9199997335672,23.7599994689226,17.8399996012449,1974,9,NA
51.8667,10.3333,1974-09-02,11.0799997523427,18.7899995800108,14.9349996661767,1974,9,NA
51.8667,10.3333,1974-09-03,9.87999977916479,20.4699995424598,15.1749996608123,1974,9,NA
51.8667,10.3333,1974-09-04,11.3899997454137,17.779999602586,14.5849996739998,1974,9,NA
51.8667,10.3333,1974-09-05,9.6999997831881,14.7999996691942,12.2499997261912,1974,9,NA
51.8667,10.3333,1974-09-06,10.5599997639656,20.369999544695,15.4649996543303,1974,9,NA
51.8667,10.3333,1974-09-07,10.6499997619539,18.3099995907396,14.4799996763468,1974,9,NA
51.8667,10.3333,1974-09-08,8.3799998126924,15.8199996463954,12.0999997295439,1974,9,NA
51.8667,10.3333,1974-09-09,9.94999977760017,15.7799996472895,12.8649997124448,1974,9,NA
51.8667,10.3333,1974-09-10,6.81999984756112,20.7399995364249,13.779999691993,1974,9,NA
51.8667,10.3333,1974-09-11,7.65999982878566,15.3899996560067,11.5249997423962,1974,9,NA
51.8667,10.3333,1974-09-12,5.19999988377094,18.4599995873868,11.8299997355789,1974,9,NA
51.8667,10.3333,1974-09-13,9.30999979190528,21.9599995091558,15.6349996505305,1974,9,NA
51.8667,10.3333,1974-09-14,13.3399997018278,22.4599994979799,17.8999995999038,1974,9,NA
51.8667,10.3333,1974-09-15,12.929999710992,18.8099995795637,15.8699996452779,1974,9,NA
51.8667,10.3333,1974-09-16,10.3499997686595,20.7299995366484,15.5399996526539,1974,9,NA
51.8667,10.3333,1974-09-17,10.9399997554719,22.9699994865805,16.9549996210262,1974,9,NA
51.8667,10.3333,1974-09-18,11.5499997418374,22.7299994919449,17.1399996168911,1974,9,NA
51.8667,10.3333,1974-09-19,8.07999981939793,15.8199996463954,11.9499997328967,1974,9,NA
51.8667,10.3333,1974-09-20,2.1799999512732,13.0899997074157,7.63499982934445,1974,9,NA
51.8667,10.3333,1974-09-21,3.10999993048608,13.1099997069687,8.10999981872737,1974,9,NA
51.8667,10.3333,1974-09-22,3.69999991729856,14.2499996814877,8.97499979939312,1974,9,NA
51.8667,10.3333,1974-09-23,6.34999985806644,12.2699997257441,9.30999979190528,1974,9,NA
51.8667,10.3333,1974-09-24,5.59999987483025,11.9999997317791,8.79999980330467,1974,9,NA
51.8667,10.3333,1974-09-25,7.52999983169138,10.7699997592717,9.14999979548156,1974,9,NA
51.8667,10.3333,1974-09-26,4.88999989069998,8.81999980285764,6.85499984677881,1974,9,NA
51.8667,10.3333,1974-09-27,4.79999989271164,7.87999982386827,6.33999985828996,1974,9,NA
51.8667,10.3333,1974-09-28,4.52999989874661,9.97999977692962,7.25499983783811,1974,9,NA
51.8667,10.3333,1974-09-29,7.67999982833862,15.0399996638298,11.3599997460842,1974,9,NA
51.8667,10.3333,1974-09-30,4.33999990299344,11.5799997411668,7.95999982208014,1974,9,NA
51.8667,10.3333,1974-10-01,2.49999994412065,10.7899997588247,6.64499985147268,1974,10,1975
51.8667,10.3333,1974-10-02,0.549999987706542,9.34999979101121,4.94999988935888,1974,10,1975
51.8667,10.3333,1974-10-03,3.23999992758036,7.27999983727932,5.25999988242984,1974,10,1975
51.8667,10.3333,1974-10-04,1.63999996334314,6.96999984420836,4.30499990377575,1974,10,1975
51.8667,10.3333,1974-10-05,2.53999994322658,6.32999985851347,4.43499990087003,1974,10,1975
51.8667,10.3333,1974-10-06,5.12999988533556,7.18999983929098,6.15999986231327,1974,10,1975
51.8667,10.3333,1974-10-07,4.39999990165234,7.95999982208014,6.17999986186624,1974,10,1975
51.8667,10.3333,1974-10-08,3.50999992154539,8.1499998178333,5.82999986968935,1974,10,1975
51.8667,10.3333,1974-10-09,0.989999977871776,7.46999983303249,4.22999990545213,1974,10,1975
51.8667,10.3333,1974-10-10,3.24999992735684,6.77999984845519,5.01499988790601,1974,10,1975
51.8667,10.3333,1974-10-11,4.95999988913536,7.43999983370304,6.1999998614192,1974,10,1975
51.8667,10.3333,1974-10-12,2.85999993607402,7.0599998421967,4.95999988913536,1974,10,1975
51.8667,10.3333,1974-10-13,2.34999994747341,6.12999986298382,4.23999990522861,1974,10,1975
51.8667,10.3333,1974-10-14,2.4099999461323,5.7999998703599,4.1049999082461,1974,10,1975
51.8667,10.3333,1974-10-15,0.419999990612268,6.00999986566603,3.21499992813915,1974,10,1975
51.8667,10.3333,1974-10-16,3.00999993272126,4.92999988980591,3.96999991126359,1974,10,1975
51.8667,10.3333,1974-10-17,1.75999996066093,4.55999989807606,3.1599999293685,1974,10,1975
51.8667,10.3333,1974-10-18,2.15999995172024,4.80999989248812,3.48499992210418,1974,10,1975
51.8667,10.3333,1974-10-19,3.44999992288649,6.84999984689057,5.14999988488853,1974,10,1975
51.8667,10.3333,1974-10-20,3.42999992333353,6.87999984622002,5.15499988477677,1974,10,1975
51.8667,10.3333,1974-10-21,1.39999996870756,5.16999988444149,3.28499992657453,1974,10,1975
51.8667,10.3333,1974-10-22,1.62999996356666,4.90999989025295,3.2699999269098,1974,10,1975
51.8667,10.3333,1974-10-23,1.66999996267259,5.62999987415969,3.64999991841614,1974,10,1975
51.8667,10.3333,1974-10-24,4.35999990254641,7.17999983951449,5.76999987103045,1974,10,1975
51.8667,10.3333,1974-10-25,4.20999990589917,5.86999986879528,5.03999988734722,1974,10,1975
51.8667,10.3333,1974-10-26,3.85999991372228,6.15999986231327,5.00999988801777,1974,10,1975
51.8667,10.3333,1974-10-27,1.53999996557832,4.60999989695847,3.07499993126839,1974,10,1975
51.8667,10.3333,1974-10-28,2.35999994724989,6.54999985359609,4.45499990042299,1974,10,1975
51.8667,10.3333,1974-10-29,1.36999996937811,2.95999993383884,2.16499995160848,1974,10,1975
51.8667,10.3333,1974-10-30,0.359999991953373,3.16999992914498,1.76499996054918,1974,10,1975
51.8667,10.3333,1974-10-31,0.519999988377094,2.24999994970858,1.38499996904284,1974,10,1975
51.8667,10.3333,1974-11-01,0.319999992847443,1.86999995820224,1.09499997552484,1974,11,1975
51.8667,10.3333,1974-11-02,0.909999979659915,2.37999994680285,1.64499996323138,1974,11,1975
51.8667,10.3333,1974-11-03,1.1499999742955,3.57999991998076,2.36499994713813,1974,11,1975
51.8667,10.3333,1974-11-04,1.5499999653548,3.89999991282821,2.7249999390915,1974,11,1975
51.8667,10.3333,1974-11-05,1.30999997071922,3.47999992221594,2.39499994646758,1974,11,1975
51.8667,10.3333,1974-11-06,-0.169999996200204,2.25999994948506,1.04499997664243,1974,11,1975
51.8667,10.3333,1974-11-07,-2.03999995440245,3.5599999204278,0.759999983012676,1974,11,1975
51.8667,10.3333,1974-11-08,-1.61999996379018,5.40999987907708,1.89499995764345,1974,11,1975
51.8667,10.3333,1974-11-09,-2.82999993674457,6.10999986343086,1.63999996334314,1974,11,1975
51.8667,10.3333,1974-11-10,1.95999995619059,4.27999990433455,3.11999993026257,1974,11,1975
51.8667,10.3333,1974-11-11,3.06999993138015,6.87999984622002,4.97499988880008,1974,11,1975
51.8667,10.3333,1974-11-12,2.73999993875623,5.58999987505376,4.164999906905,1974,11,1975
51.8667,10.3333,1974-11-13,3.60999991931021,6.75999984890223,5.18499988410622,1974,11,1975
51.8667,10.3333,1974-11-14,2.009999955073,5.64999987371266,3.82999991439283,1974,11,1975
51.8667,10.3333,1974-11-15,4.4199999012053,11.2199997492135,7.81999982520938,1974,11,1975
51.8667,10.3333,1974-11-16,9.84999977983534,12.9899997096509,11.4199997447431,1974,11,1975
51.8667,10.3333,1974-11-17,7.0599998421967,12.4099997226149,9.73499978240579,1974,11,1975
51.8667,10.3333,1974-11-18,4.94999988935888,9.2999997921288,7.12499984074384,1974,11,1975
51.8667,10.3333,1974-11-19,3.83999991416931,9.759999781847,6.79999984800816,1974,11,1975
51.8667,10.3333,1974-11-20,1.67999996244907,8.54999980889261,5.11499988567084,1974,11,1975
51.8667,10.3333,1974-11-21,1.00999997742474,3.70999991707504,2.35999994724989,1974,11,1975
51.8667,10.3333,1974-11-22,2.37999994680285,5.52999987639487,3.95499991159886,1974,11,1975
51.8667,10.3333,1974-11-23,2.76999993808568,5.53999987617135,4.15499990712851,1974,11,1975
51.8667,10.3333,1974-11-24,4.00999991036952,7.83999982476234,5.92499986756593,1974,11,1975
51.8667,10.3333,1974-11-25,4.05999990925193,7.26999983750284,5.66499987337738,1974,11,1975
51.8667,10.3333,1974-11-26,1.72999996133149,4.89999989047647,3.31499992590398,1974,11,1975
51.8667,10.3333,1974-11-27,1.7799999602139,2.90999993495643,2.34499994758517,1974,11,1975
51.8667,10.3333,1974-11-28,0.96999997831881,2.66999994032085,1.81999995931983,1974,11,1975
51.8667,10.3333,1974-11-29,-0.569999987259507,3.1599999293685,1.29499997105449,1974,11,1975
51.8667,10.3333,1974-11-30,0.859999980777502,2.30999994836748,1.58499996457249,1974,11,1975
51.8667,10.3333,1974-12-01,0.899999979883432,2.24999994970858,1.57499996479601,1974,12,1975
51.8667,10.3333,1974-12-02,0.709999984130263,5.28999988175929,2.99999993294477,1974,12,1975
51.8667,10.3333,1974-12-03,5.18999988399446,8.63999980688095,6.91499984543771,1974,12,1975
51.8667,10.3333,1974-12-04,6.43999985605478,8.79999980330467,7.61999982967973,1974,12,1975
51.8667,10.3333,1974-12-05,5.11999988555908,8.38999981246889,6.75499984901398,1974,12,1975
51.8667,10.3333,1974-12-06,-0.189999995753169,5.26999988220632,2.53999994322658,1974,12,1975
51.8667,10.3333,1974-12-07,-0.229999994859099,4.94999988935888,2.35999994724989,1974,12,1975
51.8667,10.3333,1974-12-08,4.49999989941716,6.94999984465539,5.72499987203628,1974,12,1975
51.8667,10.3333,1974-12-09,6.76999984867871,7.93999982252717,7.35499983560294,1974,12,1975
51.8667,10.3333,1974-12-10,5.11999988555908,7.82999982498586,6.47499985527247,1974,12,1975
51.8667,10.3333,1974-12-11,0.799999982118607,5.35999988019466,3.07999993115664,1974,12,1975
51.8667,10.3333,1974-12-12,-0.849999981001019,1.70999996177852,0.429999990388751,1974,12,1975
51.8667,10.3333,1974-12-13,-2.27999994903803,0.629999985918403,-0.824999981559813,1974,12,1975
51.8667,10.3333,1974-12-14,-4.50999989919364,-1.44999996758997,-2.97999993339181,1974,12,1975
51.8667,10.3333,1974-12-15,-4.4199999012053,-0.209999995306134,-2.31499994825572,1974,12,1975
51.8667,10.3333,1974-12-16,-0.329999992623925,1.47999996691942,0.574999987147748,1974,12,1975
51.8667,10.3333,1974-12-17,0.34999999217689,2.20999995060265,1.27999997138977,1974,12,1975
51.8667,10.3333,1974-12-18,-0.229999994859099,3.76999991573393,1.76999996043742,1974,12,1975
51.8667,10.3333,1974-12-19,0.0199999995529652,1.84999995864928,0.934999979101121,1974,12,1975
51.8667,10.3333,1974-12-20,-0.249999994412065,1.82999995909631,0.789999982342124,1974,12,1975
51.8667,10.3333,1974-12-21,1.58999996446073,4.72999989427626,3.1599999293685,1974,12,1975
51.8667,10.3333,1974-12-22,3.3899999242276,4.76999989338219,4.07999990880489,1974,12,1975
51.8667,10.3333,1974-12-23,1.33999997004867,4.45999990031123,2.89999993517995,1974,12,1975
51.8667,10.3333,1974-12-24,2.68999993987381,7.04999984242022,4.86999989114702,1974,12,1975
51.8667,10.3333,1974-12-25,1.07999997586012,5.98999986611307,3.53499992098659,1974,12,1975
51.8667,10.3333,1974-12-26,2.91999993473291,4.84999989159405,3.88499991316348,1974,12,1975
51.8667,10.3333,1974-12-27,3.77999991551042,8.69999980553985,6.23999986052513,1974,12,1975
51.8667,10.3333,1974-12-28,4.30999990366399,7.40999983437359,5.85999986901879,1974,12,1975
51.8667,10.3333,1974-12-29,4.48999989964068,10.049999775365,7.26999983750284,1974,12,1975
51.8667,10.3333,1974-12-30,3.66999991796911,9.62999978475273,6.64999985136092,1974,12,1975
51.8667,10.3333,1974-12-31,0.589999986812472,3.90999991260469,2.24999994970858,1974,12,1975
51.8667,10.3333,1975-01-01,0.759999983012676,2.68999993987381,1.72499996144325,1975,1,1975
51.8667,10.3333,1975-01-02,2.94999993406236,5.84999986924231,4.39999990165234,1975,1,1975
51.8667,10.3333,1975-01-03,4.98999988846481,6.30999985896051,5.64999987371266,1975,1,1975
51.8667,10.3333,1975-01-04,1.27999997138977,5.85999986901879,3.56999992020428,1975,1,1975
51.8667,10.3333,1975-01-05,1.51999996602535,3.69999991729856,2.60999994166195,1975,1,1975
51.8667,10.3333,1975-01-06,2.99999993294477,5.85999986901879,4.42999990098178,1975,1,1975
51.8667,10.3333,1975-01-07,5.06999988667667,7.06999984197319,6.06999986432493,1975,1,1975
51.8667,10.3333,1975-01-08,-0.57999998703599,5.65999987348914,2.53999994322658,1975,1,1975
51.8667,10.3333,1975-01-09,-2.41999994590878,0.569999987259507,-0.924999979324639,1975,1,1975
51.8667,10.3333,1975-01-10,-3.93999991193414,1.49999996647239,-1.21999997273088,1975,1,1975
51.8667,10.3333,1975-01-11,1.55999996513128,4.96999988891184,3.26499992702156,1975,1,1975
51.8667,10.3333,1975-01-12,2.44999994523823,4.89999989047647,3.67499991785735,1975,1,1975
51.8667,10.3333,1975-01-13,4.6499998960644,6.27999985963106,5.46499987784773,1975,1,1975
51.8667,10.3333,1975-01-14,3.54999992065132,6.58999985270202,5.06999988667667,1975,1,1975
51.8667,10.3333,1975-01-15,3.36999992467463,9.05999979749322,6.21499986108392,1975,1,1975
51.8667,10.3333,1975-01-16,6.04999986477196,10.8699997570366,8.45999981090426,1975,1,1975
51.8667,10.3333,1975-01-17,5.37999987974763,10.359999768436,7.86999982409179,1975,1,1975
51.8667,10.3333,1975-01-18,4.39999990165234,8.76999980397522,6.58499985281378,1975,1,1975
51.8667,10.3333,1975-01-19,0.559999987483025,6.10999986343086,3.33499992545694,1975,1,1975
51.8667,10.3333,1975-01-20,2.65999994054437,6.15999986231327,4.40999990142882,1975,1,1975
51.8667,10.3333,1975-01-21,-0.829999981448054,4.51999989897013,1.84499995876104,1975,1,1975
51.8667,10.3333,1975-01-22,0.729999983683228,3.63999991863966,2.18499995116144,1975,1,1975
51.8667,10.3333,1975-01-23,0.769999982789159,3.65999991819263,2.21499995049089,1975,1,1975
51.8667,10.3333,1975-01-24,2.22999995015562,5.08999988622963,3.65999991819263,1975,1,1975
51.8667,10.3333,1975-01-25,2.61999994143844,4.15999990701675,3.3899999242276,1975,1,1975
51.8667,10.3333,1975-01-26,1.50999996624887,5.62999987415969,3.56999992020428,1975,1,1975
51.8667,10.3333,1975-01-27,-0.61999998614192,4.35999990254641,1.86999995820224,1975,1,1975
51.8667,10.3333,1975-01-28,-1.30999997071922,3.61999991908669,1.15499997418374,1975,1,1975
51.8667,10.3333,1975-01-29,0.469999989494681,4.34999990276992,2.4099999461323,1975,1,1975
51.8667,10.3333,1975-01-30,0.359999991953373,2.4699999447912,1.41499996837229,1975,1,1975
51.8667,10.3333,1975-01-31,-2.30999994836748,5.43999987840652,1.56499996501952,1975,1,1975
51.8667,10.3333,1975-02-01,5.11999988555908,8.81999980285764,6.96999984420836,1975,2,1975
51.8667,10.3333,1975-02-02,1.43999996781349,7.29999983683228,4.36999990232289,1975,2,1975
51.8667,10.3333,1975-02-03,0.699999984353781,6.68999985046685,3.69499991741031,1975,2,1975
51.8667,10.3333,1975-02-04,-0.529999988153577,4.90999989025295,2.18999995104969,1975,2,1975
51.8667,10.3333,1975-02-05,-4.6499998960644,0.839999981224537,-1.90499995741993,1975,2,1975
51.8667,10.3333,1975-02-06,-5.46999987773597,3.79999991506338,-0.834999981336296,1975,2,1975
51.8667,10.3333,1975-02-07,-4.10999990813434,6.84999984689057,1.36999996937811,1975,2,1975
51.8667,10.3333,1975-02-08,-5.22999988310039,4.51999989897013,-0.354999992065132,1975,2,1975
51.8667,10.3333,1975-02-09,-6.37999985739589,2.71999993920326,-1.82999995909631,1975,2,1975
51.8667,10.3333,1975-02-10,-6.84999984689057,5.97999986633658,-0.434999990276992,1975,2,1975
51.8667,10.3333,1975-02-11,-3.42999992333353,7.61999982967973,2.0949999531731,1975,2,1975
51.8667,10.3333,1975-02-12,1.64999996311963,8.06999981962144,4.85999989137053,1975,2,1975
51.8667,10.3333,1975-02-13,1.16999997384846,6.64999985136092,3.90999991260469,1975,2,1975
51.8667,10.3333,1975-02-14,2.41999994590878,6.029999865219,4.22499990556389,1975,2,1975
51.8667,10.3333,1975-02-15,-1.88999995775521,3.93999991193414,1.02499997708946,1975,2,1975
51.8667,10.3333,1975-02-16,-6.45999985560775,-0.809999981895089,-3.63499991875142,1975,2,1975
51.8667,10.3333,1975-02-17,-8.98999979905784,-2.26999994926155,-5.62999987415969,1975,2,1975
51.8667,10.3333,1975-02-18,-8.50999980978668,1.56999996490777,-3.46999992243946,1975,2,1975
51.8667,10.3333,1975-02-19,-0.109999997541308,3.3299999255687,1.6099999640137,1975,2,1975
51.8667,10.3333,1975-02-20,-1.5499999653548,1.76999996043742,0.109999997541308,1975,2,1975
51.8667,10.3333,1975-02-21,-3.90999991260469,4.05999990925193,0.0749999983236194,1975,2,1975
51.8667,10.3333,1975-02-22,-5.3399998806417,4.02999990992248,-0.654999985359609,1975,2,1975
51.8667,10.3333,1975-02-23,-2.09999995306134,6.30999985896051,2.10499995294958,1975,2,1975
51.8667,10.3333,1975-02-24,-2.98999993316829,9.83999978005886,3.42499992344528,1975,2,1975
51.8667,10.3333,1975-02-25,-2.64999994076788,6.83999984711409,2.0949999531731,1975,2,1975
51.8667,10.3333,1975-02-26,-2.1799999512732,2.9299999345094,0.374999991618097,1975,2,1975
51.8667,10.3333,1975-02-27,-4.66999989561737,5.32999988086522,0.329999992623925,1975,2,1975
51.8667,10.3333,1975-02-28,-5.51999987661839,8.21999981626868,1.34999996982515,1975,2,1975
51.8667,10.3333,1975-03-01,-4.06999990902841,6.28999985940754,1.10999997518957,1975,3,1975
51.8667,10.3333,1975-03-02,-3.62999991886318,10.6399997621775,3.50499992165715,1975,3,1975
51.8667,10.3333,1975-03-03,1.03999997675419,11.3399997465312,6.18999986164272,1975,3,1975
51.8667,10.3333,1975-03-04,3.63999991863966,9.9299997780472,6.78499984834343,1975,3,1975
51.8667,10.3333,1975-03-05,3.08999993093312,11.3099997472018,7.19999983906746,1975,3,1975
51.8667,10.3333,1975-03-06,2.42999994568527,10.2299997713417,6.32999985851347,1975,3,1975
51.8667,10.3333,1975-03-07,2.22999995015562,7.9799998216331,5.10499988589436,1975,3,1975
51.8667,10.3333,1975-03-08,3.19999992847443,7.21999983862042,5.20999988354743,1975,3,1975
51.8667,10.3333,1975-03-09,2.4699999447912,8.25999981537461,5.36499988008291,1975,3,1975
51.8667,10.3333,1975-03-10,1.9499999564141,13.3999997004867,7.67499982845038,1975,3,1975
51.8667,10.3333,1975-03-11,1.87999995797873,10.31999976933,6.09999986365438,1975,3,1975
51.8667,10.3333,1975-03-12,4.12999990768731,7.44999983347952,5.78999987058342,1975,3,1975
51.8667,10.3333,1975-03-13,1.55999996513128,4.61999989673495,3.08999993093312,1975,3,1975
51.8667,10.3333,1975-03-14,0.34999999217689,2.26999994926155,1.30999997071922,1975,3,1975
51.8667,10.3333,1975-03-15,0.179999995976686,6.31999985873699,3.24999992735684,1975,3,1975
51.8667,10.3333,1975-03-16,0.599999986588955,4.09999990835786,2.34999994747341,1975,3,1975
51.8667,10.3333,1975-03-17,-2.24999994970858,2.21999995037913,-0.0149999996647239,1975,3,1975
51.8667,10.3333,1975-03-18,-4.69999989494681,2.85999993607402,-0.919999979436398,1975,3,1975
51.8667,10.3333,1975-03-19,-4.65999989584088,-0.199999995529652,-2.42999994568527,1975,3,1975
51.8667,10.3333,1975-03-20,-2.11999995261431,4.14999990724027,1.01499997731298,1975,3,1975
51.8667,10.3333,1975-03-21,1.3799999691546,3.70999991707504,2.54499994311482,1975,3,1975
51.8667,10.3333,1975-03-22,-3.85999991372228,2.93999993428588,-0.459999989718199,1975,3,1975
51.8667,10.3333,1975-03-23,-4.34999990276992,5.68999987281859,0.669999985024333,1975,3,1975
51.8667,10.3333,1975-03-24,-3.68999991752207,4.88999989069998,0.599999986588955,1975,3,1975
51.8667,10.3333,1975-03-25,-4.51999989897013,5.14999988488853,0.314999992959201,1975,3,1975
51.8667,10.3333,1975-03-26,-2.58999994210899,1.29999997094274,-0.644999985583127,1975,3,1975
51.8667,10.3333,1975-03-27,-3.08999993093312,0.679999984800816,-1.20499997306615,1975,3,1975
51.8667,10.3333,1975-03-28,-3.62999991886318,1.92999995686114,-0.849999981001019,1975,3,1975
51.8667,10.3333,1975-03-29,-2.44999994523823,2.71999993920326,0.134999996982515,1975,3,1975
51.8667,10.3333,1975-03-30,-2.56999994255602,2.75999993830919,0.0949999978765845,1975,3,1975
51.8667,10.3333,1975-03-31,-2.03999995440245,4.2499999050051,1.10499997530133,1975,3,1975
51.8667,10.3333,1975-04-01,-4.60999989695847,4.14999990724027,-0.229999994859099,1975,4,1975
51.8667,10.3333,1975-04-02,-3.36999992467463,3.40999992378056,0.0199999995529652,1975,4,1975
51.8667,10.3333,1975-04-03,-0.899999979883432,0.92999997921288,0.0149999996647239,1975,4,1975
51.8667,10.3333,1975-04-04,-2.18999995104969,0.879999980330467,-0.654999985359609,1975,4,1975
51.8667,10.3333,1975-04-05,-1.13999997451901,3.37999992445111,1.11999997496605,1975,4,1975
51.8667,10.3333,1975-04-06,-2.11999995261431,4.44999990053475,1.16499997396022,1975,4,1975
51.8667,10.3333,1975-04-07,-1.62999996356666,2.20999995060265,0.289999993517995,1975,4,1975
51.8667,10.3333,1975-04-08,-1.9499999564141,4.06999990902841,1.05999997630715,1975,4,1975
51.8667,10.3333,1975-04-09,-0.129999997094274,4.78999989293516,2.32999994792044,1975,4,1975
51.8667,10.3333,1975-04-10,-0.979999978095293,3.50999992154539,1.26499997172505,1975,4,1975
51.8667,10.3333,1975-04-11,-1.52999996580184,4.63999989628792,1.55499996524304,1975,4,1975
51.8667,10.3333,1975-04-12,-2.06999995373189,4.4199999012053,1.1749999737367,1975,4,1975
51.8667,10.3333,1975-04-13,0.759999983012676,4.9399998895824,2.84999993629754,1975,4,1975
51.8667,10.3333,1975-04-14,-0.559999987483025,5.58999987505376,2.51499994378537,1975,4,1975
51.8667,10.3333,1975-04-15,1.89999995753169,9.22999979369342,5.56499987561256,1975,4,1975
51.8667,10.3333,1975-04-16,5.12999988533556,10.359999768436,7.74499982688576,1975,4,1975
51.8667,10.3333,1975-04-17,2.44999994523823,6.45999985560775,4.45499990042299,1975,4,1975
51.8667,10.3333,1975-04-18,1.27999997138977,4.69999989494681,2.98999993316829,1975,4,1975
51.8667,10.3333,1975-04-19,0.719999983906746,11.2699997480959,5.99499986600131,1975,4,1975
51.8667,10.3333,1975-04-20,1.66999996267259,14.0599996857345,7.86499982420355,1975,4,1975
51.8667,10.3333,1975-04-21,5.76999987103045,10.3099997695535,8.039999820292,1975,4,1975
51.8667,10.3333,1975-04-22,3.06999993138015,13.0199997089803,8.04499982018024,1975,4,1975
51.8667,10.3333,1975-04-23,2.81999993696809,16.5299996305257,9.6749997837469,1975,4,1975
51.8667,10.3333,1975-04-24,6.14999986253679,15.9099996443838,11.0299997534603,1975,4,1975
51.8667,10.3333,1975-04-25,4.4799998998642,11.5699997413903,8.02499982062727,1975,4,1975
51.8667,10.3333,1975-04-26,2.38999994657934,7.41999983415008,4.90499989036471,1975,4,1975
51.8667,10.3333,1975-04-27,1.33999997004867,10.2999997697771,5.81999986991286,1975,4,1975
51.8667,10.3333,1975-04-28,3.23999992758036,13.9599996879697,8.59999980777502,1975,4,1975
51.8667,10.3333,1975-04-29,6.54999985359609,15.8899996448308,11.2199997492135,1975,4,1975
51.8667,10.3333,1975-04-30,8.24999981559813,21.2699995245785,14.7599996700883,1975,4,1975
51.8667,10.3333,1975-05-01,5.24999988265336,16.4299996327609,10.8399997577071,1975,5,NA
51.8667,10.3333,1975-05-02,0.789999982342124,13.6199996955693,7.2049998389557,1975,5,NA
51.8667,10.3333,1975-05-03,3.7899999152869,13.6399996951222,8.71499980520457,1975,5,NA
51.8667,10.3333,1975-05-04,1.45999996736646,8.69999980553985,5.07999988645315,1975,5,NA
51.8667,10.3333,1975-05-05,1.0899999756366,8.84999980218709,4.96999988891184,1975,5,NA
51.8667,10.3333,1975-05-06,3.63999991863966,9.83999978005886,6.73999984934926,1975,5,NA
51.8667,10.3333,1975-05-07,5.03999988734722,14.3299996796995,9.68499978352338,1975,5,NA
51.8667,10.3333,1975-05-08,9.79999978095293,19.1299995724112,14.4649996766821,1975,5,NA
51.8667,10.3333,1975-05-09,10.8599997572601,17.0699996184558,13.9649996878579,1975,5,NA
51.8667,10.3333,1975-05-10,8.29999981448054,12.4699997212738,10.3849997678772,1975,5,NA
51.8667,10.3333,1975-05-11,7.16999983973801,14.919999666512,11.044999753125,1975,5,NA
51.8667,10.3333,1975-05-12,6.34999985806644,14.1299996841699,10.2399997711182,1975,5,NA
51.8667,10.3333,1975-05-13,3.13999992981553,10.2099997717887,6.67499985080212,1975,5,NA
51.8667,10.3333,1975-05-14,1.04999997653067,15.189999660477,8.11999981850386,1975,5,NA
51.8667,10.3333,1975-05-15,4.80999989248812,18.8599995784461,11.8349997354671,1975,5,NA
51.8667,10.3333,1975-05-16,6.76999984867871,16.5299996305257,11.6499997396022,1975,5,NA
51.8667,10.3333,1975-05-17,7.93999982252717,18.3099995907396,13.1249997066334,1975,5,NA
51.8667,10.3333,1975-05-18,11.0499997530133,19.5499995630234,15.2999996580184,1975,5,NA
51.8667,10.3333,1975-05-19,9.10999979637563,21.7899995129555,15.4499996546656,1975,5,NA
51.8667,10.3333,1975-05-20,8.6699998062104,14.7199996709824,11.6949997385964,1975,5,NA
51.8667,10.3333,1975-05-21,5.74999987147748,15.0599996633828,10.4049997674301,1975,5,NA
51.8667,10.3333,1975-05-22,4.66999989561737,11.6699997391552,8.16999981738627,1975,5,NA
51.8667,10.3333,1975-05-23,2.84999993629754,8.67999980598688,5.76499987114221,1975,5,NA
51.8667,10.3333,1975-05-24,1.07999997586012,8.69999980553985,4.88999989069998,1975,5,NA
51.8667,10.3333,1975-05-25,3.12999993003905,10.0599997751415,6.59499985259026,1975,5,NA
51.8667,10.3333,1975-05-26,4.13999990746379,14.1499996837229,9.14499979559332,1975,5,NA
51.8667,10.3333,1975-05-27,6.46999985538423,14.6999996714294,10.5849997634068,1975,5,NA
51.8667,10.3333,1975-05-28,6.4899998549372,15.479999653995,10.9849997544661,1975,5,NA
51.8667,10.3333,1975-05-29,5.66999987326562,19.0899995733052,12.3799997232854,1975,5,NA
51.8667,10.3333,1975-05-30,5.57999987527728,15.0599996633828,10.31999976933,1975,5,NA
51.8667,10.3333,1975-05-31,2.87999993562698,9.18999979458749,6.03499986510724,1975,5,NA
51.8667,10.3333,1975-06-01,1.32999997027218,10.0899997744709,5.70999987237155,1975,6,NA
51.8667,10.3333,1975-06-02,0.26999999396503,10.1899997722358,5.22999988310039,1975,6,NA
51.8667,10.3333,1975-06-03,0.249999994412065,11.9599997326732,6.10499986354262,1975,6,NA
51.8667,10.3333,1975-06-04,3.59999991953373,8.98999979905784,6.29499985929579,1975,6,NA
51.8667,10.3333,1975-06-05,3.51999992132187,9.80999978072941,6.66499985102564,1975,6,NA
51.8667,10.3333,1975-06-06,2.51999994367361,13.2399997040629,7.87999982386827,1975,6,NA
51.8667,10.3333,1975-06-07,6.46999985538423,16.7599996253848,11.6149997403845,1975,6,NA
51.8667,10.3333,1975-06-08,4.26999990455806,17.9299995992333,11.0999997518957,1975,6,NA
51.8667,10.3333,1975-06-09,5.94999986700714,18.6799995824695,12.3149997247383,1975,6,NA
51.8667,10.3333,1975-06-10,5.94999986700714,18.8999995775521,12.4249997222796,1975,6,NA
51.8667,10.3333,1975-06-11,11.76999973692,15.6399996504188,13.7049996936694,1975,6,NA
51.8667,10.3333,1975-06-12,10.5899997632951,16.949999621138,13.7699996922165,1975,6,NA
51.8667,10.3333,1975-06-13,9.93999977782369,22.6199994944036,16.2799996361136,1975,6,NA
51.8667,10.3333,1975-06-14,11.0999997518957,20.9899995308369,16.0449996413663,1975,6,NA
51.8667,10.3333,1975-06-15,12.7699997145683,17.9599995985627,15.3649996565655,1975,6,NA
51.8667,10.3333,1975-06-16,11.5199997425079,17.239999614656,14.379999678582,1975,6,NA
51.8667,10.3333,1975-06-17,9.87999977916479,14.6199996732175,12.2499997261912,1975,6,NA
51.8667,10.3333,1975-06-18,7.50999983213842,17.6199996061623,12.5649997191504,1975,6,NA
51.8667,10.3333,1975-06-19,9.46999978832901,18.1499995943159,13.8099996913224,1975,6,NA
51.8667,10.3333,1975-06-20,9.759999781847,19.0599995739758,14.4099996779114,1975,6,NA
51.8667,10.3333,1975-06-21,9.66999978385866,20.6099995393306,15.1399996615946,1975,6,NA
51.8667,10.3333,1975-06-22,12.9199997112155,23.2999994792044,18.10999959521,1975,6,NA
51.8667,10.3333,1975-06-23,14.8599996678531,24.5399994514883,19.6999995596707,1975,6,NA
51.8667,10.3333,1975-06-24,15.0799996629357,22.9499994870275,19.0149995749816,1975,6,NA
51.8667,10.3333,1975-06-25,14.8399996683002,23.0599994845688,18.9499995764345,1975,6,NA
51.8667,10.3333,1975-06-26,8.75999980419874,18.0199995972216,13.3899997007102,1975,6,NA
51.8667,10.3333,1975-06-27,6.81999984756112,21.3599995225668,14.089999685064,1975,6,NA
51.8667,10.3333,1975-06-28,9.62999978475273,15.7999996468425,12.7149997157976,1975,6,NA
51.8667,10.3333,1975-06-29,7.14999984018505,13.4099997002631,10.2799997702241,1975,6,NA
51.8667,10.3333,1975-06-30,6.97999984398484,11.7399997375906,9.3599997907877,1975,6,NA
51.8667,10.3333,1975-07-01,7.68999982811511,14.0799996852875,10.8849997567013,1975,7,NA
51.8667,10.3333,1975-07-02,6.80999984778464,16.7299996260554,11.76999973692,1975,7,NA
51.8667,10.3333,1975-07-03,10.1599997729063,20.4599995426834,15.3099996577948,1975,7,NA
51.8667,10.3333,1975-07-04,10.8699997570366,22.399999499321,16.6349996281788,1975,7,NA
51.8667,10.3333,1975-07-05,11.76999973692,22.5199994966388,17.1449996167794,1975,7,NA
51.8667,10.3333,1975-07-06,13.4799996986985,21.9899995084852,17.7349996035919,1975,7,NA
51.8667,10.3333,1975-07-07,10.5299997646362,22.9899994861335,16.7599996253848,1975,7,NA
51.8667,10.3333,1975-07-08,10.2199997715652,25.0499994400889,17.634999605827,1975,7,NA
51.8667,10.3333,1975-07-09,12.3999997228384,26.709999402985,19.5549995629117,1975,7,NA
51.8667,10.3333,1975-07-10,15.6699996497482,25.6099994275719,20.63999953866,1975,7,NA
51.8667,10.3333,1975-07-11,13.8899996895343,23.2399994805455,18.5649995850399,1975,7,NA
51.8667,10.3333,1975-07-12,11.1799997501075,23.6199994720519,17.3999996110797,1975,7,NA
51.8667,10.3333,1975-07-13,14.1699996832758,20.9399995319545,17.5549996076152,1975,7,NA
51.8667,10.3333,1975-07-14,13.489999698475,21.3799995221198,17.4349996102974,1975,7,NA
51.8667,10.3333,1975-07-15,15.4299996551126,27.3199993893504,21.3749995222315,1975,7,NA
51.8667,10.3333,1975-07-16,14.7099996712059,23.6499994713813,19.1799995712936,1975,7,NA
51.8667,10.3333,1975-07-17,12.5699997190386,19.6199995614588,16.0949996402487,1975,7,NA
51.8667,10.3333,1975-07-18,12.619999717921,21.1099995281547,16.8649996230379,1975,7,NA
51.8667,10.3333,1975-07-19,13.1199997067451,22.5599994957447,17.8399996012449,1975,7,NA
51.8667,10.3333,1975-07-20,12.0899997297674,17.5699996072799,14.8299996685237,1975,7,NA
51.8667,10.3333,1975-07-21,10.8599997572601,19.0699995737523,14.9649996655062,1975,7,NA
51.8667,10.3333,1975-07-22,10.9899997543544,20.63999953866,15.8149996465072,1975,7,NA
51.8667,10.3333,1975-07-23,11.2599997483194,20.1299995500594,15.6949996491894,1975,7,NA
51.8667,10.3333,1975-07-24,13.6299996953458,22.7799994908273,18.2049995930865,1975,7,NA
51.8667,10.3333,1975-07-25,11.0099997539073,19.5999995619059,15.3049996579066,1975,7,NA
51.8667,10.3333,1975-07-26,8.39999981224537,15.5899996515363,11.9949997318909,1975,7,NA
51.8667,10.3333,1975-07-27,8.40999981202185,14.7999996691942,11.604999740608,1975,7,NA
51.8667,10.3333,1975-07-28,7.0599998421967,18.10999959521,12.5849997187033,1975,7,NA
51.8667,10.3333,1975-07-29,10.6799997612834,17.2099996153265,13.944999688305,1975,7,NA
51.8667,10.3333,1975-07-30,9.60999978519976,23.0799994841218,16.3449996346608,1975,7,NA
51.8667,10.3333,1975-07-31,12.0099997315556,25.3599994331598,18.6849995823577,1975,7,NA
51.8667,10.3333,1975-08-01,13.179999705404,25.5599994286895,19.3699995670468,1975,8,NA
51.8667,10.3333,1975-08-02,13.8699996899813,23.3299994785339,18.5999995842576,1975,8,NA
51.8667,10.3333,1975-08-03,9.85999977961183,22.8299994897097,16.3449996346608,1975,8,NA
51.8667,10.3333,1975-08-04,11.6099997404963,25.3499994333833,18.4799995869398,1975,8,NA
51.8667,10.3333,1975-08-05,13.1099997069687,26.7399994023144,19.9249995546415,1975,8,NA
51.8667,10.3333,1975-08-06,14.069999685511,26.3499994110316,20.2099995482713,1975,8,NA
51.8667,10.3333,1975-08-07,14.4299996774644,27.3899993877858,20.9099995326251,1975,8,NA
51.8667,10.3333,1975-08-08,16.4599996320903,27.5199993848801,21.9899995084852,1975,8,NA
51.8667,10.3333,1975-08-09,16.0699996408075,27.8199993781745,21.944999509491,1975,8,NA
51.8667,10.3333,1975-08-10,16.7199996262789,28.5199993625283,22.6199994944036,1975,8,NA
51.8667,10.3333,1975-08-11,16.2999996356666,29.0399993509054,22.669999493286,1975,8,NA
51.8667,10.3333,1975-08-12,17.3999996110797,28.8299993555993,23.1149994833395,1975,8,NA
51.8667,10.3333,1975-08-13,15.4099996555597,28.5299993623048,21.9699995089322,1975,8,NA
51.8667,10.3333,1975-08-14,14.5799996741116,23.3099994789809,18.9449995765463,1975,8,NA
51.8667,10.3333,1975-08-15,9.33999979123473,22.7099994923919,16.0249996418133,1975,8,NA
51.8667,10.3333,1975-08-16,12.6499997172505,24.5799994505942,18.6149995839223,1975,8,NA
51.8667,10.3333,1975-08-17,14.2999996803701,20.5699995402247,17.4349996102974,1975,8,NA
51.8667,10.3333,1975-08-18,12.5099997203797,17.9999995976686,15.2549996590242,1975,8,NA
51.8667,10.3333,1975-08-19,10.919999755919,18.0499995965511,14.484999676235,1975,8,NA
51.8667,10.3333,1975-08-20,9.63999978452921,20.3999995440245,15.0199996642768,1975,8,NA
51.8667,10.3333,1975-08-21,12.8399997130036,19.8199995569885,16.3299996349961,1975,8,NA
51.8667,10.3333,1975-08-22,15.789999647066,25.1299994383007,20.4599995426834,1975,8,NA
51.8667,10.3333,1975-08-23,13.1599997058511,18.8799995779991,16.0199996419251,1975,8,NA
51.8667,10.3333,1975-08-24,10.7999997586012,16.4199996329844,13.6099996957928,1975,8,NA
51.8667,10.3333,1975-08-25,8.73999980464578,16.1999996379018,12.4699997212738,1975,8,NA
51.8667,10.3333,1975-08-26,7.53999983146787,16.9599996209145,12.2499997261912,1975,8,NA
51.8667,10.3333,1975-08-27,10.4199997670949,19.7999995574355,15.1099996622652,1975,8,NA
51.8667,10.3333,1975-08-28,8.34999981336296,19.8199995569885,14.0849996851757,1975,8,NA
51.8667,10.3333,1975-08-29,9.68999978341162,22.399999499321,16.0449996413663,1975,8,NA
51.8667,10.3333,1975-08-30,11.8199997358024,23.7399994693696,17.779999602586,1975,8,NA
51.8667,10.3333,1975-08-31,12.2599997259676,23.8599994666874,18.0599995963275,1975,8,NA
51.8667,10.3333,1975-09-01,14.2699996810406,22.6399994939566,18.4549995874986,1975,9,NA
51.8667,10.3333,1975-09-02,12.2799997255206,21.8999995104969,17.0899996180087,1975,9,NA
51.8667,10.3333,1975-09-03,13.0299997087568,24.7599994465709,18.8949995776638,1975,9,NA
51.8667,10.3333,1975-09-04,12.0999997295439,25.2099994365126,18.6549995830283,1975,9,NA
51.8667,10.3333,1975-09-05,11.2599997483194,18.64999958314,14.9549996657297,1975,9,NA
51.8667,10.3333,1975-09-06,6.96999984420836,18.4199995882809,12.6949997162446,1975,9,NA
51.8667,10.3333,1975-09-07,8.94999979995191,18.5099995862693,13.7299996931106,1975,9,NA
51.8667,10.3333,1975-09-08,7.81999982520938,16.2399996370077,12.0299997311085,1975,9,NA
51.8667,10.3333,1975-09-09,3.96999991126359,18.2799995914102,11.1249997513369,1975,9,NA
51.8667,10.3333,1975-09-10,7.50999983213842,20.8999995328486,14.2049996824935,1975,9,NA
51.8667,10.3333,1975-09-11,12.4299997221678,19.3499995674938,15.8899996448308,1975,9,NA
51.8667,10.3333,1975-09-12,11.0699997525662,16.3299996349961,13.6999996937811,1975,9,NA
51.8667,10.3333,1975-09-13,8.34999981336296,15.8599996455014,12.1049997294322,1975,9,NA
51.8667,10.3333,1975-09-14,7.03999984264374,13.6399996951222,10.339999768883,1975,9,NA
51.8667,10.3333,1975-09-15,7.95999982208014,15.20999966003,11.5849997410551,1975,9,NA
51.8667,10.3333,1975-09-16,7.99999982118607,14.9299996662885,11.4649997437373,1975,9,NA
51.8667,10.3333,1975-09-17,5.0499998871237,21.3199995234609,13.1849997052923,1975,9,NA
51.8667,10.3333,1975-09-18,12.4699997212738,27.1799993924797,19.8249995568767,1975,9,NA
51.8667,10.3333,1975-09-19,13.4199997000396,23.6599994711578,18.5399995855987,1975,9,NA
51.8667,10.3333,1975-09-20,11.0399997532368,17.6999996043742,14.3699996788055,1975,9,NA
51.8667,10.3333,1975-09-21,9.18999979458749,18.9099995773286,14.049999685958,1975,9,NA
51.8667,10.3333,1975-09-22,8.08999981917441,18.6299995835871,13.3599997013807,1975,9,NA
51.8667,10.3333,1975-09-23,6.01999986544251,16.1599996387959,11.0899997521192,1975,9,NA
51.8667,10.3333,1975-09-24,8.82999980263412,19.829999556765,14.3299996796995,1975,9,NA
51.8667,10.3333,1975-09-25,11.4399997442961,16.1399996392429,13.7899996917695,1975,9,NA
51.8667,10.3333,1975-09-26,11.3899997454137,18.6199995838106,15.0049996646121,1975,9,NA
51.8667,10.3333,1975-09-27,7.71999982744455,18.5499995853752,13.1349997064099,1975,9,NA
51.8667,10.3333,1975-09-28,5.63999987393618,17.4199996106327,11.5299997422844,1975,9,NA
51.8667,10.3333,1975-09-29,9.68999978341162,17.8299996014684,13.75999969244,1975,9,NA
51.8667,10.3333,1975-09-30,9.23999979346991,19.499999564141,14.3699996788055,1975,9,NA
51.8667,10.3333,1975-10-01,13.509999698028,24.8899994436651,19.1999995708466,1975,10,1976
51.8667,10.3333,1975-10-02,8.95999979972839,18.4599995873868,13.7099996935576,1975,10,1976
51.8667,10.3333,1975-10-03,4.34999990276992,16.2399996370077,10.2949997698888,1975,10,1976
51.8667,10.3333,1975-10-04,8.94999979995191,14.6199996732175,11.7849997365847,1975,10,1976
51.8667,10.3333,1975-10-05,5.97999986633658,11.2299997489899,8.60499980766326,1975,10,1976
51.8667,10.3333,1975-10-06,7.16999983973801,11.2899997476488,9.22999979369342,1975,10,1976
51.8667,10.3333,1975-10-07,8.61999980732799,12.1499997284263,10.3849997678772,1975,10,1976
51.8667,10.3333,1975-10-08,6.12999986298382,11.1999997496605,8.66499980632216,1975,10,1976
51.8667,10.3333,1975-10-09,5.38999987952411,9.00999979861081,7.19999983906746,1975,10,1976
51.8667,10.3333,1975-10-10,3.11999993026257,7.56999983079731,5.34499988052994,1975,10,1976
51.8667,10.3333,1975-10-11,-1.23999997228384,5.25999988242984,2.009999955073,1975,10,1976
51.8667,10.3333,1975-10-12,-1.76999996043742,3.35999992489815,0.794999982230365,1975,10,1976
51.8667,10.3333,1975-10-13,-1.90999995730817,5.54999987594783,1.81999995931983,1975,10,1976
51.8667,10.3333,1975-10-14,-0.539999987930059,6.08999986387789,2.77499993797392,1975,10,1976
51.8667,10.3333,1975-10-15,0.669999985024333,4.4199999012053,2.54499994311482,1975,10,1976
51.8667,10.3333,1975-10-16,1.39999996870756,8.18999981693923,4.7949998928234,1975,10,1976
51.8667,10.3333,1975-10-17,3.37999992445111,13.9799996875226,8.67999980598688,1975,10,1976
51.8667,10.3333,1975-10-18,3.48999992199242,9.55999978631735,6.52499985415488,1975,10,1976
51.8667,10.3333,1975-10-19,5.92999986745417,8.72999980486929,7.32999983616173,1975,10,1976
51.8667,10.3333,1975-10-20,5.67999987304211,7.96999982185662,6.82499984744936,1975,10,1976
51.8667,10.3333,1975-10-21,3.63999991863966,7.3499998357147,5.49499987717718,1975,10,1976
51.8667,10.3333,1975-10-22,4.08999990858138,7.09999984130263,5.594999874942,1975,10,1976
51.8667,10.3333,1975-10-23,4.05999990925193,7.43999983370304,5.74999987147748,1975,10,1976
51.8667,10.3333,1975-10-24,3.79999991506338,10.6599997617304,7.22999983839691,1975,10,1976
51.8667,10.3333,1975-10-25,1.93999995663762,13.2799997031689,7.60999982990324,1975,10,1976
51.8667,10.3333,1975-10-26,2.55999994277954,13.3199997022748,7.93999982252717,1975,10,1976
51.8667,10.3333,1975-10-27,1.27999997138977,15.2599996589124,8.2699998151511,1975,10,1976
51.8667,10.3333,1975-10-28,1.19999997317791,15.8499996457249,8.5249998094514,1975,10,1976
51.8667,10.3333,1975-10-29,1.27999997138977,10.6599997617304,5.9699998665601,1975,10,1976
51.8667,10.3333,1975-10-30,1.51999996602535,12.0899997297674,6.8049998478964,1975,10,1976
51.8667,10.3333,1975-10-31,1.39999996870756,13.2699997033924,7.33499983604997,1975,10,1976
51.8667,10.3333,1975-11-01,2.93999993428588,14.8199996687472,8.87999980151653,1975,11,1976
51.8667,10.3333,1975-11-02,4.8799998909235,13.6299996953458,9.25499979313463,1975,11,1976
51.8667,10.3333,1975-11-03,3.29999992623925,9.30999979190528,6.30499985907227,1975,11,1976
51.8667,10.3333,1975-11-04,3.60999991931021,8.87999980151653,6.24499986041337,1975,11,1976
51.8667,10.3333,1975-11-05,4.44999990053475,7.25999983772635,5.85499986913055,1975,11,1976
51.8667,10.3333,1975-11-06,1.12999997474253,6.8299998473376,3.97999991104007,1975,11,1976
51.8667,10.3333,1975-11-07,-0.759999983012676,6.54999985359609,2.89499993529171,1975,11,1976
51.8667,10.3333,1975-11-08,3.02999993227422,6.35999985784292,4.69499989505857,1975,11,1976
51.8667,10.3333,1975-11-09,2.72999993897974,5.21999988332391,3.97499991115183,1975,11,1976
51.8667,10.3333,1975-11-10,0.759999983012676,4.04999990947545,2.40499994624406,1975,11,1976
51.8667,10.3333,1975-11-11,0.409999990835786,2.93999993428588,1.67499996256083,1975,11,1976
51.8667,10.3333,1975-11-12,0.169999996200204,5.15999988466501,2.66499994043261,1975,11,1976
51.8667,10.3333,1975-11-13,-1.67999996244907,0.729999983683228,-0.474999989382923,1975,11,1976
51.8667,10.3333,1975-11-14,-1.15999997407198,1.51999996602535,0.179999995976686,1975,11,1976
51.8667,10.3333,1975-11-15,-0.899999979883432,2.02999995462596,0.564999987371266,1975,11,1976
51.8667,10.3333,1975-11-16,0.299999993294477,4.51999989897013,2.4099999461323,1975,11,1976
51.8667,10.3333,1975-11-17,0.409999990835786,4.08999990858138,2.24999994970858,1975,11,1976
51.8667,10.3333,1975-11-18,1.12999997474253,8.8399998024106,4.98499988857657,1975,11,1976
51.8667,10.3333,1975-11-19,-0.999999977648258,3.45999992266297,1.22999997250736,1975,11,1976
51.8667,10.3333,1975-11-20,0.389999991282821,3.39999992400408,1.89499995764345,1975,11,1976
51.8667,10.3333,1975-11-21,0.649999985471368,6.97999984398484,3.81499991472811,1975,11,1976
51.8667,10.3333,1975-11-22,-3.69999991729856,1.17999997362494,-1.25999997183681,1975,11,1976
51.8667,10.3333,1975-11-23,-3.79999991506338,1.22999997250736,-1.28499997127801,1975,11,1976
51.8667,10.3333,1975-11-24,-8.77999980375171,-1.90999995730817,-5.34499988052994,1975,11,1976
51.8667,10.3333,1975-11-25,-8.15999981760979,-0.959999978542328,-4.55999989807606,1975,11,1976
51.8667,10.3333,1975-11-26,-6.57999985292554,-0.739999983459711,-3.65999991819263,1975,11,1976
51.8667,10.3333,1975-11-27,-2.98999993316829,2.91999993473291,-0.034999999217689,1975,11,1976
51.8667,10.3333,1975-11-28,0.759999983012676,2.6999999396503,1.72999996133149,1975,11,1976
51.8667,10.3333,1975-11-29,-0.289999993517995,5.06999988667667,2.38999994657934,1975,11,1976
51.8667,10.3333,1975-11-30,0.769999982789159,8.51999980956316,4.64499989617616,1975,11,1976
51.8667,10.3333,1975-12-01,-0.439999990165234,3.24999992735684,1.4049999685958,1975,12,1976
51.8667,10.3333,1975-12-02,-1.15999997407198,2.72999993897974,0.784999982453883,1975,12,1976
51.8667,10.3333,1975-12-03,-0.0899999979883432,4.54999989829957,2.22999995015562,1975,12,1976
51.8667,10.3333,1975-12-04,2.67999994009733,4.68999989517033,3.68499991763383,1975,12,1976
51.8667,10.3333,1975-12-05,0.359999991953373,3.21999992802739,1.78999995999038,1975,12,1976
51.8667,10.3333,1975-12-06,1.13999997451901,3.63999991863966,2.38999994657934,1975,12,1976
51.8667,10.3333,1975-12-07,0.769999982789159,6.30999985896051,3.53999992087483,1975,12,1976
51.8667,10.3333,1975-12-08,0.249999994412065,2.48999994434416,1.36999996937811,1975,12,1976
51.8667,10.3333,1975-12-09,0.949999978765845,3.98999991081655,2.4699999447912,1975,12,1976
51.8667,10.3333,1975-12-10,-0.339999992400408,2.06999995373189,0.864999980665743,1975,12,1976
51.8667,10.3333,1975-12-11,0.939999978989363,2.47999994456768,1.70999996177852,1975,12,1976
51.8667,10.3333,1975-12-12,1.26999997161329,4.36999990232289,2.81999993696809,1975,12,1976
51.8667,10.3333,1975-12-13,-2.28999994881451,2.45999994501472,0.0849999981001019,1975,12,1976
51.8667,10.3333,1975-12-14,-4.19999990612268,0.569999987259507,-1.81499995943159,1975,12,1976
51.8667,10.3333,1975-12-15,-8.78999980352819,-1.76999996043742,-5.2799998819828,1975,12,1976
51.8667,10.3333,1975-12-16,-9.73999978229403,-0.599999986588955,-5.16999988444149,1975,12,1976
51.8667,10.3333,1975-12-17,-8.97999979928136,-0.789999982342124,-4.88499989081174,1975,12,1976
51.8667,10.3333,1975-12-18,-7.93999982252717,-0.979999978095293,-4.45999990031123,1975,12,1976
51.8667,10.3333,1975-12-19,-10.2999997697771,-2.65999994054437,-6.47999985516071,1975,12,1976
51.8667,10.3333,1975-12-20,-10.1199997738004,-2.78999993763864,-6.45499985571951,1975,12,1976
51.8667,10.3333,1975-12-21,-4.03999990969896,-0.499999988824129,-2.26999994926155,1975,12,1976
51.8667,10.3333,1975-12-22,-1.04999997653067,2.34999994747341,0.649999985471368,1975,12,1976
51.8667,10.3333,1975-12-23,1.44999996758997,2.62999994121492,2.03999995440245,1975,12,1976
51.8667,10.3333,1975-12-24,0.999999977648258,2.41999994590878,1.70999996177852,1975,12,1976
51.8667,10.3333,1975-12-25,-0.339999992400408,1.79999995976686,0.729999983683228,1975,12,1976
51.8667,10.3333,1975-12-26,-0.529999988153577,1.36999996937811,0.419999990612268,1975,12,1976
51.8667,10.3333,1975-12-27,-1.02999997697771,4.05999990925193,1.51499996613711,1975,12,1976
51.8667,10.3333,1975-12-28,2.37999994680285,4.46999990008771,3.42499992344528,1975,12,1976
51.8667,10.3333,1975-12-29,-0.0699999984353781,3.91999991238117,1.9249999569729,1975,12,1976
51.8667,10.3333,1975-12-30,-0.819999981671572,2.35999994724989,0.769999982789159,1975,12,1976
51.8667,10.3333,1975-12-31,-1.52999996580184,0.999999977648258,-0.264999994076788,1975,12,1976
51.8667,10.3333,1976-01-01,-1.24999997206032,2.24999994970858,0.499999988824129,1976,1,1976
51.8667,10.3333,1976-01-02,0.379999991506338,2.33999994769692,1.35999996960163,1976,1,1976
51.8667,10.3333,1976-01-03,-1.97999995574355,4.88999989069998,1.45499996747822,1976,1,1976
51.8667,10.3333,1976-01-04,-1.1499999742955,7.19999983906746,3.02499993238598,1976,1,1976
51.8667,10.3333,1976-01-05,-3.35999992489815,2.29999994859099,-0.529999988153577,1976,1,1976
51.8667,10.3333,1976-01-06,-4.09999990835786,5.49999987706542,0.699999984353781,1976,1,1976
51.8667,10.3333,1976-01-07,-1.7799999602139,1.98999995552003,0.104999997653067,1976,1,1976
51.8667,10.3333,1976-01-08,-4.72999989427626,5.13999988511205,0.204999995417893,1976,1,1976
51.8667,10.3333,1976-01-09,3.10999993048608,4.90999989025295,4.00999991036952,1976,1,1976
51.8667,10.3333,1976-01-10,3.12999993003905,5.25999988242984,4.19499990623444,1976,1,1976
51.8667,10.3333,1976-01-11,1.91999995708466,4.43999990075827,3.17999992892146,1976,1,1976
51.8667,10.3333,1976-01-12,3.89999991282821,7.37999983504415,5.63999987393618,1976,1,1976
51.8667,10.3333,1976-01-13,5.0499998871237,7.36999983526766,6.20999986119568,1976,1,1976
51.8667,10.3333,1976-01-14,0.0599999986588955,6.76999984867871,3.4149999236688,1976,1,1976
51.8667,10.3333,1976-01-15,-0.26999999396503,5.65999987348914,2.69499993976206,1976,1,1976
51.8667,10.3333,1976-01-16,-0.689999984577298,3.53999992087483,1.42499996814877,1976,1,1976
51.8667,10.3333,1976-01-17,-2.35999994724989,2.2399999499321,-0.0599999986588955,1976,1,1976
51.8667,10.3333,1976-01-18,-1.12999997474253,3.41999992355704,1.14499997440726,1976,1,1976
51.8667,10.3333,1976-01-19,-1.44999996758997,2.35999994724989,0.454999989829957,1976,1,1976
51.8667,10.3333,1976-01-20,0.539999987930059,2.53999994322658,1.53999996557832,1976,1,1976
51.8667,10.3333,1976-01-21,1.3799999691546,5.62999987415969,3.50499992165715,1976,1,1976
51.8667,10.3333,1976-01-22,-0.359999991953373,3.01999993249774,1.32999997027218,1976,1,1976
51.8667,10.3333,1976-01-23,-0.65999998524785,4.59999989718199,1.96999995596707,1976,1,1976
51.8667,10.3333,1976-01-24,-0.759999983012676,5.23999988287687,2.2399999499321,1976,1,1976
51.8667,10.3333,1976-01-25,-4.67999989539385,-0.0499999988824129,-2.36499994713813,1976,1,1976
51.8667,10.3333,1976-01-26,-9.78999978117645,-2.89999993517995,-6.3449998581782,1976,1,1976
51.8667,10.3333,1976-01-27,-13.2499997038394,-5.03999988734722,-9.14499979559332,1976,1,1976
51.8667,10.3333,1976-01-28,-11.5099997427315,-2.37999994680285,-6.94499984476715,1976,1,1976
51.8667,10.3333,1976-01-29,-14.0599996857345,-6.23999986052513,-10.1499997731298,1976,1,1976
51.8667,10.3333,1976-01-30,-15.5099996533245,-6.79999984800816,-11.1549997506663,1976,1,1976
51.8667,10.3333,1976-01-31,-12.0499997306615,-8.04999982006848,-10.049999775365,1976,1,1976
51.8667,10.3333,1976-02-01,-11.3299997467548,-5.37999987974763,-8.3549998132512,1976,2,1976
51.8667,10.3333,1976-02-02,-10.5599997639656,-5.54999987594783,-8.05499981995672,1976,2,1976
51.8667,10.3333,1976-02-03,-7.70999982766807,-1.53999996557832,-4.62499989662319,1976,2,1976
51.8667,10.3333,1976-02-04,-5.90999986790121,-1.03999997675419,-3.4749999223277,1976,2,1976
51.8667,10.3333,1976-02-05,-4.49999989941716,-1.53999996557832,-3.01999993249774,1976,2,1976
51.8667,10.3333,1976-02-06,-4.20999990589917,-0.61999998614192,-2.41499994602054,1976,2,1976
51.8667,10.3333,1976-02-07,-4.61999989673495,-0.209999995306134,-2.41499994602054,1976,2,1976
51.8667,10.3333,1976-02-08,-5.98999986611307,1.29999997094274,-2.34499994758517,1976,2,1976
51.8667,10.3333,1976-02-09,-8.02999982051551,0.0199999995529652,-4.00499991048127,1976,2,1976
51.8667,10.3333,1976-02-10,-1.79999995976686,1.47999996691942,-0.159999996423721,1976,2,1976
51.8667,10.3333,1976-02-11,0.0899999979883432,1.61999996379018,0.854999980889261,1976,2,1976
51.8667,10.3333,1976-02-12,-1.51999996602535,2.02999995462596,0.254999994300306,1976,2,1976
51.8667,10.3333,1976-02-13,-2.19999995082617,0.199999995529652,-0.999999977648258,1976,2,1976
51.8667,10.3333,1976-02-14,-3.60999991931021,0.159999996423721,-1.72499996144325,1976,2,1976
51.8667,10.3333,1976-02-15,-7.3499998357147,-3.05999993160367,-5.20499988365918,1976,2,1976
51.8667,10.3333,1976-02-16,-7.42999983392656,-3.5599999204278,-5.49499987717718,1976,2,1976
51.8667,10.3333,1976-02-17,-4.98999988846481,-1.19999997317791,-3.09499993082136,1976,2,1976
51.8667,10.3333,1976-02-18,-3.37999992445111,0.739999983459711,-1.3199999704957,1976,2,1976
51.8667,10.3333,1976-02-19,-4.04999990947545,1.99999995529652,-1.02499997708946,1976,2,1976
51.8667,10.3333,1976-02-20,-3.75999991595745,6.17999986186624,1.20999997295439,1976,2,1976
51.8667,10.3333,1976-02-21,-2.2399999499321,9.19999979436398,3.47999992221594,1976,2,1976
51.8667,10.3333,1976-02-22,0.289999993517995,9.82999978028238,5.05999988690019,1976,2,1976
51.8667,10.3333,1976-02-23,-2.35999994724989,6.91999984532595,2.27999994903803,1976,2,1976
51.8667,10.3333,1976-02-24,-4.46999990008771,5.43999987840652,0.484999989159405,1976,2,1976
51.8667,10.3333,1976-02-25,-3.1599999293685,3.91999991238117,0.379999991506338,1976,2,1976
51.8667,10.3333,1976-02-26,1.87999995797873,8.09999981895089,4.98999988846481,1976,2,1976
51.8667,10.3333,1976-02-27,2.75999993830919,6.46999985538423,4.61499989684671,1976,2,1976
51.8667,10.3333,1976-02-28,3.69999991729856,9.54999978654087,6.62499985191971,1976,2,1976
51.8667,10.3333,1976-02-29,-0.0699999984353781,11.1299997512251,5.52999987639487,1976,2,1976
51.8667,10.3333,1976-03-01,0.529999988153577,10.1099997740239,5.31999988108873,1976,3,1976
51.8667,10.3333,1976-03-02,1.67999996244907,6.50999985449016,4.09499990846962,1976,3,1976
51.8667,10.3333,1976-03-03,-1.58999996446073,3.51999992132187,0.964999978430569,1976,3,1976
51.8667,10.3333,1976-03-04,-4.94999988935888,3.87999991327524,-0.534999988041818,1976,3,1976
51.8667,10.3333,1976-03-05,-5.51999987661839,2.34999994747341,-1.58499996457249,1976,3,1976
51.8667,10.3333,1976-03-06,-8.29999981448054,-2.03999995440245,-5.16999988444149,1976,3,1976
51.8667,10.3333,1976-03-07,-6.24999986030161,-3.42999992333353,-4.83999989181757,1976,3,1976
51.8667,10.3333,1976-03-08,-7.40999983437359,-4.42999990098178,-5.91999986767769,1976,3,1976
51.8667,10.3333,1976-03-09,-8.38999981246889,-2.60999994166195,-5.49999987706542,1976,3,1976
51.8667,10.3333,1976-03-10,-10.5499997641891,-2.64999994076788,-6.5999998524785,1976,3,1976
51.8667,10.3333,1976-03-11,-8.65999980643392,-1.18999997340143,-4.92499988991767,1976,3,1976
51.8667,10.3333,1976-03-12,-10.2199997715652,2.33999994769692,-3.93999991193414,1976,3,1976
51.8667,10.3333,1976-03-13,-7.20999983884394,2.59999994188547,-2.30499994847924,1976,3,1976
51.8667,10.3333,1976-03-14,-1.53999996557832,6.13999986276031,2.29999994859099,1976,3,1976
51.8667,10.3333,1976-03-15,-0.0799999982118607,5.80999987013638,2.86499993596226,1976,3,1976
51.8667,10.3333,1976-03-16,-3.07999993115664,4.63999989628792,0.779999982565641,1976,3,1976
51.8667,10.3333,1976-03-17,-1.97999995574355,0.979999978095293,-0.499999988824129,1976,3,1976
51.8667,10.3333,1976-03-18,-1.69999996200204,-0.0199999995529652,-0.859999980777502,1976,3,1976
51.8667,10.3333,1976-03-19,-1.63999996334314,0.739999983459711,-0.449999989941716,1976,3,1976
51.8667,10.3333,1976-03-20,-5.45999987795949,0.369999991729856,-2.54499994311482,1976,3,1976
51.8667,10.3333,1976-03-21,-7.48999983258545,0.709999984130263,-3.3899999242276,1976,3,1976
51.8667,10.3333,1976-03-22,-9.14999979548156,-2.28999994881451,-5.71999987214804,1976,3,1976
51.8667,10.3333,1976-03-23,-8.10999981872737,-1.7799999602139,-4.94499988947064,1976,3,1976
51.8667,10.3333,1976-03-24,-5.82999986968935,-1.27999997138977,-3.55499992053956,1976,3,1976
51.8667,10.3333,1976-03-25,-9.04999979771674,2.14999995194376,-3.44999992288649,1976,3,1976
51.8667,10.3333,1976-03-26,-2.4099999461323,3.51999992132187,0.554999987594783,1976,3,1976
51.8667,10.3333,1976-03-27,2.89999993517995,6.67999985069036,4.78999989293516,1976,3,1976
51.8667,10.3333,1976-03-28,-0.529999988153577,5.0499998871237,2.25999994948506,1976,3,1976
51.8667,10.3333,1976-03-29,3.54999992065132,11.3799997456372,7.46499983314425,1976,3,1976
51.8667,10.3333,1976-03-30,3.75999991595745,12.7999997138977,8.27999981492758,1976,3,1976
51.8667,10.3333,1976-03-31,1.24999997206032,6.78999984823167,4.019999910146,1976,3,1976
51.8667,10.3333,1976-04-01,0.559999987483025,11.479999743402,6.01999986544251,1976,4,1976
51.8667,10.3333,1976-04-02,4.8199998922646,12.9399997107685,8.87999980151653,1976,4,1976
51.8667,10.3333,1976-04-03,5.5099998768419,16.909999622032,11.209999749437,1976,4,1976
51.8667,10.3333,1976-04-04,0.869999980553985,9.30999979190528,5.08999988622963,1976,4,1976
51.8667,10.3333,1976-04-05,-1.57999996468425,11.9999997317791,5.20999988354743,1976,4,1976
51.8667,10.3333,1976-04-06,0.30999999307096,10.4699997659773,5.38999987952411,1976,4,1976
51.8667,10.3333,1976-04-07,1.35999996960163,6.92999984510243,4.14499990735203,1976,4,1976
51.8667,10.3333,1976-04-08,-0.749999983236194,5.12999988533556,2.18999995104969,1976,4,1976
51.8667,10.3333,1976-04-09,-1.90999995730817,3.96999991126359,1.02999997697771,1976,4,1976
51.8667,10.3333,1976-04-10,-2.91999993473291,4.48999989964068,0.784999982453883,1976,4,1976
51.8667,10.3333,1976-04-11,-4.11999990791082,8.46999981068075,2.17499995138496,1976,4,1976
51.8667,10.3333,1976-04-12,-1.65999996289611,11.1199997514486,4.72999989427626,1976,4,1976
51.8667,10.3333,1976-04-13,-1.27999997138977,10.8099997583777,4.76499989349395,1976,4,1976
51.8667,10.3333,1976-04-14,0.169999996200204,11.4199997447431,5.79499987047166,1976,4,1976
51.8667,10.3333,1976-04-15,4.55999989807606,13.4999996982515,9.02999979816377,1976,4,1976
51.8667,10.3333,1976-04-16,1.63999996334314,13.469999698922,7.55499983113259,1976,4,1976
51.8667,10.3333,1976-04-17,2.9299999345094,10.7699997592717,6.84999984689057,1976,4,1976
51.8667,10.3333,1976-04-18,1.69999996200204,15.5999996513128,8.64999980665743,1976,4,1976
51.8667,10.3333,1976-04-19,3.23999992758036,16.65999962762,9.94999977760017,1976,4,1976
51.8667,10.3333,1976-04-20,4.7099998947233,14.6899996716529,9.6999997831881,1976,4,1976
51.8667,10.3333,1976-04-21,1.43999996781349,12.929999710992,7.18499983940274,1976,4,1976
51.8667,10.3333,1976-04-22,0.0299999993294477,8.39999981224537,4.21499990578741,1976,4,1976
51.8667,10.3333,1976-04-23,-4.28999990411103,4.30999990366399,0.00999999977648258,1976,4,1976
51.8667,10.3333,1976-04-24,-3.05999993160367,3.73999991640449,0.339999992400408,1976,4,1976
51.8667,10.3333,1976-04-25,-1.50999996624887,2.07999995350838,0.284999993629754,1976,4,1976
51.8667,10.3333,1976-04-26,-0.199999995529652,8.91999980062246,4.35999990254641,1976,4,1976
51.8667,10.3333,1976-04-27,-0.339999992400408,10.879999756813,5.26999988220632,1976,4,1976
51.8667,10.3333,1976-04-28,-1.02999997697771,5.23999988287687,2.10499995294958,1976,4,1976
51.8667,10.3333,1976-04-29,-3.68999991752207,3.69999991729856,0.00499999988824129,1976,4,1976
51.8667,10.3333,1976-04-30,-6.49999985471368,5.81999986991286,-0.339999992400408,1976,4,1976
51.8667,10.3333,1976-05-01,-1.19999997317791,7.93999982252717,3.36999992467463,1976,5,NA
51.8667,10.3333,1976-05-02,-0.769999982789159,10.7299997601658,4.97999988868833,1976,5,NA
51.8667,10.3333,1976-05-03,0.96999997831881,15.7999996468425,8.38499981258065,1976,5,NA
51.8667,10.3333,1976-05-04,5.77999987080693,11.6299997400492,8.70499980542809,1976,5,NA
51.8667,10.3333,1976-05-05,4.76999989338219,9.57999978587031,7.17499983962625,1976,5,NA
51.8667,10.3333,1976-05-06,3.16999992914498,14.6399996727705,8.90499980095774,1976,5,NA
51.8667,10.3333,1976-05-07,3.96999991126359,20.7699995357543,12.369999723509,1976,5,NA
51.8667,10.3333,1976-05-08,7.50999983213842,21.1599995270371,14.3349996795878,1976,5,NA
51.8667,10.3333,1976-05-09,7.84999982453883,25.2699994351715,16.5599996298552,1976,5,NA
51.8667,10.3333,1976-05-10,9.23999979346991,25.4799994304776,17.3599996119738,1976,5,NA
51.8667,10.3333,1976-05-11,10.899999756366,25.569999428466,18.234999592416,1976,5,NA
51.8667,10.3333,1976-05-12,8.30999981425703,19.9899995531887,14.1499996837229,1976,5,NA
51.8667,10.3333,1976-05-13,4.50999989919364,16.349999634549,10.4299997668713,1976,5,NA
51.8667,10.3333,1976-05-14,3.74999991618097,12.8999997116625,8.32499981392175,1976,5,NA
51.8667,10.3333,1976-05-15,1.38999996893108,8.80999980308115,5.09999988600612,1976,5,NA
51.8667,10.3333,1976-05-16,0.0199999995529652,16.0199996419251,8.01999982073903,1976,5,NA
51.8667,10.3333,1976-05-17,4.84999989159405,15.9099996443838,10.3799997679889,1976,5,NA
51.8667,10.3333,1976-05-18,3.64999991841614,18.6999995820224,11.1749997502193,1976,5,NA
51.8667,10.3333,1976-05-19,8.08999981917441,23.7099994700402,15.8999996446073,1976,5,NA
51.8667,10.3333,1976-05-20,9.9299997780472,21.9099995102733,15.9199996441603,1976,5,NA
51.8667,10.3333,1976-05-21,8.93999980017543,15.0699996631593,12.0049997316673,1976,5,NA
51.8667,10.3333,1976-05-22,6.26999985985458,11.9799997322261,9.12499979604036,1976,5,NA
51.8667,10.3333,1976-05-23,5.62999987415969,11.0399997532368,8.33499981369823,1976,5,NA
51.8667,10.3333,1976-05-24,7.77999982610345,15.3099996577948,11.5449997419491,1976,5,NA
51.8667,10.3333,1976-05-25,2.96999993361533,11.0199997536838,6.99499984364957,1976,5,NA
51.8667,10.3333,1976-05-26,3.76999991573393,15.2799996584654,9.52499978709966,1976,5,NA
51.8667,10.3333,1976-05-27,6.29999985918403,14.2899996805936,10.2949997698888,1976,5,NA
51.8667,10.3333,1976-05-28,5.37999987974763,10.049999775365,7.71499982755631,1976,5,NA
51.8667,10.3333,1976-05-29,6.90999984554946,12.0099997315556,9.45999978855252,1976,5,NA
51.8667,10.3333,1976-05-30,3.66999991796911,15.1399996615946,9.40499978978187,1976,5,NA
51.8667,10.3333,1976-05-31,7.72999982722104,14.4299996774644,11.0799997523427,1976,5,NA
51.8667,10.3333,1976-06-01,7.3499998357147,11.5299997422844,9.43999978899956,1976,6,NA
51.8667,10.3333,1976-06-02,5.36999987997115,13.4099997002631,9.38999979011714,1976,6,NA
51.8667,10.3333,1976-06-03,5.34999988041818,10.4899997655302,7.91999982297421,1976,6,NA
51.8667,10.3333,1976-06-04,4.83999989181757,10.069999774918,7.45499983336776,1976,6,NA
51.8667,10.3333,1976-06-05,5.30999988131225,10.7899997588247,8.04999982006848,1976,6,NA
51.8667,10.3333,1976-06-06,3.86999991349876,16.2699996363372,10.069999774918,1976,6,NA
51.8667,10.3333,1976-06-07,5.42999987863004,19.4199995659292,12.4249997222796,1976,6,NA
51.8667,10.3333,1976-06-08,7.54999983124435,21.4199995212257,14.484999676235,1976,6,NA
51.8667,10.3333,1976-06-09,9.15999979525805,22.4999994970858,15.8299996461719,1976,6,NA
51.8667,10.3333,1976-06-10,10.3999997675419,22.3299995008856,16.3649996342137,1976,6,NA
51.8667,10.3333,1976-06-11,10.1599997729063,20.6299995388836,15.3949996558949,1976,6,NA
51.8667,10.3333,1976-06-12,7.24999983794987,17.3099996130913,12.2799997255206,1976,6,NA
51.8667,10.3333,1976-06-13,6.14999986253679,21.3199995234609,13.7349996929988,1976,6,NA
51.8667,10.3333,1976-06-14,12.1099997293204,19.3699995670468,15.7399996481836,1976,6,NA
51.8667,10.3333,1976-06-15,5.51999987661839,22.0399995073676,13.779999691993,1976,6,NA
51.8667,10.3333,1976-06-16,9.56999978609383,17.5599996075034,13.5649996967986,1976,6,NA
51.8667,10.3333,1976-06-17,6.7199998497963,13.9899996872991,10.3549997685477,1976,6,NA
51.8667,10.3333,1976-06-18,5.11999988555908,19.5499995630234,12.3349997242913,1976,6,NA
51.8667,10.3333,1976-06-19,6.16999986208975,20.5899995397776,13.3799997009337,1976,6,NA
51.8667,10.3333,1976-06-20,9.62999978475273,21.4999995194376,15.5649996520951,1976,6,NA
51.8667,10.3333,1976-06-21,10.5999997630715,16.6099996287376,13.6049996959046,1976,6,NA
51.8667,10.3333,1976-06-22,6.3699998576194,18.1399995945394,12.2549997260794,1976,6,NA
51.8667,10.3333,1976-06-23,8.40999981202185,20.4799995422363,14.4449996771291,1976,6,NA
51.8667,10.3333,1976-06-24,7.22999983839691,22.5499994959682,14.8899996671826,1976,6,NA
51.8667,10.3333,1976-06-25,10.1899997722358,25.2999994345009,17.7449996033683,1976,6,NA
51.8667,10.3333,1976-06-26,12.5499997194856,26.6999994032085,19.6249995613471,1976,6,NA
51.8667,10.3333,1976-06-27,13.779999691993,27.2599993906915,20.5199995413423,1976,6,NA
51.8667,10.3333,1976-06-28,14.6699996720999,28.409999364987,21.5399995185435,1976,6,NA
51.8667,10.3333,1976-06-29,15.2599996589124,27.0899993944913,21.1749995267019,1976,6,NA
51.8667,10.3333,1976-06-30,12.6599997170269,25.6499994266778,19.1549995718524,1976,6,NA
51.8667,10.3333,1976-07-01,10.5899997632951,25.3699994329363,17.9799995981157,1976,7,NA
51.8667,10.3333,1976-07-02,13.4999996982515,25.0099994409829,19.2549995696172,1976,7,NA
51.8667,10.3333,1976-07-03,11.0499997530133,26.2899994123727,18.669999582693,1976,7,NA
51.8667,10.3333,1976-07-04,10.5499997641891,28.4199993647635,19.4849995644763,1976,7,NA
51.8667,10.3333,1976-07-05,13.3699997011572,30.4799993187189,21.9249995099381,1976,7,NA
51.8667,10.3333,1976-07-06,12.2899997252971,26.3899994101375,19.3399995677173,1976,7,NA
51.8667,10.3333,1976-07-07,10.029999775812,22.2599995024502,16.1449996391311,1976,7,NA
51.8667,10.3333,1976-07-08,7.40999983437359,24.4899994526058,15.9499996434897,1976,7,NA
51.8667,10.3333,1976-07-09,11.169999750331,26.3499994110316,18.7599995806813,1976,7,NA
51.8667,10.3333,1976-07-10,9.55999978631735,20.3299995455891,14.9449996659532,1976,7,NA
51.8667,10.3333,1976-07-11,7.83999982476234,22.3099995013326,15.0749996630475,1976,7,NA
51.8667,10.3333,1976-07-12,10.0599997751415,23.2899994794279,16.6749996272847,1976,7,NA
51.8667,10.3333,1976-07-13,12.5299997199327,26.4999994076788,19.5149995638058,1976,7,NA
51.8667,10.3333,1976-07-14,13.0299997087568,24.3199994564056,18.6749995825812,1976,7,NA
51.8667,10.3333,1976-07-15,14.2099996823817,22.0199995078146,18.1149995950982,1976,7,NA
51.8667,10.3333,1976-07-16,12.5799997188151,25.4399994313717,19.0099995750934,1976,7,NA
51.8667,10.3333,1976-07-17,14.0599996857345,30.2699993234128,22.1649995045736,1976,7,NA
51.8667,10.3333,1976-07-18,17.239999614656,30.0799993276596,23.6599994711578,1976,7,NA
51.8667,10.3333,1976-07-19,16.0299996417016,25.0799994394183,20.5549995405599,1976,7,NA
51.8667,10.3333,1976-07-20,15.3799996562302,24.3499994557351,19.8649995559826,1976,7,NA
51.8667,10.3333,1976-07-21,13.5899996962398,24.2299994584173,18.9099995773286,1976,7,NA
51.8667,10.3333,1976-07-22,11.3399997465312,17.6099996063858,14.4749996764585,1976,7,NA
51.8667,10.3333,1976-07-23,9.759999781847,17.779999602586,13.7699996922165,1976,7,NA
51.8667,10.3333,1976-07-24,10.0599997751415,17.8699996005744,13.9649996878579,1976,7,NA
51.8667,10.3333,1976-07-25,8.28999981470406,18.3399995900691,13.3149997023866,1976,7,NA
51.8667,10.3333,1976-07-26,9.79999978095293,18.3399995900691,14.069999685511,1976,7,NA
51.8667,10.3333,1976-07-27,10.5099997650832,18.8999995775521,14.7049996713176,1976,7,NA
51.8667,10.3333,1976-07-28,10.2699997704476,20.0899995509535,15.1799996607006,1976,7,NA
51.8667,10.3333,1976-07-29,10.6899997610599,17.6099996063858,14.1499996837229,1976,7,NA
51.8667,10.3333,1976-07-30,8.94999979995191,16.349999634549,12.6499997172505,1976,7,NA
51.8667,10.3333,1976-07-31,8.13999981805682,20.5499995406717,14.3449996793643,1976,7,NA
51.8667,10.3333,1976-08-01,9.65999978408217,16.3199996352196,12.9899997096509,1976,8,NA
51.8667,10.3333,1976-08-02,6.45999985560775,14.1399996839464,10.2999997697771,1976,8,NA
51.8667,10.3333,1976-08-03,5.89999986812472,13.9799996875226,9.93999977782369,1976,8,NA
51.8667,10.3333,1976-08-04,10.049999775365,16.1099996399134,13.0799997076392,1976,8,NA
51.8667,10.3333,1976-08-05,7.72999982722104,15.2599996589124,11.4949997430667,1976,8,NA
51.8667,10.3333,1976-08-06,6.16999986208975,15.7299996484071,10.9499997552484,1976,8,NA
51.8667,10.3333,1976-08-07,6.45999985560775,16.079999640584,11.2699997480959,1976,8,NA
51.8667,10.3333,1976-08-08,7.91999982297421,18.4099995885044,13.1649997057393,1976,8,NA
51.8667,10.3333,1976-08-09,6.92999984510243,19.8499995563179,13.3899997007102,1976,8,NA
51.8667,10.3333,1976-08-10,8.18999981693923,20.6299995388836,14.4099996779114,1976,8,NA
51.8667,10.3333,1976-08-11,8.93999980017543,21.6799995154142,15.3099996577948,1976,8,NA
51.8667,10.3333,1976-08-12,8.42999981157482,22.2899995017797,15.3599996566772,1976,8,NA
51.8667,10.3333,1976-08-13,8.85999980196357,21.7199995145202,15.2899996582419,1976,8,NA
51.8667,10.3333,1976-08-14,9.39999978989363,19.5599995627999,14.4799996763468,1976,8,NA
51.8667,10.3333,1976-08-15,9.43999978899956,20.0499995518476,14.7449996704236,1976,8,NA
51.8667,10.3333,1976-08-16,8.16999981738627,20.4699995424598,14.3199996799231,1976,8,NA
51.8667,10.3333,1976-08-17,6.55999985337257,20.7899995353073,13.6749996943399,1976,8,NA
51.8667,10.3333,1976-08-18,8.94999979995191,20.9199995324016,14.9349996661767,1976,8,NA
51.8667,10.3333,1976-08-19,9.05999979749322,20.8999995328486,14.9799996651709,1976,8,NA
51.8667,10.3333,1976-08-20,8.39999981224537,19.519999563694,13.9599996879697,1976,8,NA
51.8667,10.3333,1976-08-21,10.049999775365,21.239999525249,15.644999650307,1976,8,NA
51.8667,10.3333,1976-08-22,9.51999978721142,17.1299996171147,13.324999702163,1976,8,NA
51.8667,10.3333,1976-08-23,4.92999988980591,16.949999621138,10.9399997554719,1976,8,NA
51.8667,10.3333,1976-08-24,4.95999988913536,19.9999995529652,12.4799997210503,1976,8,NA
51.8667,10.3333,1976-08-25,6.18999986164272,23.3799994774163,14.7849996695295,1976,8,NA
51.8667,10.3333,1976-08-26,8.42999981157482,25.8299994226545,17.1299996171147,1976,8,NA
51.8667,10.3333,1976-08-27,8.74999980442226,23.8399994671345,16.2949996357784,1976,8,NA
51.8667,10.3333,1976-08-28,10.0899997744709,16.2399996370077,13.1649997057393,1976,8,NA
51.8667,10.3333,1976-08-29,9.62999978475273,17.5499996077269,13.5899996962398,1976,8,NA
51.8667,10.3333,1976-08-30,11.3799997456372,25.7899994235486,18.5849995845929,1976,8,NA
51.8667,10.3333,1976-08-31,11.5799997411668,22.3299995008856,16.9549996210262,1976,8,NA
51.8667,10.3333,1976-09-01,10.5599997639656,19.6399995610118,15.0999996624887,1976,9,NA
51.8667,10.3333,1976-09-02,8.77999980375171,17.5199996083975,13.1499997060746,1976,9,NA
51.8667,10.3333,1976-09-03,7.21999983862042,12.7599997147918,9.9899997767061,1976,9,NA
51.8667,10.3333,1976-09-04,6.60999985225499,14.089999685064,10.3499997686595,1976,9,NA
51.8667,10.3333,1976-09-05,6.99999984353781,12.5099997203797,9.75499978195876,1976,9,NA
51.8667,10.3333,1976-09-06,3.19999992847443,12.9999997094274,8.09999981895089,1976,9,NA
51.8667,10.3333,1976-09-07,6.64999985136092,13.6299996953458,10.1399997733533,1976,9,NA
51.8667,10.3333,1976-09-08,6.69999985024333,16.1299996394664,11.4149997448549,1976,9,NA
51.8667,10.3333,1976-09-09,6.73999984934926,18.089999595657,12.4149997225031,1976,9,NA
51.8667,10.3333,1976-09-10,9.28999979235232,14.7599996700883,12.0249997312203,1976,9,NA
51.8667,10.3333,1976-09-11,6.11999986320734,10.7599997594953,8.4399998113513,1976,9,NA
51.8667,10.3333,1976-09-12,5.49999987706542,13.6599996946752,9.57999978587031,1976,9,NA
51.8667,10.3333,1976-09-13,8.42999981157482,17.0899996180087,12.7599997147918,1976,9,NA
51.8667,10.3333,1976-09-14,8.12999981828034,22.979999486357,15.5549996523187,1976,9,NA
51.8667,10.3333,1976-09-15,8.18999981693923,14.9699996653944,11.5799997411668,1976,9,NA
51.8667,10.3333,1976-09-16,6.1999998614192,15.8499996457249,11.024999753572,1976,9,NA
51.8667,10.3333,1976-09-17,8.8399998024106,12.5099997203797,10.6749997613952,1976,9,NA
51.8667,10.3333,1976-09-18,6.01999986544251,12.6599997170269,9.33999979123473,1976,9,NA
51.8667,10.3333,1976-09-19,3.79999991506338,15.1399996615946,9.46999978832901,1976,9,NA
51.8667,10.3333,1976-09-20,7.01999984309077,14.1699996832758,10.5949997631833,1976,9,NA
51.8667,10.3333,1976-09-21,8.25999981537461,11.7599997371435,10.0099997762591,1976,9,NA
51.8667,10.3333,1976-09-22,4.26999990455806,14.5999996736646,9.43499978911132,1976,9,NA
51.8667,10.3333,1976-09-23,6.52999985404313,16.2899996358901,11.4099997449666,1976,9,NA
51.8667,10.3333,1976-09-24,5.55999987572432,17.8099996019155,11.6849997388199,1976,9,NA
51.8667,10.3333,1976-09-25,6.95999984443188,16.2799996361136,11.6199997402728,1976,9,NA
51.8667,10.3333,1976-09-26,8.52999980933964,13.9699996877462,11.2499997485429,1976,9,NA
51.8667,10.3333,1976-09-27,8.44999981112778,15.5699996519834,12.0099997315556,1976,9,NA
51.8667,10.3333,1976-09-28,10.8599997572601,20.369999544695,15.6149996509776,1976,9,NA
51.8667,10.3333,1976-09-29,13.7899996917695,16.8199996240437,15.3049996579066,1976,9,NA
51.8667,10.3333,1976-09-30,11.209999749437,16.0699996408075,13.6399996951222,1976,9,NA
51.8667,10.3333,1976-10-01,9.76999978162348,14.6999996714294,12.2349997265264,1976,10,1977
51.8667,10.3333,1976-10-02,7.90999982319772,14.2499996814877,11.0799997523427,1976,10,1977
51.8667,10.3333,1976-10-03,7.41999983415008,13.3399997018278,10.3799997679889,1976,10,1977
51.8667,10.3333,1976-10-04,8.29999981448054,15.2699996586889,11.7849997365847,1976,10,1977
51.8667,10.3333,1976-10-05,7.88999982364476,17.0499996189028,12.4699997212738,1976,10,1977
51.8667,10.3333,1976-10-06,4.14999990724027,13.179999705404,8.66499980632216,1976,10,1977
51.8667,10.3333,1976-10-07,3.42999992333353,11.8799997344613,7.65499982889742,1976,10,1977
51.8667,10.3333,1976-10-08,10.8199997581542,18.1999995931983,14.5099996756762,1976,10,1977
51.8667,10.3333,1976-10-09,6.85999984666705,15.789999647066,11.3249997468665,1976,10,1977
51.8667,10.3333,1976-10-10,6.51999985426664,18.0099995974451,12.2649997258559,1976,10,1977
51.8667,10.3333,1976-10-11,10.5099997650832,19.5699995625764,15.0399996638298,1976,10,1977
51.8667,10.3333,1976-10-12,7.749999826774,20.1499995496124,13.9499996881932,1976,10,1977
51.8667,10.3333,1976-10-13,6.85999984666705,19.7999995574355,13.3299997020513,1976,10,1977
51.8667,10.3333,1976-10-14,7.01999984309077,11.8499997351319,9.43499978911132,1976,10,1977
51.8667,10.3333,1976-10-15,6.78999984823167,10.339999768883,8.56499980855733,1976,10,1977
51.8667,10.3333,1976-10-16,5.01999988779426,10.3799997679889,7.69999982789159,1976,10,1977
51.8667,10.3333,1976-10-17,0.559999987483025,11.5199997425079,6.03999986499548,1976,10,1977
51.8667,10.3333,1976-10-18,-0.789999982342124,5.2799998819828,2.24499994982034,1976,10,1977
51.8667,10.3333,1976-10-19,-0.34999999217689,8.42999981157482,4.03999990969896,1976,10,1977
51.8667,10.3333,1976-10-20,1.73999996110797,9.78999978117645,5.76499987114221,1976,10,1977
51.8667,10.3333,1976-10-21,4.96999988891184,12.2199997268617,8.59499980788678,1976,10,1977
51.8667,10.3333,1976-10-22,5.3399998806417,13.1699997056276,9.25499979313463,1976,10,1977
51.8667,10.3333,1976-10-23,5.11999988555908,10.8299997579306,7.97499982174486,1976,10,1977
51.8667,10.3333,1976-10-24,4.4799998998642,16.2399996370077,10.359999768436,1976,10,1977
51.8667,10.3333,1976-10-25,3.41999992355704,13.8699996899813,8.64499980676919,1976,10,1977
51.8667,10.3333,1976-10-26,1.74999996088445,12.8499997127801,7.29999983683228,1976,10,1977
51.8667,10.3333,1976-10-27,0.739999983459711,11.0499997530133,5.89499986823648,1976,10,1977
51.8667,10.3333,1976-10-28,0.0299999993294477,7.24999983794987,3.63999991863966,1976,10,1977
51.8667,10.3333,1976-10-29,0.00999999977648258,6.68999985046685,3.34999992512167,1976,10,1977
51.8667,10.3333,1976-10-30,1.00999997742474,9.19999979436398,5.10499988589436,1976,10,1977
51.8667,10.3333,1976-10-31,-0.179999995976686,6.11999986320734,2.96999993361533,1976,10,1977
51.8667,10.3333,1976-11-01,-0.939999978989363,3.70999991707504,1.38499996904284,1976,11,1977
51.8667,10.3333,1976-11-02,-1.26999997161329,5.83999986946583,2.28499994892627,1976,11,1977
51.8667,10.3333,1976-11-03,4.34999990276992,8.35999981313944,6.35499985795468,1976,11,1977
51.8667,10.3333,1976-11-04,4.35999990254641,7.03999984264374,5.69999987259507,1976,11,1977
51.8667,10.3333,1976-11-05,-0.57999998703599,5.20999988354743,2.31499994825572,1976,11,1977
51.8667,10.3333,1976-11-06,-0.709999984130263,5.01999988779426,2.154999951832,1976,11,1977
51.8667,10.3333,1976-11-07,0.379999991506338,10.3999997675419,5.38999987952411,1976,11,1977
51.8667,10.3333,1976-11-08,4.21999990567565,10.2199997715652,7.21999983862042,1976,11,1977
51.8667,10.3333,1976-11-09,3.00999993272126,7.27999983727932,5.14499988500029,1976,11,1977
51.8667,10.3333,1976-11-10,3.64999991841614,8.21999981626868,5.93499986734241,1976,11,1977
51.8667,10.3333,1976-11-11,5.26999988220632,12.3999997228384,8.83499980252236,1976,11,1977
51.8667,10.3333,1976-11-12,4.54999989829957,8.34999981336296,6.44999985583127,1976,11,1977
51.8667,10.3333,1976-11-13,1.32999997027218,7.00999984331429,4.16999990679324,1976,11,1977
51.8667,10.3333,1976-11-14,1.64999996311963,5.67999987304211,3.66499991808087,1976,11,1977
51.8667,10.3333,1976-11-15,4.10999990813434,4.97999988868833,4.54499989841133,1976,11,1977
51.8667,10.3333,1976-11-16,2.68999993987381,4.88999989069998,3.7899999152869,1976,11,1977
51.8667,10.3333,1976-11-17,1.55999996513128,2.9299999345094,2.24499994982034,1976,11,1977
51.8667,10.3333,1976-11-18,1.98999995552003,4.28999990411103,3.13999992981553,1976,11,1977
51.8667,10.3333,1976-11-19,1.65999996289611,3.86999991349876,2.76499993819743,1976,11,1977
51.8667,10.3333,1976-11-20,-1.66999996267259,2.97999993339181,0.654999985359609,1976,11,1977
51.8667,10.3333,1976-11-21,-2.82999993674457,2.06999995373189,-0.379999991506338,1976,11,1977
51.8667,10.3333,1976-11-22,-6.4299998562783,1.86999995820224,-2.27999994903803,1976,11,1977
51.8667,10.3333,1976-11-23,-1.99999995529652,2.02999995462596,0.0149999996647239,1976,11,1977
51.8667,10.3333,1976-11-24,-1.56999996490777,0.0999999977648258,-0.73499998357147,1976,11,1977
51.8667,10.3333,1976-11-25,-0.92999997921288,3.70999991707504,1.38999996893108,1976,11,1977
51.8667,10.3333,1976-11-26,-0.669999985024333,4.73999989405274,2.03499995451421,1976,11,1977
51.8667,10.3333,1976-11-27,3.3299999255687,4.84999989159405,4.08999990858138,1976,11,1977
51.8667,10.3333,1976-11-28,2.56999994255602,4.79999989271164,3.68499991763383,1976,11,1977
51.8667,10.3333,1976-11-29,2.84999993629754,5.76999987103045,4.30999990366399,1976,11,1977
51.8667,10.3333,1976-11-30,4.67999989539385,6.44999985583127,5.56499987561256,1976,11,1977
51.8667,10.3333,1976-12-01,3.52999992109835,8.79999980330467,6.16499986220151,1976,12,1977
51.8667,10.3333,1976-12-02,-0.859999980777502,8.87999980151653,4.00999991036952,1976,12,1977
51.8667,10.3333,1976-12-03,-3.17999992892146,0.749999983236194,-1.21499997284263,1976,12,1977
51.8667,10.3333,1976-12-04,-2.29999994859099,-0.259999994188547,-1.27999997138977,1976,12,1977
51.8667,10.3333,1976-12-05,-2.51999994367361,0.399999991059303,-1.05999997630715,1976,12,1977
51.8667,10.3333,1976-12-06,-3.44999992288649,-0.139999996870756,-1.79499995987862,1976,12,1977
51.8667,10.3333,1976-12-07,-3.92999991215765,1.52999996580184,-1.19999997317791,1976,12,1977
51.8667,10.3333,1976-12-08,0.879999980330467,4.51999989897013,2.6999999396503,1976,12,1977
51.8667,10.3333,1976-12-09,1.4899999666959,4.4199999012053,2.9549999339506,1976,12,1977
51.8667,10.3333,1976-12-10,1.39999996870756,3.93999991193414,2.66999994032085,1976,12,1977
51.8667,10.3333,1976-12-11,-1.17999997362494,1.84999995864928,0.334999992512167,1976,12,1977
51.8667,10.3333,1976-12-12,-1.99999995529652,-0.389999991282821,-1.19499997328967,1976,12,1977
51.8667,10.3333,1976-12-13,-2.59999994188547,-0.639999985694885,-1.61999996379018,1976,12,1977
51.8667,10.3333,1976-12-14,-2.74999993853271,-1.56999996490777,-2.15999995172024,1976,12,1977
51.8667,10.3333,1976-12-15,-8.56999980844557,-2.10999995283782,-5.3399998806417,1976,12,1977
51.8667,10.3333,1976-12-16,-5.22999988310039,-3.06999993138015,-4.14999990724027,1976,12,1977
51.8667,10.3333,1976-12-17,-4.94999988935888,-2.43999994546175,-3.69499991741031,1976,12,1977
51.8667,10.3333,1976-12-18,-9.15999979525805,-1.53999996557832,-5.34999988041818,1976,12,1977
51.8667,10.3333,1976-12-19,-3.1599999293685,2.29999994859099,-0.429999990388751,1976,12,1977
51.8667,10.3333,1976-12-20,-2.04999995417893,1.64999996311963,-0.199999995529652,1976,12,1977
51.8667,10.3333,1976-12-21,-1.96999995596707,1.35999996960163,-0.304999993182719,1976,12,1977
51.8667,10.3333,1976-12-22,-1.50999996624887,3.57999991998076,1.03499997686595,1976,12,1977
51.8667,10.3333,1976-12-23,-2.25999994948506,2.53999994322658,0.139999996870756,1976,12,1977
51.8667,10.3333,1976-12-24,-4.85999989137053,1.05999997630715,-1.89999995753169,1976,12,1977
51.8667,10.3333,1976-12-25,-4.31999990344048,-0.96999997831881,-2.64499994087964,1976,12,1977
51.8667,10.3333,1976-12-26,-8.30999981425703,-1.68999996222556,-4.99999988824129,1976,12,1977
51.8667,10.3333,1976-12-27,-9.46999978832901,-2.14999995194376,-5.80999987013638,1976,12,1977
51.8667,10.3333,1976-12-28,-7.18999983929098,-2.09999995306134,-4.64499989617616,1976,12,1977
51.8667,10.3333,1976-12-29,-8.62999980710447,-2.56999994255602,-5.59999987483025,1976,12,1977
51.8667,10.3333,1976-12-30,-11.7399997375906,-4.14999990724027,-7.94499982241541,1976,12,1977
51.8667,10.3333,1976-12-31,-15.3299996573478,-5.21999988332391,-10.2749997703359,1976,12,1977
51.8667,10.3333,1977-01-01,-9.54999978654087,2.77999993786216,-3.38499992433935,1977,1,1977
51.8667,10.3333,1977-01-02,1.47999996691942,7.02999984286726,4.25499990489334,1977,1,1977
51.8667,10.3333,1977-01-03,0.809999981895089,3.4999999217689,2.154999951832,1977,1,1977
51.8667,10.3333,1977-01-04,-1.22999997250736,1.72999996133149,0.249999994412065,1977,1,1977
51.8667,10.3333,1977-01-05,-2.81999993696809,1.47999996691942,-0.669999985024333,1977,1,1977
51.8667,10.3333,1977-01-06,-5.66999987326562,-0.0399999991059303,-2.85499993618578,1977,1,1977
51.8667,10.3333,1977-01-07,-3.17999992892146,-0.509999988600612,-1.84499995876104,1977,1,1977
51.8667,10.3333,1977-01-08,-1.66999996267259,0.57999998703599,-0.544999987818301,1977,1,1977
51.8667,10.3333,1977-01-09,-2.93999993428588,1.06999997608364,-0.934999979101121,1977,1,1977
51.8667,10.3333,1977-01-10,-4.08999990858138,0.219999995082617,-1.93499995674938,1977,1,1977
51.8667,10.3333,1977-01-11,-0.92999997921288,0.26999999396503,-0.329999992623925,1977,1,1977
51.8667,10.3333,1977-01-12,-3.87999991327524,0.489999989047647,-1.6949999621138,1977,1,1977
51.8667,10.3333,1977-01-13,-5.42999987863004,-2.29999994859099,-3.86499991361052,1977,1,1977
51.8667,10.3333,1977-01-14,-6.96999984420836,-2.85999993607402,-4.91499989014119,1977,1,1977
51.8667,10.3333,1977-01-15,-6.90999984554946,-1.13999997451901,-4.02499991003424,1977,1,1977
51.8667,10.3333,1977-01-16,-2.50999994389713,0.26999999396503,-1.11999997496605,1977,1,1977
51.8667,10.3333,1977-01-17,-1.27999997138977,0.34999999217689,-0.46499998960644,1977,1,1977
51.8667,10.3333,1977-01-18,-2.38999994657934,-0.779999982565641,-1.58499996457249,1977,1,1977
51.8667,10.3333,1977-01-19,-7.08999984152615,-1.38999996893108,-4.23999990522861,1977,1,1977
51.8667,10.3333,1977-01-20,-9.1299997959286,-3.40999992378056,-6.26999985985458,1977,1,1977
51.8667,10.3333,1977-01-21,-5.06999988667667,-1.69999996200204,-3.38499992433935,1977,1,1977
51.8667,10.3333,1977-01-22,-5.59999987483025,1.13999997451901,-2.22999995015562,1977,1,1977
51.8667,10.3333,1977-01-23,-0.649999985471368,3.43999992311001,1.39499996881932,1977,1,1977
51.8667,10.3333,1977-01-24,0.909999979659915,4.74999989382923,2.82999993674457,1977,1,1977
51.8667,10.3333,1977-01-25,2.4099999461323,4.46999990008771,3.43999992311001,1977,1,1977
51.8667,10.3333,1977-01-26,0.629999985918403,5.46999987773597,3.04999993182719,1977,1,1977
51.8667,10.3333,1977-01-27,4.68999989517033,8.3799998126924,6.53499985393137,1977,1,1977
51.8667,10.3333,1977-01-28,1.99999995529652,5.00999988801777,3.50499992165715,1977,1,1977
51.8667,10.3333,1977-01-29,2.42999994568527,5.25999988242984,3.84499991405755,1977,1,1977
51.8667,10.3333,1977-01-30,-1.58999996446073,3.86999991349876,1.13999997451901,1977,1,1977
51.8667,10.3333,1977-01-31,-5.739999871701,-1.30999997071922,-3.52499992121011,1977,1,1977
51.8667,10.3333,1977-02-01,-7.29999983683228,-1.53999996557832,-4.4199999012053,1977,2,1977
51.8667,10.3333,1977-02-02,-10.1599997729063,-1.74999996088445,-5.95499986689538,1977,2,1977
51.8667,10.3333,1977-02-03,-8.28999981470406,-0.379999991506338,-4.3349999031052,1977,2,1977
51.8667,10.3333,1977-02-04,-6.18999986164272,1.62999996356666,-2.27999994903803,1977,2,1977
51.8667,10.3333,1977-02-05,-1.719999961555,4.11999990791082,1.19999997317791,1977,2,1977
51.8667,10.3333,1977-02-06,-1.11999997496605,5.89999986812472,2.38999994657934,1977,2,1977
51.8667,10.3333,1977-02-07,1.15999997407198,4.95999988913536,3.05999993160367,1977,2,1977
51.8667,10.3333,1977-02-08,2.37999994680285,5.89999986812472,4.13999990746379,1977,2,1977
51.8667,10.3333,1977-02-09,1.09999997541308,5.59999987483025,3.34999992512167,1977,2,1977
51.8667,10.3333,1977-02-10,-1.34999996982515,2.52999994345009,0.589999986812472,1977,2,1977
51.8667,10.3333,1977-02-11,-1.66999996267259,4.90999989025295,1.61999996379018,1977,2,1977
51.8667,10.3333,1977-02-12,2.37999994680285,5.42999987863004,3.90499991271645,1977,2,1977
51.8667,10.3333,1977-02-13,1.3799999691546,7.08999984152615,4.23499990534037,1977,2,1977
51.8667,10.3333,1977-02-14,1.26999997161329,4.05999990925193,2.66499994043261,1977,2,1977
51.8667,10.3333,1977-02-15,-0.289999993517995,5.65999987348914,2.68499993998557,1977,2,1977
51.8667,10.3333,1977-02-16,-1.84999995864928,2.22999995015562,0.189999995753169,1977,2,1977
51.8667,10.3333,1977-02-17,-0.96999997831881,2.38999994657934,0.709999984130263,1977,2,1977
51.8667,10.3333,1977-02-18,-0.279999993741512,5.01999988779426,2.36999994702637,1977,2,1977
51.8667,10.3333,1977-02-19,1.21999997273088,5.01999988779426,3.11999993026257,1977,2,1977
51.8667,10.3333,1977-02-20,1.25999997183681,5.90999986790121,3.58499991986901,1977,2,1977
51.8667,10.3333,1977-02-21,0.369999991729856,8.08999981917441,4.22999990545213,1977,2,1977
51.8667,10.3333,1977-02-22,2.85999993607402,7.63999982923269,5.24999988265336,1977,2,1977
51.8667,10.3333,1977-02-23,1.18999997340143,7.76999982632697,4.4799998998642,1977,2,1977
51.8667,10.3333,1977-02-24,-0.819999981671572,9.09999979659915,4.13999990746379,1977,2,1977
51.8667,10.3333,1977-02-25,0.979999978095293,10.7699997592717,5.87499986868352,1977,2,1977
51.8667,10.3333,1977-02-26,1.86999995820224,5.95999986678362,3.91499991249293,1977,2,1977
51.8667,10.3333,1977-02-27,-6.01999986544251,3.12999993003905,-1.44499996770173,1977,2,1977
51.8667,10.3333,1977-02-28,-7.91999982297421,-0.769999982789159,-4.34499990288168,1977,2,1977
51.8667,10.3333,1977-03-01,-6.13999986276031,0.739999983459711,-2.6999999396503,1977,3,1977
51.8667,10.3333,1977-03-02,-4.22999990545213,1.49999996647239,-1.36499996948987,1977,3,1977
51.8667,10.3333,1977-03-03,-4.65999989584088,5.07999988645315,0.209999995306134,1977,3,1977
51.8667,10.3333,1977-03-04,4.46999990008771,8.6699998062104,6.56999985314906,1977,3,1977
51.8667,10.3333,1977-03-05,2.71999993920326,8.039999820292,5.37999987974763,1977,3,1977
51.8667,10.3333,1977-03-06,2.09999995306134,7.14999984018505,4.62499989662319,1977,3,1977
51.8667,10.3333,1977-03-07,0.639999985694885,7.63999982923269,4.13999990746379,1977,3,1977
51.8667,10.3333,1977-03-08,-1.63999996334314,10.6199997626245,4.48999989964068,1977,3,1977
51.8667,10.3333,1977-03-09,3.18999992869794,9.36999979056418,6.27999985963106,1977,3,1977
51.8667,10.3333,1977-03-10,0.379999991506338,14.6699996720999,7.52499983180314,1977,3,1977
51.8667,10.3333,1977-03-11,5.69999987259507,12.2999997250736,8.99999979883432,1977,3,1977
51.8667,10.3333,1977-03-12,3.12999993003905,14.069999685511,8.59999980777502,1977,3,1977
51.8667,10.3333,1977-03-13,4.02999990992248,11.0799997523427,7.55499983113259,1977,3,1977
51.8667,10.3333,1977-03-14,1.36999996937811,6.75999984890223,4.06499990914017,1977,3,1977
51.8667,10.3333,1977-03-15,0.509999988600612,7.69999982789159,4.1049999082461,1977,3,1977
51.8667,10.3333,1977-03-16,0.709999984130263,7.50999983213842,4.10999990813434,1977,3,1977
51.8667,10.3333,1977-03-17,1.91999995708466,12.1699997279793,7.04499984253198,1977,3,1977
51.8667,10.3333,1977-03-18,6.66999985091388,11.9599997326732,9.31499979179353,1977,3,1977
51.8667,10.3333,1977-03-19,4.77999989315867,10.2899997700006,7.53499983157963,1977,3,1977
51.8667,10.3333,1977-03-20,1.80999995954335,8.36999981291592,5.08999988622963,1977,3,1977
51.8667,10.3333,1977-03-21,-0.599999986588955,9.59999978542328,4.49999989941716,1977,3,1977
51.8667,10.3333,1977-03-22,1.5499999653548,4.59999989718199,3.07499993126839,1977,3,1977
51.8667,10.3333,1977-03-23,1.51999996602535,6.029999865219,3.77499991562217,1977,3,1977
51.8667,10.3333,1977-03-24,2.98999993316829,9.39999978989363,6.19499986153096,1977,3,1977
51.8667,10.3333,1977-03-25,5.52999987639487,16.3099996354431,10.919999755919,1977,3,1977
51.8667,10.3333,1977-03-26,4.30999990366399,9.95999977737665,7.13499984052032,1977,3,1977
51.8667,10.3333,1977-03-27,0.92999997921288,9.30999979190528,5.11999988555908,1977,3,1977
51.8667,10.3333,1977-03-28,2.07999995350838,6.66999985091388,4.37499990221113,1977,3,1977
51.8667,10.3333,1977-03-29,-3.17999992892146,2.6399999409914,-0.26999999396503,1977,3,1977
51.8667,10.3333,1977-03-30,-6.63999985158443,-1.19999997317791,-3.91999991238117,1977,3,1977
51.8667,10.3333,1977-03-31,-10.4099997673184,-2.16999995149672,-6.28999985940754,1977,3,1977
51.8667,10.3333,1977-04-01,-7.87999982386827,-0.0599999986588955,-3.96999991126359,1977,4,1977
51.8667,10.3333,1977-04-02,-4.28999990411103,6.40999985672534,1.05999997630715,1977,4,1977
51.8667,10.3333,1977-04-03,2.26999994926155,8.74999980442226,5.5099998768419,1977,4,1977
51.8667,10.3333,1977-04-04,-0.129999997094274,8.61999980732799,4.24499990511686,1977,4,1977
51.8667,10.3333,1977-04-05,-0.339999992400408,5.68999987281859,2.67499994020909,1977,4,1977
51.8667,10.3333,1977-04-06,-1.3199999704957,3.53999992087483,1.10999997518957,1977,4,1977
51.8667,10.3333,1977-04-07,0.0999999977648258,4.07999990880489,2.08999995328486,1977,4,1977
51.8667,10.3333,1977-04-08,-1.52999996580184,3.63999991863966,1.05499997641891,1977,4,1977
51.8667,10.3333,1977-04-09,-2.06999995373189,2.58999994210899,0.259999994188547,1977,4,1977
51.8667,10.3333,1977-04-10,-4.10999990813434,1.82999995909631,-1.13999997451901,1977,4,1977
51.8667,10.3333,1977-04-11,-4.32999990321696,0.919999979436398,-1.70499996189028,1977,4,1977
51.8667,10.3333,1977-04-12,-2.66999994032085,1.27999997138977,-0.694999984465539,1977,4,1977
51.8667,10.3333,1977-04-13,-0.939999978989363,5.15999988466501,2.10999995283782,1977,4,1977
51.8667,10.3333,1977-04-14,1.76999996043742,7.42999983392656,4.59999989718199,1977,4,1977
51.8667,10.3333,1977-04-15,-0.679999984800816,4.16999990679324,1.74499996099621,1977,4,1977
51.8667,10.3333,1977-04-16,-0.379999991506338,4.94999988935888,2.28499994892627,1977,4,1977
51.8667,10.3333,1977-04-17,-1.36999996937811,4.74999989382923,1.68999996222556,1977,4,1977
51.8667,10.3333,1977-04-18,-1.36999996937811,9.97999977692962,4.30499990377575,1977,4,1977
51.8667,10.3333,1977-04-19,-1.43999996781349,5.24999988265336,1.90499995741993,1977,4,1977
51.8667,10.3333,1977-04-20,-3.71999991685152,5.15999988466501,0.719999983906746,1977,4,1977
51.8667,10.3333,1977-04-21,-4.55999989807606,9.42999978922307,2.43499994557351,1977,4,1977
51.8667,10.3333,1977-04-22,1.38999996893108,8.29999981448054,4.84499989170581,1977,4,1977
51.8667,10.3333,1977-04-23,7.65999982878566,14.0799996852875,10.8699997570366,1977,4,1977
51.8667,10.3333,1977-04-24,4.06999990902841,10.9399997554719,7.50499983225018,1977,4,1977
51.8667,10.3333,1977-04-25,2.24999994970858,7.5799998305738,4.91499989014119,1977,4,1977
51.8667,10.3333,1977-04-26,2.67999994009733,10.2599997706711,6.46999985538423,1977,4,1977
51.8667,10.3333,1977-04-27,6.54999985359609,14.1499996837229,10.3499997686595,1977,4,1977
51.8667,10.3333,1977-04-28,2.84999993629754,12.5299997199327,7.68999982811511,1977,4,1977
51.8667,10.3333,1977-04-29,-0.989999977871776,12.039999730885,5.52499987650663,1977,4,1977
51.8667,10.3333,1977-04-30,5.93999986723065,11.6899997387081,8.8149998029694,1977,4,1977
51.8667,10.3333,1977-05-01,5.24999988265336,9.44999978877604,7.3499998357147,1977,5,NA
51.8667,10.3333,1977-05-02,3.36999992467463,8.56999980844557,5.9699998665601,1977,5,NA
51.8667,10.3333,1977-05-03,3.69999991729856,15.229999659583,9.46499978844076,1977,5,NA
51.8667,10.3333,1977-05-04,6.93999984487891,18.919999577105,12.929999710992,1977,5,NA
51.8667,10.3333,1977-05-05,10.3099997695535,23.3599994778633,16.8349996237084,1977,5,NA
51.8667,10.3333,1977-05-06,6.24999986030161,17.9099995996803,12.079999729991,1977,5,NA
51.8667,10.3333,1977-05-07,3.28999992646277,12.2799997255206,7.78499982599169,1977,5,NA
51.8667,10.3333,1977-05-08,2.78999993763864,12.0499997306615,7.41999983415008,1977,5,NA
51.8667,10.3333,1977-05-09,3.07999993115664,12.1099997293204,7.59499983023852,1977,5,NA
51.8667,10.3333,1977-05-10,2.08999995328486,13.6999996937811,7.894999823533,1977,5,NA
51.8667,10.3333,1977-05-11,4.04999990947545,11.6499997396022,7.84999982453883,1977,5,NA
51.8667,10.3333,1977-05-12,6.8299998473376,14.2499996814877,10.5399997644126,1977,5,NA
51.8667,10.3333,1977-05-13,9.0699997972697,15.3499996569008,12.2099997270852,1977,5,NA
51.8667,10.3333,1977-05-14,5.87999986857176,12.8499997127801,9.36499979067594,1977,5,NA
51.8667,10.3333,1977-05-15,3.82999991439283,11.4899997431785,7.65999982878566,1977,5,NA
51.8667,10.3333,1977-05-16,2.4099999461323,10.7499997597188,6.57999985292554,1977,5,NA
51.8667,10.3333,1977-05-17,4.54999989829957,10.1899997722358,7.36999983526766,1977,5,NA
51.8667,10.3333,1977-05-18,5.14999988488853,14.5799996741116,9.86499977950007,1977,5,NA
51.8667,10.3333,1977-05-19,4.1899999063462,15.3399996571243,9.76499978173524,1977,5,NA
51.8667,10.3333,1977-05-20,6.68999985046685,12.1799997277558,9.43499978911132,1977,5,NA
51.8667,10.3333,1977-05-21,4.55999989807606,8.22999981604517,6.39499985706061,1977,5,NA
51.8667,10.3333,1977-05-22,3.96999991126359,9.51999978721142,6.7449998492375,1977,5,NA
51.8667,10.3333,1977-05-23,0.319999992847443,13.75999969244,7.03999984264374,1977,5,NA
51.8667,10.3333,1977-05-24,2.35999994724989,16.0899996403605,9.22499979380518,1977,5,NA
51.8667,10.3333,1977-05-25,2.99999993294477,17.8799996003509,10.4399997666478,1977,5,NA
51.8667,10.3333,1977-05-26,5.36999987997115,19.0799995735288,12.22499972675,1977,5,NA
51.8667,10.3333,1977-05-27,2.93999993428588,13.3899997007102,8.16499981749803,1977,5,NA
51.8667,10.3333,1977-05-28,3.35999992489815,15.6399996504188,9.49999978765845,1977,5,NA
51.8667,10.3333,1977-05-29,3.54999992065132,18.939999576658,11.2449997486547,1977,5,NA
51.8667,10.3333,1977-05-30,5.03999988734722,18.9799995757639,12.0099997315556,1977,5,NA
51.8667,10.3333,1977-05-31,4.6499998960644,12.4699997212738,8.55999980866909,1977,5,NA
51.8667,10.3333,1977-06-01,0.299999993294477,11.0399997532368,5.66999987326562,1977,6,NA
51.8667,10.3333,1977-06-02,-0.329999992623925,12.329999724403,5.99999986588955,1977,6,NA
51.8667,10.3333,1977-06-03,4.38999990187585,13.8199996910989,9.10499979648739,1977,6,NA
51.8667,10.3333,1977-06-04,5.92999986745417,10.1999997720122,8.0649998197332,1977,6,NA
51.8667,10.3333,1977-06-05,7.02999984286726,11.2699997480959,9.14999979548156,1977,6,NA
51.8667,10.3333,1977-06-06,6.67999985069036,13.3499997016042,10.0149997761473,1977,6,NA
51.8667,10.3333,1977-06-07,6.13999986276031,13.179999705404,9.65999978408217,1977,6,NA
51.8667,10.3333,1977-06-08,8.40999981202185,13.5899996962398,10.9999997541308,1977,6,NA
51.8667,10.3333,1977-06-09,7.44999983347952,14.7699996698648,11.1099997516721,1977,6,NA
51.8667,10.3333,1977-06-10,8.84999980218709,20.6299995388836,14.7399996705353,1977,6,NA
51.8667,10.3333,1977-06-11,13.0199997089803,26.1599994152784,19.5899995621294,1977,6,NA
51.8667,10.3333,1977-06-12,9.36999979056418,18.1999995931983,13.7849996918812,1977,6,NA
51.8667,10.3333,1977-06-13,10.3299997691065,20.1299995500594,15.229999659583,1977,6,NA
51.8667,10.3333,1977-06-14,13.1099997069687,26.129999415949,19.6199995614588,1977,6,NA
51.8667,10.3333,1977-06-15,13.1599997058511,24.0199994631112,18.5899995844811,1977,6,NA
51.8667,10.3333,1977-06-16,13.5599996969104,16.7699996251613,15.1649996610358,1977,6,NA
51.8667,10.3333,1977-06-17,13.6999996937811,19.9999995529652,16.8499996233732,1977,6,NA
51.8667,10.3333,1977-06-18,13.9699996877462,20.1899995487183,17.0799996182323,1977,6,NA
51.8667,10.3333,1977-06-19,13.3999997004867,19.6999995596707,16.5499996300787,1977,6,NA
51.8667,10.3333,1977-06-20,13.3199997022748,20.3399995453656,16.8299996238202,1977,6,NA
51.8667,10.3333,1977-06-21,10.1599997729063,14.9899996649474,12.5749997189268,1977,6,NA
51.8667,10.3333,1977-06-22,9.5299997869879,13.7699996922165,11.6499997396022,1977,6,NA
51.8667,10.3333,1977-06-23,10.339999768883,17.9099995996803,14.1249996842816,1977,6,NA
51.8667,10.3333,1977-06-24,8.76999980397522,19.5499995630234,14.1599996834993,1977,6,NA
51.8667,10.3333,1977-06-25,9.50999978743494,22.4099994990975,15.9599996432662,1977,6,NA
51.8667,10.3333,1977-06-26,10.7699997592717,20.4699995424598,15.6199996508658,1977,6,NA
51.8667,10.3333,1977-06-27,10.5699997637421,15.7599996477365,13.1649997057393,1977,6,NA
51.8667,10.3333,1977-06-28,6.67999985069036,15.0699996631593,10.8749997569248,1977,6,NA
51.8667,10.3333,1977-06-29,8.01999982073903,18.6099995840341,13.3149997023866,1977,6,NA
51.8667,10.3333,1977-06-30,9.28999979235232,15.0199996642768,12.1549997283146,1977,6,NA
51.8667,10.3333,1977-07-01,6.76999984867871,15.5499996524304,11.1599997505546,1977,7,NA
51.8667,10.3333,1977-07-02,8.82999980263412,18.1799995936453,13.5049996981397,1977,7,NA
51.8667,10.3333,1977-07-03,11.3599997460842,17.6799996048212,14.5199996754527,1977,7,NA
51.8667,10.3333,1977-07-04,7.66999982856214,21.3899995218962,14.5299996752292,1977,7,NA
51.8667,10.3333,1977-07-05,9.66999978385866,21.2999995239079,15.4849996538833,1977,7,NA
51.8667,10.3333,1977-07-06,8.95999979972839,22.4299994986504,15.6949996491894,1977,7,NA
51.8667,10.3333,1977-07-07,9.42999978922307,22.959999486804,16.1949996380135,1977,7,NA
51.8667,10.3333,1977-07-08,12.5499997194856,19.1399995721877,15.8449996458367,1977,7,NA
51.8667,10.3333,1977-07-09,9.24999979324639,17.6799996048212,13.4649996990338,1977,7,NA
51.8667,10.3333,1977-07-10,11.5699997413903,17.5399996079504,14.5549996746704,1977,7,NA
51.8667,10.3333,1977-07-11,12.039999730885,20.929999532178,16.4849996315315,1977,7,NA
51.8667,10.3333,1977-07-12,9.42999978922307,24.2999994568527,16.8649996230379,1977,7,NA
51.8667,10.3333,1977-07-13,11.1299997512251,25.2999994345009,18.214999592863,1977,7,NA
51.8667,10.3333,1977-07-14,11.3099997472018,21.7499995138496,16.5299996305257,1977,7,NA
51.8667,10.3333,1977-07-15,8.6699998062104,16.0499996412545,12.3599997237325,1977,7,NA
51.8667,10.3333,1977-07-16,5.72999987192452,14.2799996808171,10.0049997763708,1977,7,NA
51.8667,10.3333,1977-07-17,4.94999988935888,15.0499996636063,9.99999977648258,1977,7,NA
51.8667,10.3333,1977-07-18,7.71999982744455,17.19999961555,12.4599997214973,1977,7,NA
51.8667,10.3333,1977-07-19,10.049999775365,13.5599996969104,11.8049997361377,1977,7,NA
51.8667,10.3333,1977-07-20,10.0899997744709,14.2899996805936,12.1899997275323,1977,7,NA
51.8667,10.3333,1977-07-21,10.3799997679889,16.1599996387959,13.2699997033924,1977,7,NA
51.8667,10.3333,1977-07-22,8.22999981604517,15.6499996501952,11.9399997331202,1977,7,NA
51.8667,10.3333,1977-07-23,6.64999985136092,16.8599996231496,11.7549997372553,1977,7,NA
51.8667,10.3333,1977-07-24,9.84999977983534,17.6299996059388,13.7399996928871,1977,7,NA
51.8667,10.3333,1977-07-25,11.6099997404963,17.2499996144325,14.4299996774644,1977,7,NA
51.8667,10.3333,1977-07-26,10.0999997742474,14.4699996765703,12.2849997254089,1977,7,NA
51.8667,10.3333,1977-07-27,8.77999980375171,13.8799996897578,11.3299997467548,1977,7,NA
51.8667,10.3333,1977-07-28,9.16999979503453,14.9499996658415,12.059999730438,1977,7,NA
51.8667,10.3333,1977-07-29,7.55999983102083,17.8399996012449,12.6999997161329,1977,7,NA
51.8667,10.3333,1977-07-30,11.0999997518957,20.1099995505065,15.6049996512011,1977,7,NA
51.8667,10.3333,1977-07-31,13.2999997027218,22.5799994952977,17.9399995990098,1977,7,NA
51.8667,10.3333,1977-08-01,11.6299997400492,16.7499996256083,14.1899996828288,1977,8,NA
51.8667,10.3333,1977-08-02,9.54999978654087,14.5099996756762,12.0299997311085,1977,8,NA
51.8667,10.3333,1977-08-03,10.0799997746944,16.3799996338785,13.2299997042865,1977,8,NA
51.8667,10.3333,1977-08-04,11.8799997344613,17.2799996137619,14.5799996741116,1977,8,NA
51.8667,10.3333,1977-08-05,10.5499997641891,20.6299995388836,15.5899996515363,1977,8,NA
51.8667,10.3333,1977-08-06,10.339999768883,22.4499994982034,16.3949996335432,1977,8,NA
51.8667,10.3333,1977-08-07,9.57999978587031,21.839999511838,15.7099996488541,1977,8,NA
51.8667,10.3333,1977-08-08,12.8999997116625,23.2799994796515,18.089999595657,1977,8,NA
51.8667,10.3333,1977-08-09,12.3099997248501,19.4899995643646,15.8999996446073,1977,8,NA
51.8667,10.3333,1977-08-10,9.6999997831881,19.4099995661527,14.5549996746704,1977,8,NA
51.8667,10.3333,1977-08-11,10.0799997746944,17.3599996119738,13.7199996933341,1977,8,NA
51.8667,10.3333,1977-08-12,10.0799997746944,14.6099996734411,12.3449997240677,1977,8,NA
51.8667,10.3333,1977-08-13,11.6599997393787,13.5299996975809,12.5949997184798,1977,8,NA
51.8667,10.3333,1977-08-14,9.79999978095293,17.9399995990098,13.8699996899813,1977,8,NA
51.8667,10.3333,1977-08-15,10.5999997630715,18.669999582693,14.6349996728823,1977,8,NA
51.8667,10.3333,1977-08-16,11.9199997335672,17.799999602139,14.8599996678531,1977,8,NA
51.8667,10.3333,1977-08-17,9.10999979637563,17.1099996175617,13.1099997069687,1977,8,NA
51.8667,10.3333,1977-08-18,9.5899997856468,17.0099996197969,13.2999997027218,1977,8,NA
51.8667,10.3333,1977-08-19,11.5499997418374,17.1399996168911,14.3449996793643,1977,8,NA
51.8667,10.3333,1977-08-20,9.18999979458749,17.219999615103,13.2049997048452,1977,8,NA
51.8667,10.3333,1977-08-21,11.2199997492135,16.7299996260554,13.9749996876344,1977,8,NA
51.8667,10.3333,1977-08-22,10.629999762401,14.089999685064,12.3599997237325,1977,8,NA
51.8667,10.3333,1977-08-23,10.049999775365,15.7099996488541,12.8799997121096,1977,8,NA
51.8667,10.3333,1977-08-24,8.67999980598688,15.5799996517599,12.1299997288734,1977,8,NA
51.8667,10.3333,1977-08-25,5.13999988511205,18.0499995965511,11.5949997408316,1977,8,NA
51.8667,10.3333,1977-08-26,10.8299997579306,19.0199995748699,14.9249996664003,1977,8,NA
51.8667,10.3333,1977-08-27,12.7599997147918,17.9999995976686,15.3799996562302,1977,8,NA
51.8667,10.3333,1977-08-28,11.499999742955,18.7199995815754,15.1099996622652,1977,8,NA
51.8667,10.3333,1977-08-29,9.17999979481101,18.9699995759875,14.0749996853992,1977,8,NA
51.8667,10.3333,1977-08-30,6.77999984845519,19.5699995625764,13.1749997055158,1977,8,NA
51.8667,10.3333,1977-08-31,10.4599997662008,23.6099994722754,17.0349996192381,1977,8,NA
51.8667,10.3333,1977-09-01,14.4699996765703,21.54999951832,18.0099995974451,1977,9,NA
51.8667,10.3333,1977-09-02,13.6899996940047,23.1199994832277,18.4049995886162,1977,9,NA
51.8667,10.3333,1977-09-03,12.1599997282028,21.7799995131791,16.9699996206909,1977,9,NA
51.8667,10.3333,1977-09-04,11.7399997375906,20.949999531731,16.3449996346608,1977,9,NA
51.8667,10.3333,1977-09-05,9.43999978899956,17.2699996139854,13.3549997014925,1977,9,NA
51.8667,10.3333,1977-09-06,7.99999982118607,19.0199995748699,13.509999698028,1977,9,NA
51.8667,10.3333,1977-09-07,10.1899997722358,19.809999557212,14.9999996647239,1977,9,NA
51.8667,10.3333,1977-09-08,12.2299997266382,18.2899995911866,15.2599996589124,1977,9,NA
51.8667,10.3333,1977-09-09,8.55999980866909,13.3599997013807,10.9599997550249,1977,9,NA
51.8667,10.3333,1977-09-10,6.39999985694885,12.6799997165799,9.53999978676438,1977,9,NA
51.8667,10.3333,1977-09-11,5.62999987415969,9.80999978072941,7.71999982744455,1977,9,NA
51.8667,10.3333,1977-09-12,8.06999981962144,15.0699996631593,11.5699997413903,1977,9,NA
51.8667,10.3333,1977-09-13,8.48999981023371,16.0899996403605,12.2899997252971,1977,9,NA
51.8667,10.3333,1977-09-14,4.52999989874661,12.5199997201562,8.5249998094514,1977,9,NA
51.8667,10.3333,1977-09-15,2.4699999447912,13.8499996904284,8.15999981760979,1977,9,NA
51.8667,10.3333,1977-09-16,7.69999982789159,12.1099997293204,9.904999778606,1977,9,NA
51.8667,10.3333,1977-09-17,5.42999987863004,11.0299997534603,8.22999981604517,1977,9,NA
51.8667,10.3333,1977-09-18,3.82999991439283,10.069999774918,6.94999984465539,1977,9,NA
51.8667,10.3333,1977-09-19,2.75999993830919,10.2099997717887,6.48499985504895,1977,9,NA
51.8667,10.3333,1977-09-20,0.30999999307096,11.2899997476488,5.7999998703599,1977,9,NA
51.8667,10.3333,1977-09-21,0.26999999396503,10.5399997644126,5.40499987918884,1977,9,NA
51.8667,10.3333,1977-09-22,5.44999987818301,10.879999756813,8.16499981749803,1977,9,NA
51.8667,10.3333,1977-09-23,7.749999826774,10.3899997677654,9.0699997972697,1977,9,NA
51.8667,10.3333,1977-09-24,7.35999983549118,14.1199996843934,10.7399997599423,1977,9,NA
51.8667,10.3333,1977-09-25,3.52999992109835,11.2599997483194,7.39499983470887,1977,9,NA
51.8667,10.3333,1977-09-26,3.27999992668629,12.8399997130036,8.05999981984496,1977,9,NA
51.8667,10.3333,1977-09-27,1.97999995574355,14.069999685511,8.02499982062727,1977,9,NA
51.8667,10.3333,1977-09-28,0.279999993741512,13.6199996955693,6.94999984465539,1977,9,NA
51.8667,10.3333,1977-09-29,2.91999993473291,14.0599996857345,8.48999981023371,1977,9,NA
51.8667,10.3333,1977-09-30,10.0199997760355,13.6399996951222,11.8299997355789,1977,9,NA
51.8667,10.3333,1977-10-01,9.5299997869879,11.3399997465312,10.4349997667596,1977,10,1978
51.8667,10.3333,1977-10-02,3.84999991394579,10.9299997556955,7.38999983482063,1977,10,1978
51.8667,10.3333,1977-10-03,4.11999990791082,7.52999983169138,5.8249998698011,1977,10,1978
51.8667,10.3333,1977-10-04,4.11999990791082,9.51999978721142,6.81999984756112,1977,10,1978
51.8667,10.3333,1977-10-05,4.36999990232289,10.029999775812,7.19999983906746,1977,10,1978
51.8667,10.3333,1977-10-06,7.84999982453883,13.0099997092038,10.4299997668713,1977,10,1978
51.8667,10.3333,1977-10-07,7.86999982409179,18.9999995753169,13.4349996997043,1977,10,1978
51.8667,10.3333,1977-10-08,11.3999997451901,24.1999994590878,17.799999602139,1977,10,1978
51.8667,10.3333,1977-10-09,8.45999981090426,18.7399995811284,13.5999996960163,1977,10,1978
51.8667,10.3333,1977-10-10,9.11999979615211,18.8899995777756,14.0049996869639,1977,10,1978
51.8667,10.3333,1977-10-11,9.09999979659915,12.8299997132272,10.9649997549132,1977,10,1978
51.8667,10.3333,1977-10-12,3.69999991729856,10.8299997579306,7.2649998376146,1977,10,1978
51.8667,10.3333,1977-10-13,1.33999997004867,13.4599996991456,7.39999983459711,1977,10,1978
51.8667,10.3333,1977-10-14,3.54999992065132,13.5199996978045,8.53499980922788,1977,10,1978
51.8667,10.3333,1977-10-15,3.28999992646277,12.3999997228384,7.84499982465059,1977,10,1978
51.8667,10.3333,1977-10-16,3.76999991573393,12.1899997275323,7.9799998216331,1977,10,1978
51.8667,10.3333,1977-10-17,2.24999994970858,13.3199997022748,7.78499982599169,1977,10,1978
51.8667,10.3333,1977-10-18,1.99999995529652,11.749999737367,6.87499984633178,1977,10,1978
51.8667,10.3333,1977-10-19,1.55999996513128,13.0999997071922,7.32999983616173,1977,10,1978
51.8667,10.3333,1977-10-20,3.62999991886318,16.949999621138,10.2899997700006,1977,10,1978
51.8667,10.3333,1977-10-21,6.96999984420836,18.6399995833635,12.8049997137859,1977,10,1978
51.8667,10.3333,1977-10-22,8.63999980688095,18.5999995842576,13.6199996955693,1977,10,1978
51.8667,10.3333,1977-10-23,9.77999978139997,20.8199995346367,15.2999996580184,1977,10,1978
51.8667,10.3333,1977-10-24,9.43999978899956,17.0599996186793,13.2499997038394,1977,10,1978
51.8667,10.3333,1977-10-25,6.60999985225499,14.0299996864051,10.31999976933,1977,10,1978
51.8667,10.3333,1977-10-26,7.49999983236194,14.2599996812642,10.879999756813,1977,10,1978
51.8667,10.3333,1977-10-27,3.729999916628,12.5399997197092,8.13499981816858,1977,10,1978
51.8667,10.3333,1977-10-28,2.54999994300306,13.0799997076392,7.81499982532114,1977,10,1978
51.8667,10.3333,1977-10-29,5.1099998857826,12.2399997264147,8.67499980609864,1977,10,1978
51.8667,10.3333,1977-10-30,5.85999986901879,10.6899997610599,8.27499981503934,1977,10,1978
51.8667,10.3333,1977-10-31,2.26999994926155,11.5599997416139,6.91499984543771,1977,10,1978
51.8667,10.3333,1977-11-01,4.2499999050051,12.3799997232854,8.31499981414527,1977,11,1978
51.8667,10.3333,1977-11-02,3.22999992780387,10.1599997729063,6.69499985035509,1977,11,1978
51.8667,10.3333,1977-11-03,0.65999998524785,6.23999986052513,3.44999992288649,1977,11,1978
51.8667,10.3333,1977-11-04,5.76999987103045,12.6299997176975,9.19999979436398,1977,11,1978
51.8667,10.3333,1977-11-05,3.80999991483986,9.34999979101121,6.57999985292554,1977,11,1978
51.8667,10.3333,1977-11-06,3.25999992713332,7.98999982140958,5.62499987427145,1977,11,1978
51.8667,10.3333,1977-11-07,6.06999986432493,11.4499997440726,8.75999980419874,1977,11,1978
51.8667,10.3333,1977-11-08,7.75999982655048,12.329999724403,10.0449997754768,1977,11,1978
51.8667,10.3333,1977-11-09,6.38999985717237,9.50999978743494,7.94999982230365,1977,11,1978
51.8667,10.3333,1977-11-10,6.45999985560775,9.62999978475273,8.04499982018024,1977,11,1978
51.8667,10.3333,1977-11-11,8.6699998062104,12.9899997096509,10.8299997579306,1977,11,1978
51.8667,10.3333,1977-11-12,8.44999981112778,12.909999711439,10.6799997612834,1977,11,1978
51.8667,10.3333,1977-11-13,2.02999995462596,11.7799997366965,6.90499984566122,1977,11,1978
51.8667,10.3333,1977-11-14,1.15999997407198,2.94999993406236,2.05499995406717,1977,11,1978
51.8667,10.3333,1977-11-15,-0.0699999984353781,5.53999987617135,2.73499993886799,1977,11,1978
51.8667,10.3333,1977-11-16,1.35999996960163,5.99999986588955,3.67999991774559,1977,11,1978
51.8667,10.3333,1977-11-17,0.919999979436398,3.04999993182719,1.98499995563179,1977,11,1978
51.8667,10.3333,1977-11-18,-0.0999999977648258,2.6999999396503,1.29999997094274,1977,11,1978
51.8667,10.3333,1977-11-19,0.439999990165234,2.03999995440245,1.23999997228384,1977,11,1978
51.8667,10.3333,1977-11-20,0.239999994635582,1.75999996066093,0.999999977648258,1977,11,1978
51.8667,10.3333,1977-11-21,0.759999983012676,2.33999994769692,1.5499999653548,1977,11,1978
51.8667,10.3333,1977-11-22,-0.0599999986588955,3.73999991640449,1.8399999588728,1977,11,1978
51.8667,10.3333,1977-11-23,-0.819999981671572,2.19999995082617,0.689999984577298,1977,11,1978
51.8667,10.3333,1977-11-24,0.499999988824129,3.35999992489815,1.92999995686114,1977,11,1978
51.8667,10.3333,1977-11-25,1.27999997138977,3.84999991394579,2.56499994266778,1977,11,1978
51.8667,10.3333,1977-11-26,0.339999992400408,2.45999994501472,1.39999996870756,1977,11,1978
51.8667,10.3333,1977-11-27,-1.88999995775521,0.749999983236194,-0.569999987259507,1977,11,1978
51.8667,10.3333,1977-11-28,-3.56999992020428,-1.73999996110797,-2.65499994065613,1977,11,1978
51.8667,10.3333,1977-11-29,-5.95999986678362,-2.94999993406236,-4.45499990042299,1977,11,1978
51.8667,10.3333,1977-11-30,-5.54999987594783,-1.12999997474253,-3.33999992534518,1977,11,1978
51.8667,10.3333,1977-12-01,-2.26999994926155,0.829999981448054,-0.719999983906746,1977,12,1978
51.8667,10.3333,1977-12-02,-1.91999995708466,1.09999997541308,-0.409999990835786,1977,12,1978
51.8667,10.3333,1977-12-03,-2.49999994412065,-0.0199999995529652,-1.25999997183681,1977,12,1978
51.8667,10.3333,1977-12-04,-2.05999995395541,1.15999997407198,-0.449999989941716,1977,12,1978
51.8667,10.3333,1977-12-05,-5.94999986700714,0.869999980553985,-2.53999994322658,1977,12,1978
51.8667,10.3333,1977-12-06,-8.72999980486929,-2.33999994769692,-5.53499987628311,1977,12,1978
51.8667,10.3333,1977-12-07,-10.5799997635186,-4.21999990567565,-7.39999983459711,1977,12,1978
51.8667,10.3333,1977-12-08,-6.79999984800816,3.91999991238117,-1.43999996781349,1977,12,1978
51.8667,10.3333,1977-12-09,-0.169999996200204,6.72999984957278,3.27999992668629,1977,12,1978
51.8667,10.3333,1977-12-10,-1.56999996490777,2.49999994412065,0.46499998960644,1977,12,1978
51.8667,10.3333,1977-12-11,-0.899999979883432,2.44999994523823,0.7749999826774,1977,12,1978
51.8667,10.3333,1977-12-12,-0.379999991506338,5.74999987147748,2.68499993998557,1977,12,1978
51.8667,10.3333,1977-12-13,2.16999995149672,4.92999988980591,3.54999992065132,1977,12,1978
51.8667,10.3333,1977-12-14,2.48999994434416,5.31999988108873,3.90499991271645,1977,12,1978
51.8667,10.3333,1977-12-15,1.59999996423721,4.98999988846481,3.29499992635101,1977,12,1978
51.8667,10.3333,1977-12-16,3.30999992601573,5.13999988511205,4.22499990556389,1977,12,1978
51.8667,10.3333,1977-12-17,1.21999997273088,6.26999985985458,3.74499991629273,1977,12,1978
51.8667,10.3333,1977-12-18,-0.559999987483025,3.61999991908669,1.52999996580184,1977,12,1978
51.8667,10.3333,1977-12-19,-0.899999979883432,6.84999984689057,2.97499993350357,1977,12,1978
51.8667,10.3333,1977-12-20,0.469999989494681,5.12999988533556,2.79999993741512,1977,12,1978
51.8667,10.3333,1977-12-21,-1.46999996714294,5.09999988600612,1.81499995943159,1977,12,1978
51.8667,10.3333,1977-12-22,-3.0999999307096,5.44999987818301,1.1749999737367,1977,12,1978
51.8667,10.3333,1977-12-23,-3.06999993138015,4.2499999050051,0.589999986812472,1977,12,1978
51.8667,10.3333,1977-12-24,0.689999984577298,6.03999986499548,3.36499992478639,1977,12,1978
51.8667,10.3333,1977-12-25,4.68999989517033,12.1199997290969,8.40499981213361,1977,12,1978
51.8667,10.3333,1977-12-26,3.07999993115664,6.58999985270202,4.83499989192933,1977,12,1978
51.8667,10.3333,1977-12-27,2.07999995350838,4.12999990768731,3.10499993059784,1977,12,1978
51.8667,10.3333,1977-12-28,1.55999996513128,4.13999990746379,2.84999993629754,1977,12,1978
51.8667,10.3333,1977-12-29,-0.249999994412065,2.35999994724989,1.05499997641891,1977,12,1978
51.8667,10.3333,1977-12-30,0.0599999986588955,1.43999996781349,0.749999983236194,1977,12,1978
51.8667,10.3333,1977-12-31,-1.57999996468425,1.69999996200204,0.0599999986588955,1977,12,1978
51.8667,10.3333,1978-01-01,-1.3799999691546,1.1499999742955,-0.11499999742955,1978,1,1978
51.8667,10.3333,1978-01-02,-0.359999991953373,2.45999994501472,1.04999997653067,1978,1,1978
51.8667,10.3333,1978-01-03,1.79999995976686,3.10999993048608,2.45499994512647,1978,1,1978
51.8667,10.3333,1978-01-04,-1.05999997630715,2.1799999512732,0.559999987483025,1978,1,1978
51.8667,10.3333,1978-01-05,-2.28999994881451,0.389999991282821,-0.949999978765845,1978,1,1978
51.8667,10.3333,1978-01-06,-10.4199997670949,-1.82999995909631,-6.12499986309558,1978,1,1978
51.8667,10.3333,1978-01-07,-5.53999987617135,1.06999997608364,-2.23499995004386,1978,1,1978
51.8667,10.3333,1978-01-08,-1.5499999653548,1.17999997362494,-0.184999995864928,1978,1,1978
51.8667,10.3333,1978-01-09,-3.35999992489815,1.02999997697771,-1.16499997396022,1978,1,1978
51.8667,10.3333,1978-01-10,-4.07999990880489,0.519999988377094,-1.7799999602139,1978,1,1978
51.8667,10.3333,1978-01-11,-0.829999981448054,1.40999996848404,0.289999993517995,1978,1,1978
51.8667,10.3333,1978-01-12,-0.30999999307096,2.53999994322658,1.11499997507781,1978,1,1978
51.8667,10.3333,1978-01-13,-0.589999986812472,2.56999994255602,0.989999977871776,1978,1,1978
51.8667,10.3333,1978-01-14,-2.21999995037913,0.499999988824129,-0.859999980777502,1978,1,1978
51.8667,10.3333,1978-01-15,-2.59999994188547,2.19999995082617,-0.199999995529652,1978,1,1978
51.8667,10.3333,1978-01-16,-3.37999992445111,3.88999991305172,0.254999994300306,1978,1,1978
51.8667,10.3333,1978-01-17,-3.57999991998076,1.58999996446073,-0.994999977760017,1978,1,1978
51.8667,10.3333,1978-01-18,-3.729999916628,5.2799998819828,0.7749999826774,1978,1,1978
51.8667,10.3333,1978-01-19,-2.45999994501472,0.489999989047647,-0.984999977983534,1978,1,1978
51.8667,10.3333,1978-01-20,-3.94999991171062,0.799999982118607,-1.57499996479601,1978,1,1978
51.8667,10.3333,1978-01-21,-4.65999989584088,0.949999978765845,-1.85499995853752,1978,1,1978
51.8667,10.3333,1978-01-22,-6.95999984443188,-0.419999990612268,-3.68999991752207,1978,1,1978
51.8667,10.3333,1978-01-23,-4.88999989069998,-0.569999987259507,-2.72999993897974,1978,1,1978
51.8667,10.3333,1978-01-24,-4.11999990791082,-0.0699999984353781,-2.0949999531731,1978,1,1978
51.8667,10.3333,1978-01-25,-1.30999997071922,3.21999992802739,0.954999978654087,1978,1,1978
51.8667,10.3333,1978-01-26,-1.36999996937811,2.88999993540347,0.759999983012676,1978,1,1978
51.8667,10.3333,1978-01-27,-1.86999995820224,0.449999989941716,-0.709999984130263,1978,1,1978
51.8667,10.3333,1978-01-28,-1.64999996311963,0.539999987930059,-0.554999987594783,1978,1,1978
51.8667,10.3333,1978-01-29,-0.549999987706542,2.77999993786216,1.11499997507781,1978,1,1978
51.8667,10.3333,1978-01-30,-0.589999986812472,2.35999994724989,0.884999980218709,1978,1,1978
51.8667,10.3333,1978-01-31,-0.909999979659915,1.34999996982515,0.219999995082617,1978,1,1978
51.8667,10.3333,1978-02-01,-3.12999993003905,0.399999991059303,-1.36499996948987,1978,2,1978
51.8667,10.3333,1978-02-02,-6.47999985516071,0.0299999993294477,-3.22499992791563,1978,2,1978
51.8667,10.3333,1978-02-03,-2.87999993562698,-0.799999982118607,-1.8399999588728,1978,2,1978
51.8667,10.3333,1978-02-04,-2.4099999461323,-1.38999996893108,-1.89999995753169,1978,2,1978
51.8667,10.3333,1978-02-05,-2.68999993987381,-0.849999981001019,-1.76999996043742,1978,2,1978
51.8667,10.3333,1978-02-06,-3.01999993249774,-0.65999998524785,-1.8399999588728,1978,2,1978
51.8667,10.3333,1978-02-07,-4.65999989584088,-0.609999986365438,-2.63499994110316,1978,2,1978
51.8667,10.3333,1978-02-08,-6.89999984577298,-1.46999996714294,-4.18499990645796,1978,2,1978
51.8667,10.3333,1978-02-09,-7.18999983929098,-3.89999991282821,-5.54499987605959,1978,2,1978
51.8667,10.3333,1978-02-10,-7.68999982811511,-5.13999988511205,-6.41499985661358,1978,2,1978
51.8667,10.3333,1978-02-11,-8.8399998024106,-6.37999985739589,-7.60999982990324,1978,2,1978
51.8667,10.3333,1978-02-12,-8.64999980665743,-5.98999986611307,-7.31999983638525,1978,2,1978
51.8667,10.3333,1978-02-13,-8.05999981984496,-3.35999992489815,-5.70999987237155,1978,2,1978
51.8667,10.3333,1978-02-14,-9.23999979346991,-2.37999994680285,-5.80999987013638,1978,2,1978
51.8667,10.3333,1978-02-15,-5.92999986745417,-2.98999993316829,-4.45999990031123,1978,2,1978
51.8667,10.3333,1978-02-16,-9.49999978765845,-3.61999991908669,-6.55999985337257,1978,2,1978
51.8667,10.3333,1978-02-17,-12.369999723509,-5.40999987907708,-8.88999980129302,1978,2,1978
51.8667,10.3333,1978-02-18,-13.2899997029454,-3.68999991752207,-8.48999981023371,1978,2,1978
51.8667,10.3333,1978-02-19,-14.6999996714294,-3.02999993227422,-8.86499980185181,1978,2,1978
51.8667,10.3333,1978-02-20,-11.6899997387081,-5.76999987103045,-8.72999980486929,1978,2,1978
51.8667,10.3333,1978-02-21,-15.1299996618181,-3.83999991416931,-9.48499978799373,1978,2,1978
51.8667,10.3333,1978-02-22,-15.0499996636063,0.589999986812472,-7.22999983839691,1978,2,1978
51.8667,10.3333,1978-02-23,-3.89999991282821,3.17999992892146,-0.359999991953373,1978,2,1978
51.8667,10.3333,1978-02-24,0.26999999396503,5.87999986857176,3.07499993126839,1978,2,1978
51.8667,10.3333,1978-02-25,3.57999991998076,10.0199997760355,6.79999984800816,1978,2,1978
51.8667,10.3333,1978-02-26,5.03999988734722,12.0899997297674,8.56499980855733,1978,2,1978
51.8667,10.3333,1978-02-27,4.54999989829957,11.169999750331,7.85999982431531,1978,2,1978
51.8667,10.3333,1978-02-28,3.36999992467463,10.4799997657537,6.92499984521419,1978,2,1978
51.8667,10.3333,1978-03-01,3.81999991461635,10.4699997659773,7.1449998402968,1978,3,1978
51.8667,10.3333,1978-03-02,1.3799999691546,11.4299997445196,6.40499985683709,1978,3,1978
51.8667,10.3333,1978-03-03,3.68999991752207,8.36999981291592,6.029999865219,1978,3,1978
51.8667,10.3333,1978-03-04,2.42999994568527,6.92999984510243,4.67999989539385,1978,3,1978
51.8667,10.3333,1978-03-05,-1.84999995864928,9.77999978139997,3.96499991137534,1978,3,1978
51.8667,10.3333,1978-03-06,0.109999997541308,5.71999987214804,2.91499993484467,1978,3,1978
51.8667,10.3333,1978-03-07,-2.13999995216727,1.10999997518957,-0.514999988488853,1978,3,1978
51.8667,10.3333,1978-03-08,-2.82999993674457,2.99999993294477,0.0849999981001019,1978,3,1978
51.8667,10.3333,1978-03-09,1.21999997273088,4.61999989673495,2.91999993473291,1978,3,1978
51.8667,10.3333,1978-03-10,1.0899999756366,5.71999987214804,3.40499992389232,1978,3,1978
51.8667,10.3333,1978-03-11,0.629999985918403,6.80999984778464,3.71999991685152,1978,3,1978
51.8667,10.3333,1978-03-12,0.709999984130263,8.87999980151653,4.7949998928234,1978,3,1978
51.8667,10.3333,1978-03-13,-2.80999993719161,9.88999977894127,3.53999992087483,1978,3,1978
51.8667,10.3333,1978-03-14,3.0999999307096,7.70999982766807,5.40499987918884,1978,3,1978
51.8667,10.3333,1978-03-15,2.4099999461323,7.23999983817339,4.82499989215285,1978,3,1978
51.8667,10.3333,1978-03-16,2.49999994412065,5.74999987147748,4.12499990779907,1978,3,1978
51.8667,10.3333,1978-03-17,1.56999996490777,7.08999984152615,4.32999990321696,1978,3,1978
51.8667,10.3333,1978-03-18,-2.50999994389713,2.26999994926155,-0.119999997317791,1978,3,1978
51.8667,10.3333,1978-03-19,-4.03999990969896,0.449999989941716,-1.79499995987862,1978,3,1978
51.8667,10.3333,1978-03-20,-1.74999996088445,1.35999996960163,-0.19499999564141,1978,3,1978
51.8667,10.3333,1978-03-21,-0.549999987706542,3.2699999269098,1.35999996960163,1978,3,1978
51.8667,10.3333,1978-03-22,-1.50999996624887,2.8699999358505,0.679999984800816,1978,3,1978
51.8667,10.3333,1978-03-23,-3.65999991819263,2.58999994210899,-0.534999988041818,1978,3,1978
51.8667,10.3333,1978-03-24,-0.0699999984353781,5.29999988153577,2.6149999415502,1978,3,1978
51.8667,10.3333,1978-03-25,-0.749999983236194,5.1099998857826,2.1799999512732,1978,3,1978
51.8667,10.3333,1978-03-26,-1.65999996289611,4.4199999012053,1.3799999691546,1978,3,1978
51.8667,10.3333,1978-03-27,-1.0899999756366,5.15999988466501,2.03499995451421,1978,3,1978
51.8667,10.3333,1978-03-28,-0.629999985918403,4.7099998947233,2.03999995440245,1978,3,1978
51.8667,10.3333,1978-03-29,4.31999990344048,10.7299997601658,7.52499983180314,1978,3,1978
51.8667,10.3333,1978-03-30,7.03999984264374,13.2799997031689,10.1599997729063,1978,3,1978
51.8667,10.3333,1978-03-31,6.03999986499548,15.479999653995,10.7599997594953,1978,3,1978
51.8667,10.3333,1978-04-01,3.99999991059303,10.9099997561425,7.45499983336776,1978,4,1978
51.8667,10.3333,1978-04-02,6.09999986365438,12.2499997261912,9.17499979492277,1978,4,1978
51.8667,10.3333,1978-04-03,4.019999910146,10.2999997697771,7.15999983996153,1978,4,1978
51.8667,10.3333,1978-04-04,3.30999992601573,7.75999982655048,5.53499987628311,1978,4,1978
51.8667,10.3333,1978-04-05,3.17999992892146,5.99999986588955,4.58999989740551,1978,4,1978
51.8667,10.3333,1978-04-06,-0.859999980777502,4.52999989874661,1.83499995898455,1978,4,1978
51.8667,10.3333,1978-04-07,-5.02999988757074,3.17999992892146,-0.924999979324639,1978,4,1978
51.8667,10.3333,1978-04-08,-5.71999987214804,8.18999981693923,1.2349999723956,1978,4,1978
51.8667,10.3333,1978-04-09,-1.6099999640137,8.02999982051551,3.20999992825091,1978,4,1978
51.8667,10.3333,1978-04-10,-1.29999997094274,10.5899997632951,4.64499989617616,1978,4,1978
51.8667,10.3333,1978-04-11,1.88999995775521,9.56999978609383,5.72999987192452,1978,4,1978
51.8667,10.3333,1978-04-12,0.419999990612268,6.97999984398484,3.69999991729856,1978,4,1978
51.8667,10.3333,1978-04-13,-2.4699999447912,3.27999992668629,0.404999990947545,1978,4,1978
51.8667,10.3333,1978-04-14,-1.41999996826053,8.09999981895089,3.33999992534518,1978,4,1978
51.8667,10.3333,1978-04-15,-1.28999997116625,7.14999984018505,2.9299999345094,1978,4,1978
51.8667,10.3333,1978-04-16,0.0999999977648258,5.40999987907708,2.75499993842095,1978,4,1978
51.8667,10.3333,1978-04-17,-1.96999995596707,5.21999988332391,1.62499996367842,1978,4,1978
51.8667,10.3333,1978-04-18,-3.24999992735684,6.86999984644353,1.80999995954335,1978,4,1978
51.8667,10.3333,1978-04-19,-2.89999993517995,9.68999978341162,3.39499992411584,1978,4,1978
51.8667,10.3333,1978-04-20,0.909999979659915,11.1799997501075,6.04499986488372,1978,4,1978
51.8667,10.3333,1978-04-21,-0.61999998614192,13.5999996960163,6.4899998549372,1978,4,1978
51.8667,10.3333,1978-04-22,1.92999995686114,9.36999979056418,5.64999987371266,1978,4,1978
51.8667,10.3333,1978-04-23,4.21999990567565,7.24999983794987,5.73499987181276,1978,4,1978
51.8667,10.3333,1978-04-24,1.39999996870756,12.0999997295439,6.74999984912574,1978,4,1978
51.8667,10.3333,1978-04-25,2.13999995216727,14.7299996707588,8.43499981146306,1978,4,1978
51.8667,10.3333,1978-04-26,1.30999997071922,9.65999978408217,5.4849998774007,1978,4,1978
51.8667,10.3333,1978-04-27,-0.669999985024333,9.9299997780472,4.62999989651144,1978,4,1978
51.8667,10.3333,1978-04-28,0.939999978989363,9.45999978855252,5.19999988377094,1978,4,1978
51.8667,10.3333,1978-04-29,3.46999992243946,9.96999977715313,6.7199998497963,1978,4,1978
51.8667,10.3333,1978-04-30,3.97999991104007,14.4799996763468,9.22999979369342,1978,4,1978
51.8667,10.3333,1978-05-01,5.18999988399446,15.4099996555597,10.2999997697771,1978,5,NA
51.8667,10.3333,1978-05-02,6.99999984353781,11.9999997317791,9.49999978765845,1978,5,NA
51.8667,10.3333,1978-05-03,5.18999988399446,8.46999981068075,6.8299998473376,1978,5,NA
51.8667,10.3333,1978-05-04,0.469999989494681,13.1699997056276,6.81999984756112,1978,5,NA
51.8667,10.3333,1978-05-05,6.51999985426664,16.4799996316433,11.499999742955,1978,5,NA
51.8667,10.3333,1978-05-06,7.22999983839691,19.209999570623,13.21999970451,1978,5,NA
51.8667,10.3333,1978-05-07,9.40999978967011,15.9899996425956,12.6999997161329,1978,5,NA
51.8667,10.3333,1978-05-08,7.13999984040856,14.2799996808171,10.7099997606128,1978,5,NA
51.8667,10.3333,1978-05-09,5.32999988086522,10.4199997670949,7.87499982398003,1978,5,NA
51.8667,10.3333,1978-05-10,3.74999991618097,13.1699997056276,8.45999981090426,1978,5,NA
51.8667,10.3333,1978-05-11,1.76999996043742,9.04999979771674,5.40999987907708,1978,5,NA
51.8667,10.3333,1978-05-12,-3.44999992288649,5.83999986946583,1.19499997328967,1978,5,NA
51.8667,10.3333,1978-05-13,-2.49999994412065,5.54999987594783,1.52499996591359,1978,5,NA
51.8667,10.3333,1978-05-14,0.809999981895089,4.98999988846481,2.89999993517995,1978,5,NA
51.8667,10.3333,1978-05-15,0.209999995306134,10.31999976933,5.26499988231808,1978,5,NA
51.8667,10.3333,1978-05-16,3.2699999269098,10.8299997579306,7.04999984242022,1978,5,NA
51.8667,10.3333,1978-05-17,3.44999992288649,11.0199997536838,7.23499983828515,1978,5,NA
51.8667,10.3333,1978-05-18,2.4099999461323,12.7599997147918,7.58499983046204,1978,5,NA
51.8667,10.3333,1978-05-19,2.70999993942678,13.8699996899813,8.28999981470406,1978,5,NA
51.8667,10.3333,1978-05-20,6.64999985136092,17.1599996164441,11.9049997339025,1978,5,NA
51.8667,10.3333,1978-05-21,8.56999980844557,12.6799997165799,10.6249997625127,1978,5,NA
51.8667,10.3333,1978-05-22,8.36999981291592,14.0299996864051,11.1999997496605,1978,5,NA
51.8667,10.3333,1978-05-23,7.75999982655048,17.819999601692,12.7899997141212,1978,5,NA
51.8667,10.3333,1978-05-24,10.339999768883,14.2999996803701,12.3199997246265,1978,5,NA
51.8667,10.3333,1978-05-25,9.62999978475273,11.3799997456372,10.504999765195,1978,5,NA
51.8667,10.3333,1978-05-26,9.09999979659915,14.0599996857345,11.5799997411668,1978,5,NA
51.8667,10.3333,1978-05-27,9.87999977916479,17.6899996045977,13.7849996918812,1978,5,NA
51.8667,10.3333,1978-05-28,6.08999986387789,19.4099995661527,12.7499997150153,1978,5,NA
51.8667,10.3333,1978-05-29,7.17999983951449,19.7799995578825,13.4799996986985,1978,5,NA
51.8667,10.3333,1978-05-30,8.18999981693923,20.9899995308369,14.5899996738881,1978,5,NA
51.8667,10.3333,1978-05-31,10.609999762848,21.0799995288253,15.8449996458367,1978,5,NA
51.8667,10.3333,1978-06-01,9.34999979101121,23.0599994845688,16.20499963779,1978,6,NA
51.8667,10.3333,1978-06-02,10.7499997597188,25.0999994389713,17.924999599345,1978,6,NA
51.8667,10.3333,1978-06-03,11.5599997416139,25.5599994286895,18.5599995851517,1978,6,NA
51.8667,10.3333,1978-06-04,11.6099997404963,23.0899994838983,17.3499996121973,1978,6,NA
51.8667,10.3333,1978-06-05,12.7599997147918,23.2799994796515,18.0199995972216,1978,6,NA
51.8667,10.3333,1978-06-06,12.7699997145683,23.5999994724989,18.1849995935336,1978,6,NA
51.8667,10.3333,1978-06-07,12.3599997237325,23.3899994771928,17.8749996004626,1978,6,NA
51.8667,10.3333,1978-06-08,13.8599996902049,21.8799995109439,17.8699996005744,1978,6,NA
51.8667,10.3333,1978-06-09,11.3499997463077,15.8799996450543,13.614999695681,1978,6,NA
51.8667,10.3333,1978-06-10,8.05999981984496,16.5599996298552,12.3099997248501,1978,6,NA
51.8667,10.3333,1978-06-11,6.57999985292554,13.0099997092038,9.79499978106469,1978,6,NA
51.8667,10.3333,1978-06-12,5.88999986834824,12.1499997284263,9.01999979838729,1978,6,NA
51.8667,10.3333,1978-06-13,6.50999985449016,12.0199997313321,9.26499979291111,1978,6,NA
51.8667,10.3333,1978-06-14,6.5999998524785,11.4499997440726,9.02499979827553,1978,6,NA
51.8667,10.3333,1978-06-15,7.43999983370304,13.199999704957,10.31999976933,1978,6,NA
51.8667,10.3333,1978-06-16,5.15999988466501,15.6899996493012,10.4249997669831,1978,6,NA
51.8667,10.3333,1978-06-17,7.71999982744455,16.3199996352196,12.0199997313321,1978,6,NA
51.8667,10.3333,1978-06-18,8.75999980419874,18.1599995940924,13.4599996991456,1978,6,NA
51.8667,10.3333,1978-06-19,4.79999989271164,15.3999996557832,10.0999997742474,1978,6,NA
51.8667,10.3333,1978-06-20,4.07999990880489,19.8499995563179,11.9649997325614,1978,6,NA
51.8667,10.3333,1978-06-21,7.23999983817339,20.079999551177,13.6599996946752,1978,6,NA
51.8667,10.3333,1978-06-22,9.10999979637563,19.229999570176,14.1699996832758,1978,6,NA
51.8667,10.3333,1978-06-23,9.70999978296459,19.0999995730817,14.4049996780232,1978,6,NA
51.8667,10.3333,1978-06-24,9.14999979548156,16.3799996338785,12.76499971468,1978,6,NA
51.8667,10.3333,1978-06-25,6.95999984443188,14.6699996720999,10.8149997582659,1978,6,NA
51.8667,10.3333,1978-06-26,6.03999986499548,13.8299996908754,9.93499977793545,1978,6,NA
51.8667,10.3333,1978-06-27,6.7199998497963,9.9899997767061,8.3549998132512,1978,6,NA
51.8667,10.3333,1978-06-28,6.45999985560775,11.1099997516721,8.78499980363995,1978,6,NA
51.8667,10.3333,1978-06-29,6.3699998576194,13.4499996993691,9.90999977849424,1978,6,NA
51.8667,10.3333,1978-06-30,8.34999981336296,15.0899996627122,11.7199997380376,1978,6,NA
51.8667,10.3333,1978-07-01,11.5599997416139,19.1199995726347,15.3399996571243,1978,7,NA
51.8667,10.3333,1978-07-02,7.98999982140958,14.7699996698648,11.3799997456372,1978,7,NA
51.8667,10.3333,1978-07-03,6.81999984756112,18.8399995788932,12.8299997132272,1978,7,NA
51.8667,10.3333,1978-07-04,11.7299997378141,16.389999633655,14.0599996857345,1978,7,NA
51.8667,10.3333,1978-07-05,8.49999981001019,15.2599996589124,11.8799997344613,1978,7,NA
51.8667,10.3333,1978-07-06,7.18999983929098,14.0599996857345,10.6249997625127,1978,7,NA
51.8667,10.3333,1978-07-07,7.69999982789159,11.8099997360259,9.75499978195876,1978,7,NA
51.8667,10.3333,1978-07-08,7.64999982900918,11.4899997431785,9.56999978609383,1978,7,NA
51.8667,10.3333,1978-07-09,6.91999984532595,12.0499997306615,9.48499978799373,1978,7,NA
51.8667,10.3333,1978-07-10,8.64999980665743,12.2599997259676,10.4549997663125,1978,7,NA
51.8667,10.3333,1978-07-11,7.93999982252717,13.9199996888638,10.9299997556955,1978,7,NA
51.8667,10.3333,1978-07-12,5.26999988220632,18.2999995909631,11.7849997365847,1978,7,NA
51.8667,10.3333,1978-07-13,7.45999983325601,20.1699995491654,13.8149996912107,1978,7,NA
51.8667,10.3333,1978-07-14,8.70999980531633,18.9699995759875,13.8399996906519,1978,7,NA
51.8667,10.3333,1978-07-15,7.60999982990324,14.4999996758997,11.0549997529015,1978,7,NA
51.8667,10.3333,1978-07-16,7.56999983079731,11.0399997532368,9.30499979201704,1978,7,NA
51.8667,10.3333,1978-07-17,7.37999983504415,10.7999997586012,9.08999979682267,1978,7,NA
51.8667,10.3333,1978-07-18,7.23999983817339,14.0999996848404,10.6699997615069,1978,7,NA
51.8667,10.3333,1978-07-19,4.91999989002943,18.7899995800108,11.8549997350201,1978,7,NA
51.8667,10.3333,1978-07-20,9.25999979302287,14.5399996750057,11.8999997340143,1978,7,NA
51.8667,10.3333,1978-07-21,9.43999978899956,11.7999997362494,10.6199997626245,1978,7,NA
51.8667,10.3333,1978-07-22,7.87999982386827,13.3799997009337,10.629999762401,1978,7,NA
51.8667,10.3333,1978-07-23,7.81999982520938,15.6399996504188,11.7299997378141,1978,7,NA
51.8667,10.3333,1978-07-24,6.92999984510243,19.7999995574355,13.364999701269,1978,7,NA
51.8667,10.3333,1978-07-25,12.619999717921,21.8699995111674,17.2449996145442,1978,7,NA
51.8667,10.3333,1978-07-26,11.9799997322261,20.3099995460361,16.1449996391311,1978,7,NA
51.8667,10.3333,1978-07-27,11.5199997425079,26.2299994137138,18.8749995781109,1978,7,NA
51.8667,10.3333,1978-07-28,14.3099996801466,22.2399995028973,18.2749995915219,1978,7,NA
51.8667,10.3333,1978-07-29,13.7099996935576,26.4599994085729,20.0849995510653,1978,7,NA
51.8667,10.3333,1978-07-30,14.0799996852875,26.7499994020909,20.4149995436892,1978,7,NA
51.8667,10.3333,1978-07-31,15.0099996645004,26.9499993976206,20.9799995310605,1978,7,NA
51.8667,10.3333,1978-08-01,14.4099996779114,26.3199994117022,20.3649995448068,1978,8,NA
51.8667,10.3333,1978-08-02,15.2499996591359,25.4999994300306,20.3749995445833,1978,8,NA
51.8667,10.3333,1978-08-03,14.2599996812642,21.8699995111674,18.0649995962158,1978,8,NA
51.8667,10.3333,1978-08-04,12.7999997138977,21.3199995234609,17.0599996186793,1978,8,NA
51.8667,10.3333,1978-08-05,11.5599997416139,18.9499995764345,15.2549996590242,1978,8,NA
51.8667,10.3333,1978-08-06,12.0699997302145,19.249999569729,15.6599996499717,1978,8,NA
51.8667,10.3333,1978-08-07,11.0799997523427,17.799999602139,14.4399996772408,1978,8,NA
51.8667,10.3333,1978-08-08,11.9199997335672,17.2799996137619,14.5999996736646,1978,8,NA
51.8667,10.3333,1978-08-09,10.7299997601658,13.779999691993,12.2549997260794,1978,8,NA
51.8667,10.3333,1978-08-10,10.5499997641891,15.5899996515363,13.0699997078627,1978,8,NA
51.8667,10.3333,1978-08-11,11.0999997518957,17.2599996142089,14.1799996830523,1978,8,NA
51.8667,10.3333,1978-08-12,9.85999977961183,12.9899997096509,11.4249997446314,1978,8,NA
51.8667,10.3333,1978-08-13,9.18999979458749,12.9699997100979,11.0799997523427,1978,8,NA
51.8667,10.3333,1978-08-14,9.71999978274107,16.4499996323138,13.0849997075275,1978,8,NA
51.8667,10.3333,1978-08-15,9.99999977648258,16.9699996206909,13.4849996985868,1978,8,NA
51.8667,10.3333,1978-08-16,11.6399997398257,24.0299994628876,17.8349996013567,1978,8,NA
51.8667,10.3333,1978-08-17,12.6699997168034,19.249999569729,15.9599996432662,1978,8,NA
51.8667,10.3333,1978-08-18,9.79999978095293,16.4399996325374,13.1199997067451,1978,8,NA
51.8667,10.3333,1978-08-19,8.23999981582165,15.2599996589124,11.749999737367,1978,8,NA
51.8667,10.3333,1978-08-20,6.15999986231327,19.789999557659,12.9749997099862,1978,8,NA
51.8667,10.3333,1978-08-21,7.70999982766807,22.1799995042384,14.9449996659532,1978,8,NA
51.8667,10.3333,1978-08-22,10.1199997738004,24.699999447912,17.4099996108562,1978,8,NA
51.8667,10.3333,1978-08-23,11.8599997349083,24.4399994537234,18.1499995943159,1978,8,NA
51.8667,10.3333,1978-08-24,11.9799997322261,19.539999563247,15.7599996477365,1978,8,NA
51.8667,10.3333,1978-08-25,7.31999983638525,18.8499995786697,13.0849997075275,1978,8,NA
51.8667,10.3333,1978-08-26,7.81999982520938,15.0099996645004,11.4149997448549,1978,8,NA
51.8667,10.3333,1978-08-27,7.88999982364476,12.6699997168034,10.2799997702241,1978,8,NA
51.8667,10.3333,1978-08-28,7.20999983884394,12.4999997206032,9.85499977972358,1978,8,NA
51.8667,10.3333,1978-08-29,5.17999988421798,11.8699997346848,8.5249998094514,1978,8,NA
51.8667,10.3333,1978-08-30,8.18999981693923,11.3799997456372,9.78499978128821,1978,8,NA
51.8667,10.3333,1978-08-31,7.38999983482063,11.5999997407198,9.49499978777021,1978,8,NA
51.8667,10.3333,1978-09-01,7.18999983929098,10.2999997697771,8.74499980453402,1978,9,NA
51.8667,10.3333,1978-09-02,7.06999984197319,10.899999756366,8.9849997991696,1978,9,NA
51.8667,10.3333,1978-09-03,7.86999982409179,12.5599997192621,10.214999771677,1978,9,NA
51.8667,10.3333,1978-09-04,6.94999984465539,12.8399997130036,9.89499977882951,1978,9,NA
51.8667,10.3333,1978-09-05,6.51999985426664,13.1399997062981,9.82999978028238,1978,9,NA
51.8667,10.3333,1978-09-06,5.38999987952411,13.3699997011572,9.37999979034066,1978,9,NA
51.8667,10.3333,1978-09-07,4.56999989785254,16.3399996347725,10.4549997663125,1978,9,NA
51.8667,10.3333,1978-09-08,8.8399998024106,14.0099996868521,11.4249997446314,1978,9,NA
51.8667,10.3333,1978-09-09,8.40999981202185,16.1599996387959,12.2849997254089,1978,9,NA
51.8667,10.3333,1978-09-10,9.03999979794025,15.7199996486306,12.3799997232854,1978,9,NA
51.8667,10.3333,1978-09-11,11.8499997351319,15.8299996461719,13.8399996906519,1978,9,NA
51.8667,10.3333,1978-09-12,10.879999756813,18.6299995835871,14.7549996702,1978,9,NA
51.8667,10.3333,1978-09-13,8.44999981112778,11.6499997396022,10.049999775365,1978,9,NA
51.8667,10.3333,1978-09-14,7.79999982565641,12.1599997282028,9.97999977692962,1978,9,NA
51.8667,10.3333,1978-09-15,11.189999749884,16.4799996316433,13.8349996907637,1978,9,NA
51.8667,10.3333,1978-09-16,8.77999980375171,15.2699996586889,12.0249997312203,1978,9,NA
51.8667,10.3333,1978-09-17,8.75999980419874,15.4399996548891,12.0999997295439,1978,9,NA
51.8667,10.3333,1978-09-18,9.23999979346991,13.9999996870756,11.6199997402728,1978,9,NA
51.8667,10.3333,1978-09-19,6.09999986365438,12.6499997172505,9.37499979045242,1978,9,NA
51.8667,10.3333,1978-09-20,5.62999987415969,9.53999978676438,7.58499983046204,1978,9,NA
51.8667,10.3333,1978-09-21,5.00999988801777,8.59999980777502,6.8049998478964,1978,9,NA
51.8667,10.3333,1978-09-22,6.61999985203147,11.8199997358024,9.21999979391694,1978,9,NA
51.8667,10.3333,1978-09-23,9.24999979324639,12.3199997246265,10.7849997589365,1978,9,NA
51.8667,10.3333,1978-09-24,10.339999768883,12.1099997293204,11.2249997491017,1978,9,NA
51.8667,10.3333,1978-09-25,10.5299997646362,15.3299996573478,12.929999710992,1978,9,NA
51.8667,10.3333,1978-09-26,10.3899997677654,16.4599996320903,13.4249996999279,1978,9,NA
51.8667,10.3333,1978-09-27,5.15999988466501,11.4399997442961,8.29999981448054,1978,9,NA
51.8667,10.3333,1978-09-28,6.99999984353781,10.8599997572601,8.92999980039895,1978,9,NA
51.8667,10.3333,1978-09-29,5.57999987527728,8.78999980352819,7.18499983940274,1978,9,NA
51.8667,10.3333,1978-09-30,5.60999987460673,9.9899997767061,7.79999982565641,1978,9,NA
51.8667,10.3333,1978-10-01,6.00999986566603,10.31999976933,8.16499981749803,1978,10,1979
51.8667,10.3333,1978-10-02,5.52999987639487,10.1699997726828,7.84999982453883,1978,10,1979
51.8667,10.3333,1978-10-03,2.97999993339181,8.53999980911613,5.75999987125397,1978,10,1979
51.8667,10.3333,1978-10-04,2.70999993942678,7.749999826774,5.22999988310039,1978,10,1979
51.8667,10.3333,1978-10-05,4.75999989360571,6.89999984577298,5.82999986968935,1978,10,1979
51.8667,10.3333,1978-10-06,5.22999988310039,9.48999978788197,7.35999983549118,1978,10,1979
51.8667,10.3333,1978-10-07,9.15999979525805,11.6599997393787,10.4099997673184,1978,10,1979
51.8667,10.3333,1978-10-08,7.72999982722104,14.6599996723235,11.1949997497723,1978,10,1979
51.8667,10.3333,1978-10-09,5.88999986834824,17.0999996177852,11.4949997430667,1978,10,1979
51.8667,10.3333,1978-10-10,8.04999982006848,19.7299995590001,13.8899996895343,1978,10,1979
51.8667,10.3333,1978-10-11,9.70999978296459,21.7099995147437,15.7099996488541,1978,10,1979
51.8667,10.3333,1978-10-12,8.79999980330467,22.8699994888157,15.8349996460602,1978,10,1979
51.8667,10.3333,1978-10-13,9.94999977760017,22.4899994973093,16.2199996374547,1978,10,1979
51.8667,10.3333,1978-10-14,8.00999982096255,19.7799995578825,13.8949996894225,1978,10,1979
51.8667,10.3333,1978-10-15,6.29999985918403,13.5399996973574,9.91999977827072,1978,10,1979
51.8667,10.3333,1978-10-16,5.1099998857826,17.0199996195734,11.064999752678,1978,10,1979
51.8667,10.3333,1978-10-17,7.88999982364476,12.4699997212738,10.1799997724593,1978,10,1979
51.8667,10.3333,1978-10-18,1.29999997094274,9.0699997972697,5.18499988410622,1978,10,1979
51.8667,10.3333,1978-10-19,-0.0999999977648258,8.44999981112778,4.17499990668148,1978,10,1979
51.8667,10.3333,1978-10-20,1.12999997474253,8.44999981112778,4.78999989293516,1978,10,1979
51.8667,10.3333,1978-10-21,3.0999999307096,8.75999980419874,5.92999986745417,1978,10,1979
51.8667,10.3333,1978-10-22,2.98999993316829,6.95999984443188,4.97499988880008,1978,10,1979
51.8667,10.3333,1978-10-23,3.19999992847443,9.33999979123473,6.26999985985458,1978,10,1979
51.8667,10.3333,1978-10-24,5.15999988466501,7.83999982476234,6.49999985471368,1978,10,1979
51.8667,10.3333,1978-10-25,5.00999988801777,9.43999978899956,7.22499983850867,1978,10,1979
51.8667,10.3333,1978-10-26,5.98999986611307,10.4899997655302,8.23999981582165,1978,10,1979
51.8667,10.3333,1978-10-27,4.04999990947545,7.1199998408556,5.58499987516552,1978,10,1979
51.8667,10.3333,1978-10-28,0.319999992847443,5.78999987058342,3.05499993171543,1978,10,1979
51.8667,10.3333,1978-10-29,5.22999988310039,7.95999982208014,6.59499985259026,1978,10,1979
51.8667,10.3333,1978-10-30,6.81999984756112,8.12999981828034,7.47499983292073,1978,10,1979
51.8667,10.3333,1978-10-31,6.74999984912574,8.76999980397522,7.75999982655048,1978,10,1979
51.8667,10.3333,1978-11-01,3.82999991439283,8.38999981246889,6.10999986343086,1978,11,1979
51.8667,10.3333,1978-11-02,0.699999984353781,8.36999981291592,4.53499989863485,1978,11,1979
51.8667,10.3333,1978-11-03,0.319999992847443,9.54999978654087,4.93499988969415,1978,11,1979
51.8667,10.3333,1978-11-04,1.34999996982515,7.06999984197319,4.20999990589917,1978,11,1979
51.8667,10.3333,1978-11-05,4.37999990209937,7.94999982230365,6.16499986220151,1978,11,1979
51.8667,10.3333,1978-11-06,2.25999994948506,7.88999982364476,5.07499988656491,1978,11,1979
51.8667,10.3333,1978-11-07,1.99999995529652,10.0399997755885,6.01999986544251,1978,11,1979
51.8667,10.3333,1978-11-08,0.239999994635582,7.68999982811511,3.96499991137534,1978,11,1979
51.8667,10.3333,1978-11-09,-0.749999983236194,8.2699998151511,3.75999991595745,1978,11,1979
51.8667,10.3333,1978-11-10,-1.5499999653548,9.55999978631735,4.00499991048127,1978,11,1979
51.8667,10.3333,1978-11-11,-2.56999994255602,9.5299997869879,3.47999992221594,1978,11,1979
51.8667,10.3333,1978-11-12,-3.23999992758036,5.86999986879528,1.31499997060746,1978,11,1979
51.8667,10.3333,1978-11-13,-3.53999992087483,6.45999985560775,1.45999996736646,1978,11,1979
51.8667,10.3333,1978-11-14,0.789999982342124,7.75999982655048,4.2749999044463,1978,11,1979
51.8667,10.3333,1978-11-15,1.56999996490777,6.45999985560775,4.01499991025776,1978,11,1979
51.8667,10.3333,1978-11-16,2.42999994568527,7.37999983504415,4.90499989036471,1978,11,1979
51.8667,10.3333,1978-11-17,2.30999994836748,7.54999983124435,4.92999988980591,1978,11,1979
51.8667,10.3333,1978-11-18,1.89999995753169,6.28999985940754,4.09499990846962,1978,11,1979
51.8667,10.3333,1978-11-19,3.60999991931021,7.9799998216331,5.79499987047166,1978,11,1979
51.8667,10.3333,1978-11-20,5.12999988533556,8.80999980308115,6.96999984420836,1978,11,1979
51.8667,10.3333,1978-11-21,0.379999991506338,6.73999984934926,3.5599999204278,1978,11,1979
51.8667,10.3333,1978-11-22,-0.569999987259507,5.75999987125397,2.59499994199723,1978,11,1979
51.8667,10.3333,1978-11-23,4.38999990187585,7.32999983616173,5.85999986901879,1978,11,1979
51.8667,10.3333,1978-11-24,6.44999985583127,8.36999981291592,7.40999983437359,1978,11,1979
51.8667,10.3333,1978-11-25,4.61999989673495,7.5799998305738,6.09999986365438,1978,11,1979
51.8667,10.3333,1978-11-26,0.799999982118607,5.19999988377094,2.99999993294477,1978,11,1979
51.8667,10.3333,1978-11-27,-1.68999996222556,2.009999955073,0.159999996423721,1978,11,1979
51.8667,10.3333,1978-11-28,-2.26999994926155,0.379999991506338,-0.944999978877604,1978,11,1979
51.8667,10.3333,1978-11-29,-8.12999981828034,-1.51999996602535,-4.82499989215285,1978,11,1979
51.8667,10.3333,1978-11-30,-8.29999981448054,-1.97999995574355,-5.13999988511205,1978,11,1979
51.8667,10.3333,1978-12-01,-3.75999991595745,-2.15999995172024,-2.95999993383884,1978,12,1979
51.8667,10.3333,1978-12-02,-3.12999993003905,0.0499999988824129,-1.53999996557832,1978,12,1979
51.8667,10.3333,1978-12-03,-0.759999983012676,1.26999997161329,0.254999994300306,1978,12,1979
51.8667,10.3333,1978-12-04,-1.33999997004867,1.32999997027218,-0.00499999988824129,1978,12,1979
51.8667,10.3333,1978-12-05,-6.77999984845519,-0.729999983683228,-3.75499991606921,1978,12,1979
51.8667,10.3333,1978-12-06,-10.5799997635186,-4.14999990724027,-7.36499983537942,1978,12,1979
51.8667,10.3333,1978-12-07,-11.3199997469783,-2.89999993517995,-7.10999984107912,1978,12,1979
51.8667,10.3333,1978-12-08,-12.7399997152388,-3.66999991796911,-8.20499981660396,1978,12,1979
51.8667,10.3333,1978-12-09,-12.3399997241795,0.639999985694885,-5.84999986924231,1978,12,1979
51.8667,10.3333,1978-12-10,-1.8399999588728,5.22999988310039,1.6949999621138,1978,12,1979
51.8667,10.3333,1978-12-11,3.94999991171062,6.99999984353781,5.47499987762421,1978,12,1979
51.8667,10.3333,1978-12-12,4.22999990545213,9.30999979190528,6.76999984867871,1978,12,1979
51.8667,10.3333,1978-12-13,2.38999994657934,8.94999979995191,5.66999987326562,1978,12,1979
51.8667,10.3333,1978-12-14,2.42999994568527,7.24999983794987,4.83999989181757,1978,12,1979
51.8667,10.3333,1978-12-15,2.16999995149672,4.50999989919364,3.33999992534518,1978,12,1979
51.8667,10.3333,1978-12-16,1.90999995730817,4.03999990969896,2.97499993350357,1978,12,1979
51.8667,10.3333,1978-12-17,-3.58999991975725,3.86999991349876,0.139999996870756,1978,12,1979
51.8667,10.3333,1978-12-18,-6.5999998524785,-2.89999993517995,-4.74999989382923,1978,12,1979
51.8667,10.3333,1978-12-19,-11.3999997451901,-3.40999992378056,-7.40499983448535,1978,12,1979
51.8667,10.3333,1978-12-20,-12.4199997223914,-4.60999989695847,-8.51499980967492,1978,12,1979
51.8667,10.3333,1978-12-21,-7.94999982230365,-2.57999994233251,-5.26499988231808,1978,12,1979
51.8667,10.3333,1978-12-22,-7.03999984264374,-1.45999996736646,-4.2499999050051,1978,12,1979
51.8667,10.3333,1978-12-23,-4.33999990299344,-1.72999996133149,-3.03499993216246,1978,12,1979
51.8667,10.3333,1978-12-24,-4.67999989539385,-2.66999994032085,-3.67499991785735,1978,12,1979
51.8667,10.3333,1978-12-25,-4.50999989919364,1.8399999588728,-1.33499997016042,1978,12,1979
51.8667,10.3333,1978-12-26,1.04999997653067,5.87999986857176,3.46499992255121,1978,12,1979
51.8667,10.3333,1978-12-27,3.24999992735684,5.95999986678362,4.60499989707023,1978,12,1979
51.8667,10.3333,1978-12-28,2.59999994188547,6.14999986253679,4.37499990221113,1978,12,1979
51.8667,10.3333,1978-12-29,3.31999992579222,7.55999983102083,5.43999987840652,1978,12,1979
51.8667,10.3333,1978-12-30,-0.57999998703599,7.90999982319772,3.66499991808087,1978,12,1979
51.8667,10.3333,1978-12-31,-13.509999698028,0.0999999977648258,-6.70499985013157,1978,12,1979
51.8667,10.3333,1979-01-01,-21.0399995297194,-12.9699997100979,-17.0049996199086,1979,1,1979
51.8667,10.3333,1979-01-02,-22.129999505356,-11.3499997463077,-16.7399996258318,1979,1,1979
51.8667,10.3333,1979-01-03,-16.5599996298552,-10.6199997626245,-13.5899996962398,1979,1,1979
51.8667,10.3333,1979-01-04,-17.1299996171147,-7.20999983884394,-12.1699997279793,1979,1,1979
51.8667,10.3333,1979-01-05,-16.4299996327609,-7.82999982498586,-12.1299997288734,1979,1,1979
51.8667,10.3333,1979-01-06,-16.079999640584,-9.88999977894127,-12.9849997097626,1979,1,1979
51.8667,10.3333,1979-01-07,-18.359999589622,-8.23999981582165,-13.2999997027218,1979,1,1979
51.8667,10.3333,1979-01-08,-14.5099996756762,-2.74999993853271,-8.62999980710447,1979,1,1979
51.8667,10.3333,1979-01-09,-3.729999916628,0,-1.864999958314,1979,1,1979
51.8667,10.3333,1979-01-10,-1.98999995552003,-0.0599999986588955,-1.02499997708946,1979,1,1979
51.8667,10.3333,1979-01-11,-3.56999992020428,-0.809999981895089,-2.18999995104969,1979,1,1979
51.8667,10.3333,1979-01-12,-2.79999993741512,-0.749999983236194,-1.77499996032566,1979,1,1979
51.8667,10.3333,1979-01-13,-2.95999993383884,-1.46999996714294,-2.21499995049089,1979,1,1979
51.8667,10.3333,1979-01-14,-3.98999991081655,-1.69999996200204,-2.84499993640929,1979,1,1979
51.8667,10.3333,1979-01-15,-3.57999991998076,-1.76999996043742,-2.67499994020909,1979,1,1979
51.8667,10.3333,1979-01-16,-7.8099998254329,-2.08999995328486,-4.94999988935888,1979,1,1979
51.8667,10.3333,1979-01-17,-7.93999982252717,-5.48999987728894,-6.71499984990805,1979,1,1979
51.8667,10.3333,1979-01-18,-7.01999984309077,-4.21999990567565,-5.61999987438321,1979,1,1979
51.8667,10.3333,1979-01-19,-10.1499997731298,-4.68999989517033,-7.41999983415008,1979,1,1979
51.8667,10.3333,1979-01-20,-9.21999979391694,-4.31999990344048,-6.76999984867871,1979,1,1979
51.8667,10.3333,1979-01-21,-8.87999980151653,-3.54999992065132,-6.21499986108392,1979,1,1979
51.8667,10.3333,1979-01-22,-7.95999982208014,-5.40999987907708,-6.68499985057861,1979,1,1979
51.8667,10.3333,1979-01-23,-8.63999980688095,-5.54999987594783,-7.09499984141439,1979,1,1979
51.8667,10.3333,1979-01-24,-7.98999982140958,1.3799999691546,-3.30499992612749,1979,1,1979
51.8667,10.3333,1979-01-25,-5.41999987885356,0.819999981671572,-2.29999994859099,1979,1,1979
51.8667,10.3333,1979-01-26,-5.60999987460673,-1.96999995596707,-3.7899999152869,1979,1,1979
51.8667,10.3333,1979-01-27,-5.40999987907708,-2.6999999396503,-4.05499990936369,1979,1,1979
51.8667,10.3333,1979-01-28,-4.78999989293516,-1.42999996803701,-3.10999993048608,1979,1,1979
51.8667,10.3333,1979-01-29,-4.8799998909235,-1.72999996133149,-3.30499992612749,1979,1,1979
51.8667,10.3333,1979-01-30,-3.52999992109835,-0.859999980777502,-2.19499995093793,1979,1,1979
51.8667,10.3333,1979-01-31,-2.80999993719161,1.68999996222556,-0.559999987483025,1979,1,1979
51.8667,10.3333,1979-02-01,-3.62999991886318,-0.259999994188547,-1.94499995652586,1979,2,1979
51.8667,10.3333,1979-02-02,-1.92999995686114,0.459999989718199,-0.73499998357147,1979,2,1979
51.8667,10.3333,1979-02-03,-2.70999993942678,1.73999996110797,-0.484999989159405,1979,2,1979
51.8667,10.3333,1979-02-04,-5.95999986678362,-0.799999982118607,-3.37999992445111,1979,2,1979
51.8667,10.3333,1979-02-05,-3.79999991506338,-0.139999996870756,-1.96999995596707,1979,2,1979
51.8667,10.3333,1979-02-06,-8.96999979950488,-1.65999996289611,-5.31499988120049,1979,2,1979
51.8667,10.3333,1979-02-07,-8.62999980710447,-0.189999995753169,-4.40999990142882,1979,2,1979
51.8667,10.3333,1979-02-08,-9.79999978095293,-0.449999989941716,-5.12499988544732,1979,2,1979
51.8667,10.3333,1979-02-09,-3.94999991171062,0.999999977648258,-1.47499996703118,1979,2,1979
51.8667,10.3333,1979-02-10,-11.2799997478724,-0.679999984800816,-5.97999986633658,1979,2,1979
51.8667,10.3333,1979-02-11,-11.0499997530133,-2.4099999461323,-6.72999984957278,1979,2,1979
51.8667,10.3333,1979-02-12,-8.10999981872737,-0.569999987259507,-4.33999990299344,1979,2,1979
51.8667,10.3333,1979-02-13,-5.0499998871237,0.509999988600612,-2.26999994926155,1979,2,1979
51.8667,10.3333,1979-02-14,-1.78999995999038,1.719999961555,-0.034999999217689,1979,2,1979
51.8667,10.3333,1979-02-15,-9.54999978654087,-0.96999997831881,-5.25999988242984,1979,2,1979
51.8667,10.3333,1979-02-16,-11.3399997465312,-8.6699998062104,-10.0049997763708,1979,2,1979
51.8667,10.3333,1979-02-17,-11.8199997358024,-6.72999984957278,-9.27499979268759,1979,2,1979
51.8667,10.3333,1979-02-18,-11.8699997346848,-7.77999982610345,-9.82499978039414,1979,2,1979
51.8667,10.3333,1979-02-19,-9.9899997767061,-3.00999993272126,-6.49999985471368,1979,2,1979
51.8667,10.3333,1979-02-20,-4.76999989338219,0.239999994635582,-2.2649999493733,1979,2,1979
51.8667,10.3333,1979-02-21,-6.50999985449016,1.26999997161329,-2.61999994143844,1979,2,1979
51.8667,10.3333,1979-02-22,-8.41999981179833,3.16999992914498,-2.62499994132668,1979,2,1979
51.8667,10.3333,1979-02-23,-10.8199997581542,1.36999996937811,-4.72499989438802,1979,2,1979
51.8667,10.3333,1979-02-24,-7.0599998421967,-1.34999996982515,-4.20499990601093,1979,2,1979
51.8667,10.3333,1979-02-25,-5.37999987974763,-2.009999955073,-3.69499991741031,1979,2,1979
51.8667,10.3333,1979-02-26,-8.45999981090426,-0.459999989718199,-4.45999990031123,1979,2,1979
51.8667,10.3333,1979-02-27,-11.3999997451901,0.389999991282821,-5.50499987695366,1979,2,1979
51.8667,10.3333,1979-02-28,-6.35999985784292,2.45999994501472,-1.9499999564141,1979,2,1979
51.8667,10.3333,1979-03-01,-3.97999991104007,4.29999990388751,0.159999996423721,1979,3,1979
51.8667,10.3333,1979-03-02,-4.86999989114702,1.96999995596707,-1.44999996758997,1979,3,1979
51.8667,10.3333,1979-03-03,-1.67999996244907,2.25999994948506,0.289999993517995,1979,3,1979
51.8667,10.3333,1979-03-04,1.61999996379018,4.7099998947233,3.16499992925674,1979,3,1979
51.8667,10.3333,1979-03-05,0.219999995082617,4.99999988824129,2.60999994166195,1979,3,1979
51.8667,10.3333,1979-03-06,-3.59999991953373,5.49999987706542,0.949999978765845,1979,3,1979
51.8667,10.3333,1979-03-07,-5.16999988444149,5.2799998819828,0.0549999987706542,1979,3,1979
51.8667,10.3333,1979-03-08,0.739999983459711,5.21999988332391,2.97999993339181,1979,3,1979
51.8667,10.3333,1979-03-09,-0.879999980330467,3.20999992825091,1.16499997396022,1979,3,1979
51.8667,10.3333,1979-03-10,0.399999991059303,3.46999992243946,1.93499995674938,1979,3,1979
51.8667,10.3333,1979-03-11,-3.22999992780387,2.26999994926155,-0.479999989271164,1979,3,1979
51.8667,10.3333,1979-03-12,-5.22999988310039,3.12999993003905,-1.04999997653067,1979,3,1979
51.8667,10.3333,1979-03-13,1.26999997161329,6.01999986544251,3.6449999185279,1979,3,1979
51.8667,10.3333,1979-03-14,1.21999997273088,5.34999988041818,3.28499992657453,1979,3,1979
51.8667,10.3333,1979-03-15,-0.609999986365438,1.72999996133149,0.559999987483025,1979,3,1979
51.8667,10.3333,1979-03-16,-1.84999995864928,1.5499999653548,-0.149999996647239,1979,3,1979
51.8667,10.3333,1979-03-17,-0.939999978989363,2.41999994590878,0.739999983459711,1979,3,1979
51.8667,10.3333,1979-03-18,-1.65999996289611,3.46999992243946,0.904999979771674,1979,3,1979
51.8667,10.3333,1979-03-19,-1.61999996379018,2.54999994300306,0.46499998960644,1979,3,1979
51.8667,10.3333,1979-03-20,-4.62999989651144,0.689999984577298,-1.96999995596707,1979,3,1979
51.8667,10.3333,1979-03-21,-5.28999988175929,5.97999986633658,0.344999992288649,1979,3,1979
51.8667,10.3333,1979-03-22,0.249999994412065,7.26999983750284,3.75999991595745,1979,3,1979
51.8667,10.3333,1979-03-23,-1.28999997116625,5.69999987259507,2.20499995071441,1979,3,1979
51.8667,10.3333,1979-03-24,-1.61999996379018,3.80999991483986,1.09499997552484,1979,3,1979
51.8667,10.3333,1979-03-25,-4.67999989539385,3.68999991752207,-0.494999988935888,1979,3,1979
51.8667,10.3333,1979-03-26,-1.98999995552003,7.58999983035028,2.79999993741512,1979,3,1979
51.8667,10.3333,1979-03-27,4.69999989494681,11.1499997507781,7.92499982286245,1979,3,1979
51.8667,10.3333,1979-03-28,1.1499999742955,5.9699998665601,3.5599999204278,1979,3,1979
51.8667,10.3333,1979-03-29,3.89999991282821,8.19999981671572,6.04999986477196,1979,3,1979
51.8667,10.3333,1979-03-30,0.739999983459711,4.51999989897013,2.62999994121492,1979,3,1979
51.8667,10.3333,1979-03-31,-0.479999989271164,0.999999977648258,0.259999994188547,1979,3,1979
51.8667,10.3333,1979-04-01,-0.569999987259507,0.769999982789159,0.0999999977648258,1979,4,1979
51.8667,10.3333,1979-04-02,-0.649999985471368,2.35999994724989,0.854999980889261,1979,4,1979
51.8667,10.3333,1979-04-03,1.3799999691546,5.53999987617135,3.45999992266297,1979,4,1979
51.8667,10.3333,1979-04-04,0.0999999977648258,4.8799998909235,2.48999994434416,1979,4,1979
51.8667,10.3333,1979-04-05,-1.96999995596707,5.24999988265336,1.63999996334314,1979,4,1979
51.8667,10.3333,1979-04-06,0.0899999979883432,6.40999985672534,3.24999992735684,1979,4,1979
51.8667,10.3333,1979-04-07,-1.04999997653067,5.87999986857176,2.41499994602054,1979,4,1979
51.8667,10.3333,1979-04-08,1.07999997586012,4.28999990411103,2.68499993998557,1979,4,1979
51.8667,10.3333,1979-04-09,0.339999992400408,4.74999989382923,2.54499994311482,1979,4,1979
51.8667,10.3333,1979-04-10,0.409999990835786,6.43999985605478,3.42499992344528,1979,4,1979
51.8667,10.3333,1979-04-11,-0.699999984353781,13.8899996895343,6.59499985259026,1979,4,1979
51.8667,10.3333,1979-04-12,3.18999992869794,13.9999996870756,8.59499980788678,1979,4,1979
51.8667,10.3333,1979-04-13,2.93999993428588,12.2199997268617,7.5799998305738,1979,4,1979
51.8667,10.3333,1979-04-14,2.02999995462596,16.7399996258318,9.3849997902289,1979,4,1979
51.8667,10.3333,1979-04-15,3.24999992735684,16.8699996229261,10.0599997751415,1979,4,1979
51.8667,10.3333,1979-04-16,2.22999995015562,15.9099996443838,9.0699997972697,1979,4,1979
51.8667,10.3333,1979-04-17,2.74999993853271,10.5699997637421,6.6599998511374,1979,4,1979
51.8667,10.3333,1979-04-18,-0.559999987483025,3.18999992869794,1.31499997060746,1979,4,1979
51.8667,10.3333,1979-04-19,-3.35999992489815,4.49999989941716,0.569999987259507,1979,4,1979
51.8667,10.3333,1979-04-20,-0.859999980777502,6.95999984443188,3.04999993182719,1979,4,1979
51.8667,10.3333,1979-04-21,-1.28999997116625,8.18999981693923,3.44999992288649,1979,4,1979
51.8667,10.3333,1979-04-22,2.9299999345094,5.51999987661839,4.22499990556389,1979,4,1979
51.8667,10.3333,1979-04-23,3.47999992221594,7.21999983862042,5.34999988041818,1979,4,1979
51.8667,10.3333,1979-04-24,2.85999993607402,10.9899997543544,6.92499984521419,1979,4,1979
51.8667,10.3333,1979-04-25,4.57999989762902,9.54999978654087,7.06499984208494,1979,4,1979
51.8667,10.3333,1979-04-26,3.60999991931021,7.91999982297421,5.76499987114221,1979,4,1979
51.8667,10.3333,1979-04-27,2.80999993719161,7.03999984264374,4.92499988991767,1979,4,1979
51.8667,10.3333,1979-04-28,1.57999996468425,6.99999984353781,4.28999990411103,1979,4,1979
51.8667,10.3333,1979-04-29,0.749999983236194,7.44999983347952,4.09999990835786,1979,4,1979
51.8667,10.3333,1979-04-30,0.999999977648258,6.69999985024333,3.84999991394579,1979,4,1979
51.8667,10.3333,1979-05-01,0.759999983012676,6.04999986477196,3.40499992389232,1979,5,NA
51.8667,10.3333,1979-05-02,-0.429999990388751,4.30999990366399,1.93999995663762,1979,5,NA
51.8667,10.3333,1979-05-03,-0.359999991953373,4.07999990880489,1.85999995842576,1979,5,NA
51.8667,10.3333,1979-05-04,-1.19999997317791,4.8199998922646,1.80999995954335,1979,5,NA
51.8667,10.3333,1979-05-05,-1.82999995909631,4.86999989114702,1.51999996602535,1979,5,NA
51.8667,10.3333,1979-05-06,-0.179999995976686,5.7999998703599,2.80999993719161,1979,5,NA
51.8667,10.3333,1979-05-07,-0.389999991282821,4.10999990813434,1.85999995842576,1979,5,NA
51.8667,10.3333,1979-05-08,-0.589999986812472,9.40999978967011,4.40999990142882,1979,5,NA
51.8667,10.3333,1979-05-09,2.21999995037913,15.1599996611476,8.68999980576336,1979,5,NA
51.8667,10.3333,1979-05-10,2.80999993719161,18.6599995829165,10.7349997600541,1979,5,NA
51.8667,10.3333,1979-05-11,2.11999995261431,11.3899997454137,6.75499984901398,1979,5,NA
51.8667,10.3333,1979-05-12,-1.10999997518957,8.38999981246889,3.63999991863966,1979,5,NA
51.8667,10.3333,1979-05-13,5.5099998768419,9.68999978341162,7.59999983012676,1979,5,NA
51.8667,10.3333,1979-05-14,6.54999985359609,15.3999996557832,10.9749997546896,1979,5,NA
51.8667,10.3333,1979-05-15,5.20999988354743,21.3799995221198,13.2949997028336,1979,5,NA
51.8667,10.3333,1979-05-16,8.39999981224537,24.139999460429,16.2699996363372,1979,5,NA
51.8667,10.3333,1979-05-17,10.3499997686595,23.8199994675815,17.0849996181205,1979,5,NA
51.8667,10.3333,1979-05-18,11.3499997463077,19.5599995627999,15.4549996545538,1979,5,NA
51.8667,10.3333,1979-05-19,9.94999977760017,14.8199996687472,12.3849997231737,1979,5,NA
51.8667,10.3333,1979-05-20,6.05999986454844,16.7799996249378,11.4199997447431,1979,5,NA
51.8667,10.3333,1979-05-21,8.2699998151511,19.6499995607883,13.9599996879697,1979,5,NA
51.8667,10.3333,1979-05-22,9.53999978676438,19.4799995645881,14.5099996756762,1979,5,NA
51.8667,10.3333,1979-05-23,8.09999981895089,16.099999640137,12.0999997295439,1979,5,NA
51.8667,10.3333,1979-05-24,8.88999980129302,22.9199994876981,15.9049996444955,1979,5,NA
51.8667,10.3333,1979-05-25,7.18999983929098,16.079999640584,11.6349997399375,1979,5,NA
51.8667,10.3333,1979-05-26,5.51999987661839,11.8999997340143,8.70999980531633,1979,5,NA
51.8667,10.3333,1979-05-27,3.45999992266297,20.7999995350838,12.1299997288734,1979,5,NA
51.8667,10.3333,1979-05-28,10.2799997702241,17.9899995978922,14.1349996840581,1979,5,NA
51.8667,10.3333,1979-05-29,7.9799998216331,16.4099996332079,12.1949997274205,1979,5,NA
51.8667,10.3333,1979-05-30,8.65999980643392,25.4299994315952,17.0449996190146,1979,5,NA
51.8667,10.3333,1979-05-31,14.0599996857345,25.5099994298071,19.7849995577708,1979,5,NA
51.8667,10.3333,1979-06-01,12.889999711886,26.6199994049966,19.7549995584413,1979,6,NA
51.8667,10.3333,1979-06-02,13.8099996913224,26.0299994181842,19.9199995547533,1979,6,NA
51.8667,10.3333,1979-06-03,14.5399996750057,27.5299993846565,21.0349995298311,1979,6,NA
51.8667,10.3333,1979-06-04,15.6999996490777,27.5999993830919,21.6499995160848,1979,6,NA
51.8667,10.3333,1979-06-05,16.2399996370077,26.6499994043261,21.4449995206669,1979,6,NA
51.8667,10.3333,1979-06-06,14.8299996685237,25.819999422878,20.3249995457008,1979,6,NA
51.8667,10.3333,1979-06-07,12.9599997103214,17.5599996075034,15.2599996589124,1979,6,NA
51.8667,10.3333,1979-06-08,11.2899997476488,14.8899996671826,13.0899997074157,1979,6,NA
51.8667,10.3333,1979-06-09,8.45999981090426,13.8699996899813,11.1649997504428,1979,6,NA
51.8667,10.3333,1979-06-10,8.78999980352819,15.7199996486306,12.2549997260794,1979,6,NA
51.8667,10.3333,1979-06-11,7.90999982319772,16.3199996352196,12.1149997292086,1979,6,NA
51.8667,10.3333,1979-06-12,9.00999979861081,21.9799995087087,15.4949996536598,1979,6,NA
51.8667,10.3333,1979-06-13,11.9299997333437,21.2699995245785,16.5999996289611,1979,6,NA
51.8667,10.3333,1979-06-14,10.919999755919,18.2699995916337,14.5949996737763,1979,6,NA
51.8667,10.3333,1979-06-15,8.70999980531633,15.499999653548,12.1049997294322,1979,6,NA
51.8667,10.3333,1979-06-16,7.95999982208014,12.3999997228384,10.1799997724593,1979,6,NA
51.8667,10.3333,1979-06-17,6.40999985672534,12.7899997141212,9.59999978542328,1979,6,NA
51.8667,10.3333,1979-06-18,6.64999985136092,12.2299997266382,9.43999978899956,1979,6,NA
51.8667,10.3333,1979-06-19,7.50999983213842,13.4599996991456,10.484999765642,1979,6,NA
51.8667,10.3333,1979-06-20,10.4499997664243,16.2899996358901,13.3699997011572,1979,6,NA
51.8667,10.3333,1979-06-21,10.879999756813,20.0499995518476,15.4649996543303,1979,6,NA
51.8667,10.3333,1979-06-22,11.1799997501075,23.2399994805455,17.2099996153265,1979,6,NA
51.8667,10.3333,1979-06-23,12.1699997279793,18.7799995802343,15.4749996541068,1979,6,NA
51.8667,10.3333,1979-06-24,11.1099997516721,15.7399996481836,13.4249996999279,1979,6,NA
51.8667,10.3333,1979-06-25,10.879999756813,23.2999994792044,17.0899996180087,1979,6,NA
51.8667,10.3333,1979-06-26,8.77999980375171,17.489999609068,13.1349997064099,1979,6,NA
51.8667,10.3333,1979-06-27,9.28999979235232,19.1899995710701,14.2399996817112,1979,6,NA
51.8667,10.3333,1979-06-28,11.2199997492135,18.7699995804578,14.9949996648356,1979,6,NA
51.8667,10.3333,1979-06-29,10.3299997691065,18.5999995842576,14.4649996766821,1979,6,NA
51.8667,10.3333,1979-06-30,11.1799997501075,19.2799995690584,15.229999659583,1979,6,NA
51.8667,10.3333,1979-07-01,8.31999981403351,14.4999996758997,11.4099997449666,1979,7,NA
51.8667,10.3333,1979-07-02,6.6599998511374,12.6299997176975,9.64499978441745,1979,7,NA
51.8667,10.3333,1979-07-03,5.93999986723065,11.4699997436255,8.70499980542809,1979,7,NA
51.8667,10.3333,1979-07-04,5.11999988555908,15.229999659583,10.174999772571,1979,7,NA
51.8667,10.3333,1979-07-05,8.04999982006848,13.6699996944517,10.8599997572601,1979,7,NA
51.8667,10.3333,1979-07-06,7.41999983415008,16.1199996396899,11.76999973692,1979,7,NA
51.8667,10.3333,1979-07-07,7.15999983996153,16.7699996251613,11.9649997325614,1979,7,NA
51.8667,10.3333,1979-07-08,10.6999997608364,18.939999576658,14.8199996687472,1979,7,NA
51.8667,10.3333,1979-07-09,9.64999978430569,14.7099996712059,12.1799997277558,1979,7,NA
51.8667,10.3333,1979-07-10,8.96999979950488,14.7699996698648,11.8699997346848,1979,7,NA
51.8667,10.3333,1979-07-11,9.67999978363514,14.5599996745586,12.1199997290969,1979,7,NA
51.8667,10.3333,1979-07-12,6.46999985538423,17.6699996050447,12.0699997302145,1979,7,NA
51.8667,10.3333,1979-07-13,8.59999980777502,19.8699995558709,14.234999681823,1979,7,NA
51.8667,10.3333,1979-07-14,9.1299997959286,22.5799994952977,15.8549996456131,1979,7,NA
51.8667,10.3333,1979-07-15,12.9199997112155,20.1899995487183,16.5549996299669,1979,7,NA
51.8667,10.3333,1979-07-16,10.8399997577071,16.3399996347725,13.5899996962398,1979,7,NA
51.8667,10.3333,1979-07-17,9.26999979279935,11.499999742955,10.3849997678772,1979,7,NA
51.8667,10.3333,1979-07-18,9.79999978095293,17.5199996083975,13.6599996946752,1979,7,NA
51.8667,10.3333,1979-07-19,13.3799997009337,19.9899995531887,16.6849996270612,1979,7,NA
51.8667,10.3333,1979-07-20,9.94999977760017,16.9199996218085,13.4349996997043,1979,7,NA
51.8667,10.3333,1979-07-21,9.5299997869879,14.8499996680766,12.1899997275323,1979,7,NA
51.8667,10.3333,1979-07-22,10.1599997729063,14.6899996716529,12.4249997222796,1979,7,NA
51.8667,10.3333,1979-07-23,8.21999981626868,13.9999996870756,11.1099997516721,1979,7,NA
51.8667,10.3333,1979-07-24,8.86999980174005,15.20999966003,12.039999730885,1979,7,NA
51.8667,10.3333,1979-07-25,8.94999979995191,14.0399996861815,11.4949997430667,1979,7,NA
51.8667,10.3333,1979-07-26,9.6999997831881,14.0999996848404,11.8999997340143,1979,7,NA
51.8667,10.3333,1979-07-27,12.1499997284263,18.089999595657,15.1199996620417,1979,7,NA
51.8667,10.3333,1979-07-28,10.31999976933,17.2099996153265,13.7649996923283,1979,7,NA
51.8667,10.3333,1979-07-29,9.36999979056418,21.529999518767,15.4499996546656,1979,7,NA
51.8667,10.3333,1979-07-30,14.3199996799231,22.1599995046854,18.2399995923042,1979,7,NA
51.8667,10.3333,1979-07-31,13.4399996995926,19.7699995581061,16.6049996288493,1979,7,NA
51.8667,10.3333,1979-08-01,11.5099997427315,21.9399995096028,16.7249996261671,1979,8,NA
51.8667,10.3333,1979-08-02,11.6199997402728,18.6399995833635,15.1299996618181,1979,8,NA
51.8667,10.3333,1979-08-03,12.889999711886,18.9699995759875,15.9299996439368,1979,8,NA
51.8667,10.3333,1979-08-04,11.0199997536838,18.2699995916337,14.6449996726587,1979,8,NA
51.8667,10.3333,1979-08-05,9.1299997959286,17.4499996099621,13.2899997029454,1979,8,NA
51.8667,10.3333,1979-08-06,9.40999978967011,17.8699996005744,13.6399996951222,1979,8,NA
51.8667,10.3333,1979-08-07,8.27999981492758,21.0099995303899,14.6449996726587,1979,8,NA
51.8667,10.3333,1979-08-08,10.31999976933,23.0999994836748,16.7099996265024,1979,8,NA
51.8667,10.3333,1979-08-09,11.9799997322261,22.0699995066971,17.0249996194616,1979,8,NA
51.8667,10.3333,1979-08-10,8.82999980263412,17.1299996171147,12.9799997098744,1979,8,NA
51.8667,10.3333,1979-08-11,9.61999978497624,12.0699997302145,10.8449997575954,1979,8,NA
51.8667,10.3333,1979-08-12,8.04999982006848,15.0199996642768,11.5349997421727,1979,8,NA
51.8667,10.3333,1979-08-13,7.48999983258545,16.1599996387959,11.8249997356907,1979,8,NA
51.8667,10.3333,1979-08-14,7.15999983996153,20.4499995429069,13.8049996914342,1979,8,NA
51.8667,10.3333,1979-08-15,10.9999997541308,23.0599994845688,17.0299996193498,1979,8,NA
51.8667,10.3333,1979-08-16,12.0999997295439,20.7699995357543,16.4349996326491,1979,8,NA
51.8667,10.3333,1979-08-17,11.6999997384846,18.10999959521,14.9049996668473,1979,8,NA
51.8667,10.3333,1979-08-18,11.5199997425079,17.489999609068,14.504999675788,1979,8,NA
51.8667,10.3333,1979-08-19,9.46999978832901,21.7299995142967,15.5999996513128,1979,8,NA
51.8667,10.3333,1979-08-20,10.609999762848,22.2899995017797,16.4499996323138,1979,8,NA
51.8667,10.3333,1979-08-21,9.91999977827072,15.4699996542186,12.6949997162446,1979,8,NA
51.8667,10.3333,1979-08-22,10.5899997632951,17.2899996135384,13.9399996884167,1979,8,NA
51.8667,10.3333,1979-08-23,9.0699997972697,17.8399996012449,13.4549996992573,1979,8,NA
51.8667,10.3333,1979-08-24,7.48999983258545,16.5299996305257,12.0099997315556,1979,8,NA
51.8667,10.3333,1979-08-25,7.18999983929098,15.3199996575713,11.2549997484311,1979,8,NA
51.8667,10.3333,1979-08-26,7.17999983951449,11.6899997387081,9.43499978911132,1979,8,NA
51.8667,10.3333,1979-08-27,7.38999983482063,14.629999672994,11.0099997539073,1979,8,NA
51.8667,10.3333,1979-08-28,8.56999980844557,12.6499997172505,10.609999762848,1979,8,NA
51.8667,10.3333,1979-08-29,7.82999982498586,11.4699997436255,9.64999978430569,1979,8,NA
51.8667,10.3333,1979-08-30,8.6699998062104,17.9399995990098,13.3049997026101,1979,8,NA
51.8667,10.3333,1979-08-31,7.53999983146787,21.1899995263666,14.3649996789172,1979,8,NA
51.8667,10.3333,1979-09-01,10.3699997682124,22.7199994921684,16.5449996301904,1979,9,NA
51.8667,10.3333,1979-09-02,11.9399997331202,24.0799994617701,18.0099995974451,1979,9,NA
51.8667,10.3333,1979-09-03,12.8799997121096,24.8099994454533,18.8449995787814,1979,9,NA
51.8667,10.3333,1979-09-04,10.5199997648597,16.7899996247143,13.654999694787,1979,9,NA
51.8667,10.3333,1979-09-05,10.049999775365,14.9699996653944,12.5099997203797,1979,9,NA
51.8667,10.3333,1979-09-06,8.21999981626868,17.5499996077269,12.8849997119978,1979,9,NA
51.8667,10.3333,1979-09-07,6.41999985650182,21.1099995281547,13.7649996923283,1979,9,NA
51.8667,10.3333,1979-09-08,8.91999980062246,22.7199994921684,15.8199996463954,1979,9,NA
51.8667,10.3333,1979-09-09,13.3399997018278,20.369999544695,16.8549996232614,1979,9,NA
51.8667,10.3333,1979-09-10,12.5199997201562,18.8199995793402,15.6699996497482,1979,9,NA
51.8667,10.3333,1979-09-11,10.3099997695535,17.9699995983392,14.1399996839464,1979,9,NA
51.8667,10.3333,1979-09-12,9.88999977894127,19.519999563694,14.7049996713176,1979,9,NA
51.8667,10.3333,1979-09-13,11.0899997521192,15.5899996515363,13.3399997018278,1979,9,NA
51.8667,10.3333,1979-09-14,10.1699997726828,15.9599996432662,13.0649997079745,1979,9,NA
51.8667,10.3333,1979-09-15,5.38999987952411,14.8299996685237,10.1099997740239,1979,9,NA
51.8667,10.3333,1979-09-16,4.7099998947233,10.2399997711182,7.47499983292073,1979,9,NA
51.8667,10.3333,1979-09-17,1.28999997116625,10.9999997541308,6.14499986264855,1979,9,NA
51.8667,10.3333,1979-09-18,6.12999986298382,16.5799996294081,11.354999746196,1979,9,NA
51.8667,10.3333,1979-09-19,11.0199997536838,16.2199996374547,13.6199996955693,1979,9,NA
51.8667,10.3333,1979-09-20,13.0099997092038,18.7099995817989,15.8599996455014,1979,9,NA
51.8667,10.3333,1979-09-21,11.1599997505546,18.9499995764345,15.0549996634945,1979,9,NA
51.8667,10.3333,1979-09-22,5.53999987617135,13.0599997080863,9.2999997921288,1979,9,NA
51.8667,10.3333,1979-09-23,3.87999991327524,9.83999978005886,6.85999984666705,1979,9,NA
51.8667,10.3333,1979-09-24,3.19999992847443,10.339999768883,6.76999984867871,1979,9,NA
51.8667,10.3333,1979-09-25,3.729999916628,12.0699997302145,7.89999982342124,1979,9,NA
51.8667,10.3333,1979-09-26,2.70999993942678,11.4299997445196,7.06999984197319,1979,9,NA
51.8667,10.3333,1979-09-27,3.46999992243946,15.6099996510893,9.53999978676438,1979,9,NA
51.8667,10.3333,1979-09-28,8.53999980911613,13.7299996931106,11.1349997511134,1979,9,NA
51.8667,10.3333,1979-09-29,4.28999990411103,11.7799997366965,8.03499982040375,1979,9,NA
51.8667,10.3333,1979-09-30,-0.209999995306134,13.2999997027218,6.54499985370785,1979,9,NA
51.8667,10.3333,1979-10-01,0.279999993741512,13.9799996875226,7.12999984063208,1979,10,1980
51.8667,10.3333,1979-10-02,1.51999996602535,13.2799997031689,7.39999983459711,1979,10,1980
51.8667,10.3333,1979-10-03,2.11999995261431,11.2799997478724,6.69999985024333,1979,10,1980
51.8667,10.3333,1979-10-04,1.26999997161329,12.079999729991,6.67499985080212,1979,10,1980
51.8667,10.3333,1979-10-05,4.98999988846481,18.1699995938689,11.5799997411668,1979,10,1980
51.8667,10.3333,1979-10-06,8.47999981045723,15.2899996582419,11.8849997343495,1979,10,1980
51.8667,10.3333,1979-10-07,4.6499998960644,12.329999724403,8.48999981023371,1979,10,1980
51.8667,10.3333,1979-10-08,2.95999993383884,13.9999996870756,8.47999981045723,1979,10,1980
51.8667,10.3333,1979-10-09,7.44999983347952,16.1599996387959,11.8049997361377,1979,10,1980
51.8667,10.3333,1979-10-10,7.82999982498586,20.409999543801,14.1199996843934,1979,10,1980
51.8667,10.3333,1979-10-11,10.359999768436,22.9099994879216,16.6349996281788,1979,10,1980
51.8667,10.3333,1979-10-12,9.55999978631735,21.7199995145202,15.6399996504188,1979,10,1980
51.8667,10.3333,1979-10-13,9.44999978877604,18.1999995931983,13.8249996909872,1979,10,1980
51.8667,10.3333,1979-10-14,7.16999983973801,19.2999995686114,13.2349997041747,1979,10,1980
51.8667,10.3333,1979-10-15,8.32999981380999,15.6599996499717,11.9949997318909,1979,10,1980
51.8667,10.3333,1979-10-16,8.54999980889261,15.2399996593595,11.894999734126,1979,10,1980
51.8667,10.3333,1979-10-17,8.13999981805682,12.7599997147918,10.4499997664243,1979,10,1980
51.8667,10.3333,1979-10-18,6.16999986208975,11.2699997480959,8.71999980509281,1979,10,1980
51.8667,10.3333,1979-10-19,5.47999987751245,9.83999978005886,7.65999982878566,1979,10,1980
51.8667,10.3333,1979-10-20,5.5699998755008,11.0099997539073,8.28999981470406,1979,10,1980
51.8667,10.3333,1979-10-21,5.90999986790121,10.1899997722358,8.04999982006848,1979,10,1980
51.8667,10.3333,1979-10-22,2.81999993696809,10.1499997731298,6.48499985504895,1979,10,1980
51.8667,10.3333,1979-10-23,0.789999982342124,7.33999983593822,4.06499990914017,1979,10,1980
51.8667,10.3333,1979-10-24,-0.949999978765845,6.61999985203147,2.83499993663281,1979,10,1980
51.8667,10.3333,1979-10-25,-1.66999996267259,10.0599997751415,4.19499990623444,1979,10,1980
51.8667,10.3333,1979-10-26,-0.909999979659915,8.86999980174005,3.97999991104007,1979,10,1980
51.8667,10.3333,1979-10-27,-1.11999997496605,7.68999982811511,3.28499992657453,1979,10,1980
51.8667,10.3333,1979-10-28,-3.13999992981553,6.54999985359609,1.70499996189028,1979,10,1980
51.8667,10.3333,1979-10-29,-2.73999993875623,5.39999987930059,1.32999997027218,1979,10,1980
51.8667,10.3333,1979-10-30,-1.50999996624887,3.84999991394579,1.16999997384846,1979,10,1980
51.8667,10.3333,1979-10-31,0.979999978095293,3.86999991349876,2.42499994579703,1979,10,1980
51.8667,10.3333,1979-11-01,-0.0199999995529652,7.62999982945621,3.80499991495162,1979,11,1980
51.8667,10.3333,1979-11-02,4.83999989181757,9.02999979816377,6.93499984499067,1979,11,1980
51.8667,10.3333,1979-11-03,1.95999995619059,7.04999984242022,4.5049998993054,1979,11,1980
51.8667,10.3333,1979-11-04,-0.30999999307096,4.40999990142882,2.04999995417893,1979,11,1980
51.8667,10.3333,1979-11-05,2.08999995328486,6.09999986365438,4.09499990846962,1979,11,1980
51.8667,10.3333,1979-11-06,2.93999993428588,6.34999985806644,4.64499989617616,1979,11,1980
51.8667,10.3333,1979-11-07,1.62999996356666,5.23999988287687,3.43499992322177,1979,11,1980
51.8667,10.3333,1979-11-08,1.09999997541308,4.49999989941716,2.79999993741512,1979,11,1980
51.8667,10.3333,1979-11-09,1.21999997273088,7.87999982386827,4.54999989829957,1979,11,1980
51.8667,10.3333,1979-11-10,0.759999983012676,4.40999990142882,2.58499994222075,1979,11,1980
51.8667,10.3333,1979-11-11,0.0199999995529652,2.6999999396503,1.35999996960163,1979,11,1980
51.8667,10.3333,1979-11-12,-1.10999997518957,3.5599999204278,1.22499997261912,1979,11,1980
51.8667,10.3333,1979-11-13,-0.809999981895089,2.52999994345009,0.859999980777502,1979,11,1980
51.8667,10.3333,1979-11-14,-2.05999995395541,1.92999995686114,-0.0649999985471368,1979,11,1980
51.8667,10.3333,1979-11-15,-4.06999990902841,2.59999994188547,-0.73499998357147,1979,11,1980
51.8667,10.3333,1979-11-16,0.249999994412065,3.94999991171062,2.09999995306134,1979,11,1980
51.8667,10.3333,1979-11-17,-0.329999992623925,1.56999996490777,0.61999998614192,1979,11,1980
51.8667,10.3333,1979-11-18,-2.97999993339181,3.07999993115664,0.0499999988824129,1979,11,1980
51.8667,10.3333,1979-11-19,-3.47999992221594,1.96999995596707,-0.754999983124435,1979,11,1980
51.8667,10.3333,1979-11-20,-0.669999985024333,2.68999993987381,1.00999997742474,1979,11,1980
51.8667,10.3333,1979-11-21,0.209999995306134,2.42999994568527,1.3199999704957,1979,11,1980
51.8667,10.3333,1979-11-22,0.199999995529652,1.86999995820224,1.03499997686595,1979,11,1980
51.8667,10.3333,1979-11-23,-1.25999997183681,1.18999997340143,-0.034999999217689,1979,11,1980
51.8667,10.3333,1979-11-24,-3.37999992445111,2.4099999461323,-0.484999989159405,1979,11,1980
51.8667,10.3333,1979-11-25,-1.8399999588728,0.839999981224537,-0.499999988824129,1979,11,1980
51.8667,10.3333,1979-11-26,-0.909999979659915,1.51999996602535,0.304999993182719,1979,11,1980
51.8667,10.3333,1979-11-27,-0.849999981001019,4.73999989405274,1.94499995652586,1979,11,1980
51.8667,10.3333,1979-11-28,0.939999978989363,5.83999986946583,3.3899999242276,1979,11,1980
51.8667,10.3333,1979-11-29,0.769999982789159,7.23999983817339,4.00499991048127,1979,11,1980
51.8667,10.3333,1979-11-30,6.12999986298382,11.2199997492135,8.67499980609864,1979,11,1980
51.8667,10.3333,1979-12-01,4.63999989628792,8.70999980531633,6.67499985080212,1979,12,1980
51.8667,10.3333,1979-12-02,4.59999989718199,8.11999981850386,6.35999985784292,1979,12,1980
51.8667,10.3333,1979-12-03,5.66999987326562,7.81999982520938,6.7449998492375,1979,12,1980
51.8667,10.3333,1979-12-04,5.75999987125397,9.54999978654087,7.65499982889742,1979,12,1980
51.8667,10.3333,1979-12-05,5.32999988086522,8.8999998010695,7.11499984096736,1979,12,1980
51.8667,10.3333,1979-12-06,6.14999986253679,10.3799997679889,8.26499981526285,1979,12,1980
51.8667,10.3333,1979-12-07,0.859999980777502,8.71999980509281,4.78999989293516,1979,12,1980
51.8667,10.3333,1979-12-08,3.11999993026257,9.99999977648258,6.55999985337257,1979,12,1980
51.8667,10.3333,1979-12-09,6.16999986208975,8.30999981425703,7.23999983817339,1979,12,1980
51.8667,10.3333,1979-12-10,4.85999989137053,6.93999984487891,5.89999986812472,1979,12,1980
51.8667,10.3333,1979-12-11,4.74999989382923,8.2699998151511,6.50999985449016,1979,12,1980
51.8667,10.3333,1979-12-12,2.80999993719161,6.64999985136092,4.72999989427626,1979,12,1980
51.8667,10.3333,1979-12-13,-6.20999986119568,3.14999992959201,-1.52999996580184,1979,12,1980
51.8667,10.3333,1979-12-14,-6.85999984666705,1.35999996960163,-2.74999993853271,1979,12,1980
51.8667,10.3333,1979-12-15,0.679999984800816,5.21999988332391,2.94999993406236,1979,12,1980
51.8667,10.3333,1979-12-16,1.3199999704957,6.70999985001981,4.01499991025776,1979,12,1980
51.8667,10.3333,1979-12-17,1.18999997340143,3.59999991953373,2.39499994646758,1979,12,1980
51.8667,10.3333,1979-12-18,0.249999994412065,5.39999987930059,2.82499993685633,1979,12,1980
51.8667,10.3333,1979-12-19,0.599999986588955,3.0999999307096,1.84999995864928,1979,12,1980
51.8667,10.3333,1979-12-20,-2.88999993540347,1.18999997340143,-0.849999981001019,1979,12,1980
51.8667,10.3333,1979-12-21,-4.69999989494681,-1.46999996714294,-3.08499993104488,1979,12,1980
51.8667,10.3333,1979-12-22,-4.77999989315867,-2.21999995037913,-3.4999999217689,1979,12,1980
51.8667,10.3333,1979-12-23,-4.20999990589917,1.21999997273088,-1.49499996658415,1979,12,1980
51.8667,10.3333,1979-12-24,-1.29999997094274,2.65999994054437,0.679999984800816,1979,12,1980
51.8667,10.3333,1979-12-25,-0.989999977871776,0.549999987706542,-0.219999995082617,1979,12,1980
51.8667,10.3333,1979-12-26,-1.30999997071922,0.549999987706542,-0.379999991506338,1979,12,1980
51.8667,10.3333,1979-12-27,-3.22999992780387,1.61999996379018,-0.804999982006848,1979,12,1980
51.8667,10.3333,1979-12-28,-4.54999989829957,0.739999983459711,-1.90499995741993,1979,12,1980
51.8667,10.3333,1979-12-29,-0.139999996870756,3.80999991483986,1.83499995898455,1979,12,1980
51.8667,10.3333,1979-12-30,-0.689999984577298,1.88999995775521,0.599999986588955,1979,12,1980
51.8667,10.3333,1979-12-31,-1.89999995753169,-0.26999999396503,-1.08499997574836,1979,12,1980
51.8667,10.3333,1980-01-01,-2.32999994792044,-0.429999990388751,-1.3799999691546,1980,1,1980
51.8667,10.3333,1980-01-02,-2.8699999358505,-0.469999989494681,-1.66999996267259,1980,1,1980
51.8667,10.3333,1980-01-03,-4.94999988935888,-2.24999994970858,-3.59999991953373,1980,1,1980
51.8667,10.3333,1980-01-04,-10.4199997670949,-3.94999991171062,-7.18499983940274,1980,1,1980
51.8667,10.3333,1980-01-05,-12.2399997264147,-2.19999995082617,-7.21999983862042,1980,1,1980
51.8667,10.3333,1980-01-06,-2.81999993696809,1.05999997630715,-0.879999980330467,1980,1,1980
51.8667,10.3333,1980-01-07,-0.61999998614192,1.05999997630715,0.219999995082617,1980,1,1980
51.8667,10.3333,1980-01-08,-1.6099999640137,0.989999977871776,-0.30999999307096,1980,1,1980
51.8667,10.3333,1980-01-09,-3.7899999152869,-0.829999981448054,-2.30999994836748,1980,1,1980
51.8667,10.3333,1980-01-10,-4.8799998909235,-2.6399999409914,-3.75999991595745,1980,1,1980
51.8667,10.3333,1980-01-11,-6.64999985136092,-4.04999990947545,-5.34999988041818,1980,1,1980
51.8667,10.3333,1980-01-12,-10.6999997608364,-5.71999987214804,-8.2099998164922,1980,1,1980
51.8667,10.3333,1980-01-13,-12.889999711886,-7.49999983236194,-10.194999772124,1980,1,1980
51.8667,10.3333,1980-01-14,-13.9799996875226,-3.12999993003905,-8.55499980878085,1980,1,1980
51.8667,10.3333,1980-01-15,-11.6999997384846,-2.44999994523823,-7.07499984186143,1980,1,1980
51.8667,10.3333,1980-01-16,-13.1399997062981,-4.52999989874661,-8.83499980252236,1980,1,1980
51.8667,10.3333,1980-01-17,-10.359999768436,-3.729999916628,-7.04499984253198,1980,1,1980
51.8667,10.3333,1980-01-18,-10.6699997615069,-3.33999992534518,-7.00499984342605,1980,1,1980
51.8667,10.3333,1980-01-19,-12.5199997201562,-3.87999991327524,-8.19999981671572,1980,1,1980
51.8667,10.3333,1980-01-20,-10.4999997653067,-0.949999978765845,-5.72499987203628,1980,1,1980
51.8667,10.3333,1980-01-21,-9.20999979414046,-1.56999996490777,-5.38999987952411,1980,1,1980
51.8667,10.3333,1980-01-22,-6.94999984465539,2.78999993763864,-2.07999995350838,1980,1,1980
51.8667,10.3333,1980-01-23,-2.32999994792044,2.56999994255602,0.119999997317791,1980,1,1980
51.8667,10.3333,1980-01-24,-0.369999991729856,1.50999996624887,0.569999987259507,1980,1,1980
51.8667,10.3333,1980-01-25,-2.43999994546175,1.95999995619059,-0.239999994635582,1980,1,1980
51.8667,10.3333,1980-01-26,-1.81999995931983,0.939999978989363,-0.439999990165234,1980,1,1980
51.8667,10.3333,1980-01-27,-7.81999982520938,-0.739999983459711,-4.27999990433455,1980,1,1980
51.8667,10.3333,1980-01-28,-10.2999997697771,-1.76999996043742,-6.03499986510724,1980,1,1980
51.8667,10.3333,1980-01-29,-15.4299996551126,-3.66999991796911,-9.54999978654087,1980,1,1980
51.8667,10.3333,1980-01-30,-6.34999985806644,-1.29999997094274,-3.82499991450459,1980,1,1980
51.8667,10.3333,1980-01-31,-2.18999995104969,3.3899999242276,0.599999986588955,1980,1,1980
51.8667,10.3333,1980-02-01,1.44999996758997,5.75999987125397,3.60499991942197,1980,2,1980
51.8667,10.3333,1980-02-02,-4.4799998998642,5.26999988220632,0.394999991171062,1980,2,1980
51.8667,10.3333,1980-02-03,-5.17999988421798,1.92999995686114,-1.62499996367842,1980,2,1980
51.8667,10.3333,1980-02-04,-1.5499999653548,2.36999994702637,0.409999990835786,1980,2,1980
51.8667,10.3333,1980-02-05,-2.68999993987381,1.11999997496605,-0.784999982453883,1980,2,1980
51.8667,10.3333,1980-02-06,-2.48999994434416,4.1899999063462,0.849999981001019,1980,2,1980
51.8667,10.3333,1980-02-07,1.27999997138977,4.04999990947545,2.66499994043261,1980,2,1980
51.8667,10.3333,1980-02-08,0.939999978989363,4.59999989718199,2.76999993808568,1980,2,1980
51.8667,10.3333,1980-02-09,0.669999985024333,4.96999988891184,2.81999993696809,1980,2,1980
51.8667,10.3333,1980-02-10,2.56999994255602,8.91999980062246,5.74499987158924,1980,2,1980
51.8667,10.3333,1980-02-11,3.08999993093312,7.1199998408556,5.10499988589436,1980,2,1980
51.8667,10.3333,1980-02-12,1.00999997742474,4.90999989025295,2.95999993383884,1980,2,1980
51.8667,10.3333,1980-02-13,1.00999997742474,2.79999993741512,1.90499995741993,1980,2,1980
51.8667,10.3333,1980-02-14,-1.29999997094274,3.28999992646277,0.994999977760017,1980,2,1980
51.8667,10.3333,1980-02-15,-0.439999990165234,3.79999991506338,1.67999996244907,1980,2,1980
51.8667,10.3333,1980-02-16,-2.6999999396503,3.30999992601573,0.304999993182719,1980,2,1980
51.8667,10.3333,1980-02-17,1.35999996960163,4.38999990187585,2.87499993573874,1980,2,1980
51.8667,10.3333,1980-02-18,-0.00999999977648258,3.57999991998076,1.78499996010214,1980,2,1980
51.8667,10.3333,1980-02-19,-1.74999996088445,1.68999996222556,-0.0299999993294477,1980,2,1980
51.8667,10.3333,1980-02-20,-5.28999988175929,1.98999995552003,-1.64999996311963,1980,2,1980
51.8667,10.3333,1980-02-21,-3.62999991886318,5.78999987058342,1.07999997586012,1980,2,1980
51.8667,10.3333,1980-02-22,-3.24999992735684,8.70999980531633,2.72999993897974,1980,2,1980
51.8667,10.3333,1980-02-23,-3.17999992892146,7.5799998305738,2.19999995082617,1980,2,1980
51.8667,10.3333,1980-02-24,-3.29999992623925,9.18999979458749,2.94499993417412,1980,2,1980
51.8667,10.3333,1980-02-25,-3.40999992378056,6.87999984622002,1.73499996121973,1980,2,1980
51.8667,10.3333,1980-02-26,-4.26999990455806,9.59999978542328,2.66499994043261,1980,2,1980
51.8667,10.3333,1980-02-27,-4.00999991036952,6.93999984487891,1.4649999672547,1980,2,1980
51.8667,10.3333,1980-02-28,-4.89999989047647,-0.219999995082617,-2.55999994277954,1980,2,1980
51.8667,10.3333,1980-02-29,-4.34999990276992,-0.509999988600612,-2.42999994568527,1980,2,1980
51.8667,10.3333,1980-03-01,-1.02999997697771,3.94999991171062,1.45999996736646,1980,3,1980
51.8667,10.3333,1980-03-02,1.99999995529652,4.98999988846481,3.49499992188066,1980,3,1980
51.8667,10.3333,1980-03-03,-2.47999994456768,3.04999993182719,0.284999993629754,1980,3,1980
51.8667,10.3333,1980-03-04,-5.17999988421798,0.859999980777502,-2.15999995172024,1980,3,1980
51.8667,10.3333,1980-03-05,-8.00999982096255,-1.24999997206032,-4.62999989651144,1980,3,1980
51.8667,10.3333,1980-03-06,-8.76999980397522,2.22999995015562,-3.2699999269098,1980,3,1980
51.8667,10.3333,1980-03-07,-2.51999994367361,4.42999990098178,0.954999978654087,1980,3,1980
51.8667,10.3333,1980-03-08,1.46999996714294,6.8299998473376,4.14999990724027,1980,3,1980
51.8667,10.3333,1980-03-09,-0.57999998703599,7.96999982185662,3.69499991741031,1980,3,1980
51.8667,10.3333,1980-03-10,-0.789999982342124,2.31999994814396,0.764999982900918,1980,3,1980
51.8667,10.3333,1980-03-11,-0.439999990165234,2.43999994546175,0.999999977648258,1980,3,1980
51.8667,10.3333,1980-03-12,-0.529999988153577,3.31999992579222,1.39499996881932,1980,3,1980
51.8667,10.3333,1980-03-13,-0.0799999982118607,5.40999987907708,2.66499994043261,1980,3,1980
51.8667,10.3333,1980-03-14,1.00999997742474,4.48999989964068,2.74999993853271,1980,3,1980
51.8667,10.3333,1980-03-15,-1.55999996513128,2.58999994210899,0.514999988488853,1980,3,1980
51.8667,10.3333,1980-03-16,-0.789999982342124,6.04999986477196,2.62999994121492,1980,3,1980
51.8667,10.3333,1980-03-17,-0.699999984353781,6.29999985918403,2.79999993741512,1980,3,1980
51.8667,10.3333,1980-03-18,1.03999997675419,6.26999985985458,3.65499991830438,1980,3,1980
51.8667,10.3333,1980-03-19,-1.10999997518957,3.82999991439283,1.35999996960163,1980,3,1980
51.8667,10.3333,1980-03-20,-5.05999988690019,0.169999996200204,-2.44499994534999,1980,3,1980
51.8667,10.3333,1980-03-21,-8.01999982073903,-2.2399999499321,-5.12999988533556,1980,3,1980
51.8667,10.3333,1980-03-22,-9.40999978967011,-1.55999996513128,-5.4849998774007,1980,3,1980
51.8667,10.3333,1980-03-23,-4.21999990567565,2.09999995306134,-1.05999997630715,1980,3,1980
51.8667,10.3333,1980-03-24,-3.30999992601573,6.17999986186624,1.43499996792525,1980,3,1980
51.8667,10.3333,1980-03-25,-2.85999993607402,3.13999992981553,0.139999996870756,1980,3,1980
51.8667,10.3333,1980-03-26,-2.32999994792044,7.13999984040856,2.40499994624406,1980,3,1980
51.8667,10.3333,1980-03-27,-0.229999994859099,8.10999981872737,3.93999991193414,1980,3,1980
51.8667,10.3333,1980-03-28,0.529999988153577,8.94999979995191,4.73999989405274,1980,3,1980
51.8667,10.3333,1980-03-29,8.039999820292,12.039999730885,10.0399997755885,1980,3,1980
51.8667,10.3333,1980-03-30,2.90999993495643,10.1499997731298,6.52999985404313,1980,3,1980
51.8667,10.3333,1980-03-31,1.42999996803701,4.54999989829957,2.98999993316829,1980,3,1980
51.8667,10.3333,1980-04-01,-0.319999992847443,8.31999981403351,3.99999991059303,1980,4,1980
51.8667,10.3333,1980-04-02,1.11999997496605,9.01999979838729,5.06999988667667,1980,4,1980
51.8667,10.3333,1980-04-03,0.88999998010695,8.94999979995191,4.91999989002943,1980,4,1980
51.8667,10.3333,1980-04-04,-0.839999981224537,2.85999993607402,1.00999997742474,1980,4,1980
51.8667,10.3333,1980-04-05,-1.26999997161329,1.33999997004867,0.034999999217689,1980,4,1980
51.8667,10.3333,1980-04-06,-2.24999994970858,4.37999990209937,1.06499997619539,1980,4,1980
51.8667,10.3333,1980-04-07,-3.82999991439283,5.67999987304211,0.924999979324639,1980,4,1980
51.8667,10.3333,1980-04-08,-3.02999993227422,9.77999978139997,3.37499992456287,1980,4,1980
51.8667,10.3333,1980-04-09,-0.319999992847443,5.17999988421798,2.42999994568527,1980,4,1980
51.8667,10.3333,1980-04-10,-0.979999978095293,5.52999987639487,2.27499994914979,1980,4,1980
51.8667,10.3333,1980-04-11,-1.20999997295439,4.51999989897013,1.65499996300787,1980,4,1980
51.8667,10.3333,1980-04-12,1.7799999602139,7.18999983929098,4.48499989975244,1980,4,1980
51.8667,10.3333,1980-04-13,0.919999979436398,10.1699997726828,5.54499987605959,1980,4,1980
51.8667,10.3333,1980-04-14,-0.0599999986588955,13.8699996899813,6.90499984566122,1980,4,1980
51.8667,10.3333,1980-04-15,1.00999997742474,17.1899996157736,9.09999979659915,1980,4,1980
51.8667,10.3333,1980-04-16,2.65999994054437,17.5999996066093,10.1299997735769,1980,4,1980
51.8667,10.3333,1980-04-17,3.97999991104007,18.7099995817989,11.3449997464195,1980,4,1980
51.8667,10.3333,1980-04-18,3.92999991215765,19.499999564141,11.7149997381493,1980,4,1980
51.8667,10.3333,1980-04-19,1.63999996334314,9.84999977983534,5.74499987158924,1980,4,1980
51.8667,10.3333,1980-04-20,-1.92999995686114,6.01999986544251,2.04499995429069,1980,4,1980
51.8667,10.3333,1980-04-21,-2.45999994501472,3.37999992445111,0.459999989718199,1980,4,1980
51.8667,10.3333,1980-04-22,-2.59999994188547,5.34999988041818,1.37499996926636,1980,4,1980
51.8667,10.3333,1980-04-23,-1.46999996714294,5.20999988354743,1.86999995820224,1980,4,1980
51.8667,10.3333,1980-04-24,-1.16999997384846,6.41999985650182,2.62499994132668,1980,4,1980
51.8667,10.3333,1980-04-25,0.909999979659915,5.46999987773597,3.18999992869794,1980,4,1980
51.8667,10.3333,1980-04-26,0.859999980777502,3.61999991908669,2.2399999499321,1980,4,1980
51.8667,10.3333,1980-04-27,-0.129999997094274,8.039999820292,3.95499991159886,1980,4,1980
51.8667,10.3333,1980-04-28,2.55999994277954,7.14999984018505,4.85499989148229,1980,4,1980
51.8667,10.3333,1980-04-29,2.02999995462596,5.65999987348914,3.84499991405755,1980,4,1980
51.8667,10.3333,1980-04-30,3.01999993249774,9.25999979302287,6.13999986276031,1980,4,1980
51.8667,10.3333,1980-05-01,2.47999994456768,13.8199996910989,8.1499998178333,1980,5,NA
51.8667,10.3333,1980-05-02,5.81999986991286,13.509999698028,9.66499978397042,1980,5,NA
51.8667,10.3333,1980-05-03,2.35999994724989,9.38999979011714,5.87499986868352,1980,5,NA
51.8667,10.3333,1980-05-04,-0.919999979436398,7.92999982275069,3.50499992165715,1980,5,NA
51.8667,10.3333,1980-05-05,-2.07999995350838,6.70999985001981,2.31499994825572,1980,5,NA
51.8667,10.3333,1980-05-06,-2.73999993875623,7.23999983817339,2.24999994970858,1980,5,NA
51.8667,10.3333,1980-05-07,-0.189999995753169,12.5399997197092,6.17499986197799,1980,5,NA
51.8667,10.3333,1980-05-08,5.95999986678362,13.5999996960163,9.77999978139997,1980,5,NA
51.8667,10.3333,1980-05-09,2.20999995060265,9.47999978810549,5.84499986935407,1980,5,NA
51.8667,10.3333,1980-05-10,2.02999995462596,10.2199997715652,6.12499986309558,1980,5,NA
51.8667,10.3333,1980-05-11,-0.709999984130263,12.1999997273088,5.74499987158924,1980,5,NA
51.8667,10.3333,1980-05-12,0.739999983459711,14.649999672547,7.69499982800335,1980,5,NA
51.8667,10.3333,1980-05-13,4.05999990925193,15.5899996515363,9.82499978039414,1980,5,NA
51.8667,10.3333,1980-05-14,3.1599999293685,13.8099996913224,8.48499981034547,1980,5,NA
51.8667,10.3333,1980-05-15,2.20999995060265,11.5899997409433,6.89999984577298,1980,5,NA
51.8667,10.3333,1980-05-16,-0.519999988377094,11.3799997456372,5.42999987863004,1980,5,NA
51.8667,10.3333,1980-05-17,-0.599999986588955,13.1399997062981,6.26999985985458,1980,5,NA
51.8667,10.3333,1980-05-18,1.84999995864928,13.7299996931106,7.78999982587993,1980,5,NA
51.8667,10.3333,1980-05-19,5.17999988421798,17.0199996195734,11.0999997518957,1980,5,NA
51.8667,10.3333,1980-05-20,4.61999989673495,18.8199995793402,11.7199997380376,1980,5,NA
51.8667,10.3333,1980-05-21,7.31999983638525,19.5599995627999,13.4399996995926,1980,5,NA
51.8667,10.3333,1980-05-22,4.4199999012053,16.909999622032,10.6649997616187,1980,5,NA
51.8667,10.3333,1980-05-23,1.34999996982515,9.5899997856468,5.46999987773597,1980,5,NA
51.8667,10.3333,1980-05-24,-1.62999996356666,12.5499997194856,5.45999987795949,1980,5,NA
51.8667,10.3333,1980-05-25,5.60999987460673,11.7599997371435,8.68499980587512,1980,5,NA
51.8667,10.3333,1980-05-26,5.85999986901879,10.0999997742474,7.9799998216331,1980,5,NA
51.8667,10.3333,1980-05-27,5.37999987974763,14.8399996683002,10.1099997740239,1980,5,NA
51.8667,10.3333,1980-05-28,6.33999985828996,20.3399995453656,13.3399997018278,1980,5,NA
51.8667,10.3333,1980-05-29,9.23999979346991,16.7299996260554,12.9849997097626,1980,5,NA
51.8667,10.3333,1980-05-30,9.34999979101121,18.5199995860457,13.9349996885285,1980,5,NA
51.8667,10.3333,1980-05-31,7.10999984107912,13.1499997060746,10.1299997735769,1980,5,NA
51.8667,10.3333,1980-06-01,2.22999995015562,13.6899996940047,7.95999982208014,1980,6,NA
51.8667,10.3333,1980-06-02,4.97999988868833,11.6099997404963,8.2949998145923,1980,6,NA
51.8667,10.3333,1980-06-03,4.99999988824129,13.7699996922165,9.3849997902289,1980,6,NA
51.8667,10.3333,1980-06-04,6.11999986320734,16.9599996209145,11.5399997420609,1980,6,NA
51.8667,10.3333,1980-06-05,8.15999981760979,19.3899995665997,13.7749996921048,1980,6,NA
51.8667,10.3333,1980-06-06,8.4399998113513,21.5799995176494,15.0099996645004,1980,6,NA
51.8667,10.3333,1980-06-07,10.4999997653067,22.1799995042384,16.3399996347725,1980,6,NA
51.8667,10.3333,1980-06-08,9.14999979548156,20.4199995435774,14.7849996695295,1980,6,NA
51.8667,10.3333,1980-06-09,11.5399997420609,17.6099996063858,14.5749996742234,1980,6,NA
51.8667,10.3333,1980-06-10,10.31999976933,19.1199995726347,14.7199996709824,1980,6,NA
51.8667,10.3333,1980-06-11,11.0499997530133,19.7699995581061,15.4099996555597,1980,6,NA
51.8667,10.3333,1980-06-12,12.619999717921,16.3099996354431,14.4649996766821,1980,6,NA
51.8667,10.3333,1980-06-13,10.1099997740239,19.7999995574355,14.9549996657297,1980,6,NA
51.8667,10.3333,1980-06-14,9.79999978095293,22.7399994917214,16.2699996363372,1980,6,NA
51.8667,10.3333,1980-06-15,13.3799997009337,28.3599993661046,20.8699995335191,1980,6,NA
51.8667,10.3333,1980-06-16,11.9099997337908,22.4799994975328,17.1949996156618,1980,6,NA
51.8667,10.3333,1980-06-17,9.96999977715313,18.7999995797873,14.3849996784702,1980,6,NA
51.8667,10.3333,1980-06-18,11.3399997465312,16.9799996204674,14.1599996834993,1980,6,NA
51.8667,10.3333,1980-06-19,9.37999979034066,13.8299996908754,11.604999740608,1980,6,NA
51.8667,10.3333,1980-06-20,9.34999979101121,17.1799996159971,13.2649997035041,1980,6,NA
51.8667,10.3333,1980-06-21,6.47999985516071,12.6499997172505,9.56499978620559,1980,6,NA
51.8667,10.3333,1980-06-22,7.41999983415008,13.2599997036159,10.339999768883,1980,6,NA
51.8667,10.3333,1980-06-23,7.70999982766807,14.5599996745586,11.1349997511134,1980,6,NA
51.8667,10.3333,1980-06-24,6.26999985985458,14.8099996689707,10.5399997644126,1980,6,NA
51.8667,10.3333,1980-06-25,7.91999982297421,14.6999996714294,11.3099997472018,1980,6,NA
51.8667,10.3333,1980-06-26,7.73999982699752,12.6799997165799,10.2099997717887,1980,6,NA
51.8667,10.3333,1980-06-27,6.4299998562783,14.7799996696413,10.6049997629598,1980,6,NA
51.8667,10.3333,1980-06-28,7.77999982610345,14.2599996812642,11.0199997536838,1980,6,NA
51.8667,10.3333,1980-06-29,6.52999985404313,12.1799997277558,9.35499979089946,1980,6,NA
51.8667,10.3333,1980-06-30,7.87999982386827,11.9599997326732,9.91999977827072,1980,6,NA
51.8667,10.3333,1980-07-01,8.039999820292,10.5199997648597,9.27999979257584,1980,7,NA
51.8667,10.3333,1980-07-02,7.26999983750284,12.909999711439,10.0899997744709,1980,7,NA
51.8667,10.3333,1980-07-03,7.79999982565641,12.8399997130036,10.31999976933,1980,7,NA
51.8667,10.3333,1980-07-04,10.0399997755885,15.1299996618181,12.5849997187033,1980,7,NA
51.8667,10.3333,1980-07-05,8.77999980375171,15.5699996519834,12.1749997278675,1980,7,NA
51.8667,10.3333,1980-07-06,10.0999997742474,15.2699996586889,12.6849997164682,1980,7,NA
51.8667,10.3333,1980-07-07,7.85999982431531,16.1099996399134,11.9849997321144,1980,7,NA
51.8667,10.3333,1980-07-08,9.36999979056418,16.1399996392429,12.7549997149035,1980,7,NA
51.8667,10.3333,1980-07-09,10.3099997695535,15.9199996441603,13.1149997068569,1980,7,NA
51.8667,10.3333,1980-07-10,10.919999755919,16.079999640584,13.4999996982515,1980,7,NA
51.8667,10.3333,1980-07-11,10.8199997581542,15.519999653101,13.1699997056276,1980,7,NA
51.8667,10.3333,1980-07-12,10.879999756813,14.9799996651709,12.929999710992,1980,7,NA
51.8667,10.3333,1980-07-13,8.19999981671572,13.779999691993,10.9899997543544,1980,7,NA
51.8667,10.3333,1980-07-14,7.49999983236194,11.9699997324497,9.73499978240579,1980,7,NA
51.8667,10.3333,1980-07-15,6.38999985717237,14.8099996689707,10.5999997630715,1980,7,NA
51.8667,10.3333,1980-07-16,10.5299997646362,15.4599996544421,12.9949997095391,1980,7,NA
51.8667,10.3333,1980-07-17,8.65999980643392,12.889999711886,10.77499975916,1980,7,NA
51.8667,10.3333,1980-07-18,7.68999982811511,14.0999996848404,10.8949997564778,1980,7,NA
51.8667,10.3333,1980-07-19,9.55999978631735,15.2799996584654,12.4199997223914,1980,7,NA
51.8667,10.3333,1980-07-20,10.7799997590482,14.0199996866286,12.3999997228384,1980,7,NA
51.8667,10.3333,1980-07-21,12.929999710992,18.0199995972216,15.4749996541068,1980,7,NA
51.8667,10.3333,1980-07-22,9.61999978497624,14.0999996848404,11.8599997349083,1980,7,NA
51.8667,10.3333,1980-07-23,7.47999983280897,15.3899996560067,11.4349997444078,1980,7,NA
51.8667,10.3333,1980-07-24,5.01999988779426,20.5199995413423,12.7699997145683,1980,7,NA
51.8667,10.3333,1980-07-25,9.13999979570508,23.0999994836748,16.1199996396899,1980,7,NA
51.8667,10.3333,1980-07-26,10.0199997760355,22.4499994982034,16.2349996371195,1980,7,NA
51.8667,10.3333,1980-07-27,10.6999997608364,24.2399994581938,17.4699996095151,1980,7,NA
51.8667,10.3333,1980-07-28,12.7999997138977,23.9599994644523,18.379999589175,1980,7,NA
51.8667,10.3333,1980-07-29,14.3899996783584,20.3999995440245,17.3949996111915,1980,7,NA
51.8667,10.3333,1980-07-30,14.5299996752292,20.6699995379895,17.5999996066093,1980,7,NA
51.8667,10.3333,1980-07-31,13.6299996953458,19.3099995683879,16.4699996318668,1980,7,NA
51.8667,10.3333,1980-08-01,12.2399997264147,19.6099995616823,15.9249996440485,1980,8,NA
51.8667,10.3333,1980-08-02,8.86999980174005,21.9599995091558,15.4149996554479,1980,8,NA
51.8667,10.3333,1980-08-03,12.349999723956,26.709999402985,19.5299995634705,1980,8,NA
51.8667,10.3333,1980-08-04,15.6899996493012,27.4799993857741,21.5849995175377,1980,8,NA
51.8667,10.3333,1980-08-05,15.479999653995,23.559999473393,19.519999563694,1980,8,NA
51.8667,10.3333,1980-08-06,14.4899996761233,21.0699995290488,17.779999602586,1980,8,NA
51.8667,10.3333,1980-08-07,12.2699997257441,17.9099995996803,15.0899996627122,1980,8,NA
51.8667,10.3333,1980-08-08,12.2099997270852,23.0499994847924,17.6299996059388,1980,8,NA
51.8667,10.3333,1980-08-09,13.9499996881932,22.379999499768,18.1649995939806,1980,8,NA
51.8667,10.3333,1980-08-10,10.0599997751415,16.7999996244907,13.4299996998161,1980,8,NA
51.8667,10.3333,1980-08-11,6.91999984532595,17.6299996059388,12.2749997256324,1980,8,NA
51.8667,10.3333,1980-08-12,10.6899997610599,21.2999995239079,15.9949996424839,1980,8,NA
51.8667,10.3333,1980-08-13,10.4599997662008,18.1499995943159,14.3049996802583,1980,8,NA
51.8667,10.3333,1980-08-14,9.39999978989363,16.8799996227026,13.1399997062981,1980,8,NA
51.8667,10.3333,1980-08-15,7.90999982319772,20.3099995460361,14.1099996846169,1980,8,NA
51.8667,10.3333,1980-08-16,10.7099997606128,23.4199994765222,17.0649996185675,1980,8,NA
51.8667,10.3333,1980-08-17,12.8099997136742,24.7799994461238,18.794999579899,1980,8,NA
51.8667,10.3333,1980-08-18,12.7199997156858,24.3799994550645,18.5499995853752,1980,8,NA
51.8667,10.3333,1980-08-19,12.5999997183681,23.3299994785339,17.964999598451,1980,8,NA
51.8667,10.3333,1980-08-20,12.9599997103214,16.8899996224791,14.9249996664003,1980,8,NA
51.8667,10.3333,1980-08-21,11.0499997530133,17.0099996197969,14.0299996864051,1980,8,NA
51.8667,10.3333,1980-08-22,11.2799997478724,17.6299996059388,14.4549996769056,1980,8,NA
51.8667,10.3333,1980-08-23,8.39999981224537,13.0499997083098,10.7249997602776,1980,8,NA
51.8667,10.3333,1980-08-24,7.96999982185662,11.8099997360259,9.88999977894127,1980,8,NA
51.8667,10.3333,1980-08-25,6.78999984823167,12.3599997237325,9.57499978598207,1980,8,NA
51.8667,10.3333,1980-08-26,5.93999986723065,14.0599996857345,9.99999977648258,1980,8,NA
51.8667,10.3333,1980-08-27,3.02999993227422,18.5499995853752,10.7899997588247,1980,8,NA
51.8667,10.3333,1980-08-28,6.33999985828996,22.5999994948506,14.4699996765703,1980,8,NA
51.8667,10.3333,1980-08-29,10.7299997601658,23.1799994818866,16.9549996210262,1980,8,NA
51.8667,10.3333,1980-08-30,12.7899997141212,20.4299995433539,16.6099996287376,1980,8,NA
51.8667,10.3333,1980-08-31,12.1099997293204,17.9499995987862,15.0299996640533,1980,8,NA
51.8667,10.3333,1980-09-01,10.8699997570366,15.7399996481836,13.3049997026101,1980,9,NA
51.8667,10.3333,1980-09-02,7.52999983169138,13.9299996886402,10.7299997601658,1980,9,NA
51.8667,10.3333,1980-09-03,2.95999993383884,17.0999996177852,10.029999775812,1980,9,NA
51.8667,10.3333,1980-09-04,4.75999989360571,19.7599995583296,12.2599997259676,1980,9,NA
51.8667,10.3333,1980-09-05,10.7799997590482,21.4599995203316,16.1199996396899,1980,9,NA
51.8667,10.3333,1980-09-06,11.1399997510016,20.2999995462596,15.7199996486306,1980,9,NA
51.8667,10.3333,1980-09-07,10.31999976933,15.5799996517599,12.9499997105449,1980,9,NA
51.8667,10.3333,1980-09-08,9.30999979190528,20.0699995514005,14.6899996716529,1980,9,NA
51.8667,10.3333,1980-09-09,10.0799997746944,21.259999524802,15.6699996497482,1980,9,NA
51.8667,10.3333,1980-09-10,9.38999979011714,14.9499996658415,12.1699997279793,1980,9,NA
51.8667,10.3333,1980-09-11,7.55999983102083,13.6999996937811,10.629999762401,1980,9,NA
51.8667,10.3333,1980-09-12,9.22999979369342,13.9099996890873,11.5699997413903,1980,9,NA
51.8667,10.3333,1980-09-13,8.63999980688095,15.2999996580184,11.9699997324497,1980,9,NA
51.8667,10.3333,1980-09-14,9.23999979346991,13.6499996948987,11.4449997441843,1980,9,NA
51.8667,10.3333,1980-09-15,8.85999980196357,12.1899997275323,10.5249997647479,1980,9,NA
51.8667,10.3333,1980-09-16,8.27999981492758,11.5199997425079,9.89999977871776,1980,9,NA
51.8667,10.3333,1980-09-17,7.83999982476234,17.9399995990098,12.889999711886,1980,9,NA
51.8667,10.3333,1980-09-18,9.45999978855252,16.1599996387959,12.8099997136742,1980,9,NA
51.8667,10.3333,1980-09-19,8.70999980531633,17.0099996197969,12.8599997125566,1980,9,NA
51.8667,10.3333,1980-09-20,8.64999980665743,21.4999995194376,15.0749996630475,1980,9,NA
51.8667,10.3333,1980-09-21,10.5699997637421,24.6499994490296,17.6099996063858,1980,9,NA
51.8667,10.3333,1980-09-22,10.2499997708946,24.2899994570762,17.2699996139854,1980,9,NA
51.8667,10.3333,1980-09-23,11.4899997431785,23.3499994780868,17.4199996106327,1980,9,NA
51.8667,10.3333,1980-09-24,13.3899997007102,18.0499995965511,15.7199996486306,1980,9,NA
51.8667,10.3333,1980-09-25,11.8599997349083,19.3799995668232,15.6199996508658,1980,9,NA
51.8667,10.3333,1980-09-26,9.65999978408217,14.8299996685237,12.2449997263029,1980,9,NA
51.8667,10.3333,1980-09-27,5.41999987885356,14.1599996834993,9.78999978117645,1980,9,NA
51.8667,10.3333,1980-09-28,3.69999991729856,16.369999634102,10.0349997757003,1980,9,NA
51.8667,10.3333,1980-09-29,4.25999990478158,16.3199996352196,10.2899997700006,1980,9,NA
51.8667,10.3333,1980-09-30,5.54999987594783,16.6499996278435,11.0999997518957,1980,9,NA
51.8667,10.3333,1980-10-01,9.05999979749322,14.0799996852875,11.5699997413903,1980,10,1981
51.8667,10.3333,1980-10-02,5.89999986812472,12.6899997163564,9.29499979224056,1980,10,1981
51.8667,10.3333,1980-10-03,7.84999982453883,12.1299997288734,9.9899997767061,1980,10,1981
51.8667,10.3333,1980-10-04,3.61999991908669,12.079999729991,7.84999982453883,1980,10,1981
51.8667,10.3333,1980-10-05,1.30999997071922,12.8599997125566,7.08499984163791,1980,10,1981
51.8667,10.3333,1980-10-06,4.68999989517033,10.7899997588247,7.73999982699752,1980,10,1981
51.8667,10.3333,1980-10-07,4.96999988891184,9.66999978385866,7.31999983638525,1980,10,1981
51.8667,10.3333,1980-10-08,6.4899998549372,11.7599997371435,9.12499979604036,1980,10,1981
51.8667,10.3333,1980-10-09,4.94999988935888,8.35999981313944,6.65499985124916,1980,10,1981
51.8667,10.3333,1980-10-10,3.04999993182719,8.29999981448054,5.67499987315387,1980,10,1981
51.8667,10.3333,1980-10-11,0.909999979659915,8.11999981850386,4.51499989908189,1980,10,1981
51.8667,10.3333,1980-10-12,-0.429999990388751,6.76999984867871,3.16999992914498,1980,10,1981
51.8667,10.3333,1980-10-13,3.19999992847443,6.67999985069036,4.9399998895824,1980,10,1981
51.8667,10.3333,1980-10-14,3.17999992892146,6.01999986544251,4.59999989718199,1980,10,1981
51.8667,10.3333,1980-10-15,3.58999991975725,7.02999984286726,5.30999988131225,1980,10,1981
51.8667,10.3333,1980-10-16,2.36999994702637,7.99999982118607,5.18499988410622,1980,10,1981
51.8667,10.3333,1980-10-17,-0.109999997541308,11.4199997447431,5.6549998736009,1980,10,1981
51.8667,10.3333,1980-10-18,7.18999983929098,14.379999678582,10.7849997589365,1980,10,1981
51.8667,10.3333,1980-10-19,5.44999987818301,9.45999978855252,7.45499983336776,1980,10,1981
51.8667,10.3333,1980-10-20,1.96999995596707,7.10999984107912,4.53999989852309,1980,10,1981
51.8667,10.3333,1980-10-21,0.719999983906746,6.1999998614192,3.45999992266297,1980,10,1981
51.8667,10.3333,1980-10-22,-0.429999990388751,6.98999984376132,3.27999992668629,1980,10,1981
51.8667,10.3333,1980-10-23,3.16999992914498,11.5099997427315,7.33999983593822,1980,10,1981
51.8667,10.3333,1980-10-24,6.30999985896051,10.4599997662008,8.38499981258065,1980,10,1981
51.8667,10.3333,1980-10-25,6.2599998600781,8.95999979972839,7.60999982990324,1980,10,1981
51.8667,10.3333,1980-10-26,3.68999991752207,7.78999982587993,5.739999871701,1980,10,1981
51.8667,10.3333,1980-10-27,0.989999977871776,6.5999998524785,3.79499991517514,1980,10,1981
51.8667,10.3333,1980-10-28,3.64999991841614,11.2399997487664,7.44499983359128,1980,10,1981
51.8667,10.3333,1980-10-29,10.4799997657537,16.1399996392429,13.3099997024983,1980,10,1981
51.8667,10.3333,1980-10-30,5.94999986700714,12.6099997181445,9.27999979257584,1980,10,1981
51.8667,10.3333,1980-10-31,3.4999999217689,6.47999985516071,4.98999988846481,1980,10,1981
51.8667,10.3333,1980-11-01,-0.549999987706542,3.92999991215765,1.68999996222556,1980,11,1981
51.8667,10.3333,1980-11-02,-4.8199998922646,1.16999997384846,-1.82499995920807,1980,11,1981
51.8667,10.3333,1980-11-03,-7.3499998357147,-3.66999991796911,-5.5099998768419,1980,11,1981
51.8667,10.3333,1980-11-04,-7.9799998216331,-5.31999988108873,-6.64999985136092,1980,11,1981
51.8667,10.3333,1980-11-05,-7.79999982565641,-5.24999988265336,-6.52499985415488,1980,11,1981
51.8667,10.3333,1980-11-06,-6.72999984957278,-2.54999994300306,-4.63999989628792,1980,11,1981
51.8667,10.3333,1980-11-07,-4.94999988935888,-2.87999993562698,-3.91499991249293,1980,11,1981
51.8667,10.3333,1980-11-08,-3.83999991416931,-1.78999995999038,-2.81499993707985,1980,11,1981
51.8667,10.3333,1980-11-09,-5.80999987013638,-0.199999995529652,-3.00499993283302,1980,11,1981
51.8667,10.3333,1980-11-10,-5.53999987617135,0.339999992400408,-2.59999994188547,1980,11,1981
51.8667,10.3333,1980-11-11,-5.23999988287687,-0.639999985694885,-2.93999993428588,1980,11,1981
51.8667,10.3333,1980-11-12,-4.00999991036952,-0.279999993741512,-2.14499995205551,1980,11,1981
51.8667,10.3333,1980-11-13,-1.12999997474253,0.879999980330467,-0.124999997206032,1980,11,1981
51.8667,10.3333,1980-11-14,-2.74999993853271,2.04999995417893,-0.34999999217689,1980,11,1981
51.8667,10.3333,1980-11-15,1.25999997183681,3.20999992825091,2.23499995004386,1980,11,1981
51.8667,10.3333,1980-11-16,0.739999983459711,6.7199998497963,3.729999916628,1980,11,1981
51.8667,10.3333,1980-11-17,6.17999986186624,10.7599997594953,8.46999981068075,1980,11,1981
51.8667,10.3333,1980-11-18,8.08999981917441,10.4399997666478,9.26499979291111,1980,11,1981
51.8667,10.3333,1980-11-19,3.7899999152869,10.1799997724593,6.98499984387308,1980,11,1981
51.8667,10.3333,1980-11-20,1.66999996267259,4.06999990902841,2.8699999358505,1980,11,1981
51.8667,10.3333,1980-11-21,2.1799999512732,8.73999980464578,5.45999987795949,1980,11,1981
51.8667,10.3333,1980-11-22,6.33999985828996,10.7099997606128,8.5249998094514,1980,11,1981
51.8667,10.3333,1980-11-23,7.10999984107912,10.4299997668713,8.76999980397522,1980,11,1981
51.8667,10.3333,1980-11-24,8.17999981716275,10.8299997579306,9.50499978754669,1980,11,1981
51.8667,10.3333,1980-11-25,8.91999980062246,10.9999997541308,9.95999977737665,1980,11,1981
51.8667,10.3333,1980-11-26,4.05999990925193,9.96999977715313,7.01499984320253,1980,11,1981
51.8667,10.3333,1980-11-27,-2.93999993428588,4.4799998998642,0.769999982789159,1980,11,1981
51.8667,10.3333,1980-11-28,-4.15999990701675,0.769999982789159,-1.6949999621138,1980,11,1981
51.8667,10.3333,1980-11-29,-1.62999996356666,0.119999997317791,-0.754999983124435,1980,11,1981
51.8667,10.3333,1980-11-30,-2.50999994389713,-0.259999994188547,-1.38499996904284,1980,11,1981
51.8667,10.3333,1980-12-01,-5.57999987527728,-1.89999995753169,-3.73999991640449,1980,12,1981
51.8667,10.3333,1980-12-02,-7.58999983035028,-3.24999992735684,-5.41999987885356,1980,12,1981
51.8667,10.3333,1980-12-03,-7.36999983526766,-5.30999988131225,-6.33999985828996,1980,12,1981
51.8667,10.3333,1980-12-04,-8.53999980911613,-1.87999995797873,-5.20999988354743,1980,12,1981
51.8667,10.3333,1980-12-05,-9.26999979279935,-3.17999992892146,-6.22499986086041,1980,12,1981
51.8667,10.3333,1980-12-06,-10.4199997670949,-3.45999992266297,-6.93999984487891,1980,12,1981
51.8667,10.3333,1980-12-07,-10.1999997720122,0.0799999982118607,-5.05999988690019,1980,12,1981
51.8667,10.3333,1980-12-08,-12.5799997188151,-6.40999985672534,-9.49499978777021,1980,12,1981
51.8667,10.3333,1980-12-09,-12.079999729991,-5.02999988757074,-8.55499980878085,1980,12,1981
51.8667,10.3333,1980-12-10,-5.92999986745417,-2.50999994389713,-4.21999990567565,1980,12,1981
51.8667,10.3333,1980-12-11,-4.66999989561737,-1.09999997541308,-2.88499993551522,1980,12,1981
51.8667,10.3333,1980-12-12,-1.33999997004867,2.8699999358505,0.764999982900918,1980,12,1981
51.8667,10.3333,1980-12-13,2.2399999499321,3.87999991327524,3.05999993160367,1980,12,1981
51.8667,10.3333,1980-12-14,1.70999996177852,4.76999989338219,3.23999992758036,1980,12,1981
51.8667,10.3333,1980-12-15,3.83999991416931,6.50999985449016,5.17499988432974,1980,12,1981
51.8667,10.3333,1980-12-16,2.64999994076788,8.45999981090426,5.55499987583607,1980,12,1981
51.8667,10.3333,1980-12-17,0.339999992400408,3.3899999242276,1.864999958314,1980,12,1981
51.8667,10.3333,1980-12-18,-1.58999996446073,1.35999996960163,-0.11499999742955,1980,12,1981
51.8667,10.3333,1980-12-19,-2.51999994367361,0.279999993741512,-1.11999997496605,1980,12,1981
51.8667,10.3333,1980-12-20,-4.79999989271164,-0.0299999993294477,-2.41499994602054,1980,12,1981
51.8667,10.3333,1980-12-21,-5.36999987997115,-0.0799999982118607,-2.7249999390915,1980,12,1981
51.8667,10.3333,1980-12-22,-0.789999982342124,1.8399999588728,0.524999988265336,1980,12,1981
51.8667,10.3333,1980-12-23,-0.989999977871776,0.899999979883432,-0.0449999989941716,1980,12,1981
51.8667,10.3333,1980-12-24,0.459999989718199,8.07999981939793,4.26999990455806,1980,12,1981
51.8667,10.3333,1980-12-25,3.3899999242276,8.2099998164922,5.7999998703599,1980,12,1981
51.8667,10.3333,1980-12-26,3.70999991707504,7.42999983392656,5.5699998755008,1980,12,1981
51.8667,10.3333,1980-12-27,-0.669999985024333,3.80999991483986,1.56999996490777,1980,12,1981
51.8667,10.3333,1980-12-28,-2.49999994412065,0,-1.24999997206032,1980,12,1981
51.8667,10.3333,1980-12-29,-3.84999991394579,-0.809999981895089,-2.32999994792044,1980,12,1981
51.8667,10.3333,1980-12-30,-1.86999995820224,2.01999995484948,0.0749999983236194,1980,12,1981
51.8667,10.3333,1980-12-31,1.5499999653548,3.73999991640449,2.64499994087964,1980,12,1981
51.8667,10.3333,1981-01-01,1.53999996557832,3.75999991595745,2.64999994076788,1981,1,1981
51.8667,10.3333,1981-01-02,-2.70999993942678,2.54999994300306,-0.0799999982118607,1981,1,1981
51.8667,10.3333,1981-01-03,-1.67999996244907,1.68999996222556,0.00499999988824129,1981,1,1981
51.8667,10.3333,1981-01-04,0.819999981671572,5.86999986879528,3.34499992523342,1981,1,1981
51.8667,10.3333,1981-01-05,-2.51999994367361,2.16999995149672,-0.174999996088445,1981,1,1981
51.8667,10.3333,1981-01-06,-3.84999991394579,-1.5499999653548,-2.6999999396503,1981,1,1981
51.8667,10.3333,1981-01-07,-7.14999984018505,-2.50999994389713,-4.82999989204109,1981,1,1981
51.8667,10.3333,1981-01-08,-10.5799997635186,-4.58999989740551,-7.58499983046204,1981,1,1981
51.8667,10.3333,1981-01-09,-13.5399996973574,-5.90999986790121,-9.72499978262931,1981,1,1981
51.8667,10.3333,1981-01-10,-6.69999985024333,-1.27999997138977,-3.98999991081655,1981,1,1981
51.8667,10.3333,1981-01-11,-2.72999993897974,-0.509999988600612,-1.61999996379018,1981,1,1981
51.8667,10.3333,1981-01-12,-8.96999979950488,-1.32999997027218,-5.14999988488853,1981,1,1981
51.8667,10.3333,1981-01-13,-11.3599997460842,-3.87999991327524,-7.61999982967973,1981,1,1981
51.8667,10.3333,1981-01-14,-4.73999989405274,-1.89999995753169,-3.31999992579222,1981,1,1981
51.8667,10.3333,1981-01-15,-5.86999986879528,-2.34999994747341,-4.10999990813434,1981,1,1981
51.8667,10.3333,1981-01-16,-3.58999991975725,-0.549999987706542,-2.06999995373189,1981,1,1981
51.8667,10.3333,1981-01-17,-4.96999988891184,-2.66999994032085,-3.81999991461635,1981,1,1981
51.8667,10.3333,1981-01-18,-5.07999988645315,0.549999987706542,-2.2649999493733,1981,1,1981
51.8667,10.3333,1981-01-19,-4.12999990768731,0.319999992847443,-1.90499995741993,1981,1,1981
51.8667,10.3333,1981-01-20,-4.72999989427626,0.249999994412065,-2.2399999499321,1981,1,1981
51.8667,10.3333,1981-01-21,-4.98999988846481,-0.329999992623925,-2.65999994054437,1981,1,1981
51.8667,10.3333,1981-01-22,-6.70999985001981,-3.05999993160367,-4.88499989081174,1981,1,1981
51.8667,10.3333,1981-01-23,-8.52999980933964,-1.74999996088445,-5.13999988511205,1981,1,1981
51.8667,10.3333,1981-01-24,-6.54999985359609,0.629999985918403,-2.95999993383884,1981,1,1981
51.8667,10.3333,1981-01-25,-3.4999999217689,1.57999996468425,-0.959999978542328,1981,1,1981
51.8667,10.3333,1981-01-26,-1.56999996490777,1.11999997496605,-0.224999994970858,1981,1,1981
51.8667,10.3333,1981-01-27,-9.6999997831881,0.109999997541308,-4.7949998928234,1981,1,1981
51.8667,10.3333,1981-01-28,-11.3699997458607,0.459999989718199,-5.45499987807125,1981,1,1981
51.8667,10.3333,1981-01-29,-2.50999994389713,1.25999997183681,-0.624999986030161,1981,1,1981
51.8667,10.3333,1981-01-30,-4.019999910146,1.7799999602139,-1.11999997496605,1981,1,1981
51.8667,10.3333,1981-01-31,-5.48999987728894,2.95999993383884,-1.26499997172505,1981,1,1981
51.8667,10.3333,1981-02-01,-3.01999993249774,4.54999989829957,0.764999982900918,1981,2,1981
51.8667,10.3333,1981-02-02,-1.79999995976686,5.28999988175929,1.74499996099621,1981,2,1981
51.8667,10.3333,1981-02-03,-2.41999994590878,5.40999987907708,1.49499996658415,1981,2,1981
51.8667,10.3333,1981-02-04,0.139999996870756,3.51999992132187,1.82999995909631,1981,2,1981
51.8667,10.3333,1981-02-05,-1.0899999756366,1.63999996334314,0.274999993853271,1981,2,1981
51.8667,10.3333,1981-02-06,-2.73999993875623,-0.00999999977648258,-1.37499996926636,1981,2,1981
51.8667,10.3333,1981-02-07,-2.34999994747341,2.97999993339181,0.314999992959201,1981,2,1981
51.8667,10.3333,1981-02-08,2.25999994948506,5.53999987617135,3.89999991282821,1981,2,1981
51.8667,10.3333,1981-02-09,3.69999991729856,6.14999986253679,4.92499988991767,1981,2,1981
51.8667,10.3333,1981-02-10,2.22999995015562,5.11999988555908,3.67499991785735,1981,2,1981
51.8667,10.3333,1981-02-11,-2.01999995484948,3.28999992646277,0.634999985806644,1981,2,1981
51.8667,10.3333,1981-02-12,-5.77999987080693,-1.00999997742474,-3.39499992411584,1981,2,1981
51.8667,10.3333,1981-02-13,-7.31999983638525,-1.719999961555,-4.51999989897013,1981,2,1981
51.8667,10.3333,1981-02-14,-10.1199997738004,-2.53999994322658,-6.32999985851347,1981,2,1981
51.8667,10.3333,1981-02-15,-8.90999980084598,-1.75999996066093,-5.33499988075346,1981,2,1981
51.8667,10.3333,1981-02-16,-10.1899997722358,-1.62999996356666,-5.90999986790121,1981,2,1981
51.8667,10.3333,1981-02-17,-4.21999990567565,-0.399999991059303,-2.30999994836748,1981,2,1981
51.8667,10.3333,1981-02-18,-3.1599999293685,0.0799999982118607,-1.53999996557832,1981,2,1981
51.8667,10.3333,1981-02-19,-5.49999987706542,-1.87999995797873,-3.68999991752207,1981,2,1981
51.8667,10.3333,1981-02-20,-6.4299998562783,-4.13999990746379,-5.28499988187104,1981,2,1981
51.8667,10.3333,1981-02-21,-8.39999981224537,-4.09999990835786,-6.24999986030161,1981,2,1981
51.8667,10.3333,1981-02-22,-12.1599997282028,-4.20999990589917,-8.18499981705099,1981,2,1981
51.8667,10.3333,1981-02-23,-12.0699997302145,-3.58999991975725,-7.82999982498586,1981,2,1981
51.8667,10.3333,1981-02-24,-9.51999978721142,-1.57999996468425,-5.54999987594783,1981,2,1981
51.8667,10.3333,1981-02-25,-6.23999986052513,-1.6099999640137,-3.92499991226941,1981,2,1981
51.8667,10.3333,1981-02-26,-3.20999992825091,0.729999983683228,-1.23999997228384,1981,2,1981
51.8667,10.3333,1981-02-27,-7.39999983459711,2.18999995104969,-2.60499994177371,1981,2,1981
51.8667,10.3333,1981-02-28,-7.77999982610345,2.37999994680285,-2.6999999396503,1981,2,1981
51.8667,10.3333,1981-03-01,-7.66999982856214,0.96999997831881,-3.34999992512167,1981,3,1981
51.8667,10.3333,1981-03-02,-2.83999993652105,2.51999994367361,-0.159999996423721,1981,3,1981
51.8667,10.3333,1981-03-03,-0.0399999991059303,4.07999990880489,2.01999995484948,1981,3,1981
51.8667,10.3333,1981-03-04,-0.809999981895089,2.80999993719161,0.999999977648258,1981,3,1981
51.8667,10.3333,1981-03-05,-4.8199998922646,-0.679999984800816,-2.74999993853271,1981,3,1981
51.8667,10.3333,1981-03-06,-5.5099998768419,-0.949999978765845,-3.22999992780387,1981,3,1981
51.8667,10.3333,1981-03-07,-3.93999991193414,2.77999993786216,-0.57999998703599,1981,3,1981
51.8667,10.3333,1981-03-08,1.85999995842576,9.22999979369342,5.54499987605959,1981,3,1981
51.8667,10.3333,1981-03-09,8.06999981962144,10.1699997726828,9.11999979615211,1981,3,1981
51.8667,10.3333,1981-03-10,7.70999982766807,10.1499997731298,8.92999980039895,1981,3,1981
51.8667,10.3333,1981-03-11,3.57999991998076,8.47999981045723,6.029999865219,1981,3,1981
51.8667,10.3333,1981-03-12,6.93999984487891,12.8999997116625,9.91999977827072,1981,3,1981
51.8667,10.3333,1981-03-13,6.8299998473376,10.5899997632951,8.70999980531633,1981,3,1981
51.8667,10.3333,1981-03-14,4.53999989852309,8.76999980397522,6.65499985124916,1981,3,1981
51.8667,10.3333,1981-03-15,3.43999992311001,6.04999986477196,4.74499989394099,1981,3,1981
51.8667,10.3333,1981-03-16,1.79999995976686,7.38999983482063,4.59499989729375,1981,3,1981
51.8667,10.3333,1981-03-17,0.0399999991059303,6.50999985449016,3.27499992679805,1981,3,1981
51.8667,10.3333,1981-03-18,-0.639999985694885,2.56999994255602,0.964999978430569,1981,3,1981
51.8667,10.3333,1981-03-19,-1.75999996066093,1.84999995864928,0.0449999989941716,1981,3,1981
51.8667,10.3333,1981-03-20,-0.289999993517995,4.69999989494681,2.20499995071441,1981,3,1981
51.8667,10.3333,1981-03-21,2.16999995149672,9.44999978877604,5.80999987013638,1981,3,1981
51.8667,10.3333,1981-03-22,4.2499999050051,13.3999997004867,8.82499980274588,1981,3,1981
51.8667,10.3333,1981-03-23,6.93999984487891,16.0499996412545,11.4949997430667,1981,3,1981
51.8667,10.3333,1981-03-24,-0.999999977648258,8.58999980799854,3.79499991517514,1981,3,1981
51.8667,10.3333,1981-03-25,6.47999985516071,10.1599997729063,8.31999981403351,1981,3,1981
51.8667,10.3333,1981-03-26,6.92999984510243,12.9999997094274,9.96499977726489,1981,3,1981
51.8667,10.3333,1981-03-27,5.85999986901879,12.7699997145683,9.31499979179353,1981,3,1981
51.8667,10.3333,1981-03-28,2.13999995216727,11.8399997353554,6.98999984376132,1981,3,1981
51.8667,10.3333,1981-03-29,1.9499999564141,12.639999717474,7.29499983694404,1981,3,1981
51.8667,10.3333,1981-03-30,3.54999992065132,13.779999691993,8.66499980632216,1981,3,1981
51.8667,10.3333,1981-03-31,4.49999989941716,16.7899996247143,10.6449997620657,1981,3,1981
51.8667,10.3333,1981-04-01,8.02999982051551,14.7699996698648,11.3999997451901,1981,4,1981
51.8667,10.3333,1981-04-02,8.00999982096255,15.1999996602535,11.604999740608,1981,4,1981
51.8667,10.3333,1981-04-03,5.40999987907708,14.8799996674061,10.1449997732416,1981,4,1981
51.8667,10.3333,1981-04-04,5.01999988779426,15.3499996569008,10.1849997723475,1981,4,1981
51.8667,10.3333,1981-04-05,2.61999994143844,8.29999981448054,5.45999987795949,1981,4,1981
51.8667,10.3333,1981-04-06,1.45999996736646,3.92999991215765,2.69499993976206,1981,4,1981
51.8667,10.3333,1981-04-07,-0.57999998703599,8.31999981403351,3.86999991349876,1981,4,1981
51.8667,10.3333,1981-04-08,0.629999985918403,17.0899996180087,8.85999980196357,1981,4,1981
51.8667,10.3333,1981-04-09,4.83999989181757,11.5499997418374,8.19499981682748,1981,4,1981
51.8667,10.3333,1981-04-10,-0.179999995976686,13.9899996872991,6.90499984566122,1981,4,1981
51.8667,10.3333,1981-04-11,1.90999995730817,16.6699996273965,9.28999979235232,1981,4,1981
51.8667,10.3333,1981-04-12,5.39999987930059,18.1999995931983,11.7999997362494,1981,4,1981
51.8667,10.3333,1981-04-13,6.98999984376132,18.4599995873868,12.7249997155741,1981,4,1981
51.8667,10.3333,1981-04-14,6.86999984644353,13.7299996931106,10.2999997697771,1981,4,1981
51.8667,10.3333,1981-04-15,-0.96999997831881,13.5699996966869,6.29999985918403,1981,4,1981
51.8667,10.3333,1981-04-16,0.359999991953373,16.6699996273965,8.51499980967492,1981,4,1981
51.8667,10.3333,1981-04-17,0.419999990612268,8.34999981336296,4.38499990198761,1981,4,1981
51.8667,10.3333,1981-04-18,-3.56999992020428,4.22999990545213,0.329999992623925,1981,4,1981
51.8667,10.3333,1981-04-19,-4.67999989539385,5.03999988734722,0.179999995976686,1981,4,1981
51.8667,10.3333,1981-04-20,-0.459999989718199,4.22999990545213,1.88499995786697,1981,4,1981
51.8667,10.3333,1981-04-21,-2.6999999396503,6.07999986410141,1.68999996222556,1981,4,1981
51.8667,10.3333,1981-04-22,-2.43999994546175,4.83999989181757,1.19999997317791,1981,4,1981
51.8667,10.3333,1981-04-23,-1.51999996602535,2.88999993540347,0.684999984689057,1981,4,1981
51.8667,10.3333,1981-04-24,-4.17999990656972,1.74999996088445,-1.21499997284263,1981,4,1981
51.8667,10.3333,1981-04-25,-5.95999986678362,4.98999988846481,-0.484999989159405,1981,4,1981
51.8667,10.3333,1981-04-26,-1.20999997295439,10.5999997630715,4.69499989505857,1981,4,1981
51.8667,10.3333,1981-04-27,4.77999989315867,13.8599996902049,9.31999979168177,1981,4,1981
51.8667,10.3333,1981-04-28,3.36999992467463,10.0399997755885,6.70499985013157,1981,4,1981
51.8667,10.3333,1981-04-29,-0.859999980777502,6.22999986074865,2.68499993998557,1981,4,1981
51.8667,10.3333,1981-04-30,1.19999997317791,5.52999987639487,3.36499992478639,1981,4,1981
51.8667,10.3333,1981-05-01,4.73999989405274,8.64999980665743,6.69499985035509,1981,5,NA
51.8667,10.3333,1981-05-02,0.509999988600612,7.07999984174967,3.79499991517514,1981,5,NA
51.8667,10.3333,1981-05-03,-0.0199999995529652,6.14999986253679,3.06499993149191,1981,5,NA
51.8667,10.3333,1981-05-04,-1.15999997407198,6.15999986231327,2.49999994412065,1981,5,NA
51.8667,10.3333,1981-05-05,-0.0399999991059303,6.67999985069036,3.31999992579222,1981,5,NA
51.8667,10.3333,1981-05-06,0.439999990165234,9.1299997959286,4.78499989304692,1981,5,NA
51.8667,10.3333,1981-05-07,1.81999995931983,9.77999978139997,5.7999998703599,1981,5,NA
51.8667,10.3333,1981-05-08,5.87999986857176,17.0799996182323,11.479999743402,1981,5,NA
51.8667,10.3333,1981-05-09,7.38999983482063,18.3199995905161,12.8549997126684,1981,5,NA
51.8667,10.3333,1981-05-10,7.43999983370304,22.4499994982034,14.9449996659532,1981,5,NA
51.8667,10.3333,1981-05-11,11.8499997351319,23.3399994783103,17.5949996067211,1981,5,NA
51.8667,10.3333,1981-05-12,11.6899997387081,22.1599995046854,16.9249996216968,1981,5,NA
51.8667,10.3333,1981-05-13,10.9499997552484,22.7699994910508,16.8599996231496,1981,5,NA
51.8667,10.3333,1981-05-14,9.96999977715313,23.249999480322,16.6099996287376,1981,5,NA
51.8667,10.3333,1981-05-15,9.33999979123473,19.4799995645881,14.4099996779114,1981,5,NA
51.8667,10.3333,1981-05-16,9.19999979436398,15.8399996459484,12.5199997201562,1981,5,NA
51.8667,10.3333,1981-05-17,7.85999982431531,20.4799995422363,14.1699996832758,1981,5,NA
51.8667,10.3333,1981-05-18,7.16999983973801,12.7299997154623,9.94999977760017,1981,5,NA
51.8667,10.3333,1981-05-19,5.46999987773597,17.1399996168911,11.3049997473136,1981,5,NA
51.8667,10.3333,1981-05-20,6.7199998497963,21.9099995102733,14.3149996800348,1981,5,NA
51.8667,10.3333,1981-05-21,9.83999978005886,23.3699994776398,16.6049996288493,1981,5,NA
51.8667,10.3333,1981-05-22,13.4799996986985,25.1799994371831,19.3299995679408,1981,5,NA
51.8667,10.3333,1981-05-23,11.0399997532368,19.7399995587766,15.3899996560067,1981,5,NA
51.8667,10.3333,1981-05-24,7.90999982319772,18.0799995958805,12.9949997095391,1981,5,NA
51.8667,10.3333,1981-05-25,8.28999981470406,13.9299996886402,11.1099997516721,1981,5,NA
51.8667,10.3333,1981-05-26,5.66999987326562,14.4799996763468,10.0749997748062,1981,5,NA
51.8667,10.3333,1981-05-27,8.56999980844557,15.7999996468425,12.184999727644,1981,5,NA
51.8667,10.3333,1981-05-28,8.39999981224537,11.9599997326732,10.1799997724593,1981,5,NA
51.8667,10.3333,1981-05-29,7.23999983817339,14.6899996716529,10.9649997549132,1981,5,NA
51.8667,10.3333,1981-05-30,7.09999984130263,16.4399996325374,11.76999973692,1981,5,NA
51.8667,10.3333,1981-05-31,9.94999977760017,18.7299995813519,14.339999679476,1981,5,NA
51.8667,10.3333,1981-06-01,11.3999997451901,23.9299994651228,17.6649996051565,1981,6,NA
51.8667,10.3333,1981-06-02,13.9499996881932,23.6999994702637,18.8249995792285,1981,6,NA
51.8667,10.3333,1981-06-03,13.3099997024983,27.0099993962795,20.1599995493889,1981,6,NA
51.8667,10.3333,1981-06-04,13.4199997000396,20.8499995339662,17.1349996170029,1981,6,NA
51.8667,10.3333,1981-06-05,10.5699997637421,14.379999678582,12.474999721162,1981,6,NA
51.8667,10.3333,1981-06-06,9.31999979168177,17.0499996189028,13.1849997052923,1981,6,NA
51.8667,10.3333,1981-06-07,10.6899997610599,18.9499995764345,14.8199996687472,1981,6,NA
51.8667,10.3333,1981-06-08,10.1999997720122,19.6499995607883,14.9249996664003,1981,6,NA
51.8667,10.3333,1981-06-09,12.2599997259676,23.2899994794279,17.7749996026978,1981,6,NA
51.8667,10.3333,1981-06-10,14.2099996823817,20.3099995460361,17.2599996142089,1981,6,NA
51.8667,10.3333,1981-06-11,9.95999977737665,17.6699996050447,13.8149996912107,1981,6,NA
51.8667,10.3333,1981-06-12,6.73999984934926,19.7499995585531,13.2449997039512,1981,6,NA
51.8667,10.3333,1981-06-13,7.82999982498586,18.0799995958805,12.9549997104332,1981,6,NA
51.8667,10.3333,1981-06-14,3.21999992802739,15.809999646619,9.51499978732318,1981,6,NA
51.8667,10.3333,1981-06-15,10.4099997673184,20.5299995411187,15.4699996542186,1981,6,NA
51.8667,10.3333,1981-06-16,14.3999996781349,21.8299995120615,18.1149995950982,1981,6,NA
51.8667,10.3333,1981-06-17,8.71999980509281,16.2999996356666,12.5099997203797,1981,6,NA
51.8667,10.3333,1981-06-18,6.68999985046685,11.5299997422844,9.10999979637563,1981,6,NA
51.8667,10.3333,1981-06-19,6.56999985314906,10.1399997733533,8.3549998132512,1981,6,NA
51.8667,10.3333,1981-06-20,4.9399998895824,9.39999978989363,7.16999983973801,1981,6,NA
51.8667,10.3333,1981-06-21,4.98999988846481,11.6199997402728,8.30499981436878,1981,6,NA
51.8667,10.3333,1981-06-22,6.10999986343086,10.3999997675419,8.25499981548637,1981,6,NA
51.8667,10.3333,1981-06-23,6.67999985069036,13.8499996904284,10.2649997705594,1981,6,NA
51.8667,10.3333,1981-06-24,7.19999983906746,18.2699995916337,12.7349997153506,1981,6,NA
51.8667,10.3333,1981-06-25,6.67999985069036,14.2699996810406,10.4749997658655,1981,6,NA
51.8667,10.3333,1981-06-26,9.9299997780472,18.0099995974451,13.9699996877462,1981,6,NA
51.8667,10.3333,1981-06-27,7.96999982185662,19.6899995598942,13.8299996908754,1981,6,NA
51.8667,10.3333,1981-06-28,10.9099997561425,21.0699995290488,15.9899996425956,1981,6,NA
51.8667,10.3333,1981-06-29,12.2399997264147,25.3899994324893,18.814999579452,1981,6,NA
51.8667,10.3333,1981-06-30,8.19999981671572,21.0199995301664,14.6099996734411,1981,6,NA
51.8667,10.3333,1981-07-01,6.28999985940754,12.2699997257441,9.27999979257584,1981,7,NA
51.8667,10.3333,1981-07-02,9.82999978028238,16.1399996392429,12.9849997097626,1981,7,NA
51.8667,10.3333,1981-07-03,10.6899997610599,18.5499995853752,14.6199996732175,1981,7,NA
51.8667,10.3333,1981-07-04,11.9199997335672,18.1899995934218,15.0549996634945,1981,7,NA
51.8667,10.3333,1981-07-05,9.01999979838729,16.2699996363372,12.6449997173622,1981,7,NA
51.8667,10.3333,1981-07-06,8.6699998062104,19.8399995565414,14.2549996813759,1981,7,NA
51.8667,10.3333,1981-07-07,13.3099997024983,21.9099995102733,17.6099996063858,1981,7,NA
51.8667,10.3333,1981-07-08,12.9799997098744,23.0999994836748,18.0399995967746,1981,7,NA
51.8667,10.3333,1981-07-09,12.1899997275323,23.9299994651228,18.0599995963275,1981,7,NA
51.8667,10.3333,1981-07-10,14.4499996770173,25.4499994311482,19.9499995540828,1981,7,NA
51.8667,10.3333,1981-07-11,14.9299996662885,26.3199994117022,20.6249995389953,1981,7,NA
51.8667,10.3333,1981-07-12,14.8299996685237,23.8399994671345,19.3349995678291,1981,7,NA
51.8667,10.3333,1981-07-13,13.8699996899813,20.0699995514005,16.9699996206909,1981,7,NA
51.8667,10.3333,1981-07-14,12.2499997261912,18.9499995764345,15.5999996513128,1981,7,NA
51.8667,10.3333,1981-07-15,11.9499997328967,17.1299996171147,14.5399996750057,1981,7,NA
51.8667,10.3333,1981-07-16,10.5399997644126,15.3499996569008,12.9449997106567,1981,7,NA
51.8667,10.3333,1981-07-17,10.2099997717887,17.9099995996803,14.0599996857345,1981,7,NA
51.8667,10.3333,1981-07-18,10.7999997586012,17.9999995976686,14.3999996781349,1981,7,NA
51.8667,10.3333,1981-07-19,7.45999983325601,12.6499997172505,10.0549997752532,1981,7,NA
51.8667,10.3333,1981-07-20,7.44999983347952,12.3899997230619,9.91999977827072,1981,7,NA
51.8667,10.3333,1981-07-21,6.2599998600781,14.7499996703118,10.504999765195,1981,7,NA
51.8667,10.3333,1981-07-22,10.1999997720122,15.7199996486306,12.9599997103214,1981,7,NA
51.8667,10.3333,1981-07-23,12.329999724403,18.8499995786697,15.5899996515363,1981,7,NA
51.8667,10.3333,1981-07-24,11.8499997351319,17.0299996193498,14.4399996772408,1981,7,NA
51.8667,10.3333,1981-07-25,10.3899997677654,17.5699996072799,13.9799996875226,1981,7,NA
51.8667,10.3333,1981-07-26,9.62999978475273,14.1799996830523,11.9049997339025,1981,7,NA
51.8667,10.3333,1981-07-27,10.2199997715652,12.7999997138977,11.5099997427315,1981,7,NA
51.8667,10.3333,1981-07-28,10.069999774918,13.8599996902049,11.9649997325614,1981,7,NA
51.8667,10.3333,1981-07-29,9.46999978832901,15.4299996551126,12.4499997217208,1981,7,NA
51.8667,10.3333,1981-07-30,11.8299997355789,19.6399995610118,15.7349996482953,1981,7,NA
51.8667,10.3333,1981-07-31,9.74999978207052,16.3599996343255,13.054999708198,1981,7,NA
51.8667,10.3333,1981-08-01,5.41999987885356,21.8099995125085,13.614999695681,1981,8,NA
51.8667,10.3333,1981-08-02,13.6899996940047,22.9099994879216,18.2999995909631,1981,8,NA
51.8667,10.3333,1981-08-03,11.3399997465312,16.5199996307492,13.9299996886402,1981,8,NA
51.8667,10.3333,1981-08-04,12.4299997221678,21.9999995082617,17.2149996152148,1981,8,NA
51.8667,10.3333,1981-08-05,12.4799997210503,25.0899994391948,18.7849995801225,1981,8,NA
51.8667,10.3333,1981-08-06,13.0899997074157,26.7999994009733,19.9449995541945,1981,8,NA
51.8667,10.3333,1981-08-07,13.7399996928871,26.6299994047731,20.1849995488301,1981,8,NA
51.8667,10.3333,1981-08-08,14.3699996788055,28.2799993678927,21.3249995233491,1981,8,NA
51.8667,10.3333,1981-08-09,14.939999666065,20.1799995489419,17.5599996075034,1981,8,NA
51.8667,10.3333,1981-08-10,14.8099996689707,20.0599995516241,17.4349996102974,1981,8,NA
51.8667,10.3333,1981-08-11,13.5299996975809,17.1899996157736,15.3599996566772,1981,8,NA
51.8667,10.3333,1981-08-12,12.2699997257441,16.4199996329844,14.3449996793643,1981,8,NA
51.8667,10.3333,1981-08-13,9.77999978139997,20.2999995462596,15.0399996638298,1981,8,NA
51.8667,10.3333,1981-08-14,9.82999978028238,22.7499994914979,16.2899996358901,1981,8,NA
51.8667,10.3333,1981-08-15,12.2899997252971,23.9099994655699,18.0999995954335,1981,8,NA
51.8667,10.3333,1981-08-16,12.5799997188151,24.5599994510412,18.5699995849282,1981,8,NA
51.8667,10.3333,1981-08-17,10.9099997561425,19.3399995677173,15.1249996619299,1981,8,NA
51.8667,10.3333,1981-08-18,8.04999982006848,13.6899996940047,10.8699997570366,1981,8,NA
51.8667,10.3333,1981-08-19,7.77999982610345,18.0999995954335,12.9399997107685,1981,8,NA
51.8667,10.3333,1981-08-20,10.6199997626245,14.6399996727705,12.6299997176975,1981,8,NA
51.8667,10.3333,1981-08-21,10.2599997706711,12.9899997096509,11.624999740161,1981,8,NA
51.8667,10.3333,1981-08-22,8.91999980062246,12.8199997134507,10.8699997570366,1981,8,NA
51.8667,10.3333,1981-08-23,8.55999980866909,12.4599997214973,10.5099997650832,1981,8,NA
51.8667,10.3333,1981-08-24,8.38999981246889,14.2999996803701,11.3449997464195,1981,8,NA
51.8667,10.3333,1981-08-25,10.1099997740239,16.6099996287376,13.3599997013807,1981,8,NA
51.8667,10.3333,1981-08-26,8.13999981805682,14.4299996774644,11.2849997477606,1981,8,NA
51.8667,10.3333,1981-08-27,11.6299997400492,16.389999633655,14.0099996868521,1981,8,NA
51.8667,10.3333,1981-08-28,9.759999781847,13.6199996955693,11.6899997387081,1981,8,NA
51.8667,10.3333,1981-08-29,7.46999983303249,15.9499996434897,11.7099997382611,1981,8,NA
51.8667,10.3333,1981-08-30,5.74999987147748,15.0499996636063,10.3999997675419,1981,8,NA
51.8667,10.3333,1981-08-31,6.04999986477196,16.1899996381253,11.1199997514486,1981,8,NA
51.8667,10.3333,1981-09-01,5.85999986901879,16.6499996278435,11.2549997484311,1981,9,NA
51.8667,10.3333,1981-09-02,7.58999983035028,15.7399996481836,11.6649997392669,1981,9,NA
51.8667,10.3333,1981-09-03,5.72999987192452,16.5599996298552,11.1449997508898,1981,9,NA
51.8667,10.3333,1981-09-04,5.3399998806417,16.2199996374547,10.7799997590482,1981,9,NA
51.8667,10.3333,1981-09-05,4.8799998909235,17.7099996041507,11.2949997475371,1981,9,NA
51.8667,10.3333,1981-09-06,4.8799998909235,19.1199995726347,11.9999997317791,1981,9,NA
51.8667,10.3333,1981-09-07,5.53999987617135,20.1499995496124,12.8449997128919,1981,9,NA
51.8667,10.3333,1981-09-08,6.77999984845519,21.5799995176494,14.1799996830523,1981,9,NA
51.8667,10.3333,1981-09-09,11.9799997322261,20.4799995422363,16.2299996372312,1981,9,NA
51.8667,10.3333,1981-09-10,12.9799997098744,17.0099996197969,14.9949996648356,1981,9,NA
51.8667,10.3333,1981-09-11,11.0899997521192,18.4799995869398,14.7849996695295,1981,9,NA
51.8667,10.3333,1981-09-12,10.0799997746944,20.2899995464832,15.1849996605888,1981,9,NA
51.8667,10.3333,1981-09-13,10.1799997724593,19.1799995712936,14.6799996718764,1981,9,NA
51.8667,10.3333,1981-09-14,8.62999980710447,16.7799996249378,12.7049997160211,1981,9,NA
51.8667,10.3333,1981-09-15,6.11999986320734,13.2999997027218,9.70999978296459,1981,9,NA
51.8667,10.3333,1981-09-16,7.48999983258545,16.2499996367842,11.8699997346848,1981,9,NA
51.8667,10.3333,1981-09-17,9.34999979101121,14.7799996696413,12.0649997303262,1981,9,NA
51.8667,10.3333,1981-09-18,7.93999982252717,14.5499996747822,11.2449997486547,1981,9,NA
51.8667,10.3333,1981-09-19,7.38999983482063,18.2299995925277,12.8099997136742,1981,9,NA
51.8667,10.3333,1981-09-20,9.61999978497624,16.369999634102,12.9949997095391,1981,9,NA
51.8667,10.3333,1981-09-21,9.51999978721142,18.1899995934218,13.8549996903166,1981,9,NA
51.8667,10.3333,1981-09-22,11.3999997451901,18.9799995757639,15.189999660477,1981,9,NA
51.8667,10.3333,1981-09-23,10.3499997686595,20.6899995375425,15.519999653101,1981,9,NA
51.8667,10.3333,1981-09-24,8.79999980330467,15.5099996533245,12.1549997283146,1981,9,NA
51.8667,10.3333,1981-09-25,5.24999988265336,15.5099996533245,10.3799997679889,1981,9,NA
51.8667,10.3333,1981-09-26,5.01999988779426,16.2899996358901,10.6549997618422,1981,9,NA
51.8667,10.3333,1981-09-27,8.49999981001019,20.409999543801,14.4549996769056,1981,9,NA
51.8667,10.3333,1981-09-28,8.76999980397522,15.6299996506423,12.1999997273088,1981,9,NA
51.8667,10.3333,1981-09-29,5.49999987706542,11.2899997476488,8.39499981235713,1981,9,NA
51.8667,10.3333,1981-09-30,7.73999982699752,12.2499997261912,9.99499977659434,1981,9,NA
51.8667,10.3333,1981-10-01,3.93999991193414,15.1199996620417,9.5299997869879,1981,10,1982
51.8667,10.3333,1981-10-02,6.10999986343086,17.1799996159971,11.644999739714,1981,10,1982
51.8667,10.3333,1981-10-03,8.87999980151653,15.9899996425956,12.4349997220561,1981,10,1982
51.8667,10.3333,1981-10-04,8.52999980933964,12.5899997185916,10.5599997639656,1981,10,1982
51.8667,10.3333,1981-10-05,4.75999989360571,10.9599997550249,7.85999982431531,1981,10,1982
51.8667,10.3333,1981-10-06,7.38999983482063,11.8999997340143,9.64499978441745,1981,10,1982
51.8667,10.3333,1981-10-07,9.10999979637563,17.6599996052682,13.3849997008219,1981,10,1982
51.8667,10.3333,1981-10-08,7.62999982945621,14.8699996676296,11.2499997485429,1981,10,1982
51.8667,10.3333,1981-10-09,6.91999984532595,12.1299997288734,9.52499978709966,1981,10,1982
51.8667,10.3333,1981-10-10,7.95999982208014,15.9999996423721,11.9799997322261,1981,10,1982
51.8667,10.3333,1981-10-11,5.06999988667667,12.639999717474,8.85499980207533,1981,10,1982
51.8667,10.3333,1981-10-12,4.34999990276992,7.64999982900918,5.99999986588955,1981,10,1982
51.8667,10.3333,1981-10-13,2.77999993786216,5.57999987527728,4.17999990656972,1981,10,1982
51.8667,10.3333,1981-10-14,1.92999995686114,5.72999987192452,3.82999991439283,1981,10,1982
51.8667,10.3333,1981-10-15,1.66999996267259,6.55999985337257,4.11499990802258,1981,10,1982
51.8667,10.3333,1981-10-16,-0.139999996870756,4.94999988935888,2.40499994624406,1981,10,1982
51.8667,10.3333,1981-10-17,-0.26999999396503,7.8099998254329,3.76999991573393,1981,10,1982
51.8667,10.3333,1981-10-18,-1.74999996088445,7.95999982208014,3.10499993059784,1981,10,1982
51.8667,10.3333,1981-10-19,4.68999989517033,11.2599997483194,7.97499982174486,1981,10,1982
51.8667,10.3333,1981-10-20,4.1899999063462,8.10999981872737,6.14999986253679,1981,10,1982
51.8667,10.3333,1981-10-21,5.52999987639487,9.71999978274107,7.62499982956797,1981,10,1982
51.8667,10.3333,1981-10-22,1.9499999564141,7.45999983325601,4.70499989483505,1981,10,1982
51.8667,10.3333,1981-10-23,0.249999994412065,5.12999988533556,2.68999993987381,1981,10,1982
51.8667,10.3333,1981-10-24,-0.729999983683228,5.44999987818301,2.35999994724989,1981,10,1982
51.8667,10.3333,1981-10-25,-1.41999996826053,5.78999987058342,2.18499995116144,1981,10,1982
51.8667,10.3333,1981-10-26,0.589999986812472,5.87999986857176,3.23499992769212,1981,10,1982
51.8667,10.3333,1981-10-27,-0.30999999307096,7.82999982498586,3.75999991595745,1981,10,1982
51.8667,10.3333,1981-10-28,1.3199999704957,7.16999983973801,4.24499990511686,1981,10,1982
51.8667,10.3333,1981-10-29,1.75999996066093,5.99999986588955,3.87999991327524,1981,10,1982
51.8667,10.3333,1981-10-30,3.60999991931021,8.40999981202185,6.00999986566603,1981,10,1982
51.8667,10.3333,1981-10-31,2.74999993853271,6.52999985404313,4.63999989628792,1981,10,1982
51.8667,10.3333,1981-11-01,3.74999991618097,11.1999997496605,7.47499983292073,1981,11,1982
51.8667,10.3333,1981-11-02,4.75999989360571,10.6499997619539,7.70499982777983,1981,11,1982
51.8667,10.3333,1981-11-03,6.55999985337257,11.2699997480959,8.91499980073422,1981,11,1982
51.8667,10.3333,1981-11-04,2.70999993942678,9.49999978765845,6.10499986354262,1981,11,1982
51.8667,10.3333,1981-11-05,5.63999987393618,9.37999979034066,7.50999983213842,1981,11,1982
51.8667,10.3333,1981-11-06,2.32999994792044,6.67999985069036,4.5049998993054,1981,11,1982
51.8667,10.3333,1981-11-07,1.47999996691942,5.15999988466501,3.31999992579222,1981,11,1982
51.8667,10.3333,1981-11-08,-1.58999996446073,2.24999994970858,0.329999992623925,1981,11,1982
51.8667,10.3333,1981-11-09,-2.10999995283782,0.149999996647239,-0.979999978095293,1981,11,1982
51.8667,10.3333,1981-11-10,-1.9499999564141,-0.26999999396503,-1.10999997518957,1981,11,1982
51.8667,10.3333,1981-11-11,-2.55999994277954,2.10999995283782,-0.224999994970858,1981,11,1982
51.8667,10.3333,1981-11-12,-2.32999994792044,0.0499999988824129,-1.13999997451901,1981,11,1982
51.8667,10.3333,1981-11-13,-0.61999998614192,3.51999992132187,1.44999996758997,1981,11,1982
51.8667,10.3333,1981-11-14,1.719999961555,4.27999990433455,2.99999993294477,1981,11,1982
51.8667,10.3333,1981-11-15,-0.0499999988824129,2.96999993361533,1.45999996736646,1981,11,1982
51.8667,10.3333,1981-11-16,-3.37999992445111,0.829999981448054,-1.27499997150153,1981,11,1982
51.8667,10.3333,1981-11-17,-5.76999987103045,0.939999978989363,-2.41499994602054,1981,11,1982
51.8667,10.3333,1981-11-18,-2.57999994233251,3.3299999255687,0.374999991618097,1981,11,1982
51.8667,10.3333,1981-11-19,0.649999985471368,7.07999984174967,3.86499991361052,1981,11,1982
51.8667,10.3333,1981-11-20,0.949999978765845,8.50999980978668,4.72999989427626,1981,11,1982
51.8667,10.3333,1981-11-21,0.419999990612268,12.4999997206032,6.45999985560775,1981,11,1982
51.8667,10.3333,1981-11-22,4.38999990187585,12.4299997221678,8.40999981202185,1981,11,1982
51.8667,10.3333,1981-11-23,5.77999987080693,10.3999997675419,8.08999981917441,1981,11,1982
51.8667,10.3333,1981-11-24,7.35999983549118,10.359999768436,8.85999980196357,1981,11,1982
51.8667,10.3333,1981-11-25,0.109999997541308,9.13999979570508,4.62499989662319,1981,11,1982
51.8667,10.3333,1981-11-26,-1.44999996758997,0.869999980553985,-0.289999993517995,1981,11,1982
51.8667,10.3333,1981-11-27,-1.16999997384846,2.25999994948506,0.544999987818301,1981,11,1982
51.8667,10.3333,1981-11-28,1.58999996446073,4.25999990478158,2.92499993462116,1981,11,1982
51.8667,10.3333,1981-11-29,-0.519999988377094,3.13999992981553,1.30999997071922,1981,11,1982
51.8667,10.3333,1981-11-30,-0.959999978542328,2.22999995015562,0.634999985806644,1981,11,1982
51.8667,10.3333,1981-12-01,-0.819999981671572,1.9499999564141,0.564999987371266,1981,12,1982
51.8667,10.3333,1981-12-02,-2.26999994926155,-0.219999995082617,-1.24499997217208,1981,12,1982
51.8667,10.3333,1981-12-03,-2.18999995104969,-0.469999989494681,-1.32999997027218,1981,12,1982
51.8667,10.3333,1981-12-04,-4.05999990925193,-0.199999995529652,-2.12999995239079,1981,12,1982
51.8667,10.3333,1981-12-05,-0.829999981448054,3.85999991372228,1.51499996613711,1981,12,1982
51.8667,10.3333,1981-12-06,-2.12999995239079,0.529999988153577,-0.799999982118607,1981,12,1982
51.8667,10.3333,1981-12-07,-1.89999995753169,-0.259999994188547,-1.07999997586012,1981,12,1982
51.8667,10.3333,1981-12-08,-1.43999996781349,0.179999995976686,-0.629999985918403,1981,12,1982
51.8667,10.3333,1981-12-09,-2.53999994322658,-0.199999995529652,-1.36999996937811,1981,12,1982
51.8667,10.3333,1981-12-10,-3.96999991126359,-1.67999996244907,-2.82499993685633,1981,12,1982
51.8667,10.3333,1981-12-11,-4.55999989807606,-2.03999995440245,-3.29999992623925,1981,12,1982
51.8667,10.3333,1981-12-12,-6.89999984577298,-1.76999996043742,-4.3349999031052,1981,12,1982
51.8667,10.3333,1981-12-13,-7.65999982878566,-2.32999994792044,-4.99499988835305,1981,12,1982
51.8667,10.3333,1981-12-14,-11.5099997427315,-5.08999988622963,-8.29999981448054,1981,12,1982
51.8667,10.3333,1981-12-15,-11.0599997527897,-1.18999997340143,-6.12499986309558,1981,12,1982
51.8667,10.3333,1981-12-16,-12.7299997154623,-1.66999996267259,-7.19999983906746,1981,12,1982
51.8667,10.3333,1981-12-17,-14.379999678582,-6.70999985001981,-10.5449997643009,1981,12,1982
51.8667,10.3333,1981-12-18,-14.1999996826053,-7.33999983593822,-10.7699997592717,1981,12,1982
51.8667,10.3333,1981-12-19,-14.6899996716529,-6.87999984622002,-10.7849997589365,1981,12,1982
51.8667,10.3333,1981-12-20,-11.3899997454137,-7.36999983526766,-9.37999979034066,1981,12,1982
51.8667,10.3333,1981-12-21,-16.2899996358901,-6.16999986208975,-11.2299997489899,1981,12,1982
51.8667,10.3333,1981-12-22,-18.3299995902926,-7.13999984040856,-12.7349997153506,1981,12,1982
51.8667,10.3333,1981-12-23,-8.15999981760979,0.189999995753169,-3.98499991092831,1981,12,1982
51.8667,10.3333,1981-12-24,-3.37999992445111,-0.0599999986588955,-1.719999961555,1981,12,1982
51.8667,10.3333,1981-12-25,-3.56999992020428,-0.369999991729856,-1.96999995596707,1981,12,1982
51.8667,10.3333,1981-12-26,-3.86999991349876,-1.11999997496605,-2.4949999442324,1981,12,1982
51.8667,10.3333,1981-12-27,-4.85999989137053,-1.19999997317791,-3.02999993227422,1981,12,1982
51.8667,10.3333,1981-12-28,-8.33999981358647,-3.70999991707504,-6.02499986533076,1981,12,1982
51.8667,10.3333,1981-12-29,-8.42999981157482,0.0299999993294477,-4.19999990612268,1981,12,1982
51.8667,10.3333,1981-12-30,-4.27999990433455,4.32999990321696,0.0249999994412065,1981,12,1982
51.8667,10.3333,1981-12-31,0.949999978765845,5.91999986767769,3.43499992322177,1981,12,1982
51.8667,10.3333,1982-01-01,1.61999996379018,6.00999986566603,3.81499991472811,1982,1,1982
51.8667,10.3333,1982-01-02,1.64999996311963,5.37999987974763,3.51499992143363,1982,1,1982
51.8667,10.3333,1982-01-03,1.50999996624887,4.31999990344048,2.91499993484467,1982,1,1982
51.8667,10.3333,1982-01-04,2.05999995395541,8.00999982096255,5.03499988745898,1982,1,1982
51.8667,10.3333,1982-01-05,4.52999989874661,7.13999984040856,5.83499986957759,1982,1,1982
51.8667,10.3333,1982-01-06,4.48999989964068,6.95999984443188,5.72499987203628,1982,1,1982
51.8667,10.3333,1982-01-07,-10.7899997588247,5.94999986700714,-2.41999994590878,1982,1,1982
51.8667,10.3333,1982-01-08,-15.3399996571243,-8.48999981023371,-11.914999733679,1982,1,1982
51.8667,10.3333,1982-01-09,-17.5399996079504,-9.5899997856468,-13.5649996967986,1982,1,1982
51.8667,10.3333,1982-01-10,-14.2999996803701,-9.34999979101121,-11.8249997356907,1982,1,1982
51.8667,10.3333,1982-01-11,-18.0799995958805,-5.739999871701,-11.9099997337908,1982,1,1982
51.8667,10.3333,1982-01-12,-14.8899996671826,-3.93999991193414,-9.41499978955835,1982,1,1982
51.8667,10.3333,1982-01-13,-11.5899997409433,-3.3299999255687,-7.45999983325601,1982,1,1982
51.8667,10.3333,1982-01-14,-13.2999997027218,-2.98999993316829,-8.14499981794506,1982,1,1982
51.8667,10.3333,1982-01-15,-12.2999997250736,1.45999996736646,-5.41999987885356,1982,1,1982
51.8667,10.3333,1982-01-16,-7.70999982766807,6.08999986387789,-0.809999981895089,1982,1,1982
51.8667,10.3333,1982-01-17,-2.22999995015562,8.84999980218709,3.30999992601573,1982,1,1982
51.8667,10.3333,1982-01-18,-3.98999991081655,6.61999985203147,1.31499997060746,1982,1,1982
51.8667,10.3333,1982-01-19,-4.67999989539385,4.46999990008771,-0.104999997653067,1982,1,1982
51.8667,10.3333,1982-01-20,-4.00999991036952,6.1999998614192,1.09499997552484,1982,1,1982
51.8667,10.3333,1982-01-21,-3.2699999269098,6.90999984554946,1.81999995931983,1982,1,1982
51.8667,10.3333,1982-01-22,-4.37999990209937,3.87999991327524,-0.249999994412065,1982,1,1982
51.8667,10.3333,1982-01-23,-2.47999994456768,2.31999994814396,-0.0799999982118607,1982,1,1982
51.8667,10.3333,1982-01-24,-2.9299999345094,0.869999980553985,-1.02999997697771,1982,1,1982
51.8667,10.3333,1982-01-25,-2.64999994076788,0.599999986588955,-1.02499997708946,1982,1,1982
51.8667,10.3333,1982-01-26,-2.32999994792044,0.109999997541308,-1.10999997518957,1982,1,1982
51.8667,10.3333,1982-01-27,-2.20999995060265,1.52999996580184,-0.339999992400408,1982,1,1982
51.8667,10.3333,1982-01-28,-1.65999996289611,1.62999996356666,-0.0149999996647239,1982,1,1982
51.8667,10.3333,1982-01-29,-5.13999988511205,0.239999994635582,-2.44999994523823,1982,1,1982
51.8667,10.3333,1982-01-30,-1.05999997630715,2.29999994859099,0.61999998614192,1982,1,1982
51.8667,10.3333,1982-01-31,0.859999980777502,5.88999986834824,3.37499992456287,1982,1,1982
51.8667,10.3333,1982-02-01,-2.98999993316829,4.82999989204109,0.919999979436398,1982,2,1982
51.8667,10.3333,1982-02-02,-5.39999987930059,0.92999997921288,-2.23499995004386,1982,2,1982
51.8667,10.3333,1982-02-03,-8.04999982006848,0.599999986588955,-3.72499991673976,1982,2,1982
51.8667,10.3333,1982-02-04,-8.34999981336296,1.03999997675419,-3.65499991830438,1982,2,1982
51.8667,10.3333,1982-02-05,-8.31999981403351,3.24999992735684,-2.53499994333833,1982,2,1982
51.8667,10.3333,1982-02-06,-5.37999987974763,6.56999985314906,0.594999986700714,1982,2,1982
51.8667,10.3333,1982-02-07,-0.159999996423721,3.77999991551042,1.80999995954335,1982,2,1982
51.8667,10.3333,1982-02-08,1.29999997094274,4.76999989338219,3.03499993216246,1982,2,1982
51.8667,10.3333,1982-02-09,0.529999988153577,4.46999990008771,2.49999994412065,1982,2,1982
51.8667,10.3333,1982-02-10,-1.39999996870756,4.20999990589917,1.4049999685958,1982,2,1982
51.8667,10.3333,1982-02-11,-0.879999980330467,10.7099997606128,4.91499989014119,1982,2,1982
51.8667,10.3333,1982-02-12,1.56999996490777,9.8199997805059,5.69499987270683,1982,2,1982
51.8667,10.3333,1982-02-13,2.4099999461323,7.40999983437359,4.90999989025295,1982,2,1982
51.8667,10.3333,1982-02-14,0.829999981448054,10.4199997670949,5.62499987427145,1982,2,1982
51.8667,10.3333,1982-02-15,-1.17999997362494,7.00999984331429,2.91499993484467,1982,2,1982
51.8667,10.3333,1982-02-16,-1.85999995842576,3.10999993048608,0.624999986030161,1982,2,1982
51.8667,10.3333,1982-02-17,-3.33999992534518,-0.749999983236194,-2.04499995429069,1982,2,1982
51.8667,10.3333,1982-02-18,-3.39999992400408,1.56999996490777,-0.914999979548156,1982,2,1982
51.8667,10.3333,1982-02-19,-4.80999989248812,0.389999991282821,-2.20999995060265,1982,2,1982
51.8667,10.3333,1982-02-20,-7.3499998357147,-3.19999992847443,-5.27499988209456,1982,2,1982
51.8667,10.3333,1982-02-21,-9.40999978967011,0.709999984130263,-4.34999990276992,1982,2,1982
51.8667,10.3333,1982-02-22,-7.95999982208014,2.52999994345009,-2.71499993931502,1982,2,1982
51.8667,10.3333,1982-02-23,-8.19999981671572,3.31999992579222,-2.43999994546175,1982,2,1982
51.8667,10.3333,1982-02-24,-6.78999984823167,-1.00999997742474,-3.89999991282821,1982,2,1982
51.8667,10.3333,1982-02-25,-9.34999979101121,0.199999995529652,-4.57499989774078,1982,2,1982
51.8667,10.3333,1982-02-26,-10.0099997762591,0.279999993741512,-4.86499989125878,1982,2,1982
51.8667,10.3333,1982-02-27,-9.20999979414046,-0.139999996870756,-4.67499989550561,1982,2,1982
51.8667,10.3333,1982-02-28,-8.30999981425703,3.77999991551042,-2.2649999493733,1982,2,1982
51.8667,10.3333,1982-03-01,-1.55999996513128,4.07999990880489,1.25999997183681,1982,3,1982
51.8667,10.3333,1982-03-02,2.54999994300306,7.2899998370558,4.91999989002943,1982,3,1982
51.8667,10.3333,1982-03-03,0.92999997921288,4.30999990366399,2.61999994143844,1982,3,1982
51.8667,10.3333,1982-03-04,0.299999993294477,5.89999986812472,3.0999999307096,1982,3,1982
51.8667,10.3333,1982-03-05,1.20999997295439,5.44999987818301,3.3299999255687,1982,3,1982
51.8667,10.3333,1982-03-06,-1.74999996088445,3.01999993249774,0.634999985806644,1982,3,1982
51.8667,10.3333,1982-03-07,-4.51999989897013,3.65999991819263,-0.429999990388751,1982,3,1982
51.8667,10.3333,1982-03-08,-4.8799998909235,3.06999993138015,-0.904999979771674,1982,3,1982
51.8667,10.3333,1982-03-09,-2.76999993808568,7.73999982699752,2.48499994445592,1982,3,1982
51.8667,10.3333,1982-03-10,-2.64999994076788,6.03999986499548,1.6949999621138,1982,3,1982
51.8667,10.3333,1982-03-11,-0.369999991729856,5.18999988399446,2.4099999461323,1982,3,1982
51.8667,10.3333,1982-03-12,-1.66999996267259,4.22999990545213,1.27999997138977,1982,3,1982
51.8667,10.3333,1982-03-13,-1.47999996691942,2.66999994032085,0.594999986700714,1982,3,1982
51.8667,10.3333,1982-03-14,-1.33999997004867,3.06999993138015,0.864999980665743,1982,3,1982
51.8667,10.3333,1982-03-15,-1.12999997474253,4.05999990925193,1.4649999672547,1982,3,1982
51.8667,10.3333,1982-03-16,1.44999996758997,8.31999981403351,4.88499989081174,1982,3,1982
51.8667,10.3333,1982-03-17,1.4899999666959,6.17999986186624,3.83499991428107,1982,3,1982
51.8667,10.3333,1982-03-18,0.299999993294477,3.24999992735684,1.77499996032566,1982,3,1982
51.8667,10.3333,1982-03-19,-0.729999983683228,6.34999985806644,2.80999993719161,1982,3,1982
51.8667,10.3333,1982-03-20,-1.97999995574355,6.13999986276031,2.07999995350838,1982,3,1982
51.8667,10.3333,1982-03-21,-3.17999992892146,5.37999987974763,1.09999997541308,1982,3,1982
51.8667,10.3333,1982-03-22,-0.229999994859099,4.58999989740551,2.1799999512732,1982,3,1982
51.8667,10.3333,1982-03-23,-1.51999996602535,5.70999987237155,2.0949999531731,1982,3,1982
51.8667,10.3333,1982-03-24,-1.33999997004867,6.11999986320734,2.38999994657934,1982,3,1982
51.8667,10.3333,1982-03-25,-3.25999992713332,8.52999980933964,2.63499994110316,1982,3,1982
51.8667,10.3333,1982-03-26,-2.32999994792044,10.1799997724593,3.92499991226941,1982,3,1982
51.8667,10.3333,1982-03-27,-1.52999996580184,13.7899996917695,6.12999986298382,1982,3,1982
51.8667,10.3333,1982-03-28,0.299999993294477,16.8899996224791,8.59499980788678,1982,3,1982
51.8667,10.3333,1982-03-29,1.30999997071922,13.9999996870756,7.65499982889742,1982,3,1982
51.8667,10.3333,1982-03-30,1.95999995619059,8.07999981939793,5.01999988779426,1982,3,1982
51.8667,10.3333,1982-03-31,0.34999999217689,5.76999987103045,3.05999993160367,1982,3,1982
51.8667,10.3333,1982-04-01,-1.92999995686114,5.93999986723065,2.00499995518476,1982,4,1982
51.8667,10.3333,1982-04-02,-1.78999995999038,13.7399996928871,5.97499986644834,1982,4,1982
51.8667,10.3333,1982-04-03,1.73999996110797,15.2699996586889,8.50499980989844,1982,4,1982
51.8667,10.3333,1982-04-04,3.42999992333353,8.79999980330467,6.1149998633191,1982,4,1982
51.8667,10.3333,1982-04-05,-0.669999985024333,12.5199997201562,5.92499986756593,1982,4,1982
51.8667,10.3333,1982-04-06,1.18999997340143,16.2599996365607,8.72499980498105,1982,4,1982
51.8667,10.3333,1982-04-07,5.86999986879528,19.6099995616823,12.7399997152388,1982,4,1982
51.8667,10.3333,1982-04-08,5.7999998703599,10.3799997679889,8.08999981917441,1982,4,1982
51.8667,10.3333,1982-04-09,-1.09999997541308,8.54999980889261,3.72499991673976,1982,4,1982
51.8667,10.3333,1982-04-10,-1.92999995686114,2.28999994881451,0.179999995976686,1982,4,1982
51.8667,10.3333,1982-04-11,-1.57999996468425,1.95999995619059,0.189999995753169,1982,4,1982
51.8667,10.3333,1982-04-12,-1.7799999602139,1.85999995842576,0.0399999991059303,1982,4,1982
51.8667,10.3333,1982-04-13,-2.16999995149672,2.37999994680285,0.104999997653067,1982,4,1982
51.8667,10.3333,1982-04-14,-1.95999995619059,3.86999991349876,0.954999978654087,1982,4,1982
51.8667,10.3333,1982-04-15,-4.49999989941716,6.68999985046685,1.09499997552484,1982,4,1982
51.8667,10.3333,1982-04-16,-3.3299999255687,10.0799997746944,3.37499992456287,1982,4,1982
51.8667,10.3333,1982-04-17,-0.569999987259507,11.3099997472018,5.36999987997115,1982,4,1982
51.8667,10.3333,1982-04-18,0.849999981001019,7.76999982632697,4.30999990366399,1982,4,1982
51.8667,10.3333,1982-04-19,-1.15999997407198,9.85999977961183,4.34999990276992,1982,4,1982
51.8667,10.3333,1982-04-20,-1.84999995864928,10.1799997724593,4.164999906905,1982,4,1982
51.8667,10.3333,1982-04-21,1.95999995619059,10.5199997648597,6.23999986052513,1982,4,1982
51.8667,10.3333,1982-04-22,2.49999994412065,10.8599997572601,6.67999985069036,1982,4,1982
51.8667,10.3333,1982-04-23,0.279999993741512,11.2199997492135,5.74999987147748,1982,4,1982
51.8667,10.3333,1982-04-24,-0.729999983683228,12.639999717474,5.95499986689538,1982,4,1982
51.8667,10.3333,1982-04-25,0.979999978095293,8.50999980978668,4.74499989394099,1982,4,1982
51.8667,10.3333,1982-04-26,-0.0799999982118607,10.7899997588247,5.35499988030642,1982,4,1982
51.8667,10.3333,1982-04-27,3.39999992400408,8.07999981939793,5.739999871701,1982,4,1982
51.8667,10.3333,1982-04-28,1.66999996267259,10.9599997550249,6.31499985884875,1982,4,1982
51.8667,10.3333,1982-04-29,3.00999993272126,7.94999982230365,5.47999987751245,1982,4,1982
51.8667,10.3333,1982-04-30,-0.289999993517995,5.739999871701,2.7249999390915,1982,4,1982
51.8667,10.3333,1982-05-01,-0.909999979659915,4.82999989204109,1.95999995619059,1982,5,NA
51.8667,10.3333,1982-05-02,1.27999997138977,8.07999981939793,4.67999989539385,1982,5,NA
51.8667,10.3333,1982-05-03,-0.379999991506338,5.36999987997115,2.4949999442324,1982,5,NA
51.8667,10.3333,1982-05-04,0.489999989047647,11.7299997378141,6.10999986343086,1982,5,NA
51.8667,10.3333,1982-05-05,4.19999990612268,11.8699997346848,8.03499982040375,1982,5,NA
51.8667,10.3333,1982-05-06,3.08999993093312,11.3499997463077,7.21999983862042,1982,5,NA
51.8667,10.3333,1982-05-07,1.18999997340143,7.98999982140958,4.58999989740551,1982,5,NA
51.8667,10.3333,1982-05-08,1.09999997541308,6.6599998511374,3.87999991327524,1982,5,NA
51.8667,10.3333,1982-05-09,1.90999995730817,11.2799997478724,6.59499985259026,1982,5,NA
51.8667,10.3333,1982-05-10,1.51999996602535,12.9899997096509,7.25499983783811,1982,5,NA
51.8667,10.3333,1982-05-11,3.3299999255687,11.5599997416139,7.44499983359128,1982,5,NA
51.8667,10.3333,1982-05-12,4.66999989561737,12.4199997223914,8.54499980900437,1982,5,NA
51.8667,10.3333,1982-05-13,1.53999996557832,14.4499996770173,7.99499982129782,1982,5,NA
51.8667,10.3333,1982-05-14,0.799999982118607,16.6999996267259,8.74999980442226,1982,5,NA
51.8667,10.3333,1982-05-15,2.58999994210899,17.9699995983392,10.2799997702241,1982,5,NA
51.8667,10.3333,1982-05-16,6.64999985136092,21.1599995270371,13.904999689199,1982,5,NA
51.8667,10.3333,1982-05-17,8.70999980531633,24.2699994575232,16.4899996314198,1982,5,NA
51.8667,10.3333,1982-05-18,10.9099997561425,20.09999955073,15.5049996534362,1982,5,NA
51.8667,10.3333,1982-05-19,10.5499997641891,20.4899995420128,15.519999653101,1982,5,NA
51.8667,10.3333,1982-05-20,9.37999979034066,15.9899996425956,12.6849997164682,1982,5,NA
51.8667,10.3333,1982-05-21,5.66999987326562,19.3999995663762,12.5349997198209,1982,5,NA
51.8667,10.3333,1982-05-22,10.5599997639656,16.6499996278435,13.6049996959046,1982,5,NA
51.8667,10.3333,1982-05-23,10.9299997556955,15.479999653995,13.2049997048452,1982,5,NA
51.8667,10.3333,1982-05-24,8.95999979972839,14.8099996689707,11.8849997343495,1982,5,NA
51.8667,10.3333,1982-05-25,7.72999982722104,13.5499996971339,10.6399997621775,1982,5,NA
51.8667,10.3333,1982-05-26,6.97999984398484,17.0899996180087,12.0349997309968,1982,5,NA
51.8667,10.3333,1982-05-27,7.72999982722104,22.1999995037913,14.9649996655062,1982,5,NA
51.8667,10.3333,1982-05-28,10.4199997670949,26.3099994119257,18.3649995895103,1982,5,NA
51.8667,10.3333,1982-05-29,8.6699998062104,19.5899995621294,14.1299996841699,1982,5,NA
51.8667,10.3333,1982-05-30,5.65999987348914,16.059999641031,10.8599997572601,1982,5,NA
51.8667,10.3333,1982-05-31,5.39999987930059,18.1399995945394,11.76999973692,1982,5,NA
51.8667,10.3333,1982-06-01,7.67999982833862,23.5099994745106,15.5949996514246,1982,6,NA
51.8667,10.3333,1982-06-02,12.1299997288734,26.8099994007498,19.4699995648116,1982,6,NA
51.8667,10.3333,1982-06-03,13.8499996904284,27.3699993882328,20.6099995393306,1982,6,NA
51.8667,10.3333,1982-06-04,14.5399996750057,28.7699993569404,21.654999515973,1982,6,NA
51.8667,10.3333,1982-06-05,15.5099996533245,28.8899993542582,22.1999995037913,1982,6,NA
51.8667,10.3333,1982-06-06,15.6999996490777,28.9799993522465,22.3399995006621,1982,6,NA
51.8667,10.3333,1982-06-07,15.1799996607006,24.3299994561821,19.7549995584413,1982,6,NA
51.8667,10.3333,1982-06-08,12.3599997237325,21.0999995283782,16.7299996260554,1982,6,NA
51.8667,10.3333,1982-06-09,12.7999997138977,22.5799994952977,17.6899996045977,1982,6,NA
51.8667,10.3333,1982-06-10,10.2799997702241,17.9999995976686,14.1399996839464,1982,6,NA
51.8667,10.3333,1982-06-11,6.97999984398484,18.10999959521,12.5449997195974,1982,6,NA
51.8667,10.3333,1982-06-12,9.9899997767061,18.4899995867163,14.2399996817112,1982,6,NA
51.8667,10.3333,1982-06-13,9.47999978810549,16.4699996318668,12.9749997099862,1982,6,NA
51.8667,10.3333,1982-06-14,8.039999820292,12.1999997273088,10.1199997738004,1982,6,NA
51.8667,10.3333,1982-06-15,6.23999986052513,11.3899997454137,8.8149998029694,1982,6,NA
51.8667,10.3333,1982-06-16,6.2599998600781,12.0699997302145,9.16499979514629,1982,6,NA
51.8667,10.3333,1982-06-17,5.38999987952411,9.79999978095293,7.59499983023852,1982,6,NA
51.8667,10.3333,1982-06-18,5.89999986812472,13.2399997040629,9.56999978609383,1982,6,NA
51.8667,10.3333,1982-06-19,4.49999989941716,17.4699996095151,10.9849997544661,1982,6,NA
51.8667,10.3333,1982-06-20,10.0099997762591,15.5699996519834,12.7899997141212,1982,6,NA
51.8667,10.3333,1982-06-21,9.51999978721142,15.9699996430427,12.7449997151271,1982,6,NA
51.8667,10.3333,1982-06-22,6.43999985605478,16.4099996332079,11.4249997446314,1982,6,NA
51.8667,10.3333,1982-06-23,8.13999981805682,19.7799995578825,13.9599996879697,1982,6,NA
51.8667,10.3333,1982-06-24,12.1999997273088,18.7899995800108,15.4949996536598,1982,6,NA
51.8667,10.3333,1982-06-25,11.4699997436255,16.4299996327609,13.9499996881932,1982,6,NA
51.8667,10.3333,1982-06-26,11.6899997387081,20.2999995462596,15.9949996424839,1982,6,NA
51.8667,10.3333,1982-06-27,13.0599997080863,19.6099995616823,16.3349996348843,1982,6,NA
51.8667,10.3333,1982-06-28,10.5199997648597,17.7299996037036,14.1249996842816,1982,6,NA
51.8667,10.3333,1982-06-29,10.5699997637421,16.2999996356666,13.4349996997043,1982,6,NA
51.8667,10.3333,1982-06-30,9.44999978877604,16.0199996419251,12.7349997153506,1982,6,NA
51.8667,10.3333,1982-07-01,8.6699998062104,16.0699996408075,12.369999723509,1982,7,NA
51.8667,10.3333,1982-07-02,7.89999982342124,17.3999996110797,12.6499997172505,1982,7,NA
51.8667,10.3333,1982-07-03,11.2799997478724,21.6599995158613,16.4699996318668,1982,7,NA
51.8667,10.3333,1982-07-04,14.9699996653944,24.1899994593114,19.5799995623529,1982,7,NA
51.8667,10.3333,1982-07-05,10.1099997740239,16.5699996296316,13.3399997018278,1982,7,NA
51.8667,10.3333,1982-07-06,8.71999980509281,16.2699996363372,12.494999720715,1982,7,NA
51.8667,10.3333,1982-07-07,8.44999981112778,16.8299996238202,12.639999717474,1982,7,NA
51.8667,10.3333,1982-07-08,10.8099997583777,17.9799995981157,14.3949996782467,1982,7,NA
51.8667,10.3333,1982-07-09,8.22999981604517,22.4499994982034,15.3399996571243,1982,7,NA
51.8667,10.3333,1982-07-10,10.4999997653067,24.8499994445592,17.674999604933,1982,7,NA
51.8667,10.3333,1982-07-11,12.7499997150153,25.3999994322658,19.0749995736405,1982,7,NA
51.8667,10.3333,1982-07-12,13.7099996935576,25.7199994251132,19.7149995593354,1982,7,NA
51.8667,10.3333,1982-07-13,13.1099997069687,24.4199994541705,18.7649995805696,1982,7,NA
51.8667,10.3333,1982-07-14,14.9699996653944,26.149999415502,20.5599995404482,1982,7,NA
51.8667,10.3333,1982-07-15,14.5999996736646,26.6199994049966,20.6099995393306,1982,7,NA
51.8667,10.3333,1982-07-16,14.2699996810406,28.5699993614107,21.4199995212257,1982,7,NA
51.8667,10.3333,1982-07-17,14.1999996826053,24.3299994561821,19.2649995693937,1982,7,NA
51.8667,10.3333,1982-07-18,13.0299997087568,19.8999995552003,16.4649996319786,1982,7,NA
51.8667,10.3333,1982-07-19,11.3399997465312,19.3299995679408,15.334999657236,1982,7,NA
51.8667,10.3333,1982-07-20,10.4699997659773,19.9399995543063,15.2049996601418,1982,7,NA
51.8667,10.3333,1982-07-21,13.0199997089803,22.5199994966388,17.7699996028095,1982,7,NA
51.8667,10.3333,1982-07-22,14.5099996756762,24.3799994550645,19.4449995653704,1982,7,NA
51.8667,10.3333,1982-07-23,11.3899997454137,20.9399995319545,16.1649996386841,1982,7,NA
51.8667,10.3333,1982-07-24,11.5099997427315,21.3999995216727,16.4549996322021,1982,7,NA
51.8667,10.3333,1982-07-25,14.359999679029,23.1599994823337,18.7599995806813,1982,7,NA
51.8667,10.3333,1982-07-26,13.6899996940047,21.7599995136261,17.7249996038154,1982,7,NA
51.8667,10.3333,1982-07-27,12.4099997226149,16.7599996253848,14.5849996739998,1982,7,NA
51.8667,10.3333,1982-07-28,9.71999978274107,17.7699996028095,13.7449996927753,1982,7,NA
51.8667,10.3333,1982-07-29,9.27999979257584,20.8799995332956,15.0799996629357,1982,7,NA
51.8667,10.3333,1982-07-30,12.3599997237325,24.0699994619936,18.214999592863,1982,7,NA
51.8667,10.3333,1982-07-31,12.7999997138977,24.8899994436651,18.8449995787814,1982,7,NA
51.8667,10.3333,1982-08-01,15.8199996463954,26.2299994137138,21.0249995300546,1982,8,NA
51.8667,10.3333,1982-08-02,13.3599997013807,26.5099994074553,19.934999554418,1982,8,NA
51.8667,10.3333,1982-08-03,13.4999996982515,26.6599994041026,20.079999551177,1982,8,NA
51.8667,10.3333,1982-08-04,13.7199996933341,26.8399994000793,20.2799995467067,1982,8,NA
51.8667,10.3333,1982-08-05,14.4099996779114,25.5099994298071,19.9599995538592,1982,8,NA
51.8667,10.3333,1982-08-06,14.2599996812642,24.3799994550645,19.3199995681643,1982,8,NA
51.8667,10.3333,1982-08-07,15.1999996602535,22.4599994979799,18.8299995791167,1982,8,NA
51.8667,10.3333,1982-08-08,14.8399996683002,21.6599995158613,18.2499995920807,1982,8,NA
51.8667,10.3333,1982-08-09,13.3599997013807,21.8799995109439,17.6199996061623,1982,8,NA
51.8667,10.3333,1982-08-10,14.9799996651709,21.1899995263666,18.0849995957687,1982,8,NA
51.8667,10.3333,1982-08-11,12.349999723956,18.5499995853752,15.4499996546656,1982,8,NA
51.8667,10.3333,1982-08-12,8.00999982096255,21.0599995292723,14.5349996751174,1982,8,NA
51.8667,10.3333,1982-08-13,11.189999749884,27.2299993913621,19.209999570623,1982,8,NA
51.8667,10.3333,1982-08-14,12.8399997130036,21.4999995194376,17.1699996162206,1982,8,NA
51.8667,10.3333,1982-08-15,10.7599997594953,18.5299995858222,14.6449996726587,1982,8,NA
51.8667,10.3333,1982-08-16,8.06999981962144,20.9799995310605,14.524999675341,1982,8,NA
51.8667,10.3333,1982-08-17,11.7399997375906,20.2699995469302,16.0049996422604,1982,8,NA
51.8667,10.3333,1982-08-18,11.5499997418374,18.5299995858222,15.0399996638298,1982,8,NA
51.8667,10.3333,1982-08-19,11.3399997465312,21.6599995158613,16.4999996311963,1982,8,NA
51.8667,10.3333,1982-08-20,10.8299997579306,18.089999595657,14.4599996767938,1982,8,NA
51.8667,10.3333,1982-08-21,8.10999981872737,15.1299996618181,11.6199997402728,1982,8,NA
51.8667,10.3333,1982-08-22,7.94999982230365,12.9199997112155,10.4349997667596,1982,8,NA
51.8667,10.3333,1982-08-23,8.79999980330467,16.9899996202439,12.8949997117743,1982,8,NA
51.8667,10.3333,1982-08-24,11.499999742955,17.7699996028095,14.6349996728823,1982,8,NA
51.8667,10.3333,1982-08-25,10.2099997717887,16.2799996361136,13.2449997039512,1982,8,NA
51.8667,10.3333,1982-08-26,10.9899997543544,15.1099996622652,13.0499997083098,1982,8,NA
51.8667,10.3333,1982-08-27,9.05999979749322,21.6999995149672,15.3799996562302,1982,8,NA
51.8667,10.3333,1982-08-28,10.6699997615069,17.4199996106327,14.0449996860698,1982,8,NA
51.8667,10.3333,1982-08-29,7.69999982789159,17.779999602586,12.7399997152388,1982,8,NA
51.8667,10.3333,1982-08-30,6.34999985806644,18.9299995768815,12.639999717474,1982,8,NA
51.8667,10.3333,1982-08-31,8.35999981313944,21.2699995245785,14.8149996688589,1982,8,NA
51.8667,10.3333,1982-09-01,10.5599997639656,18.3099995907396,14.4349996773526,1982,9,NA
51.8667,10.3333,1982-09-02,9.73999978229403,14.5099996756762,12.1249997289851,1982,9,NA
51.8667,10.3333,1982-09-03,9.62999978475273,15.0099996645004,12.3199997246265,1982,9,NA
51.8667,10.3333,1982-09-04,5.67999987304211,17.219999615103,11.4499997440726,1982,9,NA
51.8667,10.3333,1982-09-05,9.6999997831881,21.3199995234609,15.5099996533245,1982,9,NA
51.8667,10.3333,1982-09-06,7.5199998319149,21.6399995163083,14.5799996741116,1982,9,NA
51.8667,10.3333,1982-09-07,14.6999996714294,22.4999994970858,18.5999995842576,1982,9,NA
51.8667,10.3333,1982-09-08,11.7299997378141,16.4399996325374,14.0849996851757,1982,9,NA
51.8667,10.3333,1982-09-09,11.8099997360259,17.8999995999038,14.8549996679649,1982,9,NA
51.8667,10.3333,1982-09-10,9.6999997831881,17.489999609068,13.5949996961281,1982,9,NA
51.8667,10.3333,1982-09-11,9.0699997972697,21.54999951832,15.3099996577948,1982,9,NA
51.8667,10.3333,1982-09-12,11.8499997351319,23.0699994843453,17.4599996097386,1982,9,NA
51.8667,10.3333,1982-09-13,12.1299997288734,21.0099995303899,16.5699996296316,1982,9,NA
51.8667,10.3333,1982-09-14,10.9099997561425,19.3799995668232,15.1449996614829,1982,9,NA
51.8667,10.3333,1982-09-15,8.84999980218709,21.0799995288253,14.9649996655062,1982,9,NA
51.8667,10.3333,1982-09-16,9.80999978072941,24.6499994490296,17.2299996148795,1982,9,NA
51.8667,10.3333,1982-09-17,11.789999736473,24.7499994467944,18.2699995916337,1982,9,NA
51.8667,10.3333,1982-09-18,11.8999997340143,24.6499994490296,18.2749995915219,1982,9,NA
51.8667,10.3333,1982-09-19,12.3799997232854,25.4899994302541,18.9349995767698,1982,9,NA
51.8667,10.3333,1982-09-20,12.4399997219443,23.4099994767457,17.924999599345,1982,9,NA
51.8667,10.3333,1982-09-21,11.5899997409433,24.3799994550645,17.9849995980039,1982,9,NA
51.8667,10.3333,1982-09-22,14.6799996718764,20.9799995310605,17.8299996014684,1982,9,NA
51.8667,10.3333,1982-09-23,6.24999986030161,18.0499995965511,12.1499997284263,1982,9,NA
51.8667,10.3333,1982-09-24,4.4199999012053,14.919999666512,9.66999978385866,1982,9,NA
51.8667,10.3333,1982-09-25,7.40999983437359,16.1599996387959,11.7849997365847,1982,9,NA
51.8667,10.3333,1982-09-26,7.54999983124435,18.7199995815754,13.1349997064099,1982,9,NA
51.8667,10.3333,1982-09-27,11.1999997496605,23.7499994691461,17.4749996094033,1982,9,NA
51.8667,10.3333,1982-09-28,8.3799998126924,16.4599996320903,12.4199997223914,1982,9,NA
51.8667,10.3333,1982-09-29,8.08999981917441,18.8299995791167,13.4599996991456,1982,9,NA
51.8667,10.3333,1982-09-30,7.48999983258545,20.0299995522946,13.75999969244,1982,9,NA
51.8667,10.3333,1982-10-01,10.2299997713417,18.2999995909631,14.2649996811524,1982,10,1983
51.8667,10.3333,1982-10-02,10.4899997655302,14.8599996678531,12.6749997166917,1982,10,1983
51.8667,10.3333,1982-10-03,8.23999981582165,17.8499996010214,13.0449997084215,1982,10,1983
51.8667,10.3333,1982-10-04,9.34999979101121,18.5199995860457,13.9349996885285,1982,10,1983
51.8667,10.3333,1982-10-05,5.02999988757074,16.7299996260554,10.879999756813,1982,10,1983
51.8667,10.3333,1982-10-06,5.66999987326562,12.9899997096509,9.32999979145825,1982,10,1983
51.8667,10.3333,1982-10-07,7.76999982632697,13.4599996991456,10.6149997627363,1982,10,1983
51.8667,10.3333,1982-10-08,4.32999990321696,10.339999768883,7.33499983604997,1982,10,1983
51.8667,10.3333,1982-10-09,5.92999986745417,9.72999978251755,7.82999982498586,1982,10,1983
51.8667,10.3333,1982-10-10,7.59999983012676,9.72999978251755,8.66499980632216,1982,10,1983
51.8667,10.3333,1982-10-11,6.4299998562783,10.1799997724593,8.30499981436878,1982,10,1983
51.8667,10.3333,1982-10-12,6.26999985985458,11.0799997523427,8.67499980609864,1982,10,1983
51.8667,10.3333,1982-10-13,6.98999984376132,8.77999980375171,7.88499982375652,1982,10,1983
51.8667,10.3333,1982-10-14,6.43999985605478,9.70999978296459,8.07499981950969,1982,10,1983
51.8667,10.3333,1982-10-15,6.58999985270202,10.1399997733533,8.36499981302768,1982,10,1983
51.8667,10.3333,1982-10-16,5.76999987103045,8.42999981157482,7.09999984130263,1982,10,1983
51.8667,10.3333,1982-10-17,2.77999993786216,8.85999980196357,5.81999986991286,1982,10,1983
51.8667,10.3333,1982-10-18,2.54999994300306,8.2699998151511,5.40999987907708,1982,10,1983
51.8667,10.3333,1982-10-19,5.44999987818301,13.7499996926636,9.59999978542328,1982,10,1983
51.8667,10.3333,1982-10-20,6.32999985851347,12.4599997214973,9.39499979000539,1982,10,1983
51.8667,10.3333,1982-10-21,6.31999985873699,13.179999705404,9.74999978207052,1982,10,1983
51.8667,10.3333,1982-10-22,7.30999983660877,13.8999996893108,10.6049997629598,1982,10,1983
51.8667,10.3333,1982-10-23,5.739999871701,18.0799995958805,11.9099997337908,1982,10,1983
51.8667,10.3333,1982-10-24,5.78999987058342,14.7299996707588,10.2599997706711,1982,10,1983
51.8667,10.3333,1982-10-25,4.90999989025295,10.0999997742474,7.50499983225018,1982,10,1983
51.8667,10.3333,1982-10-26,1.01999997720122,8.82999980263412,4.92499988991767,1982,10,1983
51.8667,10.3333,1982-10-27,2.13999995216727,9.97999977692962,6.05999986454844,1982,10,1983
51.8667,10.3333,1982-10-28,7.46999983303249,10.9799997545779,9.22499979380518,1982,10,1983
51.8667,10.3333,1982-10-29,8.19999981671572,11.6599997393787,9.9299997780472,1982,10,1983
51.8667,10.3333,1982-10-30,4.74999989382923,12.2999997250736,8.5249998094514,1982,10,1983
51.8667,10.3333,1982-10-31,2.06999995373189,9.01999979838729,5.54499987605959,1982,10,1983
51.8667,10.3333,1982-11-01,3.7899999152869,10.2899997700006,7.03999984264374,1982,11,1983
51.8667,10.3333,1982-11-02,4.48999989964068,12.4999997206032,8.49499981012195,1982,11,1983
51.8667,10.3333,1982-11-03,8.75999980419874,13.7299996931106,11.2449997486547,1982,11,1983
51.8667,10.3333,1982-11-04,9.8199997805059,12.5299997199327,11.1749997502193,1982,11,1983
51.8667,10.3333,1982-11-05,8.17999981716275,10.5999997630715,9.38999979011714,1982,11,1983
51.8667,10.3333,1982-11-06,-0.599999986588955,8.3799998126924,3.88999991305172,1982,11,1983
51.8667,10.3333,1982-11-07,-3.50999992154539,4.8199998922646,0.654999985359609,1982,11,1983
51.8667,10.3333,1982-11-08,-1.90999995730817,7.25999983772635,2.67499994020909,1982,11,1983
51.8667,10.3333,1982-11-09,1.15999997407198,13.4199997000396,7.2899998370558,1982,11,1983
51.8667,10.3333,1982-11-10,9.03999979794025,13.0499997083098,11.044999753125,1982,11,1983
51.8667,10.3333,1982-11-11,8.13999981805682,10.9499997552484,9.54499978665262,1982,11,1983
51.8667,10.3333,1982-11-12,6.47999985516071,11.7799997366965,9.1299997959286,1982,11,1983
51.8667,10.3333,1982-11-13,5.31999988108873,11.5399997420609,8.42999981157482,1982,11,1983
51.8667,10.3333,1982-11-14,4.4199999012053,8.50999980978668,6.46499985549599,1982,11,1983
51.8667,10.3333,1982-11-15,-0.0399999991059303,4.79999989271164,2.37999994680285,1982,11,1983
51.8667,10.3333,1982-11-16,-0.739999983459711,2.11999995261431,0.689999984577298,1982,11,1983
51.8667,10.3333,1982-11-17,-0.799999982118607,2.39999994635582,0.799999982118607,1982,11,1983
51.8667,10.3333,1982-11-18,0.329999992623925,2.31999994814396,1.32499997038394,1982,11,1983
51.8667,10.3333,1982-11-19,1.3199999704957,8.70999980531633,5.01499988790601,1982,11,1983
51.8667,10.3333,1982-11-20,3.99999991059303,8.86999980174005,6.43499985616654,1982,11,1983
51.8667,10.3333,1982-11-21,3.11999993026257,6.10999986343086,4.61499989684671,1982,11,1983
51.8667,10.3333,1982-11-22,3.13999992981553,5.86999986879528,4.5049998993054,1982,11,1983
51.8667,10.3333,1982-11-23,3.37999992445111,6.3699998576194,4.87499989103526,1982,11,1983
51.8667,10.3333,1982-11-24,5.02999988757074,9.9899997767061,7.50999983213842,1982,11,1983
51.8667,10.3333,1982-11-25,3.56999992020428,11.0899997521192,7.32999983616173,1982,11,1983
51.8667,10.3333,1982-11-26,2.33999994769692,6.8299998473376,4.58499989751726,1982,11,1983
51.8667,10.3333,1982-11-27,3.64999991841614,7.39999983459711,5.52499987650663,1982,11,1983
51.8667,10.3333,1982-11-28,1.75999996066093,5.26999988220632,3.51499992143363,1982,11,1983
51.8667,10.3333,1982-11-29,-0.519999988377094,3.74999991618097,1.61499996390194,1982,11,1983
51.8667,10.3333,1982-11-30,-2.41999994590878,1.55999996513128,-0.429999990388751,1982,11,1983
51.8667,10.3333,1982-12-01,-2.28999994881451,0.139999996870756,-1.07499997597188,1982,12,1983
51.8667,10.3333,1982-12-02,-3.29999992623925,0.639999985694885,-1.32999997027218,1982,12,1983
51.8667,10.3333,1982-12-03,-3.4999999217689,4.22999990545213,0.364999991841614,1982,12,1983
51.8667,10.3333,1982-12-04,-2.39999994635582,4.09999990835786,0.849999981001019,1982,12,1983
51.8667,10.3333,1982-12-05,-2.27999994903803,4.09999990835786,0.909999979659915,1982,12,1983
51.8667,10.3333,1982-12-06,-0.829999981448054,2.79999993741512,0.984999977983534,1982,12,1983
51.8667,10.3333,1982-12-07,0.61999998614192,2.71999993920326,1.66999996267259,1982,12,1983
51.8667,10.3333,1982-12-08,-2.51999994367361,3.0999999307096,0.289999993517995,1982,12,1983
51.8667,10.3333,1982-12-09,2.55999994277954,8.76999980397522,5.66499987337738,1982,12,1983
51.8667,10.3333,1982-12-10,2.79999993741512,5.91999986767769,4.35999990254641,1982,12,1983
51.8667,10.3333,1982-12-11,2.30999994836748,8.07999981939793,5.1949998838827,1982,12,1983
51.8667,10.3333,1982-12-12,-0.259999994188547,2.80999993719161,1.27499997150153,1982,12,1983
51.8667,10.3333,1982-12-13,-2.75999993830919,1.78999995999038,-0.484999989159405,1982,12,1983
51.8667,10.3333,1982-12-14,-4.86999989114702,-0.859999980777502,-2.86499993596226,1982,12,1983
51.8667,10.3333,1982-12-15,-4.50999989919364,-1.90999995730817,-3.20999992825091,1982,12,1983
51.8667,10.3333,1982-12-16,-2.58999994210899,6.85999984666705,2.13499995227903,1982,12,1983
51.8667,10.3333,1982-12-17,1.39999996870756,8.6699998062104,5.03499988745898,1982,12,1983
51.8667,10.3333,1982-12-18,-0.949999978765845,2.47999994456768,0.764999982900918,1982,12,1983
51.8667,10.3333,1982-12-19,-2.03999995440245,0.30999999307096,-0.864999980665743,1982,12,1983
51.8667,10.3333,1982-12-20,-2.59999994188547,-0.26999999396503,-1.43499996792525,1982,12,1983
51.8667,10.3333,1982-12-21,-1.4899999666959,3.46999992243946,0.989999977871776,1982,12,1983
51.8667,10.3333,1982-12-22,0.92999997921288,2.91999993473291,1.9249999569729,1982,12,1983
51.8667,10.3333,1982-12-23,0.0499999988824129,2.33999994769692,1.19499997328967,1982,12,1983
51.8667,10.3333,1982-12-24,-3.3899999242276,0.599999986588955,-1.39499996881932,1982,12,1983
51.8667,10.3333,1982-12-25,-4.23999990522861,-2.04999995417893,-3.14499992970377,1982,12,1983
51.8667,10.3333,1982-12-26,-2.90999993495643,1.30999997071922,-0.799999982118607,1982,12,1983
51.8667,10.3333,1982-12-27,0.189999995753169,2.6399999409914,1.41499996837229,1982,12,1983
51.8667,10.3333,1982-12-28,1.85999995842576,5.65999987348914,3.75999991595745,1982,12,1983
51.8667,10.3333,1982-12-29,-0.459999989718199,3.05999993160367,1.29999997094274,1982,12,1983
51.8667,10.3333,1982-12-30,-0.639999985694885,1.55999996513128,0.459999989718199,1982,12,1983
51.8667,10.3333,1982-12-31,-0.649999985471368,1.98999995552003,0.669999985024333,1982,12,1983
51.8667,10.3333,1983-01-01,-3.06999993138015,0.829999981448054,-1.11999997496605,1983,1,1983
51.8667,10.3333,1983-01-02,-2.15999995172024,2.61999994143844,0.229999994859099,1983,1,1983
51.8667,10.3333,1983-01-03,-2.11999995261431,1.24999997206032,-0.434999990276992,1983,1,1983
51.8667,10.3333,1983-01-04,-1.43999996781349,5.48999987728894,2.02499995473772,1983,1,1983
51.8667,10.3333,1983-01-05,4.07999990880489,7.41999983415008,5.74999987147748,1983,1,1983
51.8667,10.3333,1983-01-06,1.12999997474253,8.51999980956316,4.82499989215285,1983,1,1983
51.8667,10.3333,1983-01-07,6.13999986276031,9.9299997780472,8.03499982040375,1983,1,1983
51.8667,10.3333,1983-01-08,0.759999983012676,6.22999986074865,3.49499992188066,1983,1,1983
51.8667,10.3333,1983-01-09,0.569999987259507,2.73999993875623,1.65499996300787,1983,1,1983
51.8667,10.3333,1983-01-10,-0.299999993294477,2.85999993607402,1.27999997138977,1983,1,1983
51.8667,10.3333,1983-01-11,1.84999995864928,4.43999990075827,3.14499992970377,1983,1,1983
51.8667,10.3333,1983-01-12,4.08999990858138,7.27999983727932,5.68499987293035,1983,1,1983
51.8667,10.3333,1983-01-13,0.599999986588955,5.81999986991286,3.20999992825091,1983,1,1983
51.8667,10.3333,1983-01-14,-0.999999977648258,3.30999992601573,1.15499997418374,1983,1,1983
51.8667,10.3333,1983-01-15,-2.07999995350838,1.51999996602535,-0.279999993741512,1983,1,1983
51.8667,10.3333,1983-01-16,-1.36999996937811,1.67999996244907,0.15499999653548,1983,1,1983
51.8667,10.3333,1983-01-17,1.02999997697771,3.70999991707504,2.36999994702637,1983,1,1983
51.8667,10.3333,1983-01-18,3.20999992825091,4.82999989204109,4.019999910146,1983,1,1983
51.8667,10.3333,1983-01-19,-1.90999995730817,4.52999989874661,1.30999997071922,1983,1,1983
51.8667,10.3333,1983-01-20,-2.15999995172024,-0.629999985918403,-1.39499996881932,1983,1,1983
51.8667,10.3333,1983-01-21,-3.80999991483986,-0.739999983459711,-2.27499994914979,1983,1,1983
51.8667,10.3333,1983-01-22,-1.17999997362494,2.68999993987381,0.754999983124435,1983,1,1983
51.8667,10.3333,1983-01-23,1.84999995864928,3.28999992646277,2.56999994255602,1983,1,1983
51.8667,10.3333,1983-01-24,-2.99999993294477,2.42999994568527,-0.284999993629754,1983,1,1983
51.8667,10.3333,1983-01-25,-4.65999989584088,7.19999983906746,1.26999997161329,1983,1,1983
51.8667,10.3333,1983-01-26,0.369999991729856,4.8199998922646,2.59499994199723,1983,1,1983
51.8667,10.3333,1983-01-27,1.74999996088445,5.91999986767769,3.83499991428107,1983,1,1983
51.8667,10.3333,1983-01-28,5.58999987505376,9.17999979481101,7.38499983493239,1983,1,1983
51.8667,10.3333,1983-01-29,4.40999990142882,7.36999983526766,5.88999986834824,1983,1,1983
51.8667,10.3333,1983-01-30,3.08999993093312,6.66999985091388,4.8799998909235,1983,1,1983
51.8667,10.3333,1983-01-31,-0.96999997831881,4.19999990612268,1.61499996390194,1983,1,1983
51.8667,10.3333,1983-02-01,-2.15999995172024,1.20999997295439,-0.474999989382923,1983,2,1983
51.8667,10.3333,1983-02-02,-1.02999997697771,6.67999985069036,2.82499993685633,1983,2,1983
51.8667,10.3333,1983-02-03,-1.80999995954335,0.749999983236194,-0.529999988153577,1983,2,1983
51.8667,10.3333,1983-02-04,-3.06999993138015,-0.249999994412065,-1.65999996289611,1983,2,1983
51.8667,10.3333,1983-02-05,-3.729999916628,-0.0499999988824129,-1.88999995775521,1983,2,1983
51.8667,10.3333,1983-02-06,-4.4199999012053,-1.42999996803701,-2.92499993462116,1983,2,1983
51.8667,10.3333,1983-02-07,-1.86999995820224,0.869999980553985,-0.499999988824129,1983,2,1983
51.8667,10.3333,1983-02-08,-3.39999992400408,-0.759999983012676,-2.07999995350838,1983,2,1983
51.8667,10.3333,1983-02-09,-5.61999987438321,-2.89999993517995,-4.25999990478158,1983,2,1983
51.8667,10.3333,1983-02-10,-8.00999982096255,-2.36999994702637,-5.18999988399446,1983,2,1983
51.8667,10.3333,1983-02-11,-7.58999983035028,-4.16999990679324,-5.87999986857176,1983,2,1983
51.8667,10.3333,1983-02-12,-6.96999984420836,-3.9599999114871,-5.46499987784773,1983,2,1983
51.8667,10.3333,1983-02-13,-6.49999985471368,-3.83999991416931,-5.16999988444149,1983,2,1983
51.8667,10.3333,1983-02-14,-11.479999743402,-3.63999991863966,-7.55999983102083,1983,2,1983
51.8667,10.3333,1983-02-15,-13.6199996955693,-5.87999986857176,-9.74999978207052,1983,2,1983
51.8667,10.3333,1983-02-16,-10.4199997670949,-3.98999991081655,-7.2049998389557,1983,2,1983
51.8667,10.3333,1983-02-17,-14.9799996651709,-4.42999990098178,-9.70499978307635,1983,2,1983
51.8667,10.3333,1983-02-18,-9.25999979302287,-1.78999995999038,-5.52499987650663,1983,2,1983
51.8667,10.3333,1983-02-19,-11.1799997501075,-1.44999996758997,-6.31499985884875,1983,2,1983
51.8667,10.3333,1983-02-20,-4.28999990411103,-0.849999981001019,-2.56999994255602,1983,2,1983
51.8667,10.3333,1983-02-21,-2.58999994210899,-0.429999990388751,-1.50999996624887,1983,2,1983
51.8667,10.3333,1983-02-22,-9.37999979034066,-2.06999995373189,-5.72499987203628,1983,2,1983
51.8667,10.3333,1983-02-23,-13.7299996931106,-2.43999994546175,-8.08499981928617,1983,2,1983
51.8667,10.3333,1983-02-24,-11.8899997342378,1.27999997138977,-5.30499988142401,1983,2,1983
51.8667,10.3333,1983-02-25,-7.60999982990324,4.03999990969896,-1.78499996010214,1983,2,1983
51.8667,10.3333,1983-02-26,-5.81999986991286,7.49999983236194,0.839999981224537,1983,2,1983
51.8667,10.3333,1983-02-27,-0.34999999217689,4.97999988868833,2.31499994825572,1983,2,1983
51.8667,10.3333,1983-02-28,2.64999994076788,5.82999986968935,4.23999990522861,1983,2,1983
51.8667,10.3333,1983-03-01,0.199999995529652,3.77999991551042,1.98999995552003,1983,3,1983
51.8667,10.3333,1983-03-02,-2.19999995082617,3.02999993227422,0.414999990724027,1983,3,1983
51.8667,10.3333,1983-03-03,-3.22999992780387,4.019999910146,0.394999991171062,1983,3,1983
51.8667,10.3333,1983-03-04,-3.61999991908669,3.34999992512167,-0.134999996982515,1983,3,1983
51.8667,10.3333,1983-03-05,-4.95999988913536,5.18999988399446,0.11499999742955,1983,3,1983
51.8667,10.3333,1983-03-06,-1.34999996982515,6.30999985896051,2.47999994456768,1983,3,1983
51.8667,10.3333,1983-03-07,3.08999993093312,5.11999988555908,4.1049999082461,1983,3,1983
51.8667,10.3333,1983-03-08,4.04999990947545,6.83999984711409,5.44499987829477,1983,3,1983
51.8667,10.3333,1983-03-09,3.3299999255687,6.63999985158443,4.98499988857657,1983,3,1983
51.8667,10.3333,1983-03-10,2.38999994657934,7.749999826774,5.06999988667667,1983,3,1983
51.8667,10.3333,1983-03-11,2.60999994166195,5.15999988466501,3.88499991316348,1983,3,1983
51.8667,10.3333,1983-03-12,-1.25999997183681,5.62999987415969,2.18499995116144,1983,3,1983
51.8667,10.3333,1983-03-13,-5.20999988354743,4.04999990947545,-0.57999998703599,1983,3,1983
51.8667,10.3333,1983-03-14,-4.03999990969896,7.71999982744455,1.8399999588728,1983,3,1983
51.8667,10.3333,1983-03-15,2.26999994926155,10.6599997617304,6.46499985549599,1983,3,1983
51.8667,10.3333,1983-03-16,4.49999989941716,8.02999982051551,6.26499985996634,1983,3,1983
51.8667,10.3333,1983-03-17,-0.209999995306134,7.10999984107912,3.44999992288649,1983,3,1983
51.8667,10.3333,1983-03-18,-1.68999996222556,8.24999981559813,3.27999992668629,1983,3,1983
51.8667,10.3333,1983-03-19,5.49999987706542,8.86999980174005,7.18499983940274,1983,3,1983
51.8667,10.3333,1983-03-20,6.58999985270202,7.99999982118607,7.29499983694404,1983,3,1983
51.8667,10.3333,1983-03-21,5.47999987751245,8.06999981962144,6.77499984856695,1983,3,1983
51.8667,10.3333,1983-03-22,4.21999990567565,6.90999984554946,5.56499987561256,1983,3,1983
51.8667,10.3333,1983-03-23,-2.09999995306134,5.55999987572432,1.72999996133149,1983,3,1983
51.8667,10.3333,1983-03-24,-1.6099999640137,4.86999989114702,1.62999996356666,1983,3,1983
51.8667,10.3333,1983-03-25,1.99999995529652,6.91999984532595,4.45999990031123,1983,3,1983
51.8667,10.3333,1983-03-26,-1.1499999742955,3.91999991238117,1.38499996904284,1983,3,1983
51.8667,10.3333,1983-03-27,-1.75999996066093,0.409999990835786,-0.674999984912574,1983,3,1983
51.8667,10.3333,1983-03-28,-2.55999994277954,2.24999994970858,-0.15499999653548,1983,3,1983
51.8667,10.3333,1983-03-29,-2.60999994166195,1.34999996982515,-0.629999985918403,1983,3,1983
51.8667,10.3333,1983-03-30,-3.21999992802739,3.47999992221594,0.129999997094274,1983,3,1983
51.8667,10.3333,1983-03-31,0.0299999993294477,3.07999993115664,1.55499996524304,1983,3,1983
51.8667,10.3333,1983-04-01,0.999999977648258,6.83999984711409,3.91999991238117,1983,4,1983
51.8667,10.3333,1983-04-02,0.779999982565641,8.94999979995191,4.86499989125878,1983,4,1983
51.8667,10.3333,1983-04-03,0.529999988153577,5.69999987259507,3.11499993037432,1983,4,1983
51.8667,10.3333,1983-04-04,-0.239999994635582,3.33999992534518,1.5499999653548,1983,4,1983
51.8667,10.3333,1983-04-05,-2.53999994322658,5.38999987952411,1.42499996814877,1983,4,1983
51.8667,10.3333,1983-04-06,0.0499999988824129,5.82999986968935,2.93999993428588,1983,4,1983
51.8667,10.3333,1983-04-07,0.739999983459711,5.14999988488853,2.94499993417412,1983,4,1983
51.8667,10.3333,1983-04-08,0.409999990835786,5.12999988533556,2.76999993808568,1983,4,1983
51.8667,10.3333,1983-04-09,0.119999997317791,6.54999985359609,3.33499992545694,1983,4,1983
51.8667,10.3333,1983-04-10,1.06999997608364,7.79999982565641,4.43499990087003,1983,4,1983
51.8667,10.3333,1983-04-11,-0.509999988600612,9.33999979123473,4.41499990131706,1983,4,1983
51.8667,10.3333,1983-04-12,3.97999991104007,11.9399997331202,7.95999982208014,1983,4,1983
51.8667,10.3333,1983-04-13,1.19999997317791,7.16999983973801,4.18499990645796,1983,4,1983
51.8667,10.3333,1983-04-14,-0.439999990165234,5.2799998819828,2.41999994590878,1983,4,1983
51.8667,10.3333,1983-04-15,0.219999995082617,4.8199998922646,2.51999994367361,1983,4,1983
51.8667,10.3333,1983-04-16,2.08999995328486,5.75999987125397,3.92499991226941,1983,4,1983
51.8667,10.3333,1983-04-17,1.67999996244907,14.1799996830523,7.92999982275069,1983,4,1983
51.8667,10.3333,1983-04-18,5.58999987505376,18.069999596104,11.8299997355789,1983,4,1983
51.8667,10.3333,1983-04-19,8.95999979972839,18.9099995773286,13.9349996885285,1983,4,1983
51.8667,10.3333,1983-04-20,8.24999981559813,16.099999640137,12.1749997278675,1983,4,1983
51.8667,10.3333,1983-04-21,2.04999995417893,13.0499997083098,7.54999983124435,1983,4,1983
51.8667,10.3333,1983-04-22,6.99999984353781,19.3199995681643,13.1599997058511,1983,4,1983
51.8667,10.3333,1983-04-23,3.56999992020428,16.5199996307492,10.0449997754768,1983,4,1983
51.8667,10.3333,1983-04-24,1.17999997362494,17.6299996059388,9.40499978978187,1983,4,1983
51.8667,10.3333,1983-04-25,5.20999988354743,11.0399997532368,8.1249998183921,1983,4,1983
51.8667,10.3333,1983-04-26,1.52999996580184,17.0399996191263,9.28499979246408,1983,4,1983
51.8667,10.3333,1983-04-27,8.23999981582165,18.2799995914102,13.2599997036159,1983,4,1983
51.8667,10.3333,1983-04-28,7.03999984264374,13.2599997036159,10.1499997731298,1983,4,1983
51.8667,10.3333,1983-04-29,4.97999988868833,14.5799996741116,9.77999978139997,1983,4,1983
51.8667,10.3333,1983-04-30,4.00999991036952,11.5699997413903,7.78999982587993,1983,4,1983
51.8667,10.3333,1983-05-01,2.31999994814396,15.6199996508658,8.96999979950488,1983,5,NA
51.8667,10.3333,1983-05-02,6.09999986365438,12.8699997123331,9.48499978799373,1983,5,NA
51.8667,10.3333,1983-05-03,5.45999987795949,12.2599997259676,8.85999980196357,1983,5,NA
51.8667,10.3333,1983-05-04,3.82999991439283,8.15999981760979,5.99499986600131,1983,5,NA
51.8667,10.3333,1983-05-05,4.34999990276992,9.33999979123473,6.84499984700233,1983,5,NA
51.8667,10.3333,1983-05-06,3.58999991975725,9.96999977715313,6.77999984845519,1983,5,NA
51.8667,10.3333,1983-05-07,0.249999994412065,14.8299996685237,7.53999983146787,1983,5,NA
51.8667,10.3333,1983-05-08,6.95999984443188,14.4999996758997,10.7299997601658,1983,5,NA
51.8667,10.3333,1983-05-09,7.5199998319149,13.2699997033924,10.3949997676536,1983,5,NA
51.8667,10.3333,1983-05-10,5.90999986790121,13.0899997074157,9.49999978765845,1983,5,NA
51.8667,10.3333,1983-05-11,5.69999987259507,10.879999756813,8.28999981470406,1983,5,NA
51.8667,10.3333,1983-05-12,4.58999989740551,12.4799997210503,8.53499980922788,1983,5,NA
51.8667,10.3333,1983-05-13,5.74999987147748,14.3299996796995,10.0399997755885,1983,5,NA
51.8667,10.3333,1983-05-14,5.89999986812472,11.6299997400492,8.76499980408698,1983,5,NA
51.8667,10.3333,1983-05-15,4.96999988891184,15.6199996508658,10.2949997698888,1983,5,NA
51.8667,10.3333,1983-05-16,8.98999979905784,18.0499995965511,13.5199996978045,1983,5,NA
51.8667,10.3333,1983-05-17,10.9599997550249,19.0599995739758,15.0099996645004,1983,5,NA
51.8667,10.3333,1983-05-18,8.4399998113513,18.4499995876104,13.4449996994808,1983,5,NA
51.8667,10.3333,1983-05-19,7.86999982409179,15.4899996537715,11.6799997389317,1983,5,NA
51.8667,10.3333,1983-05-20,5.40999987907708,14.5399996750057,9.97499977704138,1983,5,NA
51.8667,10.3333,1983-05-21,5.06999988667667,17.7299996037036,11.3999997451901,1983,5,NA
51.8667,10.3333,1983-05-22,9.9899997767061,22.4899994973093,16.2399996370077,1983,5,NA
51.8667,10.3333,1983-05-23,7.45999983325601,13.3799997009337,10.4199997670949,1983,5,NA
51.8667,10.3333,1983-05-24,6.58999985270202,9.11999979615211,7.85499982442707,1983,5,NA
51.8667,10.3333,1983-05-25,6.52999985404313,9.62999978475273,8.07999981939793,1983,5,NA
51.8667,10.3333,1983-05-26,7.32999983616173,9.99999977648258,8.66499980632216,1983,5,NA
51.8667,10.3333,1983-05-27,7.39999983459711,11.6799997389317,9.53999978676438,1983,5,NA
51.8667,10.3333,1983-05-28,6.12999986298382,9.03999979794025,7.58499983046204,1983,5,NA
51.8667,10.3333,1983-05-29,5.0499998871237,10.1599997729063,7.604999830015,1983,5,NA
51.8667,10.3333,1983-05-30,4.55999989807606,10.4099997673184,7.48499983269721,1983,5,NA
51.8667,10.3333,1983-05-31,6.17999986186624,13.0899997074157,9.63499978464097,1983,5,NA
51.8667,10.3333,1983-06-01,4.33999990299344,18.8099995795637,11.5749997412786,1983,6,NA
51.8667,10.3333,1983-06-02,10.1299997735769,23.3899994771928,16.7599996253848,1983,6,NA
51.8667,10.3333,1983-06-03,11.9599997326732,19.4099995661527,15.6849996494129,1983,6,NA
51.8667,10.3333,1983-06-04,7.00999984331429,19.1699995715171,13.0899997074157,1983,6,NA
51.8667,10.3333,1983-06-05,10.1399997733533,24.2599994577467,17.19999961555,1983,6,NA
51.8667,10.3333,1983-06-06,11.0099997539073,19.4299995657057,15.2199996598065,1983,6,NA
51.8667,10.3333,1983-06-07,6.13999986276031,13.9699996877462,10.0549997752532,1983,6,NA
51.8667,10.3333,1983-06-08,3.81999991461635,18.5799995847046,11.1999997496605,1983,6,NA
51.8667,10.3333,1983-06-09,8.6099998075515,25.0799994394183,16.8449996234849,1983,6,NA
51.8667,10.3333,1983-06-10,14.1799996830523,21.1899995263666,17.6849996047094,1983,6,NA
51.8667,10.3333,1983-06-11,10.8899997565895,16.6699996273965,13.779999691993,1983,6,NA
51.8667,10.3333,1983-06-12,6.85999984666705,18.7499995809048,12.8049997137859,1983,6,NA
51.8667,10.3333,1983-06-13,9.73999978229403,21.3699995223433,15.5549996523187,1983,6,NA
51.8667,10.3333,1983-06-14,12.039999730885,19.1299995724112,15.5849996516481,1983,6,NA
51.8667,10.3333,1983-06-15,9.94999977760017,17.7199996039271,13.8349996907637,1983,6,NA
51.8667,10.3333,1983-06-16,5.00999988801777,13.1699997056276,9.08999979682267,1983,6,NA
51.8667,10.3333,1983-06-17,6.11999986320734,11.7199997380376,8.91999980062246,1983,6,NA
51.8667,10.3333,1983-06-18,5.03999988734722,8.58999980799854,6.81499984767288,1983,6,NA
51.8667,10.3333,1983-06-19,5.46999987773597,16.0099996421486,10.7399997599423,1983,6,NA
51.8667,10.3333,1983-06-20,8.94999979995191,20.0599995516241,14.504999675788,1983,6,NA
51.8667,10.3333,1983-06-21,9.55999978631735,21.0899995286018,15.3249996574596,1983,6,NA
51.8667,10.3333,1983-06-22,10.5199997648597,24.3999994546175,17.4599996097386,1983,6,NA
51.8667,10.3333,1983-06-23,13.489999698475,23.0899994838983,18.2899995911866,1983,6,NA
51.8667,10.3333,1983-06-24,10.8399997577071,23.6499994713813,17.2449996145442,1983,6,NA
51.8667,10.3333,1983-06-25,11.3999997451901,26.9099993985146,19.1549995718524,1983,6,NA
51.8667,10.3333,1983-06-26,14.5499996747822,21.54999951832,18.0499995965511,1983,6,NA
51.8667,10.3333,1983-06-27,10.4699997659773,20.0699995514005,15.2699996586889,1983,6,NA
51.8667,10.3333,1983-06-28,11.1199997514486,17.8099996019155,14.4649996766821,1983,6,NA
51.8667,10.3333,1983-06-29,6.93999984487891,12.0699997302145,9.50499978754669,1983,6,NA
51.8667,10.3333,1983-06-30,7.18999983929098,12.4799997210503,9.83499978017062,1983,6,NA
51.8667,10.3333,1983-07-01,12.0999997295439,15.9599996432662,14.0299996864051,1983,7,NA
51.8667,10.3333,1983-07-02,9.08999979682267,14.2899996805936,11.6899997387081,1983,7,NA
51.8667,10.3333,1983-07-03,4.72999989427626,19.1699995715171,11.9499997328967,1983,7,NA
51.8667,10.3333,1983-07-04,10.4099997673184,21.1499995272607,15.7799996472895,1983,7,NA
51.8667,10.3333,1983-07-05,8.62999980710447,21.839999511838,15.2349996594712,1983,7,NA
51.8667,10.3333,1983-07-06,9.5899997856468,23.4699994754046,16.5299996305257,1983,7,NA
51.8667,10.3333,1983-07-07,13.1899997051805,26.5699994061142,19.8799995556474,1983,7,NA
51.8667,10.3333,1983-07-08,14.4799996763468,26.4499994087964,20.4649995425716,1983,7,NA
51.8667,10.3333,1983-07-09,16.1499996390194,26.2899994123727,21.219999525696,1983,7,NA
51.8667,10.3333,1983-07-10,12.079999729991,26.4799994081259,19.2799995690584,1983,7,NA
51.8667,10.3333,1983-07-11,13.0099997092038,27.9299993757159,20.4699995424598,1983,7,NA
51.8667,10.3333,1983-07-12,14.359999679029,27.9199993759394,21.1399995274842,1983,7,NA
51.8667,10.3333,1983-07-13,14.3899996783584,26.8099994007498,20.5999995395541,1983,7,NA
51.8667,10.3333,1983-07-14,12.1199997290969,21.7799995131791,16.949999621138,1983,7,NA
51.8667,10.3333,1983-07-15,9.76999978162348,15.4699996542186,12.619999717921,1983,7,NA
51.8667,10.3333,1983-07-16,8.35999981313944,24.4799994528294,16.4199996329844,1983,7,NA
51.8667,10.3333,1983-07-17,16.4099996332079,25.9899994190782,21.1999995261431,1983,7,NA
51.8667,10.3333,1983-07-18,13.0999997071922,29.0299993511289,21.0649995291606,1983,7,NA
51.8667,10.3333,1983-07-19,15.1199996620417,26.2499994132668,20.6849995376542,1983,7,NA
51.8667,10.3333,1983-07-20,14.2699996810406,20.8799995332956,17.5749996071681,1983,7,NA
51.8667,10.3333,1983-07-21,8.51999980956316,15.7499996479601,12.1349997287616,1983,7,NA
51.8667,10.3333,1983-07-22,5.84999986924231,16.1599996387959,11.0049997540191,1983,7,NA
51.8667,10.3333,1983-07-23,7.19999983906746,23.559999473393,15.3799996562302,1983,7,NA
51.8667,10.3333,1983-07-24,10.0899997744709,26.6999994032085,18.3949995888397,1983,7,NA
51.8667,10.3333,1983-07-25,13.0299997087568,26.7799994014204,19.9049995550886,1983,7,NA
51.8667,10.3333,1983-07-26,14.4699996765703,22.9499994870275,18.7099995817989,1983,7,NA
51.8667,10.3333,1983-07-27,14.5399996750057,28.7599993571639,21.6499995160848,1983,7,NA
51.8667,10.3333,1983-07-28,17.0199996195734,27.3699993882328,22.1949995039031,1983,7,NA
51.8667,10.3333,1983-07-29,13.9899996872991,20.9899995308369,17.489999609068,1983,7,NA
51.8667,10.3333,1983-07-30,11.0299997534603,17.3099996130913,14.1699996832758,1983,7,NA
51.8667,10.3333,1983-07-31,13.4199997000396,22.109999505803,17.7649996029213,1983,7,NA
51.8667,10.3333,1983-08-01,8.95999979972839,28.409999364987,18.6849995823577,1983,8,NA
51.8667,10.3333,1983-08-02,16.5899996291846,26.7299994025379,21.6599995158613,1983,8,NA
51.8667,10.3333,1983-08-03,12.3599997237325,19.2599995695055,15.809999646619,1983,8,NA
51.8667,10.3333,1983-08-04,10.4899997655302,14.9599996656179,12.7249997155741,1983,8,NA
51.8667,10.3333,1983-08-05,8.98999979905784,13.4799996986985,11.2349997488782,1983,8,NA
51.8667,10.3333,1983-08-06,9.36999979056418,12.9599997103214,11.1649997504428,1983,8,NA
51.8667,10.3333,1983-08-07,10.3999997675419,15.2899996582419,12.8449997128919,1983,8,NA
51.8667,10.3333,1983-08-08,9.86999977938831,19.7699995581061,14.8199996687472,1983,8,NA
51.8667,10.3333,1983-08-09,12.9499997105449,22.959999486804,17.9549995986745,1983,8,NA
51.8667,10.3333,1983-08-10,11.5799997411668,23.4799994751811,17.529999608174,1983,8,NA
51.8667,10.3333,1983-08-11,11.8099997360259,23.6799994707108,17.7449996033683,1983,8,NA
51.8667,10.3333,1983-08-12,11.4199997447431,23.4699994754046,17.4449996100739,1983,8,NA
51.8667,10.3333,1983-08-13,9.56999978609383,21.1299995277077,15.3499996569008,1983,8,NA
51.8667,10.3333,1983-08-14,9.5299997869879,16.6799996271729,13.1049997070804,1983,8,NA
51.8667,10.3333,1983-08-15,8.44999981112778,14.5499996747822,11.499999742955,1983,8,NA
51.8667,10.3333,1983-08-16,6.21999986097217,21.9899995084852,14.1049996847287,1983,8,NA
51.8667,10.3333,1983-08-17,11.1799997501075,21.529999518767,16.3549996344373,1983,8,NA
51.8667,10.3333,1983-08-18,12.8399997130036,22.6399994939566,17.7399996034801,1983,8,NA
51.8667,10.3333,1983-08-19,13.509999698028,23.829999467358,18.669999582693,1983,8,NA
51.8667,10.3333,1983-08-20,13.4199997000396,26.9499993976206,20.1849995488301,1983,8,NA
51.8667,10.3333,1983-08-21,14.939999666065,26.3299994114786,20.6349995387718,1983,8,NA
51.8667,10.3333,1983-08-22,13.9999996870756,26.6299994047731,20.3149995459244,1983,8,NA
51.8667,10.3333,1983-08-23,14.2799996808171,24.5199994519353,19.3999995663762,1983,8,NA
51.8667,10.3333,1983-08-24,13.1199997067451,23.1099994834512,18.1149995950982,1983,8,NA
51.8667,10.3333,1983-08-25,12.3599997237325,23.5299994740635,17.944999598898,1983,8,NA
51.8667,10.3333,1983-08-26,13.6999996937811,23.8199994675815,18.7599995806813,1983,8,NA
51.8667,10.3333,1983-08-27,11.209999749437,23.3999994769692,17.3049996132031,1983,8,NA
51.8667,10.3333,1983-08-28,10.1899997722358,22.5299994964153,16.3599996343255,1983,8,NA
51.8667,10.3333,1983-08-29,10.1599997729063,18.4099995885044,14.2849996807054,1983,8,NA
51.8667,10.3333,1983-08-30,7.15999983996153,19.9199995547533,13.5399996973574,1983,8,NA
51.8667,10.3333,1983-08-31,6.6599998511374,22.939999487251,14.7999996691942,1983,8,NA
51.8667,10.3333,1983-09-01,8.00999982096255,24.9999994412065,16.5049996310845,1983,9,NA
51.8667,10.3333,1983-09-02,12.4099997226149,24.2499994579703,18.3299995902926,1983,9,NA
51.8667,10.3333,1983-09-03,14.1399996839464,20.7199995368719,17.4299996104091,1983,9,NA
51.8667,10.3333,1983-09-04,10.2799997702241,17.5699996072799,13.924999688752,1983,9,NA
51.8667,10.3333,1983-09-05,9.96999977715313,16.059999641031,13.0149997090921,1983,9,NA
51.8667,10.3333,1983-09-06,11.6099997404963,18.0099995974451,14.8099996689707,1983,9,NA
51.8667,10.3333,1983-09-07,7.54999983124435,15.809999646619,11.6799997389317,1983,9,NA
51.8667,10.3333,1983-09-08,4.54999989829957,11.2299997489899,7.88999982364476,1983,9,NA
51.8667,10.3333,1983-09-09,5.76999987103045,14.8399996683002,10.3049997696653,1983,9,NA
51.8667,10.3333,1983-09-10,10.3699997682124,16.3399996347725,13.3549997014925,1983,9,NA
51.8667,10.3333,1983-09-11,10.5199997648597,17.3999996110797,13.9599996879697,1983,9,NA
51.8667,10.3333,1983-09-12,9.66999978385866,14.6999996714294,12.184999727644,1983,9,NA
51.8667,10.3333,1983-09-13,8.70999980531633,10.7899997588247,9.74999978207052,1983,9,NA
51.8667,10.3333,1983-09-14,7.48999983258545,11.3999997451901,9.4449997888878,1983,9,NA
51.8667,10.3333,1983-09-15,7.26999983750284,13.3499997016042,10.3099997695535,1983,9,NA
51.8667,10.3333,1983-09-16,10.6199997626245,19.0999995730817,14.8599996678531,1983,9,NA
51.8667,10.3333,1983-09-17,10.0999997742474,15.20999966003,12.6549997171387,1983,9,NA
51.8667,10.3333,1983-09-18,7.93999982252717,12.9699997100979,10.4549997663125,1983,9,NA
51.8667,10.3333,1983-09-19,8.70999980531633,14.2399996817112,11.4749997435138,1983,9,NA
51.8667,10.3333,1983-09-20,11.2699997480959,15.4599996544421,13.364999701269,1983,9,NA
51.8667,10.3333,1983-09-21,7.1199998408556,14.8599996678531,10.9899997543544,1983,9,NA
51.8667,10.3333,1983-09-22,5.68999987281859,15.3399996571243,10.5149997649714,1983,9,NA
51.8667,10.3333,1983-09-23,7.43999983370304,14.1499996837229,10.7949997587129,1983,9,NA
51.8667,10.3333,1983-09-24,4.21999990567565,15.8399996459484,10.029999775812,1983,9,NA
51.8667,10.3333,1983-09-25,7.27999983727932,22.3899994995445,14.8349996684119,1983,9,NA
51.8667,10.3333,1983-09-26,6.60999985225499,16.8899996224791,11.749999737367,1983,9,NA
51.8667,10.3333,1983-09-27,3.86999991349876,16.7399996258318,10.3049997696653,1983,9,NA
51.8667,10.3333,1983-09-28,7.81999982520938,22.3699994999915,15.0949996626005,1983,9,NA
51.8667,10.3333,1983-09-29,9.15999979525805,17.7299996037036,13.4449996994808,1983,9,NA
51.8667,10.3333,1983-09-30,7.90999982319772,19.9499995540828,13.9299996886402,1983,9,NA
51.8667,10.3333,1983-10-01,6.07999986410141,12.8799997121096,9.47999978810549,1983,10,1984
51.8667,10.3333,1983-10-02,0.449999989941716,11.8399997353554,6.14499986264855,1983,10,1984
51.8667,10.3333,1983-10-03,3.99999991059303,13.1299997065216,8.56499980855733,1983,10,1984
51.8667,10.3333,1983-10-04,11.749999737367,15.6099996510893,13.6799996942282,1983,10,1984
51.8667,10.3333,1983-10-05,14.2399996817112,21.4799995198846,17.8599996007979,1983,10,1984
51.8667,10.3333,1983-10-06,11.3999997451901,18.1199995949864,14.7599996700883,1983,10,1984
51.8667,10.3333,1983-10-07,9.17999979481101,12.059999730438,10.6199997626245,1983,10,1984
51.8667,10.3333,1983-10-08,8.42999981157482,12.1899997275323,10.3099997695535,1983,10,1984
51.8667,10.3333,1983-10-09,6.12999986298382,10.629999762401,8.3799998126924,1983,10,1984
51.8667,10.3333,1983-10-10,3.54999992065132,10.0199997760355,6.78499984834343,1983,10,1984
51.8667,10.3333,1983-10-11,3.70999991707504,11.6399997398257,7.67499982845038,1983,10,1984
51.8667,10.3333,1983-10-12,5.42999987863004,10.5199997648597,7.97499982174486,1983,10,1984
51.8667,10.3333,1983-10-13,5.29999988153577,9.02999979816377,7.16499983984977,1983,10,1984
51.8667,10.3333,1983-10-14,5.81999986991286,16.7899996247143,11.3049997473136,1983,10,1984
51.8667,10.3333,1983-10-15,7.44999983347952,14.4199996776879,10.9349997555837,1983,10,1984
51.8667,10.3333,1983-10-16,6.1999998614192,11.4399997442961,8.81999980285764,1983,10,1984
51.8667,10.3333,1983-10-17,6.43999985605478,11.5599997416139,8.99999979883432,1983,10,1984
51.8667,10.3333,1983-10-18,5.24999988265336,7.38999983482063,6.31999985873699,1983,10,1984
51.8667,10.3333,1983-10-19,4.92999988980591,8.54999980889261,6.73999984934926,1983,10,1984
51.8667,10.3333,1983-10-20,6.55999985337257,11.4899997431785,9.02499979827553,1983,10,1984
51.8667,10.3333,1983-10-21,3.58999991975725,7.8099998254329,5.69999987259507,1983,10,1984
51.8667,10.3333,1983-10-22,2.33999994769692,6.8899998459965,4.61499989684671,1983,10,1984
51.8667,10.3333,1983-10-23,1.56999996490777,6.03999986499548,3.80499991495162,1983,10,1984
51.8667,10.3333,1983-10-24,-1.66999996267259,9.62999978475273,3.97999991104007,1983,10,1984
51.8667,10.3333,1983-10-25,-1.53999996557832,8.27999981492758,3.36999992467463,1983,10,1984
51.8667,10.3333,1983-10-26,-3.05999993160367,6.06999986432493,1.50499996636063,1983,10,1984
51.8667,10.3333,1983-10-27,4.60999989695847,8.85999980196357,6.73499984946102,1983,10,1984
51.8667,10.3333,1983-10-28,4.96999988891184,13.6599996946752,9.31499979179353,1983,10,1984
51.8667,10.3333,1983-10-29,3.3299999255687,9.40999978967011,6.3699998576194,1983,10,1984
51.8667,10.3333,1983-10-30,-0.959999978542328,5.21999988332391,2.12999995239079,1983,10,1984
51.8667,10.3333,1983-10-31,-2.98999993316829,5.51999987661839,1.26499997172505,1983,10,1984
51.8667,10.3333,1983-11-01,1.17999997362494,6.92999984510243,4.05499990936369,1983,11,1984
51.8667,10.3333,1983-11-02,4.46999990008771,8.25999981537461,6.36499985773116,1983,11,1984
51.8667,10.3333,1983-11-03,5.45999987795949,9.67999978363514,7.56999983079731,1983,11,1984
51.8667,10.3333,1983-11-04,3.91999991238117,12.1399997286499,8.02999982051551,1983,11,1984
51.8667,10.3333,1983-11-05,2.39999994635582,12.8999997116625,7.64999982900918,1983,11,1984
51.8667,10.3333,1983-11-06,4.58999989740551,13.7399996928871,9.16499979514629,1983,11,1984
51.8667,10.3333,1983-11-07,2.83999993652105,12.9199997112155,7.87999982386827,1983,11,1984
51.8667,10.3333,1983-11-08,2.77999993786216,13.5999996960163,8.18999981693923,1983,11,1984
51.8667,10.3333,1983-11-09,3.39999992400408,15.4599996544421,9.42999978922307,1983,11,1984
51.8667,10.3333,1983-11-10,4.40999990142882,16.8799996227026,10.6449997620657,1983,11,1984
51.8667,10.3333,1983-11-11,3.31999992579222,14.3699996788055,8.84499980229884,1983,11,1984
51.8667,10.3333,1983-11-12,0.129999997094274,7.29999983683228,3.71499991696328,1983,11,1984
51.8667,10.3333,1983-11-13,-4.27999990433455,3.33999992534518,-0.469999989494681,1983,11,1984
51.8667,10.3333,1983-11-14,-6.38999985717237,-0.0899999979883432,-3.23999992758036,1983,11,1984
51.8667,10.3333,1983-11-15,-9.9899997767061,-1.0899999756366,-5.53999987617135,1983,11,1984
51.8667,10.3333,1983-11-16,-8.6099998075515,-1.28999997116625,-4.94999988935888,1983,11,1984
51.8667,10.3333,1983-11-17,-1.7799999602139,2.009999955073,0.11499999742955,1983,11,1984
51.8667,10.3333,1983-11-18,-1.89999995753169,1.78999995999038,-0.0549999987706542,1983,11,1984
51.8667,10.3333,1983-11-19,-3.52999992109835,0.899999979883432,-1.31499997060746,1983,11,1984
51.8667,10.3333,1983-11-20,-0.179999995976686,2.33999994769692,1.07999997586012,1983,11,1984
51.8667,10.3333,1983-11-21,1.03999997675419,2.64999994076788,1.84499995876104,1983,11,1984
51.8667,10.3333,1983-11-22,-1.74999996088445,2.04999995417893,0.149999996647239,1983,11,1984
51.8667,10.3333,1983-11-23,-2.53999994322658,-0.459999989718199,-1.49999996647239,1983,11,1984
51.8667,10.3333,1983-11-24,-1.15999997407198,1.51999996602535,0.179999995976686,1983,11,1984
51.8667,10.3333,1983-11-25,-3.92999991215765,2.16999995149672,-0.879999980330467,1983,11,1984
51.8667,10.3333,1983-11-26,-1.88999995775521,7.39999983459711,2.75499993842095,1983,11,1984
51.8667,10.3333,1983-11-27,7.18999983929098,10.6199997626245,8.90499980095774,1983,11,1984
51.8667,10.3333,1983-11-28,5.43999987840652,11.7399997375906,8.58999980799854,1983,11,1984
51.8667,10.3333,1983-11-29,0.549999987706542,6.23999986052513,3.39499992411584,1983,11,1984
51.8667,10.3333,1983-11-30,-0.169999996200204,4.28999990411103,2.05999995395541,1983,11,1984
51.8667,10.3333,1983-12-01,-4.55999989807606,1.38999996893108,-1.58499996457249,1983,12,1984
51.8667,10.3333,1983-12-02,-8.32999981380999,-2.79999993741512,-5.56499987561256,1983,12,1984
51.8667,10.3333,1983-12-03,-10.3299997691065,-3.76999991573393,-7.04999984242022,1983,12,1984
51.8667,10.3333,1983-12-04,-9.43999978899956,0.61999998614192,-4.40999990142882,1983,12,1984
51.8667,10.3333,1983-12-05,-5.93999986723065,2.72999993897974,-1.60499996412545,1983,12,1984
51.8667,10.3333,1983-12-06,-1.99999995529652,5.26999988220632,1.6349999634549,1983,12,1984
51.8667,10.3333,1983-12-07,-2.15999995172024,2.14999995194376,-0.00499999988824129,1983,12,1984
51.8667,10.3333,1983-12-08,-5.42999987863004,0.279999993741512,-2.57499994244426,1983,12,1984
51.8667,10.3333,1983-12-09,-7.39999983459711,-0.759999983012676,-4.07999990880489,1983,12,1984
51.8667,10.3333,1983-12-10,-1.64999996311963,0.639999985694885,-0.50499998871237,1983,12,1984
51.8667,10.3333,1983-12-11,-5.80999987013638,1.33999997004867,-2.23499995004386,1983,12,1984
51.8667,10.3333,1983-12-12,-11.2999997474253,-2.65999994054437,-6.97999984398484,1983,12,1984
51.8667,10.3333,1983-12-13,-13.0599997080863,-4.13999990746379,-8.59999980777502,1983,12,1984
51.8667,10.3333,1983-12-14,-12.1599997282028,-3.83999991416931,-7.99999982118607,1983,12,1984
51.8667,10.3333,1983-12-15,-8.6099998075515,-1.85999995842576,-5.23499988298863,1983,12,1984
51.8667,10.3333,1983-12-16,-6.72999984957278,2.2399999499321,-2.24499994982034,1983,12,1984
51.8667,10.3333,1983-12-17,-11.479999743402,-3.12999993003905,-7.30499983672053,1983,12,1984
51.8667,10.3333,1983-12-18,-9.11999979615211,3.61999991908669,-2.74999993853271,1983,12,1984
51.8667,10.3333,1983-12-19,-0.779999982565641,3.88999991305172,1.55499996524304,1983,12,1984
51.8667,10.3333,1983-12-20,-0.199999995529652,4.84999989159405,2.3249999480322,1983,12,1984
51.8667,10.3333,1983-12-21,2.09999995306134,4.45999990031123,3.27999992668629,1983,12,1984
51.8667,10.3333,1983-12-22,1.64999996311963,5.09999988600612,3.37499992456287,1983,12,1984
51.8667,10.3333,1983-12-23,1.4899999666959,3.98999991081655,2.73999993875623,1983,12,1984
51.8667,10.3333,1983-12-24,2.20999995060265,5.71999987214804,3.96499991137534,1983,12,1984
51.8667,10.3333,1983-12-25,2.30999994836748,8.25999981537461,5.28499988187104,1983,12,1984
51.8667,10.3333,1983-12-26,5.89999986812472,9.00999979861081,7.45499983336776,1983,12,1984
51.8667,10.3333,1983-12-27,1.25999997183681,7.0599998421967,4.15999990701675,1983,12,1984
51.8667,10.3333,1983-12-28,-0.329999992623925,4.23999990522861,1.95499995630234,1983,12,1984
51.8667,10.3333,1983-12-29,3.88999991305172,7.86999982409179,5.87999986857176,1983,12,1984
51.8667,10.3333,1983-12-30,4.49999989941716,7.37999983504415,5.93999986723065,1983,12,1984
51.8667,10.3333,1983-12-31,1.13999997451901,7.14999984018505,4.14499990735203,1983,12,1984
51.8667,10.3333,1984-01-01,0.179999995976686,3.29999992623925,1.73999996110797,1984,1,1984
51.8667,10.3333,1984-01-02,2.01999995484948,4.76999989338219,3.39499992411584,1984,1,1984
51.8667,10.3333,1984-01-03,2.39999994635582,4.33999990299344,3.36999992467463,1984,1,1984
51.8667,10.3333,1984-01-04,-0.0699999984353781,4.36999990232289,2.14999995194376,1984,1,1984
51.8667,10.3333,1984-01-05,-1.70999996177852,1.52999996580184,-0.0899999979883432,1984,1,1984
51.8667,10.3333,1984-01-06,-1.91999995708466,0.239999994635582,-0.839999981224537,1984,1,1984
51.8667,10.3333,1984-01-07,-1.57999996468425,1.33999997004867,-0.119999997317791,1984,1,1984
51.8667,10.3333,1984-01-08,-0.239999994635582,1.28999997116625,0.524999988265336,1984,1,1984
51.8667,10.3333,1984-01-09,-1.00999997742474,0.699999984353781,-0.15499999653548,1984,1,1984
51.8667,10.3333,1984-01-10,-3.21999992802739,-0.0399999991059303,-1.62999996356666,1984,1,1984
51.8667,10.3333,1984-01-11,-4.88999989069998,-1.32999997027218,-3.10999993048608,1984,1,1984
51.8667,10.3333,1984-01-12,-2.81999993696809,1.63999996334314,-0.589999986812472,1984,1,1984
51.8667,10.3333,1984-01-13,0.789999982342124,1.76999996043742,1.27999997138977,1984,1,1984
51.8667,10.3333,1984-01-14,-1.01999997720122,2.71999993920326,0.849999981001019,1984,1,1984
51.8667,10.3333,1984-01-15,0.449999989941716,5.26999988220632,2.85999993607402,1984,1,1984
51.8667,10.3333,1984-01-16,-2.16999995149672,1.85999995842576,-0.15499999653548,1984,1,1984
51.8667,10.3333,1984-01-17,-1.69999996200204,1.15999997407198,-0.26999999396503,1984,1,1984
51.8667,10.3333,1984-01-18,-0.219999995082617,4.78999989293516,2.28499994892627,1984,1,1984
51.8667,10.3333,1984-01-19,-1.55999996513128,0.319999992847443,-0.61999998614192,1984,1,1984
51.8667,10.3333,1984-01-20,-4.37999990209937,-0.0999999977648258,-2.2399999499321,1984,1,1984
51.8667,10.3333,1984-01-21,-5.83999986946583,-1.18999997340143,-3.51499992143363,1984,1,1984
51.8667,10.3333,1984-01-22,-8.19999981671572,-3.10999993048608,-5.6549998736009,1984,1,1984
51.8667,10.3333,1984-01-23,-8.48999981023371,-5.24999988265336,-6.86999984644353,1984,1,1984
51.8667,10.3333,1984-01-24,-7.08999984152615,-2.20999995060265,-4.6499998960644,1984,1,1984
51.8667,10.3333,1984-01-25,-2.58999994210899,0.289999993517995,-1.1499999742955,1984,1,1984
51.8667,10.3333,1984-01-26,-3.48999992199242,-0.699999984353781,-2.0949999531731,1984,1,1984
51.8667,10.3333,1984-01-27,-9.20999979414046,-1.43999996781349,-5.32499988097697,1984,1,1984
51.8667,10.3333,1984-01-28,-3.3299999255687,2.03999995440245,-0.644999985583127,1984,1,1984
51.8667,10.3333,1984-01-29,-0.289999993517995,3.31999992579222,1.51499996613711,1984,1,1984
51.8667,10.3333,1984-01-30,0.61999998614192,2.31999994814396,1.46999996714294,1984,1,1984
51.8667,10.3333,1984-01-31,0.319999992847443,2.6999999396503,1.50999996624887,1984,1,1984
51.8667,10.3333,1984-02-01,-0.289999993517995,1.47999996691942,0.594999986700714,1984,2,1984
51.8667,10.3333,1984-02-02,-1.97999995574355,1.0899999756366,-0.444999990053475,1984,2,1984
51.8667,10.3333,1984-02-03,-0.359999991953373,3.16999992914498,1.4049999685958,1984,2,1984
51.8667,10.3333,1984-02-04,0.159999996423721,2.64999994076788,1.4049999685958,1984,2,1984
51.8667,10.3333,1984-02-05,0.429999990388751,2.59999994188547,1.51499996613711,1984,2,1984
51.8667,10.3333,1984-02-06,-0.199999995529652,5.58999987505376,2.69499993976206,1984,2,1984
51.8667,10.3333,1984-02-07,-1.50999996624887,2.15999995172024,0.324999992735684,1984,2,1984
51.8667,10.3333,1984-02-08,-1.76999996043742,0.999999977648258,-0.384999991394579,1984,2,1984
51.8667,10.3333,1984-02-09,-1.75999996066093,0.689999984577298,-0.534999988041818,1984,2,1984
51.8667,10.3333,1984-02-10,-2.90999993495643,0.339999992400408,-1.28499997127801,1984,2,1984
51.8667,10.3333,1984-02-11,-5.15999988466501,0.359999991953373,-2.39999994635582,1984,2,1984
51.8667,10.3333,1984-02-12,-1.44999996758997,2.01999995484948,0.284999993629754,1984,2,1984
51.8667,10.3333,1984-02-13,-6.76999984867871,-0.249999994412065,-3.50999992154539,1984,2,1984
51.8667,10.3333,1984-02-14,-6.35999985784292,-0.629999985918403,-3.49499992188066,1984,2,1984
51.8667,10.3333,1984-02-15,-6.37999985739589,-0.179999995976686,-3.27999992668629,1984,2,1984
51.8667,10.3333,1984-02-16,-7.12999984063208,-1.02999997697771,-4.07999990880489,1984,2,1984
51.8667,10.3333,1984-02-17,-10.2199997715652,-2.39999994635582,-6.30999985896051,1984,2,1984
51.8667,10.3333,1984-02-18,-12.1099997293204,-0.739999983459711,-6.42499985639006,1984,2,1984
51.8667,10.3333,1984-02-19,-13.0399997085333,-4.97999988868833,-9.00999979861081,1984,2,1984
51.8667,10.3333,1984-02-20,-10.1299997735769,-3.54999992065132,-6.83999984711409,1984,2,1984
51.8667,10.3333,1984-02-21,-8.8999998010695,-0.329999992623925,-4.61499989684671,1984,2,1984
51.8667,10.3333,1984-02-22,-5.82999986968935,3.35999992489815,-1.2349999723956,1984,2,1984
51.8667,10.3333,1984-02-23,-2.18999995104969,0.599999986588955,-0.794999982230365,1984,2,1984
51.8667,10.3333,1984-02-24,-3.11999993026257,0.61999998614192,-1.24999997206032,1984,2,1984
51.8667,10.3333,1984-02-25,-4.27999990433455,-1.34999996982515,-2.81499993707985,1984,2,1984
51.8667,10.3333,1984-02-26,-4.03999990969896,-2.04999995417893,-3.04499993193895,1984,2,1984
51.8667,10.3333,1984-02-27,-2.72999993897974,0.319999992847443,-1.20499997306615,1984,2,1984
51.8667,10.3333,1984-02-28,-1.28999997116625,0.649999985471368,-0.319999992847443,1984,2,1984
51.8667,10.3333,1984-02-29,-3.11999993026257,2.6999999396503,-0.209999995306134,1984,2,1984
51.8667,10.3333,1984-03-01,-6.18999986164272,4.66999989561737,-0.759999983012676,1984,3,1984
51.8667,10.3333,1984-03-02,-5.99999986588955,3.94999991171062,-1.02499997708946,1984,3,1984
51.8667,10.3333,1984-03-03,-4.66999989561737,1.02999997697771,-1.81999995931983,1984,3,1984
51.8667,10.3333,1984-03-04,-3.25999992713332,1.45999996736646,-0.899999979883432,1984,3,1984
51.8667,10.3333,1984-03-05,-6.8299998473376,-0.239999994635582,-3.53499992098659,1984,3,1984
51.8667,10.3333,1984-03-06,-3.33999992534518,1.72999996133149,-0.804999982006848,1984,3,1984
51.8667,10.3333,1984-03-07,-0.26999999396503,5.5699998755008,2.64999994076788,1984,3,1984
51.8667,10.3333,1984-03-08,-1.41999996826053,3.90999991260469,1.24499997217208,1984,3,1984
51.8667,10.3333,1984-03-09,-3.42999992333353,1.17999997362494,-1.12499997485429,1984,3,1984
51.8667,10.3333,1984-03-10,-6.7199998497963,-1.06999997608364,-3.89499991293997,1984,3,1984
51.8667,10.3333,1984-03-11,-8.96999979950488,-0.409999990835786,-4.68999989517033,1984,3,1984
51.8667,10.3333,1984-03-12,-6.54999985359609,3.64999991841614,-1.44999996758997,1984,3,1984
51.8667,10.3333,1984-03-13,-7.37999983504415,-0.00999999977648258,-3.69499991741031,1984,3,1984
51.8667,10.3333,1984-03-14,-3.07999993115664,1.81999995931983,-0.629999985918403,1984,3,1984
51.8667,10.3333,1984-03-15,-3.0399999320507,5.69999987259507,1.32999997027218,1984,3,1984
51.8667,10.3333,1984-03-16,-3.85999991372228,5.84999986924231,0.994999977760017,1984,3,1984
51.8667,10.3333,1984-03-17,-3.90999991260469,1.53999996557832,-1.18499997351319,1984,3,1984
51.8667,10.3333,1984-03-18,-4.19999990612268,1.8399999588728,-1.17999997362494,1984,3,1984
51.8667,10.3333,1984-03-19,-4.99999988824129,1.02999997697771,-1.98499995563179,1984,3,1984
51.8667,10.3333,1984-03-20,-7.76999982632697,0.699999984353781,-3.53499992098659,1984,3,1984
51.8667,10.3333,1984-03-21,-8.97999979928136,2.74999993853271,-3.11499993037432,1984,3,1984
51.8667,10.3333,1984-03-22,-8.2099998164922,4.56999989785254,-1.81999995931983,1984,3,1984
51.8667,10.3333,1984-03-23,-6.61999985203147,5.12999988533556,-0.744999983347952,1984,3,1984
51.8667,10.3333,1984-03-24,-5.54999987594783,6.5999998524785,0.524999988265336,1984,3,1984
51.8667,10.3333,1984-03-25,-3.22999992780387,8.21999981626868,2.4949999442324,1984,3,1984
51.8667,10.3333,1984-03-26,0.0499999988824129,6.53999985381961,3.29499992635101,1984,3,1984
51.8667,10.3333,1984-03-27,-0.92999997921288,8.4399998113513,3.75499991606921,1984,3,1984
51.8667,10.3333,1984-03-28,1.61999996379018,7.67999982833862,4.6499998960644,1984,3,1984
51.8667,10.3333,1984-03-29,2.6399999409914,9.85999977961183,6.24999986030161,1984,3,1984
51.8667,10.3333,1984-03-30,2.20999995060265,8.11999981850386,5.16499988455325,1984,3,1984
51.8667,10.3333,1984-03-31,-1.01999997720122,4.13999990746379,1.55999996513128,1984,3,1984
51.8667,10.3333,1984-04-01,-3.52999992109835,4.51999989897013,0.494999988935888,1984,4,1984
51.8667,10.3333,1984-04-02,-2.21999995037913,1.95999995619059,-0.129999997094274,1984,4,1984
51.8667,10.3333,1984-04-03,-3.29999992623925,-0.129999997094274,-1.71499996166676,1984,4,1984
51.8667,10.3333,1984-04-04,-2.90999993495643,-0.0899999979883432,-1.49999996647239,1984,4,1984
51.8667,10.3333,1984-04-05,-1.82999995909631,0.799999982118607,-0.514999988488853,1984,4,1984
51.8667,10.3333,1984-04-06,-1.86999995820224,3.18999992869794,0.65999998524785,1984,4,1984
51.8667,10.3333,1984-04-07,-1.95999995619059,4.80999989248812,1.42499996814877,1984,4,1984
51.8667,10.3333,1984-04-08,-1.12999997474253,4.37999990209937,1.62499996367842,1984,4,1984
51.8667,10.3333,1984-04-09,-1.49999996647239,5.82999986968935,2.16499995160848,1984,4,1984
51.8667,10.3333,1984-04-10,-0.859999980777502,3.69999991729856,1.41999996826053,1984,4,1984
51.8667,10.3333,1984-04-11,-1.91999995708466,5.28999988175929,1.68499996233732,1984,4,1984
51.8667,10.3333,1984-04-12,1.25999997183681,6.80999984778464,4.03499990981072,1984,4,1984
51.8667,10.3333,1984-04-13,0.919999979436398,4.62999989651144,2.77499993797392,1984,4,1984
51.8667,10.3333,1984-04-14,-2.20999995060265,9.85999977961183,3.82499991450459,1984,4,1984
51.8667,10.3333,1984-04-15,-0.689999984577298,13.4599996991456,6.38499985728413,1984,4,1984
51.8667,10.3333,1984-04-16,5.54999987594783,18.5599995851517,12.0549997305498,1984,4,1984
51.8667,10.3333,1984-04-17,1.01999997720122,12.4199997223914,6.7199998497963,1984,4,1984
51.8667,10.3333,1984-04-18,-0.119999997317791,6.78999984823167,3.33499992545694,1984,4,1984
51.8667,10.3333,1984-04-19,-2.94999993406236,8.98999979905784,3.01999993249774,1984,4,1984
51.8667,10.3333,1984-04-20,-1.5499999653548,11.8399997353554,5.14499988500029,1984,4,1984
51.8667,10.3333,1984-04-21,0.359999991953373,13.6999996937811,7.02999984286726,1984,4,1984
51.8667,10.3333,1984-04-22,1.56999996490777,17.4399996101856,9.50499978754669,1984,4,1984
51.8667,10.3333,1984-04-23,4.44999990053475,20.1899995487183,12.3199997246265,1984,4,1984
51.8667,10.3333,1984-04-24,3.67999991774559,14.9499996658415,9.31499979179353,1984,4,1984
51.8667,10.3333,1984-04-25,2.38999994657934,13.7699996922165,8.07999981939793,1984,4,1984
51.8667,10.3333,1984-04-26,1.46999996714294,16.0499996412545,8.75999980419874,1984,4,1984
51.8667,10.3333,1984-04-27,1.61999996379018,14.5199996754527,8.06999981962144,1984,4,1984
51.8667,10.3333,1984-04-28,-2.8699999358505,9.5899997856468,3.35999992489815,1984,4,1984
51.8667,10.3333,1984-04-29,-1.59999996423721,5.63999987393618,2.01999995484948,1984,4,1984
51.8667,10.3333,1984-04-30,-1.7799999602139,10.3299997691065,4.2749999044463,1984,4,1984
51.8667,10.3333,1984-05-01,2.96999993361533,11.0699997525662,7.01999984309077,1984,5,NA
51.8667,10.3333,1984-05-02,3.61999991908669,6.99999984353781,5.30999988131225,1984,5,NA
51.8667,10.3333,1984-05-03,3.91999991238117,16.2599996365607,10.0899997744709,1984,5,NA
51.8667,10.3333,1984-05-04,7.36999983526766,13.0099997092038,10.1899997722358,1984,5,NA
51.8667,10.3333,1984-05-05,7.43999983370304,16.7899996247143,12.1149997292086,1984,5,NA
51.8667,10.3333,1984-05-06,8.75999980419874,17.0999996177852,12.929999710992,1984,5,NA
51.8667,10.3333,1984-05-07,9.89999977871776,13.2899997029454,11.5949997408316,1984,5,NA
51.8667,10.3333,1984-05-08,0.749999983236194,10.609999762848,5.67999987304211,1984,5,NA
51.8667,10.3333,1984-05-09,0.449999989941716,7.14999984018505,3.79999991506338,1984,5,NA
51.8667,10.3333,1984-05-10,0.489999989047647,6.91999984532595,3.7049999171868,1984,5,NA
51.8667,10.3333,1984-05-11,-0.0299999993294477,6.99999984353781,3.48499992210418,1984,5,NA
51.8667,10.3333,1984-05-12,2.47999994456768,7.91999982297421,5.19999988377094,1984,5,NA
51.8667,10.3333,1984-05-13,1.06999997608364,6.06999986432493,3.56999992020428,1984,5,NA
51.8667,10.3333,1984-05-14,2.55999994277954,11.0799997523427,6.81999984756112,1984,5,NA
51.8667,10.3333,1984-05-15,4.79999989271164,13.5899996962398,9.19499979447573,1984,5,NA
51.8667,10.3333,1984-05-16,6.74999984912574,13.1199997067451,9.93499977793545,1984,5,NA
51.8667,10.3333,1984-05-17,4.19999990612268,17.8099996019155,11.0049997540191,1984,5,NA
51.8667,10.3333,1984-05-18,8.48999981023371,13.1299997065216,10.8099997583777,1984,5,NA
51.8667,10.3333,1984-05-19,6.12999986298382,17.6399996057153,11.8849997343495,1984,5,NA
51.8667,10.3333,1984-05-20,7.09999984130263,19.8499995563179,13.4749996988103,1984,5,NA
51.8667,10.3333,1984-05-21,9.33999979123473,17.7099996041507,13.5249996976927,1984,5,NA
51.8667,10.3333,1984-05-22,10.6399997621775,15.479999653995,13.0599997080863,1984,5,NA
51.8667,10.3333,1984-05-23,5.61999987438321,12.7199997156858,9.16999979503453,1984,5,NA
51.8667,10.3333,1984-05-24,6.99999984353781,10.4199997670949,8.70999980531633,1984,5,NA
51.8667,10.3333,1984-05-25,6.35999985784292,11.7799997366965,9.0699997972697,1984,5,NA
51.8667,10.3333,1984-05-26,8.25999981537461,11.7299997378141,9.99499977659434,1984,5,NA
51.8667,10.3333,1984-05-27,7.82999982498586,15.8399996459484,11.8349997354671,1984,5,NA
51.8667,10.3333,1984-05-28,6.7199998497963,16.0099996421486,11.3649997459725,1984,5,NA
51.8667,10.3333,1984-05-29,7.47999983280897,13.0199997089803,10.2499997708946,1984,5,NA
51.8667,10.3333,1984-05-30,6.2599998600781,9.62999978475273,7.94499982241541,1984,5,NA
51.8667,10.3333,1984-05-31,6.33999985828996,12.4299997221678,9.3849997902289,1984,5,NA
51.8667,10.3333,1984-06-01,4.35999990254641,15.2799996584654,9.8199997805059,1984,6,NA
51.8667,10.3333,1984-06-02,7.19999983906746,16.8599996231496,12.0299997311085,1984,6,NA
51.8667,10.3333,1984-06-03,9.89999977871776,18.1599995940924,14.0299996864051,1984,6,NA
51.8667,10.3333,1984-06-04,11.5199997425079,23.4899994749576,17.5049996087328,1984,6,NA
51.8667,10.3333,1984-06-05,11.0099997539073,22.0999995060265,16.5549996299669,1984,6,NA
51.8667,10.3333,1984-06-06,8.99999979883432,14.3499996792525,11.6749997390434,1984,6,NA
51.8667,10.3333,1984-06-07,7.60999982990324,10.4099997673184,9.00999979861081,1984,6,NA
51.8667,10.3333,1984-06-08,7.66999982856214,13.2399997040629,10.4549997663125,1984,6,NA
51.8667,10.3333,1984-06-09,8.01999982073903,16.7899996247143,12.4049997227266,1984,6,NA
51.8667,10.3333,1984-06-10,7.40999983437359,12.5699997190386,9.9899997767061,1984,6,NA
51.8667,10.3333,1984-06-11,6.15999986231327,14.2499996814877,10.2049997719005,1984,6,NA
51.8667,10.3333,1984-06-12,6.53999985381961,13.2899997029454,9.91499977838248,1984,6,NA
51.8667,10.3333,1984-06-13,4.04999990947545,16.7499996256083,10.3999997675419,1984,6,NA
51.8667,10.3333,1984-06-14,8.79999980330467,18.6199995838106,13.7099996935576,1984,6,NA
51.8667,10.3333,1984-06-15,10.4299997668713,14.5599996745586,12.494999720715,1984,6,NA
51.8667,10.3333,1984-06-16,7.32999983616173,11.5399997420609,9.43499978911132,1984,6,NA
51.8667,10.3333,1984-06-17,7.58999983035028,10.339999768883,8.96499979961663,1984,6,NA
51.8667,10.3333,1984-06-18,8.01999982073903,12.5799997188151,10.2999997697771,1984,6,NA
51.8667,10.3333,1984-06-19,7.94999982230365,14.7999996691942,11.3749997457489,1984,6,NA
51.8667,10.3333,1984-06-20,6.8299998473376,21.1599995270371,13.9949996871874,1984,6,NA
51.8667,10.3333,1984-06-21,9.99999977648258,23.4499994758517,16.7249996261671,1984,6,NA
51.8667,10.3333,1984-06-22,14.2299996819347,23.249999480322,18.7399995811284,1984,6,NA
51.8667,10.3333,1984-06-23,9.28999979235232,17.1699996162206,13.2299997042865,1984,6,NA
51.8667,10.3333,1984-06-24,6.96999984420836,13.0099997092038,9.9899997767061,1984,6,NA
51.8667,10.3333,1984-06-25,5.91999986767769,10.5599997639656,8.23999981582165,1984,6,NA
51.8667,10.3333,1984-06-26,5.67999987304211,11.7299997378141,8.70499980542809,1984,6,NA
51.8667,10.3333,1984-06-27,6.95999984443188,10.879999756813,8.91999980062246,1984,6,NA
51.8667,10.3333,1984-06-28,8.91999980062246,18.6299995835871,13.7749996921048,1984,6,NA
51.8667,10.3333,1984-06-29,7.94999982230365,14.1599996834993,11.0549997529015,1984,6,NA
51.8667,10.3333,1984-06-30,5.88999986834824,11.2299997489899,8.55999980866909,1984,6,NA
51.8667,10.3333,1984-07-01,4.85999989137053,12.4799997210503,8.6699998062104,1984,7,NA
51.8667,10.3333,1984-07-02,5.739999871701,14.6199996732175,10.1799997724593,1984,7,NA
51.8667,10.3333,1984-07-03,4.57999989762902,14.5499996747822,9.56499978620559,1984,7,NA
51.8667,10.3333,1984-07-04,6.7199998497963,10.1599997729063,8.4399998113513,1984,7,NA
51.8667,10.3333,1984-07-05,7.20999983884394,11.3399997465312,9.27499979268759,1984,7,NA
51.8667,10.3333,1984-07-06,7.06999984197319,10.8299997579306,8.94999979995191,1984,7,NA
51.8667,10.3333,1984-07-07,7.59999983012676,11.3899997454137,9.49499978777021,1984,7,NA
51.8667,10.3333,1984-07-08,7.32999983616173,18.3499995898455,12.8399997130036,1984,7,NA
51.8667,10.3333,1984-07-09,8.67999980598688,22.6599994935095,15.6699996497482,1984,7,NA
51.8667,10.3333,1984-07-10,10.6999997608364,27.1399993933737,18.919999577105,1984,7,NA
51.8667,10.3333,1984-07-11,17.819999601692,28.2099993694574,23.0149994855747,1984,7,NA
51.8667,10.3333,1984-07-12,18.0199995972216,30.5099993180484,24.264999457635,1984,7,NA
51.8667,10.3333,1984-07-13,14.0599996857345,24.7099994476885,19.3849995667115,1984,7,NA
51.8667,10.3333,1984-07-14,11.0499997530133,18.069999596104,14.5599996745586,1984,7,NA
51.8667,10.3333,1984-07-15,10.9699997548014,15.8299996461719,13.3999997004867,1984,7,NA
51.8667,10.3333,1984-07-16,10.5199997648597,13.5299996975809,12.0249997312203,1984,7,NA
51.8667,10.3333,1984-07-17,9.36999979056418,13.469999698922,11.4199997447431,1984,7,NA
51.8667,10.3333,1984-07-18,9.17999979481101,12.039999730885,10.609999762848,1984,7,NA
51.8667,10.3333,1984-07-19,9.37999979034066,12.4899997208267,10.9349997555837,1984,7,NA
51.8667,10.3333,1984-07-20,9.42999978922307,12.7699997145683,11.0999997518957,1984,7,NA
51.8667,10.3333,1984-07-21,9.76999978162348,12.2399997264147,11.0049997540191,1984,7,NA
51.8667,10.3333,1984-07-22,9.5299997869879,14.2099996823817,11.8699997346848,1984,7,NA
51.8667,10.3333,1984-07-23,9.0699997972697,14.6799996718764,11.8749997345731,1984,7,NA
51.8667,10.3333,1984-07-24,8.40999981202185,15.9099996443838,12.1599997282028,1984,7,NA
51.8667,10.3333,1984-07-25,7.47999983280897,15.8399996459484,11.6599997393787,1984,7,NA
51.8667,10.3333,1984-07-26,7.1199998408556,17.9999995976686,12.5599997192621,1984,7,NA
51.8667,10.3333,1984-07-27,10.3899997677654,13.2599997036159,11.8249997356907,1984,7,NA
51.8667,10.3333,1984-07-28,9.15999979525805,13.7099996935576,11.4349997444078,1984,7,NA
51.8667,10.3333,1984-07-29,10.7299997601658,15.1299996618181,12.929999710992,1984,7,NA
51.8667,10.3333,1984-07-30,12.8199997134507,21.7799995131791,17.2999996133149,1984,7,NA
51.8667,10.3333,1984-07-31,11.1499997507781,26.0599994175136,18.6049995841458,1984,7,NA
51.8667,10.3333,1984-08-01,18.0399995967746,28.3499993663281,23.1949994815513,1984,8,NA
51.8667,10.3333,1984-08-02,13.4799996986985,20.4399995431304,16.9599996209145,1984,8,NA
51.8667,10.3333,1984-08-03,10.3999997675419,20.4299995433539,15.4149996554479,1984,8,NA
51.8667,10.3333,1984-08-04,13.5399996973574,24.3999994546175,18.9699995759875,1984,8,NA
51.8667,10.3333,1984-08-05,14.069999685511,20.1899995487183,17.1299996171147,1984,8,NA
51.8667,10.3333,1984-08-06,12.5499997194856,19.519999563694,16.0349996415898,1984,8,NA
51.8667,10.3333,1984-08-07,9.99999977648258,16.3799996338785,13.1899997051805,1984,8,NA
51.8667,10.3333,1984-08-08,6.17999986186624,17.8299996014684,12.0049997316673,1984,8,NA
51.8667,10.3333,1984-08-09,9.30999979190528,18.8299995791167,14.069999685511,1984,8,NA
51.8667,10.3333,1984-08-10,11.8399997353554,15.4499996546656,13.6449996950105,1984,8,NA
51.8667,10.3333,1984-08-11,12.3199997246265,14.6799996718764,13.4999996982515,1984,8,NA
51.8667,10.3333,1984-08-12,13.1099997069687,15.7099996488541,14.4099996779114,1984,8,NA
51.8667,10.3333,1984-08-13,12.6299997176975,19.8699995558709,16.2499996367842,1984,8,NA
51.8667,10.3333,1984-08-14,10.3799997679889,20.4299995433539,15.4049996556714,1984,8,NA
51.8667,10.3333,1984-08-15,9.56999978609383,20.7099995370954,15.1399996615946,1984,8,NA
51.8667,10.3333,1984-08-16,9.56999978609383,18.3099995907396,13.9399996884167,1984,8,NA
51.8667,10.3333,1984-08-17,9.61999978497624,17.2599996142089,13.4399996995926,1984,8,NA
51.8667,10.3333,1984-08-18,6.52999985404313,17.5699996072799,12.0499997306615,1984,8,NA
51.8667,10.3333,1984-08-19,5.92999986745417,18.0399995967746,11.9849997321144,1984,8,NA
51.8667,10.3333,1984-08-20,11.7999997362494,21.0099995303899,16.4049996333197,1984,8,NA
51.8667,10.3333,1984-08-21,10.9599997550249,22.2499995026737,16.6049996288493,1984,8,NA
51.8667,10.3333,1984-08-22,10.3899997677654,23.0899994838983,16.7399996258318,1984,8,NA
51.8667,10.3333,1984-08-23,11.5799997411668,24.0699994619936,17.8249996015802,1984,8,NA
51.8667,10.3333,1984-08-24,11.499999742955,24.3799994550645,17.9399995990098,1984,8,NA
51.8667,10.3333,1984-08-25,10.9499997552484,23.9499994646758,17.4499996099621,1984,8,NA
51.8667,10.3333,1984-08-26,14.069999685511,21.9699995089322,18.0199995972216,1984,8,NA
51.8667,10.3333,1984-08-27,11.8999997340143,17.9999995976686,14.9499996658415,1984,8,NA
51.8667,10.3333,1984-08-28,7.42999983392656,20.6099995393306,14.0199996866286,1984,8,NA
51.8667,10.3333,1984-08-29,8.49999981001019,20.6199995391071,14.5599996745586,1984,8,NA
51.8667,10.3333,1984-08-30,8.16999981738627,21.2699995245785,14.7199996709824,1984,8,NA
51.8667,10.3333,1984-08-31,12.3799997232854,21.1399995274842,16.7599996253848,1984,8,NA
51.8667,10.3333,1984-09-01,13.9999996870756,19.7299995590001,16.8649996230379,1984,9,NA
51.8667,10.3333,1984-09-02,13.5199996978045,19.2399995699525,16.3799996338785,1984,9,NA
51.8667,10.3333,1984-09-03,12.7599997147918,20.2499995473772,16.5049996310845,1984,9,NA
51.8667,10.3333,1984-09-04,13.9699996877462,20.4499995429069,17.2099996153265,1984,9,NA
51.8667,10.3333,1984-09-05,13.7499996926636,17.529999608174,15.6399996504188,1984,9,NA
51.8667,10.3333,1984-09-06,7.30999983660877,14.4199996776879,10.8649997571483,1984,9,NA
51.8667,10.3333,1984-09-07,6.15999986231327,10.0999997742474,8.12999981828034,1984,9,NA
51.8667,10.3333,1984-09-08,6.94999984465539,10.2499997708946,8.59999980777502,1984,9,NA
51.8667,10.3333,1984-09-09,6.58999985270202,9.9299997780472,8.25999981537461,1984,9,NA
51.8667,10.3333,1984-09-10,7.16999983973801,10.7199997603893,8.94499980006367,1984,9,NA
51.8667,10.3333,1984-09-11,7.45999983325601,10.6399997621775,9.04999979771674,1984,9,NA
51.8667,10.3333,1984-09-12,7.40999983437359,10.4699997659773,8.93999980017543,1984,9,NA
51.8667,10.3333,1984-09-13,7.9799998216331,12.909999711439,10.4449997665361,1984,9,NA
51.8667,10.3333,1984-09-14,4.72999989427626,14.7999996691942,9.76499978173524,1984,9,NA
51.8667,10.3333,1984-09-15,8.39999981224537,18.8299995791167,13.614999695681,1984,9,NA
51.8667,10.3333,1984-09-16,11.4699997436255,14.5499996747822,13.0099997092038,1984,9,NA
51.8667,10.3333,1984-09-17,8.93999980017543,12.5099997203797,10.7249997602776,1984,9,NA
51.8667,10.3333,1984-09-18,5.99999986588955,13.5899996962398,9.79499978106469,1984,9,NA
51.8667,10.3333,1984-09-19,6.49999985471368,14.8299996685237,10.6649997616187,1984,9,NA
51.8667,10.3333,1984-09-20,6.07999986410141,12.6499997172505,9.36499979067594,1984,9,NA
51.8667,10.3333,1984-09-21,8.58999980799854,14.1799996830523,11.3849997455254,1984,9,NA
51.8667,10.3333,1984-09-22,8.82999980263412,15.1699996609241,11.9999997317791,1984,9,NA
51.8667,10.3333,1984-09-23,5.54999987594783,12.0499997306615,8.79999980330467,1984,9,NA
51.8667,10.3333,1984-09-24,5.23999988287687,10.359999768436,7.79999982565641,1984,9,NA
51.8667,10.3333,1984-09-25,4.9399998895824,9.53999978676438,7.23999983817339,1984,9,NA
51.8667,10.3333,1984-09-26,5.14999988488853,9.30999979190528,7.22999983839691,1984,9,NA
51.8667,10.3333,1984-09-27,6.39999985694885,8.30999981425703,7.35499983560294,1984,9,NA
51.8667,10.3333,1984-09-28,7.04999984242022,11.2799997478724,9.16499979514629,1984,9,NA
51.8667,10.3333,1984-09-29,3.68999991752207,13.9699996877462,8.82999980263412,1984,9,NA
51.8667,10.3333,1984-09-30,4.83999989181757,16.7399996258318,10.7899997588247,1984,9,NA
51.8667,10.3333,1984-10-01,9.02999979816377,15.189999660477,12.1099997293204,1984,10,1985
51.8667,10.3333,1984-10-02,11.0399997532368,17.0099996197969,14.0249996865168,1984,10,1985
51.8667,10.3333,1984-10-03,7.92999982275069,14.8599996678531,11.3949997453019,1984,10,1985
51.8667,10.3333,1984-10-04,4.59999989718199,13.3599997013807,8.97999979928136,1984,10,1985
51.8667,10.3333,1984-10-05,6.29999985918403,12.8999997116625,9.59999978542328,1984,10,1985
51.8667,10.3333,1984-10-06,6.86999984644353,10.3299997691065,8.59999980777502,1984,10,1985
51.8667,10.3333,1984-10-07,7.45999983325601,10.3099997695535,8.88499980140477,1984,10,1985
51.8667,10.3333,1984-10-08,6.12999986298382,10.359999768436,8.24499981570989,1984,10,1985
51.8667,10.3333,1984-10-09,5.5699998755008,11.5999997407198,8.5849998081103,1984,10,1985
51.8667,10.3333,1984-10-10,9.11999979615211,13.4199997000396,11.2699997480959,1984,10,1985
51.8667,10.3333,1984-10-11,9.27999979257584,12.3099997248501,10.7949997587129,1984,10,1985
51.8667,10.3333,1984-10-12,9.90999977849424,13.0099997092038,11.459999743849,1984,10,1985
51.8667,10.3333,1984-10-13,6.79999984800816,10.4499997664243,8.62499980721623,1984,10,1985
51.8667,10.3333,1984-10-14,3.1599999293685,10.5199997648597,6.83999984711409,1984,10,1985
51.8667,10.3333,1984-10-15,8.31999981403351,11.5099997427315,9.91499977838248,1984,10,1985
51.8667,10.3333,1984-10-16,6.33999985828996,12.079999729991,9.20999979414046,1984,10,1985
51.8667,10.3333,1984-10-17,4.019999910146,12.1099997293204,8.0649998197332,1984,10,1985
51.8667,10.3333,1984-10-18,3.65999991819263,14.6599996723235,9.15999979525805,1984,10,1985
51.8667,10.3333,1984-10-19,7.92999982275069,13.1699997056276,10.5499997641891,1984,10,1985
51.8667,10.3333,1984-10-20,7.45999983325601,13.1399997062981,10.2999997697771,1984,10,1985
51.8667,10.3333,1984-10-21,5.82999986968935,13.1199997067451,9.47499978821725,1984,10,1985
51.8667,10.3333,1984-10-22,5.24999988265336,8.72999980486929,6.98999984376132,1984,10,1985
51.8667,10.3333,1984-10-23,2.58999994210899,8.25999981537461,5.4249998787418,1984,10,1985
51.8667,10.3333,1984-10-24,7.96999982185662,11.5299997422844,9.74999978207052,1984,10,1985
51.8667,10.3333,1984-10-25,5.37999987974763,9.64999978430569,7.51499983202666,1984,10,1985
51.8667,10.3333,1984-10-26,6.62999985180795,13.1499997060746,9.88999977894127,1984,10,1985
51.8667,10.3333,1984-10-27,4.71999989449978,12.039999730885,8.3799998126924,1984,10,1985
51.8667,10.3333,1984-10-28,1.57999996468425,8.57999980822206,5.07999988645315,1984,10,1985
51.8667,10.3333,1984-10-29,-0.649999985471368,9.46999978832901,4.40999990142882,1984,10,1985
51.8667,10.3333,1984-10-30,5.71999987214804,11.1299997512251,8.42499981168658,1984,10,1985
51.8667,10.3333,1984-10-31,8.2699998151511,16.2899996358901,12.2799997255206,1984,10,1985
51.8667,10.3333,1984-11-01,4.94999988935888,14.3299996796995,9.63999978452921,1984,11,1985
51.8667,10.3333,1984-11-02,4.42999990098178,15.1299996618181,9.77999978139997,1984,11,1985
51.8667,10.3333,1984-11-03,2.30999994836748,16.0899996403605,9.19999979436398,1984,11,1985
51.8667,10.3333,1984-11-04,1.07999997586012,10.9499997552484,6.01499986555427,1984,11,1985
51.8667,10.3333,1984-11-05,2.29999994859099,7.92999982275069,5.11499988567084,1984,11,1985
51.8667,10.3333,1984-11-06,1.68999996222556,8.00999982096255,4.84999989159405,1984,11,1985
51.8667,10.3333,1984-11-07,1.67999996244907,13.4599996991456,7.56999983079731,1984,11,1985
51.8667,10.3333,1984-11-08,2.55999994277954,13.0399997085333,7.79999982565641,1984,11,1985
51.8667,10.3333,1984-11-09,3.66999991796911,14.2599996812642,8.96499979961663,1984,11,1985
51.8667,10.3333,1984-11-10,3.61999991908669,11.8699997346848,7.74499982688576,1984,11,1985
51.8667,10.3333,1984-11-11,3.56999992020428,10.2799997702241,6.92499984521419,1984,11,1985
51.8667,10.3333,1984-11-12,4.75999989360571,11.9899997320026,8.37499981280416,1984,11,1985
51.8667,10.3333,1984-11-13,1.57999996468425,10.5599997639656,6.06999986432493,1984,11,1985
51.8667,10.3333,1984-11-14,0.26999999396503,10.2599997706711,5.26499988231808,1984,11,1985
51.8667,10.3333,1984-11-15,-2.34999994747341,8.86999980174005,3.25999992713332,1984,11,1985
51.8667,10.3333,1984-11-16,-4.44999990053475,1.17999997362494,-1.6349999634549,1984,11,1985
51.8667,10.3333,1984-11-17,-3.1599999293685,0.229999994859099,-1.4649999672547,1984,11,1985
51.8667,10.3333,1984-11-18,-3.36999992467463,0.109999997541308,-1.62999996356666,1984,11,1985
51.8667,10.3333,1984-11-19,-1.28999997116625,3.40999992378056,1.05999997630715,1984,11,1985
51.8667,10.3333,1984-11-20,-1.41999996826053,3.30999992601573,0.944999978877604,1984,11,1985
51.8667,10.3333,1984-11-21,-1.21999997273088,3.81999991461635,1.29999997094274,1984,11,1985
51.8667,10.3333,1984-11-22,1.18999997340143,5.05999988690019,3.12499993015081,1984,11,1985
51.8667,10.3333,1984-11-23,3.59999991953373,9.89999977871776,6.74999984912574,1984,11,1985
51.8667,10.3333,1984-11-24,5.5099998768419,11.4899997431785,8.49999981001019,1984,11,1985
51.8667,10.3333,1984-11-25,5.81999986991286,11.749999737367,8.78499980363995,1984,11,1985
51.8667,10.3333,1984-11-26,5.21999988332391,8.00999982096255,6.61499985214323,1984,11,1985
51.8667,10.3333,1984-11-27,3.19999992847443,7.16999983973801,5.18499988410622,1984,11,1985
51.8667,10.3333,1984-11-28,1.79999995976686,5.24999988265336,3.52499992121011,1984,11,1985
51.8667,10.3333,1984-11-29,1.33999997004867,6.76999984867871,4.05499990936369,1984,11,1985
51.8667,10.3333,1984-11-30,2.57999994233251,7.30999983660877,4.94499988947064,1984,11,1985
51.8667,10.3333,1984-12-01,0.249999994412065,9.84999977983534,5.0499998871237,1984,12,1985
51.8667,10.3333,1984-12-02,-0.369999991729856,9.01999979838729,4.32499990332872,1984,12,1985
51.8667,10.3333,1984-12-03,-1.3199999704957,6.98999984376132,2.83499993663281,1984,12,1985
51.8667,10.3333,1984-12-04,-0.199999995529652,3.50999992154539,1.65499996300787,1984,12,1985
51.8667,10.3333,1984-12-05,0.879999980330467,2.75999993830919,1.81999995931983,1984,12,1985
51.8667,10.3333,1984-12-06,-0.61999998614192,2.61999994143844,0.999999977648258,1984,12,1985
51.8667,10.3333,1984-12-07,-0.389999991282821,4.29999990388751,1.95499995630234,1984,12,1985
51.8667,10.3333,1984-12-08,-0.749999983236194,4.72999989427626,1.98999995552003,1984,12,1985
51.8667,10.3333,1984-12-09,-2.03999995440245,3.51999992132187,0.739999983459711,1984,12,1985
51.8667,10.3333,1984-12-10,1.75999996066093,4.50999989919364,3.13499992992729,1984,12,1985
51.8667,10.3333,1984-12-11,2.47999994456768,4.30999990366399,3.39499992411584,1984,12,1985
51.8667,10.3333,1984-12-12,4.1899999063462,5.34999988041818,4.76999989338219,1984,12,1985
51.8667,10.3333,1984-12-13,0.599999986588955,5.32999988086522,2.96499993372709,1984,12,1985
51.8667,10.3333,1984-12-14,-2.27999994903803,2.99999993294477,0.359999991953373,1984,12,1985
51.8667,10.3333,1984-12-15,-3.52999992109835,-0.0399999991059303,-1.78499996010214,1984,12,1985
51.8667,10.3333,1984-12-16,-1.27999997138977,1.62999996356666,0.174999996088445,1984,12,1985
51.8667,10.3333,1984-12-17,-2.56999994255602,-0.469999989494681,-1.51999996602535,1984,12,1985
51.8667,10.3333,1984-12-18,-2.81999993696809,0.129999997094274,-1.34499996993691,1984,12,1985
51.8667,10.3333,1984-12-19,-0.459999989718199,2.64999994076788,1.09499997552484,1984,12,1985
51.8667,10.3333,1984-12-20,-1.88999995775521,1.25999997183681,-0.314999992959201,1984,12,1985
51.8667,10.3333,1984-12-21,0.869999980553985,4.32999990321696,2.59999994188547,1984,12,1985
51.8667,10.3333,1984-12-22,1.17999997362494,4.6499998960644,2.91499993484467,1984,12,1985
51.8667,10.3333,1984-12-23,-0.0799999982118607,2.71999993920326,1.3199999704957,1984,12,1985
51.8667,10.3333,1984-12-24,-0.589999986812472,2.4699999447912,0.939999978989363,1984,12,1985
51.8667,10.3333,1984-12-25,-1.23999997228384,4.44999990053475,1.60499996412545,1984,12,1985
51.8667,10.3333,1984-12-26,-3.80999991483986,0.369999991729856,-1.719999961555,1984,12,1985
51.8667,10.3333,1984-12-27,-2.31999994814396,0.489999989047647,-0.914999979548156,1984,12,1985
51.8667,10.3333,1984-12-28,-3.93999991193414,-0.329999992623925,-2.13499995227903,1984,12,1985
51.8667,10.3333,1984-12-29,-6.18999986164272,-3.20999992825091,-4.69999989494681,1984,12,1985
51.8667,10.3333,1984-12-30,-6.09999986365438,-2.30999994836748,-4.20499990601093,1984,12,1985
51.8667,10.3333,1984-12-31,-5.42999987863004,-2.97999993339181,-4.20499990601093,1984,12,1985
51.8667,10.3333,1985-01-01,-7.52999983169138,-3.85999991372228,-5.69499987270683,1985,1,1985
51.8667,10.3333,1985-01-02,-5.05999988690019,-1.75999996066093,-3.40999992378056,1985,1,1985
51.8667,10.3333,1985-01-03,-8.02999982051551,-2.91999993473291,-5.47499987762421,1985,1,1985
51.8667,10.3333,1985-01-04,-9.3599997907877,-5.739999871701,-7.54999983124435,1985,1,1985
51.8667,10.3333,1985-01-05,-11.7999997362494,-8.91999980062246,-10.359999768436,1985,1,1985
51.8667,10.3333,1985-01-06,-11.3399997465312,-9.0699997972697,-10.2049997719005,1985,1,1985
51.8667,10.3333,1985-01-07,-15.7999996468425,-10.8899997565895,-13.344999701716,1985,1,1985
51.8667,10.3333,1985-01-08,-15.8899996448308,-11.9299997333437,-13.9099996890873,1985,1,1985
51.8667,10.3333,1985-01-09,-13.6399996951222,-9.5299997869879,-11.5849997410551,1985,1,1985
51.8667,10.3333,1985-01-10,-13.5899996962398,-9.50999978743494,-11.5499997418374,1985,1,1985
51.8667,10.3333,1985-01-11,-11.189999749884,-7.70999982766807,-9.44999978877604,1985,1,1985
51.8667,10.3333,1985-01-12,-12.8099997136742,-5.21999988332391,-9.01499979849905,1985,1,1985
51.8667,10.3333,1985-01-13,-8.44999981112778,-4.10999990813434,-6.27999985963106,1985,1,1985
51.8667,10.3333,1985-01-14,-14.1299996841699,-7.99999982118607,-11.064999752678,1985,1,1985
51.8667,10.3333,1985-01-15,-15.1699996609241,-9.16999979503453,-12.1699997279793,1985,1,1985
51.8667,10.3333,1985-01-16,-14.1799996830523,-7.91999982297421,-11.0499997530133,1985,1,1985
51.8667,10.3333,1985-01-17,-11.1999997496605,-4.25999990478158,-7.72999982722104,1985,1,1985
51.8667,10.3333,1985-01-18,-10.5199997648597,-5.13999988511205,-7.82999982498586,1985,1,1985
51.8667,10.3333,1985-01-19,-10.5799997635186,-3.41999992355704,-6.99999984353781,1985,1,1985
51.8667,10.3333,1985-01-20,-10.879999756813,-4.27999990433455,-7.5799998305738,1985,1,1985
51.8667,10.3333,1985-01-21,-12.1499997284263,-4.03999990969896,-8.09499981906265,1985,1,1985
51.8667,10.3333,1985-01-22,-5.22999988310039,3.00999993272126,-1.10999997518957,1985,1,1985
51.8667,10.3333,1985-01-23,1.70999996177852,5.02999988757074,3.36999992467463,1985,1,1985
51.8667,10.3333,1985-01-24,-1.719999961555,4.43999990075827,1.35999996960163,1985,1,1985
51.8667,10.3333,1985-01-25,-2.73999993875623,-0.0599999986588955,-1.39999996870756,1985,1,1985
51.8667,10.3333,1985-01-26,-2.48999994434416,0.739999983459711,-0.874999980442226,1985,1,1985
51.8667,10.3333,1985-01-27,-0.879999980330467,3.30999992601573,1.21499997284263,1985,1,1985
51.8667,10.3333,1985-01-28,-8.6699998062104,0.0399999991059303,-4.31499990355223,1985,1,1985
51.8667,10.3333,1985-01-29,-11.3299997467548,-2.55999994277954,-6.94499984476715,1985,1,1985
51.8667,10.3333,1985-01-30,-5.13999988511205,1.85999995842576,-1.63999996334314,1985,1,1985
51.8667,10.3333,1985-01-31,1.4899999666959,4.57999989762902,3.03499993216246,1985,1,1985
51.8667,10.3333,1985-02-01,2.02999995462596,5.05999988690019,3.54499992076308,1985,2,1985
51.8667,10.3333,1985-02-02,1.89999995753169,6.81999984756112,4.35999990254641,1985,2,1985
51.8667,10.3333,1985-02-03,2.78999993763864,5.93999986723065,4.36499990243465,1985,2,1985
51.8667,10.3333,1985-02-04,-5.46999987773597,3.10999993048608,-1.17999997362494,1985,2,1985
51.8667,10.3333,1985-02-05,-7.18999983929098,1.20999997295439,-2.98999993316829,1985,2,1985
51.8667,10.3333,1985-02-06,-2.4699999447912,4.83999989181757,1.18499997351319,1985,2,1985
51.8667,10.3333,1985-02-07,-1.3199999704957,1.719999961555,0.199999995529652,1985,2,1985
51.8667,10.3333,1985-02-08,-8.27999981492758,-0.609999986365438,-4.44499990064651,1985,2,1985
51.8667,10.3333,1985-02-09,-9.85999977961183,-5.17999988421798,-7.5199998319149,1985,2,1985
51.8667,10.3333,1985-02-10,-10.6899997610599,-7.72999982722104,-9.20999979414046,1985,2,1985
51.8667,10.3333,1985-02-11,-13.4399996995926,-8.8999998010695,-11.169999750331,1985,2,1985
51.8667,10.3333,1985-02-12,-15.8699996452779,-9.6999997831881,-12.784999714233,1985,2,1985
51.8667,10.3333,1985-02-13,-18.2299995925277,-8.36999981291592,-13.2999997027218,1985,2,1985
51.8667,10.3333,1985-02-14,-15.809999646619,-4.03999990969896,-9.92499977815896,1985,2,1985
51.8667,10.3333,1985-02-15,-14.919999666512,-3.53999992087483,-9.22999979369342,1985,2,1985
51.8667,10.3333,1985-02-16,-16.0499996412545,-6.98999984376132,-11.5199997425079,1985,2,1985
51.8667,10.3333,1985-02-17,-10.4799997657537,-0.369999991729856,-5.4249998787418,1985,2,1985
51.8667,10.3333,1985-02-18,-8.55999980866909,-2.42999994568527,-5.49499987717718,1985,2,1985
51.8667,10.3333,1985-02-19,-12.4699997212738,-7.21999983862042,-9.8449997799471,1985,2,1985
51.8667,10.3333,1985-02-20,-16.7999996244907,-4.71999989449978,-10.7599997594953,1985,2,1985
51.8667,10.3333,1985-02-21,-15.6399996504188,-2.78999993763864,-9.2149997940287,1985,2,1985
51.8667,10.3333,1985-02-22,-5.13999988511205,-1.33999997004867,-3.23999992758036,1985,2,1985
51.8667,10.3333,1985-02-23,-7.09999984130263,-1.70999996177852,-4.40499990154058,1985,2,1985
51.8667,10.3333,1985-02-24,-8.98999979905784,0.30999999307096,-4.33999990299344,1985,2,1985
51.8667,10.3333,1985-02-25,-1.58999996446073,6.10999986343086,2.25999994948506,1985,2,1985
51.8667,10.3333,1985-02-26,-1.62999996356666,8.3799998126924,3.37499992456287,1985,2,1985
51.8667,10.3333,1985-02-27,-0.339999992400408,8.25999981537461,3.9599999114871,1985,2,1985
51.8667,10.3333,1985-02-28,-0.429999990388751,8.05999981984496,3.81499991472811,1985,2,1985
51.8667,10.3333,1985-03-01,-2.09999995306134,2.09999995306134,0,1985,3,1985
51.8667,10.3333,1985-03-02,-1.45999996736646,4.6499998960644,1.59499996434897,1985,3,1985
51.8667,10.3333,1985-03-03,0.869999980553985,4.89999989047647,2.88499993551522,1985,3,1985
51.8667,10.3333,1985-03-04,0.949999978765845,6.3699998576194,3.65999991819263,1985,3,1985
51.8667,10.3333,1985-03-05,1.13999997451901,7.94999982230365,4.54499989841133,1985,3,1985
51.8667,10.3333,1985-03-06,2.50999994389713,8.17999981716275,5.34499988052994,1985,3,1985
51.8667,10.3333,1985-03-07,1.27999997138977,4.8799998909235,3.07999993115664,1985,3,1985
51.8667,10.3333,1985-03-08,0.789999982342124,4.26999990455806,2.52999994345009,1985,3,1985
51.8667,10.3333,1985-03-09,-1.32999997027218,3.98999991081655,1.32999997027218,1985,3,1985
51.8667,10.3333,1985-03-10,-2.03999995440245,1.10999997518957,-0.46499998960644,1985,3,1985
51.8667,10.3333,1985-03-11,-3.12999993003905,1.55999996513128,-0.784999982453883,1985,3,1985
51.8667,10.3333,1985-03-12,-2.73999993875623,1.46999996714294,-0.634999985806644,1985,3,1985
51.8667,10.3333,1985-03-13,-4.90999989025295,4.62999989651144,-0.139999996870756,1985,3,1985
51.8667,10.3333,1985-03-14,-3.77999991551042,7.60999982990324,1.91499995719641,1985,3,1985
51.8667,10.3333,1985-03-15,-3.42999992333353,2.2399999499321,-0.594999986700714,1985,3,1985
51.8667,10.3333,1985-03-16,-2.06999995373189,1.06999997608364,-0.499999988824129,1985,3,1985
51.8667,10.3333,1985-03-17,-3.46999992243946,1.59999996423721,-0.934999979101121,1985,3,1985
51.8667,10.3333,1985-03-18,-2.97999993339181,-0.88999998010695,-1.93499995674938,1985,3,1985
51.8667,10.3333,1985-03-19,-4.29999990388751,-2.48999994434416,-3.39499992411584,1985,3,1985
51.8667,10.3333,1985-03-20,-4.14999990724027,-0.299999993294477,-2.22499995026737,1985,3,1985
51.8667,10.3333,1985-03-21,-1.79999995976686,0.839999981224537,-0.479999989271164,1985,3,1985
51.8667,10.3333,1985-03-22,-4.25999990478158,5.82999986968935,0.784999982453883,1985,3,1985
51.8667,10.3333,1985-03-23,-1.11999997496605,7.16999983973801,3.02499993238598,1985,3,1985
51.8667,10.3333,1985-03-24,0.0299999993294477,8.8999998010695,4.46499990019947,1985,3,1985
51.8667,10.3333,1985-03-25,0.809999981895089,6.18999986164272,3.4999999217689,1985,3,1985
51.8667,10.3333,1985-03-26,0.529999988153577,7.04999984242022,3.7899999152869,1985,3,1985
51.8667,10.3333,1985-03-27,3.37999992445111,6.64999985136092,5.01499988790601,1985,3,1985
51.8667,10.3333,1985-03-28,-0.599999986588955,5.51999987661839,2.45999994501472,1985,3,1985
51.8667,10.3333,1985-03-29,-2.73999993875623,1.80999995954335,-0.46499998960644,1985,3,1985
51.8667,10.3333,1985-03-30,-1.68999996222556,3.06999993138015,0.689999984577298,1985,3,1985
51.8667,10.3333,1985-03-31,1.719999961555,7.62999982945621,4.67499989550561,1985,3,1985
51.8667,10.3333,1985-04-01,6.14999986253679,8.15999981760979,7.15499984007329,1985,4,1985
51.8667,10.3333,1985-04-02,5.2799998819828,9.82999978028238,7.55499983113259,1985,4,1985
51.8667,10.3333,1985-04-03,6.54999985359609,10.5999997630715,8.57499980833381,1985,4,1985
51.8667,10.3333,1985-04-04,5.90999986790121,14.8399996683002,10.3749997681007,1985,4,1985
51.8667,10.3333,1985-04-05,9.72999978251755,20.4999995417893,15.1149996621534,1985,4,1985
51.8667,10.3333,1985-04-06,10.6899997610599,19.4499995652586,15.0699996631593,1985,4,1985
51.8667,10.3333,1985-04-07,7.86999982409179,13.4599996991456,10.6649997616187,1985,4,1985
51.8667,10.3333,1985-04-08,5.29999988153577,10.8499997574836,8.07499981950969,1985,4,1985
51.8667,10.3333,1985-04-09,5.91999986767769,11.2499997485429,8.5849998081103,1985,4,1985
51.8667,10.3333,1985-04-10,4.4799998998642,9.67999978363514,7.07999984174967,1985,4,1985
51.8667,10.3333,1985-04-11,2.95999993383884,9.68999978341162,6.32499985862523,1985,4,1985
51.8667,10.3333,1985-04-12,2.99999993294477,9.89999977871776,6.44999985583127,1985,4,1985
51.8667,10.3333,1985-04-13,2.4099999461323,6.72999984957278,4.56999989785254,1985,4,1985
51.8667,10.3333,1985-04-14,1.64999996311963,7.85999982431531,4.75499989371747,1985,4,1985
51.8667,10.3333,1985-04-15,1.98999995552003,5.53999987617135,3.76499991584569,1985,4,1985
51.8667,10.3333,1985-04-16,1.88999995775521,4.90999989025295,3.39999992400408,1985,4,1985
51.8667,10.3333,1985-04-17,1.56999996490777,4.54999989829957,3.05999993160367,1985,4,1985
51.8667,10.3333,1985-04-18,-1.04999997653067,11.4499997440726,5.19999988377094,1985,4,1985
51.8667,10.3333,1985-04-19,0.559999987483025,13.6899996940047,7.12499984074384,1985,4,1985
51.8667,10.3333,1985-04-20,2.65999994054437,14.9699996653944,8.8149998029694,1985,4,1985
51.8667,10.3333,1985-04-21,6.01999986544251,14.8099996689707,10.4149997672066,1985,4,1985
51.8667,10.3333,1985-04-22,2.27999994903803,13.5699996966869,7.92499982286245,1985,4,1985
51.8667,10.3333,1985-04-23,4.84999989159405,13.8099996913224,9.32999979145825,1985,4,1985
51.8667,10.3333,1985-04-24,-1.20999997295439,7.87999982386827,3.33499992545694,1985,4,1985
51.8667,10.3333,1985-04-25,-3.04999993182719,6.39999985694885,1.67499996256083,1985,4,1985
51.8667,10.3333,1985-04-26,-1.15999997407198,3.34999992512167,1.09499997552484,1985,4,1985
51.8667,10.3333,1985-04-27,-2.1799999512732,3.40999992378056,0.614999986253679,1985,4,1985
51.8667,10.3333,1985-04-28,-1.27999997138977,1.46999996714294,0.0949999978765845,1985,4,1985
51.8667,10.3333,1985-04-29,-2.33999994769692,2.50999994389713,0.0849999981001019,1985,4,1985
51.8667,10.3333,1985-04-30,-1.1499999742955,1.41999996826053,0.134999996982515,1985,4,1985
51.8667,10.3333,1985-05-01,0.30999999307096,5.42999987863004,2.8699999358505,1985,5,NA
51.8667,10.3333,1985-05-02,1.75999996066093,7.20999983884394,4.48499989975244,1985,5,NA
51.8667,10.3333,1985-05-03,1.04999997653067,4.23999990522861,2.64499994087964,1985,5,NA
51.8667,10.3333,1985-05-04,0.289999993517995,3.4999999217689,1.89499995764345,1985,5,NA
51.8667,10.3333,1985-05-05,-0.159999996423721,6.70999985001981,3.27499992679805,1985,5,NA
51.8667,10.3333,1985-05-06,2.67999994009733,10.8099997583777,6.7449998492375,1985,5,NA
51.8667,10.3333,1985-05-07,6.4899998549372,14.4499996770173,10.4699997659773,1985,5,NA
51.8667,10.3333,1985-05-08,10.2299997713417,18.3699995893985,14.2999996803701,1985,5,NA
51.8667,10.3333,1985-05-09,9.80999978072941,16.2299996372312,13.0199997089803,1985,5,NA
51.8667,10.3333,1985-05-10,4.69999989494681,15.0899996627122,9.89499977882951,1985,5,NA
51.8667,10.3333,1985-05-11,6.7199998497963,14.1399996839464,10.4299997668713,1985,5,NA
51.8667,10.3333,1985-05-12,8.08999981917441,15.1999996602535,11.644999739714,1985,5,NA
51.8667,10.3333,1985-05-13,8.63999980688095,16.4099996332079,12.5249997200444,1985,5,NA
51.8667,10.3333,1985-05-14,10.7299997601658,20.5199995413423,15.624999650754,1985,5,NA
51.8667,10.3333,1985-05-15,11.6899997387081,22.4299994986504,17.0599996186793,1985,5,NA
51.8667,10.3333,1985-05-16,6.57999985292554,18.4299995880574,12.5049997204915,1985,5,NA
51.8667,10.3333,1985-05-17,7.65999982878566,18.5199995860457,13.0899997074157,1985,5,NA
51.8667,10.3333,1985-05-18,5.78999987058342,16.4499996323138,11.1199997514486,1985,5,NA
51.8667,10.3333,1985-05-19,6.40999985672534,17.6799996048212,12.0449997307733,1985,5,NA
51.8667,10.3333,1985-05-20,9.19999979436398,19.499999564141,14.3499996792525,1985,5,NA
51.8667,10.3333,1985-05-21,10.4499997664243,18.919999577105,14.6849996717647,1985,5,NA
51.8667,10.3333,1985-05-22,11.6199997402728,19.7099995594472,15.66499964986,1985,5,NA
51.8667,10.3333,1985-05-23,8.2699998151511,15.6799996495247,11.9749997323379,1985,5,NA
51.8667,10.3333,1985-05-24,8.2699998151511,12.5699997190386,10.4199997670949,1985,5,NA
51.8667,10.3333,1985-05-25,6.98999984376132,15.3799996562302,11.1849997499958,1985,5,NA
51.8667,10.3333,1985-05-26,8.68999980576336,21.529999518767,15.1099996622652,1985,5,NA
51.8667,10.3333,1985-05-27,12.0099997315556,25.1799994371831,18.5949995843694,1985,5,NA
51.8667,10.3333,1985-05-28,13.7099996935576,26.9099993985146,20.3099995460361,1985,5,NA
51.8667,10.3333,1985-05-29,12.4399997219443,21.1499995272607,16.7949996246025,1985,5,NA
51.8667,10.3333,1985-05-30,9.53999978676438,12.5199997201562,11.0299997534603,1985,5,NA
51.8667,10.3333,1985-05-31,6.72999984957278,16.7699996251613,11.749999737367,1985,5,NA
51.8667,10.3333,1985-06-01,6.8299998473376,18.4899995867163,12.6599997170269,1985,6,NA
51.8667,10.3333,1985-06-02,9.16999979503453,18.9499995764345,14.0599996857345,1985,6,NA
51.8667,10.3333,1985-06-03,9.24999979324639,20.5399995408952,14.8949996670708,1985,6,NA
51.8667,10.3333,1985-06-04,8.30999981425703,21.839999511838,15.0749996630475,1985,6,NA
51.8667,10.3333,1985-06-05,9.87999977916479,24.6699994485825,17.2749996138737,1985,6,NA
51.8667,10.3333,1985-06-06,13.75999969244,22.7999994903803,18.2799995914102,1985,6,NA
51.8667,10.3333,1985-06-07,12.3399997241795,19.209999570623,15.7749996474013,1985,6,NA
51.8667,10.3333,1985-06-08,11.9799997322261,18.359999589622,15.1699996609241,1985,6,NA
51.8667,10.3333,1985-06-09,6.029999865219,13.21999970451,9.62499978486449,1985,6,NA
51.8667,10.3333,1985-06-10,4.8199998922646,11.749999737367,8.28499981481582,1985,6,NA
51.8667,10.3333,1985-06-11,6.3699998576194,11.0099997539073,8.68999980576336,1985,6,NA
51.8667,10.3333,1985-06-12,6.61999985203147,11.3799997456372,8.99999979883432,1985,6,NA
51.8667,10.3333,1985-06-13,7.33999983593822,12.6099997181445,9.97499977704138,1985,6,NA
51.8667,10.3333,1985-06-14,5.46999987773597,11.6499997396022,8.55999980866909,1985,6,NA
51.8667,10.3333,1985-06-15,6.41999985650182,12.1899997275323,9.30499979201704,1985,6,NA
51.8667,10.3333,1985-06-16,5.39999987930059,9.1299997959286,7.2649998376146,1985,6,NA
51.8667,10.3333,1985-06-17,4.89999989047647,11.0799997523427,7.98999982140958,1985,6,NA
51.8667,10.3333,1985-06-18,5.30999988131225,9.21999979391694,7.2649998376146,1985,6,NA
51.8667,10.3333,1985-06-19,5.16999988444149,15.1599996611476,10.1649997727945,1985,6,NA
51.8667,10.3333,1985-06-20,6.44999985583127,17.19999961555,11.8249997356907,1985,6,NA
51.8667,10.3333,1985-06-21,9.76999978162348,14.3099996801466,12.039999730885,1985,6,NA
51.8667,10.3333,1985-06-22,9.3599997907877,14.5299996752292,11.9449997330084,1985,6,NA
51.8667,10.3333,1985-06-23,8.039999820292,15.3499996569008,11.6949997385964,1985,6,NA
51.8667,10.3333,1985-06-24,8.06999981962144,16.1099996399134,12.0899997297674,1985,6,NA
51.8667,10.3333,1985-06-25,7.5199998319149,18.7099995817989,13.1149997068569,1985,6,NA
51.8667,10.3333,1985-06-26,10.0799997746944,14.0599996857345,12.0699997302145,1985,6,NA
51.8667,10.3333,1985-06-27,7.68999982811511,12.929999710992,10.3099997695535,1985,6,NA
51.8667,10.3333,1985-06-28,8.01999982073903,14.2599996812642,11.1399997510016,1985,6,NA
51.8667,10.3333,1985-06-29,8.34999981336296,13.9099996890873,11.1299997512251,1985,6,NA
51.8667,10.3333,1985-06-30,9.28999979235232,13.2299997042865,11.2599997483194,1985,6,NA
51.8667,10.3333,1985-07-01,11.5099997427315,18.7999995797873,15.1549996612594,1985,7,NA
51.8667,10.3333,1985-07-02,11.4499997440726,15.3199996575713,13.3849997008219,1985,7,NA
51.8667,10.3333,1985-07-03,8.65999980643392,15.9599996432662,12.3099997248501,1985,7,NA
51.8667,10.3333,1985-07-04,6.49999985471368,19.3599995672703,12.929999710992,1985,7,NA
51.8667,10.3333,1985-07-05,9.49999978765845,22.4699994977564,15.9849996427074,1985,7,NA
51.8667,10.3333,1985-07-06,12.2799997255206,22.4699994977564,17.3749996116385,1985,7,NA
51.8667,10.3333,1985-07-07,12.0099997315556,23.9899994637817,17.9999995976686,1985,7,NA
51.8667,10.3333,1985-07-08,8.039999820292,16.9899996202439,12.514999720268,1985,7,NA
51.8667,10.3333,1985-07-09,7.53999983146787,12.4999997206032,10.0199997760355,1985,7,NA
51.8667,10.3333,1985-07-10,9.82999978028238,13.8499996904284,11.8399997353554,1985,7,NA
51.8667,10.3333,1985-07-11,10.3799997679889,14.7799996696413,12.5799997188151,1985,7,NA
51.8667,10.3333,1985-07-12,11.2299997489899,17.9099995996803,14.5699996743351,1985,7,NA
51.8667,10.3333,1985-07-13,10.8899997565895,21.0999995283782,15.9949996424839,1985,7,NA
51.8667,10.3333,1985-07-14,11.6099997404963,23.0699994843453,17.3399996124208,1985,7,NA
51.8667,10.3333,1985-07-15,13.2599997036159,27.849999377504,20.5549995405599,1985,7,NA
51.8667,10.3333,1985-07-16,13.8099996913224,22.5699994955212,18.1899995934218,1985,7,NA
51.8667,10.3333,1985-07-17,10.1899997722358,22.1399995051324,16.1649996386841,1985,7,NA
51.8667,10.3333,1985-07-18,10.1399997733533,20.119999550283,15.1299996618181,1985,7,NA
51.8667,10.3333,1985-07-19,10.7699997592717,24.4199994541705,17.5949996067211,1985,7,NA
51.8667,10.3333,1985-07-20,13.2999997027218,18.9999995753169,16.1499996390194,1985,7,NA
51.8667,10.3333,1985-07-21,11.1099997516721,17.9799995981157,14.5449996748939,1985,7,NA
51.8667,10.3333,1985-07-22,8.039999820292,15.0299996640533,11.5349997421727,1985,7,NA
51.8667,10.3333,1985-07-23,7.5199998319149,14.4599996767938,10.9899997543544,1985,7,NA
51.8667,10.3333,1985-07-24,11.7999997362494,16.8799996227026,14.339999679476,1985,7,NA
51.8667,10.3333,1985-07-25,8.04999982006848,21.54999951832,14.7999996691942,1985,7,NA
51.8667,10.3333,1985-07-26,9.9899997767061,22.1999995037913,16.0949996402487,1985,7,NA
51.8667,10.3333,1985-07-27,11.7599997371435,22.7799994908273,17.2699996139854,1985,7,NA
51.8667,10.3333,1985-07-28,13.8799996897578,18.919999577105,16.3999996334314,1985,7,NA
51.8667,10.3333,1985-07-29,9.56999978609383,22.3399995006621,15.954999643378,1985,7,NA
51.8667,10.3333,1985-07-30,14.2199996821582,19.8399995565414,17.0299996193498,1985,7,NA
51.8667,10.3333,1985-07-31,12.059999730438,17.6399996057153,14.8499996680766,1985,7,NA
51.8667,10.3333,1985-08-01,11.76999973692,15.6099996510893,13.6899996940047,1985,8,NA
51.8667,10.3333,1985-08-02,10.5499997641891,18.2299995925277,14.3899996783584,1985,8,NA
51.8667,10.3333,1985-08-03,10.6699997615069,16.2099996376783,13.4399996995926,1985,8,NA
51.8667,10.3333,1985-08-04,11.3999997451901,16.7799996249378,14.089999685064,1985,8,NA
51.8667,10.3333,1985-08-05,7.53999983146787,14.899999666959,11.2199997492135,1985,8,NA
51.8667,10.3333,1985-08-06,10.5299997646362,20.6899995375425,15.6099996510893,1985,8,NA
51.8667,10.3333,1985-08-07,9.34999979101121,16.2799996361136,12.8149997135624,1985,8,NA
51.8667,10.3333,1985-08-08,7.64999982900918,15.229999659583,11.4399997442961,1985,8,NA
51.8667,10.3333,1985-08-09,8.13999981805682,16.4099996332079,12.2749997256324,1985,8,NA
51.8667,10.3333,1985-08-10,8.09999981895089,21.9699995089322,15.0349996639416,1985,8,NA
51.8667,10.3333,1985-08-11,11.3799997456372,20.8699995335191,16.1249996395782,1985,8,NA
51.8667,10.3333,1985-08-12,7.61999982967973,20.2699995469302,13.944999688305,1985,8,NA
51.8667,10.3333,1985-08-13,12.8199997134507,17.4699996095151,15.1449996614829,1985,8,NA
51.8667,10.3333,1985-08-14,11.3299997467548,22.0799995064735,16.7049996266142,1985,8,NA
51.8667,10.3333,1985-08-15,14.8299996685237,29.5999993383884,22.2149995034561,1985,8,NA
51.8667,10.3333,1985-08-16,14.1699996832758,24.6499994490296,19.4099995661527,1985,8,NA
51.8667,10.3333,1985-08-17,13.1299997065216,20.5299995411187,16.8299996238202,1985,8,NA
51.8667,10.3333,1985-08-18,10.4099997673184,16.639999628067,13.5249996976927,1985,8,NA
51.8667,10.3333,1985-08-19,9.36999979056418,16.2699996363372,12.8199997134507,1985,8,NA
51.8667,10.3333,1985-08-20,8.40999981202185,19.209999570623,13.8099996913224,1985,8,NA
51.8667,10.3333,1985-08-21,11.8499997351319,17.2699996139854,14.5599996745586,1985,8,NA
51.8667,10.3333,1985-08-22,11.1999997496605,19.7499995585531,15.4749996541068,1985,8,NA
51.8667,10.3333,1985-08-23,9.76999978162348,21.8599995113909,15.8149996465072,1985,8,NA
51.8667,10.3333,1985-08-24,10.0399997755885,18.1199995949864,14.0799996852875,1985,8,NA
51.8667,10.3333,1985-08-25,8.33999981358647,21.9099995102733,15.1249996619299,1985,8,NA
51.8667,10.3333,1985-08-26,10.6699997615069,17.8099996019155,14.2399996817112,1985,8,NA
51.8667,10.3333,1985-08-27,8.29999981448054,17.2499996144325,12.7749997144565,1985,8,NA
51.8667,10.3333,1985-08-28,8.039999820292,15.1199996620417,11.5799997411668,1985,8,NA
51.8667,10.3333,1985-08-29,5.65999987348914,19.7999995574355,12.7299997154623,1985,8,NA
51.8667,10.3333,1985-08-30,7.81999982520938,21.1399995274842,14.4799996763468,1985,8,NA
51.8667,10.3333,1985-08-31,8.88999980129302,22.7999994903803,15.8449996458367,1985,8,NA
51.8667,10.3333,1985-09-01,11.0299997534603,23.9899994637817,17.509999608621,1985,9,NA
51.8667,10.3333,1985-09-02,11.499999742955,19.0599995739758,15.2799996584654,1985,9,NA
51.8667,10.3333,1985-09-03,9.45999978855252,15.9499996434897,12.7049997160211,1985,9,NA
51.8667,10.3333,1985-09-04,9.09999979659915,14.6899996716529,11.894999734126,1985,9,NA
51.8667,10.3333,1985-09-05,8.8999998010695,13.3599997013807,11.1299997512251,1985,9,NA
51.8667,10.3333,1985-09-06,8.55999980866909,13.509999698028,11.0349997533485,1985,9,NA
51.8667,10.3333,1985-09-07,5.01999988779426,11.9299997333437,8.47499981056899,1985,9,NA
51.8667,10.3333,1985-09-08,4.54999989829957,10.0399997755885,7.29499983694404,1985,9,NA
51.8667,10.3333,1985-09-09,6.34999985806644,8.82999980263412,7.58999983035028,1985,9,NA
51.8667,10.3333,1985-09-10,6.05999986454844,12.2199997268617,9.13999979570508,1985,9,NA
51.8667,10.3333,1985-09-11,5.32999988086522,12.9199997112155,9.12499979604036,1985,9,NA
51.8667,10.3333,1985-09-12,9.97999977692962,16.389999633655,13.1849997052923,1985,9,NA
51.8667,10.3333,1985-09-13,5.7999998703599,17.5399996079504,11.6699997391552,1985,9,NA
51.8667,10.3333,1985-09-14,8.039999820292,20.409999543801,14.2249996820465,1985,9,NA
51.8667,10.3333,1985-09-15,9.04999979771674,14.4899996761233,11.76999973692,1985,9,NA
51.8667,10.3333,1985-09-16,8.55999980866909,11.4299997445196,9.99499977659434,1985,9,NA
51.8667,10.3333,1985-09-17,7.45999983325601,11.459999743849,9.45999978855252,1985,9,NA
51.8667,10.3333,1985-09-18,9.00999979861081,14.899999666959,11.9549997327849,1985,9,NA
51.8667,10.3333,1985-09-19,9.18999979458749,17.3499996121973,13.2699997033924,1985,9,NA
51.8667,10.3333,1985-09-20,11.1799997501075,23.6499994713813,17.4149996107444,1985,9,NA
51.8667,10.3333,1985-09-21,12.7999997138977,18.5699995849282,15.6849996494129,1985,9,NA
51.8667,10.3333,1985-09-22,12.4299997221678,19.6999995596707,16.0649996409193,1985,9,NA
51.8667,10.3333,1985-09-23,14.1099996846169,17.7899996023625,15.9499996434897,1985,9,NA
51.8667,10.3333,1985-09-24,10.899999756366,16.2399996370077,13.5699996966869,1985,9,NA
51.8667,10.3333,1985-09-25,10.2999997697771,16.059999641031,13.179999705404,1985,9,NA
51.8667,10.3333,1985-09-26,9.9299997780472,12.3999997228384,11.1649997504428,1985,9,NA
51.8667,10.3333,1985-09-27,7.77999982610345,15.7399996481836,11.7599997371435,1985,9,NA
51.8667,10.3333,1985-09-28,5.71999987214804,18.8299995791167,12.2749997256324,1985,9,NA
51.8667,10.3333,1985-09-29,8.77999980375171,14.7499996703118,11.7649997370318,1985,9,NA
51.8667,10.3333,1985-09-30,6.14999986253679,16.1199996396899,11.1349997511134,1985,9,NA
51.8667,10.3333,1985-10-01,6.10999986343086,18.4099995885044,12.2599997259676,1985,10,1986
51.8667,10.3333,1985-10-02,8.15999981760979,20.8999995328486,14.5299996752292,1985,10,1986
51.8667,10.3333,1985-10-03,10.919999755919,18.919999577105,14.919999666512,1985,10,1986
51.8667,10.3333,1985-10-04,13.7199996933341,22.2999995015562,18.0099995974451,1985,10,1986
51.8667,10.3333,1985-10-05,15.4899996537715,23.0999994836748,19.2949995687231,1985,10,1986
51.8667,10.3333,1985-10-06,11.169999750331,18.9799995757639,15.0749996630475,1985,10,1986
51.8667,10.3333,1985-10-07,8.99999979883432,15.189999660477,12.0949997296557,1985,10,1986
51.8667,10.3333,1985-10-08,7.33999983593822,14.2199996821582,10.7799997590482,1985,10,1986
51.8667,10.3333,1985-10-09,6.73999984934926,13.6499996948987,10.194999772124,1985,10,1986
51.8667,10.3333,1985-10-10,5.11999988555908,11.3999997451901,8.25999981537461,1985,10,1986
51.8667,10.3333,1985-10-11,7.84999982453883,11.6499997396022,9.74999978207052,1985,10,1986
51.8667,10.3333,1985-10-12,9.05999979749322,14.4599996767938,11.7599997371435,1985,10,1986
51.8667,10.3333,1985-10-13,5.90999986790121,11.3099997472018,8.6099998075515,1985,10,1986
51.8667,10.3333,1985-10-14,4.86999989114702,9.95999977737665,7.41499983426183,1985,10,1986
51.8667,10.3333,1985-10-15,6.45999985560775,10.3699997682124,8.41499981191009,1985,10,1986
51.8667,10.3333,1985-10-16,6.28999985940754,11.9399997331202,9.11499979626387,1985,10,1986
51.8667,10.3333,1985-10-17,4.55999989807606,10.2299997713417,7.39499983470887,1985,10,1986
51.8667,10.3333,1985-10-18,7.749999826774,9.33999979123473,8.54499980900437,1985,10,1986
51.8667,10.3333,1985-10-19,6.77999984845519,8.28999981470406,7.53499983157963,1985,10,1986
51.8667,10.3333,1985-10-20,4.4799998998642,8.78999980352819,6.63499985169619,1985,10,1986
51.8667,10.3333,1985-10-21,1.86999995820224,9.72999978251755,5.7999998703599,1985,10,1986
51.8667,10.3333,1985-10-22,-0.829999981448054,11.2299997489899,5.19999988377094,1985,10,1986
51.8667,10.3333,1985-10-23,-0.88999998010695,8.05999981984496,3.58499991986901,1985,10,1986
51.8667,10.3333,1985-10-24,0.629999985918403,9.89999977871776,5.26499988231808,1985,10,1986
51.8667,10.3333,1985-10-25,-1.36999996937811,8.41999981179833,3.52499992121011,1985,10,1986
51.8667,10.3333,1985-10-26,0.0799999982118607,8.78999980352819,4.43499990087003,1985,10,1986
51.8667,10.3333,1985-10-27,-0.189999995753169,10.2799997702241,5.04499988723546,1985,10,1986
51.8667,10.3333,1985-10-28,-1.0899999756366,7.13999984040856,3.02499993238598,1985,10,1986
51.8667,10.3333,1985-10-29,-2.93999993428588,5.47999987751245,1.26999997161329,1985,10,1986
51.8667,10.3333,1985-10-30,1.46999996714294,5.84999986924231,3.65999991819263,1985,10,1986
51.8667,10.3333,1985-10-31,-1.30999997071922,5.34999988041818,2.01999995484948,1985,10,1986
51.8667,10.3333,1985-11-01,-1.98999995552003,1.38999996893108,-0.299999993294477,1985,11,1986
51.8667,10.3333,1985-11-02,-0.479999989271164,4.25999990478158,1.88999995775521,1985,11,1986
51.8667,10.3333,1985-11-03,0.159999996423721,3.86999991349876,2.01499995496124,1985,11,1986
51.8667,10.3333,1985-11-04,-0.439999990165234,4.42999990098178,1.99499995540828,1985,11,1986
51.8667,10.3333,1985-11-05,-2.95999993383884,6.09999986365438,1.56999996490777,1985,11,1986
51.8667,10.3333,1985-11-06,3.60999991931021,11.76999973692,7.68999982811511,1985,11,1986
51.8667,10.3333,1985-11-07,0.209999995306134,6.69999985024333,3.45499992277473,1985,11,1986
51.8667,10.3333,1985-11-08,1.29999997094274,5.19999988377094,3.24999992735684,1985,11,1986
51.8667,10.3333,1985-11-09,1.49999996647239,7.38999983482063,4.44499990064651,1985,11,1986
51.8667,10.3333,1985-11-10,6.44999985583127,13.5599996969104,10.0049997763708,1985,11,1986
51.8667,10.3333,1985-11-11,1.34999996982515,9.46999978832901,5.40999987907708,1985,11,1986
51.8667,10.3333,1985-11-12,-1.0899999756366,1.70999996177852,0.30999999307096,1985,11,1986
51.8667,10.3333,1985-11-13,-2.009999955073,-0.169999996200204,-1.0899999756366,1985,11,1986
51.8667,10.3333,1985-11-14,-4.45999990031123,1.57999996468425,-1.43999996781349,1985,11,1986
51.8667,10.3333,1985-11-15,-2.79999993741512,0.909999979659915,-0.944999978877604,1985,11,1986
51.8667,10.3333,1985-11-16,-4.73999989405274,2.07999995350838,-1.32999997027218,1985,11,1986
51.8667,10.3333,1985-11-17,-4.84999989159405,0.639999985694885,-2.10499995294958,1985,11,1986
51.8667,10.3333,1985-11-18,-5.94999986700714,-0.859999980777502,-3.40499992389232,1985,11,1986
51.8667,10.3333,1985-11-19,-6.99999984353781,-3.58999991975725,-5.29499988164753,1985,11,1986
51.8667,10.3333,1985-11-20,-8.00999982096255,-6.52999985404313,-7.26999983750284,1985,11,1986
51.8667,10.3333,1985-11-21,-7.61999982967973,-5.62999987415969,-6.62499985191971,1985,11,1986
51.8667,10.3333,1985-11-22,-6.20999986119568,-4.55999989807606,-5.38499987963587,1985,11,1986
51.8667,10.3333,1985-11-23,-7.2899998370558,-3.30999992601573,-5.29999988153577,1985,11,1986
51.8667,10.3333,1985-11-24,-7.3499998357147,-2.53999994322658,-4.94499988947064,1985,11,1986
51.8667,10.3333,1985-11-25,-6.53999985381961,-0.949999978765845,-3.74499991629273,1985,11,1986
51.8667,10.3333,1985-11-26,-5.13999988511205,-1.34999996982515,-3.2449999274686,1985,11,1986
51.8667,10.3333,1985-11-27,-9.00999979861081,-3.67999991774559,-6.3449998581782,1985,11,1986
51.8667,10.3333,1985-11-28,-4.67999989539385,-2.66999994032085,-3.67499991785735,1985,11,1986
51.8667,10.3333,1985-11-29,-3.35999992489815,-1.44999996758997,-2.40499994624406,1985,11,1986
51.8667,10.3333,1985-11-30,-4.9399998895824,-1.96999995596707,-3.45499992277473,1985,11,1986
51.8667,10.3333,1985-12-01,-6.12999986298382,-1.24999997206032,-3.68999991752207,1985,12,1986
51.8667,10.3333,1985-12-02,-2.42999994568527,5.19999988377094,1.38499996904284,1985,12,1986
51.8667,10.3333,1985-12-03,4.84999989159405,8.09999981895089,6.47499985527247,1985,12,1986
51.8667,10.3333,1985-12-04,7.44999983347952,10.7499997597188,9.09999979659915,1985,12,1986
51.8667,10.3333,1985-12-05,8.57999980822206,10.0399997755885,9.30999979190528,1985,12,1986
51.8667,10.3333,1985-12-06,8.01999982073903,11.3799997456372,9.6999997831881,1985,12,1986
51.8667,10.3333,1985-12-07,2.83999993652105,9.70999978296459,6.27499985974282,1985,12,1986
51.8667,10.3333,1985-12-08,3.81999991461635,6.98999984376132,5.40499987918884,1985,12,1986
51.8667,10.3333,1985-12-09,3.3899999242276,5.98999986611307,4.68999989517033,1985,12,1986
51.8667,10.3333,1985-12-10,4.11999990791082,6.37999985739589,5.24999988265336,1985,12,1986
51.8667,10.3333,1985-12-11,1.36999996937811,5.59999987483025,3.48499992210418,1985,12,1986
51.8667,10.3333,1985-12-12,-0.719999983906746,1.69999996200204,0.489999989047647,1985,12,1986
51.8667,10.3333,1985-12-13,-2.26999994926155,0.599999986588955,-0.834999981336296,1985,12,1986
51.8667,10.3333,1985-12-14,-2.78999993763864,0.689999984577298,-1.04999997653067,1985,12,1986
51.8667,10.3333,1985-12-15,0.449999989941716,4.08999990858138,2.26999994926155,1985,12,1986
51.8667,10.3333,1985-12-16,4.07999990880489,7.81999982520938,5.94999986700714,1985,12,1986
51.8667,10.3333,1985-12-17,6.05999986454844,8.17999981716275,7.1199998408556,1985,12,1986
51.8667,10.3333,1985-12-18,2.44999994523823,6.26999985985458,4.35999990254641,1985,12,1986
51.8667,10.3333,1985-12-19,2.31999994814396,5.95999986678362,4.13999990746379,1985,12,1986
51.8667,10.3333,1985-12-20,0.689999984577298,6.029999865219,3.35999992489815,1985,12,1986
51.8667,10.3333,1985-12-21,1.35999996960163,4.71999989449978,3.0399999320507,1985,12,1986
51.8667,10.3333,1985-12-22,2.49999994412065,5.39999987930059,3.94999991171062,1985,12,1986
51.8667,10.3333,1985-12-23,1.78999995999038,8.85999980196357,5.32499988097697,1985,12,1986
51.8667,10.3333,1985-12-24,2.13999995216727,7.91999982297421,5.02999988757074,1985,12,1986
51.8667,10.3333,1985-12-25,0.989999977871776,4.27999990433455,2.63499994110316,1985,12,1986
51.8667,10.3333,1985-12-26,2.93999993428588,5.92999986745417,4.43499990087003,1985,12,1986
51.8667,10.3333,1985-12-27,3.93999991193414,6.00999986566603,4.97499988880008,1985,12,1986
51.8667,10.3333,1985-12-28,-4.019999910146,3.9599999114871,-0.0299999993294477,1985,12,1986
51.8667,10.3333,1985-12-29,-9.05999979749322,-3.93999991193414,-6.49999985471368,1985,12,1986
51.8667,10.3333,1985-12-30,-7.89999982342124,-4.46999990008771,-6.18499986175448,1985,12,1986
51.8667,10.3333,1985-12-31,-7.38999983482063,-3.4999999217689,-5.44499987829477,1985,12,1986
51.8667,10.3333,1986-01-01,-10.9899997543544,-3.76999991573393,-7.37999983504415,1986,1,1986
51.8667,10.3333,1986-01-02,-12.059999730438,-6.24999986030161,-9.1549997953698,1986,1,1986
51.8667,10.3333,1986-01-03,-10.2199997715652,1.70999996177852,-4.25499990489334,1986,1,1986
51.8667,10.3333,1986-01-04,-1.0899999756366,2.4099999461323,0.65999998524785,1986,1,1986
51.8667,10.3333,1986-01-05,-5.39999987930059,-0.88999998010695,-3.14499992970377,1986,1,1986
51.8667,10.3333,1986-01-06,-4.04999990947545,-1.45999996736646,-2.75499993842095,1986,1,1986
51.8667,10.3333,1986-01-07,-2.15999995172024,0.549999987706542,-0.804999982006848,1986,1,1986
51.8667,10.3333,1986-01-08,-4.61999989673495,-0.949999978765845,-2.7849999377504,1986,1,1986
51.8667,10.3333,1986-01-09,-6.78999984823167,-3.47999992221594,-5.13499988522381,1986,1,1986
51.8667,10.3333,1986-01-10,-10.2199997715652,-4.34999990276992,-7.28499983716756,1986,1,1986
51.8667,10.3333,1986-01-11,-12.8499997127801,-2.02999995462596,-7.43999983370304,1986,1,1986
51.8667,10.3333,1986-01-12,-2.12999995239079,2.29999994859099,0.0849999981001019,1986,1,1986
51.8667,10.3333,1986-01-13,-0.359999991953373,1.49999996647239,0.569999987259507,1986,1,1986
51.8667,10.3333,1986-01-14,0.30999999307096,4.00999991036952,2.15999995172024,1986,1,1986
51.8667,10.3333,1986-01-15,-0.129999997094274,5.24999988265336,2.55999994277954,1986,1,1986
51.8667,10.3333,1986-01-16,-1.34999996982515,1.43999996781349,0.0449999989941716,1986,1,1986
51.8667,10.3333,1986-01-17,-2.58999994210899,-0.559999987483025,-1.57499996479601,1986,1,1986
51.8667,10.3333,1986-01-18,-8.23999981582165,-1.74999996088445,-4.99499988835305,1986,1,1986
51.8667,10.3333,1986-01-19,-9.45999978855252,3.06999993138015,-3.19499992858618,1986,1,1986
51.8667,10.3333,1986-01-20,2.36999994702637,6.7199998497963,4.54499989841133,1986,1,1986
51.8667,10.3333,1986-01-21,0.689999984577298,6.60999985225499,3.64999991841614,1986,1,1986
51.8667,10.3333,1986-01-22,1.62999996356666,3.07999993115664,2.35499994736165,1986,1,1986
51.8667,10.3333,1986-01-23,0.809999981895089,3.17999992892146,1.99499995540828,1986,1,1986
51.8667,10.3333,1986-01-24,1.24999997206032,3.88999991305172,2.56999994255602,1986,1,1986
51.8667,10.3333,1986-01-25,-1.12999997474253,1.9499999564141,0.409999990835786,1986,1,1986
51.8667,10.3333,1986-01-26,-2.31999994814396,-0.359999991953373,-1.33999997004867,1986,1,1986
51.8667,10.3333,1986-01-27,-4.98999988846481,-2.14999995194376,-3.56999992020428,1986,1,1986
51.8667,10.3333,1986-01-28,-6.23999986052513,-3.42999992333353,-4.83499989192933,1986,1,1986
51.8667,10.3333,1986-01-29,-6.87999984622002,-1.41999996826053,-4.14999990724027,1986,1,1986
51.8667,10.3333,1986-01-30,-4.8799998909235,0.65999998524785,-2.10999995283782,1986,1,1986
51.8667,10.3333,1986-01-31,-5.59999987483025,1.25999997183681,-2.16999995149672,1986,1,1986
51.8667,10.3333,1986-02-01,-2.31999994814396,-0.749999983236194,-1.53499996569008,1986,2,1986
51.8667,10.3333,1986-02-02,-2.12999995239079,0.909999979659915,-0.609999986365438,1986,2,1986
51.8667,10.3333,1986-02-03,-4.11999990791082,0.30999999307096,-1.90499995741993,1986,2,1986
51.8667,10.3333,1986-02-04,-6.35999985784292,-3.70999991707504,-5.03499988745898,1986,2,1986
51.8667,10.3333,1986-02-05,-8.87999980151653,-4.73999989405274,-6.80999984778464,1986,2,1986
51.8667,10.3333,1986-02-06,-11.6199997402728,-4.28999990411103,-7.95499982219189,1986,2,1986
51.8667,10.3333,1986-02-07,-11.6099997404963,-5.46999987773597,-8.53999980911613,1986,2,1986
51.8667,10.3333,1986-02-08,-11.8099997360259,-6.51999985426664,-9.16499979514629,1986,2,1986
51.8667,10.3333,1986-02-09,-17.1599996164441,-8.4399998113513,-12.7999997138977,1986,2,1986
51.8667,10.3333,1986-02-10,-21.4499995205551,-10.6699997615069,-16.059999641031,1986,2,1986
51.8667,10.3333,1986-02-11,-10.9399997554719,-4.46999990008771,-7.70499982777983,1986,2,1986
51.8667,10.3333,1986-02-12,-7.26999983750284,-4.05999990925193,-5.66499987337738,1986,2,1986
51.8667,10.3333,1986-02-13,-11.3999997451901,-3.28999992646277,-7.34499983582646,1986,2,1986
51.8667,10.3333,1986-02-14,-14.1999996826053,-4.62999989651144,-9.41499978955835,1986,2,1986
51.8667,10.3333,1986-02-15,-10.0099997762591,-4.12999990768731,-7.06999984197319,1986,2,1986
51.8667,10.3333,1986-02-16,-8.24999981559813,-3.52999992109835,-5.88999986834824,1986,2,1986
51.8667,10.3333,1986-02-17,-8.13999981805682,-3.97999991104007,-6.05999986454844,1986,2,1986
51.8667,10.3333,1986-02-18,-9.6999997831881,-4.76999989338219,-7.23499983828515,1986,2,1986
51.8667,10.3333,1986-02-19,-10.029999775812,-6.68999985046685,-8.35999981313944,1986,2,1986
51.8667,10.3333,1986-02-20,-10.5399997644126,-6.54999985359609,-8.54499980900437,1986,2,1986
51.8667,10.3333,1986-02-21,-12.6499997172505,-7.25999983772635,-9.95499977748841,1986,2,1986
51.8667,10.3333,1986-02-22,-13.5699996966869,-7.02999984286726,-10.2999997697771,1986,2,1986
51.8667,10.3333,1986-02-23,-15.7999996468425,-8.40999981202185,-12.1049997294322,1986,2,1986
51.8667,10.3333,1986-02-24,-20.2599995471537,-9.03999979794025,-14.649999672547,1986,2,1986
51.8667,10.3333,1986-02-25,-19.4599995650351,-6.51999985426664,-12.9899997096509,1986,2,1986
51.8667,10.3333,1986-02-26,-11.4899997431785,-7.08999984152615,-9.28999979235232,1986,2,1986
51.8667,10.3333,1986-02-27,-16.7799996249378,-6.68999985046685,-11.7349997377023,1986,2,1986
51.8667,10.3333,1986-02-28,-18.399999588728,-3.36999992467463,-10.8849997567013,1986,2,1986
51.8667,10.3333,1986-03-01,-13.3399997018278,-4.07999990880489,-8.70999980531633,1986,3,1986
51.8667,10.3333,1986-03-02,-9.27999979257584,-3.12999993003905,-6.20499986130744,1986,3,1986
51.8667,10.3333,1986-03-03,-8.73999980464578,-2.96999993361533,-5.85499986913055,1986,3,1986
51.8667,10.3333,1986-03-04,-10.069999774918,0.199999995529652,-4.93499988969415,1986,3,1986
51.8667,10.3333,1986-03-05,-10.9499997552484,-0.179999995976686,-5.56499987561256,1986,3,1986
51.8667,10.3333,1986-03-06,-1.96999995596707,3.69999991729856,0.864999980665743,1986,3,1986
51.8667,10.3333,1986-03-07,2.71999993920326,4.59999989718199,3.65999991819263,1986,3,1986
51.8667,10.3333,1986-03-08,-0.0499999988824129,3.89999991282821,1.9249999569729,1986,3,1986
51.8667,10.3333,1986-03-09,-1.3199999704957,2.87999993562698,0.779999982565641,1986,3,1986
51.8667,10.3333,1986-03-10,-1.1499999742955,1.47999996691942,0.164999996311963,1986,3,1986
51.8667,10.3333,1986-03-11,-3.39999992400408,3.73999991640449,0.169999996200204,1986,3,1986
51.8667,10.3333,1986-03-12,0.0799999982118607,2.2399999499321,1.15999997407198,1986,3,1986
51.8667,10.3333,1986-03-13,-1.00999997742474,1.11999997496605,0.0549999987706542,1986,3,1986
51.8667,10.3333,1986-03-14,-1.1499999742955,1.97999995574355,0.414999990724027,1986,3,1986
51.8667,10.3333,1986-03-15,0.509999988600612,2.82999993674457,1.66999996267259,1986,3,1986
51.8667,10.3333,1986-03-16,1.04999997653067,7.18999983929098,4.11999990791082,1986,3,1986
51.8667,10.3333,1986-03-17,1.27999997138977,5.65999987348914,3.46999992243946,1986,3,1986
51.8667,10.3333,1986-03-18,-0.229999994859099,10.7799997590482,5.27499988209456,1986,3,1986
51.8667,10.3333,1986-03-19,1.09999997541308,11.2299997489899,6.16499986220151,1986,3,1986
51.8667,10.3333,1986-03-20,-0.709999984130263,11.1499997507781,5.21999988332391,1986,3,1986
51.8667,10.3333,1986-03-21,-0.239999994635582,9.73999978229403,4.74999989382923,1986,3,1986
51.8667,10.3333,1986-03-22,0.30999999307096,5.88999986834824,3.0999999307096,1986,3,1986
51.8667,10.3333,1986-03-23,-0.679999984800816,5.15999988466501,2.2399999499321,1986,3,1986
51.8667,10.3333,1986-03-24,0.809999981895089,5.00999988801777,2.90999993495643,1986,3,1986
51.8667,10.3333,1986-03-25,-0.179999995976686,5.12999988533556,2.47499994467944,1986,3,1986
51.8667,10.3333,1986-03-26,-0.0399999991059303,5.22999988310039,2.59499994199723,1986,3,1986
51.8667,10.3333,1986-03-27,-0.0999999977648258,5.31999988108873,2.60999994166195,1986,3,1986
51.8667,10.3333,1986-03-28,0.999999977648258,7.93999982252717,4.46999990008771,1986,3,1986
51.8667,10.3333,1986-03-29,4.94999988935888,9.759999781847,7.35499983560294,1986,3,1986
51.8667,10.3333,1986-03-30,2.20999995060265,7.38999983482063,4.79999989271164,1986,3,1986
51.8667,10.3333,1986-03-31,0.769999982789159,4.05999990925193,2.41499994602054,1986,3,1986
51.8667,10.3333,1986-04-01,0.559999987483025,4.94999988935888,2.75499993842095,1986,4,1986
51.8667,10.3333,1986-04-02,-0.0199999995529652,5.99999986588955,2.98999993316829,1986,4,1986
51.8667,10.3333,1986-04-03,-1.45999996736646,6.84999984689057,2.69499993976206,1986,4,1986
51.8667,10.3333,1986-04-04,-0.569999987259507,6.07999986410141,2.75499993842095,1986,4,1986
51.8667,10.3333,1986-04-05,0.34999999217689,2.73999993875623,1.54499996546656,1986,4,1986
51.8667,10.3333,1986-04-06,-0.769999982789159,2.87999993562698,1.05499997641891,1986,4,1986
51.8667,10.3333,1986-04-07,-0.959999978542328,1.9499999564141,0.494999988935888,1986,4,1986
51.8667,10.3333,1986-04-08,1.01999997720122,5.1099998857826,3.06499993149191,1986,4,1986
51.8667,10.3333,1986-04-09,2.81999993696809,5.36999987997115,4.09499990846962,1986,4,1986
51.8667,10.3333,1986-04-10,-0.0999999977648258,3.3299999255687,1.61499996390194,1986,4,1986
51.8667,10.3333,1986-04-11,-4.82999989204109,0.199999995529652,-2.31499994825572,1986,4,1986
51.8667,10.3333,1986-04-12,-7.5199998319149,-2.76999993808568,-5.14499988500029,1986,4,1986
51.8667,10.3333,1986-04-13,-9.89999977871776,-1.1499999742955,-5.52499987650663,1986,4,1986
51.8667,10.3333,1986-04-14,-9.70999978296459,2.03999995440245,-3.83499991428107,1986,4,1986
51.8667,10.3333,1986-04-15,-4.61999989673495,2.79999993741512,-0.909999979659915,1986,4,1986
51.8667,10.3333,1986-04-16,1.66999996267259,11.4199997447431,6.54499985370785,1986,4,1986
51.8667,10.3333,1986-04-17,4.12999990768731,11.6899997387081,7.90999982319772,1986,4,1986
51.8667,10.3333,1986-04-18,2.80999993719161,10.1099997740239,6.45999985560775,1986,4,1986
51.8667,10.3333,1986-04-19,1.26999997161329,7.76999982632697,4.51999989897013,1986,4,1986
51.8667,10.3333,1986-04-20,0.569999987259507,6.09999986365438,3.33499992545694,1986,4,1986
51.8667,10.3333,1986-04-21,1.24999997206032,7.15999983996153,4.20499990601093,1986,4,1986
51.8667,10.3333,1986-04-22,2.39999994635582,10.6199997626245,6.50999985449016,1986,4,1986
51.8667,10.3333,1986-04-23,3.98999991081655,10.0599997751415,7.02499984297901,1986,4,1986
51.8667,10.3333,1986-04-24,2.30999994836748,10.5599997639656,6.43499985616654,1986,4,1986
51.8667,10.3333,1986-04-25,3.76999991573393,15.1799996607006,9.47499978821725,1986,4,1986
51.8667,10.3333,1986-04-26,3.43999992311001,11.1799997501075,7.30999983660877,1986,4,1986
51.8667,10.3333,1986-04-27,3.08999993093312,9.38999979011714,6.23999986052513,1986,4,1986
51.8667,10.3333,1986-04-28,6.07999986410141,15.809999646619,10.9449997553602,1986,4,1986
51.8667,10.3333,1986-04-29,6.95999984443188,15.789999647066,11.3749997457489,1986,4,1986
51.8667,10.3333,1986-04-30,7.99999982118607,16.7199996262789,12.3599997237325,1986,4,1986
51.8667,10.3333,1986-05-01,6.66999985091388,13.3099997024983,9.9899997767061,1986,5,NA
51.8667,10.3333,1986-05-02,2.68999993987381,16.2999996356666,9.49499978777021,1986,5,NA
51.8667,10.3333,1986-05-03,7.06999984197319,20.1999995484948,13.634999695234,1986,5,NA
51.8667,10.3333,1986-05-04,9.26999979279935,23.3199994787574,16.2949996357784,1986,5,NA
51.8667,10.3333,1986-05-05,10.4699997659773,18.359999589622,14.4149996777996,1986,5,NA
51.8667,10.3333,1986-05-06,10.1899997722358,22.7199994921684,16.4549996322021,1986,5,NA
51.8667,10.3333,1986-05-07,9.54999978654087,20.369999544695,14.9599996656179,1986,5,NA
51.8667,10.3333,1986-05-08,10.0899997744709,18.089999595657,14.089999685064,1986,5,NA
51.8667,10.3333,1986-05-09,6.16999986208975,13.0599997080863,9.614999785088,1986,5,NA
51.8667,10.3333,1986-05-10,5.06999988667667,12.8599997125566,8.96499979961663,1986,5,NA
51.8667,10.3333,1986-05-11,7.67999982833862,11.8399997353554,9.759999781847,1986,5,NA
51.8667,10.3333,1986-05-12,9.24999979324639,14.0399996861815,11.644999739714,1986,5,NA
51.8667,10.3333,1986-05-13,5.63999987393618,17.4199996106327,11.5299997422844,1986,5,NA
51.8667,10.3333,1986-05-14,8.94999979995191,21.4599995203316,15.2049996601418,1986,5,NA
51.8667,10.3333,1986-05-15,8.23999981582165,13.4299996998161,10.8349997578189,1986,5,NA
51.8667,10.3333,1986-05-16,5.35999988019466,15.1499996613711,10.2549997707829,1986,5,NA
51.8667,10.3333,1986-05-17,3.20999992825091,15.1699996609241,9.18999979458749,1986,5,NA
51.8667,10.3333,1986-05-18,3.63999991863966,18.2799995914102,10.9599997550249,1986,5,NA
51.8667,10.3333,1986-05-19,11.9199997335672,21.8899995107204,16.9049996221438,1986,5,NA
51.8667,10.3333,1986-05-20,7.96999982185662,19.1099995728582,13.5399996973574,1986,5,NA
51.8667,10.3333,1986-05-21,8.53999980911613,21.3099995236844,14.9249996664003,1986,5,NA
51.8667,10.3333,1986-05-22,14.2799996808171,19.1899995710701,16.7349996259436,1986,5,NA
51.8667,10.3333,1986-05-23,11.0399997532368,18.3299995902926,14.6849996717647,1986,5,NA
51.8667,10.3333,1986-05-24,9.04999979771674,21.529999518767,15.2899996582419,1986,5,NA
51.8667,10.3333,1986-05-25,8.04999982006848,17.5399996079504,12.7949997140095,1986,5,NA
51.8667,10.3333,1986-05-26,4.91999989002943,17.9399995990098,11.4299997445196,1986,5,NA
51.8667,10.3333,1986-05-27,9.20999979414046,23.5699994731694,16.389999633655,1986,5,NA
51.8667,10.3333,1986-05-28,9.63999978452921,22.6599994935095,16.1499996390194,1986,5,NA
51.8667,10.3333,1986-05-29,9.10999979637563,15.769999647513,12.4399997219443,1986,5,NA
51.8667,10.3333,1986-05-30,3.76999991573393,11.2599997483194,7.51499983202666,1986,5,NA
51.8667,10.3333,1986-05-31,5.01999988779426,9.22999979369342,7.12499984074384,1986,5,NA
51.8667,10.3333,1986-06-01,3.13999992981553,11.7999997362494,7.46999983303249,1986,6,NA
51.8667,10.3333,1986-06-02,3.67999991774559,12.3099997248501,7.99499982129782,1986,6,NA
51.8667,10.3333,1986-06-03,5.82999986968935,13.4999996982515,9.66499978397042,1986,6,NA
51.8667,10.3333,1986-06-04,7.02999984286726,16.5499996300787,11.789999736473,1986,6,NA
51.8667,10.3333,1986-06-05,4.34999990276992,11.189999749884,7.76999982632697,1986,6,NA
51.8667,10.3333,1986-06-06,3.05999993160367,10.4099997673184,6.73499984946102,1986,6,NA
51.8667,10.3333,1986-06-07,4.78999989293516,7.03999984264374,5.91499986778945,1986,6,NA
51.8667,10.3333,1986-06-08,5.64999987371266,8.6699998062104,7.15999983996153,1986,6,NA
51.8667,10.3333,1986-06-09,5.16999988444149,10.8099997583777,7.98999982140958,1986,6,NA
51.8667,10.3333,1986-06-10,6.45999985560775,18.8599995784461,12.6599997170269,1986,6,NA
51.8667,10.3333,1986-06-11,9.30999979190528,21.7499995138496,15.5299996528774,1986,6,NA
51.8667,10.3333,1986-06-12,7.61999982967973,16.7399996258318,12.1799997277558,1986,6,NA
51.8667,10.3333,1986-06-13,6.80999984778464,12.8199997134507,9.81499978061765,1986,6,NA
51.8667,10.3333,1986-06-14,6.38999985717237,16.929999621585,11.6599997393787,1986,6,NA
51.8667,10.3333,1986-06-15,8.32999981380999,19.6199995614588,13.9749996876344,1986,6,NA
51.8667,10.3333,1986-06-16,11.8699997346848,22.6799994930625,17.2749996138737,1986,6,NA
51.8667,10.3333,1986-06-17,14.0599996857345,26.4999994076788,20.2799995467067,1986,6,NA
51.8667,10.3333,1986-06-18,16.949999621138,27.8999993763864,22.4249994987622,1986,6,NA
51.8667,10.3333,1986-06-19,14.7399996705353,20.929999532178,17.8349996013567,1986,6,NA
51.8667,10.3333,1986-06-20,11.4899997431785,21.2299995254725,16.3599996343255,1986,6,NA
51.8667,10.3333,1986-06-21,13.9299996886402,22.379999499768,18.1549995942041,1986,6,NA
51.8667,10.3333,1986-06-22,11.749999737367,18.6399995833635,15.1949996603653,1986,6,NA
51.8667,10.3333,1986-06-23,7.09999984130263,20.6899995375425,13.8949996894225,1986,6,NA
51.8667,10.3333,1986-06-24,9.10999979637563,21.7799995131791,15.4449996547773,1986,6,NA
51.8667,10.3333,1986-06-25,12.0899997297674,17.0299996193498,14.5599996745586,1986,6,NA
51.8667,10.3333,1986-06-26,12.1299997288734,19.3299995679408,15.7299996484071,1986,6,NA
51.8667,10.3333,1986-06-27,10.629999762401,23.3199994787574,16.9749996205792,1986,6,NA
51.8667,10.3333,1986-06-28,11.8199997358024,24.9299994427711,18.3749995892867,1986,6,NA
51.8667,10.3333,1986-06-29,12.3399997241795,24.409999454394,18.3749995892867,1986,6,NA
51.8667,10.3333,1986-06-30,11.7799997366965,20.9399995319545,16.3599996343255,1986,6,NA
51.8667,10.3333,1986-07-01,9.6999997831881,22.9099994879216,16.3049996355549,1986,7,NA
51.8667,10.3333,1986-07-02,12.0299997311085,25.1899994369596,18.6099995840341,1986,7,NA
51.8667,10.3333,1986-07-03,13.5799996964633,26.999999396503,20.2899995464832,1986,7,NA
51.8667,10.3333,1986-07-04,15.5099996533245,28.1499993707985,21.8299995120615,1986,7,NA
51.8667,10.3333,1986-07-05,15.1599996611476,23.8699994664639,19.5149995638058,1986,7,NA
51.8667,10.3333,1986-07-06,13.8699996899813,24.0899994615465,18.9799995757639,1986,7,NA
51.8667,10.3333,1986-07-07,13.0699997078627,20.1799995489419,16.6249996284023,1986,7,NA
51.8667,10.3333,1986-07-08,10.629999762401,15.8799996450543,13.2549997037277,1986,7,NA
51.8667,10.3333,1986-07-09,7.20999983884394,15.189999660477,11.1999997496605,1986,7,NA
51.8667,10.3333,1986-07-10,8.07999981939793,14.8399996683002,11.459999743849,1986,7,NA
51.8667,10.3333,1986-07-11,7.77999982610345,13.8899996895343,10.8349997578189,1986,7,NA
51.8667,10.3333,1986-07-12,7.89999982342124,14.8099996689707,11.354999746196,1986,7,NA
51.8667,10.3333,1986-07-13,5.5699998755008,12.1499997284263,8.85999980196357,1986,7,NA
51.8667,10.3333,1986-07-14,6.93999984487891,13.0399997085333,9.9899997767061,1986,7,NA
51.8667,10.3333,1986-07-15,7.52999983169138,17.9699995983392,12.7499997150153,1986,7,NA
51.8667,10.3333,1986-07-16,10.3499997686595,20.7399995364249,15.5449996525422,1986,7,NA
51.8667,10.3333,1986-07-17,11.3499997463077,25.1099994387478,18.2299995925277,1986,7,NA
51.8667,10.3333,1986-07-18,14.2899996805936,26.149999415502,20.2199995480478,1986,7,NA
51.8667,10.3333,1986-07-19,10.2799997702241,18.5899995844811,14.4349996773526,1986,7,NA
51.8667,10.3333,1986-07-20,9.32999979145825,15.519999653101,12.4249997222796,1986,7,NA
51.8667,10.3333,1986-07-21,7.07999984174967,18.1799995936453,12.6299997176975,1986,7,NA
51.8667,10.3333,1986-07-22,9.66999978385866,19.0899995733052,14.379999678582,1986,7,NA
51.8667,10.3333,1986-07-23,10.3899997677654,21.7899995129555,16.0899996403605,1986,7,NA
51.8667,10.3333,1986-07-24,11.0599997527897,19.3899995665997,15.2249996596947,1986,7,NA
51.8667,10.3333,1986-07-25,7.83999982476234,12.9199997112155,10.3799997679889,1986,7,NA
51.8667,10.3333,1986-07-26,8.70999980531633,14.4899996761233,11.5999997407198,1986,7,NA
51.8667,10.3333,1986-07-27,10.9299997556955,18.8499995786697,14.8899996671826,1986,7,NA
51.8667,10.3333,1986-07-28,13.5199996978045,21.6599995158613,17.5899996068329,1986,7,NA
51.8667,10.3333,1986-07-29,12.8099997136742,24.5099994521588,18.6599995829165,1986,7,NA
51.8667,10.3333,1986-07-30,14.9799996651709,27.1499993931502,21.0649995291606,1986,7,NA
51.8667,10.3333,1986-07-31,11.9699997324497,21.259999524802,16.6149996286258,1986,7,NA
51.8667,10.3333,1986-08-01,11.8699997346848,26.7999994009733,19.3349995678291,1986,8,NA
51.8667,10.3333,1986-08-02,12.369999723509,20.2699995469302,16.3199996352196,1986,8,NA
51.8667,10.3333,1986-08-03,10.5399997644126,26.999999396503,18.7699995804578,1986,8,NA
51.8667,10.3333,1986-08-04,14.4899996761233,30.0199993290007,22.254999502562,1986,8,NA
51.8667,10.3333,1986-08-05,18.2599995918572,26.999999396503,22.6299994941801,1986,8,NA
51.8667,10.3333,1986-08-06,12.2699997257441,19.2599995695055,15.7649996476248,1986,8,NA
51.8667,10.3333,1986-08-07,7.58999983035028,22.4299994986504,15.0099996645004,1986,8,NA
51.8667,10.3333,1986-08-08,12.4399997219443,25.8999994210899,19.1699995715171,1986,8,NA
51.8667,10.3333,1986-08-09,10.9699997548014,19.6299995612353,15.2999996580184,1986,8,NA
51.8667,10.3333,1986-08-10,7.73999982699752,20.4499995429069,14.0949996849522,1986,8,NA
51.8667,10.3333,1986-08-11,10.069999774918,22.7699994910508,16.4199996329844,1986,8,NA
51.8667,10.3333,1986-08-12,13.0199997089803,24.0799994617701,18.5499995853752,1986,8,NA
51.8667,10.3333,1986-08-13,14.3499996792525,20.09999955073,17.2249996149912,1986,8,NA
51.8667,10.3333,1986-08-14,12.2999997250736,19.2799995690584,15.789999647066,1986,8,NA
51.8667,10.3333,1986-08-15,10.029999775812,22.649999493733,16.3399996347725,1986,8,NA
51.8667,10.3333,1986-08-16,13.779999691993,23.8699994664639,18.8249995792285,1986,8,NA
51.8667,10.3333,1986-08-17,12.4099997226149,20.0099995527416,16.2099996376783,1986,8,NA
51.8667,10.3333,1986-08-18,8.58999980799854,17.5399996079504,13.0649997079745,1986,8,NA
51.8667,10.3333,1986-08-19,9.53999978676438,16.4799996316433,13.0099997092038,1986,8,NA
51.8667,10.3333,1986-08-20,9.73999978229403,15.479999653995,12.6099997181445,1986,8,NA
51.8667,10.3333,1986-08-21,8.90999980084598,12.639999717474,10.77499975916,1986,8,NA
51.8667,10.3333,1986-08-22,6.4899998549372,15.5499996524304,11.0199997536838,1986,8,NA
51.8667,10.3333,1986-08-23,8.47999981045723,14.4799996763468,11.479999743402,1986,8,NA
51.8667,10.3333,1986-08-24,8.94999979995191,13.7199996933341,11.334999746643,1986,8,NA
51.8667,10.3333,1986-08-25,6.70999985001981,15.0399996638298,10.8749997569248,1986,8,NA
51.8667,10.3333,1986-08-26,6.07999986410141,15.8599996455014,10.9699997548014,1986,8,NA
51.8667,10.3333,1986-08-27,7.42999983392656,15.7299996484071,11.5799997411668,1986,8,NA
51.8667,10.3333,1986-08-28,9.83999978005886,14.7699996698648,12.3049997249618,1986,8,NA
51.8667,10.3333,1986-08-29,7.95999982208014,15.0299996640533,11.4949997430667,1986,8,NA
51.8667,10.3333,1986-08-30,7.25999983772635,11.6699997391552,9.46499978844076,1986,8,NA
51.8667,10.3333,1986-08-31,7.35999983549118,11.479999743402,9.41999978944659,1986,8,NA
51.8667,10.3333,1986-09-01,8.64999980665743,12.8199997134507,10.7349997600541,1986,9,NA
51.8667,10.3333,1986-09-02,6.76999984867871,11.6599997393787,9.2149997940287,1986,9,NA
51.8667,10.3333,1986-09-03,8.4399998113513,13.4999996982515,10.9699997548014,1986,9,NA
51.8667,10.3333,1986-09-04,8.34999981336296,12.5999997183681,10.4749997658655,1986,9,NA
51.8667,10.3333,1986-09-05,6.77999984845519,10.8699997570366,8.82499980274588,1986,9,NA
51.8667,10.3333,1986-09-06,4.66999989561737,14.6999996714294,9.68499978352338,1986,9,NA
51.8667,10.3333,1986-09-07,6.69999985024333,15.6099996510893,11.1549997506663,1986,9,NA
51.8667,10.3333,1986-09-08,6.8299998473376,13.0299997087568,9.9299997780472,1986,9,NA
51.8667,10.3333,1986-09-09,6.47999985516071,10.879999756813,8.67999980598688,1986,9,NA
51.8667,10.3333,1986-09-10,2.91999993473291,12.5999997183681,7.75999982655048,1986,9,NA
51.8667,10.3333,1986-09-11,2.78999993763864,13.2699997033924,8.02999982051551,1986,9,NA
51.8667,10.3333,1986-09-12,1.51999996602535,13.21999970451,7.36999983526766,1986,9,NA
51.8667,10.3333,1986-09-13,5.08999988622963,12.6999997161329,8.89499980118126,1986,9,NA
51.8667,10.3333,1986-09-14,6.62999985180795,12.4599997214973,9.54499978665262,1986,9,NA
51.8667,10.3333,1986-09-15,9.78999978117645,17.8299996014684,13.8099996913224,1986,9,NA
51.8667,10.3333,1986-09-16,6.58999985270202,12.1499997284263,9.36999979056418,1986,9,NA
51.8667,10.3333,1986-09-17,5.08999988622963,8.10999981872737,6.5999998524785,1986,9,NA
51.8667,10.3333,1986-09-18,5.31999988108873,7.40999983437359,6.36499985773116,1986,9,NA
51.8667,10.3333,1986-09-19,4.34999990276992,10.7399997599423,7.54499983135611,1986,9,NA
51.8667,10.3333,1986-09-20,1.02999997697771,12.4899997208267,6.75999984890223,1986,9,NA
51.8667,10.3333,1986-09-21,2.67999994009733,15.9999996423721,9.33999979123473,1986,9,NA
51.8667,10.3333,1986-09-22,7.26999983750284,16.4899996314198,11.8799997344613,1986,9,NA
51.8667,10.3333,1986-09-23,8.77999980375171,14.6999996714294,11.7399997375906,1986,9,NA
51.8667,10.3333,1986-09-24,9.9899997767061,15.9799996428192,12.9849997097626,1986,9,NA
51.8667,10.3333,1986-09-25,6.67999985069036,13.4499996993691,10.0649997750297,1986,9,NA
51.8667,10.3333,1986-09-26,3.83999991416931,11.6199997402728,7.72999982722104,1986,9,NA
51.8667,10.3333,1986-09-27,1.46999996714294,11.8799997344613,6.67499985080212,1986,9,NA
51.8667,10.3333,1986-09-28,6.92999984510243,11.5399997420609,9.23499979358166,1986,9,NA
51.8667,10.3333,1986-09-29,5.67999987304211,15.4199996553361,10.5499997641891,1986,9,NA
51.8667,10.3333,1986-09-30,6.84999984689057,14.4899996761233,10.6699997615069,1986,9,NA
51.8667,10.3333,1986-10-01,8.36999981291592,16.0399996414781,12.204999727197,1986,10,1987
51.8667,10.3333,1986-10-02,4.96999988891184,21.1899995263666,13.0799997076392,1986,10,1987
51.8667,10.3333,1986-10-03,7.5199998319149,16.0699996408075,11.7949997363612,1986,10,1987
51.8667,10.3333,1986-10-04,6.37999985739589,13.8099996913224,10.0949997743592,1986,10,1987
51.8667,10.3333,1986-10-05,4.08999990858138,12.2199997268617,8.15499981772155,1986,10,1987
51.8667,10.3333,1986-10-06,2.67999994009733,16.1199996396899,9.39999978989363,1986,10,1987
51.8667,10.3333,1986-10-07,8.8999998010695,13.9499996881932,11.4249997446314,1986,10,1987
51.8667,10.3333,1986-10-08,9.50999978743494,14.5299996752292,12.0199997313321,1986,10,1987
51.8667,10.3333,1986-10-09,8.74999980442226,12.1399997286499,10.4449997665361,1986,10,1987
51.8667,10.3333,1986-10-10,7.52999983169138,14.3699996788055,10.9499997552484,1986,10,1987
51.8667,10.3333,1986-10-11,7.19999983906746,16.6999996267259,11.9499997328967,1986,10,1987
51.8667,10.3333,1986-10-12,6.50999985449016,14.3099996801466,10.4099997673184,1986,10,1987
51.8667,10.3333,1986-10-13,7.63999982923269,15.0999996624887,11.3699997458607,1986,10,1987
51.8667,10.3333,1986-10-14,4.53999989852309,16.5199996307492,10.5299997646362,1986,10,1987
51.8667,10.3333,1986-10-15,8.70999980531633,20.8899995330721,14.7999996691942,1986,10,1987
51.8667,10.3333,1986-10-16,10.1199997738004,21.2899995241314,15.7049996489659,1986,10,1987
51.8667,10.3333,1986-10-17,7.9799998216331,16.3399996347725,12.1599997282028,1986,10,1987
51.8667,10.3333,1986-10-18,5.17999988421798,12.2399997264147,8.70999980531633,1986,10,1987
51.8667,10.3333,1986-10-19,3.16999992914498,12.4099997226149,7.78999982587993,1986,10,1987
51.8667,10.3333,1986-10-20,4.28999990411103,10.1799997724593,7.23499983828515,1986,10,1987
51.8667,10.3333,1986-10-21,3.13999992981553,9.5899997856468,6.36499985773116,1986,10,1987
51.8667,10.3333,1986-10-22,3.31999992579222,7.91999982297421,5.61999987438321,1986,10,1987
51.8667,10.3333,1986-10-23,5.42999987863004,10.7699997592717,8.09999981895089,1986,10,1987
51.8667,10.3333,1986-10-24,1.80999995954335,7.59999983012676,4.70499989483505,1986,10,1987
51.8667,10.3333,1986-10-25,1.67999996244907,6.38999985717237,4.03499990981072,1986,10,1987
51.8667,10.3333,1986-10-26,2.35999994724989,7.23999983817339,4.79999989271164,1986,10,1987
51.8667,10.3333,1986-10-27,4.82999989204109,7.39999983459711,6.1149998633191,1986,10,1987
51.8667,10.3333,1986-10-28,2.78999993763864,8.21999981626868,5.50499987695366,1986,10,1987
51.8667,10.3333,1986-10-29,3.66999991796911,7.54999983124435,5.60999987460673,1986,10,1987
51.8667,10.3333,1986-10-30,2.29999994859099,8.68999980576336,5.49499987717718,1986,10,1987
51.8667,10.3333,1986-10-31,-0.34999999217689,7.08999984152615,3.36999992467463,1986,10,1987
51.8667,10.3333,1986-11-01,2.34999994747341,5.72999987192452,4.03999990969896,1986,11,1987
51.8667,10.3333,1986-11-02,5.28999988175929,9.68999978341162,7.48999983258545,1986,11,1987
51.8667,10.3333,1986-11-03,0.139999996870756,9.38999979011714,4.76499989349395,1986,11,1987
51.8667,10.3333,1986-11-04,-0.279999993741512,4.43999990075827,2.07999995350838,1986,11,1987
51.8667,10.3333,1986-11-05,1.98999995552003,5.42999987863004,3.70999991707504,1986,11,1987
51.8667,10.3333,1986-11-06,3.53999992087483,4.91999989002943,4.22999990545213,1986,11,1987
51.8667,10.3333,1986-11-07,4.02999990992248,7.64999982900918,5.83999986946583,1986,11,1987
51.8667,10.3333,1986-11-08,2.10999995283782,5.83999986946583,3.97499991115183,1986,11,1987
51.8667,10.3333,1986-11-09,-0.149999996647239,5.20999988354743,2.52999994345009,1986,11,1987
51.8667,10.3333,1986-11-10,0.88999998010695,5.81999986991286,3.35499992500991,1986,11,1987
51.8667,10.3333,1986-11-11,2.20999995060265,8.04999982006848,5.12999988533556,1986,11,1987
51.8667,10.3333,1986-11-12,6.7199998497963,11.3099997472018,9.01499979849905,1986,11,1987
51.8667,10.3333,1986-11-13,1.90999995730817,10.0999997742474,6.00499986577779,1986,11,1987
51.8667,10.3333,1986-11-14,1.72999996133149,12.6099997181445,7.16999983973801,1986,11,1987
51.8667,10.3333,1986-11-15,2.27999994903803,11.0099997539073,6.64499985147268,1986,11,1987
51.8667,10.3333,1986-11-16,5.7999998703599,15.1599996611476,10.4799997657537,1986,11,1987
51.8667,10.3333,1986-11-17,5.0499998871237,10.7999997586012,7.92499982286245,1986,11,1987
51.8667,10.3333,1986-11-18,7.78999982587993,10.8899997565895,9.33999979123473,1986,11,1987
51.8667,10.3333,1986-11-19,3.29999992623925,8.17999981716275,5.739999871701,1986,11,1987
51.8667,10.3333,1986-11-20,5.66999987326562,7.72999982722104,6.69999985024333,1986,11,1987
51.8667,10.3333,1986-11-21,2.90999993495643,7.62999982945621,5.26999988220632,1986,11,1987
51.8667,10.3333,1986-11-22,-0.0199999995529652,4.10999990813434,2.04499995429069,1986,11,1987
51.8667,10.3333,1986-11-23,2.50999994389713,6.09999986365438,4.30499990377575,1986,11,1987
51.8667,10.3333,1986-11-24,1.99999995529652,6.14999986253679,4.07499990891665,1986,11,1987
51.8667,10.3333,1986-11-25,1.74999996088445,5.41999987885356,3.58499991986901,1986,11,1987
51.8667,10.3333,1986-11-26,4.99999988824129,8.50999980978668,6.75499984901398,1986,11,1987
51.8667,10.3333,1986-11-27,5.17999988421798,8.6099998075515,6.89499984588474,1986,11,1987
51.8667,10.3333,1986-11-28,1.70999996177852,5.72999987192452,3.71999991685152,1986,11,1987
51.8667,10.3333,1986-11-29,0.449999989941716,6.21999986097217,3.33499992545694,1986,11,1987
51.8667,10.3333,1986-11-30,-1.45999996736646,6.69999985024333,2.61999994143844,1986,11,1987
51.8667,10.3333,1986-12-01,-2.4699999447912,5.98999986611307,1.75999996066093,1986,12,1987
51.8667,10.3333,1986-12-02,-2.61999994143844,2.75999993830919,0.0699999984353781,1986,12,1987
51.8667,10.3333,1986-12-03,-0.699999984353781,4.42999990098178,1.864999958314,1986,12,1987
51.8667,10.3333,1986-12-04,3.77999991551042,7.46999983303249,5.62499987427145,1986,12,1987
51.8667,10.3333,1986-12-05,3.82999991439283,7.43999983370304,5.63499987404794,1986,12,1987
51.8667,10.3333,1986-12-06,4.42999990098178,8.04999982006848,6.23999986052513,1986,12,1987
51.8667,10.3333,1986-12-07,-0.34999999217689,5.76999987103045,2.70999993942678,1986,12,1987
51.8667,10.3333,1986-12-08,-2.15999995172024,3.53999992087483,0.689999984577298,1986,12,1987
51.8667,10.3333,1986-12-09,2.56999994255602,9.00999979861081,5.78999987058342,1986,12,1987
51.8667,10.3333,1986-12-10,3.53999992087483,7.78999982587993,5.66499987337738,1986,12,1987
51.8667,10.3333,1986-12-11,0.769999982789159,5.08999988622963,2.9299999345094,1986,12,1987
51.8667,10.3333,1986-12-12,-1.65999996289611,2.88999993540347,0.614999986253679,1986,12,1987
51.8667,10.3333,1986-12-13,-2.28999994881451,0.709999984130263,-0.789999982342124,1986,12,1987
51.8667,10.3333,1986-12-14,-3.51999992132187,0.549999987706542,-1.48499996680766,1986,12,1987
51.8667,10.3333,1986-12-15,-0.459999989718199,2.84999993629754,1.19499997328967,1986,12,1987
51.8667,10.3333,1986-12-16,-0.709999984130263,1.28999997116625,0.289999993517995,1986,12,1987
51.8667,10.3333,1986-12-17,-0.949999978765845,1.96999995596707,0.509999988600612,1986,12,1987
51.8667,10.3333,1986-12-18,0.0299999993294477,1.92999995686114,0.979999978095293,1986,12,1987
51.8667,10.3333,1986-12-19,1.39999996870756,4.55999989807606,2.97999993339181,1986,12,1987
51.8667,10.3333,1986-12-20,-0.959999978542328,4.72999989427626,1.88499995786697,1986,12,1987
51.8667,10.3333,1986-12-21,-0.88999998010695,0.0899999979883432,-0.399999991059303,1986,12,1987
51.8667,10.3333,1986-12-22,-6.77999984845519,-0.469999989494681,-3.62499991897494,1986,12,1987
51.8667,10.3333,1986-12-23,-8.01999982073903,-5.19999988377094,-6.60999985225499,1986,12,1987
51.8667,10.3333,1986-12-24,-7.16999983973801,-5.53999987617135,-6.35499985795468,1986,12,1987
51.8667,10.3333,1986-12-25,-6.24999986030161,-4.78999989293516,-5.51999987661839,1986,12,1987
51.8667,10.3333,1986-12-26,-7.37999983504415,-4.65999989584088,-6.01999986544251,1986,12,1987
51.8667,10.3333,1986-12-27,-4.98999988846481,-0.909999979659915,-2.94999993406236,1986,12,1987
51.8667,10.3333,1986-12-28,-1.26999997161329,-0.299999993294477,-0.784999982453883,1986,12,1987
51.8667,10.3333,1986-12-29,-0.799999982118607,1.79999995976686,0.499999988824129,1986,12,1987
51.8667,10.3333,1986-12-30,1.36999996937811,5.77999987080693,3.57499992009252,1986,12,1987
51.8667,10.3333,1986-12-31,-0.359999991953373,5.00999988801777,2.3249999480322,1986,12,1987
51.8667,10.3333,1987-01-01,2.88999993540347,5.17999988421798,4.03499990981072,1987,1,1987
51.8667,10.3333,1987-01-02,-0.399999991059303,4.56999989785254,2.08499995339662,1987,1,1987
51.8667,10.3333,1987-01-03,-7.96999982185662,0.729999983683228,-3.61999991908669,1987,1,1987
51.8667,10.3333,1987-01-04,-15.1699996609241,-3.47999992221594,-9.32499979157001,1987,1,1987
51.8667,10.3333,1987-01-05,-10.1099997740239,-2.41999994590878,-6.26499985996634,1987,1,1987
51.8667,10.3333,1987-01-06,-2.99999993294477,0.739999983459711,-1.12999997474253,1987,1,1987
51.8667,10.3333,1987-01-07,-5.16999988444149,-0.0699999984353781,-2.61999994143844,1987,1,1987
51.8667,10.3333,1987-01-08,-9.68999978341162,-4.86999989114702,-7.27999983727932,1987,1,1987
51.8667,10.3333,1987-01-09,-12.4099997226149,-4.12999990768731,-8.2699998151511,1987,1,1987
51.8667,10.3333,1987-01-10,-10.4499997664243,-1.99999995529652,-6.22499986086041,1987,1,1987
51.8667,10.3333,1987-01-11,-14.6999996714294,-9.76999978162348,-12.2349997265264,1987,1,1987
51.8667,10.3333,1987-01-12,-19.6299995612353,-13.8599996902049,-16.7449996257201,1987,1,1987
51.8667,10.3333,1987-01-13,-18.9999995753169,-12.3399997241795,-15.6699996497482,1987,1,1987
51.8667,10.3333,1987-01-14,-22.9299994874746,-12.4099997226149,-17.6699996050447,1987,1,1987
51.8667,10.3333,1987-01-15,-24.2199994586408,-14.7699996698648,-19.4949995642528,1987,1,1987
51.8667,10.3333,1987-01-16,-20.1299995500594,-14.2399996817112,-17.1849996158853,1987,1,1987
51.8667,10.3333,1987-01-17,-15.5299996528774,-11.8899997342378,-13.7099996935576,1987,1,1987
51.8667,10.3333,1987-01-18,-13.6399996951222,-7.79999982565641,-10.7199997603893,1987,1,1987
51.8667,10.3333,1987-01-19,-15.2499996591359,-8.90999980084598,-12.079999729991,1987,1,1987
51.8667,10.3333,1987-01-20,-12.8699997123331,-4.4799998998642,-8.67499980609864,1987,1,1987
51.8667,10.3333,1987-01-21,-13.2499997038394,-6.40999985672534,-9.82999978028238,1987,1,1987
51.8667,10.3333,1987-01-22,-13.3699997011572,-1.44999996758997,-7.40999983437359,1987,1,1987
51.8667,10.3333,1987-01-23,-3.62999991886318,0.939999978989363,-1.34499996993691,1987,1,1987
51.8667,10.3333,1987-01-24,-0.939999978989363,1.78999995999038,0.42499999050051,1987,1,1987
51.8667,10.3333,1987-01-25,-2.18999995104969,1.00999997742474,-0.589999986812472,1987,1,1987
51.8667,10.3333,1987-01-26,-2.6399999409914,0.0299999993294477,-1.30499997083098,1987,1,1987
51.8667,10.3333,1987-01-27,-4.76999989338219,-0.179999995976686,-2.47499994467944,1987,1,1987
51.8667,10.3333,1987-01-28,-5.70999987237155,-2.31999994814396,-4.01499991025776,1987,1,1987
51.8667,10.3333,1987-01-29,-5.5099998768419,-1.96999995596707,-3.73999991640449,1987,1,1987
51.8667,10.3333,1987-01-30,-15.1799996607006,-4.40999990142882,-9.79499978106469,1987,1,1987
51.8667,10.3333,1987-01-31,-21.3799995221198,-8.81999980285764,-15.0999996624887,1987,1,1987
51.8667,10.3333,1987-02-01,-15.5399996526539,-1.57999996468425,-8.55999980866909,1987,2,1987
51.8667,10.3333,1987-02-02,-12.6099997181445,0.239999994635582,-6.18499986175448,1987,2,1987
51.8667,10.3333,1987-02-03,-9.9899997767061,2.37999994680285,-3.80499991495162,1987,2,1987
51.8667,10.3333,1987-02-04,-8.33999981358647,2.55999994277954,-2.88999993540347,1987,2,1987
51.8667,10.3333,1987-02-05,-4.84999989159405,1.23999997228384,-1.80499995965511,1987,2,1987
51.8667,10.3333,1987-02-06,-0.0599999986588955,2.66999994032085,1.30499997083098,1987,2,1987
51.8667,10.3333,1987-02-07,1.13999997451901,3.02999993227422,2.08499995339662,1987,2,1987
51.8667,10.3333,1987-02-08,-3.75999991595745,3.5599999204278,-0.0999999977648258,1987,2,1987
51.8667,10.3333,1987-02-09,-5.41999987885356,3.42999992333353,-0.994999977760017,1987,2,1987
51.8667,10.3333,1987-02-10,2.4099999461323,5.24999988265336,3.82999991439283,1987,2,1987
51.8667,10.3333,1987-02-11,1.38999996893108,5.15999988466501,3.27499992679805,1987,2,1987
51.8667,10.3333,1987-02-12,-0.679999984800816,4.68999989517033,2.00499995518476,1987,2,1987
51.8667,10.3333,1987-02-13,-1.84999995864928,5.16999988444149,1.65999996289611,1987,2,1987
51.8667,10.3333,1987-02-14,-0.879999980330467,2.54999994300306,0.834999981336296,1987,2,1987
51.8667,10.3333,1987-02-15,-1.52999996580184,2.22999995015562,0.34999999217689,1987,2,1987
51.8667,10.3333,1987-02-16,-2.31999994814396,-0.299999993294477,-1.30999997071922,1987,2,1987
51.8667,10.3333,1987-02-17,-3.63999991863966,-1.93999995663762,-2.78999993763864,1987,2,1987
51.8667,10.3333,1987-02-18,-4.99999988824129,-2.18999995104969,-3.59499991964549,1987,2,1987
51.8667,10.3333,1987-02-19,-6.51999985426664,-3.5599999204278,-5.03999988734722,1987,2,1987
51.8667,10.3333,1987-02-20,-5.59999987483025,-3.98999991081655,-4.7949998928234,1987,2,1987
51.8667,10.3333,1987-02-21,-6.2599998600781,-3.87999991327524,-5.06999988667667,1987,2,1987
51.8667,10.3333,1987-02-22,-6.62999985180795,-2.82999993674457,-4.72999989427626,1987,2,1987
51.8667,10.3333,1987-02-23,-6.83999984711409,-0.419999990612268,-3.62999991886318,1987,2,1987
51.8667,10.3333,1987-02-24,-9.2999997921288,-1.32999997027218,-5.31499988120049,1987,2,1987
51.8667,10.3333,1987-02-25,-13.4399996995926,-0.829999981448054,-7.13499984052032,1987,2,1987
51.8667,10.3333,1987-02-26,-12.8199997134507,-0.0799999982118607,-6.44999985583127,1987,2,1987
51.8667,10.3333,1987-02-27,-9.56999978609383,1.11999997496605,-4.22499990556389,1987,2,1987
51.8667,10.3333,1987-02-28,-3.31999992579222,3.87999991327524,0.279999993741512,1987,2,1987
51.8667,10.3333,1987-03-01,2.22999995015562,4.73999989405274,3.48499992210418,1987,3,1987
51.8667,10.3333,1987-03-02,-4.17999990656972,2.67999994009733,-0.749999983236194,1987,3,1987
51.8667,10.3333,1987-03-03,-9.97999977692962,-3.69999991729856,-6.83999984711409,1987,3,1987
51.8667,10.3333,1987-03-04,-16.1999996379018,-8.28999981470406,-12.2449997263029,1987,3,1987
51.8667,10.3333,1987-03-05,-18.4799995869398,-5.63999987393618,-12.059999730438,1987,3,1987
51.8667,10.3333,1987-03-06,-16.8599996231496,-2.65999994054437,-9.759999781847,1987,3,1987
51.8667,10.3333,1987-03-07,-14.2499996814877,-4.4199999012053,-9.33499979134649,1987,3,1987
51.8667,10.3333,1987-03-08,-16.1799996383488,-5.83999986946583,-11.0099997539073,1987,3,1987
51.8667,10.3333,1987-03-09,-13.0899997074157,-3.21999992802739,-8.15499981772155,1987,3,1987
51.8667,10.3333,1987-03-10,-8.31999981403351,-3.54999992065132,-5.93499986734241,1987,3,1987
51.8667,10.3333,1987-03-11,-10.7399997599423,-0.65999998524785,-5.69999987259507,1987,3,1987
51.8667,10.3333,1987-03-12,-10.5899997632951,-1.50999996624887,-6.04999986477196,1987,3,1987
51.8667,10.3333,1987-03-13,-12.4799997210503,-1.21999997273088,-6.84999984689057,1987,3,1987
51.8667,10.3333,1987-03-14,-13.1599997058511,-0.419999990612268,-6.78999984823167,1987,3,1987
51.8667,10.3333,1987-03-15,-11.3999997451901,-0.359999991953373,-5.87999986857176,1987,3,1987
51.8667,10.3333,1987-03-16,-10.3899997677654,0.179999995976686,-5.10499988589436,1987,3,1987
51.8667,10.3333,1987-03-17,-2.95999993383884,-1.40999996848404,-2.18499995116144,1987,3,1987
51.8667,10.3333,1987-03-18,-3.83999991416931,-0.289999993517995,-2.06499995384365,1987,3,1987
51.8667,10.3333,1987-03-19,-0.749999983236194,2.81999993696809,1.03499997686595,1987,3,1987
51.8667,10.3333,1987-03-20,-2.9299999345094,1.65999996289611,-0.634999985806644,1987,3,1987
51.8667,10.3333,1987-03-21,-3.99999991059303,1.19999997317791,-1.39999996870756,1987,3,1987
51.8667,10.3333,1987-03-22,-3.00999993272126,1.74999996088445,-0.629999985918403,1987,3,1987
51.8667,10.3333,1987-03-23,-3.1599999293685,0.899999979883432,-1.12999997474253,1987,3,1987
51.8667,10.3333,1987-03-24,-3.85999991372228,3.00999993272126,-0.42499999050051,1987,3,1987
51.8667,10.3333,1987-03-25,2.53999994322658,6.07999986410141,4.30999990366399,1987,3,1987
51.8667,10.3333,1987-03-26,3.65999991819263,7.69999982789159,5.67999987304211,1987,3,1987
51.8667,10.3333,1987-03-27,3.00999993272126,7.70999982766807,5.35999988019466,1987,3,1987
51.8667,10.3333,1987-03-28,2.22999995015562,7.73999982699752,4.98499988857657,1987,3,1987
51.8667,10.3333,1987-03-29,2.28999994881451,8.13999981805682,5.21499988343567,1987,3,1987
51.8667,10.3333,1987-03-30,-0.639999985694885,3.20999992825091,1.28499997127801,1987,3,1987
51.8667,10.3333,1987-03-31,-1.89999995753169,2.61999994143844,0.359999991953373,1987,3,1987
51.8667,10.3333,1987-04-01,-3.44999992288649,4.1899999063462,0.369999991729856,1987,4,1987
51.8667,10.3333,1987-04-02,-3.40999992378056,5.11999988555908,0.854999980889261,1987,4,1987
51.8667,10.3333,1987-04-03,-0.439999990165234,3.9599999114871,1.75999996066093,1987,4,1987
51.8667,10.3333,1987-04-04,0.999999977648258,11.0899997521192,6.04499986488372,1987,4,1987
51.8667,10.3333,1987-04-05,2.28999994881451,7.59999983012676,4.94499988947064,1987,4,1987
51.8667,10.3333,1987-04-06,2.08999995328486,7.75999982655048,4.92499988991767,1987,4,1987
51.8667,10.3333,1987-04-07,1.92999995686114,9.3599997907877,5.64499987382442,1987,4,1987
51.8667,10.3333,1987-04-08,2.41999994590878,15.3499996569008,8.88499980140477,1987,4,1987
51.8667,10.3333,1987-04-09,5.90999986790121,13.4599996991456,9.68499978352338,1987,4,1987
51.8667,10.3333,1987-04-10,3.61999991908669,12.1599997282028,7.88999982364476,1987,4,1987
51.8667,10.3333,1987-04-11,3.93999991193414,8.77999980375171,6.35999985784292,1987,4,1987
51.8667,10.3333,1987-04-12,-0.129999997094274,10.1699997726828,5.01999988779426,1987,4,1987
51.8667,10.3333,1987-04-13,-0.389999991282821,5.93999986723065,2.77499993797392,1987,4,1987
51.8667,10.3333,1987-04-14,-0.379999991506338,7.22999983839691,3.42499992344528,1987,4,1987
51.8667,10.3333,1987-04-15,-1.00999997742474,8.85999980196357,3.92499991226941,1987,4,1987
51.8667,10.3333,1987-04-16,3.5599999204278,8.65999980643392,6.10999986343086,1987,4,1987
51.8667,10.3333,1987-04-17,3.30999992601573,8.61999980732799,5.96499986667186,1987,4,1987
51.8667,10.3333,1987-04-18,2.95999993383884,12.349999723956,7.65499982889742,1987,4,1987
51.8667,10.3333,1987-04-19,0.559999987483025,13.2399997040629,6.89999984577298,1987,4,1987
51.8667,10.3333,1987-04-20,2.19999995082617,16.0699996408075,9.13499979581684,1987,4,1987
51.8667,10.3333,1987-04-21,6.07999986410141,12.1299997288734,9.10499979648739,1987,4,1987
51.8667,10.3333,1987-04-22,2.85999993607402,6.97999984398484,4.91999989002943,1987,4,1987
51.8667,10.3333,1987-04-23,1.62999996356666,9.40999978967011,5.51999987661839,1987,4,1987
51.8667,10.3333,1987-04-24,0.159999996423721,14.5799996741116,7.36999983526766,1987,4,1987
51.8667,10.3333,1987-04-25,2.4699999447912,18.7099995817989,10.5899997632951,1987,4,1987
51.8667,10.3333,1987-04-26,4.97999988868833,19.6899995598942,12.3349997242913,1987,4,1987
51.8667,10.3333,1987-04-27,3.98999991081655,14.5599996745586,9.27499979268759,1987,4,1987
51.8667,10.3333,1987-04-28,-0.119999997317791,11.7399997375906,5.80999987013638,1987,4,1987
51.8667,10.3333,1987-04-29,0.449999989941716,18.1299995947629,9.28999979235232,1987,4,1987
51.8667,10.3333,1987-04-30,6.21999986097217,22.5799994952977,14.3999996781349,1987,4,1987
51.8667,10.3333,1987-05-01,8.53999980911613,20.4699995424598,14.504999675788,1987,5,NA
51.8667,10.3333,1987-05-02,9.61999978497624,14.6699996720999,12.1449997285381,1987,5,NA
51.8667,10.3333,1987-05-03,8.2699998151511,17.819999601692,13.0449997084215,1987,5,NA
51.8667,10.3333,1987-05-04,2.88999993540347,8.88999980129302,5.88999986834824,1987,5,NA
51.8667,10.3333,1987-05-05,1.10999997518957,5.83999986946583,3.4749999223277,1987,5,NA
51.8667,10.3333,1987-05-06,4.1899999063462,10.1199997738004,7.15499984007329,1987,5,NA
51.8667,10.3333,1987-05-07,3.58999991975725,7.02999984286726,5.30999988131225,1987,5,NA
51.8667,10.3333,1987-05-08,2.61999994143844,11.6099997404963,7.11499984096736,1987,5,NA
51.8667,10.3333,1987-05-09,1.64999996311963,10.4499997664243,6.04999986477196,1987,5,NA
51.8667,10.3333,1987-05-10,2.27999994903803,18.9999995753169,10.6399997621775,1987,5,NA
51.8667,10.3333,1987-05-11,4.99999988824129,17.5699996072799,11.2849997477606,1987,5,NA
51.8667,10.3333,1987-05-12,1.59999996423721,8.71999980509281,5.15999988466501,1987,5,NA
51.8667,10.3333,1987-05-13,5.67999987304211,8.93999980017543,7.30999983660877,1987,5,NA
51.8667,10.3333,1987-05-14,1.93999995663762,8.59999980777502,5.26999988220632,1987,5,NA
51.8667,10.3333,1987-05-15,1.50999996624887,9.21999979391694,5.36499988008291,1987,5,NA
51.8667,10.3333,1987-05-16,4.11999990791082,10.919999755919,7.5199998319149,1987,5,NA
51.8667,10.3333,1987-05-17,4.09999990835786,9.72999978251755,6.91499984543771,1987,5,NA
51.8667,10.3333,1987-05-18,3.21999992802739,10.919999755919,7.06999984197319,1987,5,NA
51.8667,10.3333,1987-05-19,4.11999990791082,13.3399997018278,8.72999980486929,1987,5,NA
51.8667,10.3333,1987-05-20,7.16999983973801,13.7899996917695,10.4799997657537,1987,5,NA
51.8667,10.3333,1987-05-21,2.89999993517995,9.5299997869879,6.21499986108392,1987,5,NA
51.8667,10.3333,1987-05-22,1.67999996244907,7.33999983593822,4.50999989919364,1987,5,NA
51.8667,10.3333,1987-05-23,1.91999995708466,8.64999980665743,5.28499988187104,1987,5,NA
51.8667,10.3333,1987-05-24,3.88999991305172,14.7399996705353,9.31499979179353,1987,5,NA
51.8667,10.3333,1987-05-25,3.04999993182719,15.7499996479601,9.39999978989363,1987,5,NA
51.8667,10.3333,1987-05-26,4.98999988846481,15.0099996645004,9.99999977648258,1987,5,NA
51.8667,10.3333,1987-05-27,2.94999993406236,17.8499996010214,10.3999997675419,1987,5,NA
51.8667,10.3333,1987-05-28,6.37999985739589,19.1199995726347,12.7499997150153,1987,5,NA
51.8667,10.3333,1987-05-29,5.01999988779426,10.6899997610599,7.85499982442707,1987,5,NA
51.8667,10.3333,1987-05-30,4.10999990813434,8.93999980017543,6.52499985415488,1987,5,NA
51.8667,10.3333,1987-05-31,5.49999987706542,10.3299997691065,7.91499982308596,1987,5,NA
51.8667,10.3333,1987-06-01,7.61999982967973,13.3999997004867,10.5099997650832,1987,6,NA
51.8667,10.3333,1987-06-02,8.12999981828034,15.9799996428192,12.0549997305498,1987,6,NA
51.8667,10.3333,1987-06-03,8.01999982073903,14.8199996687472,11.4199997447431,1987,6,NA
51.8667,10.3333,1987-06-04,9.00999979861081,13.5599996969104,11.2849997477606,1987,6,NA
51.8667,10.3333,1987-06-05,9.84999977983534,14.7199996709824,12.2849997254089,1987,6,NA
51.8667,10.3333,1987-06-06,8.54999980889261,13.7099996935576,11.1299997512251,1987,6,NA
51.8667,10.3333,1987-06-07,6.90999984554946,16.8999996222556,11.9049997339025,1987,6,NA
51.8667,10.3333,1987-06-08,10.4599997662008,17.8499996010214,14.1549996836111,1987,6,NA
51.8667,10.3333,1987-06-09,8.46999981068075,14.2599996812642,11.3649997459725,1987,6,NA
51.8667,10.3333,1987-06-10,7.26999983750284,15.0699996631593,11.169999750331,1987,6,NA
51.8667,10.3333,1987-06-11,6.09999986365438,16.2699996363372,11.1849997499958,1987,6,NA
51.8667,10.3333,1987-06-12,7.39999983459711,18.359999589622,12.8799997121096,1987,6,NA
51.8667,10.3333,1987-06-13,8.91999980062246,12.8999997116625,10.9099997561425,1987,6,NA
51.8667,10.3333,1987-06-14,7.31999983638525,13.2099997047335,10.2649997705594,1987,6,NA
51.8667,10.3333,1987-06-15,9.21999979391694,15.3599996566772,12.2899997252971,1987,6,NA
51.8667,10.3333,1987-06-16,6.55999985337257,11.0599997527897,8.80999980308115,1987,6,NA
51.8667,10.3333,1987-06-17,5.61999987438321,11.189999749884,8.40499981213361,1987,6,NA
51.8667,10.3333,1987-06-18,4.9399998895824,10.7499997597188,7.84499982465059,1987,6,NA
51.8667,10.3333,1987-06-19,5.89999986812472,8.85999980196357,7.37999983504415,1987,6,NA
51.8667,10.3333,1987-06-20,6.23999986052513,14.0999996848404,10.1699997726828,1987,6,NA
51.8667,10.3333,1987-06-21,8.75999980419874,15.3799996562302,12.0699997302145,1987,6,NA
51.8667,10.3333,1987-06-22,7.66999982856214,12.5499997194856,10.1099997740239,1987,6,NA
51.8667,10.3333,1987-06-23,5.00999988801777,16.3399996347725,10.6749997613952,1987,6,NA
51.8667,10.3333,1987-06-24,10.0199997760355,14.2699996810406,12.1449997285381,1987,6,NA
51.8667,10.3333,1987-06-25,7.73999982699752,12.5899997185916,10.1649997727945,1987,6,NA
51.8667,10.3333,1987-06-26,9.03999979794025,14.4799996763468,11.7599997371435,1987,6,NA
51.8667,10.3333,1987-06-27,9.67999978363514,17.2299996148795,13.4549996992573,1987,6,NA
51.8667,10.3333,1987-06-28,9.48999978788197,19.4699995648116,14.4799996763468,1987,6,NA
51.8667,10.3333,1987-06-29,14.5099996756762,20.9999995306134,17.7549996031448,1987,6,NA
51.8667,10.3333,1987-06-30,15.3399996571243,26.5199994072318,20.929999532178,1987,6,NA
51.8667,10.3333,1987-07-01,17.6599996052682,28.8699993547052,23.2649994799867,1987,7,NA
51.8667,10.3333,1987-07-02,15.5499996524304,22.2399995028973,18.8949995776638,1987,7,NA
51.8667,10.3333,1987-07-03,10.1199997738004,18.4799995869398,14.2999996803701,1987,7,NA
51.8667,10.3333,1987-07-04,11.0099997539073,18.5899995844811,14.7999996691942,1987,7,NA
51.8667,10.3333,1987-07-05,11.8499997351319,19.4099995661527,15.6299996506423,1987,7,NA
51.8667,10.3333,1987-07-06,8.34999981336296,20.2299995478243,14.2899996805936,1987,7,NA
51.8667,10.3333,1987-07-07,10.1999997720122,23.519999474287,16.8599996231496,1987,7,NA
51.8667,10.3333,1987-07-08,12.8099997136742,26.1999994143844,19.5049995640293,1987,7,NA
51.8667,10.3333,1987-07-09,13.7899996917695,20.1399995498359,16.9649996208027,1987,7,NA
51.8667,10.3333,1987-07-10,8.32999981380999,16.2199996374547,12.2749997256324,1987,7,NA
51.8667,10.3333,1987-07-11,6.96999984420836,16.929999621585,11.9499997328967,1987,7,NA
51.8667,10.3333,1987-07-12,12.2999997250736,23.3499994780868,17.8249996015802,1987,7,NA
51.8667,10.3333,1987-07-13,14.2499996814877,19.8799995556474,17.0649996185675,1987,7,NA
51.8667,10.3333,1987-07-14,10.049999775365,16.7499996256083,13.3999997004867,1987,7,NA
51.8667,10.3333,1987-07-15,6.2599998600781,21.2499995250255,13.7549996925518,1987,7,NA
51.8667,10.3333,1987-07-16,12.1499997284263,25.3799994327128,18.7649995805696,1987,7,NA
51.8667,10.3333,1987-07-17,14.649999672547,24.409999454394,19.5299995634705,1987,7,NA
51.8667,10.3333,1987-07-18,15.1599996611476,23.5299994740635,19.3449995676056,1987,7,NA
51.8667,10.3333,1987-07-19,12.6299997176975,19.4199995659292,16.0249996418133,1987,7,NA
51.8667,10.3333,1987-07-20,11.76999973692,20.4699995424598,16.1199996396899,1987,7,NA
51.8667,10.3333,1987-07-21,11.189999749884,18.6799995824695,14.9349996661767,1987,7,NA
51.8667,10.3333,1987-07-22,11.76999973692,18.379999589175,15.0749996630475,1987,7,NA
51.8667,10.3333,1987-07-23,11.1799997501075,19.3099995683879,15.2449996592477,1987,7,NA
51.8667,10.3333,1987-07-24,11.9099997337908,18.2499995920807,15.0799996629357,1987,7,NA
51.8667,10.3333,1987-07-25,10.5399997644126,16.65999962762,13.5999996960163,1987,7,NA
51.8667,10.3333,1987-07-26,8.82999980263412,14.7699996698648,11.7999997362494,1987,7,NA
51.8667,10.3333,1987-07-27,6.6599998511374,11.3699997458607,9.01499979849905,1987,7,NA
51.8667,10.3333,1987-07-28,6.84999984689057,13.4399996995926,10.1449997732416,1987,7,NA
51.8667,10.3333,1987-07-29,8.1499998178333,13.21999970451,10.6849997611716,1987,7,NA
51.8667,10.3333,1987-07-30,9.9299997780472,15.7399996481836,12.8349997131154,1987,7,NA
51.8667,10.3333,1987-07-31,11.2799997478724,16.2099996376783,13.7449996927753,1987,7,NA
51.8667,10.3333,1987-08-01,9.53999978676438,14.0099996868521,11.7749997368082,1987,8,NA
51.8667,10.3333,1987-08-02,10.6999997608364,15.769999647513,13.2349997041747,1987,8,NA
51.8667,10.3333,1987-08-03,9.64999978430569,14.6199996732175,12.1349997287616,1987,8,NA
51.8667,10.3333,1987-08-04,7.749999826774,15.4199996553361,11.5849997410551,1987,8,NA
51.8667,10.3333,1987-08-05,7.87999982386827,14.3099996801466,11.0949997520074,1987,8,NA
51.8667,10.3333,1987-08-06,7.45999983325601,12.9799997098744,10.2199997715652,1987,8,NA
51.8667,10.3333,1987-08-07,6.07999986410141,11.9999997317791,9.03999979794025,1987,8,NA
51.8667,10.3333,1987-08-08,4.37999990209937,15.6899996493012,10.0349997757003,1987,8,NA
51.8667,10.3333,1987-08-09,7.90999982319772,15.1299996618181,11.5199997425079,1987,8,NA
51.8667,10.3333,1987-08-10,10.1199997738004,14.4799996763468,12.2999997250736,1987,8,NA
51.8667,10.3333,1987-08-11,9.31999979168177,13.9999996870756,11.6599997393787,1987,8,NA
51.8667,10.3333,1987-08-12,6.06999986432493,16.5399996303022,11.3049997473136,1987,8,NA
51.8667,10.3333,1987-08-13,7.69999982789159,16.6899996269494,12.1949997274205,1987,8,NA
51.8667,10.3333,1987-08-14,8.24999981559813,18.0299995969981,13.1399997062981,1987,8,NA
51.8667,10.3333,1987-08-15,13.2299997042865,19.8999995552003,16.5649996297434,1987,8,NA
51.8667,10.3333,1987-08-16,11.1599997505546,15.5899996515363,13.3749997010455,1987,8,NA
51.8667,10.3333,1987-08-17,10.8199997581542,14.3499996792525,12.5849997187033,1987,8,NA
51.8667,10.3333,1987-08-18,12.5899997185916,24.3799994550645,18.4849995868281,1987,8,NA
51.8667,10.3333,1987-08-19,13.5899996962398,19.1799995712936,16.3849996337667,1987,8,NA
51.8667,10.3333,1987-08-20,14.4699996765703,18.64999958314,16.5599996298552,1987,8,NA
51.8667,10.3333,1987-08-21,12.3999997228384,19.519999563694,15.9599996432662,1987,8,NA
51.8667,10.3333,1987-08-22,12.0899997297674,24.2099994588643,18.1499995943159,1987,8,NA
51.8667,10.3333,1987-08-23,13.9999996870756,25.9199994206429,19.9599995538592,1987,8,NA
51.8667,10.3333,1987-08-24,14.4699996765703,22.0199995078146,18.2449995921925,1987,8,NA
51.8667,10.3333,1987-08-25,14.9699996653944,22.7799994908273,18.8749995781109,1987,8,NA
51.8667,10.3333,1987-08-26,13.3499997016042,20.5999995395541,16.9749996205792,1987,8,NA
51.8667,10.3333,1987-08-27,11.0199997536838,15.8699996452779,13.4449996994808,1987,8,NA
51.8667,10.3333,1987-08-28,10.9499997552484,17.3899996113032,14.1699996832758,1987,8,NA
51.8667,10.3333,1987-08-29,11.3899997454137,14.9799996651709,13.1849997052923,1987,8,NA
51.8667,10.3333,1987-08-30,11.1999997496605,15.7799996472895,13.489999698475,1987,8,NA
51.8667,10.3333,1987-08-31,10.7299997601658,17.3399996124208,14.0349996862933,1987,8,NA
51.8667,10.3333,1987-09-01,9.01999979838729,14.1099996846169,11.5649997415021,1987,9,NA
51.8667,10.3333,1987-09-02,5.80999987013638,21.8099995125085,13.8099996913224,1987,9,NA
51.8667,10.3333,1987-09-03,11.9299997333437,18.9799995757639,15.4549996545538,1987,9,NA
51.8667,10.3333,1987-09-04,8.52999980933964,22.0099995080382,15.2699996586889,1987,9,NA
51.8667,10.3333,1987-09-05,12.0199997313321,23.809999467805,17.9149995995685,1987,9,NA
51.8667,10.3333,1987-09-06,12.2999997250736,18.7799995802343,15.5399996526539,1987,9,NA
51.8667,10.3333,1987-09-07,10.1099997740239,16.9599996209145,13.5349996974692,1987,9,NA
51.8667,10.3333,1987-09-08,9.91999977827072,16.059999641031,12.9899997096509,1987,9,NA
51.8667,10.3333,1987-09-09,7.32999983616173,15.3999996557832,11.3649997459725,1987,9,NA
51.8667,10.3333,1987-09-10,8.87999980151653,16.8699996229261,12.8749997122213,1987,9,NA
51.8667,10.3333,1987-09-11,8.05999981984496,16.4699996318668,12.2649997258559,1987,9,NA
51.8667,10.3333,1987-09-12,8.8399998024106,15.8999996446073,12.369999723509,1987,9,NA
51.8667,10.3333,1987-09-13,9.08999979682267,20.4199995435774,14.7549996702,1987,9,NA
51.8667,10.3333,1987-09-14,12.9699997100979,17.8799996003509,15.4249996552244,1987,9,NA
51.8667,10.3333,1987-09-15,11.3399997465312,16.5999996289611,13.9699996877462,1987,9,NA
51.8667,10.3333,1987-09-16,9.40999978967011,14.9799996651709,12.1949997274205,1987,9,NA
51.8667,10.3333,1987-09-17,6.83999984711409,15.4299996551126,11.1349997511134,1987,9,NA
51.8667,10.3333,1987-09-18,9.47999978810549,20.6199995391071,15.0499996636063,1987,9,NA
51.8667,10.3333,1987-09-19,13.0699997078627,18.4999995864928,15.7849996471778,1987,9,NA
51.8667,10.3333,1987-09-20,7.64999982900918,15.5999996513128,11.624999740161,1987,9,NA
51.8667,10.3333,1987-09-21,11.169999750331,16.1399996392429,13.654999694787,1987,9,NA
51.8667,10.3333,1987-09-22,11.0899997521192,22.5399994961917,16.8149996241555,1987,9,NA
51.8667,10.3333,1987-09-23,15.9799996428192,22.1499995049089,19.064999573864,1987,9,NA
51.8667,10.3333,1987-09-24,13.3999997004867,17.6399996057153,15.519999653101,1987,9,NA
51.8667,10.3333,1987-09-25,8.76999980397522,14.3099996801466,11.5399997420609,1987,9,NA
51.8667,10.3333,1987-09-26,6.35999985784292,11.6499997396022,9.00499979872257,1987,9,NA
51.8667,10.3333,1987-09-27,4.98999988846481,12.9499997105449,8.96999979950488,1987,9,NA
51.8667,10.3333,1987-09-28,4.57999989762902,9.72999978251755,7.15499984007329,1987,9,NA
51.8667,10.3333,1987-09-29,3.30999992601573,9.83999978005886,6.5749998530373,1987,9,NA
51.8667,10.3333,1987-09-30,2.84999993629754,10.049999775365,6.44999985583127,1987,9,NA
51.8667,10.3333,1987-10-01,0.109999997541308,10.6899997610599,5.39999987930059,1987,10,1988
51.8667,10.3333,1987-10-02,2.59999994188547,10.3999997675419,6.49999985471368,1987,10,1988
51.8667,10.3333,1987-10-03,2.18999995104969,10.9499997552484,6.56999985314906,1987,10,1988
51.8667,10.3333,1987-10-04,1.86999995820224,11.6899997387081,6.77999984845519,1987,10,1988
51.8667,10.3333,1987-10-05,3.41999992355704,13.9599996879697,8.68999980576336,1987,10,1988
51.8667,10.3333,1987-10-06,7.21999983862042,18.6399995833635,12.929999710992,1987,10,1988
51.8667,10.3333,1987-10-07,10.7899997588247,18.089999595657,14.4399996772408,1987,10,1988
51.8667,10.3333,1987-10-08,7.20999983884394,12.9799997098744,10.0949997743592,1987,10,1988
51.8667,10.3333,1987-10-09,6.8299998473376,13.1399997062981,9.98499977681786,1987,10,1988
51.8667,10.3333,1987-10-10,4.30999990366399,11.2499997485429,7.77999982610345,1987,10,1988
51.8667,10.3333,1987-10-11,5.37999987974763,19.9999995529652,12.6899997163564,1987,10,1988
51.8667,10.3333,1987-10-12,8.16999981738627,15.3799996562302,11.7749997368082,1987,10,1988
51.8667,10.3333,1987-10-13,3.30999992601573,9.11999979615211,6.21499986108392,1987,10,1988
51.8667,10.3333,1987-10-14,3.14999992959201,9.54999978654087,6.34999985806644,1987,10,1988
51.8667,10.3333,1987-10-15,6.41999985650182,10.8399997577071,8.62999980710447,1987,10,1988
51.8667,10.3333,1987-10-16,6.92999984510243,14.7199996709824,10.8249997580424,1987,10,1988
51.8667,10.3333,1987-10-17,11.2599997483194,19.0899995733052,15.1749996608123,1987,10,1988
51.8667,10.3333,1987-10-18,5.9699998665601,11.7199997380376,8.84499980229884,1987,10,1988
51.8667,10.3333,1987-10-19,3.93999991193414,13.5299996975809,8.73499980475754,1987,10,1988
51.8667,10.3333,1987-10-20,2.82999993674457,13.9599996879697,8.39499981235713,1987,10,1988
51.8667,10.3333,1987-10-21,1.28999997116625,11.3399997465312,6.31499985884875,1987,10,1988
51.8667,10.3333,1987-10-22,6.09999986365438,9.759999781847,7.92999982275069,1987,10,1988
51.8667,10.3333,1987-10-23,5.45999987795949,9.30999979190528,7.38499983493239,1987,10,1988
51.8667,10.3333,1987-10-24,1.90999995730817,8.16999981738627,5.03999988734722,1987,10,1988
51.8667,10.3333,1987-10-25,5.22999988310039,6.72999984957278,5.97999986633658,1987,10,1988
51.8667,10.3333,1987-10-26,1.17999997362494,8.039999820292,4.60999989695847,1987,10,1988
51.8667,10.3333,1987-10-27,-0.779999982565641,8.93999980017543,4.07999990880489,1987,10,1988
51.8667,10.3333,1987-10-28,1.59999996423721,11.189999749884,6.39499985706061,1987,10,1988
51.8667,10.3333,1987-10-29,5.71999987214804,14.069999685511,9.89499977882951,1987,10,1988
51.8667,10.3333,1987-10-30,6.00999986566603,10.8299997579306,8.41999981179833,1987,10,1988
51.8667,10.3333,1987-10-31,5.23999988287687,8.49999981001019,6.86999984644353,1987,10,1988
51.8667,10.3333,1987-11-01,3.31999992579222,11.2299997489899,7.27499983739108,1987,11,1988
51.8667,10.3333,1987-11-02,5.61999987438321,9.1299997959286,7.3749998351559,1987,11,1988
51.8667,10.3333,1987-11-03,5.05999988690019,8.56999980844557,6.81499984767288,1987,11,1988
51.8667,10.3333,1987-11-04,4.65999989584088,5.82999986968935,5.24499988276511,1987,11,1988
51.8667,10.3333,1987-11-05,2.53999994322658,6.52999985404313,4.53499989863485,1987,11,1988
51.8667,10.3333,1987-11-06,-0.529999988153577,7.02999984286726,3.24999992735684,1987,11,1988
51.8667,10.3333,1987-11-07,4.28999990411103,6.35999985784292,5.32499988097697,1987,11,1988
51.8667,10.3333,1987-11-08,1.46999996714294,4.88999989069998,3.17999992892146,1987,11,1988
51.8667,10.3333,1987-11-09,0.249999994412065,5.18999988399446,2.71999993920326,1987,11,1988
51.8667,10.3333,1987-11-10,-0.819999981671572,3.20999992825091,1.19499997328967,1987,11,1988
51.8667,10.3333,1987-11-11,-1.34999996982515,4.13999990746379,1.39499996881932,1987,11,1988
51.8667,10.3333,1987-11-12,1.97999995574355,6.2599998600781,4.11999990791082,1987,11,1988
51.8667,10.3333,1987-11-13,3.59999991953373,6.85999984666705,5.22999988310039,1987,11,1988
51.8667,10.3333,1987-11-14,3.01999993249774,6.27999985963106,4.6499998960644,1987,11,1988
51.8667,10.3333,1987-11-15,1.3199999704957,5.5099998768419,3.4149999236688,1987,11,1988
51.8667,10.3333,1987-11-16,1.88999995775521,4.45999990031123,3.17499992903322,1987,11,1988
51.8667,10.3333,1987-11-17,2.76999993808568,8.52999980933964,5.64999987371266,1987,11,1988
51.8667,10.3333,1987-11-18,5.0499998871237,7.16999983973801,6.10999986343086,1987,11,1988
51.8667,10.3333,1987-11-19,5.15999988466501,7.16999983973801,6.16499986220151,1987,11,1988
51.8667,10.3333,1987-11-20,5.71999987214804,7.38999983482063,6.55499985348433,1987,11,1988
51.8667,10.3333,1987-11-21,2.80999993719161,5.86999986879528,4.33999990299344,1987,11,1988
51.8667,10.3333,1987-11-22,1.93999995663762,3.93999991193414,2.93999993428588,1987,11,1988
51.8667,10.3333,1987-11-23,2.32999994792044,3.7899999152869,3.05999993160367,1987,11,1988
51.8667,10.3333,1987-11-24,1.21999997273088,3.43999992311001,2.32999994792044,1987,11,1988
51.8667,10.3333,1987-11-25,-1.56999996490777,1.67999996244907,0.0549999987706542,1987,11,1988
51.8667,10.3333,1987-11-26,-1.44999996758997,0.389999991282821,-0.529999988153577,1987,11,1988
51.8667,10.3333,1987-11-27,-0.779999982565641,2.18999995104969,0.704999984242022,1987,11,1988
51.8667,10.3333,1987-11-28,-1.3199999704957,1.3199999704957,0,1987,11,1988
51.8667,10.3333,1987-11-29,-0.439999990165234,1.05999997630715,0.30999999307096,1987,11,1988
51.8667,10.3333,1987-11-30,-0.919999979436398,2.28999994881451,0.684999984689057,1987,11,1988
51.8667,10.3333,1987-12-01,-3.21999992802739,1.01999997720122,-1.09999997541308,1987,12,1988
51.8667,10.3333,1987-12-02,-1.63999996334314,0.819999981671572,-0.409999990835786,1987,12,1988
51.8667,10.3333,1987-12-03,-2.14999995194376,-0.30999999307096,-1.22999997250736,1987,12,1988
51.8667,10.3333,1987-12-04,-2.85999993607402,0.549999987706542,-1.15499997418374,1987,12,1988
51.8667,10.3333,1987-12-05,-4.43999990075827,0.529999988153577,-1.95499995630234,1987,12,1988
51.8667,10.3333,1987-12-06,-5.19999988377094,1.3799999691546,-1.90999995730817,1987,12,1988
51.8667,10.3333,1987-12-07,-5.99999986588955,-1.35999996960163,-3.67999991774559,1987,12,1988
51.8667,10.3333,1987-12-08,-6.79999984800816,-2.009999955073,-4.40499990154058,1987,12,1988
51.8667,10.3333,1987-12-09,-11.6599997393787,-3.87999991327524,-7.76999982632697,1987,12,1988
51.8667,10.3333,1987-12-10,-12.3599997237325,-4.83999989181757,-8.59999980777502,1987,12,1988
51.8667,10.3333,1987-12-11,-7.87999982386827,-0.359999991953373,-4.11999990791082,1987,12,1988
51.8667,10.3333,1987-12-12,-2.03999995440245,1.89999995753169,-0.0699999984353781,1987,12,1988
51.8667,10.3333,1987-12-13,-2.36999994702637,0.199999995529652,-1.08499997574836,1987,12,1988
51.8667,10.3333,1987-12-14,-7.17999983951449,-0.92999997921288,-4.05499990936369,1987,12,1988
51.8667,10.3333,1987-12-15,-8.77999980375171,-4.51999989897013,-6.64999985136092,1987,12,1988
51.8667,10.3333,1987-12-16,-8.64999980665743,-1.86999995820224,-5.25999988242984,1987,12,1988
51.8667,10.3333,1987-12-17,-2.87999993562698,3.70999991707504,0.414999990724027,1987,12,1988
51.8667,10.3333,1987-12-18,3.24999992735684,7.24999983794987,5.24999988265336,1987,12,1988
51.8667,10.3333,1987-12-19,6.43999985605478,11.7099997382611,9.07499979715794,1987,12,1988
51.8667,10.3333,1987-12-20,3.98999991081655,9.09999979659915,6.54499985370785,1987,12,1988
51.8667,10.3333,1987-12-21,3.57999991998076,7.02999984286726,5.30499988142401,1987,12,1988
51.8667,10.3333,1987-12-22,6.21999986097217,7.62999982945621,6.92499984521419,1987,12,1988
51.8667,10.3333,1987-12-23,2.83999993652105,6.89999984577298,4.86999989114702,1987,12,1988
51.8667,10.3333,1987-12-24,-1.3199999704957,4.05999990925193,1.36999996937811,1987,12,1988
51.8667,10.3333,1987-12-25,-2.8699999358505,4.61999989673495,0.874999980442226,1987,12,1988
51.8667,10.3333,1987-12-26,-2.49999994412065,3.10999993048608,0.304999993182719,1987,12,1988
51.8667,10.3333,1987-12-27,1.22999997250736,4.06999990902841,2.64999994076788,1987,12,1988
51.8667,10.3333,1987-12-28,3.4999999217689,5.75999987125397,4.62999989651144,1987,12,1988
51.8667,10.3333,1987-12-29,4.73999989405274,8.69999980553985,6.7199998497963,1987,12,1988
51.8667,10.3333,1987-12-30,5.46999987773597,8.68999980576336,7.07999984174967,1987,12,1988
51.8667,10.3333,1987-12-31,3.83999991416931,8.42999981157482,6.13499986287206,1987,12,1988
51.8667,10.3333,1988-01-01,3.86999991349876,9.0699997972697,6.46999985538423,1988,1,1988
51.8667,10.3333,1988-01-02,3.84999991394579,6.67999985069036,5.26499988231808,1988,1,1988
51.8667,10.3333,1988-01-03,3.729999916628,9.42999978922307,6.57999985292554,1988,1,1988
51.8667,10.3333,1988-01-04,3.81999991461635,7.3499998357147,5.58499987516552,1988,1,1988
51.8667,10.3333,1988-01-05,2.61999994143844,4.7099998947233,3.66499991808087,1988,1,1988
51.8667,10.3333,1988-01-06,3.06999993138015,8.80999980308115,5.93999986723065,1988,1,1988
51.8667,10.3333,1988-01-07,5.16999988444149,9.41999978944659,7.29499983694404,1988,1,1988
51.8667,10.3333,1988-01-08,1.16999997384846,5.39999987930059,3.28499992657453,1988,1,1988
51.8667,10.3333,1988-01-09,-0.379999991506338,2.78999993763864,1.20499997306615,1988,1,1988
51.8667,10.3333,1988-01-10,-1.34999996982515,2.75999993830919,0.704999984242022,1988,1,1988
51.8667,10.3333,1988-01-11,0.789999982342124,4.9399998895824,2.86499993596226,1988,1,1988
51.8667,10.3333,1988-01-12,0.679999984800816,4.99999988824129,2.83999993652105,1988,1,1988
51.8667,10.3333,1988-01-13,-1.19999997317791,3.07999993115664,0.939999978989363,1988,1,1988
51.8667,10.3333,1988-01-14,-2.22999995015562,5.90999986790121,1.8399999588728,1988,1,1988
51.8667,10.3333,1988-01-15,-1.46999996714294,5.60999987460673,2.06999995373189,1988,1,1988
51.8667,10.3333,1988-01-16,-0.389999991282821,4.73999989405274,2.17499995138496,1988,1,1988
51.8667,10.3333,1988-01-17,-0.179999995976686,2.84999993629754,1.33499997016042,1988,1,1988
51.8667,10.3333,1988-01-18,1.34999996982515,3.24999992735684,2.29999994859099,1988,1,1988
51.8667,10.3333,1988-01-19,-0.319999992847443,3.19999992847443,1.43999996781349,1988,1,1988
51.8667,10.3333,1988-01-20,-0.939999978989363,2.91999993473291,0.989999977871776,1988,1,1988
51.8667,10.3333,1988-01-21,-1.02999997697771,4.23999990522861,1.60499996412545,1988,1,1988
51.8667,10.3333,1988-01-22,0.0499999988824129,4.48999989964068,2.26999994926155,1988,1,1988
51.8667,10.3333,1988-01-23,-0.959999978542328,1.80999995954335,0.42499999050051,1988,1,1988
51.8667,10.3333,1988-01-24,-1.57999996468425,0.219999995082617,-0.679999984800816,1988,1,1988
51.8667,10.3333,1988-01-25,-1.55999996513128,3.67999991774559,1.05999997630715,1988,1,1988
51.8667,10.3333,1988-01-26,2.70999993942678,7.32999983616173,5.01999988779426,1988,1,1988
51.8667,10.3333,1988-01-27,3.85999991372228,5.92999986745417,4.89499989058822,1988,1,1988
51.8667,10.3333,1988-01-28,0.0899999979883432,3.94999991171062,2.01999995484948,1988,1,1988
51.8667,10.3333,1988-01-29,-0.88999998010695,5.16999988444149,2.13999995216727,1988,1,1988
51.8667,10.3333,1988-01-30,4.50999989919364,7.25999983772635,5.88499986846,1988,1,1988
51.8667,10.3333,1988-01-31,1.52999996580184,5.45999987795949,3.49499992188066,1988,1,1988
51.8667,10.3333,1988-02-01,0.789999982342124,2.42999994568527,1.6099999640137,1988,2,1988
51.8667,10.3333,1988-02-02,-0.369999991729856,3.34999992512167,1.4899999666959,1988,2,1988
51.8667,10.3333,1988-02-03,2.1799999512732,4.75999989360571,3.46999992243946,1988,2,1988
51.8667,10.3333,1988-02-04,0.509999988600612,3.98999991081655,2.24999994970858,1988,2,1988
51.8667,10.3333,1988-02-05,3.37999992445111,6.96999984420836,5.17499988432974,1988,2,1988
51.8667,10.3333,1988-02-06,2.14999995194376,5.08999988622963,3.61999991908669,1988,2,1988
51.8667,10.3333,1988-02-07,1.02999997697771,6.72999984957278,3.87999991327524,1988,2,1988
51.8667,10.3333,1988-02-08,-0.299999993294477,2.48999994434416,1.09499997552484,1988,2,1988
51.8667,10.3333,1988-02-09,-1.70999996177852,0.859999980777502,-0.42499999050051,1988,2,1988
51.8667,10.3333,1988-02-10,-0.639999985694885,1.95999995619059,0.65999998524785,1988,2,1988
51.8667,10.3333,1988-02-11,-0.459999989718199,1.96999995596707,0.754999983124435,1988,2,1988
51.8667,10.3333,1988-02-12,-0.61999998614192,1.15999997407198,0.26999999396503,1988,2,1988
51.8667,10.3333,1988-02-13,-2.34999994747341,1.38999996893108,-0.479999989271164,1988,2,1988
51.8667,10.3333,1988-02-14,-1.7799999602139,2.80999993719161,0.514999988488853,1988,2,1988
51.8667,10.3333,1988-02-15,-2.55999994277954,4.32999990321696,0.884999980218709,1988,2,1988
51.8667,10.3333,1988-02-16,-4.13999990746379,7.37999983504415,1.61999996379018,1988,2,1988
51.8667,10.3333,1988-02-17,-1.72999996133149,6.72999984957278,2.49999994412065,1988,2,1988
51.8667,10.3333,1988-02-18,-0.529999988153577,2.01999995484948,0.744999983347952,1988,2,1988
51.8667,10.3333,1988-02-19,-0.519999988377094,1.91999995708466,0.699999984353781,1988,2,1988
51.8667,10.3333,1988-02-20,0.539999987930059,2.59999994188547,1.56999996490777,1988,2,1988
51.8667,10.3333,1988-02-21,-3.17999992892146,1.06999997608364,-1.05499997641891,1988,2,1988
51.8667,10.3333,1988-02-22,-4.61999989673495,2.59999994188547,-1.00999997742474,1988,2,1988
51.8667,10.3333,1988-02-23,0.96999997831881,2.97999993339181,1.97499995585531,1988,2,1988
51.8667,10.3333,1988-02-24,-0.549999987706542,2.57999994233251,1.01499997731298,1988,2,1988
51.8667,10.3333,1988-02-25,-3.22999992780387,-0.319999992847443,-1.77499996032566,1988,2,1988
51.8667,10.3333,1988-02-26,-3.29999992623925,-1.29999997094274,-2.29999994859099,1988,2,1988
51.8667,10.3333,1988-02-27,-3.21999992802739,-1.67999996244907,-2.44999994523823,1988,2,1988
51.8667,10.3333,1988-02-28,-2.64999994076788,-1.27999997138977,-1.96499995607883,1988,2,1988
51.8667,10.3333,1988-02-29,-3.88999991305172,0.419999990612268,-1.73499996121973,1988,2,1988
51.8667,10.3333,1988-03-01,-2.68999993987381,-0.509999988600612,-1.59999996423721,1988,3,1988
51.8667,10.3333,1988-03-02,-4.44999990053475,-1.62999996356666,-3.0399999320507,1988,3,1988
51.8667,10.3333,1988-03-03,-6.23999986052513,-1.78999995999038,-4.01499991025776,1988,3,1988
51.8667,10.3333,1988-03-04,-2.94999993406236,-0.57999998703599,-1.76499996054918,1988,3,1988
51.8667,10.3333,1988-03-05,-2.06999995373189,0.199999995529652,-0.934999979101121,1988,3,1988
51.8667,10.3333,1988-03-06,-3.00999993272126,-0.209999995306134,-1.6099999640137,1988,3,1988
51.8667,10.3333,1988-03-07,-3.19999992847443,-0.399999991059303,-1.79999995976686,1988,3,1988
51.8667,10.3333,1988-03-08,-2.56999994255602,0.319999992847443,-1.12499997485429,1988,3,1988
51.8667,10.3333,1988-03-09,-4.07999990880489,-1.15999997407198,-2.61999994143844,1988,3,1988
51.8667,10.3333,1988-03-10,-5.46999987773597,-0.119999997317791,-2.79499993752688,1988,3,1988
51.8667,10.3333,1988-03-11,-5.43999987840652,0.769999982789159,-2.33499994780868,1988,3,1988
51.8667,10.3333,1988-03-12,-0.789999982342124,2.04999995417893,0.629999985918403,1988,3,1988
51.8667,10.3333,1988-03-13,-2.61999994143844,1.62999996356666,-0.494999988935888,1988,3,1988
51.8667,10.3333,1988-03-14,-3.67999991774559,-0.179999995976686,-1.92999995686114,1988,3,1988
51.8667,10.3333,1988-03-15,-5.5699998755008,0.61999998614192,-2.47499994467944,1988,3,1988
51.8667,10.3333,1988-03-16,-4.31999990344048,4.30999990366399,-0.00499999988824129,1988,3,1988
51.8667,10.3333,1988-03-17,2.05999995395541,4.94999988935888,3.50499992165715,1988,3,1988
51.8667,10.3333,1988-03-18,-2.04999995417893,2.79999993741512,0.374999991618097,1988,3,1988
51.8667,10.3333,1988-03-19,-5.26999988220632,1.21999997273088,-2.02499995473772,1988,3,1988
51.8667,10.3333,1988-03-20,-7.72999982722104,3.52999992109835,-2.09999995306134,1988,3,1988
51.8667,10.3333,1988-03-21,0.30999999307096,6.75999984890223,3.53499992098659,1988,3,1988
51.8667,10.3333,1988-03-22,2.84999993629754,6.4899998549372,4.66999989561737,1988,3,1988
51.8667,10.3333,1988-03-23,2.76999993808568,5.11999988555908,3.94499991182238,1988,3,1988
51.8667,10.3333,1988-03-24,2.27999994903803,5.23999988287687,3.75999991595745,1988,3,1988
51.8667,10.3333,1988-03-25,2.13999995216727,5.75999987125397,3.94999991171062,1988,3,1988
51.8667,10.3333,1988-03-26,0.379999991506338,3.92999991215765,2.154999951832,1988,3,1988
51.8667,10.3333,1988-03-27,0.879999980330467,3.9599999114871,2.41999994590878,1988,3,1988
51.8667,10.3333,1988-03-28,0.289999993517995,3.40999992378056,1.84999995864928,1988,3,1988
51.8667,10.3333,1988-03-29,-0.289999993517995,3.92999991215765,1.81999995931983,1988,3,1988
51.8667,10.3333,1988-03-30,1.02999997697771,5.5099998768419,3.2699999269098,1988,3,1988
51.8667,10.3333,1988-03-31,2.8699999358505,10.029999775812,6.44999985583127,1988,3,1988
51.8667,10.3333,1988-04-01,3.13999992981553,7.8099998254329,5.47499987762421,1988,4,1988
51.8667,10.3333,1988-04-02,1.07999997586012,5.53999987617135,3.30999992601573,1988,4,1988
51.8667,10.3333,1988-04-03,0.559999987483025,7.73999982699752,4.14999990724027,1988,4,1988
51.8667,10.3333,1988-04-04,-0.459999989718199,8.39999981224537,3.96999991126359,1988,4,1988
51.8667,10.3333,1988-04-05,1.49999996647239,5.92999986745417,3.71499991696328,1988,4,1988
51.8667,10.3333,1988-04-06,1.87999995797873,5.81999986991286,3.84999991394579,1988,4,1988
51.8667,10.3333,1988-04-07,1.66999996267259,8.35999981313944,5.01499988790601,1988,4,1988
51.8667,10.3333,1988-04-08,2.32999994792044,13.7699996922165,8.04999982006848,1988,4,1988
51.8667,10.3333,1988-04-09,2.30999994836748,10.6699997615069,6.4899998549372,1988,4,1988
51.8667,10.3333,1988-04-10,-2.33999994769692,2.61999994143844,0.139999996870756,1988,4,1988
51.8667,10.3333,1988-04-11,-5.59999987483025,5.83999986946583,0.119999997317791,1988,4,1988
51.8667,10.3333,1988-04-12,2.13999995216727,8.05999981984496,5.09999988600612,1988,4,1988
51.8667,10.3333,1988-04-13,-0.96999997831881,12.5899997185916,5.80999987013638,1988,4,1988
51.8667,10.3333,1988-04-14,0.819999981671572,7.52999983169138,4.17499990668148,1988,4,1988
51.8667,10.3333,1988-04-15,-3.69999991729856,8.80999980308115,2.5549999428913,1988,4,1988
51.8667,10.3333,1988-04-16,-0.129999997094274,12.7799997143447,6.32499985862523,1988,4,1988
51.8667,10.3333,1988-04-17,3.40999992378056,17.6399996057153,10.5249997647479,1988,4,1988
51.8667,10.3333,1988-04-18,8.06999981962144,14.8499996680766,11.459999743849,1988,4,1988
51.8667,10.3333,1988-04-19,6.40999985672534,16.9599996209145,11.6849997388199,1988,4,1988
51.8667,10.3333,1988-04-20,6.97999984398484,21.2299995254725,14.1049996847287,1988,4,1988
51.8667,10.3333,1988-04-21,7.5799998305738,19.5999995619059,13.5899996962398,1988,4,1988
51.8667,10.3333,1988-04-22,6.28999985940754,14.2899996805936,10.2899997700006,1988,4,1988
51.8667,10.3333,1988-04-23,2.13999995216727,9.46999978832901,5.80499987024814,1988,4,1988
51.8667,10.3333,1988-04-24,-3.74999991618097,4.38999990187585,0.319999992847443,1988,4,1988
51.8667,10.3333,1988-04-25,-6.24999986030161,5.59999987483025,-0.324999992735684,1988,4,1988
51.8667,10.3333,1988-04-26,-4.36999990232289,7.33999983593822,1.48499996680766,1988,4,1988
51.8667,10.3333,1988-04-27,-3.33999992534518,8.00999982096255,2.33499994780868,1988,4,1988
51.8667,10.3333,1988-04-28,-1.00999997742474,11.4499997440726,5.21999988332391,1988,4,1988
51.8667,10.3333,1988-04-29,1.41999996826053,9.78999978117645,5.60499987471849,1988,4,1988
51.8667,10.3333,1988-04-30,3.07999993115664,14.8799996674061,8.97999979928136,1988,4,1988
51.8667,10.3333,1988-05-01,5.97999986633658,17.19999961555,11.5899997409433,1988,5,NA
51.8667,10.3333,1988-05-02,6.90999984554946,19.0099995750934,12.9599997103214,1988,5,NA
51.8667,10.3333,1988-05-03,8.76999980397522,15.6399996504188,12.204999727197,1988,5,NA
51.8667,10.3333,1988-05-04,7.72999982722104,15.0199996642768,11.3749997457489,1988,5,NA
51.8667,10.3333,1988-05-05,7.54999983124435,15.0799996629357,11.31499974709,1988,5,NA
51.8667,10.3333,1988-05-06,4.82999989204109,16.7899996247143,10.8099997583777,1988,5,NA
51.8667,10.3333,1988-05-07,4.90999989025295,13.8299996908754,9.36999979056418,1988,5,NA
51.8667,10.3333,1988-05-08,3.77999991551042,17.1599996164441,10.4699997659773,1988,5,NA
51.8667,10.3333,1988-05-09,8.79999980330467,14.9599996656179,11.8799997344613,1988,5,NA
51.8667,10.3333,1988-05-10,9.62999978475273,19.8799995556474,14.7549996702,1988,5,NA
51.8667,10.3333,1988-05-11,8.61999980732799,16.8599996231496,12.7399997152388,1988,5,NA
51.8667,10.3333,1988-05-12,4.99999988824129,15.0499996636063,10.0249997759238,1988,5,NA
51.8667,10.3333,1988-05-13,6.66999985091388,20.389999544248,13.5299996975809,1988,5,NA
51.8667,10.3333,1988-05-14,10.609999762848,19.789999557659,15.1999996602535,1988,5,NA
51.8667,10.3333,1988-05-15,10.1399997733533,21.2699995245785,15.7049996489659,1988,5,NA
51.8667,10.3333,1988-05-16,10.629999762401,22.0099995080382,16.3199996352196,1988,5,NA
51.8667,10.3333,1988-05-17,10.6199997626245,21.3299995232373,15.9749996429309,1988,5,NA
51.8667,10.3333,1988-05-18,9.71999978274107,20.5099995415658,15.1149996621534,1988,5,NA
51.8667,10.3333,1988-05-19,4.59999989718199,13.5999996960163,9.09999979659915,1988,5,NA
51.8667,10.3333,1988-05-20,6.28999985940754,12.8099997136742,9.54999978654087,1988,5,NA
51.8667,10.3333,1988-05-21,4.6499998960644,11.2799997478724,7.96499982196838,1988,5,NA
51.8667,10.3333,1988-05-22,1.65999996289611,9.6999997831881,5.67999987304211,1988,5,NA
51.8667,10.3333,1988-05-23,0.899999979883432,11.7199997380376,6.30999985896051,1988,5,NA
51.8667,10.3333,1988-05-24,3.0999999307096,15.3499996569008,9.22499979380518,1988,5,NA
51.8667,10.3333,1988-05-25,6.00999986566603,19.3799995668232,12.6949997162446,1988,5,NA
51.8667,10.3333,1988-05-26,10.5199997648597,22.2499995026737,16.3849996337667,1988,5,NA
51.8667,10.3333,1988-05-27,12.5799997188151,24.2199994586408,18.399999588728,1988,5,NA
51.8667,10.3333,1988-05-28,14.7699996698648,23.6799994707108,19.2249995702878,1988,5,NA
51.8667,10.3333,1988-05-29,13.0099997092038,23.229999480769,18.1199995949864,1988,5,NA
51.8667,10.3333,1988-05-30,11.1799997501075,19.6599995605648,15.4199996553361,1988,5,NA
51.8667,10.3333,1988-05-31,8.17999981716275,18.0299995969981,13.1049997070804,1988,5,NA
51.8667,10.3333,1988-06-01,7.84999982453883,14.2499996814877,11.0499997530133,1988,6,NA
51.8667,10.3333,1988-06-02,7.24999983794987,14.5999996736646,10.9249997558072,1988,6,NA
51.8667,10.3333,1988-06-03,7.89999982342124,13.779999691993,10.8399997577071,1988,6,NA
51.8667,10.3333,1988-06-04,9.44999978877604,17.5199996083975,13.4849996985868,1988,6,NA
51.8667,10.3333,1988-06-05,9.88999977894127,15.7799996472895,12.8349997131154,1988,6,NA
51.8667,10.3333,1988-06-06,7.31999983638525,13.9399996884167,10.629999762401,1988,6,NA
51.8667,10.3333,1988-06-07,6.84999984689057,11.2199997492135,9.03499979805201,1988,6,NA
51.8667,10.3333,1988-06-08,8.52999980933964,13.6899996940047,11.1099997516721,1988,6,NA
51.8667,10.3333,1988-06-09,9.15999979525805,13.0999997071922,11.1299997512251,1988,6,NA
51.8667,10.3333,1988-06-10,10.9599997550249,12.8599997125566,11.9099997337908,1988,6,NA
51.8667,10.3333,1988-06-11,9.28999979235232,18.9899995755404,14.1399996839464,1988,6,NA
51.8667,10.3333,1988-06-12,8.79999980330467,14.6599996723235,11.7299997378141,1988,6,NA
51.8667,10.3333,1988-06-13,6.83999984711409,15.8999996446073,11.3699997458607,1988,6,NA
51.8667,10.3333,1988-06-14,4.88999989069998,19.3799995668232,12.1349997287616,1988,6,NA
51.8667,10.3333,1988-06-15,7.10999984107912,20.0399995520711,13.5749996965751,1988,6,NA
51.8667,10.3333,1988-06-16,7.83999982476234,18.7799995802343,13.3099997024983,1988,6,NA
51.8667,10.3333,1988-06-17,9.40999978967011,17.0099996197969,13.2099997047335,1988,6,NA
51.8667,10.3333,1988-06-18,8.87999980151653,19.249999569729,14.0649996856228,1988,6,NA
51.8667,10.3333,1988-06-19,8.29999981448054,19.9199995547533,14.1099996846169,1988,6,NA
51.8667,10.3333,1988-06-20,8.6699998062104,13.3999997004867,11.0349997533485,1988,6,NA
51.8667,10.3333,1988-06-21,8.56999980844557,13.0499997083098,10.8099997583777,1988,6,NA
51.8667,10.3333,1988-06-22,8.40999981202185,16.0199996419251,12.2149997269735,1988,6,NA
51.8667,10.3333,1988-06-23,8.18999981693923,14.5199996754527,11.354999746196,1988,6,NA
51.8667,10.3333,1988-06-24,5.69999987259507,10.9499997552484,8.32499981392175,1988,6,NA
51.8667,10.3333,1988-06-25,9.07999979704618,14.4199996776879,11.749999737367,1988,6,NA
51.8667,10.3333,1988-06-26,10.1899997722358,13.4799996986985,11.8349997354671,1988,6,NA
51.8667,10.3333,1988-06-27,8.2099998164922,17.9099995996803,13.0599997080863,1988,6,NA
51.8667,10.3333,1988-06-28,12.1299997288734,17.9499995987862,15.0399996638298,1988,6,NA
51.8667,10.3333,1988-06-29,11.2899997476488,21.4499995205551,16.369999634102,1988,6,NA
51.8667,10.3333,1988-06-30,13.0499997083098,22.0299995075911,17.5399996079504,1988,6,NA
51.8667,10.3333,1988-07-01,11.189999749884,23.2799994796515,17.2349996147677,1988,7,NA
51.8667,10.3333,1988-07-02,14.3499996792525,23.8599994666874,19.10499957297,1988,7,NA
51.8667,10.3333,1988-07-03,8.84999980218709,17.7699996028095,13.3099997024983,1988,7,NA
51.8667,10.3333,1988-07-04,10.5199997648597,16.8499996233732,13.6849996941164,1988,7,NA
51.8667,10.3333,1988-07-05,12.4799997210503,20.3799995444715,16.4299996327609,1988,7,NA
51.8667,10.3333,1988-07-06,13.1399997062981,24.6899994481355,18.9149995772168,1988,7,NA
51.8667,10.3333,1988-07-07,10.7599997594953,21.9299995098263,16.3449996346608,1988,7,NA
51.8667,10.3333,1988-07-08,12.7799997143447,21.0199995301664,16.8999996222556,1988,7,NA
51.8667,10.3333,1988-07-09,11.459999743849,18.8399995788932,15.1499996613711,1988,7,NA
51.8667,10.3333,1988-07-10,10.0999997742474,17.5799996070564,13.8399996906519,1988,7,NA
51.8667,10.3333,1988-07-11,7.76999982632697,21.1499995272607,14.4599996767938,1988,7,NA
51.8667,10.3333,1988-07-12,12.8599997125566,24.7099994476885,18.7849995801225,1988,7,NA
51.8667,10.3333,1988-07-13,10.2299997713417,18.9499995764345,14.5899996738881,1988,7,NA
51.8667,10.3333,1988-07-14,9.30999979190528,20.5899995397776,14.9499996658415,1988,7,NA
51.8667,10.3333,1988-07-15,10.9999997541308,15.8199996463954,13.4099997002631,1988,7,NA
51.8667,10.3333,1988-07-16,10.9899997543544,15.0499996636063,13.0199997089803,1988,7,NA
51.8667,10.3333,1988-07-17,9.85999977961183,12.3399997241795,11.0999997518957,1988,7,NA
51.8667,10.3333,1988-07-18,9.85999977961183,14.0599996857345,11.9599997326732,1988,7,NA
51.8667,10.3333,1988-07-19,10.4499997664243,15.9699996430427,13.2099997047335,1988,7,NA
51.8667,10.3333,1988-07-20,9.85999977961183,15.8999996446073,12.8799997121096,1988,7,NA
51.8667,10.3333,1988-07-21,10.31999976933,18.8999995775521,14.6099996734411,1988,7,NA
51.8667,10.3333,1988-07-22,12.7899997141212,19.249999569729,16.0199996419251,1988,7,NA
51.8667,10.3333,1988-07-23,14.4899996761233,23.7499994691461,19.1199995726347,1988,7,NA
51.8667,10.3333,1988-07-24,18.1399995945394,26.9499993976206,22.54499949608,1988,7,NA
51.8667,10.3333,1988-07-25,12.9699997100979,23.4299994762987,18.1999995931983,1988,7,NA
51.8667,10.3333,1988-07-26,10.4499997664243,21.0099995303899,15.7299996484071,1988,7,NA
51.8667,10.3333,1988-07-27,11.8499997351319,24.9099994432181,18.379999589175,1988,7,NA
51.8667,10.3333,1988-07-28,10.7199997603893,18.7699995804578,14.7449996704236,1988,7,NA
51.8667,10.3333,1988-07-29,8.42999981157482,19.5899995621294,14.0099996868521,1988,7,NA
51.8667,10.3333,1988-07-30,11.6099997404963,18.1799995936453,14.8949996670708,1988,7,NA
51.8667,10.3333,1988-07-31,8.58999980799854,16.6999996267259,12.6449997173622,1988,7,NA
51.8667,10.3333,1988-08-01,7.83999982476234,17.529999608174,12.6849997164682,1988,8,NA
51.8667,10.3333,1988-08-02,8.34999981336296,22.6299994941801,15.4899996537715,1988,8,NA
51.8667,10.3333,1988-08-03,11.0599997527897,17.5999996066093,14.3299996796995,1988,8,NA
51.8667,10.3333,1988-08-04,7.79999982565641,14.7099996712059,11.2549997484311,1988,8,NA
51.8667,10.3333,1988-08-05,5.19999988377094,15.7799996472895,10.4899997655302,1988,8,NA
51.8667,10.3333,1988-08-06,10.5299997646362,16.9399996213615,13.7349996929988,1988,8,NA
51.8667,10.3333,1988-08-07,11.7999997362494,20.4599995426834,16.1299996394664,1988,8,NA
51.8667,10.3333,1988-08-08,10.4799997657537,23.5699994731694,17.0249996194616,1988,8,NA
51.8667,10.3333,1988-08-09,11.1999997496605,24.7499994467944,17.9749995982274,1988,8,NA
51.8667,10.3333,1988-08-10,13.1599997058511,25.279999434948,19.2199995703995,1988,8,NA
51.8667,10.3333,1988-08-11,14.0199996866286,23.9399994648993,18.9799995757639,1988,8,NA
51.8667,10.3333,1988-08-12,14.3899996783584,22.1899995040148,18.2899995911866,1988,8,NA
51.8667,10.3333,1988-08-13,10.4899997655302,24.0499994624406,17.2699996139854,1988,8,NA
51.8667,10.3333,1988-08-14,12.039999730885,19.8999995552003,15.9699996430427,1988,8,NA
51.8667,10.3333,1988-08-15,9.26999979279935,25.6599994264543,17.4649996096268,1988,8,NA
51.8667,10.3333,1988-08-16,13.21999970451,23.3999994769692,18.3099995907396,1988,8,NA
51.8667,10.3333,1988-08-17,8.45999981090426,18.939999576658,13.6999996937811,1988,8,NA
51.8667,10.3333,1988-08-18,7.01999984309077,19.2799995690584,13.1499997060746,1988,8,NA
51.8667,10.3333,1988-08-19,6.89999984577298,23.2899994794279,15.0949996626005,1988,8,NA
51.8667,10.3333,1988-08-20,11.6699997391552,23.5699994731694,17.6199996061623,1988,8,NA
51.8667,10.3333,1988-08-21,12.7099997159094,18.4299995880574,15.5699996519834,1988,8,NA
51.8667,10.3333,1988-08-22,9.85999977961183,16.929999621585,13.3949997005984,1988,8,NA
51.8667,10.3333,1988-08-23,10.2799997702241,17.0599996186793,13.6699996944517,1988,8,NA
51.8667,10.3333,1988-08-24,7.94999982230365,15.5099996533245,11.7299997378141,1988,8,NA
51.8667,10.3333,1988-08-25,7.5799998305738,17.7099996041507,12.6449997173622,1988,8,NA
51.8667,10.3333,1988-08-26,9.40999978967011,14.7299996707588,12.0699997302145,1988,8,NA
51.8667,10.3333,1988-08-27,7.98999982140958,11.8199997358024,9.904999778606,1988,8,NA
51.8667,10.3333,1988-08-28,7.22999983839691,17.4399996101856,12.3349997242913,1988,8,NA
51.8667,10.3333,1988-08-29,14.1999996826053,23.1599994823337,18.6799995824695,1988,8,NA
51.8667,10.3333,1988-08-30,10.8099997583777,20.3299995455891,15.5699996519834,1988,8,NA
51.8667,10.3333,1988-08-31,8.31999981403351,16.8799996227026,12.5999997183681,1988,8,NA
51.8667,10.3333,1988-09-01,8.38999981246889,19.6099995616823,13.9999996870756,1988,9,NA
51.8667,10.3333,1988-09-02,8.27999981492758,22.2899995017797,15.2849996583536,1988,9,NA
51.8667,10.3333,1988-09-03,10.879999756813,16.0699996408075,13.4749996988103,1988,9,NA
51.8667,10.3333,1988-09-04,7.93999982252717,15.1799996607006,11.5599997416139,1988,9,NA
51.8667,10.3333,1988-09-05,9.51999978721142,16.9199996218085,13.21999970451,1988,9,NA
51.8667,10.3333,1988-09-06,8.6099998075515,15.5699996519834,12.0899997297674,1988,9,NA
51.8667,10.3333,1988-09-07,9.44999978877604,16.2999996356666,12.8749997122213,1988,9,NA
51.8667,10.3333,1988-09-08,6.07999986410141,16.9899996202439,11.5349997421727,1988,9,NA
51.8667,10.3333,1988-09-09,5.78999987058342,17.6199996061623,11.7049997383729,1988,9,NA
51.8667,10.3333,1988-09-10,6.32999985851347,19.1799995712936,12.7549997149035,1988,9,NA
51.8667,10.3333,1988-09-11,6.8299998473376,21.1899995263666,14.0099996868521,1988,9,NA
51.8667,10.3333,1988-09-12,10.4199997670949,16.6499996278435,13.5349996974692,1988,9,NA
51.8667,10.3333,1988-09-13,8.02999982051551,14.3499996792525,11.189999749884,1988,9,NA
51.8667,10.3333,1988-09-14,6.98999984376132,10.5499997641891,8.76999980397522,1988,9,NA
51.8667,10.3333,1988-09-15,7.19999983906746,10.7599997594953,8.97999979928136,1988,9,NA
51.8667,10.3333,1988-09-16,7.58999983035028,11.8099997360259,9.6999997831881,1988,9,NA
51.8667,10.3333,1988-09-17,7.64999982900918,10.6199997626245,9.13499979581684,1988,9,NA
51.8667,10.3333,1988-09-18,9.20999979414046,12.4099997226149,10.8099997583777,1988,9,NA
51.8667,10.3333,1988-09-19,9.01999979838729,14.9299996662885,11.9749997323379,1988,9,NA
51.8667,10.3333,1988-09-20,9.72999978251755,12.5399997197092,11.1349997511134,1988,9,NA
51.8667,10.3333,1988-09-21,9.27999979257584,12.079999729991,10.6799997612834,1988,9,NA
51.8667,10.3333,1988-09-22,8.02999982051551,12.1599997282028,10.0949997743592,1988,9,NA
51.8667,10.3333,1988-09-23,4.86999989114702,16.8699996229261,10.8699997570366,1988,9,NA
51.8667,10.3333,1988-09-24,8.64999980665743,14.5199996754527,11.5849997410551,1988,9,NA
51.8667,10.3333,1988-09-25,7.72999982722104,11.0699997525662,9.39999978989363,1988,9,NA
51.8667,10.3333,1988-09-26,7.02999984286726,12.9999997094274,10.0149997761473,1988,9,NA
51.8667,10.3333,1988-09-27,12.0299997311085,15.1999996602535,13.614999695681,1988,9,NA
51.8667,10.3333,1988-09-28,11.9099997337908,16.4499996323138,14.1799996830523,1988,9,NA
51.8667,10.3333,1988-09-29,12.0199997313321,17.2599996142089,14.6399996727705,1988,9,NA
51.8667,10.3333,1988-09-30,7.30999983660877,13.9299996886402,10.6199997626245,1988,9,NA
51.8667,10.3333,1988-10-01,4.56999989785254,10.9699997548014,7.76999982632697,1988,10,1989
51.8667,10.3333,1988-10-02,1.42999996803701,11.8799997344613,6.65499985124916,1988,10,1989
51.8667,10.3333,1988-10-03,2.75999993830919,14.9599996656179,8.85999980196357,1988,10,1989
51.8667,10.3333,1988-10-04,4.96999988891184,15.9999996423721,10.484999765642,1988,10,1989
51.8667,10.3333,1988-10-05,6.27999985963106,14.359999679029,10.31999976933,1988,10,1989
51.8667,10.3333,1988-10-06,7.69999982789159,13.8699996899813,10.7849997589365,1988,10,1989
51.8667,10.3333,1988-10-07,7.81999982520938,11.169999750331,9.49499978777021,1988,10,1989
51.8667,10.3333,1988-10-08,5.78999987058342,10.029999775812,7.90999982319772,1988,10,1989
51.8667,10.3333,1988-10-09,3.71999991685152,7.84999982453883,5.78499987069517,1988,10,1989
51.8667,10.3333,1988-10-10,6.15999986231327,14.8099996689707,10.484999765642,1988,10,1989
51.8667,10.3333,1988-10-11,4.7099998947233,14.9599996656179,9.83499978017062,1988,10,1989
51.8667,10.3333,1988-10-12,2.05999995395541,9.46999978832901,5.76499987114221,1988,10,1989
51.8667,10.3333,1988-10-13,7.01999984309077,12.4299997221678,9.72499978262931,1988,10,1989
51.8667,10.3333,1988-10-14,7.77999982610345,15.5399996526539,11.6599997393787,1988,10,1989
51.8667,10.3333,1988-10-15,6.11999986320734,14.4599996767938,10.2899997700006,1988,10,1989
51.8667,10.3333,1988-10-16,9.86999977938831,13.4999996982515,11.6849997388199,1988,10,1989
51.8667,10.3333,1988-10-17,8.30999981425703,10.3799997679889,9.34499979112297,1988,10,1989
51.8667,10.3333,1988-10-18,7.90999982319772,11.0699997525662,9.48999978788197,1988,10,1989
51.8667,10.3333,1988-10-19,8.40999981202185,11.2699997480959,9.83999978005886,1988,10,1989
51.8667,10.3333,1988-10-20,6.3699998576194,10.339999768883,8.3549998132512,1988,10,1989
51.8667,10.3333,1988-10-21,6.12999986298382,10.8699997570366,8.49999981001019,1988,10,1989
51.8667,10.3333,1988-10-22,7.62999982945621,10.7099997606128,9.16999979503453,1988,10,1989
51.8667,10.3333,1988-10-23,6.87999984622002,10.7799997590482,8.82999980263412,1988,10,1989
51.8667,10.3333,1988-10-24,2.70999993942678,11.7999997362494,7.25499983783811,1988,10,1989
51.8667,10.3333,1988-10-25,6.76999984867871,8.82999980263412,7.79999982565641,1988,10,1989
51.8667,10.3333,1988-10-26,2.27999994903803,7.82999982498586,5.05499988701195,1988,10,1989
51.8667,10.3333,1988-10-27,0.139999996870756,8.85999980196357,4.49999989941716,1988,10,1989
51.8667,10.3333,1988-10-28,7.24999983794987,16.639999628067,11.9449997330084,1988,10,1989
51.8667,10.3333,1988-10-29,8.32999981380999,14.2799996808171,11.3049997473136,1988,10,1989
51.8667,10.3333,1988-10-30,1.44999996758997,9.54999978654087,5.49999987706542,1988,10,1989
51.8667,10.3333,1988-10-31,-0.359999991953373,4.25999990478158,1.9499999564141,1988,10,1989
51.8667,10.3333,1988-11-01,-0.609999986365438,4.4199999012053,1.90499995741993,1988,11,1989
51.8667,10.3333,1988-11-02,1.05999997630715,6.03999986499548,3.54999992065132,1988,11,1989
51.8667,10.3333,1988-11-03,-0.509999988600612,5.91999986767769,2.70499993953854,1988,11,1989
51.8667,10.3333,1988-11-04,-4.96999988891184,-0.189999995753169,-2.57999994233251,1988,11,1989
51.8667,10.3333,1988-11-05,-6.30999985896051,1.42999996803701,-2.43999994546175,1988,11,1989
51.8667,10.3333,1988-11-06,-5.55999987572432,4.21999990567565,-0.669999985024333,1988,11,1989
51.8667,10.3333,1988-11-07,-4.25999990478158,3.33999992534518,-0.459999989718199,1988,11,1989
51.8667,10.3333,1988-11-08,0.369999991729856,5.64999987371266,3.00999993272126,1988,11,1989
51.8667,10.3333,1988-11-09,-0.649999985471368,5.13999988511205,2.24499994982034,1988,11,1989
51.8667,10.3333,1988-11-10,-1.22999997250736,7.24999983794987,3.00999993272126,1988,11,1989
51.8667,10.3333,1988-11-11,1.97999995574355,9.87999977916479,5.92999986745417,1988,11,1989
51.8667,10.3333,1988-11-12,7.09999984130263,10.5999997630715,8.84999980218709,1988,11,1989
51.8667,10.3333,1988-11-13,8.21999981626868,11.4299997445196,9.82499978039414,1988,11,1989
51.8667,10.3333,1988-11-14,4.09999990835786,9.21999979391694,6.6599998511374,1988,11,1989
51.8667,10.3333,1988-11-15,3.77999991551042,7.09999984130263,5.43999987840652,1988,11,1989
51.8667,10.3333,1988-11-16,4.91999989002943,7.38999983482063,6.15499986242503,1988,11,1989
51.8667,10.3333,1988-11-17,4.37999990209937,6.75999984890223,5.5699998755008,1988,11,1989
51.8667,10.3333,1988-11-18,0.959999978542328,9.00999979861081,4.98499988857657,1988,11,1989
51.8667,10.3333,1988-11-19,3.47999992221594,7.30999983660877,5.39499987941235,1988,11,1989
51.8667,10.3333,1988-11-20,-1.50999996624887,4.00999991036952,1.24999997206032,1988,11,1989
51.8667,10.3333,1988-11-21,-3.59999991953373,-0.299999993294477,-1.9499999564141,1988,11,1989
51.8667,10.3333,1988-11-22,-7.99999982118607,-3.36999992467463,-5.68499987293035,1988,11,1989
51.8667,10.3333,1988-11-23,-12.4599997214973,-6.04999986477196,-9.25499979313463,1988,11,1989
51.8667,10.3333,1988-11-24,-6.14999986253679,0.529999988153577,-2.80999993719161,1988,11,1989
51.8667,10.3333,1988-11-25,0.319999992847443,3.44999992288649,1.88499995786697,1988,11,1989
51.8667,10.3333,1988-11-26,3.00999993272126,5.59999987483025,4.30499990377575,1988,11,1989
51.8667,10.3333,1988-11-27,2.88999993540347,4.54999989829957,3.71999991685152,1988,11,1989
51.8667,10.3333,1988-11-28,1.00999997742474,3.66999991796911,2.33999994769692,1988,11,1989
51.8667,10.3333,1988-11-29,0.249999994412065,2.32999994792044,1.28999997116625,1988,11,1989
51.8667,10.3333,1988-11-30,-0.859999980777502,5.55999987572432,2.34999994747341,1988,11,1989
51.8667,10.3333,1988-12-01,-4.72999989427626,-0.599999986588955,-2.66499994043261,1988,12,1989
51.8667,10.3333,1988-12-02,-4.26999990455806,-1.36999996937811,-2.81999993696809,1988,12,1989
51.8667,10.3333,1988-12-03,-5.34999988041818,-2.22999995015562,-3.7899999152869,1988,12,1989
51.8667,10.3333,1988-12-04,-5.16999988444149,0.209999995306134,-2.47999994456768,1988,12,1989
51.8667,10.3333,1988-12-05,-0.489999989047647,3.33999992534518,1.42499996814877,1988,12,1989
51.8667,10.3333,1988-12-06,1.39999996870756,3.43999992311001,2.41999994590878,1988,12,1989
51.8667,10.3333,1988-12-07,0.549999987706542,2.01999995484948,1.28499997127801,1988,12,1989
51.8667,10.3333,1988-12-08,-1.91999995708466,1.87999995797873,-0.0199999995529652,1988,12,1989
51.8667,10.3333,1988-12-09,-3.25999992713332,2.72999993897974,-0.264999994076788,1988,12,1989
51.8667,10.3333,1988-12-10,1.39999996870756,4.08999990858138,2.74499993864447,1988,12,1989
51.8667,10.3333,1988-12-11,1.10999997518957,6.96999984420836,4.03999990969896,1988,12,1989
51.8667,10.3333,1988-12-12,4.23999990522861,7.24999983794987,5.74499987158924,1988,12,1989
51.8667,10.3333,1988-12-13,2.24999994970858,4.99999988824129,3.62499991897494,1988,12,1989
51.8667,10.3333,1988-12-14,0.61999998614192,4.7099998947233,2.66499994043261,1988,12,1989
51.8667,10.3333,1988-12-15,0.169999996200204,3.65999991819263,1.91499995719641,1988,12,1989
51.8667,10.3333,1988-12-16,-6.49999985471368,0.26999999396503,-3.11499993037432,1988,12,1989
51.8667,10.3333,1988-12-17,-8.6099998075515,-1.33999997004867,-4.97499988880008,1988,12,1989
51.8667,10.3333,1988-12-18,-2.84999993629754,0.429999990388751,-1.20999997295439,1988,12,1989
51.8667,10.3333,1988-12-19,0.0399999991059303,2.85999993607402,1.44999996758997,1988,12,1989
51.8667,10.3333,1988-12-20,0.829999981448054,5.17999988421798,3.00499993283302,1988,12,1989
51.8667,10.3333,1988-12-21,-5.37999987974763,2.39999994635582,-1.4899999666959,1988,12,1989
51.8667,10.3333,1988-12-22,-3.4999999217689,3.73999991640449,0.119999997317791,1988,12,1989
51.8667,10.3333,1988-12-23,3.52999992109835,5.85999986901879,4.69499989505857,1988,12,1989
51.8667,10.3333,1988-12-24,4.40999990142882,6.24999986030161,5.32999988086522,1988,12,1989
51.8667,10.3333,1988-12-25,2.55999994277954,6.55999985337257,4.55999989807606,1988,12,1989
51.8667,10.3333,1988-12-26,1.22999997250736,6.22999986074865,3.729999916628,1988,12,1989
51.8667,10.3333,1988-12-27,5.08999988622963,6.80999984778464,5.94999986700714,1988,12,1989
51.8667,10.3333,1988-12-28,4.08999990858138,6.97999984398484,5.53499987628311,1988,12,1989
51.8667,10.3333,1988-12-29,2.71999993920326,6.41999985650182,4.56999989785254,1988,12,1989
51.8667,10.3333,1988-12-30,2.8699999358505,7.69999982789159,5.28499988187104,1988,12,1989
51.8667,10.3333,1988-12-31,0.449999989941716,6.40999985672534,3.42999992333353,1988,12,1989
51.8667,10.3333,1989-01-01,1.16999997384846,3.91999991238117,2.54499994311482,1989,1,1989
51.8667,10.3333,1989-01-02,0.389999991282821,5.40999987907708,2.89999993517995,1989,1,1989
51.8667,10.3333,1989-01-03,1.43999996781349,5.30999988131225,3.37499992456287,1989,1,1989
51.8667,10.3333,1989-01-04,-2.15999995172024,5.46999987773597,1.65499996300787,1989,1,1989
51.8667,10.3333,1989-01-05,-1.67999996244907,2.81999993696809,0.569999987259507,1989,1,1989
51.8667,10.3333,1989-01-06,0.209999995306134,2.68999993987381,1.44999996758997,1989,1,1989
51.8667,10.3333,1989-01-07,-0.699999984353781,1.24999997206032,0.274999993853271,1989,1,1989
51.8667,10.3333,1989-01-08,-1.40999996848404,2.73999993875623,0.664999985136092,1989,1,1989
51.8667,10.3333,1989-01-09,2.2399999499321,7.21999983862042,4.72999989427626,1989,1,1989
51.8667,10.3333,1989-01-10,5.32999988086522,7.40999983437359,6.3699998576194,1989,1,1989
51.8667,10.3333,1989-01-11,2.90999993495643,6.74999984912574,4.82999989204109,1989,1,1989
51.8667,10.3333,1989-01-12,-1.00999997742474,3.48999992199242,1.23999997228384,1989,1,1989
51.8667,10.3333,1989-01-13,-0.199999995529652,5.59999987483025,2.6999999396503,1989,1,1989
51.8667,10.3333,1989-01-14,1.15999997407198,5.9699998665601,3.56499992031604,1989,1,1989
51.8667,10.3333,1989-01-15,0.829999981448054,6.37999985739589,3.60499991942197,1989,1,1989
51.8667,10.3333,1989-01-16,0.939999978989363,5.39999987930059,3.16999992914498,1989,1,1989
51.8667,10.3333,1989-01-17,4.019999910146,5.59999987483025,4.80999989248812,1989,1,1989
51.8667,10.3333,1989-01-18,1.44999996758997,4.75999989360571,3.10499993059784,1989,1,1989
51.8667,10.3333,1989-01-19,-0.869999980553985,2.37999994680285,0.754999983124435,1989,1,1989
51.8667,10.3333,1989-01-20,-2.6399999409914,3.30999992601573,0.334999992512167,1989,1,1989
51.8667,10.3333,1989-01-21,-4.08999990858138,5.39999987930059,0.654999985359609,1989,1,1989
51.8667,10.3333,1989-01-22,-3.07999993115664,3.21999992802739,0.0699999984353781,1989,1,1989
51.8667,10.3333,1989-01-23,1.09999997541308,3.3299999255687,2.21499995049089,1989,1,1989
51.8667,10.3333,1989-01-24,-0.749999983236194,3.02999993227422,1.13999997451901,1989,1,1989
51.8667,10.3333,1989-01-25,-3.27999992668629,3.70999991707504,0.214999995194376,1989,1,1989
51.8667,10.3333,1989-01-26,-4.72999989427626,4.97999988868833,0.124999997206032,1989,1,1989
51.8667,10.3333,1989-01-27,-2.8699999358505,7.14999984018505,2.13999995216727,1989,1,1989
51.8667,10.3333,1989-01-28,-1.99999995529652,6.8899998459965,2.44499994534999,1989,1,1989
51.8667,10.3333,1989-01-29,-0.939999978989363,7.79999982565641,3.42999992333353,1989,1,1989
51.8667,10.3333,1989-01-30,-1.79999995976686,2.22999995015562,0.214999995194376,1989,1,1989
51.8667,10.3333,1989-01-31,-0.629999985918403,2.72999993897974,1.04999997653067,1989,1,1989
51.8667,10.3333,1989-02-01,-0.0999999977648258,5.05999988690019,2.47999994456768,1989,2,1989
51.8667,10.3333,1989-02-02,-0.759999983012676,8.79999980330467,4.019999910146,1989,2,1989
51.8667,10.3333,1989-02-03,-2.73999993875623,1.35999996960163,-0.689999984577298,1989,2,1989
51.8667,10.3333,1989-02-04,-2.91999993473291,0.959999978542328,-0.979999978095293,1989,2,1989
51.8667,10.3333,1989-02-05,-2.73999993875623,2.73999993875623,0,1989,2,1989
51.8667,10.3333,1989-02-06,-2.45999994501472,2.80999993719161,0.174999996088445,1989,2,1989
51.8667,10.3333,1989-02-07,1.12999997474253,6.30999985896051,3.71999991685152,1989,2,1989
51.8667,10.3333,1989-02-08,3.90999991260469,8.25999981537461,6.08499986398965,1989,2,1989
51.8667,10.3333,1989-02-09,0.449999989941716,10.7899997588247,5.61999987438321,1989,2,1989
51.8667,10.3333,1989-02-10,-1.23999997228384,10.029999775812,4.39499990176409,1989,2,1989
51.8667,10.3333,1989-02-11,-1.29999997094274,6.27999985963106,2.48999994434416,1989,2,1989
51.8667,10.3333,1989-02-12,-1.75999996066093,8.47999981045723,3.35999992489815,1989,2,1989
51.8667,10.3333,1989-02-13,-0.419999990612268,3.29999992623925,1.43999996781349,1989,2,1989
51.8667,10.3333,1989-02-14,-0.219999995082617,2.99999993294477,1.38999996893108,1989,2,1989
51.8667,10.3333,1989-02-15,0.26999999396503,2.91999993473291,1.59499996434897,1989,2,1989
51.8667,10.3333,1989-02-16,0.149999996647239,3.10999993048608,1.62999996356666,1989,2,1989
51.8667,10.3333,1989-02-17,-1.53999996557832,3.19999992847443,0.829999981448054,1989,2,1989
51.8667,10.3333,1989-02-18,-3.46999992243946,2.01999995484948,-0.724999983794987,1989,2,1989
51.8667,10.3333,1989-02-19,-0.459999989718199,6.8299998473376,3.1849999288097,1989,2,1989
51.8667,10.3333,1989-02-20,6.3699998576194,9.96999977715313,8.16999981738627,1989,2,1989
51.8667,10.3333,1989-02-21,1.79999995976686,9.32999979145825,5.56499987561256,1989,2,1989
51.8667,10.3333,1989-02-22,-2.22999995015562,4.00999991036952,0.88999998010695,1989,2,1989
51.8667,10.3333,1989-02-23,-3.92999991215765,4.86999989114702,0.469999989494681,1989,2,1989
51.8667,10.3333,1989-02-24,1.17999997362494,3.30999992601573,2.24499994982034,1989,2,1989
51.8667,10.3333,1989-02-25,-0.689999984577298,4.17999990656972,1.74499996099621,1989,2,1989
51.8667,10.3333,1989-02-26,2.18999995104969,5.95999986678362,4.07499990891665,1989,2,1989
51.8667,10.3333,1989-02-27,-0.0999999977648258,5.34999988041818,2.62499994132668,1989,2,1989
51.8667,10.3333,1989-02-28,-0.609999986365438,2.01999995484948,0.704999984242022,1989,2,1989
51.8667,10.3333,1989-03-01,-0.389999991282821,2.79999993741512,1.20499997306615,1989,3,1989
51.8667,10.3333,1989-03-02,-1.19999997317791,2.83999993652105,0.819999981671572,1989,3,1989
51.8667,10.3333,1989-03-03,1.30999997071922,4.62999989651144,2.96999993361533,1989,3,1989
51.8667,10.3333,1989-03-04,1.09999997541308,6.47999985516071,3.7899999152869,1989,3,1989
51.8667,10.3333,1989-03-05,2.50999994389713,6.45999985560775,4.48499989975244,1989,3,1989
51.8667,10.3333,1989-03-06,3.18999992869794,8.6099998075515,5.89999986812472,1989,3,1989
51.8667,10.3333,1989-03-07,3.14999992959201,14.7299996707588,8.93999980017543,1989,3,1989
51.8667,10.3333,1989-03-08,5.34999988041818,16.4199996329844,10.8849997567013,1989,3,1989
51.8667,10.3333,1989-03-09,2.95999993383884,9.17999979481101,6.06999986432493,1989,3,1989
51.8667,10.3333,1989-03-10,-0.289999993517995,7.33999983593822,3.52499992121011,1989,3,1989
51.8667,10.3333,1989-03-11,3.3899999242276,11.6399997398257,7.51499983202666,1989,3,1989
51.8667,10.3333,1989-03-12,3.54999992065132,11.7799997366965,7.6649998286739,1989,3,1989
51.8667,10.3333,1989-03-13,0.779999982565641,9.30999979190528,5.04499988723546,1989,3,1989
51.8667,10.3333,1989-03-14,2.45999994501472,9.20999979414046,5.83499986957759,1989,3,1989
51.8667,10.3333,1989-03-15,0.96999997831881,6.22999986074865,3.59999991953373,1989,3,1989
51.8667,10.3333,1989-03-16,1.9499999564141,5.93999986723065,3.94499991182238,1989,3,1989
51.8667,10.3333,1989-03-17,0.299999993294477,6.20999986119568,3.25499992724508,1989,3,1989
51.8667,10.3333,1989-03-18,-0.0199999995529652,7.31999983638525,3.64999991841614,1989,3,1989
51.8667,10.3333,1989-03-19,-3.0999999307096,4.69999989494681,0.799999982118607,1989,3,1989
51.8667,10.3333,1989-03-20,-2.12999995239079,8.47999981045723,3.17499992903322,1989,3,1989
51.8667,10.3333,1989-03-21,0.469999989494681,10.7599997594953,5.61499987449497,1989,3,1989
51.8667,10.3333,1989-03-22,0.219999995082617,5.99999986588955,3.10999993048608,1989,3,1989
51.8667,10.3333,1989-03-23,0.189999995753169,9.13999979570508,4.66499989572912,1989,3,1989
51.8667,10.3333,1989-03-24,-0.879999980330467,7.24999983794987,3.1849999288097,1989,3,1989
51.8667,10.3333,1989-03-25,0.92999997921288,4.85999989137053,2.89499993529171,1989,3,1989
51.8667,10.3333,1989-03-26,2.02999995462596,7.39999983459711,4.71499989461154,1989,3,1989
51.8667,10.3333,1989-03-27,-1.26999997161329,9.91999977827072,4.32499990332872,1989,3,1989
51.8667,10.3333,1989-03-28,0.409999990835786,17.9199995994568,9.16499979514629,1989,3,1989
51.8667,10.3333,1989-03-29,6.85999984666705,20.63999953866,13.7499996926636,1989,3,1989
51.8667,10.3333,1989-03-30,3.66999991796911,14.2599996812642,8.96499979961663,1989,3,1989
51.8667,10.3333,1989-03-31,3.05999993160367,15.0999996624887,9.07999979704618,1989,3,1989
51.8667,10.3333,1989-04-01,2.80999993719161,16.1099996399134,9.45999978855252,1989,4,1989
51.8667,10.3333,1989-04-02,0.289999993517995,8.79999980330467,4.54499989841133,1989,4,1989
51.8667,10.3333,1989-04-03,-4.65999989584088,2.43999994546175,-1.10999997518957,1989,4,1989
51.8667,10.3333,1989-04-04,-3.69999991729856,2.93999993428588,-0.379999991506338,1989,4,1989
51.8667,10.3333,1989-04-05,-2.29999994859099,1.12999997474253,-0.584999986924231,1989,4,1989
51.8667,10.3333,1989-04-06,-1.61999996379018,1.18999997340143,-0.214999995194376,1989,4,1989
51.8667,10.3333,1989-04-07,0.639999985694885,7.03999984264374,3.83999991416931,1989,4,1989
51.8667,10.3333,1989-04-08,3.05999993160367,9.57999978587031,6.31999985873699,1989,4,1989
51.8667,10.3333,1989-04-09,1.28999997116625,10.6399997621775,5.96499986667186,1989,4,1989
51.8667,10.3333,1989-04-10,2.31999994814396,10.7399997599423,6.52999985404313,1989,4,1989
51.8667,10.3333,1989-04-11,4.92999988980591,13.6399996951222,9.28499979246408,1989,4,1989
51.8667,10.3333,1989-04-12,6.45999985560775,16.5599996298552,11.5099997427315,1989,4,1989
51.8667,10.3333,1989-04-13,9.42999978922307,18.3699995893985,13.8999996893108,1989,4,1989
51.8667,10.3333,1989-04-14,8.52999980933964,15.789999647066,12.1599997282028,1989,4,1989
51.8667,10.3333,1989-04-15,7.79999982565641,18.0599995963275,12.929999710992,1989,4,1989
51.8667,10.3333,1989-04-16,5.38999987952411,9.66999978385866,7.52999983169138,1989,4,1989
51.8667,10.3333,1989-04-17,4.8799998909235,8.22999981604517,6.55499985348433,1989,4,1989
51.8667,10.3333,1989-04-18,1.40999996848404,7.0599998421967,4.23499990534037,1989,4,1989
51.8667,10.3333,1989-04-19,-3.00999993272126,6.43999985605478,1.71499996166676,1989,4,1989
51.8667,10.3333,1989-04-20,1.35999996960163,4.30999990366399,2.83499993663281,1989,4,1989
51.8667,10.3333,1989-04-21,0.859999980777502,7.2899998370558,4.07499990891665,1989,4,1989
51.8667,10.3333,1989-04-22,1.75999996066093,11.9999997317791,6.87999984622002,1989,4,1989
51.8667,10.3333,1989-04-23,3.24999992735684,9.41999978944659,6.33499985840172,1989,4,1989
51.8667,10.3333,1989-04-24,1.5499999653548,4.86999989114702,3.20999992825091,1989,4,1989
51.8667,10.3333,1989-04-25,3.33999992534518,14.1099996846169,8.72499980498105,1989,4,1989
51.8667,10.3333,1989-04-26,6.73999984934926,16.9799996204674,11.8599997349083,1989,4,1989
51.8667,10.3333,1989-04-27,2.12999995239079,10.3799997679889,6.25499986018986,1989,4,1989
51.8667,10.3333,1989-04-28,-0.0499999988824129,5.2799998819828,2.6149999415502,1989,4,1989
51.8667,10.3333,1989-04-29,0.0499999988824129,3.37999992445111,1.71499996166676,1989,4,1989
51.8667,10.3333,1989-04-30,0.459999989718199,8.29999981448054,4.37999990209937,1989,4,1989
51.8667,10.3333,1989-05-01,-0.00999999977648258,8.88999980129302,4.43999990075827,1989,5,NA
51.8667,10.3333,1989-05-02,-0.949999978765845,13.2899997029454,6.16999986208975,1989,5,NA
51.8667,10.3333,1989-05-03,3.75999991595745,16.8999996222556,10.3299997691065,1989,5,NA
51.8667,10.3333,1989-05-04,6.28999985940754,16.2599996365607,11.2749997479841,1989,5,NA
51.8667,10.3333,1989-05-05,4.36999990232289,17.4799996092916,10.9249997558072,1989,5,NA
51.8667,10.3333,1989-05-06,6.17999986186624,18.2699995916337,12.22499972675,1989,5,NA
51.8667,10.3333,1989-05-07,4.00999991036952,10.1499997731298,7.07999984174967,1989,5,NA
51.8667,10.3333,1989-05-08,2.52999994345009,8.84999980218709,5.68999987281859,1989,5,NA
51.8667,10.3333,1989-05-09,2.74999993853271,14.629999672994,8.68999980576336,1989,5,NA
51.8667,10.3333,1989-05-10,5.84999986924231,19.9899995531887,12.9199997112155,1989,5,NA
51.8667,10.3333,1989-05-11,6.76999984867871,12.9899997096509,9.87999977916479,1989,5,NA
51.8667,10.3333,1989-05-12,2.29999994859099,12.6599997170269,7.47999983280897,1989,5,NA
51.8667,10.3333,1989-05-13,5.83999986946583,12.349999723956,9.09499979671091,1989,5,NA
51.8667,10.3333,1989-05-14,4.83999989181757,13.1599997058511,8.99999979883432,1989,5,NA
51.8667,10.3333,1989-05-15,3.10999993048608,13.2799997031689,8.19499981682748,1989,5,NA
51.8667,10.3333,1989-05-16,2.72999993897974,17.0299996193498,9.87999977916479,1989,5,NA
51.8667,10.3333,1989-05-17,4.48999989964068,19.7499995585531,12.1199997290969,1989,5,NA
51.8667,10.3333,1989-05-18,5.81999986991286,19.9899995531887,12.9049997115508,1989,5,NA
51.8667,10.3333,1989-05-19,9.26999979279935,20.6699995379895,14.9699996653944,1989,5,NA
51.8667,10.3333,1989-05-20,9.05999979749322,23.1499994825572,16.1049996400252,1989,5,NA
51.8667,10.3333,1989-05-21,9.5299997869879,21.6099995169789,15.5699996519834,1989,5,NA
51.8667,10.3333,1989-05-22,9.95999977737665,19.789999557659,14.8749996675178,1989,5,NA
51.8667,10.3333,1989-05-23,6.32999985851347,17.5599996075034,11.9449997330084,1989,5,NA
51.8667,10.3333,1989-05-24,8.16999981738627,20.6099995393306,14.3899996783584,1989,5,NA
51.8667,10.3333,1989-05-25,9.5899997856468,22.7199994921684,16.1549996389076,1989,5,NA
51.8667,10.3333,1989-05-26,10.2799997702241,22.6999994926155,16.4899996314198,1989,5,NA
51.8667,10.3333,1989-05-27,9.85999977961183,23.7399994693696,16.7999996244907,1989,5,NA
51.8667,10.3333,1989-05-28,9.53999978676438,19.3499995674938,14.4449996771291,1989,5,NA
51.8667,10.3333,1989-05-29,6.4299998562783,19.8799995556474,13.1549997059628,1989,5,NA
51.8667,10.3333,1989-05-30,6.87999984622002,19.4499995652586,13.1649997057393,1989,5,NA
51.8667,10.3333,1989-05-31,7.83999982476234,20.0499995518476,13.944999688305,1989,5,NA
51.8667,10.3333,1989-06-01,2.9299999345094,11.4399997442961,7.18499983940274,1989,6,NA
51.8667,10.3333,1989-06-02,4.36999990232289,15.6599996499717,10.0149997761473,1989,6,NA
51.8667,10.3333,1989-06-03,5.21999988332391,9.95999977737665,7.58999983035028,1989,6,NA
51.8667,10.3333,1989-06-04,3.65999991819263,12.9199997112155,8.28999981470406,1989,6,NA
51.8667,10.3333,1989-06-05,6.77999984845519,11.2699997480959,9.02499979827553,1989,6,NA
51.8667,10.3333,1989-06-06,4.11999990791082,12.1199997290969,8.11999981850386,1989,6,NA
51.8667,10.3333,1989-06-07,4.23999990522861,13.6099996957928,8.9249998005107,1989,6,NA
51.8667,10.3333,1989-06-08,4.85999989137053,11.9099997337908,8.38499981258065,1989,6,NA
51.8667,10.3333,1989-06-09,5.38999987952411,13.7699996922165,9.57999978587031,1989,6,NA
51.8667,10.3333,1989-06-10,6.37999985739589,15.3099996577948,10.8449997575954,1989,6,NA
51.8667,10.3333,1989-06-11,5.78999987058342,19.7199995592237,12.7549997149035,1989,6,NA
51.8667,10.3333,1989-06-12,9.57999978587031,14.9799996651709,12.2799997255206,1989,6,NA
51.8667,10.3333,1989-06-13,8.72999980486929,19.7399995587766,14.234999681823,1989,6,NA
51.8667,10.3333,1989-06-14,7.08999984152615,19.9399995543063,13.5149996979162,1989,6,NA
51.8667,10.3333,1989-06-15,9.84999977983534,20.2399995476007,15.044999663718,1989,6,NA
51.8667,10.3333,1989-06-16,9.21999979391694,18.8799995779991,14.049999685958,1989,6,NA
51.8667,10.3333,1989-06-17,5.83999986946583,19.0199995748699,12.4299997221678,1989,6,NA
51.8667,10.3333,1989-06-18,7.32999983616173,21.4199995212257,14.3749996786937,1989,6,NA
51.8667,10.3333,1989-06-19,9.50999978743494,22.1899995040148,15.8499996457249,1989,6,NA
51.8667,10.3333,1989-06-20,11.2999997474253,22.4399994984269,16.8699996229261,1989,6,NA
51.8667,10.3333,1989-06-21,10.31999976933,24.6899994481355,17.5049996087328,1989,6,NA
51.8667,10.3333,1989-06-22,12.7599997147918,24.3399994559586,18.5499995853752,1989,6,NA
51.8667,10.3333,1989-06-23,14.5799996741116,24.0699994619936,19.3249995680526,1989,6,NA
51.8667,10.3333,1989-06-24,13.3099997024983,22.7599994912744,18.0349995968863,1989,6,NA
51.8667,10.3333,1989-06-25,10.1799997724593,19.6699995603412,14.9249996664003,1989,6,NA
51.8667,10.3333,1989-06-26,8.75999980419874,23.2099994812161,15.9849996427074,1989,6,NA
51.8667,10.3333,1989-06-27,13.1699997056276,25.279999434948,19.2249995702878,1989,6,NA
51.8667,10.3333,1989-06-28,14.1099996846169,24.8899994436651,19.499999564141,1989,6,NA
51.8667,10.3333,1989-06-29,9.93999977782369,17.8699996005744,13.904999689199,1989,6,NA
51.8667,10.3333,1989-06-30,8.80999980308115,17.7399996034801,13.2749997032806,1989,6,NA
51.8667,10.3333,1989-07-01,8.10999981872737,16.5999996289611,12.3549997238442,1989,7,NA
51.8667,10.3333,1989-07-02,8.48999981023371,18.8799995779991,13.6849996941164,1989,7,NA
51.8667,10.3333,1989-07-03,12.7899997141212,17.0099996197969,14.899999666959,1989,7,NA
51.8667,10.3333,1989-07-04,9.80999978072941,14.7299996707588,12.2699997257441,1989,7,NA
51.8667,10.3333,1989-07-05,10.0799997746944,21.4499995205551,15.7649996476248,1989,7,NA
51.8667,10.3333,1989-07-06,14.7099996712059,25.3199994340539,20.0149995526299,1989,7,NA
51.8667,10.3333,1989-07-07,14.4499996770173,27.4599993862212,20.9549995316193,1989,7,NA
51.8667,10.3333,1989-07-08,15.1499996613711,29.569999339059,22.3599995002151,1989,7,NA
51.8667,10.3333,1989-07-09,16.0099996421486,24.0099994633347,20.0099995527416,1989,7,NA
51.8667,10.3333,1989-07-10,13.6899996940047,21.1599995270371,17.4249996105209,1989,7,NA
51.8667,10.3333,1989-07-11,12.4599997214973,17.1899996157736,14.8249996686354,1989,7,NA
51.8667,10.3333,1989-07-12,10.5899997632951,19.6199995614588,15.1049996623769,1989,7,NA
51.8667,10.3333,1989-07-13,10.2899997700006,21.8799995109439,16.0849996404722,1989,7,NA
51.8667,10.3333,1989-07-14,11.6299997400492,19.5799995623529,15.6049996512011,1989,7,NA
51.8667,10.3333,1989-07-15,8.69999980553985,14.089999685064,11.3949997453019,1989,7,NA
51.8667,10.3333,1989-07-16,7.83999982476234,13.3899997007102,10.6149997627363,1989,7,NA
51.8667,10.3333,1989-07-17,8.36999981291592,15.8699996452779,12.1199997290969,1989,7,NA
51.8667,10.3333,1989-07-18,7.89999982342124,15.2899996582419,11.5949997408316,1989,7,NA
51.8667,10.3333,1989-07-19,9.10999979637563,14.919999666512,12.0149997314438,1989,7,NA
51.8667,10.3333,1989-07-20,7.45999983325601,13.799999691546,10.629999762401,1989,7,NA
51.8667,10.3333,1989-07-21,6.18999986164272,17.3199996128678,11.7549997372553,1989,7,NA
51.8667,10.3333,1989-07-22,6.92999984510243,22.2999995015562,14.6149996733293,1989,7,NA
51.8667,10.3333,1989-07-23,10.6699997615069,26.2499994132668,18.4599995873868,1989,7,NA
51.8667,10.3333,1989-07-24,14.7499996703118,25.7399994246662,20.244999547489,1989,7,NA
51.8667,10.3333,1989-07-25,15.8299996461719,25.5199994295835,20.6749995378777,1989,7,NA
51.8667,10.3333,1989-07-26,14.0199996866286,23.269999479875,18.6449995832518,1989,7,NA
51.8667,10.3333,1989-07-27,14.2499996814877,22.9899994861335,18.6199995838106,1989,7,NA
51.8667,10.3333,1989-07-28,13.0099997092038,19.8199995569885,16.4149996330962,1989,7,NA
51.8667,10.3333,1989-07-29,7.83999982476234,18.9499995764345,13.3949997005984,1989,7,NA
51.8667,10.3333,1989-07-30,11.8799997344613,22.2699995022267,17.074999618344,1989,7,NA
51.8667,10.3333,1989-07-31,12.5099997203797,22.669999493286,17.5899996068329,1989,7,NA
51.8667,10.3333,1989-08-01,9.91999977827072,15.9299996439368,12.9249997111037,1989,8,NA
51.8667,10.3333,1989-08-02,7.45999983325601,13.4199997000396,10.4399997666478,1989,8,NA
51.8667,10.3333,1989-08-03,7.3499998357147,11.9499997328967,9.64999978430569,1989,8,NA
51.8667,10.3333,1989-08-04,7.75999982655048,15.1299996618181,11.4449997441843,1989,8,NA
51.8667,10.3333,1989-08-05,8.8999998010695,14.2499996814877,11.5749997412786,1989,8,NA
51.8667,10.3333,1989-08-06,8.62999980710447,18.8799995779991,13.7549996925518,1989,8,NA
51.8667,10.3333,1989-08-07,7.09999984130263,23.9699994642287,15.5349996527657,1989,8,NA
51.8667,10.3333,1989-08-08,14.4699996765703,22.4899994973093,18.4799995869398,1989,8,NA
51.8667,10.3333,1989-08-09,12.7299997154623,22.8199994899333,17.7749996026978,1989,8,NA
51.8667,10.3333,1989-08-10,12.2699997257441,20.8699995335191,16.5699996296316,1989,8,NA
51.8667,10.3333,1989-08-11,12.059999730438,24.1999994590878,18.1299995947629,1989,8,NA
51.8667,10.3333,1989-08-12,12.9699997100979,23.53999947384,18.254999591969,1989,8,NA
51.8667,10.3333,1989-08-13,13.5199996978045,20.2599995471537,16.8899996224791,1989,8,NA
51.8667,10.3333,1989-08-14,12.0899997297674,22.3599995002151,17.2249996149912,1989,8,NA
51.8667,10.3333,1989-08-15,13.4199997000396,23.9899994637817,18.7049995819107,1989,8,NA
51.8667,10.3333,1989-08-16,13.0799997076392,27.1399993933737,20.1099995505065,1989,8,NA
51.8667,10.3333,1989-08-17,17.3799996115267,30.7899993117899,24.0849994616583,1989,8,NA
51.8667,10.3333,1989-08-18,12.7899997141212,22.4699994977564,17.6299996059388,1989,8,NA
51.8667,10.3333,1989-08-19,10.9599997550249,21.3399995230138,16.1499996390194,1989,8,NA
51.8667,10.3333,1989-08-20,8.53999980911613,24.7699994463474,16.6549996277317,1989,8,NA
51.8667,10.3333,1989-08-21,13.8599996902049,27.6599993817508,20.7599995359778,1989,8,NA
51.8667,10.3333,1989-08-22,14.7199996709824,28.7299993578345,21.7249995144084,1989,8,NA
51.8667,10.3333,1989-08-23,15.3399996571243,26.0099994186312,20.6749995378777,1989,8,NA
51.8667,10.3333,1989-08-24,11.169999750331,20.1899995487183,15.6799996495247,1989,8,NA
51.8667,10.3333,1989-08-25,9.28999979235232,20.409999543801,14.8499996680766,1989,8,NA
51.8667,10.3333,1989-08-26,8.23999981582165,15.2699996586889,11.7549997372553,1989,8,NA
51.8667,10.3333,1989-08-27,3.3899999242276,15.9299996439368,9.65999978408217,1989,8,NA
51.8667,10.3333,1989-08-28,7.90999982319772,16.7899996247143,12.349999723956,1989,8,NA
51.8667,10.3333,1989-08-29,6.73999984934926,8.67999980598688,7.70999982766807,1989,8,NA
51.8667,10.3333,1989-08-30,6.79999984800816,13.1599997058511,9.97999977692962,1989,8,NA
51.8667,10.3333,1989-08-31,4.16999990679324,17.7099996041507,10.9399997554719,1989,8,NA
51.8667,10.3333,1989-09-01,6.09999986365438,20.1699995491654,13.1349997064099,1989,9,NA
51.8667,10.3333,1989-09-02,9.51999978721142,14.6799996718764,12.0999997295439,1989,9,NA
51.8667,10.3333,1989-09-03,7.99999982118607,15.479999653995,11.7399997375906,1989,9,NA
51.8667,10.3333,1989-09-04,6.95999984443188,14.1699996832758,10.5649997638538,1989,9,NA
51.8667,10.3333,1989-09-05,6.08999986387789,13.8199996910989,9.95499977748841,1989,9,NA
51.8667,10.3333,1989-09-06,4.65999989584088,14.899999666959,9.77999978139997,1989,9,NA
51.8667,10.3333,1989-09-07,6.50999985449016,18.5099995862693,12.5099997203797,1989,9,NA
51.8667,10.3333,1989-09-08,11.5599997416139,18.7699995804578,15.1649996610358,1989,9,NA
51.8667,10.3333,1989-09-09,10.069999774918,21.8999995104969,15.9849996427074,1989,9,NA
51.8667,10.3333,1989-09-10,10.9299997556955,20.8799995332956,15.9049996444955,1989,9,NA
51.8667,10.3333,1989-09-11,11.2299997489899,18.7199995815754,14.9749996652827,1989,9,NA
51.8667,10.3333,1989-09-12,11.2699997480959,15.6599996499717,13.4649996990338,1989,9,NA
51.8667,10.3333,1989-09-13,9.3599997907877,17.7399996034801,13.5499996971339,1989,9,NA
51.8667,10.3333,1989-09-14,8.68999980576336,17.799999602139,13.2449997039512,1989,9,NA
51.8667,10.3333,1989-09-15,9.97999977692962,16.0299996417016,13.0049997093156,1989,9,NA
51.8667,10.3333,1989-09-16,7.61999982967973,13.6199996955693,10.6199997626245,1989,9,NA
51.8667,10.3333,1989-09-17,11.6199997402728,17.1699996162206,14.3949996782467,1989,9,NA
51.8667,10.3333,1989-09-18,14.5999996736646,20.8799995332956,17.7399996034801,1989,9,NA
51.8667,10.3333,1989-09-19,13.5399996973574,24.8799994438887,19.209999570623,1989,9,NA
51.8667,10.3333,1989-09-20,14.8199996687472,24.0799994617701,19.4499995652586,1989,9,NA
51.8667,10.3333,1989-09-21,10.879999756813,20.6099995393306,15.7449996480718,1989,9,NA
51.8667,10.3333,1989-09-22,12.2699997257441,24.4299994539469,18.3499995898455,1989,9,NA
51.8667,10.3333,1989-09-23,12.6899997163564,24.1099994610995,18.399999588728,1989,9,NA
51.8667,10.3333,1989-09-24,12.5899997185916,18.089999595657,15.3399996571243,1989,9,NA
51.8667,10.3333,1989-09-25,11.6399997398257,14.6599996723235,13.1499997060746,1989,9,NA
51.8667,10.3333,1989-09-26,10.5399997644126,15.5099996533245,13.0249997088686,1989,9,NA
51.8667,10.3333,1989-09-27,6.43999985605478,13.5399996973574,9.9899997767061,1989,9,NA
51.8667,10.3333,1989-09-28,5.84999986924231,11.1599997505546,8.50499980989844,1989,9,NA
51.8667,10.3333,1989-09-29,4.94999988935888,11.6499997396022,8.29999981448054,1989,9,NA
51.8667,10.3333,1989-09-30,6.27999985963106,11.4099997449666,8.84499980229884,1989,9,NA
51.8667,10.3333,1989-10-01,7.3499998357147,12.909999711439,10.1299997735769,1989,10,1990
51.8667,10.3333,1989-10-02,9.19999979436398,11.4699997436255,10.3349997689947,1989,10,1990
51.8667,10.3333,1989-10-03,7.62999982945621,11.3099997472018,9.46999978832901,1989,10,1990
51.8667,10.3333,1989-10-04,3.77999991551042,10.2699997704476,7.02499984297901,1989,10,1990
51.8667,10.3333,1989-10-05,0.329999992623925,12.6799997165799,6.50499985460192,1989,10,1990
51.8667,10.3333,1989-10-06,1.41999996826053,16.349999634549,8.88499980140477,1989,10,1990
51.8667,10.3333,1989-10-07,5.68999987281859,11.9299997333437,8.80999980308115,1989,10,1990
51.8667,10.3333,1989-10-08,5.57999987527728,8.78999980352819,7.18499983940274,1989,10,1990
51.8667,10.3333,1989-10-09,4.91999989002943,7.52999983169138,6.22499986086041,1989,10,1990
51.8667,10.3333,1989-10-10,4.54999989829957,7.76999982632697,6.15999986231327,1989,10,1990
51.8667,10.3333,1989-10-11,3.94999991171062,7.63999982923269,5.79499987047166,1989,10,1990
51.8667,10.3333,1989-10-12,4.95999988913536,8.32999981380999,6.64499985147268,1989,10,1990
51.8667,10.3333,1989-10-13,5.22999988310039,10.6599997617304,7.94499982241541,1989,10,1990
51.8667,10.3333,1989-10-14,9.71999978274107,11.4499997440726,10.5849997634068,1989,10,1990
51.8667,10.3333,1989-10-15,4.66999989561737,10.2299997713417,7.44999983347952,1989,10,1990
51.8667,10.3333,1989-10-16,4.26999990455806,9.2999997921288,6.78499984834343,1989,10,1990
51.8667,10.3333,1989-10-17,3.81999991461635,10.2599997706711,7.03999984264374,1989,10,1990
51.8667,10.3333,1989-10-18,6.28999985940754,13.6499996948987,9.96999977715313,1989,10,1990
51.8667,10.3333,1989-10-19,4.14999990724027,17.6999996043742,10.9249997558072,1989,10,1990
51.8667,10.3333,1989-10-20,6.26999985985458,15.7599996477365,11.0149997537956,1989,10,1990
51.8667,10.3333,1989-10-21,8.02999982051551,12.619999717921,10.3249997692183,1989,10,1990
51.8667,10.3333,1989-10-22,7.87999982386827,17.0899996180087,12.4849997209385,1989,10,1990
51.8667,10.3333,1989-10-23,12.2099997270852,18.8399995788932,15.5249996529892,1989,10,1990
51.8667,10.3333,1989-10-24,11.6299997400492,18.959999576211,15.2949996581301,1989,10,1990
51.8667,10.3333,1989-10-25,10.4699997659773,14.379999678582,12.4249997222796,1989,10,1990
51.8667,10.3333,1989-10-26,9.55999978631735,15.2599996589124,12.4099997226149,1989,10,1990
51.8667,10.3333,1989-10-27,10.5499997641891,14.7399996705353,12.6449997173622,1989,10,1990
51.8667,10.3333,1989-10-28,9.54999978654087,16.0699996408075,12.8099997136742,1989,10,1990
51.8667,10.3333,1989-10-29,8.80999980308115,19.809999557212,14.3099996801466,1989,10,1990
51.8667,10.3333,1989-10-30,6.93999984487891,11.0399997532368,8.98999979905784,1989,10,1990
51.8667,10.3333,1989-10-31,6.80999984778464,12.619999717921,9.71499978285283,1989,10,1990
51.8667,10.3333,1989-11-01,7.1199998408556,9.48999978788197,8.30499981436878,1989,11,1990
51.8667,10.3333,1989-11-02,7.49999983236194,10.7799997590482,9.13999979570508,1989,11,1990
51.8667,10.3333,1989-11-03,6.89999984577298,12.4199997223914,9.65999978408217,1989,11,1990
51.8667,10.3333,1989-11-04,7.56999983079731,11.1199997514486,9.34499979112297,1989,11,1990
51.8667,10.3333,1989-11-05,5.01999988779426,9.46999978832901,7.24499983806163,1989,11,1990
51.8667,10.3333,1989-11-06,3.86999991349876,7.44999983347952,5.65999987348914,1989,11,1990
51.8667,10.3333,1989-11-07,3.25999992713332,6.26999985985458,4.76499989349395,1989,11,1990
51.8667,10.3333,1989-11-08,2.01999995484948,4.79999989271164,3.40999992378056,1989,11,1990
51.8667,10.3333,1989-11-09,0.299999993294477,5.70999987237155,3.00499993283302,1989,11,1990
51.8667,10.3333,1989-11-10,2.01999995484948,6.029999865219,4.02499991003424,1989,11,1990
51.8667,10.3333,1989-11-11,0.339999992400408,7.09999984130263,3.71999991685152,1989,11,1990
51.8667,10.3333,1989-11-12,3.89999991282821,12.1699997279793,8.03499982040375,1989,11,1990
51.8667,10.3333,1989-11-13,1.68999996222556,13.799999691546,7.74499982688576,1989,11,1990
51.8667,10.3333,1989-11-14,1.32999997027218,12.2299997266382,6.77999984845519,1989,11,1990
51.8667,10.3333,1989-11-15,0.859999980777502,11.8699997346848,6.36499985773116,1989,11,1990
51.8667,10.3333,1989-11-16,2.43999994546175,8.00999982096255,5.22499988321215,1989,11,1990
51.8667,10.3333,1989-11-17,-2.68999993987381,4.02999990992248,0.669999985024333,1989,11,1990
51.8667,10.3333,1989-11-18,-2.78999993763864,3.64999991841614,0.429999990388751,1989,11,1990
51.8667,10.3333,1989-11-19,-3.67999991774559,6.17999986186624,1.24999997206032,1989,11,1990
51.8667,10.3333,1989-11-20,-3.98999991081655,5.30999988131225,0.65999998524785,1989,11,1990
51.8667,10.3333,1989-11-21,-3.35999992489815,8.87999980151653,2.75999993830919,1989,11,1990
51.8667,10.3333,1989-11-22,-3.3899999242276,7.99999982118607,2.30499994847924,1989,11,1990
51.8667,10.3333,1989-11-23,-2.58999994210899,6.09999986365438,1.75499996077269,1989,11,1990
51.8667,10.3333,1989-11-24,-5.1099998857826,0.489999989047647,-2.30999994836748,1989,11,1990
51.8667,10.3333,1989-11-25,-4.12999990768731,2.18999995104969,-0.96999997831881,1989,11,1990
51.8667,10.3333,1989-11-26,-7.82999982498586,-3.50999992154539,-5.66999987326562,1989,11,1990
51.8667,10.3333,1989-11-27,-5.86999986879528,1.67999996244907,-2.0949999531731,1989,11,1990
51.8667,10.3333,1989-11-28,1.0899999756366,4.52999989874661,2.80999993719161,1989,11,1990
51.8667,10.3333,1989-11-29,-3.48999992199242,4.39999990165234,0.454999989829957,1989,11,1990
51.8667,10.3333,1989-11-30,-6.2599998600781,2.19999995082617,-2.02999995462596,1989,11,1990
51.8667,10.3333,1989-12-01,-7.9799998216331,1.17999997362494,-3.39999992400408,1989,12,1990
51.8667,10.3333,1989-12-02,-7.20999983884394,3.00999993272126,-2.09999995306134,1989,12,1990
51.8667,10.3333,1989-12-03,-4.9399998895824,8.21999981626868,1.63999996334314,1989,12,1990
51.8667,10.3333,1989-12-04,-1.73999996110797,8.75999980419874,3.50999992154539,1989,12,1990
51.8667,10.3333,1989-12-05,-4.92999988980591,3.81999991461635,-0.554999987594783,1989,12,1990
51.8667,10.3333,1989-12-06,-0.249999994412065,2.80999993719161,1.27999997138977,1989,12,1990
51.8667,10.3333,1989-12-07,0.829999981448054,3.67999991774559,2.25499994959682,1989,12,1990
51.8667,10.3333,1989-12-08,-2.48999994434416,3.70999991707504,0.609999986365438,1989,12,1990
51.8667,10.3333,1989-12-09,-4.16999990679324,0.92999997921288,-1.61999996379018,1989,12,1990
51.8667,10.3333,1989-12-10,-1.80999995954335,1.39999996870756,-0.204999995417893,1989,12,1990
51.8667,10.3333,1989-12-11,-6.16999986208975,-0.909999979659915,-3.53999992087483,1989,12,1990
51.8667,10.3333,1989-12-12,-3.75999991595745,0.00999999977648258,-1.87499995809048,1989,12,1990
51.8667,10.3333,1989-12-13,-2.70999993942678,0.449999989941716,-1.12999997474253,1989,12,1990
51.8667,10.3333,1989-12-14,-0.219999995082617,4.48999989964068,2.13499995227903,1989,12,1990
51.8667,10.3333,1989-12-15,2.6399999409914,8.85999980196357,5.74999987147748,1989,12,1990
51.8667,10.3333,1989-12-16,3.7899999152869,8.69999980553985,6.24499986041337,1989,12,1990
51.8667,10.3333,1989-12-17,2.96999993361533,12.3399997241795,7.65499982889742,1989,12,1990
51.8667,10.3333,1989-12-18,7.0599998421967,12.0299997311085,9.54499978665262,1989,12,1990
51.8667,10.3333,1989-12-19,6.98999984376132,10.4599997662008,8.72499980498105,1989,12,1990
51.8667,10.3333,1989-12-20,2.77999993786216,10.8399997577071,6.80999984778464,1989,12,1990
51.8667,10.3333,1989-12-21,2.03999995440245,8.6699998062104,5.35499988030642,1989,12,1990
51.8667,10.3333,1989-12-22,7.41999983415008,10.8899997565895,9.1549997953698,1989,12,1990
51.8667,10.3333,1989-12-23,6.5999998524785,9.5899997856468,8.09499981906265,1989,12,1990
51.8667,10.3333,1989-12-24,1.3799999691546,7.12999984063208,4.25499990489334,1989,12,1990
51.8667,10.3333,1989-12-25,1.34999996982515,5.23999988287687,3.29499992635101,1989,12,1990
51.8667,10.3333,1989-12-26,2.78999993763864,9.56999978609383,6.17999986186624,1989,12,1990
51.8667,10.3333,1989-12-27,0.0799999982118607,9.5299997869879,4.80499989259988,1989,12,1990
51.8667,10.3333,1989-12-28,-3.08999993093312,4.94999988935888,0.92999997921288,1989,12,1990
51.8667,10.3333,1989-12-29,-4.21999990567565,-1.06999997608364,-2.64499994087964,1989,12,1990
51.8667,10.3333,1989-12-30,-4.65999989584088,-1.92999995686114,-3.29499992635101,1989,12,1990
51.8667,10.3333,1989-12-31,-4.53999989852309,-1.5499999653548,-3.04499993193895,1989,12,1990
51.8667,10.3333,1990-01-01,-5.26999988220632,-2.8699999358505,-4.06999990902841,1990,1,1990
51.8667,10.3333,1990-01-02,-5.26999988220632,-2.54999994300306,-3.90999991260469,1990,1,1990
51.8667,10.3333,1990-01-03,-3.90999991260469,-2.42999994568527,-3.16999992914498,1990,1,1990
51.8667,10.3333,1990-01-04,-5.58999987505376,-2.51999994367361,-4.05499990936369,1990,1,1990
51.8667,10.3333,1990-01-05,-7.66999982856214,-1.53999996557832,-4.60499989707023,1990,1,1990
51.8667,10.3333,1990-01-06,-3.93999991193414,0.0799999982118607,-1.92999995686114,1990,1,1990
51.8667,10.3333,1990-01-07,-3.79999991506338,0.899999979883432,-1.44999996758997,1990,1,1990
51.8667,10.3333,1990-01-08,-4.63999989628792,0.339999992400408,-2.14999995194376,1990,1,1990
51.8667,10.3333,1990-01-09,-3.81999991461635,0.509999988600612,-1.65499996300787,1990,1,1990
51.8667,10.3333,1990-01-10,-0.179999995976686,2.4099999461323,1.11499997507781,1990,1,1990
51.8667,10.3333,1990-01-11,0.629999985918403,2.45999994501472,1.54499996546656,1990,1,1990
51.8667,10.3333,1990-01-12,-0.549999987706542,3.11999993026257,1.28499997127801,1990,1,1990
51.8667,10.3333,1990-01-13,-0.399999991059303,4.82999989204109,2.21499995049089,1990,1,1990
51.8667,10.3333,1990-01-14,-1.89999995753169,0.689999984577298,-0.604999986477196,1990,1,1990
51.8667,10.3333,1990-01-15,-0.989999977871776,1.43999996781349,0.224999994970858,1990,1,1990
51.8667,10.3333,1990-01-16,-0.30999999307096,3.02999993227422,1.35999996960163,1990,1,1990
51.8667,10.3333,1990-01-17,3.0399999320507,7.92999982275069,5.4849998774007,1990,1,1990
51.8667,10.3333,1990-01-18,2.89999993517995,7.09999984130263,4.99999988824129,1990,1,1990
51.8667,10.3333,1990-01-19,0.00999999977648258,2.9299999345094,1.46999996714294,1990,1,1990
51.8667,10.3333,1990-01-20,0.469999989494681,3.0399999320507,1.75499996077269,1990,1,1990
51.8667,10.3333,1990-01-21,0.639999985694885,3.88999991305172,2.2649999493733,1990,1,1990
51.8667,10.3333,1990-01-22,3.47999992221594,6.98999984376132,5.23499988298863,1990,1,1990
51.8667,10.3333,1990-01-23,3.94999991171062,6.45999985560775,5.20499988365918,1990,1,1990
51.8667,10.3333,1990-01-24,2.8699999358505,7.18999983929098,5.02999988757074,1990,1,1990
51.8667,10.3333,1990-01-25,-0.129999997094274,5.34999988041818,2.60999994166195,1990,1,1990
51.8667,10.3333,1990-01-26,0.129999997094274,8.68999980576336,4.40999990142882,1990,1,1990
51.8667,10.3333,1990-01-27,0.289999993517995,6.61999985203147,3.45499992277473,1990,1,1990
51.8667,10.3333,1990-01-28,-0.199999995529652,3.41999992355704,1.6099999640137,1990,1,1990
51.8667,10.3333,1990-01-29,1.91999995708466,7.40999983437359,4.66499989572912,1990,1,1990
51.8667,10.3333,1990-01-30,0.709999984130263,4.89999989047647,2.80499993730336,1990,1,1990
51.8667,10.3333,1990-01-31,0.61999998614192,5.00999988801777,2.81499993707985,1990,1,1990
51.8667,10.3333,1990-02-01,4.36999990232289,8.54999980889261,6.45999985560775,1990,2,1990
51.8667,10.3333,1990-02-02,4.53999989852309,9.0699997972697,6.8049998478964,1990,2,1990
51.8667,10.3333,1990-02-03,2.67999994009733,6.8899998459965,4.78499989304692,1990,2,1990
51.8667,10.3333,1990-02-04,2.56999994255602,7.96999982185662,5.26999988220632,1990,2,1990
51.8667,10.3333,1990-02-05,2.47999994456768,6.76999984867871,4.62499989662319,1990,2,1990
51.8667,10.3333,1990-02-06,2.83999993652105,9.88999977894127,6.36499985773116,1990,2,1990
51.8667,10.3333,1990-02-07,2.20999995060265,13.2699997033924,7.73999982699752,1990,2,1990
51.8667,10.3333,1990-02-08,3.99999991059303,10.3899997677654,7.19499983917922,1990,2,1990
51.8667,10.3333,1990-02-09,2.42999994568527,11.5499997418374,6.98999984376132,1990,2,1990
51.8667,10.3333,1990-02-10,1.86999995820224,3.76999991573393,2.81999993696809,1990,2,1990
51.8667,10.3333,1990-02-11,0.179999995976686,6.35999985784292,3.2699999269098,1990,2,1990
51.8667,10.3333,1990-02-12,0.509999988600612,4.72999989427626,2.61999994143844,1990,2,1990
51.8667,10.3333,1990-02-13,-1.03999997675419,2.50999994389713,0.73499998357147,1990,2,1990
51.8667,10.3333,1990-02-14,-0.759999983012676,1.21999997273088,0.229999994859099,1990,2,1990
51.8667,10.3333,1990-02-15,-0.769999982789159,2.39999994635582,0.81499998178333,1990,2,1990
51.8667,10.3333,1990-02-16,-0.729999983683228,1.40999996848404,0.339999992400408,1990,2,1990
51.8667,10.3333,1990-02-17,-1.00999997742474,1.17999997362494,0.0849999981001019,1990,2,1990
51.8667,10.3333,1990-02-18,-2.58999994210899,2.96999993361533,0.189999995753169,1990,2,1990
51.8667,10.3333,1990-02-19,2.19999995082617,7.35999983549118,4.77999989315867,1990,2,1990
51.8667,10.3333,1990-02-20,4.72999989427626,11.3699997458607,8.04999982006848,1990,2,1990
51.8667,10.3333,1990-02-21,8.42999981157482,11.9899997320026,10.2099997717887,1990,2,1990
51.8667,10.3333,1990-02-22,6.38999985717237,13.6599996946752,10.0249997759238,1990,2,1990
51.8667,10.3333,1990-02-23,1.0899999756366,12.6299997176975,6.85999984666705,1990,2,1990
51.8667,10.3333,1990-02-24,3.48999992199242,14.3999996781349,8.94499980006367,1990,2,1990
51.8667,10.3333,1990-02-25,5.34999988041818,14.9999996647239,10.174999772571,1990,2,1990
51.8667,10.3333,1990-02-26,8.08999981917441,12.0099997315556,10.049999775365,1990,2,1990
51.8667,10.3333,1990-02-27,2.53999994322658,9.86999977938831,6.20499986130744,1990,2,1990
51.8667,10.3333,1990-02-28,-1.03999997675419,2.87999993562698,0.919999979436398,1990,2,1990
51.8667,10.3333,1990-03-01,-0.119999997317791,2.76999993808568,1.32499997038394,1990,3,1990
51.8667,10.3333,1990-03-02,-1.51999996602535,4.90999989025295,1.6949999621138,1990,3,1990
51.8667,10.3333,1990-03-03,-2.38999994657934,0.34999999217689,-1.01999997720122,1990,3,1990
51.8667,10.3333,1990-03-04,-2.62999994121492,2.6399999409914,0.00499999988824129,1990,3,1990
51.8667,10.3333,1990-03-05,0.96999997831881,3.27999992668629,2.12499995250255,1990,3,1990
51.8667,10.3333,1990-03-06,2.54999994300306,4.14999990724027,3.34999992512167,1990,3,1990
51.8667,10.3333,1990-03-07,3.17999992892146,5.55999987572432,4.36999990232289,1990,3,1990
51.8667,10.3333,1990-03-08,4.56999989785254,7.67999982833862,6.12499986309558,1990,3,1990
51.8667,10.3333,1990-03-09,4.03999990969896,8.74999980442226,6.39499985706061,1990,3,1990
51.8667,10.3333,1990-03-10,0.30999999307096,7.78999982587993,4.04999990947545,1990,3,1990
51.8667,10.3333,1990-03-11,0.919999979436398,8.15999981760979,4.53999989852309,1990,3,1990
51.8667,10.3333,1990-03-12,7.06999984197319,14.629999672994,10.8499997574836,1990,3,1990
51.8667,10.3333,1990-03-13,3.9599999114871,9.60999978519976,6.78499984834343,1990,3,1990
51.8667,10.3333,1990-03-14,-1.02999997697771,8.48999981023371,3.729999916628,1990,3,1990
51.8667,10.3333,1990-03-15,1.70999996177852,9.9899997767061,5.84999986924231,1990,3,1990
51.8667,10.3333,1990-03-16,0.749999983236194,12.2499997261912,6.49999985471368,1990,3,1990
51.8667,10.3333,1990-03-17,3.34999992512167,15.2999996580184,9.32499979157001,1990,3,1990
51.8667,10.3333,1990-03-18,3.90999991260469,18.0399995967746,10.9749997546896,1990,3,1990
51.8667,10.3333,1990-03-19,3.68999991752207,18.2899995911866,10.9899997543544,1990,3,1990
51.8667,10.3333,1990-03-20,7.53999983146787,17.2599996142089,12.3999997228384,1990,3,1990
51.8667,10.3333,1990-03-21,7.61999982967973,12.9199997112155,10.2699997704476,1990,3,1990
51.8667,10.3333,1990-03-22,7.89999982342124,12.1399997286499,10.0199997760355,1990,3,1990
51.8667,10.3333,1990-03-23,5.82999986968935,10.8299997579306,8.32999981380999,1990,3,1990
51.8667,10.3333,1990-03-24,1.70999996177852,8.8399998024106,5.27499988209456,1990,3,1990
51.8667,10.3333,1990-03-25,3.56999992020428,8.69999980553985,6.13499986287206,1990,3,1990
51.8667,10.3333,1990-03-26,0.34999999217689,6.44999985583127,3.39999992400408,1990,3,1990
51.8667,10.3333,1990-03-27,0.729999983683228,6.79999984800816,3.76499991584569,1990,3,1990
51.8667,10.3333,1990-03-28,1.30999997071922,4.16999990679324,2.73999993875623,1990,3,1990
51.8667,10.3333,1990-03-29,-0.199999995529652,5.74999987147748,2.77499993797392,1990,3,1990
51.8667,10.3333,1990-03-30,2.91999993473291,8.75999980419874,5.83999986946583,1990,3,1990
51.8667,10.3333,1990-03-31,-0.479999989271164,10.4399997666478,4.97999988868833,1990,3,1990
51.8667,10.3333,1990-04-01,2.61999994143844,11.9299997333437,7.27499983739108,1990,4,1990
51.8667,10.3333,1990-04-02,2.48999994434416,18.2399995923042,10.3649997683242,1990,4,1990
51.8667,10.3333,1990-04-03,5.9699998665601,17.8899996001273,11.9299997333437,1990,4,1990
51.8667,10.3333,1990-04-04,2.08999995328486,12.2799997255206,7.18499983940274,1990,4,1990
51.8667,10.3333,1990-04-05,-0.829999981448054,4.96999988891184,2.06999995373189,1990,4,1990
51.8667,10.3333,1990-04-06,-3.88999991305172,5.03999988734722,0.574999987147748,1990,4,1990
51.8667,10.3333,1990-04-07,-3.17999992892146,7.20999983884394,2.01499995496124,1990,4,1990
51.8667,10.3333,1990-04-08,-0.749999983236194,7.06999984197319,3.1599999293685,1990,4,1990
51.8667,10.3333,1990-04-09,-1.0899999756366,5.24999988265336,2.07999995350838,1990,4,1990
51.8667,10.3333,1990-04-10,-5.01999988779426,5.59999987483025,0.289999993517995,1990,4,1990
51.8667,10.3333,1990-04-11,-4.89999989047647,8.82999980263412,1.96499995607883,1990,4,1990
51.8667,10.3333,1990-04-12,2.24999994970858,6.81999984756112,4.53499989863485,1990,4,1990
51.8667,10.3333,1990-04-13,2.15999995172024,9.0699997972697,5.61499987449497,1990,4,1990
51.8667,10.3333,1990-04-14,4.21999990567565,9.55999978631735,6.8899998459965,1990,4,1990
51.8667,10.3333,1990-04-15,3.06999993138015,11.189999749884,7.12999984063208,1990,4,1990
51.8667,10.3333,1990-04-16,1.63999996334314,6.43999985605478,4.03999990969896,1990,4,1990
51.8667,10.3333,1990-04-17,1.38999996893108,6.97999984398484,4.18499990645796,1990,4,1990
51.8667,10.3333,1990-04-18,0.859999980777502,7.17999983951449,4.019999910146,1990,4,1990
51.8667,10.3333,1990-04-19,-1.18999997340143,7.73999982699752,3.27499992679805,1990,4,1990
51.8667,10.3333,1990-04-20,2.91999993473291,7.91999982297421,5.41999987885356,1990,4,1990
51.8667,10.3333,1990-04-21,4.26999990455806,12.5899997185916,8.42999981157482,1990,4,1990
51.8667,10.3333,1990-04-22,4.8799998909235,14.089999685064,9.48499978799373,1990,4,1990
51.8667,10.3333,1990-04-23,5.32999988086522,13.5899996962398,9.45999978855252,1990,4,1990
51.8667,10.3333,1990-04-24,5.89999986812472,9.80999978072941,7.85499982442707,1990,4,1990
51.8667,10.3333,1990-04-25,4.43999990075827,8.65999980643392,6.54999985359609,1990,4,1990
51.8667,10.3333,1990-04-26,5.22999988310039,9.76999978162348,7.49999983236194,1990,4,1990
51.8667,10.3333,1990-04-27,2.59999994188547,14.5899996738881,8.59499980788678,1990,4,1990
51.8667,10.3333,1990-04-28,3.23999992758036,9.97999977692962,6.60999985225499,1990,4,1990
51.8667,10.3333,1990-04-29,1.3199999704957,7.55999983102083,4.43999990075827,1990,4,1990
51.8667,10.3333,1990-04-30,2.37999994680285,13.7299996931106,8.05499981995672,1990,4,1990
51.8667,10.3333,1990-05-01,7.25999983772635,16.1699996385723,11.7149997381493,1990,5,NA
51.8667,10.3333,1990-05-02,5.51999987661839,18.4699995871633,11.9949997318909,1990,5,NA
51.8667,10.3333,1990-05-03,8.98999979905784,19.9599995538592,14.4749996764585,1990,5,NA
51.8667,10.3333,1990-05-04,8.27999981492758,19.0299995746464,13.654999694787,1990,5,NA
51.8667,10.3333,1990-05-05,7.95999982208014,20.409999543801,14.1849996829405,1990,5,NA
51.8667,10.3333,1990-05-06,8.55999980866909,21.7299995142967,15.1449996614829,1990,5,NA
51.8667,10.3333,1990-05-07,8.87999980151653,23.3599994778633,16.1199996396899,1990,5,NA
51.8667,10.3333,1990-05-08,9.89999977871776,23.0799994841218,16.4899996314198,1990,5,NA
51.8667,10.3333,1990-05-09,9.48999978788197,19.5499995630234,14.5199996754527,1990,5,NA
51.8667,10.3333,1990-05-10,9.84999977983534,20.3099995460361,15.0799996629357,1990,5,NA
51.8667,10.3333,1990-05-11,9.6999997831881,19.8599995560944,14.7799996696413,1990,5,NA
51.8667,10.3333,1990-05-12,7.94999982230365,14.5499996747822,11.2499997485429,1990,5,NA
51.8667,10.3333,1990-05-13,6.45999985560775,15.0799996629357,10.7699997592717,1990,5,NA
51.8667,10.3333,1990-05-14,4.42999990098178,12.6099997181445,8.51999980956316,1990,5,NA
51.8667,10.3333,1990-05-15,7.65999982878566,10.6699997615069,9.16499979514629,1990,5,NA
51.8667,10.3333,1990-05-16,5.36999987997115,17.5199996083975,11.4449997441843,1990,5,NA
51.8667,10.3333,1990-05-17,8.93999980017543,17.9799995981157,13.4599996991456,1990,5,NA
51.8667,10.3333,1990-05-18,8.82999980263412,16.6699996273965,12.7499997150153,1990,5,NA
51.8667,10.3333,1990-05-19,4.12999990768731,12.6699997168034,8.39999981224537,1990,5,NA
51.8667,10.3333,1990-05-20,4.04999990947545,14.2299996819347,9.13999979570508,1990,5,NA
51.8667,10.3333,1990-05-21,6.01999986544251,16.639999628067,11.3299997467548,1990,5,NA
51.8667,10.3333,1990-05-22,5.00999988801777,17.6099996063858,11.3099997472018,1990,5,NA
51.8667,10.3333,1990-05-23,6.61999985203147,17.4499996099621,12.0349997309968,1990,5,NA
51.8667,10.3333,1990-05-24,6.60999985225499,20.0399995520711,13.324999702163,1990,5,NA
51.8667,10.3333,1990-05-25,6.32999985851347,15.7099996488541,11.0199997536838,1990,5,NA
51.8667,10.3333,1990-05-26,4.76999989338219,11.6899997387081,8.22999981604517,1990,5,NA
51.8667,10.3333,1990-05-27,2.36999994702637,11.2399997487664,6.8049998478964,1990,5,NA
51.8667,10.3333,1990-05-28,1.85999995842576,13.199999704957,7.52999983169138,1990,5,NA
51.8667,10.3333,1990-05-29,4.4799998998642,11.76999973692,8.1249998183921,1990,5,NA
51.8667,10.3333,1990-05-30,2.74999993853271,14.8199996687472,8.78499980363995,1990,5,NA
51.8667,10.3333,1990-05-31,3.53999992087483,17.0699996184558,10.3049997696653,1990,5,NA
51.8667,10.3333,1990-06-01,7.50999983213842,19.6899995598942,13.5999996960163,1990,6,NA
51.8667,10.3333,1990-06-02,10.3499997686595,21.4599995203316,15.9049996444955,1990,6,NA
51.8667,10.3333,1990-06-03,9.13999979570508,17.9399995990098,13.5399996973574,1990,6,NA
51.8667,10.3333,1990-06-04,7.41999983415008,15.0199996642768,11.2199997492135,1990,6,NA
51.8667,10.3333,1990-06-05,8.80999980308115,12.5199997201562,10.6649997616187,1990,6,NA
51.8667,10.3333,1990-06-06,7.8099998254329,15.1499996613711,11.479999743402,1990,6,NA
51.8667,10.3333,1990-06-07,7.749999826774,16.4599996320903,12.1049997294322,1990,6,NA
51.8667,10.3333,1990-06-08,10.5299997646362,14.1799996830523,12.3549997238442,1990,6,NA
51.8667,10.3333,1990-06-09,7.9799998216331,12.909999711439,10.4449997665361,1990,6,NA
51.8667,10.3333,1990-06-10,5.95999986678362,13.3499997016042,9.65499978419393,1990,6,NA
51.8667,10.3333,1990-06-11,7.36999983526766,11.9799997322261,9.6749997837469,1990,6,NA
51.8667,10.3333,1990-06-12,8.35999981313944,13.8099996913224,11.0849997522309,1990,6,NA
51.8667,10.3333,1990-06-13,8.51999980956316,13.9699996877462,11.2449997486547,1990,6,NA
51.8667,10.3333,1990-06-14,9.48999978788197,13.5999996960163,11.5449997419491,1990,6,NA
51.8667,10.3333,1990-06-15,9.72999978251755,12.619999717921,11.1749997502193,1990,6,NA
51.8667,10.3333,1990-06-16,7.85999982431531,13.6499996948987,10.754999759607,1990,6,NA
51.8667,10.3333,1990-06-17,8.57999980822206,14.4499996770173,11.5149997426197,1990,6,NA
51.8667,10.3333,1990-06-18,6.89999984577298,18.2999995909631,12.5999997183681,1990,6,NA
51.8667,10.3333,1990-06-19,8.28999981470406,21.6099995169789,14.9499996658415,1990,6,NA
51.8667,10.3333,1990-06-20,11.1099997516721,22.3199995011091,16.7149996263906,1990,6,NA
51.8667,10.3333,1990-06-21,12.7099997159094,18.2399995923042,15.4749996541068,1990,6,NA
51.8667,10.3333,1990-06-22,11.5899997409433,18.8699995782226,15.229999659583,1990,6,NA
51.8667,10.3333,1990-06-23,10.5399997644126,16.8399996235967,13.6899996940047,1990,6,NA
51.8667,10.3333,1990-06-24,9.22999979369342,15.3399996571243,12.2849997254089,1990,6,NA
51.8667,10.3333,1990-06-25,8.65999980643392,17.4699996095151,13.0649997079745,1990,6,NA
51.8667,10.3333,1990-06-26,11.0199997536838,18.4999995864928,14.7599996700883,1990,6,NA
51.8667,10.3333,1990-06-27,12.1899997275323,24.5099994521588,18.3499995898455,1990,6,NA
51.8667,10.3333,1990-06-28,15.5599996522069,25.1399994380772,20.3499995451421,1990,6,NA
51.8667,10.3333,1990-06-29,15.1699996609241,23.269999479875,19.2199995703995,1990,6,NA
51.8667,10.3333,1990-06-30,12.349999723956,21.5899995174259,16.9699996206909,1990,6,NA
51.8667,10.3333,1990-07-01,14.069999685511,22.6999994926155,18.3849995890632,1990,7,NA
51.8667,10.3333,1990-07-02,11.7399997375906,18.3699995893985,15.0549996634945,1990,7,NA
51.8667,10.3333,1990-07-03,9.36999979056418,16.929999621585,13.1499997060746,1990,7,NA
51.8667,10.3333,1990-07-04,7.38999983482063,15.3299996573478,11.3599997460842,1990,7,NA
51.8667,10.3333,1990-07-05,5.69999987259507,17.3999996110797,11.5499997418374,1990,7,NA
51.8667,10.3333,1990-07-06,11.4499997440726,14.8199996687472,13.1349997064099,1990,7,NA
51.8667,10.3333,1990-07-07,9.08999979682267,12.8799997121096,10.9849997544661,1990,7,NA
51.8667,10.3333,1990-07-08,8.21999981626868,15.2499996591359,11.7349997377023,1990,7,NA
51.8667,10.3333,1990-07-09,10.4999997653067,19.5599995627999,15.0299996640533,1990,7,NA
51.8667,10.3333,1990-07-10,13.0899997074157,18.4399995878339,15.7649996476248,1990,7,NA
51.8667,10.3333,1990-07-11,9.21999979391694,13.6699996944517,11.4449997441843,1990,7,NA
51.8667,10.3333,1990-07-12,8.70999980531633,17.6699996050447,13.1899997051805,1990,7,NA
51.8667,10.3333,1990-07-13,9.77999978139997,22.2299995031208,16.0049996422604,1990,7,NA
51.8667,10.3333,1990-07-14,10.0399997755885,18.1199995949864,14.0799996852875,1990,7,NA
51.8667,10.3333,1990-07-15,6.70999985001981,17.6899996045977,12.1999997273088,1990,7,NA
51.8667,10.3333,1990-07-16,8.04999982006848,21.509999519214,14.7799996696413,1990,7,NA
51.8667,10.3333,1990-07-17,9.44999978877604,23.2999994792044,16.3749996339902,1990,7,NA
51.8667,10.3333,1990-07-18,11.1799997501075,17.3799996115267,14.2799996808171,1990,7,NA
51.8667,10.3333,1990-07-19,10.5399997644126,13.0899997074157,11.8149997359142,1990,7,NA
51.8667,10.3333,1990-07-20,9.82999978028238,15.4499996546656,12.639999717474,1990,7,NA
51.8667,10.3333,1990-07-21,8.35999981313944,22.5999994948506,15.479999653995,1990,7,NA
51.8667,10.3333,1990-07-22,12.1299997288734,23.1799994818866,17.65499960538,1990,7,NA
51.8667,10.3333,1990-07-23,8.82999980263412,18.9499995764345,13.8899996895343,1990,7,NA
51.8667,10.3333,1990-07-24,7.48999983258545,15.6499996501952,11.5699997413903,1990,7,NA
51.8667,10.3333,1990-07-25,7.88999982364476,14.339999679476,11.1149997515604,1990,7,NA
51.8667,10.3333,1990-07-26,10.029999775812,17.4699996095151,13.7499996926636,1990,7,NA
51.8667,10.3333,1990-07-27,11.8799997344613,21.1999995261431,16.5399996303022,1990,7,NA
51.8667,10.3333,1990-07-28,10.1399997733533,22.6999994926155,16.4199996329844,1990,7,NA
51.8667,10.3333,1990-07-29,13.0299997087568,27.6499993819743,20.3399995453656,1990,7,NA
51.8667,10.3333,1990-07-30,14.5099996756762,21.9399995096028,18.2249995926395,1990,7,NA
51.8667,10.3333,1990-07-31,13.3599997013807,24.0399994626641,18.6999995820224,1990,7,NA
51.8667,10.3333,1990-08-01,12.3899997230619,26.5899994056672,19.4899995643646,1990,8,NA
51.8667,10.3333,1990-08-02,14.2299996819347,25.8999994210899,20.0649995515123,1990,8,NA
51.8667,10.3333,1990-08-03,11.9199997335672,26.2799994125962,19.0999995730817,1990,8,NA
51.8667,10.3333,1990-08-04,13.799999691546,28.3399993665516,21.0699995290488,1990,8,NA
51.8667,10.3333,1990-08-05,14.9299996662885,31.4699992965907,23.1999994814396,1990,8,NA
51.8667,10.3333,1990-08-06,16.8399996235967,27.1899993922561,22.0149995079264,1990,8,NA
51.8667,10.3333,1990-08-07,10.7699997592717,19.2699995692819,15.0199996642768,1990,8,NA
51.8667,10.3333,1990-08-08,8.52999980933964,17.529999608174,13.0299997087568,1990,8,NA
51.8667,10.3333,1990-08-09,6.45999985560775,18.8899995777756,12.6749997166917,1990,8,NA
51.8667,10.3333,1990-08-10,11.2999997474253,20.6299995388836,15.9649996431544,1990,8,NA
51.8667,10.3333,1990-08-11,12.8499997127801,17.5399996079504,15.1949996603653,1990,8,NA
51.8667,10.3333,1990-08-12,9.84999977983534,24.6399994492531,17.2449996145442,1990,8,NA
51.8667,10.3333,1990-08-13,14.5299996752292,29.3499993439764,21.9399995096028,1990,8,NA
51.8667,10.3333,1990-08-14,15.519999653101,27.3599993884563,21.4399995207787,1990,8,NA
51.8667,10.3333,1990-08-15,15.8399996459484,24.8799994438887,20.3599995449185,1990,8,NA
51.8667,10.3333,1990-08-16,14.629999672994,23.0599994845688,18.8449995787814,1990,8,NA
51.8667,10.3333,1990-08-17,13.6499996948987,19.5099995639175,16.5799996294081,1990,8,NA
51.8667,10.3333,1990-08-18,9.34999979101121,16.8799996227026,13.1149997068569,1990,8,NA
51.8667,10.3333,1990-08-19,9.51999978721142,13.6699996944517,11.5949997408316,1990,8,NA
51.8667,10.3333,1990-08-20,10.2299997713417,17.1699996162206,13.6999996937811,1990,8,NA
51.8667,10.3333,1990-08-21,11.6799997389317,17.4599996097386,14.5699996743351,1990,8,NA
51.8667,10.3333,1990-08-22,7.94999982230365,12.4699997212738,10.2099997717887,1990,8,NA
51.8667,10.3333,1990-08-23,10.5499997641891,16.0399996414781,13.2949997028336,1990,8,NA
51.8667,10.3333,1990-08-24,11.3399997465312,20.0399995520711,15.6899996493012,1990,8,NA
51.8667,10.3333,1990-08-25,8.00999982096255,23.3599994778633,15.6849996494129,1990,8,NA
51.8667,10.3333,1990-08-26,13.3099997024983,25.3099994342774,19.3099995683879,1990,8,NA
51.8667,10.3333,1990-08-27,11.9699997324497,21.839999511838,16.9049996221438,1990,8,NA
51.8667,10.3333,1990-08-28,11.0899997521192,23.8599994666874,17.4749996094033,1990,8,NA
51.8667,10.3333,1990-08-29,13.9199996888638,24.9799994416535,19.4499995652586,1990,8,NA
51.8667,10.3333,1990-08-30,14.629999672994,27.2399993911386,20.9349995320663,1990,8,NA
51.8667,10.3333,1990-08-31,15.2599996589124,25.859999421984,20.5599995404482,1990,8,NA
51.8667,10.3333,1990-09-01,14.0799996852875,17.9399995990098,16.0099996421486,1990,9,NA
51.8667,10.3333,1990-09-02,9.05999979749322,14.2899996805936,11.6749997390434,1990,9,NA
51.8667,10.3333,1990-09-03,10.1599997729063,16.1599996387959,13.1599997058511,1990,9,NA
51.8667,10.3333,1990-09-04,11.6299997400492,14.6699996720999,13.1499997060746,1990,9,NA
51.8667,10.3333,1990-09-05,10.8099997583777,16.6099996287376,13.7099996935576,1990,9,NA
51.8667,10.3333,1990-09-06,8.10999981872737,14.1599996834993,11.1349997511134,1990,9,NA
51.8667,10.3333,1990-09-07,5.78999987058342,13.8099996913224,9.79999978095293,1990,9,NA
51.8667,10.3333,1990-09-08,7.22999983839691,12.2499997261912,9.73999978229403,1990,9,NA
51.8667,10.3333,1990-09-09,7.13999984040856,14.1499996837229,10.6449997620657,1990,9,NA
51.8667,10.3333,1990-09-10,9.19999979436398,12.8699997123331,11.0349997533485,1990,9,NA
51.8667,10.3333,1990-09-11,8.73999980464578,11.1399997510016,9.93999977782369,1990,9,NA
51.8667,10.3333,1990-09-12,9.38999979011714,14.3099996801466,11.8499997351319,1990,9,NA
51.8667,10.3333,1990-09-13,8.6099998075515,14.2399996817112,11.4249997446314,1990,9,NA
51.8667,10.3333,1990-09-14,8.21999981626868,13.8499996904284,11.0349997533485,1990,9,NA
51.8667,10.3333,1990-09-15,5.95999986678362,13.8099996913224,9.88499977905303,1990,9,NA
51.8667,10.3333,1990-09-16,6.64999985136092,11.169999750331,8.90999980084598,1990,9,NA
51.8667,10.3333,1990-09-17,5.13999988511205,13.8699996899813,9.50499978754669,1990,9,NA
51.8667,10.3333,1990-09-18,3.52999992109835,14.5699996743351,9.04999979771674,1990,9,NA
51.8667,10.3333,1990-09-19,7.23999983817339,12.4699997212738,9.85499977972358,1990,9,NA
51.8667,10.3333,1990-09-20,7.94999982230365,14.8799996674061,11.4149997448549,1990,9,NA
51.8667,10.3333,1990-09-21,5.92999986745417,9.70999978296459,7.81999982520938,1990,9,NA
51.8667,10.3333,1990-09-22,3.85999991372228,9.5899997856468,6.72499984968454,1990,9,NA
51.8667,10.3333,1990-09-23,5.14999988488853,9.6999997831881,7.42499983403832,1990,9,NA
51.8667,10.3333,1990-09-24,5.44999987818301,14.1099996846169,9.77999978139997,1990,9,NA
51.8667,10.3333,1990-09-25,6.43999985605478,10.3799997679889,8.40999981202185,1990,9,NA
51.8667,10.3333,1990-09-26,6.26999985985458,11.0099997539073,8.63999980688095,1990,9,NA
51.8667,10.3333,1990-09-27,3.68999991752207,10.3799997679889,7.0349998427555,1990,9,NA
51.8667,10.3333,1990-09-28,5.70999987237155,9.70999978296459,7.70999982766807,1990,9,NA
51.8667,10.3333,1990-09-29,4.46999990008771,11.2399997487664,7.85499982442707,1990,9,NA
51.8667,10.3333,1990-09-30,6.69999985024333,15.7399996481836,11.2199997492135,1990,9,NA
51.8667,10.3333,1990-10-01,10.2599997706711,16.7799996249378,13.5199996978045,1990,10,1991
51.8667,10.3333,1990-10-02,9.0699997972697,15.3799996562302,12.22499972675,1990,10,1991
51.8667,10.3333,1990-10-03,4.88999989069998,14.7099996712059,9.79999978095293,1990,10,1991
51.8667,10.3333,1990-10-04,8.79999980330467,17.509999608621,13.1549997059628,1990,10,1991
51.8667,10.3333,1990-10-05,7.01999984309077,14.7599996700883,10.8899997565895,1990,10,1991
51.8667,10.3333,1990-10-06,5.26999988220632,10.6899997610599,7.9799998216331,1990,10,1991
51.8667,10.3333,1990-10-07,9.79999978095293,15.0099996645004,12.4049997227266,1990,10,1991
51.8667,10.3333,1990-10-08,6.8899998459965,13.4499996993691,10.1699997726828,1990,10,1991
51.8667,10.3333,1990-10-09,4.7099998947233,7.40999983437359,6.05999986454844,1990,10,1991
51.8667,10.3333,1990-10-10,4.43999990075827,10.6399997621775,7.53999983146787,1990,10,1991
51.8667,10.3333,1990-10-11,5.68999987281859,11.2999997474253,8.49499981012195,1990,10,1991
51.8667,10.3333,1990-10-12,7.44999983347952,13.7499996926636,10.5999997630715,1990,10,1991
51.8667,10.3333,1990-10-13,4.49999989941716,20.7099995370954,12.6049997182563,1990,10,1991
51.8667,10.3333,1990-10-14,8.96999979950488,19.3399995677173,14.1549996836111,1990,10,1991
51.8667,10.3333,1990-10-15,11.8399997353554,21.8299995120615,16.8349996237084,1990,10,1991
51.8667,10.3333,1990-10-16,11.5999997407198,22.7099994923919,17.1549996165559,1990,10,1991
51.8667,10.3333,1990-10-17,12.5699997190386,19.6499995607883,16.1099996399134,1990,10,1991
51.8667,10.3333,1990-10-18,11.9099997337908,16.1899996381253,14.049999685958,1990,10,1991
51.8667,10.3333,1990-10-19,9.93999977782369,15.4099996555597,12.6749997166917,1990,10,1991
51.8667,10.3333,1990-10-20,8.04999982006848,16.4999996311963,12.2749997256324,1990,10,1991
51.8667,10.3333,1990-10-21,6.50999985449016,11.8699997346848,9.18999979458749,1990,10,1991
51.8667,10.3333,1990-10-22,2.2399999499321,8.4399998113513,5.3399998806417,1990,10,1991
51.8667,10.3333,1990-10-23,-0.30999999307096,8.06999981962144,3.87999991327524,1990,10,1991
51.8667,10.3333,1990-10-24,0.539999987930059,13.0699997078627,6.8049998478964,1990,10,1991
51.8667,10.3333,1990-10-25,-0.919999979436398,11.2899997476488,5.18499988410622,1990,10,1991
51.8667,10.3333,1990-10-26,1.99999995529652,14.8199996687472,8.40999981202185,1990,10,1991
51.8667,10.3333,1990-10-27,3.56999992020428,12.2099997270852,7.88999982364476,1990,10,1991
51.8667,10.3333,1990-10-28,5.29999988153577,9.45999978855252,7.37999983504415,1990,10,1991
51.8667,10.3333,1990-10-29,6.14999986253679,10.9499997552484,8.54999980889261,1990,10,1991
51.8667,10.3333,1990-10-30,2.34999994747341,8.58999980799854,5.46999987773597,1990,10,1991
51.8667,10.3333,1990-10-31,1.32999997027218,6.97999984398484,4.15499990712851,1990,10,1991
51.8667,10.3333,1990-11-01,5.1099998857826,9.30999979190528,7.20999983884394,1990,11,1991
51.8667,10.3333,1990-11-02,5.08999988622963,7.55999983102083,6.32499985862523,1990,11,1991
51.8667,10.3333,1990-11-03,3.64999991841614,6.90999984554946,5.2799998819828,1990,11,1991
51.8667,10.3333,1990-11-04,2.88999993540347,5.89999986812472,4.39499990176409,1990,11,1991
51.8667,10.3333,1990-11-05,-0.30999999307096,3.13999992981553,1.41499996837229,1990,11,1991
51.8667,10.3333,1990-11-06,-1.38999996893108,2.43999994546175,0.524999988265336,1990,11,1991
51.8667,10.3333,1990-11-07,-0.339999992400408,2.6999999396503,1.17999997362494,1990,11,1991
51.8667,10.3333,1990-11-08,2.20999995060265,5.70999987237155,3.9599999114871,1990,11,1991
51.8667,10.3333,1990-11-09,1.20999997295439,6.69999985024333,3.95499991159886,1990,11,1991
51.8667,10.3333,1990-11-10,-0.959999978542328,5.89999986812472,2.4699999447912,1990,11,1991
51.8667,10.3333,1990-11-11,-1.10999997518957,6.84999984689057,2.8699999358505,1990,11,1991
51.8667,10.3333,1990-11-12,5.19999988377094,8.25999981537461,6.72999984957278,1990,11,1991
51.8667,10.3333,1990-11-13,6.80999984778464,8.12999981828034,7.46999983303249,1990,11,1991
51.8667,10.3333,1990-11-14,5.26999988220632,8.91999980062246,7.09499984141439,1990,11,1991
51.8667,10.3333,1990-11-15,5.98999986611307,8.24999981559813,7.1199998408556,1990,11,1991
51.8667,10.3333,1990-11-16,5.45999987795949,8.64999980665743,7.05499984230846,1990,11,1991
51.8667,10.3333,1990-11-17,5.93999986723065,7.93999982252717,6.93999984487891,1990,11,1991
51.8667,10.3333,1990-11-18,5.23999988287687,10.0899997744709,7.6649998286739,1990,11,1991
51.8667,10.3333,1990-11-19,2.44999994523823,5.98999986611307,4.21999990567565,1990,11,1991
51.8667,10.3333,1990-11-20,0.96999997831881,4.12999990768731,2.54999994300306,1990,11,1991
51.8667,10.3333,1990-11-21,1.26999997161329,5.77999987080693,3.52499992121011,1990,11,1991
51.8667,10.3333,1990-11-22,0.0899999979883432,4.35999990254641,2.22499995026737,1990,11,1991
51.8667,10.3333,1990-11-23,-1.7799999602139,2.89999993517995,0.559999987483025,1990,11,1991
51.8667,10.3333,1990-11-24,-1.5499999653548,0.439999990165234,-0.554999987594783,1990,11,1991
51.8667,10.3333,1990-11-25,-1.7799999602139,2.65999994054437,0.439999990165234,1990,11,1991
51.8667,10.3333,1990-11-26,-1.72999996133149,4.22999990545213,1.24999997206032,1990,11,1991
51.8667,10.3333,1990-11-27,-0.329999992623925,2.84999993629754,1.25999997183681,1990,11,1991
51.8667,10.3333,1990-11-28,-2.24999994970858,3.16999992914498,0.459999989718199,1990,11,1991
51.8667,10.3333,1990-11-29,0.34999999217689,2.50999994389713,1.42999996803701,1990,11,1991
51.8667,10.3333,1990-11-30,-1.47999996691942,2.01999995484948,0.26999999396503,1990,11,1991
51.8667,10.3333,1990-12-01,-4.40999990142882,1.8399999588728,-1.28499997127801,1990,12,1991
51.8667,10.3333,1990-12-02,-7.04999984242022,-1.62999996356666,-4.33999990299344,1990,12,1991
51.8667,10.3333,1990-12-03,-1.9499999564141,2.68999993987381,0.369999991729856,1990,12,1991
51.8667,10.3333,1990-12-04,1.91999995708466,3.11999993026257,2.51999994367361,1990,12,1991
51.8667,10.3333,1990-12-05,0.789999982342124,3.24999992735684,2.01999995484948,1990,12,1991
51.8667,10.3333,1990-12-06,-2.61999994143844,1.25999997183681,-0.679999984800816,1990,12,1991
51.8667,10.3333,1990-12-07,-5.80999987013638,0.429999990388751,-2.68999993987381,1990,12,1991
51.8667,10.3333,1990-12-08,-4.12999990768731,-0.0599999986588955,-2.0949999531731,1990,12,1991
51.8667,10.3333,1990-12-09,-5.14999988488853,0.0199999995529652,-2.56499994266778,1990,12,1991
51.8667,10.3333,1990-12-10,-5.30999988131225,0.979999978095293,-2.16499995160848,1990,12,1991
51.8667,10.3333,1990-12-11,-3.77999991551042,-0.839999981224537,-2.30999994836748,1990,12,1991
51.8667,10.3333,1990-12-12,-2.08999995328486,-0.26999999396503,-1.17999997362494,1990,12,1991
51.8667,10.3333,1990-12-13,-1.22999997250736,0.519999988377094,-0.354999992065132,1990,12,1991
51.8667,10.3333,1990-12-14,-1.12999997474253,0.199999995529652,-0.46499998960644,1990,12,1991
51.8667,10.3333,1990-12-15,-3.79999991506338,-0.0199999995529652,-1.90999995730817,1990,12,1991
51.8667,10.3333,1990-12-16,-4.71999989449978,-1.97999995574355,-3.34999992512167,1990,12,1991
51.8667,10.3333,1990-12-17,-3.75999991595745,-2.19999995082617,-2.97999993339181,1990,12,1991
51.8667,10.3333,1990-12-18,-4.14999990724027,-1.93999995663762,-3.04499993193895,1990,12,1991
51.8667,10.3333,1990-12-19,-4.32999990321696,-2.48999994434416,-3.40999992378056,1990,12,1991
51.8667,10.3333,1990-12-20,-4.57999989762902,-2.09999995306134,-3.33999992534518,1990,12,1991
51.8667,10.3333,1990-12-21,-4.05999990925193,-0.439999990165234,-2.24999994970858,1990,12,1991
51.8667,10.3333,1990-12-22,-0.899999979883432,1.78999995999038,0.444999990053475,1990,12,1991
51.8667,10.3333,1990-12-23,-0.30999999307096,2.78999993763864,1.23999997228384,1990,12,1991
51.8667,10.3333,1990-12-24,2.25999994948506,4.88999989069998,3.57499992009252,1990,12,1991
51.8667,10.3333,1990-12-25,0.0399999991059303,4.19999990612268,2.11999995261431,1990,12,1991
51.8667,10.3333,1990-12-26,-0.439999990165234,1.67999996244907,0.61999998614192,1990,12,1991
51.8667,10.3333,1990-12-27,-0.00999999977648258,2.06999995373189,1.02999997697771,1990,12,1991
51.8667,10.3333,1990-12-28,0.329999992623925,3.25999992713332,1.79499995987862,1990,12,1991
51.8667,10.3333,1990-12-29,-0.129999997094274,1.9499999564141,0.909999979659915,1990,12,1991
51.8667,10.3333,1990-12-30,1.53999996557832,6.08999986387789,3.81499991472811,1990,12,1991
51.8667,10.3333,1990-12-31,2.29999994859099,6.33999985828996,4.31999990344048,1990,12,1991
51.8667,10.3333,1991-01-01,0.959999978542328,3.29999992623925,2.12999995239079,1991,1,1991
51.8667,10.3333,1991-01-02,0.689999984577298,3.46999992243946,2.07999995350838,1991,1,1991
51.8667,10.3333,1991-01-03,0.449999989941716,6.97999984398484,3.71499991696328,1991,1,1991
51.8667,10.3333,1991-01-04,3.73999991640449,8.2099998164922,5.97499986644834,1991,1,1991
51.8667,10.3333,1991-01-05,1.65999996289611,6.56999985314906,4.11499990802258,1991,1,1991
51.8667,10.3333,1991-01-06,0.849999981001019,2.85999993607402,1.85499995853752,1991,1,1991
51.8667,10.3333,1991-01-07,0.829999981448054,3.3299999255687,2.07999995350838,1991,1,1991
51.8667,10.3333,1991-01-08,1.07999997586012,4.95999988913536,3.01999993249774,1991,1,1991
51.8667,10.3333,1991-01-09,1.92999995686114,4.91999989002943,3.42499992344528,1991,1,1991
51.8667,10.3333,1991-01-10,3.47999992221594,6.74999984912574,5.11499988567084,1991,1,1991
51.8667,10.3333,1991-01-11,5.00999988801777,10.5099997650832,7.75999982655048,1991,1,1991
51.8667,10.3333,1991-01-12,2.42999994568527,5.61999987438321,4.02499991003424,1991,1,1991
51.8667,10.3333,1991-01-13,0.879999980330467,4.33999990299344,2.60999994166195,1991,1,1991
51.8667,10.3333,1991-01-14,-3.12999993003905,1.17999997362494,-0.974999978207052,1991,1,1991
51.8667,10.3333,1991-01-15,-6.04999986477196,-1.88999995775521,-3.96999991126359,1991,1,1991
51.8667,10.3333,1991-01-16,-7.00999984331429,-0.539999987930059,-3.77499991562217,1991,1,1991
51.8667,10.3333,1991-01-17,-7.21999983862042,0.679999984800816,-3.2699999269098,1991,1,1991
51.8667,10.3333,1991-01-18,-5.43999987840652,2.8699999358505,-1.28499997127801,1991,1,1991
51.8667,10.3333,1991-01-19,-5.81999986991286,5.90999986790121,0.0449999989941716,1991,1,1991
51.8667,10.3333,1991-01-20,-2.64999994076788,3.91999991238117,0.634999985806644,1991,1,1991
51.8667,10.3333,1991-01-21,-1.95999995619059,0.859999980777502,-0.549999987706542,1991,1,1991
51.8667,10.3333,1991-01-22,-1.57999996468425,1.25999997183681,-0.159999996423721,1991,1,1991
51.8667,10.3333,1991-01-23,-1.51999996602535,1.88999995775521,0.184999995864928,1991,1,1991
51.8667,10.3333,1991-01-24,-2.27999994903803,0.739999983459711,-0.769999982789159,1991,1,1991
51.8667,10.3333,1991-01-25,-3.90999991260469,0.409999990835786,-1.74999996088445,1991,1,1991
51.8667,10.3333,1991-01-26,-1.20999997295439,0.699999984353781,-0.254999994300306,1991,1,1991
51.8667,10.3333,1991-01-27,-1.57999996468425,0.459999989718199,-0.559999987483025,1991,1,1991
51.8667,10.3333,1991-01-28,-1.67999996244907,0.109999997541308,-0.784999982453883,1991,1,1991
51.8667,10.3333,1991-01-29,-2.79999993741512,-0.679999984800816,-1.73999996110797,1991,1,1991
51.8667,10.3333,1991-01-30,-3.47999992221594,-0.609999986365438,-2.04499995429069,1991,1,1991
51.8667,10.3333,1991-01-31,-3.87999991327524,-1.3799999691546,-2.62999994121492,1991,1,1991
51.8667,10.3333,1991-02-01,-7.95999982208014,-1.53999996557832,-4.74999989382923,1991,2,1991
51.8667,10.3333,1991-02-02,-9.48999978788197,-1.35999996960163,-5.4249998787418,1991,2,1991
51.8667,10.3333,1991-02-03,-11.8199997358024,-1.95999995619059,-6.8899998459965,1991,2,1991
51.8667,10.3333,1991-02-04,-13.5799996964633,-4.68999989517033,-9.13499979581684,1991,2,1991
51.8667,10.3333,1991-02-05,-11.5899997409433,-2.06999995373189,-6.8299998473376,1991,2,1991
51.8667,10.3333,1991-02-06,-9.83999978005886,-4.40999990142882,-7.12499984074384,1991,2,1991
51.8667,10.3333,1991-02-07,-17.6299996059388,-9.65999978408217,-13.6449996950105,1991,2,1991
51.8667,10.3333,1991-02-08,-14.0599996857345,-9.90999977849424,-11.9849997321144,1991,2,1991
51.8667,10.3333,1991-02-09,-11.3699997458607,-6.97999984398484,-9.17499979492277,1991,2,1991
51.8667,10.3333,1991-02-10,-12.2699997257441,-5.18999988399446,-8.72999980486929,1991,2,1991
51.8667,10.3333,1991-02-11,-11.0899997521192,-3.19999992847443,-7.1449998402968,1991,2,1991
51.8667,10.3333,1991-02-12,-9.09999979659915,-4.8199998922646,-6.95999984443188,1991,2,1991
51.8667,10.3333,1991-02-13,-8.56999980844557,-4.67999989539385,-6.62499985191971,1991,2,1991
51.8667,10.3333,1991-02-14,-8.98999979905784,-4.91999989002943,-6.95499984454364,1991,2,1991
51.8667,10.3333,1991-02-15,-9.65999978408217,-5.78999987058342,-7.72499982733279,1991,2,1991
51.8667,10.3333,1991-02-16,-6.4899998549372,-3.07999993115664,-4.78499989304692,1991,2,1991
51.8667,10.3333,1991-02-17,-4.44999990053475,-2.94999993406236,-3.69999991729856,1991,2,1991
51.8667,10.3333,1991-02-18,-4.85999989137053,-2.39999994635582,-3.62999991886318,1991,2,1991
51.8667,10.3333,1991-02-19,-3.91999991238117,0.0899999979883432,-1.91499995719641,1991,2,1991
51.8667,10.3333,1991-02-20,-7.3499998357147,1.57999996468425,-2.88499993551522,1991,2,1991
51.8667,10.3333,1991-02-21,-1.8399999588728,6.52999985404313,2.34499994758517,1991,2,1991
51.8667,10.3333,1991-02-22,-0.149999996647239,7.65999982878566,3.75499991606921,1991,2,1991
51.8667,10.3333,1991-02-23,-0.0199999995529652,4.95999988913536,2.4699999447912,1991,2,1991
51.8667,10.3333,1991-02-24,1.59999996423721,4.83999989181757,3.21999992802739,1991,2,1991
51.8667,10.3333,1991-02-25,4.15999990701675,10.8199997581542,7.48999983258545,1991,2,1991
51.8667,10.3333,1991-02-26,2.80999993719161,7.77999982610345,5.29499988164753,1991,2,1991
51.8667,10.3333,1991-02-27,-1.12999997474253,7.13999984040856,3.00499993283302,1991,2,1991
51.8667,10.3333,1991-02-28,-4.1899999063462,1.98999995552003,-1.09999997541308,1991,2,1991
51.8667,10.3333,1991-03-01,-4.66999989561737,2.24999994970858,-1.20999997295439,1991,3,1991
51.8667,10.3333,1991-03-02,-2.04999995417893,4.73999989405274,1.34499996993691,1991,3,1991
51.8667,10.3333,1991-03-03,-2.74999993853271,5.739999871701,1.49499996658415,1991,3,1991
51.8667,10.3333,1991-03-04,1.30999997071922,8.33999981358647,4.82499989215285,1991,3,1991
51.8667,10.3333,1991-03-05,0.139999996870756,9.63999978452921,4.88999989069998,1991,3,1991
51.8667,10.3333,1991-03-06,2.90999993495643,7.17999983951449,5.04499988723546,1991,3,1991
51.8667,10.3333,1991-03-07,4.35999990254641,10.7899997588247,7.57499983068556,1991,3,1991
51.8667,10.3333,1991-03-08,4.66999989561737,13.779999691993,9.22499979380518,1991,3,1991
51.8667,10.3333,1991-03-09,3.30999992601573,15.0499996636063,9.17999979481101,1991,3,1991
51.8667,10.3333,1991-03-10,3.59999991953373,12.929999710992,8.26499981526285,1991,3,1991
51.8667,10.3333,1991-03-11,5.60999987460673,11.1399997510016,8.37499981280416,1991,3,1991
51.8667,10.3333,1991-03-12,4.4199999012053,13.2499997038394,8.83499980252236,1991,3,1991
51.8667,10.3333,1991-03-13,5.98999986611307,12.0499997306615,9.01999979838729,1991,3,1991
51.8667,10.3333,1991-03-14,4.08999990858138,13.5799996964633,8.83499980252236,1991,3,1991
51.8667,10.3333,1991-03-15,3.83999991416931,14.8799996674061,9.3599997907877,1991,3,1991
51.8667,10.3333,1991-03-16,6.09999986365438,10.3899997677654,8.24499981570989,1991,3,1991
51.8667,10.3333,1991-03-17,6.35999985784292,13.8999996893108,10.1299997735769,1991,3,1991
51.8667,10.3333,1991-03-18,4.42999990098178,16.3999996334314,10.4149997672066,1991,3,1991
51.8667,10.3333,1991-03-19,5.47999987751245,12.8299997132272,9.1549997953698,1991,3,1991
51.8667,10.3333,1991-03-20,4.17999990656972,8.27999981492758,6.22999986074865,1991,3,1991
51.8667,10.3333,1991-03-21,7.31999983638525,9.62999978475273,8.47499981056899,1991,3,1991
51.8667,10.3333,1991-03-22,6.72999984957278,12.6999997161329,9.71499978285283,1991,3,1991
51.8667,10.3333,1991-03-23,2.4699999447912,7.2899998370558,4.8799998909235,1991,3,1991
51.8667,10.3333,1991-03-24,1.27999997138977,6.85999984666705,4.06999990902841,1991,3,1991
51.8667,10.3333,1991-03-25,2.72999993897974,6.72999984957278,4.72999989427626,1991,3,1991
51.8667,10.3333,1991-03-26,1.01999997720122,4.86999989114702,2.94499993417412,1991,3,1991
51.8667,10.3333,1991-03-27,-0.159999996423721,4.4199999012053,2.12999995239079,1991,3,1991
51.8667,10.3333,1991-03-28,-1.57999996468425,6.11999986320734,2.26999994926155,1991,3,1991
51.8667,10.3333,1991-03-29,-2.9299999345094,3.45999992266297,0.264999994076788,1991,3,1991
51.8667,10.3333,1991-03-30,-3.42999992333353,3.13999992981553,-0.144999996758997,1991,3,1991
51.8667,10.3333,1991-03-31,-3.5599999204278,5.97999986633658,1.20999997295439,1991,3,1991
51.8667,10.3333,1991-04-01,-0.26999999396503,5.13999988511205,2.43499994557351,1991,4,1991
51.8667,10.3333,1991-04-02,0.429999990388751,7.84999982453883,4.13999990746379,1991,4,1991
51.8667,10.3333,1991-04-03,6.1999998614192,13.5999996960163,9.89999977871776,1991,4,1991
51.8667,10.3333,1991-04-04,6.12999986298382,14.2399996817112,10.1849997723475,1991,4,1991
51.8667,10.3333,1991-04-05,2.94999993406236,9.8199997805059,6.38499985728413,1991,4,1991
51.8667,10.3333,1991-04-06,3.99999991059303,10.7499997597188,7.3749998351559,1991,4,1991
51.8667,10.3333,1991-04-07,2.03999995440245,12.1599997282028,7.09999984130263,1991,4,1991
51.8667,10.3333,1991-04-08,2.74999993853271,9.44999978877604,6.09999986365438,1991,4,1991
51.8667,10.3333,1991-04-09,3.82999991439283,8.70999980531633,6.26999985985458,1991,4,1991
51.8667,10.3333,1991-04-10,2.37999994680285,10.0099997762591,6.19499986153096,1991,4,1991
51.8667,10.3333,1991-04-11,0.65999998524785,13.6899996940047,7.17499983962625,1991,4,1991
51.8667,10.3333,1991-04-12,3.7899999152869,15.1699996609241,9.47999978810549,1991,4,1991
51.8667,10.3333,1991-04-13,5.3399998806417,16.4799996316433,10.9099997561425,1991,4,1991
51.8667,10.3333,1991-04-14,3.7899999152869,15.6499996501952,9.71999978274107,1991,4,1991
51.8667,10.3333,1991-04-15,5.14999988488853,15.7199996486306,10.4349997667596,1991,4,1991
51.8667,10.3333,1991-04-16,4.17999990656972,16.5499996300787,10.3649997683242,1991,4,1991
51.8667,10.3333,1991-04-17,-1.27999997138977,9.38999979011714,4.05499990936369,1991,4,1991
51.8667,10.3333,1991-04-18,-1.12999997474253,4.86999989114702,1.86999995820224,1991,4,1991
51.8667,10.3333,1991-04-19,-4.97999988868833,2.64999994076788,-1.16499997396022,1991,4,1991
51.8667,10.3333,1991-04-20,-3.90999991260469,1.68999996222556,-1.10999997518957,1991,4,1991
51.8667,10.3333,1991-04-21,-3.76999991573393,1.53999996557832,-1.11499997507781,1991,4,1991
51.8667,10.3333,1991-04-22,-5.15999988466501,3.4999999217689,-0.829999981448054,1991,4,1991
51.8667,10.3333,1991-04-23,-2.6399999409914,3.9599999114871,0.65999998524785,1991,4,1991
51.8667,10.3333,1991-04-24,-0.289999993517995,6.66999985091388,3.18999992869794,1991,4,1991
51.8667,10.3333,1991-04-25,-1.05999997630715,6.44999985583127,2.69499993976206,1991,4,1991
51.8667,10.3333,1991-04-26,-1.07999997586012,9.79999978095293,4.35999990254641,1991,4,1991
51.8667,10.3333,1991-04-27,-0.599999986588955,8.57999980822206,3.98999991081655,1991,4,1991
51.8667,10.3333,1991-04-28,-0.859999980777502,9.90999977849424,4.52499989885837,1991,4,1991
51.8667,10.3333,1991-04-29,0.279999993741512,12.9599997103214,6.61999985203147,1991,4,1991
51.8667,10.3333,1991-04-30,1.15999997407198,8.00999982096255,4.58499989751726,1991,4,1991
51.8667,10.3333,1991-05-01,0.199999995529652,9.19999979436398,4.69999989494681,1991,5,NA
51.8667,10.3333,1991-05-02,1.82999995909631,7.07999984174967,4.45499990042299,1991,5,NA
51.8667,10.3333,1991-05-03,2.94999993406236,5.78999987058342,4.36999990232289,1991,5,NA
51.8667,10.3333,1991-05-04,1.11999997496605,5.3399998806417,3.22999992780387,1991,5,NA
51.8667,10.3333,1991-05-05,1.16999997384846,6.79999984800816,3.98499991092831,1991,5,NA
51.8667,10.3333,1991-05-06,-0.809999981895089,9.759999781847,4.47499989997596,1991,5,NA
51.8667,10.3333,1991-05-07,1.87999995797873,9.71999978274107,5.7999998703599,1991,5,NA
51.8667,10.3333,1991-05-08,2.71999993920326,9.48999978788197,6.10499986354262,1991,5,NA
51.8667,10.3333,1991-05-09,-0.0299999993294477,11.169999750331,5.5699998755008,1991,5,NA
51.8667,10.3333,1991-05-10,3.40999992378056,9.60999978519976,6.50999985449016,1991,5,NA
51.8667,10.3333,1991-05-11,1.35999996960163,16.1799996383488,8.76999980397522,1991,5,NA
51.8667,10.3333,1991-05-12,7.71999982744455,13.1099997069687,10.4149997672066,1991,5,NA
51.8667,10.3333,1991-05-13,3.74999991618097,9.72999978251755,6.73999984934926,1991,5,NA
51.8667,10.3333,1991-05-14,1.41999996826053,15.9699996430427,8.69499980565161,1991,5,NA
51.8667,10.3333,1991-05-15,4.10999990813434,11.5799997411668,7.84499982465059,1991,5,NA
51.8667,10.3333,1991-05-16,1.81999995931983,7.73999982699752,4.77999989315867,1991,5,NA
51.8667,10.3333,1991-05-17,0.839999981224537,9.34999979101121,5.09499988611788,1991,5,NA
51.8667,10.3333,1991-05-18,3.93999991193414,9.20999979414046,6.5749998530373,1991,5,NA
51.8667,10.3333,1991-05-19,1.3799999691546,10.4099997673184,5.89499986823648,1991,5,NA
51.8667,10.3333,1991-05-20,1.47999996691942,11.7099997382611,6.59499985259026,1991,5,NA
51.8667,10.3333,1991-05-21,5.70999987237155,14.9899996649474,10.3499997686595,1991,5,NA
51.8667,10.3333,1991-05-22,10.4899997655302,15.229999659583,12.8599997125566,1991,5,NA
51.8667,10.3333,1991-05-23,6.57999985292554,15.7499996479601,11.1649997504428,1991,5,NA
51.8667,10.3333,1991-05-24,3.64999991841614,8.71999980509281,6.18499986175448,1991,5,NA
51.8667,10.3333,1991-05-25,2.84999993629754,10.3099997695535,6.57999985292554,1991,5,NA
51.8667,10.3333,1991-05-26,4.30999990366399,7.66999982856214,5.98999986611307,1991,5,NA
51.8667,10.3333,1991-05-27,5.01999988779426,13.4399996995926,9.22999979369342,1991,5,NA
51.8667,10.3333,1991-05-28,5.23999988287687,12.2899997252971,8.76499980408698,1991,5,NA
51.8667,10.3333,1991-05-29,6.92999984510243,13.4099997002631,10.1699997726828,1991,5,NA
51.8667,10.3333,1991-05-30,5.78999987058342,17.5699996072799,11.6799997389317,1991,5,NA
51.8667,10.3333,1991-05-31,6.72999984957278,18.8699995782226,12.7999997138977,1991,5,NA
51.8667,10.3333,1991-06-01,7.42999983392656,19.7499995585531,13.5899996962398,1991,6,NA
51.8667,10.3333,1991-06-02,4.55999989807606,12.4699997212738,8.51499980967492,1991,6,NA
51.8667,10.3333,1991-06-03,3.23999992758036,14.7899996694177,9.01499979849905,1991,6,NA
51.8667,10.3333,1991-06-04,5.68999987281859,13.6499996948987,9.66999978385866,1991,6,NA
51.8667,10.3333,1991-06-05,3.52999992109835,10.4099997673184,6.96999984420836,1991,6,NA
51.8667,10.3333,1991-06-06,3.3899999242276,10.8299997579306,7.10999984107912,1991,6,NA
51.8667,10.3333,1991-06-07,2.47999994456768,13.0399997085333,7.75999982655048,1991,6,NA
51.8667,10.3333,1991-06-08,8.10999981872737,15.809999646619,11.9599997326732,1991,6,NA
51.8667,10.3333,1991-06-09,9.23999979346991,16.1399996392429,12.6899997163564,1991,6,NA
51.8667,10.3333,1991-06-10,8.27999981492758,15.789999647066,12.0349997309968,1991,6,NA
51.8667,10.3333,1991-06-11,9.08999979682267,14.7299996707588,11.9099997337908,1991,6,NA
51.8667,10.3333,1991-06-12,9.03999979794025,13.75999969244,11.3999997451901,1991,6,NA
51.8667,10.3333,1991-06-13,8.53999980911613,20.3199995458126,14.4299996774644,1991,6,NA
51.8667,10.3333,1991-06-14,8.77999980375171,14.9799996651709,11.8799997344613,1991,6,NA
51.8667,10.3333,1991-06-15,7.26999983750284,15.8599996455014,11.5649997415021,1991,6,NA
51.8667,10.3333,1991-06-16,8.6699998062104,15.1599996611476,11.914999733679,1991,6,NA
51.8667,10.3333,1991-06-17,9.11999979615211,15.0799996629357,12.0999997295439,1991,6,NA
51.8667,10.3333,1991-06-18,6.16999986208975,12.909999711439,9.53999978676438,1991,6,NA
51.8667,10.3333,1991-06-19,8.01999982073903,15.20999966003,11.6149997403845,1991,6,NA
51.8667,10.3333,1991-06-20,6.67999985069036,11.5199997425079,9.09999979659915,1991,6,NA
51.8667,10.3333,1991-06-21,7.22999983839691,14.0299996864051,10.629999762401,1991,6,NA
51.8667,10.3333,1991-06-22,5.86999986879528,17.4399996101856,11.6549997394904,1991,6,NA
51.8667,10.3333,1991-06-23,12.7899997141212,21.1199995279312,16.9549996210262,1991,6,NA
51.8667,10.3333,1991-06-24,12.4299997221678,19.789999557659,16.1099996399134,1991,6,NA
51.8667,10.3333,1991-06-25,11.9099997337908,17.779999602586,14.8449996681884,1991,6,NA
51.8667,10.3333,1991-06-26,11.0599997527897,18.9899995755404,15.0249996641651,1991,6,NA
51.8667,10.3333,1991-06-27,12.3599997237325,17.4399996101856,14.899999666959,1991,6,NA
51.8667,10.3333,1991-06-28,7.48999983258545,18.1199995949864,12.8049997137859,1991,6,NA
51.8667,10.3333,1991-06-29,6.78999984823167,9.27999979257584,8.03499982040375,1991,6,NA
51.8667,10.3333,1991-06-30,7.19999983906746,11.4399997442961,9.31999979168177,1991,6,NA
51.8667,10.3333,1991-07-01,8.18999981693923,17.8999995999038,13.0449997084215,1991,7,NA
51.8667,10.3333,1991-07-02,12.1099997293204,20.6699995379895,16.389999633655,1991,7,NA
51.8667,10.3333,1991-07-03,14.5499996747822,25.7299994248897,20.1399995498359,1991,7,NA
51.8667,10.3333,1991-07-04,14.0099996868521,23.7199994698167,18.8649995783344,1991,7,NA
51.8667,10.3333,1991-07-05,12.5399997197092,22.4299994986504,17.4849996091798,1991,7,NA
51.8667,10.3333,1991-07-06,14.629999672994,25.3599994331598,19.9949995530769,1991,7,NA
51.8667,10.3333,1991-07-07,14.7699996698648,26.109999416396,20.4399995431304,1991,7,NA
51.8667,10.3333,1991-07-08,15.5699996519834,26.9699993971735,21.2699995245785,1991,7,NA
51.8667,10.3333,1991-07-09,17.1099996175617,26.3699994105846,21.7399995140731,1991,7,NA
51.8667,10.3333,1991-07-10,14.9299996662885,23.7799994684756,19.354999567382,1991,7,NA
51.8667,10.3333,1991-07-11,9.36999979056418,21.6499995160848,15.5099996533245,1991,7,NA
51.8667,10.3333,1991-07-12,12.7499997150153,28.4999993629754,20.6249995389953,1991,7,NA
51.8667,10.3333,1991-07-13,17.529999608174,27.6199993826449,22.5749994954094,1991,7,NA
51.8667,10.3333,1991-07-14,12.8699997123331,20.7699995357543,16.8199996240437,1991,7,NA
51.8667,10.3333,1991-07-15,13.9499996881932,18.7099995817989,16.3299996349961,1991,7,NA
51.8667,10.3333,1991-07-16,10.2299997713417,19.829999556765,15.0299996640533,1991,7,NA
51.8667,10.3333,1991-07-17,13.1099997069687,18.1899995934218,15.6499996501952,1991,7,NA
51.8667,10.3333,1991-07-18,11.4499997440726,18.6999995820224,15.0749996630475,1991,7,NA
51.8667,10.3333,1991-07-19,8.87999980151653,18.069999596104,13.4749996988103,1991,7,NA
51.8667,10.3333,1991-07-20,11.9499997328967,16.0099996421486,13.9799996875226,1991,7,NA
51.8667,10.3333,1991-07-21,11.9299997333437,17.7599996030331,14.8449996681884,1991,7,NA
51.8667,10.3333,1991-07-22,12.0299997311085,18.2699995916337,15.1499996613711,1991,7,NA
51.8667,10.3333,1991-07-23,7.53999983146787,18.5099995862693,13.0249997088686,1991,7,NA
51.8667,10.3333,1991-07-24,8.65999980643392,24.409999454394,16.5349996304139,1991,7,NA
51.8667,10.3333,1991-07-25,13.0699997078627,23.9599994644523,18.5149995861575,1991,7,NA
51.8667,10.3333,1991-07-26,10.6999997608364,19.1599995717406,14.9299996662885,1991,7,NA
51.8667,10.3333,1991-07-27,8.94999979995191,18.0599995963275,13.5049996981397,1991,7,NA
51.8667,10.3333,1991-07-28,11.2899997476488,20.0199995525181,15.6549996500835,1991,7,NA
51.8667,10.3333,1991-07-29,10.5899997632951,23.0199994854629,16.804999624379,1991,7,NA
51.8667,10.3333,1991-07-30,13.0399997085333,23.8799994662404,18.4599995873868,1991,7,NA
51.8667,10.3333,1991-07-31,13.5399996973574,24.139999460429,18.8399995788932,1991,7,NA
51.8667,10.3333,1991-08-01,15.1999996602535,23.9299994651228,19.5649995626882,1991,8,NA
51.8667,10.3333,1991-08-02,15.2399996593595,17.6399996057153,16.4399996325374,1991,8,NA
51.8667,10.3333,1991-08-03,15.1799996607006,17.529999608174,16.3549996344373,1991,8,NA
51.8667,10.3333,1991-08-04,14.6099996734411,22.2199995033443,18.4149995883927,1991,8,NA
51.8667,10.3333,1991-08-05,12.3099997248501,22.5099994968623,17.4099996108562,1991,8,NA
51.8667,10.3333,1991-08-06,12.2899997252971,24.7899994459003,18.5399995855987,1991,8,NA
51.8667,10.3333,1991-08-07,15.0199996642768,27.7499993797392,21.384999522008,1991,8,NA
51.8667,10.3333,1991-08-08,17.7699996028095,29.5099993404001,23.6399994716048,1991,8,NA
51.8667,10.3333,1991-08-09,13.0199997089803,22.0699995066971,17.5449996078387,1991,8,NA
51.8667,10.3333,1991-08-10,11.3299997467548,20.09999955073,15.7149996487424,1991,8,NA
51.8667,10.3333,1991-08-11,12.8699997123331,18.0499995965511,15.4599996544421,1991,8,NA
51.8667,10.3333,1991-08-12,16.4199996329844,20.8899995330721,18.6549995830283,1991,8,NA
51.8667,10.3333,1991-08-13,11.7299997378141,18.4699995871633,15.0999996624887,1991,8,NA
51.8667,10.3333,1991-08-14,8.15999981760979,17.6699996050447,12.9149997113273,1991,8,NA
51.8667,10.3333,1991-08-15,8.00999982096255,20.7399995364249,14.3749996786937,1991,8,NA
51.8667,10.3333,1991-08-16,10.7399997599423,23.4999994747341,17.1199996173382,1991,8,NA
51.8667,10.3333,1991-08-17,11.5399997420609,23.2099994812161,17.3749996116385,1991,8,NA
51.8667,10.3333,1991-08-18,11.4699997436255,18.4299995880574,14.9499996658415,1991,8,NA
51.8667,10.3333,1991-08-19,10.0999997742474,15.7599996477365,12.929999710992,1991,8,NA
51.8667,10.3333,1991-08-20,9.16999979503453,15.5399996526539,12.3549997238442,1991,8,NA
51.8667,10.3333,1991-08-21,10.1199997738004,14.3999996781349,12.2599997259676,1991,8,NA
51.8667,10.3333,1991-08-22,7.5199998319149,22.0499995071441,14.7849996695295,1991,8,NA
51.8667,10.3333,1991-08-23,11.3799997456372,26.0399994179606,18.7099995817989,1991,8,NA
51.8667,10.3333,1991-08-24,14.8099996689707,21.3199995234609,18.0649995962158,1991,8,NA
51.8667,10.3333,1991-08-25,13.1199997067451,20.659999538213,16.8899996224791,1991,8,NA
51.8667,10.3333,1991-08-26,9.84999977983534,17.1899996157736,13.5199996978045,1991,8,NA
51.8667,10.3333,1991-08-27,11.6299997400492,17.2099996153265,14.4199996776879,1991,8,NA
51.8667,10.3333,1991-08-28,8.8399998024106,19.1899995710701,14.0149996867403,1991,8,NA
51.8667,10.3333,1991-08-29,10.6799997612834,16.6799996271729,13.6799996942282,1991,8,NA
51.8667,10.3333,1991-08-30,6.18999986164272,16.6699996273965,11.4299997445196,1991,8,NA
51.8667,10.3333,1991-08-31,7.20999983884394,19.0099995750934,13.1099997069687,1991,8,NA
51.8667,10.3333,1991-09-01,7.67999982833862,22.1499995049089,14.9149996666238,1991,9,NA
51.8667,10.3333,1991-09-02,10.9699997548014,22.669999493286,16.8199996240437,1991,9,NA
51.8667,10.3333,1991-09-03,10.879999756813,24.2299994584173,17.5549996076152,1991,9,NA
51.8667,10.3333,1991-09-04,11.3299997467548,25.1199994385242,18.2249995926395,1991,9,NA
51.8667,10.3333,1991-09-05,11.76999973692,25.0899994391948,18.4299995880574,1991,9,NA
51.8667,10.3333,1991-09-06,11.0099997539073,17.4299996104091,14.2199996821582,1991,9,NA
51.8667,10.3333,1991-09-07,7.94999982230365,15.1199996620417,11.5349997421727,1991,9,NA
51.8667,10.3333,1991-09-08,8.71999980509281,13.9799996875226,11.3499997463077,1991,9,NA
51.8667,10.3333,1991-09-09,9.60999978519976,13.7299996931106,11.6699997391552,1991,9,NA
51.8667,10.3333,1991-09-10,9.45999978855252,16.5199996307492,12.9899997096509,1991,9,NA
51.8667,10.3333,1991-09-11,6.67999985069036,20.7999995350838,13.7399996928871,1991,9,NA
51.8667,10.3333,1991-09-12,8.75999980419874,15.5999996513128,12.1799997277558,1991,9,NA
51.8667,10.3333,1991-09-13,3.45999992266297,14.8699996676296,9.16499979514629,1991,9,NA
51.8667,10.3333,1991-09-14,3.58999991975725,18.0099995974451,10.7999997586012,1991,9,NA
51.8667,10.3333,1991-09-15,5.55999987572432,21.6099995169789,13.5849996963516,1991,9,NA
51.8667,10.3333,1991-09-16,8.98999979905784,21.0099995303899,14.9999996647239,1991,9,NA
51.8667,10.3333,1991-09-17,13.4299996998161,19.5099995639175,16.4699996318668,1991,9,NA
51.8667,10.3333,1991-09-18,12.349999723956,16.2099996376783,14.2799996808171,1991,9,NA
51.8667,10.3333,1991-09-19,10.0199997760355,17.8699996005744,13.944999688305,1991,9,NA
51.8667,10.3333,1991-09-20,10.0999997742474,15.1699996609241,12.6349997175857,1991,9,NA
51.8667,10.3333,1991-09-21,5.67999987304211,14.0599996857345,9.86999977938831,1991,9,NA
51.8667,10.3333,1991-09-22,3.83999991416931,18.7199995815754,11.2799997478724,1991,9,NA
51.8667,10.3333,1991-09-23,9.70999978296459,22.5099994968623,16.1099996399134,1991,9,NA
51.8667,10.3333,1991-09-24,7.92999982275069,12.7699997145683,10.3499997686595,1991,9,NA
51.8667,10.3333,1991-09-25,10.2499997708946,16.349999634549,13.2999997027218,1991,9,NA
51.8667,10.3333,1991-09-26,13.3799997009337,20.369999544695,16.8749996228144,1991,9,NA
51.8667,10.3333,1991-09-27,11.3599997460842,17.5199996083975,14.4399996772408,1991,9,NA
51.8667,10.3333,1991-09-28,8.07999981939793,12.0999997295439,10.0899997744709,1991,9,NA
51.8667,10.3333,1991-09-29,6.81999984756112,12.9799997098744,9.89999977871776,1991,9,NA
51.8667,10.3333,1991-09-30,8.49999981001019,15.2899996582419,11.894999734126,1991,9,NA
51.8667,10.3333,1991-10-01,8.58999980799854,15.5799996517599,12.0849997298792,1991,10,1992
51.8667,10.3333,1991-10-02,5.5099998768419,11.8299997355789,8.6699998062104,1991,10,1992
51.8667,10.3333,1991-10-03,6.16999986208975,10.9699997548014,8.56999980844557,1991,10,1992
51.8667,10.3333,1991-10-04,5.82999986968935,14.2499996814877,10.0399997755885,1991,10,1992
51.8667,10.3333,1991-10-05,8.25999981537461,12.6999997161329,10.4799997657537,1991,10,1992
51.8667,10.3333,1991-10-06,6.69999985024333,17.8799996003509,12.2899997252971,1991,10,1992
51.8667,10.3333,1991-10-07,10.4899997655302,13.6499996948987,12.0699997302145,1991,10,1992
51.8667,10.3333,1991-10-08,8.69999980553985,14.4399996772408,11.5699997413903,1991,10,1992
51.8667,10.3333,1991-10-09,6.8899998459965,18.8399995788932,12.8649997124448,1991,10,1992
51.8667,10.3333,1991-10-10,8.91999980062246,18.8099995795637,13.8649996900931,1991,10,1992
51.8667,10.3333,1991-10-11,7.92999982275069,19.3899995665997,13.6599996946752,1991,10,1992
51.8667,10.3333,1991-10-12,8.07999981939793,17.1199996173382,12.5999997183681,1991,10,1992
51.8667,10.3333,1991-10-13,7.35999983549118,14.339999679476,10.8499997574836,1991,10,1992
51.8667,10.3333,1991-10-14,9.88999977894127,12.6699997168034,11.2799997478724,1991,10,1992
51.8667,10.3333,1991-10-15,7.61999982967973,14.2699996810406,10.9449997553602,1991,10,1992
51.8667,10.3333,1991-10-16,7.07999984174967,16.079999640584,11.5799997411668,1991,10,1992
51.8667,10.3333,1991-10-17,8.2099998164922,14.339999679476,11.2749997479841,1991,10,1992
51.8667,10.3333,1991-10-18,2.4699999447912,12.6999997161329,7.58499983046204,1991,10,1992
51.8667,10.3333,1991-10-19,2.49999994412065,6.77999984845519,4.63999989628792,1991,10,1992
51.8667,10.3333,1991-10-20,2.81999993696809,6.17999986186624,4.49999989941716,1991,10,1992
51.8667,10.3333,1991-10-21,-0.629999985918403,4.23999990522861,1.80499995965511,1991,10,1992
51.8667,10.3333,1991-10-22,-3.48999992199242,4.019999910146,0.264999994076788,1991,10,1992
51.8667,10.3333,1991-10-23,0.279999993741512,6.96999984420836,3.62499991897494,1991,10,1992
51.8667,10.3333,1991-10-24,1.4899999666959,7.63999982923269,4.5649998979643,1991,10,1992
51.8667,10.3333,1991-10-25,0.789999982342124,7.0599998421967,3.92499991226941,1991,10,1992
51.8667,10.3333,1991-10-26,1.42999996803701,7.12999984063208,4.27999990433455,1991,10,1992
51.8667,10.3333,1991-10-27,-1.73999996110797,6.39999985694885,2.32999994792044,1991,10,1992
51.8667,10.3333,1991-10-28,-1.89999995753169,7.59999983012676,2.84999993629754,1991,10,1992
51.8667,10.3333,1991-10-29,-2.24999994970858,7.60999982990324,2.67999994009733,1991,10,1992
51.8667,10.3333,1991-10-30,-1.23999997228384,7.07999984174967,2.91999993473291,1991,10,1992
51.8667,10.3333,1991-10-31,-3.75999991595745,6.14999986253679,1.19499997328967,1991,10,1992
51.8667,10.3333,1991-11-01,-3.37999992445111,4.88999989069998,0.754999983124435,1991,11,1992
51.8667,10.3333,1991-11-02,-2.60999994166195,8.23999981582165,2.81499993707985,1991,11,1992
51.8667,10.3333,1991-11-03,4.2499999050051,10.0799997746944,7.16499983984977,1991,11,1992
51.8667,10.3333,1991-11-04,6.64999985136092,11.9299997333437,9.28999979235232,1991,11,1992
51.8667,10.3333,1991-11-05,3.24999992735684,7.749999826774,5.49999987706542,1991,11,1992
51.8667,10.3333,1991-11-06,1.3799999691546,5.14999988488853,3.26499992702156,1991,11,1992
51.8667,10.3333,1991-11-07,0.409999990835786,3.74999991618097,2.07999995350838,1991,11,1992
51.8667,10.3333,1991-11-08,0.759999983012676,8.36999981291592,4.5649998979643,1991,11,1992
51.8667,10.3333,1991-11-09,5.1099998857826,8.61999980732799,6.86499984655529,1991,11,1992
51.8667,10.3333,1991-11-10,1.47999996691942,5.5099998768419,3.49499992188066,1991,11,1992
51.8667,10.3333,1991-11-11,0.109999997541308,3.24999992735684,1.67999996244907,1991,11,1992
51.8667,10.3333,1991-11-12,0.0299999993294477,3.59999991953373,1.81499995943159,1991,11,1992
51.8667,10.3333,1991-11-13,2.1799999512732,6.26999985985458,4.22499990556389,1991,11,1992
51.8667,10.3333,1991-11-14,3.45999992266297,8.93999980017543,6.1999998614192,1991,11,1992
51.8667,10.3333,1991-11-15,2.43999994546175,4.92999988980591,3.68499991763383,1991,11,1992
51.8667,10.3333,1991-11-16,1.59999996423721,4.11999990791082,2.85999993607402,1991,11,1992
51.8667,10.3333,1991-11-17,-0.149999996647239,4.6499998960644,2.24999994970858,1991,11,1992
51.8667,10.3333,1991-11-18,-0.649999985471368,1.81999995931983,0.584999986924231,1991,11,1992
51.8667,10.3333,1991-11-19,-3.05999993160367,2.42999994568527,-0.314999992959201,1991,11,1992
51.8667,10.3333,1991-11-20,1.35999996960163,5.12999988533556,3.2449999274686,1991,11,1992
51.8667,10.3333,1991-11-21,0.34999999217689,2.34999994747341,1.34999996982515,1991,11,1992
51.8667,10.3333,1991-11-22,-4.45999990031123,0.839999981224537,-1.80999995954335,1991,11,1992
51.8667,10.3333,1991-11-23,-6.16999986208975,2.59999994188547,-1.78499996010214,1991,11,1992
51.8667,10.3333,1991-11-24,0.129999997094274,4.07999990880489,2.10499995294958,1991,11,1992
51.8667,10.3333,1991-11-25,0.209999995306134,5.87999986857176,3.04499993193895,1991,11,1992
51.8667,10.3333,1991-11-26,-0.439999990165234,5.61999987438321,2.58999994210899,1991,11,1992
51.8667,10.3333,1991-11-27,-0.319999992847443,4.48999989964068,2.08499995339662,1991,11,1992
51.8667,10.3333,1991-11-28,-0.0899999979883432,6.08999986387789,2.99999993294477,1991,11,1992
51.8667,10.3333,1991-11-29,0.919999979436398,5.64999987371266,3.28499992657453,1991,11,1992
51.8667,10.3333,1991-11-30,0.259999994188547,8.64999980665743,4.45499990042299,1991,11,1992
51.8667,10.3333,1991-12-01,0.989999977871776,7.02999984286726,4.00999991036952,1991,12,1992
51.8667,10.3333,1991-12-02,-0.199999995529652,5.75999987125397,2.77999993786216,1991,12,1992
51.8667,10.3333,1991-12-03,-2.75999993830919,1.15999997407198,-0.799999982118607,1991,12,1992
51.8667,10.3333,1991-12-04,-4.67999989539385,-1.15999997407198,-2.91999993473291,1991,12,1992
51.8667,10.3333,1991-12-05,-3.82999991439283,2.59999994188547,-0.614999986253679,1991,12,1992
51.8667,10.3333,1991-12-06,-1.45999996736646,3.13999992981553,0.839999981224537,1991,12,1992
51.8667,10.3333,1991-12-07,-4.91999989002943,-0.0699999984353781,-2.4949999442324,1991,12,1992
51.8667,10.3333,1991-12-08,-0.759999983012676,1.64999996311963,0.444999990053475,1991,12,1992
51.8667,10.3333,1991-12-09,-1.0899999756366,1.05999997630715,-0.0149999996647239,1991,12,1992
51.8667,10.3333,1991-12-10,-7.89999982342124,-0.0499999988824129,-3.97499991115183,1991,12,1992
51.8667,10.3333,1991-12-11,-9.08999979682267,-2.26999994926155,-5.67999987304211,1991,12,1992
51.8667,10.3333,1991-12-12,-6.26999985985458,-0.239999994635582,-3.25499992724508,1991,12,1992
51.8667,10.3333,1991-12-13,-6.51999985426664,0.92999997921288,-2.79499993752688,1991,12,1992
51.8667,10.3333,1991-12-14,-3.94999991171062,1.91999995708466,-1.01499997731298,1991,12,1992
51.8667,10.3333,1991-12-15,-2.18999995104969,2.37999994680285,0.0949999978765845,1991,12,1992
51.8667,10.3333,1991-12-16,-3.18999992869794,4.10999990813434,0.459999989718199,1991,12,1992
51.8667,10.3333,1991-12-17,-2.29999994859099,2.70999993942678,0.204999995417893,1991,12,1992
51.8667,10.3333,1991-12-18,-0.229999994859099,2.96999993361533,1.36999996937811,1991,12,1992
51.8667,10.3333,1991-12-19,0.919999979436398,3.76999991573393,2.34499994758517,1991,12,1992
51.8667,10.3333,1991-12-20,0.0699999984353781,6.52999985404313,3.29999992623925,1991,12,1992
51.8667,10.3333,1991-12-21,-1.25999997183681,6.40999985672534,2.57499994244426,1991,12,1992
51.8667,10.3333,1991-12-22,-1.27999997138977,0.839999981224537,-0.219999995082617,1991,12,1992
51.8667,10.3333,1991-12-23,-0.339999992400408,8.57999980822206,4.11999990791082,1991,12,1992
51.8667,10.3333,1991-12-24,5.71999987214804,9.33999979123473,7.52999983169138,1991,12,1992
51.8667,10.3333,1991-12-25,0.549999987706542,6.029999865219,3.28999992646277,1991,12,1992
51.8667,10.3333,1991-12-26,-0.879999980330467,1.45999996736646,0.289999993517995,1991,12,1992
51.8667,10.3333,1991-12-27,-0.699999984353781,4.34999990276992,1.82499995920807,1991,12,1992
51.8667,10.3333,1991-12-28,-0.919999979436398,4.05999990925193,1.56999996490777,1991,12,1992
51.8667,10.3333,1991-12-29,-3.88999991305172,1.10999997518957,-1.38999996893108,1991,12,1992
51.8667,10.3333,1991-12-30,0.469999989494681,2.76999993808568,1.61999996379018,1991,12,1992
51.8667,10.3333,1991-12-31,0.949999978765845,3.29999992623925,2.12499995250255,1991,12,1992
51.8667,10.3333,1992-01-01,-1.39999996870756,1.61999996379018,0.109999997541308,1992,1,1992
51.8667,10.3333,1992-01-02,-2.2399999499321,1.69999996200204,-0.26999999396503,1992,1,1992
51.8667,10.3333,1992-01-03,0.869999980553985,4.55999989807606,2.71499993931502,1992,1,1992
51.8667,10.3333,1992-01-04,-1.38999996893108,4.33999990299344,1.47499996703118,1992,1,1992
51.8667,10.3333,1992-01-05,1.02999997697771,3.65999991819263,2.34499994758517,1992,1,1992
51.8667,10.3333,1992-01-06,0.699999984353781,5.41999987885356,3.05999993160367,1992,1,1992
51.8667,10.3333,1992-01-07,4.42999990098178,7.54999983124435,5.98999986611307,1992,1,1992
51.8667,10.3333,1992-01-08,0.109999997541308,6.33999985828996,3.22499992791563,1992,1,1992
51.8667,10.3333,1992-01-09,-0.30999999307096,6.38999985717237,3.0399999320507,1992,1,1992
51.8667,10.3333,1992-01-10,1.38999996893108,8.2099998164922,4.79999989271164,1992,1,1992
51.8667,10.3333,1992-01-11,-3.60999991931021,1.719999961555,-0.944999978877604,1992,1,1992
51.8667,10.3333,1992-01-12,-6.85999984666705,1.78999995999038,-2.53499994333833,1992,1,1992
51.8667,10.3333,1992-01-13,-2.50999994389713,0.949999978765845,-0.779999982565641,1992,1,1992
51.8667,10.3333,1992-01-14,-2.55999994277954,0.959999978542328,-0.799999982118607,1992,1,1992
51.8667,10.3333,1992-01-15,-0.0999999977648258,3.73999991640449,1.81999995931983,1992,1,1992
51.8667,10.3333,1992-01-16,2.21999995037913,3.84999991394579,3.03499993216246,1992,1,1992
51.8667,10.3333,1992-01-17,0.629999985918403,2.79999993741512,1.71499996166676,1992,1,1992
51.8667,10.3333,1992-01-18,0.189999995753169,2.57999994233251,1.38499996904284,1992,1,1992
51.8667,10.3333,1992-01-19,0.229999994859099,3.0999999307096,1.66499996278435,1992,1,1992
51.8667,10.3333,1992-01-20,0.819999981671572,3.16999992914498,1.99499995540828,1992,1,1992
51.8667,10.3333,1992-01-21,-8.80999980308115,1.6099999640137,-3.59999991953373,1992,1,1992
51.8667,10.3333,1992-01-22,-11.4199997447431,-4.53999989852309,-7.9799998216331,1992,1,1992
51.8667,10.3333,1992-01-23,-11.0099997539073,-2.74999993853271,-6.87999984622002,1992,1,1992
51.8667,10.3333,1992-01-24,-7.69999982789159,0.389999991282821,-3.65499991830438,1992,1,1992
51.8667,10.3333,1992-01-25,-6.51999985426664,2.38999994657934,-2.06499995384365,1992,1,1992
51.8667,10.3333,1992-01-26,-6.60999985225499,3.07999993115664,-1.76499996054918,1992,1,1992
51.8667,10.3333,1992-01-27,-6.09999986365438,0.739999983459711,-2.67999994009733,1992,1,1992
51.8667,10.3333,1992-01-28,-2.50999994389713,-0.399999991059303,-1.45499996747822,1992,1,1992
51.8667,10.3333,1992-01-29,-5.41999987885356,0.369999991729856,-2.52499994356185,1992,1,1992
51.8667,10.3333,1992-01-30,-4.37999990209937,4.26999990455806,-0.0549999987706542,1992,1,1992
51.8667,10.3333,1992-01-31,-1.20999997295439,1.73999996110797,0.264999994076788,1992,1,1992
51.8667,10.3333,1992-02-01,-2.80999993719161,3.33999992534518,0.264999994076788,1992,2,1992
51.8667,10.3333,1992-02-02,-3.17999992892146,2.20999995060265,-0.484999989159405,1992,2,1992
51.8667,10.3333,1992-02-03,-3.7899999152869,0.389999991282821,-1.69999996200204,1992,2,1992
51.8667,10.3333,1992-02-04,-3.21999992802739,2.05999995395541,-0.57999998703599,1992,2,1992
51.8667,10.3333,1992-02-05,-0.839999981224537,1.00999997742474,0.0849999981001019,1992,2,1992
51.8667,10.3333,1992-02-06,-1.46999996714294,4.09999990835786,1.31499997060746,1992,2,1992
51.8667,10.3333,1992-02-07,3.3899999242276,5.18999988399446,4.28999990411103,1992,2,1992
51.8667,10.3333,1992-02-08,3.02999993227422,5.32999988086522,4.17999990656972,1992,2,1992
51.8667,10.3333,1992-02-09,0.849999981001019,6.53999985381961,3.69499991741031,1992,2,1992
51.8667,10.3333,1992-02-10,0.419999990612268,6.57999985292554,3.4999999217689,1992,2,1992
51.8667,10.3333,1992-02-11,0.529999988153577,5.00999988801777,2.76999993808568,1992,2,1992
51.8667,10.3333,1992-02-12,0.339999992400408,3.81999991461635,2.07999995350838,1992,2,1992
51.8667,10.3333,1992-02-13,2.6999999396503,7.39999983459711,5.0499998871237,1992,2,1992
51.8667,10.3333,1992-02-14,3.70999991707504,8.50999980978668,6.10999986343086,1992,2,1992
51.8667,10.3333,1992-02-15,0.979999978095293,4.16999990679324,2.57499994244426,1992,2,1992
51.8667,10.3333,1992-02-16,2.11999995261431,6.54999985359609,4.3349999031052,1992,2,1992
51.8667,10.3333,1992-02-17,-1.23999997228384,2.53999994322658,0.649999985471368,1992,2,1992
51.8667,10.3333,1992-02-18,-6.06999986432493,-0.949999978765845,-3.50999992154539,1992,2,1992
51.8667,10.3333,1992-02-19,-7.82999982498586,-3.81999991461635,-5.8249998698011,1992,2,1992
51.8667,10.3333,1992-02-20,-4.11999990791082,-1.26999997161329,-2.69499993976206,1992,2,1992
51.8667,10.3333,1992-02-21,-3.48999992199242,0.109999997541308,-1.68999996222556,1992,2,1992
51.8667,10.3333,1992-02-22,-1.03999997675419,1.34999996982515,0.15499999653548,1992,2,1992
51.8667,10.3333,1992-02-23,0.279999993741512,2.4099999461323,1.34499996993691,1992,2,1992
51.8667,10.3333,1992-02-24,0.519999988377094,4.77999989315867,2.64999994076788,1992,2,1992
51.8667,10.3333,1992-02-25,-0.809999981895089,4.56999989785254,1.87999995797873,1992,2,1992
51.8667,10.3333,1992-02-26,-0.729999983683228,6.80999984778464,3.0399999320507,1992,2,1992
51.8667,10.3333,1992-02-27,-0.609999986365438,7.22999983839691,3.30999992601573,1992,2,1992
51.8667,10.3333,1992-02-28,0.519999988377094,9.28999979235232,4.90499989036471,1992,2,1992
51.8667,10.3333,1992-02-29,1.33999997004867,10.339999768883,5.83999986946583,1992,2,1992
51.8667,10.3333,1992-03-01,2.73999993875623,12.2999997250736,7.5199998319149,1992,3,1992
51.8667,10.3333,1992-03-02,3.3899999242276,12.5499997194856,7.96999982185662,1992,3,1992
51.8667,10.3333,1992-03-03,2.10999995283782,8.22999981604517,5.16999988444149,1992,3,1992
51.8667,10.3333,1992-03-04,0.979999978095293,5.42999987863004,3.20499992836267,1992,3,1992
51.8667,10.3333,1992-03-05,2.48999994434416,10.0799997746944,6.2849998595193,1992,3,1992
51.8667,10.3333,1992-03-06,0.949999978765845,14.2599996812642,7.604999830015,1992,3,1992
51.8667,10.3333,1992-03-07,3.5599999204278,10.2699997704476,6.91499984543771,1992,3,1992
51.8667,10.3333,1992-03-08,-0.92999997921288,9.19999979436398,4.13499990757555,1992,3,1992
51.8667,10.3333,1992-03-09,0.599999986588955,10.3699997682124,5.4849998774007,1992,3,1992
51.8667,10.3333,1992-03-10,0.569999987259507,10.8299997579306,5.69999987259507,1992,3,1992
51.8667,10.3333,1992-03-11,0.679999984800816,11.3999997451901,6.03999986499548,1992,3,1992
51.8667,10.3333,1992-03-12,-0.829999981448054,8.15999981760979,3.66499991808087,1992,3,1992
51.8667,10.3333,1992-03-13,-0.649999985471368,4.76999989338219,2.05999995395541,1992,3,1992
51.8667,10.3333,1992-03-14,-0.989999977871776,5.09999988600612,2.05499995406717,1992,3,1992
51.8667,10.3333,1992-03-15,-2.2399999499321,0.329999992623925,-0.954999978654087,1992,3,1992
51.8667,10.3333,1992-03-16,-2.11999995261431,0.999999977648258,-0.559999987483025,1992,3,1992
51.8667,10.3333,1992-03-17,-0.65999998524785,1.75999996066093,0.549999987706542,1992,3,1992
51.8667,10.3333,1992-03-18,-0.0399999991059303,3.37999992445111,1.66999996267259,1992,3,1992
51.8667,10.3333,1992-03-19,-0.0899999979883432,10.6599997617304,5.28499988187104,1992,3,1992
51.8667,10.3333,1992-03-20,1.44999996758997,6.32999985851347,3.88999991305172,1992,3,1992
51.8667,10.3333,1992-03-21,2.28999994881451,9.50999978743494,5.89999986812472,1992,3,1992
51.8667,10.3333,1992-03-22,1.23999997228384,9.14999979548156,5.1949998838827,1992,3,1992
51.8667,10.3333,1992-03-23,0.539999987930059,2.59999994188547,1.56999996490777,1992,3,1992
51.8667,10.3333,1992-03-24,-0.429999990388751,3.86999991349876,1.719999961555,1992,3,1992
51.8667,10.3333,1992-03-25,-1.34999996982515,3.14999992959201,0.899999979883432,1992,3,1992
51.8667,10.3333,1992-03-26,-0.429999990388751,1.96999995596707,0.769999982789159,1992,3,1992
51.8667,10.3333,1992-03-27,-0.799999982118607,3.73999991640449,1.46999996714294,1992,3,1992
51.8667,10.3333,1992-03-28,-1.13999997451901,3.67999991774559,1.26999997161329,1992,3,1992
51.8667,10.3333,1992-03-29,-2.39999994635582,1.19999997317791,-0.599999986588955,1992,3,1992
51.8667,10.3333,1992-03-30,-2.94999993406236,1.43999996781349,-0.754999983124435,1992,3,1992
51.8667,10.3333,1992-03-31,-3.40999992378056,4.17999990656972,0.384999991394579,1992,3,1992
51.8667,10.3333,1992-04-01,-0.389999991282821,9.41999978944659,4.51499989908189,1992,4,1992
51.8667,10.3333,1992-04-02,0.219999995082617,7.31999983638525,3.76999991573393,1992,4,1992
51.8667,10.3333,1992-04-03,0.809999981895089,8.57999980822206,4.69499989505857,1992,4,1992
51.8667,10.3333,1992-04-04,1.09999997541308,6.51999985426664,3.80999991483986,1992,4,1992
51.8667,10.3333,1992-04-05,0.30999999307096,5.00999988801777,2.65999994054437,1992,4,1992
51.8667,10.3333,1992-04-06,-1.0899999756366,5.25999988242984,2.08499995339662,1992,4,1992
51.8667,10.3333,1992-04-07,-0.539999987930059,6.18999986164272,2.82499993685633,1992,4,1992
51.8667,10.3333,1992-04-08,1.72999996133149,10.4599997662008,6.09499986376613,1992,4,1992
51.8667,10.3333,1992-04-09,0.719999983906746,9.82999978028238,5.27499988209456,1992,4,1992
51.8667,10.3333,1992-04-10,-0.229999994859099,10.5399997644126,5.15499988477677,1992,4,1992
51.8667,10.3333,1992-04-11,1.50999996624887,11.6999997384846,6.60499985236675,1992,4,1992
51.8667,10.3333,1992-04-12,4.30999990366399,14.2799996808171,9.29499979224056,1992,4,1992
51.8667,10.3333,1992-04-13,3.34999992512167,14.5899996738881,8.96999979950488,1992,4,1992
51.8667,10.3333,1992-04-14,3.37999992445111,9.70999978296459,6.54499985370785,1992,4,1992
51.8667,10.3333,1992-04-15,2.34999994747341,8.09999981895089,5.22499988321215,1992,4,1992
51.8667,10.3333,1992-04-16,3.2699999269098,9.17999979481101,6.22499986086041,1992,4,1992
51.8667,10.3333,1992-04-17,-1.50999996624887,3.80999991483986,1.1499999742955,1992,4,1992
51.8667,10.3333,1992-04-18,-2.77999993786216,3.53999992087483,0.379999991506338,1992,4,1992
51.8667,10.3333,1992-04-19,0.689999984577298,8.78999980352819,4.73999989405274,1992,4,1992
51.8667,10.3333,1992-04-20,3.70999991707504,9.56999978609383,6.63999985158443,1992,4,1992
51.8667,10.3333,1992-04-21,0.389999991282821,6.97999984398484,3.68499991763383,1992,4,1992
51.8667,10.3333,1992-04-22,-2.61999994143844,10.5799997635186,3.97999991104007,1992,4,1992
51.8667,10.3333,1992-04-23,2.25999994948506,11.4899997431785,6.87499984633178,1992,4,1992
51.8667,10.3333,1992-04-24,3.75999991595745,9.56999978609383,6.66499985102564,1992,4,1992
51.8667,10.3333,1992-04-25,5.2799998819828,13.0999997071922,9.18999979458749,1992,4,1992
51.8667,10.3333,1992-04-26,7.69999982789159,18.8099995795637,13.2549997037277,1992,4,1992
51.8667,10.3333,1992-04-27,8.91999980062246,17.0999996177852,13.0099997092038,1992,4,1992
51.8667,10.3333,1992-04-28,6.09999986365438,14.4199996776879,10.2599997706711,1992,4,1992
51.8667,10.3333,1992-04-29,4.94999988935888,12.8199997134507,8.88499980140477,1992,4,1992
51.8667,10.3333,1992-04-30,4.52999989874661,10.2499997708946,7.38999983482063,1992,4,1992
51.8667,10.3333,1992-05-01,3.30999992601573,12.1699997279793,7.73999982699752,1992,5,NA
51.8667,10.3333,1992-05-02,4.36999990232289,13.0599997080863,8.71499980520457,1992,5,NA
51.8667,10.3333,1992-05-03,2.74999993853271,8.8999998010695,5.8249998698011,1992,5,NA
51.8667,10.3333,1992-05-04,3.66999991796911,8.98999979905784,6.32999985851347,1992,5,NA
51.8667,10.3333,1992-05-05,0.96999997831881,12.0699997302145,6.51999985426664,1992,5,NA
51.8667,10.3333,1992-05-06,1.58999996446073,15.5299996528774,8.55999980866909,1992,5,NA
51.8667,10.3333,1992-05-07,4.23999990522861,14.5999996736646,9.41999978944659,1992,5,NA
51.8667,10.3333,1992-05-08,8.6699998062104,12.4099997226149,10.5399997644126,1992,5,NA
51.8667,10.3333,1992-05-09,5.12999988533556,12.2799997255206,8.70499980542809,1992,5,NA
51.8667,10.3333,1992-05-10,3.2699999269098,6.8899998459965,5.07999988645315,1992,5,NA
51.8667,10.3333,1992-05-11,3.16999992914498,10.2099997717887,6.68999985046685,1992,5,NA
51.8667,10.3333,1992-05-12,5.42999987863004,9.08999979682267,7.25999983772635,1992,5,NA
51.8667,10.3333,1992-05-13,4.25999990478158,12.9499997105449,8.60499980766326,1992,5,NA
51.8667,10.3333,1992-05-14,10.3299997691065,18.6799995824695,14.504999675788,1992,5,NA
51.8667,10.3333,1992-05-15,9.03999979794025,23.6399994716048,16.3399996347725,1992,5,NA
51.8667,10.3333,1992-05-16,12.5499997194856,25.5099994298071,19.0299995746464,1992,5,NA
51.8667,10.3333,1992-05-17,9.32999979145825,20.4599995426834,14.8949996670708,1992,5,NA
51.8667,10.3333,1992-05-18,5.23999988287687,15.0999996624887,10.1699997726828,1992,5,NA
51.8667,10.3333,1992-05-19,5.83999986946583,17.0399996191263,11.4399997442961,1992,5,NA
51.8667,10.3333,1992-05-20,7.25999983772635,19.2199995703995,13.2399997040629,1992,5,NA
51.8667,10.3333,1992-05-21,9.11999979615211,21.5199995189905,15.3199996575713,1992,5,NA
51.8667,10.3333,1992-05-22,10.1699997726828,22.5199994966388,16.3449996346608,1992,5,NA
51.8667,10.3333,1992-05-23,11.2299997489899,23.7299994695932,17.4799996092916,1992,5,NA
51.8667,10.3333,1992-05-24,12.7999997138977,23.4699994754046,18.1349995946512,1992,5,NA
51.8667,10.3333,1992-05-25,13.5399996973574,23.9399994648993,18.7399995811284,1992,5,NA
51.8667,10.3333,1992-05-26,11.6899997387081,23.7899994682521,17.7399996034801,1992,5,NA
51.8667,10.3333,1992-05-27,9.42999978922307,19.4299995657057,14.4299996774644,1992,5,NA
51.8667,10.3333,1992-05-28,8.86999980174005,19.7499995585531,14.3099996801466,1992,5,NA
51.8667,10.3333,1992-05-29,9.99999977648258,20.0699995514005,15.0349996639416,1992,5,NA
51.8667,10.3333,1992-05-30,8.48999981023371,20.5799995400012,14.5349996751174,1992,5,NA
51.8667,10.3333,1992-05-31,9.64999978430569,21.4499995205551,15.5499996524304,1992,5,NA
51.8667,10.3333,1992-06-01,11.0099997539073,22.2899995017797,16.6499996278435,1992,6,NA
51.8667,10.3333,1992-06-02,12.2499997261912,22.7899994906038,17.5199996083975,1992,6,NA
51.8667,10.3333,1992-06-03,14.5199996754527,24.9799994416535,19.7499995585531,1992,6,NA
51.8667,10.3333,1992-06-04,14.3299996796995,21.0999995283782,17.7149996040389,1992,6,NA
51.8667,10.3333,1992-06-05,12.2099997270852,20.1899995487183,16.1999996379018,1992,6,NA
51.8667,10.3333,1992-06-06,11.1199997514486,23.519999474287,17.3199996128678,1992,6,NA
51.8667,10.3333,1992-06-07,12.9899997096509,20.8799995332956,16.9349996214733,1992,6,NA
51.8667,10.3333,1992-06-08,12.1299997288734,18.4899995867163,15.3099996577948,1992,6,NA
51.8667,10.3333,1992-06-09,10.6699997615069,19.3199995681643,14.9949996648356,1992,6,NA
51.8667,10.3333,1992-06-10,11.5399997420609,19.7199995592237,15.6299996506423,1992,6,NA
51.8667,10.3333,1992-06-11,9.14999979548156,18.7399995811284,13.944999688305,1992,6,NA
51.8667,10.3333,1992-06-12,7.61999982967973,13.5699996966869,10.5949997631833,1992,6,NA
51.8667,10.3333,1992-06-13,7.59999983012676,16.5799996294081,12.0899997297674,1992,6,NA
51.8667,10.3333,1992-06-14,11.5599997416139,20.0699995514005,15.8149996465072,1992,6,NA
51.8667,10.3333,1992-06-15,10.879999756813,21.7199995145202,16.2999996356666,1992,6,NA
51.8667,10.3333,1992-06-16,13.1699997056276,23.9899994637817,18.5799995847046,1992,6,NA
51.8667,10.3333,1992-06-17,13.5199996978045,21.2999995239079,17.4099996108562,1992,6,NA
51.8667,10.3333,1992-06-18,8.51999980956316,20.2299995478243,14.3749996786937,1992,6,NA
51.8667,10.3333,1992-06-19,8.35999981313944,16.5899996291846,12.474999721162,1992,6,NA
51.8667,10.3333,1992-06-20,7.8099998254329,14.9599996656179,11.3849997455254,1992,6,NA
51.8667,10.3333,1992-06-21,11.2999997474253,22.3099995013326,16.804999624379,1992,6,NA
51.8667,10.3333,1992-06-22,13.4799996986985,22.2699995022267,17.8749996004626,1992,6,NA
51.8667,10.3333,1992-06-23,11.9499997328967,18.7099995817989,15.3299996573478,1992,6,NA
51.8667,10.3333,1992-06-24,8.8999998010695,19.6799995601177,14.2899996805936,1992,6,NA
51.8667,10.3333,1992-06-25,11.0499997530133,19.4899995643646,15.2699996586889,1992,6,NA
51.8667,10.3333,1992-06-26,9.83999978005886,20.7399995364249,15.2899996582419,1992,6,NA
51.8667,10.3333,1992-06-27,11.8099997360259,22.4599994979799,17.1349996170029,1992,6,NA
51.8667,10.3333,1992-06-28,10.0599997751415,22.8499994892627,16.4549996322021,1992,6,NA
51.8667,10.3333,1992-06-29,11.0499997530133,25.3199994340539,18.1849995935336,1992,6,NA
51.8667,10.3333,1992-06-30,12.2399997264147,26.0599994175136,19.1499995719641,1992,6,NA
51.8667,10.3333,1992-07-01,13.0999997071922,27.7599993795156,20.4299995433539,1992,7,NA
51.8667,10.3333,1992-07-02,16.0099996421486,25.0199994407594,20.514999541454,1992,7,NA
51.8667,10.3333,1992-07-03,13.2699997033924,21.799999512732,17.5349996080622,1992,7,NA
51.8667,10.3333,1992-07-04,11.0999997518957,20.6699995379895,15.8849996449426,1992,7,NA
51.8667,10.3333,1992-07-05,13.1599997058511,19.1899995710701,16.1749996384606,1992,7,NA
51.8667,10.3333,1992-07-06,11.7799997366965,17.1199996173382,14.4499996770173,1992,7,NA
51.8667,10.3333,1992-07-07,9.40999978967011,12.929999710992,11.169999750331,1992,7,NA
51.8667,10.3333,1992-07-08,9.65999978408217,19.4799995645881,14.5699996743351,1992,7,NA
51.8667,10.3333,1992-07-09,9.00999979861081,22.4999994970858,15.7549996478483,1992,7,NA
51.8667,10.3333,1992-07-10,12.619999717921,24.4799994528294,18.5499995853752,1992,7,NA
51.8667,10.3333,1992-07-11,12.7299997154623,22.2199995033443,17.4749996094033,1992,7,NA
51.8667,10.3333,1992-07-12,12.5299997199327,16.2099996376783,14.3699996788055,1992,7,NA
51.8667,10.3333,1992-07-13,11.4399997442961,16.929999621585,14.1849996829405,1992,7,NA
51.8667,10.3333,1992-07-14,10.1999997720122,18.7799995802343,14.4899996761233,1992,7,NA
51.8667,10.3333,1992-07-15,13.1899997051805,16.3399996347725,14.7649996699765,1992,7,NA
51.8667,10.3333,1992-07-16,8.22999981604517,17.5499996077269,12.889999711886,1992,7,NA
51.8667,10.3333,1992-07-17,7.35999983549118,21.509999519214,14.4349996773526,1992,7,NA
51.8667,10.3333,1992-07-18,11.7799997366965,24.0799994617701,17.9299995992333,1992,7,NA
51.8667,10.3333,1992-07-19,14.1699996832758,20.0099995527416,17.0899996180087,1992,7,NA
51.8667,10.3333,1992-07-20,12.3199997246265,25.3399994336069,18.8299995791167,1992,7,NA
51.8667,10.3333,1992-07-21,15.8899996448308,28.3399993665516,22.1149995056912,1992,7,NA
51.8667,10.3333,1992-07-22,17.779999602586,30.4699993189424,24.1249994607642,1992,7,NA
51.8667,10.3333,1992-07-23,14.6799996718764,21.5599995180964,18.1199995949864,1992,7,NA
51.8667,10.3333,1992-07-24,12.1899997275323,22.7999994903803,17.4949996089563,1992,7,NA
51.8667,10.3333,1992-07-25,14.1699996832758,25.8099994231015,19.9899995531887,1992,7,NA
51.8667,10.3333,1992-07-26,13.5899996962398,21.5599995180964,17.5749996071681,1992,7,NA
51.8667,10.3333,1992-07-27,11.7299997378141,22.8799994885921,17.3049996132031,1992,7,NA
51.8667,10.3333,1992-07-28,11.3999997451901,25.0899994391948,18.2449995921925,1992,7,NA
51.8667,10.3333,1992-07-29,8.62999980710447,18.1599995940924,13.3949997005984,1992,7,NA
51.8667,10.3333,1992-07-30,7.54999983124435,21.8799995109439,14.7149996710941,1992,7,NA
51.8667,10.3333,1992-07-31,11.0299997534603,27.269999390468,19.1499995719641,1992,7,NA
51.8667,10.3333,1992-08-01,13.8799996897578,25.9199994206429,19.8999995552003,1992,8,NA
51.8667,10.3333,1992-08-02,14.1299996841699,27.9299993757159,21.0299995299429,1992,8,NA
51.8667,10.3333,1992-08-03,17.0999996177852,24.4299994539469,20.7649995358661,1992,8,NA
51.8667,10.3333,1992-08-04,14.939999666065,27.6999993808568,21.3199995234609,1992,8,NA
51.8667,10.3333,1992-08-05,12.5899997185916,20.2299995478243,16.4099996332079,1992,8,NA
51.8667,10.3333,1992-08-06,9.83999978005886,24.7699994463474,17.3049996132031,1992,8,NA
51.8667,10.3333,1992-08-07,12.9599997103214,27.7999993786216,20.3799995444715,1992,8,NA
51.8667,10.3333,1992-08-08,13.799999691546,26.0499994177371,19.9249995546415,1992,8,NA
51.8667,10.3333,1992-08-09,15.9899996425956,30.6299993153661,23.3099994789809,1992,8,NA
51.8667,10.3333,1992-08-10,18.9899995755404,34.5399992279708,26.7649994017556,1992,8,NA
51.8667,10.3333,1992-08-11,16.2099996376783,26.5099994074553,21.3599995225668,1992,8,NA
51.8667,10.3333,1992-08-12,11.9499997328967,21.6099995169789,16.7799996249378,1992,8,NA
51.8667,10.3333,1992-08-13,11.2199997492135,21.3399995230138,16.2799996361136,1992,8,NA
51.8667,10.3333,1992-08-14,10.9099997561425,17.6599996052682,14.2849996807054,1992,8,NA
51.8667,10.3333,1992-08-15,10.5599997639656,14.339999679476,12.4499997217208,1992,8,NA
51.8667,10.3333,1992-08-16,9.28999979235232,14.9799996651709,12.1349997287616,1992,8,NA
51.8667,10.3333,1992-08-17,6.029999865219,19.0099995750934,12.5199997201562,1992,8,NA
51.8667,10.3333,1992-08-18,11.5199997425079,15.6799996495247,13.5999996960163,1992,8,NA
51.8667,10.3333,1992-08-19,9.61999978497624,19.0399995744228,14.3299996796995,1992,8,NA
51.8667,10.3333,1992-08-20,11.9499997328967,24.5599994510412,18.254999591969,1992,8,NA
51.8667,10.3333,1992-08-21,14.4399996772408,24.409999454394,19.4249995658174,1992,8,NA
51.8667,10.3333,1992-08-22,13.3699997011572,19.6099995616823,16.4899996314198,1992,8,NA
51.8667,10.3333,1992-08-23,9.79999978095293,21.4499995205551,15.624999650754,1992,8,NA
51.8667,10.3333,1992-08-24,10.9699997548014,17.7499996032566,14.359999679029,1992,8,NA
51.8667,10.3333,1992-08-25,8.45999981090426,17.3699996117502,12.9149997113273,1992,8,NA
51.8667,10.3333,1992-08-26,13.4599996991456,20.5599995404482,17.0099996197969,1992,8,NA
51.8667,10.3333,1992-08-27,15.769999647513,24.2899994570762,20.0299995522946,1992,8,NA
51.8667,10.3333,1992-08-28,14.5399996750057,21.4599995203316,17.9999995976686,1992,8,NA
51.8667,10.3333,1992-08-29,16.1399996392429,27.4999993853271,21.819999512285,1992,8,NA
51.8667,10.3333,1992-08-30,12.4699997212738,22.8299994897097,17.6499996054918,1992,8,NA
51.8667,10.3333,1992-08-31,10.6399997621775,19.9199995547533,15.2799996584654,1992,8,NA
51.8667,10.3333,1992-09-01,10.4599997662008,14.899999666959,12.6799997165799,1992,9,NA
51.8667,10.3333,1992-09-02,6.8899998459965,13.1699997056276,10.029999775812,1992,9,NA
51.8667,10.3333,1992-09-03,5.83999986946583,14.7199996709824,10.2799997702241,1992,9,NA
51.8667,10.3333,1992-09-04,9.89999977871776,16.6199996285141,13.2599997036159,1992,9,NA
51.8667,10.3333,1992-09-05,7.63999982923269,10.7199997603893,9.17999979481101,1992,9,NA
51.8667,10.3333,1992-09-06,7.42999983392656,12.9699997100979,10.1999997720122,1992,9,NA
51.8667,10.3333,1992-09-07,6.28999985940754,13.3499997016042,9.8199997805059,1992,9,NA
51.8667,10.3333,1992-09-08,5.3399998806417,17.5799996070564,11.459999743849,1992,9,NA
51.8667,10.3333,1992-09-09,7.749999826774,14.4999996758997,11.1249997513369,1992,9,NA
51.8667,10.3333,1992-09-10,7.1199998408556,15.3699996564537,11.2449997486547,1992,9,NA
51.8667,10.3333,1992-09-11,5.42999987863004,19.1299995724112,12.2799997255206,1992,9,NA
51.8667,10.3333,1992-09-12,11.6599997393787,21.7699995134026,16.7149996263906,1992,9,NA
51.8667,10.3333,1992-09-13,7.83999982476234,16.4299996327609,12.1349997287616,1992,9,NA
51.8667,10.3333,1992-09-14,6.12999986298382,18.1299995947629,12.1299997288734,1992,9,NA
51.8667,10.3333,1992-09-15,8.72999980486929,13.469999698922,11.0999997518957,1992,9,NA
51.8667,10.3333,1992-09-16,7.98999982140958,15.8699996452779,11.9299997333437,1992,9,NA
51.8667,10.3333,1992-09-17,9.99999977648258,14.4499996770173,12.22499972675,1992,9,NA
51.8667,10.3333,1992-09-18,6.6599998511374,15.6799996495247,11.169999750331,1992,9,NA
51.8667,10.3333,1992-09-19,4.48999989964068,19.4399995654821,11.9649997325614,1992,9,NA
51.8667,10.3333,1992-09-20,7.09999984130263,18.4299995880574,12.76499971468,1992,9,NA
51.8667,10.3333,1992-09-21,10.629999762401,16.7599996253848,13.6949996938929,1992,9,NA
51.8667,10.3333,1992-09-22,7.31999983638525,18.7399995811284,13.0299997087568,1992,9,NA
51.8667,10.3333,1992-09-23,9.38999979011714,23.1699994821101,16.2799996361136,1992,9,NA
51.8667,10.3333,1992-09-24,10.5899997632951,17.6899996045977,14.1399996839464,1992,9,NA
51.8667,10.3333,1992-09-25,6.96999984420836,16.65999962762,11.8149997359142,1992,9,NA
51.8667,10.3333,1992-09-26,7.10999984107912,19.3999995663762,13.2549997037277,1992,9,NA
51.8667,10.3333,1992-09-27,7.88999982364476,21.0999995283782,14.4949996760115,1992,9,NA
51.8667,10.3333,1992-09-28,8.85999980196357,23.2199994809926,16.0399996414781,1992,9,NA
51.8667,10.3333,1992-09-29,9.28999979235232,21.8099995125085,15.5499996524304,1992,9,NA
51.8667,10.3333,1992-09-30,7.87999982386827,16.2099996376783,12.0449997307733,1992,9,NA
51.8667,10.3333,1992-10-01,7.24999983794987,13.3499997016042,10.2999997697771,1992,10,1993
51.8667,10.3333,1992-10-02,9.03999979794025,11.9899997320026,10.5149997649714,1992,10,1993
51.8667,10.3333,1992-10-03,9.14999979548156,13.1899997051805,11.169999750331,1992,10,1993
51.8667,10.3333,1992-10-04,7.81999982520938,12.6599997170269,10.2399997711182,1992,10,1993
51.8667,10.3333,1992-10-05,6.22999986074865,12.2199997268617,9.22499979380518,1992,10,1993
51.8667,10.3333,1992-10-06,3.93999991193414,8.05999981984496,5.99999986588955,1992,10,1993
51.8667,10.3333,1992-10-07,5.1099998857826,9.3599997907877,7.23499983828515,1992,10,1993
51.8667,10.3333,1992-10-08,7.90999982319772,9.9899997767061,8.94999979995191,1992,10,1993
51.8667,10.3333,1992-10-09,4.63999989628792,10.1099997740239,7.3749998351559,1992,10,1993
51.8667,10.3333,1992-10-10,5.85999986901879,7.85999982431531,6.85999984666705,1992,10,1993
51.8667,10.3333,1992-10-11,1.52999996580184,8.56999980844557,5.0499998871237,1992,10,1993
51.8667,10.3333,1992-10-12,0.0599999986588955,8.10999981872737,4.08499990869313,1992,10,1993
51.8667,10.3333,1992-10-13,-1.22999997250736,7.20999983884394,2.98999993316829,1992,10,1993
51.8667,10.3333,1992-10-14,-3.50999992154539,7.749999826774,2.11999995261431,1992,10,1993
51.8667,10.3333,1992-10-15,-1.41999996826053,7.64999982900918,3.11499993037432,1992,10,1993
51.8667,10.3333,1992-10-16,2.20999995060265,5.74999987147748,3.97999991104007,1992,10,1993
51.8667,10.3333,1992-10-17,1.0899999756366,4.67999989539385,2.88499993551522,1992,10,1993
51.8667,10.3333,1992-10-18,-1.00999997742474,4.63999989628792,1.81499995943159,1992,10,1993
51.8667,10.3333,1992-10-19,-1.13999997451901,4.25999990478158,1.55999996513128,1992,10,1993
51.8667,10.3333,1992-10-20,1.34999996982515,8.71999980509281,5.03499988745898,1992,10,1993
51.8667,10.3333,1992-10-21,-0.57999998703599,9.759999781847,4.58999989740551,1992,10,1993
51.8667,10.3333,1992-10-22,1.85999995842576,5.84999986924231,3.85499991383404,1992,10,1993
51.8667,10.3333,1992-10-23,1.58999996446073,4.12999990768731,2.85999993607402,1992,10,1993
51.8667,10.3333,1992-10-24,1.47999996691942,4.67999989539385,3.07999993115664,1992,10,1993
51.8667,10.3333,1992-10-25,1.26999997161329,3.94999991171062,2.60999994166195,1992,10,1993
51.8667,10.3333,1992-10-26,0.829999981448054,3.91999991238117,2.37499994691461,1992,10,1993
51.8667,10.3333,1992-10-27,0.34999999217689,5.12999988533556,2.73999993875623,1992,10,1993
51.8667,10.3333,1992-10-28,-0.0699999984353781,4.38999990187585,2.15999995172024,1992,10,1993
51.8667,10.3333,1992-10-29,2.53999994322658,6.1999998614192,4.36999990232289,1992,10,1993
51.8667,10.3333,1992-10-30,2.13999995216727,4.8199998922646,3.47999992221594,1992,10,1993
51.8667,10.3333,1992-10-31,1.40999996848404,4.59999989718199,3.00499993283302,1992,10,1993
51.8667,10.3333,1992-11-01,-1.74999996088445,4.94999988935888,1.59999996423721,1992,11,1993
51.8667,10.3333,1992-11-02,-2.73999993875623,5.37999987974763,1.3199999704957,1992,11,1993
51.8667,10.3333,1992-11-03,-1.47999996691942,5.18999988399446,1.85499995853752,1992,11,1993
51.8667,10.3333,1992-11-04,2.83999993652105,5.55999987572432,4.19999990612268,1992,11,1993
51.8667,10.3333,1992-11-05,2.61999994143844,5.46999987773597,4.0449999095872,1992,11,1993
51.8667,10.3333,1992-11-06,4.76999989338219,9.25999979302287,7.01499984320253,1992,11,1993
51.8667,10.3333,1992-11-07,7.65999982878566,9.41999978944659,8.53999980911613,1992,11,1993
51.8667,10.3333,1992-11-08,6.43999985605478,9.19999979436398,7.81999982520938,1992,11,1993
51.8667,10.3333,1992-11-09,1.01999997720122,7.95999982208014,4.48999989964068,1992,11,1993
51.8667,10.3333,1992-11-10,-0.999999977648258,5.86999986879528,2.43499994557351,1992,11,1993
51.8667,10.3333,1992-11-11,3.22999992780387,7.50999983213842,5.36999987997115,1992,11,1993
51.8667,10.3333,1992-11-12,3.39999992400408,8.98999979905784,6.19499986153096,1992,11,1993
51.8667,10.3333,1992-11-13,0.789999982342124,4.26999990455806,2.52999994345009,1992,11,1993
51.8667,10.3333,1992-11-14,-0.239999994635582,1.56999996490777,0.664999985136092,1992,11,1993
51.8667,10.3333,1992-11-15,-0.419999990612268,1.79999995976686,0.689999984577298,1992,11,1993
51.8667,10.3333,1992-11-16,-1.09999997541308,2.37999994680285,0.639999985694885,1992,11,1993
51.8667,10.3333,1992-11-17,1.63999996334314,5.12999988533556,3.38499992433935,1992,11,1993
51.8667,10.3333,1992-11-18,0.389999991282821,4.56999989785254,2.47999994456768,1992,11,1993
51.8667,10.3333,1992-11-19,0.459999989718199,3.04999993182719,1.75499996077269,1992,11,1993
51.8667,10.3333,1992-11-20,0.769999982789159,3.68999991752207,2.22999995015562,1992,11,1993
51.8667,10.3333,1992-11-21,0.0299999993294477,2.18999995104969,1.10999997518957,1992,11,1993
51.8667,10.3333,1992-11-22,-0.459999989718199,3.05999993160367,1.29999997094274,1992,11,1993
51.8667,10.3333,1992-11-23,0.179999995976686,4.59999989718199,2.38999994657934,1992,11,1993
51.8667,10.3333,1992-11-24,3.47999992221594,8.92999980039895,6.20499986130744,1992,11,1993
51.8667,10.3333,1992-11-25,4.53999989852309,6.98999984376132,5.76499987114221,1992,11,1993
51.8667,10.3333,1992-11-26,5.37999987974763,9.62999978475273,7.50499983225018,1992,11,1993
51.8667,10.3333,1992-11-27,2.95999993383884,9.32999979145825,6.14499986264855,1992,11,1993
51.8667,10.3333,1992-11-28,1.87999995797873,4.22999990545213,3.05499993171543,1992,11,1993
51.8667,10.3333,1992-11-29,1.73999996110797,6.87999984622002,4.30999990366399,1992,11,1993
51.8667,10.3333,1992-11-30,-1.47999996691942,3.82999991439283,1.1749999737367,1992,11,1993
51.8667,10.3333,1992-12-01,0.879999980330467,8.35999981313944,4.61999989673495,1992,12,1993
51.8667,10.3333,1992-12-02,3.40999992378056,7.72999982722104,5.5699998755008,1992,12,1993
51.8667,10.3333,1992-12-03,3.70999991707504,9.21999979391694,6.46499985549599,1992,12,1993
51.8667,10.3333,1992-12-04,3.1599999293685,9.99999977648258,6.57999985292554,1992,12,1993
51.8667,10.3333,1992-12-05,-0.549999987706542,4.9399998895824,2.19499995093793,1992,12,1993
51.8667,10.3333,1992-12-06,-0.509999988600612,1.81999995931983,0.654999985359609,1992,12,1993
51.8667,10.3333,1992-12-07,-1.82999995909631,1.21999997273088,-0.304999993182719,1992,12,1993
51.8667,10.3333,1992-12-08,-2.02999995462596,1.87999995797873,-0.0749999983236194,1992,12,1993
51.8667,10.3333,1992-12-09,-1.03999997675419,1.76999996043742,0.364999991841614,1992,12,1993
51.8667,10.3333,1992-12-10,-0.759999983012676,0.57999998703599,-0.0899999979883432,1992,12,1993
51.8667,10.3333,1992-12-11,-0.699999984353781,0.649999985471368,-0.0249999994412065,1992,12,1993
51.8667,10.3333,1992-12-12,-0.679999984800816,0.979999978095293,0.149999996647239,1992,12,1993
51.8667,10.3333,1992-12-13,-0.159999996423721,2.77999993786216,1.30999997071922,1992,12,1993
51.8667,10.3333,1992-12-14,0.509999988600612,2.11999995261431,1.31499997060746,1992,12,1993
51.8667,10.3333,1992-12-15,1.13999997451901,5.98999986611307,3.56499992031604,1992,12,1993
51.8667,10.3333,1992-12-16,0.229999994859099,7.83999982476234,4.03499990981072,1992,12,1993
51.8667,10.3333,1992-12-17,0.209999995306134,7.64999982900918,3.92999991215765,1992,12,1993
51.8667,10.3333,1992-12-18,-0.199999995529652,5.7999998703599,2.79999993741512,1992,12,1993
51.8667,10.3333,1992-12-19,-0.61999998614192,7.60999982990324,3.49499992188066,1992,12,1993
51.8667,10.3333,1992-12-20,1.92999995686114,5.49999987706542,3.71499991696328,1992,12,1993
51.8667,10.3333,1992-12-21,-0.30999999307096,3.83999991416931,1.76499996054918,1992,12,1993
51.8667,10.3333,1992-12-22,-1.97999995574355,0.0699999984353781,-0.954999978654087,1992,12,1993
51.8667,10.3333,1992-12-23,-1.17999997362494,1.88999995775521,0.354999992065132,1992,12,1993
51.8667,10.3333,1992-12-24,-0.00999999977648258,2.13999995216727,1.06499997619539,1992,12,1993
51.8667,10.3333,1992-12-25,-1.70999996177852,1.40999996848404,-0.149999996647239,1992,12,1993
51.8667,10.3333,1992-12-26,-4.98999988846481,1.5499999653548,-1.719999961555,1992,12,1993
51.8667,10.3333,1992-12-27,-6.11999986320734,0.789999982342124,-2.66499994043261,1992,12,1993
51.8667,10.3333,1992-12-28,-7.70999982766807,-0.979999978095293,-4.34499990288168,1992,12,1993
51.8667,10.3333,1992-12-29,-8.00999982096255,-1.34999996982515,-4.67999989539385,1992,12,1993
51.8667,10.3333,1992-12-30,-9.36999979056418,-1.12999997474253,-5.24999988265336,1992,12,1993
51.8667,10.3333,1992-12-31,-8.99999979883432,-1.45999996736646,-5.22999988310039,1992,12,1993
51.8667,10.3333,1993-01-01,-7.83999982476234,-0.559999987483025,-4.19999990612268,1993,1,1993
51.8667,10.3333,1993-01-02,-8.84999980218709,-1.65999996289611,-5.2549998825416,1993,1,1993
51.8667,10.3333,1993-01-03,-11.5799997411668,-4.55999989807606,-8.06999981962144,1993,1,1993
51.8667,10.3333,1993-01-04,-14.2699996810406,-7.78999982587993,-11.0299997534603,1993,1,1993
51.8667,10.3333,1993-01-05,-12.4899997208267,-4.52999989874661,-8.50999980978668,1993,1,1993
51.8667,10.3333,1993-01-06,-10.029999775812,1.67999996244907,-4.17499990668148,1993,1,1993
51.8667,10.3333,1993-01-07,-0.61999998614192,4.66999989561737,2.02499995473772,1993,1,1993
51.8667,10.3333,1993-01-08,-0.409999990835786,5.54999987594783,2.56999994255602,1993,1,1993
51.8667,10.3333,1993-01-09,-0.549999987706542,5.86999986879528,2.65999994054437,1993,1,1993
51.8667,10.3333,1993-01-10,-1.98999995552003,5.62999987415969,1.81999995931983,1993,1,1993
51.8667,10.3333,1993-01-11,5.5699998755008,8.00999982096255,6.78999984823167,1993,1,1993
51.8667,10.3333,1993-01-12,5.74999987147748,8.04999982006848,6.89999984577298,1993,1,1993
51.8667,10.3333,1993-01-13,0.749999983236194,5.82999986968935,3.28999992646277,1993,1,1993
51.8667,10.3333,1993-01-14,1.02999997697771,7.90999982319772,4.46999990008771,1993,1,1993
51.8667,10.3333,1993-01-15,1.69999996200204,10.4099997673184,6.0549998646602,1993,1,1993
51.8667,10.3333,1993-01-16,0.0399999991059303,7.32999983616173,3.68499991763383,1993,1,1993
51.8667,10.3333,1993-01-17,7.13999984040856,9.86999977938831,8.50499980989844,1993,1,1993
51.8667,10.3333,1993-01-18,6.18999986164272,10.0999997742474,8.14499981794506,1993,1,1993
51.8667,10.3333,1993-01-19,1.18999997340143,7.02999984286726,4.10999990813434,1993,1,1993
51.8667,10.3333,1993-01-20,-0.0299999993294477,3.4999999217689,1.73499996121973,1993,1,1993
51.8667,10.3333,1993-01-21,2.66999994032085,6.91999984532595,4.7949998928234,1993,1,1993
51.8667,10.3333,1993-01-22,6.09999986365438,8.01999982073903,7.0599998421967,1993,1,1993
51.8667,10.3333,1993-01-23,0.999999977648258,9.18999979458749,5.09499988611788,1993,1,1993
51.8667,10.3333,1993-01-24,0.599999986588955,3.93999991193414,2.26999994926155,1993,1,1993
51.8667,10.3333,1993-01-25,2.94999993406236,8.97999979928136,5.96499986667186,1993,1,1993
51.8667,10.3333,1993-01-26,-2.32999994792044,3.93999991193414,0.804999982006848,1993,1,1993
51.8667,10.3333,1993-01-27,-2.66999994032085,-0.239999994635582,-1.45499996747822,1993,1,1993
51.8667,10.3333,1993-01-28,-2.57999994233251,0.30999999307096,-1.13499997463077,1993,1,1993
51.8667,10.3333,1993-01-29,-2.33999994769692,-0.599999986588955,-1.46999996714294,1993,1,1993
51.8667,10.3333,1993-01-30,-6.93999984487891,-1.3199999704957,-4.12999990768731,1993,1,1993
51.8667,10.3333,1993-01-31,-10.9999997541308,-1.75999996066093,-6.37999985739589,1993,1,1993
51.8667,10.3333,1993-02-01,-9.5299997869879,1.33999997004867,-4.09499990846962,1993,2,1993
51.8667,10.3333,1993-02-02,-10.7299997601658,3.16999992914498,-3.77999991551042,1993,2,1993
51.8667,10.3333,1993-02-03,-7.48999983258545,4.37999990209937,-1.55499996524304,1993,2,1993
51.8667,10.3333,1993-02-04,-5.60999987460673,5.37999987974763,-0.11499999742955,1993,2,1993
51.8667,10.3333,1993-02-05,-3.96999991126359,6.93999984487891,1.48499996680766,1993,2,1993
51.8667,10.3333,1993-02-06,-5.06999988667667,2.99999993294477,-1.03499997686595,1993,2,1993
51.8667,10.3333,1993-02-07,-1.65999996289611,1.46999996714294,-0.0949999978765845,1993,2,1993
51.8667,10.3333,1993-02-08,-0.109999997541308,2.77999993786216,1.33499997016042,1993,2,1993
51.8667,10.3333,1993-02-09,0.0699999984353781,4.99999988824129,2.53499994333833,1993,2,1993
51.8667,10.3333,1993-02-10,-0.409999990835786,5.48999987728894,2.53999994322658,1993,2,1993
51.8667,10.3333,1993-02-11,-1.25999997183681,4.17999990656972,1.45999996736646,1993,2,1993
51.8667,10.3333,1993-02-12,-2.20999995060265,5.70999987237155,1.74999996088445,1993,2,1993
51.8667,10.3333,1993-02-13,-2.6999999396503,6.90999984554946,2.10499995294958,1993,2,1993
51.8667,10.3333,1993-02-14,-3.20999992825091,4.10999990813434,0.449999989941716,1993,2,1993
51.8667,10.3333,1993-02-15,-3.79999991506338,3.30999992601573,-0.244999994523823,1993,2,1993
51.8667,10.3333,1993-02-16,-4.8199998922646,1.22999997250736,-1.79499995987862,1993,2,1993
51.8667,10.3333,1993-02-17,-4.2499999050051,0.679999984800816,-1.78499996010214,1993,2,1993
51.8667,10.3333,1993-02-18,-2.09999995306134,3.66999991796911,0.784999982453883,1993,2,1993
51.8667,10.3333,1993-02-19,0.199999995529652,2.78999993763864,1.49499996658415,1993,2,1993
51.8667,10.3333,1993-02-20,-0.519999988377094,2.36999994702637,0.924999979324639,1993,2,1993
51.8667,10.3333,1993-02-21,-1.03999997675419,1.41999996826053,0.189999995753169,1993,2,1993
51.8667,10.3333,1993-02-22,-4.74999989382923,0.739999983459711,-2.00499995518476,1993,2,1993
51.8667,10.3333,1993-02-23,-8.6099998075515,-3.59999991953373,-6.10499986354262,1993,2,1993
51.8667,10.3333,1993-02-24,-9.49999978765845,-4.75999989360571,-7.12999984063208,1993,2,1993
51.8667,10.3333,1993-02-25,-12.0999997295439,-3.05999993160367,-7.5799998305738,1993,2,1993
51.8667,10.3333,1993-02-26,-7.70999982766807,-1.69999996200204,-4.70499989483505,1993,2,1993
51.8667,10.3333,1993-02-27,-9.95999977737665,0.30999999307096,-4.82499989215285,1993,2,1993
51.8667,10.3333,1993-02-28,-3.64999991841614,-0.479999989271164,-2.06499995384365,1993,2,1993
51.8667,10.3333,1993-03-01,-7.13999984040856,-0.129999997094274,-3.63499991875142,1993,3,1993
51.8667,10.3333,1993-03-02,-6.94999984465539,1.4899999666959,-2.72999993897974,1993,3,1993
51.8667,10.3333,1993-03-03,-3.99999991059303,0.00999999977648258,-1.99499995540828,1993,3,1993
51.8667,10.3333,1993-03-04,-7.82999982498586,-3.02999993227422,-5.42999987863004,1993,3,1993
51.8667,10.3333,1993-03-05,-7.9799998216331,-2.6399999409914,-5.30999988131225,1993,3,1993
51.8667,10.3333,1993-03-06,-5.07999988645315,-1.28999997116625,-3.1849999288097,1993,3,1993
51.8667,10.3333,1993-03-07,-1.72999996133149,2.76999993808568,0.519999988377094,1993,3,1993
51.8667,10.3333,1993-03-08,-1.27999997138977,3.2699999269098,0.994999977760017,1993,3,1993
51.8667,10.3333,1993-03-09,-5.01999988779426,0.879999980330467,-2.06999995373189,1993,3,1993
51.8667,10.3333,1993-03-10,-6.11999986320734,4.56999989785254,-0.7749999826774,1993,3,1993
51.8667,10.3333,1993-03-11,-3.53999992087483,6.14999986253679,1.30499997083098,1993,3,1993
51.8667,10.3333,1993-03-12,-2.65999994054437,6.47999985516071,1.90999995730817,1993,3,1993
51.8667,10.3333,1993-03-13,-0.409999990835786,11.189999749884,5.38999987952411,1993,3,1993
51.8667,10.3333,1993-03-14,0.919999979436398,12.5699997190386,6.7449998492375,1993,3,1993
51.8667,10.3333,1993-03-15,1.70999996177852,13.0899997074157,7.39999983459711,1993,3,1993
51.8667,10.3333,1993-03-16,3.63999991863966,12.8099997136742,8.22499981615692,1993,3,1993
51.8667,10.3333,1993-03-17,4.31999990344048,12.0099997315556,8.16499981749803,1993,3,1993
51.8667,10.3333,1993-03-18,4.96999988891184,9.36999979056418,7.16999983973801,1993,3,1993
51.8667,10.3333,1993-03-19,5.82999986968935,9.49999978765845,7.6649998286739,1993,3,1993
51.8667,10.3333,1993-03-20,0.469999989494681,6.90999984554946,3.68999991752207,1993,3,1993
51.8667,10.3333,1993-03-21,-0.26999999396503,9.88999977894127,4.80999989248812,1993,3,1993
51.8667,10.3333,1993-03-22,0.989999977871776,13.2899997029454,7.13999984040856,1993,3,1993
51.8667,10.3333,1993-03-23,6.00999986566603,11.8699997346848,8.93999980017543,1993,3,1993
51.8667,10.3333,1993-03-24,2.09999995306134,8.88999980129302,5.49499987717718,1993,3,1993
51.8667,10.3333,1993-03-25,-1.12999997474253,5.98999986611307,2.42999994568527,1993,3,1993
51.8667,10.3333,1993-03-26,-0.989999977871776,3.79999991506338,1.4049999685958,1993,3,1993
51.8667,10.3333,1993-03-27,-2.35999994724989,3.9599999114871,0.799999982118607,1993,3,1993
51.8667,10.3333,1993-03-28,-6.06999986432493,1.3199999704957,-2.37499994691461,1993,3,1993
51.8667,10.3333,1993-03-29,-4.57999989762902,0.209999995306134,-2.18499995116144,1993,3,1993
51.8667,10.3333,1993-03-30,-5.21999988332391,0.439999990165234,-2.38999994657934,1993,3,1993
51.8667,10.3333,1993-03-31,-7.42999983392656,4.20999990589917,-1.6099999640137,1993,3,1993
51.8667,10.3333,1993-04-01,-4.4199999012053,12.039999730885,3.80999991483986,1993,4,1993
51.8667,10.3333,1993-04-02,3.50999992154539,17.5699996072799,10.5399997644126,1993,4,1993
51.8667,10.3333,1993-04-03,2.48999994434416,11.2199997492135,6.85499984677881,1993,4,1993
51.8667,10.3333,1993-04-04,-1.47999996691942,7.40999983437359,2.96499993372709,1993,4,1993
51.8667,10.3333,1993-04-05,-1.09999997541308,7.09999984130263,2.99999993294477,1993,4,1993
51.8667,10.3333,1993-04-06,1.22999997250736,9.51999978721142,5.37499987985939,1993,4,1993
51.8667,10.3333,1993-04-07,3.01999993249774,6.53999985381961,4.77999989315867,1993,4,1993
51.8667,10.3333,1993-04-08,2.4699999447912,5.08999988622963,3.77999991551042,1993,4,1993
51.8667,10.3333,1993-04-09,1.39999996870756,5.24999988265336,3.32499992568046,1993,4,1993
51.8667,10.3333,1993-04-10,-0.749999983236194,6.15999986231327,2.70499993953854,1993,4,1993
51.8667,10.3333,1993-04-11,-1.49999996647239,9.61999978497624,4.05999990925193,1993,4,1993
51.8667,10.3333,1993-04-12,-1.68999996222556,10.1599997729063,4.23499990534037,1993,4,1993
51.8667,10.3333,1993-04-13,-0.679999984800816,10.0799997746944,4.69999989494681,1993,4,1993
51.8667,10.3333,1993-04-14,1.02999997697771,10.6799997612834,5.85499986913055,1993,4,1993
51.8667,10.3333,1993-04-15,3.00999993272126,10.8399997577071,6.92499984521419,1993,4,1993
51.8667,10.3333,1993-04-16,0.999999977648258,11.2599997483194,6.12999986298382,1993,4,1993
51.8667,10.3333,1993-04-17,0.599999986588955,13.0299997087568,6.81499984767288,1993,4,1993
51.8667,10.3333,1993-04-18,2.6399999409914,11.6499997396022,7.1449998402968,1993,4,1993
51.8667,10.3333,1993-04-19,6.8899998459965,10.7199997603893,8.80499980319291,1993,4,1993
51.8667,10.3333,1993-04-20,2.8699999358505,8.84999980218709,5.85999986901879,1993,4,1993
51.8667,10.3333,1993-04-21,3.71999991685152,15.5099996533245,9.614999785088,1993,4,1993
51.8667,10.3333,1993-04-22,7.30999983660877,20.9999995306134,14.1549996836111,1993,4,1993
51.8667,10.3333,1993-04-23,7.77999982610345,21.3699995223433,14.5749996742234,1993,4,1993
51.8667,10.3333,1993-04-24,8.17999981716275,17.2099996153265,12.6949997162446,1993,4,1993
51.8667,10.3333,1993-04-25,9.38999979011714,22.9499994870275,16.1699996385723,1993,4,1993
51.8667,10.3333,1993-04-26,10.6999997608364,22.4999994970858,16.5999996289611,1993,4,1993
51.8667,10.3333,1993-04-27,10.6199997626245,22.0599995069206,16.3399996347725,1993,4,1993
51.8667,10.3333,1993-04-28,9.84999977983534,23.3599994778633,16.6049996288493,1993,4,1993
51.8667,10.3333,1993-04-29,10.3799997679889,23.0899994838983,16.7349996259436,1993,4,1993
51.8667,10.3333,1993-04-30,11.0299997534603,23.2899994794279,17.1599996164441,1993,4,1993
51.8667,10.3333,1993-05-01,11.1799997501075,22.3299995008856,16.7549996254966,1993,5,NA
51.8667,10.3333,1993-05-02,9.61999978497624,21.1499995272607,15.3849996561185,1993,5,NA
51.8667,10.3333,1993-05-03,8.46999981068075,19.5699995625764,14.0199996866286,1993,5,NA
51.8667,10.3333,1993-05-04,5.15999988466501,12.619999717921,8.88999980129302,1993,5,NA
51.8667,10.3333,1993-05-05,0.61999998614192,10.3299997691065,5.47499987762421,1993,5,NA
51.8667,10.3333,1993-05-06,2.39999994635582,10.5299997646362,6.46499985549599,1993,5,NA
51.8667,10.3333,1993-05-07,3.1599999293685,8.38999981246889,5.77499987091869,1993,5,NA
51.8667,10.3333,1993-05-08,5.59999987483025,15.5099996533245,10.5549997640774,1993,5,NA
51.8667,10.3333,1993-05-09,8.16999981738627,20.0899995509535,14.1299996841699,1993,5,NA
51.8667,10.3333,1993-05-10,8.95999979972839,20.7399995364249,14.8499996680766,1993,5,NA
51.8667,10.3333,1993-05-11,10.8199997581542,22.0799995064735,16.4499996323138,1993,5,NA
51.8667,10.3333,1993-05-12,10.7799997590482,23.0199994854629,16.8999996222556,1993,5,NA
51.8667,10.3333,1993-05-13,9.55999978631735,22.5199994966388,16.0399996414781,1993,5,NA
51.8667,10.3333,1993-05-14,9.31999979168177,21.219999525696,15.2699996586889,1993,5,NA
51.8667,10.3333,1993-05-15,9.09999979659915,15.0399996638298,12.0699997302145,1993,5,NA
51.8667,10.3333,1993-05-16,7.98999982140958,18.8199995793402,13.4049997003749,1993,5,NA
51.8667,10.3333,1993-05-17,3.84999991394579,15.3799996562302,9.614999785088,1993,5,NA
51.8667,10.3333,1993-05-18,5.12999988533556,19.7299995590001,12.4299997221678,1993,5,NA
51.8667,10.3333,1993-05-19,10.4699997659773,23.7899994682521,17.1299996171147,1993,5,NA
51.8667,10.3333,1993-05-20,12.1099997293204,21.8899995107204,16.9999996200204,1993,5,NA
51.8667,10.3333,1993-05-21,10.5899997632951,24.0199994631112,17.3049996132031,1993,5,NA
51.8667,10.3333,1993-05-22,8.74999980442226,16.8199996240437,12.784999714233,1993,5,NA
51.8667,10.3333,1993-05-23,7.35999983549118,11.7399997375906,9.54999978654087,1993,5,NA
51.8667,10.3333,1993-05-24,8.17999981716275,13.9099996890873,11.044999753125,1993,5,NA
51.8667,10.3333,1993-05-25,8.6699998062104,17.8899996001273,13.2799997031689,1993,5,NA
51.8667,10.3333,1993-05-26,8.51999980956316,22.1699995044619,15.3449996570125,1993,5,NA
51.8667,10.3333,1993-05-27,8.97999979928136,17.9999995976686,13.489999698475,1993,5,NA
51.8667,10.3333,1993-05-28,10.5799997635186,17.4699996095151,14.0249996865168,1993,5,NA
51.8667,10.3333,1993-05-29,7.96999982185662,15.4599996544421,11.7149997381493,1993,5,NA
51.8667,10.3333,1993-05-30,5.9699998665601,16.8099996242672,11.3899997454137,1993,5,NA
51.8667,10.3333,1993-05-31,7.66999982856214,19.0499995741993,13.3599997013807,1993,5,NA
51.8667,10.3333,1993-06-01,9.15999979525805,14.2199996821582,11.6899997387081,1993,6,NA
51.8667,10.3333,1993-06-02,8.54999980889261,16.3199996352196,12.4349997220561,1993,6,NA
51.8667,10.3333,1993-06-03,8.94999979995191,21.8999995104969,15.4249996552244,1993,6,NA
51.8667,10.3333,1993-06-04,11.3599997460842,14.8899996671826,13.1249997066334,1993,6,NA
51.8667,10.3333,1993-06-05,8.52999980933964,19.0199995748699,13.7749996921048,1993,6,NA
51.8667,10.3333,1993-06-06,9.63999978452921,22.6799994930625,16.1599996387959,1993,6,NA
51.8667,10.3333,1993-06-07,12.7099997159094,23.4499994758517,18.0799995958805,1993,6,NA
51.8667,10.3333,1993-06-08,12.5199997201562,19.8799995556474,16.1999996379018,1993,6,NA
51.8667,10.3333,1993-06-09,11.4899997431785,20.409999543801,15.9499996434897,1993,6,NA
51.8667,10.3333,1993-06-10,10.3499997686595,23.8599994666874,17.1049996176735,1993,6,NA
51.8667,10.3333,1993-06-11,14.8699996676296,26.0899994168431,20.4799995422363,1993,6,NA
51.8667,10.3333,1993-06-12,15.9299996439368,23.5299994740635,19.7299995590001,1993,6,NA
51.8667,10.3333,1993-06-13,10.8299997579306,17.2799996137619,14.0549996858463,1993,6,NA
51.8667,10.3333,1993-06-14,8.99999979883432,12.8499997127801,10.9249997558072,1993,6,NA
51.8667,10.3333,1993-06-15,8.06999981962144,13.2399997040629,10.6549997618422,1993,6,NA
51.8667,10.3333,1993-06-16,7.87999982386827,13.6799996942282,10.7799997590482,1993,6,NA
51.8667,10.3333,1993-06-17,5.77999987080693,14.7899996694177,10.2849997701123,1993,6,NA
51.8667,10.3333,1993-06-18,8.57999980822206,15.3399996571243,11.9599997326732,1993,6,NA
51.8667,10.3333,1993-06-19,9.78999978117645,15.9499996434897,12.8699997123331,1993,6,NA
51.8667,10.3333,1993-06-20,12.5899997185916,20.1999995484948,16.3949996335432,1993,6,NA
51.8667,10.3333,1993-06-21,10.069999774918,17.1199996173382,13.5949996961281,1993,6,NA
51.8667,10.3333,1993-06-22,6.58999985270202,17.4499996099621,12.0199997313321,1993,6,NA
51.8667,10.3333,1993-06-23,8.72999980486929,16.7399996258318,12.7349997153506,1993,6,NA
51.8667,10.3333,1993-06-24,10.2199997715652,14.4599996767938,12.3399997241795,1993,6,NA
51.8667,10.3333,1993-06-25,6.64999985136092,11.8899997342378,9.26999979279935,1993,6,NA
51.8667,10.3333,1993-06-26,6.76999984867871,11.6499997396022,9.20999979414046,1993,6,NA
51.8667,10.3333,1993-06-27,5.22999988310039,12.7499997150153,8.98999979905784,1993,6,NA
51.8667,10.3333,1993-06-28,9.24999979324639,15.9099996443838,12.5799997188151,1993,6,NA
51.8667,10.3333,1993-06-29,7.84999982453883,15.6699996497482,11.7599997371435,1993,6,NA
51.8667,10.3333,1993-06-30,7.48999983258545,19.7199995592237,13.6049996959046,1993,6,NA
51.8667,10.3333,1993-07-01,8.50999980978668,21.3699995223433,14.939999666065,1993,7,NA
51.8667,10.3333,1993-07-02,8.45999981090426,21.7899995129555,15.1249996619299,1993,7,NA
51.8667,10.3333,1993-07-03,9.87999977916479,25.2199994362891,17.5499996077269,1993,7,NA
51.8667,10.3333,1993-07-04,11.8099997360259,22.8199994899333,17.3149996129796,1993,7,NA
51.8667,10.3333,1993-07-05,14.8499996680766,22.1999995037913,18.524999585934,1993,7,NA
51.8667,10.3333,1993-07-06,10.5499997641891,19.7399995587766,15.1449996614829,1993,7,NA
51.8667,10.3333,1993-07-07,7.49999983236194,12.889999711886,10.194999772124,1993,7,NA
51.8667,10.3333,1993-07-08,9.24999979324639,12.2199997268617,10.7349997600541,1993,7,NA
51.8667,10.3333,1993-07-09,8.50999980978668,18.1299995947629,13.3199997022748,1993,7,NA
51.8667,10.3333,1993-07-10,10.6599997617304,23.0499994847924,16.8549996232614,1993,7,NA
51.8667,10.3333,1993-07-11,11.3899997454137,19.3399995677173,15.3649996565655,1993,7,NA
51.8667,10.3333,1993-07-12,7.81999982520938,15.499999653548,11.6599997393787,1993,7,NA
51.8667,10.3333,1993-07-13,8.30999981425703,15.7799996472895,12.0449997307733,1993,7,NA
51.8667,10.3333,1993-07-14,8.07999981939793,13.4999996982515,10.7899997588247,1993,7,NA
51.8667,10.3333,1993-07-15,6.96999984420836,13.2399997040629,10.1049997741356,1993,7,NA
51.8667,10.3333,1993-07-16,11.9499997328967,16.7099996265024,14.3299996796995,1993,7,NA
51.8667,10.3333,1993-07-17,12.4099997226149,16.5699996296316,14.4899996761233,1993,7,NA
51.8667,10.3333,1993-07-18,12.9699997100979,18.9999995753169,15.9849996427074,1993,7,NA
51.8667,10.3333,1993-07-19,11.0499997530133,19.9499995540828,15.499999653548,1993,7,NA
51.8667,10.3333,1993-07-20,11.4699997436255,19.5599995627999,15.5149996532127,1993,7,NA
51.8667,10.3333,1993-07-21,9.76999978162348,15.7599996477365,12.76499971468,1993,7,NA
51.8667,10.3333,1993-07-22,9.82999978028238,14.5899996738881,12.2099997270852,1993,7,NA
51.8667,10.3333,1993-07-23,10.0599997751415,14.9499996658415,12.5049997204915,1993,7,NA
51.8667,10.3333,1993-07-24,9.0699997972697,15.2599996589124,12.1649997280911,1993,7,NA
51.8667,10.3333,1993-07-25,13.199999704957,19.4099995661527,16.3049996355549,1993,7,NA
51.8667,10.3333,1993-07-26,9.8199997805059,18.1399995945394,13.9799996875226,1993,7,NA
51.8667,10.3333,1993-07-27,9.05999979749322,14.6799996718764,11.8699997346848,1993,7,NA
51.8667,10.3333,1993-07-28,9.20999979414046,12.4399997219443,10.8249997580424,1993,7,NA
51.8667,10.3333,1993-07-29,11.9599997326732,17.3699996117502,14.6649996722117,1993,7,NA
51.8667,10.3333,1993-07-30,11.499999742955,19.2899995688349,15.3949996558949,1993,7,NA
51.8667,10.3333,1993-07-31,13.9599996879697,26.0799994170666,20.0199995525181,1993,7,NA
51.8667,10.3333,1993-08-01,11.76999973692,16.8499996233732,14.3099996801466,1993,8,NA
51.8667,10.3333,1993-08-02,10.1899997722358,18.7699995804578,14.4799996763468,1993,8,NA
51.8667,10.3333,1993-08-03,9.82999978028238,23.5299994740635,16.6799996271729,1993,8,NA
51.8667,10.3333,1993-08-04,12.4799997210503,23.4599994756281,17.9699995983392,1993,8,NA
51.8667,10.3333,1993-08-05,13.5999996960163,22.2999995015562,17.9499995987862,1993,8,NA
51.8667,10.3333,1993-08-06,13.5699996966869,22.9899994861335,18.2799995914102,1993,8,NA
51.8667,10.3333,1993-08-07,10.5899997632951,14.4599996767938,12.5249997200444,1993,8,NA
51.8667,10.3333,1993-08-08,8.97999979928136,17.0999996177852,13.0399997085333,1993,8,NA
51.8667,10.3333,1993-08-09,11.7999997362494,19.6799995601177,15.7399996481836,1993,8,NA
51.8667,10.3333,1993-08-10,10.3299997691065,18.1499995943159,14.2399996817112,1993,8,NA
51.8667,10.3333,1993-08-11,9.67999978363514,16.1599996387959,12.9199997112155,1993,8,NA
51.8667,10.3333,1993-08-12,7.75999982655048,15.9499996434897,11.8549997350201,1993,8,NA
51.8667,10.3333,1993-08-13,13.4799996986985,21.2899995241314,17.384999611415,1993,8,NA
51.8667,10.3333,1993-08-14,9.84999977983534,16.9699996206909,13.4099997002631,1993,8,NA
51.8667,10.3333,1993-08-15,7.84999982453883,24.2099994588643,16.0299996417016,1993,8,NA
51.8667,10.3333,1993-08-16,16.0899996403605,24.2699994575232,20.1799995489419,1993,8,NA
51.8667,10.3333,1993-08-17,13.4599996991456,23.8399994671345,18.64999958314,1993,8,NA
51.8667,10.3333,1993-08-18,9.82999978028238,17.4699996095151,13.6499996948987,1993,8,NA
51.8667,10.3333,1993-08-19,6.17999986186624,18.4199995882809,12.2999997250736,1993,8,NA
51.8667,10.3333,1993-08-20,8.96999979950488,20.1799995489419,14.5749996742234,1993,8,NA
51.8667,10.3333,1993-08-21,9.47999978810549,18.7799995802343,14.1299996841699,1993,8,NA
51.8667,10.3333,1993-08-22,12.7099997159094,16.6299996282905,14.6699996720999,1993,8,NA
51.8667,10.3333,1993-08-23,8.64999980665743,17.6099996063858,13.1299997065216,1993,8,NA
51.8667,10.3333,1993-08-24,6.77999984845519,12.039999730885,9.40999978967011,1993,8,NA
51.8667,10.3333,1993-08-25,6.33999985828996,13.9499996881932,10.1449997732416,1993,8,NA
51.8667,10.3333,1993-08-26,7.13999984040856,13.75999969244,10.4499997664243,1993,8,NA
51.8667,10.3333,1993-08-27,7.55999983102083,12.1299997288734,9.8449997799471,1993,8,NA
51.8667,10.3333,1993-08-28,8.12999981828034,13.9099996890873,11.0199997536838,1993,8,NA
51.8667,10.3333,1993-08-29,6.64999985136092,14.4099996779114,10.5299997646362,1993,8,NA
51.8667,10.3333,1993-08-30,4.75999989360571,15.4699996542186,10.1149997739121,1993,8,NA
51.8667,10.3333,1993-08-31,8.2099998164922,11.789999736473,9.99999977648258,1993,8,NA
51.8667,10.3333,1993-09-01,7.94999982230365,13.0299997087568,10.4899997655302,1993,9,NA
51.8667,10.3333,1993-09-02,8.25999981537461,14.9699996653944,11.6149997403845,1993,9,NA
51.8667,10.3333,1993-09-03,6.4299998562783,11.2199997492135,8.82499980274588,1993,9,NA
51.8667,10.3333,1993-09-04,8.72999980486929,11.8299997355789,10.2799997702241,1993,9,NA
51.8667,10.3333,1993-09-05,7.72999982722104,12.8799997121096,10.3049997696653,1993,9,NA
51.8667,10.3333,1993-09-06,6.4299998562783,11.9899997320026,9.20999979414046,1993,9,NA
51.8667,10.3333,1993-09-07,3.47999992221594,14.1199996843934,8.79999980330467,1993,9,NA
51.8667,10.3333,1993-09-08,4.11999990791082,17.5799996070564,10.8499997574836,1993,9,NA
51.8667,10.3333,1993-09-09,7.75999982655048,14.5999996736646,11.1799997501075,1993,9,NA
51.8667,10.3333,1993-09-10,12.639999717474,18.3699995893985,15.5049996534362,1993,9,NA
51.8667,10.3333,1993-09-11,11.0599997527897,16.1799996383488,13.6199996955693,1993,9,NA
51.8667,10.3333,1993-09-12,9.24999979324639,14.6199996732175,11.934999733232,1993,9,NA
51.8667,10.3333,1993-09-13,7.9799998216331,14.5999996736646,11.2899997476488,1993,9,NA
51.8667,10.3333,1993-09-14,8.38999981246889,10.7099997606128,9.54999978654087,1993,9,NA
51.8667,10.3333,1993-09-15,7.84999982453883,14.6699996720999,11.2599997483194,1993,9,NA
51.8667,10.3333,1993-09-16,10.4299997668713,13.9499996881932,12.1899997275323,1993,9,NA
51.8667,10.3333,1993-09-17,8.78999980352819,11.209999749437,9.99999977648258,1993,9,NA
51.8667,10.3333,1993-09-18,5.31999988108873,9.15999979525805,7.23999983817339,1993,9,NA
51.8667,10.3333,1993-09-19,2.08999995328486,10.6999997608364,6.39499985706061,1993,9,NA
51.8667,10.3333,1993-09-20,1.63999996334314,14.2199996821582,7.92999982275069,1993,9,NA
51.8667,10.3333,1993-09-21,5.51999987661839,18.8099995795637,12.1649997280911,1993,9,NA
51.8667,10.3333,1993-09-22,12.7499997150153,19.4499995652586,16.099999640137,1993,9,NA
51.8667,10.3333,1993-09-23,11.8499997351319,20.4899995420128,16.1699996385723,1993,9,NA
51.8667,10.3333,1993-09-24,10.5799997635186,17.0199996195734,13.799999691546,1993,9,NA
51.8667,10.3333,1993-09-25,9.9299997780472,11.6499997396022,10.7899997588247,1993,9,NA
51.8667,10.3333,1993-09-26,9.82999978028238,13.0399997085333,11.4349997444078,1993,9,NA
51.8667,10.3333,1993-09-27,7.8099998254329,10.879999756813,9.34499979112297,1993,9,NA
51.8667,10.3333,1993-09-28,7.2899998370558,10.4199997670949,8.85499980207533,1993,9,NA
51.8667,10.3333,1993-09-29,3.90999991260469,12.4799997210503,8.19499981682748,1993,9,NA
51.8667,10.3333,1993-09-30,3.80999991483986,11.9499997328967,7.87999982386827,1993,9,NA
51.8667,10.3333,1993-10-01,3.62999991886318,12.329999724403,7.9799998216331,1993,10,1994
51.8667,10.3333,1993-10-02,5.17999988421798,14.9599996656179,10.069999774918,1993,10,1994
51.8667,10.3333,1993-10-03,6.43999985605478,15.1599996611476,10.7999997586012,1993,10,1994
51.8667,10.3333,1993-10-04,8.00999982096255,11.4499997440726,9.72999978251755,1993,10,1994
51.8667,10.3333,1993-10-05,8.53999980911613,10.8299997579306,9.68499978352338,1993,10,1994
51.8667,10.3333,1993-10-06,9.77999978139997,16.2999996356666,13.0399997085333,1993,10,1994
51.8667,10.3333,1993-10-07,9.11999979615211,15.2899996582419,12.204999727197,1993,10,1994
51.8667,10.3333,1993-10-08,7.04999984242022,14.9599996656179,11.0049997540191,1993,10,1994
51.8667,10.3333,1993-10-09,5.64999987371266,15.519999653101,10.5849997634068,1993,10,1994
51.8667,10.3333,1993-10-10,7.75999982655048,12.7199997156858,10.2399997711182,1993,10,1994
51.8667,10.3333,1993-10-11,5.71999987214804,13.489999698475,9.60499978531152,1993,10,1994
51.8667,10.3333,1993-10-12,6.97999984398484,14.8199996687472,10.899999756366,1993,10,1994
51.8667,10.3333,1993-10-13,10.1999997720122,16.8999996222556,13.5499996971339,1993,10,1994
51.8667,10.3333,1993-10-14,9.08999979682267,14.1299996841699,11.6099997404963,1993,10,1994
51.8667,10.3333,1993-10-15,6.69999985024333,13.9899996872991,10.3449997687712,1993,10,1994
51.8667,10.3333,1993-10-16,0.469999989494681,7.17999983951449,3.82499991450459,1993,10,1994
51.8667,10.3333,1993-10-17,0.509999988600612,5.85999986901879,3.1849999288097,1993,10,1994
51.8667,10.3333,1993-10-18,-1.3799999691546,6.76999984867871,2.69499993976206,1993,10,1994
51.8667,10.3333,1993-10-19,-3.07999993115664,5.11999988555908,1.01999997720122,1993,10,1994
51.8667,10.3333,1993-10-20,-2.90999993495643,7.02999984286726,2.05999995395541,1993,10,1994
51.8667,10.3333,1993-10-21,-0.199999995529652,7.93999982252717,3.86999991349876,1993,10,1994
51.8667,10.3333,1993-10-22,1.97999995574355,4.06999990902841,3.02499993238598,1993,10,1994
51.8667,10.3333,1993-10-23,2.81999993696809,4.7099998947233,3.76499991584569,1993,10,1994
51.8667,10.3333,1993-10-24,1.91999995708466,4.29999990388751,3.10999993048608,1993,10,1994
51.8667,10.3333,1993-10-25,1.24999997206032,3.61999991908669,2.43499994557351,1993,10,1994
51.8667,10.3333,1993-10-26,-1.62999996356666,6.08999986387789,2.22999995015562,1993,10,1994
51.8667,10.3333,1993-10-27,-0.00999999977648258,7.61999982967973,3.80499991495162,1993,10,1994
51.8667,10.3333,1993-10-28,4.30999990366399,6.91999984532595,5.61499987449497,1993,10,1994
51.8667,10.3333,1993-10-29,1.47999996691942,8.78999980352819,5.13499988522381,1993,10,1994
51.8667,10.3333,1993-10-30,0.0499999988824129,7.48999983258545,3.76999991573393,1993,10,1994
51.8667,10.3333,1993-10-31,-0.899999979883432,7.0599998421967,3.07999993115664,1993,10,1994
51.8667,10.3333,1993-11-01,-1.1499999742955,7.79999982565641,3.32499992568046,1993,11,1994
51.8667,10.3333,1993-11-02,-1.82999995909631,3.69999991729856,0.934999979101121,1993,11,1994
51.8667,10.3333,1993-11-03,-1.86999995820224,6.29999985918403,2.21499995049089,1993,11,1994
51.8667,10.3333,1993-11-04,-0.399999991059303,9.36999979056418,4.48499989975244,1993,11,1994
51.8667,10.3333,1993-11-05,0.339999992400408,9.6999997831881,5.01999988779426,1993,11,1994
51.8667,10.3333,1993-11-06,-0.939999978989363,5.75999987125397,2.4099999461323,1993,11,1994
51.8667,10.3333,1993-11-07,0.259999994188547,3.96999991126359,2.11499995272607,1993,11,1994
51.8667,10.3333,1993-11-08,0.879999980330467,3.43999992311001,2.15999995172024,1993,11,1994
51.8667,10.3333,1993-11-09,2.50999994389713,3.92999991215765,3.21999992802739,1993,11,1994
51.8667,10.3333,1993-11-10,2.08999995328486,3.74999991618097,2.91999993473291,1993,11,1994
51.8667,10.3333,1993-11-11,2.06999995373189,4.80999989248812,3.43999992311001,1993,11,1994
51.8667,10.3333,1993-11-12,2.44999994523823,5.98999986611307,4.21999990567565,1993,11,1994
51.8667,10.3333,1993-11-13,0.609999986365438,4.57999989762902,2.59499994199723,1993,11,1994
51.8667,10.3333,1993-11-14,-0.189999995753169,4.75999989360571,2.28499994892627,1993,11,1994
51.8667,10.3333,1993-11-15,0.559999987483025,6.98999984376132,3.77499991562217,1993,11,1994
51.8667,10.3333,1993-11-16,-0.599999986588955,3.18999992869794,1.29499997105449,1993,11,1994
51.8667,10.3333,1993-11-17,-1.98999995552003,0.229999994859099,-0.879999980330467,1993,11,1994
51.8667,10.3333,1993-11-18,-3.30999992601573,-0.109999997541308,-1.70999996177852,1993,11,1994
51.8667,10.3333,1993-11-19,-6.23999986052513,-0.359999991953373,-3.29999992623925,1993,11,1994
51.8667,10.3333,1993-11-20,-8.45999981090426,-1.35999996960163,-4.90999989025295,1993,11,1994
51.8667,10.3333,1993-11-21,-7.75999982655048,-2.33999994769692,-5.0499998871237,1993,11,1994
51.8667,10.3333,1993-11-22,-11.3299997467548,-7.18999983929098,-9.25999979302287,1993,11,1994
51.8667,10.3333,1993-11-23,-9.38999979011714,-3.729999916628,-6.55999985337257,1993,11,1994
51.8667,10.3333,1993-11-24,-8.77999980375171,-4.1899999063462,-6.48499985504895,1993,11,1994
51.8667,10.3333,1993-11-25,-10.1099997740239,-2.33999994769692,-6.22499986086041,1993,11,1994
51.8667,10.3333,1993-11-26,-6.12999986298382,2.98999993316829,-1.56999996490777,1993,11,1994
51.8667,10.3333,1993-11-27,-6.6599998511374,0.749999983236194,-2.9549999339506,1993,11,1994
51.8667,10.3333,1993-11-28,-8.25999981537461,-3.75999991595745,-6.00999986566603,1993,11,1994
51.8667,10.3333,1993-11-29,-7.50999983213842,-1.99999995529652,-4.75499989371747,1993,11,1994
51.8667,10.3333,1993-11-30,-10.5299997646362,-2.15999995172024,-6.3449998581782,1993,11,1994
51.8667,10.3333,1993-12-01,-11.479999743402,-3.62999991886318,-7.55499983113259,1993,12,1994
51.8667,10.3333,1993-12-02,-8.42999981157482,-2.55999994277954,-5.49499987717718,1993,12,1994
51.8667,10.3333,1993-12-03,-5.35999988019466,3.1599999293685,-1.09999997541308,1993,12,1994
51.8667,10.3333,1993-12-04,3.3299999255687,5.7999998703599,4.5649998979643,1993,12,1994
51.8667,10.3333,1993-12-05,2.55999994277954,6.31999985873699,4.43999990075827,1993,12,1994
51.8667,10.3333,1993-12-06,1.62999996356666,6.37999985739589,4.00499991048127,1993,12,1994
51.8667,10.3333,1993-12-07,2.59999994188547,3.83999991416931,3.21999992802739,1993,12,1994
51.8667,10.3333,1993-12-08,-0.319999992847443,2.74999993853271,1.21499997284263,1993,12,1994
51.8667,10.3333,1993-12-09,-0.399999991059303,2.9299999345094,1.26499997172505,1993,12,1994
51.8667,10.3333,1993-12-10,2.58999994210899,6.66999985091388,4.62999989651144,1993,12,1994
51.8667,10.3333,1993-12-11,2.11999995261431,4.94999988935888,3.53499992098659,1993,12,1994
51.8667,10.3333,1993-12-12,-0.359999991953373,4.14999990724027,1.89499995764345,1993,12,1994
51.8667,10.3333,1993-12-13,-0.169999996200204,1.15999997407198,0.494999988935888,1993,12,1994
51.8667,10.3333,1993-12-14,-0.229999994859099,5.21999988332391,2.4949999442324,1993,12,1994
51.8667,10.3333,1993-12-15,-1.45999996736646,4.19999990612268,1.36999996937811,1993,12,1994
51.8667,10.3333,1993-12-16,-1.68999996222556,1.19999997317791,-0.244999994523823,1993,12,1994
51.8667,10.3333,1993-12-17,0.839999981224537,2.48999994434416,1.66499996278435,1993,12,1994
51.8667,10.3333,1993-12-18,0.769999982789159,2.13999995216727,1.45499996747822,1993,12,1994
51.8667,10.3333,1993-12-19,1.0899999756366,6.23999986052513,3.66499991808087,1993,12,1994
51.8667,10.3333,1993-12-20,5.78999987058342,9.9299997780472,7.85999982431531,1993,12,1994
51.8667,10.3333,1993-12-21,0.0999999977648258,7.04999984242022,3.57499992009252,1993,12,1994
51.8667,10.3333,1993-12-22,-2.14999995194376,0.859999980777502,-0.644999985583127,1993,12,1994
51.8667,10.3333,1993-12-23,-2.37999994680285,0.879999980330467,-0.749999983236194,1993,12,1994
51.8667,10.3333,1993-12-24,-0.57999998703599,1.68999996222556,0.554999987594783,1993,12,1994
51.8667,10.3333,1993-12-25,-0.159999996423721,1.68999996222556,0.764999982900918,1993,12,1994
51.8667,10.3333,1993-12-26,-2.43999994546175,0.359999991953373,-1.03999997675419,1993,12,1994
51.8667,10.3333,1993-12-27,-2.33999994769692,-1.30999997071922,-1.82499995920807,1993,12,1994
51.8667,10.3333,1993-12-28,-2.20999995060265,-0.959999978542328,-1.58499996457249,1993,12,1994
51.8667,10.3333,1993-12-29,-2.6399999409914,-0.999999977648258,-1.81999995931983,1993,12,1994
51.8667,10.3333,1993-12-30,-2.55999994277954,1.04999997653067,-0.754999983124435,1993,12,1994
51.8667,10.3333,1993-12-31,0.61999998614192,4.98999988846481,2.80499993730336,1993,12,1994
51.8667,10.3333,1994-01-01,2.80999993719161,5.70999987237155,4.25999990478158,1994,1,1994
51.8667,10.3333,1994-01-02,-0.709999984130263,3.25999992713332,1.27499997150153,1994,1,1994
51.8667,10.3333,1994-01-03,-2.09999995306134,2.32999994792044,0.11499999742955,1994,1,1994
51.8667,10.3333,1994-01-04,1.56999996490777,3.34999992512167,2.45999994501472,1994,1,1994
51.8667,10.3333,1994-01-05,1.30999997071922,4.32999990321696,2.81999993696809,1994,1,1994
51.8667,10.3333,1994-01-06,1.05999997630715,4.20999990589917,2.63499994110316,1994,1,1994
51.8667,10.3333,1994-01-07,3.36999992467463,5.57999987527728,4.47499989997596,1994,1,1994
51.8667,10.3333,1994-01-08,1.64999996311963,6.11999986320734,3.88499991316348,1994,1,1994
51.8667,10.3333,1994-01-09,-1.27999997138977,3.46999992243946,1.09499997552484,1994,1,1994
51.8667,10.3333,1994-01-10,-2.71999993920326,3.69999991729856,0.489999989047647,1994,1,1994
51.8667,10.3333,1994-01-11,-2.20999995060265,2.81999993696809,0.304999993182719,1994,1,1994
51.8667,10.3333,1994-01-12,-0.679999984800816,2.29999994859099,0.809999981895089,1994,1,1994
51.8667,10.3333,1994-01-13,1.38999996893108,5.06999988667667,3.22999992780387,1994,1,1994
51.8667,10.3333,1994-01-14,3.9599999114871,8.62999980710447,6.29499985929579,1994,1,1994
51.8667,10.3333,1994-01-15,2.48999994434416,4.9399998895824,3.71499991696328,1994,1,1994
51.8667,10.3333,1994-01-16,1.18999997340143,2.60999994166195,1.89999995753169,1994,1,1994
51.8667,10.3333,1994-01-17,-3.37999992445111,1.35999996960163,-1.00999997742474,1994,1,1994
51.8667,10.3333,1994-01-18,-6.87999984622002,-2.82999993674457,-4.85499989148229,1994,1,1994
51.8667,10.3333,1994-01-19,-6.64999985136092,-1.05999997630715,-3.85499991383404,1994,1,1994
51.8667,10.3333,1994-01-20,-1.88999995775521,-0.199999995529652,-1.04499997664243,1994,1,1994
51.8667,10.3333,1994-01-21,-2.88999993540347,0.159999996423721,-1.36499996948987,1994,1,1994
51.8667,10.3333,1994-01-22,-3.10999993048608,0.359999991953373,-1.37499996926636,1994,1,1994
51.8667,10.3333,1994-01-23,0.0299999993294477,2.16999995149672,1.09999997541308,1994,1,1994
51.8667,10.3333,1994-01-24,1.0899999756366,5.66999987326562,3.37999992445111,1994,1,1994
51.8667,10.3333,1994-01-25,0.159999996423721,1.76999996043742,0.964999978430569,1994,1,1994
51.8667,10.3333,1994-01-26,-0.529999988153577,6.84999984689057,3.1599999293685,1994,1,1994
51.8667,10.3333,1994-01-27,-0.539999987930059,5.87999986857176,2.66999994032085,1994,1,1994
51.8667,10.3333,1994-01-28,0.749999983236194,5.72999987192452,3.23999992758036,1994,1,1994
51.8667,10.3333,1994-01-29,-1.9499999564141,5.87999986857176,1.96499995607883,1994,1,1994
51.8667,10.3333,1994-01-30,-1.99999995529652,0.179999995976686,-0.909999979659915,1994,1,1994
51.8667,10.3333,1994-01-31,-1.81999995931983,3.4999999217689,0.839999981224537,1994,1,1994
51.8667,10.3333,1994-02-01,0.329999992623925,2.28999994881451,1.30999997071922,1994,2,1994
51.8667,10.3333,1994-02-02,0.0299999993294477,2.30999994836748,1.16999997384846,1994,2,1994
51.8667,10.3333,1994-02-03,-0.899999979883432,2.89999993517995,0.999999977648258,1994,2,1994
51.8667,10.3333,1994-02-04,-3.7899999152869,2.30999994836748,-0.739999983459711,1994,2,1994
51.8667,10.3333,1994-02-05,-0.669999985024333,3.84999991394579,1.58999996446073,1994,2,1994
51.8667,10.3333,1994-02-06,-1.65999996289611,1.79999995976686,0.0699999984353781,1994,2,1994
51.8667,10.3333,1994-02-07,-1.34999996982515,1.89999995753169,0.274999993853271,1994,2,1994
51.8667,10.3333,1994-02-08,-0.479999989271164,2.15999995172024,0.839999981224537,1994,2,1994
51.8667,10.3333,1994-02-09,-3.88999991305172,1.44999996758997,-1.21999997273088,1994,2,1994
51.8667,10.3333,1994-02-10,-0.429999990388751,3.50999992154539,1.53999996557832,1994,2,1994
51.8667,10.3333,1994-02-11,-1.03999997675419,1.78999995999038,0.374999991618097,1994,2,1994
51.8667,10.3333,1994-02-12,-1.719999961555,0.639999985694885,-0.539999987930059,1994,2,1994
51.8667,10.3333,1994-02-13,-2.93999993428588,-0.859999980777502,-1.89999995753169,1994,2,1994
51.8667,10.3333,1994-02-14,-13.3499997016042,-2.74999993853271,-8.04999982006848,1994,2,1994
51.8667,10.3333,1994-02-15,-14.4499996770173,-6.8899998459965,-10.6699997615069,1994,2,1994
51.8667,10.3333,1994-02-16,-11.0199997536838,-1.45999996736646,-6.23999986052513,1994,2,1994
51.8667,10.3333,1994-02-17,-10.4399997666478,-0.679999984800816,-5.55999987572432,1994,2,1994
51.8667,10.3333,1994-02-18,-9.59999978542328,-1.0899999756366,-5.34499988052994,1994,2,1994
51.8667,10.3333,1994-02-19,-12.2199997268617,-3.1599999293685,-7.68999982811511,1994,2,1994
51.8667,10.3333,1994-02-20,-12.889999711886,-3.42999992333353,-8.15999981760979,1994,2,1994
51.8667,10.3333,1994-02-21,-11.8199997358024,-6.46999985538423,-9.14499979559332,1994,2,1994
51.8667,10.3333,1994-02-22,-12.0999997295439,-4.10999990813434,-8.10499981883913,1994,2,1994
51.8667,10.3333,1994-02-23,-12.619999717921,-1.50999996624887,-7.06499984208494,1994,2,1994
51.8667,10.3333,1994-02-24,-9.6999997831881,-0.0699999984353781,-4.88499989081174,1994,2,1994
51.8667,10.3333,1994-02-25,-4.36999990232289,1.09999997541308,-1.6349999634549,1994,2,1994
51.8667,10.3333,1994-02-26,-1.32999997027218,1.43999996781349,0.0549999987706542,1994,2,1994
51.8667,10.3333,1994-02-27,-0.909999979659915,6.66999985091388,2.87999993562698,1994,2,1994
51.8667,10.3333,1994-02-28,3.50999992154539,11.189999749884,7.3499998357147,1994,2,1994
51.8667,10.3333,1994-03-01,3.2699999269098,10.2899997700006,6.77999984845519,1994,3,1994
51.8667,10.3333,1994-03-02,2.12999995239079,7.16999983973801,4.6499998960644,1994,3,1994
51.8667,10.3333,1994-03-03,0.829999981448054,4.67999989539385,2.75499993842095,1994,3,1994
51.8667,10.3333,1994-03-04,1.32999997027218,6.4899998549372,3.90999991260469,1994,3,1994
51.8667,10.3333,1994-03-05,-0.359999991953373,5.40999987907708,2.52499994356185,1994,3,1994
51.8667,10.3333,1994-03-06,-0.989999977871776,10.6499997619539,4.82999989204109,1994,3,1994
51.8667,10.3333,1994-03-07,1.89999995753169,7.76999982632697,4.83499989192933,1994,3,1994
51.8667,10.3333,1994-03-08,2.78999993763864,6.3699998576194,4.57999989762902,1994,3,1994
51.8667,10.3333,1994-03-09,5.76999987103045,9.13999979570508,7.45499983336776,1994,3,1994
51.8667,10.3333,1994-03-10,8.13999981805682,12.7099997159094,10.4249997669831,1994,3,1994
51.8667,10.3333,1994-03-11,1.20999997295439,10.069999774918,5.63999987393618,1994,3,1994
51.8667,10.3333,1994-03-12,-1.90999995730817,10.1399997733533,4.11499990802258,1994,3,1994
51.8667,10.3333,1994-03-13,1.76999996043742,7.41999983415008,4.59499989729375,1994,3,1994
51.8667,10.3333,1994-03-14,0.829999981448054,6.18999986164272,3.50999992154539,1994,3,1994
51.8667,10.3333,1994-03-15,1.79999995976686,7.77999982610345,4.78999989293516,1994,3,1994
51.8667,10.3333,1994-03-16,1.40999996848404,7.04999984242022,4.22999990545213,1994,3,1994
51.8667,10.3333,1994-03-17,-0.0899999979883432,3.00999993272126,1.45999996736646,1994,3,1994
51.8667,10.3333,1994-03-18,-1.76999996043742,1.63999996334314,-0.0649999985471368,1994,3,1994
51.8667,10.3333,1994-03-19,-0.999999977648258,1.65999996289611,0.329999992623925,1994,3,1994
51.8667,10.3333,1994-03-20,0.0899999979883432,4.48999989964068,2.28999994881451,1994,3,1994
51.8667,10.3333,1994-03-21,-1.46999996714294,1.61999996379018,0.0749999983236194,1994,3,1994
51.8667,10.3333,1994-03-22,-1.70999996177852,2.93999993428588,0.614999986253679,1994,3,1994
51.8667,10.3333,1994-03-23,-4.40999990142882,4.84999989159405,0.219999995082617,1994,3,1994
51.8667,10.3333,1994-03-24,3.14999992959201,9.1299997959286,6.13999986276031,1994,3,1994
51.8667,10.3333,1994-03-25,3.52999992109835,10.5999997630715,7.06499984208494,1994,3,1994
51.8667,10.3333,1994-03-26,3.4999999217689,8.90999980084598,6.20499986130744,1994,3,1994
51.8667,10.3333,1994-03-27,0.389999991282821,6.13999986276031,3.26499992702156,1994,3,1994
51.8667,10.3333,1994-03-28,-1.44999996758997,4.48999989964068,1.51999996602535,1994,3,1994
51.8667,10.3333,1994-03-29,-1.64999996311963,8.23999981582165,3.29499992635101,1994,3,1994
51.8667,10.3333,1994-03-30,5.7999998703599,11.0899997521192,8.44499981123954,1994,3,1994
51.8667,10.3333,1994-03-31,5.72999987192452,14.1199996843934,9.92499977815896,1994,3,1994
51.8667,10.3333,1994-04-01,4.98999988846481,13.5199996978045,9.25499979313463,1994,4,1994
51.8667,10.3333,1994-04-02,4.4199999012053,11.1399997510016,7.77999982610345,1994,4,1994
51.8667,10.3333,1994-04-03,0.0999999977648258,5.44999987818301,2.77499993797392,1994,4,1994
51.8667,10.3333,1994-04-04,-1.23999997228384,5.53999987617135,2.14999995194376,1994,4,1994
51.8667,10.3333,1994-04-05,-0.389999991282821,3.68999991752207,1.64999996311963,1994,4,1994
51.8667,10.3333,1994-04-06,-0.739999983459711,5.25999988242984,2.25999994948506,1994,4,1994
51.8667,10.3333,1994-04-07,0.30999999307096,6.12999986298382,3.21999992802739,1994,4,1994
51.8667,10.3333,1994-04-08,-1.4899999666959,6.87999984622002,2.69499993976206,1994,4,1994
51.8667,10.3333,1994-04-09,0.0999999977648258,8.25999981537461,4.17999990656972,1994,4,1994
51.8667,10.3333,1994-04-10,0.769999982789159,5.62999987415969,3.19999992847443,1994,4,1994
51.8667,10.3333,1994-04-11,-1.67999996244907,5.58999987505376,1.95499995630234,1994,4,1994
51.8667,10.3333,1994-04-12,1.0899999756366,5.78999987058342,3.43999992311001,1994,4,1994
51.8667,10.3333,1994-04-13,4.32999990321696,8.58999980799854,6.45999985560775,1994,4,1994
51.8667,10.3333,1994-04-14,2.77999993786216,7.02999984286726,4.90499989036471,1994,4,1994
51.8667,10.3333,1994-04-15,0.61999998614192,4.34999990276992,2.48499994445592,1994,4,1994
51.8667,10.3333,1994-04-16,-1.5499999653548,7.99999982118607,3.22499992791563,1994,4,1994
51.8667,10.3333,1994-04-17,-0.239999994635582,8.22999981604517,3.99499991070479,1994,4,1994
51.8667,10.3333,1994-04-18,2.20999995060265,7.96999982185662,5.08999988622963,1994,4,1994
51.8667,10.3333,1994-04-19,-1.92999995686114,6.15999986231327,2.11499995272607,1994,4,1994
51.8667,10.3333,1994-04-20,-2.06999995373189,9.53999978676438,3.73499991651624,1994,4,1994
51.8667,10.3333,1994-04-21,-0.0899999979883432,12.4199997223914,6.16499986220151,1994,4,1994
51.8667,10.3333,1994-04-22,3.85999991372228,13.1699997056276,8.51499980967492,1994,4,1994
51.8667,10.3333,1994-04-23,3.87999991327524,14.6799996718764,9.27999979257584,1994,4,1994
51.8667,10.3333,1994-04-24,7.78999982587993,18.4199995882809,13.1049997070804,1994,4,1994
51.8667,10.3333,1994-04-25,8.08999981917441,18.399999588728,13.2449997039512,1994,4,1994
51.8667,10.3333,1994-04-26,7.12999984063208,18.2099995929748,12.6699997168034,1994,4,1994
51.8667,10.3333,1994-04-27,6.37999985739589,14.919999666512,10.6499997619539,1994,4,1994
51.8667,10.3333,1994-04-28,8.1499998178333,16.4699996318668,12.3099997248501,1994,4,1994
51.8667,10.3333,1994-04-29,10.5099997650832,17.1299996171147,13.8199996910989,1994,4,1994
51.8667,10.3333,1994-04-30,9.9899997767061,19.4699995648116,14.7299996707588,1994,4,1994
51.8667,10.3333,1994-05-01,8.95999979972839,20.8699995335191,14.9149996666238,1994,5,NA
51.8667,10.3333,1994-05-02,3.69999991729856,10.0999997742474,6.89999984577298,1994,5,NA
51.8667,10.3333,1994-05-03,1.03999997675419,11.1799997501075,6.10999986343086,1994,5,NA
51.8667,10.3333,1994-05-04,1.40999996848404,15.6199996508658,8.51499980967492,1994,5,NA
51.8667,10.3333,1994-05-05,5.37999987974763,14.359999679029,9.86999977938831,1994,5,NA
51.8667,10.3333,1994-05-06,4.52999989874661,9.08999979682267,6.80999984778464,1994,5,NA
51.8667,10.3333,1994-05-07,3.0399999320507,12.4399997219443,7.73999982699752,1994,5,NA
51.8667,10.3333,1994-05-08,8.55999980866909,16.4799996316433,12.5199997201562,1994,5,NA
51.8667,10.3333,1994-05-09,7.35999983549118,18.2699995916337,12.8149997135624,1994,5,NA
51.8667,10.3333,1994-05-10,6.93999984487891,13.799999691546,10.3699997682124,1994,5,NA
51.8667,10.3333,1994-05-11,7.23999983817339,16.2199996374547,11.7299997378141,1994,5,NA
51.8667,10.3333,1994-05-12,6.00999986566603,17.3699996117502,11.6899997387081,1994,5,NA
51.8667,10.3333,1994-05-13,6.90999984554946,16.909999622032,11.9099997337908,1994,5,NA
51.8667,10.3333,1994-05-14,6.52999985404313,16.5399996303022,11.5349997421727,1994,5,NA
51.8667,10.3333,1994-05-15,8.47999981045723,19.4399995654821,13.9599996879697,1994,5,NA
51.8667,10.3333,1994-05-16,10.9099997561425,16.639999628067,13.7749996921048,1994,5,NA
51.8667,10.3333,1994-05-17,7.82999982498586,20.1099995505065,13.9699996877462,1994,5,NA
51.8667,10.3333,1994-05-18,11.0099997539073,19.1599995717406,15.084999662824,1994,5,NA
51.8667,10.3333,1994-05-19,8.039999820292,17.8499996010214,12.9449997106567,1994,5,NA
51.8667,10.3333,1994-05-20,7.38999983482063,12.1399997286499,9.76499978173524,1994,5,NA
51.8667,10.3333,1994-05-21,5.28999988175929,13.4399996995926,9.36499979067594,1994,5,NA
51.8667,10.3333,1994-05-22,6.79999984800816,15.1999996602535,10.9999997541308,1994,5,NA
51.8667,10.3333,1994-05-23,8.75999980419874,15.6399996504188,12.1999997273088,1994,5,NA
51.8667,10.3333,1994-05-24,8.15999981760979,13.3499997016042,10.754999759607,1994,5,NA
51.8667,10.3333,1994-05-25,8.44999981112778,17.0699996184558,12.7599997147918,1994,5,NA
51.8667,10.3333,1994-05-26,10.9299997556955,16.5899996291846,13.75999969244,1994,5,NA
51.8667,10.3333,1994-05-27,8.09999981895089,12.6999997161329,10.3999997675419,1994,5,NA
51.8667,10.3333,1994-05-28,5.19999988377094,10.8699997570366,8.03499982040375,1994,5,NA
51.8667,10.3333,1994-05-29,6.6599998511374,13.0899997074157,9.87499977927655,1994,5,NA
51.8667,10.3333,1994-05-30,5.76999987103045,10.4499997664243,8.10999981872737,1994,5,NA
51.8667,10.3333,1994-05-31,3.36999992467463,11.8799997344613,7.62499982956797,1994,5,NA
51.8667,10.3333,1994-06-01,2.26999994926155,14.8299996685237,8.54999980889261,1994,6,NA
51.8667,10.3333,1994-06-02,7.47999983280897,20.929999532178,14.2049996824935,1994,6,NA
51.8667,10.3333,1994-06-03,11.6199997402728,23.2999994792044,17.4599996097386,1994,6,NA
51.8667,10.3333,1994-06-04,9.9899997767061,17.4499996099621,13.7199996933341,1994,6,NA
51.8667,10.3333,1994-06-05,7.60999982990324,13.1899997051805,10.3999997675419,1994,6,NA
51.8667,10.3333,1994-06-06,5.53999987617135,11.0399997532368,8.28999981470406,1994,6,NA
51.8667,10.3333,1994-06-07,4.51999989897013,15.0299996640533,9.77499978151172,1994,6,NA
51.8667,10.3333,1994-06-08,9.68999978341162,18.399999588728,14.0449996860698,1994,6,NA
51.8667,10.3333,1994-06-09,10.7099997606128,20.2599995471537,15.4849996538833,1994,6,NA
51.8667,10.3333,1994-06-10,6.23999986052513,13.3299997020513,9.78499978128821,1994,6,NA
51.8667,10.3333,1994-06-11,6.8299998473376,12.7499997150153,9.78999978117645,1994,6,NA
51.8667,10.3333,1994-06-12,6.28999985940754,12.8299997132272,9.55999978631735,1994,6,NA
51.8667,10.3333,1994-06-13,5.78999987058342,17.0199996195734,11.4049997450784,1994,6,NA
51.8667,10.3333,1994-06-14,7.27999983727932,13.2799997031689,10.2799997702241,1994,6,NA
51.8667,10.3333,1994-06-15,8.92999980039895,19.229999570176,14.0799996852875,1994,6,NA
51.8667,10.3333,1994-06-16,5.65999987348914,14.2899996805936,9.97499977704138,1994,6,NA
51.8667,10.3333,1994-06-17,7.3499998357147,11.7199997380376,9.53499978687614,1994,6,NA
51.8667,10.3333,1994-06-18,6.20999986119568,13.9299996886402,10.069999774918,1994,6,NA
51.8667,10.3333,1994-06-19,8.04999982006848,19.3699995670468,13.7099996935576,1994,6,NA
51.8667,10.3333,1994-06-20,12.3399997241795,21.3399995230138,16.8399996235967,1994,6,NA
51.8667,10.3333,1994-06-21,12.1399997286499,17.0699996184558,14.6049996735528,1994,6,NA
51.8667,10.3333,1994-06-22,12.1199997290969,20.1099995505065,16.1149996398017,1994,6,NA
51.8667,10.3333,1994-06-23,13.5799996964633,18.6599995829165,16.1199996396899,1994,6,NA
51.8667,10.3333,1994-06-24,8.79999980330467,16.7299996260554,12.76499971468,1994,6,NA
51.8667,10.3333,1994-06-25,5.26999988220632,20.1999995484948,12.7349997153506,1994,6,NA
51.8667,10.3333,1994-06-26,10.359999768436,27.5099993851036,18.9349995767698,1994,6,NA
51.8667,10.3333,1994-06-27,16.1499996390194,25.8099994231015,20.9799995310605,1994,6,NA
51.8667,10.3333,1994-06-28,16.6099996287376,24.4499994534999,20.5299995411187,1994,6,NA
51.8667,10.3333,1994-06-29,14.9999996647239,26.8499993998557,20.9249995322898,1994,6,NA
51.8667,10.3333,1994-06-30,17.4599996097386,27.849999377504,22.6549994936213,1994,6,NA
51.8667,10.3333,1994-07-01,10.609999762848,19.4699995648116,15.0399996638298,1994,7,NA
51.8667,10.3333,1994-07-02,9.25999979302287,21.5799995176494,15.4199996553361,1994,7,NA
51.8667,10.3333,1994-07-03,11.8699997346848,25.9399994201958,18.9049995774403,1994,7,NA
51.8667,10.3333,1994-07-04,14.5699996743351,29.3199993446469,21.944999509491,1994,7,NA
51.8667,10.3333,1994-07-05,15.8599996455014,31.1999993026257,23.5299994740635,1994,7,NA
51.8667,10.3333,1994-07-06,14.2899996805936,22.5599994957447,18.4249995881692,1994,7,NA
51.8667,10.3333,1994-07-07,14.0599996857345,21.0499995294958,17.5549996076152,1994,7,NA
51.8667,10.3333,1994-07-08,10.8499997574836,17.0099996197969,13.9299996886402,1994,7,NA
51.8667,10.3333,1994-07-09,9.88999977894127,16.7599996253848,13.324999702163,1994,7,NA
51.8667,10.3333,1994-07-10,11.459999743849,17.3199996128678,14.3899996783584,1994,7,NA
51.8667,10.3333,1994-07-11,9.09999979659915,22.0299995075911,15.5649996520951,1994,7,NA
51.8667,10.3333,1994-07-12,11.0099997539073,25.6599994264543,18.3349995901808,1994,7,NA
51.8667,10.3333,1994-07-13,14.9999996647239,26.1799994148314,20.5899995397776,1994,7,NA
51.8667,10.3333,1994-07-14,16.1699996385723,27.579999383539,21.8749995110556,1994,7,NA
51.8667,10.3333,1994-07-15,15.4599996544421,28.5099993627518,21.984999508597,1994,7,NA
51.8667,10.3333,1994-07-16,15.6999996490777,22.7299994919449,19.2149995705113,1994,7,NA
51.8667,10.3333,1994-07-17,12.7199997156858,23.7599994689226,18.2399995923042,1994,7,NA
51.8667,10.3333,1994-07-18,13.8399996906519,22.8599994890392,18.3499995898455,1994,7,NA
51.8667,10.3333,1994-07-19,13.4799996986985,20.7699995357543,17.1249996172264,1994,7,NA
51.8667,10.3333,1994-07-20,13.4999996982515,20.7099995370954,17.1049996176735,1994,7,NA
51.8667,10.3333,1994-07-21,12.6299997176975,22.8699994888157,17.7499996032566,1994,7,NA
51.8667,10.3333,1994-07-22,11.5799997411668,25.7399994246662,18.6599995829165,1994,7,NA
51.8667,10.3333,1994-07-23,13.1299997065216,28.2699993681163,20.6999995373189,1994,7,NA
51.8667,10.3333,1994-07-24,15.4399996548891,28.9999993517995,22.2199995033443,1994,7,NA
51.8667,10.3333,1994-07-25,16.1299996394664,30.0299993287772,23.0799994841218,1994,7,NA
51.8667,10.3333,1994-07-26,16.9999996200204,31.4199992977083,24.2099994588643,1994,7,NA
51.8667,10.3333,1994-07-27,17.2599996142089,27.9999993741512,22.6299994941801,1994,7,NA
51.8667,10.3333,1994-07-28,15.9799996428192,29.5399993397295,22.7599994912744,1994,7,NA
51.8667,10.3333,1994-07-29,17.8099996019155,31.6999992914498,24.7549994466826,1994,7,NA
51.8667,10.3333,1994-07-30,17.6799996048212,26.3799994103611,22.0299995075911,1994,7,NA
51.8667,10.3333,1994-07-31,16.8399996235967,29.0199993513525,22.9299994874746,1994,7,NA
51.8667,10.3333,1994-08-01,17.2799996137619,31.6799992918968,24.4799994528294,1994,8,NA
51.8667,10.3333,1994-08-02,18.0099995974451,30.0899993274361,24.0499994624406,1994,8,NA
51.8667,10.3333,1994-08-03,15.9799996428192,24.8599994443357,20.4199995435774,1994,8,NA
51.8667,10.3333,1994-08-04,13.8099996913224,27.3799993880093,20.5949995396659,1994,8,NA
51.8667,10.3333,1994-08-05,17.1399996168911,30.9399993084371,24.0399994626641,1994,8,NA
51.8667,10.3333,1994-08-06,17.5899996068329,33.1799992583692,25.384999432601,1994,8,NA
51.8667,10.3333,1994-08-07,16.5099996309727,23.7099994700402,20.1099995505065,1994,8,NA
51.8667,10.3333,1994-08-08,13.6799996942282,20.9599995315075,17.3199996128678,1994,8,NA
51.8667,10.3333,1994-08-09,12.3899997230619,21.1199995279312,16.7549996254966,1994,8,NA
51.8667,10.3333,1994-08-10,12.8599997125566,22.08999950625,17.4749996094033,1994,8,NA
51.8667,10.3333,1994-08-11,12.0699997302145,27.289999390021,19.6799995601177,1994,8,NA
51.8667,10.3333,1994-08-12,15.6899996493012,22.6799994930625,19.1849995711818,1994,8,NA
51.8667,10.3333,1994-08-13,13.0899997074157,19.7799995578825,16.4349996326491,1994,8,NA
51.8667,10.3333,1994-08-14,10.1199997738004,14.899999666959,12.5099997203797,1994,8,NA
51.8667,10.3333,1994-08-15,8.23999981582165,13.7299996931106,10.9849997544661,1994,8,NA
51.8667,10.3333,1994-08-16,7.40999983437359,16.0199996419251,11.7149997381493,1994,8,NA
51.8667,10.3333,1994-08-17,6.38999985717237,19.7399995587766,13.0649997079745,1994,8,NA
51.8667,10.3333,1994-08-18,9.13999979570508,21.3699995223433,15.2549996590242,1994,8,NA
51.8667,10.3333,1994-08-19,8.76999980397522,13.0699997078627,10.919999755919,1994,8,NA
51.8667,10.3333,1994-08-20,10.1199997738004,15.6199996508658,12.8699997123331,1994,8,NA
51.8667,10.3333,1994-08-21,10.5699997637421,17.5399996079504,14.0549996858463,1994,8,NA
51.8667,10.3333,1994-08-22,9.62999978475273,18.0299995969981,13.8299996908754,1994,8,NA
51.8667,10.3333,1994-08-23,9.48999978788197,21.839999511838,15.66499964986,1994,8,NA
51.8667,10.3333,1994-08-24,13.9599996879697,24.4699994530529,19.2149995705113,1994,8,NA
51.8667,10.3333,1994-08-25,13.779999691993,20.3599995449185,17.0699996184558,1994,8,NA
51.8667,10.3333,1994-08-26,10.6599997617304,15.1099996622652,12.8849997119978,1994,8,NA
51.8667,10.3333,1994-08-27,7.90999982319772,20.079999551177,13.9949996871874,1994,8,NA
51.8667,10.3333,1994-08-28,14.4399996772408,20.079999551177,17.2599996142089,1994,8,NA
51.8667,10.3333,1994-08-29,11.479999743402,17.3299996126443,14.4049996780232,1994,8,NA
51.8667,10.3333,1994-08-30,8.05999981984496,15.6499996501952,11.8549997350201,1994,8,NA
51.8667,10.3333,1994-08-31,7.47999983280897,15.6799996495247,11.5799997411668,1994,8,NA
51.8667,10.3333,1994-09-01,7.30999983660877,19.3999995663762,13.3549997014925,1994,9,NA
51.8667,10.3333,1994-09-02,12.7099997159094,20.1499995496124,16.4299996327609,1994,9,NA
51.8667,10.3333,1994-09-03,10.4799997657537,20.0499995518476,15.2649996588007,1994,9,NA
51.8667,10.3333,1994-09-04,9.79999978095293,13.1699997056276,11.4849997432902,1994,9,NA
51.8667,10.3333,1994-09-05,10.2699997704476,16.929999621585,13.5999996960163,1994,9,NA
51.8667,10.3333,1994-09-06,11.0999997518957,15.3799996562302,13.2399997040629,1994,9,NA
51.8667,10.3333,1994-09-07,6.69999985024333,15.2999996580184,10.9999997541308,1994,9,NA
51.8667,10.3333,1994-09-08,9.38999979011714,13.7899996917695,11.5899997409433,1994,9,NA
51.8667,10.3333,1994-09-09,9.99999977648258,14.2699996810406,12.1349997287616,1994,9,NA
51.8667,10.3333,1994-09-10,8.87999980151653,13.1199997067451,10.9999997541308,1994,9,NA
51.8667,10.3333,1994-09-11,8.94999979995191,13.6599996946752,11.3049997473136,1994,9,NA
51.8667,10.3333,1994-09-12,8.02999982051551,14.359999679029,11.1949997497723,1994,9,NA
51.8667,10.3333,1994-09-13,10.7799997590482,17.0899996180087,13.9349996885285,1994,9,NA
51.8667,10.3333,1994-09-14,9.39999978989363,17.2299996148795,13.3149997023866,1994,9,NA
51.8667,10.3333,1994-09-15,7.58999983035028,17.9699995983392,12.7799997143447,1994,9,NA
51.8667,10.3333,1994-09-16,9.39999978989363,14.8799996674061,12.1399997286499,1994,9,NA
51.8667,10.3333,1994-09-17,7.63999982923269,10.7099997606128,9.17499979492277,1994,9,NA
51.8667,10.3333,1994-09-18,6.91999984532595,9.14999979548156,8.03499982040375,1994,9,NA
51.8667,10.3333,1994-09-19,7.18999983929098,11.8799997344613,9.53499978687614,1994,9,NA
51.8667,10.3333,1994-09-20,7.33999983593822,10.8199997581542,9.07999979704618,1994,9,NA
51.8667,10.3333,1994-09-21,5.05999988690019,14.8399996683002,9.94999977760017,1994,9,NA
51.8667,10.3333,1994-09-22,6.16999986208975,14.9299996662885,10.5499997641891,1994,9,NA
51.8667,10.3333,1994-09-23,5.09999988600612,14.0799996852875,9.5899997856468,1994,9,NA
51.8667,10.3333,1994-09-24,3.94999991171062,17.5599996075034,10.754999759607,1994,9,NA
51.8667,10.3333,1994-09-25,8.19999981671572,21.2899995241314,14.7449996704236,1994,9,NA
51.8667,10.3333,1994-09-26,11.3299997467548,19.209999570623,15.2699996586889,1994,9,NA
51.8667,10.3333,1994-09-27,10.4499997664243,17.1299996171147,13.7899996917695,1994,9,NA
51.8667,10.3333,1994-09-28,8.84999980218709,14.1999996826053,11.5249997423962,1994,9,NA
51.8667,10.3333,1994-09-29,6.64999985136092,13.3299997020513,9.9899997767061,1994,9,NA
51.8667,10.3333,1994-09-30,8.85999980196357,12.8399997130036,10.8499997574836,1994,9,NA
51.8667,10.3333,1994-10-01,7.81999982520938,14.4999996758997,11.1599997505546,1994,10,1995
51.8667,10.3333,1994-10-02,7.1199998408556,11.749999737367,9.43499978911132,1994,10,1995
51.8667,10.3333,1994-10-03,7.50999983213842,11.9099997337908,9.70999978296459,1994,10,1995
51.8667,10.3333,1994-10-04,2.36999994702637,11.789999736473,7.07999984174967,1994,10,1995
51.8667,10.3333,1994-10-05,0.689999984577298,5.75999987125397,3.22499992791563,1994,10,1995
51.8667,10.3333,1994-10-06,1.52999996580184,5.5699998755008,3.54999992065132,1994,10,1995
51.8667,10.3333,1994-10-07,-1.01999997720122,8.29999981448054,3.63999991863966,1994,10,1995
51.8667,10.3333,1994-10-08,0.509999988600612,7.58999983035028,4.04999990947545,1994,10,1995
51.8667,10.3333,1994-10-09,-1.06999997608364,6.4299998562783,2.67999994009733,1994,10,1995
51.8667,10.3333,1994-10-10,2.91999993473291,6.60999985225499,4.76499989349395,1994,10,1995
51.8667,10.3333,1994-10-11,2.94999993406236,11.3699997458607,7.15999983996153,1994,10,1995
51.8667,10.3333,1994-10-12,1.45999996736646,13.8099996913224,7.63499982934445,1994,10,1995
51.8667,10.3333,1994-10-13,3.56999992020428,15.3799996562302,9.47499978821725,1994,10,1995
51.8667,10.3333,1994-10-14,4.23999990522861,13.9599996879697,9.09999979659915,1994,10,1995
51.8667,10.3333,1994-10-15,4.29999990388751,18.6799995824695,11.4899997431785,1994,10,1995
51.8667,10.3333,1994-10-16,6.33999985828996,16.9699996206909,11.6549997394904,1994,10,1995
51.8667,10.3333,1994-10-17,3.01999993249774,9.3599997907877,6.18999986164272,1994,10,1995
51.8667,10.3333,1994-10-18,-1.98999995552003,5.13999988511205,1.57499996479601,1994,10,1995
51.8667,10.3333,1994-10-19,-4.1899999063462,6.55999985337257,1.18499997351319,1994,10,1995
51.8667,10.3333,1994-10-20,-1.81999995931983,8.13999981805682,3.1599999293685,1994,10,1995
51.8667,10.3333,1994-10-21,-0.679999984800816,9.1299997959286,4.22499990556389,1994,10,1995
51.8667,10.3333,1994-10-22,0.0199999995529652,11.189999749884,5.60499987471849,1994,10,1995
51.8667,10.3333,1994-10-23,3.97999991104007,12.2599997259676,8.11999981850386,1994,10,1995
51.8667,10.3333,1994-10-24,9.6999997831881,13.3599997013807,11.5299997422844,1994,10,1995
51.8667,10.3333,1994-10-25,6.81999984756112,11.5899997409433,9.20499979425222,1994,10,1995
51.8667,10.3333,1994-10-26,6.029999865219,9.86999977938831,7.94999982230365,1994,10,1995
51.8667,10.3333,1994-10-27,5.46999987773597,8.23999981582165,6.85499984677881,1994,10,1995
51.8667,10.3333,1994-10-28,4.76999989338219,8.22999981604517,6.49999985471368,1994,10,1995
51.8667,10.3333,1994-10-29,3.42999992333353,8.09999981895089,5.76499987114221,1994,10,1995
51.8667,10.3333,1994-10-30,2.96999993361533,7.39999983459711,5.18499988410622,1994,10,1995
51.8667,10.3333,1994-10-31,5.54999987594783,11.8799997344613,8.71499980520457,1994,10,1995
51.8667,10.3333,1994-11-01,10.899999756366,13.9299996886402,12.4149997225031,1994,11,1995
51.8667,10.3333,1994-11-02,6.24999986030161,11.1599997505546,8.70499980542809,1994,11,1995
51.8667,10.3333,1994-11-03,2.26999994926155,9.47999978810549,5.87499986868352,1994,11,1995
51.8667,10.3333,1994-11-04,1.49999996647239,11.5599997416139,6.52999985404313,1994,11,1995
51.8667,10.3333,1994-11-05,3.62999991886318,13.6599996946752,8.64499980676919,1994,11,1995
51.8667,10.3333,1994-11-06,4.71999989449978,16.3399996347725,10.5299997646362,1994,11,1995
51.8667,10.3333,1994-11-07,5.9699998665601,13.2699997033924,9.61999978497624,1994,11,1995
51.8667,10.3333,1994-11-08,5.81999986991286,9.63999978452921,7.72999982722104,1994,11,1995
51.8667,10.3333,1994-11-09,6.07999986410141,9.08999979682267,7.58499983046204,1994,11,1995
51.8667,10.3333,1994-11-10,4.98999988846481,9.28999979235232,7.13999984040856,1994,11,1995
51.8667,10.3333,1994-11-11,3.23999992758036,7.72999982722104,5.4849998774007,1994,11,1995
51.8667,10.3333,1994-11-12,1.1499999742955,6.37999985739589,3.76499991584569,1994,11,1995
51.8667,10.3333,1994-11-13,-1.03999997675419,2.51999994367361,0.739999983459711,1994,11,1995
51.8667,10.3333,1994-11-14,0.0799999982118607,5.71999987214804,2.89999993517995,1994,11,1995
51.8667,10.3333,1994-11-15,5.51999987661839,10.0399997755885,7.77999982610345,1994,11,1995
51.8667,10.3333,1994-11-16,6.6599998511374,10.6799997612834,8.6699998062104,1994,11,1995
51.8667,10.3333,1994-11-17,4.13999990746379,7.1199998408556,5.62999987415969,1994,11,1995
51.8667,10.3333,1994-11-18,3.34999992512167,5.5099998768419,4.42999990098178,1994,11,1995
51.8667,10.3333,1994-11-19,0.96999997831881,4.57999989762902,2.77499993797392,1994,11,1995
51.8667,10.3333,1994-11-20,-1.22999997250736,7.20999983884394,2.98999993316829,1994,11,1995
51.8667,10.3333,1994-11-21,7.14999984018505,12.2499997261912,9.6999997831881,1994,11,1995
51.8667,10.3333,1994-11-22,4.23999990522861,11.169999750331,7.70499982777983,1994,11,1995
51.8667,10.3333,1994-11-23,0.199999995529652,7.92999982275069,4.06499990914017,1994,11,1995
51.8667,10.3333,1994-11-24,-0.429999990388751,9.10999979637563,4.33999990299344,1994,11,1995
51.8667,10.3333,1994-11-25,4.62999989651144,8.41999981179833,6.52499985415488,1994,11,1995
51.8667,10.3333,1994-11-26,4.34999990276992,6.08999986387789,5.21999988332391,1994,11,1995
51.8667,10.3333,1994-11-27,4.62999989651144,7.33999983593822,5.98499986622483,1994,11,1995
51.8667,10.3333,1994-11-28,4.05999990925193,8.15999981760979,6.10999986343086,1994,11,1995
51.8667,10.3333,1994-11-29,3.60999991931021,7.01999984309077,5.31499988120049,1994,11,1995
51.8667,10.3333,1994-11-30,2.62999994121492,6.26999985985458,4.44999990053475,1994,11,1995
51.8667,10.3333,1994-12-01,3.16999992914498,5.20999988354743,4.1899999063462,1994,12,1995
51.8667,10.3333,1994-12-02,-1.07999997586012,4.9399998895824,1.92999995686114,1994,12,1995
51.8667,10.3333,1994-12-03,-3.0999999307096,4.38999990187585,0.644999985583127,1994,12,1995
51.8667,10.3333,1994-12-04,1.57999996468425,8.18999981693923,4.88499989081174,1994,12,1995
51.8667,10.3333,1994-12-05,4.85999989137053,8.75999980419874,6.80999984778464,1994,12,1995
51.8667,10.3333,1994-12-06,4.33999990299344,8.87999980151653,6.60999985225499,1994,12,1995
51.8667,10.3333,1994-12-07,2.35999994724989,6.47999985516071,4.4199999012053,1994,12,1995
51.8667,10.3333,1994-12-08,0.939999978989363,5.11999988555908,3.02999993227422,1994,12,1995
51.8667,10.3333,1994-12-09,2.96999993361533,6.029999865219,4.49999989941716,1994,12,1995
51.8667,10.3333,1994-12-10,0.119999997317791,6.86999984644353,3.49499992188066,1994,12,1995
51.8667,10.3333,1994-12-11,-1.76999996043742,4.7099998947233,1.46999996714294,1994,12,1995
51.8667,10.3333,1994-12-12,4.71999989449978,10.5099997650832,7.61499982979149,1994,12,1995
51.8667,10.3333,1994-12-13,8.57999980822206,10.5099997650832,9.54499978665262,1994,12,1995
51.8667,10.3333,1994-12-14,3.01999993249774,9.20999979414046,6.1149998633191,1994,12,1995
51.8667,10.3333,1994-12-15,-2.36999994702637,2.98999993316829,0.30999999307096,1994,12,1995
51.8667,10.3333,1994-12-16,-4.54999989829957,-0.639999985694885,-2.59499994199723,1994,12,1995
51.8667,10.3333,1994-12-17,-4.53999989852309,0.559999987483025,-1.98999995552003,1994,12,1995
51.8667,10.3333,1994-12-18,-0.859999980777502,1.5499999653548,0.344999992288649,1994,12,1995
51.8667,10.3333,1994-12-19,-2.02999995462596,0.939999978989363,-0.544999987818301,1994,12,1995
51.8667,10.3333,1994-12-20,-0.249999994412065,3.66999991796911,1.70999996177852,1994,12,1995
51.8667,10.3333,1994-12-21,-0.489999989047647,2.09999995306134,0.804999982006848,1994,12,1995
51.8667,10.3333,1994-12-22,-1.03999997675419,1.10999997518957,0.034999999217689,1994,12,1995
51.8667,10.3333,1994-12-23,-1.29999997094274,0.409999990835786,-0.444999990053475,1994,12,1995
51.8667,10.3333,1994-12-24,-4.97999988868833,-0.419999990612268,-2.6999999396503,1994,12,1995
51.8667,10.3333,1994-12-25,-7.27999983727932,-2.76999993808568,-5.0249998876825,1994,12,1995
51.8667,10.3333,1994-12-26,-6.13999986276031,-2.01999995484948,-4.07999990880489,1994,12,1995
51.8667,10.3333,1994-12-27,-4.66999989561737,-0.819999981671572,-2.74499993864447,1994,12,1995
51.8667,10.3333,1994-12-28,-1.24999997206032,7.39999983459711,3.07499993126839,1994,12,1995
51.8667,10.3333,1994-12-29,5.53999987617135,10.4899997655302,8.01499982085079,1994,12,1995
51.8667,10.3333,1994-12-30,8.02999982051551,10.5899997632951,9.30999979190528,1994,12,1995
51.8667,10.3333,1994-12-31,2.4099999461323,8.45999981090426,5.43499987851828,1994,12,1995
51.8667,10.3333,1995-01-01,1.45999996736646,3.51999992132187,2.48999994434416,1995,1,1995
51.8667,10.3333,1995-01-02,-3.20999992825091,2.13999995216727,-0.534999988041818,1995,1,1995
51.8667,10.3333,1995-01-03,-3.57999991998076,-1.10999997518957,-2.34499994758517,1995,1,1995
51.8667,10.3333,1995-01-04,-9.36999979056418,-2.57999994233251,-5.97499986644834,1995,1,1995
51.8667,10.3333,1995-01-05,-13.3899997007102,-5.65999987348914,-9.52499978709966,1995,1,1995
51.8667,10.3333,1995-01-06,-14.3199996799231,-6.18999986164272,-10.2549997707829,1995,1,1995
51.8667,10.3333,1995-01-07,-12.8799997121096,-4.95999988913536,-8.91999980062246,1995,1,1995
51.8667,10.3333,1995-01-08,-14.1199996843934,-7.32999983616173,-10.7249997602776,1995,1,1995
51.8667,10.3333,1995-01-09,-10.9599997550249,-5.17999988421798,-8.06999981962144,1995,1,1995
51.8667,10.3333,1995-01-10,-6.28999985940754,-0.129999997094274,-3.20999992825091,1995,1,1995
51.8667,10.3333,1995-01-11,-1.27999997138977,1.8399999588728,0.279999993741512,1995,1,1995
51.8667,10.3333,1995-01-12,-1.85999995842576,-0.389999991282821,-1.12499997485429,1995,1,1995
51.8667,10.3333,1995-01-13,-3.80999991483986,-0.609999986365438,-2.20999995060265,1995,1,1995
51.8667,10.3333,1995-01-14,-6.69999985024333,-1.7799999602139,-4.23999990522861,1995,1,1995
51.8667,10.3333,1995-01-15,-5.25999988242984,0.0299999993294477,-2.6149999415502,1995,1,1995
51.8667,10.3333,1995-01-16,-0.359999991953373,1.97999995574355,0.809999981895089,1995,1,1995
51.8667,10.3333,1995-01-17,-0.849999981001019,3.40999992378056,1.27999997138977,1995,1,1995
51.8667,10.3333,1995-01-18,-1.32999997027218,5.52999987639487,2.09999995306134,1995,1,1995
51.8667,10.3333,1995-01-19,-0.34999999217689,5.80999987013638,2.72999993897974,1995,1,1995
51.8667,10.3333,1995-01-20,-0.30999999307096,3.2699999269098,1.47999996691942,1995,1,1995
51.8667,10.3333,1995-01-21,0.389999991282821,5.11999988555908,2.75499993842095,1995,1,1995
51.8667,10.3333,1995-01-22,1.20999997295439,3.43999992311001,2.3249999480322,1995,1,1995
51.8667,10.3333,1995-01-23,0.999999977648258,7.04999984242022,4.02499991003424,1995,1,1995
51.8667,10.3333,1995-01-24,0.409999990835786,7.90999982319772,4.15999990701675,1995,1,1995
51.8667,10.3333,1995-01-25,0.919999979436398,3.3299999255687,2.12499995250255,1995,1,1995
51.8667,10.3333,1995-01-26,0.319999992847443,2.30999994836748,1.31499997060746,1995,1,1995
51.8667,10.3333,1995-01-27,0.359999991953373,8.78999980352819,4.57499989774078,1995,1,1995
51.8667,10.3333,1995-01-28,-2.49999994412065,1.72999996133149,-0.384999991394579,1995,1,1995
51.8667,10.3333,1995-01-29,-2.34999994747341,4.69999989494681,1.1749999737367,1995,1,1995
51.8667,10.3333,1995-01-30,1.97999995574355,5.22999988310039,3.60499991942197,1995,1,1995
51.8667,10.3333,1995-01-31,-2.82999993674457,5.57999987527728,1.37499996926636,1995,1,1995
51.8667,10.3333,1995-02-01,-2.87999993562698,0.599999986588955,-1.13999997451901,1995,2,1995
51.8667,10.3333,1995-02-02,0.359999991953373,7.08999984152615,3.72499991673976,1995,2,1995
51.8667,10.3333,1995-02-03,-0.879999980330467,7.23999983817339,3.17999992892146,1995,2,1995
51.8667,10.3333,1995-02-04,-2.85999993607402,2.34999994747341,-0.254999994300306,1995,2,1995
51.8667,10.3333,1995-02-05,0.699999984353781,5.01999988779426,2.85999993607402,1995,2,1995
51.8667,10.3333,1995-02-06,1.02999997697771,5.3399998806417,3.1849999288097,1995,2,1995
51.8667,10.3333,1995-02-07,3.90999991260469,7.5199998319149,5.7149998722598,1995,2,1995
51.8667,10.3333,1995-02-08,4.75999989360571,7.00999984331429,5.88499986846,1995,2,1995
51.8667,10.3333,1995-02-09,-2.02999995462596,4.92999988980591,1.44999996758997,1995,2,1995
51.8667,10.3333,1995-02-10,-5.53999987617135,-0.949999978765845,-3.2449999274686,1995,2,1995
51.8667,10.3333,1995-02-11,-5.94999986700714,0.519999988377094,-2.71499993931502,1995,2,1995
51.8667,10.3333,1995-02-12,-0.429999990388751,5.78999987058342,2.67999994009733,1995,2,1995
51.8667,10.3333,1995-02-13,3.96999991126359,7.54999983124435,5.75999987125397,1995,2,1995
51.8667,10.3333,1995-02-14,2.8699999358505,8.8399998024106,5.85499986913055,1995,2,1995
51.8667,10.3333,1995-02-15,3.31999992579222,7.64999982900918,5.4849998774007,1995,2,1995
51.8667,10.3333,1995-02-16,2.97999993339181,7.46999983303249,5.22499988321215,1995,2,1995
51.8667,10.3333,1995-02-17,2.45999994501472,6.3699998576194,4.41499990131706,1995,2,1995
51.8667,10.3333,1995-02-18,2.11999995261431,5.37999987974763,3.74999991618097,1995,2,1995
51.8667,10.3333,1995-02-19,1.24999997206032,3.86999991349876,2.55999994277954,1995,2,1995
51.8667,10.3333,1995-02-20,1.13999997451901,4.31999990344048,2.72999993897974,1995,2,1995
51.8667,10.3333,1995-02-21,2.90999993495643,7.86999982409179,5.38999987952411,1995,2,1995
51.8667,10.3333,1995-02-22,2.10999995283782,10.5899997632951,6.34999985806644,1995,2,1995
51.8667,10.3333,1995-02-23,0.409999990835786,5.41999987885356,2.91499993484467,1995,2,1995
51.8667,10.3333,1995-02-24,-0.469999989494681,2.97999993339181,1.25499997194856,1995,2,1995
51.8667,10.3333,1995-02-25,0.109999997541308,3.51999992132187,1.81499995943159,1995,2,1995
51.8667,10.3333,1995-02-26,-0.96999997831881,1.8399999588728,0.434999990276992,1995,2,1995
51.8667,10.3333,1995-02-27,-0.789999982342124,2.44999994523823,0.829999981448054,1995,2,1995
51.8667,10.3333,1995-02-28,-1.72999996133149,2.64999994076788,0.459999989718199,1995,2,1995
51.8667,10.3333,1995-03-01,0.209999995306134,5.99999986588955,3.10499993059784,1995,3,1995
51.8667,10.3333,1995-03-02,4.69999989494681,7.25999983772635,5.97999986633658,1995,3,1995
51.8667,10.3333,1995-03-03,-0.439999990165234,4.8799998909235,2.21999995037913,1995,3,1995
51.8667,10.3333,1995-03-04,-1.00999997742474,4.08999990858138,1.53999996557832,1995,3,1995
51.8667,10.3333,1995-03-05,-2.4699999447912,1.66999996267259,-0.399999991059303,1995,3,1995
51.8667,10.3333,1995-03-06,-3.57999991998076,3.04999993182719,-0.264999994076788,1995,3,1995
51.8667,10.3333,1995-03-07,-0.439999990165234,2.57999994233251,1.06999997608364,1995,3,1995
51.8667,10.3333,1995-03-08,-1.90999995730817,2.91999993473291,0.50499998871237,1995,3,1995
51.8667,10.3333,1995-03-09,-1.56999996490777,2.94999993406236,0.689999984577298,1995,3,1995
51.8667,10.3333,1995-03-10,-1.719999961555,3.80999991483986,1.04499997664243,1995,3,1995
51.8667,10.3333,1995-03-11,-4.08999990858138,6.23999986052513,1.07499997597188,1995,3,1995
51.8667,10.3333,1995-03-12,-0.0399999991059303,8.31999981403351,4.13999990746379,1995,3,1995
51.8667,10.3333,1995-03-13,-1.34999996982515,9.3599997907877,4.00499991048127,1995,3,1995
51.8667,10.3333,1995-03-14,-2.32999994792044,4.17999990656972,0.924999979324639,1995,3,1995
51.8667,10.3333,1995-03-15,-5.92999986745417,-0.199999995529652,-3.06499993149191,1995,3,1995
51.8667,10.3333,1995-03-16,-6.44999985583127,0.129999997094274,-3.1599999293685,1995,3,1995
51.8667,10.3333,1995-03-17,-1.49999996647239,1.719999961555,0.109999997541308,1995,3,1995
51.8667,10.3333,1995-03-18,0.119999997317791,6.39999985694885,3.25999992713332,1995,3,1995
51.8667,10.3333,1995-03-19,0.459999989718199,6.57999985292554,3.51999992132187,1995,3,1995
51.8667,10.3333,1995-03-20,-0.119999997317791,4.39999990165234,2.13999995216727,1995,3,1995
51.8667,10.3333,1995-03-21,-1.5499999653548,3.2699999269098,0.859999980777502,1995,3,1995
51.8667,10.3333,1995-03-22,-0.189999995753169,2.67999994009733,1.24499997217208,1995,3,1995
51.8667,10.3333,1995-03-23,-3.34999992512167,4.90999989025295,0.779999982565641,1995,3,1995
51.8667,10.3333,1995-03-24,-0.149999996647239,9.76999978162348,4.80999989248812,1995,3,1995
51.8667,10.3333,1995-03-25,2.38999994657934,13.1099997069687,7.749999826774,1995,3,1995
51.8667,10.3333,1995-03-26,0.919999979436398,6.7199998497963,3.81999991461635,1995,3,1995
51.8667,10.3333,1995-03-27,-0.189999995753169,4.77999989315867,2.29499994870275,1995,3,1995
51.8667,10.3333,1995-03-28,-2.89999993517995,4.91999989002943,1.00999997742474,1995,3,1995
51.8667,10.3333,1995-03-29,-3.90999991260469,-0.539999987930059,-2.22499995026737,1995,3,1995
51.8667,10.3333,1995-03-30,-5.58999987505376,-0.239999994635582,-2.91499993484467,1995,3,1995
51.8667,10.3333,1995-03-31,-6.18999986164272,3.70999991707504,-1.23999997228384,1995,3,1995
51.8667,10.3333,1995-04-01,-2.52999994345009,1.90999995730817,-0.30999999307096,1995,4,1995
51.8667,10.3333,1995-04-02,1.65999996289611,7.55999983102083,4.60999989695847,1995,4,1995
51.8667,10.3333,1995-04-03,6.41999985650182,15.6499996501952,11.0349997533485,1995,4,1995
51.8667,10.3333,1995-04-04,6.6599998511374,13.5299996975809,10.0949997743592,1995,4,1995
51.8667,10.3333,1995-04-05,1.7799999602139,8.16999981738627,4.97499988880008,1995,4,1995
51.8667,10.3333,1995-04-06,-2.38999994657934,10.069999774918,3.83999991416931,1995,4,1995
51.8667,10.3333,1995-04-07,4.17999990656972,8.65999980643392,6.41999985650182,1995,4,1995
51.8667,10.3333,1995-04-08,2.20999995060265,10.0399997755885,6.12499986309558,1995,4,1995
51.8667,10.3333,1995-04-09,0.319999992847443,5.46999987773597,2.89499993529171,1995,4,1995
51.8667,10.3333,1995-04-10,-1.01999997720122,2.98999993316829,0.984999977983534,1995,4,1995
51.8667,10.3333,1995-04-11,0.92999997921288,4.83999989181757,2.88499993551522,1995,4,1995
51.8667,10.3333,1995-04-12,3.57999991998076,6.11999986320734,4.84999989159405,1995,4,1995
51.8667,10.3333,1995-04-13,2.54999994300306,8.59999980777502,5.57499987538904,1995,4,1995
51.8667,10.3333,1995-04-14,0.369999991729856,7.08999984152615,3.729999916628,1995,4,1995
51.8667,10.3333,1995-04-15,-1.76999996043742,9.3599997907877,3.79499991517514,1995,4,1995
51.8667,10.3333,1995-04-16,0.159999996423721,10.0199997760355,5.08999988622963,1995,4,1995
51.8667,10.3333,1995-04-17,0.749999983236194,5.53999987617135,3.14499992970377,1995,4,1995
51.8667,10.3333,1995-04-18,-0.209999995306134,4.52999989874661,2.15999995172024,1995,4,1995
51.8667,10.3333,1995-04-19,2.4099999461323,9.60999978519976,6.00999986566603,1995,4,1995
51.8667,10.3333,1995-04-20,0.669999985024333,4.85999989137053,2.76499993819743,1995,4,1995
51.8667,10.3333,1995-04-21,-0.549999987706542,6.95999984443188,3.20499992836267,1995,4,1995
51.8667,10.3333,1995-04-22,-0.919999979436398,10.0599997751415,4.56999989785254,1995,4,1995
51.8667,10.3333,1995-04-23,4.21999990567565,20.949999531731,12.5849997187033,1995,4,1995
51.8667,10.3333,1995-04-24,9.25999979302287,18.5999995842576,13.9299996886402,1995,4,1995
51.8667,10.3333,1995-04-25,11.8499997351319,19.5799995623529,15.7149996487424,1995,4,1995
51.8667,10.3333,1995-04-26,9.04999979771674,17.4499996099621,13.2499997038394,1995,4,1995
51.8667,10.3333,1995-04-27,7.55999983102083,14.9299996662885,11.2449997486547,1995,4,1995
51.8667,10.3333,1995-04-28,5.53999987617135,13.8099996913224,9.6749997837469,1995,4,1995
51.8667,10.3333,1995-04-29,1.74999996088445,7.43999983370304,4.59499989729375,1995,4,1995
51.8667,10.3333,1995-04-30,-0.869999980553985,13.8099996913224,6.46999985538423,1995,4,1995
51.8667,10.3333,1995-05-01,4.85999989137053,12.9599997103214,8.90999980084598,1995,5,NA
51.8667,10.3333,1995-05-02,7.32999983616173,14.899999666959,11.1149997515604,1995,5,NA
51.8667,10.3333,1995-05-03,3.80999991483986,15.5699996519834,9.68999978341162,1995,5,NA
51.8667,10.3333,1995-05-04,3.46999992243946,18.2199995927513,10.8449997575954,1995,5,NA
51.8667,10.3333,1995-05-05,6.1999998614192,19.1799995712936,12.6899997163564,1995,5,NA
51.8667,10.3333,1995-05-06,7.24999983794987,21.7499995138496,14.4999996758997,1995,5,NA
51.8667,10.3333,1995-05-07,8.53999980911613,19.4899995643646,14.0149996867403,1995,5,NA
51.8667,10.3333,1995-05-08,4.22999990545213,17.7499996032566,10.9899997543544,1995,5,NA
51.8667,10.3333,1995-05-09,7.9799998216331,16.4999996311963,12.2399997264147,1995,5,NA
51.8667,10.3333,1995-05-10,4.8799998909235,9.19999979436398,7.03999984264374,1995,5,NA
51.8667,10.3333,1995-05-11,4.16999990679324,8.77999980375171,6.47499985527247,1995,5,NA
51.8667,10.3333,1995-05-12,3.48999992199242,10.1699997726828,6.8299998473376,1995,5,NA
51.8667,10.3333,1995-05-13,3.98999991081655,10.609999762848,7.29999983683228,1995,5,NA
51.8667,10.3333,1995-05-14,4.57999989762902,7.41999983415008,5.99999986588955,1995,5,NA
51.8667,10.3333,1995-05-15,2.67999994009733,7.96999982185662,5.32499988097697,1995,5,NA
51.8667,10.3333,1995-05-16,0.159999996423721,10.5599997639656,5.35999988019466,1995,5,NA
51.8667,10.3333,1995-05-17,2.97999993339181,12.1199997290969,7.54999983124435,1995,5,NA
51.8667,10.3333,1995-05-18,5.62999987415969,12.5699997190386,9.09999979659915,1995,5,NA
51.8667,10.3333,1995-05-19,4.49999989941716,8.2699998151511,6.38499985728413,1995,5,NA
51.8667,10.3333,1995-05-20,2.4099999461323,9.70999978296459,6.05999986454844,1995,5,NA
51.8667,10.3333,1995-05-21,0.689999984577298,12.889999711886,6.78999984823167,1995,5,NA
51.8667,10.3333,1995-05-22,3.29999992623925,9.56999978609383,6.43499985616654,1995,5,NA
51.8667,10.3333,1995-05-23,-0.129999997094274,14.4299996774644,7.14999984018505,1995,5,NA
51.8667,10.3333,1995-05-24,5.23999988287687,18.4199995882809,11.8299997355789,1995,5,NA
51.8667,10.3333,1995-05-25,10.0099997762591,22.5799994952977,16.2949996357784,1995,5,NA
51.8667,10.3333,1995-05-26,12.2899997252971,21.9299995098263,17.1099996175617,1995,5,NA
51.8667,10.3333,1995-05-27,11.0999997518957,18.3699995893985,14.7349996706471,1995,5,NA
51.8667,10.3333,1995-05-28,9.37999979034066,12.889999711886,11.1349997511134,1995,5,NA
51.8667,10.3333,1995-05-29,8.59999980777502,22.1999995037913,15.3999996557832,1995,5,NA
51.8667,10.3333,1995-05-30,13.2599997036159,20.5799995400012,16.9199996218085,1995,5,NA
51.8667,10.3333,1995-05-31,9.89999977871776,14.7399996705353,12.3199997246265,1995,5,NA
51.8667,10.3333,1995-06-01,9.26999979279935,11.8499997351319,10.5599997639656,1995,6,NA
51.8667,10.3333,1995-06-02,7.98999982140958,10.31999976933,9.1549997953698,1995,6,NA
51.8667,10.3333,1995-06-03,7.18999983929098,11.2299997489899,9.20999979414046,1995,6,NA
51.8667,10.3333,1995-06-04,6.49999985471368,15.7999996468425,11.1499997507781,1995,6,NA
51.8667,10.3333,1995-06-05,7.84999982453883,14.3699996788055,11.1099997516721,1995,6,NA
51.8667,10.3333,1995-06-06,8.19999981671572,16.2599996365607,12.2299997266382,1995,6,NA
51.8667,10.3333,1995-06-07,8.27999981492758,14.7699996698648,11.5249997423962,1995,6,NA
51.8667,10.3333,1995-06-08,6.95999984443188,14.6799996718764,10.8199997581542,1995,6,NA
51.8667,10.3333,1995-06-09,5.38999987952411,13.7699996922165,9.57999978587031,1995,6,NA
51.8667,10.3333,1995-06-10,4.76999989338219,13.3999997004867,9.08499979693443,1995,6,NA
51.8667,10.3333,1995-06-11,5.94999986700714,12.7899997141212,9.36999979056418,1995,6,NA
51.8667,10.3333,1995-06-12,4.4199999012053,13.3099997024983,8.86499980185181,1995,6,NA
51.8667,10.3333,1995-06-13,5.09999988600612,13.3899997007102,9.24499979335815,1995,6,NA
51.8667,10.3333,1995-06-14,7.47999983280897,13.469999698922,10.4749997658655,1995,6,NA
51.8667,10.3333,1995-06-15,7.89999982342124,12.5799997188151,10.2399997711182,1995,6,NA
51.8667,10.3333,1995-06-16,6.4899998549372,13.5799996964633,10.0349997757003,1995,6,NA
51.8667,10.3333,1995-06-17,7.49999983236194,10.7699997592717,9.13499979581684,1995,6,NA
51.8667,10.3333,1995-06-18,7.21999983862042,13.3699997011572,10.2949997698888,1995,6,NA
51.8667,10.3333,1995-06-19,9.759999781847,15.7299996484071,12.7449997151271,1995,6,NA
51.8667,10.3333,1995-06-20,7.92999982275069,19.539999563247,13.7349996929988,1995,6,NA
51.8667,10.3333,1995-06-21,10.2099997717887,24.3999994546175,17.3049996132031,1995,6,NA
51.8667,10.3333,1995-06-22,11.5899997409433,21.7299995142967,16.65999962762,1995,6,NA
51.8667,10.3333,1995-06-23,7.08999984152615,11.9899997320026,9.53999978676438,1995,6,NA
51.8667,10.3333,1995-06-24,6.90999984554946,12.329999724403,9.61999978497624,1995,6,NA
51.8667,10.3333,1995-06-25,7.96999982185662,16.1199996396899,12.0449997307733,1995,6,NA
51.8667,10.3333,1995-06-26,11.3399997465312,22.2099995035678,16.7749996250495,1995,6,NA
51.8667,10.3333,1995-06-27,10.919999755919,22.2599995024502,16.5899996291846,1995,6,NA
51.8667,10.3333,1995-06-28,12.6799997165799,23.4999994747341,18.089999595657,1995,6,NA
51.8667,10.3333,1995-06-29,11.789999736473,22.1799995042384,16.9849996203557,1995,6,NA
51.8667,10.3333,1995-06-30,10.7799997590482,23.6299994718283,17.2049996154383,1995,6,NA
51.8667,10.3333,1995-07-01,8.8999998010695,24.0399994626641,16.4699996318668,1995,7,NA
51.8667,10.3333,1995-07-02,10.6199997626245,19.3899995665997,15.0049996646121,1995,7,NA
51.8667,10.3333,1995-07-03,7.59999983012676,17.6899996045977,12.6449997173622,1995,7,NA
51.8667,10.3333,1995-07-04,13.4599996991456,20.3399995453656,16.8999996222556,1995,7,NA
51.8667,10.3333,1995-07-05,9.30999979190528,15.5799996517599,12.4449997218326,1995,7,NA
51.8667,10.3333,1995-07-06,9.87999977916479,17.3099996130913,13.5949996961281,1995,7,NA
51.8667,10.3333,1995-07-07,9.30999979190528,21.799999512732,15.5549996523187,1995,7,NA
51.8667,10.3333,1995-07-08,11.7599997371435,25.1299994383007,18.4449995877221,1995,7,NA
51.8667,10.3333,1995-07-09,13.489999698475,26.3799994103611,19.934999554418,1995,7,NA
51.8667,10.3333,1995-07-10,14.7299996707588,28.6099993605167,21.6699995156378,1995,7,NA
51.8667,10.3333,1995-07-11,15.4099996555597,27.9599993750453,21.6849995153025,1995,7,NA
51.8667,10.3333,1995-07-12,15.3699996564537,25.9599994197488,20.6649995381013,1995,7,NA
51.8667,10.3333,1995-07-13,16.8199996240437,25.7299994248897,21.2749995244667,1995,7,NA
51.8667,10.3333,1995-07-14,15.9399996437132,24.6899994481355,20.3149995459244,1995,7,NA
51.8667,10.3333,1995-07-15,15.2399996593595,26.7899994011968,21.0149995302781,1995,7,NA
51.8667,10.3333,1995-07-16,14.8299996685237,23.0999994836748,18.9649995760992,1995,7,NA
51.8667,10.3333,1995-07-17,13.2299997042865,19.4699995648116,16.349999634549,1995,7,NA
51.8667,10.3333,1995-07-18,12.3199997246265,20.079999551177,16.1999996379018,1995,7,NA
51.8667,10.3333,1995-07-19,12.8599997125566,17.1799996159971,15.0199996642768,1995,7,NA
51.8667,10.3333,1995-07-20,14.7199996709824,23.1899994816631,18.9549995763227,1995,7,NA
51.8667,10.3333,1995-07-21,15.0899996627122,27.0699993949383,21.0799995288253,1995,7,NA
51.8667,10.3333,1995-07-22,16.4099996332079,30.5799993164837,23.4949994748458,1995,7,NA
51.8667,10.3333,1995-07-23,13.75999969244,24.7099994476885,19.2349995700642,1995,7,NA
51.8667,10.3333,1995-07-24,8.62999980710447,19.0099995750934,13.8199996910989,1995,7,NA
51.8667,10.3333,1995-07-25,7.85999982431531,23.1599994823337,15.5099996533245,1995,7,NA
51.8667,10.3333,1995-07-26,10.029999775812,21.7199995145202,15.8749996451661,1995,7,NA
51.8667,10.3333,1995-07-27,10.9099997561425,25.6899994257838,18.2999995909631,1995,7,NA
51.8667,10.3333,1995-07-28,14.6999996714294,23.269999479875,18.9849995756522,1995,7,NA
51.8667,10.3333,1995-07-29,14.6599996723235,18.8399995788932,16.7499996256083,1995,7,NA
51.8667,10.3333,1995-07-30,13.2899997029454,25.7599994242191,19.5249995635822,1995,7,NA
51.8667,10.3333,1995-07-31,12.329999724403,26.8499993998557,19.5899995621294,1995,7,NA
51.8667,10.3333,1995-08-01,13.2999997027218,28.3699993658811,20.8349995343015,1995,8,NA
51.8667,10.3333,1995-08-02,14.3299996796995,25.279999434948,19.8049995573238,1995,8,NA
51.8667,10.3333,1995-08-03,11.4199997447431,23.6399994716048,17.529999608174,1995,8,NA
51.8667,10.3333,1995-08-04,10.4499997664243,25.569999428466,18.0099995974451,1995,8,NA
51.8667,10.3333,1995-08-05,11.9199997335672,22.7699994910508,17.344999612309,1995,8,NA
51.8667,10.3333,1995-08-06,10.8499997574836,24.7499994467944,17.799999602139,1995,8,NA
51.8667,10.3333,1995-08-07,13.5599996969104,28.0399993732572,20.7999995350838,1995,8,NA
51.8667,10.3333,1995-08-08,13.2699997033924,21.5699995178729,17.4199996106327,1995,8,NA
51.8667,10.3333,1995-08-09,8.98999979905784,21.0999995283782,15.044999663718,1995,8,NA
51.8667,10.3333,1995-08-10,8.86999980174005,22.2799995020032,15.5749996518716,1995,8,NA
51.8667,10.3333,1995-08-11,7.94999982230365,25.2299994360656,16.5899996291846,1995,8,NA
51.8667,10.3333,1995-08-12,10.3099997695535,27.5199993848801,18.9149995772168,1995,8,NA
51.8667,10.3333,1995-08-13,12.6899997163564,29.1399993486702,20.9149995325133,1995,8,NA
51.8667,10.3333,1995-08-14,15.4699996542186,23.0499994847924,19.2599995695055,1995,8,NA
51.8667,10.3333,1995-08-15,12.9399997107685,19.6399995610118,16.2899996358901,1995,8,NA
51.8667,10.3333,1995-08-16,7.76999982632697,17.6199996061623,12.6949997162446,1995,8,NA
51.8667,10.3333,1995-08-17,12.4299997221678,18.8399995788932,15.6349996505305,1995,8,NA
51.8667,10.3333,1995-08-18,9.8199997805059,23.269999479875,16.5449996301904,1995,8,NA
51.8667,10.3333,1995-08-19,10.9399997554719,25.6199994273484,18.2799995914102,1995,8,NA
51.8667,10.3333,1995-08-20,13.5499996971339,26.97999939695,20.264999547042,1995,8,NA
51.8667,10.3333,1995-08-21,15.229999659583,27.2599993906915,21.2449995251372,1995,8,NA
51.8667,10.3333,1995-08-22,15.0699996631593,24.8499994445592,19.9599995538592,1995,8,NA
51.8667,10.3333,1995-08-23,14.2499996814877,26.7299994025379,20.4899995420128,1995,8,NA
51.8667,10.3333,1995-08-24,14.8699996676296,27.9399993754923,21.404999521561,1995,8,NA
51.8667,10.3333,1995-08-25,14.5199996754527,20.7999995350838,17.6599996052682,1995,8,NA
51.8667,10.3333,1995-08-26,11.9599997326732,19.499999564141,15.7299996484071,1995,8,NA
51.8667,10.3333,1995-08-27,11.9699997324497,16.3599996343255,14.1649996833876,1995,8,NA
51.8667,10.3333,1995-08-28,9.24999979324639,14.649999672547,11.9499997328967,1995,8,NA
51.8667,10.3333,1995-08-29,7.48999983258545,11.0599997527897,9.27499979268759,1995,8,NA
51.8667,10.3333,1995-08-30,7.46999983303249,11.8199997358024,9.64499978441745,1995,8,NA
51.8667,10.3333,1995-08-31,4.7099998947233,13.8899996895343,9.2999997921288,1995,8,NA
51.8667,10.3333,1995-09-01,7.67999982833862,11.749999737367,9.71499978285283,1995,9,NA
51.8667,10.3333,1995-09-02,8.68999980576336,11.5199997425079,10.1049997741356,1995,9,NA
51.8667,10.3333,1995-09-03,7.18999983929098,14.1199996843934,10.6549997618422,1995,9,NA
51.8667,10.3333,1995-09-04,8.28999981470406,14.2299996819347,11.2599997483194,1995,9,NA
51.8667,10.3333,1995-09-05,9.1299997959286,12.9899997096509,11.0599997527897,1995,9,NA
51.8667,10.3333,1995-09-06,9.07999979704618,16.349999634549,12.7149997157976,1995,9,NA
51.8667,10.3333,1995-09-07,8.96999979950488,16.9999996200204,12.9849997097626,1995,9,NA
51.8667,10.3333,1995-09-08,7.54999983124435,21.4699995201081,14.5099996756762,1995,9,NA
51.8667,10.3333,1995-09-09,10.339999768883,18.4999995864928,14.4199996776879,1995,9,NA
51.8667,10.3333,1995-09-10,11.5499997418374,14.5399996750057,13.0449997084215,1995,9,NA
51.8667,10.3333,1995-09-11,10.2099997717887,17.5799996070564,13.8949996894225,1995,9,NA
51.8667,10.3333,1995-09-12,10.1999997720122,16.3299996349961,13.2649997035041,1995,9,NA
51.8667,10.3333,1995-09-13,9.24999979324639,18.5399995855987,13.8949996894225,1995,9,NA
51.8667,10.3333,1995-09-14,10.6699997615069,17.3099996130913,13.9899996872991,1995,9,NA
51.8667,10.3333,1995-09-15,8.96999979950488,15.6199996508658,12.2949997251853,1995,9,NA
51.8667,10.3333,1995-09-16,6.05999986454844,15.9199996441603,10.9899997543544,1995,9,NA
51.8667,10.3333,1995-09-17,7.85999982431531,17.8299996014684,12.8449997128919,1995,9,NA
51.8667,10.3333,1995-09-18,9.18999979458749,18.8899995777756,14.0399996861815,1995,9,NA
51.8667,10.3333,1995-09-19,7.69999982789159,19.5699995625764,13.634999695234,1995,9,NA
51.8667,10.3333,1995-09-20,7.18999983929098,12.6599997170269,9.92499977815896,1995,9,NA
51.8667,10.3333,1995-09-21,7.9799998216331,9.90999977849424,8.94499980006367,1995,9,NA
51.8667,10.3333,1995-09-22,7.32999983616173,13.4299996998161,10.3799997679889,1995,9,NA
51.8667,10.3333,1995-09-23,8.95999979972839,13.9299996886402,11.4449997441843,1995,9,NA
51.8667,10.3333,1995-09-24,9.56999978609383,15.0799996629357,12.3249997245148,1995,9,NA
51.8667,10.3333,1995-09-25,8.96999979950488,14.7599996700883,11.8649997347966,1995,9,NA
51.8667,10.3333,1995-09-26,8.54999980889261,13.6599996946752,11.1049997517839,1995,9,NA
51.8667,10.3333,1995-09-27,9.13999979570508,12.1599997282028,10.6499997619539,1995,9,NA
51.8667,10.3333,1995-09-28,6.05999986454844,11.1499997507781,8.60499980766326,1995,9,NA
51.8667,10.3333,1995-09-29,3.70999991707504,8.01999982073903,5.86499986890703,1995,9,NA
51.8667,10.3333,1995-09-30,1.81999995931983,7.77999982610345,4.79999989271164,1995,9,NA
51.8667,10.3333,1995-10-01,3.81999991461635,7.30999983660877,5.56499987561256,1995,10,1996
51.8667,10.3333,1995-10-02,0.699999984353781,9.13999979570508,4.91999989002943,1995,10,1996
51.8667,10.3333,1995-10-03,6.92999984510243,13.7199996933341,10.3249997692183,1995,10,1996
51.8667,10.3333,1995-10-04,7.56999983079731,15.7499996479601,11.6599997393787,1995,10,1996
51.8667,10.3333,1995-10-05,13.3199997022748,18.1699995938689,15.7449996480718,1995,10,1996
51.8667,10.3333,1995-10-06,11.6899997387081,19.4099995661527,15.5499996524304,1995,10,1996
51.8667,10.3333,1995-10-07,8.01999982073903,15.8299996461719,11.9249997334555,1995,10,1996
51.8667,10.3333,1995-10-08,9.93999977782369,17.4499996099621,13.6949996938929,1995,10,1996
51.8667,10.3333,1995-10-09,12.1499997284263,20.3599995449185,16.2549996366724,1995,10,1996
51.8667,10.3333,1995-10-10,10.4999997653067,22.1699995044619,16.3349996348843,1995,10,1996
51.8667,10.3333,1995-10-11,10.6199997626245,23.1999994814396,16.909999622032,1995,10,1996
51.8667,10.3333,1995-10-12,9.8199997805059,19.7299995590001,14.774999669753,1995,10,1996
51.8667,10.3333,1995-10-13,11.2799997478724,15.229999659583,13.2549997037277,1995,10,1996
51.8667,10.3333,1995-10-14,12.0899997297674,15.229999659583,13.6599996946752,1995,10,1996
51.8667,10.3333,1995-10-15,10.3299997691065,13.3299997020513,11.8299997355789,1995,10,1996
51.8667,10.3333,1995-10-16,8.67999980598688,17.239999614656,12.9599997103214,1995,10,1996
51.8667,10.3333,1995-10-17,9.74999978207052,15.2999996580184,12.5249997200444,1995,10,1996
51.8667,10.3333,1995-10-18,8.32999981380999,14.7499996703118,11.5399997420609,1995,10,1996
51.8667,10.3333,1995-10-19,7.42999983392656,14.069999685511,10.7499997597188,1995,10,1996
51.8667,10.3333,1995-10-20,6.41999985650182,11.2799997478724,8.84999980218709,1995,10,1996
51.8667,10.3333,1995-10-21,5.739999871701,10.6199997626245,8.17999981716275,1995,10,1996
51.8667,10.3333,1995-10-22,1.34999996982515,7.38999983482063,4.36999990232289,1995,10,1996
51.8667,10.3333,1995-10-23,-1.79999995976686,8.55999980866909,3.37999992445111,1995,10,1996
51.8667,10.3333,1995-10-24,2.41999994590878,12.5799997188151,7.49999983236194,1995,10,1996
51.8667,10.3333,1995-10-25,6.74999984912574,16.9399996213615,11.8449997352436,1995,10,1996
51.8667,10.3333,1995-10-26,5.92999986745417,12.6799997165799,9.30499979201704,1995,10,1996
51.8667,10.3333,1995-10-27,4.74999989382923,13.779999691993,9.26499979291111,1995,10,1996
51.8667,10.3333,1995-10-28,11.9399997331202,15.6699996497482,13.8049996914342,1995,10,1996
51.8667,10.3333,1995-10-29,6.11999986320734,12.8299997132272,9.47499978821725,1995,10,1996
51.8667,10.3333,1995-10-30,5.30999988131225,8.41999981179833,6.86499984655529,1995,10,1996
51.8667,10.3333,1995-10-31,4.6499998960644,8.08999981917441,6.3699998576194,1995,10,1996
51.8667,10.3333,1995-11-01,1.01999997720122,8.8399998024106,4.92999988980591,1995,11,1996
51.8667,10.3333,1995-11-02,2.81999993696809,7.37999983504415,5.09999988600612,1995,11,1996
51.8667,10.3333,1995-11-03,1.42999996803701,4.22999990545213,2.82999993674457,1995,11,1996
51.8667,10.3333,1995-11-04,-2.98999993316829,5.00999988801777,1.00999997742474,1995,11,1996
51.8667,10.3333,1995-11-05,-3.75999991595745,-1.11999997496605,-2.43999994546175,1995,11,1996
51.8667,10.3333,1995-11-06,-5.23999988287687,1.13999997451901,-2.04999995417893,1995,11,1996
51.8667,10.3333,1995-11-07,-5.5699998755008,1.66999996267259,-1.9499999564141,1995,11,1996
51.8667,10.3333,1995-11-08,0.96999997831881,3.21999992802739,2.0949999531731,1995,11,1996
51.8667,10.3333,1995-11-09,0.419999990612268,4.84999989159405,2.63499994110316,1995,11,1996
51.8667,10.3333,1995-11-10,4.48999989964068,7.37999983504415,5.93499986734241,1995,11,1996
51.8667,10.3333,1995-11-11,3.86999991349876,8.94999979995191,6.40999985672534,1995,11,1996
51.8667,10.3333,1995-11-12,4.89999989047647,12.7899997141212,8.84499980229884,1995,11,1996
51.8667,10.3333,1995-11-13,2.48999994434416,9.88999977894127,6.18999986164272,1995,11,1996
51.8667,10.3333,1995-11-14,0.149999996647239,4.8799998909235,2.51499994378537,1995,11,1996
51.8667,10.3333,1995-11-15,0.189999995753169,7.13999984040856,3.66499991808087,1995,11,1996
51.8667,10.3333,1995-11-16,4.61999989673495,6.85999984666705,5.739999871701,1995,11,1996
51.8667,10.3333,1995-11-17,5.5699998755008,9.00999979861081,7.2899998370558,1995,11,1996
51.8667,10.3333,1995-11-18,-2.06999995373189,7.01999984309077,2.47499994467944,1995,11,1996
51.8667,10.3333,1995-11-19,-5.94999986700714,0.0699999984353781,-2.93999993428588,1995,11,1996
51.8667,10.3333,1995-11-20,-0.689999984577298,1.81999995931983,0.564999987371266,1995,11,1996
51.8667,10.3333,1995-11-21,-5.85999986901879,1.24999997206032,-2.30499994847924,1995,11,1996
51.8667,10.3333,1995-11-22,-6.98999984376132,1.03999997675419,-2.97499993350357,1995,11,1996
51.8667,10.3333,1995-11-23,-4.36999990232289,3.94999991171062,-0.209999995306134,1995,11,1996
51.8667,10.3333,1995-11-24,1.47999996691942,4.58999989740551,3.03499993216246,1995,11,1996
51.8667,10.3333,1995-11-25,1.80999995954335,5.47999987751245,3.6449999185279,1995,11,1996
51.8667,10.3333,1995-11-26,0.219999995082617,5.61999987438321,2.91999993473291,1995,11,1996
51.8667,10.3333,1995-11-27,-0.249999994412065,8.36999981291592,4.05999990925193,1995,11,1996
51.8667,10.3333,1995-11-28,-0.769999982789159,7.10999984107912,3.16999992914498,1995,11,1996
51.8667,10.3333,1995-11-29,-3.82999991439283,2.74999993853271,-0.539999987930059,1995,11,1996
51.8667,10.3333,1995-11-30,-1.8399999588728,0.139999996870756,-0.849999981001019,1995,11,1996
51.8667,10.3333,1995-12-01,-2.73999993875623,0.599999986588955,-1.06999997608364,1995,12,1996
51.8667,10.3333,1995-12-02,-5.40999987907708,-1.36999996937811,-3.3899999242276,1995,12,1996
51.8667,10.3333,1995-12-03,-6.31999985873699,-2.19999995082617,-4.25999990478158,1995,12,1996
51.8667,10.3333,1995-12-04,-5.70999987237155,-1.58999996446073,-3.64999991841614,1995,12,1996
51.8667,10.3333,1995-12-05,-6.80999984778464,-2.74999993853271,-4.77999989315867,1995,12,1996
51.8667,10.3333,1995-12-06,-8.90999980084598,-5.90999986790121,-7.40999983437359,1995,12,1996
51.8667,10.3333,1995-12-07,-11.1599997505546,-7.2899998370558,-9.22499979380518,1995,12,1996
51.8667,10.3333,1995-12-08,-8.36999981291592,-2.83999993652105,-5.60499987471849,1995,12,1996
51.8667,10.3333,1995-12-09,-7.72999982722104,-0.259999994188547,-3.99499991070479,1995,12,1996
51.8667,10.3333,1995-12-10,-5.65999987348914,1.15999997407198,-2.24999994970858,1995,12,1996
51.8667,10.3333,1995-12-11,-3.17999992892146,1.01999997720122,-1.07999997586012,1995,12,1996
51.8667,10.3333,1995-12-12,-1.98999995552003,2.75999993830919,0.384999991394579,1995,12,1996
51.8667,10.3333,1995-12-13,-3.4999999217689,0.909999979659915,-1.29499997105449,1995,12,1996
51.8667,10.3333,1995-12-14,-4.11999990791082,-2.32999994792044,-3.22499992791563,1995,12,1996
51.8667,10.3333,1995-12-15,-5.00999988801777,-1.59999996423721,-3.30499992612749,1995,12,1996
51.8667,10.3333,1995-12-16,-6.57999985292554,-2.4099999461323,-4.49499989952892,1995,12,1996
51.8667,10.3333,1995-12-17,-7.08999984152615,-1.59999996423721,-4.34499990288168,1995,12,1996
51.8667,10.3333,1995-12-18,-7.65999982878566,-1.9499999564141,-4.80499989259988,1995,12,1996
51.8667,10.3333,1995-12-19,-5.70999987237155,1.25999997183681,-2.22499995026737,1995,12,1996
51.8667,10.3333,1995-12-20,-2.39999994635582,0.369999991729856,-1.01499997731298,1995,12,1996
51.8667,10.3333,1995-12-21,-5.92999986745417,0.259999994188547,-2.83499993663281,1995,12,1996
51.8667,10.3333,1995-12-22,-10.4499997664243,-2.60999994166195,-6.52999985404313,1995,12,1996
51.8667,10.3333,1995-12-23,-4.07999990880489,5.34999988041818,0.634999985806644,1995,12,1996
51.8667,10.3333,1995-12-24,1.56999996490777,7.91999982297421,4.74499989394099,1995,12,1996
51.8667,10.3333,1995-12-25,-4.76999989338219,2.19999995082617,-1.28499997127801,1995,12,1996
51.8667,10.3333,1995-12-26,-4.4199999012053,-1.74999996088445,-3.08499993104488,1995,12,1996
51.8667,10.3333,1995-12-27,-5.59999987483025,-1.3199999704957,-3.45999992266297,1995,12,1996
51.8667,10.3333,1995-12-28,-10.4799997657537,-3.44999992288649,-6.96499984432012,1995,12,1996
51.8667,10.3333,1995-12-29,-14.069999685511,-4.07999990880489,-9.07499979715794,1995,12,1996
51.8667,10.3333,1995-12-30,-14.3699996788055,-3.19999992847443,-8.78499980363995,1995,12,1996
51.8667,10.3333,1995-12-31,-13.9299996886402,-5.36999987997115,-9.64999978430569,1995,12,1996
51.8667,10.3333,1996-01-01,-9.34999979101121,-4.23999990522861,-6.79499984811991,1996,1,1996
51.8667,10.3333,1996-01-02,-6.70999985001981,-3.28999992646277,-4.99999988824129,1996,1,1996
51.8667,10.3333,1996-01-03,-6.86999984644353,-3.33999992534518,-5.10499988589436,1996,1,1996
51.8667,10.3333,1996-01-04,-7.0599998421967,-3.07999993115664,-5.06999988667667,1996,1,1996
51.8667,10.3333,1996-01-05,-9.95999977737665,-1.80999995954335,-5.88499986846,1996,1,1996
51.8667,10.3333,1996-01-06,-12.2899997252971,-3.04999993182719,-7.66999982856214,1996,1,1996
51.8667,10.3333,1996-01-07,-10.9499997552484,-5.23999988287687,-8.09499981906265,1996,1,1996
51.8667,10.3333,1996-01-08,-7.16999983973801,3.9599999114871,-1.60499996412545,1996,1,1996
51.8667,10.3333,1996-01-09,-0.88999998010695,5.39999987930059,2.25499994959682,1996,1,1996
51.8667,10.3333,1996-01-10,-2.06999995373189,6.94999984465539,2.43999994546175,1996,1,1996
51.8667,10.3333,1996-01-11,-0.509999988600612,6.00999986566603,2.74999993853271,1996,1,1996
51.8667,10.3333,1996-01-12,-1.68999996222556,6.5999998524785,2.45499994512647,1996,1,1996
51.8667,10.3333,1996-01-13,0.769999982789159,10.2399997711182,5.50499987695366,1996,1,1996
51.8667,10.3333,1996-01-14,-0.189999995753169,8.40999981202185,4.10999990813434,1996,1,1996
51.8667,10.3333,1996-01-15,-2.61999994143844,6.37999985739589,1.87999995797873,1996,1,1996
51.8667,10.3333,1996-01-16,-3.30999992601573,3.23999992758036,-0.034999999217689,1996,1,1996
51.8667,10.3333,1996-01-17,-3.05999993160367,0.699999984353781,-1.17999997362494,1996,1,1996
51.8667,10.3333,1996-01-18,-4.54999989829957,3.3299999255687,-0.609999986365438,1996,1,1996
51.8667,10.3333,1996-01-19,-4.86999989114702,1.719999961555,-1.57499996479601,1996,1,1996
51.8667,10.3333,1996-01-20,-7.73999982699752,-2.29999994859099,-5.01999988779426,1996,1,1996
51.8667,10.3333,1996-01-21,-7.64999982900918,-3.81999991461635,-5.73499987181276,1996,1,1996
51.8667,10.3333,1996-01-22,-8.55999980866909,-3.7899999152869,-6.17499986197799,1996,1,1996
51.8667,10.3333,1996-01-23,-9.0699997972697,-3.22999992780387,-6.14999986253679,1996,1,1996
51.8667,10.3333,1996-01-24,-11.0499997530133,-5.15999988466501,-8.10499981883913,1996,1,1996
51.8667,10.3333,1996-01-25,-12.2599997259676,-5.62999987415969,-8.94499980006367,1996,1,1996
51.8667,10.3333,1996-01-26,-16.7099996265024,-11.1999997496605,-13.9549996880814,1996,1,1996
51.8667,10.3333,1996-01-27,-15.8499996457249,-11.0799997523427,-13.4649996990338,1996,1,1996
51.8667,10.3333,1996-01-28,-12.0899997297674,-7.49999983236194,-9.79499978106469,1996,1,1996
51.8667,10.3333,1996-01-29,-12.9199997112155,-5.78999987058342,-9.35499979089946,1996,1,1996
51.8667,10.3333,1996-01-30,-8.74999980442226,-1.64999996311963,-5.19999988377094,1996,1,1996
51.8667,10.3333,1996-01-31,-10.339999768883,-1.23999997228384,-5.78999987058342,1996,1,1996
51.8667,10.3333,1996-02-01,-11.3699997458607,0.439999990165234,-5.46499987784773,1996,2,1996
51.8667,10.3333,1996-02-02,-9.01999979838729,3.71999991685152,-2.64999994076788,1996,2,1996
51.8667,10.3333,1996-02-03,-7.8099998254329,3.90999991260469,-1.9499999564141,1996,2,1996
51.8667,10.3333,1996-02-04,-5.68999987281859,-1.15999997407198,-3.42499992344528,1996,2,1996
51.8667,10.3333,1996-02-05,-6.66999985091388,-3.37999992445111,-5.0249998876825,1996,2,1996
51.8667,10.3333,1996-02-06,-11.5299997422844,-2.84999993629754,-7.18999983929098,1996,2,1996
51.8667,10.3333,1996-02-07,-14.4099996779114,-6.26999985985458,-10.339999768883,1996,2,1996
51.8667,10.3333,1996-02-08,-15.1999996602535,-6.66999985091388,-10.9349997555837,1996,2,1996
51.8667,10.3333,1996-02-09,-16.2599996365607,-8.29999981448054,-12.2799997255206,1996,2,1996
51.8667,10.3333,1996-02-10,-16.5699996296316,-5.36999987997115,-10.9699997548014,1996,2,1996
51.8667,10.3333,1996-02-11,-9.67999978363514,-2.29999994859099,-5.98999986611307,1996,2,1996
51.8667,10.3333,1996-02-12,-2.95999993383884,1.7799999602139,-0.589999986812472,1996,2,1996
51.8667,10.3333,1996-02-13,0.00999999977648258,2.51999994367361,1.26499997172505,1996,2,1996
51.8667,10.3333,1996-02-14,-2.56999994255602,1.01999997720122,-0.7749999826774,1996,2,1996
51.8667,10.3333,1996-02-15,-3.82999991439283,-1.81999995931983,-2.82499993685633,1996,2,1996
51.8667,10.3333,1996-02-16,-4.58999989740551,-2.38999994657934,-3.48999992199242,1996,2,1996
51.8667,10.3333,1996-02-17,-3.37999992445111,2.98999993316829,-0.19499999564141,1996,2,1996
51.8667,10.3333,1996-02-18,-0.949999978765845,1.93999995663762,0.494999988935888,1996,2,1996
51.8667,10.3333,1996-02-19,-1.42999996803701,1.44999996758997,0.00999999977648258,1996,2,1996
51.8667,10.3333,1996-02-20,-0.839999981224537,2.20999995060265,0.684999984689057,1996,2,1996
51.8667,10.3333,1996-02-21,-6.67999985069036,-0.279999993741512,-3.47999992221594,1996,2,1996
51.8667,10.3333,1996-02-22,-9.89999977871776,-6.38999985717237,-8.14499981794506,1996,2,1996
51.8667,10.3333,1996-02-23,-9.45999978855252,-6.56999985314906,-8.01499982085079,1996,2,1996
51.8667,10.3333,1996-02-24,-11.4099997449666,-2.59999994188547,-7.00499984342605,1996,2,1996
51.8667,10.3333,1996-02-25,-11.7399997375906,-1.38999996893108,-6.56499985326082,1996,2,1996
51.8667,10.3333,1996-02-26,-2.73999993875623,4.8199998922646,1.03999997675419,1996,2,1996
51.8667,10.3333,1996-02-27,1.7799999602139,8.74999980442226,5.26499988231808,1996,2,1996
51.8667,10.3333,1996-02-28,-1.43999996781349,9.78999978117645,4.17499990668148,1996,2,1996
51.8667,10.3333,1996-02-29,-2.22999995015562,4.99999988824129,1.38499996904284,1996,2,1996
51.8667,10.3333,1996-03-01,-4.05999990925193,4.05999990925193,0,1996,3,1996
51.8667,10.3333,1996-03-02,-3.5599999204278,0.829999981448054,-1.36499996948987,1996,3,1996
51.8667,10.3333,1996-03-03,-7.17999983951449,1.38999996893108,-2.89499993529171,1996,3,1996
51.8667,10.3333,1996-03-04,-7.60999982990324,-1.3199999704957,-4.46499990019947,1996,3,1996
51.8667,10.3333,1996-03-05,-8.18999981693923,0.159999996423721,-4.01499991025776,1996,3,1996
51.8667,10.3333,1996-03-06,-1.97999995574355,0.319999992847443,-0.829999981448054,1996,3,1996
51.8667,10.3333,1996-03-07,-2.48999994434416,1.23999997228384,-0.624999986030161,1996,3,1996
51.8667,10.3333,1996-03-08,-2.66999994032085,0.96999997831881,-0.849999981001019,1996,3,1996
51.8667,10.3333,1996-03-09,-4.75999989360571,1.88999995775521,-1.43499996792525,1996,3,1996
51.8667,10.3333,1996-03-10,-6.029999865219,1.88999995775521,-2.06999995373189,1996,3,1996
51.8667,10.3333,1996-03-11,-6.64999985136092,1.06999997608364,-2.78999993763864,1996,3,1996
51.8667,10.3333,1996-03-12,-6.96999984420836,-4.21999990567565,-5.594999874942,1996,3,1996
51.8667,10.3333,1996-03-13,-8.70999980531633,-5.19999988377094,-6.95499984454364,1996,3,1996
51.8667,10.3333,1996-03-14,-7.8099998254329,-4.13999990746379,-5.97499986644834,1996,3,1996
51.8667,10.3333,1996-03-15,-5.35999988019466,-1.20999997295439,-3.28499992657453,1996,3,1996
51.8667,10.3333,1996-03-16,-4.56999989785254,1.0899999756366,-1.73999996110797,1996,3,1996
51.8667,10.3333,1996-03-17,-1.59999996423721,2.48999994434416,0.444999990053475,1996,3,1996
51.8667,10.3333,1996-03-18,-1.66999996267259,1.72999996133149,0.0299999993294477,1996,3,1996
51.8667,10.3333,1996-03-19,-1.38999996893108,0.729999983683228,-0.329999992623925,1996,3,1996
51.8667,10.3333,1996-03-20,-2.57999994233251,4.88999989069998,1.15499997418374,1996,3,1996
51.8667,10.3333,1996-03-21,-2.27999994903803,6.6599998511374,2.18999995104969,1996,3,1996
51.8667,10.3333,1996-03-22,-3.3899999242276,7.44999983347952,2.02999995462596,1996,3,1996
51.8667,10.3333,1996-03-23,-0.0799999982118607,7.71999982744455,3.81999991461635,1996,3,1996
51.8667,10.3333,1996-03-24,-0.769999982789159,7.88999982364476,3.5599999204278,1996,3,1996
51.8667,10.3333,1996-03-25,2.6399999409914,6.93999984487891,4.78999989293516,1996,3,1996
51.8667,10.3333,1996-03-26,0.319999992847443,5.34999988041818,2.83499993663281,1996,3,1996
51.8667,10.3333,1996-03-27,-2.06999995373189,5.63999987393618,1.78499996010214,1996,3,1996
51.8667,10.3333,1996-03-28,-5.39999987930059,3.27999992668629,-1.05999997630715,1996,3,1996
51.8667,10.3333,1996-03-29,-6.2599998600781,3.36999992467463,-1.44499996770173,1996,3,1996
51.8667,10.3333,1996-03-30,-1.80999995954335,1.87999995797873,0.034999999217689,1996,3,1996
51.8667,10.3333,1996-03-31,-3.41999992355704,1.12999997474253,-1.14499997440726,1996,3,1996
51.8667,10.3333,1996-04-01,-4.44999990053475,0.669999985024333,-1.88999995775521,1996,4,1996
51.8667,10.3333,1996-04-02,-5.67999987304211,0.709999984130263,-2.48499994445592,1996,4,1996
51.8667,10.3333,1996-04-03,-8.28999981470406,1.05999997630715,-3.61499991919845,1996,4,1996
51.8667,10.3333,1996-04-04,-5.06999988667667,2.1799999512732,-1.44499996770173,1996,4,1996
51.8667,10.3333,1996-04-05,-2.88999993540347,4.14999990724027,0.629999985918403,1996,4,1996
51.8667,10.3333,1996-04-06,-1.63999996334314,3.00999993272126,0.684999984689057,1996,4,1996
51.8667,10.3333,1996-04-07,0.0999999977648258,7.77999982610345,3.93999991193414,1996,4,1996
51.8667,10.3333,1996-04-08,-0.849999981001019,14.9699996653944,7.0599998421967,1996,4,1996
51.8667,10.3333,1996-04-09,1.01999997720122,12.5299997199327,6.77499984856695,1996,4,1996
51.8667,10.3333,1996-04-10,1.89999995753169,5.97999986633658,3.93999991193414,1996,4,1996
51.8667,10.3333,1996-04-11,0.679999984800816,10.3999997675419,5.53999987617135,1996,4,1996
51.8667,10.3333,1996-04-12,-2.26999994926155,7.13999984040856,2.43499994557351,1996,4,1996
51.8667,10.3333,1996-04-13,-6.10999986343086,0.259999994188547,-2.92499993462116,1996,4,1996
51.8667,10.3333,1996-04-14,-2.88999993540347,3.44999992288649,0.279999993741512,1996,4,1996
51.8667,10.3333,1996-04-15,-1.97999995574355,7.19999983906746,2.60999994166195,1996,4,1996
51.8667,10.3333,1996-04-16,-3.42999992333353,10.9799997545779,3.77499991562217,1996,4,1996
51.8667,10.3333,1996-04-17,-0.92999997921288,14.5199996754527,6.79499984811991,1996,4,1996
51.8667,10.3333,1996-04-18,1.12999997474253,16.1799996383488,8.65499980654567,1996,4,1996
51.8667,10.3333,1996-04-19,1.96999995596707,17.1899996157736,9.57999978587031,1996,4,1996
51.8667,10.3333,1996-04-20,3.63999991863966,18.6599995829165,11.1499997507781,1996,4,1996
51.8667,10.3333,1996-04-21,5.85999986901879,22.1199995055795,13.9899996872991,1996,4,1996
51.8667,10.3333,1996-04-22,7.85999982431531,23.8399994671345,15.8499996457249,1996,4,1996
51.8667,10.3333,1996-04-23,8.51999980956316,25.0699994396418,16.7949996246025,1996,4,1996
51.8667,10.3333,1996-04-24,9.34999979101121,22.7899994906038,16.0699996408075,1996,4,1996
51.8667,10.3333,1996-04-25,6.12999986298382,15.3199996575713,10.7249997602776,1996,4,1996
51.8667,10.3333,1996-04-26,4.22999990545213,13.8899996895343,9.05999979749322,1996,4,1996
51.8667,10.3333,1996-04-27,2.06999995373189,13.9999996870756,8.03499982040375,1996,4,1996
51.8667,10.3333,1996-04-28,7.33999983593822,15.8399996459484,11.5899997409433,1996,4,1996
51.8667,10.3333,1996-04-29,4.4199999012053,16.5299996305257,10.4749997658655,1996,4,1996
51.8667,10.3333,1996-04-30,3.0999999307096,9.8199997805059,6.45999985560775,1996,4,1996
51.8667,10.3333,1996-05-01,3.42999992333353,10.8299997579306,7.12999984063208,1996,5,NA
51.8667,10.3333,1996-05-02,3.14999992959201,15.0699996631593,9.10999979637563,1996,5,NA
51.8667,10.3333,1996-05-03,6.00999986566603,14.7299996707588,10.3699997682124,1996,5,NA
51.8667,10.3333,1996-05-04,4.10999990813434,11.5599997416139,7.8349998248741,1996,5,NA
51.8667,10.3333,1996-05-05,3.76999991573393,7.69999982789159,5.73499987181276,1996,5,NA
51.8667,10.3333,1996-05-06,-0.319999992847443,6.64999985136092,3.16499992925674,1996,5,NA
51.8667,10.3333,1996-05-07,-1.89999995753169,9.73999978229403,3.91999991238117,1996,5,NA
51.8667,10.3333,1996-05-08,3.71999991685152,7.87999982386827,5.7999998703599,1996,5,NA
51.8667,10.3333,1996-05-09,4.51999989897013,7.41999983415008,5.9699998665601,1996,5,NA
51.8667,10.3333,1996-05-10,0.869999980553985,5.14999988488853,3.00999993272126,1996,5,NA
51.8667,10.3333,1996-05-11,0.829999981448054,3.85999991372228,2.34499994758517,1996,5,NA
51.8667,10.3333,1996-05-12,3.10999993048608,6.77999984845519,4.94499988947064,1996,5,NA
51.8667,10.3333,1996-05-13,5.18999988399446,9.15999979525805,7.17499983962625,1996,5,NA
51.8667,10.3333,1996-05-14,6.96999984420836,9.41999978944659,8.19499981682748,1996,5,NA
51.8667,10.3333,1996-05-15,6.78999984823167,12.6499997172505,9.71999978274107,1996,5,NA
51.8667,10.3333,1996-05-16,4.79999989271164,9.83999978005886,7.31999983638525,1996,5,NA
51.8667,10.3333,1996-05-17,2.16999995149672,9.43999978899956,5.80499987024814,1996,5,NA
51.8667,10.3333,1996-05-18,6.24999986030161,17.8899996001273,12.0699997302145,1996,5,NA
51.8667,10.3333,1996-05-19,10.1399997733533,18.7499995809048,14.4449996771291,1996,5,NA
51.8667,10.3333,1996-05-20,10.0599997751415,19.1499995719641,14.6049996735528,1996,5,NA
51.8667,10.3333,1996-05-21,6.4299998562783,13.4999996982515,9.96499977726489,1996,5,NA
51.8667,10.3333,1996-05-22,2.50999994389713,14.3099996801466,8.40999981202185,1996,5,NA
51.8667,10.3333,1996-05-23,5.52999987639487,12.909999711439,9.21999979391694,1996,5,NA
51.8667,10.3333,1996-05-24,6.27999985963106,12.5099997203797,9.39499979000539,1996,5,NA
51.8667,10.3333,1996-05-25,8.76999980397522,18.5599995851517,13.6649996945634,1996,5,NA
51.8667,10.3333,1996-05-26,8.8999998010695,16.2099996376783,12.5549997193739,1996,5,NA
51.8667,10.3333,1996-05-27,6.50999985449016,14.1199996843934,10.3149997694418,1996,5,NA
51.8667,10.3333,1996-05-28,7.46999983303249,12.929999710992,10.1999997720122,1996,5,NA
51.8667,10.3333,1996-05-29,3.05999993160367,10.2299997713417,6.64499985147268,1996,5,NA
51.8667,10.3333,1996-05-30,2.81999993696809,17.4599996097386,10.1399997733533,1996,5,NA
51.8667,10.3333,1996-05-31,10.9999997541308,22.3299995008856,16.6649996275082,1996,5,NA
51.8667,10.3333,1996-06-01,13.5199996978045,27.2099993918091,20.3649995448068,1996,6,NA
51.8667,10.3333,1996-06-02,10.1799997724593,17.9399995990098,14.0599996857345,1996,6,NA
51.8667,10.3333,1996-06-03,7.95999982208014,10.8099997583777,9.3849997902289,1996,6,NA
51.8667,10.3333,1996-06-04,8.22999981604517,11.4299997445196,9.82999978028238,1996,6,NA
51.8667,10.3333,1996-06-05,4.66999989561737,19.9199995547533,12.2949997251853,1996,6,NA
51.8667,10.3333,1996-06-06,8.68999980576336,22.5999994948506,15.644999650307,1996,6,NA
51.8667,10.3333,1996-06-07,10.9999997541308,26.399999409914,18.6999995820224,1996,6,NA
51.8667,10.3333,1996-06-08,15.4899996537715,29.009999351576,22.2499995026737,1996,6,NA
51.8667,10.3333,1996-06-09,16.8799996227026,28.9499993529171,22.9149994878098,1996,6,NA
51.8667,10.3333,1996-06-10,13.9899996872991,21.839999511838,17.9149995995685,1996,6,NA
51.8667,10.3333,1996-06-11,13.2599997036159,24.3999994546175,18.8299995791167,1996,6,NA
51.8667,10.3333,1996-06-12,14.2799996808171,26.0799994170666,20.1799995489419,1996,6,NA
51.8667,10.3333,1996-06-13,12.0999997295439,22.0399995073676,17.0699996184558,1996,6,NA
51.8667,10.3333,1996-06-14,7.48999983258545,15.519999653101,11.5049997428432,1996,6,NA
51.8667,10.3333,1996-06-15,5.739999871701,13.9799996875226,9.85999977961183,1996,6,NA
51.8667,10.3333,1996-06-16,4.44999990053475,16.639999628067,10.5449997643009,1996,6,NA
51.8667,10.3333,1996-06-17,7.61999982967973,16.1299996394664,11.8749997345731,1996,6,NA
51.8667,10.3333,1996-06-18,5.62999987415969,21.5899995174259,13.6099996957928,1996,6,NA
51.8667,10.3333,1996-06-19,9.79999978095293,17.7599996030331,13.779999691993,1996,6,NA
51.8667,10.3333,1996-06-20,7.68999982811511,12.1999997273088,9.94499977771193,1996,6,NA
51.8667,10.3333,1996-06-21,6.64999985136092,12.2699997257441,9.45999978855252,1996,6,NA
51.8667,10.3333,1996-06-22,6.54999985359609,13.4999996982515,10.0249997759238,1996,6,NA
51.8667,10.3333,1996-06-23,4.65999989584088,12.8699997123331,8.76499980408698,1996,6,NA
51.8667,10.3333,1996-06-24,7.45999983325601,11.4699997436255,9.46499978844076,1996,6,NA
51.8667,10.3333,1996-06-25,6.31999985873699,10.6199997626245,8.46999981068075,1996,6,NA
51.8667,10.3333,1996-06-26,8.4399998113513,13.75999969244,11.0999997518957,1996,6,NA
51.8667,10.3333,1996-06-27,6.90999984554946,18.1799995936453,12.5449997195974,1996,6,NA
51.8667,10.3333,1996-06-28,7.95999982208014,15.9699996430427,11.9649997325614,1996,6,NA
51.8667,10.3333,1996-06-29,6.09999986365438,18.7199995815754,12.4099997226149,1996,6,NA
51.8667,10.3333,1996-06-30,8.90999980084598,16.1599996387959,12.5349997198209,1996,6,NA
51.8667,10.3333,1996-07-01,8.23999981582165,12.0099997315556,10.1249997736886,1996,7,NA
51.8667,10.3333,1996-07-02,9.40999978967011,14.1299996841699,11.76999973692,1996,7,NA
51.8667,10.3333,1996-07-03,7.60999982990324,14.4199996776879,11.0149997537956,1996,7,NA
51.8667,10.3333,1996-07-04,7.26999983750284,17.4099996108562,12.3399997241795,1996,7,NA
51.8667,10.3333,1996-07-05,12.2499997261912,17.9099995996803,15.0799996629357,1996,7,NA
51.8667,10.3333,1996-07-06,9.82999978028238,18.089999595657,13.9599996879697,1996,7,NA
51.8667,10.3333,1996-07-07,9.37999979034066,13.9199996888638,11.6499997396022,1996,7,NA
51.8667,10.3333,1996-07-08,7.43999983370304,16.1399996392429,11.789999736473,1996,7,NA
51.8667,10.3333,1996-07-09,8.38999981246889,13.0599997080863,10.7249997602776,1996,7,NA
51.8667,10.3333,1996-07-10,7.90999982319772,14.3499996792525,11.1299997512251,1996,7,NA
51.8667,10.3333,1996-07-11,8.92999980039895,17.4399996101856,13.1849997052923,1996,7,NA
51.8667,10.3333,1996-07-12,9.71999978274107,17.0899996180087,13.4049997003749,1996,7,NA
51.8667,10.3333,1996-07-13,12.3099997248501,19.7199995592237,16.0149996420369,1996,7,NA
51.8667,10.3333,1996-07-14,13.3899997007102,21.6599995158613,17.5249996082857,1996,7,NA
51.8667,10.3333,1996-07-15,13.0299997087568,22.1999995037913,17.6149996062741,1996,7,NA
51.8667,10.3333,1996-07-16,9.9899997767061,17.0299996193498,13.509999698028,1996,7,NA
51.8667,10.3333,1996-07-17,7.62999982945621,15.2199996598065,11.4249997446314,1996,7,NA
51.8667,10.3333,1996-07-18,6.27999985963106,15.1799996607006,10.7299997601658,1996,7,NA
51.8667,10.3333,1996-07-19,8.32999981380999,12.3099997248501,10.31999976933,1996,7,NA
51.8667,10.3333,1996-07-20,8.16999981738627,17.3699996117502,12.7699997145683,1996,7,NA
51.8667,10.3333,1996-07-21,6.35999985784292,18.2399995923042,12.2999997250736,1996,7,NA
51.8667,10.3333,1996-07-22,6.69999985024333,20.2599995471537,13.4799996986985,1996,7,NA
51.8667,10.3333,1996-07-23,8.24999981559813,22.8999994881451,15.5749996518716,1996,7,NA
51.8667,10.3333,1996-07-24,10.5499997641891,23.9599994644523,17.2549996143207,1996,7,NA
51.8667,10.3333,1996-07-25,12.9399997107685,18.9699995759875,15.954999643378,1996,7,NA
51.8667,10.3333,1996-07-26,10.7399997599423,17.6499996054918,14.194999682717,1996,7,NA
51.8667,10.3333,1996-07-27,11.0299997534603,19.1299995724112,15.0799996629357,1996,7,NA
51.8667,10.3333,1996-07-28,8.59999980777502,22.4399994984269,15.519999653101,1996,7,NA
51.8667,10.3333,1996-07-29,11.9499997328967,17.9199995994568,14.9349996661767,1996,7,NA
51.8667,10.3333,1996-07-30,9.74999978207052,22.4599994979799,16.1049996400252,1996,7,NA
51.8667,10.3333,1996-07-31,12.4699997212738,20.1899995487183,16.3299996349961,1996,7,NA
51.8667,10.3333,1996-08-01,12.889999711886,21.4499995205551,17.1699996162206,1996,8,NA
51.8667,10.3333,1996-08-02,12.5099997203797,23.0199994854629,17.7649996029213,1996,8,NA
51.8667,10.3333,1996-08-03,10.359999768436,20.63999953866,15.499999653548,1996,8,NA
51.8667,10.3333,1996-08-04,8.52999980933964,17.6799996048212,13.1049997070804,1996,8,NA
51.8667,10.3333,1996-08-05,6.77999984845519,18.3199995905161,12.5499997194856,1996,8,NA
51.8667,10.3333,1996-08-06,7.91999982297421,19.5299995634705,13.7249996932223,1996,8,NA
51.8667,10.3333,1996-08-07,8.94999979995191,19.9899995531887,14.4699996765703,1996,8,NA
51.8667,10.3333,1996-08-08,12.3199997246265,18.5199995860457,15.4199996553361,1996,8,NA
51.8667,10.3333,1996-08-09,10.6799997612834,20.63999953866,15.6599996499717,1996,8,NA
51.8667,10.3333,1996-08-10,10.4099997673184,24.0799994617701,17.2449996145442,1996,8,NA
51.8667,10.3333,1996-08-11,13.8099996913224,25.4199994318187,19.6149995615706,1996,8,NA
51.8667,10.3333,1996-08-12,14.7999996691942,20.4299995433539,17.6149996062741,1996,8,NA
51.8667,10.3333,1996-08-13,12.5599997192621,21.2299995254725,16.8949996223673,1996,8,NA
51.8667,10.3333,1996-08-14,12.2899997252971,15.0799996629357,13.6849996941164,1996,8,NA
51.8667,10.3333,1996-08-15,12.4599997214973,16.7599996253848,14.6099996734411,1996,8,NA
51.8667,10.3333,1996-08-16,12.1799997277558,17.7099996041507,14.9449996659532,1996,8,NA
51.8667,10.3333,1996-08-17,12.9599997103214,17.4599996097386,15.20999966003,1996,8,NA
51.8667,10.3333,1996-08-18,11.9599997326732,19.8199995569885,15.8899996448308,1996,8,NA
51.8667,10.3333,1996-08-19,10.3299997691065,22.7499994914979,16.5399996303022,1996,8,NA
51.8667,10.3333,1996-08-20,12.4199997223914,25.239999435842,18.8299995791167,1996,8,NA
51.8667,10.3333,1996-08-21,14.4799996763468,26.2399994134903,20.3599995449185,1996,8,NA
51.8667,10.3333,1996-08-22,13.6599996946752,25.819999422878,19.7399995587766,1996,8,NA
51.8667,10.3333,1996-08-23,14.4399996772408,22.7299994919449,18.5849995845929,1996,8,NA
51.8667,10.3333,1996-08-24,14.9099996667355,23.9299994651228,19.4199995659292,1996,8,NA
51.8667,10.3333,1996-08-25,14.1399996839464,18.7099995817989,16.4249996328726,1996,8,NA
51.8667,10.3333,1996-08-26,11.2199997492135,20.4399995431304,15.8299996461719,1996,8,NA
51.8667,10.3333,1996-08-27,9.90999977849424,19.6099995616823,14.7599996700883,1996,8,NA
51.8667,10.3333,1996-08-28,9.27999979257584,19.2999995686114,14.2899996805936,1996,8,NA
51.8667,10.3333,1996-08-29,11.6699997391552,15.1799996607006,13.4249996999279,1996,8,NA
51.8667,10.3333,1996-08-30,10.0599997751415,16.2799996361136,13.1699997056276,1996,8,NA
51.8667,10.3333,1996-08-31,10.3799997679889,13.199999704957,11.789999736473,1996,8,NA
51.8667,10.3333,1996-09-01,9.759999781847,13.5799996964633,11.6699997391552,1996,9,NA
51.8667,10.3333,1996-09-02,5.47999987751245,14.9499996658415,10.214999771677,1996,9,NA
51.8667,10.3333,1996-09-03,4.22999990545213,15.8399996459484,10.0349997757003,1996,9,NA
51.8667,10.3333,1996-09-04,6.21999986097217,18.379999589175,12.2999997250736,1996,9,NA
51.8667,10.3333,1996-09-05,6.78999984823167,17.9599995985627,12.3749997233972,1996,9,NA
51.8667,10.3333,1996-09-06,7.60999982990324,15.2199996598065,11.4149997448549,1996,9,NA
51.8667,10.3333,1996-09-07,3.19999992847443,13.0099997092038,8.10499981883913,1996,9,NA
51.8667,10.3333,1996-09-08,2.54999994300306,13.2999997027218,7.92499982286245,1996,9,NA
51.8667,10.3333,1996-09-09,6.56999985314906,12.929999710992,9.74999978207052,1996,9,NA
51.8667,10.3333,1996-09-10,2.4699999447912,15.189999660477,8.82999980263412,1996,9,NA
51.8667,10.3333,1996-09-11,6.41999985650182,11.6699997391552,9.0449997978285,1996,9,NA
51.8667,10.3333,1996-09-12,7.22999983839691,11.789999736473,9.50999978743494,1996,9,NA
51.8667,10.3333,1996-09-13,6.47999985516071,10.7999997586012,8.63999980688095,1996,9,NA
51.8667,10.3333,1996-09-14,4.59999989718199,9.07999979704618,6.83999984711409,1996,9,NA
51.8667,10.3333,1996-09-15,7.27999983727932,11.8399997353554,9.55999978631735,1996,9,NA
51.8667,10.3333,1996-09-16,5.52999987639487,11.9799997322261,8.7549998043105,1996,9,NA
51.8667,10.3333,1996-09-17,2.53999994322658,12.6599997170269,7.59999983012676,1996,9,NA
51.8667,10.3333,1996-09-18,1.28999997116625,10.879999756813,6.08499986398965,1996,9,NA
51.8667,10.3333,1996-09-19,5.63999987393618,10.1199997738004,7.87999982386827,1996,9,NA
51.8667,10.3333,1996-09-20,4.8199998922646,13.4499996993691,9.13499979581684,1996,9,NA
51.8667,10.3333,1996-09-21,4.06999990902841,11.8399997353554,7.95499982219189,1996,9,NA
51.8667,10.3333,1996-09-22,3.65999991819263,7.15999983996153,5.40999987907708,1996,9,NA
51.8667,10.3333,1996-09-23,5.0499998871237,8.47999981045723,6.76499984879047,1996,9,NA
51.8667,10.3333,1996-09-24,5.32999988086522,8.75999980419874,7.04499984253198,1996,9,NA
51.8667,10.3333,1996-09-25,5.35999988019466,9.36999979056418,7.36499983537942,1996,9,NA
51.8667,10.3333,1996-09-26,4.39999990165234,11.9699997324497,8.18499981705099,1996,9,NA
51.8667,10.3333,1996-09-27,4.86999989114702,14.2599996812642,9.56499978620559,1996,9,NA
51.8667,10.3333,1996-09-28,6.83999984711409,12.7899997141212,9.81499978061765,1996,9,NA
51.8667,10.3333,1996-09-29,8.21999981626868,12.7399997152388,10.4799997657537,1996,9,NA
51.8667,10.3333,1996-09-30,8.29999981448054,11.76999973692,10.0349997757003,1996,9,NA
51.8667,10.3333,1996-10-01,11.2799997478724,15.0799996629357,13.179999705404,1996,10,1997
51.8667,10.3333,1996-10-02,7.52999983169138,14.4599996767938,10.9949997542426,1996,10,1997
51.8667,10.3333,1996-10-03,4.92999988980591,10.7899997588247,7.85999982431531,1996,10,1997
51.8667,10.3333,1996-10-04,3.07999993115664,12.1199997290969,7.59999983012676,1996,10,1997
51.8667,10.3333,1996-10-05,5.31999988108873,9.64999978430569,7.48499983269721,1996,10,1997
51.8667,10.3333,1996-10-06,3.35999992489815,11.4299997445196,7.39499983470887,1996,10,1997
51.8667,10.3333,1996-10-07,1.91999995708466,10.7999997586012,6.35999985784292,1996,10,1997
51.8667,10.3333,1996-10-08,1.00999997742474,12.6499997172505,6.8299998473376,1996,10,1997
51.8667,10.3333,1996-10-09,5.3399998806417,11.2299997489899,8.28499981481582,1996,10,1997
51.8667,10.3333,1996-10-10,8.01999982073903,13.7699996922165,10.8949997564778,1996,10,1997
51.8667,10.3333,1996-10-11,7.29999983683228,10.4099997673184,8.85499980207533,1996,10,1997
51.8667,10.3333,1996-10-12,3.65999991819263,12.1999997273088,7.92999982275069,1996,10,1997
51.8667,10.3333,1996-10-13,4.68999989517033,13.0499997083098,8.86999980174005,1996,10,1997
51.8667,10.3333,1996-10-14,5.67999987304211,16.6299996282905,11.1549997506663,1996,10,1997
51.8667,10.3333,1996-10-15,4.69999989494681,15.8399996459484,10.2699997704476,1996,10,1997
51.8667,10.3333,1996-10-16,4.19999990612268,17.6399996057153,10.919999755919,1996,10,1997
51.8667,10.3333,1996-10-17,7.49999983236194,11.4899997431785,9.49499978777021,1996,10,1997
51.8667,10.3333,1996-10-18,6.33999985828996,9.09999979659915,7.71999982744455,1996,10,1997
51.8667,10.3333,1996-10-19,5.09999988600612,9.44999978877604,7.27499983739108,1996,10,1997
51.8667,10.3333,1996-10-20,4.59999989718199,10.049999775365,7.32499983627349,1996,10,1997
51.8667,10.3333,1996-10-21,5.42999987863004,8.58999980799854,7.00999984331429,1996,10,1997
51.8667,10.3333,1996-10-22,7.31999983638525,11.8699997346848,9.59499978553504,1996,10,1997
51.8667,10.3333,1996-10-23,4.50999989919364,10.5399997644126,7.52499983180314,1996,10,1997
51.8667,10.3333,1996-10-24,1.44999996758997,10.4299997668713,5.93999986723065,1996,10,1997
51.8667,10.3333,1996-10-25,0.489999989047647,10.3099997695535,5.39999987930059,1996,10,1997
51.8667,10.3333,1996-10-26,0.169999996200204,11.169999750331,5.66999987326562,1996,10,1997
51.8667,10.3333,1996-10-27,4.83999989181757,11.3099997472018,8.07499981950969,1996,10,1997
51.8667,10.3333,1996-10-28,2.84999993629754,9.04999979771674,5.94999986700714,1996,10,1997
51.8667,10.3333,1996-10-29,8.32999981380999,11.8599997349083,10.0949997743592,1996,10,1997
51.8667,10.3333,1996-10-30,5.66999987326562,11.5999997407198,8.63499980699271,1996,10,1997
51.8667,10.3333,1996-10-31,4.23999990522861,6.35999985784292,5.29999988153577,1996,10,1997
51.8667,10.3333,1996-11-01,4.19999990612268,6.57999985292554,5.38999987952411,1996,11,1997
51.8667,10.3333,1996-11-02,4.42999990098178,10.5499997641891,7.48999983258545,1996,11,1997
51.8667,10.3333,1996-11-03,6.09999986365438,10.629999762401,8.36499981302768,1996,11,1997
51.8667,10.3333,1996-11-04,9.57999978587031,11.2899997476488,10.4349997667596,1996,11,1997
51.8667,10.3333,1996-11-05,8.97999979928136,11.3199997469783,10.1499997731298,1996,11,1997
51.8667,10.3333,1996-11-06,5.55999987572432,11.5199997425079,8.53999980911613,1996,11,1997
51.8667,10.3333,1996-11-07,4.04999990947545,8.82999980263412,6.43999985605478,1996,11,1997
51.8667,10.3333,1996-11-08,3.3299999255687,8.39999981224537,5.86499986890703,1996,11,1997
51.8667,10.3333,1996-11-09,1.47999996691942,5.75999987125397,3.61999991908669,1996,11,1997
51.8667,10.3333,1996-11-10,0.409999990835786,6.18999986164272,3.29999992623925,1996,11,1997
51.8667,10.3333,1996-11-11,2.65999994054437,5.12999988533556,3.89499991293997,1996,11,1997
51.8667,10.3333,1996-11-12,4.27999990433455,9.65999978408217,6.96999984420836,1996,11,1997
51.8667,10.3333,1996-11-13,6.16999986208975,10.6999997608364,8.43499981146306,1996,11,1997
51.8667,10.3333,1996-11-14,2.07999995350838,8.71999980509281,5.39999987930059,1996,11,1997
51.8667,10.3333,1996-11-15,-0.139999996870756,2.34999994747341,1.10499997530133,1996,11,1997
51.8667,10.3333,1996-11-16,-2.06999995373189,1.34999996982515,-0.359999991953373,1996,11,1997
51.8667,10.3333,1996-11-17,0.999999977648258,2.39999994635582,1.69999996200204,1996,11,1997
51.8667,10.3333,1996-11-18,1.23999997228384,2.85999993607402,2.04999995417893,1996,11,1997
51.8667,10.3333,1996-11-19,-0.389999991282821,2.28999994881451,0.949999978765845,1996,11,1997
51.8667,10.3333,1996-11-20,-1.28999997116625,1.21999997273088,-0.034999999217689,1996,11,1997
51.8667,10.3333,1996-11-21,0.289999993517995,5.54999987594783,2.91999993473291,1996,11,1997
51.8667,10.3333,1996-11-22,-0.0799999982118607,2.75999993830919,1.33999997004867,1996,11,1997
51.8667,10.3333,1996-11-23,-0.679999984800816,2.09999995306134,0.709999984130263,1996,11,1997
51.8667,10.3333,1996-11-24,-1.96999995596707,1.36999996937811,-0.299999993294477,1996,11,1997
51.8667,10.3333,1996-11-25,-1.96999995596707,-0.559999987483025,-1.26499997172505,1996,11,1997
51.8667,10.3333,1996-11-26,-2.009999955073,-0.329999992623925,-1.16999997384846,1996,11,1997
51.8667,10.3333,1996-11-27,-1.3799999691546,1.99999995529652,0.30999999307096,1996,11,1997
51.8667,10.3333,1996-11-28,-3.22999992780387,-0.699999984353781,-1.96499995607883,1996,11,1997
51.8667,10.3333,1996-11-29,-4.33999990299344,-1.46999996714294,-2.90499993506819,1996,11,1997
51.8667,10.3333,1996-11-30,-2.8699999358505,-0.669999985024333,-1.76999996043742,1996,11,1997
51.8667,10.3333,1996-12-01,-1.15999997407198,0.779999982565641,-0.189999995753169,1996,12,1997
51.8667,10.3333,1996-12-02,-1.7799999602139,0.709999984130263,-0.534999988041818,1996,12,1997
51.8667,10.3333,1996-12-03,0.0599999986588955,2.60999994166195,1.33499997016042,1996,12,1997
51.8667,10.3333,1996-12-04,0.869999980553985,2.88999993540347,1.87999995797873,1996,12,1997
51.8667,10.3333,1996-12-05,1.68999996222556,5.55999987572432,3.62499991897494,1996,12,1997
51.8667,10.3333,1996-12-06,0.779999982565641,8.01999982073903,4.39999990165234,1996,12,1997
51.8667,10.3333,1996-12-07,-0.259999994188547,5.78999987058342,2.76499993819743,1996,12,1997
51.8667,10.3333,1996-12-08,-0.949999978765845,5.18999988399446,2.11999995261431,1996,12,1997
51.8667,10.3333,1996-12-09,-2.73999993875623,0.799999982118607,-0.96999997831881,1996,12,1997
51.8667,10.3333,1996-12-10,-3.29999992623925,-0.519999988377094,-1.90999995730817,1996,12,1997
51.8667,10.3333,1996-12-11,-4.1899999063462,1.05999997630715,-1.56499996501952,1996,12,1997
51.8667,10.3333,1996-12-12,-4.29999990388751,-0.529999988153577,-2.41499994602054,1996,12,1997
51.8667,10.3333,1996-12-13,-3.01999993249774,0.449999989941716,-1.28499997127801,1996,12,1997
51.8667,10.3333,1996-12-14,-2.2399999499321,0.789999982342124,-0.724999983794987,1996,12,1997
51.8667,10.3333,1996-12-15,-5.63999987393618,-1.29999997094274,-3.46999992243946,1996,12,1997
51.8667,10.3333,1996-12-16,-4.54999989829957,2.6399999409914,-0.954999978654087,1996,12,1997
51.8667,10.3333,1996-12-17,-0.229999994859099,2.76999993808568,1.26999997161329,1996,12,1997
51.8667,10.3333,1996-12-18,-0.589999986812472,1.34999996982515,0.379999991506338,1996,12,1997
51.8667,10.3333,1996-12-19,-0.0699999984353781,3.68999991752207,1.80999995954335,1996,12,1997
51.8667,10.3333,1996-12-20,-2.20999995060265,4.92999988980591,1.35999996960163,1996,12,1997
51.8667,10.3333,1996-12-21,-7.60999982990324,-1.90999995730817,-4.75999989360571,1996,12,1997
51.8667,10.3333,1996-12-22,-12.6999997161329,-4.90999989025295,-8.80499980319291,1996,12,1997
51.8667,10.3333,1996-12-23,-12.5999997183681,-3.13999992981553,-7.86999982409179,1996,12,1997
51.8667,10.3333,1996-12-24,-11.8099997360259,-5.16999988444149,-8.48999981023371,1996,12,1997
51.8667,10.3333,1996-12-25,-14.1199996843934,-6.35999985784292,-10.2399997711182,1996,12,1997
51.8667,10.3333,1996-12-26,-14.3999996781349,-5.64999987371266,-10.0249997759238,1996,12,1997
51.8667,10.3333,1996-12-27,-13.9499996881932,-5.94999986700714,-9.94999977760017,1996,12,1997
51.8667,10.3333,1996-12-28,-14.5199996754527,-7.91999982297421,-11.2199997492135,1996,12,1997
51.8667,10.3333,1996-12-29,-16.6799996271729,-8.15999981760979,-12.4199997223914,1996,12,1997
51.8667,10.3333,1996-12-30,-17.3299996126443,-6.86999984644353,-12.0999997295439,1996,12,1997
51.8667,10.3333,1996-12-31,-13.3399997018278,-6.8899998459965,-10.1149997739121,1996,12,1997
51.8667,10.3333,1997-01-01,-18.1799995936453,-12.5699997190386,-15.374999656342,1997,1,1997
51.8667,10.3333,1997-01-02,-19.3899995665997,-12.349999723956,-15.8699996452779,1997,1,1997
51.8667,10.3333,1997-01-03,-20.1899995487183,-9.96999977715313,-15.0799996629357,1997,1,1997
51.8667,10.3333,1997-01-04,-14.0599996857345,-7.09999984130263,-10.5799997635186,1997,1,1997
51.8667,10.3333,1997-01-05,-10.1199997738004,-6.62999985180795,-8.37499981280416,1997,1,1997
51.8667,10.3333,1997-01-06,-13.21999970451,-5.61999987438321,-9.41999978944659,1997,1,1997
51.8667,10.3333,1997-01-07,-15.2699996586889,-7.03999984264374,-11.1549997506663,1997,1,1997
51.8667,10.3333,1997-01-08,-13.0799997076392,-6.029999865219,-9.55499978642911,1997,1,1997
51.8667,10.3333,1997-01-09,-13.1899997051805,-5.11999988555908,-9.1549997953698,1997,1,1997
51.8667,10.3333,1997-01-10,-13.2999997027218,-4.97999988868833,-9.13999979570508,1997,1,1997
51.8667,10.3333,1997-01-11,-7.749999826774,-4.85999989137053,-6.30499985907227,1997,1,1997
51.8667,10.3333,1997-01-12,-7.58999983035028,-4.84999989159405,-6.21999986097217,1997,1,1997
51.8667,10.3333,1997-01-13,-10.7299997601658,0.0799999982118607,-5.32499988097697,1997,1,1997
51.8667,10.3333,1997-01-14,-2.13999995216727,4.12999990768731,0.994999977760017,1997,1,1997
51.8667,10.3333,1997-01-15,-1.45999996736646,7.91999982297421,3.22999992780387,1997,1,1997
51.8667,10.3333,1997-01-16,-3.12999993003905,4.67999989539385,0.7749999826774,1997,1,1997
51.8667,10.3333,1997-01-17,-4.88999989069998,6.16999986208975,0.639999985694885,1997,1,1997
51.8667,10.3333,1997-01-18,-3.64999991841614,8.74999980442226,2.54999994300306,1997,1,1997
51.8667,10.3333,1997-01-19,-0.749999983236194,3.89999991282821,1.57499996479601,1997,1,1997
51.8667,10.3333,1997-01-20,-1.25999997183681,3.41999992355704,1.07999997586012,1997,1,1997
51.8667,10.3333,1997-01-21,-0.799999982118607,2.27999994903803,0.739999983459711,1997,1,1997
51.8667,10.3333,1997-01-22,-2.19999995082617,0.699999984353781,-0.749999983236194,1997,1,1997
51.8667,10.3333,1997-01-23,-3.02999993227422,7.68999982811511,2.32999994792044,1997,1,1997
51.8667,10.3333,1997-01-24,2.58999994210899,6.12999986298382,4.35999990254641,1997,1,1997
51.8667,10.3333,1997-01-25,1.17999997362494,4.42999990098178,2.80499993730336,1997,1,1997
51.8667,10.3333,1997-01-26,-1.12999997474253,2.54999994300306,0.709999984130263,1997,1,1997
51.8667,10.3333,1997-01-27,-4.62999989651144,0.419999990612268,-2.10499995294958,1997,1,1997
51.8667,10.3333,1997-01-28,-6.72999984957278,0.159999996423721,-3.28499992657453,1997,1,1997
51.8667,10.3333,1997-01-29,-4.10999990813434,-0.119999997317791,-2.11499995272607,1997,1,1997
51.8667,10.3333,1997-01-30,-1.58999996446073,1.22999997250736,-0.179999995976686,1997,1,1997
51.8667,10.3333,1997-01-31,-1.05999997630715,0.599999986588955,-0.229999994859099,1997,1,1997
51.8667,10.3333,1997-02-01,-1.82999995909631,1.05999997630715,-0.384999991394579,1997,2,1997
51.8667,10.3333,1997-02-02,-6.2599998600781,0.809999981895089,-2.7249999390915,1997,2,1997
51.8667,10.3333,1997-02-03,-7.96999982185662,1.86999995820224,-3.04999993182719,1997,2,1997
51.8667,10.3333,1997-02-04,-4.91999989002943,-0.26999999396503,-2.59499994199723,1997,2,1997
51.8667,10.3333,1997-02-05,-1.52999996580184,1.19999997317791,-0.164999996311963,1997,2,1997
51.8667,10.3333,1997-02-06,-1.55999996513128,1.26999997161329,-0.144999996758997,1997,2,1997
51.8667,10.3333,1997-02-07,-1.44999996758997,2.72999993897974,0.639999985694885,1997,2,1997
51.8667,10.3333,1997-02-08,0.379999991506338,5.74999987147748,3.06499993149191,1997,2,1997
51.8667,10.3333,1997-02-09,0.289999993517995,5.7999998703599,3.04499993193895,1997,2,1997
51.8667,10.3333,1997-02-10,0.499999988824129,6.35999985784292,3.42999992333353,1997,2,1997
51.8667,10.3333,1997-02-11,3.76999991573393,7.95999982208014,5.86499986890703,1997,2,1997
51.8667,10.3333,1997-02-12,0.489999989047647,7.24999983794987,3.86999991349876,1997,2,1997
51.8667,10.3333,1997-02-13,0.669999985024333,8.18999981693923,4.42999990098178,1997,2,1997
51.8667,10.3333,1997-02-14,0.799999982118607,7.32999983616173,4.06499990914017,1997,2,1997
51.8667,10.3333,1997-02-15,-1.01999997720122,2.61999994143844,0.799999982118607,1997,2,1997
51.8667,10.3333,1997-02-16,-2.33999994769692,1.41999996826053,-0.459999989718199,1997,2,1997
51.8667,10.3333,1997-02-17,-1.59999996423721,1.50999996624887,-0.0449999989941716,1997,2,1997
51.8667,10.3333,1997-02-18,-2.19999995082617,3.58999991975725,0.694999984465539,1997,2,1997
51.8667,10.3333,1997-02-19,1.24999997206032,5.42999987863004,3.33999992534518,1997,2,1997
51.8667,10.3333,1997-02-20,0.259999994188547,3.20999992825091,1.73499996121973,1997,2,1997
51.8667,10.3333,1997-02-21,0.589999986812472,5.37999987974763,2.98499993328005,1997,2,1997
51.8667,10.3333,1997-02-22,3.85999991372228,6.74999984912574,5.30499988142401,1997,2,1997
51.8667,10.3333,1997-02-23,4.13999990746379,7.75999982655048,5.94999986700714,1997,2,1997
51.8667,10.3333,1997-02-24,3.20999992825091,8.87999980151653,6.04499986488372,1997,2,1997
51.8667,10.3333,1997-02-25,5.03999988734722,9.22999979369342,7.13499984052032,1997,2,1997
51.8667,10.3333,1997-02-26,6.029999865219,10.0399997755885,8.03499982040375,1997,2,1997
51.8667,10.3333,1997-02-27,1.76999996043742,7.1199998408556,4.44499990064651,1997,2,1997
51.8667,10.3333,1997-02-28,-0.209999995306134,3.0399999320507,1.41499996837229,1997,2,1997
51.8667,10.3333,1997-03-01,1.52999996580184,10.3799997679889,5.95499986689538,1997,3,1997
51.8667,10.3333,1997-03-02,5.00999988801777,10.8199997581542,7.91499982308596,1997,3,1997
51.8667,10.3333,1997-03-03,4.02999990992248,14.8499996680766,9.43999978899956,1997,3,1997
51.8667,10.3333,1997-03-04,0.989999977871776,7.9799998216331,4.48499989975244,1997,3,1997
51.8667,10.3333,1997-03-05,-0.639999985694885,10.1799997724593,4.76999989338219,1997,3,1997
51.8667,10.3333,1997-03-06,1.9499999564141,14.1499996837229,8.04999982006848,1997,3,1997
51.8667,10.3333,1997-03-07,1.92999995686114,8.72999980486929,5.32999988086522,1997,3,1997
51.8667,10.3333,1997-03-08,-1.73999996110797,10.5899997632951,4.42499990109354,1997,3,1997
51.8667,10.3333,1997-03-09,0.809999981895089,11.9099997337908,6.35999985784292,1997,3,1997
51.8667,10.3333,1997-03-10,3.0399999320507,10.3899997677654,6.71499984990805,1997,3,1997
51.8667,10.3333,1997-03-11,0,15.6599996499717,7.82999982498586,1997,3,1997
51.8667,10.3333,1997-03-12,1.0899999756366,11.5499997418374,6.31999985873699,1997,3,1997
51.8667,10.3333,1997-03-13,-0.0999999977648258,12.0999997295439,5.99999986588955,1997,3,1997
51.8667,10.3333,1997-03-14,4.09999990835786,8.75999980419874,6.4299998562783,1997,3,1997
51.8667,10.3333,1997-03-15,5.0499998871237,7.29999983683228,6.17499986197799,1997,3,1997
51.8667,10.3333,1997-03-16,5.5699998755008,7.70999982766807,6.63999985158443,1997,3,1997
51.8667,10.3333,1997-03-17,0.199999995529652,6.8899998459965,3.54499992076308,1997,3,1997
51.8667,10.3333,1997-03-18,-1.12999997474253,5.45999987795949,2.16499995160848,1997,3,1997
51.8667,10.3333,1997-03-19,-3.61999991908669,5.47999987751245,0.92999997921288,1997,3,1997
51.8667,10.3333,1997-03-20,-1.00999997742474,5.1099998857826,2.04999995417893,1997,3,1997
51.8667,10.3333,1997-03-21,-4.07999990880489,0.149999996647239,-1.96499995607883,1997,3,1997
51.8667,10.3333,1997-03-22,-3.28999992646277,2.83999993652105,-0.224999994970858,1997,3,1997
51.8667,10.3333,1997-03-23,-2.45999994501472,2.03999995440245,-0.209999995306134,1997,3,1997
51.8667,10.3333,1997-03-24,-3.5599999204278,0.499999988824129,-1.52999996580184,1997,3,1997
51.8667,10.3333,1997-03-25,-1.3199999704957,3.10999993048608,0.894999979995191,1997,3,1997
51.8667,10.3333,1997-03-26,0.439999990165234,3.35999992489815,1.89999995753169,1997,3,1997
51.8667,10.3333,1997-03-27,0.129999997094274,8.8999998010695,4.51499989908189,1997,3,1997
51.8667,10.3333,1997-03-28,5.82999986968935,10.6199997626245,8.22499981615692,1997,3,1997
51.8667,10.3333,1997-03-29,0.989999977871776,9.20999979414046,5.09999988600612,1997,3,1997
51.8667,10.3333,1997-03-30,0.179999995976686,4.60999989695847,2.39499994646758,1997,3,1997
51.8667,10.3333,1997-03-31,0.379999991506338,7.36999983526766,3.874999913387,1997,3,1997
51.8667,10.3333,1997-04-01,1.32999997027218,11.2599997483194,6.29499985929579,1997,4,1997
51.8667,10.3333,1997-04-02,0.999999977648258,14.4399996772408,7.71999982744455,1997,4,1997
51.8667,10.3333,1997-04-03,0.999999977648258,13.1899997051805,7.09499984141439,1997,4,1997
51.8667,10.3333,1997-04-04,0.759999983012676,11.8199997358024,6.28999985940754,1997,4,1997
51.8667,10.3333,1997-04-05,-1.02999997697771,4.4199999012053,1.6949999621138,1997,4,1997
51.8667,10.3333,1997-04-06,-1.64999996311963,6.73999984934926,2.54499994311482,1997,4,1997
51.8667,10.3333,1997-04-07,-1.74999996088445,7.0599998421967,2.65499994065613,1997,4,1997
51.8667,10.3333,1997-04-08,-5.2799998819828,5.60999987460673,0.164999996311963,1997,4,1997
51.8667,10.3333,1997-04-09,-3.50999992154539,9.5299997869879,3.00999993272126,1997,4,1997
51.8667,10.3333,1997-04-10,0.0299999993294477,13.5799996964633,6.8049998478964,1997,4,1997
51.8667,10.3333,1997-04-11,0.799999982118607,10.9699997548014,5.88499986846,1997,4,1997
51.8667,10.3333,1997-04-12,0.539999987930059,7.46999983303249,4.00499991048127,1997,4,1997
51.8667,10.3333,1997-04-13,-0.129999997094274,7.00999984331429,3.43999992311001,1997,4,1997
51.8667,10.3333,1997-04-14,-3.99999991059303,8.04999982006848,2.02499995473772,1997,4,1997
51.8667,10.3333,1997-04-15,1.89999995753169,6.57999985292554,4.23999990522861,1997,4,1997
51.8667,10.3333,1997-04-16,-0.169999996200204,6.20999986119568,3.01999993249774,1997,4,1997
51.8667,10.3333,1997-04-17,-1.9499999564141,7.20999983884394,2.62999994121492,1997,4,1997
51.8667,10.3333,1997-04-18,-2.39999994635582,8.17999981716275,2.88999993540347,1997,4,1997
51.8667,10.3333,1997-04-19,-1.38999996893108,8.94999979995191,3.77999991551042,1997,4,1997
51.8667,10.3333,1997-04-20,-0.379999991506338,6.17999986186624,2.89999993517995,1997,4,1997
51.8667,10.3333,1997-04-21,-2.09999995306134,4.78999989293516,1.34499996993691,1997,4,1997
51.8667,10.3333,1997-04-22,-4.75999989360571,7.42999983392656,1.33499997016042,1997,4,1997
51.8667,10.3333,1997-04-23,-2.13999995216727,6.70999985001981,2.28499994892627,1997,4,1997
51.8667,10.3333,1997-04-24,-3.23999992758036,8.36999981291592,2.56499994266778,1997,4,1997
51.8667,10.3333,1997-04-25,-0.129999997094274,13.8399996906519,6.85499984677881,1997,4,1997
51.8667,10.3333,1997-04-26,5.58999987505376,9.53999978676438,7.56499983090907,1997,4,1997
51.8667,10.3333,1997-04-27,4.48999989964068,8.98999979905784,6.73999984934926,1997,4,1997
51.8667,10.3333,1997-04-28,6.21999986097217,12.2699997257441,9.24499979335815,1997,4,1997
51.8667,10.3333,1997-04-29,7.85999982431531,12.7699997145683,10.3149997694418,1997,4,1997
51.8667,10.3333,1997-04-30,6.43999985605478,10.3099997695535,8.37499981280416,1997,4,1997
51.8667,10.3333,1997-05-01,4.94999988935888,9.5299997869879,7.23999983817339,1997,5,NA
51.8667,10.3333,1997-05-02,5.14999988488853,13.9399996884167,9.54499978665262,1997,5,NA
51.8667,10.3333,1997-05-03,4.74999989382923,19.5099995639175,12.1299997288734,1997,5,NA
51.8667,10.3333,1997-05-04,8.39999981224537,18.4799995869398,13.4399996995926,1997,5,NA
51.8667,10.3333,1997-05-05,8.46999981068075,18.8899995777756,13.6799996942282,1997,5,NA
51.8667,10.3333,1997-05-06,10.0999997742474,15.809999646619,12.9549997104332,1997,5,NA
51.8667,10.3333,1997-05-07,2.57999994233251,14.1799996830523,8.3799998126924,1997,5,NA
51.8667,10.3333,1997-05-08,0.869999980553985,8.61999980732799,4.74499989394099,1997,5,NA
51.8667,10.3333,1997-05-09,2.009999955073,10.5999997630715,6.30499985907227,1997,5,NA
51.8667,10.3333,1997-05-10,1.69999996200204,10.339999768883,6.01999986544251,1997,5,NA
51.8667,10.3333,1997-05-11,4.37999990209937,12.9899997096509,8.68499980587512,1997,5,NA
51.8667,10.3333,1997-05-12,7.77999982610345,20.3299995455891,14.0549996858463,1997,5,NA
51.8667,10.3333,1997-05-13,8.78999980352819,16.1899996381253,12.4899997208267,1997,5,NA
51.8667,10.3333,1997-05-14,5.98999986611307,19.1599995717406,12.5749997189268,1997,5,NA
51.8667,10.3333,1997-05-15,10.2799997702241,23.5499994736165,16.9149996219203,1997,5,NA
51.8667,10.3333,1997-05-16,10.0899997744709,18.6199995838106,14.3549996791407,1997,5,NA
51.8667,10.3333,1997-05-17,11.8199997358024,23.3599994778633,17.5899996068329,1997,5,NA
51.8667,10.3333,1997-05-18,13.7199996933341,26.5899994056672,20.1549995495006,1997,5,NA
51.8667,10.3333,1997-05-19,13.779999691993,25.3099994342774,19.5449995631352,1997,5,NA
51.8667,10.3333,1997-05-20,13.0199997089803,19.8999995552003,16.4599996320903,1997,5,NA
51.8667,10.3333,1997-05-21,11.6499997396022,19.0799995735288,15.3649996565655,1997,5,NA
51.8667,10.3333,1997-05-22,9.25999979302287,14.1299996841699,11.6949997385964,1997,5,NA
51.8667,10.3333,1997-05-23,7.08999984152615,10.4999997653067,8.79499980341643,1997,5,NA
51.8667,10.3333,1997-05-24,5.71999987214804,11.0299997534603,8.37499981280416,1997,5,NA
51.8667,10.3333,1997-05-25,2.9299999345094,10.9699997548014,6.94999984465539,1997,5,NA
51.8667,10.3333,1997-05-26,0.499999988824129,13.8899996895343,7.19499983917922,1997,5,NA
51.8667,10.3333,1997-05-27,2.50999994389713,14.2899996805936,8.39999981224537,1997,5,NA
51.8667,10.3333,1997-05-28,6.30999985896051,9.82999978028238,8.06999981962144,1997,5,NA
51.8667,10.3333,1997-05-29,4.34999990276992,13.5899996962398,8.96999979950488,1997,5,NA
51.8667,10.3333,1997-05-30,4.46999990008771,14.4499996770173,9.45999978855252,1997,5,NA
51.8667,10.3333,1997-05-31,5.90999986790121,13.9999996870756,9.95499977748841,1997,5,NA
51.8667,10.3333,1997-06-01,1.47999996691942,13.0399997085333,7.25999983772635,1997,6,NA
51.8667,10.3333,1997-06-02,3.79999991506338,13.8699996899813,8.83499980252236,1997,6,NA
51.8667,10.3333,1997-06-03,7.749999826774,17.1099996175617,12.4299997221678,1997,6,NA
51.8667,10.3333,1997-06-04,6.04999986477196,18.0199995972216,12.0349997309968,1997,6,NA
51.8667,10.3333,1997-06-05,7.62999982945621,20.369999544695,13.9999996870756,1997,6,NA
51.8667,10.3333,1997-06-06,10.2399997711182,22.109999505803,16.1749996384606,1997,6,NA
51.8667,10.3333,1997-06-07,10.8399997577071,22.9299994874746,16.8849996225908,1997,6,NA
51.8667,10.3333,1997-06-08,11.9399997331202,24.1699994597584,18.0549995964393,1997,6,NA
51.8667,10.3333,1997-06-09,13.4199997000396,22.6099994946271,18.0149995973334,1997,6,NA
51.8667,10.3333,1997-06-10,11.8499997351319,20.6699995379895,16.2599996365607,1997,6,NA
51.8667,10.3333,1997-06-11,8.97999979928136,21.8499995116144,15.4149996554479,1997,6,NA
51.8667,10.3333,1997-06-12,12.2199997268617,25.9099994208664,19.064999573864,1997,6,NA
51.8667,10.3333,1997-06-13,14.6699996720999,24.0499994624406,19.3599995672703,1997,6,NA
51.8667,10.3333,1997-06-14,13.5599996969104,22.6099994946271,18.0849995957687,1997,6,NA
51.8667,10.3333,1997-06-15,12.6999997161329,18.399999588728,15.5499996524304,1997,6,NA
51.8667,10.3333,1997-06-16,10.4099997673184,16.0199996419251,13.2149997046217,1997,6,NA
51.8667,10.3333,1997-06-17,7.61999982967973,14.9499996658415,11.2849997477606,1997,6,NA
51.8667,10.3333,1997-06-18,4.63999989628792,16.5399996303022,10.5899997632951,1997,6,NA
51.8667,10.3333,1997-06-19,5.38999987952411,12.7399997152388,9.06499979738146,1997,6,NA
51.8667,10.3333,1997-06-20,4.31999990344048,17.489999609068,10.9049997562543,1997,6,NA
51.8667,10.3333,1997-06-21,9.80999978072941,16.2999996356666,13.054999708198,1997,6,NA
51.8667,10.3333,1997-06-22,10.0199997760355,14.6999996714294,12.3599997237325,1997,6,NA
51.8667,10.3333,1997-06-23,10.1899997722358,16.0399996414781,13.1149997068569,1997,6,NA
51.8667,10.3333,1997-06-24,9.27999979257584,13.9699996877462,11.624999740161,1997,6,NA
51.8667,10.3333,1997-06-25,8.76999980397522,12.7999997138977,10.7849997589365,1997,6,NA
51.8667,10.3333,1997-06-26,6.08999986387789,15.7499996479601,10.919999755919,1997,6,NA
51.8667,10.3333,1997-06-27,8.75999980419874,15.20999966003,11.9849997321144,1997,6,NA
51.8667,10.3333,1997-06-28,10.6699997615069,18.8099995795637,14.7399996705353,1997,6,NA
51.8667,10.3333,1997-06-29,8.58999980799854,21.7699995134026,15.1799996607006,1997,6,NA
51.8667,10.3333,1997-06-30,11.9599997326732,26.8299994003028,19.394999566488,1997,6,NA
51.8667,10.3333,1997-07-01,12.6599997170269,16.9899996202439,14.8249996686354,1997,7,NA
51.8667,10.3333,1997-07-02,10.8399997577071,16.4099996332079,13.6249996954575,1997,7,NA
51.8667,10.3333,1997-07-03,9.66999978385866,22.0799995064735,15.8749996451661,1997,7,NA
51.8667,10.3333,1997-07-04,13.2299997042865,19.2699995692819,16.2499996367842,1997,7,NA
51.8667,10.3333,1997-07-05,11.6499997396022,18.4099995885044,15.0299996640533,1997,7,NA
51.8667,10.3333,1997-07-06,9.60999978519976,19.1899995710701,14.3999996781349,1997,7,NA
51.8667,10.3333,1997-07-07,9.96999977715313,15.3999996557832,12.6849997164682,1997,7,NA
51.8667,10.3333,1997-07-08,10.6999997608364,18.7599995806813,14.7299996707588,1997,7,NA
51.8667,10.3333,1997-07-09,12.3099997248501,19.4599995650351,15.8849996449426,1997,7,NA
51.8667,10.3333,1997-07-10,11.0799997523427,18.64999958314,14.8649996677414,1997,7,NA
51.8667,10.3333,1997-07-11,10.8899997565895,21.2299995254725,16.059999641031,1997,7,NA
51.8667,10.3333,1997-07-12,10.4899997655302,23.249999480322,16.8699996229261,1997,7,NA
51.8667,10.3333,1997-07-13,10.919999755919,23.4099994767457,17.1649996163324,1997,7,NA
51.8667,10.3333,1997-07-14,10.9599997550249,23.8999994657934,17.4299996104091,1997,7,NA
51.8667,10.3333,1997-07-15,12.7799997143447,22.9899994861335,17.8849996002391,1997,7,NA
51.8667,10.3333,1997-07-16,12.3099997248501,20.0499995518476,16.1799996383488,1997,7,NA
51.8667,10.3333,1997-07-17,10.9399997554719,18.4799995869398,14.7099996712059,1997,7,NA
51.8667,10.3333,1997-07-18,12.8799997121096,18.9099995773286,15.8949996447191,1997,7,NA
51.8667,10.3333,1997-07-19,12.3999997228384,19.0799995735288,15.7399996481836,1997,7,NA
51.8667,10.3333,1997-07-20,12.4799997210503,18.5599995851517,15.519999653101,1997,7,NA
51.8667,10.3333,1997-07-21,11.0299997534603,15.2899996582419,13.1599997058511,1997,7,NA
51.8667,10.3333,1997-07-22,12.8299997132272,19.2399995699525,16.0349996415898,1997,7,NA
51.8667,10.3333,1997-07-23,13.4599996991456,22.2499995026737,17.8549996009097,1997,7,NA
51.8667,10.3333,1997-07-24,13.9099996890873,21.839999511838,17.8749996004626,1997,7,NA
51.8667,10.3333,1997-07-25,11.3999997451901,21.1399995274842,16.2699996363372,1997,7,NA
51.8667,10.3333,1997-07-26,13.3199997022748,16.4499996323138,14.8849996672943,1997,7,NA
51.8667,10.3333,1997-07-27,12.2999997250736,16.5199996307492,14.4099996779114,1997,7,NA
51.8667,10.3333,1997-07-28,12.0499997306615,20.7199995368719,16.3849996337667,1997,7,NA
51.8667,10.3333,1997-07-29,10.919999755919,19.9599995538592,15.4399996548891,1997,7,NA
51.8667,10.3333,1997-07-30,11.5499997418374,20.1499995496124,15.8499996457249,1997,7,NA
51.8667,10.3333,1997-07-31,10.1199997738004,23.6499994713813,16.8849996225908,1997,7,NA
51.8667,10.3333,1997-08-01,10.2299997713417,19.0799995735288,14.6549996724352,1997,8,NA
51.8667,10.3333,1997-08-02,9.71999978274107,16.909999622032,13.3149997023866,1997,8,NA
51.8667,10.3333,1997-08-03,11.6699997391552,20.7899995353073,16.2299996372312,1997,8,NA
51.8667,10.3333,1997-08-04,12.7899997141212,21.7099995147437,17.2499996144325,1997,8,NA
51.8667,10.3333,1997-08-05,14.899999666959,22.6399994939566,18.7699995804578,1997,8,NA
51.8667,10.3333,1997-08-06,12.639999717474,22.7099994923919,17.674999604933,1997,8,NA
51.8667,10.3333,1997-08-07,11.9999997317791,21.839999511838,16.9199996218085,1997,8,NA
51.8667,10.3333,1997-08-08,13.1599997058511,23.5899994727224,18.3749995892867,1997,8,NA
51.8667,10.3333,1997-08-09,12.4299997221678,23.4299994762987,17.9299995992333,1997,8,NA
51.8667,10.3333,1997-08-10,12.8699997123331,25.1999994367361,19.0349995745346,1997,8,NA
51.8667,10.3333,1997-08-11,13.4399996995926,26.2399994134903,19.8399995565414,1997,8,NA
51.8667,10.3333,1997-08-12,13.7199996933341,26.8099994007498,20.264999547042,1997,8,NA
51.8667,10.3333,1997-08-13,13.4199997000396,27.0699993949383,20.244999547489,1997,8,NA
51.8667,10.3333,1997-08-14,14.1799996830523,28.2699993681163,21.2249995255843,1997,8,NA
51.8667,10.3333,1997-08-15,16.1599996387959,26.3799994103611,21.2699995245785,1997,8,NA
51.8667,10.3333,1997-08-16,15.6799996495247,21.1399995274842,18.4099995885044,1997,8,NA
51.8667,10.3333,1997-08-17,13.6999996937811,21.9299995098263,17.8149996018037,1997,8,NA
51.8667,10.3333,1997-08-18,14.049999685958,24.9099994432181,19.4799995645881,1997,8,NA
51.8667,10.3333,1997-08-19,10.9599997550249,22.8999994881451,16.929999621585,1997,8,NA
51.8667,10.3333,1997-08-20,13.6199996955693,21.1099995281547,17.364999611862,1997,8,NA
51.8667,10.3333,1997-08-21,14.089999685064,24.8199994452298,19.4549995651469,1997,8,NA
51.8667,10.3333,1997-08-22,13.8199996910989,27.2799993902445,20.5499995406717,1997,8,NA
51.8667,10.3333,1997-08-23,14.8699996676296,24.0499994624406,19.4599995650351,1997,8,NA
51.8667,10.3333,1997-08-24,17.0999996177852,23.2799994796515,20.1899995487183,1997,8,NA
51.8667,10.3333,1997-08-25,16.6999996267259,28.42999936454,22.5649994956329,1997,8,NA
51.8667,10.3333,1997-08-26,16.7299996260554,29.1599993482232,22.9449994871393,1997,8,NA
51.8667,10.3333,1997-08-27,16.5199996307492,22.939999487251,19.7299995590001,1997,8,NA
51.8667,10.3333,1997-08-28,16.1899996381253,23.9999994635582,20.0949995508417,1997,8,NA
51.8667,10.3333,1997-08-29,12.8299997132272,24.7499994467944,18.7899995800108,1997,8,NA
51.8667,10.3333,1997-08-30,11.9699997324497,16.389999633655,14.1799996830523,1997,8,NA
51.8667,10.3333,1997-08-31,9.36999979056418,20.0699995514005,14.7199996709824,1997,8,NA
51.8667,10.3333,1997-09-01,13.9099996890873,22.1599995046854,18.0349995968863,1997,9,NA
51.8667,10.3333,1997-09-02,12.8799997121096,27.4099993873388,20.1449995497242,1997,9,NA
51.8667,10.3333,1997-09-03,14.0999996848404,20.63999953866,17.3699996117502,1997,9,NA
51.8667,10.3333,1997-09-04,13.1399997062981,18.2699995916337,15.7049996489659,1997,9,NA
51.8667,10.3333,1997-09-05,13.8599996902049,21.4499995205551,17.65499960538,1997,9,NA
51.8667,10.3333,1997-09-06,12.329999724403,22.0199995078146,17.1749996161088,1997,9,NA
51.8667,10.3333,1997-09-07,11.8299997355789,17.8999995999038,14.8649996677414,1997,9,NA
51.8667,10.3333,1997-09-08,9.43999978899956,14.4499996770173,11.9449997330084,1997,9,NA
51.8667,10.3333,1997-09-09,11.1499997507781,17.5999996066093,14.3749996786937,1997,9,NA
51.8667,10.3333,1997-09-10,8.13999981805682,15.5999996513128,11.8699997346848,1997,9,NA
51.8667,10.3333,1997-09-11,6.98999984376132,13.0799997076392,10.0349997757003,1997,9,NA
51.8667,10.3333,1997-09-12,6.62999985180795,16.5599996298552,11.5949997408316,1997,9,NA
51.8667,10.3333,1997-09-13,11.3799997456372,19.8199995569885,15.5999996513128,1997,9,NA
51.8667,10.3333,1997-09-14,6.67999985069036,13.8499996904284,10.2649997705594,1997,9,NA
51.8667,10.3333,1997-09-15,5.5699998755008,13.7899996917695,9.67999978363514,1997,9,NA
51.8667,10.3333,1997-09-16,5.62999987415969,16.2799996361136,10.9549997551367,1997,9,NA
51.8667,10.3333,1997-09-17,8.42999981157482,21.3999995216727,14.9149996666238,1997,9,NA
51.8667,10.3333,1997-09-18,10.1099997740239,19.2699995692819,14.6899996716529,1997,9,NA
51.8667,10.3333,1997-09-19,7.93999982252717,20.1499995496124,14.0449996860698,1997,9,NA
51.8667,10.3333,1997-09-20,5.00999988801777,14.0199996866286,9.51499978732318,1997,9,NA
51.8667,10.3333,1997-09-21,1.29999997094274,12.4999997206032,6.89999984577298,1997,9,NA
51.8667,10.3333,1997-09-22,1.3799999691546,14.0199996866286,7.69999982789159,1997,9,NA
51.8667,10.3333,1997-09-23,2.73999993875623,17.8699996005744,10.3049997696653,1997,9,NA
51.8667,10.3333,1997-09-24,3.9599999114871,16.5999996289611,10.2799997702241,1997,9,NA
51.8667,10.3333,1997-09-25,7.82999982498586,15.769999647513,11.7999997362494,1997,9,NA
51.8667,10.3333,1997-09-26,4.8799998909235,18.669999582693,11.7749997368082,1997,9,NA
51.8667,10.3333,1997-09-27,5.7999998703599,19.249999569729,12.5249997200444,1997,9,NA
51.8667,10.3333,1997-09-28,5.47999987751245,14.1799996830523,9.82999978028238,1997,9,NA
51.8667,10.3333,1997-09-29,2.89999993517995,16.65999962762,9.77999978139997,1997,9,NA
51.8667,10.3333,1997-09-30,5.03999988734722,19.5499995630234,12.2949997251853,1997,9,NA
51.8667,10.3333,1997-10-01,9.89999977871776,14.359999679029,12.1299997288734,1997,10,1998
51.8667,10.3333,1997-10-02,8.23999981582165,14.3299996796995,11.2849997477606,1997,10,1998
51.8667,10.3333,1997-10-03,6.26999985985458,13.2399997040629,9.75499978195876,1997,10,1998
51.8667,10.3333,1997-10-04,5.3399998806417,10.9299997556955,8.13499981816858,1997,10,1998
51.8667,10.3333,1997-10-05,7.81999982520938,12.5799997188151,10.1999997720122,1997,10,1998
51.8667,10.3333,1997-10-06,10.2299997713417,13.2599997036159,11.7449997374788,1997,10,1998
51.8667,10.3333,1997-10-07,7.1199998408556,18.359999589622,12.7399997152388,1997,10,1998
51.8667,10.3333,1997-10-08,11.2499997485429,18.2499995920807,14.7499996703118,1997,10,1998
51.8667,10.3333,1997-10-09,9.79999978095293,14.7399996705353,12.2699997257441,1997,10,1998
51.8667,10.3333,1997-10-10,13.3699997011572,16.1099996399134,14.7399996705353,1997,10,1998
51.8667,10.3333,1997-10-11,7.52999983169138,14.4799996763468,11.0049997540191,1997,10,1998
51.8667,10.3333,1997-10-12,6.76999984867871,9.94999977760017,8.35999981313944,1997,10,1998
51.8667,10.3333,1997-10-13,4.71999989449978,9.30999979190528,7.01499984320253,1997,10,1998
51.8667,10.3333,1997-10-14,3.86999991349876,6.92999984510243,5.39999987930059,1997,10,1998
51.8667,10.3333,1997-10-15,3.34999992512167,7.89999982342124,5.62499987427145,1997,10,1998
51.8667,10.3333,1997-10-16,3.02999993227422,5.76999987103045,4.39999990165234,1997,10,1998
51.8667,10.3333,1997-10-17,-1.24999997206032,6.2599998600781,2.50499994400889,1997,10,1998
51.8667,10.3333,1997-10-18,0.319999992847443,10.4299997668713,5.37499987985939,1997,10,1998
51.8667,10.3333,1997-10-19,6.20999986119568,16.389999633655,11.2999997474253,1997,10,1998
51.8667,10.3333,1997-10-20,8.25999981537461,17.0399996191263,12.6499997172505,1997,10,1998
51.8667,10.3333,1997-10-21,1.44999996758997,10.4399997666478,5.9449998671189,1997,10,1998
51.8667,10.3333,1997-10-22,-2.44999994523823,5.48999987728894,1.51999996602535,1997,10,1998
51.8667,10.3333,1997-10-23,-3.45999992266297,7.14999984018505,1.84499995876104,1997,10,1998
51.8667,10.3333,1997-10-24,-0.839999981224537,6.26999985985458,2.71499993931502,1997,10,1998
51.8667,10.3333,1997-10-25,-0.88999998010695,4.91999989002943,2.01499995496124,1997,10,1998
51.8667,10.3333,1997-10-26,0.509999988600612,5.05999988690019,2.7849999377504,1997,10,1998
51.8667,10.3333,1997-10-27,-1.20999997295439,3.33999992534518,1.06499997619539,1997,10,1998
51.8667,10.3333,1997-10-28,-5.28999988175929,2.45999994501472,-1.41499996837229,1997,10,1998
51.8667,10.3333,1997-10-29,-6.57999985292554,2.91999993473291,-1.82999995909631,1997,10,1998
51.8667,10.3333,1997-10-30,-5.5699998755008,4.57999989762902,-0.494999988935888,1997,10,1998
51.8667,10.3333,1997-10-31,-3.20999992825091,8.12999981828034,2.45999994501472,1997,10,1998
51.8667,10.3333,1997-11-01,-1.47999996691942,5.32999988086522,1.9249999569729,1997,11,1998
51.8667,10.3333,1997-11-02,-0.539999987930059,3.16999992914498,1.31499997060746,1997,11,1998
51.8667,10.3333,1997-11-03,-2.15999995172024,4.80999989248812,1.32499997038394,1997,11,1998
51.8667,10.3333,1997-11-04,-2.26999994926155,4.57999989762902,1.15499997418374,1997,11,1998
51.8667,10.3333,1997-11-05,-3.66999991796911,3.52999992109835,-0.0699999984353781,1997,11,1998
51.8667,10.3333,1997-11-06,-0.649999985471368,8.40999981202185,3.87999991327524,1997,11,1998
51.8667,10.3333,1997-11-07,5.71999987214804,10.1799997724593,7.94999982230365,1997,11,1998
51.8667,10.3333,1997-11-08,6.76999984867871,12.2899997252971,9.5299997869879,1997,11,1998
51.8667,10.3333,1997-11-09,4.27999990433455,12.6099997181445,8.44499981123954,1997,11,1998
51.8667,10.3333,1997-11-10,4.71999989449978,7.8099998254329,6.26499985996634,1997,11,1998
51.8667,10.3333,1997-11-11,4.61999989673495,7.76999982632697,6.19499986153096,1997,11,1998
51.8667,10.3333,1997-11-12,3.80999991483986,8.27999981492758,6.04499986488372,1997,11,1998
51.8667,10.3333,1997-11-13,2.6999999396503,7.69999982789159,5.19999988377094,1997,11,1998
51.8667,10.3333,1997-11-14,0.499999988824129,5.82999986968935,3.16499992925674,1997,11,1998
51.8667,10.3333,1997-11-15,-1.67999996244907,4.62999989651144,1.47499996703118,1997,11,1998
51.8667,10.3333,1997-11-16,1.23999997228384,5.54999987594783,3.39499992411584,1997,11,1998
51.8667,10.3333,1997-11-17,0.0499999988824129,5.739999871701,2.89499993529171,1997,11,1998
51.8667,10.3333,1997-11-18,-1.47999996691942,4.49999989941716,1.50999996624887,1997,11,1998
51.8667,10.3333,1997-11-19,-2.75999993830919,3.3299999255687,0.284999993629754,1997,11,1998
51.8667,10.3333,1997-11-20,-5.12999988533556,0.0499999988824129,-2.53999994322658,1997,11,1998
51.8667,10.3333,1997-11-21,-6.29999985918403,1.32999997027218,-2.48499994445592,1997,11,1998
51.8667,10.3333,1997-11-22,-0.0799999982118607,4.10999990813434,2.01499995496124,1997,11,1998
51.8667,10.3333,1997-11-23,0.199999995529652,2.70999993942678,1.45499996747822,1997,11,1998
51.8667,10.3333,1997-11-24,0.189999995753169,2.14999995194376,1.16999997384846,1997,11,1998
51.8667,10.3333,1997-11-25,-0.899999979883432,1.80999995954335,0.454999989829957,1997,11,1998
51.8667,10.3333,1997-11-26,-1.44999996758997,1.98999995552003,0.26999999396503,1997,11,1998
51.8667,10.3333,1997-11-27,-0.509999988600612,2.28999994881451,0.88999998010695,1997,11,1998
51.8667,10.3333,1997-11-28,-1.45999996736646,1.00999997742474,-0.224999994970858,1997,11,1998
51.8667,10.3333,1997-11-29,-1.0899999756366,3.08999993093312,0.999999977648258,1997,11,1998
51.8667,10.3333,1997-11-30,2.43999994546175,6.84999984689057,4.64499989617616,1997,11,1998
51.8667,10.3333,1997-12-01,4.20999990589917,7.04999984242022,5.62999987415969,1997,12,1998
51.8667,10.3333,1997-12-02,-3.24999992735684,5.39999987930059,1.07499997597188,1997,12,1998
51.8667,10.3333,1997-12-03,-5.84999986924231,-1.62999996356666,-3.73999991640449,1997,12,1998
51.8667,10.3333,1997-12-04,-3.18999992869794,-2.04999995417893,-2.61999994143844,1997,12,1998
51.8667,10.3333,1997-12-05,-3.24999992735684,-0.699999984353781,-1.97499995585531,1997,12,1998
51.8667,10.3333,1997-12-06,-6.74999984912574,-0.65999998524785,-3.7049999171868,1997,12,1998
51.8667,10.3333,1997-12-07,-1.43999996781349,0.639999985694885,-0.399999991059303,1997,12,1998
51.8667,10.3333,1997-12-08,-0.589999986812472,2.85999993607402,1.13499997463077,1997,12,1998
51.8667,10.3333,1997-12-09,0.61999998614192,4.21999990567565,2.41999994590878,1997,12,1998
51.8667,10.3333,1997-12-10,2.16999995149672,5.03999988734722,3.60499991942197,1997,12,1998
51.8667,10.3333,1997-12-11,4.1899999063462,7.75999982655048,5.97499986644834,1997,12,1998
51.8667,10.3333,1997-12-12,6.85999984666705,8.82999980263412,7.84499982465059,1997,12,1998
51.8667,10.3333,1997-12-13,3.56999992020428,7.66999982856214,5.61999987438321,1997,12,1998
51.8667,10.3333,1997-12-14,1.35999996960163,3.83999991416931,2.59999994188547,1997,12,1998
51.8667,10.3333,1997-12-15,-0.759999983012676,3.71999991685152,1.47999996691942,1997,12,1998
51.8667,10.3333,1997-12-16,-5.65999987348914,-0.549999987706542,-3.10499993059784,1997,12,1998
51.8667,10.3333,1997-12-17,-12.2499997261912,-5.35999988019466,-8.80499980319291,1997,12,1998
51.8667,10.3333,1997-12-18,-11.9799997322261,-6.84999984689057,-9.41499978955835,1997,12,1998
51.8667,10.3333,1997-12-19,-7.50999983213842,3.07999993115664,-2.21499995049089,1997,12,1998
51.8667,10.3333,1997-12-20,-1.41999996826053,5.65999987348914,2.11999995261431,1997,12,1998
51.8667,10.3333,1997-12-21,-1.35999996960163,4.98999988846481,1.81499995943159,1997,12,1998
51.8667,10.3333,1997-12-22,-1.39999996870756,0.249999994412065,-0.574999987147748,1997,12,1998
51.8667,10.3333,1997-12-23,-1.3799999691546,0.61999998614192,-0.379999991506338,1997,12,1998
51.8667,10.3333,1997-12-24,-1.59999996423721,0.329999992623925,-0.634999985806644,1997,12,1998
51.8667,10.3333,1997-12-25,-0.509999988600612,7.08999984152615,3.28999992646277,1997,12,1998
51.8667,10.3333,1997-12-26,6.24999986030161,10.3799997679889,8.31499981414527,1997,12,1998
51.8667,10.3333,1997-12-27,4.25999990478158,8.99999979883432,6.62999985180795,1997,12,1998
51.8667,10.3333,1997-12-28,2.29999994859099,4.48999989964068,3.39499992411584,1997,12,1998
51.8667,10.3333,1997-12-29,1.28999997116625,3.14999992959201,2.21999995037913,1997,12,1998
51.8667,10.3333,1997-12-30,0.589999986812472,2.16999995149672,1.3799999691546,1997,12,1998
51.8667,10.3333,1997-12-31,0.109999997541308,3.12999993003905,1.61999996379018,1997,12,1998
51.8667,10.3333,1998-01-01,1.28999997116625,7.2899998370558,4.28999990411103,1998,1,1998
51.8667,10.3333,1998-01-02,4.46999990008771,6.56999985314906,5.51999987661839,1998,1,1998
51.8667,10.3333,1998-01-03,3.24999992735684,6.84999984689057,5.0499998871237,1998,1,1998
51.8667,10.3333,1998-01-04,2.79999993741512,6.41999985650182,4.60999989695847,1998,1,1998
51.8667,10.3333,1998-01-05,1.25999997183681,4.72999989427626,2.99499993305653,1998,1,1998
51.8667,10.3333,1998-01-06,2.22999995015562,4.77999989315867,3.50499992165715,1998,1,1998
51.8667,10.3333,1998-01-07,0.419999990612268,3.729999916628,2.07499995362014,1998,1,1998
51.8667,10.3333,1998-01-08,1.3199999704957,8.05999981984496,4.68999989517033,1998,1,1998
51.8667,10.3333,1998-01-09,2.45999994501472,7.26999983750284,4.86499989125878,1998,1,1998
51.8667,10.3333,1998-01-10,6.96999984420836,9.03999979794025,8.00499982107431,1998,1,1998
51.8667,10.3333,1998-01-11,4.26999990455806,10.9799997545779,7.62499982956797,1998,1,1998
51.8667,10.3333,1998-01-12,2.67999994009733,13.4099997002631,8.04499982018024,1998,1,1998
51.8667,10.3333,1998-01-13,2.87999993562698,9.32999979145825,6.10499986354262,1998,1,1998
51.8667,10.3333,1998-01-14,2.35999994724989,10.359999768436,6.35999985784292,1998,1,1998
51.8667,10.3333,1998-01-15,4.37999990209937,8.34999981336296,6.36499985773116,1998,1,1998
51.8667,10.3333,1998-01-16,1.19999997317791,5.65999987348914,3.42999992333353,1998,1,1998
51.8667,10.3333,1998-01-17,3.28999992646277,5.87999986857176,4.58499989751726,1998,1,1998
51.8667,10.3333,1998-01-18,1.12999997474253,4.49999989941716,2.81499993707985,1998,1,1998
51.8667,10.3333,1998-01-19,-0.199999995529652,4.63999989628792,2.21999995037913,1998,1,1998
51.8667,10.3333,1998-01-20,0.369999991729856,3.0999999307096,1.73499996121973,1998,1,1998
51.8667,10.3333,1998-01-21,-1.4899999666959,1.59999996423721,0.0549999987706542,1998,1,1998
51.8667,10.3333,1998-01-22,-4.43999990075827,-1.11999997496605,-2.77999993786216,1998,1,1998
51.8667,10.3333,1998-01-23,-5.00999988801777,-1.44999996758997,-3.22999992780387,1998,1,1998
51.8667,10.3333,1998-01-24,-3.62999991886318,-0.379999991506338,-2.00499995518476,1998,1,1998
51.8667,10.3333,1998-01-25,-4.69999989494681,-0.649999985471368,-2.67499994020909,1998,1,1998
51.8667,10.3333,1998-01-26,-7.5799998305738,-3.52999992109835,-5.55499987583607,1998,1,1998
51.8667,10.3333,1998-01-27,-11.0599997527897,-3.70999991707504,-7.38499983493239,1998,1,1998
51.8667,10.3333,1998-01-28,-11.5799997411668,-1.89999995753169,-6.73999984934926,1998,1,1998
51.8667,10.3333,1998-01-29,-8.1499998178333,-0.709999984130263,-4.42999990098178,1998,1,1998
51.8667,10.3333,1998-01-30,-6.24999986030161,-0.479999989271164,-3.36499992478639,1998,1,1998
51.8667,10.3333,1998-01-31,-4.91999989002943,0.0799999982118607,-2.41999994590878,1998,1,1998
51.8667,10.3333,1998-02-01,-12.4699997212738,-0.00999999977648258,-6.23999986052513,1998,2,1998
51.8667,10.3333,1998-02-02,-14.9099996667355,-5.05999988690019,-9.98499977681786,1998,2,1998
51.8667,10.3333,1998-02-03,-12.3899997230619,-3.41999992355704,-7.90499982330948,1998,2,1998
51.8667,10.3333,1998-02-04,-6.17999986186624,-1.1499999742955,-3.66499991808087,1998,2,1998
51.8667,10.3333,1998-02-05,-5.71999987214804,1.00999997742474,-2.35499994736165,1998,2,1998
51.8667,10.3333,1998-02-06,-2.6399999409914,2.72999993897974,0.0449999989941716,1998,2,1998
51.8667,10.3333,1998-02-07,0.849999981001019,2.43999994546175,1.64499996323138,1998,2,1998
51.8667,10.3333,1998-02-08,-2.16999995149672,2.6399999409914,0.234999994747341,1998,2,1998
51.8667,10.3333,1998-02-09,-0.159999996423721,2.61999994143844,1.22999997250736,1998,2,1998
51.8667,10.3333,1998-02-10,0.779999982565641,5.89999986812472,3.33999992534518,1998,2,1998
51.8667,10.3333,1998-02-11,1.3799999691546,7.53999983146787,4.45999990031123,1998,2,1998
51.8667,10.3333,1998-02-12,1.09999997541308,8.61999980732799,4.85999989137053,1998,2,1998
51.8667,10.3333,1998-02-13,5.83999986946583,10.6699997615069,8.25499981548637,1998,2,1998
51.8667,10.3333,1998-02-14,8.09999981895089,9.90999977849424,9.00499979872257,1998,2,1998
51.8667,10.3333,1998-02-15,7.55999983102083,13.0399997085333,10.2999997697771,1998,2,1998
51.8667,10.3333,1998-02-16,5.87999986857176,12.7299997154623,9.30499979201704,1998,2,1998
51.8667,10.3333,1998-02-17,5.25999988242984,10.7399997599423,7.99999982118607,1998,2,1998
51.8667,10.3333,1998-02-18,0.419999990612268,6.08999986387789,3.25499992724508,1998,2,1998
51.8667,10.3333,1998-02-19,1.62999996356666,9.49999978765845,5.56499987561256,1998,2,1998
51.8667,10.3333,1998-02-20,2.1799999512732,7.77999982610345,4.97999988868833,1998,2,1998
51.8667,10.3333,1998-02-21,2.12999995239079,9.46999978832901,5.7999998703599,1998,2,1998
51.8667,10.3333,1998-02-22,4.62999989651144,14.0799996852875,9.35499979089946,1998,2,1998
51.8667,10.3333,1998-02-23,3.89999991282821,10.6999997608364,7.29999983683228,1998,2,1998
51.8667,10.3333,1998-02-24,1.93999995663762,7.63999982923269,4.78999989293516,1998,2,1998
51.8667,10.3333,1998-02-25,3.89999991282821,7.93999982252717,5.91999986767769,1998,2,1998
51.8667,10.3333,1998-02-26,6.029999865219,7.95999982208014,6.99499984364957,1998,2,1998
51.8667,10.3333,1998-02-27,5.60999987460673,8.10999981872737,6.85999984666705,1998,2,1998
51.8667,10.3333,1998-02-28,4.15999990701675,6.99999984353781,5.57999987527728,1998,2,1998
51.8667,10.3333,1998-03-01,-1.21999997273088,5.99999986588955,2.38999994657934,1998,3,1998
51.8667,10.3333,1998-03-02,-2.50999994389713,1.11999997496605,-0.694999984465539,1998,3,1998
51.8667,10.3333,1998-03-03,-0.96999997831881,5.09999988600612,2.06499995384365,1998,3,1998
51.8667,10.3333,1998-03-04,3.96999991126359,9.48999978788197,6.72999984957278,1998,3,1998
51.8667,10.3333,1998-03-05,6.6599998511374,13.1399997062981,9.89999977871776,1998,3,1998
51.8667,10.3333,1998-03-06,0.559999987483025,6.76999984867871,3.66499991808087,1998,3,1998
51.8667,10.3333,1998-03-07,0.0499999988824129,3.53999992087483,1.79499995987862,1998,3,1998
51.8667,10.3333,1998-03-08,3.16999992914498,8.18999981693923,5.67999987304211,1998,3,1998
51.8667,10.3333,1998-03-09,-3.34999992512167,5.71999987214804,1.18499997351319,1998,3,1998
51.8667,10.3333,1998-03-10,-6.2599998600781,2.16999995149672,-2.04499995429069,1998,3,1998
51.8667,10.3333,1998-03-11,-2.73999993875623,2.02999995462596,-0.354999992065132,1998,3,1998
51.8667,10.3333,1998-03-12,-3.41999992355704,3.44999992288649,0.0149999996647239,1998,3,1998
51.8667,10.3333,1998-03-13,-2.31999994814396,2.4699999447912,0.0749999983236194,1998,3,1998
51.8667,10.3333,1998-03-14,-3.42999992333353,2.81999993696809,-0.304999993182719,1998,3,1998
51.8667,10.3333,1998-03-15,1.36999996937811,3.80999991483986,2.58999994210899,1998,3,1998
51.8667,10.3333,1998-03-16,2.4099999461323,6.57999985292554,4.49499989952892,1998,3,1998
51.8667,10.3333,1998-03-17,4.1899999063462,7.24999983794987,5.71999987214804,1998,3,1998
51.8667,10.3333,1998-03-18,5.05999988690019,7.16999983973801,6.1149998633191,1998,3,1998
51.8667,10.3333,1998-03-19,3.51999992132187,7.41999983415008,5.46999987773597,1998,3,1998
51.8667,10.3333,1998-03-20,0.179999995976686,4.12999990768731,2.154999951832,1998,3,1998
51.8667,10.3333,1998-03-21,-0.299999993294477,3.729999916628,1.71499996166676,1998,3,1998
51.8667,10.3333,1998-03-22,-4.61999989673495,4.98999988846481,0.184999995864928,1998,3,1998
51.8667,10.3333,1998-03-23,-3.45999992266297,3.47999992221594,0.00999999977648258,1998,3,1998
51.8667,10.3333,1998-03-24,-2.18999995104969,2.03999995440245,-0.0749999983236194,1998,3,1998
51.8667,10.3333,1998-03-25,-4.76999989338219,5.24999988265336,0.239999994635582,1998,3,1998
51.8667,10.3333,1998-03-26,-5.45999987795949,7.68999982811511,1.11499997507781,1998,3,1998
51.8667,10.3333,1998-03-27,-3.87999991327524,8.70999980531633,2.41499994602054,1998,3,1998
51.8667,10.3333,1998-03-28,3.20999992825091,7.50999983213842,5.35999988019466,1998,3,1998
51.8667,10.3333,1998-03-29,5.97999986633658,12.3399997241795,9.15999979525805,1998,3,1998
51.8667,10.3333,1998-03-30,4.44999990053475,17.9999995976686,11.2249997491017,1998,3,1998
51.8667,10.3333,1998-03-31,5.11999988555908,18.0199995972216,11.5699997413903,1998,3,1998
51.8667,10.3333,1998-04-01,7.60999982990324,16.8299996238202,12.2199997268617,1998,4,1998
51.8667,10.3333,1998-04-02,5.26999988220632,15.7599996477365,10.5149997649714,1998,4,1998
51.8667,10.3333,1998-04-03,6.74999984912574,12.0899997297674,9.41999978944659,1998,4,1998
51.8667,10.3333,1998-04-04,5.86999986879528,12.1099997293204,8.98999979905784,1998,4,1998
51.8667,10.3333,1998-04-05,6.18999986164272,10.339999768883,8.26499981526285,1998,4,1998
51.8667,10.3333,1998-04-06,5.72999987192452,13.6199996955693,9.6749997837469,1998,4,1998
51.8667,10.3333,1998-04-07,4.20999990589917,12.0099997315556,8.10999981872737,1998,4,1998
51.8667,10.3333,1998-04-08,3.35999992489815,8.30999981425703,5.83499986957759,1998,4,1998
51.8667,10.3333,1998-04-09,2.18999995104969,6.29999985918403,4.24499990511686,1998,4,1998
51.8667,10.3333,1998-04-10,1.21999997273088,7.38999983482063,4.30499990377575,1998,4,1998
51.8667,10.3333,1998-04-11,2.27999994903803,12.2799997255206,7.27999983727932,1998,4,1998
51.8667,10.3333,1998-04-12,3.42999992333353,9.5299997869879,6.47999985516071,1998,4,1998
51.8667,10.3333,1998-04-13,1.02999997697771,6.01999986544251,3.52499992121011,1998,4,1998
51.8667,10.3333,1998-04-14,-1.65999996289611,7.75999982655048,3.04999993182719,1998,4,1998
51.8667,10.3333,1998-04-15,-1.6099999640137,6.26999985985458,2.32999994792044,1998,4,1998
51.8667,10.3333,1998-04-16,-0.359999991953373,8.12999981828034,3.88499991316348,1998,4,1998
51.8667,10.3333,1998-04-17,0.389999991282821,8.00999982096255,4.19999990612268,1998,4,1998
51.8667,10.3333,1998-04-18,0.209999995306134,10.9499997552484,5.57999987527728,1998,4,1998
51.8667,10.3333,1998-04-19,3.30999992601573,8.76999980397522,6.03999986499548,1998,4,1998
51.8667,10.3333,1998-04-20,0.919999979436398,9.5299997869879,5.22499988321215,1998,4,1998
51.8667,10.3333,1998-04-21,1.49999996647239,12.2699997257441,6.88499984610826,1998,4,1998
51.8667,10.3333,1998-04-22,4.80999989248812,11.6699997391552,8.23999981582165,1998,4,1998
51.8667,10.3333,1998-04-23,1.88999995775521,14.7299996707588,8.30999981425703,1998,4,1998
51.8667,10.3333,1998-04-24,4.38999990187585,18.2099995929748,11.2999997474253,1998,4,1998
51.8667,10.3333,1998-04-25,7.36999983526766,14.1399996839464,10.754999759607,1998,4,1998
51.8667,10.3333,1998-04-26,6.94999984465539,14.1599996834993,10.5549997640774,1998,4,1998
51.8667,10.3333,1998-04-27,10.5799997635186,14.5099996756762,12.5449997195974,1998,4,1998
51.8667,10.3333,1998-04-28,9.14999979548156,15.9499996434897,12.5499997194856,1998,4,1998
51.8667,10.3333,1998-04-29,8.08999981917441,12.3399997241795,10.214999771677,1998,4,1998
51.8667,10.3333,1998-04-30,7.75999982655048,12.0199997313321,9.88999977894127,1998,4,1998
51.8667,10.3333,1998-05-01,8.61999980732799,17.1599996164441,12.889999711886,1998,5,NA
51.8667,10.3333,1998-05-02,7.68999982811511,19.7099995594472,13.6999996937811,1998,5,NA
51.8667,10.3333,1998-05-03,8.73999980464578,17.1599996164441,12.9499997105449,1998,5,NA
51.8667,10.3333,1998-05-04,7.52999983169138,11.749999737367,9.63999978452921,1998,5,NA
51.8667,10.3333,1998-05-05,2.16999995149672,9.49999978765845,5.83499986957759,1998,5,NA
51.8667,10.3333,1998-05-06,2.99999993294477,11.0199997536838,7.00999984331429,1998,5,NA
51.8667,10.3333,1998-05-07,5.94999986700714,9.91999977827072,7.93499982263893,1998,5,NA
51.8667,10.3333,1998-05-08,8.47999981045723,13.5899996962398,11.0349997533485,1998,5,NA
51.8667,10.3333,1998-05-09,8.86999980174005,19.5299995634705,14.1999996826053,1998,5,NA
51.8667,10.3333,1998-05-10,9.3599997907877,24.4499994534999,16.9049996221438,1998,5,NA
51.8667,10.3333,1998-05-11,11.1299997512251,25.2499994356185,18.1899995934218,1998,5,NA
51.8667,10.3333,1998-05-12,12.1399997286499,25.4399994313717,18.7899995800108,1998,5,NA
51.8667,10.3333,1998-05-13,11.8099997360259,26.1199994161725,18.9649995760992,1998,5,NA
51.8667,10.3333,1998-05-14,10.2699997704476,20.1699995491654,15.2199996598065,1998,5,NA
51.8667,10.3333,1998-05-15,6.60999985225499,18.8799995779991,12.7449997151271,1998,5,NA
51.8667,10.3333,1998-05-16,5.75999987125397,18.4499995876104,12.1049997294322,1998,5,NA
51.8667,10.3333,1998-05-17,5.18999988399446,15.4899996537715,10.339999768883,1998,5,NA
51.8667,10.3333,1998-05-18,5.5099998768419,17.8299996014684,11.6699997391552,1998,5,NA
51.8667,10.3333,1998-05-19,7.10999984107912,19.4299995657057,13.2699997033924,1998,5,NA
51.8667,10.3333,1998-05-20,7.64999982900918,20.8099995348603,14.2299996819347,1998,5,NA
51.8667,10.3333,1998-05-21,8.2699998151511,16.4099996332079,12.3399997241795,1998,5,NA
51.8667,10.3333,1998-05-22,5.99999986588955,11.9999997317791,8.99999979883432,1998,5,NA
51.8667,10.3333,1998-05-23,3.77999991551042,10.8699997570366,7.32499983627349,1998,5,NA
51.8667,10.3333,1998-05-24,3.58999991975725,12.8699997123331,8.22999981604517,1998,5,NA
51.8667,10.3333,1998-05-25,6.58999985270202,11.6899997387081,9.13999979570508,1998,5,NA
51.8667,10.3333,1998-05-26,7.82999982498586,11.479999743402,9.65499978419393,1998,5,NA
51.8667,10.3333,1998-05-27,7.40999983437359,16.8799996227026,12.1449997285381,1998,5,NA
51.8667,10.3333,1998-05-28,7.99999982118607,17.19999961555,12.5999997183681,1998,5,NA
51.8667,10.3333,1998-05-29,8.47999981045723,21.0499995294958,14.7649996699765,1998,5,NA
51.8667,10.3333,1998-05-30,11.9299997333437,22.5399994961917,17.2349996147677,1998,5,NA
51.8667,10.3333,1998-05-31,12.5899997185916,19.1899995710701,15.8899996448308,1998,5,NA
51.8667,10.3333,1998-06-01,12.619999717921,22.0499995071441,17.3349996125326,1998,6,NA
51.8667,10.3333,1998-06-02,9.87999977916479,14.4099996779114,12.1449997285381,1998,6,NA
51.8667,10.3333,1998-06-03,8.07999981939793,19.829999556765,13.9549996880814,1998,6,NA
51.8667,10.3333,1998-06-04,12.2699997257441,20.5299995411187,16.3999996334314,1998,6,NA
51.8667,10.3333,1998-06-05,9.61999978497624,20.3599995449185,14.9899996649474,1998,6,NA
51.8667,10.3333,1998-06-06,9.41999978944659,23.1699994821101,16.2949996357784,1998,6,NA
51.8667,10.3333,1998-06-07,15.2399996593595,27.8999993763864,21.5699995178729,1998,6,NA
51.8667,10.3333,1998-06-08,13.9799996875226,23.0399994850159,18.5099995862693,1998,6,NA
51.8667,10.3333,1998-06-09,11.2199997492135,18.0999995954335,14.6599996723235,1998,6,NA
51.8667,10.3333,1998-06-10,10.5499997641891,18.7899995800108,14.6699996720999,1998,6,NA
51.8667,10.3333,1998-06-11,11.4399997442961,18.5899995844811,15.0149996643886,1998,6,NA
51.8667,10.3333,1998-06-12,9.70999978296459,18.6299995835871,14.1699996832758,1998,6,NA
51.8667,10.3333,1998-06-13,7.09999984130263,13.9799996875226,10.5399997644126,1998,6,NA
51.8667,10.3333,1998-06-14,3.58999991975725,13.2999997027218,8.44499981123954,1998,6,NA
51.8667,10.3333,1998-06-15,5.15999988466501,16.4499996323138,10.8049997584894,1998,6,NA
51.8667,10.3333,1998-06-16,8.32999981380999,18.5299995858222,13.4299996998161,1998,6,NA
51.8667,10.3333,1998-06-17,9.55999978631735,15.9999996423721,12.7799997143447,1998,6,NA
51.8667,10.3333,1998-06-18,8.2699998151511,13.8999996893108,11.0849997522309,1998,6,NA
51.8667,10.3333,1998-06-19,7.14999984018505,12.9999997094274,10.0749997748062,1998,6,NA
51.8667,10.3333,1998-06-20,11.0299997534603,17.3399996124208,14.1849996829405,1998,6,NA
51.8667,10.3333,1998-06-21,13.1899997051805,23.3499994780868,18.2699995916337,1998,6,NA
51.8667,10.3333,1998-06-22,13.8399996906519,28.3599993661046,21.0999995283782,1998,6,NA
51.8667,10.3333,1998-06-23,13.4499996993691,22.4599994979799,17.9549995986745,1998,6,NA
51.8667,10.3333,1998-06-24,9.5299997869879,17.5699996072799,13.5499996971339,1998,6,NA
51.8667,10.3333,1998-06-25,11.7399997375906,18.7999995797873,15.2699996586889,1998,6,NA
51.8667,10.3333,1998-06-26,11.6699997391552,25.4199994318187,18.5449995854869,1998,6,NA
51.8667,10.3333,1998-06-27,11.6999997384846,22.0199995078146,16.8599996231496,1998,6,NA
51.8667,10.3333,1998-06-28,14.6899996716529,22.5599994957447,18.6249995836988,1998,6,NA
51.8667,10.3333,1998-06-29,11.0899997521192,18.4499995876104,14.7699996698648,1998,6,NA
51.8667,10.3333,1998-06-30,10.2699997704476,18.0799995958805,14.1749996831641,1998,6,NA
51.8667,10.3333,1998-07-01,11.3999997451901,14.379999678582,12.889999711886,1998,7,NA
51.8667,10.3333,1998-07-02,10.3699997682124,16.8799996227026,13.6249996954575,1998,7,NA
51.8667,10.3333,1998-07-03,10.1099997740239,17.7199996039271,13.9149996889755,1998,7,NA
51.8667,10.3333,1998-07-04,8.42999981157482,14.2899996805936,11.3599997460842,1998,7,NA
51.8667,10.3333,1998-07-05,9.79999978095293,13.3999997004867,11.5999997407198,1998,7,NA
51.8667,10.3333,1998-07-06,11.189999749884,15.8499996457249,13.5199996978045,1998,7,NA
51.8667,10.3333,1998-07-07,11.5899997409433,15.7799996472895,13.6849996941164,1998,7,NA
51.8667,10.3333,1998-07-08,7.63999982923269,13.1599997058511,10.3999997675419,1998,7,NA
51.8667,10.3333,1998-07-09,7.2899998370558,13.0699997078627,10.1799997724593,1998,7,NA
51.8667,10.3333,1998-07-10,8.35999981313944,12.7599997147918,10.5599997639656,1998,7,NA
51.8667,10.3333,1998-07-11,10.7899997588247,19.0799995735288,14.9349996661767,1998,7,NA
51.8667,10.3333,1998-07-12,11.7099997382611,16.639999628067,14.1749996831641,1998,7,NA
51.8667,10.3333,1998-07-13,9.8199997805059,16.2099996376783,13.0149997090921,1998,7,NA
51.8667,10.3333,1998-07-14,11.76999973692,16.4199996329844,14.0949996849522,1998,7,NA
51.8667,10.3333,1998-07-15,8.78999980352819,14.6399996727705,11.7149997381493,1998,7,NA
51.8667,10.3333,1998-07-16,9.60999978519976,16.3199996352196,12.9649997102097,1998,7,NA
51.8667,10.3333,1998-07-17,10.0399997755885,14.7699996698648,12.4049997227266,1998,7,NA
51.8667,10.3333,1998-07-18,10.5899997632951,18.4299995880574,14.5099996756762,1998,7,NA
51.8667,10.3333,1998-07-19,12.369999723509,18.7399995811284,15.5549996523187,1998,7,NA
51.8667,10.3333,1998-07-20,10.0399997755885,20.3299995455891,15.1849996605888,1998,7,NA
51.8667,10.3333,1998-07-21,11.5199997425079,29.7899993341416,20.6549995383248,1998,7,NA
51.8667,10.3333,1998-07-22,18.7699995804578,28.8899993542582,23.829999467358,1998,7,NA
51.8667,10.3333,1998-07-23,12.5299997199327,23.4599994756281,17.9949995977804,1998,7,NA
51.8667,10.3333,1998-07-24,13.3899997007102,25.4699994307011,19.4299995657057,1998,7,NA
51.8667,10.3333,1998-07-25,13.75999969244,20.119999550283,16.9399996213615,1998,7,NA
51.8667,10.3333,1998-07-26,9.90999977849424,19.1299995724112,14.5199996754527,1998,7,NA
51.8667,10.3333,1998-07-27,9.08999979682267,21.3099995236844,15.1999996602535,1998,7,NA
51.8667,10.3333,1998-07-28,13.9699996877462,23.1599994823337,18.5649995850399,1998,7,NA
51.8667,10.3333,1998-07-29,13.469999698922,19.4599995650351,16.4649996319786,1998,7,NA
51.8667,10.3333,1998-07-30,12.2599997259676,15.7799996472895,14.0199996866286,1998,7,NA
51.8667,10.3333,1998-07-31,12.0499997306615,19.7399995587766,15.8949996447191,1998,7,NA
51.8667,10.3333,1998-08-01,11.1399997510016,18.0299995969981,14.5849996739998,1998,8,NA
51.8667,10.3333,1998-08-02,10.609999762848,20.9399995319545,15.7749996474013,1998,8,NA
51.8667,10.3333,1998-08-03,12.4499997217208,15.8999996446073,14.1749996831641,1998,8,NA
51.8667,10.3333,1998-08-04,12.4399997219443,19.8899995554239,16.1649996386841,1998,8,NA
51.8667,10.3333,1998-08-05,12.6699997168034,18.2099995929748,15.4399996548891,1998,8,NA
51.8667,10.3333,1998-08-06,9.76999978162348,17.3199996128678,13.5449996972457,1998,8,NA
51.8667,10.3333,1998-08-07,9.96999977715313,22.0299995075911,15.9999996423721,1998,8,NA
51.8667,10.3333,1998-08-08,12.6499997172505,24.7399994470179,18.6949995821342,1998,8,NA
51.8667,10.3333,1998-08-09,13.1399997062981,28.2799993678927,20.7099995370954,1998,8,NA
51.8667,10.3333,1998-08-10,13.6699996944517,22.379999499768,18.0249995971099,1998,8,NA
51.8667,10.3333,1998-08-11,9.54999978654087,26.5699994061142,18.0599995963275,1998,8,NA
51.8667,10.3333,1998-08-12,15.4199996553361,30.2999993227422,22.8599994890392,1998,8,NA
51.8667,10.3333,1998-08-13,16.389999633655,32.1499992813915,24.2699994575232,1998,8,NA
51.8667,10.3333,1998-08-14,12.7799997143447,23.1599994823337,17.9699995983392,1998,8,NA
51.8667,10.3333,1998-08-15,9.17999979481101,18.8599995784461,14.0199996866286,1998,8,NA
51.8667,10.3333,1998-08-16,11.9199997335672,23.8999994657934,17.9099995996803,1998,8,NA
51.8667,10.3333,1998-08-17,12.9399997107685,20.6999995373189,16.8199996240437,1998,8,NA
51.8667,10.3333,1998-08-18,9.01999979838729,24.4399994537234,16.7299996260554,1998,8,NA
51.8667,10.3333,1998-08-19,10.6699997615069,21.0099995303899,15.8399996459484,1998,8,NA
51.8667,10.3333,1998-08-20,8.2699998151511,19.8699995558709,14.069999685511,1998,8,NA
51.8667,10.3333,1998-08-21,8.039999820292,23.6599994711578,15.8499996457249,1998,8,NA
51.8667,10.3333,1998-08-22,11.3399997465312,15.4899996537715,13.4149997001514,1998,8,NA
51.8667,10.3333,1998-08-23,9.02999979816377,13.9099996890873,11.4699997436255,1998,8,NA
51.8667,10.3333,1998-08-24,8.67999980598688,15.5599996522069,12.1199997290969,1998,8,NA
51.8667,10.3333,1998-08-25,9.18999979458749,13.6699996944517,11.4299997445196,1998,8,NA
51.8667,10.3333,1998-08-26,8.33999981358647,13.9799996875226,11.1599997505546,1998,8,NA
51.8667,10.3333,1998-08-27,7.78999982587993,11.2799997478724,9.53499978687614,1998,8,NA
51.8667,10.3333,1998-08-28,7.15999983996153,12.2799997255206,9.71999978274107,1998,8,NA
51.8667,10.3333,1998-08-29,7.31999983638525,11.5599997416139,9.43999978899956,1998,8,NA
51.8667,10.3333,1998-08-30,7.76999982632697,12.6699997168034,10.2199997715652,1998,8,NA
51.8667,10.3333,1998-08-31,6.3699998576194,12.7599997147918,9.56499978620559,1998,8,NA
51.8667,10.3333,1998-09-01,7.61999982967973,17.1299996171147,12.3749997233972,1998,9,NA
51.8667,10.3333,1998-09-02,5.2799998819828,18.0299995969981,11.6549997394904,1998,9,NA
51.8667,10.3333,1998-09-03,10.5099997650832,15.20999966003,12.8599997125566,1998,9,NA
51.8667,10.3333,1998-09-04,12.0499997306615,16.8099996242672,14.4299996774644,1998,9,NA
51.8667,10.3333,1998-09-05,12.0099997315556,15.789999647066,13.8999996893108,1998,9,NA
51.8667,10.3333,1998-09-06,11.0099997539073,15.6099996510893,13.3099997024983,1998,9,NA
51.8667,10.3333,1998-09-07,11.0699997525662,17.2099996153265,14.1399996839464,1998,9,NA
51.8667,10.3333,1998-09-08,10.3299997691065,19.3199995681643,14.8249996686354,1998,9,NA
51.8667,10.3333,1998-09-09,11.3999997451901,16.7599996253848,14.0799996852875,1998,9,NA
51.8667,10.3333,1998-09-10,13.4299996998161,18.9299995768815,16.1799996383488,1998,9,NA
51.8667,10.3333,1998-09-11,13.9699996877462,19.0399995744228,16.5049996310845,1998,9,NA
51.8667,10.3333,1998-09-12,10.899999756366,16.6099996287376,13.7549996925518,1998,9,NA
51.8667,10.3333,1998-09-13,7.62999982945621,12.6999997161329,10.1649997727945,1998,9,NA
51.8667,10.3333,1998-09-14,5.46999987773597,10.3799997679889,7.92499982286245,1998,9,NA
51.8667,10.3333,1998-09-15,4.71999989449978,8.47999981045723,6.5999998524785,1998,9,NA
51.8667,10.3333,1998-09-16,6.44999985583127,11.169999750331,8.80999980308115,1998,9,NA
51.8667,10.3333,1998-09-17,8.34999981336296,12.8199997134507,10.5849997634068,1998,9,NA
51.8667,10.3333,1998-09-18,6.85999984666705,11.8299997355789,9.34499979112297,1998,9,NA
51.8667,10.3333,1998-09-19,7.0599998421967,11.9299997333437,9.49499978777021,1998,9,NA
51.8667,10.3333,1998-09-20,5.35999988019466,14.5899996738881,9.97499977704138,1998,9,NA
51.8667,10.3333,1998-09-21,8.12999981828034,16.2099996376783,12.1699997279793,1998,9,NA
51.8667,10.3333,1998-09-22,5.65999987348914,16.349999634549,11.0049997540191,1998,9,NA
51.8667,10.3333,1998-09-23,7.40999983437359,15.3599996566772,11.3849997455254,1998,9,NA
51.8667,10.3333,1998-09-24,6.16999986208975,16.059999641031,11.1149997515604,1998,9,NA
51.8667,10.3333,1998-09-25,5.81999986991286,17.7599996030331,11.789999736473,1998,9,NA
51.8667,10.3333,1998-09-26,5.90999986790121,18.9499995764345,12.4299997221678,1998,9,NA
51.8667,10.3333,1998-09-27,7.16999983973801,19.6899995598942,13.4299996998161,1998,9,NA
51.8667,10.3333,1998-09-28,10.8599997572601,17.19999961555,14.0299996864051,1998,9,NA
51.8667,10.3333,1998-09-29,9.21999979391694,16.6499996278435,12.9349997108802,1998,9,NA
51.8667,10.3333,1998-09-30,9.82999978028238,15.3099996577948,12.5699997190386,1998,9,NA
51.8667,10.3333,1998-10-01,7.54999983124435,13.6099996957928,10.5799997635186,1998,10,1999
51.8667,10.3333,1998-10-02,4.58999989740551,10.4799997657537,7.53499983157963,1998,10,1999
51.8667,10.3333,1998-10-03,0.109999997541308,4.46999990008771,2.28999994881451,1998,10,1999
51.8667,10.3333,1998-10-04,1.09999997541308,3.10999993048608,2.10499995294958,1998,10,1999
51.8667,10.3333,1998-10-05,1.99999995529652,7.47999983280897,4.73999989405274,1998,10,1999
51.8667,10.3333,1998-10-06,3.56999992020428,6.11999986320734,4.84499989170581,1998,10,1999
51.8667,10.3333,1998-10-07,1.4899999666959,4.36999990232289,2.9299999345094,1998,10,1999
51.8667,10.3333,1998-10-08,2.77999993786216,6.6599998511374,4.71999989449978,1998,10,1999
51.8667,10.3333,1998-10-09,4.9399998895824,9.23999979346991,7.08999984152615,1998,10,1999
51.8667,10.3333,1998-10-10,5.90999986790121,9.72999978251755,7.81999982520938,1998,10,1999
51.8667,10.3333,1998-10-11,6.8299998473376,8.75999980419874,7.79499982576817,1998,10,1999
51.8667,10.3333,1998-10-12,6.46999985538423,8.88999980129302,7.67999982833862,1998,10,1999
51.8667,10.3333,1998-10-13,4.83999989181757,8.79999980330467,6.81999984756112,1998,10,1999
51.8667,10.3333,1998-10-14,5.15999988466501,9.47999978810549,7.31999983638525,1998,10,1999
51.8667,10.3333,1998-10-15,7.21999983862042,12.7099997159094,9.96499977726489,1998,10,1999
51.8667,10.3333,1998-10-16,4.9399998895824,12.3899997230619,8.66499980632216,1998,10,1999
51.8667,10.3333,1998-10-17,4.11999990791082,11.76999973692,7.94499982241541,1998,10,1999
51.8667,10.3333,1998-10-18,8.29999981448054,15.0399996638298,11.6699997391552,1998,10,1999
51.8667,10.3333,1998-10-19,1.34999996982515,8.55999980866909,4.95499988924712,1998,10,1999
51.8667,10.3333,1998-10-20,-0.639999985694885,8.67999980598688,4.019999910146,1998,10,1999
51.8667,10.3333,1998-10-21,1.52999996580184,6.21999986097217,3.874999913387,1998,10,1999
51.8667,10.3333,1998-10-22,1.29999997094274,10.2999997697771,5.7999998703599,1998,10,1999
51.8667,10.3333,1998-10-23,8.63999980688095,11.9499997328967,10.2949997698888,1998,10,1999
51.8667,10.3333,1998-10-24,10.0799997746944,13.0199997089803,11.5499997418374,1998,10,1999
51.8667,10.3333,1998-10-25,7.3499998357147,11.6199997402728,9.48499978799373,1998,10,1999
51.8667,10.3333,1998-10-26,5.76999987103045,9.64999978430569,7.70999982766807,1998,10,1999
51.8667,10.3333,1998-10-27,2.95999993383884,6.5999998524785,4.77999989315867,1998,10,1999
51.8667,10.3333,1998-10-28,2.64999994076788,8.30999981425703,5.47999987751245,1998,10,1999
51.8667,10.3333,1998-10-29,5.72999987192452,10.7099997606128,8.21999981626868,1998,10,1999
51.8667,10.3333,1998-10-30,3.73999991640449,7.14999984018505,5.44499987829477,1998,10,1999
51.8667,10.3333,1998-10-31,2.11999995261431,4.56999989785254,3.34499992523342,1998,10,1999
51.8667,10.3333,1998-11-01,2.10999995283782,4.15999990701675,3.13499992992729,1998,11,1999
51.8667,10.3333,1998-11-02,1.90999995730817,5.44999987818301,3.67999991774559,1998,11,1999
51.8667,10.3333,1998-11-03,2.2399999499321,4.17999990656972,3.20999992825091,1998,11,1999
51.8667,10.3333,1998-11-04,2.50999994389713,7.40999983437359,4.95999988913536,1998,11,1999
51.8667,10.3333,1998-11-05,2.03999995440245,6.31999985873699,4.17999990656972,1998,11,1999
51.8667,10.3333,1998-11-06,0.65999998524785,3.44999992288649,2.05499995406717,1998,11,1999
51.8667,10.3333,1998-11-07,1.89999995753169,6.26999985985458,4.08499990869313,1998,11,1999
51.8667,10.3333,1998-11-08,0.519999988377094,5.0499998871237,2.7849999377504,1998,11,1999
51.8667,10.3333,1998-11-09,0.209999995306134,7.16999983973801,3.68999991752207,1998,11,1999
51.8667,10.3333,1998-11-10,3.94999991171062,10.0399997755885,6.99499984364957,1998,11,1999
51.8667,10.3333,1998-11-11,4.27999990433455,9.66999978385866,6.9749998440966,1998,11,1999
51.8667,10.3333,1998-11-12,2.04999995417893,5.3399998806417,3.69499991741031,1998,11,1999
51.8667,10.3333,1998-11-13,-1.06999997608364,3.19999992847443,1.06499997619539,1998,11,1999
51.8667,10.3333,1998-11-14,-1.49999996647239,3.33999992534518,0.919999979436398,1998,11,1999
51.8667,10.3333,1998-11-15,1.40999996848404,4.4799998998642,2.94499993417412,1998,11,1999
51.8667,10.3333,1998-11-16,0.189999995753169,2.53999994322658,1.36499996948987,1998,11,1999
51.8667,10.3333,1998-11-17,-1.92999995686114,0.899999979883432,-0.514999988488853,1998,11,1999
51.8667,10.3333,1998-11-18,-3.93999991193414,-0.999999977648258,-2.4699999447912,1998,11,1999
51.8667,10.3333,1998-11-19,-4.83999989181757,-0.139999996870756,-2.48999994434416,1998,11,1999
51.8667,10.3333,1998-11-20,-5.5099998768419,-1.59999996423721,-3.55499992053956,1998,11,1999
51.8667,10.3333,1998-11-21,-6.04999986477196,-2.04999995417893,-4.04999990947545,1998,11,1999
51.8667,10.3333,1998-11-22,-9.80999978072941,-3.00999993272126,-6.40999985672534,1998,11,1999
51.8667,10.3333,1998-11-23,-10.8599997572601,-3.94999991171062,-7.40499983448535,1998,11,1999
51.8667,10.3333,1998-11-24,-8.09999981895089,-1.61999996379018,-4.85999989137053,1998,11,1999
51.8667,10.3333,1998-11-25,-4.07999990880489,-0.539999987930059,-2.30999994836748,1998,11,1999
51.8667,10.3333,1998-11-26,-2.53999994322658,-1.1499999742955,-1.84499995876104,1998,11,1999
51.8667,10.3333,1998-11-27,-2.97999993339181,-0.139999996870756,-1.55999996513128,1998,11,1999
51.8667,10.3333,1998-11-28,-1.17999997362494,2.21999995037913,0.519999988377094,1998,11,1999
51.8667,10.3333,1998-11-29,0.329999992623925,2.20999995060265,1.26999997161329,1998,11,1999
51.8667,10.3333,1998-11-30,-3.06999993138015,1.06999997608364,-0.999999977648258,1998,11,1999
51.8667,10.3333,1998-12-01,-3.41999992355704,-1.12999997474253,-2.27499994914979,1998,12,1999
51.8667,10.3333,1998-12-02,-7.17999983951449,-2.33999994769692,-4.75999989360571,1998,12,1999
51.8667,10.3333,1998-12-03,-7.81999982520938,-3.31999992579222,-5.5699998755008,1998,12,1999
51.8667,10.3333,1998-12-04,-7.62999982945621,-3.0399999320507,-5.33499988075346,1998,12,1999
51.8667,10.3333,1998-12-05,-4.53999989852309,-3.00999993272126,-3.77499991562217,1998,12,1999
51.8667,10.3333,1998-12-06,-3.1599999293685,-2.02999995462596,-2.59499994199723,1998,12,1999
51.8667,10.3333,1998-12-07,-4.72999989427626,-2.84999993629754,-3.7899999152869,1998,12,1999
51.8667,10.3333,1998-12-08,-7.82999982498586,-4.22999990545213,-6.029999865219,1998,12,1999
51.8667,10.3333,1998-12-09,-10.7999997586012,-4.22999990545213,-7.51499983202666,1998,12,1999
51.8667,10.3333,1998-12-10,-10.629999762401,-0.419999990612268,-5.52499987650663,1998,12,1999
51.8667,10.3333,1998-12-11,-6.63999985158443,0.0299999993294477,-3.30499992612749,1998,12,1999
51.8667,10.3333,1998-12-12,-10.2399997711182,-2.31999994814396,-6.27999985963106,1998,12,1999
51.8667,10.3333,1998-12-13,-3.05999993160367,3.47999992221594,0.209999995306134,1998,12,1999
51.8667,10.3333,1998-12-14,2.83999993652105,6.89999984577298,4.86999989114702,1998,12,1999
51.8667,10.3333,1998-12-15,2.62999994121492,7.68999982811511,5.15999988466501,1998,12,1999
51.8667,10.3333,1998-12-16,6.31999985873699,8.11999981850386,7.21999983862042,1998,12,1999
51.8667,10.3333,1998-12-17,2.73999993875623,6.73999984934926,4.73999989405274,1998,12,1999
51.8667,10.3333,1998-12-18,1.89999995753169,8.65999980643392,5.2799998819828,1998,12,1999
51.8667,10.3333,1998-12-19,1.38999996893108,8.81999980285764,5.10499988589436,1998,12,1999
51.8667,10.3333,1998-12-20,1.57999996468425,4.32999990321696,2.9549999339506,1998,12,1999
51.8667,10.3333,1998-12-21,-1.53999996557832,1.9499999564141,0.204999995417893,1998,12,1999
51.8667,10.3333,1998-12-22,-1.88999995775521,-0.849999981001019,-1.36999996937811,1998,12,1999
51.8667,10.3333,1998-12-23,-1.67999996244907,-0.30999999307096,-0.994999977760017,1998,12,1999
51.8667,10.3333,1998-12-24,-2.36999994702637,0.879999980330467,-0.744999983347952,1998,12,1999
51.8667,10.3333,1998-12-25,-2.39999994635582,0.0399999991059303,-1.17999997362494,1998,12,1999
51.8667,10.3333,1998-12-26,-1.4899999666959,2.01999995484948,0.264999994076788,1998,12,1999
51.8667,10.3333,1998-12-27,1.90999995730817,5.42999987863004,3.66999991796911,1998,12,1999
51.8667,10.3333,1998-12-28,4.7099998947233,8.21999981626868,6.46499985549599,1998,12,1999
51.8667,10.3333,1998-12-29,3.71999991685152,8.92999980039895,6.32499985862523,1998,12,1999
51.8667,10.3333,1998-12-30,-0.289999993517995,4.4799998998642,2.0949999531731,1998,12,1999
51.8667,10.3333,1998-12-31,-0.949999978765845,6.26999985985458,2.65999994054437,1998,12,1999
51.8667,10.3333,1999-01-01,-1.72999996133149,5.84999986924231,2.05999995395541,1999,1,1999
51.8667,10.3333,1999-01-02,-2.07999995350838,5.77999987080693,1.84999995864928,1999,1,1999
51.8667,10.3333,1999-01-03,0.729999983683228,7.01999984309077,3.874999913387,1999,1,1999
51.8667,10.3333,1999-01-04,1.12999997474253,4.019999910146,2.57499994244426,1999,1,1999
51.8667,10.3333,1999-01-05,1.87999995797873,9.30999979190528,5.594999874942,1999,1,1999
51.8667,10.3333,1999-01-06,8.38999981246889,11.479999743402,9.93499977793545,1999,1,1999
51.8667,10.3333,1999-01-07,7.3499998357147,11.3599997460842,9.35499979089946,1999,1,1999
51.8667,10.3333,1999-01-08,2.68999993987381,8.54999980889261,5.61999987438321,1999,1,1999
51.8667,10.3333,1999-01-09,1.12999997474253,3.14999992959201,2.13999995216727,1999,1,1999
51.8667,10.3333,1999-01-10,-1.0899999756366,1.4899999666959,0.199999995529652,1999,1,1999
51.8667,10.3333,1999-01-11,-4.4799998998642,-0.879999980330467,-2.67999994009733,1999,1,1999
51.8667,10.3333,1999-01-12,-4.88999989069998,-3.34999992512167,-4.11999990791082,1999,1,1999
51.8667,10.3333,1999-01-13,-4.52999989874661,-2.61999994143844,-3.57499992009252,1999,1,1999
51.8667,10.3333,1999-01-14,-4.50999989919364,0.159999996423721,-2.17499995138496,1999,1,1999
51.8667,10.3333,1999-01-15,-0.529999988153577,1.65999996289611,0.564999987371266,1999,1,1999
51.8667,10.3333,1999-01-16,0.119999997317791,4.22999990545213,2.17499995138496,1999,1,1999
51.8667,10.3333,1999-01-17,3.28999992646277,7.44999983347952,5.36999987997115,1999,1,1999
51.8667,10.3333,1999-01-18,3.66999991796911,7.66999982856214,5.66999987326562,1999,1,1999
51.8667,10.3333,1999-01-19,0.34999999217689,5.02999988757074,2.68999993987381,1999,1,1999
51.8667,10.3333,1999-01-20,1.56999996490777,6.63999985158443,4.1049999082461,1999,1,1999
51.8667,10.3333,1999-01-21,3.35999992489815,9.31999979168177,6.33999985828996,1999,1,1999
51.8667,10.3333,1999-01-22,2.61999994143844,8.09999981895089,5.35999988019466,1999,1,1999
51.8667,10.3333,1999-01-23,1.24999997206032,5.97999986633658,3.61499991919845,1999,1,1999
51.8667,10.3333,1999-01-24,0.369999991729856,4.85999989137053,2.6149999415502,1999,1,1999
51.8667,10.3333,1999-01-25,0.239999994635582,3.37999992445111,1.80999995954335,1999,1,1999
51.8667,10.3333,1999-01-26,2.9299999345094,8.44999981112778,5.68999987281859,1999,1,1999
51.8667,10.3333,1999-01-27,0.609999986365438,7.9799998216331,4.29499990399927,1999,1,1999
51.8667,10.3333,1999-01-28,-0.379999991506338,1.43999996781349,0.529999988153577,1999,1,1999
51.8667,10.3333,1999-01-29,-2.26999994926155,0.649999985471368,-0.809999981895089,1999,1,1999
51.8667,10.3333,1999-01-30,-7.63999982923269,-2.35999994724989,-4.99999988824129,1999,1,1999
51.8667,10.3333,1999-01-31,-7.18999983929098,-2.67999994009733,-4.93499988969415,1999,1,1999
51.8667,10.3333,1999-02-01,-9.07999979704618,-3.30999992601573,-6.19499986153096,1999,2,1999
51.8667,10.3333,1999-02-02,-4.05999990925193,1.62999996356666,-1.21499997284263,1999,2,1999
51.8667,10.3333,1999-02-03,-0.369999991729856,2.9299999345094,1.27999997138977,1999,2,1999
51.8667,10.3333,1999-02-04,1.1499999742955,3.67999991774559,2.41499994602054,1999,2,1999
51.8667,10.3333,1999-02-05,3.17999992892146,6.34999985806644,4.76499989349395,1999,2,1999
51.8667,10.3333,1999-02-06,-1.20999997295439,5.90999986790121,2.34999994747341,1999,2,1999
51.8667,10.3333,1999-02-07,-1.64999996311963,0.369999991729856,-0.639999985694885,1999,2,1999
51.8667,10.3333,1999-02-08,-2.83999993652105,-0.699999984353781,-1.76999996043742,1999,2,1999
51.8667,10.3333,1999-02-09,-4.00999991036952,-1.75999996066093,-2.88499993551522,1999,2,1999
51.8667,10.3333,1999-02-10,-8.52999980933964,-2.71999993920326,-5.62499987427145,1999,2,1999
51.8667,10.3333,1999-02-11,-9.80999978072941,-2.90999993495643,-6.35999985784292,1999,2,1999
51.8667,10.3333,1999-02-12,-10.4799997657537,-2.1799999512732,-6.32999985851347,1999,2,1999
51.8667,10.3333,1999-02-13,-13.9599996879697,-3.97999991104007,-8.96999979950488,1999,2,1999
51.8667,10.3333,1999-02-14,-12.8299997132272,-3.47999992221594,-8.15499981772155,1999,2,1999
51.8667,10.3333,1999-02-15,-9.27999979257584,-1.70999996177852,-5.49499987717718,1999,2,1999
51.8667,10.3333,1999-02-16,-8.57999980822206,-0.719999983906746,-4.6499998960644,1999,2,1999
51.8667,10.3333,1999-02-17,-2.06999995373189,1.07999997586012,-0.494999988935888,1999,2,1999
51.8667,10.3333,1999-02-18,-3.45999992266297,-0.469999989494681,-1.96499995607883,1999,2,1999
51.8667,10.3333,1999-02-19,-3.20999992825091,0.419999990612268,-1.39499996881932,1999,2,1999
51.8667,10.3333,1999-02-20,-1.97999995574355,4.32999990321696,1.1749999737367,1999,2,1999
51.8667,10.3333,1999-02-21,1.03999997675419,5.02999988757074,3.03499993216246,1999,2,1999
51.8667,10.3333,1999-02-22,0.279999993741512,2.2399999499321,1.25999997183681,1999,2,1999
51.8667,10.3333,1999-02-23,-1.8399999588728,1.25999997183681,-0.289999993517995,1999,2,1999
51.8667,10.3333,1999-02-24,-3.0999999307096,-0.239999994635582,-1.66999996267259,1999,2,1999
51.8667,10.3333,1999-02-25,-3.3899999242276,0.289999993517995,-1.5499999653548,1999,2,1999
51.8667,10.3333,1999-02-26,-4.20999990589917,0.939999978989363,-1.6349999634549,1999,2,1999
51.8667,10.3333,1999-02-27,-0.919999979436398,5.2799998819828,2.1799999512732,1999,2,1999
51.8667,10.3333,1999-02-28,1.43999996781349,8.47999981045723,4.95999988913536,1999,2,1999
51.8667,10.3333,1999-03-01,2.1799999512732,6.67999985069036,4.42999990098178,1999,3,1999
51.8667,10.3333,1999-03-02,2.52999994345009,7.31999983638525,4.92499988991767,1999,3,1999
51.8667,10.3333,1999-03-03,2.42999994568527,8.50999980978668,5.46999987773597,1999,3,1999
51.8667,10.3333,1999-03-04,5.14999988488853,8.93999980017543,7.04499984253198,1999,3,1999
51.8667,10.3333,1999-03-05,3.94999991171062,7.2899998370558,5.61999987438321,1999,3,1999
51.8667,10.3333,1999-03-06,2.2399999499321,5.42999987863004,3.83499991428107,1999,3,1999
51.8667,10.3333,1999-03-07,0.569999987259507,3.94999991171062,2.25999994948506,1999,3,1999
51.8667,10.3333,1999-03-08,-1.58999996446073,2.6399999409914,0.524999988265336,1999,3,1999
51.8667,10.3333,1999-03-09,-1.97999995574355,5.30999988131225,1.66499996278435,1999,3,1999
51.8667,10.3333,1999-03-10,0.259999994188547,3.69999991729856,1.97999995574355,1999,3,1999
51.8667,10.3333,1999-03-11,1.05999997630715,4.53999989852309,2.79999993741512,1999,3,1999
51.8667,10.3333,1999-03-12,-1.7799999602139,2.64999994076788,0.434999990276992,1999,3,1999
51.8667,10.3333,1999-03-13,-4.30999990366399,9.15999979525805,2.42499994579703,1999,3,1999
51.8667,10.3333,1999-03-14,0.259999994188547,12.6999997161329,6.47999985516071,1999,3,1999
51.8667,10.3333,1999-03-15,1.97999995574355,9.80999978072941,5.89499986823648,1999,3,1999
51.8667,10.3333,1999-03-16,0.119999997317791,7.41999983415008,3.76999991573393,1999,3,1999
51.8667,10.3333,1999-03-17,-0.989999977871776,2.06999995373189,0.539999987930059,1999,3,1999
51.8667,10.3333,1999-03-18,-3.76999991573393,7.53999983146787,1.88499995786697,1999,3,1999
51.8667,10.3333,1999-03-19,-2.80999993719161,9.53999978676438,3.36499992478639,1999,3,1999
51.8667,10.3333,1999-03-20,0.57999998703599,5.78999987058342,3.1849999288097,1999,3,1999
51.8667,10.3333,1999-03-21,0.109999997541308,3.63999991863966,1.87499995809048,1999,3,1999
51.8667,10.3333,1999-03-22,1.68999996222556,4.29999990388751,2.99499993305653,1999,3,1999
51.8667,10.3333,1999-03-23,0.749999983236194,5.59999987483025,3.17499992903322,1999,3,1999
51.8667,10.3333,1999-03-24,-0.709999984130263,5.49999987706542,2.39499994646758,1999,3,1999
51.8667,10.3333,1999-03-25,0.299999993294477,8.53999980911613,4.4199999012053,1999,3,1999
51.8667,10.3333,1999-03-26,1.63999996334314,16.3299996349961,8.9849997991696,1999,3,1999
51.8667,10.3333,1999-03-27,5.71999987214804,13.1699997056276,9.4449997888878,1999,3,1999
51.8667,10.3333,1999-03-28,4.08999990858138,9.68999978341162,6.8899998459965,1999,3,1999
51.8667,10.3333,1999-03-29,0.749999983236194,4.78999989293516,2.76999993808568,1999,3,1999
51.8667,10.3333,1999-03-30,-0.989999977871776,9.91999977827072,4.46499990019947,1999,3,1999
51.8667,10.3333,1999-03-31,2.2399999499321,14.7899996694177,8.51499980967492,1999,3,1999
51.8667,10.3333,1999-04-01,3.08999993093312,15.9299996439368,9.50999978743494,1999,4,1999
51.8667,10.3333,1999-04-02,4.22999990545213,15.7599996477365,9.99499977659434,1999,4,1999
51.8667,10.3333,1999-04-03,3.75999991595745,16.5899996291846,10.174999772571,1999,4,1999
51.8667,10.3333,1999-04-04,6.07999986410141,17.9599995985627,12.0199997313321,1999,4,1999
51.8667,10.3333,1999-04-05,7.3499998357147,11.6899997387081,9.51999978721142,1999,4,1999
51.8667,10.3333,1999-04-06,6.27999985963106,14.7299996707588,10.504999765195,1999,4,1999
51.8667,10.3333,1999-04-07,9.56999978609383,15.7299996484071,12.6499997172505,1999,4,1999
51.8667,10.3333,1999-04-08,5.47999987751245,10.069999774918,7.77499982621521,1999,4,1999
51.8667,10.3333,1999-04-09,4.71999989449978,7.66999982856214,6.19499986153096,1999,4,1999
51.8667,10.3333,1999-04-10,3.44999992288649,13.8699996899813,8.65999980643392,1999,4,1999
51.8667,10.3333,1999-04-11,8.41999981179833,15.4099996555597,11.914999733679,1999,4,1999
51.8667,10.3333,1999-04-12,4.72999989427626,11.2199997492135,7.97499982174486,1999,4,1999
51.8667,10.3333,1999-04-13,3.24999992735684,6.6599998511374,4.95499988924712,1999,4,1999
51.8667,10.3333,1999-04-14,1.52999996580184,6.64999985136092,4.08999990858138,1999,4,1999
51.8667,10.3333,1999-04-15,-0.599999986588955,4.75999989360571,2.07999995350838,1999,4,1999
51.8667,10.3333,1999-04-16,-0.589999986812472,4.60999989695847,2.009999955073,1999,4,1999
51.8667,10.3333,1999-04-17,0.339999992400408,8.54999980889261,4.44499990064651,1999,4,1999
51.8667,10.3333,1999-04-18,1.27999997138977,6.26999985985458,3.77499991562217,1999,4,1999
51.8667,10.3333,1999-04-19,0.869999980553985,7.12999984063208,3.99999991059303,1999,4,1999
51.8667,10.3333,1999-04-20,-0.809999981895089,8.44999981112778,3.81999991461635,1999,4,1999
51.8667,10.3333,1999-04-21,-2.11999995261431,10.5799997635186,4.22999990545213,1999,4,1999
51.8667,10.3333,1999-04-22,2.81999993696809,10.8499997574836,6.83499984722584,1999,4,1999
51.8667,10.3333,1999-04-23,5.7999998703599,12.8399997130036,9.31999979168177,1999,4,1999
51.8667,10.3333,1999-04-24,4.4799998998642,15.7099996488541,10.0949997743592,1999,4,1999
51.8667,10.3333,1999-04-25,4.57999989762902,15.5799996517599,10.0799997746944,1999,4,1999
51.8667,10.3333,1999-04-26,4.80999989248812,15.9299996439368,10.3699997682124,1999,4,1999
51.8667,10.3333,1999-04-27,5.07999988645315,15.0299996640533,10.0549997752532,1999,4,1999
51.8667,10.3333,1999-04-28,7.54999983124435,12.1399997286499,9.8449997799471,1999,4,1999
51.8667,10.3333,1999-04-29,6.91999984532595,14.4799996763468,10.6999997608364,1999,4,1999
51.8667,10.3333,1999-04-30,5.06999988667667,14.2499996814877,9.65999978408217,1999,4,1999
51.8667,10.3333,1999-05-01,2.49999994412065,18.3399995900691,10.4199997670949,1999,5,NA
51.8667,10.3333,1999-05-02,4.59999989718199,18.4099995885044,11.5049997428432,1999,5,NA
51.8667,10.3333,1999-05-03,3.50999992154539,14.1099996846169,8.80999980308115,1999,5,NA
51.8667,10.3333,1999-05-04,4.25999990478158,16.8599996231496,10.5599997639656,1999,5,NA
51.8667,10.3333,1999-05-05,3.80999991483986,13.9499996881932,8.87999980151653,1999,5,NA
51.8667,10.3333,1999-05-06,6.04999986477196,15.3999996557832,10.7249997602776,1999,5,NA
51.8667,10.3333,1999-05-07,6.45999985560775,12.2199997268617,9.33999979123473,1999,5,NA
51.8667,10.3333,1999-05-08,8.05999981984496,16.389999633655,12.22499972675,1999,5,NA
51.8667,10.3333,1999-05-09,8.41999981179833,15.1399996615946,11.7799997366965,1999,5,NA
51.8667,10.3333,1999-05-10,7.87999982386827,17.9899995978922,12.9349997108802,1999,5,NA
51.8667,10.3333,1999-05-11,8.07999981939793,20.09999955073,14.089999685064,1999,5,NA
51.8667,10.3333,1999-05-12,8.61999980732799,16.4599996320903,12.5399997197092,1999,5,NA
51.8667,10.3333,1999-05-13,8.55999980866909,13.9599996879697,11.2599997483194,1999,5,NA
51.8667,10.3333,1999-05-14,7.60999982990324,15.0099996645004,11.3099997472018,1999,5,NA
51.8667,10.3333,1999-05-15,6.98999984376132,15.2999996580184,11.1449997508898,1999,5,NA
51.8667,10.3333,1999-05-16,4.11999990791082,9.67999978363514,6.89999984577298,1999,5,NA
51.8667,10.3333,1999-05-17,4.40999990142882,11.0899997521192,7.749999826774,1999,5,NA
51.8667,10.3333,1999-05-18,4.49999989941716,13.5299996975809,9.01499979849905,1999,5,NA
51.8667,10.3333,1999-05-19,5.75999987125397,16.6199996285141,11.189999749884,1999,5,NA
51.8667,10.3333,1999-05-20,7.44999983347952,19.4099995661527,13.4299996998161,1999,5,NA
51.8667,10.3333,1999-05-21,10.9299997556955,19.6299995612353,15.2799996584654,1999,5,NA
51.8667,10.3333,1999-05-22,11.1499997507781,18.7499995809048,14.9499996658415,1999,5,NA
51.8667,10.3333,1999-05-23,7.71999982744455,14.3899996783584,11.0549997529015,1999,5,NA
51.8667,10.3333,1999-05-24,3.50999992154539,17.1899996157736,10.3499997686595,1999,5,NA
51.8667,10.3333,1999-05-25,8.8399998024106,18.8099995795637,13.8249996909872,1999,5,NA
51.8667,10.3333,1999-05-26,9.46999978832901,17.4499996099621,13.4599996991456,1999,5,NA
51.8667,10.3333,1999-05-27,5.13999988511205,19.8199995569885,12.4799997210503,1999,5,NA
51.8667,10.3333,1999-05-28,8.84999980218709,24.4599994532764,16.6549996277317,1999,5,NA
51.8667,10.3333,1999-05-29,11.0499997530133,26.8199994005263,18.9349995767698,1999,5,NA
51.8667,10.3333,1999-05-30,12.1399997286499,24.3799994550645,18.2599995918572,1999,5,NA
51.8667,10.3333,1999-05-31,13.6799996942282,25.9499994199723,19.8149995571002,1999,5,NA
51.8667,10.3333,1999-06-01,9.90999977849424,16.2599996365607,13.0849997075275,1999,6,NA
51.8667,10.3333,1999-06-02,6.1999998614192,20.6499995384365,13.4249996999279,1999,6,NA
51.8667,10.3333,1999-06-03,11.4299997445196,26.1599994152784,18.794999579899,1999,6,NA
51.8667,10.3333,1999-06-04,12.3899997230619,19.809999557212,16.099999640137,1999,6,NA
51.8667,10.3333,1999-06-05,11.2699997480959,16.5099996309727,13.8899996895343,1999,6,NA
51.8667,10.3333,1999-06-06,9.13999979570508,15.7999996468425,12.4699997212738,1999,6,NA
51.8667,10.3333,1999-06-07,8.65999980643392,14.3699996788055,11.5149997426197,1999,6,NA
51.8667,10.3333,1999-06-08,7.42999983392656,19.3299995679408,13.3799997009337,1999,6,NA
51.8667,10.3333,1999-06-09,8.41999981179833,14.8699996676296,11.644999739714,1999,6,NA
51.8667,10.3333,1999-06-10,5.93999986723065,16.1799996383488,11.0599997527897,1999,6,NA
51.8667,10.3333,1999-06-11,6.55999985337257,17.9499995987862,12.2549997260794,1999,6,NA
51.8667,10.3333,1999-06-12,9.07999979704618,15.3099996577948,12.1949997274205,1999,6,NA
51.8667,10.3333,1999-06-13,6.26999985985458,16.639999628067,11.4549997439608,1999,6,NA
51.8667,10.3333,1999-06-14,7.08999984152615,19.2799995690584,13.1849997052923,1999,6,NA
51.8667,10.3333,1999-06-15,8.29999981448054,19.4199995659292,13.8599996902049,1999,6,NA
51.8667,10.3333,1999-06-16,8.45999981090426,20.7599995359778,14.6099996734411,1999,6,NA
51.8667,10.3333,1999-06-17,9.32999979145825,20.2699995469302,14.7999996691942,1999,6,NA
51.8667,10.3333,1999-06-18,11.169999750331,22.6399994939566,16.9049996221438,1999,6,NA
51.8667,10.3333,1999-06-19,8.53999980911613,14.5699996743351,11.5549997417256,1999,6,NA
51.8667,10.3333,1999-06-20,8.4399998113513,17.799999602139,13.1199997067451,1999,6,NA
51.8667,10.3333,1999-06-21,10.2999997697771,20.7299995366484,15.5149996532127,1999,6,NA
51.8667,10.3333,1999-06-22,7.76999982632697,14.5099996756762,11.1399997510016,1999,6,NA
51.8667,10.3333,1999-06-23,4.91999989002943,13.5399996973574,9.22999979369342,1999,6,NA
51.8667,10.3333,1999-06-24,5.05999988690019,14.5199996754527,9.78999978117645,1999,6,NA
51.8667,10.3333,1999-06-25,7.06999984197319,15.6499996501952,11.3599997460842,1999,6,NA
51.8667,10.3333,1999-06-26,5.51999987661839,15.789999647066,10.6549997618422,1999,6,NA
51.8667,10.3333,1999-06-27,6.64999985136092,19.9899995531887,13.3199997022748,1999,6,NA
51.8667,10.3333,1999-06-28,11.3899997454137,22.4199994988739,16.9049996221438,1999,6,NA
51.8667,10.3333,1999-06-29,10.4099997673184,18.1499995943159,14.2799996808171,1999,6,NA
51.8667,10.3333,1999-06-30,8.22999981604517,20.3799995444715,14.3049996802583,1999,6,NA
51.8667,10.3333,1999-07-01,14.2899996805936,22.129999505356,18.2099995929748,1999,7,NA
51.8667,10.3333,1999-07-02,10.7799997590482,19.539999563247,15.1599996611476,1999,7,NA
51.8667,10.3333,1999-07-03,12.6099997181445,20.7399995364249,16.6749996272847,1999,7,NA
51.8667,10.3333,1999-07-04,11.8599997349083,28.2699993681163,20.0649995515123,1999,7,NA
51.8667,10.3333,1999-07-05,15.809999646619,25.0899994391948,20.4499995429069,1999,7,NA
51.8667,10.3333,1999-07-06,17.2299996148795,28.8099993560463,23.0199994854629,1999,7,NA
51.8667,10.3333,1999-07-07,14.1799996830523,19.1399995721877,16.65999962762,1999,7,NA
51.8667,10.3333,1999-07-08,12.9899997096509,17.1399996168911,15.064999663271,1999,7,NA
51.8667,10.3333,1999-07-09,10.9699997548014,19.809999557212,15.3899996560067,1999,7,NA
51.8667,10.3333,1999-07-10,10.0999997742474,21.7699995134026,15.934999643825,1999,7,NA
51.8667,10.3333,1999-07-11,12.6999997161329,24.1699994597584,18.4349995879456,1999,7,NA
51.8667,10.3333,1999-07-12,13.7399996928871,24.3399994559586,19.0399995744228,1999,7,NA
51.8667,10.3333,1999-07-13,15.9999996423721,24.8399994447827,20.4199995435774,1999,7,NA
51.8667,10.3333,1999-07-14,14.3099996801466,24.6299994494766,19.4699995648116,1999,7,NA
51.8667,10.3333,1999-07-15,12.5499997194856,19.1399995721877,15.8449996458367,1999,7,NA
51.8667,10.3333,1999-07-16,10.4599997662008,16.7099996265024,13.5849996963516,1999,7,NA
51.8667,10.3333,1999-07-17,8.52999980933964,19.2599995695055,13.8949996894225,1999,7,NA
51.8667,10.3333,1999-07-18,10.1999997720122,23.519999474287,16.8599996231496,1999,7,NA
51.8667,10.3333,1999-07-19,13.0099997092038,27.3999993875623,20.2049995483831,1999,7,NA
51.8667,10.3333,1999-07-20,14.5699996743351,29.0499993506819,21.8099995125085,1999,7,NA
51.8667,10.3333,1999-07-21,15.3999996557832,24.8699994441122,20.1349995499477,1999,7,NA
51.8667,10.3333,1999-07-22,14.5899996738881,20.9099995326251,17.7499996032566,1999,7,NA
51.8667,10.3333,1999-07-23,10.4199997670949,17.6399996057153,14.0299996864051,1999,7,NA
51.8667,10.3333,1999-07-24,11.0199997536838,14.0199996866286,12.5199997201562,1999,7,NA
51.8667,10.3333,1999-07-25,10.2999997697771,19.5699995625764,14.9349996661767,1999,7,NA
51.8667,10.3333,1999-07-26,13.9199996888638,24.1799994595349,19.0499995741993,1999,7,NA
51.8667,10.3333,1999-07-27,13.0799997076392,18.64999958314,15.8649996453896,1999,7,NA
51.8667,10.3333,1999-07-28,10.7599997594953,19.9499995540828,15.354999656789,1999,7,NA
51.8667,10.3333,1999-07-29,8.40999981202185,22.08999950625,15.2499996591359,1999,7,NA
51.8667,10.3333,1999-07-30,10.3899997677654,23.7099994700402,17.0499996189028,1999,7,NA
51.8667,10.3333,1999-07-31,11.2299997489899,24.6699994485825,17.9499995987862,1999,7,NA
51.8667,10.3333,1999-08-01,11.5999997407198,24.9099994432181,18.254999591969,1999,8,NA
51.8667,10.3333,1999-08-02,12.6799997165799,26.4599994085729,19.5699995625764,1999,8,NA
51.8667,10.3333,1999-08-03,11.9099997337908,26.5399994067848,19.2249995702878,1999,8,NA
51.8667,10.3333,1999-08-04,11.9599997326732,26.709999402985,19.3349995678291,1999,8,NA
51.8667,10.3333,1999-08-05,12.8199997134507,27.6199993826449,20.2199995480478,1999,8,NA
51.8667,10.3333,1999-08-06,14.5499996747822,22.2499995026737,18.399999588728,1999,8,NA
51.8667,10.3333,1999-08-07,15.0399996638298,25.0599994398654,20.0499995518476,1999,8,NA
51.8667,10.3333,1999-08-08,12.4299997221678,19.7199995592237,16.0749996406958,1999,8,NA
51.8667,10.3333,1999-08-09,12.5299997199327,22.8299994897097,17.6799996048212,1999,8,NA
51.8667,10.3333,1999-08-10,13.5599996969104,24.1599994599819,18.8599995784461,1999,8,NA
51.8667,10.3333,1999-08-11,12.3599997237325,21.839999511838,17.0999996177852,1999,8,NA
51.8667,10.3333,1999-08-12,11.4099997449666,17.0399996191263,14.2249996820465,1999,8,NA
51.8667,10.3333,1999-08-13,10.2499997708946,15.8499996457249,13.0499997083098,1999,8,NA
51.8667,10.3333,1999-08-14,8.21999981626868,17.4999996088445,12.8599997125566,1999,8,NA
51.8667,10.3333,1999-08-15,8.52999980933964,16.7699996251613,12.6499997172505,1999,8,NA
51.8667,10.3333,1999-08-16,10.7099997606128,17.3199996128678,14.0149996867403,1999,8,NA
51.8667,10.3333,1999-08-17,10.1999997720122,18.959999576211,14.5799996741116,1999,8,NA
51.8667,10.3333,1999-08-18,9.62999978475273,16.4499996323138,13.0399997085333,1999,8,NA
51.8667,10.3333,1999-08-19,7.35999983549118,18.2999995909631,12.8299997132272,1999,8,NA
51.8667,10.3333,1999-08-20,10.2099997717887,16.9399996213615,13.5749996965751,1999,8,NA
51.8667,10.3333,1999-08-21,11.0899997521192,15.2399996593595,13.1649997057393,1999,8,NA
51.8667,10.3333,1999-08-22,9.94999977760017,14.0999996848404,12.0249997312203,1999,8,NA
51.8667,10.3333,1999-08-23,6.97999984398484,13.7299996931106,10.3549997685477,1999,8,NA
51.8667,10.3333,1999-08-24,7.64999982900918,17.3999996110797,12.5249997200444,1999,8,NA
51.8667,10.3333,1999-08-25,6.26999985985458,21.3999995216727,13.8349996907637,1999,8,NA
51.8667,10.3333,1999-08-26,10.1599997729063,24.3799994550645,17.2699996139854,1999,8,NA
51.8667,10.3333,1999-08-27,14.2499996814877,21.0599995292723,17.65499960538,1999,8,NA
51.8667,10.3333,1999-08-28,13.9399996884167,21.8999995104969,17.9199995994568,1999,8,NA
51.8667,10.3333,1999-08-29,11.6099997404963,16.3399996347725,13.9749996876344,1999,8,NA
51.8667,10.3333,1999-08-30,8.65999980643392,19.1899995710701,13.924999688752,1999,8,NA
51.8667,10.3333,1999-08-31,8.86999980174005,19.9999995529652,14.4349996773526,1999,8,NA
51.8667,10.3333,1999-09-01,10.6399997621775,17.0299996193498,13.8349996907637,1999,9,NA
51.8667,10.3333,1999-09-02,9.44999978877604,16.3599996343255,12.9049997115508,1999,9,NA
51.8667,10.3333,1999-09-03,6.34999985806644,18.9799995757639,12.6649997169152,1999,9,NA
51.8667,10.3333,1999-09-04,8.31999981403351,21.5699995178729,14.9449996659532,1999,9,NA
51.8667,10.3333,1999-09-05,11.9299997333437,23.5699994731694,17.7499996032566,1999,9,NA
51.8667,10.3333,1999-09-06,10.2599997706711,23.2799994796515,16.7699996251613,1999,9,NA
51.8667,10.3333,1999-09-07,9.96999977715313,22.8299994897097,16.3999996334314,1999,9,NA
51.8667,10.3333,1999-09-08,13.5199996978045,20.2799995467067,16.8999996222556,1999,9,NA
51.8667,10.3333,1999-09-09,11.8299997355789,22.689999492839,17.2599996142089,1999,9,NA
51.8667,10.3333,1999-09-10,12.9499997105449,25.7999994233251,19.374999566935,1999,9,NA
51.8667,10.3333,1999-09-11,13.489999698475,24.3999994546175,18.9449995765463,1999,9,NA
51.8667,10.3333,1999-09-12,13.0899997074157,25.6399994269013,19.3649995671585,1999,9,NA
51.8667,10.3333,1999-09-13,12.2599997259676,26.6199994049966,19.4399995654821,1999,9,NA
51.8667,10.3333,1999-09-14,12.1899997275323,26.4599994085729,19.3249995680526,1999,9,NA
51.8667,10.3333,1999-09-15,12.7699997145683,27.6099993828684,20.1899995487183,1999,9,NA
51.8667,10.3333,1999-09-16,12.4099997226149,26.2599994130433,19.3349995678291,1999,9,NA
51.8667,10.3333,1999-09-17,9.57999978587031,18.4299995880574,14.0049996869639,1999,9,NA
51.8667,10.3333,1999-09-18,7.14999984018505,19.1099995728582,13.1299997065216,1999,9,NA
51.8667,10.3333,1999-09-19,10.6399997621775,16.7699996251613,13.7049996936694,1999,9,NA
51.8667,10.3333,1999-09-20,10.069999774918,22.5799994952977,16.3249996351078,1999,9,NA
51.8667,10.3333,1999-09-21,13.3999997004867,22.689999492839,18.0449995966628,1999,9,NA
51.8667,10.3333,1999-09-22,11.0399997532368,19.0199995748699,15.0299996640533,1999,9,NA
51.8667,10.3333,1999-09-23,10.6999997608364,17.2099996153265,13.9549996880814,1999,9,NA
51.8667,10.3333,1999-09-24,13.6099996957928,18.7699995804578,16.1899996381253,1999,9,NA
51.8667,10.3333,1999-09-25,12.9399997107685,19.3799995668232,16.1599996387959,1999,9,NA
51.8667,10.3333,1999-09-26,12.329999724403,18.5499995853752,15.4399996548891,1999,9,NA
51.8667,10.3333,1999-09-27,10.31999976933,15.2899996582419,12.8049997137859,1999,9,NA
51.8667,10.3333,1999-09-28,9.78999978117645,15.4599996544421,12.6249997178093,1999,9,NA
51.8667,10.3333,1999-09-29,11.3299997467548,16.1399996392429,13.7349996929988,1999,9,NA
51.8667,10.3333,1999-09-30,9.63999978452921,14.339999679476,11.9899997320026,1999,9,NA
51.8667,10.3333,1999-10-01,11.169999750331,13.8499996904284,12.5099997203797,1999,10,2000
51.8667,10.3333,1999-10-02,8.41999981179833,12.0999997295439,10.2599997706711,1999,10,2000
51.8667,10.3333,1999-10-03,9.38999979011714,14.5499996747822,11.9699997324497,1999,10,2000
51.8667,10.3333,1999-10-04,7.07999984174967,11.9899997320026,9.53499978687614,1999,10,2000
51.8667,10.3333,1999-10-05,6.31999985873699,9.86999977938831,8.09499981906265,1999,10,2000
51.8667,10.3333,1999-10-06,6.04999986477196,10.6599997617304,8.3549998132512,1999,10,2000
51.8667,10.3333,1999-10-07,5.59999987483025,9.38999979011714,7.4949998324737,1999,10,2000
51.8667,10.3333,1999-10-08,5.16999988444149,9.42999978922307,7.29999983683228,1999,10,2000
51.8667,10.3333,1999-10-09,5.94999986700714,9.99999977648258,7.97499982174486,1999,10,2000
51.8667,10.3333,1999-10-10,9.03999979794025,11.4899997431785,10.2649997705594,1999,10,2000
51.8667,10.3333,1999-10-11,9.42999978922307,12.5499997194856,10.9899997543544,1999,10,2000
51.8667,10.3333,1999-10-12,8.06999981962144,12.5599997192621,10.3149997694418,1999,10,2000
51.8667,10.3333,1999-10-13,4.27999990433455,11.1299997512251,7.70499982777983,1999,10,2000
51.8667,10.3333,1999-10-14,2.44999994523823,10.9099997561425,6.67999985069036,1999,10,2000
51.8667,10.3333,1999-10-15,3.35999992489815,9.55999978631735,6.45999985560775,1999,10,2000
51.8667,10.3333,1999-10-16,3.39999992400408,10.8199997581542,7.10999984107912,1999,10,2000
51.8667,10.3333,1999-10-17,-0.739999983459711,8.52999980933964,3.89499991293997,1999,10,2000
51.8667,10.3333,1999-10-18,-1.91999995708466,5.94999986700714,2.01499995496124,1999,10,2000
51.8667,10.3333,1999-10-19,-1.0899999756366,5.89999986812472,2.40499994624406,1999,10,2000
51.8667,10.3333,1999-10-20,-1.86999995820224,5.77999987080693,1.95499995630234,1999,10,2000
51.8667,10.3333,1999-10-21,-1.64999996311963,4.85999989137053,1.60499996412545,1999,10,2000
51.8667,10.3333,1999-10-22,-2.13999995216727,5.19999988377094,1.52999996580184,1999,10,2000
51.8667,10.3333,1999-10-23,1.25999997183681,13.5799996964633,7.41999983415008,1999,10,2000
51.8667,10.3333,1999-10-24,6.10999986343086,12.8799997121096,9.49499978777021,1999,10,2000
51.8667,10.3333,1999-10-25,6.86999984644353,14.8199996687472,10.8449997575954,1999,10,2000
51.8667,10.3333,1999-10-26,8.08999981917441,11.6899997387081,9.88999977894127,1999,10,2000
51.8667,10.3333,1999-10-27,8.93999980017543,11.7999997362494,10.3699997682124,1999,10,2000
51.8667,10.3333,1999-10-28,8.51999980956316,11.3299997467548,9.92499977815896,1999,10,2000
51.8667,10.3333,1999-10-29,5.32999988086522,11.4499997440726,8.38999981246889,1999,10,2000
51.8667,10.3333,1999-10-30,6.40999985672534,12.6899997163564,9.54999978654087,1999,10,2000
51.8667,10.3333,1999-10-31,4.97999988868833,15.6899996493012,10.3349997689947,1999,10,2000
51.8667,10.3333,1999-11-01,7.08999984152615,14.359999679029,10.7249997602776,1999,11,2000
51.8667,10.3333,1999-11-02,3.84999991394579,12.8299997132272,8.33999981358647,1999,11,2000
51.8667,10.3333,1999-11-03,8.2099998164922,13.5799996964633,10.8949997564778,1999,11,2000
51.8667,10.3333,1999-11-04,1.9499999564141,9.20999979414046,5.57999987527728,1999,11,2000
51.8667,10.3333,1999-11-05,-0.589999986812472,8.71999980509281,4.06499990914017,1999,11,2000
51.8667,10.3333,1999-11-06,-0.279999993741512,8.25999981537461,3.98999991081655,1999,11,2000
51.8667,10.3333,1999-11-07,4.4799998998642,10.6799997612834,7.5799998305738,1999,11,2000
51.8667,10.3333,1999-11-08,3.86999991349876,6.76999984867871,5.31999988108873,1999,11,2000
51.8667,10.3333,1999-11-09,4.56999989785254,6.15999986231327,5.36499988008291,1999,11,2000
51.8667,10.3333,1999-11-10,3.3899999242276,5.29999988153577,4.34499990288168,1999,11,2000
51.8667,10.3333,1999-11-11,3.48999992199242,5.16999988444149,4.32999990321696,1999,11,2000
51.8667,10.3333,1999-11-12,0.539999987930059,4.11999990791082,2.32999994792044,1999,11,2000
51.8667,10.3333,1999-11-13,-3.13999992981553,3.7899999152869,0.324999992735684,1999,11,2000
51.8667,10.3333,1999-11-14,-2.56999994255602,3.34999992512167,0.389999991282821,1999,11,2000
51.8667,10.3333,1999-11-15,-1.81999995931983,5.44999987818301,1.81499995943159,1999,11,2000
51.8667,10.3333,1999-11-16,-5.76999987103045,1.1499999742955,-2.30999994836748,1999,11,2000
51.8667,10.3333,1999-11-17,-7.21999983862042,0.389999991282821,-3.4149999236688,1999,11,2000
51.8667,10.3333,1999-11-18,-4.9399998895824,0.359999991953373,-2.28999994881451,1999,11,2000
51.8667,10.3333,1999-11-19,-1.74999996088445,0.239999994635582,-0.754999983124435,1999,11,2000
51.8667,10.3333,1999-11-20,-2.88999993540347,-1.01999997720122,-1.95499995630234,1999,11,2000
51.8667,10.3333,1999-11-21,-3.87999991327524,-1.39999996870756,-2.6399999409914,1999,11,2000
51.8667,10.3333,1999-11-22,-6.03999986499548,-1.42999996803701,-3.73499991651624,1999,11,2000
51.8667,10.3333,1999-11-23,-4.29999990388751,-1.30999997071922,-2.80499993730336,1999,11,2000
51.8667,10.3333,1999-11-24,-1.38999996893108,1.99999995529652,0.304999993182719,1999,11,2000
51.8667,10.3333,1999-11-25,1.0899999756366,3.9599999114871,2.52499994356185,1999,11,2000
51.8667,10.3333,1999-11-26,2.6999999396503,5.62999987415969,4.164999906905,1999,11,2000
51.8667,10.3333,1999-11-27,3.29999992623925,5.81999986991286,4.55999989807606,1999,11,2000
51.8667,10.3333,1999-11-28,1.44999996758997,4.79999989271164,3.12499993015081,1999,11,2000
51.8667,10.3333,1999-11-29,2.81999993696809,7.16999983973801,4.99499988835305,1999,11,2000
51.8667,10.3333,1999-11-30,3.50999992154539,7.26999983750284,5.38999987952411,1999,11,2000
51.8667,10.3333,1999-12-01,3.46999992243946,6.01999986544251,4.74499989394099,1999,12,2000
51.8667,10.3333,1999-12-02,4.08999990858138,7.16999983973801,5.62999987415969,1999,12,2000
51.8667,10.3333,1999-12-03,1.28999997116625,4.2499999050051,2.76999993808568,1999,12,2000
51.8667,10.3333,1999-12-04,1.15999997407198,5.13999988511205,3.14999992959201,1999,12,2000
51.8667,10.3333,1999-12-05,-0.669999985024333,3.35999992489815,1.34499996993691,1999,12,2000
51.8667,10.3333,1999-12-06,-1.81999995931983,0.559999987483025,-0.629999985918403,1999,12,2000
51.8667,10.3333,1999-12-07,-2.9299999345094,2.94999993406236,0.00999999977648258,1999,12,2000
51.8667,10.3333,1999-12-08,3.08999993093312,4.75999989360571,3.92499991226941,1999,12,2000
51.8667,10.3333,1999-12-09,1.34999996982515,5.05999988690019,3.20499992836267,1999,12,2000
51.8667,10.3333,1999-12-10,3.93999991193414,7.08999984152615,5.51499987673014,1999,12,2000
51.8667,10.3333,1999-12-11,2.74999993853271,4.50999989919364,3.62999991886318,1999,12,2000
51.8667,10.3333,1999-12-12,1.76999996043742,6.46999985538423,4.11999990791082,1999,12,2000
51.8667,10.3333,1999-12-13,3.5599999204278,8.12999981828034,5.84499986935407,1999,12,2000
51.8667,10.3333,1999-12-14,0,3.93999991193414,1.96999995596707,1999,12,2000
51.8667,10.3333,1999-12-15,-0.989999977871776,1.56999996490777,0.289999993517995,1999,12,2000
51.8667,10.3333,1999-12-16,-4.57999989762902,-0.859999980777502,-2.71999993920326,1999,12,2000
51.8667,10.3333,1999-12-17,-5.34999988041818,-1.98999995552003,-3.66999991796911,1999,12,2000
51.8667,10.3333,1999-12-18,-3.28999992646277,0.289999993517995,-1.49999996647239,1999,12,2000
51.8667,10.3333,1999-12-19,-1.97999995574355,1.01999997720122,-0.479999989271164,1999,12,2000
51.8667,10.3333,1999-12-20,-3.3899999242276,-1.66999996267259,-2.52999994345009,1999,12,2000
51.8667,10.3333,1999-12-21,-3.10999993048608,-0.279999993741512,-1.6949999621138,1999,12,2000
51.8667,10.3333,1999-12-22,-4.07999990880489,-0.0399999991059303,-2.05999995395541,1999,12,2000
51.8667,10.3333,1999-12-23,-6.51999985426664,-1.51999996602535,-4.019999910146,1999,12,2000
51.8667,10.3333,1999-12-24,-3.30999992601573,0.999999977648258,-1.15499997418374,1999,12,2000
51.8667,10.3333,1999-12-25,-2.25999994948506,4.06999990902841,0.904999979771674,1999,12,2000
51.8667,10.3333,1999-12-26,1.09999997541308,5.2799998819828,3.18999992869794,1999,12,2000
51.8667,10.3333,1999-12-27,-0.779999982565641,2.12999995239079,0.674999984912574,1999,12,2000
51.8667,10.3333,1999-12-28,-0.92999997921288,1.19999997317791,0.134999996982515,1999,12,2000
51.8667,10.3333,1999-12-29,-2.85999993607402,0.219999995082617,-1.3199999704957,1999,12,2000
51.8667,10.3333,1999-12-30,-0.879999980330467,0.359999991953373,-0.259999994188547,1999,12,2000
51.8667,10.3333,1999-12-31,-2.59999994188547,0.339999992400408,-1.12999997474253,1999,12,2000
51.8667,10.3333,2000-01-01,-1.3199999704957,0.65999998524785,-0.329999992623925,2000,1,2000
51.8667,10.3333,2000-01-02,-1.32999997027218,2.35999994724989,0.514999988488853,2000,1,2000
51.8667,10.3333,2000-01-03,-0.129999997094274,3.07999993115664,1.47499996703118,2000,1,2000
51.8667,10.3333,2000-01-04,1.82999995909631,3.92999991215765,2.87999993562698,2000,1,2000
51.8667,10.3333,2000-01-05,2.19999995082617,4.51999989897013,3.35999992489815,2000,1,2000
51.8667,10.3333,2000-01-06,-0.679999984800816,4.73999989405274,2.02999995462596,2000,1,2000
51.8667,10.3333,2000-01-07,-0.92999997921288,3.36999992467463,1.21999997273088,2000,1,2000
51.8667,10.3333,2000-01-08,1.82999995909631,4.60999989695847,3.21999992802739,2000,1,2000
51.8667,10.3333,2000-01-09,0.479999989271164,3.57999991998076,2.02999995462596,2000,1,2000
51.8667,10.3333,2000-01-10,-0.809999981895089,3.79999991506338,1.49499996658415,2000,1,2000
51.8667,10.3333,2000-01-11,-2.71999993920326,1.59999996423721,-0.559999987483025,2000,1,2000
51.8667,10.3333,2000-01-12,-4.98999988846481,1.20999997295439,-1.88999995775521,2000,1,2000
51.8667,10.3333,2000-01-13,-3.3299999255687,0.0199999995529652,-1.65499996300787,2000,1,2000
51.8667,10.3333,2000-01-14,-5.61999987438321,-1.26999997161329,-3.44499992299825,2000,1,2000
51.8667,10.3333,2000-01-15,-3.54999992065132,0.379999991506338,-1.58499996457249,2000,1,2000
51.8667,10.3333,2000-01-16,-2.54999994300306,-0.339999992400408,-1.44499996770173,2000,1,2000
51.8667,10.3333,2000-01-17,-3.66999991796911,2.28999994881451,-0.689999984577298,2000,1,2000
51.8667,10.3333,2000-01-18,2.18999995104969,4.28999990411103,3.23999992758036,2000,1,2000
51.8667,10.3333,2000-01-19,-0.96999997831881,3.96999991126359,1.49999996647239,2000,1,2000
51.8667,10.3333,2000-01-20,-3.92999991215765,0.34999999217689,-1.78999995999038,2000,1,2000
51.8667,10.3333,2000-01-21,-4.85999989137053,1.06999997608364,-1.89499995764345,2000,1,2000
51.8667,10.3333,2000-01-22,-2.91999993473291,2.03999995440245,-0.439999990165234,2000,1,2000
51.8667,10.3333,2000-01-23,-3.28999992646277,-0.219999995082617,-1.75499996077269,2000,1,2000
51.8667,10.3333,2000-01-24,-11.459999743849,-1.02999997697771,-6.24499986041337,2000,1,2000
51.8667,10.3333,2000-01-25,-11.3999997451901,-5.2799998819828,-8.33999981358647,2000,1,2000
51.8667,10.3333,2000-01-26,-12.329999724403,-3.11999993026257,-7.72499982733279,2000,1,2000
51.8667,10.3333,2000-01-27,-6.68999985046685,0.239999994635582,-3.22499992791563,2000,1,2000
51.8667,10.3333,2000-01-28,-1.38999996893108,0.289999993517995,-0.549999987706542,2000,1,2000
51.8667,10.3333,2000-01-29,-3.59999991953373,-0.879999980330467,-2.2399999499321,2000,1,2000
51.8667,10.3333,2000-01-30,-1.58999996446073,5.52999987639487,1.96999995596707,2000,1,2000
51.8667,10.3333,2000-01-31,1.6099999640137,5.01999988779426,3.31499992590398,2000,1,2000
51.8667,10.3333,2000-02-01,3.84999991394579,7.30999983660877,5.57999987527728,2000,2,2000
51.8667,10.3333,2000-02-02,4.74999989382923,6.93999984487891,5.84499986935407,2000,2,2000
51.8667,10.3333,2000-02-03,2.51999994367361,5.2799998819828,3.89999991282821,2000,2,2000
51.8667,10.3333,2000-02-04,0.469999989494681,3.08999993093312,1.7799999602139,2000,2,2000
51.8667,10.3333,2000-02-05,0.379999991506338,4.56999989785254,2.47499994467944,2000,2,2000
51.8667,10.3333,2000-02-06,4.39999990165234,9.50999978743494,6.95499984454364,2000,2,2000
51.8667,10.3333,2000-02-07,4.39999990165234,9.62999978475273,7.01499984320253,2000,2,2000
51.8667,10.3333,2000-02-08,3.60999991931021,6.76999984867871,5.18999988399446,2000,2,2000
51.8667,10.3333,2000-02-09,3.4999999217689,8.13999981805682,5.81999986991286,2000,2,2000
51.8667,10.3333,2000-02-10,-0.409999990835786,5.22999988310039,2.4099999461323,2000,2,2000
51.8667,10.3333,2000-02-11,1.53999996557832,5.88999986834824,3.71499991696328,2000,2,2000
51.8667,10.3333,2000-02-12,-0.359999991953373,4.05999990925193,1.84999995864928,2000,2,2000
51.8667,10.3333,2000-02-13,-2.60999994166195,3.44999992288649,0.419999990612268,2000,2,2000
51.8667,10.3333,2000-02-14,-0.759999983012676,2.19999995082617,0.719999983906746,2000,2,2000
51.8667,10.3333,2000-02-15,-1.28999997116625,2.55999994277954,0.634999985806644,2000,2,2000
51.8667,10.3333,2000-02-16,-0.00999999977648258,4.99999988824129,2.4949999442324,2000,2,2000
51.8667,10.3333,2000-02-17,-2.48999994434416,2.68999993987381,0.0999999977648258,2000,2,2000
51.8667,10.3333,2000-02-18,-3.37999992445111,-0.199999995529652,-1.78999995999038,2000,2,2000
51.8667,10.3333,2000-02-19,-3.83999991416931,-0.0699999984353781,-1.95499995630234,2000,2,2000
51.8667,10.3333,2000-02-20,-0.239999994635582,2.33999994769692,1.04999997653067,2000,2,2000
51.8667,10.3333,2000-02-21,-3.51999992132187,0.879999980330467,-1.3199999704957,2000,2,2000
51.8667,10.3333,2000-02-22,-6.1999998614192,-0.0599999986588955,-3.12999993003905,2000,2,2000
51.8667,10.3333,2000-02-23,-3.3299999255687,1.20999997295439,-1.05999997630715,2000,2,2000
51.8667,10.3333,2000-02-24,-1.15999997407198,3.81999991461635,1.32999997027218,2000,2,2000
51.8667,10.3333,2000-02-25,-1.1499999742955,4.6499998960644,1.74999996088445,2000,2,2000
51.8667,10.3333,2000-02-26,-1.07999997586012,2.42999994568527,0.674999984912574,2000,2,2000
51.8667,10.3333,2000-02-27,-1.34999996982515,4.22999990545213,1.43999996781349,2000,2,2000
51.8667,10.3333,2000-02-28,-3.43999992311001,6.90999984554946,1.73499996121973,2000,2,2000
51.8667,10.3333,2000-02-29,3.5599999204278,12.0199997313321,7.78999982587993,2000,2,2000
51.8667,10.3333,2000-03-01,1.5499999653548,5.99999986588955,3.77499991562217,2000,3,2000
51.8667,10.3333,2000-03-02,0.559999987483025,4.82999989204109,2.69499993976206,2000,3,2000
51.8667,10.3333,2000-03-03,-1.00999997742474,2.41999994590878,0.704999984242022,2000,3,2000
51.8667,10.3333,2000-03-04,0.219999995082617,5.28999988175929,2.75499993842095,2000,3,2000
51.8667,10.3333,2000-03-05,-3.46999992243946,1.55999996513128,-0.954999978654087,2000,3,2000
51.8667,10.3333,2000-03-06,-3.46999992243946,0.0699999984353781,-1.69999996200204,2000,3,2000
51.8667,10.3333,2000-03-07,-1.41999996826053,4.52999989874661,1.55499996524304,2000,3,2000
51.8667,10.3333,2000-03-08,3.11999993026257,6.79999984800816,4.95999988913536,2000,3,2000
51.8667,10.3333,2000-03-09,5.78999987058342,9.13999979570508,7.46499983314425,2000,3,2000
51.8667,10.3333,2000-03-10,4.36999990232289,10.0199997760355,7.19499983917922,2000,3,2000
51.8667,10.3333,2000-03-11,-0.289999993517995,4.92999988980591,2.31999994814396,2000,3,2000
51.8667,10.3333,2000-03-12,1.50999996624887,6.76999984867871,4.13999990746379,2000,3,2000
51.8667,10.3333,2000-03-13,-0.0299999993294477,4.09999990835786,2.03499995451421,2000,3,2000
51.8667,10.3333,2000-03-14,1.39999996870756,8.87999980151653,5.13999988511205,2000,3,2000
51.8667,10.3333,2000-03-15,1.3799999691546,7.58999983035028,4.48499989975244,2000,3,2000
51.8667,10.3333,2000-03-16,-1.65999996289611,2.48999994434416,0.414999990724027,2000,3,2000
51.8667,10.3333,2000-03-17,0.129999997094274,4.34999990276992,2.2399999499321,2000,3,2000
51.8667,10.3333,2000-03-18,1.07999997586012,4.90999989025295,2.99499993305653,2000,3,2000
51.8667,10.3333,2000-03-19,1.04999997653067,4.35999990254641,2.70499993953854,2000,3,2000
51.8667,10.3333,2000-03-20,-0.699999984353781,4.88999989069998,2.0949999531731,2000,3,2000
51.8667,10.3333,2000-03-21,-0.179999995976686,8.51999980956316,4.16999990679324,2000,3,2000
51.8667,10.3333,2000-03-22,0.869999980553985,10.7899997588247,5.82999986968935,2000,3,2000
51.8667,10.3333,2000-03-23,-0.139999996870756,13.5499996971339,6.70499985013157,2000,3,2000
51.8667,10.3333,2000-03-24,0.959999978542328,12.2399997264147,6.5999998524785,2000,3,2000
51.8667,10.3333,2000-03-25,3.13999992981553,8.99999979883432,6.06999986432493,2000,3,2000
51.8667,10.3333,2000-03-26,5.44999987818301,10.629999762401,8.039999820292,2000,3,2000
51.8667,10.3333,2000-03-27,1.51999996602535,7.48999983258545,4.5049998993054,2000,3,2000
51.8667,10.3333,2000-03-28,-0.859999980777502,6.31999985873699,2.72999993897974,2000,3,2000
51.8667,10.3333,2000-03-29,-1.12999997474253,2.80999993719161,0.839999981224537,2000,3,2000
51.8667,10.3333,2000-03-30,1.20999997295439,4.54999989829957,2.87999993562698,2000,3,2000
51.8667,10.3333,2000-03-31,2.56999994255602,4.79999989271164,3.68499991763383,2000,3,2000
51.8667,10.3333,2000-04-01,1.75999996066093,4.69999989494681,3.22999992780387,2000,4,2000
51.8667,10.3333,2000-04-02,2.09999995306134,7.90999982319772,5.00499988812953,2000,4,2000
51.8667,10.3333,2000-04-03,1.97999995574355,9.84999977983534,5.91499986778945,2000,4,2000
51.8667,10.3333,2000-04-04,2.36999994702637,15.7399996481836,9.05499979760498,2000,4,2000
51.8667,10.3333,2000-04-05,6.60999985225499,15.1499996613711,10.879999756813,2000,4,2000
51.8667,10.3333,2000-04-06,-0.179999995976686,8.52999980933964,4.17499990668148,2000,4,2000
51.8667,10.3333,2000-04-07,-3.65999991819263,6.97999984398484,1.65999996289611,2000,4,2000
51.8667,10.3333,2000-04-08,-0.88999998010695,8.1499998178333,3.62999991886318,2000,4,2000
51.8667,10.3333,2000-04-09,1.25999997183681,8.88999980129302,5.07499988656491,2000,4,2000
51.8667,10.3333,2000-04-10,0.799999982118607,6.44999985583127,3.62499991897494,2000,4,2000
51.8667,10.3333,2000-04-11,-1.92999995686114,8.10999981872737,3.08999993093312,2000,4,2000
51.8667,10.3333,2000-04-12,-1.44999996758997,10.9099997561425,4.72999989427626,2000,4,2000
51.8667,10.3333,2000-04-13,2.009999955073,7.46999983303249,4.73999989405274,2000,4,2000
51.8667,10.3333,2000-04-14,0.749999983236194,9.5899997856468,5.16999988444149,2000,4,2000
51.8667,10.3333,2000-04-15,2.26999994926155,6.54999985359609,4.40999990142882,2000,4,2000
51.8667,10.3333,2000-04-16,1.10999997518957,12.3999997228384,6.75499984901398,2000,4,2000
51.8667,10.3333,2000-04-17,3.77999991551042,12.3099997248501,8.04499982018024,2000,4,2000
51.8667,10.3333,2000-04-18,4.68999989517033,14.049999685958,9.36999979056418,2000,4,2000
51.8667,10.3333,2000-04-19,6.37999985739589,12.619999717921,9.49999978765845,2000,4,2000
51.8667,10.3333,2000-04-20,6.21999986097217,10.9799997545779,8.59999980777502,2000,4,2000
51.8667,10.3333,2000-04-21,4.32999990321696,18.0399995967746,11.1849997499958,2000,4,2000
51.8667,10.3333,2000-04-22,7.73999982699752,21.1599995270371,14.4499996770173,2000,4,2000
51.8667,10.3333,2000-04-23,9.28999979235232,22.7899994906038,16.0399996414781,2000,4,2000
51.8667,10.3333,2000-04-24,11.3499997463077,22.5999994948506,16.9749996205792,2000,4,2000
51.8667,10.3333,2000-04-25,6.85999984666705,14.0299996864051,10.4449997665361,2000,4,2000
51.8667,10.3333,2000-04-26,1.92999995686114,15.8599996455014,8.89499980118126,2000,4,2000
51.8667,10.3333,2000-04-27,5.71999987214804,20.3099995460361,13.0149997090921,2000,4,2000
51.8667,10.3333,2000-04-28,9.89999977871776,22.3899994995445,16.1449996391311,2000,4,2000
51.8667,10.3333,2000-04-29,11.6799997389317,20.4699995424598,16.0749996406958,2000,4,2000
51.8667,10.3333,2000-04-30,11.3799997456372,21.6399995163083,16.5099996309727,2000,4,2000
51.8667,10.3333,2000-05-01,11.9399997331202,17.1099996175617,14.524999675341,2000,5,NA
51.8667,10.3333,2000-05-02,11.4699997436255,17.1699996162206,14.3199996799231,2000,5,NA
51.8667,10.3333,2000-05-03,11.0399997532368,19.9999995529652,15.519999653101,2000,5,NA
51.8667,10.3333,2000-05-04,7.06999984197319,20.5299995411187,13.799999691546,2000,5,NA
51.8667,10.3333,2000-05-05,6.87999984622002,20.5099995415658,13.6949996938929,2000,5,NA
51.8667,10.3333,2000-05-06,6.58999985270202,21.3199995234609,13.9549996880814,2000,5,NA
51.8667,10.3333,2000-05-07,8.42999981157482,22.0199995078146,15.2249996596947,2000,5,NA
51.8667,10.3333,2000-05-08,9.14999979548156,23.4499994758517,16.2999996356666,2000,5,NA
51.8667,10.3333,2000-05-09,11.0699997525662,19.8799995556474,15.4749996541068,2000,5,NA
51.8667,10.3333,2000-05-10,11.459999743849,22.4799994975328,16.9699996206909,2000,5,NA
51.8667,10.3333,2000-05-11,9.84999977983534,23.7899994682521,16.8199996240437,2000,5,NA
51.8667,10.3333,2000-05-12,10.4799997657537,23.0599994845688,16.7699996251613,2000,5,NA
51.8667,10.3333,2000-05-13,8.8999998010695,18.5399995855987,13.7199996933341,2000,5,NA
51.8667,10.3333,2000-05-14,5.48999987728894,19.4499995652586,12.4699997212738,2000,5,NA
51.8667,10.3333,2000-05-15,6.49999985471368,23.4799994751811,14.9899996649474,2000,5,NA
51.8667,10.3333,2000-05-16,8.74999980442226,25.569999428466,17.1599996164441,2000,5,NA
51.8667,10.3333,2000-05-17,11.8499997351319,26.7499994020909,19.2999995686114,2000,5,NA
51.8667,10.3333,2000-05-18,10.5899997632951,23.8599994666874,17.2249996149912,2000,5,NA
51.8667,10.3333,2000-05-19,5.95999986678362,14.0399996861815,9.99999977648258,2000,5,NA
51.8667,10.3333,2000-05-20,4.90999989025295,12.7899997141212,8.84999980218709,2000,5,NA
51.8667,10.3333,2000-05-21,4.68999989517033,12.1999997273088,8.44499981123954,2000,5,NA
51.8667,10.3333,2000-05-22,4.54999989829957,13.1099997069687,8.82999980263412,2000,5,NA
51.8667,10.3333,2000-05-23,7.20999983884394,12.5599997192621,9.88499977905303,2000,5,NA
51.8667,10.3333,2000-05-24,6.55999985337257,15.6099996510893,11.0849997522309,2000,5,NA
51.8667,10.3333,2000-05-25,10.0099997762591,15.3799996562302,12.6949997162446,2000,5,NA
51.8667,10.3333,2000-05-26,9.20999979414046,15.9799996428192,12.5949997184798,2000,5,NA
51.8667,10.3333,2000-05-27,5.81999986991286,17.0899996180087,11.4549997439608,2000,5,NA
51.8667,10.3333,2000-05-28,7.77999982610345,16.4899996314198,12.1349997287616,2000,5,NA
51.8667,10.3333,2000-05-29,5.53999987617135,13.9599996879697,9.74999978207052,2000,5,NA
51.8667,10.3333,2000-05-30,5.01999988779426,10.7099997606128,7.86499982420355,2000,5,NA
51.8667,10.3333,2000-05-31,4.49999989941716,12.0499997306615,8.27499981503934,2000,5,NA
51.8667,10.3333,2000-06-01,4.09999990835786,14.4899996761233,9.29499979224056,2000,6,NA
51.8667,10.3333,2000-06-02,7.01999984309077,17.5999996066093,12.3099997248501,2000,6,NA
51.8667,10.3333,2000-06-03,12.0299997311085,24.8399994447827,18.4349995879456,2000,6,NA
51.8667,10.3333,2000-06-04,11.6599997393787,23.6099994722754,17.634999605827,2000,6,NA
51.8667,10.3333,2000-06-05,13.0999997071922,23.0899994838983,18.0949995955452,2000,6,NA
51.8667,10.3333,2000-06-06,13.6399996951222,19.8199995569885,16.7299996260554,2000,6,NA
51.8667,10.3333,2000-06-07,9.33999979123473,15.8499996457249,12.5949997184798,2000,6,NA
51.8667,10.3333,2000-06-08,7.85999982431531,12.6599997170269,10.2599997706711,2000,6,NA
51.8667,10.3333,2000-06-09,6.75999984890223,17.6099996063858,12.184999727644,2000,6,NA
51.8667,10.3333,2000-06-10,9.19999979436398,25.5199994295835,17.3599996119738,2000,6,NA
51.8667,10.3333,2000-06-11,13.4799996986985,28.4999993629754,20.9899995308369,2000,6,NA
51.8667,10.3333,2000-06-12,12.7199997156858,19.8699995558709,16.2949996357784,2000,6,NA
51.8667,10.3333,2000-06-13,9.17999979481101,20.1699995491654,14.6749996719882,2000,6,NA
51.8667,10.3333,2000-06-14,11.1499997507781,25.9599994197488,18.5549995852634,2000,6,NA
51.8667,10.3333,2000-06-15,13.6999996937811,21.0399995297194,17.3699996117502,2000,6,NA
51.8667,10.3333,2000-06-16,10.5199997648597,16.7199996262789,13.6199996955693,2000,6,NA
51.8667,10.3333,2000-06-17,5.97999986633658,13.5199996978045,9.74999978207052,2000,6,NA
51.8667,10.3333,2000-06-18,4.96999988891184,16.2999996356666,10.6349997622892,2000,6,NA
51.8667,10.3333,2000-06-19,6.62999985180795,24.409999454394,15.519999653101,2000,6,NA
51.8667,10.3333,2000-06-20,12.4599997214973,29.569999339059,21.0149995302781,2000,6,NA
51.8667,10.3333,2000-06-21,16.6199996285141,30.6299993153661,23.6249994719401,2000,6,NA
51.8667,10.3333,2000-06-22,17.9499995987862,29.5399993397295,23.7449994692579,2000,6,NA
51.8667,10.3333,2000-06-23,14.6399996727705,22.1599995046854,18.399999588728,2000,6,NA
51.8667,10.3333,2000-06-24,11.9599997326732,18.1499995943159,15.0549996634945,2000,6,NA
51.8667,10.3333,2000-06-25,9.44999978877604,14.2399996817112,11.8449997352436,2000,6,NA
51.8667,10.3333,2000-06-26,8.90999980084598,13.5399996973574,11.2249997491017,2000,6,NA
51.8667,10.3333,2000-06-27,7.09999984130263,12.5299997199327,9.81499978061765,2000,6,NA
51.8667,10.3333,2000-06-28,6.10999986343086,12.1199997290969,9.11499979626387,2000,6,NA
51.8667,10.3333,2000-06-29,3.86999991349876,11.499999742955,7.68499982822686,2000,6,NA
51.8667,10.3333,2000-06-30,6.4899998549372,11.6299997400492,9.05999979749322,2000,6,NA
51.8667,10.3333,2000-07-01,5.65999987348914,15.1399996615946,10.3999997675419,2000,7,NA
51.8667,10.3333,2000-07-02,6.74999984912574,19.4499995652586,13.0999997071922,2000,7,NA
51.8667,10.3333,2000-07-03,11.6399997398257,20.7399995364249,16.1899996381253,2000,7,NA
51.8667,10.3333,2000-07-04,14.069999685511,20.4299995433539,17.2499996144325,2000,7,NA
51.8667,10.3333,2000-07-05,11.7099997382611,20.5399995408952,16.1249996395782,2000,7,NA
51.8667,10.3333,2000-07-06,12.2899997252971,15.20999966003,13.7499996926636,2000,7,NA
51.8667,10.3333,2000-07-07,11.0999997518957,16.059999641031,13.5799996964633,2000,7,NA
51.8667,10.3333,2000-07-08,8.42999981157482,15.7599996477365,12.0949997296557,2000,7,NA
51.8667,10.3333,2000-07-09,7.65999982878566,12.5699997190386,10.1149997739121,2000,7,NA
51.8667,10.3333,2000-07-10,8.99999979883432,15.5999996513128,12.2999997250736,2000,7,NA
51.8667,10.3333,2000-07-11,10.2699997704476,16.079999640584,13.1749997055158,2000,7,NA
51.8667,10.3333,2000-07-12,9.34999979101121,15.2899996582419,12.3199997246265,2000,7,NA
51.8667,10.3333,2000-07-13,8.85999980196357,13.179999705404,11.0199997536838,2000,7,NA
51.8667,10.3333,2000-07-14,6.85999984666705,13.8099996913224,10.3349997689947,2000,7,NA
51.8667,10.3333,2000-07-15,9.63999978452921,13.7399996928871,11.6899997387081,2000,7,NA
51.8667,10.3333,2000-07-16,7.95999982208014,14.4899996761233,11.2249997491017,2000,7,NA
51.8667,10.3333,2000-07-17,7.69999982789159,16.4999996311963,12.0999997295439,2000,7,NA
51.8667,10.3333,2000-07-18,9.07999979704618,13.7699996922165,11.4249997446314,2000,7,NA
51.8667,10.3333,2000-07-19,9.36999979056418,12.5199997201562,10.9449997553602,2000,7,NA
51.8667,10.3333,2000-07-20,8.24999981559813,12.6899997163564,10.4699997659773,2000,7,NA
51.8667,10.3333,2000-07-21,10.6399997621775,16.5799996294081,13.6099996957928,2000,7,NA
51.8667,10.3333,2000-07-22,9.11999979615211,17.1199996173382,13.1199997067451,2000,7,NA
51.8667,10.3333,2000-07-23,9.91999977827072,16.949999621138,13.4349996997043,2000,7,NA
51.8667,10.3333,2000-07-24,9.02999979816377,20.2699995469302,14.649999672547,2000,7,NA
51.8667,10.3333,2000-07-25,10.5099997650832,20.079999551177,15.2949996581301,2000,7,NA
51.8667,10.3333,2000-07-26,13.2499997038394,16.8699996229261,15.0599996633828,2000,7,NA
51.8667,10.3333,2000-07-27,13.1899997051805,18.1599995940924,15.6749996496364,2000,7,NA
51.8667,10.3333,2000-07-28,12.9799997098744,19.5999995619059,16.2899996358901,2000,7,NA
51.8667,10.3333,2000-07-29,12.1299997288734,15.809999646619,13.9699996877462,2000,7,NA
51.8667,10.3333,2000-07-30,11.8599997349083,16.65999962762,14.2599996812642,2000,7,NA
51.8667,10.3333,2000-07-31,11.1299997512251,17.5799996070564,14.3549996791407,2000,7,NA
51.8667,10.3333,2000-08-01,11.1799997501075,19.1899995710701,15.1849996605888,2000,8,NA
51.8667,10.3333,2000-08-02,10.1799997724593,24.139999460429,17.1599996164441,2000,8,NA
51.8667,10.3333,2000-08-03,13.6099996957928,20.7399995364249,17.1749996161088,2000,8,NA
51.8667,10.3333,2000-08-04,10.7999997586012,20.7999995350838,15.7999996468425,2000,8,NA
51.8667,10.3333,2000-08-05,11.1799997501075,20.3399995453656,15.7599996477365,2000,8,NA
51.8667,10.3333,2000-08-06,9.93999977782369,20.2399995476007,15.0899996627122,2000,8,NA
51.8667,10.3333,2000-08-07,9.6999997831881,19.809999557212,14.7549996702,2000,8,NA
51.8667,10.3333,2000-08-08,12.1899997275323,18.8499995786697,15.519999653101,2000,8,NA
51.8667,10.3333,2000-08-09,9.9299997780472,17.9999995976686,13.9649996878579,2000,8,NA
51.8667,10.3333,2000-08-10,9.44999978877604,18.9299995768815,14.1899996828288,2000,8,NA
51.8667,10.3333,2000-08-11,10.9899997543544,22.6099994946271,16.7999996244907,2000,8,NA
51.8667,10.3333,2000-08-12,13.8299996908754,18.4799995869398,16.1549996389076,2000,8,NA
51.8667,10.3333,2000-08-13,12.2999997250736,23.1799994818866,17.7399996034801,2000,8,NA
51.8667,10.3333,2000-08-14,11.4099997449666,25.9499994199723,18.6799995824695,2000,8,NA
51.8667,10.3333,2000-08-15,12.7699997145683,28.6899993587285,20.7299995366484,2000,8,NA
51.8667,10.3333,2000-08-16,15.6199996508658,24.5699994508177,20.0949995508417,2000,8,NA
51.8667,10.3333,2000-08-17,14.3299996796995,22.1799995042384,18.254999591969,2000,8,NA
51.8667,10.3333,2000-08-18,13.2499997038394,22.2999995015562,17.7749996026978,2000,8,NA
51.8667,10.3333,2000-08-19,12.8799997121096,21.7899995129555,17.3349996125326,2000,8,NA
51.8667,10.3333,2000-08-20,13.1599997058511,22.3899994995445,17.7749996026978,2000,8,NA
51.8667,10.3333,2000-08-21,15.2699996586889,21.7799995131791,18.524999585934,2000,8,NA
51.8667,10.3333,2000-08-22,11.7299997378141,17.0899996180087,14.4099996779114,2000,8,NA
51.8667,10.3333,2000-08-23,10.2799997702241,17.7499996032566,14.0149996867403,2000,8,NA
51.8667,10.3333,2000-08-24,8.34999981336296,18.2599995918572,13.3049997026101,2000,8,NA
51.8667,10.3333,2000-08-25,6.56999985314906,20.1999995484948,13.3849997008219,2000,8,NA
51.8667,10.3333,2000-08-26,10.6599997617304,18.3299995902926,14.4949996760115,2000,8,NA
51.8667,10.3333,2000-08-27,8.29999981448054,20.8599995337427,14.5799996741116,2000,8,NA
51.8667,10.3333,2000-08-28,9.9299997780472,22.0199995078146,15.9749996429309,2000,8,NA
51.8667,10.3333,2000-08-29,12.4899997208267,19.2199995703995,15.8549996456131,2000,8,NA
51.8667,10.3333,2000-08-30,10.2399997711182,19.0499995741993,14.6449996726587,2000,8,NA
51.8667,10.3333,2000-08-31,7.93999982252717,19.0899995733052,13.5149996979162,2000,8,NA
51.8667,10.3333,2000-09-01,10.7999997586012,17.7199996039271,14.2599996812642,2000,9,NA
51.8667,10.3333,2000-09-02,9.55999978631735,19.9599995538592,14.7599996700883,2000,9,NA
51.8667,10.3333,2000-09-03,10.6599997617304,14.1899996828288,12.4249997222796,2000,9,NA
51.8667,10.3333,2000-09-04,10.2299997713417,13.9099996890873,12.0699997302145,2000,9,NA
51.8667,10.3333,2000-09-05,6.91999984532595,13.3199997022748,10.1199997738004,2000,9,NA
51.8667,10.3333,2000-09-06,6.68999985046685,12.4999997206032,9.59499978553504,2000,9,NA
51.8667,10.3333,2000-09-07,8.41999981179833,14.2899996805936,11.354999746196,2000,9,NA
51.8667,10.3333,2000-09-08,9.34999979101121,15.0299996640533,12.1899997275323,2000,9,NA
51.8667,10.3333,2000-09-09,10.6599997617304,16.099999640137,13.3799997009337,2000,9,NA
51.8667,10.3333,2000-09-10,13.8099996913224,20.3199995458126,17.0649996185675,2000,9,NA
51.8667,10.3333,2000-09-11,12.909999711439,19.539999563247,16.224999637343,2000,9,NA
51.8667,10.3333,2000-09-12,11.1999997496605,20.2499995473772,15.7249996485189,2000,9,NA
51.8667,10.3333,2000-09-13,11.4899997431785,22.5799994952977,17.0349996192381,2000,9,NA
51.8667,10.3333,2000-09-14,13.4499996993691,19.789999557659,16.6199996285141,2000,9,NA
51.8667,10.3333,2000-09-15,10.4699997659773,18.0199995972216,14.2449996815994,2000,9,NA
51.8667,10.3333,2000-09-16,11.2999997474253,19.8399995565414,15.5699996519834,2000,9,NA
51.8667,10.3333,2000-09-17,10.899999756366,16.7899996247143,13.8449996905401,2000,9,NA
51.8667,10.3333,2000-09-18,9.78999978117645,16.1999996379018,12.9949997095391,2000,9,NA
51.8667,10.3333,2000-09-19,10.899999756366,15.5999996513128,13.2499997038394,2000,9,NA
51.8667,10.3333,2000-09-20,6.74999984912574,16.099999640137,11.4249997446314,2000,9,NA
51.8667,10.3333,2000-09-21,5.03999988734722,13.6299996953458,9.33499979134649,2000,9,NA
51.8667,10.3333,2000-09-22,7.10999984107912,10.5899997632951,8.84999980218709,2000,9,NA
51.8667,10.3333,2000-09-23,5.32999988086522,13.9099996890873,9.61999978497624,2000,9,NA
51.8667,10.3333,2000-09-24,6.01999986544251,16.3399996347725,11.1799997501075,2000,9,NA
51.8667,10.3333,2000-09-25,2.97999993339181,16.079999640584,9.5299997869879,2000,9,NA
51.8667,10.3333,2000-09-26,4.88999989069998,13.9399996884167,9.41499978955835,2000,9,NA
51.8667,10.3333,2000-09-27,9.53999978676438,16.3999996334314,12.9699997100979,2000,9,NA
51.8667,10.3333,2000-09-28,10.4099997673184,17.8799996003509,14.1449996838346,2000,9,NA
51.8667,10.3333,2000-09-29,11.9199997335672,18.8199995793402,15.3699996564537,2000,9,NA
51.8667,10.3333,2000-09-30,12.2799997255206,23.4199994765222,17.8499996010214,2000,9,NA
51.8667,10.3333,2000-10-01,8.80999980308115,21.4999995194376,15.1549996612594,2000,10,2001
51.8667,10.3333,2000-10-02,8.79999980330467,18.3399995900691,13.5699996966869,2000,10,2001
51.8667,10.3333,2000-10-03,8.68999980576336,15.6999996490777,12.1949997274205,2000,10,2001
51.8667,10.3333,2000-10-04,7.30999983660877,15.2199996598065,11.2649997482076,2000,10,2001
51.8667,10.3333,2000-10-05,6.23999986052513,17.219999615103,11.7299997378141,2000,10,2001
51.8667,10.3333,2000-10-06,9.3599997907877,15.1999996602535,12.2799997255206,2000,10,2001
51.8667,10.3333,2000-10-07,6.11999986320734,11.479999743402,8.79999980330467,2000,10,2001
51.8667,10.3333,2000-10-08,3.84999991394579,7.54999983124435,5.69999987259507,2000,10,2001
51.8667,10.3333,2000-10-09,1.88999995775521,10.0999997742474,5.99499986600131,2000,10,2001
51.8667,10.3333,2000-10-10,5.60999987460673,9.62999978475273,7.61999982967973,2000,10,2001
51.8667,10.3333,2000-10-11,4.39999990165234,9.95999977737665,7.17999983951449,2000,10,2001
51.8667,10.3333,2000-10-12,3.81999991461635,10.6799997612834,7.24999983794987,2000,10,2001
51.8667,10.3333,2000-10-13,6.7199998497963,13.0699997078627,9.89499977882951,2000,10,2001
51.8667,10.3333,2000-10-14,7.76999982632697,14.6099996734411,11.189999749884,2000,10,2001
51.8667,10.3333,2000-10-15,6.66999985091388,14.6799996718764,10.6749997613952,2000,10,2001
51.8667,10.3333,2000-10-16,8.8999998010695,15.2799996584654,12.0899997297674,2000,10,2001
51.8667,10.3333,2000-10-17,8.75999980419874,17.0499996189028,12.9049997115508,2000,10,2001
51.8667,10.3333,2000-10-18,5.51999987661839,13.1699997056276,9.34499979112297,2000,10,2001
51.8667,10.3333,2000-10-19,2.33999994769692,11.9099997337908,7.12499984074384,2000,10,2001
51.8667,10.3333,2000-10-20,2.42999994568527,9.19999979436398,5.81499987002462,2000,10,2001
51.8667,10.3333,2000-10-21,7.08999984152615,11.9399997331202,9.51499978732318,2000,10,2001
51.8667,10.3333,2000-10-22,5.83999986946583,15.5299996528774,10.6849997611716,2000,10,2001
51.8667,10.3333,2000-10-23,7.78999982587993,18.0499995965511,12.9199997112155,2000,10,2001
51.8667,10.3333,2000-10-24,6.76999984867871,16.0499996412545,11.4099997449666,2000,10,2001
51.8667,10.3333,2000-10-25,8.81999980285764,10.7999997586012,9.80999978072941,2000,10,2001
51.8667,10.3333,2000-10-26,7.56999983079731,11.0899997521192,9.32999979145825,2000,10,2001
51.8667,10.3333,2000-10-27,5.18999988399446,10.6699997615069,7.92999982275069,2000,10,2001
51.8667,10.3333,2000-10-28,4.8799998909235,8.34999981336296,6.61499985214323,2000,10,2001
51.8667,10.3333,2000-10-29,7.69999982789159,10.8699997570366,9.28499979246408,2000,10,2001
51.8667,10.3333,2000-10-30,5.39999987930059,11.169999750331,8.28499981481582,2000,10,2001
51.8667,10.3333,2000-10-31,6.00999986566603,12.0199997313321,9.01499979849905,2000,10,2001
51.8667,10.3333,2000-11-01,5.54999987594783,8.31999981403351,6.93499984499067,2000,11,2001
51.8667,10.3333,2000-11-02,4.39999990165234,8.55999980866909,6.47999985516071,2000,11,2001
51.8667,10.3333,2000-11-03,3.16999992914498,9.61999978497624,6.39499985706061,2000,11,2001
51.8667,10.3333,2000-11-04,4.94999988935888,9.73999978229403,7.34499983582646,2000,11,2001
51.8667,10.3333,2000-11-05,3.51999992132187,7.49999983236194,5.5099998768419,2000,11,2001
51.8667,10.3333,2000-11-06,1.95999995619059,5.90999986790121,3.9349999120459,2000,11,2001
51.8667,10.3333,2000-11-07,1.34999996982515,7.02999984286726,4.1899999063462,2000,11,2001
51.8667,10.3333,2000-11-08,4.35999990254641,9.14999979548156,6.75499984901398,2000,11,2001
51.8667,10.3333,2000-11-09,5.65999987348914,7.59999983012676,6.62999985180795,2000,11,2001
51.8667,10.3333,2000-11-10,4.75999989360571,7.50999983213842,6.13499986287206,2000,11,2001
51.8667,10.3333,2000-11-11,3.29999992623925,6.22999986074865,4.76499989349395,2000,11,2001
51.8667,10.3333,2000-11-12,2.4699999447912,5.75999987125397,4.11499990802258,2000,11,2001
51.8667,10.3333,2000-11-13,3.16999992914498,9.07999979704618,6.12499986309558,2000,11,2001
51.8667,10.3333,2000-11-14,6.89999984577298,8.96999979950488,7.93499982263893,2000,11,2001
51.8667,10.3333,2000-11-15,6.06999986432493,8.68999980576336,7.37999983504415,2000,11,2001
51.8667,10.3333,2000-11-16,3.19999992847443,7.08999984152615,5.14499988500029,2000,11,2001
51.8667,10.3333,2000-11-17,2.67999994009733,6.34999985806644,4.51499989908189,2000,11,2001
51.8667,10.3333,2000-11-18,1.5499999653548,4.78999989293516,3.16999992914498,2000,11,2001
51.8667,10.3333,2000-11-19,1.27999997138977,3.39999992400408,2.33999994769692,2000,11,2001
51.8667,10.3333,2000-11-20,2.93999993428588,6.43999985605478,4.68999989517033,2000,11,2001
51.8667,10.3333,2000-11-21,2.58999994210899,5.54999987594783,4.06999990902841,2000,11,2001
51.8667,10.3333,2000-11-22,-0.26999999396503,6.56999985314906,3.14999992959201,2000,11,2001
51.8667,10.3333,2000-11-23,2.44999994523823,7.75999982655048,5.10499988589436,2000,11,2001
51.8667,10.3333,2000-11-24,2.9299999345094,9.27999979257584,6.10499986354262,2000,11,2001
51.8667,10.3333,2000-11-25,3.06999993138015,8.39999981224537,5.73499987181276,2000,11,2001
51.8667,10.3333,2000-11-26,0.219999995082617,5.67999987304211,2.94999993406236,2000,11,2001
51.8667,10.3333,2000-11-27,0.57999998703599,5.36999987997115,2.97499993350357,2000,11,2001
51.8667,10.3333,2000-11-28,2.43999994546175,5.45999987795949,3.94999991171062,2000,11,2001
51.8667,10.3333,2000-11-29,2.31999994814396,9.56999978609383,5.9449998671189,2000,11,2001
51.8667,10.3333,2000-11-30,7.08999984152615,12.1299997288734,9.60999978519976,2000,11,2001
51.8667,10.3333,2000-12-01,6.51999985426664,10.9499997552484,8.73499980475754,2000,12,2001
51.8667,10.3333,2000-12-02,5.91999986767769,12.1599997282028,9.03999979794025,2000,12,2001
51.8667,10.3333,2000-12-03,5.78999987058342,9.22999979369342,7.50999983213842,2000,12,2001
51.8667,10.3333,2000-12-04,4.19999990612268,8.71999980509281,6.45999985560775,2000,12,2001
51.8667,10.3333,2000-12-05,1.52999996580184,7.19999983906746,4.36499990243465,2000,12,2001
51.8667,10.3333,2000-12-06,4.26999990455806,9.30999979190528,6.78999984823167,2000,12,2001
51.8667,10.3333,2000-12-07,4.60999989695847,9.45999978855252,7.0349998427555,2000,12,2001
51.8667,10.3333,2000-12-08,5.32999988086522,9.60999978519976,7.46999983303249,2000,12,2001
51.8667,10.3333,2000-12-09,6.95999984443188,10.7399997599423,8.84999980218709,2000,12,2001
51.8667,10.3333,2000-12-10,5.34999988041818,8.88999980129302,7.1199998408556,2000,12,2001
51.8667,10.3333,2000-12-11,4.56999989785254,6.96999984420836,5.76999987103045,2000,12,2001
51.8667,10.3333,2000-12-12,5.51999987661839,9.36999979056418,7.44499983359128,2000,12,2001
51.8667,10.3333,2000-12-13,7.88999982364476,10.8099997583777,9.34999979101121,2000,12,2001
51.8667,10.3333,2000-12-14,5.94999986700714,10.1399997733533,8.04499982018024,2000,12,2001
51.8667,10.3333,2000-12-15,3.62999991886318,6.89999984577298,5.26499988231808,2000,12,2001
51.8667,10.3333,2000-12-16,0.999999977648258,3.80999991483986,2.40499994624406,2000,12,2001
51.8667,10.3333,2000-12-17,-0.519999988377094,1.85999995842576,0.669999985024333,2000,12,2001
51.8667,10.3333,2000-12-18,-0.499999988824129,0.479999989271164,-0.00999999977648258,2000,12,2001
51.8667,10.3333,2000-12-19,-2.2399999499321,0.449999989941716,-0.894999979995191,2000,12,2001
51.8667,10.3333,2000-12-20,-4.4799998998642,0.799999982118607,-1.8399999588728,2000,12,2001
51.8667,10.3333,2000-12-21,-5.15999988466501,-0.979999978095293,-3.06999993138015,2000,12,2001
51.8667,10.3333,2000-12-22,-8.28999981470406,-1.50999996624887,-4.89999989047647,2000,12,2001
51.8667,10.3333,2000-12-23,-9.02999979816377,1.22999997250736,-3.89999991282821,2000,12,2001
51.8667,10.3333,2000-12-24,-5.95999986678362,3.41999992355704,-1.26999997161329,2000,12,2001
51.8667,10.3333,2000-12-25,-3.28999992646277,0.779999982565641,-1.25499997194856,2000,12,2001
51.8667,10.3333,2000-12-26,-4.21999990567565,-0.949999978765845,-2.58499994222075,2000,12,2001
51.8667,10.3333,2000-12-27,-4.53999989852309,-2.82999993674457,-3.68499991763383,2000,12,2001
51.8667,10.3333,2000-12-28,-2.97999993339181,1.91999995708466,-0.529999988153577,2000,12,2001
51.8667,10.3333,2000-12-29,-2.10999995283782,2.67999994009733,0.284999993629754,2000,12,2001
51.8667,10.3333,2000-12-30,-3.87999991327524,-1.18999997340143,-2.53499994333833,2000,12,2001
51.8667,10.3333,2000-12-31,-3.60999991931021,-1.30999997071922,-2.45999994501472,2000,12,2001
51.8667,10.3333,2001-01-01,-4.91999989002943,-0.729999983683228,-2.82499993685633,2001,1,2001
51.8667,10.3333,2001-01-02,-6.11999986320734,2.27999994903803,-1.91999995708466,2001,1,2001
51.8667,10.3333,2001-01-03,1.10999997518957,5.62999987415969,3.36999992467463,2001,1,2001
51.8667,10.3333,2001-01-04,1.29999997094274,5.66999987326562,3.48499992210418,2001,1,2001
51.8667,10.3333,2001-01-05,0.789999982342124,4.6499998960644,2.71999993920326,2001,1,2001
51.8667,10.3333,2001-01-06,2.65999994054437,7.33999983593822,4.99999988824129,2001,1,2001
51.8667,10.3333,2001-01-07,3.59999991953373,8.41999981179833,6.00999986566603,2001,1,2001
51.8667,10.3333,2001-01-08,1.45999996736646,4.67999989539385,3.06999993138015,2001,1,2001
51.8667,10.3333,2001-01-09,-0.92999997921288,3.12999993003905,1.09999997541308,2001,1,2001
51.8667,10.3333,2001-01-10,-0.379999991506338,2.30999994836748,0.964999978430569,2001,1,2001
51.8667,10.3333,2001-01-11,-2.2399999499321,1.22999997250736,-0.50499998871237,2001,1,2001
51.8667,10.3333,2001-01-12,-5.84999986924231,0.709999984130263,-2.56999994255602,2001,1,2001
51.8667,10.3333,2001-01-13,-5.0499998871237,0.88999998010695,-2.07999995350838,2001,1,2001
51.8667,10.3333,2001-01-14,-7.48999983258545,-0.669999985024333,-4.07999990880489,2001,1,2001
51.8667,10.3333,2001-01-15,-8.29999981448054,-1.74999996088445,-5.0249998876825,2001,1,2001
51.8667,10.3333,2001-01-16,-7.12999984063208,-0.789999982342124,-3.9599999114871,2001,1,2001
51.8667,10.3333,2001-01-17,-8.78999980352819,-0.549999987706542,-4.66999989561737,2001,1,2001
51.8667,10.3333,2001-01-18,-10.0999997742474,-2.59999994188547,-6.34999985806644,2001,1,2001
51.8667,10.3333,2001-01-19,-7.25999983772635,0.34999999217689,-3.45499992277473,2001,1,2001
51.8667,10.3333,2001-01-20,-7.04999984242022,1.32999997027218,-2.85999993607402,2001,1,2001
51.8667,10.3333,2001-01-21,-5.45999987795949,0.979999978095293,-2.2399999499321,2001,1,2001
51.8667,10.3333,2001-01-22,-4.51999989897013,-0.749999983236194,-2.63499994110316,2001,1,2001
51.8667,10.3333,2001-01-23,-3.729999916628,1.91999995708466,-0.904999979771674,2001,1,2001
51.8667,10.3333,2001-01-24,1.17999997362494,4.51999989897013,2.84999993629754,2001,1,2001
51.8667,10.3333,2001-01-25,3.29999992623925,7.75999982655048,5.52999987639487,2001,1,2001
51.8667,10.3333,2001-01-26,1.20999997295439,6.76999984867871,3.98999991081655,2001,1,2001
51.8667,10.3333,2001-01-27,0.829999981448054,4.40999990142882,2.61999994143844,2001,1,2001
51.8667,10.3333,2001-01-28,-1.04999997653067,2.93999993428588,0.944999978877604,2001,1,2001
51.8667,10.3333,2001-01-29,-0.489999989047647,1.20999997295439,0.359999991953373,2001,1,2001
51.8667,10.3333,2001-01-30,-0.949999978765845,1.13999997451901,0.0949999978765845,2001,1,2001
51.8667,10.3333,2001-01-31,-3.05999993160367,0.669999985024333,-1.19499997328967,2001,1,2001
51.8667,10.3333,2001-02-01,-2.6399999409914,0.65999998524785,-0.989999977871776,2001,2,2001
51.8667,10.3333,2001-02-02,-3.77999991551042,-1.10999997518957,-2.44499994534999,2001,2,2001
51.8667,10.3333,2001-02-03,-6.70999985001981,-2.8699999358505,-4.78999989293516,2001,2,2001
51.8667,10.3333,2001-02-04,-6.3699998576194,-3.88999991305172,-5.12999988533556,2001,2,2001
51.8667,10.3333,2001-02-05,-5.66999987326562,-0.789999982342124,-3.22999992780387,2001,2,2001
51.8667,10.3333,2001-02-06,-1.38999996893108,5.38999987952411,1.99999995529652,2001,2,2001
51.8667,10.3333,2001-02-07,5.0499998871237,9.91999977827072,7.48499983269721,2001,2,2001
51.8667,10.3333,2001-02-08,6.13999986276031,9.39999978989363,7.76999982632697,2001,2,2001
51.8667,10.3333,2001-02-09,6.17999986186624,11.6399997398257,8.90999980084598,2001,2,2001
51.8667,10.3333,2001-02-10,-1.91999995708466,8.90999980084598,3.49499992188066,2001,2,2001
51.8667,10.3333,2001-02-11,-5.63999987393618,2.61999994143844,-1.50999996624887,2001,2,2001
51.8667,10.3333,2001-02-12,-1.00999997742474,8.05999981984496,3.52499992121011,2001,2,2001
51.8667,10.3333,2001-02-13,6.10999986343086,9.46999978832901,7.78999982587993,2001,2,2001
51.8667,10.3333,2001-02-14,0.519999988377094,7.8099998254329,4.164999906905,2001,2,2001
51.8667,10.3333,2001-02-15,-1.8399999588728,6.8899998459965,2.52499994356185,2001,2,2001
51.8667,10.3333,2001-02-16,-2.48999994434416,11.7299997378141,4.61999989673495,2001,2,2001
51.8667,10.3333,2001-02-17,-2.12999995239079,12.039999730885,4.95499988924712,2001,2,2001
51.8667,10.3333,2001-02-18,-1.20999997295439,3.20999992825091,0.999999977648258,2001,2,2001
51.8667,10.3333,2001-02-19,-2.60999994166195,2.90999993495643,0.149999996647239,2001,2,2001
51.8667,10.3333,2001-02-20,0.65999998524785,2.78999993763864,1.72499996144325,2001,2,2001
51.8667,10.3333,2001-02-21,0.569999987259507,3.05999993160367,1.81499995943159,2001,2,2001
51.8667,10.3333,2001-02-22,1.21999997273088,3.82999991439283,2.52499994356185,2001,2,2001
51.8667,10.3333,2001-02-23,-0.409999990835786,2.60999994166195,1.09999997541308,2001,2,2001
51.8667,10.3333,2001-02-24,-5.85999986901879,0.189999995753169,-2.83499993663281,2001,2,2001
51.8667,10.3333,2001-02-25,-12.079999729991,-3.61999991908669,-7.84999982453883,2001,2,2001
51.8667,10.3333,2001-02-26,-8.38999981246889,-0.899999979883432,-4.64499989617616,2001,2,2001
51.8667,10.3333,2001-02-27,-4.46999990008771,0.119999997317791,-2.17499995138496,2001,2,2001
51.8667,10.3333,2001-02-28,-7.07999984174967,1.11999997496605,-2.97999993339181,2001,2,2001
51.8667,10.3333,2001-03-01,-5.59999987483025,4.13999990746379,-0.729999983683228,2001,3,2001
51.8667,10.3333,2001-03-02,-4.54999989829957,2.67999994009733,-0.934999979101121,2001,3,2001
51.8667,10.3333,2001-03-03,-2.65999994054437,0.779999982565641,-0.939999978989363,2001,3,2001
51.8667,10.3333,2001-03-04,-3.90999991260469,-0.0999999977648258,-2.00499995518476,2001,3,2001
51.8667,10.3333,2001-03-05,-3.24999992735684,-1.01999997720122,-2.13499995227903,2001,3,2001
51.8667,10.3333,2001-03-06,-4.8799998909235,0.369999991729856,-2.25499994959682,2001,3,2001
51.8667,10.3333,2001-03-07,-7.04999984242022,2.62999994121492,-2.20999995060265,2001,3,2001
51.8667,10.3333,2001-03-08,-4.98999988846481,5.74999987147748,0.379999991506338,2001,3,2001
51.8667,10.3333,2001-03-09,1.41999996826053,10.3999997675419,5.90999986790121,2001,3,2001
51.8667,10.3333,2001-03-10,4.99999988824129,9.74999978207052,7.3749998351559,2001,3,2001
51.8667,10.3333,2001-03-11,5.94999986700714,9.54999978654087,7.749999826774,2001,3,2001
51.8667,10.3333,2001-03-12,7.21999983862042,11.0699997525662,9.14499979559332,2001,3,2001
51.8667,10.3333,2001-03-13,5.58999987505376,10.5299997646362,8.05999981984496,2001,3,2001
51.8667,10.3333,2001-03-14,1.99999995529652,6.85999984666705,4.42999990098178,2001,3,2001
51.8667,10.3333,2001-03-15,0.509999988600612,4.31999990344048,2.41499994602054,2001,3,2001
51.8667,10.3333,2001-03-16,-0.26999999396503,7.09999984130263,3.4149999236688,2001,3,2001
51.8667,10.3333,2001-03-17,1.43999996781349,5.62999987415969,3.53499992098659,2001,3,2001
51.8667,10.3333,2001-03-18,0.339999992400408,3.84999991394579,2.0949999531731,2001,3,2001
51.8667,10.3333,2001-03-19,0.239999994635582,6.64999985136092,3.44499992299825,2001,3,2001
51.8667,10.3333,2001-03-20,-3.41999992355704,6.38999985717237,1.48499996680766,2001,3,2001
51.8667,10.3333,2001-03-21,-4.85999989137053,1.96999995596707,-1.44499996770173,2001,3,2001
51.8667,10.3333,2001-03-22,-4.94999988935888,-0.709999984130263,-2.82999993674457,2001,3,2001
51.8667,10.3333,2001-03-23,-1.91999995708466,5.12999988533556,1.60499996412545,2001,3,2001
51.8667,10.3333,2001-03-24,-0.159999996423721,4.82999989204109,2.33499994780868,2001,3,2001
51.8667,10.3333,2001-03-25,0.489999989047647,7.10999984107912,3.79999991506338,2001,3,2001
51.8667,10.3333,2001-03-26,-3.06999993138015,1.06999997608364,-0.999999977648258,2001,3,2001
51.8667,10.3333,2001-03-27,-5.08999988622963,-1.32999997027218,-3.20999992825091,2001,3,2001
51.8667,10.3333,2001-03-28,-8.32999981380999,-1.57999996468425,-4.95499988924712,2001,3,2001
51.8667,10.3333,2001-03-29,-5.86999986879528,2.71999993920326,-1.57499996479601,2001,3,2001
51.8667,10.3333,2001-03-30,1.33999997004867,9.68999978341162,5.51499987673014,2001,3,2001
51.8667,10.3333,2001-03-31,1.32999997027218,9.86999977938831,5.59999987483025,2001,3,2001
51.8667,10.3333,2001-04-01,1.5499999653548,11.2499997485429,6.39999985694885,2001,4,2001
51.8667,10.3333,2001-04-02,5.87999986857176,14.3999996781349,10.1399997733533,2001,4,2001
51.8667,10.3333,2001-04-03,4.14999990724027,17.7699996028095,10.9599997550249,2001,4,2001
51.8667,10.3333,2001-04-04,5.77999987080693,13.7099996935576,9.74499978218228,2001,4,2001
51.8667,10.3333,2001-04-05,3.73999991640449,15.0699996631593,9.40499978978187,2001,4,2001
51.8667,10.3333,2001-04-06,2.96999993361533,8.8999998010695,5.93499986734241,2001,4,2001
51.8667,10.3333,2001-04-07,2.97999993339181,9.99999977648258,6.4899998549372,2001,4,2001
51.8667,10.3333,2001-04-08,3.97999991104007,10.1999997720122,7.08999984152615,2001,4,2001
51.8667,10.3333,2001-04-09,1.30999997071922,11.3699997458607,6.33999985828996,2001,4,2001
51.8667,10.3333,2001-04-10,0.429999990388751,10.0799997746944,5.2549998825416,2001,4,2001
51.8667,10.3333,2001-04-11,4.76999989338219,9.24999979324639,7.00999984331429,2001,4,2001
51.8667,10.3333,2001-04-12,3.3899999242276,8.8399998024106,6.1149998633191,2001,4,2001
51.8667,10.3333,2001-04-13,-0.88999998010695,5.36999987997115,2.2399999499321,2001,4,2001
51.8667,10.3333,2001-04-14,-3.07999993115664,3.10999993048608,0.0149999996647239,2001,4,2001
51.8667,10.3333,2001-04-15,-3.88999991305172,3.28999992646277,-0.299999993294477,2001,4,2001
51.8667,10.3333,2001-04-16,-1.57999996468425,4.7099998947233,1.56499996501952,2001,4,2001
51.8667,10.3333,2001-04-17,1.84999995864928,4.30999990366399,3.07999993115664,2001,4,2001
51.8667,10.3333,2001-04-18,1.11999997496605,4.32999990321696,2.7249999390915,2001,4,2001
51.8667,10.3333,2001-04-19,-0.209999995306134,3.67999991774559,1.73499996121973,2001,4,2001
51.8667,10.3333,2001-04-20,-0.819999981671572,4.50999989919364,1.84499995876104,2001,4,2001
51.8667,10.3333,2001-04-21,-1.09999997541308,6.09999986365438,2.49999994412065,2001,4,2001
51.8667,10.3333,2001-04-22,-0.919999979436398,7.08999984152615,3.08499993104488,2001,4,2001
51.8667,10.3333,2001-04-23,-0.219999995082617,7.47999983280897,3.62999991886318,2001,4,2001
51.8667,10.3333,2001-04-24,-1.34999996982515,11.459999743849,5.05499988701195,2001,4,2001
51.8667,10.3333,2001-04-25,0.0699999984353781,14.5199996754527,7.29499983694404,2001,4,2001
51.8667,10.3333,2001-04-26,6.46999985538423,13.6499996948987,10.0599997751415,2001,4,2001
51.8667,10.3333,2001-04-27,5.06999988667667,10.5799997635186,7.82499982509762,2001,4,2001
51.8667,10.3333,2001-04-28,4.06999990902841,9.99999977648258,7.0349998427555,2001,4,2001
51.8667,10.3333,2001-04-29,6.03999986499548,10.029999775812,8.03499982040375,2001,4,2001
51.8667,10.3333,2001-04-30,7.07999984174967,15.1599996611476,11.1199997514486,2001,4,2001
51.8667,10.3333,2001-05-01,9.26999979279935,20.1799995489419,14.7249996708706,2001,5,NA
51.8667,10.3333,2001-05-02,9.95999977737665,21.1699995268136,15.5649996520951,2001,5,NA
51.8667,10.3333,2001-05-03,7.69999982789159,17.9199995994568,12.8099997136742,2001,5,NA
51.8667,10.3333,2001-05-04,9.42999978922307,24.9299994427711,17.1799996159971,2001,5,NA
51.8667,10.3333,2001-05-05,8.4399998113513,16.2599996365607,12.349999723956,2001,5,NA
51.8667,10.3333,2001-05-06,5.49999987706542,8.97999979928136,7.23999983817339,2001,5,NA
51.8667,10.3333,2001-05-07,4.51999989897013,8.6099998075515,6.56499985326082,2001,5,NA
51.8667,10.3333,2001-05-08,3.68999991752207,10.4599997662008,7.07499984186143,2001,5,NA
51.8667,10.3333,2001-05-09,5.64999987371266,17.5999996066093,11.624999740161,2001,5,NA
51.8667,10.3333,2001-05-10,8.22999981604517,19.3899995665997,13.8099996913224,2001,5,NA
51.8667,10.3333,2001-05-11,8.12999981828034,20.4699995424598,14.2999996803701,2001,5,NA
51.8667,10.3333,2001-05-12,7.99999982118607,20.679999537766,14.339999679476,2001,5,NA
51.8667,10.3333,2001-05-13,5.93999986723065,18.8899995777756,12.4149997225031,2001,5,NA
51.8667,10.3333,2001-05-14,6.98999984376132,19.9899995531887,13.489999698475,2001,5,NA
51.8667,10.3333,2001-05-15,9.84999977983534,23.2799994796515,16.5649996297434,2001,5,NA
51.8667,10.3333,2001-05-16,11.5099997427315,18.359999589622,14.9349996661767,2001,5,NA
51.8667,10.3333,2001-05-17,9.65999978408217,18.4199995882809,14.0399996861815,2001,5,NA
51.8667,10.3333,2001-05-18,9.11999979615211,18.0999995954335,13.6099996957928,2001,5,NA
51.8667,10.3333,2001-05-19,6.18999986164272,12.619999717921,9.40499978978187,2001,5,NA
51.8667,10.3333,2001-05-20,5.81999986991286,13.0499997083098,9.43499978911132,2001,5,NA
51.8667,10.3333,2001-05-21,4.71999989449978,16.2999996356666,10.5099997650832,2001,5,NA
51.8667,10.3333,2001-05-22,3.86999991349876,14.5499996747822,9.20999979414046,2001,5,NA
51.8667,10.3333,2001-05-23,4.65999989584088,15.2699996586889,9.96499977726489,2001,5,NA
51.8667,10.3333,2001-05-24,4.25999990478158,19.9799995534122,12.1199997290969,2001,5,NA
51.8667,10.3333,2001-05-25,6.33999985828996,22.3199995011091,14.3299996796995,2001,5,NA
51.8667,10.3333,2001-05-26,7.68999982811511,19.3299995679408,13.509999698028,2001,5,NA
51.8667,10.3333,2001-05-27,5.94999986700714,22.7199994921684,14.3349996795878,2001,5,NA
51.8667,10.3333,2001-05-28,10.3499997686595,20.1699995491654,15.2599996589124,2001,5,NA
51.8667,10.3333,2001-05-29,13.8099996913224,16.8599996231496,15.334999657236,2001,5,NA
51.8667,10.3333,2001-05-30,11.9599997326732,19.7099995594472,15.8349996460602,2001,5,NA
51.8667,10.3333,2001-05-31,8.69999980553985,18.4899995867163,13.5949996961281,2001,5,NA
51.8667,10.3333,2001-06-01,7.83999982476234,15.5699996519834,11.7049997383729,2001,6,NA
51.8667,10.3333,2001-06-02,6.86999984644353,12.1899997275323,9.5299997869879,2001,6,NA
51.8667,10.3333,2001-06-03,5.90999986790121,11.5299997422844,8.71999980509281,2001,6,NA
51.8667,10.3333,2001-06-04,4.57999989762902,9.22999979369342,6.90499984566122,2001,6,NA
51.8667,10.3333,2001-06-05,4.72999989427626,9.37999979034066,7.05499984230846,2001,6,NA
51.8667,10.3333,2001-06-06,7.71999982744455,13.4399996995926,10.5799997635186,2001,6,NA
51.8667,10.3333,2001-06-07,8.24999981559813,17.8599996007979,13.054999708198,2001,6,NA
51.8667,10.3333,2001-06-08,8.91999980062246,15.1099996622652,12.0149997314438,2001,6,NA
51.8667,10.3333,2001-06-09,6.50999985449016,11.7099997382611,9.10999979637563,2001,6,NA
51.8667,10.3333,2001-06-10,5.5099998768419,14.0799996852875,9.79499978106469,2001,6,NA
51.8667,10.3333,2001-06-11,7.45999983325601,12.5299997199327,9.99499977659434,2001,6,NA
51.8667,10.3333,2001-06-12,4.26999990455806,14.3899996783584,9.32999979145825,2001,6,NA
51.8667,10.3333,2001-06-13,6.52999985404313,13.2599997036159,9.89499977882951,2001,6,NA
51.8667,10.3333,2001-06-14,4.9399998895824,16.909999622032,10.9249997558072,2001,6,NA
51.8667,10.3333,2001-06-15,8.3799998126924,18.5799995847046,13.4799996986985,2001,6,NA
51.8667,10.3333,2001-06-16,9.30999979190528,21.5599995180964,15.4349996550009,2001,6,NA
51.8667,10.3333,2001-06-17,11.789999736473,19.519999563694,15.6549996500835,2001,6,NA
51.8667,10.3333,2001-06-18,11.169999750331,18.1199995949864,14.6449996726587,2001,6,NA
51.8667,10.3333,2001-06-19,9.95999977737665,13.1699997056276,11.5649997415021,2001,6,NA
51.8667,10.3333,2001-06-20,7.38999983482063,12.2399997264147,9.81499978061765,2001,6,NA
51.8667,10.3333,2001-06-21,4.75999989360571,19.3199995681643,12.039999730885,2001,6,NA
51.8667,10.3333,2001-06-22,10.8499997574836,18.8099995795637,14.8299996685237,2001,6,NA
51.8667,10.3333,2001-06-23,8.6699998062104,12.4799997210503,10.5749997636303,2001,6,NA
51.8667,10.3333,2001-06-24,9.18999979458749,13.7699996922165,11.479999743402,2001,6,NA
51.8667,10.3333,2001-06-25,8.34999981336296,19.3799995668232,13.8649996900931,2001,6,NA
51.8667,10.3333,2001-06-26,9.9299997780472,21.4199995212257,15.6749996496364,2001,6,NA
51.8667,10.3333,2001-06-27,8.28999981470406,23.0599994845688,15.6749996496364,2001,6,NA
51.8667,10.3333,2001-06-28,11.9299997333437,27.1099993940443,19.519999563694,2001,6,NA
51.8667,10.3333,2001-06-29,14.6699996720999,20.8199995346367,17.7449996033683,2001,6,NA
51.8667,10.3333,2001-06-30,12.1699997279793,22.0199995078146,17.094999617897,2001,6,NA
51.8667,10.3333,2001-07-01,12.3799997232854,24.7899994459003,18.5849995845929,2001,7,NA
51.8667,10.3333,2001-07-02,11.5699997413903,18.8899995777756,15.229999659583,2001,7,NA
51.8667,10.3333,2001-07-03,10.6399997621775,18.8899995777756,14.7649996699765,2001,7,NA
51.8667,10.3333,2001-07-04,9.32999979145825,21.1199995279312,15.2249996596947,2001,7,NA
51.8667,10.3333,2001-07-05,10.9599997550249,23.519999474287,17.239999614656,2001,7,NA
51.8667,10.3333,2001-07-06,14.0399996861815,26.2899994123727,20.1649995492771,2001,7,NA
51.8667,10.3333,2001-07-07,15.3699996564537,27.2999993897974,21.3349995231256,2001,7,NA
51.8667,10.3333,2001-07-08,16.4899996314198,26.5899994056672,21.5399995185435,2001,7,NA
51.8667,10.3333,2001-07-09,14.0099996868521,18.3299995902926,16.1699996385723,2001,7,NA
51.8667,10.3333,2001-07-10,13.3899997007102,15.5499996524304,14.4699996765703,2001,7,NA
51.8667,10.3333,2001-07-11,12.4499997217208,21.8499995116144,17.1499996166676,2001,7,NA
51.8667,10.3333,2001-07-12,12.3599997237325,19.1299995724112,15.7449996480718,2001,7,NA
51.8667,10.3333,2001-07-13,10.3299997691065,18.8799995779991,14.6049996735528,2001,7,NA
51.8667,10.3333,2001-07-14,11.2899997476488,18.5199995860457,14.9049996668473,2001,7,NA
51.8667,10.3333,2001-07-15,11.789999736473,19.6099995616823,15.6999996490777,2001,7,NA
51.8667,10.3333,2001-07-16,11.3899997454137,16.9899996202439,14.1899996828288,2001,7,NA
51.8667,10.3333,2001-07-17,10.0799997746944,13.7099996935576,11.894999734126,2001,7,NA
51.8667,10.3333,2001-07-18,9.26999979279935,17.7299996037036,13.4999996982515,2001,7,NA
51.8667,10.3333,2001-07-19,10.2499997708946,19.9899995531887,15.1199996620417,2001,7,NA
51.8667,10.3333,2001-07-20,11.2599997483194,18.8299995791167,15.044999663718,2001,7,NA
51.8667,10.3333,2001-07-21,10.9399997554719,19.3499995674938,15.1449996614829,2001,7,NA
51.8667,10.3333,2001-07-22,11.3499997463077,20.1599995493889,15.7549996478483,2001,7,NA
51.8667,10.3333,2001-07-23,13.5699996966869,23.5299994740635,18.5499995853752,2001,7,NA
51.8667,10.3333,2001-07-24,13.9099996890873,25.4099994320422,19.6599995605648,2001,7,NA
51.8667,10.3333,2001-07-25,13.9999996870756,25.7899994235486,19.8949995553121,2001,7,NA
51.8667,10.3333,2001-07-26,14.7999996691942,24.0699994619936,19.4349995655939,2001,7,NA
51.8667,10.3333,2001-07-27,12.349999723956,25.4199994318187,18.8849995778874,2001,7,NA
51.8667,10.3333,2001-07-28,13.0799997076392,27.2599993906915,20.1699995491654,2001,7,NA
51.8667,10.3333,2001-07-29,14.0599996857345,28.4499993640929,21.2549995249137,2001,7,NA
51.8667,10.3333,2001-07-30,15.3399996571243,24.3699994552881,19.8549995562062,2001,7,NA
51.8667,10.3333,2001-07-31,12.7499997150153,26.709999402985,19.7299995590001,2001,7,NA
51.8667,10.3333,2001-08-01,15.4099996555597,26.8199994005263,21.114999528043,2001,8,NA
51.8667,10.3333,2001-08-02,12.4099997226149,20.3099995460361,16.3599996343255,2001,8,NA
51.8667,10.3333,2001-08-03,9.86999977938831,23.7199994698167,16.7949996246025,2001,8,NA
51.8667,10.3333,2001-08-04,15.0099996645004,24.6499994490296,19.829999556765,2001,8,NA
51.8667,10.3333,2001-08-05,11.7599997371435,19.7999995574355,15.7799996472895,2001,8,NA
51.8667,10.3333,2001-08-06,10.9399997554719,17.2699996139854,14.1049996847287,2001,8,NA
51.8667,10.3333,2001-08-07,9.95999977737665,16.8499996233732,13.4049997003749,2001,8,NA
51.8667,10.3333,2001-08-08,14.0599996857345,18.2099995929748,16.1349996393546,2001,8,NA
51.8667,10.3333,2001-08-09,12.9999997094274,19.1299995724112,16.0649996409193,2001,8,NA
51.8667,10.3333,2001-08-10,11.6799997389317,17.8799996003509,14.7799996696413,2001,8,NA
51.8667,10.3333,2001-08-11,9.5899997856468,15.6999996490777,12.6449997173622,2001,8,NA
51.8667,10.3333,2001-08-12,8.38999981246889,16.9799996204674,12.6849997164682,2001,8,NA
51.8667,10.3333,2001-08-13,10.629999762401,19.9999995529652,15.3149996576831,2001,8,NA
51.8667,10.3333,2001-08-14,14.2099996823817,18.7699995804578,16.4899996314198,2001,8,NA
51.8667,10.3333,2001-08-15,16.099999640137,27.7399993799627,21.9199995100498,2001,8,NA
51.8667,10.3333,2001-08-16,17.1399996168911,30.979999307543,24.0599994622171,2001,8,NA
51.8667,10.3333,2001-08-17,16.059999641031,28.0599993728101,22.0599995069206,2001,8,NA
51.8667,10.3333,2001-08-18,13.6999996937811,22.0699995066971,17.8849996002391,2001,8,NA
51.8667,10.3333,2001-08-19,13.0699997078627,22.2799995020032,17.674999604933,2001,8,NA
51.8667,10.3333,2001-08-20,15.5899996515363,23.6699994709343,19.6299995612353,2001,8,NA
51.8667,10.3333,2001-08-21,14.5599996745586,19.1499995719641,16.8549996232614,2001,8,NA
51.8667,10.3333,2001-08-22,14.0199996866286,20.9099995326251,17.4649996096268,2001,8,NA
51.8667,10.3333,2001-08-23,12.4599997214973,23.4299994762987,17.944999598898,2001,8,NA
51.8667,10.3333,2001-08-24,14.0099996868521,25.7699994239956,19.8899995554239,2001,8,NA
51.8667,10.3333,2001-08-25,17.0499996189028,27.7099993806332,22.379999499768,2001,8,NA
51.8667,10.3333,2001-08-26,16.389999633655,28.8699993547052,22.6299994941801,2001,8,NA
51.8667,10.3333,2001-08-27,15.9299996439368,29.8999993316829,22.9149994878098,2001,8,NA
51.8667,10.3333,2001-08-28,10.3099997695535,20.7099995370954,15.5099996533245,2001,8,NA
51.8667,10.3333,2001-08-29,8.58999980799854,16.3399996347725,12.4649997213855,2001,8,NA
51.8667,10.3333,2001-08-30,9.11999979615211,18.2999995909631,13.7099996935576,2001,8,NA
51.8667,10.3333,2001-08-31,8.42999981157482,20.9899995308369,14.7099996712059,2001,8,NA
51.8667,10.3333,2001-09-01,12.079999729991,18.4399995878339,15.2599996589124,2001,9,NA
51.8667,10.3333,2001-09-02,10.4399997666478,17.4799996092916,13.9599996879697,2001,9,NA
51.8667,10.3333,2001-09-03,8.40999981202185,16.0899996403605,12.2499997261912,2001,9,NA
51.8667,10.3333,2001-09-04,12.2399997264147,15.8699996452779,14.0549996858463,2001,9,NA
51.8667,10.3333,2001-09-05,9.88999977894127,13.2399997040629,11.5649997415021,2001,9,NA
51.8667,10.3333,2001-09-06,9.22999979369342,15.0499996636063,12.1399997286499,2001,9,NA
51.8667,10.3333,2001-09-07,7.08999984152615,13.199999704957,10.1449997732416,2001,9,NA
51.8667,10.3333,2001-09-08,9.11999979615211,11.9999997317791,10.5599997639656,2001,9,NA
51.8667,10.3333,2001-09-09,6.50999985449016,12.4099997226149,9.45999978855252,2001,9,NA
51.8667,10.3333,2001-09-10,6.16999986208975,9.63999978452921,7.90499982330948,2001,9,NA
51.8667,10.3333,2001-09-11,8.4399998113513,10.2799997702241,9.3599997907877,2001,9,NA
51.8667,10.3333,2001-09-12,7.60999982990324,9.85999977961183,8.73499980475754,2001,9,NA
51.8667,10.3333,2001-09-13,8.73999980464578,12.4999997206032,10.6199997626245,2001,9,NA
51.8667,10.3333,2001-09-14,8.63999980688095,13.3999997004867,11.0199997536838,2001,9,NA
51.8667,10.3333,2001-09-15,7.8099998254329,11.9699997324497,9.88999977894127,2001,9,NA
51.8667,10.3333,2001-09-16,7.45999983325601,11.6599997393787,9.55999978631735,2001,9,NA
51.8667,10.3333,2001-09-17,6.87999984622002,10.4799997657537,8.67999980598688,2001,9,NA
51.8667,10.3333,2001-09-18,5.09999988600612,12.4499997217208,8.77499980386347,2001,9,NA
51.8667,10.3333,2001-09-19,3.84999991394579,12.3199997246265,8.08499981928617,2001,9,NA
51.8667,10.3333,2001-09-20,6.74999984912574,15.20999966003,10.9799997545779,2001,9,NA
51.8667,10.3333,2001-09-21,8.65999980643392,11.5399997420609,10.0999997742474,2001,9,NA
51.8667,10.3333,2001-09-22,8.81999980285764,10.9999997541308,9.90999977849424,2001,9,NA
51.8667,10.3333,2001-09-23,7.99999982118607,10.1599997729063,9.07999979704618,2001,9,NA
51.8667,10.3333,2001-09-24,6.81999984756112,13.7199996933341,10.2699997704476,2001,9,NA
51.8667,10.3333,2001-09-25,5.55999987572432,12.329999724403,8.94499980006367,2001,9,NA
51.8667,10.3333,2001-09-26,5.52999987639487,13.6299996953458,9.57999978587031,2001,9,NA
51.8667,10.3333,2001-09-27,5.41999987885356,14.1999996826053,9.80999978072941,2001,9,NA
51.8667,10.3333,2001-09-28,7.23999983817339,13.4499996993691,10.3449997687712,2001,9,NA
51.8667,10.3333,2001-09-29,9.73999978229403,13.6499996948987,11.6949997385964,2001,9,NA
51.8667,10.3333,2001-09-30,8.23999981582165,17.8499996010214,13.0449997084215,2001,9,NA
51.8667,10.3333,2001-10-01,9.88999977894127,15.0799996629357,12.4849997209385,2001,10,2002
51.8667,10.3333,2001-10-02,9.97999977692962,15.8299996461719,12.9049997115508,2001,10,2002
51.8667,10.3333,2001-10-03,12.1399997286499,20.0199995525181,16.079999640584,2001,10,2002
51.8667,10.3333,2001-10-04,11.6299997400492,17.6899996045977,14.6599996723235,2001,10,2002
51.8667,10.3333,2001-10-05,8.86999980174005,14.9999996647239,11.934999733232,2001,10,2002
51.8667,10.3333,2001-10-06,7.33999983593822,14.4299996774644,10.8849997567013,2001,10,2002
51.8667,10.3333,2001-10-07,7.17999983951449,16.5899996291846,11.8849997343495,2001,10,2002
51.8667,10.3333,2001-10-08,11.3999997451901,15.3099996577948,13.3549997014925,2001,10,2002
51.8667,10.3333,2001-10-09,8.77999980375171,14.6799996718764,11.7299997378141,2001,10,2002
51.8667,10.3333,2001-10-10,8.50999980978668,14.2299996819347,11.3699997458607,2001,10,2002
51.8667,10.3333,2001-10-11,9.68999978341162,14.5099996756762,12.0999997295439,2001,10,2002
51.8667,10.3333,2001-10-12,10.4299997668713,13.4799996986985,11.9549997327849,2001,10,2002
51.8667,10.3333,2001-10-13,8.41999981179833,18.3699995893985,13.3949997005984,2001,10,2002
51.8667,10.3333,2001-10-14,10.0799997746944,21.0499995294958,15.5649996520951,2001,10,2002
51.8667,10.3333,2001-10-15,11.7799997366965,22.7499994914979,17.2649996140972,2001,10,2002
51.8667,10.3333,2001-10-16,11.4399997442961,19.3899995665997,15.4149996554479,2001,10,2002
51.8667,10.3333,2001-10-17,8.12999981828034,15.9999996423721,12.0649997303262,2001,10,2002
51.8667,10.3333,2001-10-18,6.80999984778464,16.6499996278435,11.7299997378141,2001,10,2002
51.8667,10.3333,2001-10-19,7.40999983437359,16.5499996300787,11.9799997322261,2001,10,2002
51.8667,10.3333,2001-10-20,7.72999982722104,18.4399995878339,13.0849997075275,2001,10,2002
51.8667,10.3333,2001-10-21,7.01999984309077,17.1199996173382,12.0699997302145,2001,10,2002
51.8667,10.3333,2001-10-22,5.29999988153577,13.0999997071922,9.19999979436398,2001,10,2002
51.8667,10.3333,2001-10-23,9.19999979436398,13.4299996998161,11.31499974709,2001,10,2002
51.8667,10.3333,2001-10-24,7.36999983526766,12.7799997143447,10.0749997748062,2001,10,2002
51.8667,10.3333,2001-10-25,7.53999983146787,10.6199997626245,9.07999979704618,2001,10,2002
51.8667,10.3333,2001-10-26,7.58999983035028,11.3299997467548,9.45999978855252,2001,10,2002
51.8667,10.3333,2001-10-27,7.32999983616173,11.9899997320026,9.65999978408217,2001,10,2002
51.8667,10.3333,2001-10-28,8.09999981895089,10.8899997565895,9.49499978777021,2001,10,2002
51.8667,10.3333,2001-10-29,7.8099998254329,10.6199997626245,9.2149997940287,2001,10,2002
51.8667,10.3333,2001-10-30,6.97999984398484,9.46999978832901,8.22499981615692,2001,10,2002
51.8667,10.3333,2001-10-31,9.10999979637563,16.1099996399134,12.6099997181445,2001,10,2002
51.8667,10.3333,2001-11-01,5.69999987259507,14.9999996647239,10.3499997686595,2001,11,2002
51.8667,10.3333,2001-11-02,4.61999989673495,6.68999985046685,5.6549998736009,2001,11,2002
51.8667,10.3333,2001-11-03,5.2799998819828,8.85999980196357,7.06999984197319,2001,11,2002
51.8667,10.3333,2001-11-04,5.92999986745417,7.90999982319772,6.91999984532595,2001,11,2002
51.8667,10.3333,2001-11-05,5.31999988108873,8.27999981492758,6.79999984800816,2001,11,2002
51.8667,10.3333,2001-11-06,1.6099999640137,6.96999984420836,4.28999990411103,2001,11,2002
51.8667,10.3333,2001-11-07,1.7799999602139,6.37999985739589,4.07999990880489,2001,11,2002
51.8667,10.3333,2001-11-08,3.66999991796911,6.17999986186624,4.92499988991767,2001,11,2002
51.8667,10.3333,2001-11-09,-0.509999988600612,5.25999988242984,2.37499994691461,2001,11,2002
51.8667,10.3333,2001-11-10,-2.75999993830919,0.199999995529652,-1.27999997138977,2001,11,2002
51.8667,10.3333,2001-11-11,-6.37999985739589,2.02999995462596,-2.17499995138496,2001,11,2002
51.8667,10.3333,2001-11-12,-2.4699999447912,3.57999991998076,0.554999987594783,2001,11,2002
51.8667,10.3333,2001-11-13,1.96999995596707,6.87999984622002,4.42499990109354,2001,11,2002
51.8667,10.3333,2001-11-14,-2.13999995216727,5.61999987438321,1.73999996110797,2001,11,2002
51.8667,10.3333,2001-11-15,-2.64999994076788,0.92999997921288,-0.859999980777502,2001,11,2002
51.8667,10.3333,2001-11-16,-5.15999988466501,2.81999993696809,-1.16999997384846,2001,11,2002
51.8667,10.3333,2001-11-17,1.28999997116625,6.04999986477196,3.66999991796911,2001,11,2002
51.8667,10.3333,2001-11-18,2.56999994255602,5.34999988041818,3.9599999114871,2001,11,2002
51.8667,10.3333,2001-11-19,1.64999996311963,5.67999987304211,3.66499991808087,2001,11,2002
51.8667,10.3333,2001-11-20,2.75999993830919,4.97999988868833,3.86999991349876,2001,11,2002
51.8667,10.3333,2001-11-21,1.53999996557832,5.1099998857826,3.32499992568046,2001,11,2002
51.8667,10.3333,2001-11-22,3.52999992109835,6.12999986298382,4.82999989204109,2001,11,2002
51.8667,10.3333,2001-11-23,-1.26999997161329,5.32999988086522,2.02999995462596,2001,11,2002
51.8667,10.3333,2001-11-24,-2.25999994948506,0.689999984577298,-0.784999982453883,2001,11,2002
51.8667,10.3333,2001-11-25,0.0699999984353781,2.08999995328486,1.07999997586012,2001,11,2002
51.8667,10.3333,2001-11-26,1.52999996580184,5.09999988600612,3.31499992590398,2001,11,2002
51.8667,10.3333,2001-11-27,2.42999994568527,6.34999985806644,4.38999990187585,2001,11,2002
51.8667,10.3333,2001-11-28,-0.0999999977648258,3.0999999307096,1.49999996647239,2001,11,2002
51.8667,10.3333,2001-11-29,0.779999982565641,3.75999991595745,2.26999994926155,2001,11,2002
51.8667,10.3333,2001-11-30,1.67999996244907,3.86999991349876,2.77499993797392,2001,11,2002
51.8667,10.3333,2001-12-01,3.10999993048608,6.14999986253679,4.62999989651144,2001,12,2002
51.8667,10.3333,2001-12-02,4.38999990187585,7.29999983683228,5.84499986935407,2001,12,2002
51.8667,10.3333,2001-12-03,4.06999990902841,7.95999982208014,6.01499986555427,2001,12,2002
51.8667,10.3333,2001-12-04,1.04999997653067,5.08999988622963,3.06999993138015,2001,12,2002
51.8667,10.3333,2001-12-05,0.159999996423721,5.83999986946583,2.99999993294477,2001,12,2002
51.8667,10.3333,2001-12-06,3.52999992109835,5.70999987237155,4.61999989673495,2001,12,2002
51.8667,10.3333,2001-12-07,-0.169999996200204,6.14999986253679,2.98999993316829,2001,12,2002
51.8667,10.3333,2001-12-08,-2.38999994657934,1.52999996580184,-0.429999990388751,2001,12,2002
51.8667,10.3333,2001-12-09,-2.87999993562698,0.96999997831881,-0.954999978654087,2001,12,2002
51.8667,10.3333,2001-12-10,-5.22999988310039,0.189999995753169,-2.51999994367361,2001,12,2002
51.8667,10.3333,2001-12-11,-3.729999916628,2.2399999499321,-0.744999983347952,2001,12,2002
51.8667,10.3333,2001-12-12,-0.399999991059303,3.44999992288649,1.52499996591359,2001,12,2002
51.8667,10.3333,2001-12-13,-1.06999997608364,1.26999997161329,0.0999999977648258,2001,12,2002
51.8667,10.3333,2001-12-14,-10.9799997545779,-0.139999996870756,-5.55999987572432,2001,12,2002
51.8667,10.3333,2001-12-15,-11.9599997326732,-4.89999989047647,-8.42999981157482,2001,12,2002
51.8667,10.3333,2001-12-16,-7.02999984286726,-2.24999994970858,-4.63999989628792,2001,12,2002
51.8667,10.3333,2001-12-17,-4.57999989762902,-1.39999996870756,-2.98999993316829,2001,12,2002
51.8667,10.3333,2001-12-18,-3.60999991931021,-0.649999985471368,-2.12999995239079,2001,12,2002
51.8667,10.3333,2001-12-19,-3.02999993227422,0.319999992847443,-1.35499996971339,2001,12,2002
51.8667,10.3333,2001-12-20,-0.799999982118607,1.87999995797873,0.539999987930059,2001,12,2002
51.8667,10.3333,2001-12-21,-9.07999979704618,0.139999996870756,-4.46999990008771,2001,12,2002
51.8667,10.3333,2001-12-22,-6.81999984756112,-0.529999988153577,-3.67499991785735,2001,12,2002
51.8667,10.3333,2001-12-23,-5.19999988377094,-0.879999980330467,-3.0399999320507,2001,12,2002
51.8667,10.3333,2001-12-24,-11.9699997324497,-4.85999989137053,-8.41499981191009,2001,12,2002
51.8667,10.3333,2001-12-25,-10.629999762401,-2.27999994903803,-6.45499985571951,2001,12,2002
51.8667,10.3333,2001-12-26,-2.32999994792044,0.96999997831881,-0.679999984800816,2001,12,2002
51.8667,10.3333,2001-12-27,-2.03999995440245,0.129999997094274,-0.954999978654087,2001,12,2002
51.8667,10.3333,2001-12-28,-3.0999999307096,-1.22999997250736,-2.16499995160848,2001,12,2002
51.8667,10.3333,2001-12-29,-1.4899999666959,2.4699999447912,0.489999989047647,2001,12,2002
51.8667,10.3333,2001-12-30,-3.64999991841614,1.39999996870756,-1.12499997485429,2001,12,2002
51.8667,10.3333,2001-12-31,-5.22999988310039,-1.84999995864928,-3.53999992087483,2001,12,2002
51.8667,10.3333,2002-01-01,-10.3699997682124,-4.31999990344048,-7.34499983582646,2002,1,2002
51.8667,10.3333,2002-01-02,-7.30999983660877,-0.789999982342124,-4.04999990947545,2002,1,2002
51.8667,10.3333,2002-01-03,-6.56999985314906,-0.209999995306134,-3.3899999242276,2002,1,2002
51.8667,10.3333,2002-01-04,-12.1899997275323,-4.57999989762902,-8.38499981258065,2002,1,2002
51.8667,10.3333,2002-01-05,-13.3899997007102,-1.96999995596707,-7.67999982833862,2002,1,2002
51.8667,10.3333,2002-01-06,-9.67999978363514,1.57999996468425,-4.04999990947545,2002,1,2002
51.8667,10.3333,2002-01-07,-6.99999984353781,0.939999978989363,-3.02999993227422,2002,1,2002
51.8667,10.3333,2002-01-08,-1.21999997273088,1.03999997675419,-0.0899999979883432,2002,1,2002
51.8667,10.3333,2002-01-09,-2.52999994345009,0.689999984577298,-0.919999979436398,2002,1,2002
51.8667,10.3333,2002-01-10,-4.31999990344048,1.00999997742474,-1.65499996300787,2002,1,2002
51.8667,10.3333,2002-01-11,-6.10999986343086,0.109999997541308,-2.99999993294477,2002,1,2002
51.8667,10.3333,2002-01-12,-7.38999983482063,0.199999995529652,-3.59499991964549,2002,1,2002
51.8667,10.3333,2002-01-13,-2.29999994859099,-0.0799999982118607,-1.18999997340143,2002,1,2002
51.8667,10.3333,2002-01-14,-4.32999990321696,0.65999998524785,-1.83499995898455,2002,1,2002
51.8667,10.3333,2002-01-15,-5.74999987147748,-0.669999985024333,-3.20999992825091,2002,1,2002
51.8667,10.3333,2002-01-16,-7.20999983884394,-1.87999995797873,-4.54499989841133,2002,1,2002
51.8667,10.3333,2002-01-17,-7.65999982878566,-1.18999997340143,-4.42499990109354,2002,1,2002
51.8667,10.3333,2002-01-18,-4.05999990925193,0.0299999993294477,-2.01499995496124,2002,1,2002
51.8667,10.3333,2002-01-19,-2.11999995261431,-0.159999996423721,-1.13999997451901,2002,1,2002
51.8667,10.3333,2002-01-20,-1.81999995931983,2.10999995283782,0.144999996758997,2002,1,2002
51.8667,10.3333,2002-01-21,0.469999989494681,3.84999991394579,2.15999995172024,2002,1,2002
51.8667,10.3333,2002-01-22,3.40999992378056,8.039999820292,5.72499987203628,2002,1,2002
51.8667,10.3333,2002-01-23,1.98999995552003,5.91999986767769,3.95499991159886,2002,1,2002
51.8667,10.3333,2002-01-24,2.44999994523823,4.79999989271164,3.62499991897494,2002,1,2002
51.8667,10.3333,2002-01-25,2.75999993830919,7.69999982789159,5.22999988310039,2002,1,2002
51.8667,10.3333,2002-01-26,-0.589999986812472,4.2499999050051,1.82999995909631,2002,1,2002
51.8667,10.3333,2002-01-27,1.19999997317791,7.50999983213842,4.35499990265816,2002,1,2002
51.8667,10.3333,2002-01-28,4.019999910146,7.13999984040856,5.57999987527728,2002,1,2002
51.8667,10.3333,2002-01-29,4.28999990411103,10.049999775365,7.16999983973801,2002,1,2002
51.8667,10.3333,2002-01-30,4.34999990276992,8.76999980397522,6.55999985337257,2002,1,2002
51.8667,10.3333,2002-01-31,5.86999986879528,9.41999978944659,7.64499982912093,2002,1,2002
51.8667,10.3333,2002-02-01,1.99999995529652,8.1499998178333,5.07499988656491,2002,2,2002
51.8667,10.3333,2002-02-02,3.3299999255687,8.74999980442226,6.03999986499548,2002,2,2002
51.8667,10.3333,2002-02-03,6.63999985158443,14.3499996792525,10.4949997654185,2002,2,2002
51.8667,10.3333,2002-02-04,6.16999986208975,13.8199996910989,9.99499977659434,2002,2,2002
51.8667,10.3333,2002-02-05,5.12999988533556,10.5499997641891,7.83999982476234,2002,2,2002
51.8667,10.3333,2002-02-06,5.89999986812472,10.5399997644126,8.21999981626868,2002,2,2002
51.8667,10.3333,2002-02-07,3.48999992199242,8.1499998178333,5.81999986991286,2002,2,2002
51.8667,10.3333,2002-02-08,3.00999993272126,4.96999988891184,3.98999991081655,2002,2,2002
51.8667,10.3333,2002-02-09,2.29999994859099,7.77999982610345,5.03999988734722,2002,2,2002
51.8667,10.3333,2002-02-10,4.02999990992248,8.73999980464578,6.38499985728413,2002,2,2002
51.8667,10.3333,2002-02-11,2.87999993562698,5.06999988667667,3.97499991115183,2002,2,2002
51.8667,10.3333,2002-02-12,4.06999990902841,8.6699998062104,6.3699998576194,2002,2,2002
51.8667,10.3333,2002-02-13,6.86999984644353,10.2799997702241,8.57499980833381,2002,2,2002
51.8667,10.3333,2002-02-14,1.44999996758997,7.36999983526766,4.40999990142882,2002,2,2002
51.8667,10.3333,2002-02-15,-3.36999992467463,1.85999995842576,-0.754999983124435,2002,2,2002
51.8667,10.3333,2002-02-16,-5.20999988354743,5.54999987594783,0.169999996200204,2002,2,2002
51.8667,10.3333,2002-02-17,-3.40999992378056,6.83999984711409,1.71499996166676,2002,2,2002
51.8667,10.3333,2002-02-18,-2.83999993652105,6.60999985225499,1.88499995786697,2002,2,2002
51.8667,10.3333,2002-02-19,-1.33999997004867,2.26999994926155,0.46499998960644,2002,2,2002
51.8667,10.3333,2002-02-20,-0.649999985471368,2.54999994300306,0.949999978765845,2002,2,2002
51.8667,10.3333,2002-02-21,-0.239999994635582,5.14999988488853,2.45499994512647,2002,2,2002
51.8667,10.3333,2002-02-22,-5.82999986968935,1.23999997228384,-2.29499994870275,2002,2,2002
51.8667,10.3333,2002-02-23,-5.16999988444149,2.30999994836748,-1.42999996803701,2002,2,2002
51.8667,10.3333,2002-02-24,-1.55999996513128,2.44999994523823,0.444999990053475,2002,2,2002
51.8667,10.3333,2002-02-25,-1.52999996580184,1.05999997630715,-0.234999994747341,2002,2,2002
51.8667,10.3333,2002-02-26,-1.28999997116625,4.7099998947233,1.70999996177852,2002,2,2002
51.8667,10.3333,2002-02-27,3.70999991707504,9.0699997972697,6.38999985717237,2002,2,2002
51.8667,10.3333,2002-02-28,1.79999995976686,6.4299998562783,4.11499990802258,2002,2,2002
51.8667,10.3333,2002-03-01,1.01999997720122,5.14999988488853,3.08499993104488,2002,3,2002
51.8667,10.3333,2002-03-02,-2.39999994635582,3.02999993227422,0.314999992959201,2002,3,2002
51.8667,10.3333,2002-03-03,-6.85999984666705,2.31999994814396,-2.26999994926155,2002,3,2002
51.8667,10.3333,2002-03-04,-2.009999955073,2.05999995395541,0.0249999994412065,2002,3,2002
51.8667,10.3333,2002-03-05,1.11999997496605,4.44999990053475,2.7849999377504,2002,3,2002
51.8667,10.3333,2002-03-06,2.21999995037913,5.94999986700714,4.08499990869313,2002,3,2002
51.8667,10.3333,2002-03-07,1.63999996334314,6.00999986566603,3.82499991450459,2002,3,2002
51.8667,10.3333,2002-03-08,3.23999992758036,7.61999982967973,5.42999987863004,2002,3,2002
51.8667,10.3333,2002-03-09,0.319999992847443,8.32999981380999,4.32499990332872,2002,3,2002
51.8667,10.3333,2002-03-10,2.13999995216727,6.21999986097217,4.17999990656972,2002,3,2002
51.8667,10.3333,2002-03-11,0.599999986588955,7.21999983862042,3.90999991260469,2002,3,2002
51.8667,10.3333,2002-03-12,2.87999993562698,12.5299997199327,7.70499982777983,2002,3,2002
51.8667,10.3333,2002-03-13,4.40999990142882,11.8499997351319,8.12999981828034,2002,3,2002
51.8667,10.3333,2002-03-14,0.319999992847443,8.39999981224537,4.35999990254641,2002,3,2002
51.8667,10.3333,2002-03-15,-1.03999997675419,1.7799999602139,0.369999991729856,2002,3,2002
51.8667,10.3333,2002-03-16,-1.88999995775521,1.52999996580184,-0.179999995976686,2002,3,2002
51.8667,10.3333,2002-03-17,-0.0599999986588955,8.13999981805682,4.03999990969896,2002,3,2002
51.8667,10.3333,2002-03-18,1.40999996848404,14.0199996866286,7.71499982755631,2002,3,2002
51.8667,10.3333,2002-03-19,5.739999871701,14.8499996680766,10.2949997698888,2002,3,2002
51.8667,10.3333,2002-03-20,4.78999989293516,10.0599997751415,7.42499983403832,2002,3,2002
51.8667,10.3333,2002-03-21,3.96999991126359,8.84999980218709,6.40999985672534,2002,3,2002
51.8667,10.3333,2002-03-22,4.20999990589917,9.67999978363514,6.94499984476715,2002,3,2002
51.8667,10.3333,2002-03-23,0.189999995753169,6.75999984890223,3.4749999223277,2002,3,2002
51.8667,10.3333,2002-03-24,-1.17999997362494,1.9499999564141,0.384999991394579,2002,3,2002
51.8667,10.3333,2002-03-25,-1.3199999704957,1.65999996289611,0.169999996200204,2002,3,2002
51.8667,10.3333,2002-03-26,-2.72999993897974,1.0899999756366,-0.819999981671572,2002,3,2002
51.8667,10.3333,2002-03-27,-3.05999993160367,3.17999992892146,0.0599999986588955,2002,3,2002
51.8667,10.3333,2002-03-28,-5.14999988488853,4.56999989785254,-0.289999993517995,2002,3,2002
51.8667,10.3333,2002-03-29,-4.03999990969896,9.49999978765845,2.72999993897974,2002,3,2002
51.8667,10.3333,2002-03-30,-0.849999981001019,14.1999996826053,6.67499985080212,2002,3,2002
51.8667,10.3333,2002-03-31,1.82999995909631,15.0199996642768,8.42499981168658,2002,3,2002
51.8667,10.3333,2002-04-01,3.729999916628,14.5899996738881,9.15999979525805,2002,4,2002
51.8667,10.3333,2002-04-02,3.44999992288649,14.5399996750057,8.99499979894608,2002,4,2002
51.8667,10.3333,2002-04-03,4.05999990925193,16.349999634549,10.2049997719005,2002,4,2002
51.8667,10.3333,2002-04-04,5.25999988242984,13.9299996886402,9.59499978553504,2002,4,2002
51.8667,10.3333,2002-04-05,0.529999988153577,11.5499997418374,6.03999986499548,2002,4,2002
51.8667,10.3333,2002-04-06,-1.62999996356666,7.0599998421967,2.71499993931502,2002,4,2002
51.8667,10.3333,2002-04-07,-5.09999988600612,3.44999992288649,-0.824999981559813,2002,4,2002
51.8667,10.3333,2002-04-08,-4.2499999050051,8.59999980777502,2.17499995138496,2002,4,2002
51.8667,10.3333,2002-04-09,-2.75999993830919,7.25999983772635,2.24999994970858,2002,4,2002
51.8667,10.3333,2002-04-10,-2.16999995149672,8.61999980732799,3.22499992791563,2002,4,2002
51.8667,10.3333,2002-04-11,-0.389999991282821,6.2599998600781,2.93499993439764,2002,4,2002
51.8667,10.3333,2002-04-12,0.949999978765845,7.70999982766807,4.32999990321696,2002,4,2002
51.8667,10.3333,2002-04-13,-0.299999993294477,11.4299997445196,5.56499987561256,2002,4,2002
51.8667,10.3333,2002-04-14,4.08999990858138,6.8299998473376,5.45999987795949,2002,4,2002
51.8667,10.3333,2002-04-15,3.25999992713332,4.32999990321696,3.79499991517514,2002,4,2002
51.8667,10.3333,2002-04-16,3.39999992400408,4.89999989047647,4.14999990724027,2002,4,2002
51.8667,10.3333,2002-04-17,2.76999993808568,5.01999988779426,3.89499991293997,2002,4,2002
51.8667,10.3333,2002-04-18,2.45999994501472,7.1199998408556,4.78999989293516,2002,4,2002
51.8667,10.3333,2002-04-19,3.75999991595745,11.6199997402728,7.68999982811511,2002,4,2002
51.8667,10.3333,2002-04-20,3.74999991618097,9.65999978408217,6.70499985013157,2002,4,2002
51.8667,10.3333,2002-04-21,1.44999996758997,10.2899997700006,5.86999986879528,2002,4,2002
51.8667,10.3333,2002-04-22,3.04999993182719,13.3799997009337,8.21499981638044,2002,4,2002
51.8667,10.3333,2002-04-23,2.83999993652105,16.6999996267259,9.76999978162348,2002,4,2002
51.8667,10.3333,2002-04-24,7.46999983303249,13.9199996888638,10.6949997609481,2002,4,2002
51.8667,10.3333,2002-04-25,7.40999983437359,10.609999762848,9.00999979861081,2002,4,2002
51.8667,10.3333,2002-04-26,8.76999980397522,16.5999996289611,12.6849997164682,2002,4,2002
51.8667,10.3333,2002-04-27,6.53999985381961,11.6599997393787,9.09999979659915,2002,4,2002
51.8667,10.3333,2002-04-28,1.61999996379018,7.16999983973801,4.39499990176409,2002,4,2002
51.8667,10.3333,2002-04-29,2.44999994523823,8.04999982006848,5.24999988265336,2002,4,2002
51.8667,10.3333,2002-04-30,4.61999989673495,10.3799997679889,7.49999983236194,2002,4,2002
51.8667,10.3333,2002-05-01,3.79999991506338,12.2999997250736,8.04999982006848,2002,5,NA
51.8667,10.3333,2002-05-02,7.62999982945621,13.21999970451,10.4249997669831,2002,5,NA
51.8667,10.3333,2002-05-03,6.72999984957278,12.6099997181445,9.66999978385866,2002,5,NA
51.8667,10.3333,2002-05-04,6.78999984823167,9.5899997856468,8.18999981693923,2002,5,NA
51.8667,10.3333,2002-05-05,6.75999984890223,8.01999982073903,7.38999983482063,2002,5,NA
51.8667,10.3333,2002-05-06,7.01999984309077,11.8399997353554,9.42999978922307,2002,5,NA
51.8667,10.3333,2002-05-07,5.99999986588955,9.53999978676438,7.76999982632697,2002,5,NA
51.8667,10.3333,2002-05-08,4.019999910146,16.6199996285141,10.31999976933,2002,5,NA
51.8667,10.3333,2002-05-09,7.85999982431531,17.7499996032566,12.8049997137859,2002,5,NA
51.8667,10.3333,2002-05-10,9.59999978542328,20.8399995341897,15.2199996598065,2002,5,NA
51.8667,10.3333,2002-05-11,11.3599997460842,21.0399995297194,16.1999996379018,2002,5,NA
51.8667,10.3333,2002-05-12,11.1799997501075,16.7999996244907,13.9899996872991,2002,5,NA
51.8667,10.3333,2002-05-13,9.40999978967011,16.3999996334314,12.9049997115508,2002,5,NA
51.8667,10.3333,2002-05-14,9.64999978430569,18.5599995851517,14.1049996847287,2002,5,NA
51.8667,10.3333,2002-05-15,8.70999980531633,15.4099996555597,12.059999730438,2002,5,NA
51.8667,10.3333,2002-05-16,7.55999983102083,15.0399996638298,11.2999997474253,2002,5,NA
51.8667,10.3333,2002-05-17,8.57999980822206,21.7199995145202,15.1499996613711,2002,5,NA
51.8667,10.3333,2002-05-18,9.34999979101121,20.2299995478243,14.7899996694177,2002,5,NA
51.8667,10.3333,2002-05-19,8.6099998075515,19.6699995603412,14.1399996839464,2002,5,NA
51.8667,10.3333,2002-05-20,9.65999978408217,14.9599996656179,12.3099997248501,2002,5,NA
51.8667,10.3333,2002-05-21,9.57999978587031,18.1599995940924,13.8699996899813,2002,5,NA
51.8667,10.3333,2002-05-22,9.57999978587031,19.9499995540828,14.7649996699765,2002,5,NA
51.8667,10.3333,2002-05-23,11.3799997456372,25.0499994400889,18.214999592863,2002,5,NA
51.8667,10.3333,2002-05-24,10.359999768436,16.0199996419251,13.1899997051805,2002,5,NA
51.8667,10.3333,2002-05-25,10.4499997664243,17.1299996171147,13.7899996917695,2002,5,NA
51.8667,10.3333,2002-05-26,8.64999980665743,13.9599996879697,11.3049997473136,2002,5,NA
51.8667,10.3333,2002-05-27,5.99999986588955,16.909999622032,11.4549997439608,2002,5,NA
51.8667,10.3333,2002-05-28,7.69999982789159,16.2499996367842,11.9749997323379,2002,5,NA
51.8667,10.3333,2002-05-29,9.40999978967011,14.1199996843934,11.7649997370318,2002,5,NA
51.8667,10.3333,2002-05-30,7.63999982923269,15.0199996642768,11.3299997467548,2002,5,NA
51.8667,10.3333,2002-05-31,6.4299998562783,16.5499996300787,11.4899997431785,2002,5,NA
51.8667,10.3333,2002-06-01,7.70999982766807,16.9599996209145,12.3349997242913,2002,6,NA
51.8667,10.3333,2002-06-02,5.46999987773597,15.2899996582419,10.3799997679889,2002,6,NA
51.8667,10.3333,2002-06-03,5.55999987572432,18.8199995793402,12.1899997275323,2002,6,NA
51.8667,10.3333,2002-06-04,8.73999980464578,20.9999995306134,14.8699996676296,2002,6,NA
51.8667,10.3333,2002-06-05,12.7299997154623,23.4599994756281,18.0949995955452,2002,6,NA
51.8667,10.3333,2002-06-06,14.8799996674061,23.1699994821101,19.0249995747581,2002,6,NA
51.8667,10.3333,2002-06-07,13.7899996917695,19.3499995674938,16.5699996296316,2002,6,NA
51.8667,10.3333,2002-06-08,12.8599997125566,15.4099996555597,14.1349996840581,2002,6,NA
51.8667,10.3333,2002-06-09,10.9399997554719,13.5799996964633,12.2599997259676,2002,6,NA
51.8667,10.3333,2002-06-10,8.57999980822206,19.209999570623,13.8949996894225,2002,6,NA
51.8667,10.3333,2002-06-11,10.049999775365,14.9499996658415,12.4999997206032,2002,6,NA
51.8667,10.3333,2002-06-12,8.34999981336296,15.1799996607006,11.7649997370318,2002,6,NA
51.8667,10.3333,2002-06-13,9.71999978274107,15.229999659583,12.474999721162,2002,6,NA
51.8667,10.3333,2002-06-14,10.8099997583777,13.6699996944517,12.2399997264147,2002,6,NA
51.8667,10.3333,2002-06-15,10.8299997579306,17.9799995981157,14.4049996780232,2002,6,NA
51.8667,10.3333,2002-06-16,13.0299997087568,20.679999537766,16.8549996232614,2002,6,NA
51.8667,10.3333,2002-06-17,12.2499997261912,17.9799995981157,15.1149996621534,2002,6,NA
51.8667,10.3333,2002-06-18,14.1999996826053,27.3199993893504,20.7599995359778,2002,6,NA
51.8667,10.3333,2002-06-19,18.2999995909631,30.7899993117899,24.5449994513765,2002,6,NA
51.8667,10.3333,2002-06-20,15.7999996468425,23.8399994671345,19.8199995569885,2002,6,NA
51.8667,10.3333,2002-06-21,15.189999660477,24.7899994459003,19.9899995531887,2002,6,NA
51.8667,10.3333,2002-06-22,13.0599997080863,19.0499995741993,16.0549996411428,2002,6,NA
51.8667,10.3333,2002-06-23,12.2499997261912,22.4299994986504,17.3399996124208,2002,6,NA
51.8667,10.3333,2002-06-24,11.8699997346848,19.6299995612353,15.7499996479601,2002,6,NA
51.8667,10.3333,2002-06-25,10.1799997724593,18.1699995938689,14.1749996831641,2002,6,NA
51.8667,10.3333,2002-06-26,8.05999981984496,18.5999995842576,13.3299997020513,2002,6,NA
51.8667,10.3333,2002-06-27,9.80999978072941,21.4099995214492,15.6099996510893,2002,6,NA
51.8667,10.3333,2002-06-28,10.8499997574836,17.5699996072799,14.2099996823817,2002,6,NA
51.8667,10.3333,2002-06-29,7.83999982476234,14.4499996770173,11.1449997508898,2002,6,NA
51.8667,10.3333,2002-06-30,8.10999981872737,12.6799997165799,10.3949997676536,2002,6,NA
51.8667,10.3333,2002-07-01,9.14999979548156,18.1299995947629,13.6399996951222,2002,7,NA
51.8667,10.3333,2002-07-02,10.7799997590482,13.799999691546,12.2899997252971,2002,7,NA
51.8667,10.3333,2002-07-03,10.4299997668713,15.3799996562302,12.9049997115508,2002,7,NA
51.8667,10.3333,2002-07-04,10.5899997632951,15.1199996620417,12.8549997126684,2002,7,NA
51.8667,10.3333,2002-07-05,9.85999977961183,14.5099996756762,12.184999727644,2002,7,NA
51.8667,10.3333,2002-07-06,8.67999980598688,18.5799995847046,13.6299996953458,2002,7,NA
51.8667,10.3333,2002-07-07,12.0699997302145,17.8299996014684,14.9499996658415,2002,7,NA
51.8667,10.3333,2002-07-08,12.1299997288734,17.3499996121973,14.7399996705353,2002,7,NA
51.8667,10.3333,2002-07-09,10.7999997586012,25.8299994226545,18.3149995906278,2002,7,NA
51.8667,10.3333,2002-07-10,14.8399996683002,29.6399993374944,22.2399995028973,2002,7,NA
51.8667,10.3333,2002-07-11,11.3099997472018,24.5499994512647,17.9299995992333,2002,7,NA
51.8667,10.3333,2002-07-12,9.49999978765845,18.2999995909631,13.8999996893108,2002,7,NA
51.8667,10.3333,2002-07-13,10.0899997744709,20.5199995413423,15.3049996579066,2002,7,NA
51.8667,10.3333,2002-07-14,13.21999970451,21.6599995158613,17.4399996101856,2002,7,NA
51.8667,10.3333,2002-07-15,14.1599996834993,19.0099995750934,16.5849996292964,2002,7,NA
51.8667,10.3333,2002-07-16,14.2099996823817,19.2399995699525,16.7249996261671,2002,7,NA
51.8667,10.3333,2002-07-17,13.4599996991456,20.1099995505065,16.784999624826,2002,7,NA
51.8667,10.3333,2002-07-18,13.21999970451,17.0899996180087,15.1549996612594,2002,7,NA
51.8667,10.3333,2002-07-19,11.0499997530133,14.0099996868521,12.5299997199327,2002,7,NA
51.8667,10.3333,2002-07-20,10.0099997762591,12.6099997181445,11.3099997472018,2002,7,NA
51.8667,10.3333,2002-07-21,10.2699997704476,19.3099995683879,14.7899996694177,2002,7,NA
51.8667,10.3333,2002-07-22,10.5699997637421,17.4099996108562,13.9899996872991,2002,7,NA
51.8667,10.3333,2002-07-23,10.1299997735769,13.7499996926636,11.9399997331202,2002,7,NA
51.8667,10.3333,2002-07-24,9.94999977760017,17.4199996106327,13.6849996941164,2002,7,NA
51.8667,10.3333,2002-07-25,10.9599997550249,15.5499996524304,13.2549997037277,2002,7,NA
51.8667,10.3333,2002-07-26,9.68999978341162,15.9399996437132,12.8149997135624,2002,7,NA
51.8667,10.3333,2002-07-27,10.5899997632951,14.7399996705353,12.6649997169152,2002,7,NA
51.8667,10.3333,2002-07-28,12.0299997311085,22.649999493733,17.3399996124208,2002,7,NA
51.8667,10.3333,2002-07-29,12.9899997096509,25.7899994235486,19.3899995665997,2002,7,NA
51.8667,10.3333,2002-07-30,14.7399996705353,28.3899993654341,21.5649995179847,2002,7,NA
51.8667,10.3333,2002-07-31,17.0699996184558,27.7099993806332,22.3899994995445,2002,7,NA
51.8667,10.3333,2002-08-01,16.369999634102,27.4199993871152,21.8949995106086,2002,8,NA
51.8667,10.3333,2002-08-02,15.9599996432662,23.6599994711578,19.809999557212,2002,8,NA
51.8667,10.3333,2002-08-03,13.9699996877462,22.3299995008856,18.1499995943159,2002,8,NA
51.8667,10.3333,2002-08-04,12.7299997154623,23.4099994767457,18.069999596104,2002,8,NA
51.8667,10.3333,2002-08-05,14.0399996861815,20.969999531284,17.5049996087328,2002,8,NA
51.8667,10.3333,2002-08-06,13.1199997067451,19.1999995708466,16.1599996387959,2002,8,NA
51.8667,10.3333,2002-08-07,10.899999756366,21.0299995299429,15.9649996431544,2002,8,NA
51.8667,10.3333,2002-08-08,12.5499997194856,18.9799995757639,15.7649996476248,2002,8,NA
51.8667,10.3333,2002-08-09,13.7899996917695,17.9499995987862,15.8699996452779,2002,8,NA
51.8667,10.3333,2002-08-10,12.2699997257441,22.399999499321,17.3349996125326,2002,8,NA
51.8667,10.3333,2002-08-11,12.9199997112155,20.9599995315075,16.9399996213615,2002,8,NA
51.8667,10.3333,2002-08-12,13.6399996951222,20.1699995491654,16.9049996221438,2002,8,NA
51.8667,10.3333,2002-08-13,13.4799996986985,17.1699996162206,15.3249996574596,2002,8,NA
51.8667,10.3333,2002-08-14,13.3499997016042,18.0199995972216,15.6849996494129,2002,8,NA
51.8667,10.3333,2002-08-15,14.089999685064,19.6299995612353,16.8599996231496,2002,8,NA
51.8667,10.3333,2002-08-16,12.9899997096509,22.8499994892627,17.9199995994568,2002,8,NA
51.8667,10.3333,2002-08-17,13.2299997042865,23.4499994758517,18.3399995900691,2002,8,NA
51.8667,10.3333,2002-08-18,13.8099996913224,23.7099994700402,18.7599995806813,2002,8,NA
51.8667,10.3333,2002-08-19,15.7299996484071,25.239999435842,20.4849995421246,2002,8,NA
51.8667,10.3333,2002-08-20,15.8399996459484,27.4099993873388,21.6249995166436,2002,8,NA
51.8667,10.3333,2002-08-21,15.9799996428192,28.2799993678927,22.129999505356,2002,8,NA
51.8667,10.3333,2002-08-22,14.5799996741116,23.1699994821101,18.8749995781109,2002,8,NA
51.8667,10.3333,2002-08-23,13.0099997092038,21.1299995277077,17.0699996184558,2002,8,NA
51.8667,10.3333,2002-08-24,13.9999996870756,21.1399995274842,17.5699996072799,2002,8,NA
51.8667,10.3333,2002-08-25,13.8499996904284,24.1899994593114,19.0199995748699,2002,8,NA
51.8667,10.3333,2002-08-26,13.9499996881932,21.0699995290488,17.509999608621,2002,8,NA
51.8667,10.3333,2002-08-27,13.9399996884167,24.3199994564056,19.1299995724112,2002,8,NA
51.8667,10.3333,2002-08-28,15.1999996602535,25.0299994405359,20.1149995503947,2002,8,NA
51.8667,10.3333,2002-08-29,15.8199996463954,24.1599994599819,19.9899995531887,2002,8,NA
51.8667,10.3333,2002-08-30,15.0599996633828,22.8999994881451,18.9799995757639,2002,8,NA
51.8667,10.3333,2002-08-31,14.379999678582,23.2099994812161,18.794999579899,2002,8,NA
51.8667,10.3333,2002-09-01,13.2599997036159,21.9099995102733,17.5849996069446,2002,9,NA
51.8667,10.3333,2002-09-02,10.8199997581542,17.0799996182323,13.9499996881932,2002,9,NA
51.8667,10.3333,2002-09-03,8.50999980978668,19.1299995724112,13.8199996910989,2002,9,NA
51.8667,10.3333,2002-09-04,8.52999980933964,18.2099995929748,13.3699997011572,2002,9,NA
51.8667,10.3333,2002-09-05,11.9299997333437,21.4199995212257,16.6749996272847,2002,9,NA
51.8667,10.3333,2002-09-06,12.2199997268617,19.5999995619059,15.9099996443838,2002,9,NA
51.8667,10.3333,2002-09-07,10.1999997720122,20.2099995482713,15.2049996601418,2002,9,NA
51.8667,10.3333,2002-09-08,11.1499997507781,19.789999557659,15.4699996542186,2002,9,NA
51.8667,10.3333,2002-09-09,12.4899997208267,24.0099994633347,18.2499995920807,2002,9,NA
51.8667,10.3333,2002-09-10,13.0099997092038,24.5199994519353,18.7649995805696,2002,9,NA
51.8667,10.3333,2002-09-11,11.9099997337908,19.1799995712936,15.5449996525422,2002,9,NA
51.8667,10.3333,2002-09-12,11.9899997320026,18.6599995829165,15.3249996574596,2002,9,NA
51.8667,10.3333,2002-09-13,9.33999979123473,18.0099995974451,13.6749996943399,2002,9,NA
51.8667,10.3333,2002-09-14,7.26999983750284,18.7499995809048,13.0099997092038,2002,9,NA
51.8667,10.3333,2002-09-15,9.46999978832901,15.479999653995,12.474999721162,2002,9,NA
51.8667,10.3333,2002-09-16,6.98999984376132,14.4699996765703,10.7299997601658,2002,9,NA
51.8667,10.3333,2002-09-17,4.35999990254641,14.2899996805936,9.32499979157001,2002,9,NA
51.8667,10.3333,2002-09-18,10.4699997659773,14.0799996852875,12.2749997256324,2002,9,NA
51.8667,10.3333,2002-09-19,9.30999979190528,13.1399997062981,11.2249997491017,2002,9,NA
51.8667,10.3333,2002-09-20,9.44999978877604,13.7699996922165,11.6099997404963,2002,9,NA
51.8667,10.3333,2002-09-21,9.79999978095293,14.359999679029,12.079999729991,2002,9,NA
51.8667,10.3333,2002-09-22,9.02999979816377,12.5799997188151,10.8049997584894,2002,9,NA
51.8667,10.3333,2002-09-23,6.49999985471368,12.5799997188151,9.53999978676438,2002,9,NA
51.8667,10.3333,2002-09-24,4.15999990701675,7.9799998216331,6.06999986432493,2002,9,NA
51.8667,10.3333,2002-09-25,1.719999961555,10.1499997731298,5.93499986734241,2002,9,NA
51.8667,10.3333,2002-09-26,1.36999996937811,10.359999768436,5.86499986890703,2002,9,NA
51.8667,10.3333,2002-09-27,8.19999981671572,10.6699997615069,9.43499978911132,2002,9,NA
51.8667,10.3333,2002-09-28,2.56999994255602,10.4999997653067,6.53499985393137,2002,9,NA
51.8667,10.3333,2002-09-29,1.56999996490777,10.7699997592717,6.16999986208975,2002,9,NA
51.8667,10.3333,2002-09-30,6.4299998562783,13.6799996942282,10.0549997752532,2002,9,NA
51.8667,10.3333,2002-10-01,4.85999989137053,16.0499996412545,10.4549997663125,2002,10,2003
51.8667,10.3333,2002-10-02,5.55999987572432,17.3799996115267,11.4699997436255,2002,10,2003
51.8667,10.3333,2002-10-03,6.57999985292554,16.7299996260554,11.6549997394904,2002,10,2003
51.8667,10.3333,2002-10-04,9.82999978028238,14.1599996834993,11.9949997318909,2002,10,2003
51.8667,10.3333,2002-10-05,9.16999979503453,13.9199996888638,11.5449997419491,2002,10,2003
51.8667,10.3333,2002-10-06,7.93999982252717,10.1899997722358,9.06499979738146,2002,10,2003
51.8667,10.3333,2002-10-07,5.02999988757074,10.1099997740239,7.56999983079731,2002,10,2003
51.8667,10.3333,2002-10-08,1.30999997071922,5.71999987214804,3.51499992143363,2002,10,2003
51.8667,10.3333,2002-10-09,-1.38999996893108,6.61999985203147,2.6149999415502,2002,10,2003
51.8667,10.3333,2002-10-10,4.09999990835786,9.59999978542328,6.84999984689057,2002,10,2003
51.8667,10.3333,2002-10-11,2.01999995484948,7.48999983258545,4.75499989371747,2002,10,2003
51.8667,10.3333,2002-10-12,-0.0299999993294477,6.4899998549372,3.22999992780387,2002,10,2003
51.8667,10.3333,2002-10-13,-0.899999979883432,3.85999991372228,1.47999996691942,2002,10,2003
51.8667,10.3333,2002-10-14,0.799999982118607,2.79999993741512,1.79999995976686,2002,10,2003
51.8667,10.3333,2002-10-15,1.13999997451901,9.13999979570508,5.13999988511205,2002,10,2003
51.8667,10.3333,2002-10-16,5.91999986767769,10.6499997619539,8.28499981481582,2002,10,2003
51.8667,10.3333,2002-10-17,9.87999977916479,13.2299997042865,11.5549997417256,2002,10,2003
51.8667,10.3333,2002-10-18,5.47999987751245,11.5299997422844,8.50499980989844,2002,10,2003
51.8667,10.3333,2002-10-19,4.34999990276992,6.93999984487891,5.64499987382442,2002,10,2003
51.8667,10.3333,2002-10-20,2.31999994814396,6.27999985963106,4.29999990388751,2002,10,2003
51.8667,10.3333,2002-10-21,1.23999997228384,6.35999985784292,3.79999991506338,2002,10,2003
51.8667,10.3333,2002-10-22,2.009999955073,10.7699997592717,6.38999985717237,2002,10,2003
51.8667,10.3333,2002-10-23,9.84999977983534,12.4399997219443,11.1449997508898,2002,10,2003
51.8667,10.3333,2002-10-24,5.16999988444149,11.9699997324497,8.56999980844557,2002,10,2003
51.8667,10.3333,2002-10-25,1.67999996244907,7.61999982967973,4.6499998960644,2002,10,2003
51.8667,10.3333,2002-10-26,2.90999993495643,10.0899997744709,6.49999985471368,2002,10,2003
51.8667,10.3333,2002-10-27,6.74999984912574,9.99999977648258,8.37499981280416,2002,10,2003
51.8667,10.3333,2002-10-28,6.09999986365438,11.9699997324497,9.03499979805201,2002,10,2003
51.8667,10.3333,2002-10-29,3.75999991595745,7.14999984018505,5.45499987807125,2002,10,2003
51.8667,10.3333,2002-10-30,3.66999991796911,7.47999983280897,5.57499987538904,2002,10,2003
51.8667,10.3333,2002-10-31,3.42999992333353,8.05999981984496,5.74499987158924,2002,10,2003
51.8667,10.3333,2002-11-01,0.57999998703599,8.86999980174005,4.72499989438802,2002,11,2003
51.8667,10.3333,2002-11-02,0.799999982118607,8.74999980442226,4.77499989327043,2002,11,2003
51.8667,10.3333,2002-11-03,3.31999992579222,9.45999978855252,6.38999985717237,2002,11,2003
51.8667,10.3333,2002-11-04,1.58999996446073,5.39999987930059,3.49499992188066,2002,11,2003
51.8667,10.3333,2002-11-05,-0.319999992847443,5.5099998768419,2.59499994199723,2002,11,2003
51.8667,10.3333,2002-11-06,-3.66999991796911,2.04999995417893,-0.809999981895089,2002,11,2003
51.8667,10.3333,2002-11-07,-4.09999990835786,3.90999991260469,-0.0949999978765845,2002,11,2003
51.8667,10.3333,2002-11-08,-1.38999996893108,2.12999995239079,0.369999991729856,2002,11,2003
51.8667,10.3333,2002-11-09,1.36999996937811,3.87999991327524,2.62499994132668,2002,11,2003
51.8667,10.3333,2002-11-10,0.96999997831881,4.84999989159405,2.90999993495643,2002,11,2003
51.8667,10.3333,2002-11-11,0.389999991282821,3.729999916628,2.05999995395541,2002,11,2003
51.8667,10.3333,2002-11-12,2.08999995328486,6.93999984487891,4.51499989908189,2002,11,2003
51.8667,10.3333,2002-11-13,4.78999989293516,7.73999982699752,6.26499985996634,2002,11,2003
51.8667,10.3333,2002-11-14,5.55999987572432,8.44999981112778,7.00499984342605,2002,11,2003
51.8667,10.3333,2002-11-15,4.33999990299344,10.0899997744709,7.21499983873218,2002,11,2003
51.8667,10.3333,2002-11-16,4.15999990701675,7.54999983124435,5.85499986913055,2002,11,2003
51.8667,10.3333,2002-11-17,5.15999988466501,9.32999979145825,7.24499983806163,2002,11,2003
51.8667,10.3333,2002-11-18,4.66999989561737,7.49999983236194,6.08499986398965,2002,11,2003
51.8667,10.3333,2002-11-19,3.23999992758036,9.97999977692962,6.60999985225499,2002,11,2003
51.8667,10.3333,2002-11-20,0.739999983459711,5.739999871701,3.23999992758036,2002,11,2003
51.8667,10.3333,2002-11-21,-1.76999996043742,4.10999990813434,1.16999997384846,2002,11,2003
51.8667,10.3333,2002-11-22,0.0999999977648258,7.22999983839691,3.66499991808087,2002,11,2003
51.8667,10.3333,2002-11-23,1.72999996133149,6.29999985918403,4.01499991025776,2002,11,2003
51.8667,10.3333,2002-11-24,2.18999995104969,6.85999984666705,4.52499989885837,2002,11,2003
51.8667,10.3333,2002-11-25,2.74999993853271,7.99999982118607,5.37499987985939,2002,11,2003
51.8667,10.3333,2002-11-26,2.47999994456768,10.4899997655302,6.48499985504895,2002,11,2003
51.8667,10.3333,2002-11-27,4.20999990589917,9.01999979838729,6.61499985214323,2002,11,2003
51.8667,10.3333,2002-11-28,0.399999991059303,6.38999985717237,3.39499992411584,2002,11,2003
51.8667,10.3333,2002-11-29,3.36999992467463,8.58999980799854,5.97999986633658,2002,11,2003
51.8667,10.3333,2002-11-30,5.42999987863004,7.72999982722104,6.57999985292554,2002,11,2003
51.8667,10.3333,2002-12-01,4.46999990008771,5.739999871701,5.10499988589436,2002,12,2003
51.8667,10.3333,2002-12-02,2.31999994814396,5.2799998819828,3.79999991506338,2002,12,2003
51.8667,10.3333,2002-12-03,1.0899999756366,4.78999989293516,2.93999993428588,2002,12,2003
51.8667,10.3333,2002-12-04,1.58999996446073,4.97999988868833,3.28499992657453,2002,12,2003
51.8667,10.3333,2002-12-05,2.08999995328486,4.31999990344048,3.20499992836267,2002,12,2003
51.8667,10.3333,2002-12-06,-1.34999996982515,3.24999992735684,0.949999978765845,2002,12,2003
51.8667,10.3333,2002-12-07,-3.74999991618097,-1.13999997451901,-2.44499994534999,2002,12,2003
51.8667,10.3333,2002-12-08,-8.36999981291592,-2.50999994389713,-5.43999987840652,2002,12,2003
51.8667,10.3333,2002-12-09,-9.63999978452921,-3.48999992199242,-6.56499985326082,2002,12,2003
51.8667,10.3333,2002-12-10,-11.5199997425079,-6.85999984666705,-9.18999979458749,2002,12,2003
51.8667,10.3333,2002-12-11,-11.9599997326732,-4.23999990522861,-8.09999981895089,2002,12,2003
51.8667,10.3333,2002-12-12,-11.0599997527897,-5.21999988332391,-8.13999981805682,2002,12,2003
51.8667,10.3333,2002-12-13,-10.5199997648597,-1.95999995619059,-6.23999986052513,2002,12,2003
51.8667,10.3333,2002-12-14,-9.33999979123473,-1.21999997273088,-5.2799998819828,2002,12,2003
51.8667,10.3333,2002-12-15,-5.18999988399446,-0.96999997831881,-3.07999993115664,2002,12,2003
51.8667,10.3333,2002-12-16,-5.78999987058342,-1.73999996110797,-3.76499991584569,2002,12,2003
51.8667,10.3333,2002-12-17,-3.06999993138015,2.85999993607402,-0.104999997653067,2002,12,2003
51.8667,10.3333,2002-12-18,-2.65999994054437,2.57999994233251,-0.0399999991059303,2002,12,2003
51.8667,10.3333,2002-12-19,-5.11999988555908,-0.57999998703599,-2.84999993629754,2002,12,2003
51.8667,10.3333,2002-12-20,-5.28999988175929,-0.129999997094274,-2.70999993942678,2002,12,2003
51.8667,10.3333,2002-12-21,-6.03999986499548,-0.209999995306134,-3.12499993015081,2002,12,2003
51.8667,10.3333,2002-12-22,-3.34999992512167,0.509999988600612,-1.41999996826053,2002,12,2003
51.8667,10.3333,2002-12-23,-3.69999991729856,1.18999997340143,-1.25499997194856,2002,12,2003
51.8667,10.3333,2002-12-24,-2.76999993808568,0.729999983683228,-1.01999997720122,2002,12,2003
51.8667,10.3333,2002-12-25,-2.47999994456768,1.57999996468425,-0.449999989941716,2002,12,2003
51.8667,10.3333,2002-12-26,0.749999983236194,4.80999989248812,2.77999993786216,2002,12,2003
51.8667,10.3333,2002-12-27,1.22999997250736,5.15999988466501,3.19499992858618,2002,12,2003
51.8667,10.3333,2002-12-28,3.54999992065132,8.01999982073903,5.78499987069517,2002,12,2003
51.8667,10.3333,2002-12-29,4.31999990344048,8.2699998151511,6.29499985929579,2002,12,2003
51.8667,10.3333,2002-12-30,2.6999999396503,5.5699998755008,4.13499990757555,2002,12,2003
51.8667,10.3333,2002-12-31,-2.54999994300306,3.84999991394579,0.649999985471368,2002,12,2003
51.8667,10.3333,2003-01-01,-10.4999997653067,-2.35999994724989,-6.4299998562783,2003,1,2003
51.8667,10.3333,2003-01-02,-11.2899997476488,3.3299999255687,-3.97999991104007,2003,1,2003
51.8667,10.3333,2003-01-03,3.21999992802739,7.33999983593822,5.2799998819828,2003,1,2003
51.8667,10.3333,2003-01-04,0.109999997541308,6.34999985806644,3.22999992780387,2003,1,2003
51.8667,10.3333,2003-01-05,-6.12999986298382,0.369999991729856,-2.87999993562698,2003,1,2003
51.8667,10.3333,2003-01-06,-8.52999980933964,-3.85999991372228,-6.19499986153096,2003,1,2003
51.8667,10.3333,2003-01-07,-8.039999820292,-3.54999992065132,-5.79499987047166,2003,1,2003
51.8667,10.3333,2003-01-08,-14.2799996808171,-7.90999982319772,-11.0949997520074,2003,1,2003
51.8667,10.3333,2003-01-09,-15.0099996645004,-9.01999979838729,-12.0149997314438,2003,1,2003
51.8667,10.3333,2003-01-10,-15.6299996506423,-8.50999980978668,-12.0699997302145,2003,1,2003
51.8667,10.3333,2003-01-11,-10.7099997606128,-5.29999988153577,-8.00499982107431,2003,1,2003
51.8667,10.3333,2003-01-12,-9.86999977938831,-4.39999990165234,-7.13499984052032,2003,1,2003
51.8667,10.3333,2003-01-13,-8.15999981760979,-1.719999961555,-4.9399998895824,2003,1,2003
51.8667,10.3333,2003-01-14,-3.68999991752207,1.97999995574355,-0.854999980889261,2003,1,2003
51.8667,10.3333,2003-01-15,2.04999995417893,4.28999990411103,3.16999992914498,2003,1,2003
51.8667,10.3333,2003-01-16,0.819999981671572,3.74999991618097,2.28499994892627,2003,1,2003
51.8667,10.3333,2003-01-17,0.739999983459711,2.95999993383884,1.84999995864928,2003,1,2003
51.8667,10.3333,2003-01-18,-1.28999997116625,3.69999991729856,1.20499997306615,2003,1,2003
51.8667,10.3333,2003-01-19,-1.63999996334314,0.749999983236194,-0.444999990053475,2003,1,2003
51.8667,10.3333,2003-01-20,-2.20999995060265,4.12999990768731,0.959999978542328,2003,1,2003
51.8667,10.3333,2003-01-21,2.44999994523823,5.30999988131225,3.87999991327524,2003,1,2003
51.8667,10.3333,2003-01-22,2.11999995261431,5.24999988265336,3.68499991763383,2003,1,2003
51.8667,10.3333,2003-01-23,1.15999997407198,4.94999988935888,3.05499993171543,2003,1,2003
51.8667,10.3333,2003-01-24,1.69999996200204,4.15999990701675,2.9299999345094,2003,1,2003
51.8667,10.3333,2003-01-25,-1.35999996960163,2.54999994300306,0.594999986700714,2003,1,2003
51.8667,10.3333,2003-01-26,-1.67999996244907,3.71999991685152,1.01999997720122,2003,1,2003
51.8667,10.3333,2003-01-27,-0.599999986588955,2.14999995194376,0.7749999826774,2003,1,2003
51.8667,10.3333,2003-01-28,1.35999996960163,7.46999983303249,4.41499990131706,2003,1,2003
51.8667,10.3333,2003-01-29,-0.419999990612268,7.49999983236194,3.53999992087483,2003,1,2003
51.8667,10.3333,2003-01-30,-1.44999996758997,1.30999997071922,-0.0699999984353781,2003,1,2003
51.8667,10.3333,2003-01-31,-4.20999990589917,-1.04999997653067,-2.62999994121492,2003,1,2003
51.8667,10.3333,2003-02-01,-7.87999982386827,-3.80999991483986,-5.84499986935407,2003,2,2003
51.8667,10.3333,2003-02-02,-11.8399997353554,-3.97999991104007,-7.90999982319772,2003,2,2003
51.8667,10.3333,2003-02-03,-7.24999983794987,-0.109999997541308,-3.67999991774559,2003,2,2003
51.8667,10.3333,2003-02-04,-2.57999994233251,0.609999986365438,-0.984999977983534,2003,2,2003
51.8667,10.3333,2003-02-05,-3.2699999269098,-0.479999989271164,-1.87499995809048,2003,2,2003
51.8667,10.3333,2003-02-06,-4.78999989293516,-1.45999996736646,-3.12499993015081,2003,2,2003
51.8667,10.3333,2003-02-07,-8.039999820292,-2.94999993406236,-5.49499987717718,2003,2,2003
51.8667,10.3333,2003-02-08,-7.90999982319772,-0.199999995529652,-4.05499990936369,2003,2,2003
51.8667,10.3333,2003-02-09,-1.45999996736646,2.61999994143844,0.57999998703599,2003,2,2003
51.8667,10.3333,2003-02-10,-5.66999987326562,1.0899999756366,-2.28999994881451,2003,2,2003
51.8667,10.3333,2003-02-11,-7.99999982118607,0.989999977871776,-3.50499992165715,2003,2,2003
51.8667,10.3333,2003-02-12,-7.89999982342124,-0.419999990612268,-4.15999990701675,2003,2,2003
51.8667,10.3333,2003-02-13,-10.0899997744709,-0.139999996870756,-5.11499988567084,2003,2,2003
51.8667,10.3333,2003-02-14,-12.2799997255206,-1.62999996356666,-6.95499984454364,2003,2,2003
51.8667,10.3333,2003-02-15,-12.0899997297674,0.169999996200204,-5.95999986678362,2003,2,2003
51.8667,10.3333,2003-02-16,-10.2999997697771,-3.0399999320507,-6.66999985091388,2003,2,2003
51.8667,10.3333,2003-02-17,-9.32999979145825,-4.36999990232289,-6.84999984689057,2003,2,2003
51.8667,10.3333,2003-02-18,-12.5499997194856,-2.31999994814396,-7.4349998338148,2003,2,2003
51.8667,10.3333,2003-02-19,-12.3199997246265,-2.2399999499321,-7.27999983727932,2003,2,2003
51.8667,10.3333,2003-02-20,-9.38999979011714,0.109999997541308,-4.63999989628792,2003,2,2003
51.8667,10.3333,2003-02-21,-7.78999982587993,2.47999994456768,-2.65499994065613,2003,2,2003
51.8667,10.3333,2003-02-22,-5.94999986700714,3.93999991193414,-1.0049999775365,2003,2,2003
51.8667,10.3333,2003-02-23,-5.86999986879528,3.62999991886318,-1.11999997496605,2003,2,2003
51.8667,10.3333,2003-02-24,-5.46999987773597,6.11999986320734,0.324999992735684,2003,2,2003
51.8667,10.3333,2003-02-25,-4.08999990858138,9.13999979570508,2.52499994356185,2003,2,2003
51.8667,10.3333,2003-02-26,-4.6499998960644,9.54999978654087,2.44999994523823,2003,2,2003
51.8667,10.3333,2003-02-27,-4.71999989449978,8.41999981179833,1.84999995864928,2003,2,2003
51.8667,10.3333,2003-02-28,-1.9499999564141,11.2199997492135,4.63499989639968,2003,2,2003
51.8667,10.3333,2003-03-01,-0.0199999995529652,7.89999982342124,3.93999991193414,2003,3,2003
51.8667,10.3333,2003-03-02,2.01999995484948,7.85999982431531,4.9399998895824,2003,3,2003
51.8667,10.3333,2003-03-03,0.789999982342124,4.80999989248812,2.79999993741512,2003,3,2003
51.8667,10.3333,2003-03-04,0.92999997921288,4.45999990031123,2.69499993976206,2003,3,2003
51.8667,10.3333,2003-03-05,0.34999999217689,4.11999990791082,2.23499995004386,2003,3,2003
51.8667,10.3333,2003-03-06,0.829999981448054,7.31999983638525,4.07499990891665,2003,3,2003
51.8667,10.3333,2003-03-07,0.109999997541308,5.92999986745417,3.01999993249774,2003,3,2003
51.8667,10.3333,2003-03-08,0.749999983236194,6.55999985337257,3.65499991830438,2003,3,2003
51.8667,10.3333,2003-03-09,1.1499999742955,6.3699998576194,3.75999991595745,2003,3,2003
51.8667,10.3333,2003-03-10,3.729999916628,6.86999984644353,5.29999988153577,2003,3,2003
51.8667,10.3333,2003-03-11,4.4199999012053,11.0399997532368,7.72999982722104,2003,3,2003
51.8667,10.3333,2003-03-12,5.13999988511205,9.15999979525805,7.14999984018505,2003,3,2003
51.8667,10.3333,2003-03-13,2.25999994948506,6.2599998600781,4.25999990478158,2003,3,2003
51.8667,10.3333,2003-03-14,-3.01999993249774,4.79999989271164,0.88999998010695,2003,3,2003
51.8667,10.3333,2003-03-15,-3.50999992154539,2.1799999512732,-0.664999985136092,2003,3,2003
51.8667,10.3333,2003-03-16,-3.25999992713332,4.38999990187585,0.564999987371266,2003,3,2003
51.8667,10.3333,2003-03-17,-3.31999992579222,8.86999980174005,2.77499993797392,2003,3,2003
51.8667,10.3333,2003-03-18,-1.66999996267259,4.07999990880489,1.20499997306615,2003,3,2003
51.8667,10.3333,2003-03-19,-2.48999994434416,8.72999980486929,3.11999993026257,2003,3,2003
51.8667,10.3333,2003-03-20,-1.86999995820224,6.79999984800816,2.46499994490296,2003,3,2003
51.8667,10.3333,2003-03-21,-1.40999996848404,2.11999995261431,0.354999992065132,2003,3,2003
51.8667,10.3333,2003-03-22,-2.56999994255602,4.00999991036952,0.719999983906746,2003,3,2003
51.8667,10.3333,2003-03-23,-5.06999988667667,8.50999980978668,1.719999961555,2003,3,2003
51.8667,10.3333,2003-03-24,-1.56999996490777,13.4499996993691,5.93999986723065,2003,3,2003
51.8667,10.3333,2003-03-25,2.43999994546175,15.4899996537715,8.96499979961663,2003,3,2003
51.8667,10.3333,2003-03-26,4.88999989069998,14.1299996841699,9.50999978743494,2003,3,2003
51.8667,10.3333,2003-03-27,2.30999994836748,13.6199996955693,7.96499982196838,2003,3,2003
51.8667,10.3333,2003-03-28,3.94999991171062,13.9399996884167,8.94499980006367,2003,3,2003
51.8667,10.3333,2003-03-29,1.68999996222556,13.1499997060746,7.41999983415008,2003,3,2003
51.8667,10.3333,2003-03-30,2.30999994836748,15.9499996434897,9.1299997959286,2003,3,2003
51.8667,10.3333,2003-03-31,3.94999991171062,14.0799996852875,9.01499979849905,2003,3,2003
51.8667,10.3333,2003-04-01,0.679999984800816,8.81999980285764,4.74999989382923,2003,4,2003
51.8667,10.3333,2003-04-02,0.219999995082617,13.7299996931106,6.9749998440966,2003,4,2003
51.8667,10.3333,2003-04-03,1.69999996200204,8.28999981470406,4.99499988835305,2003,4,2003
51.8667,10.3333,2003-04-04,0.409999990835786,4.03999990969896,2.22499995026737,2003,4,2003
51.8667,10.3333,2003-04-05,-0.769999982789159,7.72999982722104,3.47999992221594,2003,4,2003
51.8667,10.3333,2003-04-06,-0.719999983906746,5.39999987930059,2.33999994769692,2003,4,2003
51.8667,10.3333,2003-04-07,-3.99999991059303,1.99999995529652,-0.999999977648258,2003,4,2003
51.8667,10.3333,2003-04-08,-5.92999986745417,0.92999997921288,-2.49999994412065,2003,4,2003
51.8667,10.3333,2003-04-09,-7.60999982990324,0.239999994635582,-3.68499991763383,2003,4,2003
51.8667,10.3333,2003-04-10,-6.56999985314906,2.96999993361533,-1.79999995976686,2003,4,2003
51.8667,10.3333,2003-04-11,-4.80999989248812,1.79999995976686,-1.50499996636063,2003,4,2003
51.8667,10.3333,2003-04-12,-3.34999992512167,5.0499998871237,0.849999981001019,2003,4,2003
51.8667,10.3333,2003-04-13,-2.62999994121492,10.3899997677654,3.87999991327524,2003,4,2003
51.8667,10.3333,2003-04-14,-0.209999995306134,14.089999685064,6.93999984487891,2003,4,2003
51.8667,10.3333,2003-04-15,2.74999993853271,15.499999653548,9.12499979604036,2003,4,2003
51.8667,10.3333,2003-04-16,5.24999988265336,19.519999563694,12.3849997231737,2003,4,2003
51.8667,10.3333,2003-04-17,5.06999988667667,17.3299996126443,11.1999997496605,2003,4,2003
51.8667,10.3333,2003-04-18,4.60999989695847,16.6099996287376,10.609999762848,2003,4,2003
51.8667,10.3333,2003-04-19,1.69999996200204,10.2099997717887,5.95499986689538,2003,4,2003
51.8667,10.3333,2003-04-20,1.12999997474253,8.02999982051551,4.57999989762902,2003,4,2003
51.8667,10.3333,2003-04-21,3.29999992623925,16.4699996318668,9.88499977905303,2003,4,2003
51.8667,10.3333,2003-04-22,5.53999987617135,17.5999996066093,11.5699997413903,2003,4,2003
51.8667,10.3333,2003-04-23,5.84999986924231,18.6299995835871,12.2399997264147,2003,4,2003
51.8667,10.3333,2003-04-24,4.76999989338219,16.4599996320903,10.6149997627363,2003,4,2003
51.8667,10.3333,2003-04-25,4.09999990835786,17.7599996030331,10.9299997556955,2003,4,2003
51.8667,10.3333,2003-04-26,7.47999983280897,19.6599995605648,13.5699996966869,2003,4,2003
51.8667,10.3333,2003-04-27,10.2599997706711,17.3399996124208,13.799999691546,2003,4,2003
51.8667,10.3333,2003-04-28,7.63999982923269,12.619999717921,10.1299997735769,2003,4,2003
51.8667,10.3333,2003-04-29,7.55999983102083,16.2899996358901,11.9249997334555,2003,4,2003
51.8667,10.3333,2003-04-30,9.07999979704618,16.5999996289611,12.8399997130036,2003,4,2003
51.8667,10.3333,2003-05-01,7.93999982252717,17.2699996139854,12.6049997182563,2003,5,NA
51.8667,10.3333,2003-05-02,7.36999983526766,13.8999996893108,10.6349997622892,2003,5,NA
51.8667,10.3333,2003-05-03,6.3699998576194,17.4799996092916,11.9249997334555,2003,5,NA
51.8667,10.3333,2003-05-04,6.3699998576194,12.9399997107685,9.65499978419393,2003,5,NA
51.8667,10.3333,2003-05-05,5.05999988690019,19.6399995610118,12.349999723956,2003,5,NA
51.8667,10.3333,2003-05-06,11.4499997440726,26.8899993989617,19.1699995715171,2003,5,NA
51.8667,10.3333,2003-05-07,9.57999978587031,18.4699995871633,14.0249996865168,2003,5,NA
51.8667,10.3333,2003-05-08,7.8099998254329,16.8499996233732,12.329999724403,2003,5,NA
51.8667,10.3333,2003-05-09,6.72999984957278,22.7099994923919,14.7199996709824,2003,5,NA
51.8667,10.3333,2003-05-10,9.25999979302287,15.789999647066,12.5249997200444,2003,5,NA
51.8667,10.3333,2003-05-11,8.2099998164922,14.6699996720999,11.4399997442961,2003,5,NA
51.8667,10.3333,2003-05-12,6.96999984420836,18.4099995885044,12.6899997163564,2003,5,NA
51.8667,10.3333,2003-05-13,9.2999997921288,17.4399996101856,13.3699997011572,2003,5,NA
51.8667,10.3333,2003-05-14,4.55999989807606,11.6299997400492,8.09499981906265,2003,5,NA
51.8667,10.3333,2003-05-15,3.30999992601573,10.899999756366,7.10499984119087,2003,5,NA
51.8667,10.3333,2003-05-16,3.76999991573393,11.76999973692,7.76999982632697,2003,5,NA
51.8667,10.3333,2003-05-17,2.45999994501472,14.1299996841699,8.2949998145923,2003,5,NA
51.8667,10.3333,2003-05-18,7.09999984130263,15.5699996519834,11.334999746643,2003,5,NA
51.8667,10.3333,2003-05-19,9.73999978229403,16.079999640584,12.909999711439,2003,5,NA
51.8667,10.3333,2003-05-20,9.87999977916479,13.5899996962398,11.7349997377023,2003,5,NA
51.8667,10.3333,2003-05-21,7.83999982476234,14.3299996796995,11.0849997522309,2003,5,NA
51.8667,10.3333,2003-05-22,7.33999983593822,12.929999710992,10.1349997734651,2003,5,NA
51.8667,10.3333,2003-05-23,7.33999983593822,12.7299997154623,10.0349997757003,2003,5,NA
51.8667,10.3333,2003-05-24,10.5899997632951,17.0199996195734,13.8049996914342,2003,5,NA
51.8667,10.3333,2003-05-25,10.3499997686595,24.7199994474649,17.5349996080622,2003,5,NA
51.8667,10.3333,2003-05-26,11.3099997472018,18.9999995753169,15.1549996612594,2003,5,NA
51.8667,10.3333,2003-05-27,10.2399997711182,16.5799996294081,13.4099997002631,2003,5,NA
51.8667,10.3333,2003-05-28,11.3599997460842,18.1599995940924,14.7599996700883,2003,5,NA
51.8667,10.3333,2003-05-29,11.5699997413903,18.669999582693,15.1199996620417,2003,5,NA
51.8667,10.3333,2003-05-30,10.1699997726828,22.7199994921684,16.4449996324256,2003,5,NA
51.8667,10.3333,2003-05-31,11.9399997331202,25.6199994273484,18.7799995802343,2003,5,NA
51.8667,10.3333,2003-06-01,13.9399996884167,23.0999994836748,18.5199995860457,2003,6,NA
51.8667,10.3333,2003-06-02,12.0299997311085,23.4999994747341,17.7649996029213,2003,6,NA
51.8667,10.3333,2003-06-03,12.9499997105449,26.5199994072318,19.7349995588884,2003,6,NA
51.8667,10.3333,2003-06-04,15.229999659583,25.859999421984,20.5449995407835,2003,6,NA
51.8667,10.3333,2003-06-05,16.6799996271729,28.699999358505,22.689999492839,2003,6,NA
51.8667,10.3333,2003-06-06,16.1299996394664,26.5199994072318,21.3249995233491,2003,6,NA
51.8667,10.3333,2003-06-07,13.3499997016042,21.7799995131791,17.5649996073917,2003,6,NA
51.8667,10.3333,2003-06-08,13.0199997089803,25.3399994336069,19.1799995712936,2003,6,NA
51.8667,10.3333,2003-06-09,15.0999996624887,27.7499993797392,21.4249995211139,2003,6,NA
51.8667,10.3333,2003-06-10,10.1799997724593,18.4999995864928,14.339999679476,2003,6,NA
51.8667,10.3333,2003-06-11,9.5299997869879,25.8299994226545,17.6799996048212,2003,6,NA
51.8667,10.3333,2003-06-12,14.7099996712059,21.8999995104969,18.3049995908514,2003,6,NA
51.8667,10.3333,2003-06-13,12.4999997206032,24.8599994443357,18.6799995824695,2003,6,NA
51.8667,10.3333,2003-06-14,12.1699997279793,20.369999544695,16.2699996363372,2003,6,NA
51.8667,10.3333,2003-06-15,9.15999979525805,20.3799995444715,14.7699996698648,2003,6,NA
51.8667,10.3333,2003-06-16,8.97999979928136,20.0499995518476,14.5149996755645,2003,6,NA
51.8667,10.3333,2003-06-17,8.79999980330467,19.6999995596707,14.2499996814877,2003,6,NA
51.8667,10.3333,2003-06-18,9.41999978944659,23.0799994841218,16.2499996367842,2003,6,NA
51.8667,10.3333,2003-06-19,13.3399997018278,20.2899995464832,16.8149996241555,2003,6,NA
51.8667,10.3333,2003-06-20,13.9999996870756,19.0399995744228,16.5199996307492,2003,6,NA
51.8667,10.3333,2003-06-21,10.8699997570366,16.8899996224791,13.8799996897578,2003,6,NA
51.8667,10.3333,2003-06-22,8.30999981425703,16.1999996379018,12.2549997260794,2003,6,NA
51.8667,10.3333,2003-06-23,8.87999980151653,22.1699995044619,15.5249996529892,2003,6,NA
51.8667,10.3333,2003-06-24,13.1899997051805,27.6199993826449,20.4049995439127,2003,6,NA
51.8667,10.3333,2003-06-25,11.9799997322261,20.5999995395541,16.2899996358901,2003,6,NA
51.8667,10.3333,2003-06-26,9.65999978408217,18.5299995858222,14.0949996849522,2003,6,NA
51.8667,10.3333,2003-06-27,7.89999982342124,19.499999564141,13.6999996937811,2003,6,NA
51.8667,10.3333,2003-06-28,9.95999977737665,22.4799994975328,16.2199996374547,2003,6,NA
51.8667,10.3333,2003-06-29,10.9799997545779,23.4599994756281,17.219999615103,2003,6,NA
51.8667,10.3333,2003-06-30,13.9799996875226,23.5499994736165,18.7649995805696,2003,6,NA
51.8667,10.3333,2003-07-01,12.0499997306615,23.6699994709343,17.8599996007979,2003,7,NA
51.8667,10.3333,2003-07-02,13.489999698475,19.5699995625764,16.5299996305257,2003,7,NA
51.8667,10.3333,2003-07-03,12.369999723509,17.8599996007979,15.1149996621534,2003,7,NA
51.8667,10.3333,2003-07-04,11.2799997478724,16.8699996229261,14.0749996853992,2003,7,NA
51.8667,10.3333,2003-07-05,11.9299997333437,15.3299996573478,13.6299996953458,2003,7,NA
51.8667,10.3333,2003-07-06,11.3699997458607,13.5599996969104,12.4649997213855,2003,7,NA
51.8667,10.3333,2003-07-07,11.0699997525662,14.7999996691942,12.9349997108802,2003,7,NA
51.8667,10.3333,2003-07-08,9.90999977849424,17.9999995976686,13.9549996880814,2003,7,NA
51.8667,10.3333,2003-07-09,11.0499997530133,21.1599995270371,16.1049996400252,2003,7,NA
51.8667,10.3333,2003-07-10,12.2599997259676,19.519999563694,15.8899996448308,2003,7,NA
51.8667,10.3333,2003-07-11,9.19999979436398,18.7899995800108,13.9949996871874,2003,7,NA
51.8667,10.3333,2003-07-12,9.21999979391694,25.3399994336069,17.2799996137619,2003,7,NA
51.8667,10.3333,2003-07-13,11.1099997516721,19.4399995654821,15.2749996585771,2003,7,NA
51.8667,10.3333,2003-07-14,9.97999977692962,18.8699995782226,14.4249996775761,2003,7,NA
51.8667,10.3333,2003-07-15,9.21999979391694,24.119999460876,16.6699996273965,2003,7,NA
51.8667,10.3333,2003-07-16,12.889999711886,26.5499994065613,19.7199995592237,2003,7,NA
51.8667,10.3333,2003-07-17,15.0199996642768,29.9699993301183,22.4949994971976,2003,7,NA
51.8667,10.3333,2003-07-18,15.9099996443838,24.9199994429946,20.4149995436892,2003,7,NA
51.8667,10.3333,2003-07-19,13.4499996993691,24.0599994622171,18.7549995807931,2003,7,NA
51.8667,10.3333,2003-07-20,13.8799996897578,28.0499993730336,20.9649995313957,2003,7,NA
51.8667,10.3333,2003-07-21,18.0799995958805,30.3599993214011,24.2199994586408,2003,7,NA
51.8667,10.3333,2003-07-22,17.3099996130913,26.4599994085729,21.8849995108321,2003,7,NA
51.8667,10.3333,2003-07-23,15.9499996434897,24.2799994572997,20.1149995503947,2003,7,NA
51.8667,10.3333,2003-07-24,13.8299996908754,23.7499994691461,18.7899995800108,2003,7,NA
51.8667,10.3333,2003-07-25,14.089999685064,23.4499994758517,18.7699995804578,2003,7,NA
51.8667,10.3333,2003-07-26,12.6999997161329,22.8599994890392,17.779999602586,2003,7,NA
51.8667,10.3333,2003-07-27,15.3099996577948,20.6999995373189,18.0049995975569,2003,7,NA
51.8667,10.3333,2003-07-28,16.4799996316433,24.679999448359,20.5799995400012,2003,7,NA
51.8667,10.3333,2003-07-29,13.9199996888638,21.4899995196611,17.7049996042624,2003,7,NA
51.8667,10.3333,2003-07-30,12.4899997208267,21.8599995113909,17.1749996161088,2003,7,NA
51.8667,10.3333,2003-07-31,12.4599997214973,24.4199994541705,18.4399995878339,2003,7,NA
51.8667,10.3333,2003-08-01,16.2299996372312,25.4399994313717,20.8349995343015,2003,8,NA
51.8667,10.3333,2003-08-02,14.2199996821582,27.6199993826449,20.9199995324016,2003,8,NA
51.8667,10.3333,2003-08-03,16.8099996242672,29.3499993439764,23.0799994841218,2003,8,NA
51.8667,10.3333,2003-08-04,17.4999996088445,29.6499993372709,23.5749994730577,2003,8,NA
51.8667,10.3333,2003-08-05,16.1399996392429,29.3499993439764,22.7449994916096,2003,8,NA
51.8667,10.3333,2003-08-06,16.099999640137,28.9099993538111,22.5049994969741,2003,8,NA
51.8667,10.3333,2003-08-07,15.0499996636063,27.849999377504,21.4499995205551,2003,8,NA
51.8667,10.3333,2003-08-08,14.2599996812642,31.3899992983788,22.8249994898215,2003,8,NA
51.8667,10.3333,2003-08-09,16.7799996249378,32.1499992813915,24.4649994531646,2003,8,NA
51.8667,10.3333,2003-08-10,17.5499996077269,33.6999992467463,25.6249994272366,2003,8,NA
51.8667,10.3333,2003-08-11,17.4199996106327,30.9899993073195,24.2049994589761,2003,8,NA
51.8667,10.3333,2003-08-12,16.1599996387959,29.5199993401766,22.8399994894862,2003,8,NA
51.8667,10.3333,2003-08-13,17.0099996197969,33.569999249652,25.2899994347245,2003,8,NA
51.8667,10.3333,2003-08-14,19.5499995630234,29.2099993471056,24.3799994550645,2003,8,NA
51.8667,10.3333,2003-08-15,13.8899996895343,23.0699994843453,18.4799995869398,2003,8,NA
51.8667,10.3333,2003-08-16,11.8599997349083,21.0999995283782,16.4799996316433,2003,8,NA
51.8667,10.3333,2003-08-17,9.22999979369342,21.1499995272607,15.189999660477,2003,8,NA
51.8667,10.3333,2003-08-18,9.38999979011714,25.6599994264543,17.5249996082857,2003,8,NA
51.8667,10.3333,2003-08-19,15.5599996522069,24.98999944143,20.2749995468184,2003,8,NA
51.8667,10.3333,2003-08-20,14.8299996685237,21.6399995163083,18.234999592416,2003,8,NA
51.8667,10.3333,2003-08-21,10.2399997711182,20.5499995406717,15.3949996558949,2003,8,NA
51.8667,10.3333,2003-08-22,9.39999978989363,22.6299994941801,16.0149996420369,2003,8,NA
51.8667,10.3333,2003-08-23,11.9899997320026,21.8999995104969,16.9449996212497,2003,8,NA
51.8667,10.3333,2003-08-24,13.3599997013807,19.5799995623529,16.4699996318668,2003,8,NA
51.8667,10.3333,2003-08-25,10.629999762401,16.65999962762,13.6449996950105,2003,8,NA
51.8667,10.3333,2003-08-26,11.9699997324497,22.129999505356,17.0499996189028,2003,8,NA
51.8667,10.3333,2003-08-27,9.83999978005886,21.7299995142967,15.7849996471778,2003,8,NA
51.8667,10.3333,2003-08-28,10.8199997581542,15.5499996524304,13.1849997052923,2003,8,NA
51.8667,10.3333,2003-08-29,9.09999979659915,18.5999995842576,13.8499996904284,2003,8,NA
51.8667,10.3333,2003-08-30,11.3499997463077,17.5399996079504,14.4449996771291,2003,8,NA
51.8667,10.3333,2003-08-31,9.90999977849424,17.239999614656,13.5749996965751,2003,8,NA
51.8667,10.3333,2003-09-01,8.67999980598688,14.7599996700883,11.7199997380376,2003,9,NA
51.8667,10.3333,2003-09-02,7.67999982833862,13.7099996935576,10.6949997609481,2003,9,NA
51.8667,10.3333,2003-09-03,6.20999986119568,14.899999666959,10.5549997640774,2003,9,NA
51.8667,10.3333,2003-09-04,4.21999990567565,17.0099996197969,10.6149997627363,2003,9,NA
51.8667,10.3333,2003-09-05,8.51999980956316,17.2599996142089,12.889999711886,2003,9,NA
51.8667,10.3333,2003-09-06,7.3499998357147,19.6199995614588,13.4849996985868,2003,9,NA
51.8667,10.3333,2003-09-07,9.61999978497624,21.9499995093793,15.7849996471778,2003,9,NA
51.8667,10.3333,2003-09-08,12.7299997154623,20.409999543801,16.5699996296316,2003,9,NA
51.8667,10.3333,2003-09-09,9.47999978810549,16.2999996356666,12.889999711886,2003,9,NA
51.8667,10.3333,2003-09-10,7.3499998357147,18.0099995974451,12.6799997165799,2003,9,NA
51.8667,10.3333,2003-09-11,9.39999978989363,16.1699996385723,12.784999714233,2003,9,NA
51.8667,10.3333,2003-09-12,7.33999983593822,11.499999742955,9.41999978944659,2003,9,NA
51.8667,10.3333,2003-09-13,9.78999978117645,15.7499996479601,12.7699997145683,2003,9,NA
51.8667,10.3333,2003-09-14,7.79999982565641,15.519999653101,11.6599997393787,2003,9,NA
51.8667,10.3333,2003-09-15,5.98999986611307,17.3699996117502,11.6799997389317,2003,9,NA
51.8667,10.3333,2003-09-16,7.96999982185662,19.7199995592237,13.8449996905401,2003,9,NA
51.8667,10.3333,2003-09-17,10.7999997586012,20.9199995324016,15.8599996455014,2003,9,NA
51.8667,10.3333,2003-09-18,10.1799997724593,22.0799995064735,16.1299996394664,2003,9,NA
51.8667,10.3333,2003-09-19,10.879999756813,23.829999467358,17.3549996120855,2003,9,NA
51.8667,10.3333,2003-09-20,13.2799997031689,25.3499994333833,19.3149995682761,2003,9,NA
51.8667,10.3333,2003-09-21,13.489999698475,26.3699994105846,19.9299995545298,2003,9,NA
51.8667,10.3333,2003-09-22,14.339999679476,23.7699994686991,19.0549995740876,2003,9,NA
51.8667,10.3333,2003-09-23,13.0999997071922,25.6599994264543,19.3799995668232,2003,9,NA
51.8667,10.3333,2003-09-24,5.32999988086522,19.3299995679408,12.329999724403,2003,9,NA
51.8667,10.3333,2003-09-25,3.65999991819263,13.0699997078627,8.36499981302768,2003,9,NA
51.8667,10.3333,2003-09-26,3.07999993115664,15.3899996560067,9.23499979358166,2003,9,NA
51.8667,10.3333,2003-09-27,5.95999986678362,18.379999589175,12.1699997279793,2003,9,NA
51.8667,10.3333,2003-09-28,7.41999983415008,14.5099996756762,10.9649997549132,2003,9,NA
51.8667,10.3333,2003-09-29,4.52999989874661,11.789999736473,8.15999981760979,2003,9,NA
51.8667,10.3333,2003-09-30,6.45999985560775,11.5099997427315,8.9849997991696,2003,9,NA
51.8667,10.3333,2003-10-01,2.33999994769692,13.0299997087568,7.68499982822686,2003,10,2004
51.8667,10.3333,2003-10-02,3.00999993272126,14.9099996667355,8.95999979972839,2003,10,2004
51.8667,10.3333,2003-10-03,7.20999983884394,14.6999996714294,10.9549997551367,2003,10,2004
51.8667,10.3333,2003-10-04,6.32999985851347,13.7299996931106,10.029999775812,2003,10,2004
51.8667,10.3333,2003-10-05,5.90999986790121,12.8399997130036,9.37499979045242,2003,10,2004
51.8667,10.3333,2003-10-06,3.96999991126359,9.85999977961183,6.91499984543771,2003,10,2004
51.8667,10.3333,2003-10-07,3.52999992109835,6.4299998562783,4.97999988868833,2003,10,2004
51.8667,10.3333,2003-10-08,3.58999991975725,6.68999985046685,5.13999988511205,2003,10,2004
51.8667,10.3333,2003-10-09,3.13999992981553,9.41999978944659,6.27999985963106,2003,10,2004
51.8667,10.3333,2003-10-10,5.3399998806417,10.6599997617304,7.99999982118607,2003,10,2004
51.8667,10.3333,2003-10-11,8.25999981537461,12.1699997279793,10.214999771677,2003,10,2004
51.8667,10.3333,2003-10-12,6.73999984934926,10.4899997655302,8.61499980743974,2003,10,2004
51.8667,10.3333,2003-10-13,2.11999995261431,10.1699997726828,6.14499986264855,2003,10,2004
51.8667,10.3333,2003-10-14,0.419999990612268,11.0899997521192,5.75499987136573,2003,10,2004
51.8667,10.3333,2003-10-15,-0.799999982118607,7.73999982699752,3.46999992243946,2003,10,2004
51.8667,10.3333,2003-10-16,-0.719999983906746,8.6699998062104,3.97499991115183,2003,10,2004
51.8667,10.3333,2003-10-17,-1.4899999666959,7.65999982878566,3.08499993104488,2003,10,2004
51.8667,10.3333,2003-10-18,-1.73999996110797,7.86999982409179,3.06499993149191,2003,10,2004
51.8667,10.3333,2003-10-19,-2.53999994322658,9.94999977760017,3.7049999171868,2003,10,2004
51.8667,10.3333,2003-10-20,-2.27999994903803,9.22999979369342,3.4749999223277,2003,10,2004
51.8667,10.3333,2003-10-21,-1.91999995708466,4.98999988846481,1.53499996569008,2003,10,2004
51.8667,10.3333,2003-10-22,0.0999999977648258,3.86999991349876,1.98499995563179,2003,10,2004
51.8667,10.3333,2003-10-23,-0.219999995082617,2.50999994389713,1.14499997440726,2003,10,2004
51.8667,10.3333,2003-10-24,-4.07999990880489,0.949999978765845,-1.56499996501952,2003,10,2004
51.8667,10.3333,2003-10-25,-7.46999983303249,-0.0399999991059303,-3.75499991606921,2003,10,2004
51.8667,10.3333,2003-10-26,-1.20999997295439,3.31999992579222,1.05499997641891,2003,10,2004
51.8667,10.3333,2003-10-27,1.43999996781349,3.87999991327524,2.65999994054437,2003,10,2004
51.8667,10.3333,2003-10-28,-1.35999996960163,3.17999992892146,0.909999979659915,2003,10,2004
51.8667,10.3333,2003-10-29,-1.97999995574355,6.54999985359609,2.28499994892627,2003,10,2004
51.8667,10.3333,2003-10-30,0.299999993294477,5.84999986924231,3.07499993126839,2003,10,2004
51.8667,10.3333,2003-10-31,3.21999992802739,5.35999988019466,4.28999990411103,2003,10,2004
51.8667,10.3333,2003-11-01,1.59999996423721,8.69999980553985,5.14999988488853,2003,11,2004
51.8667,10.3333,2003-11-02,4.68999989517033,9.73999978229403,7.21499983873218,2003,11,2004
51.8667,10.3333,2003-11-03,5.30999988131225,8.27999981492758,6.79499984811991,2003,11,2004
51.8667,10.3333,2003-11-04,6.74999984912574,10.7399997599423,8.74499980453402,2003,11,2004
51.8667,10.3333,2003-11-05,3.34999992512167,9.53999978676438,6.44499985594302,2003,11,2004
51.8667,10.3333,2003-11-06,1.39999996870756,11.8999997340143,6.64999985136092,2003,11,2004
51.8667,10.3333,2003-11-07,0.559999987483025,12.7499997150153,6.65499985124916,2003,11,2004
51.8667,10.3333,2003-11-08,-0.509999988600612,4.58999989740551,2.03999995440245,2003,11,2004
51.8667,10.3333,2003-11-09,2.31999994814396,6.12999986298382,4.22499990556389,2003,11,2004
51.8667,10.3333,2003-11-10,1.0899999756366,9.57999978587031,5.33499988075346,2003,11,2004
51.8667,10.3333,2003-11-11,-0.119999997317791,5.94999986700714,2.91499993484467,2003,11,2004
51.8667,10.3333,2003-11-12,-1.4899999666959,5.70999987237155,2.10999995283782,2003,11,2004
51.8667,10.3333,2003-11-13,-2.64999994076788,5.54999987594783,1.44999996758997,2003,11,2004
51.8667,10.3333,2003-11-14,-3.19999992847443,4.39999990165234,0.599999986588955,2003,11,2004
51.8667,10.3333,2003-11-15,0.749999983236194,5.85999986901879,3.30499992612749,2003,11,2004
51.8667,10.3333,2003-11-16,3.67999991774559,7.44999983347952,5.56499987561256,2003,11,2004
51.8667,10.3333,2003-11-17,0.939999978989363,6.40999985672534,3.67499991785735,2003,11,2004
51.8667,10.3333,2003-11-18,2.48999994434416,5.58999987505376,4.03999990969896,2003,11,2004
51.8667,10.3333,2003-11-19,3.87999991327524,9.02999979816377,6.45499985571951,2003,11,2004
51.8667,10.3333,2003-11-20,8.78999980352819,10.8299997579306,9.80999978072941,2003,11,2004
51.8667,10.3333,2003-11-21,6.44999985583127,10.359999768436,8.40499981213361,2003,11,2004
51.8667,10.3333,2003-11-22,5.37999987974763,10.0899997744709,7.73499982710928,2003,11,2004
51.8667,10.3333,2003-11-23,5.80999987013638,11.789999736473,8.79999980330467,2003,11,2004
51.8667,10.3333,2003-11-24,8.16999981738627,12.9699997100979,10.5699997637421,2003,11,2004
51.8667,10.3333,2003-11-25,7.61999982967973,12.9499997105449,10.2849997701123,2003,11,2004
51.8667,10.3333,2003-11-26,6.99999984353781,12.369999723509,9.68499978352338,2003,11,2004
51.8667,10.3333,2003-11-27,4.56999989785254,9.18999979458749,6.87999984622002,2003,11,2004
51.8667,10.3333,2003-11-28,3.01999993249774,7.18999983929098,5.10499988589436,2003,11,2004
51.8667,10.3333,2003-11-29,3.45999992266297,5.47999987751245,4.46999990008771,2003,11,2004
51.8667,10.3333,2003-11-30,3.05999993160367,5.55999987572432,4.30999990366399,2003,11,2004
51.8667,10.3333,2003-12-01,3.47999992221594,6.68999985046685,5.08499988634139,2003,12,2004
51.8667,10.3333,2003-12-02,2.41999994590878,8.78999980352819,5.60499987471849,2003,12,2004
51.8667,10.3333,2003-12-03,1.53999996557832,7.53999983146787,4.53999989852309,2003,12,2004
51.8667,10.3333,2003-12-04,1.7799999602139,5.60999987460673,3.69499991741031,2003,12,2004
51.8667,10.3333,2003-12-05,1.7799999602139,3.98999991081655,2.88499993551522,2003,12,2004
51.8667,10.3333,2003-12-06,0.359999991953373,4.39999990165234,2.37999994680285,2003,12,2004
51.8667,10.3333,2003-12-07,-2.02999995462596,4.97999988868833,1.47499996703118,2003,12,2004
51.8667,10.3333,2003-12-08,-7.20999983884394,-0.689999984577298,-3.94999991171062,2003,12,2004
51.8667,10.3333,2003-12-09,-6.73999984934926,2.8699999358505,-1.93499995674938,2003,12,2004
51.8667,10.3333,2003-12-10,-3.84999991394579,6.55999985337257,1.35499996971339,2003,12,2004
51.8667,10.3333,2003-12-11,-4.06999990902841,6.37999985739589,1.15499997418374,2003,12,2004
51.8667,10.3333,2003-12-12,-2.94999993406236,1.10999997518957,-0.919999979436398,2003,12,2004
51.8667,10.3333,2003-12-13,-1.49999996647239,2.29999994859099,0.399999991059303,2003,12,2004
51.8667,10.3333,2003-12-14,0.379999991506338,8.97999979928136,4.67999989539385,2003,12,2004
51.8667,10.3333,2003-12-15,1.10999997518957,8.27999981492758,4.69499989505857,2003,12,2004
51.8667,10.3333,2003-12-16,-2.21999995037913,1.4899999666959,-0.364999991841614,2003,12,2004
51.8667,10.3333,2003-12-17,-1.81999995931983,1.91999995708466,0.0499999988824129,2003,12,2004
51.8667,10.3333,2003-12-18,0.669999985024333,2.98999993316829,1.82999995909631,2003,12,2004
51.8667,10.3333,2003-12-19,-1.63999996334314,5.24999988265336,1.80499995965511,2003,12,2004
51.8667,10.3333,2003-12-20,-1.34999996982515,2.8699999358505,0.759999983012676,2003,12,2004
51.8667,10.3333,2003-12-21,2.07999995350838,5.98999986611307,4.03499990981072,2003,12,2004
51.8667,10.3333,2003-12-22,0.519999988377094,6.87999984622002,3.69999991729856,2003,12,2004
51.8667,10.3333,2003-12-23,-6.029999865219,0.999999977648258,-2.51499994378537,2003,12,2004
51.8667,10.3333,2003-12-24,-9.59999978542328,-2.81999993696809,-6.20999986119568,2003,12,2004
51.8667,10.3333,2003-12-25,-3.46999992243946,-0.0799999982118607,-1.77499996032566,2003,12,2004
51.8667,10.3333,2003-12-26,-1.15999997407198,1.80999995954335,0.324999992735684,2003,12,2004
51.8667,10.3333,2003-12-27,1.23999997228384,4.36999990232289,2.80499993730336,2003,12,2004
51.8667,10.3333,2003-12-28,1.68999996222556,4.91999989002943,3.30499992612749,2003,12,2004
51.8667,10.3333,2003-12-29,1.74999996088445,6.26999985985458,4.00999991036952,2003,12,2004
51.8667,10.3333,2003-12-30,-2.2399999499321,2.11999995261431,-0.0599999986588955,2003,12,2004
51.8667,10.3333,2003-12-31,-4.14999990724027,1.06999997608364,-1.53999996557832,2003,12,2004
51.8667,10.3333,2004-01-01,-4.2499999050051,-0.959999978542328,-2.60499994177371,2004,1,2004
51.8667,10.3333,2004-01-02,-7.83999982476234,-2.64999994076788,-5.24499988276511,2004,1,2004
51.8667,10.3333,2004-01-03,-7.77999982610345,-4.16999990679324,-5.97499986644834,2004,1,2004
51.8667,10.3333,2004-01-04,-9.16999979503453,-4.62999989651144,-6.89999984577298,2004,1,2004
51.8667,10.3333,2004-01-05,-8.59999980777502,-0.789999982342124,-4.69499989505857,2004,1,2004
51.8667,10.3333,2004-01-06,-6.35999985784292,-0.30999999307096,-3.33499992545694,2004,1,2004
51.8667,10.3333,2004-01-07,-5.16999988444149,1.73999996110797,-1.71499996166676,2004,1,2004
51.8667,10.3333,2004-01-08,0.609999986365438,3.06999993138015,1.8399999588728,2004,1,2004
51.8667,10.3333,2004-01-09,-0.549999987706542,2.96999993361533,1.20999997295439,2004,1,2004
51.8667,10.3333,2004-01-10,-0.169999996200204,2.6999999396503,1.26499997172505,2004,1,2004
51.8667,10.3333,2004-01-11,0.479999989271164,2.77999993786216,1.62999996356666,2004,1,2004
51.8667,10.3333,2004-01-12,0.0899999979883432,7.33999983593822,3.71499991696328,2004,1,2004
51.8667,10.3333,2004-01-13,0.219999995082617,3.84999991394579,2.03499995451421,2004,1,2004
51.8667,10.3333,2004-01-14,0.26999999396503,4.33999990299344,2.30499994847924,2004,1,2004
51.8667,10.3333,2004-01-15,0.489999989047647,3.20999992825091,1.84999995864928,2004,1,2004
51.8667,10.3333,2004-01-16,-1.27999997138977,1.50999996624887,0.11499999742955,2004,1,2004
51.8667,10.3333,2004-01-17,-0.179999995976686,2.44999994523823,1.13499997463077,2004,1,2004
51.8667,10.3333,2004-01-18,-0.469999989494681,2.21999995037913,0.874999980442226,2004,1,2004
51.8667,10.3333,2004-01-19,-6.03999986499548,0.139999996870756,-2.94999993406236,2004,1,2004
51.8667,10.3333,2004-01-20,-5.31999988108873,0.509999988600612,-2.40499994624406,2004,1,2004
51.8667,10.3333,2004-01-21,-3.5599999204278,0.479999989271164,-1.53999996557832,2004,1,2004
51.8667,10.3333,2004-01-22,-7.56999983079731,-3.04999993182719,-5.30999988131225,2004,1,2004
51.8667,10.3333,2004-01-23,-8.4399998113513,-3.77999991551042,-6.10999986343086,2004,1,2004
51.8667,10.3333,2004-01-24,-5.09999988600612,0.129999997094274,-2.48499994445592,2004,1,2004
51.8667,10.3333,2004-01-25,-4.15999990701675,-0.459999989718199,-2.30999994836748,2004,1,2004
51.8667,10.3333,2004-01-26,-3.92999991215765,0.729999983683228,-1.59999996423721,2004,1,2004
51.8667,10.3333,2004-01-27,-3.75999991595745,0.729999983683228,-1.51499996613711,2004,1,2004
51.8667,10.3333,2004-01-28,-5.09999988600612,-2.56999994255602,-3.83499991428107,2004,1,2004
51.8667,10.3333,2004-01-29,-5.84999986924231,-2.28999994881451,-4.06999990902841,2004,1,2004
51.8667,10.3333,2004-01-30,-5.02999988757074,-1.73999996110797,-3.38499992433935,2004,1,2004
51.8667,10.3333,2004-01-31,-3.27999992668629,-0.849999981001019,-2.06499995384365,2004,1,2004
51.8667,10.3333,2004-02-01,-3.51999992132187,5.739999871701,1.10999997518957,2004,2,2004
51.8667,10.3333,2004-02-02,5.16999988444149,7.37999983504415,6.27499985974282,2004,2,2004
51.8667,10.3333,2004-02-03,5.20999988354743,8.16999981738627,6.68999985046685,2004,2,2004
51.8667,10.3333,2004-02-04,6.67999985069036,9.80999978072941,8.24499981570989,2004,2,2004
51.8667,10.3333,2004-02-05,7.79999982565641,11.5599997416139,9.67999978363514,2004,2,2004
51.8667,10.3333,2004-02-06,8.4399998113513,11.6399997398257,10.0399997755885,2004,2,2004
51.8667,10.3333,2004-02-07,8.2699998151511,10.9999997541308,9.63499978464097,2004,2,2004
51.8667,10.3333,2004-02-08,1.7799999602139,9.79999978095293,5.78999987058342,2004,2,2004
51.8667,10.3333,2004-02-09,-1.66999996267259,2.51999994367361,0.42499999050051,2004,2,2004
51.8667,10.3333,2004-02-10,-2.08999995328486,-0.0799999982118607,-1.08499997574836,2004,2,2004
51.8667,10.3333,2004-02-11,-1.98999995552003,0.249999994412065,-0.869999980553985,2004,2,2004
51.8667,10.3333,2004-02-12,-2.62999994121492,2.42999994568527,-0.0999999977648258,2004,2,2004
51.8667,10.3333,2004-02-13,-4.1899999063462,0.0199999995529652,-2.08499995339662,2004,2,2004
51.8667,10.3333,2004-02-14,-0.189999995753169,4.48999989964068,2.14999995194376,2004,2,2004
51.8667,10.3333,2004-02-15,2.96999993361533,4.7099998947233,3.83999991416931,2004,2,2004
51.8667,10.3333,2004-02-16,0.189999995753169,3.61999991908669,1.90499995741993,2004,2,2004
51.8667,10.3333,2004-02-17,-2.44999994523823,3.21999992802739,0.384999991394579,2004,2,2004
51.8667,10.3333,2004-02-18,-1.91999995708466,2.02999995462596,0.0549999987706542,2004,2,2004
51.8667,10.3333,2004-02-19,-1.3199999704957,3.37999992445111,1.02999997697771,2004,2,2004
51.8667,10.3333,2004-02-20,-4.56999989785254,-0.819999981671572,-2.69499993976206,2004,2,2004
51.8667,10.3333,2004-02-21,-7.15999983996153,0.869999980553985,-3.14499992970377,2004,2,2004
51.8667,10.3333,2004-02-22,-5.78999987058342,4.019999910146,-0.884999980218709,2004,2,2004
51.8667,10.3333,2004-02-23,-3.56999992020428,1.81999995931983,-0.874999980442226,2004,2,2004
51.8667,10.3333,2004-02-24,-5.03999988734722,-0.679999984800816,-2.85999993607402,2004,2,2004
51.8667,10.3333,2004-02-25,-8.11999981850386,0.359999991953373,-3.87999991327524,2004,2,2004
51.8667,10.3333,2004-02-26,-3.56999992020428,-0.519999988377094,-2.04499995429069,2004,2,2004
51.8667,10.3333,2004-02-27,-4.71999989449978,-0.239999994635582,-2.47999994456768,2004,2,2004
51.8667,10.3333,2004-02-28,-7.30999983660877,0.639999985694885,-3.33499992545694,2004,2,2004
51.8667,10.3333,2004-02-29,-7.63999982923269,-0.139999996870756,-3.88999991305172,2004,2,2004
51.8667,10.3333,2004-03-01,-7.06999984197319,-0.769999982789159,-3.91999991238117,2004,3,2004
51.8667,10.3333,2004-03-02,-5.32999988086522,0.0599999986588955,-2.63499994110316,2004,3,2004
51.8667,10.3333,2004-03-03,-0.759999983012676,2.34999994747341,0.794999982230365,2004,3,2004
51.8667,10.3333,2004-03-04,-0.57999998703599,1.10999997518957,0.264999994076788,2004,3,2004
51.8667,10.3333,2004-03-05,-5.07999988645315,1.91999995708466,-1.57999996468425,2004,3,2004
51.8667,10.3333,2004-03-06,-7.37999983504415,1.00999997742474,-3.1849999288097,2004,3,2004
51.8667,10.3333,2004-03-07,-6.33999985828996,-1.82999995909631,-4.08499990869313,2004,3,2004
51.8667,10.3333,2004-03-08,-2.99999993294477,2.2399999499321,-0.379999991506338,2004,3,2004
51.8667,10.3333,2004-03-09,-5.44999987818301,2.4699999447912,-1.4899999666959,2004,3,2004
51.8667,10.3333,2004-03-10,-3.93999991193414,-0.96999997831881,-2.45499994512647,2004,3,2004
51.8667,10.3333,2004-03-11,-2.81999993696809,-1.03999997675419,-1.92999995686114,2004,3,2004
51.8667,10.3333,2004-03-12,-2.77999993786216,0.979999978095293,-0.899999979883432,2004,3,2004
51.8667,10.3333,2004-03-13,-3.35999992489815,4.75999989360571,0.699999984353781,2004,3,2004
51.8667,10.3333,2004-03-14,2.91999993473291,7.1199998408556,5.01999988779426,2004,3,2004
51.8667,10.3333,2004-03-15,2.35999994724989,9.21999979391694,5.78999987058342,2004,3,2004
51.8667,10.3333,2004-03-16,5.46999987773597,10.0899997744709,7.77999982610345,2004,3,2004
51.8667,10.3333,2004-03-17,6.45999985560775,13.489999698475,9.97499977704138,2004,3,2004
51.8667,10.3333,2004-03-18,5.60999987460673,17.8999995999038,11.7549997372553,2004,3,2004
51.8667,10.3333,2004-03-19,5.07999988645315,16.1899996381253,10.6349997622892,2004,3,2004
51.8667,10.3333,2004-03-20,6.41999985650182,12.6599997170269,9.53999978676438,2004,3,2004
51.8667,10.3333,2004-03-21,4.67999989539385,10.9299997556955,7.80499982554466,2004,3,2004
51.8667,10.3333,2004-03-22,2.96999993361533,10.069999774918,6.51999985426664,2004,3,2004
51.8667,10.3333,2004-03-23,1.34999996982515,5.71999987214804,3.53499992098659,2004,3,2004
51.8667,10.3333,2004-03-24,0.249999994412065,6.45999985560775,3.35499992500991,2004,3,2004
51.8667,10.3333,2004-03-25,-0.249999994412065,4.89999989047647,2.3249999480322,2004,3,2004
51.8667,10.3333,2004-03-26,-2.02999995462596,3.69999991729856,0.834999981336296,2004,3,2004
51.8667,10.3333,2004-03-27,-4.73999989405274,0.479999989271164,-2.12999995239079,2004,3,2004
51.8667,10.3333,2004-03-28,-6.52999985404313,3.57999991998076,-1.47499996703118,2004,3,2004
51.8667,10.3333,2004-03-29,-2.59999994188547,7.5199998319149,2.45999994501472,2004,3,2004
51.8667,10.3333,2004-03-30,-0.769999982789159,9.8199997805059,4.52499989885837,2004,3,2004
51.8667,10.3333,2004-03-31,-0.139999996870756,12.2499997261912,6.0549998646602,2004,3,2004
51.8667,10.3333,2004-04-01,0.419999990612268,11.9599997326732,6.18999986164272,2004,4,2004
51.8667,10.3333,2004-04-02,0.979999978095293,13.5299996975809,7.25499983783811,2004,4,2004
51.8667,10.3333,2004-04-03,3.54999992065132,14.6999996714294,9.12499979604036,2004,4,2004
51.8667,10.3333,2004-04-04,5.31999988108873,13.7199996933341,9.51999978721142,2004,4,2004
51.8667,10.3333,2004-04-05,5.69999987259507,10.7499997597188,8.22499981615692,2004,4,2004
51.8667,10.3333,2004-04-06,2.6399999409914,7.50999983213842,5.07499988656491,2004,4,2004
51.8667,10.3333,2004-04-07,1.46999996714294,5.17999988421798,3.32499992568046,2004,4,2004
51.8667,10.3333,2004-04-08,1.27999997138977,5.06999988667667,3.17499992903322,2004,4,2004
51.8667,10.3333,2004-04-09,0.30999999307096,4.28999990411103,2.29999994859099,2004,4,2004
51.8667,10.3333,2004-04-10,0.499999988824129,5.54999987594783,3.02499993238598,2004,4,2004
51.8667,10.3333,2004-04-11,-0.159999996423721,6.00999986566603,2.92499993462116,2004,4,2004
51.8667,10.3333,2004-04-12,-0.639999985694885,6.44999985583127,2.90499993506819,2004,4,2004
51.8667,10.3333,2004-04-13,-1.69999996200204,7.26999983750284,2.7849999377504,2004,4,2004
51.8667,10.3333,2004-04-14,3.50999992154539,9.17999979481101,6.3449998581782,2004,4,2004
51.8667,10.3333,2004-04-15,3.76999991573393,12.4599997214973,8.11499981861562,2004,4,2004
51.8667,10.3333,2004-04-16,1.69999996200204,16.079999640584,8.88999980129302,2004,4,2004
51.8667,10.3333,2004-04-17,5.92999986745417,16.7399996258318,11.334999746643,2004,4,2004
51.8667,10.3333,2004-04-18,4.54999989829957,17.779999602586,11.1649997504428,2004,4,2004
51.8667,10.3333,2004-04-19,6.78999984823167,15.8199996463954,11.3049997473136,2004,4,2004
51.8667,10.3333,2004-04-20,3.84999991394579,11.479999743402,7.6649998286739,2004,4,2004
51.8667,10.3333,2004-04-21,2.98999993316829,12.4499997217208,7.71999982744455,2004,4,2004
51.8667,10.3333,2004-04-22,5.23999988287687,16.1099996399134,10.6749997613952,2004,4,2004
51.8667,10.3333,2004-04-23,7.83999982476234,19.4799995645881,13.6599996946752,2004,4,2004
51.8667,10.3333,2004-04-24,4.25999990478158,12.929999710992,8.59499980788678,2004,4,2004
51.8667,10.3333,2004-04-25,2.27999994903803,9.49999978765845,5.88999986834824,2004,4,2004
51.8667,10.3333,2004-04-26,3.91999991238117,12.9599997103214,8.4399998113513,2004,4,2004
51.8667,10.3333,2004-04-27,4.84999989159405,14.3199996799231,9.58499978575855,2004,4,2004
51.8667,10.3333,2004-04-28,4.28999990411103,16.0199996419251,10.1549997730181,2004,4,2004
51.8667,10.3333,2004-04-29,5.03999988734722,16.9699996206909,11.0049997540191,2004,4,2004
51.8667,10.3333,2004-04-30,8.54999980889261,16.7499996256083,12.6499997172505,2004,4,2004
51.8667,10.3333,2004-05-01,8.16999981738627,19.2399995699525,13.7049996936694,2004,5,NA
51.8667,10.3333,2004-05-02,8.98999979905784,19.5999995619059,14.2949996804819,2004,5,NA
51.8667,10.3333,2004-05-03,9.18999979458749,11.9399997331202,10.5649997638538,2004,5,NA
51.8667,10.3333,2004-05-04,7.47999983280897,16.4499996323138,11.9649997325614,2004,5,NA
51.8667,10.3333,2004-05-05,7.73999982699752,17.8399996012449,12.7899997141212,2004,5,NA
51.8667,10.3333,2004-05-06,8.2699998151511,12.5999997183681,10.4349997667596,2004,5,NA
51.8667,10.3333,2004-05-07,7.21999983862042,9.20999979414046,8.21499981638044,2004,5,NA
51.8667,10.3333,2004-05-08,4.35999990254641,8.13999981805682,6.24999986030161,2004,5,NA
51.8667,10.3333,2004-05-09,3.90999991260469,11.0799997523427,7.4949998324737,2004,5,NA
51.8667,10.3333,2004-05-10,2.79999993741512,10.3999997675419,6.5999998524785,2004,5,NA
51.8667,10.3333,2004-05-11,8.09999981895089,15.7299996484071,11.914999733679,2004,5,NA
51.8667,10.3333,2004-05-12,7.98999982140958,14.7799996696413,11.3849997455254,2004,5,NA
51.8667,10.3333,2004-05-13,5.86999986879528,8.87999980151653,7.3749998351559,2004,5,NA
51.8667,10.3333,2004-05-14,4.22999990545213,12.2299997266382,8.22999981604517,2004,5,NA
51.8667,10.3333,2004-05-15,5.95999986678362,11.9799997322261,8.96999979950488,2004,5,NA
51.8667,10.3333,2004-05-16,5.01999988779426,13.0599997080863,9.03999979794025,2004,5,NA
51.8667,10.3333,2004-05-17,6.95999984443188,15.2499996591359,11.1049997517839,2004,5,NA
51.8667,10.3333,2004-05-18,7.13999984040856,16.1299996394664,11.6349997399375,2004,5,NA
51.8667,10.3333,2004-05-19,8.32999981380999,18.4999995864928,13.4149997001514,2004,5,NA
51.8667,10.3333,2004-05-20,6.06999986432493,19.1599995717406,12.6149997180328,2004,5,NA
51.8667,10.3333,2004-05-21,8.07999981939793,15.1499996613711,11.6149997403845,2004,5,NA
51.8667,10.3333,2004-05-22,4.21999990567565,10.0599997751415,7.13999984040856,2004,5,NA
51.8667,10.3333,2004-05-23,1.4899999666959,9.67999978363514,5.58499987516552,2004,5,NA
51.8667,10.3333,2004-05-24,1.81999995931983,10.7799997590482,6.29999985918403,2004,5,NA
51.8667,10.3333,2004-05-25,0.649999985471368,10.1199997738004,5.38499987963587,2004,5,NA
51.8667,10.3333,2004-05-26,5.48999987728894,11.3299997467548,8.40999981202185,2004,5,NA
51.8667,10.3333,2004-05-27,4.44999990053475,10.6199997626245,7.53499983157963,2004,5,NA
51.8667,10.3333,2004-05-28,2.85999993607402,10.3799997679889,6.61999985203147,2004,5,NA
51.8667,10.3333,2004-05-29,4.90999989025295,14.5799996741116,9.74499978218228,2004,5,NA
51.8667,10.3333,2004-05-30,4.30999990366399,18.6299995835871,11.4699997436255,2004,5,NA
51.8667,10.3333,2004-05-31,8.88999980129302,21.1299995277077,15.0099996645004,2004,5,NA
51.8667,10.3333,2004-06-01,9.1299997959286,17.4299996104091,13.2799997031689,2004,6,NA
51.8667,10.3333,2004-06-02,8.78999980352819,14.8499996680766,11.8199997358024,2004,6,NA
51.8667,10.3333,2004-06-03,9.32999979145825,16.5899996291846,12.9599997103214,2004,6,NA
51.8667,10.3333,2004-06-04,10.0799997746944,20.0099995527416,15.044999663718,2004,6,NA
51.8667,10.3333,2004-06-05,9.22999979369342,13.5299996975809,11.3799997456372,2004,6,NA
51.8667,10.3333,2004-06-06,8.72999980486929,13.7499996926636,11.2399997487664,2004,6,NA
51.8667,10.3333,2004-06-07,9.32999979145825,17.1899996157736,13.2599997036159,2004,6,NA
51.8667,10.3333,2004-06-08,8.82999980263412,21.8999995104969,15.3649996565655,2004,6,NA
51.8667,10.3333,2004-06-09,12.7099997159094,24.8999994434416,18.8049995796755,2004,6,NA
51.8667,10.3333,2004-06-10,14.5999996736646,26.2799994125962,20.4399995431304,2004,6,NA
51.8667,10.3333,2004-06-11,15.5499996524304,22.4899994973093,19.0199995748699,2004,6,NA
51.8667,10.3333,2004-06-12,12.7599997147918,19.6999995596707,16.2299996372312,2004,6,NA
51.8667,10.3333,2004-06-13,9.41999978944659,15.5499996524304,12.4849997209385,2004,6,NA
51.8667,10.3333,2004-06-14,8.97999979928136,16.0399996414781,12.5099997203797,2004,6,NA
51.8667,10.3333,2004-06-15,6.99999984353781,17.7299996037036,12.3649997236207,2004,6,NA
51.8667,10.3333,2004-06-16,10.2299997713417,20.1299995500594,15.1799996607006,2004,6,NA
51.8667,10.3333,2004-06-17,7.95999982208014,14.1899996828288,11.0749997524545,2004,6,NA
51.8667,10.3333,2004-06-18,8.67999980598688,18.7199995815754,13.6999996937811,2004,6,NA
51.8667,10.3333,2004-06-19,9.77999978139997,15.479999653995,12.6299997176975,2004,6,NA
51.8667,10.3333,2004-06-20,6.74999984912574,13.0799997076392,9.91499977838248,2004,6,NA
51.8667,10.3333,2004-06-21,4.78999989293516,16.2399996370077,10.5149997649714,2004,6,NA
51.8667,10.3333,2004-06-22,7.14999984018505,16.4399996325374,11.7949997363612,2004,6,NA
51.8667,10.3333,2004-06-23,8.94999979995191,16.909999622032,12.929999710992,2004,6,NA
51.8667,10.3333,2004-06-24,10.9899997543544,19.7499995585531,15.3699996564537,2004,6,NA
51.8667,10.3333,2004-06-25,9.88999977894127,16.1499996390194,13.0199997089803,2004,6,NA
51.8667,10.3333,2004-06-26,8.31999981403351,12.4399997219443,10.3799997679889,2004,6,NA
51.8667,10.3333,2004-06-27,8.8999998010695,17.3399996124208,13.1199997067451,2004,6,NA
51.8667,10.3333,2004-06-28,10.7299997601658,20.0399995520711,15.3849996561185,2004,6,NA
51.8667,10.3333,2004-06-29,11.2999997474253,17.3199996128678,14.3099996801466,2004,6,NA
51.8667,10.3333,2004-06-30,7.46999983303249,17.0499996189028,12.2599997259676,2004,6,NA
51.8667,10.3333,2004-07-01,9.9899997767061,19.209999570623,14.5999996736646,2004,7,NA
51.8667,10.3333,2004-07-02,10.0999997742474,17.6199996061623,13.8599996902049,2004,7,NA
51.8667,10.3333,2004-07-03,8.05999981984496,16.7899996247143,12.4249997222796,2004,7,NA
51.8667,10.3333,2004-07-04,9.70999978296459,14.3899996783584,12.0499997306615,2004,7,NA
51.8667,10.3333,2004-07-05,9.16999979503453,16.929999621585,13.0499997083098,2004,7,NA
51.8667,10.3333,2004-07-06,9.24999979324639,17.0699996184558,13.1599997058511,2004,7,NA
51.8667,10.3333,2004-07-07,8.59999980777502,17.3899996113032,12.9949997095391,2004,7,NA
51.8667,10.3333,2004-07-08,7.29999983683228,20.6699995379895,13.9849996874109,2004,7,NA
51.8667,10.3333,2004-07-09,11.1799997501075,18.6799995824695,14.9299996662885,2004,7,NA
51.8667,10.3333,2004-07-10,11.5099997427315,16.9199996218085,14.21499968227,2004,7,NA
51.8667,10.3333,2004-07-11,9.25999979302287,14.6799996718764,11.9699997324497,2004,7,NA
51.8667,10.3333,2004-07-12,8.10999981872737,16.079999640584,12.0949997296557,2004,7,NA
51.8667,10.3333,2004-07-13,9.88999977894127,12.7999997138977,11.3449997464195,2004,7,NA
51.8667,10.3333,2004-07-14,9.00999979861081,12.8499997127801,10.9299997556955,2004,7,NA
51.8667,10.3333,2004-07-15,7.5199998319149,16.369999634102,11.9449997330084,2004,7,NA
51.8667,10.3333,2004-07-16,12.0899997297674,18.0099995974451,15.0499996636063,2004,7,NA
51.8667,10.3333,2004-07-17,14.1499996837229,18.7199995815754,16.4349996326491,2004,7,NA
51.8667,10.3333,2004-07-18,12.7199997156858,25.8499994222075,19.2849995689467,2004,7,NA
51.8667,10.3333,2004-07-19,14.5299996752292,24.699999447912,19.6149995615706,2004,7,NA
51.8667,10.3333,2004-07-20,12.9999997094274,21.1199995279312,17.0599996186793,2004,7,NA
51.8667,10.3333,2004-07-21,11.5499997418374,21.9899995084852,16.7699996251613,2004,7,NA
51.8667,10.3333,2004-07-22,14.4299996774644,23.9399994648993,19.1849995711818,2004,7,NA
51.8667,10.3333,2004-07-23,15.7199996486306,23.229999480769,19.4749995646998,2004,7,NA
51.8667,10.3333,2004-07-24,15.0899996627122,26.3399994112551,20.7149995369837,2004,7,NA
51.8667,10.3333,2004-07-25,12.1399997286499,20.0299995522946,16.0849996404722,2004,7,NA
51.8667,10.3333,2004-07-26,9.80999978072941,18.919999577105,14.3649996789172,2004,7,NA
51.8667,10.3333,2004-07-27,9.07999979704618,14.6899996716529,11.8849997343495,2004,7,NA
51.8667,10.3333,2004-07-28,8.84999980218709,16.6099996287376,12.7299997154623,2004,7,NA
51.8667,10.3333,2004-07-29,8.84999980218709,19.5499995630234,14.1999996826053,2004,7,NA
51.8667,10.3333,2004-07-30,9.5899997856468,21.8799995109439,15.7349996482953,2004,7,NA
51.8667,10.3333,2004-07-31,12.4099997226149,25.6699994262308,19.0399995744228,2004,7,NA
51.8667,10.3333,2004-08-01,13.8499996904284,26.149999415502,19.9999995529652,2004,8,NA
51.8667,10.3333,2004-08-02,14.8899996671826,22.7099994923919,18.7999995797873,2004,8,NA
51.8667,10.3333,2004-08-03,12.3999997228384,23.53999947384,17.9699995983392,2004,8,NA
51.8667,10.3333,2004-08-04,12.8299997132272,24.4699994530529,18.64999958314,2004,8,NA
51.8667,10.3333,2004-08-05,13.8699996899813,27.0799993947148,20.4749995423481,2004,8,NA
51.8667,10.3333,2004-08-06,15.479999653995,27.1399993933737,21.3099995236844,2004,8,NA
51.8667,10.3333,2004-08-07,16.6999996267259,26.8199994005263,21.7599995136261,2004,8,NA
51.8667,10.3333,2004-08-08,15.0199996642768,26.6099994052202,20.8149995347485,2004,8,NA
51.8667,10.3333,2004-08-09,15.7099996488541,26.5199994072318,21.114999528043,2004,8,NA
51.8667,10.3333,2004-08-10,15.6399996504188,27.1299993935972,21.384999522008,2004,8,NA
51.8667,10.3333,2004-08-11,16.099999640137,27.7199993804097,21.9099995102733,2004,8,NA
51.8667,10.3333,2004-08-12,16.1999996379018,23.0699994843453,19.6349995611235,2004,8,NA
51.8667,10.3333,2004-08-13,13.5299996975809,28.1899993699044,20.8599995337427,2004,8,NA
51.8667,10.3333,2004-08-14,13.5499996971339,18.4999995864928,16.0249996418133,2004,8,NA
51.8667,10.3333,2004-08-15,13.4099997002631,19.5899995621294,16.4999996311963,2004,8,NA
51.8667,10.3333,2004-08-16,12.8299997132272,22.4599994979799,17.6449996056035,2004,8,NA
51.8667,10.3333,2004-08-17,13.4499996993691,23.4299994762987,18.4399995878339,2004,8,NA
51.8667,10.3333,2004-08-18,15.3899996560067,23.2099994812161,19.2999995686114,2004,8,NA
51.8667,10.3333,2004-08-19,15.8699996452779,24.2999994568527,20.0849995510653,2004,8,NA
51.8667,10.3333,2004-08-20,15.3799996562302,22.5299994964153,18.9549995763227,2004,8,NA
51.8667,10.3333,2004-08-21,12.7999997138977,20.7199995368719,16.7599996253848,2004,8,NA
51.8667,10.3333,2004-08-22,11.0099997539073,18.3099995907396,14.6599996723235,2004,8,NA
51.8667,10.3333,2004-08-23,8.50999980978668,16.9199996218085,12.7149997157976,2004,8,NA
51.8667,10.3333,2004-08-24,7.47999983280897,19.1799995712936,13.3299997020513,2004,8,NA
51.8667,10.3333,2004-08-25,12.8599997125566,19.6099995616823,16.2349996371195,2004,8,NA
51.8667,10.3333,2004-08-26,12.1699997279793,15.8999996446073,14.0349996862933,2004,8,NA
51.8667,10.3333,2004-08-27,11.749999737367,15.6299996506423,13.6899996940047,2004,8,NA
51.8667,10.3333,2004-08-28,10.1399997733533,14.5099996756762,12.3249997245148,2004,8,NA
51.8667,10.3333,2004-08-29,11.6099997404963,16.6199996285141,14.1149996845052,2004,8,NA
51.8667,10.3333,2004-08-30,11.7399997375906,19.4199995659292,15.5799996517599,2004,8,NA
51.8667,10.3333,2004-08-31,9.67999978363514,15.8699996452779,12.7749997144565,2004,8,NA
51.8667,10.3333,2004-09-01,9.44999978877604,14.7299996707588,12.0899997297674,2004,9,NA
51.8667,10.3333,2004-09-02,7.98999982140958,16.3999996334314,12.1949997274205,2004,9,NA
51.8667,10.3333,2004-09-03,7.22999983839691,19.9599995538592,13.5949996961281,2004,9,NA
51.8667,10.3333,2004-09-04,9.5899997856468,23.9899994637817,16.7899996247143,2004,9,NA
51.8667,10.3333,2004-09-05,11.7099997382611,23.4499994758517,17.5799996070564,2004,9,NA
51.8667,10.3333,2004-09-06,11.8399997353554,23.3299994785339,17.5849996069446,2004,9,NA
51.8667,10.3333,2004-09-07,11.0499997530133,23.3699994776398,17.2099996153265,2004,9,NA
51.8667,10.3333,2004-09-08,11.2999997474253,22.1699995044619,16.7349996259436,2004,9,NA
51.8667,10.3333,2004-09-09,8.42999981157482,17.9599995985627,13.1949997050688,2004,9,NA
51.8667,10.3333,2004-09-10,6.54999985359609,18.5899995844811,12.5699997190386,2004,9,NA
51.8667,10.3333,2004-09-11,6.62999985180795,22.1499995049089,14.3899996783584,2004,9,NA
51.8667,10.3333,2004-09-12,13.8199996910989,19.7799995578825,16.7999996244907,2004,9,NA
51.8667,10.3333,2004-09-13,10.1599997729063,16.6699996273965,13.4149997001514,2004,9,NA
51.8667,10.3333,2004-09-14,9.66999978385866,17.7199996039271,13.6949996938929,2004,9,NA
51.8667,10.3333,2004-09-15,11.5799997411668,18.4699995871633,15.0249996641651,2004,9,NA
51.8667,10.3333,2004-09-16,8.81999980285764,15.809999646619,12.3149997247383,2004,9,NA
51.8667,10.3333,2004-09-17,6.13999986276031,14.3199996799231,10.2299997713417,2004,9,NA
51.8667,10.3333,2004-09-18,4.86999989114702,17.0399996191263,10.9549997551367,2004,9,NA
51.8667,10.3333,2004-09-19,8.06999981962144,20.1499995496124,14.1099996846169,2004,9,NA
51.8667,10.3333,2004-09-20,8.86999980174005,16.1399996392429,12.5049997204915,2004,9,NA
51.8667,10.3333,2004-09-21,7.59999983012676,13.2999997027218,10.4499997664243,2004,9,NA
51.8667,10.3333,2004-09-22,7.61999982967973,11.9299997333437,9.77499978151172,2004,9,NA
51.8667,10.3333,2004-09-23,6.89999984577298,10.029999775812,8.46499981079251,2004,9,NA
51.8667,10.3333,2004-09-24,7.66999982856214,9.55999978631735,8.61499980743974,2004,9,NA
51.8667,10.3333,2004-09-25,7.81999982520938,11.0699997525662,9.4449997888878,2004,9,NA
51.8667,10.3333,2004-09-26,7.5799998305738,9.61999978497624,8.59999980777502,2004,9,NA
51.8667,10.3333,2004-09-27,6.96999984420836,11.6599997393787,9.31499979179353,2004,9,NA
51.8667,10.3333,2004-09-28,9.19999979436398,13.6099996957928,11.4049997450784,2004,9,NA
51.8667,10.3333,2004-09-29,9.25999979302287,13.5899996962398,11.4249997446314,2004,9,NA
51.8667,10.3333,2004-09-30,8.79999980330467,12.9999997094274,10.899999756366,2004,9,NA
51.8667,10.3333,2004-10-01,6.1999998614192,13.0599997080863,9.62999978475273,2004,10,2005
51.8667,10.3333,2004-10-02,6.20999986119568,15.189999660477,10.6999997608364,2004,10,2005
51.8667,10.3333,2004-10-03,7.72999982722104,13.9999996870756,10.8649997571483,2004,10,2005
51.8667,10.3333,2004-10-04,6.94999984465539,15.479999653995,11.2149997493252,2004,10,2005
51.8667,10.3333,2004-10-05,8.55999980866909,18.3199995905161,13.4399996995926,2004,10,2005
51.8667,10.3333,2004-10-06,12.9999997094274,19.8699995558709,16.4349996326491,2004,10,2005
51.8667,10.3333,2004-10-07,9.23999979346991,15.7999996468425,12.5199997201562,2004,10,2005
51.8667,10.3333,2004-10-08,6.6599998511374,13.4099997002631,10.0349997757003,2004,10,2005
51.8667,10.3333,2004-10-09,4.90999989025295,10.9599997550249,7.93499982263893,2004,10,2005
51.8667,10.3333,2004-10-10,3.30999992601573,11.789999736473,7.54999983124435,2004,10,2005
51.8667,10.3333,2004-10-11,1.75999996066093,8.62999980710447,5.1949998838827,2004,10,2005
51.8667,10.3333,2004-10-12,0.449999989941716,7.68999982811511,4.06999990902841,2004,10,2005
51.8667,10.3333,2004-10-13,-1.50999996624887,8.4399998113513,3.46499992255121,2004,10,2005
51.8667,10.3333,2004-10-14,0.61999998614192,12.1299997288734,6.37499985750765,2004,10,2005
51.8667,10.3333,2004-10-15,4.49999989941716,11.9199997335672,8.2099998164922,2004,10,2005
51.8667,10.3333,2004-10-16,5.35999988019466,9.43999978899956,7.39999983459711,2004,10,2005
51.8667,10.3333,2004-10-17,2.59999994188547,8.8999998010695,5.74999987147748,2004,10,2005
51.8667,10.3333,2004-10-18,2.37999994680285,7.48999983258545,4.93499988969415,2004,10,2005
51.8667,10.3333,2004-10-19,5.57999987527728,8.11999981850386,6.84999984689057,2004,10,2005
51.8667,10.3333,2004-10-20,3.08999993093312,11.6999997384846,7.39499983470887,2004,10,2005
51.8667,10.3333,2004-10-21,3.65999991819263,12.8699997123331,8.26499981526285,2004,10,2005
51.8667,10.3333,2004-10-22,6.29999985918403,15.2199996598065,10.7599997594953,2004,10,2005
51.8667,10.3333,2004-10-23,5.66999987326562,13.799999691546,9.73499978240579,2004,10,2005
51.8667,10.3333,2004-10-24,9.72999978251755,14.5899996738881,12.1599997282028,2004,10,2005
51.8667,10.3333,2004-10-25,12.4299997221678,17.7099996041507,15.0699996631593,2004,10,2005
51.8667,10.3333,2004-10-26,9.10999979637563,15.5099996533245,12.3099997248501,2004,10,2005
51.8667,10.3333,2004-10-27,4.55999989807606,10.0899997744709,7.32499983627349,2004,10,2005
51.8667,10.3333,2004-10-28,2.19999995082617,10.5699997637421,6.38499985728413,2004,10,2005
51.8667,10.3333,2004-10-29,6.22999986074865,12.0199997313321,9.12499979604036,2004,10,2005
51.8667,10.3333,2004-10-30,7.2899998370558,14.6799996718764,10.9849997544661,2004,10,2005
51.8667,10.3333,2004-10-31,6.03999986499548,10.6199997626245,8.32999981380999,2004,10,2005
51.8667,10.3333,2004-11-01,7.02999984286726,9.89999977871776,8.46499981079251,2004,11,2005
51.8667,10.3333,2004-11-02,4.8799998909235,7.37999983504415,6.12999986298382,2004,11,2005
51.8667,10.3333,2004-11-03,4.79999989271164,8.53999980911613,6.66999985091388,2004,11,2005
51.8667,10.3333,2004-11-04,7.47999983280897,12.5499997194856,10.0149997761473,2004,11,2005
51.8667,10.3333,2004-11-05,7.56999983079731,10.9599997550249,9.26499979291111,2004,11,2005
51.8667,10.3333,2004-11-06,3.98999991081655,8.86999980174005,6.4299998562783,2004,11,2005
51.8667,10.3333,2004-11-07,2.56999994255602,5.55999987572432,4.06499990914017,2004,11,2005
51.8667,10.3333,2004-11-08,1.93999995663762,4.45999990031123,3.19999992847443,2004,11,2005
51.8667,10.3333,2004-11-09,-1.17999997362494,4.2499999050051,1.53499996569008,2004,11,2005
51.8667,10.3333,2004-11-10,-1.02999997697771,1.88999995775521,0.429999990388751,2004,11,2005
51.8667,10.3333,2004-11-11,-0.109999997541308,1.85999995842576,0.874999980442226,2004,11,2005
51.8667,10.3333,2004-11-12,-1.01999997720122,3.96999991126359,1.47499996703118,2004,11,2005
51.8667,10.3333,2004-11-13,-0.769999982789159,4.63999989628792,1.93499995674938,2004,11,2005
51.8667,10.3333,2004-11-14,-0.839999981224537,3.51999992132187,1.33999997004867,2004,11,2005
51.8667,10.3333,2004-11-15,-1.3199999704957,3.06999993138015,0.874999980442226,2004,11,2005
51.8667,10.3333,2004-11-16,-0.169999996200204,3.24999992735684,1.53999996557832,2004,11,2005
51.8667,10.3333,2004-11-17,3.36999992467463,6.64999985136092,5.00999988801777,2004,11,2005
51.8667,10.3333,2004-11-18,6.13999986276031,8.46999981068075,7.30499983672053,2004,11,2005
51.8667,10.3333,2004-11-19,0.549999987706542,8.42999981157482,4.48999989964068,2004,11,2005
51.8667,10.3333,2004-11-20,-2.13999995216727,0.369999991729856,-0.884999980218709,2004,11,2005
51.8667,10.3333,2004-11-21,-1.61999996379018,-0.649999985471368,-1.13499997463077,2004,11,2005
51.8667,10.3333,2004-11-22,-1.64999996311963,0.489999989047647,-0.57999998703599,2004,11,2005
51.8667,10.3333,2004-11-23,-1.3199999704957,7.40999983437359,3.04499993193895,2004,11,2005
51.8667,10.3333,2004-11-24,-1.76999996043742,7.06999984197319,2.64999994076788,2004,11,2005
51.8667,10.3333,2004-11-25,-4.21999990567565,1.90999995730817,-1.15499997418374,2004,11,2005
51.8667,10.3333,2004-11-26,-3.35999992489815,4.31999990344048,0.479999989271164,2004,11,2005
51.8667,10.3333,2004-11-27,-2.2399999499321,2.84999993629754,0.304999993182719,2004,11,2005
51.8667,10.3333,2004-11-28,1.82999995909631,5.12999988533556,3.47999992221594,2004,11,2005
51.8667,10.3333,2004-11-29,2.73999993875623,5.0499998871237,3.89499991293997,2004,11,2005
51.8667,10.3333,2004-11-30,1.36999996937811,4.72999989427626,3.04999993182719,2004,11,2005
51.8667,10.3333,2004-12-01,-0.829999981448054,3.04999993182719,1.10999997518957,2004,12,2005
51.8667,10.3333,2004-12-02,0.279999993741512,2.8699999358505,1.57499996479601,2004,12,2005
51.8667,10.3333,2004-12-03,-2.14999995194376,2.49999994412065,0.174999996088445,2004,12,2005
51.8667,10.3333,2004-12-04,-1.59999996423721,2.06999995373189,0.234999994747341,2004,12,2005
51.8667,10.3333,2004-12-05,-1.91999995708466,2.47999994456768,0.279999993741512,2004,12,2005
51.8667,10.3333,2004-12-06,-2.03999995440245,2.87999993562698,0.419999990612268,2004,12,2005
51.8667,10.3333,2004-12-07,1.65999996289611,4.32999990321696,2.99499993305653,2004,12,2005
51.8667,10.3333,2004-12-08,2.30999994836748,5.02999988757074,3.66999991796911,2004,12,2005
51.8667,10.3333,2004-12-09,-2.49999994412065,4.38999990187585,0.944999978877604,2004,12,2005
51.8667,10.3333,2004-12-10,-3.06999993138015,4.50999989919364,0.719999983906746,2004,12,2005
51.8667,10.3333,2004-12-11,-2.33999994769692,6.04999986477196,1.85499995853752,2004,12,2005
51.8667,10.3333,2004-12-12,-4.09999990835786,3.41999992355704,-0.339999992400408,2004,12,2005
51.8667,10.3333,2004-12-13,-1.82999995909631,2.43999994546175,0.304999993182719,2004,12,2005
51.8667,10.3333,2004-12-14,-3.53999992087483,1.86999995820224,-0.834999981336296,2004,12,2005
51.8667,10.3333,2004-12-15,-4.34999990276992,1.52999996580184,-1.40999996848404,2004,12,2005
51.8667,10.3333,2004-12-16,-2.4699999447912,5.43999987840652,1.48499996680766,2004,12,2005
51.8667,10.3333,2004-12-17,-0.519999988377094,4.44999990053475,1.96499995607883,2004,12,2005
51.8667,10.3333,2004-12-18,0.699999984353781,3.29999992623925,1.99999995529652,2004,12,2005
51.8667,10.3333,2004-12-19,-1.18999997340143,1.81999995931983,0.314999992959201,2004,12,2005
51.8667,10.3333,2004-12-20,-6.23999986052513,-0.379999991506338,-3.30999992601573,2004,12,2005
51.8667,10.3333,2004-12-21,-7.41999983415008,-0.139999996870756,-3.77999991551042,2004,12,2005
51.8667,10.3333,2004-12-22,-7.77999982610345,-0.169999996200204,-3.97499991115183,2004,12,2005
51.8667,10.3333,2004-12-23,-7.83999982476234,-0.759999983012676,-4.29999990388751,2004,12,2005
51.8667,10.3333,2004-12-24,-0.849999981001019,5.95999986678362,2.5549999428913,2004,12,2005
51.8667,10.3333,2004-12-25,2.28999994881451,6.00999986566603,4.14999990724027,2004,12,2005
51.8667,10.3333,2004-12-26,-0.0699999984353781,7.13999984040856,3.53499992098659,2004,12,2005
51.8667,10.3333,2004-12-27,-2.47999994456768,0.57999998703599,-0.949999978765845,2004,12,2005
51.8667,10.3333,2004-12-28,-2.66999994032085,-0.829999981448054,-1.74999996088445,2004,12,2005
51.8667,10.3333,2004-12-29,-4.35999990254641,-0.589999986812472,-2.47499994467944,2004,12,2005
51.8667,10.3333,2004-12-30,-1.89999995753169,0.489999989047647,-0.704999984242022,2004,12,2005
51.8667,10.3333,2004-12-31,-1.85999995842576,1.9499999564141,0.0449999989941716,2004,12,2005
51.8667,10.3333,2005-01-01,1.41999996826053,4.98999988846481,3.20499992836267,2005,1,2005
51.8667,10.3333,2005-01-02,2.61999994143844,5.36999987997115,3.99499991070479,2005,1,2005
51.8667,10.3333,2005-01-03,0.88999998010695,5.95999986678362,3.42499992344528,2005,1,2005
51.8667,10.3333,2005-01-04,0.769999982789159,4.15999990701675,2.46499994490296,2005,1,2005
51.8667,10.3333,2005-01-05,2.96999993361533,5.31999988108873,4.14499990735203,2005,1,2005
51.8667,10.3333,2005-01-06,2.009999955073,3.69999991729856,2.85499993618578,2005,1,2005
51.8667,10.3333,2005-01-07,2.25999994948506,4.59999989718199,3.42999992333353,2005,1,2005
51.8667,10.3333,2005-01-08,3.46999992243946,7.99999982118607,5.73499987181276,2005,1,2005
51.8667,10.3333,2005-01-09,3.20999992825091,7.8099998254329,5.5099998768419,2005,1,2005
51.8667,10.3333,2005-01-10,1.96999995596707,6.029999865219,3.99999991059303,2005,1,2005
51.8667,10.3333,2005-01-11,4.62999989651144,9.73999978229403,7.18499983940274,2005,1,2005
51.8667,10.3333,2005-01-12,4.97999988868833,7.22999983839691,6.10499986354262,2005,1,2005
51.8667,10.3333,2005-01-13,3.0399999320507,7.33999983593822,5.18999988399446,2005,1,2005
51.8667,10.3333,2005-01-14,0.219999995082617,3.37999992445111,1.79999995976686,2005,1,2005
51.8667,10.3333,2005-01-15,-1.05999997630715,1.9499999564141,0.444999990053475,2005,1,2005
51.8667,10.3333,2005-01-16,-3.64999991841614,2.72999993897974,-0.459999989718199,2005,1,2005
51.8667,10.3333,2005-01-17,-3.69999991729856,3.89999991282821,0.0999999977648258,2005,1,2005
51.8667,10.3333,2005-01-18,-0.919999979436398,4.00999991036952,1.54499996546656,2005,1,2005
51.8667,10.3333,2005-01-19,-0.919999979436398,4.27999990433455,1.67999996244907,2005,1,2005
51.8667,10.3333,2005-01-20,-1.75999996066093,1.70999996177852,-0.0249999994412065,2005,1,2005
51.8667,10.3333,2005-01-21,0.559999987483025,5.52999987639487,3.04499993193895,2005,1,2005
51.8667,10.3333,2005-01-22,-0.469999989494681,3.23999992758036,1.38499996904284,2005,1,2005
51.8667,10.3333,2005-01-23,-0.859999980777502,2.24999994970858,0.694999984465539,2005,1,2005
51.8667,10.3333,2005-01-24,-2.79999993741512,0.409999990835786,-1.19499997328967,2005,1,2005
51.8667,10.3333,2005-01-25,-4.37999990209937,-2.51999994367361,-3.44999992288649,2005,1,2005
51.8667,10.3333,2005-01-26,-5.18999988399446,-3.75999991595745,-4.47499989997596,2005,1,2005
51.8667,10.3333,2005-01-27,-6.68999985046685,-3.5599999204278,-5.12499988544732,2005,1,2005
51.8667,10.3333,2005-01-28,-8.25999981537461,-4.63999989628792,-6.44999985583127,2005,1,2005
51.8667,10.3333,2005-01-29,-10.1799997724593,-3.43999992311001,-6.80999984778464,2005,1,2005
51.8667,10.3333,2005-01-30,-9.2999997921288,-2.66999994032085,-5.98499986622483,2005,1,2005
51.8667,10.3333,2005-01-31,-5.35999988019466,-0.179999995976686,-2.76999993808568,2005,1,2005
51.8667,10.3333,2005-02-01,-0.769999982789159,3.19999992847443,1.21499997284263,2005,2,2005
51.8667,10.3333,2005-02-02,-1.70999996177852,1.4899999666959,-0.109999997541308,2005,2,2005
51.8667,10.3333,2005-02-03,-0.839999981224537,2.58999994210899,0.874999980442226,2005,2,2005
51.8667,10.3333,2005-02-04,-0.959999978542328,2.009999955073,0.524999988265336,2005,2,2005
51.8667,10.3333,2005-02-05,-0.879999980330467,2.44999994523823,0.784999982453883,2005,2,2005
51.8667,10.3333,2005-02-06,-5.30999988131225,1.07999997586012,-2.11499995272607,2005,2,2005
51.8667,10.3333,2005-02-07,-8.27999981492758,0.339999992400408,-3.96999991126359,2005,2,2005
51.8667,10.3333,2005-02-08,-8.23999981582165,0.599999986588955,-3.81999991461635,2005,2,2005
51.8667,10.3333,2005-02-09,-7.85999982431531,0.509999988600612,-3.67499991785735,2005,2,2005
51.8667,10.3333,2005-02-10,-5.97999986633658,2.98999993316829,-1.49499996658415,2005,2,2005
51.8667,10.3333,2005-02-11,1.49999996647239,3.85999991372228,2.67999994009733,2005,2,2005
51.8667,10.3333,2005-02-12,0.229999994859099,4.74999989382923,2.48999994434416,2005,2,2005
51.8667,10.3333,2005-02-13,0.419999990612268,8.57999980822206,4.49999989941716,2005,2,2005
51.8667,10.3333,2005-02-14,-2.58999994210899,1.68999996222556,-0.449999989941716,2005,2,2005
51.8667,10.3333,2005-02-15,-4.16999990679324,-0.159999996423721,-2.16499995160848,2005,2,2005
51.8667,10.3333,2005-02-16,-4.44999990053475,-1.88999995775521,-3.16999992914498,2005,2,2005
51.8667,10.3333,2005-02-17,-4.48999989964068,-2.88999993540347,-3.68999991752207,2005,2,2005
51.8667,10.3333,2005-02-18,-6.68999985046685,-3.31999992579222,-5.00499988812953,2005,2,2005
51.8667,10.3333,2005-02-19,-8.47999981045723,-1.66999996267259,-5.07499988656491,2005,2,2005
51.8667,10.3333,2005-02-20,-4.49999989941716,-0.0599999986588955,-2.27999994903803,2005,2,2005
51.8667,10.3333,2005-02-21,-4.28999990411103,0.0699999984353781,-2.10999995283782,2005,2,2005
51.8667,10.3333,2005-02-22,-5.72999987192452,-0.57999998703599,-3.15499992948025,2005,2,2005
51.8667,10.3333,2005-02-23,-5.99999986588955,-3.97999991104007,-4.98999988846481,2005,2,2005
51.8667,10.3333,2005-02-24,-5.25999988242984,-1.98999995552003,-3.62499991897494,2005,2,2005
51.8667,10.3333,2005-02-25,-7.1199998408556,-0.0999999977648258,-3.60999991931021,2005,2,2005
51.8667,10.3333,2005-02-26,-7.04999984242022,-0.949999978765845,-3.99999991059303,2005,2,2005
51.8667,10.3333,2005-02-27,-7.17999983951449,-1.61999996379018,-4.39999990165234,2005,2,2005
51.8667,10.3333,2005-02-28,-12.7599997147918,-5.71999987214804,-9.23999979346991,2005,2,2005
51.8667,10.3333,2005-03-01,-14.7199996709824,-6.64999985136092,-10.6849997611716,2005,3,2005
51.8667,10.3333,2005-03-02,-9.2999997921288,-4.19999990612268,-6.74999984912574,2005,3,2005
51.8667,10.3333,2005-03-03,-7.56999983079731,-0.959999978542328,-4.26499990466982,2005,3,2005
51.8667,10.3333,2005-03-04,-6.12999986298382,-1.7799999602139,-3.95499991159886,2005,3,2005
51.8667,10.3333,2005-03-05,-7.9799998216331,-2.43999994546175,-5.20999988354743,2005,3,2005
51.8667,10.3333,2005-03-06,-8.86999980174005,-3.19999992847443,-6.03499986510724,2005,3,2005
51.8667,10.3333,2005-03-07,-9.85999977961183,-4.30999990366399,-7.08499984163791,2005,3,2005
51.8667,10.3333,2005-03-08,-11.7299997378141,0.369999991729856,-5.67999987304211,2005,3,2005
51.8667,10.3333,2005-03-09,-1.18999997340143,1.22999997250736,0.0199999995529652,2005,3,2005
51.8667,10.3333,2005-03-10,-3.96999991126359,0.989999977871776,-1.4899999666959,2005,3,2005
51.8667,10.3333,2005-03-11,-8.91999980062246,0.819999981671572,-4.04999990947545,2005,3,2005
51.8667,10.3333,2005-03-12,-2.28999994881451,1.58999996446073,-0.34999999217689,2005,3,2005
51.8667,10.3333,2005-03-13,-1.85999995842576,0.549999987706542,-0.654999985359609,2005,3,2005
51.8667,10.3333,2005-03-14,-2.18999995104969,2.50999994389713,0.159999996423721,2005,3,2005
51.8667,10.3333,2005-03-15,-1.12999997474253,3.42999992333353,1.1499999742955,2005,3,2005
51.8667,10.3333,2005-03-16,-0.569999987259507,7.63999982923269,3.53499992098659,2005,3,2005
51.8667,10.3333,2005-03-17,5.71999987214804,15.5599996522069,10.6399997621775,2005,3,2005
51.8667,10.3333,2005-03-18,8.38999981246889,12.1999997273088,10.2949997698888,2005,3,2005
51.8667,10.3333,2005-03-19,6.7199998497963,9.48999978788197,8.10499981883913,2005,3,2005
51.8667,10.3333,2005-03-20,-0.609999986365438,7.20999983884394,3.29999992623925,2005,3,2005
51.8667,10.3333,2005-03-21,-3.82999991439283,5.53999987617135,0.854999980889261,2005,3,2005
51.8667,10.3333,2005-03-22,-3.33999992534518,8.6099998075515,2.63499994110316,2005,3,2005
51.8667,10.3333,2005-03-23,-1.21999997273088,12.5799997188151,5.67999987304211,2005,3,2005
51.8667,10.3333,2005-03-24,4.46999990008771,14.3999996781349,9.43499978911132,2005,3,2005
51.8667,10.3333,2005-03-25,2.94999993406236,15.9199996441603,9.43499978911132,2005,3,2005
51.8667,10.3333,2005-03-26,5.14999988488853,10.0599997751415,7.604999830015,2005,3,2005
51.8667,10.3333,2005-03-27,3.83999991416931,12.2599997259676,8.04999982006848,2005,3,2005
51.8667,10.3333,2005-03-28,4.21999990567565,12.2399997264147,8.22999981604517,2005,3,2005
51.8667,10.3333,2005-03-29,4.89999989047647,10.4099997673184,7.65499982889742,2005,3,2005
51.8667,10.3333,2005-03-30,4.1899999063462,9.25999979302287,6.72499984968454,2005,3,2005
51.8667,10.3333,2005-03-31,1.68999996222556,10.4499997664243,6.06999986432493,2005,3,2005
51.8667,10.3333,2005-04-01,-0.769999982789159,9.83999978005886,4.53499989863485,2005,4,2005
51.8667,10.3333,2005-04-02,-1.50999996624887,11.4699997436255,4.97999988868833,2005,4,2005
51.8667,10.3333,2005-04-03,-0.829999981448054,14.4999996758997,6.83499984722584,2005,4,2005
51.8667,10.3333,2005-04-04,1.0899999756366,17.1499996166676,9.11999979615211,2005,4,2005
51.8667,10.3333,2005-04-05,3.30999992601573,18.4999995864928,10.9049997562543,2005,4,2005
51.8667,10.3333,2005-04-06,2.19999995082617,10.4599997662008,6.32999985851347,2005,4,2005
51.8667,10.3333,2005-04-07,1.03999997675419,12.4099997226149,6.72499984968454,2005,4,2005
51.8667,10.3333,2005-04-08,3.89999991282821,11.9599997326732,7.92999982275069,2005,4,2005
51.8667,10.3333,2005-04-09,2.72999993897974,7.99999982118607,5.36499988008291,2005,4,2005
51.8667,10.3333,2005-04-10,-1.20999997295439,4.11999990791082,1.45499996747822,2005,4,2005
51.8667,10.3333,2005-04-11,-0.999999977648258,6.86999984644353,2.93499993439764,2005,4,2005
51.8667,10.3333,2005-04-12,0.879999980330467,9.01999979838729,4.94999988935888,2005,4,2005
51.8667,10.3333,2005-04-13,2.74999993853271,10.5499997641891,6.64999985136092,2005,4,2005
51.8667,10.3333,2005-04-14,6.4899998549372,13.6799996942282,10.0849997745827,2005,4,2005
51.8667,10.3333,2005-04-15,6.62999985180795,15.5299996528774,11.0799997523427,2005,4,2005
51.8667,10.3333,2005-04-16,5.77999987080693,19.0699995737523,12.4249997222796,2005,4,2005
51.8667,10.3333,2005-04-17,6.76999984867871,17.4599996097386,12.1149997292086,2005,4,2005
51.8667,10.3333,2005-04-18,7.92999982275069,14.6199996732175,11.2749997479841,2005,4,2005
51.8667,10.3333,2005-04-19,7.749999826774,15.8399996459484,11.7949997363612,2005,4,2005
51.8667,10.3333,2005-04-20,4.99999988824129,12.3099997248501,8.65499980654567,2005,4,2005
51.8667,10.3333,2005-04-21,-0.0499999988824129,8.35999981313944,4.15499990712851,2005,4,2005
51.8667,10.3333,2005-04-22,-3.44999992288649,8.00999982096255,2.27999994903803,2005,4,2005
51.8667,10.3333,2005-04-23,-1.34999996982515,11.0399997532368,4.84499989170581,2005,4,2005
51.8667,10.3333,2005-04-24,0.30999999307096,12.929999710992,6.61999985203147,2005,4,2005
51.8667,10.3333,2005-04-25,1.89999995753169,12.8399997130036,7.36999983526766,2005,4,2005
51.8667,10.3333,2005-04-26,5.47999987751245,10.2899997700006,7.88499982375652,2005,4,2005
51.8667,10.3333,2005-04-27,6.11999986320734,12.1199997290969,9.11999979615211,2005,4,2005
51.8667,10.3333,2005-04-28,5.63999987393618,12.3099997248501,8.97499979939312,2005,4,2005
51.8667,10.3333,2005-04-29,3.54999992065132,15.1299996618181,9.33999979123473,2005,4,2005
51.8667,10.3333,2005-04-30,6.32999985851347,14.4599996767938,10.3949997676536,2005,4,2005
51.8667,10.3333,2005-05-01,7.46999983303249,17.7299996037036,12.5999997183681,2005,5,NA
51.8667,10.3333,2005-05-02,9.5899997856468,24.1499994602054,16.8699996229261,2005,5,NA
51.8667,10.3333,2005-05-03,13.2099997047335,26.0599994175136,19.6349995611235,2005,5,NA
51.8667,10.3333,2005-05-04,10.4399997666478,20.8499995339662,15.644999650307,2005,5,NA
51.8667,10.3333,2005-05-05,8.63999980688095,14.6699996720999,11.6549997394904,2005,5,NA
51.8667,10.3333,2005-05-06,3.57999991998076,11.5999997407198,7.58999983035028,2005,5,NA
51.8667,10.3333,2005-05-07,3.47999992221594,11.7099997382611,7.59499983023852,2005,5,NA
51.8667,10.3333,2005-05-08,2.39999994635582,6.6599998511374,4.52999989874661,2005,5,NA
51.8667,10.3333,2005-05-09,1.95999995619059,8.33999981358647,5.14999988488853,2005,5,NA
51.8667,10.3333,2005-05-10,1.63999996334314,7.25999983772635,4.44999990053475,2005,5,NA
51.8667,10.3333,2005-05-11,2.009999955073,8.68999980576336,5.34999988041818,2005,5,NA
51.8667,10.3333,2005-05-12,1.74999996088445,9.54999978654087,5.64999987371266,2005,5,NA
51.8667,10.3333,2005-05-13,0.719999983906746,10.2799997702241,5.49999987706542,2005,5,NA
51.8667,10.3333,2005-05-14,0.869999980553985,14.1599996834993,7.51499983202666,2005,5,NA
51.8667,10.3333,2005-05-15,7.19999983906746,12.4899997208267,9.8449997799471,2005,5,NA
51.8667,10.3333,2005-05-16,4.85999989137053,12.1399997286499,8.49999981001019,2005,5,NA
51.8667,10.3333,2005-05-17,3.97999991104007,14.9299996662885,9.45499978866428,2005,5,NA
51.8667,10.3333,2005-05-18,0.899999979883432,6.91999984532595,3.90999991260469,2005,5,NA
51.8667,10.3333,2005-05-19,-0.169999996200204,9.67999978363514,4.75499989371747,2005,5,NA
51.8667,10.3333,2005-05-20,0.319999992847443,14.4899996761233,7.40499983448535,2005,5,NA
51.8667,10.3333,2005-05-21,5.85999986901879,17.7399996034801,11.7999997362494,2005,5,NA
51.8667,10.3333,2005-05-22,11.169999750331,18.5099995862693,14.8399996683002,2005,5,NA
51.8667,10.3333,2005-05-23,11.5499997418374,19.6499995607883,15.5999996513128,2005,5,NA
51.8667,10.3333,2005-05-24,8.41999981179833,15.2499996591359,11.8349997354671,2005,5,NA
51.8667,10.3333,2005-05-25,5.63999987393618,17.489999609068,11.5649997415021,2005,5,NA
51.8667,10.3333,2005-05-26,9.61999978497624,20.8299995344132,15.2249996596947,2005,5,NA
51.8667,10.3333,2005-05-27,10.7999997586012,25.1199994385242,17.9599995985627,2005,5,NA
51.8667,10.3333,2005-05-28,15.20999966003,28.2599993683398,21.7349995141849,2005,5,NA
51.8667,10.3333,2005-05-29,15.4599996544421,30.1799993254244,22.8199994899333,2005,5,NA
51.8667,10.3333,2005-05-30,13.3899997007102,23.0899994838983,18.2399995923042,2005,5,NA
51.8667,10.3333,2005-05-31,7.62999982945621,16.1099996399134,11.8699997346848,2005,5,NA
51.8667,10.3333,2005-06-01,5.45999987795949,13.3799997009337,9.41999978944659,2005,6,NA
51.8667,10.3333,2005-06-02,3.97999991104007,12.5499997194856,8.26499981526285,2005,6,NA
51.8667,10.3333,2005-06-03,5.43999987840652,15.0399996638298,10.2399997711182,2005,6,NA
51.8667,10.3333,2005-06-04,10.629999762401,23.4799994751811,17.054999618791,2005,6,NA
51.8667,10.3333,2005-06-05,9.88999977894127,17.5199996083975,13.7049996936694,2005,6,NA
51.8667,10.3333,2005-06-06,9.31999979168177,13.5899996962398,11.4549997439608,2005,6,NA
51.8667,10.3333,2005-06-07,5.80999987013638,10.2799997702241,8.04499982018024,2005,6,NA
51.8667,10.3333,2005-06-08,4.36999990232289,11.2199997492135,7.79499982576817,2005,6,NA
51.8667,10.3333,2005-06-09,5.24999988265336,12.6899997163564,8.96999979950488,2005,6,NA
51.8667,10.3333,2005-06-10,4.19999990612268,15.9999996423721,10.0999997742474,2005,6,NA
51.8667,10.3333,2005-06-11,5.51999987661839,15.8299996461719,10.6749997613952,2005,6,NA
51.8667,10.3333,2005-06-12,4.85999989137053,10.629999762401,7.74499982688576,2005,6,NA
51.8667,10.3333,2005-06-13,4.89999989047647,12.7499997150153,8.82499980274588,2005,6,NA
51.8667,10.3333,2005-06-14,5.67999987304211,14.5999996736646,10.1399997733533,2005,6,NA
51.8667,10.3333,2005-06-15,5.68999987281859,21.5999995172024,13.6449996950105,2005,6,NA
51.8667,10.3333,2005-06-16,9.19999979436398,22.8399994894862,16.0199996419251,2005,6,NA
51.8667,10.3333,2005-06-17,11.8099997360259,21.4699995201081,16.639999628067,2005,6,NA
51.8667,10.3333,2005-06-18,14.069999685511,19.5599995627999,16.8149996241555,2005,6,NA
51.8667,10.3333,2005-06-19,9.19999979436398,19.4499995652586,14.3249996798113,2005,6,NA
51.8667,10.3333,2005-06-20,8.45999981090426,23.809999467805,16.1349996393546,2005,6,NA
51.8667,10.3333,2005-06-21,12.5099997203797,26.5299994070083,19.519999563694,2005,6,NA
51.8667,10.3333,2005-06-22,13.3199997022748,28.2599993683398,20.7899995353073,2005,6,NA
51.8667,10.3333,2005-06-23,10.7599997594953,20.5299995411187,15.644999650307,2005,6,NA
51.8667,10.3333,2005-06-24,10.3799997679889,25.52999942936,17.9549995986745,2005,6,NA
51.8667,10.3333,2005-06-25,14.899999666959,26.8199994005263,20.8599995337427,2005,6,NA
51.8667,10.3333,2005-06-26,13.7499996926636,26.3599994108081,20.0549995517358,2005,6,NA
51.8667,10.3333,2005-06-27,11.3999997451901,21.0299995299429,16.2149996375665,2005,6,NA
51.8667,10.3333,2005-06-28,9.60999978519976,22.5499994959682,16.079999640584,2005,6,NA
51.8667,10.3333,2005-06-29,8.40999981202185,21.8899995107204,15.1499996613711,2005,6,NA
51.8667,10.3333,2005-06-30,9.1299997959286,20.0099995527416,14.5699996743351,2005,6,NA
51.8667,10.3333,2005-07-01,12.639999717474,16.7999996244907,14.7199996709824,2005,7,NA
51.8667,10.3333,2005-07-02,12.4299997221678,18.4099995885044,15.4199996553361,2005,7,NA
51.8667,10.3333,2005-07-03,12.2199997268617,21.3099995236844,16.764999625273,2005,7,NA
51.8667,10.3333,2005-07-04,14.5699996743351,22.3399995006621,18.4549995874986,2005,7,NA
51.8667,10.3333,2005-07-05,12.6999997161329,26.709999402985,19.7049995595589,2005,7,NA
51.8667,10.3333,2005-07-06,9.9299997780472,16.5199996307492,13.2249997043982,2005,7,NA
51.8667,10.3333,2005-07-07,8.32999981380999,19.6799995601177,14.0049996869639,2005,7,NA
51.8667,10.3333,2005-07-08,10.4699997659773,14.2499996814877,12.3599997237325,2005,7,NA
51.8667,10.3333,2005-07-09,8.75999980419874,16.0299996417016,12.3949997229502,2005,7,NA
51.8667,10.3333,2005-07-10,8.81999980285764,17.7299996037036,13.2749997032806,2005,7,NA
51.8667,10.3333,2005-07-11,13.1599997058511,24.4599994532764,18.8099995795637,2005,7,NA
51.8667,10.3333,2005-07-12,12.059999730438,24.7499994467944,18.4049995886162,2005,7,NA
51.8667,10.3333,2005-07-13,13.3699997011572,26.689999403432,20.0299995522946,2005,7,NA
51.8667,10.3333,2005-07-14,13.5399996973574,26.7499994020909,20.1449995497242,2005,7,NA
51.8667,10.3333,2005-07-15,14.4599996767938,26.4799994081259,20.4699995424598,2005,7,NA
51.8667,10.3333,2005-07-16,13.7499996926636,28.5699993614107,21.1599995270371,2005,7,NA
51.8667,10.3333,2005-07-17,11.8999997340143,21.4099995214492,16.6549996277317,2005,7,NA
51.8667,10.3333,2005-07-18,9.05999979749322,20.5299995411187,14.794999669306,2005,7,NA
51.8667,10.3333,2005-07-19,10.029999775812,26.8199994005263,18.4249995881692,2005,7,NA
51.8667,10.3333,2005-07-20,12.8399997130036,19.9199995547533,16.3799996338785,2005,7,NA
51.8667,10.3333,2005-07-21,9.65999978408217,17.8599996007979,13.75999969244,2005,7,NA
51.8667,10.3333,2005-07-22,10.1999997720122,13.9099996890873,12.0549997305498,2005,7,NA
51.8667,10.3333,2005-07-23,10.0899997744709,13.1199997067451,11.604999740608,2005,7,NA
51.8667,10.3333,2005-07-24,9.39999978989363,14.2699996810406,11.8349997354671,2005,7,NA
51.8667,10.3333,2005-07-25,10.4699997659773,21.0299995299429,15.7499996479601,2005,7,NA
51.8667,10.3333,2005-07-26,13.6999996937811,22.1499995049089,17.924999599345,2005,7,NA
51.8667,10.3333,2005-07-27,11.3799997456372,17.529999608174,14.4549996769056,2005,7,NA
51.8667,10.3333,2005-07-28,11.3199997469783,24.099999461323,17.7099996041507,2005,7,NA
51.8667,10.3333,2005-07-29,16.4199996329844,28.5299993623048,22.4749994976446,2005,7,NA
51.8667,10.3333,2005-07-30,16.7099996265024,26.6799994036555,21.694999515079,2005,7,NA
51.8667,10.3333,2005-07-31,13.2599997036159,21.54999951832,17.4049996109679,2005,7,NA
51.8667,10.3333,2005-08-01,10.9299997556955,20.8299995344132,15.8799996450543,2005,8,NA
51.8667,10.3333,2005-08-02,9.5299997869879,18.7399995811284,14.1349996840581,2005,8,NA
51.8667,10.3333,2005-08-03,8.32999981380999,19.0499995741993,13.6899996940047,2005,8,NA
51.8667,10.3333,2005-08-04,10.1399997733533,18.359999589622,14.2499996814877,2005,8,NA
51.8667,10.3333,2005-08-05,9.19999979436398,17.9299995992333,13.5649996967986,2005,8,NA
51.8667,10.3333,2005-08-06,8.22999981604517,18.8599995784461,13.5449996972457,2005,8,NA
51.8667,10.3333,2005-08-07,8.31999981403351,14.9999996647239,11.6599997393787,2005,8,NA
51.8667,10.3333,2005-08-08,7.71999982744455,13.779999691993,10.7499997597188,2005,8,NA
51.8667,10.3333,2005-08-09,8.49999981001019,15.3699996564537,11.934999733232,2005,8,NA
51.8667,10.3333,2005-08-10,8.53999980911613,14.6799996718764,11.6099997404963,2005,8,NA
51.8667,10.3333,2005-08-11,7.95999982208014,13.779999691993,10.8699997570366,2005,8,NA
51.8667,10.3333,2005-08-12,10.1099997740239,15.809999646619,12.9599997103214,2005,8,NA
51.8667,10.3333,2005-08-13,9.37999979034066,19.7599995583296,14.5699996743351,2005,8,NA
51.8667,10.3333,2005-08-14,10.0999997742474,15.4199996553361,12.7599997147918,2005,8,NA
51.8667,10.3333,2005-08-15,11.209999749437,13.8899996895343,12.5499997194856,2005,8,NA
51.8667,10.3333,2005-08-16,11.4699997436255,17.509999608621,14.4899996761233,2005,8,NA
51.8667,10.3333,2005-08-17,9.88999977894127,17.3999996110797,13.6449996950105,2005,8,NA
51.8667,10.3333,2005-08-18,7.79999982565641,20.3499995451421,14.0749996853992,2005,8,NA
51.8667,10.3333,2005-08-19,10.4299997668713,23.8899994660169,17.1599996164441,2005,8,NA
51.8667,10.3333,2005-08-20,12.9199997112155,25.6499994266778,19.2849995689467,2005,8,NA
51.8667,10.3333,2005-08-21,14.939999666065,19.3999995663762,17.1699996162206,2005,8,NA
51.8667,10.3333,2005-08-22,15.3299996573478,18.7299995813519,17.0299996193498,2005,8,NA
51.8667,10.3333,2005-08-23,14.5799996741116,22.0499995071441,18.3149995906278,2005,8,NA
51.8667,10.3333,2005-08-24,12.2799997255206,17.239999614656,14.7599996700883,2005,8,NA
51.8667,10.3333,2005-08-25,11.8699997346848,18.4499995876104,15.1599996611476,2005,8,NA
51.8667,10.3333,2005-08-26,10.2199997715652,15.8999996446073,13.0599997080863,2005,8,NA
51.8667,10.3333,2005-08-27,8.33999981358647,15.7799996472895,12.059999730438,2005,8,NA
51.8667,10.3333,2005-08-28,7.94999982230365,18.4599995873868,13.2049997048452,2005,8,NA
51.8667,10.3333,2005-08-29,7.79999982565641,20.1699995491654,13.9849996874109,2005,8,NA
51.8667,10.3333,2005-08-30,9.80999978072941,23.6699994709343,16.7399996258318,2005,8,NA
51.8667,10.3333,2005-08-31,10.8299997579306,24.5399994514883,17.6849996047094,2005,8,NA
51.8667,10.3333,2005-09-01,12.3399997241795,25.9099994208664,19.1249995725229,2005,9,NA
51.8667,10.3333,2005-09-02,14.3199996799231,28.1999993696809,21.259999524802,2005,9,NA
51.8667,10.3333,2005-09-03,13.9399996884167,20.8199995346367,17.3799996115267,2005,9,NA
51.8667,10.3333,2005-09-04,11.2599997483194,19.9799995534122,15.6199996508658,2005,9,NA
51.8667,10.3333,2005-09-05,9.67999978363514,22.8899994883686,16.2849996360019,2005,9,NA
51.8667,10.3333,2005-09-06,10.1499997731298,23.9699994642287,17.0599996186793,2005,9,NA
51.8667,10.3333,2005-09-07,10.629999762401,26.109999416396,18.3699995893985,2005,9,NA
51.8667,10.3333,2005-09-08,12.9699997100979,27.7699993792921,20.369999544695,2005,9,NA
51.8667,10.3333,2005-09-09,14.0399996861815,27.0699993949383,20.5549995405599,2005,9,NA
51.8667,10.3333,2005-09-10,13.8199996910989,27.1799993924797,20.4999995417893,2005,9,NA
51.8667,10.3333,2005-09-11,13.2699997033924,23.53999947384,18.4049995886162,2005,9,NA
51.8667,10.3333,2005-09-12,14.7699996698648,16.7699996251613,15.769999647513,2005,9,NA
51.8667,10.3333,2005-09-13,11.499999742955,15.7199996486306,13.6099996957928,2005,9,NA
51.8667,10.3333,2005-09-14,7.91999982297421,16.929999621585,12.4249997222796,2005,9,NA
51.8667,10.3333,2005-09-15,7.78999982587993,17.239999614656,12.514999720268,2005,9,NA
51.8667,10.3333,2005-09-16,12.7599997147918,17.4699996095151,15.1149996621534,2005,9,NA
51.8667,10.3333,2005-09-17,5.739999871701,13.8699996899813,9.80499978084117,2005,9,NA
51.8667,10.3333,2005-09-18,3.34999992512167,12.1099997293204,7.72999982722104,2005,9,NA
51.8667,10.3333,2005-09-19,1.95999995619059,14.7099996712059,8.33499981369823,2005,9,NA
51.8667,10.3333,2005-09-20,3.40999992378056,15.9099996443838,9.65999978408217,2005,9,NA
51.8667,10.3333,2005-09-21,4.26999990455806,17.3499996121973,10.8099997583777,2005,9,NA
51.8667,10.3333,2005-09-22,5.55999987572432,16.7399996258318,11.1499997507781,2005,9,NA
51.8667,10.3333,2005-09-23,5.739999871701,18.359999589622,12.0499997306615,2005,9,NA
51.8667,10.3333,2005-09-24,6.79999984800816,20.3399995453656,13.5699996966869,2005,9,NA
51.8667,10.3333,2005-09-25,9.03999979794025,20.3399995453656,14.6899996716529,2005,9,NA
51.8667,10.3333,2005-09-26,9.09999979659915,20.679999537766,14.8899996671826,2005,9,NA
51.8667,10.3333,2005-09-27,9.51999978721142,16.1399996392429,12.8299997132272,2005,9,NA
51.8667,10.3333,2005-09-28,8.67999980598688,15.2999996580184,11.9899997320026,2005,9,NA
51.8667,10.3333,2005-09-29,7.94999982230365,14.5299996752292,11.2399997487664,2005,9,NA
51.8667,10.3333,2005-09-30,7.55999983102083,11.2199997492135,9.38999979011714,2005,9,NA
51.8667,10.3333,2005-10-01,7.45999983325601,13.1699997056276,10.3149997694418,2005,10,2006
51.8667,10.3333,2005-10-02,8.1499998178333,10.9099997561425,9.5299997869879,2005,10,2006
51.8667,10.3333,2005-10-03,5.37999987974763,11.6499997396022,8.51499980967492,2005,10,2006
51.8667,10.3333,2005-10-04,5.59999987483025,12.369999723509,8.9849997991696,2005,10,2006
51.8667,10.3333,2005-10-05,9.19999979436398,14.8399996683002,12.0199997313321,2005,10,2006
51.8667,10.3333,2005-10-06,8.87999980151653,16.369999634102,12.6249997178093,2005,10,2006
51.8667,10.3333,2005-10-07,8.87999980151653,17.239999614656,13.0599997080863,2005,10,2006
51.8667,10.3333,2005-10-08,8.27999981492758,16.8699996229261,12.5749997189268,2005,10,2006
51.8667,10.3333,2005-10-09,7.3499998357147,18.6899995822459,13.0199997089803,2005,10,2006
51.8667,10.3333,2005-10-10,9.05999979749322,17.489999609068,13.2749997032806,2005,10,2006
51.8667,10.3333,2005-10-11,7.46999983303249,17.529999608174,12.4999997206032,2005,10,2006
51.8667,10.3333,2005-10-12,5.88999986834824,16.4699996318668,11.1799997501075,2005,10,2006
51.8667,10.3333,2005-10-13,5.83999986946583,17.7499996032566,11.7949997363612,2005,10,2006
51.8667,10.3333,2005-10-14,4.31999990344048,16.6799996271729,10.4999997653067,2005,10,2006
51.8667,10.3333,2005-10-15,3.68999991752207,17.5199996083975,10.6049997629598,2005,10,2006
51.8667,10.3333,2005-10-16,3.82999991439283,15.4399996548891,9.63499978464097,2005,10,2006
51.8667,10.3333,2005-10-17,1.27999997138977,11.6099997404963,6.44499985594302,2005,10,2006
51.8667,10.3333,2005-10-18,2.29999994859099,10.7999997586012,6.54999985359609,2005,10,2006
51.8667,10.3333,2005-10-19,2.009999955073,10.1499997731298,6.07999986410141,2005,10,2006
51.8667,10.3333,2005-10-20,-0.419999990612268,12.7599997147918,6.16999986208975,2005,10,2006
51.8667,10.3333,2005-10-21,7.16999983973801,13.0299997087568,10.0999997742474,2005,10,2006
51.8667,10.3333,2005-10-22,8.23999981582165,14.5299996752292,11.3849997455254,2005,10,2006
51.8667,10.3333,2005-10-23,10.2899997700006,13.9199996888638,12.1049997294322,2005,10,2006
51.8667,10.3333,2005-10-24,7.1199998408556,12.9999997094274,10.0599997751415,2005,10,2006
51.8667,10.3333,2005-10-25,7.09999984130263,11.1999997496605,9.14999979548156,2005,10,2006
51.8667,10.3333,2005-10-26,10.6599997617304,14.0599996857345,12.3599997237325,2005,10,2006
51.8667,10.3333,2005-10-27,8.88999980129302,15.6799996495247,12.2849997254089,2005,10,2006
51.8667,10.3333,2005-10-28,8.90999980084598,17.9499995987862,13.4299996998161,2005,10,2006
51.8667,10.3333,2005-10-29,8.67999980598688,19.7199995592237,14.1999996826053,2005,10,2006
51.8667,10.3333,2005-10-30,8.41999981179833,18.64999958314,13.5349996974692,2005,10,2006
51.8667,10.3333,2005-10-31,9.09999979659915,19.2399995699525,14.1699996832758,2005,10,2006
51.8667,10.3333,2005-11-01,8.06999981962144,19.6499995607883,13.8599996902049,2005,11,2006
51.8667,10.3333,2005-11-02,7.45999983325601,13.5299996975809,10.4949997654185,2005,11,2006
51.8667,10.3333,2005-11-03,4.94999988935888,11.5199997425079,8.23499981593341,2005,11,2006
51.8667,10.3333,2005-11-04,10.7899997588247,15.0899996627122,12.9399997107685,2005,11,2006
51.8667,10.3333,2005-11-05,10.2699997704476,13.3199997022748,11.7949997363612,2005,11,2006
51.8667,10.3333,2005-11-06,4.55999989807606,10.4899997655302,7.52499983180314,2005,11,2006
51.8667,10.3333,2005-11-07,3.47999992221594,8.75999980419874,6.11999986320734,2005,11,2006
51.8667,10.3333,2005-11-08,4.03999990969896,8.23999981582165,6.13999986276031,2005,11,2006
51.8667,10.3333,2005-11-09,4.57999989762902,12.7099997159094,8.64499980676919,2005,11,2006
51.8667,10.3333,2005-11-10,4.60999989695847,13.9499996881932,9.27999979257584,2005,11,2006
51.8667,10.3333,2005-11-11,5.97999986633658,9.62999978475273,7.80499982554466,2005,11,2006
51.8667,10.3333,2005-11-12,6.5999998524785,9.25999979302287,7.92999982275069,2005,11,2006
51.8667,10.3333,2005-11-13,3.54999992065132,8.73999980464578,6.14499986264855,2005,11,2006
51.8667,10.3333,2005-11-14,3.87999991327524,9.84999977983534,6.86499984655529,2005,11,2006
51.8667,10.3333,2005-11-15,2.04999995417893,7.31999983638525,4.68499989528209,2005,11,2006
51.8667,10.3333,2005-11-16,2.21999995037913,4.67999989539385,3.44999992288649,2005,11,2006
51.8667,10.3333,2005-11-17,-0.34999999217689,4.2499999050051,1.9499999564141,2005,11,2006
51.8667,10.3333,2005-11-18,-0.709999984130263,1.90999995730817,0.599999986588955,2005,11,2006
51.8667,10.3333,2005-11-19,-1.91999995708466,1.79999995976686,-0.0599999986588955,2005,11,2006
51.8667,10.3333,2005-11-20,-3.43999992311001,0.999999977648258,-1.21999997273088,2005,11,2006
51.8667,10.3333,2005-11-21,0.369999991729856,3.3299999255687,1.84999995864928,2005,11,2006
51.8667,10.3333,2005-11-22,-1.32999997027218,2.82999993674457,0.749999983236194,2005,11,2006
51.8667,10.3333,2005-11-23,-2.59999994188547,0.209999995306134,-1.19499997328967,2005,11,2006
51.8667,10.3333,2005-11-24,-1.55999996513128,0.519999988377094,-0.519999988377094,2005,11,2006
51.8667,10.3333,2005-11-25,-2.12999995239079,1.44999996758997,-0.339999992400408,2005,11,2006
51.8667,10.3333,2005-11-26,-2.74999993853271,-0.819999981671572,-1.78499996010214,2005,11,2006
51.8667,10.3333,2005-11-27,-3.4999999217689,-0.26999999396503,-1.88499995786697,2005,11,2006
51.8667,10.3333,2005-11-28,-3.40999992378056,-0.369999991729856,-1.88999995775521,2005,11,2006
51.8667,10.3333,2005-11-29,-2.82999993674457,-0.879999980330467,-1.85499995853752,2005,11,2006
51.8667,10.3333,2005-11-30,-1.45999996736646,1.04999997653067,-0.204999995417893,2005,11,2006
51.8667,10.3333,2005-12-01,-1.42999996803701,1.49999996647239,0.034999999217689,2005,12,2006
51.8667,10.3333,2005-12-02,-4.71999989449978,0.759999983012676,-1.97999995574355,2005,12,2006
51.8667,10.3333,2005-12-03,-5.32999988086522,2.97999993339181,-1.1749999737367,2005,12,2006
51.8667,10.3333,2005-12-04,-1.3799999691546,3.98999991081655,1.30499997083098,2005,12,2006
51.8667,10.3333,2005-12-05,2.20999995060265,4.82999989204109,3.51999992132187,2005,12,2006
51.8667,10.3333,2005-12-06,2.49999994412065,4.69999989494681,3.59999991953373,2005,12,2006
51.8667,10.3333,2005-12-07,-0.88999998010695,3.77999991551042,1.44499996770173,2005,12,2006
51.8667,10.3333,2005-12-08,-1.15999997407198,2.73999993875623,0.789999982342124,2005,12,2006
51.8667,10.3333,2005-12-09,0.139999996870756,2.77999993786216,1.45999996736646,2005,12,2006
51.8667,10.3333,2005-12-10,-3.5599999204278,1.64999996311963,-0.954999978654087,2005,12,2006
51.8667,10.3333,2005-12-11,-5.39999987930059,0.369999991729856,-2.51499994378537,2005,12,2006
51.8667,10.3333,2005-12-12,-3.08999993093312,1.97999995574355,-0.554999987594783,2005,12,2006
51.8667,10.3333,2005-12-13,-1.1499999742955,5.02999988757074,1.93999995663762,2005,12,2006
51.8667,10.3333,2005-12-14,-0.159999996423721,3.39999992400408,1.61999996379018,2005,12,2006
51.8667,10.3333,2005-12-15,1.59999996423721,3.5599999204278,2.57999994233251,2005,12,2006
51.8667,10.3333,2005-12-16,1.87999995797873,4.20999990589917,3.04499993193895,2005,12,2006
51.8667,10.3333,2005-12-17,-1.69999996200204,5.12999988533556,1.71499996166676,2005,12,2006
51.8667,10.3333,2005-12-18,-4.85999989137053,-1.26999997161329,-3.06499993149191,2005,12,2006
51.8667,10.3333,2005-12-19,-4.77999989315867,-0.96999997831881,-2.87499993573874,2005,12,2006
51.8667,10.3333,2005-12-20,-2.38999994657934,1.40999996848404,-0.489999989047647,2005,12,2006
51.8667,10.3333,2005-12-21,1.22999997250736,2.64999994076788,1.93999995663762,2005,12,2006
51.8667,10.3333,2005-12-22,0.839999981224537,2.74999993853271,1.79499995987862,2005,12,2006
51.8667,10.3333,2005-12-23,1.6099999640137,3.67999991774559,2.64499994087964,2005,12,2006
51.8667,10.3333,2005-12-24,1.91999995708466,4.32999990321696,3.12499993015081,2005,12,2006
51.8667,10.3333,2005-12-25,2.4099999461323,4.91999989002943,3.66499991808087,2005,12,2006
51.8667,10.3333,2005-12-26,-2.32999994792044,2.42999994568527,0.0499999988824129,2005,12,2006
51.8667,10.3333,2005-12-27,-5.62999987415969,-0.0999999977648258,-2.86499993596226,2005,12,2006
51.8667,10.3333,2005-12-28,-5.57999987527728,-3.41999992355704,-4.49999989941716,2005,12,2006
51.8667,10.3333,2005-12-29,-6.89999984577298,-4.2499999050051,-5.57499987538904,2005,12,2006
51.8667,10.3333,2005-12-30,-7.07999984174967,-4.05999990925193,-5.5699998755008,2005,12,2006
51.8667,10.3333,2005-12-31,-7.65999982878566,-4.04999990947545,-5.85499986913055,2005,12,2006
51.8667,10.3333,2006-01-01,-6.74999984912574,2.53999994322658,-2.10499995294958,2006,1,2006
51.8667,10.3333,2006-01-02,-1.13999997451901,2.68999993987381,0.7749999826774,2006,1,2006
51.8667,10.3333,2006-01-03,-2.55999994277954,1.34999996982515,-0.604999986477196,2006,1,2006
51.8667,10.3333,2006-01-04,-4.84999989159405,0.449999989941716,-2.19999995082617,2006,1,2006
51.8667,10.3333,2006-01-05,-5.53999987617135,-1.97999995574355,-3.75999991595745,2006,1,2006
51.8667,10.3333,2006-01-06,-3.20999992825091,-1.23999997228384,-2.22499995026737,2006,1,2006
51.8667,10.3333,2006-01-07,-3.47999992221594,-0.589999986812472,-2.03499995451421,2006,1,2006
51.8667,10.3333,2006-01-08,-3.13999992981553,-0.96999997831881,-2.05499995406717,2006,1,2006
51.8667,10.3333,2006-01-09,-6.46999985538423,-1.33999997004867,-3.90499991271645,2006,1,2006
51.8667,10.3333,2006-01-10,-8.17999981716275,-1.22999997250736,-4.70499989483505,2006,1,2006
51.8667,10.3333,2006-01-11,-6.52999985404313,-0.199999995529652,-3.36499992478639,2006,1,2006
51.8667,10.3333,2006-01-12,-3.23999992758036,2.10999995283782,-0.564999987371266,2006,1,2006
51.8667,10.3333,2006-01-13,-2.60999994166195,2.74999993853271,0.0699999984353781,2006,1,2006
51.8667,10.3333,2006-01-14,-5.00999988801777,2.54999994300306,-1.22999997250736,2006,1,2006
51.8667,10.3333,2006-01-15,-4.71999989449978,4.8199998922646,0.0499999988824129,2006,1,2006
51.8667,10.3333,2006-01-16,-7.15999983996153,0.809999981895089,-3.17499992903322,2006,1,2006
51.8667,10.3333,2006-01-17,-6.51999985426664,2.30999994836748,-2.10499995294958,2006,1,2006
51.8667,10.3333,2006-01-18,-3.90999991260469,0.479999989271164,-1.71499996166676,2006,1,2006
51.8667,10.3333,2006-01-19,-3.23999992758036,1.10999997518957,-1.06499997619539,2006,1,2006
51.8667,10.3333,2006-01-20,-3.82999991439283,1.6099999640137,-1.10999997518957,2006,1,2006
51.8667,10.3333,2006-01-21,0.65999998524785,4.19999990612268,2.42999994568527,2006,1,2006
51.8667,10.3333,2006-01-22,-1.62999996356666,2.34999994747341,0.359999991953373,2006,1,2006
51.8667,10.3333,2006-01-23,-11.8399997353554,-1.42999996803701,-6.63499985169619,2006,1,2006
51.8667,10.3333,2006-01-24,-13.6199996955693,-6.38999985717237,-10.0049997763708,2006,1,2006
51.8667,10.3333,2006-01-25,-11.499999742955,-0.629999985918403,-6.06499986443669,2006,1,2006
51.8667,10.3333,2006-01-26,-6.50999985449016,-1.67999996244907,-4.09499990846962,2006,1,2006
51.8667,10.3333,2006-01-27,-11.8799997344613,-5.11999988555908,-8.49999981001019,2006,1,2006
51.8667,10.3333,2006-01-28,-13.9299996886402,-4.13999990746379,-9.03499979805201,2006,1,2006
51.8667,10.3333,2006-01-29,-11.2599997483194,0.959999978542328,-5.14999988488853,2006,1,2006
51.8667,10.3333,2006-01-30,-10.2899997700006,1.24999997206032,-4.51999989897013,2006,1,2006
51.8667,10.3333,2006-01-31,-9.34999979101121,1.32999997027218,-4.00999991036952,2006,1,2006
51.8667,10.3333,2006-02-01,-4.77999989315867,3.7899999152869,-0.494999988935888,2006,2,2006
51.8667,10.3333,2006-02-02,-5.92999986745417,4.49999989941716,-0.714999984018505,2006,2,2006
51.8667,10.3333,2006-02-03,-8.62999980710447,0.499999988824129,-4.06499990914017,2006,2,2006
51.8667,10.3333,2006-02-04,-5.91999986767769,-0.319999992847443,-3.11999993026257,2006,2,2006
51.8667,10.3333,2006-02-05,-8.05999981984496,-1.17999997362494,-4.61999989673495,2006,2,2006
51.8667,10.3333,2006-02-06,-10.7799997590482,-3.17999992892146,-6.97999984398484,2006,2,2006
51.8667,10.3333,2006-02-07,-8.18999981693923,0.399999991059303,-3.89499991293997,2006,2,2006
51.8667,10.3333,2006-02-08,-0.0699999984353781,2.88999993540347,1.40999996848404,2006,2,2006
51.8667,10.3333,2006-02-09,-0.0199999995529652,2.50999994389713,1.24499997217208,2006,2,2006
51.8667,10.3333,2006-02-10,-2.4099999461323,0.149999996647239,-1.12999997474253,2006,2,2006
51.8667,10.3333,2006-02-11,-2.81999993696809,-0.999999977648258,-1.90999995730817,2006,2,2006
51.8667,10.3333,2006-02-12,-3.59999991953373,-0.219999995082617,-1.90999995730817,2006,2,2006
51.8667,10.3333,2006-02-13,-5.25999988242984,-0.149999996647239,-2.70499993953854,2006,2,2006
51.8667,10.3333,2006-02-14,-7.62999982945621,-0.149999996647239,-3.88999991305172,2006,2,2006
51.8667,10.3333,2006-02-15,-7.89999982342124,1.78999995999038,-3.05499993171543,2006,2,2006
51.8667,10.3333,2006-02-16,-0.289999993517995,2.87999993562698,1.29499997105449,2006,2,2006
51.8667,10.3333,2006-02-17,1.52999996580184,3.86999991349876,2.6999999396503,2006,2,2006
51.8667,10.3333,2006-02-18,0.749999983236194,3.67999991774559,2.21499995049089,2006,2,2006
51.8667,10.3333,2006-02-19,1.25999997183681,3.59999991953373,2.42999994568527,2006,2,2006
51.8667,10.3333,2006-02-20,-0.319999992847443,5.43999987840652,2.55999994277954,2006,2,2006
51.8667,10.3333,2006-02-21,-1.75999996066093,0.359999991953373,-0.699999984353781,2006,2,2006
51.8667,10.3333,2006-02-22,-2.19999995082617,-0.389999991282821,-1.29499997105449,2006,2,2006
51.8667,10.3333,2006-02-23,-3.93999991193414,-1.88999995775521,-2.91499993484467,2006,2,2006
51.8667,10.3333,2006-02-24,-5.46999987773597,-2.25999994948506,-3.86499991361052,2006,2,2006
51.8667,10.3333,2006-02-25,-6.37999985739589,-1.29999997094274,-3.83999991416931,2006,2,2006
51.8667,10.3333,2006-02-26,-6.32999985851347,-3.85999991372228,-5.09499988611788,2006,2,2006
51.8667,10.3333,2006-02-27,-8.16999981738627,-1.7799999602139,-4.97499988880008,2006,2,2006
51.8667,10.3333,2006-02-28,-9.15999979525805,-1.6099999640137,-5.38499987963587,2006,2,2006
51.8667,10.3333,2006-03-01,-5.44999987818301,-0.519999988377094,-2.98499993328005,2006,3,2006
51.8667,10.3333,2006-03-02,-4.4799998998642,-1.0899999756366,-2.7849999377504,2006,3,2006
51.8667,10.3333,2006-03-03,-5.7999998703599,-0.399999991059303,-3.0999999307096,2006,3,2006
51.8667,10.3333,2006-03-04,-5.94999986700714,-0.799999982118607,-3.37499992456287,2006,3,2006
51.8667,10.3333,2006-03-05,-7.40999983437359,-0.329999992623925,-3.86999991349876,2006,3,2006
51.8667,10.3333,2006-03-06,-5.24999988265336,0.569999987259507,-2.33999994769692,2006,3,2006
51.8667,10.3333,2006-03-07,-4.67999989539385,0.30999999307096,-2.18499995116144,2006,3,2006
51.8667,10.3333,2006-03-08,-7.09999984130263,-1.4899999666959,-4.29499990399927,2006,3,2006
51.8667,10.3333,2006-03-09,-8.08999981917441,0.169999996200204,-3.9599999114871,2006,3,2006
51.8667,10.3333,2006-03-10,-2.11999995261431,1.41999996826053,-0.34999999217689,2006,3,2006
51.8667,10.3333,2006-03-11,-1.40999996848404,4.65999989584088,1.62499996367842,2006,3,2006
51.8667,10.3333,2006-03-12,-7.36999983526766,-0.719999983906746,-4.0449999095872,2006,3,2006
51.8667,10.3333,2006-03-13,-10.4499997664243,-5.30999988131225,-7.87999982386827,2006,3,2006
51.8667,10.3333,2006-03-14,-11.1999997496605,-3.70999991707504,-7.45499983336776,2006,3,2006
51.8667,10.3333,2006-03-15,-11.8999997340143,-1.18999997340143,-6.54499985370785,2006,3,2006
51.8667,10.3333,2006-03-16,-11.189999749884,-2.07999995350838,-6.63499985169619,2006,3,2006
51.8667,10.3333,2006-03-17,-3.44999992288649,-1.4899999666959,-2.4699999447912,2006,3,2006
51.8667,10.3333,2006-03-18,-3.28999992646277,-1.44999996758997,-2.36999994702637,2006,3,2006
51.8667,10.3333,2006-03-19,-3.3299999255687,0.159999996423721,-1.58499996457249,2006,3,2006
51.8667,10.3333,2006-03-20,-3.76999991573393,3.76999991573393,0,2006,3,2006
51.8667,10.3333,2006-03-21,-2.47999994456768,4.57999989762902,1.04999997653067,2006,3,2006
51.8667,10.3333,2006-03-22,-4.69999989494681,2.54999994300306,-1.07499997597188,2006,3,2006
51.8667,10.3333,2006-03-23,-6.06999986432493,1.76999996043742,-2.14999995194376,2006,3,2006
51.8667,10.3333,2006-03-24,-7.32999983616173,3.67999991774559,-1.82499995920807,2006,3,2006
51.8667,10.3333,2006-03-25,-4.79999989271164,7.26999983750284,1.2349999723956,2006,3,2006
51.8667,10.3333,2006-03-26,3.16999992914498,8.63999980688095,5.90499986801296,2006,3,2006
51.8667,10.3333,2006-03-27,4.6499998960644,12.5399997197092,8.59499980788678,2006,3,2006
51.8667,10.3333,2006-03-28,6.66999985091388,14.5499996747822,10.609999762848,2006,3,2006
51.8667,10.3333,2006-03-29,4.29999990388751,10.6499997619539,7.47499983292073,2006,3,2006
51.8667,10.3333,2006-03-30,2.81999993696809,6.029999865219,4.42499990109354,2006,3,2006
51.8667,10.3333,2006-03-31,2.98999993316829,10.0599997751415,6.52499985415488,2006,3,2006
51.8667,10.3333,2006-04-01,6.52999985404313,9.8199997805059,8.17499981727451,2006,4,2006
51.8667,10.3333,2006-04-02,5.23999988287687,10.3999997675419,7.81999982520938,2006,4,2006
51.8667,10.3333,2006-04-03,3.50999992154539,11.4399997442961,7.47499983292073,2006,4,2006
51.8667,10.3333,2006-04-04,1.20999997295439,6.22999986074865,3.71999991685152,2006,4,2006
51.8667,10.3333,2006-04-05,-0.329999992623925,5.70999987237155,2.68999993987381,2006,4,2006
51.8667,10.3333,2006-04-06,-2.37999994680285,4.019999910146,0.819999981671572,2006,4,2006
51.8667,10.3333,2006-04-07,-2.04999995417893,7.2899998370558,2.61999994143844,2006,4,2006
51.8667,10.3333,2006-04-08,1.28999997116625,9.60999978519976,5.44999987818301,2006,4,2006
51.8667,10.3333,2006-04-09,2.04999995417893,11.1199997514486,6.58499985281378,2006,4,2006
51.8667,10.3333,2006-04-10,0.709999984130263,8.25999981537461,4.48499989975244,2006,4,2006
51.8667,10.3333,2006-04-11,-0.649999985471368,5.25999988242984,2.30499994847924,2006,4,2006
51.8667,10.3333,2006-04-12,-0.789999982342124,5.58999987505376,2.39999994635582,2006,4,2006
51.8667,10.3333,2006-04-13,1.29999997094274,5.02999988757074,3.16499992925674,2006,4,2006
51.8667,10.3333,2006-04-14,2.44999994523823,6.72999984957278,4.58999989740551,2006,4,2006
51.8667,10.3333,2006-04-15,1.95999995619059,9.78999978117645,5.87499986868352,2006,4,2006
51.8667,10.3333,2006-04-16,-0.489999989047647,11.9599997326732,5.73499987181276,2006,4,2006
51.8667,10.3333,2006-04-17,7.06999984197319,10.3299997691065,8.69999980553985,2006,4,2006
51.8667,10.3333,2006-04-18,4.12999990768731,10.2599997706711,7.19499983917922,2006,4,2006
51.8667,10.3333,2006-04-19,3.91999991238117,10.6599997617304,7.2899998370558,2006,4,2006
51.8667,10.3333,2006-04-20,3.06999993138015,12.9699997100979,8.01999982073903,2006,4,2006
51.8667,10.3333,2006-04-21,3.74999991618097,14.8099996689707,9.27999979257584,2006,4,2006
51.8667,10.3333,2006-04-22,6.20999986119568,18.2399995923042,12.22499972675,2006,4,2006
51.8667,10.3333,2006-04-23,5.62999987415969,11.8799997344613,8.7549998043105,2006,4,2006
51.8667,10.3333,2006-04-24,5.01999988779426,9.68999978341162,7.35499983560294,2006,4,2006
51.8667,10.3333,2006-04-25,3.27999992668629,13.9799996875226,8.62999980710447,2006,4,2006
51.8667,10.3333,2006-04-26,5.02999988757074,20.5499995406717,12.7899997141212,2006,4,2006
51.8667,10.3333,2006-04-27,10.2599997706711,16.5299996305257,13.3949997005984,2006,4,2006
51.8667,10.3333,2006-04-28,8.3799998126924,12.5299997199327,10.4549997663125,2006,4,2006
51.8667,10.3333,2006-04-29,2.89999993517995,10.899999756366,6.89999984577298,2006,4,2006
51.8667,10.3333,2006-04-30,0.749999983236194,6.96999984420836,3.85999991372228,2006,4,2006
51.8667,10.3333,2006-05-01,0.739999983459711,7.88999982364476,4.31499990355223,2006,5,NA
51.8667,10.3333,2006-05-02,0.199999995529652,13.0199997089803,6.60999985225499,2006,5,NA
51.8667,10.3333,2006-05-03,6.68999985046685,16.1399996392429,11.4149997448549,2006,5,NA
51.8667,10.3333,2006-05-04,6.55999985337257,22.6199994944036,14.5899996738881,2006,5,NA
51.8667,10.3333,2006-05-05,9.41999978944659,20.2999995462596,14.8599996678531,2006,5,NA
51.8667,10.3333,2006-05-06,8.8999998010695,19.0799995735288,13.9899996872991,2006,5,NA
51.8667,10.3333,2006-05-07,8.29999981448054,19.229999570176,13.7649996923283,2006,5,NA
51.8667,10.3333,2006-05-08,8.11999981850386,19.7799995578825,13.9499996881932,2006,5,NA
51.8667,10.3333,2006-05-09,8.05999981984496,20.0499995518476,14.0549996858463,2006,5,NA
51.8667,10.3333,2006-05-10,8.61999980732799,20.389999544248,14.504999675788,2006,5,NA
51.8667,10.3333,2006-05-11,6.98999984376132,19.4699995648116,13.2299997042865,2006,5,NA
51.8667,10.3333,2006-05-12,6.22999986074865,21.0999995283782,13.6649996945634,2006,5,NA
51.8667,10.3333,2006-05-13,7.72999982722104,23.0799994841218,15.4049996556714,2006,5,NA
51.8667,10.3333,2006-05-14,9.36999979056418,17.1099996175617,13.2399997040629,2006,5,NA
51.8667,10.3333,2006-05-15,4.42999990098178,12.7499997150153,8.58999980799854,2006,5,NA
51.8667,10.3333,2006-05-16,2.65999994054437,16.9199996218085,9.78999978117645,2006,5,NA
51.8667,10.3333,2006-05-17,11.0099997539073,19.7399995587766,15.374999656342,2006,5,NA
51.8667,10.3333,2006-05-18,8.90999980084598,16.7699996251613,12.8399997130036,2006,5,NA
51.8667,10.3333,2006-05-19,8.98999979905784,17.1399996168911,13.0649997079745,2006,5,NA
51.8667,10.3333,2006-05-20,8.68999980576336,12.5499997194856,10.6199997626245,2006,5,NA
51.8667,10.3333,2006-05-21,7.36999983526766,12.6699997168034,10.0199997760355,2006,5,NA
51.8667,10.3333,2006-05-22,7.60999982990324,14.5799996741116,11.0949997520074,2006,5,NA
51.8667,10.3333,2006-05-23,9.85999977961183,17.9199995994568,13.8899996895343,2006,5,NA
51.8667,10.3333,2006-05-24,4.90999989025295,13.4199997000396,9.16499979514629,2006,5,NA
51.8667,10.3333,2006-05-25,4.03999990969896,13.3499997016042,8.69499980565161,2006,5,NA
51.8667,10.3333,2006-05-26,5.88999986834824,11.1399997510016,8.51499980967492,2006,5,NA
51.8667,10.3333,2006-05-27,5.34999988041818,12.9399997107685,9.14499979559332,2006,5,NA
51.8667,10.3333,2006-05-28,9.74999978207052,15.5299996528774,12.639999717474,2006,5,NA
51.8667,10.3333,2006-05-29,7.15999983996153,13.179999705404,10.1699997726828,2006,5,NA
51.8667,10.3333,2006-05-30,5.77999987080693,11.4199997447431,8.59999980777502,2006,5,NA
51.8667,10.3333,2006-05-31,3.62999991886318,9.24999979324639,6.43999985605478,2006,5,NA
51.8667,10.3333,2006-06-01,3.51999992132187,10.6999997608364,7.10999984107912,2006,6,NA
51.8667,10.3333,2006-06-02,3.75999991595745,8.54999980889261,6.15499986242503,2006,6,NA
51.8667,10.3333,2006-06-03,3.85999991372228,14.6699996720999,9.26499979291111,2006,6,NA
51.8667,10.3333,2006-06-04,5.00999988801777,12.2599997259676,8.63499980699271,2006,6,NA
51.8667,10.3333,2006-06-05,5.31999988108873,11.1799997501075,8.24999981559813,2006,6,NA
51.8667,10.3333,2006-06-06,5.18999988399446,9.53999978676438,7.36499983537942,2006,6,NA
51.8667,10.3333,2006-06-07,6.34999985806644,15.1999996602535,10.77499975916,2006,6,NA
51.8667,10.3333,2006-06-08,5.24999988265336,17.9099995996803,11.5799997411668,2006,6,NA
51.8667,10.3333,2006-06-09,7.10999984107912,19.7399995587766,13.4249996999279,2006,6,NA
51.8667,10.3333,2006-06-10,8.36999981291592,21.9599995091558,15.1649996610358,2006,6,NA
51.8667,10.3333,2006-06-11,9.70999978296459,22.9699994865805,16.3399996347725,2006,6,NA
51.8667,10.3333,2006-06-12,10.7399997599423,23.519999474287,17.1299996171147,2006,6,NA
51.8667,10.3333,2006-06-13,12.6299997176975,26.0299994181842,19.3299995679408,2006,6,NA
51.8667,10.3333,2006-06-14,13.8499996904284,28.4599993638694,21.1549995271489,2006,6,NA
51.8667,10.3333,2006-06-15,14.7999996691942,28.6699993591756,21.7349995141849,2006,6,NA
51.8667,10.3333,2006-06-16,14.8699996676296,24.1599994599819,19.5149995638058,2006,6,NA
51.8667,10.3333,2006-06-17,9.6999997831881,18.5099995862693,14.1049996847287,2006,6,NA
51.8667,10.3333,2006-06-18,8.2099998164922,14.8399996683002,11.5249997423962,2006,6,NA
51.8667,10.3333,2006-06-19,9.11999979615211,23.3799994774163,16.2499996367842,2006,6,NA
51.8667,10.3333,2006-06-20,14.6999996714294,26.4399994090199,20.5699995402247,2006,6,NA
51.8667,10.3333,2006-06-21,15.5099996533245,24.3599994555116,19.934999554418,2006,6,NA
51.8667,10.3333,2006-06-22,15.7499996479601,23.1699994821101,19.4599995650351,2006,6,NA
51.8667,10.3333,2006-06-23,10.4999997653067,18.1799995936453,14.339999679476,2006,6,NA
51.8667,10.3333,2006-06-24,8.42999981157482,18.359999589622,13.3949997005984,2006,6,NA
51.8667,10.3333,2006-06-25,8.48999981023371,23.2899994794279,15.8899996448308,2006,6,NA
51.8667,10.3333,2006-06-26,13.5599996969104,28.8399993553758,21.1999995261431,2006,6,NA
51.8667,10.3333,2006-06-27,15.809999646619,22.8399994894862,19.3249995680526,2006,6,NA
51.8667,10.3333,2006-06-28,12.1999997273088,21.219999525696,16.7099996265024,2006,6,NA
51.8667,10.3333,2006-06-29,10.6499997619539,17.3499996121973,13.9999996870756,2006,6,NA
51.8667,10.3333,2006-06-30,10.8299997579306,19.7199995592237,15.2749996585771,2006,6,NA
51.8667,10.3333,2006-07-01,9.70999978296459,21.819999512285,15.7649996476248,2006,7,NA
51.8667,10.3333,2006-07-02,10.5699997637421,23.4699994754046,17.0199996195734,2006,7,NA
51.8667,10.3333,2006-07-03,12.9799997098744,24.4299994539469,18.7049995819107,2006,7,NA
51.8667,10.3333,2006-07-04,12.3999997228384,25.7499994244426,19.0749995736405,2006,7,NA
51.8667,10.3333,2006-07-05,13.6699996944517,27.8399993777275,20.7549995360896,2006,7,NA
51.8667,10.3333,2006-07-06,15.7599996477365,30.2399993240833,22.9999994859099,2006,7,NA
51.8667,10.3333,2006-07-07,16.7399996258318,24.2699994575232,20.5049995416775,2006,7,NA
51.8667,10.3333,2006-07-08,15.5799996517599,24.7999994456768,20.1899995487183,2006,7,NA
51.8667,10.3333,2006-07-09,15.2399996593595,22.2999995015562,18.7699995804578,2006,7,NA
51.8667,10.3333,2006-07-10,14.0299996864051,25.6199994273484,19.8249995568767,2006,7,NA
51.8667,10.3333,2006-07-11,14.9499996658415,23.519999474287,19.2349995700642,2006,7,NA
51.8667,10.3333,2006-07-12,13.6499996948987,28.3199993669987,20.9849995309487,2006,7,NA
51.8667,10.3333,2006-07-13,15.1499996613711,24.7999994456768,19.974999553524,2006,7,NA
51.8667,10.3333,2006-07-14,16.0199996419251,27.4199993871152,21.7199995145202,2006,7,NA
51.8667,10.3333,2006-07-15,11.459999743849,21.1399995274842,16.2999996356666,2006,7,NA
51.8667,10.3333,2006-07-16,9.20999979414046,22.9999994859099,16.1049996400252,2006,7,NA
51.8667,10.3333,2006-07-17,11.6999997384846,23.2599994800985,17.4799996092916,2006,7,NA
51.8667,10.3333,2006-07-18,11.749999737367,27.3299993891269,19.539999563247,2006,7,NA
51.8667,10.3333,2006-07-19,14.1799996830523,29.6799993366003,21.9299995098263,2006,7,NA
51.8667,10.3333,2006-07-20,14.9599996656179,31.9399992860854,23.4499994758517,2006,7,NA
51.8667,10.3333,2006-07-21,16.9399996213615,33.9999992400408,25.4699994307011,2006,7,NA
51.8667,10.3333,2006-07-22,17.2999996133149,29.4499993417412,23.374999477528,2006,7,NA
51.8667,10.3333,2006-07-23,15.9899996425956,30.9499993082136,23.4699994754046,2006,7,NA
51.8667,10.3333,2006-07-24,18.8299995791167,28.3199993669987,23.5749994730577,2006,7,NA
51.8667,10.3333,2006-07-25,16.4399996325374,27.7199993804097,22.0799995064735,2006,7,NA
51.8667,10.3333,2006-07-26,16.9399996213615,28.9199993535876,22.9299994874746,2006,7,NA
51.8667,10.3333,2006-07-27,18.5499995853752,31.559999294579,25.0549994399771,2006,7,NA
51.8667,10.3333,2006-07-28,18.1699995938689,32.2799992784858,25.2249994361773,2006,7,NA
51.8667,10.3333,2006-07-29,17.2099996153265,26.8199994005263,22.0149995079264,2006,7,NA
51.8667,10.3333,2006-07-30,17.2599996142089,26.5799994058907,21.9199995100498,2006,7,NA
51.8667,10.3333,2006-07-31,15.5999996513128,28.1699993703514,21.8849995108321,2006,7,NA
51.8667,10.3333,2006-08-01,12.9799997098744,22.8999994881451,17.9399995990098,2006,8,NA
51.8667,10.3333,2006-08-02,11.76999973692,22.6399994939566,17.2049996154383,2006,8,NA
51.8667,10.3333,2006-08-03,12.1499997284263,17.2599996142089,14.7049996713176,2006,8,NA
51.8667,10.3333,2006-08-04,10.7799997590482,18.9299995768815,14.8549996679649,2006,8,NA
51.8667,10.3333,2006-08-05,11.6799997389317,21.2799995243549,16.4799996316433,2006,8,NA
51.8667,10.3333,2006-08-06,11.4399997442961,19.8499995563179,15.644999650307,2006,8,NA
51.8667,10.3333,2006-08-07,14.1199996843934,19.3199995681643,16.7199996262789,2006,8,NA
51.8667,10.3333,2006-08-08,14.2299996819347,23.1299994830042,18.6799995824695,2006,8,NA
51.8667,10.3333,2006-08-09,12.6599997170269,18.359999589622,15.5099996533245,2006,8,NA
51.8667,10.3333,2006-08-10,12.6499997172505,18.5099995862693,15.5799996517599,2006,8,NA
51.8667,10.3333,2006-08-11,11.3799997456372,18.399999588728,14.8899996671826,2006,8,NA
51.8667,10.3333,2006-08-12,9.79999978095293,15.5399996526539,12.6699997168034,2006,8,NA
51.8667,10.3333,2006-08-13,8.40999981202185,17.0299996193498,12.7199997156858,2006,8,NA
51.8667,10.3333,2006-08-14,7.81999982520938,17.3399996124208,12.5799997188151,2006,8,NA
51.8667,10.3333,2006-08-15,8.84999980218709,17.2499996144325,13.0499997083098,2006,8,NA
51.8667,10.3333,2006-08-16,11.5499997418374,15.8299996461719,13.6899996940047,2006,8,NA
51.8667,10.3333,2006-08-17,11.9899997320026,20.9199995324016,16.4549996322021,2006,8,NA
51.8667,10.3333,2006-08-18,11.8399997353554,22.1699995044619,17.0049996199086,2006,8,NA
51.8667,10.3333,2006-08-19,12.6499997172505,19.4299995657057,16.0399996414781,2006,8,NA
51.8667,10.3333,2006-08-20,12.6099997181445,24.5399994514883,18.5749995848164,2006,8,NA
51.8667,10.3333,2006-08-21,12.9899997096509,19.8399995565414,16.4149996330962,2006,8,NA
51.8667,10.3333,2006-08-22,11.7399997375906,16.1099996399134,13.924999688752,2006,8,NA
51.8667,10.3333,2006-08-23,11.6799997389317,15.3599996566772,13.5199996978045,2006,8,NA
51.8667,10.3333,2006-08-24,11.2499997485429,18.64999958314,14.9499996658415,2006,8,NA
51.8667,10.3333,2006-08-25,10.8299997579306,21.839999511838,16.3349996348843,2006,8,NA
51.8667,10.3333,2006-08-26,10.4599997662008,16.6799996271729,13.5699996966869,2006,8,NA
51.8667,10.3333,2006-08-27,10.5699997637421,15.0099996645004,12.7899997141212,2006,8,NA
51.8667,10.3333,2006-08-28,10.6799997612834,16.909999622032,13.7949996916577,2006,8,NA
51.8667,10.3333,2006-08-29,9.95999977737665,16.0199996419251,12.9899997096509,2006,8,NA
51.8667,10.3333,2006-08-30,8.81999980285764,14.629999672994,11.7249997379258,2006,8,NA
51.8667,10.3333,2006-08-31,9.24999979324639,15.0799996629357,12.1649997280911,2006,8,NA
51.8667,10.3333,2006-09-01,10.3899997677654,17.4299996104091,13.9099996890873,2006,9,NA
51.8667,10.3333,2006-09-02,13.5399996973574,20.1899995487183,16.8649996230379,2006,9,NA
51.8667,10.3333,2006-09-03,14.6099996734411,23.2899994794279,18.9499995764345,2006,9,NA
51.8667,10.3333,2006-09-04,15.6499996501952,19.1899995710701,17.4199996106327,2006,9,NA
51.8667,10.3333,2006-09-05,13.0999997071922,19.4799995645881,16.2899996358901,2006,9,NA
51.8667,10.3333,2006-09-06,11.3599997460842,19.2799995690584,15.3199996575713,2006,9,NA
51.8667,10.3333,2006-09-07,15.0099996645004,23.3599994778633,19.1849995711818,2006,9,NA
51.8667,10.3333,2006-09-08,11.189999749884,23.8999994657934,17.5449996078387,2006,9,NA
51.8667,10.3333,2006-09-09,8.07999981939793,16.5599996298552,12.3199997246265,2006,9,NA
51.8667,10.3333,2006-09-10,7.09999984130263,17.5999996066093,12.349999723956,2006,9,NA
51.8667,10.3333,2006-09-11,6.84999984689057,22.9099994879216,14.8799996674061,2006,9,NA
51.8667,10.3333,2006-09-12,9.50999978743494,24.7599994465709,17.1349996170029,2006,9,NA
51.8667,10.3333,2006-09-13,11.8299997355789,25.9499994199723,18.8899995777756,2006,9,NA
51.8667,10.3333,2006-09-14,12.2799997255206,26.1899994146079,19.2349995700642,2006,9,NA
51.8667,10.3333,2006-09-15,12.2499997261912,26.1699994150549,19.209999570623,2006,9,NA
51.8667,10.3333,2006-09-16,11.7399997375906,22.9999994859099,17.3699996117502,2006,9,NA
51.8667,10.3333,2006-09-17,14.6799996718764,23.1299994830042,18.9049995774403,2006,9,NA
51.8667,10.3333,2006-09-18,12.4299997221678,23.2799994796515,17.8549996009097,2006,9,NA
51.8667,10.3333,2006-09-19,12.0899997297674,18.6199995838106,15.354999656789,2006,9,NA
51.8667,10.3333,2006-09-20,11.3699997458607,17.7699996028095,14.5699996743351,2006,9,NA
51.8667,10.3333,2006-09-21,8.63999980688095,17.8599996007979,13.2499997038394,2006,9,NA
51.8667,10.3333,2006-09-22,8.22999981604517,22.8599994890392,15.5449996525422,2006,9,NA
51.8667,10.3333,2006-09-23,11.2599997483194,25.2699994351715,18.2649995917454,2006,9,NA
51.8667,10.3333,2006-09-24,11.1599997505546,24.3199994564056,17.7399996034801,2006,9,NA
51.8667,10.3333,2006-09-25,8.81999980285764,24.2799994572997,16.5499996300787,2006,9,NA
51.8667,10.3333,2006-09-26,9.91999977827072,22.7599994912744,16.3399996347725,2006,9,NA
51.8667,10.3333,2006-09-27,14.1199996843934,17.8299996014684,15.9749996429309,2006,9,NA
51.8667,10.3333,2006-09-28,10.049999775365,17.4499996099621,13.7499996926636,2006,9,NA
51.8667,10.3333,2006-09-29,9.76999978162348,19.1199995726347,14.4449996771291,2006,9,NA
51.8667,10.3333,2006-09-30,10.5999997630715,20.2499995473772,15.4249996552244,2006,9,NA
51.8667,10.3333,2006-10-01,11.3599997460842,20.5999995395541,15.9799996428192,2006,10,2007
51.8667,10.3333,2006-10-02,10.7699997592717,18.1499995943159,14.4599996767938,2006,10,2007
51.8667,10.3333,2006-10-03,11.479999743402,14.7499996703118,13.1149997068569,2006,10,2007
51.8667,10.3333,2006-10-04,10.5699997637421,13.8999996893108,12.2349997265264,2006,10,2007
51.8667,10.3333,2006-10-05,9.5299997869879,12.329999724403,10.9299997556955,2006,10,2007
51.8667,10.3333,2006-10-06,8.58999980799854,12.369999723509,10.4799997657537,2006,10,2007
51.8667,10.3333,2006-10-07,9.79999978095293,13.9299996886402,11.8649997347966,2006,10,2007
51.8667,10.3333,2006-10-08,8.2699998151511,12.8199997134507,10.5449997643009,2006,10,2007
51.8667,10.3333,2006-10-09,5.65999987348914,14.1099996846169,9.88499977905303,2006,10,2007
51.8667,10.3333,2006-10-10,4.84999989159405,16.65999962762,10.754999759607,2006,10,2007
51.8667,10.3333,2006-10-11,8.06999981962144,18.4599995873868,13.2649997035041,2006,10,2007
51.8667,10.3333,2006-10-12,6.57999985292554,17.0199996195734,11.7999997362494,2006,10,2007
51.8667,10.3333,2006-10-13,6.99999984353781,19.6199995614588,13.3099997024983,2006,10,2007
51.8667,10.3333,2006-10-14,9.73999978229403,14.379999678582,12.059999730438,2006,10,2007
51.8667,10.3333,2006-10-15,8.2099998164922,11.7399997375906,9.97499977704138,2006,10,2007
51.8667,10.3333,2006-10-16,4.85999989137053,10.6399997621775,7.749999826774,2006,10,2007
51.8667,10.3333,2006-10-17,3.17999992892146,14.5899996738881,8.88499980140477,2006,10,2007
51.8667,10.3333,2006-10-18,2.32999994792044,15.2999996580184,8.8149998029694,2006,10,2007
51.8667,10.3333,2006-10-19,5.28999988175929,14.6999996714294,9.99499977659434,2006,10,2007
51.8667,10.3333,2006-10-20,6.96999984420836,15.519999653101,11.2449997486547,2006,10,2007
51.8667,10.3333,2006-10-21,9.96999977715313,14.4699996765703,12.2199997268617,2006,10,2007
51.8667,10.3333,2006-10-22,10.8699997570366,15.6599996499717,13.2649997035041,2006,10,2007
51.8667,10.3333,2006-10-23,10.7999997586012,14.8199996687472,12.8099997136742,2006,10,2007
51.8667,10.3333,2006-10-24,12.4899997208267,16.1799996383488,14.3349996795878,2006,10,2007
51.8667,10.3333,2006-10-25,9.57999978587031,14.7299996707588,12.1549997283146,2006,10,2007
51.8667,10.3333,2006-10-26,6.98999984376132,13.3599997013807,10.174999772571,2006,10,2007
51.8667,10.3333,2006-10-27,10.1399997733533,19.6199995614588,14.8799996674061,2006,10,2007
51.8667,10.3333,2006-10-28,7.75999982655048,17.0699996184558,12.4149997225031,2006,10,2007
51.8667,10.3333,2006-10-29,4.85999989137053,11.7599997371435,8.30999981425703,2006,10,2007
51.8667,10.3333,2006-10-30,7.27999983727932,13.3199997022748,10.2999997697771,2006,10,2007
51.8667,10.3333,2006-10-31,5.25999988242984,10.1299997735769,7.69499982800335,2006,10,2007
51.8667,10.3333,2006-11-01,6.84999984689057,13.3099997024983,10.0799997746944,2006,11,2007
51.8667,10.3333,2006-11-02,-2.66999994032085,7.13999984040856,2.23499995004386,2006,11,2007
51.8667,10.3333,2006-11-03,-4.45999990031123,1.62999996356666,-1.41499996837229,2006,11,2007
51.8667,10.3333,2006-11-04,-2.32999994792044,3.47999992221594,0.574999987147748,2006,11,2007
51.8667,10.3333,2006-11-05,0.919999979436398,6.7199998497963,3.81999991461635,2006,11,2007
51.8667,10.3333,2006-11-06,6.2599998600781,8.21999981626868,7.23999983817339,2006,11,2007
51.8667,10.3333,2006-11-07,7.52999983169138,9.31999979168177,8.42499981168658,2006,11,2007
51.8667,10.3333,2006-11-08,4.06999990902841,9.90999977849424,6.98999984376132,2006,11,2007
51.8667,10.3333,2006-11-09,3.57999991998076,10.1499997731298,6.86499984655529,2006,11,2007
51.8667,10.3333,2006-11-10,4.07999990880489,8.84999980218709,6.46499985549599,2006,11,2007
51.8667,10.3333,2006-11-11,2.009999955073,6.16999986208975,4.08999990858138,2006,11,2007
51.8667,10.3333,2006-11-12,2.88999993540347,6.66999985091388,4.77999989315867,2006,11,2007
51.8667,10.3333,2006-11-13,2.66999994032085,5.15999988466501,3.91499991249293,2006,11,2007
51.8667,10.3333,2006-11-14,2.95999993383884,9.26999979279935,6.1149998633191,2006,11,2007
51.8667,10.3333,2006-11-15,6.94999984465539,11.0999997518957,9.02499979827553,2006,11,2007
51.8667,10.3333,2006-11-16,8.90999980084598,12.8399997130036,10.8749997569248,2006,11,2007
51.8667,10.3333,2006-11-17,9.65999978408217,15.7199996486306,12.6899997163564,2006,11,2007
51.8667,10.3333,2006-11-18,7.749999826774,13.4999996982515,10.6249997625127,2006,11,2007
51.8667,10.3333,2006-11-19,2.6999999396503,10.8699997570366,6.78499984834343,2006,11,2007
51.8667,10.3333,2006-11-20,1.85999995842576,8.6699998062104,5.26499988231808,2006,11,2007
51.8667,10.3333,2006-11-21,1.91999995708466,5.02999988757074,3.4749999223277,2006,11,2007
51.8667,10.3333,2006-11-22,2.96999993361533,7.59999983012676,5.28499988187104,2006,11,2007
51.8667,10.3333,2006-11-23,0.489999989047647,4.50999989919364,2.49999994412065,2006,11,2007
51.8667,10.3333,2006-11-24,3.24999992735684,10.2399997711182,6.7449998492375,2006,11,2007
51.8667,10.3333,2006-11-25,6.28999985940754,11.1499997507781,8.71999980509281,2006,11,2007
51.8667,10.3333,2006-11-26,10.2099997717887,14.2499996814877,12.2299997266382,2006,11,2007
51.8667,10.3333,2006-11-27,6.27999985963106,11.7099997382611,8.99499979894608,2006,11,2007
51.8667,10.3333,2006-11-28,4.62999989651144,13.5399996973574,9.08499979693443,2006,11,2007
51.8667,10.3333,2006-11-29,5.29999988153577,12.8599997125566,9.07999979704618,2006,11,2007
51.8667,10.3333,2006-11-30,3.23999992758036,8.17999981716275,5.70999987237155,2006,11,2007
51.8667,10.3333,2006-12-01,0.169999996200204,7.55999983102083,3.86499991361052,2006,12,2007
51.8667,10.3333,2006-12-02,1.56999996490777,8.63999980688095,5.10499988589436,2006,12,2007
51.8667,10.3333,2006-12-03,3.56999992020428,7.33999983593822,5.45499987807125,2006,12,2007
51.8667,10.3333,2006-12-04,5.38999987952411,9.65999978408217,7.52499983180314,2006,12,2007
51.8667,10.3333,2006-12-05,4.76999989338219,7.48999983258545,6.12999986298382,2006,12,2007
51.8667,10.3333,2006-12-06,6.96999984420836,11.9299997333437,9.44999978877604,2006,12,2007
51.8667,10.3333,2006-12-07,5.11999988555908,11.6199997402728,8.36999981291592,2006,12,2007
51.8667,10.3333,2006-12-08,4.06999990902841,6.58999985270202,5.32999988086522,2006,12,2007
51.8667,10.3333,2006-12-09,5.40999987907708,10.4399997666478,7.92499982286245,2006,12,2007
51.8667,10.3333,2006-12-10,2.51999994367361,7.02999984286726,4.77499989327043,2006,12,2007
51.8667,10.3333,2006-12-11,0.149999996647239,3.91999991238117,2.03499995451421,2006,12,2007
51.8667,10.3333,2006-12-12,0.119999997317791,3.54999992065132,1.83499995898455,2006,12,2007
51.8667,10.3333,2006-12-13,2.56999994255602,5.07999988645315,3.82499991450459,2006,12,2007
51.8667,10.3333,2006-12-14,2.71999993920326,6.74999984912574,4.7349998941645,2006,12,2007
51.8667,10.3333,2006-12-15,4.32999990321696,7.17999983951449,5.75499987136573,2006,12,2007
51.8667,10.3333,2006-12-16,3.20999992825091,8.78999980352819,5.99999986588955,2006,12,2007
51.8667,10.3333,2006-12-17,2.42999994568527,7.17999983951449,4.80499989259988,2006,12,2007
51.8667,10.3333,2006-12-18,0.34999999217689,3.0399999320507,1.6949999621138,2006,12,2007
51.8667,10.3333,2006-12-19,0.669999985024333,2.77999993786216,1.72499996144325,2006,12,2007
51.8667,10.3333,2006-12-20,-0.61999998614192,2.41999994590878,0.899999979883432,2006,12,2007
51.8667,10.3333,2006-12-21,0.329999992623925,3.42999992333353,1.87999995797873,2006,12,2007
51.8667,10.3333,2006-12-22,3.07999993115664,4.55999989807606,3.81999991461635,2006,12,2007
51.8667,10.3333,2006-12-23,1.78999995999038,4.26999990455806,3.02999993227422,2006,12,2007
51.8667,10.3333,2006-12-24,0.439999990165234,4.37999990209937,2.4099999461323,2006,12,2007
51.8667,10.3333,2006-12-25,-1.41999996826053,5.16999988444149,1.87499995809048,2006,12,2007
51.8667,10.3333,2006-12-26,0.379999991506338,3.24999992735684,1.81499995943159,2006,12,2007
51.8667,10.3333,2006-12-27,-2.8699999358505,2.98999993316829,0.0599999986588955,2006,12,2007
51.8667,10.3333,2006-12-28,-3.34999992512167,2.30999994836748,-0.519999988377094,2006,12,2007
51.8667,10.3333,2006-12-29,-3.46999992243946,2.12999995239079,-0.669999985024333,2006,12,2007
51.8667,10.3333,2006-12-30,0.439999990165234,3.23999992758036,1.8399999588728,2006,12,2007
51.8667,10.3333,2006-12-31,1.25999997183681,6.70999985001981,3.98499991092831,2006,12,2007
51.8667,10.3333,2007-01-01,4.83999989181757,7.81999982520938,6.32999985851347,2007,1,2007
51.8667,10.3333,2007-01-02,2.29999994859099,8.85999980196357,5.57999987527728,2007,1,2007
51.8667,10.3333,2007-01-03,1.1499999742955,3.18999992869794,2.16999995149672,2007,1,2007
51.8667,10.3333,2007-01-04,2.36999994702637,4.06999990902841,3.21999992802739,2007,1,2007
51.8667,10.3333,2007-01-05,3.85999991372228,5.48999987728894,4.67499989550561,2007,1,2007
51.8667,10.3333,2007-01-06,4.05999990925193,6.2599998600781,5.15999988466501,2007,1,2007
51.8667,10.3333,2007-01-07,4.8799998909235,7.87999982386827,6.37999985739589,2007,1,2007
51.8667,10.3333,2007-01-08,3.33999992534518,8.02999982051551,5.68499987293035,2007,1,2007
51.8667,10.3333,2007-01-09,3.83999991416931,7.52999983169138,5.68499987293035,2007,1,2007
51.8667,10.3333,2007-01-10,6.14999986253679,11.2399997487664,8.69499980565161,2007,1,2007
51.8667,10.3333,2007-01-11,4.21999990567565,10.4699997659773,7.34499983582646,2007,1,2007
51.8667,10.3333,2007-01-12,2.39999994635582,6.05999986454844,4.22999990545213,2007,1,2007
51.8667,10.3333,2007-01-13,3.65999991819263,8.44999981112778,6.0549998646602,2007,1,2007
51.8667,10.3333,2007-01-14,7.43999983370304,9.33999979123473,8.38999981246889,2007,1,2007
51.8667,10.3333,2007-01-15,1.73999996110797,8.50999980978668,5.12499988544732,2007,1,2007
51.8667,10.3333,2007-01-16,-0.629999985918403,5.22999988310039,2.29999994859099,2007,1,2007
51.8667,10.3333,2007-01-17,0.34999999217689,4.94999988935888,2.64999994076788,2007,1,2007
51.8667,10.3333,2007-01-18,4.21999990567565,8.64999980665743,6.43499985616654,2007,1,2007
51.8667,10.3333,2007-01-19,2.74999993853271,10.9599997550249,6.85499984677881,2007,1,2007
51.8667,10.3333,2007-01-20,3.86999991349876,6.76999984867871,5.31999988108873,2007,1,2007
51.8667,10.3333,2007-01-21,4.25999990478158,10.6399997621775,7.44999983347952,2007,1,2007
51.8667,10.3333,2007-01-22,0.88999998010695,4.36999990232289,2.62999994121492,2007,1,2007
51.8667,10.3333,2007-01-23,-6.83999984711409,1.90999995730817,-2.46499994490296,2007,1,2007
51.8667,10.3333,2007-01-24,-9.14999979548156,-3.94999991171062,-6.54999985359609,2007,1,2007
51.8667,10.3333,2007-01-25,-8.65999980643392,-5.06999988667667,-6.86499984655529,2007,1,2007
51.8667,10.3333,2007-01-26,-9.8199997805059,-3.68999991752207,-6.75499984901398,2007,1,2007
51.8667,10.3333,2007-01-27,-10.2099997717887,-1.4899999666959,-5.84999986924231,2007,1,2007
51.8667,10.3333,2007-01-28,-2.21999995037913,0.139999996870756,-1.03999997675419,2007,1,2007
51.8667,10.3333,2007-01-29,-0.219999995082617,3.66999991796911,1.72499996144325,2007,1,2007
51.8667,10.3333,2007-01-30,1.33999997004867,3.94999991171062,2.64499994087964,2007,1,2007
51.8667,10.3333,2007-01-31,1.65999996289611,4.4799998998642,3.06999993138015,2007,1,2007
51.8667,10.3333,2007-02-01,3.45999992266297,5.21999988332391,4.33999990299344,2007,2,2007
51.8667,10.3333,2007-02-02,2.99999993294477,5.22999988310039,4.11499990802258,2007,2,2007
51.8667,10.3333,2007-02-03,3.23999992758036,7.45999983325601,5.34999988041818,2007,2,2007
51.8667,10.3333,2007-02-04,2.80999993719161,4.4799998998642,3.6449999185279,2007,2,2007
51.8667,10.3333,2007-02-05,0.359999991953373,5.1099998857826,2.73499993886799,2007,2,2007
51.8667,10.3333,2007-02-06,-1.46999996714294,2.54999994300306,0.539999987930059,2007,2,2007
51.8667,10.3333,2007-02-07,-3.61999991908669,0.899999979883432,-1.35999996960163,2007,2,2007
51.8667,10.3333,2007-02-08,-4.9399998895824,0.379999991506338,-2.27999994903803,2007,2,2007
51.8667,10.3333,2007-02-09,-2.83999993652105,1.27999997138977,-0.779999982565641,2007,2,2007
51.8667,10.3333,2007-02-10,-0.939999978989363,1.57999996468425,0.319999992847443,2007,2,2007
51.8667,10.3333,2007-02-11,-3.2699999269098,-0.549999987706542,-1.90999995730817,2007,2,2007
51.8667,10.3333,2007-02-12,-2.60999994166195,4.28999990411103,0.839999981224537,2007,2,2007
51.8667,10.3333,2007-02-13,2.76999993808568,5.3399998806417,4.05499990936369,2007,2,2007
51.8667,10.3333,2007-02-14,3.34999992512167,4.83999989181757,4.09499990846962,2007,2,2007
51.8667,10.3333,2007-02-15,1.62999996356666,5.17999988421798,3.40499992389232,2007,2,2007
51.8667,10.3333,2007-02-16,0.989999977871776,3.66999991796911,2.32999994792044,2007,2,2007
51.8667,10.3333,2007-02-17,-1.3799999691546,5.07999988645315,1.84999995864928,2007,2,2007
51.8667,10.3333,2007-02-18,-0.629999985918403,7.91999982297421,3.6449999185279,2007,2,2007
51.8667,10.3333,2007-02-19,0.30999999307096,8.50999980978668,4.40999990142882,2007,2,2007
51.8667,10.3333,2007-02-20,-2.01999995484948,3.76999991573393,0.874999980442226,2007,2,2007
51.8667,10.3333,2007-02-21,-1.79999995976686,5.71999987214804,1.95999995619059,2007,2,2007
51.8667,10.3333,2007-02-22,-0.629999985918403,10.0999997742474,4.7349998941645,2007,2,2007
51.8667,10.3333,2007-02-23,2.79999993741512,7.83999982476234,5.31999988108873,2007,2,2007
51.8667,10.3333,2007-02-24,1.96999995596707,7.21999983862042,4.59499989729375,2007,2,2007
51.8667,10.3333,2007-02-25,2.14999995194376,9.42999978922307,5.78999987058342,2007,2,2007
51.8667,10.3333,2007-02-26,3.25999992713332,6.64999985136092,4.95499988924712,2007,2,2007
51.8667,10.3333,2007-02-27,2.54999994300306,4.72999989427626,3.63999991863966,2007,2,2007
51.8667,10.3333,2007-02-28,0.879999980330467,3.89999991282821,2.38999994657934,2007,2,2007
51.8667,10.3333,2007-03-01,3.40999992378056,7.67999982833862,5.54499987605959,2007,3,2007
51.8667,10.3333,2007-03-02,3.44999992288649,7.43999983370304,5.44499987829477,2007,3,2007
51.8667,10.3333,2007-03-03,0.139999996870756,4.84999989159405,2.4949999442324,2007,3,2007
51.8667,10.3333,2007-03-04,-0.519999988377094,5.07999988645315,2.27999994903803,2007,3,2007
51.8667,10.3333,2007-03-05,0.899999979883432,8.62999980710447,4.76499989349395,2007,3,2007
51.8667,10.3333,2007-03-06,2.60999994166195,9.19999979436398,5.90499986801296,2007,3,2007
51.8667,10.3333,2007-03-07,3.04999993182719,10.8599997572601,6.95499984454364,2007,3,2007
51.8667,10.3333,2007-03-08,2.71999993920326,9.00999979861081,5.86499986890703,2007,3,2007
51.8667,10.3333,2007-03-09,2.05999995395541,6.23999986052513,4.14999990724027,2007,3,2007
51.8667,10.3333,2007-03-10,1.43999996781349,9.0699997972697,5.2549998825416,2007,3,2007
51.8667,10.3333,2007-03-11,1.75999996066093,7.01999984309077,4.38999990187585,2007,3,2007
51.8667,10.3333,2007-03-12,2.58999994210899,12.7499997150153,7.66999982856214,2007,3,2007
51.8667,10.3333,2007-03-13,2.74999993853271,15.8299996461719,9.28999979235232,2007,3,2007
51.8667,10.3333,2007-03-14,3.44999992288649,15.5699996519834,9.50999978743494,2007,3,2007
51.8667,10.3333,2007-03-15,0.779999982565641,10.049999775365,5.41499987896532,2007,3,2007
51.8667,10.3333,2007-03-16,0.329999992623925,11.2799997478724,5.80499987024814,2007,3,2007
51.8667,10.3333,2007-03-17,1.04999997653067,9.28999979235232,5.16999988444149,2007,3,2007
51.8667,10.3333,2007-03-18,5.05999988690019,7.24999983794987,6.15499986242503,2007,3,2007
51.8667,10.3333,2007-03-19,-0.159999996423721,7.12999984063208,3.48499992210418,2007,3,2007
51.8667,10.3333,2007-03-20,-2.21999995037913,4.4199999012053,1.09999997541308,2007,3,2007
51.8667,10.3333,2007-03-21,-2.68999993987381,4.97999988868833,1.14499997440726,2007,3,2007
51.8667,10.3333,2007-03-22,-1.75999996066093,1.17999997362494,-0.289999993517995,2007,3,2007
51.8667,10.3333,2007-03-23,-1.06999997608364,1.68999996222556,0.30999999307096,2007,3,2007
51.8667,10.3333,2007-03-24,-0.709999984130263,5.43999987840652,2.36499994713813,2007,3,2007
51.8667,10.3333,2007-03-25,2.42999994568527,8.65999980643392,5.54499987605959,2007,3,2007
51.8667,10.3333,2007-03-26,1.70999996177852,11.1999997496605,6.45499985571951,2007,3,2007
51.8667,10.3333,2007-03-27,2.12999995239079,12.2599997259676,7.19499983917922,2007,3,2007
51.8667,10.3333,2007-03-28,1.6099999640137,12.3999997228384,7.00499984342605,2007,3,2007
51.8667,10.3333,2007-03-29,1.80999995954335,13.4199997000396,7.61499982979149,2007,3,2007
51.8667,10.3333,2007-03-30,2.62999994121492,13.4099997002631,8.01999982073903,2007,3,2007
51.8667,10.3333,2007-03-31,2.82999993674457,11.7399997375906,7.28499983716756,2007,3,2007
51.8667,10.3333,2007-04-01,2.35999994724989,12.8599997125566,7.60999982990324,2007,4,2007
51.8667,10.3333,2007-04-02,2.67999994009733,13.8599996902049,8.2699998151511,2007,4,2007
51.8667,10.3333,2007-04-03,2.44999994523823,15.1299996618181,8.78999980352819,2007,4,2007
51.8667,10.3333,2007-04-04,0.689999984577298,6.8299998473376,3.75999991595745,2007,4,2007
51.8667,10.3333,2007-04-05,-1.12999997474253,6.89999984577298,2.88499993551522,2007,4,2007
51.8667,10.3333,2007-04-06,-0.389999991282821,10.3499997686595,4.97999988868833,2007,4,2007
51.8667,10.3333,2007-04-07,3.36999992467463,11.3799997456372,7.3749998351559,2007,4,2007
51.8667,10.3333,2007-04-08,1.88999995775521,9.9899997767061,5.93999986723065,2007,4,2007
51.8667,10.3333,2007-04-09,3.29999992623925,11.9399997331202,7.61999982967973,2007,4,2007
51.8667,10.3333,2007-04-10,6.30999985896051,13.0699997078627,9.68999978341162,2007,4,2007
51.8667,10.3333,2007-04-11,6.87999984622002,12.4099997226149,9.64499978441745,2007,4,2007
51.8667,10.3333,2007-04-12,4.56999989785254,12.329999724403,8.44999981112778,2007,4,2007
51.8667,10.3333,2007-04-13,3.22999992780387,17.4799996092916,10.3549997685477,2007,4,2007
51.8667,10.3333,2007-04-14,6.86999984644353,20.09999955073,13.4849996985868,2007,4,2007
51.8667,10.3333,2007-04-15,7.86999982409179,22.2099995035678,15.0399996638298,2007,4,2007
51.8667,10.3333,2007-04-16,7.45999983325601,22.3199995011091,14.8899996671826,2007,4,2007
51.8667,10.3333,2007-04-17,8.24999981559813,24.3999994546175,16.3249996351078,2007,4,2007
51.8667,10.3333,2007-04-18,4.36999990232289,17.0099996197969,10.6899997610599,2007,4,2007
51.8667,10.3333,2007-04-19,1.53999996557832,10.0999997742474,5.81999986991286,2007,4,2007
51.8667,10.3333,2007-04-20,0.509999988600612,15.3299996573478,7.91999982297421,2007,4,2007
51.8667,10.3333,2007-04-21,0.289999993517995,8.31999981403351,4.30499990377575,2007,4,2007
51.8667,10.3333,2007-04-22,-1.81999995931983,10.8899997565895,4.53499989863485,2007,4,2007
51.8667,10.3333,2007-04-23,0.809999981895089,17.9399995990098,9.37499979045242,2007,4,2007
51.8667,10.3333,2007-04-24,7.3499998357147,20.6099995393306,13.9799996875226,2007,4,2007
51.8667,10.3333,2007-04-25,10.5599997639656,18.089999595657,14.3249996798113,2007,4,2007
51.8667,10.3333,2007-04-26,9.16999979503453,21.6599995158613,15.4149996554479,2007,4,2007
51.8667,10.3333,2007-04-27,9.31999979168177,22.1499995049089,15.7349996482953,2007,4,2007
51.8667,10.3333,2007-04-28,8.87999980151653,23.1699994821101,16.0249996418133,2007,4,2007
51.8667,10.3333,2007-04-29,8.23999981582165,23.269999479875,15.7549996478483,2007,4,2007
51.8667,10.3333,2007-04-30,3.56999992020428,13.8999996893108,8.73499980475754,2007,4,2007
51.8667,10.3333,2007-05-01,0.699999984353781,14.8799996674061,7.78999982587993,2007,5,NA
51.8667,10.3333,2007-05-02,2.31999994814396,13.8099996913224,8.0649998197332,2007,5,NA
51.8667,10.3333,2007-05-03,1.66999996267259,16.7999996244907,9.23499979358166,2007,5,NA
51.8667,10.3333,2007-05-04,3.68999991752207,18.089999595657,10.8899997565895,2007,5,NA
51.8667,10.3333,2007-05-05,5.81999986991286,18.9999995753169,12.4099997226149,2007,5,NA
51.8667,10.3333,2007-05-06,6.18999986164272,20.6499995384365,13.4199997000396,2007,5,NA
51.8667,10.3333,2007-05-07,6.01999986544251,20.8799995332956,13.4499996993691,2007,5,NA
51.8667,10.3333,2007-05-08,9.17999979481101,13.6399996951222,11.4099997449666,2007,5,NA
51.8667,10.3333,2007-05-09,6.97999984398484,11.5899997409433,9.28499979246408,2007,5,NA
51.8667,10.3333,2007-05-10,7.38999983482063,13.5799996964633,10.484999765642,2007,5,NA
51.8667,10.3333,2007-05-11,8.69999980553985,14.0599996857345,11.3799997456372,2007,5,NA
51.8667,10.3333,2007-05-12,6.92999984510243,13.9399996884167,10.4349997667596,2007,5,NA
51.8667,10.3333,2007-05-13,6.86999984644353,14.069999685511,10.4699997659773,2007,5,NA
51.8667,10.3333,2007-05-14,8.53999980911613,18.4899995867163,13.5149996979162,2007,5,NA
51.8667,10.3333,2007-05-15,10.1499997731298,18.0199995972216,14.0849996851757,2007,5,NA
51.8667,10.3333,2007-05-16,4.07999990880489,11.2599997483194,7.66999982856214,2007,5,NA
51.8667,10.3333,2007-05-17,3.54999992065132,12.5899997185916,8.06999981962144,2007,5,NA
51.8667,10.3333,2007-05-18,2.01999995484948,11.0199997536838,6.51999985426664,2007,5,NA
51.8667,10.3333,2007-05-19,0.979999978095293,17.19999961555,9.08999979682267,2007,5,NA
51.8667,10.3333,2007-05-20,10.2399997711182,19.2699995692819,14.7549996702,2007,5,NA
51.8667,10.3333,2007-05-21,12.2099997270852,22.3299995008856,17.2699996139854,2007,5,NA
51.8667,10.3333,2007-05-22,12.8499997127801,27.269999390468,20.0599995516241,2007,5,NA
51.8667,10.3333,2007-05-23,13.0999997071922,23.519999474287,18.3099995907396,2007,5,NA
51.8667,10.3333,2007-05-24,12.1199997290969,17.7399996034801,14.9299996662885,2007,5,NA
51.8667,10.3333,2007-05-25,12.3399997241795,24.3599994555116,18.3499995898455,2007,5,NA
51.8667,10.3333,2007-05-26,14.2799996808171,26.8699993994087,20.5749995401129,2007,5,NA
51.8667,10.3333,2007-05-27,13.8399996906519,23.269999479875,18.5549995852634,2007,5,NA
51.8667,10.3333,2007-05-28,11.4499997440726,21.8699995111674,16.65999962762,2007,5,NA
51.8667,10.3333,2007-05-29,10.6399997621775,14.4699996765703,12.5549997193739,2007,5,NA
51.8667,10.3333,2007-05-30,6.95999984443188,11.8399997353554,9.39999978989363,2007,5,NA
51.8667,10.3333,2007-05-31,5.36999987997115,15.4199996553361,10.3949997676536,2007,5,NA
51.8667,10.3333,2007-06-01,6.18999986164272,18.5999995842576,12.3949997229502,2007,6,NA
51.8667,10.3333,2007-06-02,8.30999981425703,19.519999563694,13.9149996889755,2007,6,NA
51.8667,10.3333,2007-06-03,9.85999977961183,15.4499996546656,12.6549997171387,2007,6,NA
51.8667,10.3333,2007-06-04,11.789999736473,14.8399996683002,13.3149997023866,2007,6,NA
51.8667,10.3333,2007-06-05,12.0099997315556,17.3299996126443,14.6699996720999,2007,6,NA
51.8667,10.3333,2007-06-06,12.0999997295439,18.5899995844811,15.3449996570125,2007,6,NA
51.8667,10.3333,2007-06-07,11.2499997485429,21.839999511838,16.5449996301904,2007,6,NA
51.8667,10.3333,2007-06-08,14.4999996758997,25.1999994367361,19.8499995563179,2007,6,NA
51.8667,10.3333,2007-06-09,14.8099996689707,26.109999416396,20.4599995426834,2007,6,NA
51.8667,10.3333,2007-06-10,14.4799996763468,26.8399994000793,20.659999538213,2007,6,NA
51.8667,10.3333,2007-06-11,14.2799996808171,25.839999422431,20.0599995516241,2007,6,NA
51.8667,10.3333,2007-06-12,13.5799996964633,24.8999994434416,19.2399995699525,2007,6,NA
51.8667,10.3333,2007-06-13,13.1199997067451,23.9999994635582,18.5599995851517,2007,6,NA
51.8667,10.3333,2007-06-14,13.0799997076392,20.8399995341897,16.9599996209145,2007,6,NA
51.8667,10.3333,2007-06-15,12.2999997250736,24.1599994599819,18.2299995925277,2007,6,NA
51.8667,10.3333,2007-06-16,13.6299996953458,22.3499995004386,17.9899995978922,2007,6,NA
51.8667,10.3333,2007-06-17,11.4399997442961,19.1899995710701,15.3149996576831,2007,6,NA
51.8667,10.3333,2007-06-18,10.879999756813,20.5499995406717,15.7149996487424,2007,6,NA
51.8667,10.3333,2007-06-19,12.619999717921,19.2899995688349,15.954999643378,2007,6,NA
51.8667,10.3333,2007-06-20,12.3099997248501,23.0799994841218,17.6949996044859,2007,6,NA
51.8667,10.3333,2007-06-21,14.2199996821582,26.2099994141608,20.2149995481595,2007,6,NA
51.8667,10.3333,2007-06-22,10.3799997679889,18.4499995876104,14.4149996777996,2007,6,NA
51.8667,10.3333,2007-06-23,10.4999997653067,19.4099995661527,14.9549996657297,2007,6,NA
51.8667,10.3333,2007-06-24,11.6999997384846,17.3599996119738,14.5299996752292,2007,6,NA
51.8667,10.3333,2007-06-25,11.8599997349083,19.3099995683879,15.5849996516481,2007,6,NA
51.8667,10.3333,2007-06-26,11.9399997331202,21.3499995227903,16.6449996279553,2007,6,NA
51.8667,10.3333,2007-06-27,8.16999981738627,13.8199996910989,10.9949997542426,2007,6,NA
51.8667,10.3333,2007-06-28,7.17999983951449,13.3999997004867,10.2899997700006,2007,6,NA
51.8667,10.3333,2007-06-29,7.55999983102083,14.2599996812642,10.9099997561425,2007,6,NA
51.8667,10.3333,2007-06-30,6.99999984353781,15.8999996446073,11.4499997440726,2007,6,NA
51.8667,10.3333,2007-07-01,11.5299997422844,17.1799996159971,14.3549996791407,2007,7,NA
51.8667,10.3333,2007-07-02,12.6999997161329,21.5699995178729,17.1349996170029,2007,7,NA
51.8667,10.3333,2007-07-03,11.6599997393787,19.4599995650351,15.5599996522069,2007,7,NA
51.8667,10.3333,2007-07-04,10.609999762848,17.1699996162206,13.8899996895343,2007,7,NA
51.8667,10.3333,2007-07-05,10.4999997653067,14.9599996656179,12.7299997154623,2007,7,NA
51.8667,10.3333,2007-07-06,10.6799997612834,16.4399996325374,13.5599996969104,2007,7,NA
51.8667,10.3333,2007-07-07,11.1199997514486,16.2099996376783,13.6649996945634,2007,7,NA
51.8667,10.3333,2007-07-08,10.4099997673184,17.4199996106327,13.9149996889755,2007,7,NA
51.8667,10.3333,2007-07-09,9.02999979816377,19.8199995569885,14.4249996775761,2007,7,NA
51.8667,10.3333,2007-07-10,10.029999775812,14.1699996832758,12.0999997295439,2007,7,NA
51.8667,10.3333,2007-07-11,8.44999981112778,15.5999996513128,12.0249997312203,2007,7,NA
51.8667,10.3333,2007-07-12,8.44999981112778,15.0399996638298,11.7449997374788,2007,7,NA
51.8667,10.3333,2007-07-13,11.0299997534603,16.4699996318668,13.7499996926636,2007,7,NA
51.8667,10.3333,2007-07-14,13.1199997067451,20.9399995319545,17.0299996193498,2007,7,NA
51.8667,10.3333,2007-07-15,14.7499996703118,27.9699993748218,21.3599995225668,2007,7,NA
51.8667,10.3333,2007-07-16,15.7199996486306,31.7899992894381,23.7549994690344,2007,7,NA
51.8667,10.3333,2007-07-17,18.7399995811284,31.9199992865324,25.3299994338304,2007,7,NA
51.8667,10.3333,2007-07-18,14.9499996658415,24.7499994467944,19.8499995563179,2007,7,NA
51.8667,10.3333,2007-07-19,13.0199997089803,24.5999994501472,18.8099995795637,2007,7,NA
51.8667,10.3333,2007-07-20,12.7199997156858,22.7099994923919,17.7149996040389,2007,7,NA
51.8667,10.3333,2007-07-21,14.8899996671826,25.569999428466,20.2299995478243,2007,7,NA
51.8667,10.3333,2007-07-22,13.7899996917695,22.5499994959682,18.1699995938689,2007,7,NA
51.8667,10.3333,2007-07-23,11.6299997400492,19.7699995581061,15.6999996490777,2007,7,NA
51.8667,10.3333,2007-07-24,9.84999977983534,20.0599995516241,14.9549996657297,2007,7,NA
51.8667,10.3333,2007-07-25,11.5499997418374,16.4799996316433,14.0149996867403,2007,7,NA
51.8667,10.3333,2007-07-26,11.2399997487664,20.119999550283,15.6799996495247,2007,7,NA
51.8667,10.3333,2007-07-27,12.4999997206032,23.7099994700402,18.1049995953217,2007,7,NA
51.8667,10.3333,2007-07-28,12.4399997219443,20.1399995498359,16.2899996358901,2007,7,NA
51.8667,10.3333,2007-07-29,11.0099997539073,17.4199996106327,14.21499968227,2007,7,NA
51.8667,10.3333,2007-07-30,9.47999978810549,13.7899996917695,11.6349997399375,2007,7,NA
51.8667,10.3333,2007-07-31,8.16999981738627,13.7299996931106,10.9499997552484,2007,7,NA
51.8667,10.3333,2007-08-01,8.72999980486929,15.1499996613711,11.9399997331202,2007,8,NA
51.8667,10.3333,2007-08-02,7.04999984242022,19.4099995661527,13.2299997042865,2007,8,NA
51.8667,10.3333,2007-08-03,9.46999978832901,19.539999563247,14.504999675788,2007,8,NA
51.8667,10.3333,2007-08-04,9.80999978072941,17.9399995990098,13.8749996898696,2007,8,NA
51.8667,10.3333,2007-08-05,9.01999979838729,22.1799995042384,15.5999996513128,2007,8,NA
51.8667,10.3333,2007-08-06,11.9199997335672,24.98999944143,18.4549995874986,2007,8,NA
51.8667,10.3333,2007-08-07,12.2199997268617,26.3499994110316,19.2849995689467,2007,8,NA
51.8667,10.3333,2007-08-08,13.0799997076392,23.5899994727224,18.3349995901808,2007,8,NA
51.8667,10.3333,2007-08-09,13.8999996893108,17.799999602139,15.8499996457249,2007,8,NA
51.8667,10.3333,2007-08-10,14.7399996705353,25.0899994391948,19.9149995548651,2007,8,NA
51.8667,10.3333,2007-08-11,14.7299996707588,19.2699995692819,16.9999996200204,2007,8,NA
51.8667,10.3333,2007-08-12,11.4099997449666,18.2899995911866,14.8499996680766,2007,8,NA
51.8667,10.3333,2007-08-13,9.54999978654087,20.5399995408952,15.044999663718,2007,8,NA
51.8667,10.3333,2007-08-14,10.5599997639656,20.5499995406717,15.5549996523187,2007,8,NA
51.8667,10.3333,2007-08-15,9.44999978877604,22.2599995024502,15.8549996456131,2007,8,NA
51.8667,10.3333,2007-08-16,16.389999633655,23.6299994718283,20.0099995527416,2007,8,NA
51.8667,10.3333,2007-08-17,11.169999750331,20.5799995400012,15.8749996451661,2007,8,NA
51.8667,10.3333,2007-08-18,9.67999978363514,17.8499996010214,13.7649996923283,2007,8,NA
51.8667,10.3333,2007-08-19,8.71999980509281,19.1399995721877,13.9299996886402,2007,8,NA
51.8667,10.3333,2007-08-20,9.51999978721142,21.8699995111674,15.6949996491894,2007,8,NA
51.8667,10.3333,2007-08-21,11.2399997487664,19.4099995661527,15.3249996574596,2007,8,NA
51.8667,10.3333,2007-08-22,12.4699997212738,15.189999660477,13.8299996908754,2007,8,NA
51.8667,10.3333,2007-08-23,11.9899997320026,20.6899995375425,16.3399996347725,2007,8,NA
51.8667,10.3333,2007-08-24,11.7799997366965,20.63999953866,16.2099996376783,2007,8,NA
51.8667,10.3333,2007-08-25,12.5799997188151,21.8899995107204,17.2349996147677,2007,8,NA
51.8667,10.3333,2007-08-26,13.1899997051805,22.5899994950742,17.8899996001273,2007,8,NA
51.8667,10.3333,2007-08-27,11.9099997337908,21.1899995263666,16.5499996300787,2007,8,NA
51.8667,10.3333,2007-08-28,10.0199997760355,16.3799996338785,13.199999704957,2007,8,NA
51.8667,10.3333,2007-08-29,7.1199998408556,15.5099996533245,11.31499974709,2007,8,NA
51.8667,10.3333,2007-08-30,5.41999987885356,15.0099996645004,10.214999771677,2007,8,NA
51.8667,10.3333,2007-08-31,5.31999988108873,15.5299996528774,10.4249997669831,2007,8,NA
51.8667,10.3333,2007-09-01,10.8599997572601,15.6399996504188,13.2499997038394,2007,9,NA
51.8667,10.3333,2007-09-02,10.1699997726828,16.1999996379018,13.1849997052923,2007,9,NA
51.8667,10.3333,2007-09-03,11.1399997510016,16.8699996229261,14.0049996869639,2007,9,NA
51.8667,10.3333,2007-09-04,7.47999983280897,14.6799996718764,11.0799997523427,2007,9,NA
51.8667,10.3333,2007-09-05,6.66999985091388,12.7499997150153,9.70999978296459,2007,9,NA
51.8667,10.3333,2007-09-06,6.7199998497963,13.7699996922165,10.2449997710064,2007,9,NA
51.8667,10.3333,2007-09-07,7.42999983392656,16.5799996294081,12.0049997316673,2007,9,NA
51.8667,10.3333,2007-09-08,11.0399997532368,14.6799996718764,12.8599997125566,2007,9,NA
51.8667,10.3333,2007-09-09,11.209999749437,14.2499996814877,12.7299997154623,2007,9,NA
51.8667,10.3333,2007-09-10,9.63999978452921,13.3499997016042,11.4949997430667,2007,9,NA
51.8667,10.3333,2007-09-11,9.37999979034066,12.2499997261912,10.8149997582659,2007,9,NA
51.8667,10.3333,2007-09-12,9.42999978922307,15.2199996598065,12.3249997245148,2007,9,NA
51.8667,10.3333,2007-09-13,9.8199997805059,14.8199996687472,12.3199997246265,2007,9,NA
51.8667,10.3333,2007-09-14,5.93999986723065,13.7299996931106,9.83499978017062,2007,9,NA
51.8667,10.3333,2007-09-15,5.40999987907708,17.1199996173382,11.2649997482076,2007,9,NA
51.8667,10.3333,2007-09-16,5.95999986678362,13.8699996899813,9.91499977838248,2007,9,NA
51.8667,10.3333,2007-09-17,6.07999986410141,18.089999595657,12.0849997298792,2007,9,NA
51.8667,10.3333,2007-09-18,11.0799997523427,19.5499995630234,15.3149996576831,2007,9,NA
51.8667,10.3333,2007-09-19,5.76999987103045,11.9799997322261,8.87499980162829,2007,9,NA
51.8667,10.3333,2007-09-20,4.96999988891184,11.7299997378141,8.34999981336296,2007,9,NA
51.8667,10.3333,2007-09-21,7.10999984107912,15.769999647513,11.4399997442961,2007,9,NA
51.8667,10.3333,2007-09-22,9.01999979838729,17.0099996197969,13.0149997090921,2007,9,NA
51.8667,10.3333,2007-09-23,9.03999979794025,20.1099995505065,14.5749996742234,2007,9,NA
51.8667,10.3333,2007-09-24,8.68999980576336,21.5899995174259,15.1399996615946,2007,9,NA
51.8667,10.3333,2007-09-25,11.1499997507781,21.4299995210022,16.2899996358901,2007,9,NA
51.8667,10.3333,2007-09-26,7.70999982766807,14.2399996817112,10.9749997546896,2007,9,NA
51.8667,10.3333,2007-09-27,6.40999985672534,14.1399996839464,10.2749997703359,2007,9,NA
51.8667,10.3333,2007-09-28,7.89999982342124,11.3899997454137,9.64499978441745,2007,9,NA
51.8667,10.3333,2007-09-29,9.97999977692962,12.0699997302145,11.024999753572,2007,9,NA
51.8667,10.3333,2007-09-30,9.88999977894127,10.9099997561425,10.3999997675419,2007,9,NA
51.8667,10.3333,2007-10-01,7.45999983325601,11.7999997362494,9.62999978475273,2007,10,2008
51.8667,10.3333,2007-10-02,5.67999987304211,15.7399996481836,10.7099997606128,2007,10,2008
51.8667,10.3333,2007-10-03,10.4499997664243,12.889999711886,11.6699997391552,2007,10,2008
51.8667,10.3333,2007-10-04,8.94999979995191,14.069999685511,11.5099997427315,2007,10,2008
51.8667,10.3333,2007-10-05,10.0099997762591,16.5799996294081,13.2949997028336,2007,10,2008
51.8667,10.3333,2007-10-06,6.51999985426664,13.4799996986985,9.99999977648258,2007,10,2008
51.8667,10.3333,2007-10-07,4.17999990656972,11.189999749884,7.68499982822686,2007,10,2008
51.8667,10.3333,2007-10-08,2.94999993406236,13.1699997056276,8.05999981984496,2007,10,2008
51.8667,10.3333,2007-10-09,3.57999991998076,12.6599997170269,8.11999981850386,2007,10,2008
51.8667,10.3333,2007-10-10,4.90999989025295,10.9899997543544,7.94999982230365,2007,10,2008
51.8667,10.3333,2007-10-11,3.10999993048608,12.5699997190386,7.83999982476234,2007,10,2008
51.8667,10.3333,2007-10-12,3.3899999242276,11.9899997320026,7.68999982811511,2007,10,2008
51.8667,10.3333,2007-10-13,7.78999982587993,12.7699997145683,10.2799997702241,2007,10,2008
51.8667,10.3333,2007-10-14,2.61999994143844,11.4899997431785,7.05499984230846,2007,10,2008
51.8667,10.3333,2007-10-15,1.70999996177852,13.6899996940047,7.69999982789159,2007,10,2008
51.8667,10.3333,2007-10-16,4.7099998947233,15.1599996611476,9.93499977793545,2007,10,2008
51.8667,10.3333,2007-10-17,8.59999980777502,13.8499996904284,11.2249997491017,2007,10,2008
51.8667,10.3333,2007-10-18,6.55999985337257,14.5899996738881,10.5749997636303,2007,10,2008
51.8667,10.3333,2007-10-19,3.64999991841614,7.98999982140958,5.81999986991286,2007,10,2008
51.8667,10.3333,2007-10-20,0.249999994412065,6.76999984867871,3.50999992154539,2007,10,2008
51.8667,10.3333,2007-10-21,-1.55999996513128,5.91999986767769,2.1799999512732,2007,10,2008
51.8667,10.3333,2007-10-22,0.239999994635582,6.15999986231327,3.19999992847443,2007,10,2008
51.8667,10.3333,2007-10-23,-1.7799999602139,4.57999989762902,1.39999996870756,2007,10,2008
51.8667,10.3333,2007-10-24,-0.409999990835786,4.46999990008771,2.02999995462596,2007,10,2008
51.8667,10.3333,2007-10-25,2.61999994143844,4.17999990656972,3.39999992400408,2007,10,2008
51.8667,10.3333,2007-10-26,3.97999991104007,5.53999987617135,4.75999989360571,2007,10,2008
51.8667,10.3333,2007-10-27,3.41999992355704,5.25999988242984,4.33999990299344,2007,10,2008
51.8667,10.3333,2007-10-28,2.20999995060265,6.26999985985458,4.23999990522861,2007,10,2008
51.8667,10.3333,2007-10-29,0.65999998524785,7.8099998254329,4.23499990534037,2007,10,2008
51.8667,10.3333,2007-10-30,4.27999990433455,9.60999978519976,6.94499984476715,2007,10,2008
51.8667,10.3333,2007-10-31,2.97999993339181,8.05999981984496,5.51999987661839,2007,10,2008
51.8667,10.3333,2007-11-01,2.25999994948506,7.79999982565641,5.02999988757074,2007,11,2008
51.8667,10.3333,2007-11-02,5.49999987706542,8.64999980665743,7.07499984186143,2007,11,2008
51.8667,10.3333,2007-11-03,8.31999981403351,10.6399997621775,9.47999978810549,2007,11,2008
51.8667,10.3333,2007-11-04,6.74999984912574,11.2899997476488,9.01999979838729,2007,11,2008
51.8667,10.3333,2007-11-05,1.42999996803701,7.58999983035028,4.50999989919364,2007,11,2008
51.8667,10.3333,2007-11-06,-0.34999999217689,6.64999985136092,3.14999992959201,2007,11,2008
51.8667,10.3333,2007-11-07,1.30999997071922,5.19999988377094,3.25499992724508,2007,11,2008
51.8667,10.3333,2007-11-08,2.87999993562698,6.72999984957278,4.80499989259988,2007,11,2008
51.8667,10.3333,2007-11-09,4.58999989740551,7.61999982967973,6.10499986354262,2007,11,2008
51.8667,10.3333,2007-11-10,0.34999999217689,4.8799998909235,2.6149999415502,2007,11,2008
51.8667,10.3333,2007-11-11,-0.30999999307096,2.03999995440245,0.864999980665743,2007,11,2008
51.8667,10.3333,2007-11-12,0.0399999991059303,5.43999987840652,2.73999993875623,2007,11,2008
51.8667,10.3333,2007-11-13,-0.289999993517995,2.62999994121492,1.16999997384846,2007,11,2008
51.8667,10.3333,2007-11-14,-0.869999980553985,2.32999994792044,0.729999983683228,2007,11,2008
51.8667,10.3333,2007-11-15,-1.79999995976686,-0.0599999986588955,-0.92999997921288,2007,11,2008
51.8667,10.3333,2007-11-16,-2.58999994210899,-0.199999995529652,-1.39499996881932,2007,11,2008
51.8667,10.3333,2007-11-17,-4.1899999063462,1.6099999640137,-1.28999997116625,2007,11,2008
51.8667,10.3333,2007-11-18,1.32999997027218,3.12999993003905,2.22999995015562,2007,11,2008
51.8667,10.3333,2007-11-19,-0.279999993741512,3.83999991416931,1.7799999602139,2007,11,2008
51.8667,10.3333,2007-11-20,-1.53999996557832,3.44999992288649,0.954999978654087,2007,11,2008
51.8667,10.3333,2007-11-21,0.479999989271164,7.5199998319149,3.99999991059303,2007,11,2008
51.8667,10.3333,2007-11-22,0.499999988824129,10.4599997662008,5.47999987751245,2007,11,2008
51.8667,10.3333,2007-11-23,3.71999991685152,8.25999981537461,5.98999986611307,2007,11,2008
51.8667,10.3333,2007-11-24,1.35999996960163,6.69999985024333,4.02999990992248,2007,11,2008
51.8667,10.3333,2007-11-25,-2.71999993920326,2.30999994836748,-0.204999995417893,2007,11,2008
51.8667,10.3333,2007-11-26,-0.389999991282821,3.93999991193414,1.77499996032566,2007,11,2008
51.8667,10.3333,2007-11-27,-1.22999997250736,0.369999991729856,-0.429999990388751,2007,11,2008
51.8667,10.3333,2007-11-28,-1.12999997474253,1.65999996289611,0.264999994076788,2007,11,2008
51.8667,10.3333,2007-11-29,-1.23999997228384,2.2399999499321,0.499999988824129,2007,11,2008
51.8667,10.3333,2007-11-30,-1.35999996960163,2.77999993786216,0.709999984130263,2007,11,2008
51.8667,10.3333,2007-12-01,1.67999996244907,4.55999989807606,3.11999993026257,2007,12,2008
51.8667,10.3333,2007-12-02,3.59999991953373,6.63999985158443,5.11999988555908,2007,12,2008
51.8667,10.3333,2007-12-03,3.21999992802739,7.06999984197319,5.14499988500029,2007,12,2008
51.8667,10.3333,2007-12-04,1.96999995596707,6.33999985828996,4.15499990712851,2007,12,2008
51.8667,10.3333,2007-12-05,1.47999996691942,3.94999991171062,2.71499993931502,2007,12,2008
51.8667,10.3333,2007-12-06,2.67999994009733,8.08999981917441,5.38499987963587,2007,12,2008
51.8667,10.3333,2007-12-07,5.38999987952411,7.87999982386827,6.63499985169619,2007,12,2008
51.8667,10.3333,2007-12-08,2.90999993495643,10.2299997713417,6.56999985314906,2007,12,2008
51.8667,10.3333,2007-12-09,0.899999979883432,4.1899999063462,2.54499994311482,2007,12,2008
51.8667,10.3333,2007-12-10,0.65999998524785,5.64999987371266,3.15499992948025,2007,12,2008
51.8667,10.3333,2007-12-11,1.97999995574355,4.27999990433455,3.12999993003905,2007,12,2008
51.8667,10.3333,2007-12-12,0.699999984353781,2.80999993719161,1.75499996077269,2007,12,2008
51.8667,10.3333,2007-12-13,0.779999982565641,1.85999995842576,1.3199999704957,2007,12,2008
51.8667,10.3333,2007-12-14,-1.41999996826053,1.63999996334314,0.109999997541308,2007,12,2008
51.8667,10.3333,2007-12-15,-2.21999995037913,-0.699999984353781,-1.45999996736646,2007,12,2008
51.8667,10.3333,2007-12-16,-5.67999987304211,-0.949999978765845,-3.31499992590398,2007,12,2008
51.8667,10.3333,2007-12-17,-6.5999998524785,-2.72999993897974,-4.66499989572912,2007,12,2008
51.8667,10.3333,2007-12-18,-4.39999990165234,-0.819999981671572,-2.60999994166195,2007,12,2008
51.8667,10.3333,2007-12-19,-4.95999988913536,0.709999984130263,-2.12499995250255,2007,12,2008
51.8667,10.3333,2007-12-20,-5.1099998857826,1.17999997362494,-1.96499995607883,2007,12,2008
51.8667,10.3333,2007-12-21,-5.47999987751245,1.44999996758997,-2.01499995496124,2007,12,2008
51.8667,10.3333,2007-12-22,-4.61999989673495,4.46999990008771,-0.0749999983236194,2007,12,2008
51.8667,10.3333,2007-12-23,-6.24999986030161,2.28999994881451,-1.97999995574355,2007,12,2008
51.8667,10.3333,2007-12-24,-5.35999988019466,1.72999996133149,-1.81499995943159,2007,12,2008
51.8667,10.3333,2007-12-25,-2.39999994635582,1.29999997094274,-0.549999987706542,2007,12,2008
51.8667,10.3333,2007-12-26,-3.13999992981553,1.49999996647239,-0.819999981671572,2007,12,2008
51.8667,10.3333,2007-12-27,-2.26999994926155,1.24999997206032,-0.509999988600612,2007,12,2008
51.8667,10.3333,2007-12-28,-2.12999995239079,1.55999996513128,-0.284999993629754,2007,12,2008
51.8667,10.3333,2007-12-29,0.869999980553985,3.31999992579222,2.0949999531731,2007,12,2008
51.8667,10.3333,2007-12-30,-1.22999997250736,2.96999993361533,0.869999980553985,2007,12,2008
51.8667,10.3333,2007-12-31,0.169999996200204,2.6999999396503,1.43499996792525,2007,12,2008
51.8667,10.3333,2008-01-01,-1.3199999704957,1.29999997094274,-0.00999999977648258,2008,1,2008
51.8667,10.3333,2008-01-02,-4.34999990276992,-0.559999987483025,-2.45499994512647,2008,1,2008
51.8667,10.3333,2008-01-03,-4.23999990522861,-2.35999994724989,-3.29999992623925,2008,1,2008
51.8667,10.3333,2008-01-04,-5.24999988265336,-3.2699999269098,-4.25999990478158,2008,1,2008
51.8667,10.3333,2008-01-05,-6.27999985963106,-0.139999996870756,-3.20999992825091,2008,1,2008
51.8667,10.3333,2008-01-06,-1.3799999691546,4.96999988891184,1.79499995987862,2008,1,2008
51.8667,10.3333,2008-01-07,-0.0399999991059303,3.25999992713332,1.6099999640137,2008,1,2008
51.8667,10.3333,2008-01-08,-0.629999985918403,4.61999989673495,1.99499995540828,2008,1,2008
51.8667,10.3333,2008-01-09,1.38999996893108,3.729999916628,2.55999994277954,2008,1,2008
51.8667,10.3333,2008-01-10,1.13999997451901,4.06999990902841,2.60499994177371,2008,1,2008
51.8667,10.3333,2008-01-11,1.02999997697771,6.45999985560775,3.74499991629273,2008,1,2008
51.8667,10.3333,2008-01-12,5.24999988265336,8.88999980129302,7.06999984197319,2008,1,2008
51.8667,10.3333,2008-01-13,0.779999982565641,8.05999981984496,4.4199999012053,2008,1,2008
51.8667,10.3333,2008-01-14,-1.80999995954335,3.81999991461635,1.0049999775365,2008,1,2008
51.8667,10.3333,2008-01-15,-1.43999996781349,4.7099998947233,1.6349999634549,2008,1,2008
51.8667,10.3333,2008-01-16,3.51999992132187,6.63999985158443,5.07999988645315,2008,1,2008
51.8667,10.3333,2008-01-17,2.20999995060265,7.03999984264374,4.62499989662319,2008,1,2008
51.8667,10.3333,2008-01-18,2.73999993875623,5.47999987751245,4.10999990813434,2008,1,2008
51.8667,10.3333,2008-01-19,3.37999992445111,7.52999983169138,5.45499987807125,2008,1,2008
51.8667,10.3333,2008-01-20,6.90999984554946,10.029999775812,8.46999981068075,2008,1,2008
51.8667,10.3333,2008-01-21,6.6599998511374,9.5299997869879,8.09499981906265,2008,1,2008
51.8667,10.3333,2008-01-22,5.06999988667667,9.03999979794025,7.05499984230846,2008,1,2008
51.8667,10.3333,2008-01-23,-0.139999996870756,5.90999986790121,2.88499993551522,2008,1,2008
51.8667,10.3333,2008-01-24,-0.61999998614192,3.83999991416931,1.6099999640137,2008,1,2008
51.8667,10.3333,2008-01-25,1.82999995909631,5.75999987125397,3.79499991517514,2008,1,2008
51.8667,10.3333,2008-01-26,0.119999997317791,4.76999989338219,2.44499994534999,2008,1,2008
51.8667,10.3333,2008-01-27,4.28999990411103,8.21999981626868,6.25499986018986,2008,1,2008
51.8667,10.3333,2008-01-28,4.23999990522861,6.07999986410141,5.15999988466501,2008,1,2008
51.8667,10.3333,2008-01-29,3.75999991595745,5.91999986767769,4.83999989181757,2008,1,2008
51.8667,10.3333,2008-01-30,0.799999982118607,4.71999989449978,2.75999993830919,2008,1,2008
51.8667,10.3333,2008-01-31,-0.289999993517995,2.6999999396503,1.20499997306615,2008,1,2008
51.8667,10.3333,2008-02-01,-1.09999997541308,0.909999979659915,-0.0949999978765845,2008,2,2008
51.8667,10.3333,2008-02-02,0.669999985024333,3.37999992445111,2.02499995473772,2008,2,2008
51.8667,10.3333,2008-02-03,-1.67999996244907,1.63999996334314,-0.0199999995529652,2008,2,2008
51.8667,10.3333,2008-02-04,-3.10999993048608,2.76999993808568,-0.169999996200204,2008,2,2008
51.8667,10.3333,2008-02-05,-1.58999996446073,6.81999984756112,2.6149999415502,2008,2,2008
51.8667,10.3333,2008-02-06,1.16999997384846,5.98999986611307,3.57999991998076,2008,2,2008
51.8667,10.3333,2008-02-07,1.85999995842576,7.08999984152615,4.47499989997596,2008,2,2008
51.8667,10.3333,2008-02-08,0.509999988600612,4.25999990478158,2.3849999466911,2008,2,2008
51.8667,10.3333,2008-02-09,1.43999996781349,9.28999979235232,5.36499988008291,2008,2,2008
51.8667,10.3333,2008-02-10,0.819999981671572,10.9699997548014,5.89499986823648,2008,2,2008
51.8667,10.3333,2008-02-11,1.17999997362494,11.5599997416139,6.3699998576194,2008,2,2008
51.8667,10.3333,2008-02-12,0.219999995082617,10.8499997574836,5.53499987628311,2008,2,2008
51.8667,10.3333,2008-02-13,-1.10999997518957,4.35999990254641,1.62499996367842,2008,2,2008
51.8667,10.3333,2008-02-14,-1.36999996937811,5.67999987304211,2.154999951832,2008,2,2008
51.8667,10.3333,2008-02-15,-1.67999996244907,0.839999981224537,-0.419999990612268,2008,2,2008
51.8667,10.3333,2008-02-16,-6.37999985739589,-0.229999994859099,-3.30499992612749,2008,2,2008
51.8667,10.3333,2008-02-17,-8.23999981582165,-0.439999990165234,-4.33999990299344,2008,2,2008
51.8667,10.3333,2008-02-18,-5.71999987214804,4.28999990411103,-0.714999984018505,2008,2,2008
51.8667,10.3333,2008-02-19,-2.74999993853271,1.91999995708466,-0.414999990724027,2008,2,2008
51.8667,10.3333,2008-02-20,-2.48999994434416,4.85999989137053,1.18499997351319,2008,2,2008
51.8667,10.3333,2008-02-21,-2.80999993719161,5.41999987885356,1.30499997083098,2008,2,2008
51.8667,10.3333,2008-02-22,0.989999977871776,5.94999986700714,3.46999992243946,2008,2,2008
51.8667,10.3333,2008-02-23,5.85999986901879,7.79999982565641,6.8299998473376,2008,2,2008
51.8667,10.3333,2008-02-24,3.29999992623925,8.05999981984496,5.67999987304211,2008,2,2008
51.8667,10.3333,2008-02-25,4.12999990768731,8.59999980777502,6.36499985773116,2008,2,2008
51.8667,10.3333,2008-02-26,0.779999982565641,7.33999983593822,4.05999990925193,2008,2,2008
51.8667,10.3333,2008-02-27,4.58999989740551,10.1699997726828,7.37999983504415,2008,2,2008
51.8667,10.3333,2008-02-28,2.47999994456768,6.03999986499548,4.25999990478158,2008,2,2008
51.8667,10.3333,2008-02-29,1.36999996937811,6.31999985873699,3.84499991405755,2008,2,2008
51.8667,10.3333,2008-03-01,2.4099999461323,6.49999985471368,4.45499990042299,2008,3,2008
51.8667,10.3333,2008-03-02,1.28999997116625,6.93999984487891,4.11499990802258,2008,3,2008
51.8667,10.3333,2008-03-03,3.1599999293685,7.13999984040856,5.14999988488853,2008,3,2008
51.8667,10.3333,2008-03-04,-0.859999980777502,5.06999988667667,2.10499995294958,2008,3,2008
51.8667,10.3333,2008-03-05,-2.87999993562698,3.5599999204278,0.339999992400408,2008,3,2008
51.8667,10.3333,2008-03-06,-3.75999991595745,1.56999996490777,-1.09499997552484,2008,3,2008
51.8667,10.3333,2008-03-07,-1.85999995842576,3.18999992869794,0.664999985136092,2008,3,2008
51.8667,10.3333,2008-03-08,3.0999999307096,6.44999985583127,4.77499989327043,2008,3,2008
51.8667,10.3333,2008-03-09,2.27999994903803,7.54999983124435,4.91499989014119,2008,3,2008
51.8667,10.3333,2008-03-10,2.15999995172024,7.59999983012676,4.8799998909235,2008,3,2008
51.8667,10.3333,2008-03-11,4.02999990992248,9.9899997767061,7.00999984331429,2008,3,2008
51.8667,10.3333,2008-03-12,3.65999991819263,7.07999984174967,5.36999987997115,2008,3,2008
51.8667,10.3333,2008-03-13,0.96999997831881,7.14999984018505,4.05999990925193,2008,3,2008
51.8667,10.3333,2008-03-14,1.26999997161329,6.17999986186624,3.72499991673976,2008,3,2008
51.8667,10.3333,2008-03-15,0.199999995529652,6.99999984353781,3.59999991953373,2008,3,2008
51.8667,10.3333,2008-03-16,-1.32999997027218,9.6999997831881,4.18499990645796,2008,3,2008
51.8667,10.3333,2008-03-17,1.20999997295439,7.75999982655048,4.48499989975244,2008,3,2008
51.8667,10.3333,2008-03-18,-2.27999994903803,3.28999992646277,0.50499998871237,2008,3,2008
51.8667,10.3333,2008-03-19,-2.47999994456768,1.82999995909631,-0.324999992735684,2008,3,2008
51.8667,10.3333,2008-03-20,-1.91999995708466,3.23999992758036,0.65999998524785,2008,3,2008
51.8667,10.3333,2008-03-21,-2.13999995216727,2.31999994814396,0.0899999979883432,2008,3,2008
51.8667,10.3333,2008-03-22,-0.739999983459711,2.55999994277954,0.909999979659915,2008,3,2008
51.8667,10.3333,2008-03-23,-3.80999991483986,0.689999984577298,-1.55999996513128,2008,3,2008
51.8667,10.3333,2008-03-24,-7.89999982342124,-2.08999995328486,-4.99499988835305,2008,3,2008
51.8667,10.3333,2008-03-25,-8.18999981693923,0.169999996200204,-4.00999991036952,2008,3,2008
51.8667,10.3333,2008-03-26,-3.66999991796911,0.229999994859099,-1.719999961555,2008,3,2008
51.8667,10.3333,2008-03-27,-3.47999992221594,2.67999994009733,-0.399999991059303,2008,3,2008
51.8667,10.3333,2008-03-28,-5.05999988690019,4.30999990366399,-0.374999991618097,2008,3,2008
51.8667,10.3333,2008-03-29,-0.899999979883432,7.04999984242022,3.07499993126839,2008,3,2008
51.8667,10.3333,2008-03-30,2.05999995395541,7.55999983102083,4.80999989248812,2008,3,2008
51.8667,10.3333,2008-03-31,3.22999992780387,15.4299996551126,9.32999979145825,2008,3,2008
51.8667,10.3333,2008-04-01,3.35999992489815,11.2799997478724,7.31999983638525,2008,4,2008
51.8667,10.3333,2008-04-02,1.96999995596707,13.4799996986985,7.72499982733279,2008,4,2008
51.8667,10.3333,2008-04-03,3.25999992713332,6.73999984934926,4.99999988824129,2008,4,2008
51.8667,10.3333,2008-04-04,2.2399999499321,5.739999871701,3.98999991081655,2008,4,2008
51.8667,10.3333,2008-04-05,2.13999995216727,6.6599998511374,4.39999990165234,2008,4,2008
51.8667,10.3333,2008-04-06,1.00999997742474,5.45999987795949,3.23499992769212,2008,4,2008
51.8667,10.3333,2008-04-07,-0.0799999982118607,5.60999987460673,2.76499993819743,2008,4,2008
51.8667,10.3333,2008-04-08,-0.489999989047647,2.58999994210899,1.04999997653067,2008,4,2008
51.8667,10.3333,2008-04-09,-1.30999997071922,6.58999985270202,2.6399999409914,2008,4,2008
51.8667,10.3333,2008-04-10,0.339999992400408,4.56999989785254,2.45499994512647,2008,4,2008
51.8667,10.3333,2008-04-11,0.949999978765845,3.20999992825091,2.07999995350838,2008,4,2008
51.8667,10.3333,2008-04-12,1.85999995842576,6.40999985672534,4.13499990757555,2008,4,2008
51.8667,10.3333,2008-04-13,2.10999995283782,11.3199997469783,6.71499984990805,2008,4,2008
51.8667,10.3333,2008-04-14,2.36999994702637,10.4799997657537,6.42499985639006,2008,4,2008
51.8667,10.3333,2008-04-15,3.37999992445111,7.59999983012676,5.48999987728894,2008,4,2008
51.8667,10.3333,2008-04-16,2.10999995283782,6.7199998497963,4.41499990131706,2008,4,2008
51.8667,10.3333,2008-04-17,-0.879999980330467,6.54999985359609,2.83499993663281,2008,4,2008
51.8667,10.3333,2008-04-18,-1.97999995574355,7.72999982722104,2.87499993573874,2008,4,2008
51.8667,10.3333,2008-04-19,2.31999994814396,5.75999987125397,4.03999990969896,2008,4,2008
51.8667,10.3333,2008-04-20,1.93999995663762,5.62999987415969,3.78499991539866,2008,4,2008
51.8667,10.3333,2008-04-21,2.59999994188547,9.43999978899956,6.01999986544251,2008,4,2008
51.8667,10.3333,2008-04-22,3.0399999320507,12.8099997136742,7.92499982286245,2008,4,2008
51.8667,10.3333,2008-04-23,4.21999990567565,12.4299997221678,8.32499981392175,2008,4,2008
51.8667,10.3333,2008-04-24,1.8399999588728,14.8199996687472,8.32999981380999,2008,4,2008
51.8667,10.3333,2008-04-25,6.52999985404313,15.6299996506423,11.0799997523427,2008,4,2008
51.8667,10.3333,2008-04-26,4.16999990679324,12.2099997270852,8.18999981693923,2008,4,2008
51.8667,10.3333,2008-04-27,3.00999993272126,14.8799996674061,8.94499980006367,2008,4,2008
51.8667,10.3333,2008-04-28,6.10999986343086,17.6999996043742,11.9049997339025,2008,4,2008
51.8667,10.3333,2008-04-29,6.74999984912574,19.4399995654821,13.0949997073039,2008,4,2008
51.8667,10.3333,2008-04-30,5.31999988108873,12.6599997170269,8.98999979905784,2008,4,2008
51.8667,10.3333,2008-05-01,3.92999991215765,16.389999633655,10.1599997729063,2008,5,NA
51.8667,10.3333,2008-05-02,4.51999989897013,14.0799996852875,9.2999997921288,2008,5,NA
51.8667,10.3333,2008-05-03,3.3299999255687,13.3099997024983,8.31999981403351,2008,5,NA
51.8667,10.3333,2008-05-04,2.4099999461323,14.7799996696413,8.59499980788678,2008,5,NA
51.8667,10.3333,2008-05-05,3.41999992355704,15.3799996562302,9.39999978989363,2008,5,NA
51.8667,10.3333,2008-05-06,4.12999990768731,17.0899996180087,10.609999762848,2008,5,NA
51.8667,10.3333,2008-05-07,7.33999983593822,17.779999602586,12.5599997192621,2008,5,NA
51.8667,10.3333,2008-05-08,6.32999985851347,19.4299995657057,12.8799997121096,2008,5,NA
51.8667,10.3333,2008-05-09,7.18999983929098,20.2999995462596,13.7449996927753,2008,5,NA
51.8667,10.3333,2008-05-10,7.39999983459711,20.9199995324016,14.1599996834993,2008,5,NA
51.8667,10.3333,2008-05-11,7.45999983325601,20.6199995391071,14.0399996861815,2008,5,NA
51.8667,10.3333,2008-05-12,7.95999982208014,20.2899995464832,14.1249996842816,2008,5,NA
51.8667,10.3333,2008-05-13,8.29999981448054,21.5899995174259,14.9449996659532,2008,5,NA
51.8667,10.3333,2008-05-14,8.45999981090426,19.8499995563179,14.1549996836111,2008,5,NA
51.8667,10.3333,2008-05-15,6.5999998524785,19.5299995634705,13.0649997079745,2008,5,NA
51.8667,10.3333,2008-05-16,7.81999982520938,18.0399995967746,12.929999710992,2008,5,NA
51.8667,10.3333,2008-05-17,9.11999979615211,15.9899996425956,12.5549997193739,2008,5,NA
51.8667,10.3333,2008-05-18,7.0599998421967,16.7399996258318,11.8999997340143,2008,5,NA
51.8667,10.3333,2008-05-19,4.7099998947233,11.2599997483194,7.98499982152134,2008,5,NA
51.8667,10.3333,2008-05-20,4.06999990902841,12.4399997219443,8.25499981548637,2008,5,NA
51.8667,10.3333,2008-05-21,3.08999993093312,12.9699997100979,8.02999982051551,2008,5,NA
51.8667,10.3333,2008-05-22,4.20999990589917,14.5499996747822,9.37999979034066,2008,5,NA
51.8667,10.3333,2008-05-23,4.11999990791082,16.6699996273965,10.3949997676536,2008,5,NA
51.8667,10.3333,2008-05-24,7.42999983392656,16.1299996394664,11.7799997366965,2008,5,NA
51.8667,10.3333,2008-05-25,5.739999871701,17.7299996037036,11.7349997377023,2008,5,NA
51.8667,10.3333,2008-05-26,7.749999826774,17.9699995983392,12.8599997125566,2008,5,NA
51.8667,10.3333,2008-05-27,10.7599997594953,18.919999577105,14.8399996683002,2008,5,NA
51.8667,10.3333,2008-05-28,10.6199997626245,18.64999958314,14.6349996728823,2008,5,NA
51.8667,10.3333,2008-05-29,11.789999736473,22.7299994919449,17.2599996142089,2008,5,NA
51.8667,10.3333,2008-05-30,12.2399997264147,25.0899994391948,18.6649995828047,2008,5,NA
51.8667,10.3333,2008-05-31,13.179999705404,27.1499993931502,20.1649995492771,2008,5,NA
51.8667,10.3333,2008-06-01,15.1599996611476,24.7399994470179,19.9499995540828,2008,6,NA
51.8667,10.3333,2008-06-02,14.7699996698648,24.5299994517118,19.6499995607883,2008,6,NA
51.8667,10.3333,2008-06-03,14.1499996837229,25.7099994253367,19.9299995545298,2008,6,NA
51.8667,10.3333,2008-06-04,13.8099996913224,23.6099994722754,18.7099995817989,2008,6,NA
51.8667,10.3333,2008-06-05,13.3699997011572,20.9399995319545,17.1549996165559,2008,6,NA
51.8667,10.3333,2008-06-06,11.2299997489899,20.929999532178,16.079999640584,2008,6,NA
51.8667,10.3333,2008-06-07,9.99999977648258,20.4199995435774,15.20999966003,2008,6,NA
51.8667,10.3333,2008-06-08,11.1199997514486,22.2799995020032,16.6999996267259,2008,6,NA
51.8667,10.3333,2008-06-09,11.6799997389317,23.9299994651228,17.8049996020272,2008,6,NA
51.8667,10.3333,2008-06-10,10.879999756813,24.5099994521588,17.6949996044859,2008,6,NA
51.8667,10.3333,2008-06-11,10.4499997664243,24.3499994557351,17.3999996110797,2008,6,NA
51.8667,10.3333,2008-06-12,9.1299997959286,15.2999996580184,12.2149997269735,2008,6,NA
51.8667,10.3333,2008-06-13,6.83999984711409,14.0599996857345,10.4499997664243,2008,6,NA
51.8667,10.3333,2008-06-14,6.94999984465539,13.5699996966869,10.2599997706711,2008,6,NA
51.8667,10.3333,2008-06-15,6.46999985538423,13.5899996962398,10.029999775812,2008,6,NA
51.8667,10.3333,2008-06-16,6.04999986477196,14.6199996732175,10.3349997689947,2008,6,NA
51.8667,10.3333,2008-06-17,5.75999987125397,15.5999996513128,10.6799997612834,2008,6,NA
51.8667,10.3333,2008-06-18,4.90999989025295,17.8599996007979,11.3849997455254,2008,6,NA
51.8667,10.3333,2008-06-19,8.93999980017543,21.0999995283782,15.0199996642768,2008,6,NA
51.8667,10.3333,2008-06-20,11.1799997501075,21.4099995214492,16.2949996357784,2008,6,NA
51.8667,10.3333,2008-06-21,10.3099997695535,18.2199995927513,14.2649996811524,2008,6,NA
51.8667,10.3333,2008-06-22,10.2699997704476,19.1999995708466,14.7349996706471,2008,6,NA
51.8667,10.3333,2008-06-23,12.9199997112155,26.9199993982911,19.9199995547533,2008,6,NA
51.8667,10.3333,2008-06-24,9.10999979637563,19.7099995594472,14.4099996779114,2008,6,NA
51.8667,10.3333,2008-06-25,7.56999983079731,18.9899995755404,13.2799997031689,2008,6,NA
51.8667,10.3333,2008-06-26,11.6499997396022,21.6199995167553,16.6349996281788,2008,6,NA
51.8667,10.3333,2008-06-27,10.7699997592717,20.8299995344132,15.7999996468425,2008,6,NA
51.8667,10.3333,2008-06-28,10.3899997677654,18.0199995972216,14.2049996824935,2008,6,NA
51.8667,10.3333,2008-06-29,11.6199997402728,18.8299995791167,15.2249996596947,2008,6,NA
51.8667,10.3333,2008-06-30,12.1999997273088,22.3599995002151,17.2799996137619,2008,6,NA
51.8667,10.3333,2008-07-01,10.8299997579306,20.659999538213,15.7449996480718,2008,7,NA
51.8667,10.3333,2008-07-02,9.66999978385866,25.259999435395,17.4649996096268,2008,7,NA
51.8667,10.3333,2008-07-03,13.5199996978045,29.3999993428588,21.4599995203316,2008,7,NA
51.8667,10.3333,2008-07-04,14.5199996754527,27.2999993897974,20.9099995326251,2008,7,NA
51.8667,10.3333,2008-07-05,10.5799997635186,18.9799995757639,14.7799996696413,2008,7,NA
51.8667,10.3333,2008-07-06,10.8599997572601,20.9599995315075,15.9099996443838,2008,7,NA
51.8667,10.3333,2008-07-07,13.199999704957,22.2299995031208,17.7149996040389,2008,7,NA
51.8667,10.3333,2008-07-08,11.5799997411668,19.6099995616823,15.5949996514246,2008,7,NA
51.8667,10.3333,2008-07-09,9.93999977782369,17.819999601692,13.8799996897578,2008,7,NA
51.8667,10.3333,2008-07-10,9.36999979056418,16.1199996396899,12.7449997151271,2008,7,NA
51.8667,10.3333,2008-07-11,11.9599997326732,21.3799995221198,16.6699996273965,2008,7,NA
51.8667,10.3333,2008-07-12,13.4099997002631,21.7399995140731,17.5749996071681,2008,7,NA
51.8667,10.3333,2008-07-13,10.4599997662008,18.089999595657,14.2749996809289,2008,7,NA
51.8667,10.3333,2008-07-14,9.16999979503453,16.9899996202439,13.0799997076392,2008,7,NA
51.8667,10.3333,2008-07-15,8.30999981425703,18.2299995925277,13.2699997033924,2008,7,NA
51.8667,10.3333,2008-07-16,11.0699997525662,22.3399995006621,16.7049996266142,2008,7,NA
51.8667,10.3333,2008-07-17,9.95999977737665,17.1799996159971,13.5699996966869,2008,7,NA
51.8667,10.3333,2008-07-18,7.66999982856214,17.0799996182323,12.3749997233972,2008,7,NA
51.8667,10.3333,2008-07-19,11.0499997530133,14.9899996649474,13.0199997089803,2008,7,NA
51.8667,10.3333,2008-07-20,10.9899997543544,19.4799995645881,15.2349996594712,2008,7,NA
51.8667,10.3333,2008-07-21,8.81999980285764,15.6499996501952,12.2349997265264,2008,7,NA
51.8667,10.3333,2008-07-22,8.12999981828034,11.9399997331202,10.0349997757003,2008,7,NA
51.8667,10.3333,2008-07-23,10.6399997621775,17.2499996144325,13.944999688305,2008,7,NA
51.8667,10.3333,2008-07-24,8.34999981336296,20.1399995498359,14.2449996815994,2008,7,NA
51.8667,10.3333,2008-07-25,9.50999978743494,22.4299994986504,15.9699996430427,2008,7,NA
51.8667,10.3333,2008-07-26,15.2199996598065,25.3399994336069,20.2799995467067,2008,7,NA
51.8667,10.3333,2008-07-27,16.949999621138,28.2999993674457,22.6249994942918,2008,7,NA
51.8667,10.3333,2008-07-28,16.949999621138,28.7099993582815,22.8299994897097,2008,7,NA
51.8667,10.3333,2008-07-29,15.479999653995,28.989999352023,22.234999503009,2008,7,NA
51.8667,10.3333,2008-07-30,14.7499996703118,29.549999339506,22.1499995049089,2008,7,NA
51.8667,10.3333,2008-07-31,14.7199996709824,25.9999994188547,20.3599995449185,2008,7,NA
51.8667,10.3333,2008-08-01,15.4199996553361,28.9399993531406,22.1799995042384,2008,8,NA
51.8667,10.3333,2008-08-02,15.1399996615946,27.1399993933737,21.1399995274842,2008,8,NA
51.8667,10.3333,2008-08-03,14.8199996687472,22.109999505803,18.4649995872751,2008,8,NA
51.8667,10.3333,2008-08-04,15.4099996555597,22.2299995031208,18.8199995793402,2008,8,NA
51.8667,10.3333,2008-08-05,12.7299997154623,19.3899995665997,16.059999641031,2008,8,NA
51.8667,10.3333,2008-08-06,11.6499997396022,19.6699995603412,15.6599996499717,2008,8,NA
51.8667,10.3333,2008-08-07,11.5199997425079,25.4299994315952,18.4749995870516,2008,8,NA
51.8667,10.3333,2008-08-08,15.2899996582419,29.3099993448704,22.2999995015562,2008,8,NA
51.8667,10.3333,2008-08-09,11.2299997489899,19.3899995665997,15.3099996577948,2008,8,NA
51.8667,10.3333,2008-08-10,9.36999979056418,16.8799996227026,13.1249997066334,2008,8,NA
51.8667,10.3333,2008-08-11,12.1899997275323,18.0099995974451,15.0999996624887,2008,8,NA
51.8667,10.3333,2008-08-12,13.4099997002631,21.2499995250255,17.3299996126443,2008,8,NA
51.8667,10.3333,2008-08-13,13.6199996955693,18.8999995775521,16.2599996365607,2008,8,NA
51.8667,10.3333,2008-08-14,12.5199997201562,19.1599995717406,15.8399996459484,2008,8,NA
51.8667,10.3333,2008-08-15,9.74999978207052,19.4899995643646,14.6199996732175,2008,8,NA
51.8667,10.3333,2008-08-16,8.72999980486929,16.929999621585,12.8299997132272,2008,8,NA
51.8667,10.3333,2008-08-17,7.93999982252717,19.2699995692819,13.6049996959046,2008,8,NA
51.8667,10.3333,2008-08-18,7.21999983862042,21.1499995272607,14.1849996829405,2008,8,NA
51.8667,10.3333,2008-08-19,12.8299997132272,21.2299995254725,17.0299996193498,2008,8,NA
51.8667,10.3333,2008-08-20,14.049999685958,20.6299995388836,17.3399996124208,2008,8,NA
51.8667,10.3333,2008-08-21,12.7599997147918,18.379999589175,15.5699996519834,2008,8,NA
51.8667,10.3333,2008-08-22,12.1299997288734,20.8999995328486,16.514999630861,2008,8,NA
51.8667,10.3333,2008-08-23,12.1599997282028,19.3699995670468,15.7649996476248,2008,8,NA
51.8667,10.3333,2008-08-24,9.47999978810549,14.2099996823817,11.8449997352436,2008,8,NA
51.8667,10.3333,2008-08-25,9.30999979190528,16.4299996327609,12.8699997123331,2008,8,NA
51.8667,10.3333,2008-08-26,10.3299997691065,17.819999601692,14.0749996853992,2008,8,NA
51.8667,10.3333,2008-08-27,10.8299997579306,16.1399996392429,13.4849996985868,2008,8,NA
51.8667,10.3333,2008-08-28,13.2899997029454,20.2799995467067,16.784999624826,2008,8,NA
51.8667,10.3333,2008-08-29,13.6899996940047,16.7599996253848,15.2249996596947,2008,8,NA
51.8667,10.3333,2008-08-30,12.5799997188151,18.3699995893985,15.4749996541068,2008,8,NA
51.8667,10.3333,2008-08-31,9.88999977894127,20.6099995393306,15.2499996591359,2008,8,NA
51.8667,10.3333,2008-09-01,9.73999978229403,23.5699994731694,16.6549996277317,2008,9,NA
51.8667,10.3333,2008-09-02,11.1499997507781,19.9599995538592,15.5549996523187,2008,9,NA
51.8667,10.3333,2008-09-03,10.069999774918,20.5999995395541,15.334999657236,2008,9,NA
51.8667,10.3333,2008-09-04,8.41999981179833,17.2599996142089,12.8399997130036,2008,9,NA
51.8667,10.3333,2008-09-05,8.039999820292,15.769999647513,11.9049997339025,2008,9,NA
51.8667,10.3333,2008-09-06,9.47999978810549,19.0599995739758,14.2699996810406,2008,9,NA
51.8667,10.3333,2008-09-07,13.469999698922,18.4999995864928,15.9849996427074,2008,9,NA
51.8667,10.3333,2008-09-08,12.3399997241795,18.069999596104,15.2049996601418,2008,9,NA
51.8667,10.3333,2008-09-09,8.57999980822206,16.2899996358901,12.4349997220561,2008,9,NA
51.8667,10.3333,2008-09-10,7.89999982342124,21.4899995196611,14.6949996715412,2008,9,NA
51.8667,10.3333,2008-09-11,12.5499997194856,20.949999531731,16.7499996256083,2008,9,NA
51.8667,10.3333,2008-09-12,12.5899997185916,22.9899994861335,17.7899996023625,2008,9,NA
51.8667,10.3333,2008-09-13,10.2799997702241,18.5799995847046,14.4299996774644,2008,9,NA
51.8667,10.3333,2008-09-14,4.86999989114702,13.2899997029454,9.07999979704618,2008,9,NA
51.8667,10.3333,2008-09-15,3.75999991595745,11.9299997333437,7.84499982465059,2008,9,NA
51.8667,10.3333,2008-09-16,5.65999987348914,10.9399997554719,8.29999981448054,2008,9,NA
51.8667,10.3333,2008-09-17,5.5099998768419,10.8599997572601,8.18499981705099,2008,9,NA
51.8667,10.3333,2008-09-18,2.32999994792044,11.2699997480959,6.79999984800816,2008,9,NA
51.8667,10.3333,2008-09-19,1.16999997384846,13.1299997065216,7.14999984018505,2008,9,NA
51.8667,10.3333,2008-09-20,1.81999995931983,12.9499997105449,7.38499983493239,2008,9,NA
51.8667,10.3333,2008-09-21,5.05999988690019,12.7299997154623,8.89499980118126,2008,9,NA
51.8667,10.3333,2008-09-22,6.10999986343086,13.8399996906519,9.97499977704138,2008,9,NA
51.8667,10.3333,2008-09-23,7.43999983370304,11.9699997324497,9.70499978307635,2008,9,NA
51.8667,10.3333,2008-09-24,8.6099998075515,10.5299997646362,9.56999978609383,2008,9,NA
51.8667,10.3333,2008-09-25,7.30999983660877,12.5599997192621,9.93499977793545,2008,9,NA
51.8667,10.3333,2008-09-26,4.88999989069998,11.9399997331202,8.41499981191009,2008,9,NA
51.8667,10.3333,2008-09-27,3.43999992311001,11.6399997398257,7.53999983146787,2008,9,NA
51.8667,10.3333,2008-09-28,3.36999992467463,15.0699996631593,9.21999979391694,2008,9,NA
51.8667,10.3333,2008-09-29,5.02999988757074,15.3199996575713,10.174999772571,2008,9,NA
51.8667,10.3333,2008-09-30,7.43999983370304,11.7399997375906,9.5899997856468,2008,9,NA
51.8667,10.3333,2008-10-01,6.46999985538423,9.21999979391694,7.84499982465059,2008,10,2009
51.8667,10.3333,2008-10-02,6.90999984554946,11.6199997402728,9.26499979291111,2008,10,2009
51.8667,10.3333,2008-10-03,5.35999988019466,10.7999997586012,8.07999981939793,2008,10,2009
51.8667,10.3333,2008-10-04,2.64999994076788,10.2699997704476,6.45999985560775,2008,10,2009
51.8667,10.3333,2008-10-05,2.67999994009733,8.44999981112778,5.56499987561256,2008,10,2009
51.8667,10.3333,2008-10-06,4.2499999050051,9.11999979615211,6.68499985057861,2008,10,2009
51.8667,10.3333,2008-10-07,8.039999820292,11.9799997322261,10.0099997762591,2008,10,2009
51.8667,10.3333,2008-10-08,9.03999979794025,13.6699996944517,11.354999746196,2008,10,2009
51.8667,10.3333,2008-10-09,10.2399997711182,17.9699995983392,14.1049996847287,2008,10,2009
51.8667,10.3333,2008-10-10,5.19999988377094,12.8299997132272,9.01499979849905,2008,10,2009
51.8667,10.3333,2008-10-11,4.36999990232289,14.0599996857345,9.2149997940287,2008,10,2009
51.8667,10.3333,2008-10-12,8.23999981582165,16.909999622032,12.5749997189268,2008,10,2009
51.8667,10.3333,2008-10-13,8.2699998151511,14.899999666959,11.5849997410551,2008,10,2009
51.8667,10.3333,2008-10-14,8.19999981671572,18.069999596104,13.1349997064099,2008,10,2009
51.8667,10.3333,2008-10-15,7.60999982990324,14.2299996819347,10.919999755919,2008,10,2009
51.8667,10.3333,2008-10-16,8.01999982073903,12.7399997152388,10.3799997679889,2008,10,2009
51.8667,10.3333,2008-10-17,4.84999989159405,11.5699997413903,8.2099998164922,2008,10,2009
51.8667,10.3333,2008-10-18,3.98999991081655,8.40999981202185,6.1999998614192,2008,10,2009
51.8667,10.3333,2008-10-19,3.90999991260469,9.83999978005886,6.87499984633178,2008,10,2009
51.8667,10.3333,2008-10-20,5.37999987974763,9.37999979034066,7.37999983504415,2008,10,2009
51.8667,10.3333,2008-10-21,5.09999988600612,13.7899996917695,9.4449997888878,2008,10,2009
51.8667,10.3333,2008-10-22,6.54999985359609,15.0299996640533,10.7899997588247,2008,10,2009
51.8667,10.3333,2008-10-23,3.69999991729856,8.39999981224537,6.04999986477196,2008,10,2009
51.8667,10.3333,2008-10-24,2.19999995082617,8.6099998075515,5.40499987918884,2008,10,2009
51.8667,10.3333,2008-10-25,2.80999993719161,10.5699997637421,6.68999985046685,2008,10,2009
51.8667,10.3333,2008-10-26,6.10999986343086,11.1599997505546,8.63499980699271,2008,10,2009
51.8667,10.3333,2008-10-27,7.25999983772635,11.8099997360259,9.53499978687614,2008,10,2009
51.8667,10.3333,2008-10-28,3.20999992825091,8.58999980799854,5.89999986812472,2008,10,2009
51.8667,10.3333,2008-10-29,1.22999997250736,5.63999987393618,3.43499992322177,2008,10,2009
51.8667,10.3333,2008-10-30,0.729999983683228,5.67999987304211,3.20499992836267,2008,10,2009
51.8667,10.3333,2008-10-31,-0.0599999986588955,1.7799999602139,0.859999980777502,2008,10,2009
51.8667,10.3333,2008-11-01,-0.499999988824129,4.60999989695847,2.05499995406717,2008,11,2009
51.8667,10.3333,2008-11-02,2.29999994859099,8.29999981448054,5.29999988153577,2008,11,2009
51.8667,10.3333,2008-11-03,3.5599999204278,11.0199997536838,7.2899998370558,2008,11,2009
51.8667,10.3333,2008-11-04,5.60999987460673,8.70999980531633,7.15999983996153,2008,11,2009
51.8667,10.3333,2008-11-05,3.81999991461635,10.31999976933,7.06999984197319,2008,11,2009
51.8667,10.3333,2008-11-06,6.50999985449016,8.86999980174005,7.68999982811511,2008,11,2009
51.8667,10.3333,2008-11-07,7.35999983549118,10.6399997621775,8.99999979883432,2008,11,2009
51.8667,10.3333,2008-11-08,4.56999989785254,9.40999978967011,6.98999984376132,2008,11,2009
51.8667,10.3333,2008-11-09,3.80999991483986,9.01999979838729,6.41499985661358,2008,11,2009
51.8667,10.3333,2008-11-10,4.30999990366399,8.82999980263412,6.56999985314906,2008,11,2009
51.8667,10.3333,2008-11-11,7.5199998319149,12.3899997230619,9.95499977748841,2008,11,2009
51.8667,10.3333,2008-11-12,5.54999987594783,12.5899997185916,9.0699997972697,2008,11,2009
51.8667,10.3333,2008-11-13,3.83999991416931,7.73999982699752,5.78999987058342,2008,11,2009
51.8667,10.3333,2008-11-14,2.33999994769692,6.61999985203147,4.4799998998642,2008,11,2009
51.8667,10.3333,2008-11-15,2.08999995328486,6.79999984800816,4.44499990064651,2008,11,2009
51.8667,10.3333,2008-11-16,6.46999985538423,8.2699998151511,7.36999983526766,2008,11,2009
51.8667,10.3333,2008-11-17,2.65999994054437,8.18999981693923,5.4249998787418,2008,11,2009
51.8667,10.3333,2008-11-18,-0.729999983683228,6.00999986566603,2.6399999409914,2008,11,2009
51.8667,10.3333,2008-11-19,-0.0799999982118607,4.8799998909235,2.39999994635582,2008,11,2009
51.8667,10.3333,2008-11-20,2.77999993786216,6.40999985672534,4.59499989729375,2008,11,2009
51.8667,10.3333,2008-11-21,2.27999994903803,7.38999983482063,4.83499989192933,2008,11,2009
51.8667,10.3333,2008-11-22,-2.71999993920326,2.95999993383884,0.119999997317791,2008,11,2009
51.8667,10.3333,2008-11-23,-3.75999991595745,-1.41999996826053,-2.58999994210899,2008,11,2009
51.8667,10.3333,2008-11-24,-3.00999993272126,-0.61999998614192,-1.81499995943159,2008,11,2009
51.8667,10.3333,2008-11-25,-6.81999984756112,-2.14999995194376,-4.48499989975244,2008,11,2009
51.8667,10.3333,2008-11-26,-4.71999989449978,-0.65999998524785,-2.68999993987381,2008,11,2009
51.8667,10.3333,2008-11-27,-3.96999991126359,2.43999994546175,-0.764999982900918,2008,11,2009
51.8667,10.3333,2008-11-28,1.4899999666959,3.37999992445111,2.43499994557351,2008,11,2009
51.8667,10.3333,2008-11-29,-2.05999995395541,2.97999993339181,0.459999989718199,2008,11,2009
51.8667,10.3333,2008-11-30,-2.74999993853271,1.62999996356666,-0.559999987483025,2008,11,2009
51.8667,10.3333,2008-12-01,-3.46999992243946,3.42999992333353,-0.0199999995529652,2008,12,2009
51.8667,10.3333,2008-12-02,-2.66999994032085,3.47999992221594,0.404999990947545,2008,12,2009
51.8667,10.3333,2008-12-03,-0.88999998010695,1.87999995797873,0.494999988935888,2008,12,2009
51.8667,10.3333,2008-12-04,-2.10999995283782,-0.189999995753169,-1.1499999742955,2008,12,2009
51.8667,10.3333,2008-12-05,-2.50999994389713,2.41999994590878,-0.0449999989941716,2008,12,2009
51.8667,10.3333,2008-12-06,1.40999996848404,3.74999991618097,2.57999994233251,2008,12,2009
51.8667,10.3333,2008-12-07,1.01999997720122,2.74999993853271,1.88499995786697,2008,12,2009
51.8667,10.3333,2008-12-08,1.35999996960163,2.83999993652105,2.09999995306134,2008,12,2009
51.8667,10.3333,2008-12-09,-0.96999997831881,2.70999993942678,0.869999980553985,2008,12,2009
51.8667,10.3333,2008-12-10,-2.68999993987381,0.789999982342124,-0.949999978765845,2008,12,2009
51.8667,10.3333,2008-12-11,-1.57999996468425,0.469999989494681,-0.554999987594783,2008,12,2009
51.8667,10.3333,2008-12-12,-2.18999995104969,-0.30999999307096,-1.24999997206032,2008,12,2009
51.8667,10.3333,2008-12-13,-4.96999988891184,-0.809999981895089,-2.88999993540347,2008,12,2009
51.8667,10.3333,2008-12-14,-5.52999987639487,-0.00999999977648258,-2.76999993808568,2008,12,2009
51.8667,10.3333,2008-12-15,-2.47999994456768,3.77999991551042,0.649999985471368,2008,12,2009
51.8667,10.3333,2008-12-16,-0.789999982342124,3.16999992914498,1.18999997340143,2008,12,2009
51.8667,10.3333,2008-12-17,0.159999996423721,2.32999994792044,1.24499997217208,2008,12,2009
51.8667,10.3333,2008-12-18,-1.30999997071922,0.989999977871776,-0.159999996423721,2008,12,2009
51.8667,10.3333,2008-12-19,-0.839999981224537,2.41999994590878,0.789999982342124,2008,12,2009
51.8667,10.3333,2008-12-20,0.319999992847443,3.71999991685152,2.01999995484948,2008,12,2009
51.8667,10.3333,2008-12-21,0.599999986588955,5.5699998755008,3.08499993104488,2008,12,2009
51.8667,10.3333,2008-12-22,0.819999981671572,5.9699998665601,3.39499992411584,2008,12,2009
51.8667,10.3333,2008-12-23,3.2699999269098,6.62999985180795,4.94999988935888,2008,12,2009
51.8667,10.3333,2008-12-24,2.55999994277954,3.87999991327524,3.21999992802739,2008,12,2009
51.8667,10.3333,2008-12-25,2.21999995037913,4.21999990567565,3.21999992802739,2008,12,2009
51.8667,10.3333,2008-12-26,-4.13999990746379,2.59999994188547,-0.769999982789159,2008,12,2009
51.8667,10.3333,2008-12-27,-6.44999985583127,-2.66999994032085,-4.55999989807606,2008,12,2009
51.8667,10.3333,2008-12-28,-6.14999986253679,-2.71999993920326,-4.43499990087003,2008,12,2009
51.8667,10.3333,2008-12-29,-7.73999982699752,-1.95999995619059,-4.84999989159405,2008,12,2009
51.8667,10.3333,2008-12-30,-7.78999982587993,-2.26999994926155,-5.02999988757074,2008,12,2009
51.8667,10.3333,2008-12-31,-8.08999981917441,-0.0499999988824129,-4.06999990902841,2008,12,2009
51.8667,10.3333,2009-01-01,-8.08999981917441,1.05999997630715,-3.51499992143363,2009,1,2009
51.8667,10.3333,2009-01-02,-9.14999979548156,-1.52999996580184,-5.3399998806417,2009,1,2009
51.8667,10.3333,2009-01-03,-11.5899997409433,-2.38999994657934,-6.98999984376132,2009,1,2009
51.8667,10.3333,2009-01-04,-12.0699997302145,-2.6999999396503,-7.38499983493239,2009,1,2009
51.8667,10.3333,2009-01-05,-3.0399999320507,-1.17999997362494,-2.10999995283782,2009,1,2009
51.8667,10.3333,2009-01-06,-13.4499996993691,-1.70999996177852,-7.5799998305738,2009,1,2009
51.8667,10.3333,2009-01-07,-16.8999996222556,-7.73999982699752,-12.3199997246265,2009,1,2009
51.8667,10.3333,2009-01-08,-15.6199996508658,-4.84999989159405,-10.2349997712299,2009,1,2009
51.8667,10.3333,2009-01-09,-12.5899997185916,-4.21999990567565,-8.40499981213361,2009,1,2009
51.8667,10.3333,2009-01-10,-11.0899997521192,-0.529999988153577,-5.80999987013638,2009,1,2009
51.8667,10.3333,2009-01-11,-8.52999980933964,0.92999997921288,-3.79999991506338,2009,1,2009
51.8667,10.3333,2009-01-12,-6.96999984420836,0.959999978542328,-3.00499993283302,2009,1,2009
51.8667,10.3333,2009-01-13,-3.67999991774559,2.88999993540347,-0.394999991171062,2009,1,2009
51.8667,10.3333,2009-01-14,-1.13999997451901,3.92999991215765,1.39499996881932,2009,1,2009
51.8667,10.3333,2009-01-15,-3.00999993272126,1.24999997206032,-0.879999980330467,2009,1,2009
51.8667,10.3333,2009-01-16,-3.59999991953373,1.78999995999038,-0.904999979771674,2009,1,2009
51.8667,10.3333,2009-01-17,-4.88999989069998,0.809999981895089,-2.03999995440245,2009,1,2009
51.8667,10.3333,2009-01-18,-1.72999996133149,3.1599999293685,0.714999984018505,2009,1,2009
51.8667,10.3333,2009-01-19,0.65999998524785,4.2499999050051,2.45499994512647,2009,1,2009
51.8667,10.3333,2009-01-20,-0.629999985918403,5.44999987818301,2.4099999461323,2009,1,2009
51.8667,10.3333,2009-01-21,-2.009999955073,5.42999987863004,1.70999996177852,2009,1,2009
51.8667,10.3333,2009-01-22,-2.89999993517995,2.71999993920326,-0.0899999979883432,2009,1,2009
51.8667,10.3333,2009-01-23,-2.30999994836748,2.14999995194376,-0.0799999982118607,2009,1,2009
51.8667,10.3333,2009-01-24,-0.629999985918403,4.10999990813434,1.73999996110797,2009,1,2009
51.8667,10.3333,2009-01-25,0.319999992847443,1.99999995529652,1.15999997407198,2009,1,2009
51.8667,10.3333,2009-01-26,-3.76999991573393,2.50999994389713,-0.629999985918403,2009,1,2009
51.8667,10.3333,2009-01-27,-4.97999988868833,0.0599999986588955,-2.45999994501472,2009,1,2009
51.8667,10.3333,2009-01-28,-3.16999992914498,-1.09999997541308,-2.13499995227903,2009,1,2009
51.8667,10.3333,2009-01-29,-6.2599998600781,-1.27999997138977,-3.76999991573393,2009,1,2009
51.8667,10.3333,2009-01-30,-6.29999985918403,-0.469999989494681,-3.38499992433935,2009,1,2009
51.8667,10.3333,2009-01-31,-6.89999984577298,-0.509999988600612,-3.7049999171868,2009,1,2009
51.8667,10.3333,2009-02-01,-4.12999990768731,-1.81999995931983,-2.97499993350357,2009,2,2009
51.8667,10.3333,2009-02-02,-7.09999984130263,-3.20999992825091,-5.15499988477677,2009,2,2009
51.8667,10.3333,2009-02-03,-3.59999991953373,0.399999991059303,-1.59999996423721,2009,2,2009
51.8667,10.3333,2009-02-04,-3.61999991908669,2.58999994210899,-0.514999988488853,2009,2,2009
51.8667,10.3333,2009-02-05,-4.21999990567565,3.51999992132187,-0.34999999217689,2009,2,2009
51.8667,10.3333,2009-02-06,-0.409999990835786,5.9699998665601,2.77999993786216,2009,2,2009
51.8667,10.3333,2009-02-07,0.219999995082617,6.8899998459965,3.55499992053956,2009,2,2009
51.8667,10.3333,2009-02-08,-1.01999997720122,3.9599999114871,1.46999996714294,2009,2,2009
51.8667,10.3333,2009-02-09,-1.9499999564141,0.759999983012676,-0.594999986700714,2009,2,2009
51.8667,10.3333,2009-02-10,-2.94999993406236,0.249999994412065,-1.34999996982515,2009,2,2009
51.8667,10.3333,2009-02-11,-1.73999996110797,4.14999990724027,1.20499997306615,2009,2,2009
51.8667,10.3333,2009-02-12,-3.41999992355704,0.229999994859099,-1.59499996434897,2009,2,2009
51.8667,10.3333,2009-02-13,-5.09999988600612,-1.76999996043742,-3.43499992322177,2009,2,2009
51.8667,10.3333,2009-02-14,-4.8199998922646,-0.539999987930059,-2.67999994009733,2009,2,2009
51.8667,10.3333,2009-02-15,-8.99999979883432,-2.16999995149672,-5.58499987516552,2009,2,2009
51.8667,10.3333,2009-02-16,-8.31999981403351,-1.97999995574355,-5.14999988488853,2009,2,2009
51.8667,10.3333,2009-02-17,-1.91999995708466,1.51999996602535,-0.199999995529652,2009,2,2009
51.8667,10.3333,2009-02-18,-8.1499998178333,1.25999997183681,-3.44499992299825,2009,2,2009
51.8667,10.3333,2009-02-19,-10.9099997561425,-1.76999996043742,-6.33999985828996,2009,2,2009
51.8667,10.3333,2009-02-20,-6.93999984487891,-0.369999991729856,-3.65499991830438,2009,2,2009
51.8667,10.3333,2009-02-21,-1.45999996736646,1.5499999653548,0.0449999989941716,2009,2,2009
51.8667,10.3333,2009-02-22,-0.96999997831881,1.28999997116625,0.159999996423721,2009,2,2009
51.8667,10.3333,2009-02-23,-0.00999999977648258,3.61999991908669,1.80499995965511,2009,2,2009
51.8667,10.3333,2009-02-24,0.799999982118607,2.56999994255602,1.68499996233732,2009,2,2009
51.8667,10.3333,2009-02-25,-2.56999994255602,2.24999994970858,-0.159999996423721,2009,2,2009
51.8667,10.3333,2009-02-26,-1.59999996423721,3.89999991282821,1.1499999742955,2009,2,2009
51.8667,10.3333,2009-02-27,2.05999995395541,4.56999989785254,3.31499992590398,2009,2,2009
51.8667,10.3333,2009-02-28,1.82999995909631,4.54999989829957,3.18999992869794,2009,2,2009
51.8667,10.3333,2009-03-01,4.15999990701675,6.41999985650182,5.28999988175929,2009,3,2009
51.8667,10.3333,2009-03-02,3.47999992221594,8.29999981448054,5.88999986834824,2009,3,2009
51.8667,10.3333,2009-03-03,0.999999977648258,6.029999865219,3.51499992143363,2009,3,2009
51.8667,10.3333,2009-03-04,-0.289999993517995,5.48999987728894,2.59999994188547,2009,3,2009
51.8667,10.3333,2009-03-05,-0.799999982118607,7.63999982923269,3.41999992355704,2009,3,2009
51.8667,10.3333,2009-03-06,-1.01999997720122,5.09999988600612,2.03999995440245,2009,3,2009
51.8667,10.3333,2009-03-07,0.819999981671572,4.2499999050051,2.53499994333833,2009,3,2009
51.8667,10.3333,2009-03-08,-1.12999997474253,2.61999994143844,0.744999983347952,2009,3,2009
51.8667,10.3333,2009-03-09,0.559999987483025,4.96999988891184,2.76499993819743,2009,3,2009
51.8667,10.3333,2009-03-10,-0.179999995976686,3.22999992780387,1.52499996591359,2009,3,2009
51.8667,10.3333,2009-03-11,0.439999990165234,2.94999993406236,1.6949999621138,2009,3,2009
51.8667,10.3333,2009-03-12,-0.559999987483025,3.76999991573393,1.60499996412545,2009,3,2009
51.8667,10.3333,2009-03-13,0.259999994188547,5.34999988041818,2.80499993730336,2009,3,2009
51.8667,10.3333,2009-03-14,1.53999996557832,7.66999982856214,4.60499989707023,2009,3,2009
51.8667,10.3333,2009-03-15,1.5499999653548,8.3799998126924,4.9649998890236,2009,3,2009
51.8667,10.3333,2009-03-16,3.77999991551042,5.20999988354743,4.49499989952892,2009,3,2009
51.8667,10.3333,2009-03-17,2.95999993383884,4.98999988846481,3.97499991115183,2009,3,2009
51.8667,10.3333,2009-03-18,0.30999999307096,7.98999982140958,4.14999990724027,2009,3,2009
51.8667,10.3333,2009-03-19,-1.12999997474253,5.85999986901879,2.36499994713813,2009,3,2009
51.8667,10.3333,2009-03-20,-2.21999995037913,5.42999987863004,1.60499996412545,2009,3,2009
51.8667,10.3333,2009-03-21,-4.1899999063462,2.87999993562698,-0.654999985359609,2009,3,2009
51.8667,10.3333,2009-03-22,-4.43999990075827,7.0599998421967,1.30999997071922,2009,3,2009
51.8667,10.3333,2009-03-23,0.499999988824129,6.00999986566603,3.25499992724508,2009,3,2009
51.8667,10.3333,2009-03-24,0.0699999984353781,5.15999988466501,2.6149999415502,2009,3,2009
51.8667,10.3333,2009-03-25,-4.16999990679324,3.29999992623925,-0.434999990276992,2009,3,2009
51.8667,10.3333,2009-03-26,-5.11999988555908,1.11999997496605,-1.99999995529652,2009,3,2009
51.8667,10.3333,2009-03-27,1.05999997630715,4.91999989002943,2.98999993316829,2009,3,2009
51.8667,10.3333,2009-03-28,1.30999997071922,5.25999988242984,3.28499992657453,2009,3,2009
51.8667,10.3333,2009-03-29,1.56999996490777,5.74999987147748,3.65999991819263,2009,3,2009
51.8667,10.3333,2009-03-30,0.199999995529652,6.14999986253679,3.17499992903322,2009,3,2009
51.8667,10.3333,2009-03-31,-0.739999983459711,7.69999982789159,3.47999992221594,2009,3,2009
51.8667,10.3333,2009-04-01,-1.10999997518957,11.7099997382611,5.29999988153577,2009,4,2009
51.8667,10.3333,2009-04-02,0.0799999982118607,11.7599997371435,5.91999986767769,2009,4,2009
51.8667,10.3333,2009-04-03,3.52999992109835,14.4099996779114,8.96999979950488,2009,4,2009
51.8667,10.3333,2009-04-04,4.22999990545213,19.5799995623529,11.9049997339025,2009,4,2009
51.8667,10.3333,2009-04-05,7.3499998357147,16.6099996287376,11.9799997322261,2009,4,2009
51.8667,10.3333,2009-04-06,4.98999988846481,12.0099997315556,8.49999981001019,2009,4,2009
51.8667,10.3333,2009-04-07,3.98999991081655,16.6099996287376,10.2999997697771,2009,4,2009
51.8667,10.3333,2009-04-08,6.58999985270202,20.4499995429069,13.5199996978045,2009,4,2009
51.8667,10.3333,2009-04-09,7.92999982275069,14.9799996651709,11.4549997439608,2009,4,2009
51.8667,10.3333,2009-04-10,6.57999985292554,16.0099996421486,11.2949997475371,2009,4,2009
51.8667,10.3333,2009-04-11,6.89999984577298,19.9399995543063,13.4199997000396,2009,4,2009
51.8667,10.3333,2009-04-12,8.35999981313944,20.3099995460361,14.3349996795878,2009,4,2009
51.8667,10.3333,2009-04-13,6.75999984890223,20.09999955073,13.4299996998161,2009,4,2009
51.8667,10.3333,2009-04-14,4.31999990344048,19.6699995603412,11.9949997318909,2009,4,2009
51.8667,10.3333,2009-04-15,6.04999986477196,19.3699995670468,12.7099997159094,2009,4,2009
51.8667,10.3333,2009-04-16,6.50999985449016,19.9099995549768,13.2099997047335,2009,4,2009
51.8667,10.3333,2009-04-17,6.35999985784292,18.7099995817989,12.5349997198209,2009,4,2009
51.8667,10.3333,2009-04-18,4.90999989025295,11.8399997353554,8.37499981280416,2009,4,2009
51.8667,10.3333,2009-04-19,3.70999991707504,8.59999980777502,6.15499986242503,2009,4,2009
51.8667,10.3333,2009-04-20,3.76999991573393,13.3799997009337,8.57499980833381,2009,4,2009
51.8667,10.3333,2009-04-21,2.97999993339181,16.2299996372312,9.60499978531152,2009,4,2009
51.8667,10.3333,2009-04-22,3.04999993182719,17.1299996171147,10.0899997744709,2009,4,2009
51.8667,10.3333,2009-04-23,2.78999993763864,11.3499997463077,7.06999984197319,2009,4,2009
51.8667,10.3333,2009-04-24,3.18999992869794,11.5599997416139,7.3749998351559,2009,4,2009
51.8667,10.3333,2009-04-25,2.2399999499321,16.3199996352196,9.27999979257584,2009,4,2009
51.8667,10.3333,2009-04-26,5.87999986857176,18.9699995759875,12.4249997222796,2009,4,2009
51.8667,10.3333,2009-04-27,7.84999982453883,20.8599995337427,14.3549996791407,2009,4,2009
51.8667,10.3333,2009-04-28,8.79999980330467,17.1299996171147,12.9649997102097,2009,4,2009
51.8667,10.3333,2009-04-29,8.24999981559813,15.4299996551126,11.8399997353554,2009,4,2009
51.8667,10.3333,2009-04-30,7.76999982632697,10.4099997673184,9.08999979682267,2009,4,2009
51.8667,10.3333,2009-05-01,8.42999981157482,16.9799996204674,12.7049997160211,2009,5,NA
51.8667,10.3333,2009-05-02,7.5799998305738,18.089999595657,12.8349997131154,2009,5,NA
51.8667,10.3333,2009-05-03,6.87999984622002,17.9199995994568,12.3999997228384,2009,5,NA
51.8667,10.3333,2009-05-04,4.65999989584088,18.2599995918572,11.459999743849,2009,5,NA
51.8667,10.3333,2009-05-05,3.04999993182719,10.8399997577071,6.94499984476715,2009,5,NA
51.8667,10.3333,2009-05-06,4.19999990612268,9.51999978721142,6.85999984666705,2009,5,NA
51.8667,10.3333,2009-05-07,8.10999981872737,10.3099997695535,9.20999979414046,2009,5,NA
51.8667,10.3333,2009-05-08,7.43999983370304,16.8399996235967,12.1399997286499,2009,5,NA
51.8667,10.3333,2009-05-09,4.43999990075827,17.5599996075034,10.9999997541308,2009,5,NA
51.8667,10.3333,2009-05-10,3.22999992780387,15.4699996542186,9.34999979101121,2009,5,NA
51.8667,10.3333,2009-05-11,8.039999820292,17.19999961555,12.619999717921,2009,5,NA
51.8667,10.3333,2009-05-12,7.29999983683228,12.7499997150153,10.0249997759238,2009,5,NA
51.8667,10.3333,2009-05-13,4.63999989628792,13.6099996957928,9.12499979604036,2009,5,NA
51.8667,10.3333,2009-05-14,3.99999991059303,15.3299996573478,9.66499978397042,2009,5,NA
51.8667,10.3333,2009-05-15,6.53999985381961,15.0999996624887,10.8199997581542,2009,5,NA
51.8667,10.3333,2009-05-16,7.56999983079731,14.1599996834993,10.8649997571483,2009,5,NA
51.8667,10.3333,2009-05-17,7.38999983482063,14.4099996779114,10.899999756366,2009,5,NA
51.8667,10.3333,2009-05-18,6.16999986208975,21.239999525249,13.7049996936694,2009,5,NA
51.8667,10.3333,2009-05-19,7.98999982140958,18.2699995916337,13.1299997065216,2009,5,NA
51.8667,10.3333,2009-05-20,6.69999985024333,19.5299995634705,13.1149997068569,2009,5,NA
51.8667,10.3333,2009-05-21,9.00999979861081,19.9099995549768,14.4599996767938,2009,5,NA
51.8667,10.3333,2009-05-22,9.64999978430569,19.5099995639175,14.5799996741116,2009,5,NA
51.8667,10.3333,2009-05-23,5.87999986857176,16.929999621585,11.4049997450784,2009,5,NA
51.8667,10.3333,2009-05-24,5.37999987974763,17.9299995992333,11.6549997394904,2009,5,NA
51.8667,10.3333,2009-05-25,9.18999979458749,22.4299994986504,15.809999646619,2009,5,NA
51.8667,10.3333,2009-05-26,8.13999981805682,22.8999994881451,15.519999653101,2009,5,NA
51.8667,10.3333,2009-05-27,10.1599997729063,24.8999994434416,17.529999608174,2009,5,NA
51.8667,10.3333,2009-05-28,6.66999985091388,15.0399996638298,10.8549997573718,2009,5,NA
51.8667,10.3333,2009-05-29,5.20999988354743,14.649999672547,9.9299997780472,2009,5,NA
51.8667,10.3333,2009-05-30,5.07999988645315,16.7999996244907,10.9399997554719,2009,5,NA
51.8667,10.3333,2009-05-31,5.44999987818301,15.0099996645004,10.2299997713417,2009,5,NA
51.8667,10.3333,2009-06-01,10.2399997711182,18.7299995813519,14.484999676235,2009,6,NA
51.8667,10.3333,2009-06-02,9.60999978519976,21.1699995268136,15.3899996560067,2009,6,NA
51.8667,10.3333,2009-06-03,7.55999983102083,21.0499995294958,14.3049996802583,2009,6,NA
51.8667,10.3333,2009-06-04,5.48999987728894,12.5699997190386,9.02999979816377,2009,6,NA
51.8667,10.3333,2009-06-05,4.13999990746379,11.2199997492135,7.67999982833862,2009,6,NA
51.8667,10.3333,2009-06-06,2.49999994412065,11.169999750331,6.83499984722584,2009,6,NA
51.8667,10.3333,2009-06-07,1.69999996200204,10.1999997720122,5.94999986700714,2009,6,NA
51.8667,10.3333,2009-06-08,7.29999983683228,12.8799997121096,10.0899997744709,2009,6,NA
51.8667,10.3333,2009-06-09,6.98999984376132,15.9699996430427,11.479999743402,2009,6,NA
51.8667,10.3333,2009-06-10,9.31999979168177,18.2899995911866,13.8049996914342,2009,6,NA
51.8667,10.3333,2009-06-11,10.7099997606128,17.4599996097386,14.0849996851757,2009,6,NA
51.8667,10.3333,2009-06-12,7.68999982811511,13.7499996926636,10.7199997603893,2009,6,NA
51.8667,10.3333,2009-06-13,6.05999986454844,13.3099997024983,9.68499978352338,2009,6,NA
51.8667,10.3333,2009-06-14,4.88999989069998,17.0099996197969,10.9499997552484,2009,6,NA
51.8667,10.3333,2009-06-15,5.71999987214804,20.5199995413423,13.1199997067451,2009,6,NA
51.8667,10.3333,2009-06-16,9.84999977983534,17.779999602586,13.8149996912107,2009,6,NA
51.8667,10.3333,2009-06-17,8.36999981291592,15.8299996461719,12.0999997295439,2009,6,NA
51.8667,10.3333,2009-06-18,5.67999987304211,18.8699995782226,12.2749997256324,2009,6,NA
51.8667,10.3333,2009-06-19,12.2999997250736,19.9499995540828,16.1249996395782,2009,6,NA
51.8667,10.3333,2009-06-20,7.62999982945621,17.2299996148795,12.4299997221678,2009,6,NA
51.8667,10.3333,2009-06-21,6.60999985225499,15.4899996537715,11.0499997530133,2009,6,NA
51.8667,10.3333,2009-06-22,7.84999982453883,13.5799996964633,10.7149997605011,2009,6,NA
51.8667,10.3333,2009-06-23,7.62999982945621,16.8499996233732,12.2399997264147,2009,6,NA
51.8667,10.3333,2009-06-24,7.41999983415008,19.6599995605648,13.5399996973574,2009,6,NA
51.8667,10.3333,2009-06-25,9.31999979168177,21.4399995207787,15.3799996562302,2009,6,NA
51.8667,10.3333,2009-06-26,12.0299997311085,18.0399995967746,15.0349996639416,2009,6,NA
51.8667,10.3333,2009-06-27,13.5999996960163,21.0699995290488,17.3349996125326,2009,6,NA
51.8667,10.3333,2009-06-28,14.3999996781349,16.9399996213615,15.6699996497482,2009,6,NA
51.8667,10.3333,2009-06-29,12.1699997279793,19.6499995607883,15.9099996443838,2009,6,NA
51.8667,10.3333,2009-06-30,11.5699997413903,23.9499994646758,17.7599996030331,2009,6,NA
51.8667,10.3333,2009-07-01,13.21999970451,25.2699994351715,19.2449995698407,2009,7,NA
51.8667,10.3333,2009-07-02,14.7899996694177,25.6999994255602,20.244999547489,2009,7,NA
51.8667,10.3333,2009-07-03,15.6099996510893,25.8999994210899,20.7549995360896,2009,7,NA
51.8667,10.3333,2009-07-04,14.9299996662885,26.5199994072318,20.7249995367602,2009,7,NA
51.8667,10.3333,2009-07-05,14.4999996758997,23.2799994796515,18.8899995777756,2009,7,NA
51.8667,10.3333,2009-07-06,11.2899997476488,23.5799994729459,17.4349996102974,2009,7,NA
51.8667,10.3333,2009-07-07,12.0299997311085,22.5099994968623,17.2699996139854,2009,7,NA
51.8667,10.3333,2009-07-08,11.4399997442961,18.959999576211,15.1999996602535,2009,7,NA
51.8667,10.3333,2009-07-09,10.2099997717887,16.0699996408075,13.1399997062981,2009,7,NA
51.8667,10.3333,2009-07-10,9.759999781847,15.4499996546656,12.6049997182563,2009,7,NA
51.8667,10.3333,2009-07-11,8.8399998024106,12.6999997161329,10.7699997592717,2009,7,NA
51.8667,10.3333,2009-07-12,8.40999981202185,14.4699996765703,11.4399997442961,2009,7,NA
51.8667,10.3333,2009-07-13,9.19999979436398,17.799999602139,13.4999996982515,2009,7,NA
51.8667,10.3333,2009-07-14,11.3199997469783,21.0499995294958,16.1849996382371,2009,7,NA
51.8667,10.3333,2009-07-15,13.6699996944517,23.9899994637817,18.8299995791167,2009,7,NA
51.8667,10.3333,2009-07-16,15.1499996613711,24.6699994485825,19.9099995549768,2009,7,NA
51.8667,10.3333,2009-07-17,13.2399997040629,24.5699994508177,18.9049995774403,2009,7,NA
51.8667,10.3333,2009-07-18,12.4499997217208,23.0599994845688,17.7549996031448,2009,7,NA
51.8667,10.3333,2009-07-19,11.9499997328967,17.0199996195734,14.484999676235,2009,7,NA
51.8667,10.3333,2009-07-20,10.6599997617304,17.1599996164441,13.9099996890873,2009,7,NA
51.8667,10.3333,2009-07-21,10.9999997541308,17.5799996070564,14.2899996805936,2009,7,NA
51.8667,10.3333,2009-07-22,11.2699997480959,23.2899994794279,17.2799996137619,2009,7,NA
51.8667,10.3333,2009-07-23,14.8399996683002,23.229999480769,19.0349995745346,2009,7,NA
51.8667,10.3333,2009-07-24,13.7099996935576,23.6999994702637,18.7049995819107,2009,7,NA
51.8667,10.3333,2009-07-25,10.9599997550249,19.3099995683879,15.1349996617064,2009,7,NA
51.8667,10.3333,2009-07-26,10.8899997565895,16.2299996372312,13.5599996969104,2009,7,NA
51.8667,10.3333,2009-07-27,9.50999978743494,20.3099995460361,14.9099996667355,2009,7,NA
51.8667,10.3333,2009-07-28,13.21999970451,25.6999994255602,19.4599995650351,2009,7,NA
51.8667,10.3333,2009-07-29,10.9499997552484,20.8499995339662,15.8999996446073,2009,7,NA
51.8667,10.3333,2009-07-30,10.5099997650832,23.6399994716048,17.074999618344,2009,7,NA
51.8667,10.3333,2009-07-31,11.3199997469783,20.63999953866,15.9799996428192,2009,7,NA
51.8667,10.3333,2009-08-01,8.19999981671572,19.0399995744228,13.6199996955693,2009,8,NA
51.8667,10.3333,2009-08-02,9.0699997972697,23.8399994671345,16.4549996322021,2009,8,NA
51.8667,10.3333,2009-08-03,12.8799997121096,23.4499994758517,18.1649995939806,2009,8,NA
51.8667,10.3333,2009-08-04,10.8599997572601,18.3899995889515,14.6249996731058,2009,8,NA
51.8667,10.3333,2009-08-05,9.45999978855252,20.8799995332956,15.1699996609241,2009,8,NA
51.8667,10.3333,2009-08-06,9.71999978274107,23.5699994731694,16.6449996279553,2009,8,NA
51.8667,10.3333,2009-08-07,12.4899997208267,25.2999994345009,18.8949995776638,2009,8,NA
51.8667,10.3333,2009-08-08,14.4399996772408,26.5699994061142,20.5049995416775,2009,8,NA
51.8667,10.3333,2009-08-09,14.629999672994,25.7599994242191,20.1949995486066,2009,8,NA
51.8667,10.3333,2009-08-10,15.7099996488541,22.379999499768,19.0449995743111,2009,8,NA
51.8667,10.3333,2009-08-11,14.3299996796995,23.7399994693696,19.0349995745346,2009,8,NA
51.8667,10.3333,2009-08-12,13.9199996888638,19.5999995619059,16.7599996253848,2009,8,NA
51.8667,10.3333,2009-08-13,13.799999691546,18.4099995885044,16.1049996400252,2009,8,NA
51.8667,10.3333,2009-08-14,11.5599997416139,18.6099995840341,15.084999662824,2009,8,NA
51.8667,10.3333,2009-08-15,9.32999979145825,19.2999995686114,14.3149996800348,2009,8,NA
51.8667,10.3333,2009-08-16,10.2999997697771,24.5199994519353,17.4099996108562,2009,8,NA
51.8667,10.3333,2009-08-17,15.0199996642768,27.2999993897974,21.1599995270371,2009,8,NA
51.8667,10.3333,2009-08-18,13.0299997087568,24.5299994517118,18.7799995802343,2009,8,NA
51.8667,10.3333,2009-08-19,10.8899997565895,21.2499995250255,16.0699996408075,2009,8,NA
51.8667,10.3333,2009-08-20,10.7299997601658,26.8999993987381,18.814999579452,2009,8,NA
51.8667,10.3333,2009-08-21,15.7099996488541,31.5099992956966,23.6099994722754,2009,8,NA
51.8667,10.3333,2009-08-22,11.8299997355789,19.209999570623,15.519999653101,2009,8,NA
51.8667,10.3333,2009-08-23,9.60999978519976,19.4499995652586,14.5299996752292,2009,8,NA
51.8667,10.3333,2009-08-24,8.91999980062246,21.4899995196611,15.2049996601418,2009,8,NA
51.8667,10.3333,2009-08-25,11.2399997487664,23.5899994727224,17.4149996107444,2009,8,NA
51.8667,10.3333,2009-08-26,13.75999969244,22.1399995051324,17.9499995987862,2009,8,NA
51.8667,10.3333,2009-08-27,12.2599997259676,21.7799995131791,17.0199996195734,2009,8,NA
51.8667,10.3333,2009-08-28,13.6499996948987,25.1199994385242,19.3849995667115,2009,8,NA
51.8667,10.3333,2009-08-29,12.9799997098744,22.4099994990975,17.6949996044859,2009,8,NA
51.8667,10.3333,2009-08-30,8.48999981023371,15.9299996439368,12.2099997270852,2009,8,NA
51.8667,10.3333,2009-08-31,7.5199998319149,15.3699996564537,11.4449997441843,2009,8,NA
51.8667,10.3333,2009-09-01,8.23999981582165,21.9899995084852,15.1149996621534,2009,9,NA
51.8667,10.3333,2009-09-02,12.6299997176975,28.0999993719161,20.3649995448068,2009,9,NA
51.8667,10.3333,2009-09-03,11.9099997337908,19.1499995719641,15.5299996528774,2009,9,NA
51.8667,10.3333,2009-09-04,11.749999737367,17.5499996077269,14.649999672547,2009,9,NA
51.8667,10.3333,2009-09-05,9.55999978631735,15.7799996472895,12.6699997168034,2009,9,NA
51.8667,10.3333,2009-09-06,9.22999979369342,13.2899997029454,11.2599997483194,2009,9,NA
51.8667,10.3333,2009-09-07,8.48999981023371,13.5599996969104,11.024999753572,2009,9,NA
51.8667,10.3333,2009-09-08,8.51999980956316,19.809999557212,14.1649996833876,2009,9,NA
51.8667,10.3333,2009-09-09,10.2499997708946,24.3199994564056,17.2849996136501,2009,9,NA
51.8667,10.3333,2009-09-10,11.4699997436255,24.2299994584173,17.8499996010214,2009,9,NA
51.8667,10.3333,2009-09-11,11.8599997349083,15.809999646619,13.8349996907637,2009,9,NA
51.8667,10.3333,2009-09-12,8.34999981336296,17.1199996173382,12.7349997153506,2009,9,NA
51.8667,10.3333,2009-09-13,8.99999979883432,16.8099996242672,12.9049997115508,2009,9,NA
51.8667,10.3333,2009-09-14,8.3799998126924,12.7499997150153,10.5649997638538,2009,9,NA
51.8667,10.3333,2009-09-15,9.59999978542328,12.2299997266382,10.9149997560307,2009,9,NA
51.8667,10.3333,2009-09-16,11.6799997389317,13.5999996960163,12.639999717474,2009,9,NA
51.8667,10.3333,2009-09-17,11.3199997469783,16.6899996269494,14.0049996869639,2009,9,NA
51.8667,10.3333,2009-09-18,7.60999982990324,15.6399996504188,11.624999740161,2009,9,NA
51.8667,10.3333,2009-09-19,5.94999986700714,18.3299995902926,12.1399997286499,2009,9,NA
51.8667,10.3333,2009-09-20,8.74999980442226,21.6999995149672,15.2249996596947,2009,9,NA
51.8667,10.3333,2009-09-21,10.6699997615069,22.1399995051324,16.4049996333197,2009,9,NA
51.8667,10.3333,2009-09-22,9.34999979101121,18.2099995929748,13.779999691993,2009,9,NA
51.8667,10.3333,2009-09-23,8.039999820292,19.7799995578825,13.9099996890873,2009,9,NA
51.8667,10.3333,2009-09-24,11.1099997516721,17.3199996128678,14.21499968227,2009,9,NA
51.8667,10.3333,2009-09-25,8.47999981045723,16.6299996282905,12.5549997193739,2009,9,NA
51.8667,10.3333,2009-09-26,7.61999982967973,14.359999679029,10.9899997543544,2009,9,NA
51.8667,10.3333,2009-09-27,7.00999984331429,17.1599996164441,12.0849997298792,2009,9,NA
51.8667,10.3333,2009-09-28,6.11999986320734,19.3599995672703,12.7399997152388,2009,9,NA
51.8667,10.3333,2009-09-29,6.96999984420836,14.1399996839464,10.5549997640774,2009,9,NA
51.8667,10.3333,2009-09-30,9.11999979615211,13.8799996897578,11.499999742955,2009,9,NA
51.8667,10.3333,2009-10-01,7.32999983616173,12.9699997100979,10.1499997731298,2009,10,2010
51.8667,10.3333,2009-10-02,4.82999989204109,11.9799997322261,8.40499981213361,2009,10,2010
51.8667,10.3333,2009-10-03,4.7099998947233,7.9799998216331,6.3449998581782,2009,10,2010
51.8667,10.3333,2009-10-04,6.46999985538423,10.9599997550249,8.71499980520457,2009,10,2010
51.8667,10.3333,2009-10-05,5.20999988354743,12.5299997199327,8.86999980174005,2009,10,2010
51.8667,10.3333,2009-10-06,2.73999993875623,12.2299997266382,7.48499983269721,2009,10,2010
51.8667,10.3333,2009-10-07,9.01999979838729,15.5699996519834,12.2949997251853,2009,10,2010
51.8667,10.3333,2009-10-08,14.2099996823817,18.919999577105,16.5649996297434,2009,10,2010
51.8667,10.3333,2009-10-09,4.92999988980591,15.3999996557832,10.1649997727945,2009,10,2010
51.8667,10.3333,2009-10-10,2.30999994836748,10.1199997738004,6.21499986108392,2009,10,2010
51.8667,10.3333,2009-10-11,3.75999991595745,10.7599997594953,7.25999983772635,2009,10,2010
51.8667,10.3333,2009-10-12,6.46999985538423,10.3099997695535,8.38999981246889,2009,10,2010
51.8667,10.3333,2009-10-13,3.3899999242276,7.21999983862042,5.30499988142401,2009,10,2010
51.8667,10.3333,2009-10-14,0.0599999986588955,6.30999985896051,3.1849999288097,2009,10,2010
51.8667,10.3333,2009-10-15,-0.719999983906746,4.04999990947545,1.66499996278435,2009,10,2010
51.8667,10.3333,2009-10-16,-1.58999996446073,4.20999990589917,1.30999997071922,2009,10,2010
51.8667,10.3333,2009-10-17,-0.469999989494681,7.46999983303249,3.4999999217689,2009,10,2010
51.8667,10.3333,2009-10-18,2.36999994702637,4.42999990098178,3.39999992400408,2009,10,2010
51.8667,10.3333,2009-10-19,-0.519999988377094,5.45999987795949,2.4699999447912,2009,10,2010
51.8667,10.3333,2009-10-20,-1.26999997161329,7.88999982364476,3.30999992601573,2009,10,2010
51.8667,10.3333,2009-10-21,-1.6099999640137,7.20999983884394,2.79999993741512,2009,10,2010
51.8667,10.3333,2009-10-22,-1.39999996870756,8.54999980889261,3.57499992009252,2009,10,2010
51.8667,10.3333,2009-10-23,1.13999997451901,6.70999985001981,3.92499991226941,2009,10,2010
51.8667,10.3333,2009-10-24,3.91999991238117,7.749999826774,5.83499986957759,2009,10,2010
51.8667,10.3333,2009-10-25,3.0999999307096,9.66999978385866,6.38499985728413,2009,10,2010
51.8667,10.3333,2009-10-26,6.91999984532595,12.7199997156858,9.8199997805059,2009,10,2010
51.8667,10.3333,2009-10-27,7.26999983750284,10.2099997717887,8.73999980464578,2009,10,2010
51.8667,10.3333,2009-10-28,7.59999983012676,9.73999978229403,8.6699998062104,2009,10,2010
51.8667,10.3333,2009-10-29,6.20999986119568,11.169999750331,8.68999980576336,2009,10,2010
51.8667,10.3333,2009-10-30,6.18999986164272,10.0599997751415,8.1249998183921,2009,10,2010
51.8667,10.3333,2009-10-31,-0.509999988600612,7.75999982655048,3.62499991897494,2009,10,2010
51.8667,10.3333,2009-11-01,-1.62999996356666,6.07999986410141,2.22499995026737,2009,11,2010
51.8667,10.3333,2009-11-02,1.36999996937811,10.9099997561425,6.13999986276031,2009,11,2010
51.8667,10.3333,2009-11-03,5.45999987795949,9.02999979816377,7.24499983806163,2009,11,2010
51.8667,10.3333,2009-11-04,2.76999993808568,6.93999984487891,4.85499989148229,2009,11,2010
51.8667,10.3333,2009-11-05,3.69999991729856,6.92999984510243,5.31499988120049,2009,11,2010
51.8667,10.3333,2009-11-06,4.35999990254641,7.15999983996153,5.75999987125397,2009,11,2010
51.8667,10.3333,2009-11-07,5.15999988466501,7.61999982967973,6.38999985717237,2009,11,2010
51.8667,10.3333,2009-11-08,4.09999990835786,6.23999986052513,5.16999988444149,2009,11,2010
51.8667,10.3333,2009-11-09,2.29999994859099,7.02999984286726,4.66499989572912,2009,11,2010
51.8667,10.3333,2009-11-10,2.71999993920326,3.9599999114871,3.33999992534518,2009,11,2010
51.8667,10.3333,2009-11-11,2.38999994657934,3.67999991774559,3.03499993216246,2009,11,2010
51.8667,10.3333,2009-11-12,3.27999992668629,5.32999988086522,4.30499990377575,2009,11,2010
51.8667,10.3333,2009-11-13,1.96999995596707,5.82999986968935,3.89999991282821,2009,11,2010
51.8667,10.3333,2009-11-14,4.6499998960644,11.1599997505546,7.90499982330948,2009,11,2010
51.8667,10.3333,2009-11-15,8.05999981984496,12.7399997152388,10.3999997675419,2009,11,2010
51.8667,10.3333,2009-11-16,6.22999986074865,9.97999977692962,8.10499981883913,2009,11,2010
51.8667,10.3333,2009-11-17,4.59999989718199,10.7999997586012,7.69999982789159,2009,11,2010
51.8667,10.3333,2009-11-18,6.81999984756112,10.3499997686595,8.5849998081103,2009,11,2010
51.8667,10.3333,2009-11-19,6.00999986566603,9.39999978989363,7.70499982777983,2009,11,2010
51.8667,10.3333,2009-11-20,6.40999985672534,9.86999977938831,8.13999981805682,2009,11,2010
51.8667,10.3333,2009-11-21,7.07999984174967,15.6599996499717,11.3699997458607,2009,11,2010
51.8667,10.3333,2009-11-22,8.61999980732799,12.5599997192621,10.5899997632951,2009,11,2010
51.8667,10.3333,2009-11-23,6.38999985717237,12.1599997282028,9.27499979268759,2009,11,2010
51.8667,10.3333,2009-11-24,5.75999987125397,8.93999980017543,7.3499998357147,2009,11,2010
51.8667,10.3333,2009-11-25,6.41999985650182,10.2099997717887,8.31499981414527,2009,11,2010
51.8667,10.3333,2009-11-26,6.30999985896051,11.1399997510016,8.72499980498105,2009,11,2010
51.8667,10.3333,2009-11-27,5.69999987259507,7.89999982342124,6.79999984800816,2009,11,2010
51.8667,10.3333,2009-11-28,4.26999990455806,7.0599998421967,5.66499987337738,2009,11,2010
51.8667,10.3333,2009-11-29,4.019999910146,7.01999984309077,5.51999987661839,2009,11,2010
51.8667,10.3333,2009-11-30,4.57999989762902,9.40999978967011,6.99499984364957,2009,11,2010
51.8667,10.3333,2009-12-01,2.33999994769692,6.29999985918403,4.31999990344048,2009,12,2010
51.8667,10.3333,2009-12-02,-2.29999994859099,3.5599999204278,0.629999985918403,2009,12,2010
51.8667,10.3333,2009-12-03,-4.07999990880489,2.73999993875623,-0.669999985024333,2009,12,2010
51.8667,10.3333,2009-12-04,2.08999995328486,6.11999986320734,4.1049999082461,2009,12,2010
51.8667,10.3333,2009-12-05,-0.169999996200204,5.51999987661839,2.67499994020909,2009,12,2010
51.8667,10.3333,2009-12-06,-0.379999991506338,3.88999991305172,1.75499996077269,2009,12,2010
51.8667,10.3333,2009-12-07,3.59999991953373,8.2099998164922,5.90499986801296,2009,12,2010
51.8667,10.3333,2009-12-08,1.22999997250736,6.84999984689057,4.03999990969896,2009,12,2010
51.8667,10.3333,2009-12-09,2.70999993942678,6.60999985225499,4.65999989584088,2009,12,2010
51.8667,10.3333,2009-12-10,2.07999995350838,5.3399998806417,3.70999991707504,2009,12,2010
51.8667,10.3333,2009-12-11,1.27999997138977,6.72999984957278,4.00499991048127,2009,12,2010
51.8667,10.3333,2009-12-12,0.199999995529652,2.10999995283782,1.15499997418374,2009,12,2010
51.8667,10.3333,2009-12-13,-1.22999997250736,1.04999997653067,-0.0899999979883432,2009,12,2010
51.8667,10.3333,2009-12-14,-4.92999988980591,-1.0899999756366,-3.00999993272126,2009,12,2010
51.8667,10.3333,2009-12-15,-6.38999985717237,-2.95999993383884,-4.67499989550561,2009,12,2010
51.8667,10.3333,2009-12-16,-5.06999988667667,-2.85999993607402,-3.96499991137534,2009,12,2010
51.8667,10.3333,2009-12-17,-7.43999983370304,-2.64999994076788,-5.04499988723546,2009,12,2010
51.8667,10.3333,2009-12-18,-9.20999979414046,-3.89999991282821,-6.55499985348433,2009,12,2010
51.8667,10.3333,2009-12-19,-16.6799996271729,-5.22999988310039,-10.9549997551367,2009,12,2010
51.8667,10.3333,2009-12-20,-19.2699995692819,-12.9399997107685,-16.1049996400252,2009,12,2010
51.8667,10.3333,2009-12-21,-16.6199996285141,-5.19999988377094,-10.9099997561425,2009,12,2010
51.8667,10.3333,2009-12-22,-5.98999986611307,-0.849999981001019,-3.41999992355704,2009,12,2010
51.8667,10.3333,2009-12-23,-2.1799999512732,3.51999992132187,0.669999985024333,2009,12,2010
51.8667,10.3333,2009-12-24,-3.729999916628,0.96999997831881,-1.3799999691546,2009,12,2010
51.8667,10.3333,2009-12-25,-4.7099998947233,2.15999995172024,-1.27499997150153,2009,12,2010
51.8667,10.3333,2009-12-26,-0.809999981895089,5.82999986968935,2.50999994389713,2009,12,2010
51.8667,10.3333,2009-12-27,-0.519999988377094,3.02999993227422,1.25499997194856,2009,12,2010
51.8667,10.3333,2009-12-28,-1.21999997273088,1.84999995864928,0.314999992959201,2009,12,2010
51.8667,10.3333,2009-12-29,-3.64999991841614,1.27999997138977,-1.18499997351319,2009,12,2010
51.8667,10.3333,2009-12-30,-5.48999987728894,-0.689999984577298,-3.08999993093312,2009,12,2010
51.8667,10.3333,2009-12-31,-1.64999996311963,1.53999996557832,-0.0549999987706542,2009,12,2010
51.8667,10.3333,2010-01-01,-4.67999989539385,-0.61999998614192,-2.64999994076788,2010,1,2010
51.8667,10.3333,2010-01-02,-5.16999988444149,-4.60999989695847,-4.88999989069998,2010,1,2010
51.8667,10.3333,2010-01-03,-7.54999983124435,-4.35999990254641,-5.95499986689538,2010,1,2010
51.8667,10.3333,2010-01-04,-7.91999982297421,-3.80999991483986,-5.86499986890703,2010,1,2010
51.8667,10.3333,2010-01-05,-9.8199997805059,-6.24999986030161,-8.03499982040375,2010,1,2010
51.8667,10.3333,2010-01-06,-13.1599997058511,-4.85999989137053,-9.00999979861081,2010,1,2010
51.8667,10.3333,2010-01-07,-14.7299996707588,-6.15999986231327,-10.4449997665361,2010,1,2010
51.8667,10.3333,2010-01-08,-12.2299997266382,-5.05999988690019,-8.64499980676919,2010,1,2010
51.8667,10.3333,2010-01-09,-9.83999978005886,-6.67999985069036,-8.25999981537461,2010,1,2010
51.8667,10.3333,2010-01-10,-7.13999984040856,-5.01999988779426,-6.07999986410141,2010,1,2010
51.8667,10.3333,2010-01-11,-6.08999986387789,-5.25999988242984,-5.67499987315387,2010,1,2010
51.8667,10.3333,2010-01-12,-7.46999983303249,-5.54999987594783,-6.50999985449016,2010,1,2010
51.8667,10.3333,2010-01-13,-10.3499997686595,-5.71999987214804,-8.03499982040375,2010,1,2010
51.8667,10.3333,2010-01-14,-10.1999997720122,-2.96999993361533,-6.58499985281378,2010,1,2010
51.8667,10.3333,2010-01-15,-5.739999871701,-1.43999996781349,-3.58999991975725,2010,1,2010
51.8667,10.3333,2010-01-16,-3.90999991260469,-1.72999996133149,-2.81999993696809,2010,1,2010
51.8667,10.3333,2010-01-17,-6.31999985873699,-1.24999997206032,-3.78499991539866,2010,1,2010
51.8667,10.3333,2010-01-18,-3.729999916628,1.32999997027218,-1.19999997317791,2010,1,2010
51.8667,10.3333,2010-01-19,0.30999999307096,1.78999995999038,1.04999997653067,2010,1,2010
51.8667,10.3333,2010-01-20,-0.339999992400408,1.69999996200204,0.679999984800816,2010,1,2010
51.8667,10.3333,2010-01-21,-3.2699999269098,0.319999992847443,-1.47499996703118,2010,1,2010
51.8667,10.3333,2010-01-22,-8.15999981760979,-2.83999993652105,-5.49999987706542,2010,1,2010
51.8667,10.3333,2010-01-23,-9.57999978587031,-5.52999987639487,-7.55499983113259,2010,1,2010
51.8667,10.3333,2010-01-24,-9.20999979414046,-4.82999989204109,-7.01999984309077,2010,1,2010
51.8667,10.3333,2010-01-25,-9.09999979659915,-6.27999985963106,-7.68999982811511,2010,1,2010
51.8667,10.3333,2010-01-26,-11.5499997418374,-5.49999987706542,-8.5249998094514,2010,1,2010
51.8667,10.3333,2010-01-27,-15.1199996620417,-7.40999983437359,-11.2649997482076,2010,1,2010
51.8667,10.3333,2010-01-28,-14.7299996707588,-4.2499999050051,-9.48999978788197,2010,1,2010
51.8667,10.3333,2010-01-29,-4.15999990701675,-0.389999991282821,-2.27499994914979,2010,1,2010
51.8667,10.3333,2010-01-30,-3.3299999255687,-0.869999980553985,-2.09999995306134,2010,1,2010
51.8667,10.3333,2010-01-31,-9.16999979503453,-3.30999992601573,-6.23999986052513,2010,1,2010
51.8667,10.3333,2010-02-01,-8.52999980933964,-1.80999995954335,-5.16999988444149,2010,2,2010
51.8667,10.3333,2010-02-02,-6.4299998562783,-1.93999995663762,-4.18499990645796,2010,2,2010
51.8667,10.3333,2010-02-03,-7.59999983012676,-0.229999994859099,-3.91499991249293,2010,2,2010
51.8667,10.3333,2010-02-04,-3.5599999204278,-0.129999997094274,-1.84499995876104,2010,2,2010
51.8667,10.3333,2010-02-05,-4.4799998998642,2.70999993942678,-0.884999980218709,2010,2,2010
51.8667,10.3333,2010-02-06,-3.06999993138015,3.40999992378056,0.169999996200204,2010,2,2010
51.8667,10.3333,2010-02-07,-3.0999999307096,0.189999995753169,-1.45499996747822,2010,2,2010
51.8667,10.3333,2010-02-08,-7.89999982342124,-0.369999991729856,-4.13499990757555,2010,2,2010
51.8667,10.3333,2010-02-09,-10.0999997742474,-5.08999988622963,-7.59499983023852,2010,2,2010
51.8667,10.3333,2010-02-10,-10.3499997686595,-5.5699998755008,-7.95999982208014,2010,2,2010
51.8667,10.3333,2010-02-11,-9.05999979749322,-7.19999983906746,-8.12999981828034,2010,2,2010
51.8667,10.3333,2010-02-12,-8.8399998024106,-4.09999990835786,-6.46999985538423,2010,2,2010
51.8667,10.3333,2010-02-13,-6.8299998473376,-4.15999990701675,-5.49499987717718,2010,2,2010
51.8667,10.3333,2010-02-14,-9.39999978989363,-4.22999990545213,-6.81499984767288,2010,2,2010
51.8667,10.3333,2010-02-15,-12.6799997165799,-4.85999989137053,-8.76999980397522,2010,2,2010
51.8667,10.3333,2010-02-16,-11.0899997521192,-3.65999991819263,-7.3749998351559,2010,2,2010
51.8667,10.3333,2010-02-17,-11.3999997451901,-1.9499999564141,-6.67499985080212,2010,2,2010
51.8667,10.3333,2010-02-18,-12.8199997134507,2.08999995328486,-5.36499988008291,2010,2,2010
51.8667,10.3333,2010-02-19,-1.47999996691942,3.08999993093312,0.804999982006848,2010,2,2010
51.8667,10.3333,2010-02-20,-0.92999997921288,4.44999990053475,1.75999996066093,2010,2,2010
51.8667,10.3333,2010-02-21,-2.77999993786216,0.909999979659915,-0.934999979101121,2010,2,2010
51.8667,10.3333,2010-02-22,-3.45999992266297,0.65999998524785,-1.39999996870756,2010,2,2010
51.8667,10.3333,2010-02-23,-1.11999997496605,5.28999988175929,2.08499995339662,2010,2,2010
51.8667,10.3333,2010-02-24,-1.53999996557832,5.68999987281859,2.07499995362014,2010,2,2010
51.8667,10.3333,2010-02-25,-1.26999997161329,5.68999987281859,2.20999995060265,2010,2,2010
51.8667,10.3333,2010-02-26,2.6999999396503,6.78999984823167,4.74499989394099,2010,2,2010
51.8667,10.3333,2010-02-27,1.62999996356666,7.59999983012676,4.61499989684671,2010,2,2010
51.8667,10.3333,2010-02-28,1.01999997720122,5.90999986790121,3.46499992255121,2010,2,2010
51.8667,10.3333,2010-03-01,1.65999996289611,9.42999978922307,5.54499987605959,2010,3,2010
51.8667,10.3333,2010-03-02,-0.469999989494681,3.23999992758036,1.38499996904284,2010,3,2010
51.8667,10.3333,2010-03-03,-2.01999995484948,2.60999994166195,0.294999993406236,2010,3,2010
51.8667,10.3333,2010-03-04,-3.16999992914498,2.07999995350838,-0.544999987818301,2010,3,2010
51.8667,10.3333,2010-03-05,-6.33999985828996,0.139999996870756,-3.0999999307096,2010,3,2010
51.8667,10.3333,2010-03-06,-7.54999983124435,-0.65999998524785,-4.1049999082461,2010,3,2010
51.8667,10.3333,2010-03-07,-8.58999980799854,-2.54999994300306,-5.5699998755008,2010,3,2010
51.8667,10.3333,2010-03-08,-12.6299997176975,-1.63999996334314,-7.13499984052032,2010,3,2010
51.8667,10.3333,2010-03-09,-9.23999979346991,-1.26999997161329,-5.2549998825416,2010,3,2010
51.8667,10.3333,2010-03-10,-11.0899997521192,-0.759999983012676,-5.92499986756593,2010,3,2010
51.8667,10.3333,2010-03-11,-8.13999981805682,1.16999997384846,-3.48499992210418,2010,3,2010
51.8667,10.3333,2010-03-12,-6.53999985381961,0,-3.2699999269098,2010,3,2010
51.8667,10.3333,2010-03-13,-1.84999995864928,2.44999994523823,0.299999993294477,2010,3,2010
51.8667,10.3333,2010-03-14,-0.449999989941716,2.09999995306134,0.824999981559813,2010,3,2010
51.8667,10.3333,2010-03-15,-1.76999996043742,3.22999992780387,0.729999983683228,2010,3,2010
51.8667,10.3333,2010-03-16,-2.15999995172024,2.59999994188547,0.219999995082617,2010,3,2010
51.8667,10.3333,2010-03-17,-2.72999993897974,2.07999995350838,-0.324999992735684,2010,3,2010
51.8667,10.3333,2010-03-18,1.35999996960163,8.33999981358647,4.84999989159405,2010,3,2010
51.8667,10.3333,2010-03-19,1.70999996177852,13.0499997083098,7.37999983504415,2010,3,2010
51.8667,10.3333,2010-03-20,6.79999984800816,12.1699997279793,9.48499978799373,2010,3,2010
51.8667,10.3333,2010-03-21,7.45999983325601,12.2699997257441,9.86499977950007,2010,3,2010
51.8667,10.3333,2010-03-22,2.12999995239079,10.5599997639656,6.3449998581782,2010,3,2010
51.8667,10.3333,2010-03-23,-0.239999994635582,9.57999978587031,4.66999989561737,2010,3,2010
51.8667,10.3333,2010-03-24,1.52999996580184,10.629999762401,6.07999986410141,2010,3,2010
51.8667,10.3333,2010-03-25,1.38999996893108,14.6699996720999,8.02999982051551,2010,3,2010
51.8667,10.3333,2010-03-26,4.49999989941716,18.6599995829165,11.5799997411668,2010,3,2010
51.8667,10.3333,2010-03-27,3.85999991372228,17.4499996099621,10.6549997618422,2010,3,2010
51.8667,10.3333,2010-03-28,3.97999991104007,8.42999981157482,6.20499986130744,2010,3,2010
51.8667,10.3333,2010-03-29,4.10999990813434,8.25999981537461,6.18499986175448,2010,3,2010
51.8667,10.3333,2010-03-30,2.61999994143844,7.75999982655048,5.18999988399446,2010,3,2010
51.8667,10.3333,2010-03-31,3.47999992221594,15.1199996620417,9.2999997921288,2010,3,2010
51.8667,10.3333,2010-04-01,2.34999994747341,9.33999979123473,5.84499986935407,2010,4,2010
51.8667,10.3333,2010-04-02,-0.259999994188547,6.57999985292554,3.1599999293685,2010,4,2010
51.8667,10.3333,2010-04-03,-1.15999997407198,8.75999980419874,3.79999991506338,2010,4,2010
51.8667,10.3333,2010-04-04,1.64999996311963,10.0399997755885,5.84499986935407,2010,4,2010
51.8667,10.3333,2010-04-05,4.09999990835786,9.65999978408217,6.87999984622002,2010,4,2010
51.8667,10.3333,2010-04-06,3.02999993227422,7.90999982319772,5.46999987773597,2010,4,2010
51.8667,10.3333,2010-04-07,2.07999995350838,12.9999997094274,7.53999983146787,2010,4,2010
51.8667,10.3333,2010-04-08,2.85999993607402,15.6599996499717,9.25999979302287,2010,4,2010
51.8667,10.3333,2010-04-09,2.33999994769692,15.4399996548891,8.88999980129302,2010,4,2010
51.8667,10.3333,2010-04-10,1.23999997228384,10.7999997586012,6.01999986544251,2010,4,2010
51.8667,10.3333,2010-04-11,1.5499999653548,8.12999981828034,4.83999989181757,2010,4,2010
51.8667,10.3333,2010-04-12,1.8399999588728,5.1099998857826,3.4749999223277,2010,4,2010
51.8667,10.3333,2010-04-13,1.49999996647239,8.61999980732799,5.05999988690019,2010,4,2010
51.8667,10.3333,2010-04-14,1.51999996602535,11.6299997400492,6.5749998530373,2010,4,2010
51.8667,10.3333,2010-04-15,1.61999996379018,9.46999978832901,5.54499987605959,2010,4,2010
51.8667,10.3333,2010-04-16,2.71999993920326,10.2299997713417,6.47499985527247,2010,4,2010
51.8667,10.3333,2010-04-17,-0.0699999984353781,8.08999981917441,4.00999991036952,2010,4,2010
51.8667,10.3333,2010-04-18,-1.12999997474253,14.4199996776879,6.64499985147268,2010,4,2010
51.8667,10.3333,2010-04-19,2.09999995306134,18.1999995931983,10.1499997731298,2010,4,2010
51.8667,10.3333,2010-04-20,1.0899999756366,10.9399997554719,6.01499986555427,2010,4,2010
51.8667,10.3333,2010-04-21,-1.00999997742474,13.75999969244,6.37499985750765,2010,4,2010
51.8667,10.3333,2010-04-22,0.259999994188547,6.8299998473376,3.54499992076308,2010,4,2010
51.8667,10.3333,2010-04-23,-1.03999997675419,9.18999979458749,4.07499990891665,2010,4,2010
51.8667,10.3333,2010-04-24,-1.92999995686114,12.0299997311085,5.0499998871237,2010,4,2010
51.8667,10.3333,2010-04-25,0.869999980553985,16.059999641031,8.46499981079251,2010,4,2010
51.8667,10.3333,2010-04-26,4.58999989740551,20.2199995480478,12.4049997227266,2010,4,2010
51.8667,10.3333,2010-04-27,7.86999982409179,14.8699996676296,11.3699997458607,2010,4,2010
51.8667,10.3333,2010-04-28,5.37999987974763,13.6899996940047,9.53499978687614,2010,4,2010
51.8667,10.3333,2010-04-29,4.53999989852309,18.7399995811284,11.6399997398257,2010,4,2010
51.8667,10.3333,2010-04-30,10.1699997726828,21.8599995113909,16.0149996420369,2010,4,2010
51.8667,10.3333,2010-05-01,8.25999981537461,18.4699995871633,13.364999701269,2010,5,NA
51.8667,10.3333,2010-05-02,5.02999988757074,15.3899996560067,10.2099997717887,2010,5,NA
51.8667,10.3333,2010-05-03,5.97999986633658,10.9999997541308,8.48999981023371,2010,5,NA
51.8667,10.3333,2010-05-04,5.86999986879528,11.6899997387081,8.77999980375171,2010,5,NA
51.8667,10.3333,2010-05-05,-0.509999988600612,8.28999981470406,3.88999991305172,2010,5,NA
51.8667,10.3333,2010-05-06,-1.62999996356666,8.70999980531633,3.53999992087483,2010,5,NA
51.8667,10.3333,2010-05-07,2.6399999409914,4.54999989829957,3.59499991964549,2010,5,NA
51.8667,10.3333,2010-05-08,2.9299999345094,6.84999984689057,4.88999989069998,2010,5,NA
51.8667,10.3333,2010-05-09,3.88999991305172,10.6399997621775,7.2649998376146,2010,5,NA
51.8667,10.3333,2010-05-10,5.25999988242984,13.3699997011572,9.31499979179353,2010,5,NA
51.8667,10.3333,2010-05-11,4.34999990276992,8.81999980285764,6.58499985281378,2010,5,NA
51.8667,10.3333,2010-05-12,4.77999989315867,9.64999978430569,7.21499983873218,2010,5,NA
51.8667,10.3333,2010-05-13,4.77999989315867,9.74999978207052,7.2649998376146,2010,5,NA
51.8667,10.3333,2010-05-14,4.07999990880489,6.96999984420836,5.52499987650663,2010,5,NA
51.8667,10.3333,2010-05-15,4.10999990813434,7.37999983504415,5.74499987158924,2010,5,NA
51.8667,10.3333,2010-05-16,2.27999994903803,5.5099998768419,3.89499991293997,2010,5,NA
51.8667,10.3333,2010-05-17,2.9299999345094,12.1799997277558,7.55499983113259,2010,5,NA
51.8667,10.3333,2010-05-18,2.29999994859099,13.1099997069687,7.70499982777983,2010,5,NA
51.8667,10.3333,2010-05-19,3.5599999204278,10.4799997657537,7.01999984309077,2010,5,NA
51.8667,10.3333,2010-05-20,4.40999990142882,9.99999977648258,7.2049998389557,2010,5,NA
51.8667,10.3333,2010-05-21,6.81999984756112,10.9299997556955,8.87499980162829,2010,5,NA
51.8667,10.3333,2010-05-22,6.55999985337257,17.8899996001273,12.22499972675,2010,5,NA
51.8667,10.3333,2010-05-23,5.69999987259507,16.4799996316433,11.0899997521192,2010,5,NA
51.8667,10.3333,2010-05-24,8.24999981559813,19.4899995643646,13.8699996899813,2010,5,NA
51.8667,10.3333,2010-05-25,9.2999997921288,20.9399995319545,15.1199996620417,2010,5,NA
51.8667,10.3333,2010-05-26,4.37999990209937,14.049999685958,9.2149997940287,2010,5,NA
51.8667,10.3333,2010-05-27,3.27999992668629,12.3199997246265,7.79999982565641,2010,5,NA
51.8667,10.3333,2010-05-28,6.33999985828996,13.2799997031689,9.80999978072941,2010,5,NA
51.8667,10.3333,2010-05-29,5.66999987326562,14.9899996649474,10.3299997691065,2010,5,NA
51.8667,10.3333,2010-05-30,3.33999992534518,17.0099996197969,10.174999772571,2010,5,NA
51.8667,10.3333,2010-05-31,6.47999985516071,15.4299996551126,10.9549997551367,2010,5,NA
51.8667,10.3333,2010-06-01,5.83999986946583,10.0799997746944,7.95999982208014,2010,6,NA
51.8667,10.3333,2010-06-02,8.02999982051551,13.1899997051805,10.609999762848,2010,6,NA
51.8667,10.3333,2010-06-03,8.39999981224537,17.0499996189028,12.7249997155741,2010,6,NA
51.8667,10.3333,2010-06-04,7.55999983102083,19.6299995612353,13.5949996961281,2010,6,NA
51.8667,10.3333,2010-06-05,6.68999985046685,19.5899995621294,13.1399997062981,2010,6,NA
51.8667,10.3333,2010-06-06,7.89999982342124,23.269999479875,15.5849996516481,2010,6,NA
51.8667,10.3333,2010-06-07,11.5799997411668,25.549999428913,18.5649995850399,2010,6,NA
51.8667,10.3333,2010-06-08,9.40999978967011,17.5599996075034,13.4849996985868,2010,6,NA
51.8667,10.3333,2010-06-09,9.22999979369342,22.1599995046854,15.6949996491894,2010,6,NA
51.8667,10.3333,2010-06-10,14.1499996837229,25.4899994302541,19.8199995569885,2010,6,NA
51.8667,10.3333,2010-06-11,14.4799996763468,25.0499994400889,19.7649995582178,2010,6,NA
51.8667,10.3333,2010-06-12,13.3799997009337,23.2199994809926,18.2999995909631,2010,6,NA
51.8667,10.3333,2010-06-13,8.6099998075515,14.4299996774644,11.5199997425079,2010,6,NA
51.8667,10.3333,2010-06-14,5.70999987237155,14.6899996716529,10.1999997720122,2010,6,NA
51.8667,10.3333,2010-06-15,5.30999988131225,17.3399996124208,11.3249997468665,2010,6,NA
51.8667,10.3333,2010-06-16,7.26999983750284,16.099999640137,11.6849997388199,2010,6,NA
51.8667,10.3333,2010-06-17,6.04999986477196,17.6099996063858,11.8299997355789,2010,6,NA
51.8667,10.3333,2010-06-18,7.32999983616173,19.6399995610118,13.4849996985868,2010,6,NA
51.8667,10.3333,2010-06-19,6.83999984711409,17.3199996128678,12.079999729991,2010,6,NA
51.8667,10.3333,2010-06-20,6.6599998511374,12.909999711439,9.78499978128821,2010,6,NA
51.8667,10.3333,2010-06-21,6.69999985024333,13.3299997020513,10.0149997761473,2010,6,NA
51.8667,10.3333,2010-06-22,5.08999988622963,14.1099996846169,9.59999978542328,2010,6,NA
51.8667,10.3333,2010-06-23,5.35999988019466,17.3599996119738,11.3599997460842,2010,6,NA
51.8667,10.3333,2010-06-24,7.41999983415008,19.7399995587766,13.5799996964633,2010,6,NA
51.8667,10.3333,2010-06-25,8.94999979995191,23.1599994823337,16.0549996411428,2010,6,NA
51.8667,10.3333,2010-06-26,9.83999978005886,21.7399995140731,15.789999647066,2010,6,NA
51.8667,10.3333,2010-06-27,8.05999981984496,20.4399995431304,14.2499996814877,2010,6,NA
51.8667,10.3333,2010-06-28,9.62999978475273,23.6299994718283,16.6299996282905,2010,6,NA
51.8667,10.3333,2010-06-29,11.3099997472018,26.0099994186312,18.6599995829165,2010,6,NA
51.8667,10.3333,2010-06-30,13.1199997067451,26.959999397397,20.0399995520711,2010,6,NA
51.8667,10.3333,2010-07-01,13.4799996986985,24.4399994537234,18.959999576211,2010,7,NA
51.8667,10.3333,2010-07-02,13.9599996879697,25.4099994320422,19.684999560006,2010,7,NA
51.8667,10.3333,2010-07-03,16.4799996316433,29.5999993383884,23.0399994850159,2010,7,NA
51.8667,10.3333,2010-07-04,17.2999996133149,30.3799993209541,23.8399994671345,2010,7,NA
51.8667,10.3333,2010-07-05,16.0299996417016,24.3199994564056,20.1749995490536,2010,7,NA
51.8667,10.3333,2010-07-06,14.379999678582,24.2099994588643,19.2949995687231,2010,7,NA
51.8667,10.3333,2010-07-07,9.56999978609383,18.4799995869398,14.0249996865168,2010,7,NA
51.8667,10.3333,2010-07-08,8.17999981716275,22.5099994968623,15.3449996570125,2010,7,NA
51.8667,10.3333,2010-07-09,14.1099996846169,28.0699993725866,21.0899995286018,2010,7,NA
51.8667,10.3333,2010-07-10,16.3099996354431,31.2099993024021,23.7599994689226,2010,7,NA
51.8667,10.3333,2010-07-11,20.659999538213,32.3599992766976,26.5099994074553,2010,7,NA
51.8667,10.3333,2010-07-12,19.809999557212,30.0999993272126,24.9549994422123,2010,7,NA
51.8667,10.3333,2010-07-13,17.4699996095151,32.429999275133,24.949999442324,2010,7,NA
51.8667,10.3333,2010-07-14,16.3599996343255,25.8099994231015,21.0849995287135,2010,7,NA
51.8667,10.3333,2010-07-15,15.6599996499717,29.4999993406236,22.5799994952977,2010,7,NA
51.8667,10.3333,2010-07-16,13.6299996953458,23.6699994709343,18.64999958314,2010,7,NA
51.8667,10.3333,2010-07-17,12.4499997217208,28.7399993576109,20.5949995396659,2010,7,NA
51.8667,10.3333,2010-07-18,14.1399996839464,22.0599995069206,18.0999995954335,2010,7,NA
51.8667,10.3333,2010-07-19,10.3499997686595,21.509999519214,15.9299996439368,2010,7,NA
51.8667,10.3333,2010-07-20,9.9899997767061,24.949999442324,17.4699996095151,2010,7,NA
51.8667,10.3333,2010-07-21,12.5699997190386,25.9799994193017,19.2749995691702,2010,7,NA
51.8667,10.3333,2010-07-22,14.4399996772408,30.709999313578,22.5749994954094,2010,7,NA
51.8667,10.3333,2010-07-23,15.8699996452779,24.8199994452298,20.3449995452538,2010,7,NA
51.8667,10.3333,2010-07-24,14.6599996723235,18.7799995802343,16.7199996262789,2010,7,NA
51.8667,10.3333,2010-07-25,8.73999980464578,18.2699995916337,13.5049996981397,2010,7,NA
51.8667,10.3333,2010-07-26,7.5799998305738,19.8199995569885,13.6999996937811,2010,7,NA
51.8667,10.3333,2010-07-27,9.89999977871776,19.499999564141,14.6999996714294,2010,7,NA
51.8667,10.3333,2010-07-28,12.0199997313321,20.4799995422363,16.2499996367842,2010,7,NA
51.8667,10.3333,2010-07-29,11.1499997507781,19.1599995717406,15.1549996612594,2010,7,NA
51.8667,10.3333,2010-07-30,9.77999978139997,18.359999589622,14.069999685511,2010,7,NA
51.8667,10.3333,2010-07-31,10.339999768883,19.3899995665997,14.8649996677414,2010,7,NA
51.8667,10.3333,2010-08-01,10.609999762848,22.9199994876981,16.764999625273,2010,8,NA
51.8667,10.3333,2010-08-02,14.5599996745586,25.0699994396418,19.8149995571002,2010,8,NA
51.8667,10.3333,2010-08-03,13.8099996913224,22.0799995064735,17.944999598898,2010,8,NA
51.8667,10.3333,2010-08-04,10.7799997590482,18.2699995916337,14.524999675341,2010,8,NA
51.8667,10.3333,2010-08-05,9.67999978363514,20.6299995388836,15.1549996612594,2010,8,NA
51.8667,10.3333,2010-08-06,12.0699997302145,17.779999602586,14.9249996664003,2010,8,NA
51.8667,10.3333,2010-08-07,11.8099997360259,16.1199996396899,13.9649996878579,2010,8,NA
51.8667,10.3333,2010-08-08,11.5599997416139,22.5499994959682,17.054999618791,2010,8,NA
51.8667,10.3333,2010-08-09,12.7699997145683,21.6399995163083,17.2049996154383,2010,8,NA
51.8667,10.3333,2010-08-10,12.7699997145683,18.7199995815754,15.7449996480718,2010,8,NA
51.8667,10.3333,2010-08-11,12.0099997315556,23.5699994731694,17.7899996023625,2010,8,NA
51.8667,10.3333,2010-08-12,14.1799996830523,20.4399995431304,17.3099996130913,2010,8,NA
51.8667,10.3333,2010-08-13,12.7599997147918,17.779999602586,15.2699996586889,2010,8,NA
51.8667,10.3333,2010-08-14,10.3099997695535,19.9399995543063,15.1249996619299,2010,8,NA
51.8667,10.3333,2010-08-15,11.7999997362494,18.8799995779991,15.3399996571243,2010,8,NA
51.8667,10.3333,2010-08-16,13.2299997042865,16.3999996334314,14.8149996688589,2010,8,NA
51.8667,10.3333,2010-08-17,12.059999730438,16.7899996247143,14.4249996775761,2010,8,NA
51.8667,10.3333,2010-08-18,11.1599997505546,15.2699996586889,13.2149997046217,2010,8,NA
51.8667,10.3333,2010-08-19,11.2599997483194,17.2099996153265,14.234999681823,2010,8,NA
51.8667,10.3333,2010-08-20,9.37999979034066,18.919999577105,14.1499996837229,2010,8,NA
51.8667,10.3333,2010-08-21,9.62999978475273,23.1499994825572,16.389999633655,2010,8,NA
51.8667,10.3333,2010-08-22,14.7799996696413,26.4999994076788,20.63999953866,2010,8,NA
51.8667,10.3333,2010-08-23,15.0699996631593,24.7299994472414,19.8999995552003,2010,8,NA
51.8667,10.3333,2010-08-24,14.5199996754527,20.5599995404482,17.5399996079504,2010,8,NA
51.8667,10.3333,2010-08-25,11.5799997411668,18.1799995936453,14.8799996674061,2010,8,NA
51.8667,10.3333,2010-08-26,10.8299997579306,16.8499996233732,13.8399996906519,2010,8,NA
51.8667,10.3333,2010-08-27,11.5199997425079,17.3399996124208,14.4299996774644,2010,8,NA
51.8667,10.3333,2010-08-28,9.759999781847,17.529999608174,13.6449996950105,2010,8,NA
51.8667,10.3333,2010-08-29,8.64999980665743,15.229999659583,11.9399997331202,2010,8,NA
51.8667,10.3333,2010-08-30,6.52999985404313,13.2499997038394,9.88999977894127,2010,8,NA
51.8667,10.3333,2010-08-31,5.71999987214804,10.31999976933,8.01999982073903,2010,8,NA
51.8667,10.3333,2010-09-01,8.30999981425703,15.1599996611476,11.7349997377023,2010,9,NA
51.8667,10.3333,2010-09-02,9.33999979123473,14.379999678582,11.8599997349083,2010,9,NA
51.8667,10.3333,2010-09-03,9.60999978519976,13.5599996969104,11.5849997410551,2010,9,NA
51.8667,10.3333,2010-09-04,8.50999980978668,15.4899996537715,11.9999997317791,2010,9,NA
51.8667,10.3333,2010-09-05,5.82999986968935,14.1699996832758,9.99999977648258,2010,9,NA
51.8667,10.3333,2010-09-06,4.48999989964068,14.7299996707588,9.60999978519976,2010,9,NA
51.8667,10.3333,2010-09-07,4.45999990031123,15.1099996622652,9.78499978128821,2010,9,NA
51.8667,10.3333,2010-09-08,5.739999871701,15.8899996448308,10.8149997582659,2010,9,NA
51.8667,10.3333,2010-09-09,10.3799997679889,15.809999646619,13.0949997073039,2010,9,NA
51.8667,10.3333,2010-09-10,11.7999997362494,15.0199996642768,13.4099997002631,2010,9,NA
51.8667,10.3333,2010-09-11,9.88999977894127,17.3799996115267,13.634999695234,2010,9,NA
51.8667,10.3333,2010-09-12,9.67999978363514,19.1699995715171,14.4249996775761,2010,9,NA
51.8667,10.3333,2010-09-13,10.6599997617304,20.389999544248,15.5249996529892,2010,9,NA
51.8667,10.3333,2010-09-14,10.3699997682124,14.7699996698648,12.5699997190386,2010,9,NA
51.8667,10.3333,2010-09-15,10.2199997715652,13.8899996895343,12.0549997305498,2010,9,NA
51.8667,10.3333,2010-09-16,9.05999979749322,14.6799996718764,11.8699997346848,2010,9,NA
51.8667,10.3333,2010-09-17,6.029999865219,14.0599996857345,10.0449997754768,2010,9,NA
51.8667,10.3333,2010-09-18,7.41999983415008,11.9999997317791,9.70999978296459,2010,9,NA
51.8667,10.3333,2010-09-19,6.08999986387789,10.6899997610599,8.38999981246889,2010,9,NA
51.8667,10.3333,2010-09-20,5.17999988421798,13.0599997080863,9.11999979615211,2010,9,NA
51.8667,10.3333,2010-09-21,9.46999978832901,16.0199996419251,12.7449997151271,2010,9,NA
51.8667,10.3333,2010-09-22,8.12999981828034,17.509999608621,12.8199997134507,2010,9,NA
51.8667,10.3333,2010-09-23,7.03999984264374,19.7099995594472,13.3749997010455,2010,9,NA
51.8667,10.3333,2010-09-24,9.66999978385866,21.219999525696,15.4449996547773,2010,9,NA
51.8667,10.3333,2010-09-25,11.189999749884,17.9199995994568,14.5549996746704,2010,9,NA
51.8667,10.3333,2010-09-26,6.33999985828996,11.2699997480959,8.80499980319291,2010,9,NA
51.8667,10.3333,2010-09-27,6.03999986499548,9.28999979235232,7.6649998286739,2010,9,NA
51.8667,10.3333,2010-09-28,7.17999983951449,9.32999979145825,8.25499981548637,2010,9,NA
51.8667,10.3333,2010-09-29,6.70999985001981,9.99999977648258,8.3549998132512,2010,9,NA
51.8667,10.3333,2010-09-30,5.00999988801777,9.23999979346991,7.12499984074384,2010,9,NA
51.8667,10.3333,2010-10-01,4.65999989584088,10.6499997619539,7.65499982889742,2010,10,2011
51.8667,10.3333,2010-10-02,5.90999986790121,10.8299997579306,8.36999981291592,2010,10,2011
51.8667,10.3333,2010-10-03,7.40999983437359,12.4599997214973,9.93499977793545,2010,10,2011
51.8667,10.3333,2010-10-04,9.759999781847,19.6099995616823,14.6849996717647,2010,10,2011
51.8667,10.3333,2010-10-05,7.64999982900918,18.7099995817989,13.179999705404,2010,10,2011
51.8667,10.3333,2010-10-06,7.01999984309077,17.7699996028095,12.3949997229502,2010,10,2011
51.8667,10.3333,2010-10-07,11.2299997489899,19.0399995744228,15.1349996617064,2010,10,2011
51.8667,10.3333,2010-10-08,10.1099997740239,18.2499995920807,14.1799996830523,2010,10,2011
51.8667,10.3333,2010-10-09,7.14999984018505,16.7099996265024,11.9299997333437,2010,10,2011
51.8667,10.3333,2010-10-10,4.62999989651144,16.1499996390194,10.3899997677654,2010,10,2011
51.8667,10.3333,2010-10-11,1.72999996133149,14.4599996767938,8.09499981906265,2010,10,2011
51.8667,10.3333,2010-10-12,0.399999991059303,13.3099997024983,6.85499984677881,2010,10,2011
51.8667,10.3333,2010-10-13,-0.239999994635582,10.1399997733533,4.94999988935888,2010,10,2011
51.8667,10.3333,2010-10-14,-0.139999996870756,10.31999976933,5.08999988622963,2010,10,2011
51.8667,10.3333,2010-10-15,-0.61999998614192,8.95999979972839,4.16999990679324,2010,10,2011
51.8667,10.3333,2010-10-16,6.34999985806644,8.8999998010695,7.62499982956797,2010,10,2011
51.8667,10.3333,2010-10-17,2.31999994814396,6.46999985538423,4.39499990176409,2010,10,2011
51.8667,10.3333,2010-10-18,0.519999988377094,5.9699998665601,3.2449999274686,2010,10,2011
51.8667,10.3333,2010-10-19,-0.979999978095293,7.88999982364476,3.45499992277473,2010,10,2011
51.8667,10.3333,2010-10-20,3.00999993272126,6.27999985963106,4.64499989617616,2010,10,2011
51.8667,10.3333,2010-10-21,1.30999997071922,6.26999985985458,3.7899999152869,2010,10,2011
51.8667,10.3333,2010-10-22,0.739999983459711,4.78999989293516,2.76499993819743,2010,10,2011
51.8667,10.3333,2010-10-23,1.26999997161329,6.72999984957278,3.99999991059303,2010,10,2011
51.8667,10.3333,2010-10-24,1.09999997541308,7.88999982364476,4.49499989952892,2010,10,2011
51.8667,10.3333,2010-10-25,1.69999996200204,6.64999985136092,4.17499990668148,2010,10,2011
51.8667,10.3333,2010-10-26,0.879999980330467,6.4899998549372,3.68499991763383,2010,10,2011
51.8667,10.3333,2010-10-27,2.55999994277954,6.15999986231327,4.35999990254641,2010,10,2011
51.8667,10.3333,2010-10-28,3.28999992646277,7.01999984309077,5.15499988477677,2010,10,2011
51.8667,10.3333,2010-10-29,5.07999988645315,9.64999978430569,7.36499983537942,2010,10,2011
51.8667,10.3333,2010-10-30,4.07999990880489,13.4399996995926,8.75999980419874,2010,10,2011
51.8667,10.3333,2010-10-31,7.36999983526766,13.6399996951222,10.504999765195,2010,10,2011
51.8667,10.3333,2010-11-01,3.36999992467463,13.3199997022748,8.34499981347471,2010,11,2011
51.8667,10.3333,2010-11-02,3.85999991372228,10.31999976933,7.08999984152615,2010,11,2011
51.8667,10.3333,2010-11-03,4.50999989919364,8.93999980017543,6.72499984968454,2010,11,2011
51.8667,10.3333,2010-11-04,7.75999982655048,10.5099997650832,9.13499979581684,2010,11,2011
51.8667,10.3333,2010-11-05,8.8999998010695,13.0099997092038,10.9549997551367,2010,11,2011
51.8667,10.3333,2010-11-06,9.89999977871776,12.5899997185916,11.2449997486547,2010,11,2011
51.8667,10.3333,2010-11-07,2.61999994143844,11.2199997492135,6.91999984532595,2010,11,2011
51.8667,10.3333,2010-11-08,-0.0699999984353781,3.86999991349876,1.89999995753169,2010,11,2011
51.8667,10.3333,2010-11-09,-0.669999985024333,2.68999993987381,1.00999997742474,2010,11,2011
51.8667,10.3333,2010-11-10,0.0499999988824129,5.20999988354743,2.62999994121492,2010,11,2011
51.8667,10.3333,2010-11-11,0.829999981448054,7.14999984018505,3.98999991081655,2010,11,2011
51.8667,10.3333,2010-11-12,1.00999997742474,5.2799998819828,3.14499992970377,2010,11,2011
51.8667,10.3333,2010-11-13,4.7099998947233,9.53999978676438,7.12499984074384,2010,11,2011
51.8667,10.3333,2010-11-14,7.5199998319149,10.6799997612834,9.09999979659915,2010,11,2011
51.8667,10.3333,2010-11-15,9.11999979615211,14.4799996763468,11.7999997362494,2010,11,2011
51.8667,10.3333,2010-11-16,3.44999992288649,11.7099997382611,7.5799998305738,2010,11,2011
51.8667,10.3333,2010-11-17,1.40999996848404,4.03999990969896,2.7249999390915,2010,11,2011
51.8667,10.3333,2010-11-18,0.96999997831881,2.2399999499321,1.60499996412545,2010,11,2011
51.8667,10.3333,2010-11-19,1.40999996848404,3.51999992132187,2.46499994490296,2010,11,2011
51.8667,10.3333,2010-11-20,1.93999995663762,4.78999989293516,3.36499992478639,2010,11,2011
51.8667,10.3333,2010-11-21,1.26999997161329,6.12999986298382,3.69999991729856,2010,11,2011
51.8667,10.3333,2010-11-22,-1.03999997675419,3.46999992243946,1.21499997284263,2010,11,2011
51.8667,10.3333,2010-11-23,-0.26999999396503,1.42999996803701,0.57999998703599,2010,11,2011
51.8667,10.3333,2010-11-24,-1.1499999742955,1.70999996177852,0.279999993741512,2010,11,2011
51.8667,10.3333,2010-11-25,-4.62999989651144,-0.26999999396503,-2.44999994523823,2010,11,2011
51.8667,10.3333,2010-11-26,-4.10999990813434,-0.0499999988824129,-2.07999995350838,2010,11,2011
51.8667,10.3333,2010-11-27,-6.43999985605478,-2.18999995104969,-4.31499990355223,2010,11,2011
51.8667,10.3333,2010-11-28,-9.11999979615211,-2.95999993383884,-6.03999986499548,2010,11,2011
51.8667,10.3333,2010-11-29,-9.94999977760017,-3.90999991260469,-6.92999984510243,2010,11,2011
51.8667,10.3333,2010-11-30,-5.94999986700714,-3.58999991975725,-4.76999989338219,2010,11,2011
51.8667,10.3333,2010-12-01,-10.4999997653067,-3.79999991506338,-7.14999984018505,2010,12,2011
51.8667,10.3333,2010-12-02,-12.4499997217208,-9.91999977827072,-11.1849997499958,2010,12,2011
51.8667,10.3333,2010-12-03,-13.6399996951222,-9.90999977849424,-11.7749997368082,2010,12,2011
51.8667,10.3333,2010-12-04,-11.9399997331202,-6.11999986320734,-9.02999979816377,2010,12,2011
51.8667,10.3333,2010-12-05,-9.83999978005886,-3.40999992378056,-6.62499985191971,2010,12,2011
51.8667,10.3333,2010-12-06,-3.65999991819263,-1.10999997518957,-2.3849999466911,2010,12,2011
51.8667,10.3333,2010-12-07,-8.42999981157482,-0.649999985471368,-4.53999989852309,2010,12,2011
51.8667,10.3333,2010-12-08,-8.38999981246889,-2.61999994143844,-5.50499987695366,2010,12,2011
51.8667,10.3333,2010-12-09,-5.45999987795949,-2.67999994009733,-4.06999990902841,2010,12,2011
51.8667,10.3333,2010-12-10,-5.49999987706542,-1.55999996513128,-3.52999992109835,2010,12,2011
51.8667,10.3333,2010-12-11,-7.00999984331429,0.0299999993294477,-3.48999992199242,2010,12,2011
51.8667,10.3333,2010-12-12,-0.0899999979883432,3.28999992646277,1.59999996423721,2010,12,2011
51.8667,10.3333,2010-12-13,-6.55999985337257,1.79999995976686,-2.37999994680285,2010,12,2011
51.8667,10.3333,2010-12-14,-9.05999979749322,-5.02999988757074,-7.04499984253198,2010,12,2011
51.8667,10.3333,2010-12-15,-8.33999981358647,-4.45999990031123,-6.39999985694885,2010,12,2011
51.8667,10.3333,2010-12-16,-8.49999981001019,-6.3699998576194,-7.4349998338148,2010,12,2011
51.8667,10.3333,2010-12-17,-8.2699998151511,-4.51999989897013,-6.39499985706061,2010,12,2011
51.8667,10.3333,2010-12-18,-8.72999980486929,-4.22999990545213,-6.47999985516071,2010,12,2011
51.8667,10.3333,2010-12-19,-10.4199997670949,-5.93999986723065,-8.17999981716275,2010,12,2011
51.8667,10.3333,2010-12-20,-10.8699997570366,-2.66999994032085,-6.76999984867871,2010,12,2011
51.8667,10.3333,2010-12-21,-12.7299997154623,-2.33999994769692,-7.53499983157963,2010,12,2011
51.8667,10.3333,2010-12-22,-11.6999997384846,-2.79999993741512,-7.24999983794987,2010,12,2011
51.8667,10.3333,2010-12-23,-4.1899999063462,-0.719999983906746,-2.45499994512647,2010,12,2011
51.8667,10.3333,2010-12-24,-3.0399999320507,0.809999981895089,-1.11499997507781,2010,12,2011
51.8667,10.3333,2010-12-25,-7.12999984063208,-2.07999995350838,-4.60499989707023,2010,12,2011
51.8667,10.3333,2010-12-26,-13.7299996931106,-6.72999984957278,-10.2299997713417,2010,12,2011
51.8667,10.3333,2010-12-27,-12.7899997141212,-4.15999990701675,-8.47499981056899,2010,12,2011
51.8667,10.3333,2010-12-28,-6.40999985672534,-2.009999955073,-4.20999990589917,2010,12,2011
51.8667,10.3333,2010-12-29,-12.0899997297674,-2.26999994926155,-7.17999983951449,2010,12,2011
51.8667,10.3333,2010-12-30,-12.5099997203797,-5.25999988242984,-8.88499980140477,2010,12,2011
51.8667,10.3333,2010-12-31,-7.91999982297421,-1.02999997697771,-4.47499989997596,2010,12,2011
51.8667,10.3333,2011-01-01,-1.97999995574355,-0.0299999993294477,-1.0049999775365,2011,1,2011
51.8667,10.3333,2011-01-02,-1.50999996624887,0.899999979883432,-0.304999993182719,2011,1,2011
51.8667,10.3333,2011-01-03,-2.25999994948506,-0.61999998614192,-1.43999996781349,2011,1,2011
51.8667,10.3333,2011-01-04,-3.60999991931021,-1.36999996937811,-2.48999994434416,2011,1,2011
51.8667,10.3333,2011-01-05,-6.04999986477196,-1.88999995775521,-3.96999991126359,2011,1,2011
51.8667,10.3333,2011-01-06,-8.56999980844557,-2.11999995261431,-5.34499988052994,2011,1,2011
51.8667,10.3333,2011-01-07,-2.65999994054437,6.21999986097217,1.7799999602139,2011,1,2011
51.8667,10.3333,2011-01-08,0.819999981671572,6.81999984756112,3.81999991461635,2011,1,2011
51.8667,10.3333,2011-01-09,4.96999988891184,9.16999979503453,7.06999984197319,2011,1,2011
51.8667,10.3333,2011-01-10,-0.519999988377094,7.9799998216331,3.729999916628,2011,1,2011
51.8667,10.3333,2011-01-11,-4.56999989785254,1.8399999588728,-1.36499996948987,2011,1,2011
51.8667,10.3333,2011-01-12,-5.58999987505376,2.45999994501472,-1.56499996501952,2011,1,2011
51.8667,10.3333,2011-01-13,0.329999992623925,3.68999991752207,2.009999955073,2011,1,2011
51.8667,10.3333,2011-01-14,3.46999992243946,8.78999980352819,6.12999986298382,2011,1,2011
51.8667,10.3333,2011-01-15,6.32999985851347,9.43999978899956,7.88499982375652,2011,1,2011
51.8667,10.3333,2011-01-16,4.78999989293516,7.07999984174967,5.93499986734241,2011,1,2011
51.8667,10.3333,2011-01-17,3.44999992288649,7.96999982185662,5.70999987237155,2011,1,2011
51.8667,10.3333,2011-01-18,1.80999995954335,7.86999982409179,4.83999989181757,2011,1,2011
51.8667,10.3333,2011-01-19,0.959999978542328,5.59999987483025,3.27999992668629,2011,1,2011
51.8667,10.3333,2011-01-20,-0.999999977648258,1.50999996624887,0.254999994300306,2011,1,2011
51.8667,10.3333,2011-01-21,-3.35999992489815,-0.599999986588955,-1.97999995574355,2011,1,2011
51.8667,10.3333,2011-01-22,-4.84999989159405,-1.88999995775521,-3.36999992467463,2011,1,2011
51.8667,10.3333,2011-01-23,-3.729999916628,0.00999999977648258,-1.85999995842576,2011,1,2011
51.8667,10.3333,2011-01-24,-2.19999995082617,0.829999981448054,-0.684999984689057,2011,1,2011
51.8667,10.3333,2011-01-25,-0.92999997921288,1.10999997518957,0.0899999979883432,2011,1,2011
51.8667,10.3333,2011-01-26,-0.729999983683228,1.15999997407198,0.214999995194376,2011,1,2011
51.8667,10.3333,2011-01-27,-3.11999993026257,-0.609999986365438,-1.864999958314,2011,1,2011
51.8667,10.3333,2011-01-28,-5.89999986812472,-3.0399999320507,-4.46999990008771,2011,1,2011
51.8667,10.3333,2011-01-29,-8.15999981760979,-2.65999994054437,-5.40999987907708,2011,1,2011
51.8667,10.3333,2011-01-30,-8.86999980174005,-0.429999990388751,-4.6499998960644,2011,1,2011
51.8667,10.3333,2011-01-31,-8.74999980442226,-1.38999996893108,-5.06999988667667,2011,1,2011
51.8667,10.3333,2011-02-01,-8.30999981425703,-0.689999984577298,-4.49999989941716,2011,2,2011
51.8667,10.3333,2011-02-02,-8.47999981045723,-0.599999986588955,-4.53999989852309,2011,2,2011
51.8667,10.3333,2011-02-03,-3.97999991104007,0.539999987930059,-1.719999961555,2011,2,2011
51.8667,10.3333,2011-02-04,-1.69999996200204,1.56999996490777,-0.0649999985471368,2011,2,2011
51.8667,10.3333,2011-02-05,-0.179999995976686,6.75999984890223,3.28999992646277,2011,2,2011
51.8667,10.3333,2011-02-06,6.1999998614192,7.86999982409179,7.0349998427555,2011,2,2011
51.8667,10.3333,2011-02-07,4.67999989539385,7.84999982453883,6.26499985996634,2011,2,2011
51.8667,10.3333,2011-02-08,3.28999992646277,8.02999982051551,5.65999987348914,2011,2,2011
51.8667,10.3333,2011-02-09,-1.62999996356666,6.40999985672534,2.38999994657934,2011,2,2011
51.8667,10.3333,2011-02-10,-3.28999992646277,5.75999987125397,1.2349999723956,2011,2,2011
51.8667,10.3333,2011-02-11,-0.769999982789159,6.50999985449016,2.8699999358505,2011,2,2011
51.8667,10.3333,2011-02-12,-0.389999991282821,6.68999985046685,3.14999992959201,2011,2,2011
51.8667,10.3333,2011-02-13,-3.3299999255687,0.34999999217689,-1.4899999666959,2011,2,2011
51.8667,10.3333,2011-02-14,-0.919999979436398,2.009999955073,0.544999987818301,2011,2,2011
51.8667,10.3333,2011-02-15,-0.489999989047647,2.64999994076788,1.07999997586012,2011,2,2011
51.8667,10.3333,2011-02-16,-0.519999988377094,2.14999995194376,0.81499998178333,2011,2,2011
51.8667,10.3333,2011-02-17,-0.959999978542328,5.37999987974763,2.20999995060265,2011,2,2011
51.8667,10.3333,2011-02-18,-3.53999992087483,-0.0799999982118607,-1.80999995954335,2011,2,2011
51.8667,10.3333,2011-02-19,-3.4999999217689,-2.16999995149672,-2.83499993663281,2011,2,2011
51.8667,10.3333,2011-02-20,-5.67999987304211,-3.0399999320507,-4.35999990254641,2011,2,2011
51.8667,10.3333,2011-02-21,-8.73999980464578,-4.12999990768731,-6.43499985616654,2011,2,2011
51.8667,10.3333,2011-02-22,-10.9999997541308,-5.17999988421798,-8.08999981917441,2011,2,2011
51.8667,10.3333,2011-02-23,-12.349999723956,-3.97999991104007,-8.16499981749803,2011,2,2011
51.8667,10.3333,2011-02-24,-12.2699997257441,-0.799999982118607,-6.53499985393137,2011,2,2011
51.8667,10.3333,2011-02-25,-5.62999987415969,2.67999994009733,-1.47499996703118,2011,2,2011
51.8667,10.3333,2011-02-26,-4.51999989897013,5.09999988600612,0.289999993517995,2011,2,2011
51.8667,10.3333,2011-02-27,-2.81999993696809,6.47999985516071,1.82999995909631,2011,2,2011
51.8667,10.3333,2011-02-28,-1.11999997496605,3.58999991975725,1.2349999723956,2011,2,2011
51.8667,10.3333,2011-03-01,-1.30999997071922,5.61999987438321,2.154999951832,2011,3,2011
51.8667,10.3333,2011-03-02,-2.91999993473291,4.58999989740551,0.834999981336296,2011,3,2011
51.8667,10.3333,2011-03-03,-3.96999991126359,2.95999993383884,-0.50499998871237,2011,3,2011
51.8667,10.3333,2011-03-04,-4.44999990053475,2.95999993383884,-0.744999983347952,2011,3,2011
51.8667,10.3333,2011-03-05,-4.99999988824129,6.97999984398484,0.989999977871776,2011,3,2011
51.8667,10.3333,2011-03-06,-4.55999989807606,2.98999993316829,-0.784999982453883,2011,3,2011
51.8667,10.3333,2011-03-07,-5.01999988779426,2.28999994881451,-1.36499996948987,2011,3,2011
51.8667,10.3333,2011-03-08,-7.36999983526766,3.5599999204278,-1.90499995741993,2011,3,2011
51.8667,10.3333,2011-03-09,-4.54999989829957,8.04999982006848,1.74999996088445,2011,3,2011
51.8667,10.3333,2011-03-10,1.70999996177852,9.32999979145825,5.51999987661839,2011,3,2011
51.8667,10.3333,2011-03-11,1.80999995954335,6.13999986276031,3.97499991115183,2011,3,2011
51.8667,10.3333,2011-03-12,1.35999996960163,6.68999985046685,4.02499991003424,2011,3,2011
51.8667,10.3333,2011-03-13,0.319999992847443,10.629999762401,5.47499987762421,2011,3,2011
51.8667,10.3333,2011-03-14,5.31999988108873,11.8699997346848,8.59499980788678,2011,3,2011
51.8667,10.3333,2011-03-15,5.67999987304211,10.339999768883,8.00999982096255,2011,3,2011
51.8667,10.3333,2011-03-16,4.32999990321696,9.95999977737665,7.1449998402968,2011,3,2011
51.8667,10.3333,2011-03-17,1.67999996244907,4.80999989248812,3.2449999274686,2011,3,2011
51.8667,10.3333,2011-03-18,1.42999996803701,4.06999990902841,2.74999993853271,2011,3,2011
51.8667,10.3333,2011-03-19,0.879999980330467,3.04999993182719,1.96499995607883,2011,3,2011
51.8667,10.3333,2011-03-20,-1.99999995529652,5.40999987907708,1.70499996189028,2011,3,2011
51.8667,10.3333,2011-03-21,-2.51999994367361,7.39999983459711,2.43999994546175,2011,3,2011
51.8667,10.3333,2011-03-22,-1.53999996557832,10.7499997597188,4.60499989707023,2011,3,2011
51.8667,10.3333,2011-03-23,0.179999995976686,13.1599997058511,6.66999985091388,2011,3,2011
51.8667,10.3333,2011-03-24,1.49999996647239,11.9699997324497,6.73499984946102,2011,3,2011
51.8667,10.3333,2011-03-25,0.319999992847443,12.9499997105449,6.63499985169619,2011,3,2011
51.8667,10.3333,2011-03-26,1.6099999640137,11.209999749437,6.40999985672534,2011,3,2011
51.8667,10.3333,2011-03-27,-2.4699999447912,3.89999991282821,0.714999984018505,2011,3,2011
51.8667,10.3333,2011-03-28,-3.94999991171062,9.03999979794025,2.54499994311482,2011,3,2011
51.8667,10.3333,2011-03-29,-2.26999994926155,8.98999979905784,3.35999992489815,2011,3,2011
51.8667,10.3333,2011-03-30,-2.29999994859099,12.3099997248501,5.00499988812953,2011,3,2011
51.8667,10.3333,2011-03-31,0.909999979659915,14.9499996658415,7.92999982275069,2011,3,2011
51.8667,10.3333,2011-04-01,7.20999983884394,11.1399997510016,9.17499979492277,2011,4,2011
51.8667,10.3333,2011-04-02,9.56999978609383,13.7399996928871,11.6549997394904,2011,4,2011
51.8667,10.3333,2011-04-03,7.62999982945621,19.809999557212,13.7199996933341,2011,4,2011
51.8667,10.3333,2011-04-04,8.4399998113513,18.2299995925277,13.3349997019395,2011,4,2011
51.8667,10.3333,2011-04-05,5.15999988466501,10.4199997670949,7.78999982587993,2011,4,2011
51.8667,10.3333,2011-04-06,2.96999993361533,10.359999768436,6.66499985102564,2011,4,2011
51.8667,10.3333,2011-04-07,8.06999981962144,15.6899996493012,11.8799997344613,2011,4,2011
51.8667,10.3333,2011-04-08,3.93999991193414,17.1799996159971,10.5599997639656,2011,4,2011
51.8667,10.3333,2011-04-09,2.29999994859099,13.3999997004867,7.84999982453883,2011,4,2011
51.8667,10.3333,2011-04-10,2.66999994032085,11.8399997353554,7.25499983783811,2011,4,2011
51.8667,10.3333,2011-04-11,1.07999997586012,16.2599996365607,8.6699998062104,2011,4,2011
51.8667,10.3333,2011-04-12,5.19999988377094,18.8799995779991,12.039999730885,2011,4,2011
51.8667,10.3333,2011-04-13,2.9299999345094,11.2499997485429,7.08999984152615,2011,4,2011
51.8667,10.3333,2011-04-14,2.11999995261431,9.49999978765845,5.80999987013638,2011,4,2011
51.8667,10.3333,2011-04-15,-0.649999985471368,9.87999977916479,4.61499989684671,2011,4,2011
51.8667,10.3333,2011-04-16,-0.869999980553985,10.1999997720122,4.66499989572912,2011,4,2011
51.8667,10.3333,2011-04-17,3.25999992713332,11.8599997349083,7.55999983102083,2011,4,2011
51.8667,10.3333,2011-04-18,4.10999990813434,14.5899996738881,9.34999979101121,2011,4,2011
51.8667,10.3333,2011-04-19,2.91999993473291,16.4699996318668,9.69499978329986,2011,4,2011
51.8667,10.3333,2011-04-20,4.74999989382923,18.2999995909631,11.5249997423962,2011,4,2011
51.8667,10.3333,2011-04-21,5.63999987393618,20.6299995388836,13.1349997064099,2011,4,2011
51.8667,10.3333,2011-04-22,7.1199998408556,20.5899995397776,13.8549996903166,2011,4,2011
51.8667,10.3333,2011-04-23,7.58999983035028,20.949999531731,14.2699996810406,2011,4,2011
51.8667,10.3333,2011-04-24,8.40999981202185,21.219999525696,14.8149996688589,2011,4,2011
51.8667,10.3333,2011-04-25,6.85999984666705,18.8899995777756,12.8749997122213,2011,4,2011
51.8667,10.3333,2011-04-26,5.28999988175929,17.3199996128678,11.3049997473136,2011,4,2011
51.8667,10.3333,2011-04-27,5.99999986588955,16.6199996285141,11.3099997472018,2011,4,2011
51.8667,10.3333,2011-04-28,8.18999981693923,14.2999996803701,11.2449997486547,2011,4,2011
51.8667,10.3333,2011-04-29,8.05999981984496,17.2899996135384,12.6749997166917,2011,4,2011
51.8667,10.3333,2011-04-30,7.5199998319149,18.9099995773286,13.2149997046217,2011,4,2011
51.8667,10.3333,2011-05-01,4.62999989651144,15.3899996560067,10.0099997762591,2011,5,NA
51.8667,10.3333,2011-05-02,2.10999995283782,12.5699997190386,7.33999983593822,2011,5,NA
51.8667,10.3333,2011-05-03,1.17999997362494,5.94999986700714,3.56499992031604,2011,5,NA
51.8667,10.3333,2011-05-04,-1.18999997340143,8.55999980866909,3.68499991763383,2011,5,NA
51.8667,10.3333,2011-05-05,-0.609999986365438,8.2699998151511,3.82999991439283,2011,5,NA
51.8667,10.3333,2011-05-06,-0.669999985024333,13.6699996944517,6.49999985471368,2011,5,NA
51.8667,10.3333,2011-05-07,3.58999991975725,18.4299995880574,11.0099997539073,2011,5,NA
51.8667,10.3333,2011-05-08,6.23999986052513,21.9399995096028,14.089999685064,2011,5,NA
51.8667,10.3333,2011-05-09,7.56999983079731,20.8599995337427,14.21499968227,2011,5,NA
51.8667,10.3333,2011-05-10,8.47999981045723,21.9499995093793,15.2149996599182,2011,5,NA
51.8667,10.3333,2011-05-11,9.91999977827072,23.0099994856864,16.4649996319786,2011,5,NA
51.8667,10.3333,2011-05-12,10.7699997592717,20.6699995379895,15.7199996486306,2011,5,NA
51.8667,10.3333,2011-05-13,6.87999984622002,18.359999589622,12.619999717921,2011,5,NA
51.8667,10.3333,2011-05-14,5.76999987103045,16.0499996412545,10.9099997561425,2011,5,NA
51.8667,10.3333,2011-05-15,4.8199998922646,18.3899995889515,11.604999740608,2011,5,NA
51.8667,10.3333,2011-05-16,3.96999991126359,13.6899996940047,8.82999980263412,2011,5,NA
51.8667,10.3333,2011-05-17,5.52999987639487,10.3699997682124,7.94999982230365,2011,5,NA
51.8667,10.3333,2011-05-18,8.09999981895089,12.8999997116625,10.4999997653067,2011,5,NA
51.8667,10.3333,2011-05-19,7.15999983996153,20.079999551177,13.6199996955693,2011,5,NA
51.8667,10.3333,2011-05-20,9.759999781847,21.5999995172024,15.6799996495247,2011,5,NA
51.8667,10.3333,2011-05-21,10.7599997594953,21.259999524802,16.0099996421486,2011,5,NA
51.8667,10.3333,2011-05-22,11.1299997512251,20.5499995406717,15.8399996459484,2011,5,NA
51.8667,10.3333,2011-05-23,7.71999982744455,23.5299994740635,15.624999650754,2011,5,NA
51.8667,10.3333,2011-05-24,6.39999985694885,18.6199995838106,12.5099997203797,2011,5,NA
51.8667,10.3333,2011-05-25,5.18999988399446,16.1799996383488,10.6849997611716,2011,5,NA
51.8667,10.3333,2011-05-26,3.3299999255687,17.7299996037036,10.5299997646362,2011,5,NA
51.8667,10.3333,2011-05-27,7.43999983370304,23.4699994754046,15.4549996545538,2011,5,NA
51.8667,10.3333,2011-05-28,6.79999984800816,14.6999996714294,10.7499997597188,2011,5,NA
51.8667,10.3333,2011-05-29,5.57999987527728,15.8599996455014,10.7199997603893,2011,5,NA
51.8667,10.3333,2011-05-30,10.6399997621775,20.4699995424598,15.5549996523187,2011,5,NA
51.8667,10.3333,2011-05-31,11.0599997527897,26.4299994092435,18.7449995810166,2011,5,NA
51.8667,10.3333,2011-06-01,8.88999980129302,22.0299995075911,15.4599996544421,2011,6,NA
51.8667,10.3333,2011-06-02,6.43999985605478,16.8699996229261,11.6549997394904,2011,6,NA
51.8667,10.3333,2011-06-03,5.41999987885356,19.6399995610118,12.5299997199327,2011,6,NA
51.8667,10.3333,2011-06-04,7.93999982252717,22.3299995008856,15.1349996617064,2011,6,NA
51.8667,10.3333,2011-06-05,12.5299997199327,25.3099994342774,18.919999577105,2011,6,NA
51.8667,10.3333,2011-06-06,13.9499996881932,27.9199993759394,20.9349995320663,2011,6,NA
51.8667,10.3333,2011-06-07,14.1699996832758,25.7599994242191,19.9649995537475,2011,6,NA
51.8667,10.3333,2011-06-08,14.2599996812642,22.9999994859099,18.6299995835871,2011,6,NA
51.8667,10.3333,2011-06-09,9.17999979481101,17.19999961555,13.1899997051805,2011,6,NA
51.8667,10.3333,2011-06-10,7.2899998370558,18.0299995969981,12.6599997170269,2011,6,NA
51.8667,10.3333,2011-06-11,7.93999982252717,17.9299995992333,12.9349997108802,2011,6,NA
51.8667,10.3333,2011-06-12,7.64999982900918,16.1699996385723,11.9099997337908,2011,6,NA
51.8667,10.3333,2011-06-13,7.60999982990324,18.7999995797873,13.2049997048452,2011,6,NA
51.8667,10.3333,2011-06-14,10.3499997686595,20.0199995525181,15.1849996605888,2011,6,NA
51.8667,10.3333,2011-06-15,11.3599997460842,20.4699995424598,15.914999644272,2011,6,NA
51.8667,10.3333,2011-06-16,9.83999978005886,22.399999499321,16.1199996396899,2011,6,NA
51.8667,10.3333,2011-06-17,11.4199997447431,23.2899994794279,17.3549996120855,2011,6,NA
51.8667,10.3333,2011-06-18,8.72999980486929,18.8299995791167,13.779999691993,2011,6,NA
51.8667,10.3333,2011-06-19,8.81999980285764,17.5999996066093,13.2099997047335,2011,6,NA
51.8667,10.3333,2011-06-20,8.50999980978668,13.1299997065216,10.8199997581542,2011,6,NA
51.8667,10.3333,2011-06-21,9.05999979749322,16.7799996249378,12.9199997112155,2011,6,NA
51.8667,10.3333,2011-06-22,10.9599997550249,20.3099995460361,15.6349996505305,2011,6,NA
51.8667,10.3333,2011-06-23,10.7199997603893,22.1599995046854,16.4399996325374,2011,6,NA
51.8667,10.3333,2011-06-24,9.24999979324639,17.4099996108562,13.3299997020513,2011,6,NA
51.8667,10.3333,2011-06-25,8.01999982073903,14.899999666959,11.459999743849,2011,6,NA
51.8667,10.3333,2011-06-26,6.61999985203147,14.7999996691942,10.7099997606128,2011,6,NA
51.8667,10.3333,2011-06-27,11.6499997396022,21.0499995294958,16.349999634549,2011,6,NA
51.8667,10.3333,2011-06-28,11.3399997465312,25.4099994320422,18.3749995892867,2011,6,NA
51.8667,10.3333,2011-06-29,13.9299996886402,27.8899993766099,20.9099995326251,2011,6,NA
51.8667,10.3333,2011-06-30,11.7799997366965,26.999999396503,19.3899995665997,2011,6,NA
51.8667,10.3333,2011-07-01,8.50999980978668,15.8499996457249,12.1799997277558,2011,7,NA
51.8667,10.3333,2011-07-02,7.62999982945621,15.6199996508658,11.624999740161,2011,7,NA
51.8667,10.3333,2011-07-03,7.66999982856214,11.3699997458607,9.51999978721142,2011,7,NA
51.8667,10.3333,2011-07-04,8.99999979883432,11.8599997349083,10.4299997668713,2011,7,NA
51.8667,10.3333,2011-07-05,11.0399997532368,15.0399996638298,13.0399997085333,2011,7,NA
51.8667,10.3333,2011-07-06,11.2799997478724,19.9599995538592,15.6199996508658,2011,7,NA
51.8667,10.3333,2011-07-07,11.0299997534603,25.2999994345009,18.1649995939806,2011,7,NA
51.8667,10.3333,2011-07-08,10.5199997648597,22.7299994919449,16.6249996284023,2011,7,NA
51.8667,10.3333,2011-07-09,12.4799997210503,21.1099995281547,16.7949996246025,2011,7,NA
51.8667,10.3333,2011-07-10,11.6899997387081,24.6299994494766,18.1599995940924,2011,7,NA
51.8667,10.3333,2011-07-11,13.489999698475,21.4099995214492,17.4499996099621,2011,7,NA
51.8667,10.3333,2011-07-12,11.459999743849,21.5199995189905,16.4899996314198,2011,7,NA
51.8667,10.3333,2011-07-13,11.2599997483194,24.3099994566292,17.7849996024743,2011,7,NA
51.8667,10.3333,2011-07-14,12.4599997214973,21.5199995189905,16.9899996202439,2011,7,NA
51.8667,10.3333,2011-07-15,10.9099997561425,16.4599996320903,13.6849996941164,2011,7,NA
51.8667,10.3333,2011-07-16,9.53999978676438,13.1699997056276,11.354999746196,2011,7,NA
51.8667,10.3333,2011-07-17,8.41999981179833,21.9499995093793,15.1849996605888,2011,7,NA
51.8667,10.3333,2011-07-18,11.7299997378141,18.4499995876104,15.0899996627122,2011,7,NA
51.8667,10.3333,2011-07-19,10.2099997717887,18.10999959521,14.1599996834993,2011,7,NA
51.8667,10.3333,2011-07-20,9.0699997972697,21.3399995230138,15.2049996601418,2011,7,NA
51.8667,10.3333,2011-07-21,12.7399997152388,21.0199995301664,16.8799996227026,2011,7,NA
51.8667,10.3333,2011-07-22,11.499999742955,17.7899996023625,14.6449996726587,2011,7,NA
51.8667,10.3333,2011-07-23,9.95999977737665,13.489999698475,11.7249997379258,2011,7,NA
51.8667,10.3333,2011-07-24,9.20999979414046,15.8199996463954,12.514999720268,2011,7,NA
51.8667,10.3333,2011-07-25,8.13999981805682,11.8899997342378,10.0149997761473,2011,7,NA
51.8667,10.3333,2011-07-26,9.10999979637563,15.3399996571243,12.22499972675,2011,7,NA
51.8667,10.3333,2011-07-27,9.70999978296459,19.6899995598942,14.6999996714294,2011,7,NA
51.8667,10.3333,2011-07-28,12.2999997250736,22.109999505803,17.2049996154383,2011,7,NA
51.8667,10.3333,2011-07-29,10.339999768883,21.4699995201081,15.9049996444955,2011,7,NA
51.8667,10.3333,2011-07-30,11.789999736473,17.819999601692,14.8049996690825,2011,7,NA
51.8667,10.3333,2011-07-31,10.8399997577071,12.6099997181445,11.7249997379258,2011,7,NA
51.8667,10.3333,2011-08-01,10.2499997708946,13.6499996948987,11.9499997328967,2011,8,NA
51.8667,10.3333,2011-08-02,11.6599997393787,19.4099995661527,15.5349996527657,2011,8,NA
51.8667,10.3333,2011-08-03,11.2899997476488,23.4399994760752,17.364999611862,2011,8,NA
51.8667,10.3333,2011-08-04,13.9599996879697,26.1999994143844,20.079999551177,2011,8,NA
51.8667,10.3333,2011-08-05,14.6899996716529,23.7899994682521,19.2399995699525,2011,8,NA
51.8667,10.3333,2011-08-06,14.6599996723235,22.8799994885921,18.7699995804578,2011,8,NA
51.8667,10.3333,2011-08-07,13.9999996870756,25.7099994253367,19.8549995562062,2011,8,NA
51.8667,10.3333,2011-08-08,11.9599997326732,18.9499995764345,15.4549996545538,2011,8,NA
51.8667,10.3333,2011-08-09,10.049999775365,15.0799996629357,12.5649997191504,2011,8,NA
51.8667,10.3333,2011-08-10,9.5299997869879,15.9499996434897,12.7399997152388,2011,8,NA
51.8667,10.3333,2011-08-11,8.88999980129302,15.20999966003,12.0499997306615,2011,8,NA
51.8667,10.3333,2011-08-12,12.9199997112155,21.5999995172024,17.2599996142089,2011,8,NA
51.8667,10.3333,2011-08-13,13.1699997056276,17.4099996108562,15.2899996582419,2011,8,NA
51.8667,10.3333,2011-08-14,12.9199997112155,18.9499995764345,15.934999643825,2011,8,NA
51.8667,10.3333,2011-08-15,13.6899996940047,20.2899995464832,16.9899996202439,2011,8,NA
51.8667,10.3333,2011-08-16,10.3799997679889,19.5499995630234,14.9649996655062,2011,8,NA
51.8667,10.3333,2011-08-17,9.11999979615211,17.4299996104091,13.2749997032806,2011,8,NA
51.8667,10.3333,2011-08-18,11.2599997483194,23.3299994785339,17.2949996134266,2011,8,NA
51.8667,10.3333,2011-08-19,12.2999997250736,25.8499994222075,19.0749995736405,2011,8,NA
51.8667,10.3333,2011-08-20,9.0699997972697,18.6099995840341,13.8399996906519,2011,8,NA
51.8667,10.3333,2011-08-21,7.99999982118607,21.6999995149672,14.8499996680766,2011,8,NA
51.8667,10.3333,2011-08-22,10.629999762401,24.3499994557351,17.489999609068,2011,8,NA
51.8667,10.3333,2011-08-23,14.3999996781349,22.8699994888157,18.6349995834753,2011,8,NA
51.8667,10.3333,2011-08-24,14.089999685064,24.389999454841,19.2399995699525,2011,8,NA
51.8667,10.3333,2011-08-25,15.2799996584654,26.149999415502,20.7149995369837,2011,8,NA
51.8667,10.3333,2011-08-26,13.0399997085333,23.4399994760752,18.2399995923042,2011,8,NA
51.8667,10.3333,2011-08-27,15.5899996515363,29.3999993428588,22.4949994971976,2011,8,NA
51.8667,10.3333,2011-08-28,10.5499997641891,15.809999646619,13.179999705404,2011,8,NA
51.8667,10.3333,2011-08-29,9.51999978721142,15.3199996575713,12.4199997223914,2011,8,NA
51.8667,10.3333,2011-08-30,8.16999981738627,13.4399996995926,10.8049997584894,2011,8,NA
51.8667,10.3333,2011-08-31,7.24999983794987,13.1599997058511,10.2049997719005,2011,8,NA
51.8667,10.3333,2011-09-01,7.04999984242022,17.3699996117502,12.2099997270852,2011,9,NA
51.8667,10.3333,2011-09-02,6.84999984689057,15.8199996463954,11.334999746643,2011,9,NA
51.8667,10.3333,2011-09-03,6.05999986454844,22.7799994908273,14.4199996776879,2011,9,NA
51.8667,10.3333,2011-09-04,12.4299997221678,26.0399994179606,19.2349995700642,2011,9,NA
51.8667,10.3333,2011-09-05,14.3499996792525,24.6899994481355,19.519999563694,2011,9,NA
51.8667,10.3333,2011-09-06,10.3899997677654,17.9699995983392,14.1799996830523,2011,9,NA
51.8667,10.3333,2011-09-07,9.8199997805059,17.3499996121973,13.5849996963516,2011,9,NA
51.8667,10.3333,2011-09-08,10.5699997637421,14.7699996698648,12.6699997168034,2011,9,NA
51.8667,10.3333,2011-09-09,9.51999978721142,11.7799997366965,10.6499997619539,2011,9,NA
51.8667,10.3333,2011-09-10,10.5999997630715,17.1099996175617,13.8549996903166,2011,9,NA
51.8667,10.3333,2011-09-11,15.3399996571243,23.1199994832277,19.229999570176,2011,9,NA
51.8667,10.3333,2011-09-12,13.5599996969104,23.3099994789809,18.4349995879456,2011,9,NA
51.8667,10.3333,2011-09-13,11.4899997431785,18.2699995916337,14.8799996674061,2011,9,NA
51.8667,10.3333,2011-09-14,11.1499997507781,18.1499995943159,14.649999672547,2011,9,NA
51.8667,10.3333,2011-09-15,9.55999978631735,14.9799996651709,12.2699997257441,2011,9,NA
51.8667,10.3333,2011-09-16,6.2599998600781,15.3799996562302,10.8199997581542,2011,9,NA
51.8667,10.3333,2011-09-17,5.51999987661839,16.5699996296316,11.044999753125,2011,9,NA
51.8667,10.3333,2011-09-18,10.6599997617304,19.0699995737523,14.8649996677414,2011,9,NA
51.8667,10.3333,2011-09-19,8.32999981380999,13.7199996933341,11.024999753572,2011,9,NA
51.8667,10.3333,2011-09-20,6.47999985516071,13.6599996946752,10.069999774918,2011,9,NA
51.8667,10.3333,2011-09-21,6.04999986477196,17.1199996173382,11.5849997410551,2011,9,NA
51.8667,10.3333,2011-09-22,7.82999982498586,16.2199996374547,12.0249997312203,2011,9,NA
51.8667,10.3333,2011-09-23,7.16999983973801,15.1799996607006,11.1749997502193,2011,9,NA
51.8667,10.3333,2011-09-24,6.2599998600781,15.3399996571243,10.7999997586012,2011,9,NA
51.8667,10.3333,2011-09-25,5.68999987281859,18.0599995963275,11.8749997345731,2011,9,NA
51.8667,10.3333,2011-09-26,7.41999983415008,20.949999531731,14.1849996829405,2011,9,NA
51.8667,10.3333,2011-09-27,9.759999781847,22.5199994966388,16.1399996392429,2011,9,NA
51.8667,10.3333,2011-09-28,10.6399997621775,19.0299995746464,14.8349996684119,2011,9,NA
51.8667,10.3333,2011-09-29,9.02999979816377,20.9899995308369,15.0099996645004,2011,9,NA
51.8667,10.3333,2011-09-30,8.52999980933964,22.939999487251,15.7349996482953,2011,9,NA
51.8667,10.3333,2011-10-01,10.3099997695535,24.0599994622171,17.1849996158853,2011,10,2012
51.8667,10.3333,2011-10-02,10.31999976933,25.2099994365126,17.7649996029213,2011,10,2012
51.8667,10.3333,2011-10-03,10.5199997648597,24.5899994503707,17.5549996076152,2011,10,2012
51.8667,10.3333,2011-10-04,10.4599997662008,22.2599995024502,16.3599996343255,2011,10,2012
51.8667,10.3333,2011-10-05,12.6799997165799,20.1299995500594,16.4049996333197,2011,10,2012
51.8667,10.3333,2011-10-06,12.4299997221678,15.1199996620417,13.7749996921048,2011,10,2012
51.8667,10.3333,2011-10-07,5.82999986968935,15.7299996484071,10.7799997590482,2011,10,2012
51.8667,10.3333,2011-10-08,5.03999988734722,9.01999979838729,7.02999984286726,2011,10,2012
51.8667,10.3333,2011-10-09,2.33999994769692,7.91999982297421,5.12999988533556,2011,10,2012
51.8667,10.3333,2011-10-10,0.699999984353781,10.2299997713417,5.46499987784773,2011,10,2012
51.8667,10.3333,2011-10-11,7.64999982900918,14.7799996696413,11.2149997493252,2011,10,2012
51.8667,10.3333,2011-10-12,8.76999980397522,13.6199996955693,11.1949997497723,2011,10,2012
51.8667,10.3333,2011-10-13,4.54999989829957,10.6699997615069,7.60999982990324,2011,10,2012
51.8667,10.3333,2011-10-14,1.22999997250736,10.8599997572601,6.04499986488372,2011,10,2012
51.8667,10.3333,2011-10-15,-0.96999997831881,8.73999980464578,3.88499991316348,2011,10,2012
51.8667,10.3333,2011-10-16,-1.53999996557832,10.4399997666478,4.44999990053475,2011,10,2012
51.8667,10.3333,2011-10-17,-0.339999992400408,13.8599996902049,6.75999984890223,2011,10,2012
51.8667,10.3333,2011-10-18,2.75999993830919,10.5199997648597,6.63999985158443,2011,10,2012
51.8667,10.3333,2011-10-19,4.21999990567565,13.3299997020513,8.77499980386347,2011,10,2012
51.8667,10.3333,2011-10-20,3.63999991863966,8.91999980062246,6.27999985963106,2011,10,2012
51.8667,10.3333,2011-10-21,1.19999997317791,6.85999984666705,4.02999990992248,2011,10,2012
51.8667,10.3333,2011-10-22,0.26999999396503,8.22999981604517,4.2499999050051,2011,10,2012
51.8667,10.3333,2011-10-23,-1.27999997138977,9.84999977983534,4.28499990422279,2011,10,2012
51.8667,10.3333,2011-10-24,-0.289999993517995,11.4099997449666,5.55999987572432,2011,10,2012
51.8667,10.3333,2011-10-25,1.15999997407198,11.2199997492135,6.18999986164272,2011,10,2012
51.8667,10.3333,2011-10-26,4.66999989561737,9.71999978274107,7.19499983917922,2011,10,2012
51.8667,10.3333,2011-10-27,3.08999993093312,12.0199997313321,7.55499983113259,2011,10,2012
51.8667,10.3333,2011-10-28,1.55999996513128,12.8599997125566,7.20999983884394,2011,10,2012
51.8667,10.3333,2011-10-29,5.35999988019466,14.9999996647239,10.1799997724593,2011,10,2012
51.8667,10.3333,2011-10-30,5.18999988399446,15.1599996611476,10.174999772571,2011,10,2012
51.8667,10.3333,2011-10-31,8.79999980330467,13.8699996899813,11.334999746643,2011,10,2012
51.8667,10.3333,2011-11-01,6.06999986432493,14.6899996716529,10.3799997679889,2011,11,2012
51.8667,10.3333,2011-11-02,5.16999988444149,13.5799996964633,9.37499979045242,2011,11,2012
51.8667,10.3333,2011-11-03,6.01999986544251,12.9799997098744,9.49999978765845,2011,11,2012
51.8667,10.3333,2011-11-04,7.15999983996153,16.6199996285141,11.8899997342378,2011,11,2012
51.8667,10.3333,2011-11-05,5.93999986723065,16.7699996251613,11.354999746196,2011,11,2012
51.8667,10.3333,2011-11-06,4.97999988868833,12.8399997130036,8.90999980084598,2011,11,2012
51.8667,10.3333,2011-11-07,3.3899999242276,14.4499996770173,8.91999980062246,2011,11,2012
51.8667,10.3333,2011-11-08,3.24999992735684,9.65999978408217,6.45499985571951,2011,11,2012
51.8667,10.3333,2011-11-09,2.29999994859099,8.48999981023371,5.39499987941235,2011,11,2012
51.8667,10.3333,2011-11-10,2.009999955073,11.6199997402728,6.81499984767288,2011,11,2012
51.8667,10.3333,2011-11-11,1.19999997317791,6.90999984554946,4.05499990936369,2011,11,2012
51.8667,10.3333,2011-11-12,-2.32999994792044,3.41999992355704,0.544999987818301,2011,11,2012
51.8667,10.3333,2011-11-13,-3.56999992020428,6.4299998562783,1.42999996803701,2011,11,2012
51.8667,10.3333,2011-11-14,-1.92999995686114,9.73999978229403,3.90499991271645,2011,11,2012
51.8667,10.3333,2011-11-15,-1.68999996222556,10.5699997637421,4.43999990075827,2011,11,2012
51.8667,10.3333,2011-11-16,-2.66999994032085,2.34999994747341,-0.159999996423721,2011,11,2012
51.8667,10.3333,2011-11-17,-2.4099999461323,2.81999993696809,0.204999995417893,2011,11,2012
51.8667,10.3333,2011-11-18,-2.22999995015562,5.40999987907708,1.58999996446073,2011,11,2012
51.8667,10.3333,2011-11-19,2.19999995082617,7.19999983906746,4.69999989494681,2011,11,2012
51.8667,10.3333,2011-11-20,3.729999916628,8.52999980933964,6.12999986298382,2011,11,2012
51.8667,10.3333,2011-11-21,-0.559999987483025,8.91999980062246,4.17999990656972,2011,11,2012
51.8667,10.3333,2011-11-22,0.139999996870756,9.94999977760017,5.04499988723546,2011,11,2012
51.8667,10.3333,2011-11-23,-0.849999981001019,7.53999983146787,3.34499992523342,2011,11,2012
51.8667,10.3333,2011-11-24,-0.509999988600612,10.7699997592717,5.12999988533556,2011,11,2012
51.8667,10.3333,2011-11-25,2.20999995060265,8.09999981895089,5.15499988477677,2011,11,2012
51.8667,10.3333,2011-11-26,1.24999997206032,7.85999982431531,4.55499989818782,2011,11,2012
51.8667,10.3333,2011-11-27,3.00999993272126,6.66999985091388,4.83999989181757,2011,11,2012
51.8667,10.3333,2011-11-28,3.85999991372228,7.72999982722104,5.79499987047166,2011,11,2012
51.8667,10.3333,2011-11-29,-0.259999994188547,6.50999985449016,3.12499993015081,2011,11,2012
51.8667,10.3333,2011-11-30,-0.0299999993294477,7.13999984040856,3.55499992053956,2011,11,2012
51.8667,10.3333,2011-12-01,0.34999999217689,7.3499998357147,3.84999991394579,2011,12,2012
51.8667,10.3333,2011-12-02,0.839999981224537,8.42999981157482,4.63499989639968,2011,12,2012
51.8667,10.3333,2011-12-03,1.74999996088445,9.68999978341162,5.71999987214804,2011,12,2012
51.8667,10.3333,2011-12-04,0.96999997831881,4.90999989025295,2.93999993428588,2011,12,2012
51.8667,10.3333,2011-12-05,3.76999991573393,5.31999988108873,4.54499989841133,2011,12,2012
51.8667,10.3333,2011-12-06,-0.249999994412065,3.73999991640449,1.74499996099621,2011,12,2012
51.8667,10.3333,2011-12-07,-0.589999986812472,1.34999996982515,0.379999991506338,2011,12,2012
51.8667,10.3333,2011-12-08,-0.129999997094274,3.19999992847443,1.53499996569008,2011,12,2012
51.8667,10.3333,2011-12-09,1.51999996602535,5.5699998755008,3.54499992076308,2011,12,2012
51.8667,10.3333,2011-12-10,0.549999987706542,6.50999985449016,3.52999992109835,2011,12,2012
51.8667,10.3333,2011-12-11,-0.669999985024333,1.23999997228384,0.284999993629754,2011,12,2012
51.8667,10.3333,2011-12-12,-1.62999996356666,1.16999997384846,-0.229999994859099,2011,12,2012
51.8667,10.3333,2011-12-13,0.509999988600612,4.7099998947233,2.60999994166195,2011,12,2012
51.8667,10.3333,2011-12-14,1.5499999653548,5.30999988131225,3.42999992333353,2011,12,2012
51.8667,10.3333,2011-12-15,2.06999995373189,6.13999986276031,4.1049999082461,2011,12,2012
51.8667,10.3333,2011-12-16,1.80999995954335,3.65999991819263,2.73499993886799,2011,12,2012
51.8667,10.3333,2011-12-17,-1.06999997608364,5.19999988377094,2.06499995384365,2011,12,2012
51.8667,10.3333,2011-12-18,0.219999995082617,1.56999996490777,0.894999979995191,2011,12,2012
51.8667,10.3333,2011-12-19,-0.779999982565641,0.549999987706542,-0.11499999742955,2011,12,2012
51.8667,10.3333,2011-12-20,-1.88999995775521,-0.369999991729856,-1.12999997474253,2011,12,2012
51.8667,10.3333,2011-12-21,-1.98999995552003,1.96999995596707,-0.00999999977648258,2011,12,2012
51.8667,10.3333,2011-12-22,0.809999981895089,2.07999995350838,1.44499996770173,2011,12,2012
51.8667,10.3333,2011-12-23,0.769999982789159,5.39999987930059,3.08499993104488,2011,12,2012
51.8667,10.3333,2011-12-24,4.39999990165234,6.63999985158443,5.51999987661839,2011,12,2012
51.8667,10.3333,2011-12-25,1.09999997541308,4.6499998960644,2.87499993573874,2011,12,2012
51.8667,10.3333,2011-12-26,2.02999995462596,5.31999988108873,3.67499991785735,2011,12,2012
51.8667,10.3333,2011-12-27,5.37999987974763,7.19999983906746,6.28999985940754,2011,12,2012
51.8667,10.3333,2011-12-28,3.90999991260469,6.63999985158443,5.27499988209456,2011,12,2012
51.8667,10.3333,2011-12-29,2.30999994836748,5.00999988801777,3.65999991819263,2011,12,2012
51.8667,10.3333,2011-12-30,0.329999992623925,3.21999992802739,1.77499996032566,2011,12,2012
51.8667,10.3333,2011-12-31,-0.459999989718199,1.92999995686114,0.73499998357147,2011,12,2012
51.8667,10.3333,2012-01-01,-0.499999988824129,3.69999991729856,1.59999996423721,2012,1,2012
51.8667,10.3333,2012-01-02,3.27999992668629,10.4999997653067,6.8899998459965,2012,1,2012
51.8667,10.3333,2012-01-03,1.89999995753169,10.7599997594953,6.32999985851347,2012,1,2012
51.8667,10.3333,2012-01-04,1.22999997250736,7.1199998408556,4.17499990668148,2012,1,2012
51.8667,10.3333,2012-01-05,1.33999997004867,3.74999991618097,2.54499994311482,2012,1,2012
51.8667,10.3333,2012-01-06,0.409999990835786,3.70999991707504,2.05999995395541,2012,1,2012
51.8667,10.3333,2012-01-07,0.239999994635582,2.37999994680285,1.30999997071922,2012,1,2012
51.8667,10.3333,2012-01-08,0.599999986588955,3.92999991215765,2.2649999493733,2012,1,2012
51.8667,10.3333,2012-01-09,1.17999997362494,3.12999993003905,2.154999951832,2012,1,2012
51.8667,10.3333,2012-01-10,1.22999997250736,5.0499998871237,3.13999992981553,2012,1,2012
51.8667,10.3333,2012-01-11,1.93999995663762,4.58999989740551,3.26499992702156,2012,1,2012
51.8667,10.3333,2012-01-12,3.75999991595745,6.10999986343086,4.93499988969415,2012,1,2012
51.8667,10.3333,2012-01-13,1.11999997496605,6.99999984353781,4.05999990925193,2012,1,2012
51.8667,10.3333,2012-01-14,-0.299999993294477,2.05999995395541,0.879999980330467,2012,1,2012
51.8667,10.3333,2012-01-15,-2.61999994143844,1.52999996580184,-0.544999987818301,2012,1,2012
51.8667,10.3333,2012-01-16,-4.80999989248812,-0.699999984353781,-2.75499993842095,2012,1,2012
51.8667,10.3333,2012-01-17,-4.66999989561737,0.949999978765845,-1.85999995842576,2012,1,2012
51.8667,10.3333,2012-01-18,-3.62999991886318,1.29999997094274,-1.16499997396022,2012,1,2012
51.8667,10.3333,2012-01-19,-3.54999992065132,2.80999993719161,-0.369999991729856,2012,1,2012
51.8667,10.3333,2012-01-20,0.679999984800816,3.12999993003905,1.90499995741993,2012,1,2012
51.8667,10.3333,2012-01-21,-0.899999979883432,1.68999996222556,0.394999991171062,2012,1,2012
51.8667,10.3333,2012-01-22,-0.859999980777502,4.10999990813434,1.62499996367842,2012,1,2012
51.8667,10.3333,2012-01-23,1.17999997362494,3.63999991863966,2.4099999461323,2012,1,2012
51.8667,10.3333,2012-01-24,0.219999995082617,2.52999994345009,1.37499996926636,2012,1,2012
51.8667,10.3333,2012-01-25,-0.859999980777502,1.3199999704957,0.229999994859099,2012,1,2012
51.8667,10.3333,2012-01-26,-3.51999992132187,0.749999983236194,-1.38499996904284,2012,1,2012
51.8667,10.3333,2012-01-27,-4.63999989628792,-0.249999994412065,-2.44499994534999,2012,1,2012
51.8667,10.3333,2012-01-28,-3.16999992914498,0.599999986588955,-1.28499997127801,2012,1,2012
51.8667,10.3333,2012-01-29,-5.13999988511205,-0.829999981448054,-2.98499993328005,2012,1,2012
51.8667,10.3333,2012-01-30,-8.01999982073903,-4.55999989807606,-6.28999985940754,2012,1,2012
51.8667,10.3333,2012-01-31,-9.2999997921288,-5.37999987974763,-7.33999983593822,2012,1,2012
51.8667,10.3333,2012-02-01,-12.1999997273088,-6.83999984711409,-9.51999978721142,2012,2,2012
51.8667,10.3333,2012-02-02,-13.8599996902049,-8.6699998062104,-11.2649997482076,2012,2,2012
51.8667,10.3333,2012-02-03,-16.4399996325374,-9.88999977894127,-13.1649997057393,2012,2,2012
51.8667,10.3333,2012-02-04,-15.7599996477365,-8.35999981313944,-12.059999730438,2012,2,2012
51.8667,10.3333,2012-02-05,-16.7799996249378,-9.65999978408217,-13.21999970451,2012,2,2012
51.8667,10.3333,2012-02-06,-18.0199995972216,-8.61999980732799,-13.3199997022748,2012,2,2012
51.8667,10.3333,2012-02-07,-20.0099995527416,-10.0599997751415,-15.0349996639416,2012,2,2012
51.8667,10.3333,2012-02-08,-20.7599995359778,-10.1199997738004,-15.4399996548891,2012,2,2012
51.8667,10.3333,2012-02-09,-13.799999691546,-6.029999865219,-9.91499977838248,2012,2,2012
51.8667,10.3333,2012-02-10,-13.4199997000396,-4.91999989002943,-9.16999979503453,2012,2,2012
51.8667,10.3333,2012-02-11,-15.6099996510893,-8.31999981403351,-11.9649997325614,2012,2,2012
51.8667,10.3333,2012-02-12,-15.769999647513,-6.77999984845519,-11.2749997479841,2012,2,2012
51.8667,10.3333,2012-02-13,-14.7799996696413,-3.91999991238117,-9.34999979101121,2012,2,2012
51.8667,10.3333,2012-02-14,-5.01999988779426,-1.26999997161329,-3.14499992970377,2012,2,2012
51.8667,10.3333,2012-02-15,-2.48999994434416,0.339999992400408,-1.07499997597188,2012,2,2012
51.8667,10.3333,2012-02-16,-1.85999995842576,1.98999995552003,0.0649999985471368,2012,2,2012
51.8667,10.3333,2012-02-17,-3.53999992087483,2.52999994345009,-0.50499998871237,2012,2,2012
51.8667,10.3333,2012-02-18,1.24999997206032,3.40999992378056,2.32999994792044,2012,2,2012
51.8667,10.3333,2012-02-19,1.16999997384846,4.60999989695847,2.88999993540347,2012,2,2012
51.8667,10.3333,2012-02-20,-1.719999961555,4.14999990724027,1.21499997284263,2012,2,2012
51.8667,10.3333,2012-02-21,-2.67999994009733,0.789999982342124,-0.944999978877604,2012,2,2012
51.8667,10.3333,2012-02-22,-1.89999995753169,2.76999993808568,0.434999990276992,2012,2,2012
51.8667,10.3333,2012-02-23,1.30999997071922,6.30999985896051,3.80999991483986,2012,2,2012
51.8667,10.3333,2012-02-24,2.1799999512732,6.97999984398484,4.57999989762902,2012,2,2012
51.8667,10.3333,2012-02-25,3.48999992199242,8.35999981313944,5.92499986756593,2012,2,2012
51.8667,10.3333,2012-02-26,0.869999980553985,4.60999989695847,2.73999993875623,2012,2,2012
51.8667,10.3333,2012-02-27,-2.08999995328486,4.82999989204109,1.36999996937811,2012,2,2012
51.8667,10.3333,2012-02-28,-2.81999993696809,3.52999992109835,0.354999992065132,2012,2,2012
51.8667,10.3333,2012-02-29,3.14999992959201,7.56999983079731,5.35999988019466,2012,2,2012
51.8667,10.3333,2012-03-01,6.41999985650182,9.64999978430569,8.03499982040375,2012,3,2012
51.8667,10.3333,2012-03-02,4.28999990411103,12.4499997217208,8.36999981291592,2012,3,2012
51.8667,10.3333,2012-03-03,2.04999995417893,10.5099997650832,6.27999985963106,2012,3,2012
51.8667,10.3333,2012-03-04,1.4899999666959,8.77999980375171,5.13499988522381,2012,3,2012
51.8667,10.3333,2012-03-05,2.66999994032085,9.51999978721142,6.09499986376613,2012,3,2012
51.8667,10.3333,2012-03-06,-0.699999984353781,4.59999989718199,1.9499999564141,2012,3,2012
51.8667,10.3333,2012-03-07,-2.35999994724989,6.78999984823167,2.21499995049089,2012,3,2012
51.8667,10.3333,2012-03-08,-2.48999994434416,6.67999985069036,2.0949999531731,2012,3,2012
51.8667,10.3333,2012-03-09,-0.789999982342124,5.16999988444149,2.18999995104969,2012,3,2012
51.8667,10.3333,2012-03-10,-1.63999996334314,6.63999985158443,2.49999994412065,2012,3,2012
51.8667,10.3333,2012-03-11,4.07999990880489,7.54999983124435,5.81499987002462,2012,3,2012
51.8667,10.3333,2012-03-12,4.09999990835786,6.45999985560775,5.2799998819828,2012,3,2012
51.8667,10.3333,2012-03-13,3.63999991863966,7.3499998357147,5.49499987717718,2012,3,2012
51.8667,10.3333,2012-03-14,3.51999992132187,5.12999988533556,4.32499990332872,2012,3,2012
51.8667,10.3333,2012-03-15,2.51999994367361,4.28999990411103,3.40499992389232,2012,3,2012
51.8667,10.3333,2012-03-16,1.18999997340143,12.5099997203797,6.84999984689057,2012,3,2012
51.8667,10.3333,2012-03-17,5.5699998755008,18.1399995945394,11.8549997350201,2012,3,2012
51.8667,10.3333,2012-03-18,5.1099998857826,16.3199996352196,10.7149997605011,2012,3,2012
51.8667,10.3333,2012-03-19,2.38999994657934,10.6799997612834,6.53499985393137,2012,3,2012
51.8667,10.3333,2012-03-20,0.0899999979883432,8.13999981805682,4.11499990802258,2012,3,2012
51.8667,10.3333,2012-03-21,-0.329999992623925,11.6899997387081,5.67999987304211,2012,3,2012
51.8667,10.3333,2012-03-22,3.13999992981553,13.6199996955693,8.3799998126924,2012,3,2012
51.8667,10.3333,2012-03-23,2.71999993920326,14.3199996799231,8.51999980956316,2012,3,2012
51.8667,10.3333,2012-03-24,2.47999994456768,15.3599996566772,8.91999980062246,2012,3,2012
51.8667,10.3333,2012-03-25,3.39999992400408,16.4999996311963,9.94999977760017,2012,3,2012
51.8667,10.3333,2012-03-26,2.14999995194376,15.6499996501952,8.8999998010695,2012,3,2012
51.8667,10.3333,2012-03-27,1.02999997697771,14.1399996839464,7.58499983046204,2012,3,2012
51.8667,10.3333,2012-03-28,2.93999993428588,15.0499996636063,8.99499979894608,2012,3,2012
51.8667,10.3333,2012-03-29,3.54999992065132,16.5999996289611,10.0749997748062,2012,3,2012
51.8667,10.3333,2012-03-30,3.65999991819263,7.68999982811511,5.67499987315387,2012,3,2012
51.8667,10.3333,2012-03-31,4.34999990276992,6.04999986477196,5.19999988377094,2012,3,2012
51.8667,10.3333,2012-04-01,-1.30999997071922,4.97999988868833,1.83499995898455,2012,4,2012
51.8667,10.3333,2012-04-02,-2.74999993853271,5.5699998755008,1.40999996848404,2012,4,2012
51.8667,10.3333,2012-04-03,2.07999995350838,5.66999987326562,3.874999913387,2012,4,2012
51.8667,10.3333,2012-04-04,0.649999985471368,12.5299997199327,6.58999985270202,2012,4,2012
51.8667,10.3333,2012-04-05,1.75999996066093,6.22999986074865,3.99499991070479,2012,4,2012
51.8667,10.3333,2012-04-06,0.0899999979883432,3.19999992847443,1.64499996323138,2012,4,2012
51.8667,10.3333,2012-04-07,-0.239999994635582,3.61999991908669,1.68999996222556,2012,4,2012
51.8667,10.3333,2012-04-08,-3.67999991774559,3.79999991506338,0.0599999986588955,2012,4,2012
51.8667,10.3333,2012-04-09,-4.36999990232289,4.52999989874661,0.0799999982118607,2012,4,2012
51.8667,10.3333,2012-04-10,-1.33999997004867,5.93999986723065,2.29999994859099,2012,4,2012
51.8667,10.3333,2012-04-11,5.74999987147748,13.2999997027218,9.52499978709966,2012,4,2012
51.8667,10.3333,2012-04-12,3.83999991416931,9.94999977760017,6.89499984588474,2012,4,2012
51.8667,10.3333,2012-04-13,2.47999994456768,11.2999997474253,6.8899998459965,2012,4,2012
51.8667,10.3333,2012-04-14,0.919999979436398,9.0699997972697,4.99499988835305,2012,4,2012
51.8667,10.3333,2012-04-15,-0.329999992623925,10.5199997648597,5.09499988611788,2012,4,2012
51.8667,10.3333,2012-04-16,0.189999995753169,10.4399997666478,5.31499988120049,2012,4,2012
51.8667,10.3333,2012-04-17,-1.03999997675419,6.63999985158443,2.79999993741512,2012,4,2012
51.8667,10.3333,2012-04-18,-3.41999992355704,8.71999980509281,2.64999994076788,2012,4,2012
51.8667,10.3333,2012-04-19,2.57999994233251,10.0999997742474,6.33999985828996,2012,4,2012
51.8667,10.3333,2012-04-20,2.09999995306134,14.6099996734411,8.3549998132512,2012,4,2012
51.8667,10.3333,2012-04-21,3.0999999307096,12.9599997103214,8.02999982051551,2012,4,2012
51.8667,10.3333,2012-04-22,2.70999993942678,10.1499997731298,6.4299998562783,2012,4,2012
51.8667,10.3333,2012-04-23,2.45999994501472,9.13999979570508,5.7999998703599,2012,4,2012
51.8667,10.3333,2012-04-24,2.90999993495643,10.9899997543544,6.94999984465539,2012,4,2012
51.8667,10.3333,2012-04-25,4.42999990098178,10.9399997554719,7.68499982822686,2012,4,2012
51.8667,10.3333,2012-04-26,5.23999988287687,12.5899997185916,8.91499980073422,2012,4,2012
51.8667,10.3333,2012-04-27,8.27999981492758,13.5899996962398,10.9349997555837,2012,4,2012
51.8667,10.3333,2012-04-28,8.22999981604517,18.1499995943159,13.1899997051805,2012,4,2012
51.8667,10.3333,2012-04-29,10.0599997751415,26.709999402985,18.3849995890632,2012,4,2012
51.8667,10.3333,2012-04-30,10.5499997641891,24.0399994626641,17.2949996134266,2012,4,2012
51.8667,10.3333,2012-05-01,10.0199997760355,20.6699995379895,15.3449996570125,2012,5,NA
51.8667,10.3333,2012-05-02,9.37999979034066,21.2499995250255,15.3149996576831,2012,5,NA
51.8667,10.3333,2012-05-03,9.77999978139997,22.2399995028973,16.0099996421486,2012,5,NA
51.8667,10.3333,2012-05-04,7.82999982498586,17.2899996135384,12.5599997192621,2012,5,NA
51.8667,10.3333,2012-05-05,6.62999985180795,17.9099995996803,12.2699997257441,2012,5,NA
51.8667,10.3333,2012-05-06,3.96999991126359,10.0199997760355,6.99499984364957,2012,5,NA
51.8667,10.3333,2012-05-07,3.42999992333353,6.97999984398484,5.20499988365918,2012,5,NA
51.8667,10.3333,2012-05-08,4.44999990053475,10.4199997670949,7.4349998338148,2012,5,NA
51.8667,10.3333,2012-05-09,4.28999990411103,17.6499996054918,10.9699997548014,2012,5,NA
51.8667,10.3333,2012-05-10,10.2199997715652,17.9399995990098,14.0799996852875,2012,5,NA
51.8667,10.3333,2012-05-11,11.6199997402728,21.7199995145202,16.6699996273965,2012,5,NA
51.8667,10.3333,2012-05-12,9.16999979503453,23.8999994657934,16.5349996304139,2012,5,NA
51.8667,10.3333,2012-05-13,1.3799999691546,10.4099997673184,5.89499986823648,2012,5,NA
51.8667,10.3333,2012-05-14,0.0199999995529652,10.6399997621775,5.32999988086522,2012,5,NA
51.8667,10.3333,2012-05-15,0.739999983459711,14.5799996741116,7.65999982878566,2012,5,NA
51.8667,10.3333,2012-05-16,3.93999991193414,12.9899997096509,8.46499981079251,2012,5,NA
51.8667,10.3333,2012-05-17,1.10999997518957,9.21999979391694,5.16499988455325,2012,5,NA
51.8667,10.3333,2012-05-18,0.0599999986588955,12.2099997270852,6.13499986287206,2012,5,NA
51.8667,10.3333,2012-05-19,4.4199999012053,14.9499996658415,9.68499978352338,2012,5,NA
51.8667,10.3333,2012-05-20,8.64999980665743,20.1399995498359,14.3949996782467,2012,5,NA
51.8667,10.3333,2012-05-21,11.2199997492135,23.5999994724989,17.4099996108562,2012,5,NA
51.8667,10.3333,2012-05-22,11.5299997422844,23.4899994749576,17.509999608621,2012,5,NA
51.8667,10.3333,2012-05-23,12.639999717474,26.0499994177371,19.3449995676056,2012,5,NA
51.8667,10.3333,2012-05-24,13.6399996951222,26.1999994143844,19.9199995547533,2012,5,NA
51.8667,10.3333,2012-05-25,10.2799997702241,21.8699995111674,16.0749996406958,2012,5,NA
51.8667,10.3333,2012-05-26,7.69999982789159,19.809999557212,13.7549996925518,2012,5,NA
51.8667,10.3333,2012-05-27,7.32999983616173,20.659999538213,13.9949996871874,2012,5,NA
51.8667,10.3333,2012-05-28,10.4499997664243,21.3699995223433,15.9099996443838,2012,5,NA
51.8667,10.3333,2012-05-29,10.1699997726828,22.1999995037913,16.1849996382371,2012,5,NA
51.8667,10.3333,2012-05-30,7.17999983951449,18.2099995929748,12.6949997162446,2012,5,NA
51.8667,10.3333,2012-05-31,5.57999987527728,16.3799996338785,10.9799997545779,2012,5,NA
51.8667,10.3333,2012-06-01,9.9299997780472,16.6999996267259,13.3149997023866,2012,6,NA
51.8667,10.3333,2012-06-02,5.62999987415969,11.479999743402,8.55499980878085,2012,6,NA
51.8667,10.3333,2012-06-03,4.02999990992248,12.059999730438,8.04499982018024,2012,6,NA
51.8667,10.3333,2012-06-04,3.53999992087483,9.14999979548156,6.3449998581782,2012,6,NA
51.8667,10.3333,2012-06-05,5.17999988421798,12.5699997190386,8.87499980162829,2012,6,NA
51.8667,10.3333,2012-06-06,4.019999910146,11.5899997409433,7.80499982554466,2012,6,NA
51.8667,10.3333,2012-06-07,4.019999910146,12.5399997197092,8.27999981492758,2012,6,NA
51.8667,10.3333,2012-06-08,8.91999980062246,18.9699995759875,13.944999688305,2012,6,NA
51.8667,10.3333,2012-06-09,11.0299997534603,19.9499995540828,15.4899996537715,2012,6,NA
51.8667,10.3333,2012-06-10,7.60999982990324,16.4899996314198,12.0499997306615,2012,6,NA
51.8667,10.3333,2012-06-11,6.93999984487891,16.6499996278435,11.7949997363612,2012,6,NA
51.8667,10.3333,2012-06-12,8.33999981358647,17.6999996043742,13.0199997089803,2012,6,NA
51.8667,10.3333,2012-06-13,10.2499997708946,17.4199996106327,13.8349996907637,2012,6,NA
51.8667,10.3333,2012-06-14,8.68999980576336,14.6999996714294,11.6949997385964,2012,6,NA
51.8667,10.3333,2012-06-15,6.94999984465539,12.7399997152388,9.8449997799471,2012,6,NA
51.8667,10.3333,2012-06-16,6.27999985963106,17.6599996052682,11.9699997324497,2012,6,NA
51.8667,10.3333,2012-06-17,10.8199997581542,18.1499995943159,14.484999676235,2012,6,NA
51.8667,10.3333,2012-06-18,8.8399998024106,19.7499995585531,14.2949996804819,2012,6,NA
51.8667,10.3333,2012-06-19,8.86999980174005,26.3499994110316,17.6099996063858,2012,6,NA
51.8667,10.3333,2012-06-20,10.0999997742474,19.7699995581061,14.9349996661767,2012,6,NA
51.8667,10.3333,2012-06-21,12.639999717474,15.7399996481836,14.1899996828288,2012,6,NA
51.8667,10.3333,2012-06-22,11.7399997375906,16.2899996358901,14.0149996867403,2012,6,NA
51.8667,10.3333,2012-06-23,10.5599997639656,18.8999995775521,14.7299996707588,2012,6,NA
51.8667,10.3333,2012-06-24,8.97999979928136,18.3499995898455,13.6649996945634,2012,6,NA
51.8667,10.3333,2012-06-25,9.2999997921288,18.7299995813519,14.0149996867403,2012,6,NA
51.8667,10.3333,2012-06-26,9.01999979838729,15.4899996537715,12.2549997260794,2012,6,NA
51.8667,10.3333,2012-06-27,7.68999982811511,15.0499996636063,11.3699997458607,2012,6,NA
51.8667,10.3333,2012-06-28,7.96999982185662,19.0099995750934,13.489999698475,2012,6,NA
51.8667,10.3333,2012-06-29,14.1599996834993,24.7399994470179,19.4499995652586,2012,6,NA
51.8667,10.3333,2012-06-30,16.0899996403605,26.8899993989617,21.4899995196611,2012,6,NA
51.8667,10.3333,2012-07-01,14.4199996776879,24.5599994510412,19.4899995643646,2012,7,NA
51.8667,10.3333,2012-07-02,9.88999977894127,19.7699995581061,14.8299996685237,2012,7,NA
51.8667,10.3333,2012-07-03,7.96999982185662,16.3399996347725,12.1549997283146,2012,7,NA
51.8667,10.3333,2012-07-04,11.3099997472018,20.2299995478243,15.769999647513,2012,7,NA
51.8667,10.3333,2012-07-05,10.7199997603893,23.2999994792044,17.0099996197969,2012,7,NA
51.8667,10.3333,2012-07-06,14.7299996707588,22.1599995046854,18.4449995877221,2012,7,NA
51.8667,10.3333,2012-07-07,13.8599996902049,23.8199994675815,18.8399995788932,2012,7,NA
51.8667,10.3333,2012-07-08,12.4799997210503,22.1199995055795,17.2999996133149,2012,7,NA
51.8667,10.3333,2012-07-09,11.7999997362494,21.4299995210022,16.6149996286258,2012,7,NA
51.8667,10.3333,2012-07-10,12.1799997277558,20.9099995326251,16.5449996301904,2012,7,NA
51.8667,10.3333,2012-07-11,11.2799997478724,21.6499995160848,16.4649996319786,2012,7,NA
51.8667,10.3333,2012-07-12,9.48999978788197,17.3399996124208,13.4149997001514,2012,7,NA
51.8667,10.3333,2012-07-13,7.94999982230365,14.3099996801466,11.1299997512251,2012,7,NA
51.8667,10.3333,2012-07-14,8.29999981448054,15.5999996513128,11.9499997328967,2012,7,NA
51.8667,10.3333,2012-07-15,10.7599997594953,14.9099996667355,12.8349997131154,2012,7,NA
51.8667,10.3333,2012-07-16,9.9899997767061,16.9799996204674,13.4849996985868,2012,7,NA
51.8667,10.3333,2012-07-17,8.8999998010695,15.1299996618181,12.0149997314438,2012,7,NA
51.8667,10.3333,2012-07-18,11.2199997492135,17.3899996113032,14.3049996802583,2012,7,NA
51.8667,10.3333,2012-07-19,12.5799997188151,20.5099995415658,16.5449996301904,2012,7,NA
51.8667,10.3333,2012-07-20,11.3799997456372,17.8699996005744,14.6249996731058,2012,7,NA
51.8667,10.3333,2012-07-21,9.07999979704618,17.0599996186793,13.0699997078627,2012,7,NA
51.8667,10.3333,2012-07-22,7.22999983839691,15.3499996569008,11.2899997476488,2012,7,NA
51.8667,10.3333,2012-07-23,6.26999985985458,17.5899996068329,11.9299997333437,2012,7,NA
51.8667,10.3333,2012-07-24,7.53999983146787,22.8399994894862,15.189999660477,2012,7,NA
51.8667,10.3333,2012-07-25,10.2199997715652,25.6699994262308,17.944999598898,2012,7,NA
51.8667,10.3333,2012-07-26,13.9999996870756,29.4499993417412,21.7249995144084,2012,7,NA
51.8667,10.3333,2012-07-27,15.5499996524304,26.6799994036555,21.114999528043,2012,7,NA
51.8667,10.3333,2012-07-28,14.1299996841699,29.9999993294477,22.0649995068088,2012,7,NA
51.8667,10.3333,2012-07-29,15.1299996618181,23.0099994856864,19.0699995737523,2012,7,NA
51.8667,10.3333,2012-07-30,10.3499997686595,19.3399995677173,14.8449996681884,2012,7,NA
51.8667,10.3333,2012-07-31,8.6099998075515,17.7199996039271,13.1649997057393,2012,7,NA
51.8667,10.3333,2012-08-01,8.44999981112778,18.959999576211,13.7049996936694,2012,8,NA
51.8667,10.3333,2012-08-02,11.3099997472018,24.7999994456768,18.0549995964393,2012,8,NA
51.8667,10.3333,2012-08-03,13.8099996913224,25.0799994394183,19.4449995653704,2012,8,NA
51.8667,10.3333,2012-08-04,12.1799997277558,22.4999994970858,17.3399996124208,2012,8,NA
51.8667,10.3333,2012-08-05,10.8699997570366,23.3699994776398,17.1199996173382,2012,8,NA
51.8667,10.3333,2012-08-06,12.4299997221678,22.1999995037913,17.3149996129796,2012,8,NA
51.8667,10.3333,2012-08-07,12.5399997197092,20.659999538213,16.5999996289611,2012,8,NA
51.8667,10.3333,2012-08-08,10.8499997574836,18.359999589622,14.6049996735528,2012,8,NA
51.8667,10.3333,2012-08-09,10.2299997713417,19.9399995543063,15.084999662824,2012,8,NA
51.8667,10.3333,2012-08-10,10.1999997720122,19.1199995726347,14.6599996723235,2012,8,NA
51.8667,10.3333,2012-08-11,8.98999979905784,16.2199996374547,12.6049997182563,2012,8,NA
51.8667,10.3333,2012-08-12,8.52999980933964,19.0599995739758,13.7949996916577,2012,8,NA
51.8667,10.3333,2012-08-13,7.17999983951449,19.9499995540828,13.5649996967986,2012,8,NA
51.8667,10.3333,2012-08-14,8.08999981917441,21.7199995145202,14.9049996668473,2012,8,NA
51.8667,10.3333,2012-08-15,9.24999979324639,23.9099994655699,16.5799996294081,2012,8,NA
51.8667,10.3333,2012-08-16,10.5899997632951,24.4299994539469,17.509999608621,2012,8,NA
51.8667,10.3333,2012-08-17,11.5799997411668,20.6699995379895,16.1249996395782,2012,8,NA
51.8667,10.3333,2012-08-18,11.4199997447431,24.0199994631112,17.7199996039271,2012,8,NA
51.8667,10.3333,2012-08-19,13.2299997042865,27.3399993889034,20.2849995465949,2012,8,NA
51.8667,10.3333,2012-08-20,16.6999996267259,32.5099992733449,24.6049994500354,2012,8,NA
51.8667,10.3333,2012-08-21,17.9199995994568,31.0899993050843,24.5049994522706,2012,8,NA
51.8667,10.3333,2012-08-22,16.1899996381253,25.1299994383007,20.659999538213,2012,8,NA
51.8667,10.3333,2012-08-23,11.7299997378141,21.5399995185435,16.6349996281788,2012,8,NA
51.8667,10.3333,2012-08-24,9.31999979168177,21.2299995254725,15.2749996585771,2012,8,NA
51.8667,10.3333,2012-08-25,9.70999978296459,17.8299996014684,13.7699996922165,2012,8,NA
51.8667,10.3333,2012-08-26,12.6499997172505,20.6899995375425,16.6699996273965,2012,8,NA
51.8667,10.3333,2012-08-27,11.6899997387081,15.9299996439368,13.8099996913224,2012,8,NA
51.8667,10.3333,2012-08-28,8.98999979905784,19.2599995695055,14.1249996842816,2012,8,NA
51.8667,10.3333,2012-08-29,9.78999978117645,21.6899995151907,15.7399996481836,2012,8,NA
51.8667,10.3333,2012-08-30,11.3299997467548,23.9799994640052,17.65499960538,2012,8,NA
51.8667,10.3333,2012-08-31,11.3199997469783,19.9099995549768,15.6149996509776,2012,8,NA
51.8667,10.3333,2012-09-01,9.05999979749322,17.2599996142089,13.1599997058511,2012,9,NA
51.8667,10.3333,2012-09-02,7.37999983504415,16.7599996253848,12.0699997302145,2012,9,NA
51.8667,10.3333,2012-09-03,6.67999985069036,20.0299995522946,13.3549997014925,2012,9,NA
51.8667,10.3333,2012-09-04,9.14999979548156,19.7099995594472,14.4299996774644,2012,9,NA
51.8667,10.3333,2012-09-05,8.57999980822206,21.8799995109439,15.229999659583,2012,9,NA
51.8667,10.3333,2012-09-06,10.1899997722358,17.0699996184558,13.6299996953458,2012,9,NA
51.8667,10.3333,2012-09-07,8.02999982051551,16.2199996374547,12.1249997289851,2012,9,NA
51.8667,10.3333,2012-09-08,8.40999981202185,20.1299995500594,14.2699996810406,2012,9,NA
51.8667,10.3333,2012-09-09,11.8099997360259,22.4199994988739,17.1149996174499,2012,9,NA
51.8667,10.3333,2012-09-10,10.8099997583777,25.9999994188547,18.4049995886162,2012,9,NA
51.8667,10.3333,2012-09-11,14.1799996830523,26.7199994027615,20.4499995429069,2012,9,NA
51.8667,10.3333,2012-09-12,10.7099997606128,20.659999538213,15.6849996494129,2012,9,NA
51.8667,10.3333,2012-09-13,5.16999988444149,12.5499997194856,8.85999980196357,2012,9,NA
51.8667,10.3333,2012-09-14,3.93999991193414,15.9599996432662,9.94999977760017,2012,9,NA
51.8667,10.3333,2012-09-15,8.00999982096255,16.3399996347725,12.1749997278675,2012,9,NA
51.8667,10.3333,2012-09-16,8.96999979950488,14.7699996698648,11.8699997346848,2012,9,NA
51.8667,10.3333,2012-09-17,8.07999981939793,18.9799995757639,13.5299996975809,2012,9,NA
51.8667,10.3333,2012-09-18,9.72999978251755,17.4799996092916,13.6049996959046,2012,9,NA
51.8667,10.3333,2012-09-19,8.27999981492758,18.8299995791167,13.5549996970221,2012,9,NA
51.8667,10.3333,2012-09-20,4.28999990411103,12.7899997141212,8.53999980911613,2012,9,NA
51.8667,10.3333,2012-09-21,3.67999991774559,12.5899997185916,8.13499981816858,2012,9,NA
51.8667,10.3333,2012-09-22,5.1099998857826,14.1299996841699,9.61999978497624,2012,9,NA
51.8667,10.3333,2012-09-23,3.61999991908669,12.2899997252971,7.95499982219189,2012,9,NA
51.8667,10.3333,2012-09-24,2.4099999461323,12.1899997275323,7.29999983683228,2012,9,NA
51.8667,10.3333,2012-09-25,7.73999982699752,17.0899996180087,12.4149997225031,2012,9,NA
51.8667,10.3333,2012-09-26,8.54999980889261,15.479999653995,12.0149997314438,2012,9,NA
51.8667,10.3333,2012-09-27,9.21999979391694,16.4099996332079,12.8149997135624,2012,9,NA
51.8667,10.3333,2012-09-28,9.3599997907877,12.8099997136742,11.0849997522309,2012,9,NA
51.8667,10.3333,2012-09-29,7.89999982342124,14.2199996821582,11.0599997527897,2012,9,NA
51.8667,10.3333,2012-09-30,5.5699998755008,14.1899996828288,9.87999977916479,2012,9,NA
51.8667,10.3333,2012-10-01,4.05999990925193,13.9599996879697,9.00999979861081,2012,10,2013
51.8667,10.3333,2012-10-02,4.00999991036952,16.7299996260554,10.3699997682124,2012,10,2013
51.8667,10.3333,2012-10-03,7.3499998357147,16.6499996278435,11.9999997317791,2012,10,2013
51.8667,10.3333,2012-10-04,10.2099997717887,14.9999996647239,12.6049997182563,2012,10,2013
51.8667,10.3333,2012-10-05,6.53999985381961,11.9999997317791,9.26999979279935,2012,10,2013
51.8667,10.3333,2012-10-06,5.95999986678362,13.9299996886402,9.94499977771193,2012,10,2013
51.8667,10.3333,2012-10-07,4.53999989852309,14.8499996680766,9.69499978329986,2012,10,2013
51.8667,10.3333,2012-10-08,3.92999991215765,10.2599997706711,7.09499984141439,2012,10,2013
51.8667,10.3333,2012-10-09,2.71999993920326,10.8499997574836,6.78499984834343,2012,10,2013
51.8667,10.3333,2012-10-10,2.03999995440245,9.64999978430569,5.84499986935407,2012,10,2013
51.8667,10.3333,2012-10-11,2.15999995172024,8.42999981157482,5.29499988164753,2012,10,2013
51.8667,10.3333,2012-10-12,1.81999995931983,11.3399997465312,6.57999985292554,2012,10,2013
51.8667,10.3333,2012-10-13,1.58999996446073,9.50999978743494,5.54999987594783,2012,10,2013
51.8667,10.3333,2012-10-14,4.40999990142882,11.0399997532368,7.72499982733279,2012,10,2013
51.8667,10.3333,2012-10-15,4.66999989561737,9.19999979436398,6.93499984499067,2012,10,2013
51.8667,10.3333,2012-10-16,4.29999990388751,8.13999981805682,6.21999986097217,2012,10,2013
51.8667,10.3333,2012-10-17,4.20999990589917,9.08999979682267,6.64999985136092,2012,10,2013
51.8667,10.3333,2012-10-18,4.23999990522861,12.8999997116625,8.56999980844557,2012,10,2013
51.8667,10.3333,2012-10-19,9.42999978922307,18.5499995853752,13.9899996872991,2012,10,2013
51.8667,10.3333,2012-10-20,10.6399997621775,22.2599995024502,16.4499996323138,2012,10,2013
51.8667,10.3333,2012-10-21,10.5499997641891,21.3999995216727,15.9749996429309,2012,10,2013
51.8667,10.3333,2012-10-22,9.46999978832901,21.5399995185435,15.5049996534362,2012,10,2013
51.8667,10.3333,2012-10-23,8.58999980799854,15.5099996533245,12.0499997306615,2012,10,2013
51.8667,10.3333,2012-10-24,8.23999981582165,12.3799997232854,10.3099997695535,2012,10,2013
51.8667,10.3333,2012-10-25,5.99999986588955,10.5499997641891,8.27499981503934,2012,10,2013
51.8667,10.3333,2012-10-26,3.66999991796911,9.08999979682267,6.37999985739589,2012,10,2013
51.8667,10.3333,2012-10-27,-1.74999996088445,4.36999990232289,1.30999997071922,2012,10,2013
51.8667,10.3333,2012-10-28,-3.30999992601573,2.11999995261431,-0.594999986700714,2012,10,2013
51.8667,10.3333,2012-10-29,-4.06999990902841,4.55999989807606,0.244999994523823,2012,10,2013
51.8667,10.3333,2012-10-30,-3.65999991819263,3.45999992266297,-0.0999999977648258,2012,10,2013
51.8667,10.3333,2012-10-31,0.939999978989363,4.88999989069998,2.91499993484467,2012,10,2013
51.8667,10.3333,2012-11-01,1.43999996781349,8.53999980911613,4.98999988846481,2012,11,2013
51.8667,10.3333,2012-11-02,1.57999996468425,8.84999980218709,5.21499988343567,2012,11,2013
51.8667,10.3333,2012-11-03,2.80999993719161,6.90999984554946,4.85999989137053,2012,11,2013
51.8667,10.3333,2012-11-04,2.94999993406236,6.33999985828996,4.64499989617616,2012,11,2013
51.8667,10.3333,2012-11-05,2.29999994859099,6.80999984778464,4.55499989818782,2012,11,2013
51.8667,10.3333,2012-11-06,1.63999996334314,6.66999985091388,4.15499990712851,2012,11,2013
51.8667,10.3333,2012-11-07,1.28999997116625,4.92999988980591,3.10999993048608,2012,11,2013
51.8667,10.3333,2012-11-08,3.22999992780387,8.34999981336296,5.78999987058342,2012,11,2013
51.8667,10.3333,2012-11-09,5.12999988533556,6.76999984867871,5.94999986700714,2012,11,2013
51.8667,10.3333,2012-11-10,3.62999991886318,6.93999984487891,5.28499988187104,2012,11,2013
51.8667,10.3333,2012-11-11,4.38999990187585,9.40999978967011,6.89999984577298,2012,11,2013
51.8667,10.3333,2012-11-12,3.13999992981553,9.56999978609383,6.35499985795468,2012,11,2013
51.8667,10.3333,2012-11-13,0.469999989494681,5.81999986991286,3.14499992970377,2012,11,2013
51.8667,10.3333,2012-11-14,-0.88999998010695,7.73999982699752,3.42499992344528,2012,11,2013
51.8667,10.3333,2012-11-15,-1.43999996781349,8.2699998151511,3.4149999236688,2012,11,2013
51.8667,10.3333,2012-11-16,-2.44999994523823,3.68999991752207,0.61999998614192,2012,11,2013
51.8667,10.3333,2012-11-17,-1.88999995775521,2.87999993562698,0.494999988935888,2012,11,2013
51.8667,10.3333,2012-11-18,-1.19999997317791,7.63999982923269,3.21999992802739,2012,11,2013
51.8667,10.3333,2012-11-19,2.30999994836748,7.29999983683228,4.80499989259988,2012,11,2013
51.8667,10.3333,2012-11-20,1.65999996289611,6.95999984443188,4.30999990366399,2012,11,2013
51.8667,10.3333,2012-11-21,0.919999979436398,7.77999982610345,4.34999990276992,2012,11,2013
51.8667,10.3333,2012-11-22,0.529999988153577,6.7199998497963,3.62499991897494,2012,11,2013
51.8667,10.3333,2012-11-23,1.24999997206032,7.58999983035028,4.4199999012053,2012,11,2013
51.8667,10.3333,2012-11-24,0.449999989941716,5.77999987080693,3.11499993037432,2012,11,2013
51.8667,10.3333,2012-11-25,3.80999991483986,6.28999985940754,5.0499998871237,2012,11,2013
51.8667,10.3333,2012-11-26,2.91999993473291,10.4699997659773,6.69499985035509,2012,11,2013
51.8667,10.3333,2012-11-27,1.6099999640137,8.2099998164922,4.90999989025295,2012,11,2013
51.8667,10.3333,2012-11-28,3.65999991819263,7.08999984152615,5.37499987985939,2012,11,2013
51.8667,10.3333,2012-11-29,1.67999996244907,4.62999989651144,3.15499992948025,2012,11,2013
51.8667,10.3333,2012-11-30,-1.10999997518957,2.06999995373189,0.479999989271164,2012,11,2013
51.8667,10.3333,2012-12-01,-4.02999990992248,-0.179999995976686,-2.10499995294958,2012,12,2013
51.8667,10.3333,2012-12-02,-3.25999992713332,0.369999991729856,-1.44499996770173,2012,12,2013
51.8667,10.3333,2012-12-03,-2.14999995194376,-0.469999989494681,-1.30999997071922,2012,12,2013
51.8667,10.3333,2012-12-04,-4.94999988935888,-0.0799999982118607,-2.51499994378537,2012,12,2013
51.8667,10.3333,2012-12-05,-1.3799999691546,1.8399999588728,0.229999994859099,2012,12,2013
51.8667,10.3333,2012-12-06,-5.22999988310039,-0.92999997921288,-3.07999993115664,2012,12,2013
51.8667,10.3333,2012-12-07,-6.83999984711409,-1.96999995596707,-4.40499990154058,2012,12,2013
51.8667,10.3333,2012-12-08,-9.72999978251755,-2.60999994166195,-6.16999986208975,2012,12,2013
51.8667,10.3333,2012-12-09,-10.6199997626245,-2.10999995283782,-6.36499985773116,2012,12,2013
51.8667,10.3333,2012-12-10,-5.75999987125397,0.719999983906746,-2.51999994367361,2012,12,2013
51.8667,10.3333,2012-12-11,-3.87999991327524,0.339999992400408,-1.76999996043742,2012,12,2013
51.8667,10.3333,2012-12-12,-6.87999984622002,-3.48999992199242,-5.18499988410622,2012,12,2013
51.8667,10.3333,2012-12-13,-5.7999998703599,-2.72999993897974,-4.26499990466982,2012,12,2013
51.8667,10.3333,2012-12-14,-6.76999984867871,-1.50999996624887,-4.13999990746379,2012,12,2013
51.8667,10.3333,2012-12-15,-3.19999992847443,3.46999992243946,0.134999996982515,2012,12,2013
51.8667,10.3333,2012-12-16,2.35999994724989,5.64999987371266,4.00499991048127,2012,12,2013
51.8667,10.3333,2012-12-17,2.58999994210899,5.21999988332391,3.90499991271645,2012,12,2013
51.8667,10.3333,2012-12-18,2.05999995395541,4.19999990612268,3.12999993003905,2012,12,2013
51.8667,10.3333,2012-12-19,1.53999996557832,3.79999991506338,2.66999994032085,2012,12,2013
51.8667,10.3333,2012-12-20,-0.979999978095293,3.52999992109835,1.27499997150153,2012,12,2013
51.8667,10.3333,2012-12-21,-2.08999995328486,0.979999978095293,-0.554999987594783,2012,12,2013
51.8667,10.3333,2012-12-22,-3.29999992623925,-0.529999988153577,-1.91499995719641,2012,12,2013
51.8667,10.3333,2012-12-23,-2.1799999512732,3.02999993227422,0.42499999050051,2012,12,2013
51.8667,10.3333,2012-12-24,1.06999997608364,9.60999978519976,5.3399998806417,2012,12,2013
51.8667,10.3333,2012-12-25,4.73999989405274,9.45999978855252,7.09999984130263,2012,12,2013
51.8667,10.3333,2012-12-26,4.88999989069998,9.46999978832901,7.17999983951449,2012,12,2013
51.8667,10.3333,2012-12-27,2.99999993294477,6.24999986030161,4.62499989662319,2012,12,2013
51.8667,10.3333,2012-12-28,1.33999997004867,5.739999871701,3.53999992087483,2012,12,2013
51.8667,10.3333,2012-12-29,-5.21999988332391,4.16999990679324,-0.524999988265336,2012,12,2013
51.8667,10.3333,2012-12-30,3.80999991483986,7.48999983258545,5.64999987371266,2012,12,2013
51.8667,10.3333,2012-12-31,3.00999993272126,7.0599998421967,5.03499988745898,2012,12,2013
51.8667,10.3333,2013-01-01,4.23999990522861,6.20999986119568,5.22499988321215,2013,1,2013
51.8667,10.3333,2013-01-02,1.43999996781349,5.43999987840652,3.43999992311001,2013,1,2013
51.8667,10.3333,2013-01-03,1.44999996758997,3.54999992065132,2.49999994412065,2013,1,2013
51.8667,10.3333,2013-01-04,2.38999994657934,7.92999982275069,5.15999988466501,2013,1,2013
51.8667,10.3333,2013-01-05,6.04999986477196,8.30999981425703,7.17999983951449,2013,1,2013
51.8667,10.3333,2013-01-06,4.45999990031123,6.55999985337257,5.5099998768419,2013,1,2013
51.8667,10.3333,2013-01-07,3.75999991595745,5.92999986745417,4.84499989170581,2013,1,2013
51.8667,10.3333,2013-01-08,3.35999992489815,5.16999988444149,4.26499990466982,2013,1,2013
51.8667,10.3333,2013-01-09,3.61999991908669,5.00999988801777,4.31499990355223,2013,1,2013
51.8667,10.3333,2013-01-10,2.60999994166195,4.67999989539385,3.6449999185279,2013,1,2013
51.8667,10.3333,2013-01-11,-3.29999992623925,2.80999993719161,-0.244999994523823,2013,1,2013
51.8667,10.3333,2013-01-12,-4.58999989740551,-2.74999993853271,-3.66999991796911,2013,1,2013
51.8667,10.3333,2013-01-13,-8.85999980196357,-1.42999996803701,-5.14499988500029,2013,1,2013
51.8667,10.3333,2013-01-14,-8.08999981917441,-3.53999992087483,-5.81499987002462,2013,1,2013
51.8667,10.3333,2013-01-15,-9.13999979570508,-4.90999989025295,-7.02499984297901,2013,1,2013
51.8667,10.3333,2013-01-16,-10.9899997543544,-3.86999991349876,-7.42999983392656,2013,1,2013
51.8667,10.3333,2013-01-17,-6.68999985046685,-4.40999990142882,-5.54999987594783,2013,1,2013
51.8667,10.3333,2013-01-18,-6.77999984845519,-3.23999992758036,-5.00999988801777,2013,1,2013
51.8667,10.3333,2013-01-19,-7.95999982208014,-4.02999990992248,-5.99499986600131,2013,1,2013
51.8667,10.3333,2013-01-20,-9.73999978229403,-7.48999983258545,-8.61499980743974,2013,1,2013
51.8667,10.3333,2013-01-21,-9.51999978721142,-5.62999987415969,-7.57499983068556,2013,1,2013
51.8667,10.3333,2013-01-22,-8.53999980911613,-6.16999986208975,-7.35499983560294,2013,1,2013
51.8667,10.3333,2013-01-23,-9.17999979481101,-6.53999985381961,-7.85999982431531,2013,1,2013
51.8667,10.3333,2013-01-24,-8.44999981112778,-6.31999985873699,-7.38499983493239,2013,1,2013
51.8667,10.3333,2013-01-25,-7.84999982453883,-4.57999989762902,-6.21499986108392,2013,1,2013
51.8667,10.3333,2013-01-26,-13.6699996944517,-5.31999988108873,-9.49499978777021,2013,1,2013
51.8667,10.3333,2013-01-27,-11.7399997375906,-3.40999992378056,-7.57499983068556,2013,1,2013
51.8667,10.3333,2013-01-28,-4.43999990075827,1.78999995999038,-1.32499997038394,2013,1,2013
51.8667,10.3333,2013-01-29,0.0499999988824129,2.95999993383884,1.50499996636063,2013,1,2013
51.8667,10.3333,2013-01-30,0.749999983236194,7.56999983079731,4.15999990701675,2013,1,2013
51.8667,10.3333,2013-01-31,3.77999991551042,9.93999977782369,6.85999984666705,2013,1,2013
51.8667,10.3333,2013-02-01,1.44999996758997,4.96999988891184,3.20999992825091,2013,2,2013
51.8667,10.3333,2013-02-02,-0.0999999977648258,4.09999990835786,1.99999995529652,2013,2,2013
51.8667,10.3333,2013-02-03,-1.86999995820224,0.939999978989363,-0.46499998960644,2013,2,2013
51.8667,10.3333,2013-02-04,-1.52999996580184,1.25999997183681,-0.134999996982515,2013,2,2013
51.8667,10.3333,2013-02-05,0.389999991282821,5.16999988444149,2.77999993786216,2013,2,2013
51.8667,10.3333,2013-02-06,-2.90999993495643,2.59999994188547,-0.15499999653548,2013,2,2013
51.8667,10.3333,2013-02-07,-4.19999990612268,1.09999997541308,-1.5499999653548,2013,2,2013
51.8667,10.3333,2013-02-08,-3.65999991819263,-0.639999985694885,-2.14999995194376,2013,2,2013
51.8667,10.3333,2013-02-09,-4.65999989584088,-2.25999994948506,-3.45999992266297,2013,2,2013
51.8667,10.3333,2013-02-10,-5.72999987192452,-2.28999994881451,-4.00999991036952,2013,2,2013
51.8667,10.3333,2013-02-11,-8.57999980822206,-2.07999995350838,-5.32999988086522,2013,2,2013
51.8667,10.3333,2013-02-12,-9.87999977916479,-3.3899999242276,-6.63499985169619,2013,2,2013
51.8667,10.3333,2013-02-13,-5.94999986700714,-2.80999993719161,-4.37999990209937,2013,2,2013
51.8667,10.3333,2013-02-14,-7.67999982833862,-0.729999983683228,-4.20499990601093,2013,2,2013
51.8667,10.3333,2013-02-15,-9.94999977760017,-1.88999995775521,-5.91999986767769,2013,2,2013
51.8667,10.3333,2013-02-16,-5.84999986924231,1.02999997697771,-2.4099999461323,2013,2,2013
51.8667,10.3333,2013-02-17,-0.869999980553985,1.92999995686114,0.529999988153577,2013,2,2013
51.8667,10.3333,2013-02-18,-1.67999996244907,1.50999996624887,-0.0849999981001019,2013,2,2013
51.8667,10.3333,2013-02-19,-2.26999994926155,0.179999995976686,-1.04499997664243,2013,2,2013
51.8667,10.3333,2013-02-20,-3.68999991752207,-0.419999990612268,-2.05499995406717,2013,2,2013
51.8667,10.3333,2013-02-21,-5.84999986924231,-2.76999993808568,-4.30999990366399,2013,2,2013
51.8667,10.3333,2013-02-22,-6.99999984353781,-3.75999991595745,-5.37999987974763,2013,2,2013
51.8667,10.3333,2013-02-23,-7.84999982453883,-5.60999987460673,-6.72999984957278,2013,2,2013
51.8667,10.3333,2013-02-24,-7.78999982587993,-3.73999991640449,-5.76499987114221,2013,2,2013
51.8667,10.3333,2013-02-25,-4.06999990902841,-1.00999997742474,-2.53999994322658,2013,2,2013
51.8667,10.3333,2013-02-26,-1.62999996356666,0.26999999396503,-0.679999984800816,2013,2,2013
51.8667,10.3333,2013-02-27,-1.46999996714294,0.859999980777502,-0.304999993182719,2013,2,2013
51.8667,10.3333,2013-02-28,-2.6399999409914,0.0399999991059303,-1.29999997094274,2013,2,2013
51.8667,10.3333,2013-03-01,-2.6399999409914,2.1799999512732,-0.229999994859099,2013,3,2013
51.8667,10.3333,2013-03-02,-3.76999991573393,1.23999997228384,-1.26499997172505,2013,3,2013
51.8667,10.3333,2013-03-03,-5.41999987885356,3.76999991573393,-0.824999981559813,2013,3,2013
51.8667,10.3333,2013-03-04,-3.83999991416931,2.13999995216727,-0.849999981001019,2013,3,2013
51.8667,10.3333,2013-03-05,-4.51999989897013,7.3499998357147,1.41499996837229,2013,3,2013
51.8667,10.3333,2013-03-06,-2.22999995015562,10.4599997662008,4.11499990802258,2013,3,2013
51.8667,10.3333,2013-03-07,-1.05999997630715,13.3099997024983,6.12499986309558,2013,3,2013
51.8667,10.3333,2013-03-08,-0.259999994188547,6.63999985158443,3.18999992869794,2013,3,2013
51.8667,10.3333,2013-03-09,-0.989999977871776,3.57999991998076,1.29499997105449,2013,3,2013
51.8667,10.3333,2013-03-10,-1.12999997474253,1.74999996088445,0.30999999307096,2013,3,2013
51.8667,10.3333,2013-03-11,-7.22999983839691,1.66999996267259,-2.77999993786216,2013,3,2013
51.8667,10.3333,2013-03-12,-8.22999981604517,-5.36999987997115,-6.79999984800816,2013,3,2013
51.8667,10.3333,2013-03-13,-9.07999979704618,-6.34999985806644,-7.71499982755631,2013,3,2013
51.8667,10.3333,2013-03-14,-12.4699997212738,-1.24999997206032,-6.85999984666705,2013,3,2013
51.8667,10.3333,2013-03-15,-10.4899997655302,-1.05999997630715,-5.77499987091869,2013,3,2013
51.8667,10.3333,2013-03-16,-12.3799997232854,-1.95999995619059,-7.16999983973801,2013,3,2013
51.8667,10.3333,2013-03-17,-7.64999982900918,2.4099999461323,-2.61999994143844,2013,3,2013
51.8667,10.3333,2013-03-18,-3.16999992914498,1.35999996960163,-0.904999979771674,2013,3,2013
51.8667,10.3333,2013-03-19,-2.98999993316829,3.77999991551042,0.394999991171062,2013,3,2013
51.8667,10.3333,2013-03-20,-4.04999990947545,-0.369999991729856,-2.20999995060265,2013,3,2013
51.8667,10.3333,2013-03-21,-4.4199999012053,0.0399999991059303,-2.18999995104969,2013,3,2013
51.8667,10.3333,2013-03-22,-5.13999988511205,-0.439999990165234,-2.78999993763864,2013,3,2013
51.8667,10.3333,2013-03-23,-6.99999984353781,-2.61999994143844,-4.80999989248812,2013,3,2013
51.8667,10.3333,2013-03-24,-11.0699997525662,-5.90999986790121,-8.48999981023371,2013,3,2013
51.8667,10.3333,2013-03-25,-12.6299997176975,-4.43999990075827,-8.53499980922788,2013,3,2013
51.8667,10.3333,2013-03-26,-9.63999978452921,-3.10999993048608,-6.37499985750765,2013,3,2013
51.8667,10.3333,2013-03-27,-9.04999979771674,-2.2399999499321,-5.64499987382442,2013,3,2013
51.8667,10.3333,2013-03-28,-8.44999981112778,-1.24999997206032,-4.84999989159405,2013,3,2013
51.8667,10.3333,2013-03-29,-5.45999987795949,-1.81999995931983,-3.63999991863966,2013,3,2013
51.8667,10.3333,2013-03-30,-5.51999987661839,-0.829999981448054,-3.17499992903322,2013,3,2013
51.8667,10.3333,2013-03-31,-6.03999986499548,0.399999991059303,-2.81999993696809,2013,3,2013
51.8667,10.3333,2013-04-01,-6.26999985985458,-0.949999978765845,-3.60999991931021,2013,4,2013
51.8667,10.3333,2013-04-02,-8.87999980151653,2.31999994814396,-3.27999992668629,2013,4,2013
51.8667,10.3333,2013-04-03,-8.68999980576336,-0.249999994412065,-4.46999990008771,2013,4,2013
51.8667,10.3333,2013-04-04,-3.27999992668629,-0.299999993294477,-1.78999995999038,2013,4,2013
51.8667,10.3333,2013-04-05,-3.47999992221594,0.879999980330467,-1.29999997094274,2013,4,2013
51.8667,10.3333,2013-04-06,-2.29999994859099,0.0899999979883432,-1.10499997530133,2013,4,2013
51.8667,10.3333,2013-04-07,-4.09999990835786,2.6399999409914,-0.729999983683228,2013,4,2013
51.8667,10.3333,2013-04-08,-5.16999988444149,6.63999985158443,0.73499998357147,2013,4,2013
51.8667,10.3333,2013-04-09,-3.99999991059303,5.9699998665601,0.984999977983534,2013,4,2013
51.8667,10.3333,2013-04-10,-0.529999988153577,6.60999985225499,3.0399999320507,2013,4,2013
51.8667,10.3333,2013-04-11,0.0299999993294477,8.3799998126924,4.20499990601093,2013,4,2013
51.8667,10.3333,2013-04-12,2.52999994345009,12.5999997183681,7.56499983090907,2013,4,2013
51.8667,10.3333,2013-04-13,4.50999989919364,11.0399997532368,7.77499982621521,2013,4,2013
51.8667,10.3333,2013-04-14,2.78999993763864,9.87999977916479,6.33499985840172,2013,4,2013
51.8667,10.3333,2013-04-15,4.00999991036952,15.9299996439368,9.96999977715313,2013,4,2013
51.8667,10.3333,2013-04-16,8.29999981448054,22.1499995049089,15.2249996596947,2013,4,2013
51.8667,10.3333,2013-04-17,8.02999982051551,17.9299995992333,12.9799997098744,2013,4,2013
51.8667,10.3333,2013-04-18,8.67999980598688,17.1899996157736,12.9349997108802,2013,4,2013
51.8667,10.3333,2013-04-19,6.99999984353781,18.7399995811284,12.8699997123331,2013,4,2013
51.8667,10.3333,2013-04-20,3.65999991819263,11.7599997371435,7.70999982766807,2013,4,2013
51.8667,10.3333,2013-04-21,-0.199999995529652,8.4399998113513,4.11999990791082,2013,4,2013
51.8667,10.3333,2013-04-22,0.399999991059303,12.9799997098744,6.68999985046685,2013,4,2013
51.8667,10.3333,2013-04-23,4.019999910146,12.7699997145683,8.39499981235713,2013,4,2013
51.8667,10.3333,2013-04-24,4.11999990791082,13.179999705404,8.64999980665743,2013,4,2013
51.8667,10.3333,2013-04-25,4.36999990232289,18.1299995947629,11.2499997485429,2013,4,2013
51.8667,10.3333,2013-04-26,9.21999979391694,20.1099995505065,14.6649996722117,2013,4,2013
51.8667,10.3333,2013-04-27,4.26999990455806,20.659999538213,12.4649997213855,2013,4,2013
51.8667,10.3333,2013-04-28,2.4699999447912,4.9399998895824,3.7049999171868,2013,4,2013
51.8667,10.3333,2013-04-29,1.4899999666959,9.51999978721142,5.50499987695366,2013,4,2013
51.8667,10.3333,2013-04-30,3.88999991305172,12.8099997136742,8.34999981336296,2013,4,2013
51.8667,10.3333,2013-05-01,2.61999994143844,11.189999749884,6.90499984566122,2013,5,NA
51.8667,10.3333,2013-05-02,3.16999992914498,11.8699997346848,7.5199998319149,2013,5,NA
51.8667,10.3333,2013-05-03,5.12999988533556,10.5299997646362,7.82999982498586,2013,5,NA
51.8667,10.3333,2013-05-04,4.84999989159405,14.1899996828288,9.51999978721142,2013,5,NA
51.8667,10.3333,2013-05-05,4.17999990656972,17.819999601692,10.9999997541308,2013,5,NA
51.8667,10.3333,2013-05-06,4.31999990344048,19.8199995569885,12.0699997302145,2013,5,NA
51.8667,10.3333,2013-05-07,6.35999985784292,19.8899995554239,13.1249997066334,2013,5,NA
51.8667,10.3333,2013-05-08,9.03999979794025,14.3299996796995,11.6849997388199,2013,5,NA
51.8667,10.3333,2013-05-09,10.049999775365,19.8799995556474,14.9649996655062,2013,5,NA
51.8667,10.3333,2013-05-10,9.78999978117645,18.4699995871633,14.1299996841699,2013,5,NA
51.8667,10.3333,2013-05-11,7.749999826774,15.4399996548891,11.5949997408316,2013,5,NA
51.8667,10.3333,2013-05-12,5.97999986633658,13.9499996881932,9.96499977726489,2013,5,NA
51.8667,10.3333,2013-05-13,3.53999992087483,10.3999997675419,6.96999984420836,2013,5,NA
51.8667,10.3333,2013-05-14,3.80999991483986,11.4299997445196,7.61999982967973,2013,5,NA
51.8667,10.3333,2013-05-15,5.17999988421798,12.1099997293204,8.64499980676919,2013,5,NA
51.8667,10.3333,2013-05-16,6.05999986454844,21.8699995111674,13.9649996878579,2013,5,NA
51.8667,10.3333,2013-05-17,9.14999979548156,19.1899995710701,14.1699996832758,2013,5,NA
51.8667,10.3333,2013-05-18,9.38999979011714,19.9299995545298,14.6599996723235,2013,5,NA
51.8667,10.3333,2013-05-19,4.63999989628792,11.6299997400492,8.13499981816858,2013,5,NA
51.8667,10.3333,2013-05-20,4.39999990165234,17.5599996075034,10.9799997545779,2013,5,NA
51.8667,10.3333,2013-05-21,7.52999983169138,13.5999996960163,10.5649997638538,2013,5,NA
51.8667,10.3333,2013-05-22,6.33999985828996,13.779999691993,10.0599997751415,2013,5,NA
51.8667,10.3333,2013-05-23,1.36999996937811,9.27999979257584,5.32499988097697,2013,5,NA
51.8667,10.3333,2013-05-24,0.259999994188547,8.06999981962144,4.164999906905,2013,5,NA
51.8667,10.3333,2013-05-25,1.96999995596707,8.42999981157482,5.19999988377094,2013,5,NA
51.8667,10.3333,2013-05-26,3.04999993182719,11.1799997501075,7.11499984096736,2013,5,NA
51.8667,10.3333,2013-05-27,5.09999988600612,9.10999979637563,7.10499984119087,2013,5,NA
51.8667,10.3333,2013-05-28,4.68999989517033,9.78999978117645,7.23999983817339,2013,5,NA
51.8667,10.3333,2013-05-29,3.94999991171062,16.6899996269494,10.31999976933,2013,5,NA
51.8667,10.3333,2013-05-30,8.05999981984496,14.5899996738881,11.3249997468665,2013,5,NA
51.8667,10.3333,2013-05-31,7.38999983482063,13.179999705404,10.2849997701123,2013,5,NA
51.8667,10.3333,2013-06-01,9.93999977782369,16.1599996387959,13.0499997083098,2013,6,NA
51.8667,10.3333,2013-06-02,7.36999983526766,13.4299996998161,10.3999997675419,2013,6,NA
51.8667,10.3333,2013-06-03,5.77999987080693,11.2299997489899,8.50499980989844,2013,6,NA
51.8667,10.3333,2013-06-04,4.90999989025295,14.7399996705353,9.82499978039414,2013,6,NA
51.8667,10.3333,2013-06-05,5.74999987147748,18.4999995864928,12.1249997289851,2013,6,NA
51.8667,10.3333,2013-06-06,6.53999985381961,18.5899995844811,12.5649997191504,2013,6,NA
51.8667,10.3333,2013-06-07,5.58999987505376,20.5499995406717,13.0699997078627,2013,6,NA
51.8667,10.3333,2013-06-08,8.21999981626868,21.219999525696,14.7199996709824,2013,6,NA
51.8667,10.3333,2013-06-09,9.47999978810549,21.7599995136261,15.6199996508658,2013,6,NA
51.8667,10.3333,2013-06-10,8.67999980598688,18.8299995791167,13.7549996925518,2013,6,NA
51.8667,10.3333,2013-06-11,7.76999982632697,17.5599996075034,12.6649997169152,2013,6,NA
51.8667,10.3333,2013-06-12,7.23999983817339,18.6199995838106,12.929999710992,2013,6,NA
51.8667,10.3333,2013-06-13,8.53999980911613,21.4199995212257,14.9799996651709,2013,6,NA
51.8667,10.3333,2013-06-14,9.54999978654087,23.5099994745106,16.5299996305257,2013,6,NA
51.8667,10.3333,2013-06-15,7.64999982900918,16.949999621138,12.2999997250736,2013,6,NA
51.8667,10.3333,2013-06-16,7.0599998421967,19.499999564141,13.2799997031689,2013,6,NA
51.8667,10.3333,2013-06-17,8.44999981112778,18.6099995840341,13.5299996975809,2013,6,NA
51.8667,10.3333,2013-06-18,9.47999978810549,23.1799994818866,16.3299996349961,2013,6,NA
51.8667,10.3333,2013-06-19,14.9499996658415,28.5099993627518,21.7299995142967,2013,6,NA
51.8667,10.3333,2013-06-20,17.1599996164441,31.2199993021786,24.1899994593114,2013,6,NA
51.8667,10.3333,2013-06-21,16.6999996267259,27.9299993757159,22.3149995012209,2013,6,NA
51.8667,10.3333,2013-06-22,13.7199996933341,20.2899995464832,17.0049996199086,2013,6,NA
51.8667,10.3333,2013-06-23,12.2299997266382,20.1999995484948,16.2149996375665,2013,6,NA
51.8667,10.3333,2013-06-24,10.7799997590482,17.6499996054918,14.21499968227,2013,6,NA
51.8667,10.3333,2013-06-25,9.32999979145825,16.8199996240437,13.074999707751,2013,6,NA
51.8667,10.3333,2013-06-26,7.63999982923269,12.2699997257441,9.95499977748841,2013,6,NA
51.8667,10.3333,2013-06-27,6.4899998549372,12.6299997176975,9.55999978631735,2013,6,NA
51.8667,10.3333,2013-06-28,6.54999985359609,13.8799996897578,10.214999771677,2013,6,NA
51.8667,10.3333,2013-06-29,7.08999984152615,13.6499996948987,10.3699997682124,2013,6,NA
51.8667,10.3333,2013-06-30,5.61999987438321,14.2199996821582,9.91999977827072,2013,6,NA
51.8667,10.3333,2013-07-01,4.07999990880489,14.1999996826053,9.13999979570508,2013,7,NA
51.8667,10.3333,2013-07-02,11.0799997523427,22.5299994964153,16.804999624379,2013,7,NA
51.8667,10.3333,2013-07-03,10.3799997679889,20.3799995444715,15.3799996562302,2013,7,NA
51.8667,10.3333,2013-07-04,13.0799997076392,21.5599995180964,17.3199996128678,2013,7,NA
51.8667,10.3333,2013-07-05,14.069999685511,20.9899995308369,17.529999608174,2013,7,NA
51.8667,10.3333,2013-07-06,12.9799997098744,21.4799995198846,17.2299996148795,2013,7,NA
51.8667,10.3333,2013-07-07,10.6199997626245,21.7799995131791,16.1999996379018,2013,7,NA
51.8667,10.3333,2013-07-08,9.08999979682267,22.8599994890392,15.9749996429309,2013,7,NA
51.8667,10.3333,2013-07-09,10.5099997650832,23.3899994771928,16.949999621138,2013,7,NA
51.8667,10.3333,2013-07-10,11.3999997451901,24.6399994492531,18.0199995972216,2013,7,NA
51.8667,10.3333,2013-07-11,9.32999979145825,19.0299995746464,14.1799996830523,2013,7,NA
51.8667,10.3333,2013-07-12,9.20999979414046,17.8799996003509,13.5449996972457,2013,7,NA
51.8667,10.3333,2013-07-13,8.47999981045723,19.0299995746464,13.7549996925518,2013,7,NA
51.8667,10.3333,2013-07-14,8.44999981112778,20.1999995484948,14.3249996798113,2013,7,NA
51.8667,10.3333,2013-07-15,8.92999980039895,17.9299995992333,13.4299996998161,2013,7,NA
51.8667,10.3333,2013-07-16,7.61999982967973,21.3999995216727,14.5099996756762,2013,7,NA
51.8667,10.3333,2013-07-17,9.17999979481101,23.4999994747341,16.3399996347725,2013,7,NA
51.8667,10.3333,2013-07-18,10.4999997653067,24.6399994492531,17.5699996072799,2013,7,NA
51.8667,10.3333,2013-07-19,12.2399997264147,24.8399994447827,18.5399995855987,2013,7,NA
51.8667,10.3333,2013-07-20,11.6399997398257,23.9099994655699,17.7749996026978,2013,7,NA
51.8667,10.3333,2013-07-21,11.4699997436255,23.3199994787574,17.3949996111915,2013,7,NA
51.8667,10.3333,2013-07-22,10.7299997601658,27.6999993808568,19.2149995705113,2013,7,NA
51.8667,10.3333,2013-07-23,12.4599997214973,29.8699993323535,21.1649995269254,2013,7,NA
51.8667,10.3333,2013-07-24,14.069999685511,30.5199993178248,22.2949995016679,2013,7,NA
51.8667,10.3333,2013-07-25,14.3699996788055,28.1699993703514,21.2699995245785,2013,7,NA
51.8667,10.3333,2013-07-26,14.9699996653944,26.7899994011968,20.8799995332956,2013,7,NA
51.8667,10.3333,2013-07-27,15.4299996551126,28.9999993517995,22.2149995034561,2013,7,NA
51.8667,10.3333,2013-07-28,15.8299996461719,31.0599993057549,23.4449994759634,2013,7,NA
51.8667,10.3333,2013-07-29,16.7399996258318,28.1699993703514,22.4549994980916,2013,7,NA
51.8667,10.3333,2013-07-30,14.8099996689707,23.9999994635582,19.4049995662645,2013,7,NA
51.8667,10.3333,2013-07-31,13.2399997040629,22.0299995075911,17.634999605827,2013,7,NA
51.8667,10.3333,2013-08-01,14.3999996781349,20.1699995491654,17.2849996136501,2013,8,NA
51.8667,10.3333,2013-08-02,13.1399997062981,28.0999993719161,20.6199995391071,2013,8,NA
51.8667,10.3333,2013-08-03,16.2699996363372,32.3699992764741,24.3199994564056,2013,8,NA
51.8667,10.3333,2013-08-04,16.2699996363372,28.2399993687868,22.254999502562,2013,8,NA
51.8667,10.3333,2013-08-05,13.1499997060746,23.8199994675815,18.4849995868281,2013,8,NA
51.8667,10.3333,2013-08-06,12.2099997270852,27.6499993819743,19.9299995545298,2013,8,NA
51.8667,10.3333,2013-08-07,14.2399996817112,28.2499993685633,21.2449995251372,2013,8,NA
51.8667,10.3333,2013-08-08,13.5999996960163,21.0799995288253,17.3399996124208,2013,8,NA
51.8667,10.3333,2013-08-09,11.5199997425079,18.8099995795637,15.1649996610358,2013,8,NA
51.8667,10.3333,2013-08-10,9.43999978899956,21.0199995301664,15.229999659583,2013,8,NA
51.8667,10.3333,2013-08-11,10.0799997746944,21.6199995167553,15.8499996457249,2013,8,NA
51.8667,10.3333,2013-08-12,8.36999981291592,18.3099995907396,13.3399997018278,2013,8,NA
51.8667,10.3333,2013-08-13,10.7199997603893,19.4299995657057,15.0749996630475,2013,8,NA
51.8667,10.3333,2013-08-14,8.88999980129302,16.7899996247143,12.8399997130036,2013,8,NA
51.8667,10.3333,2013-08-15,7.40999983437359,18.2799995914102,12.8449997128919,2013,8,NA
51.8667,10.3333,2013-08-16,7.38999983482063,20.4999995417893,13.944999688305,2013,8,NA
51.8667,10.3333,2013-08-17,12.639999717474,25.2699994351715,18.9549995763227,2013,8,NA
51.8667,10.3333,2013-08-18,12.5099997203797,24.3799994550645,18.4449995877221,2013,8,NA
51.8667,10.3333,2013-08-19,13.7699996922165,21.259999524802,17.5149996085092,2013,8,NA
51.8667,10.3333,2013-08-20,10.6699997615069,19.3199995681643,14.9949996648356,2013,8,NA
51.8667,10.3333,2013-08-21,8.24999981559813,18.1899995934218,13.21999970451,2013,8,NA
51.8667,10.3333,2013-08-22,7.5199998319149,19.7399995587766,13.6299996953458,2013,8,NA
51.8667,10.3333,2013-08-23,9.48999978788197,23.0999994836748,16.2949996357784,2013,8,NA
51.8667,10.3333,2013-08-24,12.3399997241795,20.3799995444715,16.3599996343255,2013,8,NA
51.8667,10.3333,2013-08-25,10.6899997610599,22.5399994961917,16.6149996286258,2013,8,NA
51.8667,10.3333,2013-08-26,11.5399997420609,21.9799995087087,16.7599996253848,2013,8,NA
51.8667,10.3333,2013-08-27,9.80999978072941,20.3499995451421,15.0799996629357,2013,8,NA
51.8667,10.3333,2013-08-28,7.61999982967973,18.0099995974451,12.8149997135624,2013,8,NA
51.8667,10.3333,2013-08-29,9.08999979682267,20.6999995373189,14.8949996670708,2013,8,NA
51.8667,10.3333,2013-08-30,8.55999980866909,21.9599995091558,15.2599996589124,2013,8,NA
51.8667,10.3333,2013-08-31,9.91999977827072,22.669999493286,16.2949996357784,2013,8,NA
51.8667,10.3333,2013-09-01,8.00999982096255,19.6699995603412,13.8399996906519,2013,9,NA
51.8667,10.3333,2013-09-02,6.18999986164272,15.0999996624887,10.6449997620657,2013,9,NA
51.8667,10.3333,2013-09-03,10.4599997662008,14.8599996678531,12.6599997170269,2013,9,NA
51.8667,10.3333,2013-09-04,13.2399997040629,18.5199995860457,15.8799996450543,2013,9,NA
51.8667,10.3333,2013-09-05,11.7199997380376,23.1599994823337,17.4399996101856,2013,9,NA
51.8667,10.3333,2013-09-06,11.8899997342378,25.839999422431,18.8649995783344,2013,9,NA
51.8667,10.3333,2013-09-07,12.5099997203797,27.1299993935972,19.8199995569885,2013,9,NA
51.8667,10.3333,2013-09-08,13.7699996922165,27.0099993962795,20.389999544248,2013,9,NA
51.8667,10.3333,2013-09-09,10.8299997579306,19.5899995621294,15.20999966003,2013,9,NA
51.8667,10.3333,2013-09-10,7.70999982766807,14.2199996821582,10.9649997549132,2013,9,NA
51.8667,10.3333,2013-09-11,8.039999820292,11.7299997378141,9.88499977905303,2013,9,NA
51.8667,10.3333,2013-09-12,7.61999982967973,10.629999762401,9.12499979604036,2013,9,NA
51.8667,10.3333,2013-09-13,8.45999981090426,13.0399997085333,10.7499997597188,2013,9,NA
51.8667,10.3333,2013-09-14,8.6699998062104,15.1999996602535,11.934999733232,2013,9,NA
51.8667,10.3333,2013-09-15,7.9799998216331,15.5599996522069,11.76999973692,2013,9,NA
51.8667,10.3333,2013-09-16,9.47999978810549,14.4699996765703,11.9749997323379,2013,9,NA
51.8667,10.3333,2013-09-17,3.98999991081655,11.7399997375906,7.86499982420355,2013,9,NA
51.8667,10.3333,2013-09-18,3.14999992959201,11.6499997396022,7.39999983459711,2013,9,NA
51.8667,10.3333,2013-09-19,5.60999987460673,9.78999978117645,7.69999982789159,2013,9,NA
51.8667,10.3333,2013-09-20,6.78999984823167,12.8299997132272,9.80999978072941,2013,9,NA
51.8667,10.3333,2013-09-21,8.52999980933964,13.4099997002631,10.9699997548014,2013,9,NA
51.8667,10.3333,2013-09-22,8.25999981537461,14.4799996763468,11.3699997458607,2013,9,NA
51.8667,10.3333,2013-09-23,9.08999979682267,14.8699996676296,11.9799997322261,2013,9,NA
51.8667,10.3333,2013-09-24,11.5899997409433,14.9899996649474,13.2899997029454,2013,9,NA
51.8667,10.3333,2013-09-25,9.45999978855252,15.229999659583,12.3449997240677,2013,9,NA
51.8667,10.3333,2013-09-26,10.029999775812,14.8699996676296,12.4499997217208,2013,9,NA
51.8667,10.3333,2013-09-27,2.89999993517995,13.21999970451,8.05999981984496,2013,9,NA
51.8667,10.3333,2013-09-28,1.34999996982515,12.8799997121096,7.11499984096736,2013,9,NA
51.8667,10.3333,2013-09-29,1.47999996691942,14.0399996861815,7.75999982655048,2013,9,NA
51.8667,10.3333,2013-09-30,2.93999993428588,12.4999997206032,7.71999982744455,2013,9,NA
51.8667,10.3333,2013-10-01,1.61999996379018,11.2699997480959,6.44499985594302,2013,10,2014
51.8667,10.3333,2013-10-02,0.489999989047647,10.8899997565895,5.68999987281859,2013,10,2014
51.8667,10.3333,2013-10-03,0.339999992400408,11.209999749437,5.77499987091869,2013,10,2014
51.8667,10.3333,2013-10-04,-0.119999997317791,12.8499997127801,6.36499985773116,2013,10,2014
51.8667,10.3333,2013-10-05,2.06999995373189,14.919999666512,8.49499981012195,2013,10,2014
51.8667,10.3333,2013-10-06,9.78999978117645,13.4399996995926,11.6149997403845,2013,10,2014
51.8667,10.3333,2013-10-07,10.0599997751415,12.7099997159094,11.3849997455254,2013,10,2014
51.8667,10.3333,2013-10-08,9.61999978497624,13.6599996946752,11.6399997398257,2013,10,2014
51.8667,10.3333,2013-10-09,9.56999978609383,13.6399996951222,11.604999740608,2013,10,2014
51.8667,10.3333,2013-10-10,8.51999980956316,13.4999996982515,11.0099997539073,2013,10,2014
51.8667,10.3333,2013-10-11,3.30999992601573,9.02999979816377,6.16999986208975,2013,10,2014
51.8667,10.3333,2013-10-12,3.89999991282821,9.11999979615211,6.50999985449016,2013,10,2014
51.8667,10.3333,2013-10-13,3.45999992266297,8.08999981917441,5.77499987091869,2013,10,2014
51.8667,10.3333,2013-10-14,2.36999994702637,7.81999982520938,5.09499988611788,2013,10,2014
51.8667,10.3333,2013-10-15,1.719999961555,10.5799997635186,6.14999986253679,2013,10,2014
51.8667,10.3333,2013-10-16,5.83999986946583,11.0299997534603,8.43499981146306,2013,10,2014
51.8667,10.3333,2013-10-17,5.63999987393618,8.96999979950488,7.30499983672053,2013,10,2014
51.8667,10.3333,2013-10-18,7.24999983794987,12.2399997264147,9.74499978218228,2013,10,2014
51.8667,10.3333,2013-10-19,2.52999994345009,9.04999979771674,5.78999987058342,2013,10,2014
51.8667,10.3333,2013-10-20,2.80999993719161,14.7299996707588,8.76999980397522,2013,10,2014
51.8667,10.3333,2013-10-21,11.5399997420609,15.9199996441603,13.7299996931106,2013,10,2014
51.8667,10.3333,2013-10-22,9.63999978452921,15.1599996611476,12.3999997228384,2013,10,2014
51.8667,10.3333,2013-10-23,10.4499997664243,19.3599995672703,14.9049996668473,2013,10,2014
51.8667,10.3333,2013-10-24,12.639999717474,18.10999959521,15.374999656342,2013,10,2014
51.8667,10.3333,2013-10-25,5.55999987572432,14.7599996700883,10.1599997729063,2013,10,2014
51.8667,10.3333,2013-10-26,5.74999987147748,15.1599996611476,10.4549997663125,2013,10,2014
51.8667,10.3333,2013-10-27,12.2799997255206,16.9599996209145,14.6199996732175,2013,10,2014
51.8667,10.3333,2013-10-28,9.33999979123473,15.789999647066,12.5649997191504,2013,10,2014
51.8667,10.3333,2013-10-29,9.15999979525805,16.2399996370077,12.6999997161329,2013,10,2014
51.8667,10.3333,2013-10-30,6.53999985381961,10.2399997711182,8.38999981246889,2013,10,2014
51.8667,10.3333,2013-10-31,2.84999993629754,9.37999979034066,6.1149998633191,2013,10,2014
51.8667,10.3333,2013-11-01,1.28999997116625,9.61999978497624,5.45499987807125,2013,11,2014
51.8667,10.3333,2013-11-02,5.46999987773597,8.55999980866909,7.01499984320253,2013,11,2014
51.8667,10.3333,2013-11-03,5.43999987840652,11.2299997489899,8.33499981369823,2013,11,2014
51.8667,10.3333,2013-11-04,4.99999988824129,10.1199997738004,7.55999983102083,2013,11,2014
51.8667,10.3333,2013-11-05,3.48999992199242,9.6999997831881,6.59499985259026,2013,11,2014
51.8667,10.3333,2013-11-06,2.28999994881451,6.49999985471368,4.39499990176409,2013,11,2014
51.8667,10.3333,2013-11-07,2.50999994389713,8.55999980866909,5.53499987628311,2013,11,2014
51.8667,10.3333,2013-11-08,7.54999983124435,12.1499997284263,9.84999977983534,2013,11,2014
51.8667,10.3333,2013-11-09,5.80999987013638,9.46999978832901,7.63999982923269,2013,11,2014
51.8667,10.3333,2013-11-10,3.89999991282821,9.48999978788197,6.69499985035509,2013,11,2014
51.8667,10.3333,2013-11-11,1.89999995753169,5.45999987795949,3.67999991774559,2013,11,2014
51.8667,10.3333,2013-11-12,0.729999983683228,6.49999985471368,3.61499991919845,2013,11,2014
51.8667,10.3333,2013-11-13,0.909999979659915,6.63999985158443,3.77499991562217,2013,11,2014
51.8667,10.3333,2013-11-14,0.169999996200204,7.38999983482063,3.77999991551042,2013,11,2014
51.8667,10.3333,2013-11-15,-1.99999995529652,4.16999990679324,1.08499997574836,2013,11,2014
51.8667,10.3333,2013-11-16,-3.12999993003905,5.5099998768419,1.18999997340143,2013,11,2014
51.8667,10.3333,2013-11-17,-1.9499999564141,5.54999987594783,1.79999995976686,2013,11,2014
51.8667,10.3333,2013-11-18,-0.519999988377094,6.15999986231327,2.81999993696809,2013,11,2014
51.8667,10.3333,2013-11-19,1.58999996446073,3.7899999152869,2.68999993987381,2013,11,2014
51.8667,10.3333,2013-11-20,0.88999998010695,4.12999990768731,2.50999994389713,2013,11,2014
51.8667,10.3333,2013-11-21,-2.38999994657934,2.94999993406236,0.279999993741512,2013,11,2014
51.8667,10.3333,2013-11-22,-3.16999992914498,0.0499999988824129,-1.55999996513128,2013,11,2014
51.8667,10.3333,2013-11-23,-0.719999983906746,2.12999995239079,0.704999984242022,2013,11,2014
51.8667,10.3333,2013-11-24,1.56999996490777,3.83999991416931,2.70499993953854,2013,11,2014
51.8667,10.3333,2013-11-25,-3.4999999217689,3.21999992802739,-0.139999996870756,2013,11,2014
51.8667,10.3333,2013-11-26,-5.00999988801777,0.669999985024333,-2.16999995149672,2013,11,2014
51.8667,10.3333,2013-11-27,-5.23999988287687,-0.419999990612268,-2.82999993674457,2013,11,2014
51.8667,10.3333,2013-11-28,-5.34999988041818,2.42999994568527,-1.45999996736646,2013,11,2014
51.8667,10.3333,2013-11-29,1.90999995730817,5.32999988086522,3.61999991908669,2013,11,2014
51.8667,10.3333,2013-11-30,1.36999996937811,3.62999991886318,2.49999994412065,2013,11,2014
51.8667,10.3333,2013-12-01,1.01999997720122,3.07999993115664,2.04999995417893,2013,12,2014
51.8667,10.3333,2013-12-02,1.8399999588728,4.66999989561737,3.25499992724508,2013,12,2014
51.8667,10.3333,2013-12-03,-2.10999995283782,4.86999989114702,1.3799999691546,2013,12,2014
51.8667,10.3333,2013-12-04,-1.95999995619059,5.61999987438321,1.82999995909631,2013,12,2014
51.8667,10.3333,2013-12-05,-2.35999994724989,3.64999991841614,0.644999985583127,2013,12,2014
51.8667,10.3333,2013-12-06,-1.25999997183681,1.91999995708466,0.329999992623925,2013,12,2014
51.8667,10.3333,2013-12-07,-2.11999995261431,-0.509999988600612,-1.31499997060746,2013,12,2014
51.8667,10.3333,2013-12-08,-1.70999996177852,2.14999995194376,0.219999995082617,2013,12,2014
51.8667,10.3333,2013-12-09,1.9499999564141,5.83999986946583,3.89499991293997,2013,12,2014
51.8667,10.3333,2013-12-10,4.98999988846481,6.46999985538423,5.72999987192452,2013,12,2014
51.8667,10.3333,2013-12-11,3.17999992892146,7.32999983616173,5.2549998825416,2013,12,2014
51.8667,10.3333,2013-12-12,1.56999996490777,7.22999983839691,4.39999990165234,2013,12,2014
51.8667,10.3333,2013-12-13,0.339999992400408,6.85999984666705,3.59999991953373,2013,12,2014
51.8667,10.3333,2013-12-14,-0.629999985918403,4.96999988891184,2.16999995149672,2013,12,2014
51.8667,10.3333,2013-12-15,-1.81999995931983,4.10999990813434,1.14499997440726,2013,12,2014
51.8667,10.3333,2013-12-16,0.769999982789159,5.85999986901879,3.31499992590398,2013,12,2014
51.8667,10.3333,2013-12-17,3.04999993182719,9.44999978877604,6.24999986030161,2013,12,2014
51.8667,10.3333,2013-12-18,1.27999997138977,8.38999981246889,4.83499989192933,2013,12,2014
51.8667,10.3333,2013-12-19,1.43999996781349,7.13999984040856,4.28999990411103,2013,12,2014
51.8667,10.3333,2013-12-20,2.1799999512732,6.77999984845519,4.4799998998642,2013,12,2014
51.8667,10.3333,2013-12-21,0.259999994188547,4.44999990053475,2.35499994736165,2013,12,2014
51.8667,10.3333,2013-12-22,0.529999988153577,4.44999990053475,2.48999994434416,2013,12,2014
51.8667,10.3333,2013-12-23,3.28999992646277,7.3499998357147,5.31999988108873,2013,12,2014
51.8667,10.3333,2013-12-24,3.28999992646277,7.53999983146787,5.41499987896532,2013,12,2014
51.8667,10.3333,2013-12-25,6.74999984912574,11.5099997427315,9.1299997959286,2013,12,2014
51.8667,10.3333,2013-12-26,2.64999994076788,10.6799997612834,6.66499985102564,2013,12,2014
51.8667,10.3333,2013-12-27,1.50999996624887,4.58999989740551,3.04999993182719,2013,12,2014
51.8667,10.3333,2013-12-28,1.45999996736646,7.35999983549118,4.40999990142882,2013,12,2014
51.8667,10.3333,2013-12-29,4.13999990746379,8.35999981313944,6.24999986030161,2013,12,2014
51.8667,10.3333,2013-12-30,1.22999997250736,4.34999990276992,2.78999993763864,2013,12,2014
51.8667,10.3333,2013-12-31,-1.00999997742474,2.28999994881451,0.639999985694885,2013,12,2014
51.8667,10.3333,2014-01-01,-0.61999998614192,5.11999988555908,2.24999994970858,2014,1,2014
51.8667,10.3333,2014-01-02,0.0799999982118607,4.50999989919364,2.29499994870275,2014,1,2014
51.8667,10.3333,2014-01-03,2.84999993629754,6.70999985001981,4.77999989315867,2014,1,2014
51.8667,10.3333,2014-01-04,2.10999995283782,7.73999982699752,4.92499988991767,2014,1,2014
51.8667,10.3333,2014-01-05,1.16999997384846,5.86999986879528,3.51999992132187,2014,1,2014
51.8667,10.3333,2014-01-06,0.259999994188547,5.22999988310039,2.74499993864447,2014,1,2014
51.8667,10.3333,2014-01-07,1.33999997004867,8.36999981291592,4.85499989148229,2014,1,2014
51.8667,10.3333,2014-01-08,6.20999986119568,8.92999980039895,7.56999983079731,2014,1,2014
51.8667,10.3333,2014-01-09,3.94999991171062,8.30999981425703,6.12999986298382,2014,1,2014
51.8667,10.3333,2014-01-10,2.88999993540347,9.30999979190528,6.09999986365438,2014,1,2014
51.8667,10.3333,2014-01-11,1.6099999640137,3.98999991081655,2.79999993741512,2014,1,2014
51.8667,10.3333,2014-01-12,0.209999995306134,4.00999991036952,2.10999995283782,2014,1,2014
51.8667,10.3333,2014-01-13,-2.64999994076788,2.32999994792044,-0.159999996423721,2014,1,2014
51.8667,10.3333,2014-01-14,-1.87999995797873,4.11999990791082,1.11999997496605,2014,1,2014
51.8667,10.3333,2014-01-15,-0.429999990388751,3.35999992489815,1.4649999672547,2014,1,2014
51.8667,10.3333,2014-01-16,-0.669999985024333,2.87999993562698,1.10499997530133,2014,1,2014
51.8667,10.3333,2014-01-17,0.999999977648258,5.42999987863004,3.21499992813915,2014,1,2014
51.8667,10.3333,2014-01-18,2.62999994121492,5.84999986924231,4.23999990522861,2014,1,2014
51.8667,10.3333,2014-01-19,-0.319999992847443,5.77999987080693,2.72999993897974,2014,1,2014
51.8667,10.3333,2014-01-20,-0.739999983459711,3.39999992400408,1.32999997027218,2014,1,2014
51.8667,10.3333,2014-01-21,-1.98999995552003,0.589999986812472,-0.699999984353781,2014,1,2014
51.8667,10.3333,2014-01-22,-2.28999994881451,-1.06999997608364,-1.67999996244907,2014,1,2014
51.8667,10.3333,2014-01-23,-3.18999992869794,-1.20999997295439,-2.19999995082617,2014,1,2014
51.8667,10.3333,2014-01-24,-4.019999910146,-2.2399999499321,-3.12999993003905,2014,1,2014
51.8667,10.3333,2014-01-25,-6.35999985784292,-2.66999994032085,-4.51499989908189,2014,1,2014
51.8667,10.3333,2014-01-26,-9.9299997780472,-5.86999986879528,-7.89999982342124,2014,1,2014
51.8667,10.3333,2014-01-27,-9.08999979682267,-2.82999993674457,-5.95999986678362,2014,1,2014
51.8667,10.3333,2014-01-28,-3.56999992020428,2.04999995417893,-0.759999983012676,2014,1,2014
51.8667,10.3333,2014-01-29,-3.76999991573393,1.20999997295439,-1.27999997138977,2014,1,2014
51.8667,10.3333,2014-01-30,-6.68999985046685,-3.12999993003905,-4.90999989025295,2014,1,2014
51.8667,10.3333,2014-01-31,-6.80999984778464,-0.279999993741512,-3.54499992076308,2014,1,2014
51.8667,10.3333,2014-02-01,-5.84999986924231,1.73999996110797,-2.05499995406717,2014,2,2014
51.8667,10.3333,2014-02-02,-3.35999992489815,4.40999990142882,0.524999988265336,2014,2,2014
51.8667,10.3333,2014-02-03,0.26999999396503,4.06999990902841,2.16999995149672,2014,2,2014
51.8667,10.3333,2014-02-04,-1.84999995864928,2.88999993540347,0.519999988377094,2014,2,2014
51.8667,10.3333,2014-02-05,-1.38999996893108,4.82999989204109,1.719999961555,2014,2,2014
51.8667,10.3333,2014-02-06,-2.22999995015562,4.25999990478158,1.01499997731298,2014,2,2014
51.8667,10.3333,2014-02-07,1.82999995909631,5.82999986968935,3.82999991439283,2014,2,2014
51.8667,10.3333,2014-02-08,2.53999994322658,9.5299997869879,6.03499986510724,2014,2,2014
51.8667,10.3333,2014-02-09,0.709999984130263,6.32999985851347,3.51999992132187,2014,2,2014
51.8667,10.3333,2014-02-10,1.95999995619059,5.43999987840652,3.69999991729856,2014,2,2014
51.8667,10.3333,2014-02-11,-1.34999996982515,6.29999985918403,2.47499994467944,2014,2,2014
51.8667,10.3333,2014-02-12,0.999999977648258,3.58999991975725,2.29499994870275,2014,2,2014
51.8667,10.3333,2014-02-13,0.919999979436398,4.8199998922646,2.8699999358505,2014,2,2014
51.8667,10.3333,2014-02-14,0.389999991282821,5.38999987952411,2.88999993540347,2014,2,2014
51.8667,10.3333,2014-02-15,1.05999997630715,4.20999990589917,2.63499994110316,2014,2,2014
51.8667,10.3333,2014-02-16,2.57999994233251,9.62999978475273,6.10499986354262,2014,2,2014
51.8667,10.3333,2014-02-17,1.95999995619059,7.21999983862042,4.58999989740551,2014,2,2014
51.8667,10.3333,2014-02-18,0.759999983012676,6.39999985694885,3.57999991998076,2014,2,2014
51.8667,10.3333,2014-02-19,-0.449999989941716,5.07999988645315,2.31499994825572,2014,2,2014
51.8667,10.3333,2014-02-20,1.87999995797873,5.63999987393618,3.75999991595745,2014,2,2014
51.8667,10.3333,2014-02-21,2.91999993473291,7.9799998216331,5.44999987818301,2014,2,2014
51.8667,10.3333,2014-02-22,2.57999994233251,7.89999982342124,5.23999988287687,2014,2,2014
51.8667,10.3333,2014-02-23,0.819999981671572,5.15999988466501,2.98999993316829,2014,2,2014
51.8667,10.3333,2014-02-24,0.449999989941716,7.15999983996153,3.80499991495162,2014,2,2014
51.8667,10.3333,2014-02-25,-0.96999997831881,9.97999977692962,4.5049998993054,2014,2,2014
51.8667,10.3333,2014-02-26,0.61999998614192,11.2399997487664,5.92999986745417,2014,2,2014
51.8667,10.3333,2014-02-27,3.3299999255687,10.4799997657537,6.90499984566122,2014,2,2014
51.8667,10.3333,2014-02-28,3.19999992847443,7.3499998357147,5.27499988209456,2014,2,2014
51.8667,10.3333,2014-03-01,0.529999988153577,5.17999988421798,2.85499993618578,2014,3,2014
51.8667,10.3333,2014-03-02,-0.979999978095293,8.24999981559813,3.63499991875142,2014,3,2014
51.8667,10.3333,2014-03-03,-1.25999997183681,6.49999985471368,2.61999994143844,2014,3,2014
51.8667,10.3333,2014-03-04,-1.22999997250736,7.5199998319149,3.14499992970377,2014,3,2014
51.8667,10.3333,2014-03-05,-1.00999997742474,7.71999982744455,3.35499992500991,2014,3,2014
51.8667,10.3333,2014-03-06,0.0899999979883432,7.76999982632697,3.92999991215765,2014,3,2014
51.8667,10.3333,2014-03-07,-0.979999978095293,8.8999998010695,3.9599999114871,2014,3,2014
51.8667,10.3333,2014-03-08,-1.18999997340143,11.5599997416139,5.18499988410622,2014,3,2014
51.8667,10.3333,2014-03-09,1.66999996267259,12.4199997223914,7.04499984253198,2014,3,2014
51.8667,10.3333,2014-03-10,2.38999994657934,17.8499996010214,10.1199997738004,2014,3,2014
51.8667,10.3333,2014-03-11,1.719999961555,17.9999995976686,9.85999977961183,2014,3,2014
51.8667,10.3333,2014-03-12,0.759999983012676,10.7299997601658,5.74499987158924,2014,3,2014
51.8667,10.3333,2014-03-13,-0.399999991059303,12.8399997130036,6.21999986097217,2014,3,2014
51.8667,10.3333,2014-03-14,0.329999992623925,16.3399996347725,8.33499981369823,2014,3,2014
51.8667,10.3333,2014-03-15,-0.259999994188547,14.6599996723235,7.19999983906746,2014,3,2014
51.8667,10.3333,2014-03-16,2.78999993763864,7.75999982655048,5.27499988209456,2014,3,2014
51.8667,10.3333,2014-03-17,4.4799998998642,8.34999981336296,6.41499985661358,2014,3,2014
51.8667,10.3333,2014-03-18,6.09999986365438,8.17999981716275,7.13999984040856,2014,3,2014
51.8667,10.3333,2014-03-19,4.80999989248812,8.51999980956316,6.66499985102564,2014,3,2014
51.8667,10.3333,2014-03-20,4.94999988935888,10.6699997615069,7.8099998254329,2014,3,2014
51.8667,10.3333,2014-03-21,5.06999988667667,17.3799996115267,11.2249997491017,2014,3,2014
51.8667,10.3333,2014-03-22,1.26999997161329,15.7499996479601,8.50999980978668,2014,3,2014
51.8667,10.3333,2014-03-23,1.50999996624887,9.0699997972697,5.28999988175929,2014,3,2014
51.8667,10.3333,2014-03-24,0.469999989494681,7.00999984331429,3.73999991640449,2014,3,2014
51.8667,10.3333,2014-03-25,-0.879999980330467,6.01999986544251,2.56999994255602,2014,3,2014
51.8667,10.3333,2014-03-26,-0.739999983459711,6.2599998600781,2.75999993830919,2014,3,2014
51.8667,10.3333,2014-03-27,-2.30999994836748,7.55999983102083,2.62499994132668,2014,3,2014
51.8667,10.3333,2014-03-28,0.96999997831881,10.2399997711182,5.60499987471849,2014,3,2014
51.8667,10.3333,2014-03-29,0.209999995306134,8.07999981939793,4.14499990735203,2014,3,2014
51.8667,10.3333,2014-03-30,1.27999997138977,15.809999646619,8.54499980900437,2014,3,2014
51.8667,10.3333,2014-03-31,2.83999993652105,17.6299996059388,10.2349997712299,2014,3,2014
51.8667,10.3333,2014-04-01,4.65999989584088,15.6699996497482,10.1649997727945,2014,4,2014
51.8667,10.3333,2014-04-02,4.12999990768731,18.1699995938689,11.1499997507781,2014,4,2014
51.8667,10.3333,2014-04-03,6.12999986298382,18.9899995755404,12.5599997192621,2014,4,2014
51.8667,10.3333,2014-04-04,7.14999984018505,20.7399995364249,13.944999688305,2014,4,2014
51.8667,10.3333,2014-04-05,7.66999982856214,14.1099996846169,10.8899997565895,2014,4,2014
51.8667,10.3333,2014-04-06,6.80999984778464,15.0799996629357,10.9449997553602,2014,4,2014
51.8667,10.3333,2014-04-07,5.739999871701,16.8799996227026,11.3099997472018,2014,4,2014
51.8667,10.3333,2014-04-08,10.8499997574836,18.3099995907396,14.5799996741116,2014,4,2014
51.8667,10.3333,2014-04-09,2.41999994590878,14.649999672547,8.53499980922788,2014,4,2014
51.8667,10.3333,2014-04-10,2.66999994032085,8.27999981492758,5.47499987762421,2014,4,2014
51.8667,10.3333,2014-04-11,6.03999986499548,9.24999979324639,7.64499982912093,2014,4,2014
51.8667,10.3333,2014-04-12,4.67999989539385,11.499999742955,8.08999981917441,2014,4,2014
51.8667,10.3333,2014-04-13,2.36999994702637,13.2799997031689,7.82499982509762,2014,4,2014
51.8667,10.3333,2014-04-14,4.58999989740551,11.9199997335672,8.25499981548637,2014,4,2014
51.8667,10.3333,2014-04-15,1.09999997541308,7.5199998319149,4.30999990366399,2014,4,2014
51.8667,10.3333,2014-04-16,-0.0599999986588955,5.87999986857176,2.90999993495643,2014,4,2014
51.8667,10.3333,2014-04-17,-1.44999996758997,10.5499997641891,4.54999989829957,2014,4,2014
51.8667,10.3333,2014-04-18,0.399999991059303,12.5799997188151,6.4899998549372,2014,4,2014
51.8667,10.3333,2014-04-19,1.50999996624887,8.22999981604517,4.86999989114702,2014,4,2014
51.8667,10.3333,2014-04-20,-0.489999989047647,13.3699997011572,6.43999985605478,2014,4,2014
51.8667,10.3333,2014-04-21,6.80999984778464,16.369999634102,11.5899997409433,2014,4,2014
51.8667,10.3333,2014-04-22,6.03999986499548,15.5699996519834,10.8049997584894,2014,4,2014
51.8667,10.3333,2014-04-23,4.82999989204109,15.9199996441603,10.3749997681007,2014,4,2014
51.8667,10.3333,2014-04-24,5.70999987237155,18.3499995898455,12.0299997311085,2014,4,2014
51.8667,10.3333,2014-04-25,6.16999986208975,17.1299996171147,11.6499997396022,2014,4,2014
51.8667,10.3333,2014-04-26,7.16999983973801,19.1699995715171,13.1699997056276,2014,4,2014
51.8667,10.3333,2014-04-27,7.39999983459711,19.1199995726347,13.2599997036159,2014,4,2014
51.8667,10.3333,2014-04-28,8.85999980196357,16.2099996376783,12.5349997198209,2014,4,2014
51.8667,10.3333,2014-04-29,7.56999983079731,15.1299996618181,11.3499997463077,2014,4,2014
51.8667,10.3333,2014-04-30,6.20999986119568,18.1499995943159,12.1799997277558,2014,4,2014
51.8667,10.3333,2014-05-01,6.35999985784292,19.0999995730817,12.7299997154623,2014,5,NA
51.8667,10.3333,2014-05-02,7.96999982185662,15.2499996591359,11.6099997404963,2014,5,NA
51.8667,10.3333,2014-05-03,2.35999994724989,9.08999979682267,5.72499987203628,2014,5,NA
51.8667,10.3333,2014-05-04,0.869999980553985,9.99999977648258,5.43499987851828,2014,5,NA
51.8667,10.3333,2014-05-05,-0.57999998703599,7.54999983124435,3.48499992210418,2014,5,NA
51.8667,10.3333,2014-05-06,0.429999990388751,14.2599996812642,7.34499983582646,2014,5,NA
51.8667,10.3333,2014-05-07,5.02999988757074,17.0199996195734,11.024999753572,2014,5,NA
51.8667,10.3333,2014-05-08,7.02999984286726,14.5899996738881,10.8099997583777,2014,5,NA
51.8667,10.3333,2014-05-09,6.62999985180795,12.2999997250736,9.46499978844076,2014,5,NA
51.8667,10.3333,2014-05-10,5.93999986723065,15.5799996517599,10.7599997594953,2014,5,NA
51.8667,10.3333,2014-05-11,5.77999987080693,11.7299997378141,8.7549998043105,2014,5,NA
51.8667,10.3333,2014-05-12,6.10999986343086,12.1799997277558,9.14499979559332,2014,5,NA
51.8667,10.3333,2014-05-13,6.05999986454844,11.6599997393787,8.85999980196357,2014,5,NA
51.8667,10.3333,2014-05-14,3.51999992132187,11.7799997366965,7.64999982900918,2014,5,NA
51.8667,10.3333,2014-05-15,2.70999993942678,10.2499997708946,6.47999985516071,2014,5,NA
51.8667,10.3333,2014-05-16,3.41999992355704,12.039999730885,7.72999982722104,2014,5,NA
51.8667,10.3333,2014-05-17,4.73999989405274,14.7699996698648,9.75499978195876,2014,5,NA
51.8667,10.3333,2014-05-18,5.06999988667667,15.189999660477,10.1299997735769,2014,5,NA
51.8667,10.3333,2014-05-19,7.24999983794987,15.3799996562302,11.31499974709,2014,5,NA
51.8667,10.3333,2014-05-20,8.01999982073903,19.2899995688349,13.654999694787,2014,5,NA
51.8667,10.3333,2014-05-21,9.67999978363514,24.7499994467944,17.2149996152148,2014,5,NA
51.8667,10.3333,2014-05-22,12.4199997223914,25.7399994246662,19.0799995735288,2014,5,NA
51.8667,10.3333,2014-05-23,12.1499997284263,26.4699994083494,19.3099995683879,2014,5,NA
51.8667,10.3333,2014-05-24,9.18999979458749,17.7899996023625,13.489999698475,2014,5,NA
51.8667,10.3333,2014-05-25,7.91999982297421,19.519999563694,13.7199996933341,2014,5,NA
51.8667,10.3333,2014-05-26,8.19999981671572,19.4599995650351,13.8299996908754,2014,5,NA
51.8667,10.3333,2014-05-27,8.61999980732799,22.1399995051324,15.3799996562302,2014,5,NA
51.8667,10.3333,2014-05-28,9.82999978028238,15.0099996645004,12.4199997223914,2014,5,NA
51.8667,10.3333,2014-05-29,6.89999984577298,10.6499997619539,8.77499980386347,2014,5,NA
51.8667,10.3333,2014-05-30,4.65999989584088,8.84999980218709,6.75499984901398,2014,5,NA
51.8667,10.3333,2014-05-31,2.93999993428588,15.8999996446073,9.41999978944659,2014,5,NA
51.8667,10.3333,2014-06-01,5.00999988801777,17.4799996092916,11.2449997486547,2014,6,NA
51.8667,10.3333,2014-06-02,4.19999990612268,15.5899996515363,9.89499977882951,2014,6,NA
51.8667,10.3333,2014-06-03,6.13999986276031,16.7799996249378,11.459999743849,2014,6,NA
51.8667,10.3333,2014-06-04,6.29999985918403,19.249999569729,12.7749997144565,2014,6,NA
51.8667,10.3333,2014-06-05,7.67999982833862,20.679999537766,14.1799996830523,2014,6,NA
51.8667,10.3333,2014-06-06,7.24999983794987,15.5499996524304,11.3999997451901,2014,6,NA
51.8667,10.3333,2014-06-07,6.62999985180795,21.8499995116144,14.2399996817112,2014,6,NA
51.8667,10.3333,2014-06-08,10.4299997668713,26.999999396503,18.7149995816872,2014,6,NA
51.8667,10.3333,2014-06-09,14.3299996796995,29.7599993348122,22.0449995072559,2014,6,NA
51.8667,10.3333,2014-06-10,14.1199996843934,28.159999370575,21.1399995274842,2014,6,NA
51.8667,10.3333,2014-06-11,15.0999996624887,27.0999993942678,21.0999995283782,2014,6,NA
51.8667,10.3333,2014-06-12,12.0699997302145,21.8899995107204,16.9799996204674,2014,6,NA
51.8667,10.3333,2014-06-13,9.20999979414046,19.6699995603412,14.4399996772408,2014,6,NA
51.8667,10.3333,2014-06-14,7.59999983012676,17.3799996115267,12.4899997208267,2014,6,NA
51.8667,10.3333,2014-06-15,7.71999982744455,15.2999996580184,11.5099997427315,2014,6,NA
51.8667,10.3333,2014-06-16,6.91999984532595,18.5599995851517,12.7399997152388,2014,6,NA
51.8667,10.3333,2014-06-17,8.73999980464578,14.7199996709824,11.7299997378141,2014,6,NA
51.8667,10.3333,2014-06-18,8.68999980576336,18.7999995797873,13.7449996927753,2014,6,NA
51.8667,10.3333,2014-06-19,8.49999981001019,19.1699995715171,13.8349996907637,2014,6,NA
51.8667,10.3333,2014-06-20,9.10999979637563,13.4799996986985,11.2949997475371,2014,6,NA
51.8667,10.3333,2014-06-21,8.35999981313944,13.9799996875226,11.169999750331,2014,6,NA
51.8667,10.3333,2014-06-22,8.41999981179833,13.779999691993,11.0999997518957,2014,6,NA
51.8667,10.3333,2014-06-23,6.68999985046685,16.059999641031,11.3749997457489,2014,6,NA
51.8667,10.3333,2014-06-24,5.88999986834824,16.8399996235967,11.3649997459725,2014,6,NA
51.8667,10.3333,2014-06-25,6.91999984532595,17.1499996166676,12.0349997309968,2014,6,NA
51.8667,10.3333,2014-06-26,5.95999986678362,12.6699997168034,9.31499979179353,2014,6,NA
51.8667,10.3333,2014-06-27,5.55999987572432,16.0299996417016,10.7949997587129,2014,6,NA
51.8667,10.3333,2014-06-28,6.75999984890223,21.2899995241314,14.0249996865168,2014,6,NA
51.8667,10.3333,2014-06-29,11.1199997514486,19.5299995634705,15.3249996574596,2014,6,NA
51.8667,10.3333,2014-06-30,8.94999979995191,15.4599996544421,12.204999727197,2014,6,NA
51.8667,10.3333,2014-07-01,7.85999982431531,15.9299996439368,11.894999734126,2014,7,NA
51.8667,10.3333,2014-07-02,7.02999984286726,16.389999633655,11.7099997382611,2014,7,NA
51.8667,10.3333,2014-07-03,5.71999987214804,18.10999959521,11.914999733679,2014,7,NA
51.8667,10.3333,2014-07-04,7.69999982789159,23.3099994789809,15.5049996534362,2014,7,NA
51.8667,10.3333,2014-07-05,11.0499997530133,27.0999993942678,19.0749995736405,2014,7,NA
51.8667,10.3333,2014-07-06,14.7599996700883,25.0799994394183,19.9199995547533,2014,7,NA
51.8667,10.3333,2014-07-07,15.7499996479601,26.4999994076788,21.1249995278195,2014,7,NA
51.8667,10.3333,2014-07-08,14.2999996803701,20.679999537766,17.489999609068,2014,7,NA
51.8667,10.3333,2014-07-09,13.6899996940047,17.9899995978922,15.8399996459484,2014,7,NA
51.8667,10.3333,2014-07-10,11.9799997322261,18.5599995851517,15.2699996586889,2014,7,NA
51.8667,10.3333,2014-07-11,12.4599997214973,23.6099994722754,18.0349995968863,2014,7,NA
51.8667,10.3333,2014-07-12,11.7199997380376,24.2699994575232,17.9949995977804,2014,7,NA
51.8667,10.3333,2014-07-13,8.56999980844557,20.2899995464832,14.4299996774644,2014,7,NA
51.8667,10.3333,2014-07-14,9.63999978452921,18.6199995838106,14.1299996841699,2014,7,NA
51.8667,10.3333,2014-07-15,13.4199997000396,20.5599995404482,16.9899996202439,2014,7,NA
51.8667,10.3333,2014-07-16,11.8199997358024,22.8999994881451,17.3599996119738,2014,7,NA
51.8667,10.3333,2014-07-17,13.5199996978045,22.9299994874746,18.2249995926395,2014,7,NA
51.8667,10.3333,2014-07-18,12.0699997302145,25.7899994235486,18.9299995768815,2014,7,NA
51.8667,10.3333,2014-07-19,13.3899997007102,28.699999358505,21.0449995296076,2014,7,NA
51.8667,10.3333,2014-07-20,15.20999966003,29.9699993301183,22.5899994950742,2014,7,NA
51.8667,10.3333,2014-07-21,16.9599996209145,29.8299993332475,23.394999477081,2014,7,NA
51.8667,10.3333,2014-07-22,16.6899996269494,23.5299994740635,20.1099995505065,2014,7,NA
51.8667,10.3333,2014-07-23,14.4599996767938,25.549999428913,20.0049995528534,2014,7,NA
51.8667,10.3333,2014-07-24,13.8399996906519,24.9799994416535,19.4099995661527,2014,7,NA
51.8667,10.3333,2014-07-25,12.1299997288734,22.3099995013326,17.219999615103,2014,7,NA
51.8667,10.3333,2014-07-26,13.5599996969104,17.9099995996803,15.7349996482953,2014,7,NA
51.8667,10.3333,2014-07-27,13.0099997092038,24.3099994566292,18.6599995829165,2014,7,NA
51.8667,10.3333,2014-07-28,14.2299996819347,25.4599994309247,19.8449995564297,2014,7,NA
51.8667,10.3333,2014-07-29,14.7999996691942,25.1899994369596,19.9949995530769,2014,7,NA
51.8667,10.3333,2014-07-30,16.2899996358901,22.6099994946271,19.4499995652586,2014,7,NA
51.8667,10.3333,2014-07-31,12.5099997203797,18.9499995764345,15.7299996484071,2014,7,NA
51.8667,10.3333,2014-08-01,11.5299997422844,22.5399994961917,17.0349996192381,2014,8,NA
51.8667,10.3333,2014-08-02,11.8899997342378,25.0299994405359,18.4599995873868,2014,8,NA
51.8667,10.3333,2014-08-03,13.5899996962398,25.4199994318187,19.5049995640293,2014,8,NA
51.8667,10.3333,2014-08-04,15.7399996481836,23.3299994785339,19.5349995633587,2014,8,NA
51.8667,10.3333,2014-08-05,14.0999996848404,21.799999512732,17.9499995987862,2014,8,NA
51.8667,10.3333,2014-08-06,11.499999742955,18.7499995809048,15.1249996619299,2014,8,NA
51.8667,10.3333,2014-08-07,10.1099997740239,21.819999512285,15.9649996431544,2014,8,NA
51.8667,10.3333,2014-08-08,12.3899997230619,20.7999995350838,16.5949996290728,2014,8,NA
51.8667,10.3333,2014-08-09,11.3599997460842,24.1299994606525,17.7449996033683,2014,8,NA
51.8667,10.3333,2014-08-10,11.8199997358024,22.0399995073676,16.929999621585,2014,8,NA
51.8667,10.3333,2014-08-11,11.9899997320026,23.2899994794279,17.6399996057153,2014,8,NA
51.8667,10.3333,2014-08-12,10.3999997675419,19.5799995623529,14.9899996649474,2014,8,NA
51.8667,10.3333,2014-08-13,9.67999978363514,18.8999995775521,14.2899996805936,2014,8,NA
51.8667,10.3333,2014-08-14,10.0999997742474,20.5599995404482,15.3299996573478,2014,8,NA
51.8667,10.3333,2014-08-15,10.5799997635186,18.3099995907396,14.4449996771291,2014,8,NA
51.8667,10.3333,2014-08-16,10.049999775365,16.9799996204674,13.5149996979162,2014,8,NA
51.8667,10.3333,2014-08-17,10.2599997706711,16.4199996329844,13.3399997018278,2014,8,NA
51.8667,10.3333,2014-08-18,9.5899997856468,16.7699996251613,13.179999705404,2014,8,NA
51.8667,10.3333,2014-08-19,10.2399997711182,16.639999628067,13.4399996995926,2014,8,NA
51.8667,10.3333,2014-08-20,7.5199998319149,15.8699996452779,11.6949997385964,2014,8,NA
51.8667,10.3333,2014-08-21,6.31999985873699,15.6899996493012,11.0049997540191,2014,8,NA
51.8667,10.3333,2014-08-22,7.03999984264374,15.8299996461719,11.4349997444078,2014,8,NA
51.8667,10.3333,2014-08-23,8.67999980598688,16.8399996235967,12.7599997147918,2014,8,NA
51.8667,10.3333,2014-08-24,7.29999983683228,15.1299996618181,11.2149997493252,2014,8,NA
51.8667,10.3333,2014-08-25,6.26999985985458,14.939999666065,10.6049997629598,2014,8,NA
51.8667,10.3333,2014-08-26,5.70999987237155,15.3899996560067,10.5499997641891,2014,8,NA
51.8667,10.3333,2014-08-27,7.30999983660877,13.6699996944517,10.4899997655302,2014,8,NA
51.8667,10.3333,2014-08-28,5.67999987304211,18.2199995927513,11.9499997328967,2014,8,NA
51.8667,10.3333,2014-08-29,6.84999984689057,20.8299995344132,13.8399996906519,2014,8,NA
51.8667,10.3333,2014-08-30,11.5199997425079,19.829999556765,15.6749996496364,2014,8,NA
51.8667,10.3333,2014-08-31,11.2399997487664,17.1399996168911,14.1899996828288,2014,8,NA
51.8667,10.3333,2014-09-01,9.37999979034066,16.2599996365607,12.8199997134507,2014,9,NA
51.8667,10.3333,2014-09-02,9.78999978117645,15.8499996457249,12.8199997134507,2014,9,NA
51.8667,10.3333,2014-09-03,8.8399998024106,15.1699996609241,12.0049997316673,2014,9,NA
51.8667,10.3333,2014-09-04,7.73999982699752,17.6799996048212,12.7099997159094,2014,9,NA
51.8667,10.3333,2014-09-05,10.5799997635186,19.9799995534122,15.2799996584654,2014,9,NA
51.8667,10.3333,2014-09-06,12.2099997270852,23.849999466911,18.0299995969981,2014,9,NA
51.8667,10.3333,2014-09-07,13.2399997040629,23.2399994805455,18.2399995923042,2014,9,NA
51.8667,10.3333,2014-09-08,11.8499997351319,20.659999538213,16.2549996366724,2014,9,NA
51.8667,10.3333,2014-09-09,8.77999980375171,20.2399995476007,14.5099996756762,2014,9,NA
51.8667,10.3333,2014-09-10,7.38999983482063,15.519999653101,11.4549997439608,2014,9,NA
51.8667,10.3333,2014-09-11,10.3799997679889,14.2499996814877,12.3149997247383,2014,9,NA
51.8667,10.3333,2014-09-12,8.46999981068075,13.6199996955693,11.044999753125,2014,9,NA
51.8667,10.3333,2014-09-13,9.49999978765845,15.4499996546656,12.474999721162,2014,9,NA
51.8667,10.3333,2014-09-14,12.3099997248501,14.5999996736646,13.4549996992573,2014,9,NA
51.8667,10.3333,2014-09-15,12.8599997125566,17.3099996130913,15.084999662824,2014,9,NA
51.8667,10.3333,2014-09-16,13.0199997089803,18.9999995753169,16.0099996421486,2014,9,NA
51.8667,10.3333,2014-09-17,12.0099997315556,21.5899995174259,16.7999996244907,2014,9,NA
51.8667,10.3333,2014-09-18,11.6699997391552,20.6499995384365,16.1599996387959,2014,9,NA
51.8667,10.3333,2014-09-19,10.4499997664243,22.8599994890392,16.6549996277317,2014,9,NA
51.8667,10.3333,2014-09-20,13.799999691546,19.9099995549768,16.8549996232614,2014,9,NA
51.8667,10.3333,2014-09-21,14.1999996826053,20.3599995449185,17.2799996137619,2014,9,NA
51.8667,10.3333,2014-09-22,9.41999978944659,15.519999653101,12.4699997212738,2014,9,NA
51.8667,10.3333,2014-09-23,5.37999987974763,10.919999755919,8.1499998178333,2014,9,NA
51.8667,10.3333,2014-09-24,4.31999990344048,13.469999698922,8.89499980118126,2014,9,NA
51.8667,10.3333,2014-09-25,5.19999988377094,12.2599997259676,8.72999980486929,2014,9,NA
51.8667,10.3333,2014-09-26,9.20999979414046,13.8299996908754,11.5199997425079,2014,9,NA
51.8667,10.3333,2014-09-27,9.88999977894127,13.7699996922165,11.8299997355789,2014,9,NA
51.8667,10.3333,2014-09-28,7.18999983929098,16.5899996291846,11.8899997342378,2014,9,NA
51.8667,10.3333,2014-09-29,6.54999985359609,19.0299995746464,12.7899997141212,2014,9,NA
51.8667,10.3333,2014-09-30,12.059999730438,20.8799995332956,16.4699996318668,2014,9,NA
51.8667,10.3333,2014-10-01,10.3099997695535,17.6499996054918,13.9799996875226,2014,10,2015
51.8667,10.3333,2014-10-02,8.86999980174005,18.6199995838106,13.7449996927753,2014,10,2015
51.8667,10.3333,2014-10-03,8.72999980486929,18.8699995782226,13.799999691546,2014,10,2015
51.8667,10.3333,2014-10-04,8.13999981805682,19.3399995677173,13.7399996928871,2014,10,2015
51.8667,10.3333,2014-10-05,6.63999985158443,18.0199995972216,12.329999724403,2014,10,2015
51.8667,10.3333,2014-10-06,5.68999987281859,16.7099996265024,11.1999997496605,2014,10,2015
51.8667,10.3333,2014-10-07,5.72999987192452,15.1399996615946,10.4349997667596,2014,10,2015
51.8667,10.3333,2014-10-08,7.59999983012676,14.1599996834993,10.879999756813,2014,10,2015
51.8667,10.3333,2014-10-09,8.2699998151511,15.3699996564537,11.8199997358024,2014,10,2015
51.8667,10.3333,2014-10-10,11.2199997492135,16.6699996273965,13.944999688305,2014,10,2015
51.8667,10.3333,2014-10-11,9.36999979056418,15.0099996645004,12.1899997275323,2014,10,2015
51.8667,10.3333,2014-10-12,10.0899997744709,15.1399996615946,12.6149997180328,2014,10,2015
51.8667,10.3333,2014-10-13,7.43999983370304,15.4899996537715,11.4649997437373,2014,10,2015
51.8667,10.3333,2014-10-14,10.5999997630715,17.1199996173382,13.8599996902049,2014,10,2015
51.8667,10.3333,2014-10-15,9.74999978207052,15.4099996555597,12.5799997188151,2014,10,2015
51.8667,10.3333,2014-10-16,7.23999983817339,13.8299996908754,10.5349997645244,2014,10,2015
51.8667,10.3333,2014-10-17,7.60999982990324,13.8999996893108,10.754999759607,2014,10,2015
51.8667,10.3333,2014-10-18,9.25999979302287,14.339999679476,11.7999997362494,2014,10,2015
51.8667,10.3333,2014-10-19,8.25999981537461,16.1099996399134,12.184999727644,2014,10,2015
51.8667,10.3333,2014-10-20,11.0199997536838,19.1599995717406,15.0899996627122,2014,10,2015
51.8667,10.3333,2014-10-21,9.66999978385866,13.779999691993,11.7249997379258,2014,10,2015
51.8667,10.3333,2014-10-22,5.78999987058342,10.9599997550249,8.37499981280416,2014,10,2015
51.8667,10.3333,2014-10-23,3.85999991372228,7.52999983169138,5.69499987270683,2014,10,2015
51.8667,10.3333,2014-10-24,5.0499998871237,11.2899997476488,8.16999981738627,2014,10,2015
51.8667,10.3333,2014-10-25,6.12999986298382,11.8599997349083,8.99499979894608,2014,10,2015
51.8667,10.3333,2014-10-26,7.04999984242022,12.0299997311085,9.53999978676438,2014,10,2015
51.8667,10.3333,2014-10-27,7.22999983839691,12.2399997264147,9.73499978240579,2014,10,2015
51.8667,10.3333,2014-10-28,5.2799998819828,13.9199996888638,9.59999978542328,2014,10,2015
51.8667,10.3333,2014-10-29,3.37999992445111,11.1999997496605,7.2899998370558,2014,10,2015
51.8667,10.3333,2014-10-30,2.66999994032085,10.7599997594953,6.71499984990805,2014,10,2015
51.8667,10.3333,2014-10-31,7.13999984040856,10.7099997606128,8.9249998005107,2014,10,2015
51.8667,10.3333,2014-11-01,8.8399998024106,15.6299996506423,12.2349997265264,2014,11,2015
51.8667,10.3333,2014-11-02,9.26999979279935,18.2799995914102,13.7749996921048,2014,11,2015
51.8667,10.3333,2014-11-03,8.87999980151653,15.6199996508658,12.2499997261912,2014,11,2015
51.8667,10.3333,2014-11-04,10.6899997610599,13.1599997058511,11.9249997334555,2014,11,2015
51.8667,10.3333,2014-11-05,7.72999982722104,13.0799997076392,10.4049997674301,2014,11,2015
51.8667,10.3333,2014-11-06,4.55999989807606,8.79999980330467,6.67999985069036,2014,11,2015
51.8667,10.3333,2014-11-07,2.49999994412065,7.98999982140958,5.24499988276511,2014,11,2015
51.8667,10.3333,2014-11-08,1.62999996356666,8.08999981917441,4.85999989137053,2014,11,2015
51.8667,10.3333,2014-11-09,2.6999999396503,9.62999978475273,6.16499986220151,2014,11,2015
51.8667,10.3333,2014-11-10,1.91999995708466,10.4099997673184,6.16499986220151,2014,11,2015
51.8667,10.3333,2014-11-11,3.79999991506338,9.45999978855252,6.62999985180795,2014,11,2015
51.8667,10.3333,2014-11-12,2.43999994546175,10.3899997677654,6.41499985661358,2014,11,2015
51.8667,10.3333,2014-11-13,5.54999987594783,10.7299997601658,8.13999981805682,2014,11,2015
51.8667,10.3333,2014-11-14,5.67999987304211,10.1299997735769,7.90499982330948,2014,11,2015
51.8667,10.3333,2014-11-15,5.74999987147748,9.86999977938831,7.8099998254329,2014,11,2015
51.8667,10.3333,2014-11-16,5.9699998665601,9.64999978430569,7.8099998254329,2014,11,2015
51.8667,10.3333,2014-11-17,5.20999988354743,7.749999826774,6.47999985516071,2014,11,2015
51.8667,10.3333,2014-11-18,3.31999992579222,9.759999781847,6.53999985381961,2014,11,2015
51.8667,10.3333,2014-11-19,3.48999992199242,5.64999987371266,4.56999989785254,2014,11,2015
51.8667,10.3333,2014-11-20,2.97999993339181,4.27999990433455,3.62999991886318,2014,11,2015
51.8667,10.3333,2014-11-21,2.45999994501472,4.42999990098178,3.44499992299825,2014,11,2015
51.8667,10.3333,2014-11-22,1.97999995574355,3.31999992579222,2.64999994076788,2014,11,2015
51.8667,10.3333,2014-11-23,-0.789999982342124,7.84999982453883,3.52999992109835,2014,11,2015
51.8667,10.3333,2014-11-24,4.04999990947545,13.179999705404,8.61499980743974,2014,11,2015
51.8667,10.3333,2014-11-25,0.859999980777502,10.5399997644126,5.69999987259507,2014,11,2015
51.8667,10.3333,2014-11-26,-0.439999990165234,5.7999998703599,2.67999994009733,2014,11,2015
51.8667,10.3333,2014-11-27,-0.989999977871776,3.57999991998076,1.29499997105449,2014,11,2015
51.8667,10.3333,2014-11-28,-2.28999994881451,3.52999992109835,0.61999998614192,2014,11,2015
51.8667,10.3333,2014-11-29,-0.649999985471368,2.76999993808568,1.05999997630715,2014,11,2015
51.8667,10.3333,2014-11-30,0.409999990835786,2.02999995462596,1.21999997273088,2014,11,2015
51.8667,10.3333,2014-12-01,-1.95999995619059,1.80999995954335,-0.0749999983236194,2014,12,2015
51.8667,10.3333,2014-12-02,-4.14999990724027,-1.27999997138977,-2.71499993931502,2014,12,2015
51.8667,10.3333,2014-12-03,-4.15999990701675,-1.18999997340143,-2.67499994020909,2014,12,2015
51.8667,10.3333,2014-12-04,-4.34999990276992,-1.85999995842576,-3.10499993059784,2014,12,2015
51.8667,10.3333,2014-12-05,-2.31999994814396,-0.0599999986588955,-1.18999997340143,2014,12,2015
51.8667,10.3333,2014-12-06,-0.429999990388751,2.50999994389713,1.03999997675419,2014,12,2015
51.8667,10.3333,2014-12-07,-0.26999999396503,2.52999994345009,1.12999997474253,2014,12,2015
51.8667,10.3333,2014-12-08,0.569999987259507,2.67999994009733,1.62499996367842,2014,12,2015
51.8667,10.3333,2014-12-09,-1.84999995864928,2.26999994926155,0.209999995306134,2014,12,2015
51.8667,10.3333,2014-12-10,-2.48999994434416,1.3799999691546,-0.554999987594783,2014,12,2015
51.8667,10.3333,2014-12-11,-0.439999990165234,1.7799999602139,0.669999985024333,2014,12,2015
51.8667,10.3333,2014-12-12,0.429999990388751,3.33999992534518,1.88499995786697,2014,12,2015
51.8667,10.3333,2014-12-13,2.13999995216727,6.55999985337257,4.34999990276992,2014,12,2015
51.8667,10.3333,2014-12-14,0.669999985024333,3.56999992020428,2.11999995261431,2014,12,2015
51.8667,10.3333,2014-12-15,-1.81999995931983,2.27999994903803,0.229999994859099,2014,12,2015
51.8667,10.3333,2014-12-16,-1.79999995976686,2.78999993763864,0.494999988935888,2014,12,2015
51.8667,10.3333,2014-12-17,0.359999991953373,3.18999992869794,1.77499996032566,2014,12,2015
51.8667,10.3333,2014-12-18,0.0399999991059303,5.45999987795949,2.74999993853271,2014,12,2015
51.8667,10.3333,2014-12-19,5.46999987773597,10.2699997704476,7.86999982409179,2014,12,2015
51.8667,10.3333,2014-12-20,3.34999992512167,9.79999978095293,6.5749998530373,2014,12,2015
51.8667,10.3333,2014-12-21,0.719999983906746,3.70999991707504,2.21499995049089,2014,12,2015
51.8667,10.3333,2014-12-22,1.92999995686114,5.17999988421798,3.55499992053956,2014,12,2015
51.8667,10.3333,2014-12-23,5.25999988242984,8.34999981336296,6.8049998478964,2014,12,2015
51.8667,10.3333,2014-12-24,7.07999984174967,8.56999980844557,7.82499982509762,2014,12,2015
51.8667,10.3333,2014-12-25,1.75999996066093,7.30999983660877,4.53499989863485,2014,12,2015
51.8667,10.3333,2014-12-26,-1.05999997630715,2.83999993652105,0.88999998010695,2014,12,2015
51.8667,10.3333,2014-12-27,-4.17999990656972,-0.00999999977648258,-2.0949999531731,2014,12,2015
51.8667,10.3333,2014-12-28,-6.81999984756112,-1.87999995797873,-4.34999990276992,2014,12,2015
51.8667,10.3333,2014-12-29,-9.66999978385866,-3.22999992780387,-6.44999985583127,2014,12,2015
51.8667,10.3333,2014-12-30,-6.75999984890223,-0.849999981001019,-3.80499991495162,2014,12,2015
