"Lat","Long","Date","Tmin","Tmax","Tmean","Year","Month","ChillYear"
47.4833,9.66667,1951-01-01,-8.59999980777502,-0.859999980777502,-4.72999989427626,1951,1,1951
47.4833,9.66667,1951-01-02,-5.75999987125397,2.45999994501472,-1.64999996311963,1951,1,1951
47.4833,9.66667,1951-01-03,-3.91999991238117,3.76999991573393,-0.0749999983236194,1951,1,1951
47.4833,9.66667,1951-01-04,-1.4899999666959,1.53999996557832,0.0249999994412065,1951,1,1951
47.4833,9.66667,1951-01-05,-3.75999991595745,1.55999996513128,-1.09999997541308,1951,1,1951
47.4833,9.66667,1951-01-06,-3.7899999152869,4.02999990992248,0.119999997317791,1951,1,1951
47.4833,9.66667,1951-01-07,-3.33999992534518,3.64999991841614,0.15499999653548,1951,1,1951
47.4833,9.66667,1951-01-08,-3.7899999152869,4.49999989941716,0.354999992065132,1951,1,1951
47.4833,9.66667,1951-01-09,-2.89999993517995,4.39999990165234,0.749999983236194,1951,1,1951
47.4833,9.66667,1951-01-10,-4.60999989695847,3.92999991215765,-0.339999992400408,1951,1,1951
47.4833,9.66667,1951-01-11,-7.16999983973801,2.71999993920326,-2.22499995026737,1951,1,1951
47.4833,9.66667,1951-01-12,-4.36999990232289,4.8799998909235,0.254999994300306,1951,1,1951
47.4833,9.66667,1951-01-13,-2.77999993786216,6.13999986276031,1.67999996244907,1951,1,1951
47.4833,9.66667,1951-01-14,-0.509999988600612,3.70999991707504,1.59999996423721,1951,1,1951
47.4833,9.66667,1951-01-15,-3.2699999269098,4.46999990008771,0.599999986588955,1951,1,1951
47.4833,9.66667,1951-01-16,-5.97999986633658,5.3399998806417,-0.319999992847443,1951,1,1951
47.4833,9.66667,1951-01-17,-1.65999996289611,1.44999996758997,-0.104999997653067,1951,1,1951
47.4833,9.66667,1951-01-18,-5.02999988757074,1.72999996133149,-1.64999996311963,1951,1,1951
47.4833,9.66667,1951-01-19,0.949999978765845,4.89999989047647,2.92499993462116,1951,1,1951
47.4833,9.66667,1951-01-20,0.249999994412065,3.04999993182719,1.64999996311963,1951,1,1951
47.4833,9.66667,1951-01-21,0.319999992847443,4.50999989919364,2.41499994602054,1951,1,1951
47.4833,9.66667,1951-01-22,2.55999994277954,4.82999989204109,3.69499991741031,1951,1,1951
47.4833,9.66667,1951-01-23,2.18999995104969,5.57999987527728,3.88499991316348,1951,1,1951
47.4833,9.66667,1951-01-24,1.74999996088445,4.61999989673495,3.1849999288097,1951,1,1951
47.4833,9.66667,1951-01-25,-0.339999992400408,4.25999990478158,1.95999995619059,1951,1,1951
47.4833,9.66667,1951-01-26,-1.25999997183681,4.14999990724027,1.44499996770173,1951,1,1951
47.4833,9.66667,1951-01-27,-2.22999995015562,4.12999990768731,0.949999978765845,1951,1,1951
47.4833,9.66667,1951-01-28,-2.93999993428588,2.27999994903803,-0.329999992623925,1951,1,1951
47.4833,9.66667,1951-01-29,-2.4099999461323,2.37999994680285,-0.0149999996647239,1951,1,1951
47.4833,9.66667,1951-01-30,-1.17999997362494,0.869999980553985,-0.15499999653548,1951,1,1951
47.4833,9.66667,1951-01-31,-0.949999978765845,1.89999995753169,0.474999989382923,1951,1,1951
47.4833,9.66667,1951-02-01,-1.66999996267259,1.55999996513128,-0.0549999987706542,1951,2,1951
47.4833,9.66667,1951-02-02,-0.919999979436398,1.65999996289611,0.369999991729856,1951,2,1951
47.4833,9.66667,1951-02-03,-2.74999993853271,2.67999994009733,-0.034999999217689,1951,2,1951
47.4833,9.66667,1951-02-04,-3.25999992713332,3.19999992847443,-0.0299999993294477,1951,2,1951
47.4833,9.66667,1951-02-05,-2.76999993808568,7.79999982565641,2.51499994378537,1951,2,1951
47.4833,9.66667,1951-02-06,0.419999990612268,7.42999983392656,3.92499991226941,1951,2,1951
47.4833,9.66667,1951-02-07,0.0499999988824129,2.31999994814396,1.18499997351319,1951,2,1951
47.4833,9.66667,1951-02-08,-1.12999997474253,1.80999995954335,0.339999992400408,1951,2,1951
47.4833,9.66667,1951-02-09,-3.90999991260469,5.03999988734722,0.564999987371266,1951,2,1951
47.4833,9.66667,1951-02-10,-1.09999997541308,7.8099998254329,3.35499992500991,1951,2,1951
47.4833,9.66667,1951-02-11,0.359999991953373,8.21999981626868,4.28999990411103,1951,2,1951
47.4833,9.66667,1951-02-12,0.409999990835786,12.6099997181445,6.50999985449016,1951,2,1951
47.4833,9.66667,1951-02-13,-0.0399999991059303,8.51999980956316,4.23999990522861,1951,2,1951
47.4833,9.66667,1951-02-14,0.219999995082617,6.05999986454844,3.13999992981553,1951,2,1951
47.4833,9.66667,1951-02-15,1.36999996937811,6.07999986410141,3.72499991673976,1951,2,1951
47.4833,9.66667,1951-02-16,-1.89999995753169,3.729999916628,0.914999979548156,1951,2,1951
47.4833,9.66667,1951-02-17,-1.46999996714294,5.25999988242984,1.89499995764345,1951,2,1951
47.4833,9.66667,1951-02-18,-4.09999990835786,7.98999982140958,1.94499995652586,1951,2,1951
47.4833,9.66667,1951-02-19,-2.53999994322658,6.66999985091388,2.06499995384365,1951,2,1951
47.4833,9.66667,1951-02-20,-4.06999990902841,5.38999987952411,0.65999998524785,1951,2,1951
47.4833,9.66667,1951-02-21,-0.769999982789159,7.76999982632697,3.4999999217689,1951,2,1951
47.4833,9.66667,1951-02-22,0.529999988153577,8.1499998178333,4.33999990299344,1951,2,1951
47.4833,9.66667,1951-02-23,-0.679999984800816,4.58999989740551,1.95499995630234,1951,2,1951
47.4833,9.66667,1951-02-24,-1.46999996714294,3.47999992221594,1.0049999775365,1951,2,1951
47.4833,9.66667,1951-02-25,-4.52999989874661,4.34999990276992,-0.0899999979883432,1951,2,1951
47.4833,9.66667,1951-02-26,-1.23999997228384,5.63999987393618,2.19999995082617,1951,2,1951
47.4833,9.66667,1951-02-27,-2.67999994009733,1.9499999564141,-0.364999991841614,1951,2,1951
47.4833,9.66667,1951-02-28,-2.62999994121492,1.99999995529652,-0.314999992959201,1951,2,1951
47.4833,9.66667,1951-03-01,-3.9599999114871,0.739999983459711,-1.6099999640137,1951,3,1951
47.4833,9.66667,1951-03-02,-5.97999986633658,-0.0399999991059303,-3.00999993272126,1951,3,1951
47.4833,9.66667,1951-03-03,-6.12999986298382,0.159999996423721,-2.98499993328005,1951,3,1951
47.4833,9.66667,1951-03-04,-8.02999982051551,1.15999997407198,-3.43499992322177,1951,3,1951
47.4833,9.66667,1951-03-05,-5.03999988734722,1.81999995931983,-1.6099999640137,1951,3,1951
47.4833,9.66667,1951-03-06,-4.86999989114702,4.1899999063462,-0.339999992400408,1951,3,1951
47.4833,9.66667,1951-03-07,-5.03999988734722,3.40999992378056,-0.81499998178333,1951,3,1951
47.4833,9.66667,1951-03-08,-5.01999988779426,6.45999985560775,0.719999983906746,1951,3,1951
47.4833,9.66667,1951-03-09,-0.499999988824129,7.88999982364476,3.69499991741031,1951,3,1951
47.4833,9.66667,1951-03-10,-0.149999996647239,7.9799998216331,3.91499991249293,1951,3,1951
47.4833,9.66667,1951-03-11,-0.109999997541308,5.739999871701,2.81499993707985,1951,3,1951
47.4833,9.66667,1951-03-12,-2.89999993517995,8.29999981448054,2.6999999396503,1951,3,1951
47.4833,9.66667,1951-03-13,1.91999995708466,8.62999980710447,5.27499988209456,1951,3,1951
47.4833,9.66667,1951-03-14,0.919999979436398,14.8699996676296,7.894999823533,1951,3,1951
47.4833,9.66667,1951-03-15,0.96999997831881,12.8299997132272,6.89999984577298,1951,3,1951
47.4833,9.66667,1951-03-16,1.88999995775521,12.079999729991,6.98499984387308,1951,3,1951
47.4833,9.66667,1951-03-17,1.69999996200204,11.4399997442961,6.56999985314906,1951,3,1951
47.4833,9.66667,1951-03-18,5.88999986834824,14.1799996830523,10.0349997757003,1951,3,1951
47.4833,9.66667,1951-03-19,5.83999986946583,10.6899997610599,8.26499981526285,1951,3,1951
47.4833,9.66667,1951-03-20,3.64999991841614,11.8799997344613,7.76499982643872,1951,3,1951
47.4833,9.66667,1951-03-21,1.7799999602139,6.14999986253679,3.96499991137534,1951,3,1951
47.4833,9.66667,1951-03-22,-4.21999990567565,2.53999994322658,-0.839999981224537,1951,3,1951
47.4833,9.66667,1951-03-23,-6.87999984622002,5.48999987728894,-0.694999984465539,1951,3,1951
47.4833,9.66667,1951-03-24,1.51999996602535,16.2299996372312,8.87499980162829,1951,3,1951
47.4833,9.66667,1951-03-25,0.609999986365438,11.0899997521192,5.84999986924231,1951,3,1951
47.4833,9.66667,1951-03-26,-2.07999995350838,1.49999996647239,-0.289999993517995,1951,3,1951
47.4833,9.66667,1951-03-27,-4.03999990969896,4.09999990835786,0.0299999993294477,1951,3,1951
47.4833,9.66667,1951-03-28,0.169999996200204,5.74999987147748,2.95999993383884,1951,3,1951
47.4833,9.66667,1951-03-29,-0.329999992623925,4.05999990925193,1.864999958314,1951,3,1951
47.4833,9.66667,1951-03-30,-1.87999995797873,4.80999989248812,1.4649999672547,1951,3,1951
47.4833,9.66667,1951-03-31,-1.40999996848404,7.56999983079731,3.07999993115664,1951,3,1951
47.4833,9.66667,1951-04-01,0.289999993517995,5.84999986924231,3.06999993138015,1951,4,1951
47.4833,9.66667,1951-04-02,-0.379999991506338,9.79999978095293,4.7099998947233,1951,4,1951
47.4833,9.66667,1951-04-03,0.789999982342124,12.2099997270852,6.49999985471368,1951,4,1951
47.4833,9.66667,1951-04-04,2.68999993987381,7.68999982811511,5.18999988399446,1951,4,1951
47.4833,9.66667,1951-04-05,-0.789999982342124,10.4999997653067,4.85499989148229,1951,4,1951
47.4833,9.66667,1951-04-06,0.0899999979883432,9.76999978162348,4.92999988980591,1951,4,1951
47.4833,9.66667,1951-04-07,3.13999992981553,14.1899996828288,8.66499980632216,1951,4,1951
47.4833,9.66667,1951-04-08,3.02999993227422,16.8599996231496,9.94499977771193,1951,4,1951
47.4833,9.66667,1951-04-09,2.13999995216727,8.80999980308115,5.47499987762421,1951,4,1951
47.4833,9.66667,1951-04-10,0.209999995306134,12.4999997206032,6.35499985795468,1951,4,1951
47.4833,9.66667,1951-04-11,1.7799999602139,9.10999979637563,5.44499987829477,1951,4,1951
47.4833,9.66667,1951-04-12,0.869999980553985,7.67999982833862,4.2749999044463,1951,4,1951
47.4833,9.66667,1951-04-13,0.329999992623925,9.03999979794025,4.68499989528209,1951,4,1951
47.4833,9.66667,1951-04-14,-1.76999996043742,12.8299997132272,5.52999987639487,1951,4,1951
47.4833,9.66667,1951-04-15,3.63999991863966,8.06999981962144,5.85499986913055,1951,4,1951
47.4833,9.66667,1951-04-16,1.68999996222556,8.61999980732799,5.15499988477677,1951,4,1951
47.4833,9.66667,1951-04-17,-0.939999978989363,15.3799996562302,7.21999983862042,1951,4,1951
47.4833,9.66667,1951-04-18,3.99999991059303,18.3699995893985,11.1849997499958,1951,4,1951
47.4833,9.66667,1951-04-19,6.4899998549372,15.9699996430427,11.2299997489899,1951,4,1951
47.4833,9.66667,1951-04-20,7.77999982610345,15.0799996629357,11.4299997445196,1951,4,1951
47.4833,9.66667,1951-04-21,5.76999987103045,15.1199996620417,10.4449997665361,1951,4,1951
47.4833,9.66667,1951-04-22,6.6599998511374,16.2999996356666,11.479999743402,1951,4,1951
47.4833,9.66667,1951-04-23,3.2699999269098,13.6599996946752,8.46499981079251,1951,4,1951
47.4833,9.66667,1951-04-24,0.169999996200204,16.7599996253848,8.46499981079251,1951,4,1951
47.4833,9.66667,1951-04-25,1.3799999691546,19.1199995726347,10.2499997708946,1951,4,1951
47.4833,9.66667,1951-04-26,4.31999990344048,21.4399995207787,12.8799997121096,1951,4,1951
47.4833,9.66667,1951-04-27,8.56999980844557,17.5899996068329,13.0799997076392,1951,4,1951
47.4833,9.66667,1951-04-28,8.02999982051551,15.1399996615946,11.5849997410551,1951,4,1951
47.4833,9.66667,1951-04-29,4.82999989204109,10.5899997632951,7.70999982766807,1951,4,1951
47.4833,9.66667,1951-04-30,0.57999998703599,5.01999988779426,2.79999993741512,1951,4,1951
47.4833,9.66667,1951-05-01,0.96999997831881,9.43999978899956,5.20499988365918,1951,5,NA
47.4833,9.66667,1951-05-02,-0.249999994412065,15.8899996448308,7.81999982520938,1951,5,NA
47.4833,9.66667,1951-05-03,2.6399999409914,18.5399995855987,10.5899997632951,1951,5,NA
47.4833,9.66667,1951-05-04,7.08999984152615,19.7099995594472,13.3999997004867,1951,5,NA
47.4833,9.66667,1951-05-05,6.3699998576194,14.9099996667355,10.6399997621775,1951,5,NA
47.4833,9.66667,1951-05-06,6.28999985940754,16.8599996231496,11.5749997412786,1951,5,NA
47.4833,9.66667,1951-05-07,3.63999991863966,19.7199995592237,11.6799997389317,1951,5,NA
47.4833,9.66667,1951-05-08,6.80999984778464,15.9199996441603,11.3649997459725,1951,5,NA
47.4833,9.66667,1951-05-09,5.3399998806417,16.8799996227026,11.1099997516721,1951,5,NA
47.4833,9.66667,1951-05-10,6.27999985963106,15.1599996611476,10.7199997603893,1951,5,NA
47.4833,9.66667,1951-05-11,7.61999982967973,11.4299997445196,9.52499978709966,1951,5,NA
47.4833,9.66667,1951-05-12,5.41999987885356,8.77999980375171,7.09999984130263,1951,5,NA
47.4833,9.66667,1951-05-13,4.42999990098178,10.049999775365,7.23999983817339,1951,5,NA
47.4833,9.66667,1951-05-14,4.28999990411103,13.2599997036159,8.77499980386347,1951,5,NA
47.4833,9.66667,1951-05-15,5.37999987974763,10.9499997552484,8.16499981749803,1951,5,NA
47.4833,9.66667,1951-05-16,4.03999990969896,9.79999978095293,6.91999984532595,1951,5,NA
47.4833,9.66667,1951-05-17,4.20999990589917,10.899999756366,7.55499983113259,1951,5,NA
47.4833,9.66667,1951-05-18,2.44999994523823,15.5299996528774,8.98999979905784,1951,5,NA
47.4833,9.66667,1951-05-19,4.4199999012053,16.2399996370077,10.3299997691065,1951,5,NA
47.4833,9.66667,1951-05-20,4.99999988824129,20.8899995330721,12.9449997106567,1951,5,NA
47.4833,9.66667,1951-05-21,8.67999980598688,17.3399996124208,13.0099997092038,1951,5,NA
47.4833,9.66667,1951-05-22,8.05999981984496,17.8799996003509,12.9699997100979,1951,5,NA
47.4833,9.66667,1951-05-23,6.92999984510243,18.0499995965511,12.4899997208267,1951,5,NA
47.4833,9.66667,1951-05-24,7.35999983549118,22.1399995051324,14.7499996703118,1951,5,NA
47.4833,9.66667,1951-05-25,10.5299997646362,25.549999428913,18.0399995967746,1951,5,NA
47.4833,9.66667,1951-05-26,12.5599997192621,27.6299993824214,20.0949995508417,1951,5,NA
47.4833,9.66667,1951-05-27,12.1299997288734,24.3799994550645,18.254999591969,1951,5,NA
47.4833,9.66667,1951-05-28,10.5499997641891,18.4399995878339,14.4949996760115,1951,5,NA
47.4833,9.66667,1951-05-29,7.9799998216331,14.0999996848404,11.0399997532368,1951,5,NA
47.4833,9.66667,1951-05-30,5.46999987773597,19.6599995605648,12.5649997191504,1951,5,NA
47.4833,9.66667,1951-05-31,8.06999981962144,19.4899995643646,13.779999691993,1951,5,NA
47.4833,9.66667,1951-06-01,10.1999997720122,18.8399995788932,14.5199996754527,1951,6,NA
47.4833,9.66667,1951-06-02,9.80999978072941,15.2599996589124,12.5349997198209,1951,6,NA
47.4833,9.66667,1951-06-03,6.40999985672534,18.0099995974451,12.2099997270852,1951,6,NA
47.4833,9.66667,1951-06-04,8.68999980576336,16.7599996253848,12.7249997155741,1951,6,NA
47.4833,9.66667,1951-06-05,6.5999998524785,20.5599995404482,13.5799996964633,1951,6,NA
47.4833,9.66667,1951-06-06,9.44999978877604,17.4299996104091,13.4399996995926,1951,6,NA
47.4833,9.66667,1951-06-07,10.4499997664243,16.2899996358901,13.3699997011572,1951,6,NA
47.4833,9.66667,1951-06-08,10.1499997731298,20.2999995462596,15.2249996596947,1951,6,NA
47.4833,9.66667,1951-06-09,9.00999979861081,19.8699995558709,14.4399996772408,1951,6,NA
47.4833,9.66667,1951-06-10,11.0899997521192,14.1899996828288,12.639999717474,1951,6,NA
47.4833,9.66667,1951-06-11,10.4999997653067,16.8999996222556,13.6999996937811,1951,6,NA
47.4833,9.66667,1951-06-12,8.70999980531633,20.0599995516241,14.3849996784702,1951,6,NA
47.4833,9.66667,1951-06-13,8.31999981403351,24.7699994463474,16.5449996301904,1951,6,NA
47.4833,9.66667,1951-06-14,14.2799996808171,22.08999950625,18.1849995935336,1951,6,NA
47.4833,9.66667,1951-06-15,9.66999978385866,25.5899994280189,17.6299996059388,1951,6,NA
47.4833,9.66667,1951-06-16,11.1499997507781,29.3599993437529,20.2549995472655,1951,6,NA
47.4833,9.66667,1951-06-17,14.629999672994,25.549999428913,20.0899995509535,1951,6,NA
47.4833,9.66667,1951-06-18,13.0499997083098,27.3499993886799,20.1999995484948,1951,6,NA
47.4833,9.66667,1951-06-19,13.5799996964633,26.0699994172901,19.8249995568767,1951,6,NA
47.4833,9.66667,1951-06-20,10.9899997543544,17.3899996113032,14.1899996828288,1951,6,NA
47.4833,9.66667,1951-06-21,10.1699997726828,18.3899995889515,14.2799996808171,1951,6,NA
47.4833,9.66667,1951-06-22,10.4399997666478,24.9399994425476,17.6899996045977,1951,6,NA
47.4833,9.66667,1951-06-23,12.5399997197092,24.7999994456768,18.669999582693,1951,6,NA
47.4833,9.66667,1951-06-24,10.7399997599423,22.3499995004386,16.5449996301904,1951,6,NA
47.4833,9.66667,1951-06-25,9.61999978497624,16.2899996358901,12.9549997104332,1951,6,NA
47.4833,9.66667,1951-06-26,9.01999979838729,16.8099996242672,12.9149997113273,1951,6,NA
47.4833,9.66667,1951-06-27,9.91999977827072,17.1499996166676,13.5349996974692,1951,6,NA
47.4833,9.66667,1951-06-28,10.1299997735769,17.7699996028095,13.9499996881932,1951,6,NA
47.4833,9.66667,1951-06-29,11.169999750331,15.6699996497482,13.4199997000396,1951,6,NA
47.4833,9.66667,1951-06-30,10.5099997650832,18.1399995945394,14.3249996798113,1951,6,NA
47.4833,9.66667,1951-07-01,8.17999981716275,20.4199995435774,14.2999996803701,1951,7,NA
47.4833,9.66667,1951-07-02,10.1499997731298,21.259999524802,15.7049996489659,1951,7,NA
47.4833,9.66667,1951-07-03,8.79999980330467,22.8899994883686,15.8449996458367,1951,7,NA
47.4833,9.66667,1951-07-04,10.1899997722358,24.5499994512647,17.3699996117502,1951,7,NA
47.4833,9.66667,1951-07-05,11.5999997407198,25.6099994275719,18.6049995841458,1951,7,NA
47.4833,9.66667,1951-07-06,13.5799996964633,19.7999995574355,16.6899996269494,1951,7,NA
47.4833,9.66667,1951-07-07,9.40999978967011,21.3399995230138,15.374999656342,1951,7,NA
47.4833,9.66667,1951-07-08,10.1999997720122,25.2099994365126,17.7049996042624,1951,7,NA
47.4833,9.66667,1951-07-09,12.9699997100979,26.2099994141608,19.5899995621294,1951,7,NA
47.4833,9.66667,1951-07-10,14.9599996656179,21.0299995299429,17.9949995977804,1951,7,NA
47.4833,9.66667,1951-07-11,11.9899997320026,25.4299994315952,18.7099995817989,1951,7,NA
47.4833,9.66667,1951-07-12,14.3099996801466,29.009999351576,21.6599995158613,1951,7,NA
47.4833,9.66667,1951-07-13,15.5499996524304,22.5799994952977,19.064999573864,1951,7,NA
47.4833,9.66667,1951-07-14,13.0899997074157,25.4399994313717,19.2649995693937,1951,7,NA
47.4833,9.66667,1951-07-15,13.8899996895343,24.9799994416535,19.4349995655939,1951,7,NA
47.4833,9.66667,1951-07-16,14.7899996694177,24.0799994617701,19.4349995655939,1951,7,NA
47.4833,9.66667,1951-07-17,11.5999997407198,15.20999966003,13.4049997003749,1951,7,NA
47.4833,9.66667,1951-07-18,11.0699997525662,13.9699996877462,12.5199997201562,1951,7,NA
47.4833,9.66667,1951-07-19,9.73999978229403,21.5999995172024,15.6699996497482,1951,7,NA
47.4833,9.66667,1951-07-20,12.5999997183681,23.4999994747341,18.0499995965511,1951,7,NA
47.4833,9.66667,1951-07-21,14.0199996866286,23.7199994698167,18.8699995782226,1951,7,NA
47.4833,9.66667,1951-07-22,12.1199997290969,23.8699994664639,17.9949995977804,1951,7,NA
47.4833,9.66667,1951-07-23,11.4699997436255,25.4999994300306,18.4849995868281,1951,7,NA
47.4833,9.66667,1951-07-24,12.7599997147918,20.4199995435774,16.5899996291846,1951,7,NA
47.4833,9.66667,1951-07-25,11.789999736473,16.1299996394664,13.9599996879697,1951,7,NA
47.4833,9.66667,1951-07-26,10.3299997691065,15.479999653995,12.9049997115508,1951,7,NA
47.4833,9.66667,1951-07-27,10.9899997543544,17.4399996101856,14.21499968227,1951,7,NA
47.4833,9.66667,1951-07-28,9.39999978989363,21.5199995189905,15.4599996544421,1951,7,NA
47.4833,9.66667,1951-07-29,10.1899997722358,24.1999994590878,17.1949996156618,1951,7,NA
47.4833,9.66667,1951-07-30,10.8699997570366,25.859999421984,18.3649995895103,1951,7,NA
47.4833,9.66667,1951-07-31,13.5799996964633,27.0199993960559,20.2999995462596,1951,7,NA
47.4833,9.66667,1951-08-01,14.4099996779114,28.8799993544817,21.6449995161965,1951,8,NA
47.4833,9.66667,1951-08-02,15.9199996441603,27.1799993924797,21.54999951832,1951,8,NA
47.4833,9.66667,1951-08-03,14.379999678582,27.7799993790686,21.0799995288253,1951,8,NA
47.4833,9.66667,1951-08-04,15.2599996589124,27.4499993864447,21.3549995226786,1951,8,NA
47.4833,9.66667,1951-08-05,15.8599996455014,23.6799994707108,19.7699995581061,1951,8,NA
47.4833,9.66667,1951-08-06,13.3199997022748,21.7299995142967,17.5249996082857,1951,8,NA
47.4833,9.66667,1951-08-07,11.1099997516721,26.7399994023144,18.9249995769933,1951,8,NA
47.4833,9.66667,1951-08-08,14.8299996685237,24.139999460429,19.4849995644763,1951,8,NA
47.4833,9.66667,1951-08-09,14.0199996866286,18.2799995914102,16.1499996390194,1951,8,NA
47.4833,9.66667,1951-08-10,12.4999997206032,16.5799996294081,14.5399996750057,1951,8,NA
47.4833,9.66667,1951-08-11,8.52999980933964,17.2099996153265,12.8699997123331,1951,8,NA
47.4833,9.66667,1951-08-12,10.7899997588247,19.0499995741993,14.919999666512,1951,8,NA
47.4833,9.66667,1951-08-13,8.98999979905784,23.249999480322,16.1199996396899,1951,8,NA
47.4833,9.66667,1951-08-14,13.3799997009337,21.9099995102733,17.6449996056035,1951,8,NA
47.4833,9.66667,1951-08-15,12.1899997275323,20.1099995505065,16.1499996390194,1951,8,NA
47.4833,9.66667,1951-08-16,11.0999997518957,21.7199995145202,16.4099996332079,1951,8,NA
47.4833,9.66667,1951-08-17,11.9999997317791,16.9399996213615,14.4699996765703,1951,8,NA
47.4833,9.66667,1951-08-18,9.33999979123473,19.9499995540828,14.6449996726587,1951,8,NA
47.4833,9.66667,1951-08-19,11.0599997527897,21.529999518767,16.2949996357784,1951,8,NA
47.4833,9.66667,1951-08-20,9.32999979145825,23.0599994845688,16.1949996380135,1951,8,NA
47.4833,9.66667,1951-08-21,12.2199997268617,25.3099994342774,18.7649995805696,1951,8,NA
47.4833,9.66667,1951-08-22,13.21999970451,17.8099996019155,15.5149996532127,1951,8,NA
47.4833,9.66667,1951-08-23,12.5899997185916,15.5299996528774,14.0599996857345,1951,8,NA
47.4833,9.66667,1951-08-24,12.639999717474,18.0999995954335,15.3699996564537,1951,8,NA
47.4833,9.66667,1951-08-25,9.5299997869879,21.819999512285,15.6749996496364,1951,8,NA
47.4833,9.66667,1951-08-26,9.57999978587031,22.669999493286,16.1249996395782,1951,8,NA
47.4833,9.66667,1951-08-27,13.5999996960163,20.3599995449185,16.9799996204674,1951,8,NA
47.4833,9.66667,1951-08-28,12.619999717921,17.7099996041507,15.1649996610358,1951,8,NA
47.4833,9.66667,1951-08-29,11.2999997474253,24.3799994550645,17.8399996012449,1951,8,NA
47.4833,9.66667,1951-08-30,12.2799997255206,27.4999993853271,19.8899995554239,1951,8,NA
47.4833,9.66667,1951-08-31,13.179999705404,27.5499993842095,20.3649995448068,1951,8,NA
47.4833,9.66667,1951-09-01,12.3199997246265,23.8599994666874,18.089999595657,1951,9,NA
47.4833,9.66667,1951-09-02,10.9699997548014,19.0499995741993,15.0099996645004,1951,9,NA
47.4833,9.66667,1951-09-03,11.6699997391552,21.1099995281547,16.389999633655,1951,9,NA
47.4833,9.66667,1951-09-04,13.1299997065216,18.919999577105,16.0249996418133,1951,9,NA
47.4833,9.66667,1951-09-05,7.89999982342124,20.119999550283,14.0099996868521,1951,9,NA
47.4833,9.66667,1951-09-06,8.3799998126924,21.9299995098263,15.1549996612594,1951,9,NA
47.4833,9.66667,1951-09-07,11.6699997391552,24.0499994624406,17.8599996007979,1951,9,NA
47.4833,9.66667,1951-09-08,13.7699996922165,24.5899994503707,19.1799995712936,1951,9,NA
47.4833,9.66667,1951-09-09,13.8599996902049,22.8699994888157,18.3649995895103,1951,9,NA
47.4833,9.66667,1951-09-10,14.1999996826053,21.9699995089322,18.0849995957687,1951,9,NA
47.4833,9.66667,1951-09-11,13.8299996908754,23.7299994695932,18.7799995802343,1951,9,NA
47.4833,9.66667,1951-09-12,13.6899996940047,24.3699994552881,19.0299995746464,1951,9,NA
47.4833,9.66667,1951-09-13,13.9299996886402,24.8799994438887,19.4049995662645,1951,9,NA
47.4833,9.66667,1951-09-14,14.1099996846169,27.3299993891269,20.7199995368719,1951,9,NA
47.4833,9.66667,1951-09-15,12.9399997107685,19.789999557659,16.3649996342137,1951,9,NA
47.4833,9.66667,1951-09-16,11.3899997454137,18.8599995784461,15.1249996619299,1951,9,NA
47.4833,9.66667,1951-09-17,11.3299997467548,21.7699995134026,16.5499996300787,1951,9,NA
47.4833,9.66667,1951-09-18,10.7399997599423,16.639999628067,13.6899996940047,1951,9,NA
47.4833,9.66667,1951-09-19,9.28999979235232,15.6999996490777,12.494999720715,1951,9,NA
47.4833,9.66667,1951-09-20,9.43999978899956,13.1899997051805,11.31499974709,1951,9,NA
47.4833,9.66667,1951-09-21,6.73999984934926,15.2699996586889,11.0049997540191,1951,9,NA
47.4833,9.66667,1951-09-22,3.88999991305172,16.2999996356666,10.0949997743592,1951,9,NA
47.4833,9.66667,1951-09-23,3.29999992623925,17.819999601692,10.5599997639656,1951,9,NA
47.4833,9.66667,1951-09-24,6.05999986454844,18.10999959521,12.0849997298792,1951,9,NA
47.4833,9.66667,1951-09-25,10.5199997648597,15.8899996448308,13.2049997048452,1951,9,NA
47.4833,9.66667,1951-09-26,7.21999983862042,18.3699995893985,12.7949997140095,1951,9,NA
47.4833,9.66667,1951-09-27,9.17999979481101,13.8899996895343,11.5349997421727,1951,9,NA
47.4833,9.66667,1951-09-28,8.32999981380999,16.6199996285141,12.474999721162,1951,9,NA
47.4833,9.66667,1951-09-29,5.23999988287687,15.9899996425956,10.6149997627363,1951,9,NA
47.4833,9.66667,1951-09-30,9.51999978721142,13.2499997038394,11.3849997455254,1951,9,NA
47.4833,9.66667,1951-10-01,10.3999997675419,15.0499996636063,12.7249997155741,1951,10,1952
47.4833,9.66667,1951-10-02,10.3899997677654,15.9899996425956,13.1899997051805,1951,10,1952
47.4833,9.66667,1951-10-03,10.5099997650832,17.5999996066093,14.0549996858463,1951,10,1952
47.4833,9.66667,1951-10-04,9.78999978117645,14.9299996662885,12.3599997237325,1951,10,1952
47.4833,9.66667,1951-10-05,7.749999826774,13.6299996953458,10.6899997610599,1951,10,1952
47.4833,9.66667,1951-10-06,6.01999986544251,13.6399996951222,9.82999978028238,1951,10,1952
47.4833,9.66667,1951-10-07,4.36999990232289,14.2799996808171,9.32499979157001,1951,10,1952
47.4833,9.66667,1951-10-08,4.37999990209937,8.92999980039895,6.65499985124916,1951,10,1952
47.4833,9.66667,1951-10-09,4.19999990612268,9.67999978363514,6.93999984487891,1951,10,1952
47.4833,9.66667,1951-10-10,1.23999997228384,11.0799997523427,6.15999986231327,1951,10,1952
47.4833,9.66667,1951-10-11,-0.539999987930059,7.17999983951449,3.31999992579222,1951,10,1952
47.4833,9.66667,1951-10-12,-1.01999997720122,6.79999984800816,2.88999993540347,1951,10,1952
47.4833,9.66667,1951-10-13,-0.909999979659915,11.1599997505546,5.12499988544732,1951,10,1952
47.4833,9.66667,1951-10-14,0.319999992847443,14.3499996792525,7.33499983604997,1951,10,1952
47.4833,9.66667,1951-10-15,1.87999995797873,14.0299996864051,7.95499982219189,1951,10,1952
47.4833,9.66667,1951-10-16,0.92999997921288,11.9399997331202,6.43499985616654,1951,10,1952
47.4833,9.66667,1951-10-17,0.239999994635582,10.879999756813,5.55999987572432,1951,10,1952
47.4833,9.66667,1951-10-18,1.3799999691546,9.04999979771674,5.21499988343567,1951,10,1952
47.4833,9.66667,1951-10-19,3.30999992601573,10.5299997646362,6.91999984532595,1951,10,1952
47.4833,9.66667,1951-10-20,1.69999996200204,11.2299997489899,6.46499985549599,1951,10,1952
47.4833,9.66667,1951-10-21,3.99999991059303,14.8899996671826,9.4449997888878,1951,10,1952
47.4833,9.66667,1951-10-22,7.63999982923269,15.8799996450543,11.7599997371435,1951,10,1952
47.4833,9.66667,1951-10-23,4.63999989628792,11.8999997340143,8.2699998151511,1951,10,1952
47.4833,9.66667,1951-10-24,2.24999994970858,5.92999986745417,4.08999990858138,1951,10,1952
47.4833,9.66667,1951-10-25,3.3899999242276,7.75999982655048,5.57499987538904,1951,10,1952
47.4833,9.66667,1951-10-26,5.65999987348914,9.5899997856468,7.62499982956797,1951,10,1952
47.4833,9.66667,1951-10-27,5.36999987997115,10.2999997697771,7.8349998248741,1951,10,1952
47.4833,9.66667,1951-10-28,3.34999992512167,11.5299997422844,7.43999983370304,1951,10,1952
47.4833,9.66667,1951-10-29,1.51999996602535,10.1299997735769,5.8249998698011,1951,10,1952
47.4833,9.66667,1951-10-30,2.66999994032085,12.4999997206032,7.58499983046204,1951,10,1952
47.4833,9.66667,1951-10-31,2.54999994300306,13.1899997051805,7.86999982409179,1951,10,1952
47.4833,9.66667,1951-11-01,3.59999991953373,12.5199997201562,8.05999981984496,1951,11,1952
47.4833,9.66667,1951-11-02,3.50999992154539,8.8999998010695,6.20499986130744,1951,11,1952
47.4833,9.66667,1951-11-03,2.19999995082617,7.04999984242022,4.62499989662319,1951,11,1952
47.4833,9.66667,1951-11-04,0.259999994188547,7.01999984309077,3.63999991863966,1951,11,1952
47.4833,9.66667,1951-11-05,0.259999994188547,8.85999980196357,4.55999989807606,1951,11,1952
47.4833,9.66667,1951-11-06,0.469999989494681,12.6099997181445,6.53999985381961,1951,11,1952
47.4833,9.66667,1951-11-07,3.76999991573393,14.4599996767938,9.11499979626387,1951,11,1952
47.4833,9.66667,1951-11-08,7.84999982453883,16.3099996354431,12.079999729991,1951,11,1952
47.4833,9.66667,1951-11-09,6.44999985583127,14.5799996741116,10.5149997649714,1951,11,1952
47.4833,9.66667,1951-11-10,6.97999984398484,14.4599996767938,10.7199997603893,1951,11,1952
47.4833,9.66667,1951-11-11,6.94999984465539,15.2699996586889,11.1099997516721,1951,11,1952
47.4833,9.66667,1951-11-12,5.97999986633658,13.8399996906519,9.90999977849424,1951,11,1952
47.4833,9.66667,1951-11-13,6.00999986566603,9.21999979391694,7.61499982979149,1951,11,1952
47.4833,9.66667,1951-11-14,4.75999989360571,9.46999978832901,7.11499984096736,1951,11,1952
47.4833,9.66667,1951-11-15,4.16999990679324,7.42999983392656,5.7999998703599,1951,11,1952
47.4833,9.66667,1951-11-16,2.03999995440245,7.89999982342124,4.96999988891184,1951,11,1952
47.4833,9.66667,1951-11-17,-0.489999989047647,8.54999980889261,4.02999990992248,1951,11,1952
47.4833,9.66667,1951-11-18,1.12999997474253,8.88999980129302,5.00999988801777,1951,11,1952
47.4833,9.66667,1951-11-19,3.68999991752207,15.3399996571243,9.51499978732318,1951,11,1952
47.4833,9.66667,1951-11-20,5.39999987930059,15.0099996645004,10.2049997719005,1951,11,1952
47.4833,9.66667,1951-11-21,3.9599999114871,9.48999978788197,6.72499984968454,1951,11,1952
47.4833,9.66667,1951-11-22,4.29999990388751,11.0999997518957,7.69999982789159,1951,11,1952
47.4833,9.66667,1951-11-23,2.36999994702637,6.21999986097217,4.29499990399927,1951,11,1952
47.4833,9.66667,1951-11-24,1.28999997116625,7.52999983169138,4.40999990142882,1951,11,1952
47.4833,9.66667,1951-11-25,2.65999994054437,9.05999979749322,5.85999986901879,1951,11,1952
47.4833,9.66667,1951-11-26,4.86999989114702,11.7099997382611,8.28999981470406,1951,11,1952
47.4833,9.66667,1951-11-27,1.97999995574355,8.44999981112778,5.21499988343567,1951,11,1952
47.4833,9.66667,1951-11-28,-2.71999993920326,4.72999989427626,1.0049999775365,1951,11,1952
47.4833,9.66667,1951-11-29,-2.81999993696809,5.61999987438321,1.39999996870756,1951,11,1952
47.4833,9.66667,1951-11-30,-0.519999988377094,4.03999990969896,1.75999996066093,1951,11,1952
47.4833,9.66667,1951-12-01,-1.15999997407198,3.88999991305172,1.36499996948987,1951,12,1952
47.4833,9.66667,1951-12-02,-2.85999993607402,3.74999991618097,0.444999990053475,1951,12,1952
47.4833,9.66667,1951-12-03,-2.65999994054437,2.55999994277954,-0.0499999988824129,1951,12,1952
47.4833,9.66667,1951-12-04,-0.649999985471368,2.77999993786216,1.06499997619539,1951,12,1952
47.4833,9.66667,1951-12-05,-3.85999991372228,3.16999992914498,-0.344999992288649,1951,12,1952
47.4833,9.66667,1951-12-06,-0.909999979659915,6.23999986052513,2.66499994043261,1951,12,1952
47.4833,9.66667,1951-12-07,-2.11999995261431,8.46999981068075,3.17499992903322,1951,12,1952
47.4833,9.66667,1951-12-08,0.519999988377094,7.35999983549118,3.93999991193414,1951,12,1952
47.4833,9.66667,1951-12-09,-3.34999992512167,3.11999993026257,-0.11499999742955,1951,12,1952
47.4833,9.66667,1951-12-10,-3.42999992333353,8.19999981671572,2.3849999466911,1951,12,1952
47.4833,9.66667,1951-12-11,0.909999979659915,7.1199998408556,4.01499991025776,1951,12,1952
47.4833,9.66667,1951-12-12,-3.82999991439283,2.16999995149672,-0.829999981448054,1951,12,1952
47.4833,9.66667,1951-12-13,-7.5199998319149,1.85999995842576,-2.82999993674457,1951,12,1952
47.4833,9.66667,1951-12-14,-6.86999984644353,3.67999991774559,-1.59499996434897,1951,12,1952
47.4833,9.66667,1951-12-15,-6.26999985985458,1.80999995954335,-2.22999995015562,1951,12,1952
47.4833,9.66667,1951-12-16,-4.54999989829957,1.59999996423721,-1.47499996703118,1951,12,1952
47.4833,9.66667,1951-12-17,-3.54999992065132,3.39999992400408,-0.0749999983236194,1951,12,1952
47.4833,9.66667,1951-12-18,-0.999999977648258,5.57999987527728,2.28999994881451,1951,12,1952
47.4833,9.66667,1951-12-19,-1.86999995820224,4.58999989740551,1.35999996960163,1951,12,1952
47.4833,9.66667,1951-12-20,-1.64999996311963,5.71999987214804,2.03499995451421,1951,12,1952
47.4833,9.66667,1951-12-21,-2.03999995440245,5.75999987125397,1.85999995842576,1951,12,1952
47.4833,9.66667,1951-12-22,-3.17999992892146,4.76999989338219,0.794999982230365,1951,12,1952
47.4833,9.66667,1951-12-23,-4.00999991036952,2.20999995060265,-0.899999979883432,1951,12,1952
47.4833,9.66667,1951-12-24,-4.04999990947545,2.51999994367361,-0.764999982900918,1951,12,1952
47.4833,9.66667,1951-12-25,-4.10999990813434,3.40999992378056,-0.34999999217689,1951,12,1952
47.4833,9.66667,1951-12-26,-2.31999994814396,5.85999986901879,1.76999996043742,1951,12,1952
47.4833,9.66667,1951-12-27,0.219999995082617,6.00999986566603,3.11499993037432,1951,12,1952
47.4833,9.66667,1951-12-28,-1.3799999691546,4.33999990299344,1.47999996691942,1951,12,1952
47.4833,9.66667,1951-12-29,-2.57999994233251,3.86999991349876,0.644999985583127,1951,12,1952
47.4833,9.66667,1951-12-30,-6.75999984890223,2.15999995172024,-2.29999994859099,1951,12,1952
47.4833,9.66667,1951-12-31,-4.23999990522861,2.26999994926155,-0.984999977983534,1951,12,1952
47.4833,9.66667,1952-01-01,-0.379999991506338,6.21999986097217,2.91999993473291,1952,1,1952
47.4833,9.66667,1952-01-02,0.569999987259507,6.94999984465539,3.75999991595745,1952,1,1952
47.4833,9.66667,1952-01-03,-1.34999996982515,4.71999989449978,1.68499996233732,1952,1,1952
47.4833,9.66667,1952-01-04,-0.379999991506338,5.83999986946583,2.72999993897974,1952,1,1952
47.4833,9.66667,1952-01-05,-1.67999996244907,1.16999997384846,-0.254999994300306,1952,1,1952
47.4833,9.66667,1952-01-06,-3.25999992713332,1.22999997250736,-1.01499997731298,1952,1,1952
47.4833,9.66667,1952-01-07,-3.30999992601573,3.20999992825091,-0.0499999988824129,1952,1,1952
47.4833,9.66667,1952-01-08,-6.58999985270202,1.6099999640137,-2.48999994434416,1952,1,1952
47.4833,9.66667,1952-01-09,-5.0499998871237,1.80999995954335,-1.61999996379018,1952,1,1952
47.4833,9.66667,1952-01-10,-5.01999988779426,6.33999985828996,0.65999998524785,1952,1,1952
47.4833,9.66667,1952-01-11,-0.61999998614192,4.62999989651144,2.00499995518476,1952,1,1952
47.4833,9.66667,1952-01-12,1.66999996267259,6.51999985426664,4.09499990846962,1952,1,1952
47.4833,9.66667,1952-01-13,-3.02999993227422,3.29999992623925,0.134999996982515,1952,1,1952
47.4833,9.66667,1952-01-14,-5.23999988287687,1.36999996937811,-1.93499995674938,1952,1,1952
47.4833,9.66667,1952-01-15,-6.43999985605478,1.02999997697771,-2.70499993953854,1952,1,1952
47.4833,9.66667,1952-01-16,-1.8399999588728,4.46999990008771,1.31499997060746,1952,1,1952
47.4833,9.66667,1952-01-17,-0.329999992623925,4.78999989293516,2.22999995015562,1952,1,1952
47.4833,9.66667,1952-01-18,-0.489999989047647,6.27999985963106,2.89499993529171,1952,1,1952
47.4833,9.66667,1952-01-19,-2.6999999396503,2.56999994255602,-0.0649999985471368,1952,1,1952
47.4833,9.66667,1952-01-20,-3.28999992646277,-1.11999997496605,-2.20499995071441,1952,1,1952
47.4833,9.66667,1952-01-21,-6.029999865219,-2.32999994792044,-4.17999990656972,1952,1,1952
47.4833,9.66667,1952-01-22,-10.3899997677654,-3.08999993093312,-6.73999984934926,1952,1,1952
47.4833,9.66667,1952-01-23,-11.4399997442961,-2.4699999447912,-6.95499984454364,1952,1,1952
47.4833,9.66667,1952-01-24,-11.3399997465312,-3.66999991796911,-7.50499983225018,1952,1,1952
47.4833,9.66667,1952-01-25,-11.169999750331,-4.40999990142882,-7.78999982587993,1952,1,1952
47.4833,9.66667,1952-01-26,-9.55999978631735,-2.73999993875623,-6.14999986253679,1952,1,1952
47.4833,9.66667,1952-01-27,-7.66999982856214,-0.959999978542328,-4.31499990355223,1952,1,1952
47.4833,9.66667,1952-01-28,-10.5799997635186,-1.66999996267259,-6.12499986309558,1952,1,1952
47.4833,9.66667,1952-01-29,-10.3099997695535,-1.21999997273088,-5.76499987114221,1952,1,1952
47.4833,9.66667,1952-01-30,-13.0699997078627,-0.509999988600612,-6.78999984823167,1952,1,1952
47.4833,9.66667,1952-01-31,-3.68999991752207,2.87999993562698,-0.404999990947545,1952,1,1952
47.4833,9.66667,1952-02-01,-5.84999986924231,4.26999990455806,-0.789999982342124,1952,2,1952
47.4833,9.66667,1952-02-02,-1.89999995753169,3.22999992780387,0.664999985136092,1952,2,1952
47.4833,9.66667,1952-02-03,-2.87999993562698,1.05999997630715,-0.909999979659915,1952,2,1952
47.4833,9.66667,1952-02-04,-5.43999987840652,-0.219999995082617,-2.82999993674457,1952,2,1952
47.4833,9.66667,1952-02-05,-3.05999993160367,0.139999996870756,-1.45999996736646,1952,2,1952
47.4833,9.66667,1952-02-06,-4.43999990075827,-0.61999998614192,-2.52999994345009,1952,2,1952
47.4833,9.66667,1952-02-07,-8.79999980330467,-1.07999997586012,-4.9399998895824,1952,2,1952
47.4833,9.66667,1952-02-08,-7.52999983169138,0.649999985471368,-3.43999992311001,1952,2,1952
47.4833,9.66667,1952-02-09,-3.3299999255687,1.17999997362494,-1.07499997597188,1952,2,1952
47.4833,9.66667,1952-02-10,-3.54999992065132,-0.909999979659915,-2.22999995015562,1952,2,1952
47.4833,9.66667,1952-02-11,-4.00999991036952,-1.59999996423721,-2.80499993730336,1952,2,1952
47.4833,9.66667,1952-02-12,-2.34999994747341,3.20999992825091,0.429999990388751,1952,2,1952
47.4833,9.66667,1952-02-13,-2.87999993562698,3.23999992758036,0.179999995976686,1952,2,1952
47.4833,9.66667,1952-02-14,-4.16999990679324,-1.63999996334314,-2.90499993506819,1952,2,1952
47.4833,9.66667,1952-02-15,-8.85999980196357,-1.90999995730817,-5.38499987963587,1952,2,1952
47.4833,9.66667,1952-02-16,-13.0399997085333,-3.40999992378056,-8.22499981615692,1952,2,1952
47.4833,9.66667,1952-02-17,-7.39999983459711,-3.47999992221594,-5.43999987840652,1952,2,1952
47.4833,9.66667,1952-02-18,-9.40999978967011,-1.75999996066093,-5.58499987516552,1952,2,1952
47.4833,9.66667,1952-02-19,-11.9199997335672,-1.40999996848404,-6.66499985102564,1952,2,1952
47.4833,9.66667,1952-02-20,-10.1299997735769,-0.209999995306134,-5.16999988444149,1952,2,1952
47.4833,9.66667,1952-02-21,-3.84999991394579,1.12999997474253,-1.35999996960163,1952,2,1952
47.4833,9.66667,1952-02-22,-0.749999983236194,4.4799998998642,1.864999958314,1952,2,1952
47.4833,9.66667,1952-02-23,-3.99999991059303,4.00999991036952,0.00499999988824129,1952,2,1952
47.4833,9.66667,1952-02-24,-4.60999989695847,4.33999990299344,-0.134999996982515,1952,2,1952
47.4833,9.66667,1952-02-25,-6.15999986231327,3.29999992623925,-1.42999996803701,1952,2,1952
47.4833,9.66667,1952-02-26,-5.53999987617135,2.31999994814396,-1.6099999640137,1952,2,1952
47.4833,9.66667,1952-02-27,-6.96999984420836,4.05999990925193,-1.45499996747822,1952,2,1952
47.4833,9.66667,1952-02-28,-5.34999988041818,4.8199998922646,-0.264999994076788,1952,2,1952
47.4833,9.66667,1952-02-29,-2.42999994568527,7.33999983593822,2.45499994512647,1952,2,1952
47.4833,9.66667,1952-03-01,-3.37999992445111,5.69999987259507,1.15999997407198,1952,3,1952
47.4833,9.66667,1952-03-02,0.0699999984353781,4.92999988980591,2.49999994412065,1952,3,1952
47.4833,9.66667,1952-03-03,-2.31999994814396,7.32999983616173,2.50499994400889,1952,3,1952
47.4833,9.66667,1952-03-04,-2.32999994792044,10.1999997720122,3.9349999120459,1952,3,1952
47.4833,9.66667,1952-03-05,-0.949999978765845,11.2299997489899,5.13999988511205,1952,3,1952
47.4833,9.66667,1952-03-06,3.01999993249774,8.15999981760979,5.58999987505376,1952,3,1952
47.4833,9.66667,1952-03-07,2.1799999512732,6.17999986186624,4.17999990656972,1952,3,1952
47.4833,9.66667,1952-03-08,0.409999990835786,3.98999991081655,2.19999995082617,1952,3,1952
47.4833,9.66667,1952-03-09,-2.54999994300306,5.40999987907708,1.42999996803701,1952,3,1952
47.4833,9.66667,1952-03-10,-3.70999991707504,8.50999980978668,2.39999994635582,1952,3,1952
47.4833,9.66667,1952-03-11,2.64999994076788,5.38999987952411,4.019999910146,1952,3,1952
47.4833,9.66667,1952-03-12,1.65999996289611,7.9799998216331,4.8199998922646,1952,3,1952
47.4833,9.66667,1952-03-13,-1.7799999602139,5.90999986790121,2.06499995384365,1952,3,1952
47.4833,9.66667,1952-03-14,0.26999999396503,6.8899998459965,3.57999991998076,1952,3,1952
47.4833,9.66667,1952-03-15,-3.20999992825091,3.2699999269098,0.0299999993294477,1952,3,1952
47.4833,9.66667,1952-03-16,-6.66999985091388,6.20999986119568,-0.229999994859099,1952,3,1952
47.4833,9.66667,1952-03-17,-3.29999992623925,7.92999982275069,2.31499994825572,1952,3,1952
47.4833,9.66667,1952-03-18,0.359999991953373,12.6699997168034,6.5149998543784,1952,3,1952
47.4833,9.66667,1952-03-19,2.28999994881451,13.509999698028,7.89999982342124,1952,3,1952
47.4833,9.66667,1952-03-20,0.0599999986588955,12.8099997136742,6.43499985616654,1952,3,1952
47.4833,9.66667,1952-03-21,4.11999990791082,8.02999982051551,6.07499986421317,1952,3,1952
47.4833,9.66667,1952-03-22,3.77999991551042,6.96999984420836,5.37499987985939,1952,3,1952
47.4833,9.66667,1952-03-23,3.43999992311001,7.12999984063208,5.28499988187104,1952,3,1952
47.4833,9.66667,1952-03-24,3.66999991796911,8.2099998164922,5.93999986723065,1952,3,1952
47.4833,9.66667,1952-03-25,4.73999989405274,10.9599997550249,7.84999982453883,1952,3,1952
47.4833,9.66667,1952-03-26,4.86999989114702,9.49999978765845,7.18499983940274,1952,3,1952
47.4833,9.66667,1952-03-27,-0.989999977871776,6.95999984443188,2.98499993328005,1952,3,1952
47.4833,9.66667,1952-03-28,-4.13999990746379,5.34999988041818,0.604999986477196,1952,3,1952
47.4833,9.66667,1952-03-29,-1.88999995775521,5.87999986857176,1.99499995540828,1952,3,1952
47.4833,9.66667,1952-03-30,2.16999995149672,10.8899997565895,6.52999985404313,1952,3,1952
47.4833,9.66667,1952-03-31,4.04999990947545,10.9599997550249,7.50499983225018,1952,3,1952
47.4833,9.66667,1952-04-01,4.48999989964068,15.6999996490777,10.0949997743592,1952,4,1952
47.4833,9.66667,1952-04-02,-1.32999997027218,11.1199997514486,4.89499989058822,1952,4,1952
47.4833,9.66667,1952-04-03,-4.08999990858138,0.769999982789159,-1.65999996289611,1952,4,1952
47.4833,9.66667,1952-04-04,-7.19999983906746,3.81999991461635,-1.68999996222556,1952,4,1952
47.4833,9.66667,1952-04-05,-4.38999990187585,6.22999986074865,0.919999979436398,1952,4,1952
47.4833,9.66667,1952-04-06,-3.12999993003905,7.21999983862042,2.04499995429069,1952,4,1952
47.4833,9.66667,1952-04-07,1.73999996110797,7.84999982453883,4.7949998928234,1952,4,1952
47.4833,9.66667,1952-04-08,2.24999994970858,15.8499996457249,9.04999979771674,1952,4,1952
47.4833,9.66667,1952-04-09,3.79999991506338,19.2899995688349,11.5449997419491,1952,4,1952
47.4833,9.66667,1952-04-10,3.97999991104007,19.5299995634705,11.7549997372553,1952,4,1952
47.4833,9.66667,1952-04-11,5.2799998819828,20.969999531284,13.1249997066334,1952,4,1952
47.4833,9.66667,1952-04-12,5.60999987460673,21.0299995299429,13.3199997022748,1952,4,1952
47.4833,9.66667,1952-04-13,6.1999998614192,19.1999995708466,12.6999997161329,1952,4,1952
47.4833,9.66667,1952-04-14,7.14999984018505,20.1799995489419,13.6649996945634,1952,4,1952
47.4833,9.66667,1952-04-15,6.00999986566603,20.8999995328486,13.4549996992573,1952,4,1952
47.4833,9.66667,1952-04-16,6.67999985069036,20.6899995375425,13.6849996941164,1952,4,1952
47.4833,9.66667,1952-04-17,6.37999985739589,20.5399995408952,13.4599996991456,1952,4,1952
47.4833,9.66667,1952-04-18,6.70999985001981,20.5799995400012,13.6449996950105,1952,4,1952
47.4833,9.66667,1952-04-19,6.60999985225499,19.4699995648116,13.0399997085333,1952,4,1952
47.4833,9.66667,1952-04-20,7.27999983727932,19.6499995607883,13.4649996990338,1952,4,1952
47.4833,9.66667,1952-04-21,8.22999981604517,19.3599995672703,13.7949996916577,1952,4,1952
47.4833,9.66667,1952-04-22,8.98999979905784,19.829999556765,14.4099996779114,1952,4,1952
47.4833,9.66667,1952-04-23,8.90999980084598,14.5299996752292,11.7199997380376,1952,4,1952
47.4833,9.66667,1952-04-24,7.55999983102083,11.2499997485429,9.40499978978187,1952,4,1952
47.4833,9.66667,1952-04-25,6.63999985158443,8.6099998075515,7.62499982956797,1952,4,1952
47.4833,9.66667,1952-04-26,6.63999985158443,10.9799997545779,8.80999980308115,1952,4,1952
47.4833,9.66667,1952-04-27,7.84999982453883,9.84999977983534,8.84999980218709,1952,4,1952
47.4833,9.66667,1952-04-28,6.92999984510243,11.3699997458607,9.14999979548156,1952,4,1952
47.4833,9.66667,1952-04-29,4.99999988824129,15.3899996560067,10.194999772124,1952,4,1952
47.4833,9.66667,1952-04-30,3.94999991171062,18.9299995768815,11.4399997442961,1952,4,1952
47.4833,9.66667,1952-05-01,5.85999986901879,22.0799995064735,13.9699996877462,1952,5,NA
47.4833,9.66667,1952-05-02,7.26999983750284,23.6199994720519,15.4449996547773,1952,5,NA
47.4833,9.66667,1952-05-03,8.78999980352819,21.9899995084852,15.3899996560067,1952,5,NA
47.4833,9.66667,1952-05-04,9.9899997767061,17.9299995992333,13.9599996879697,1952,5,NA
47.4833,9.66667,1952-05-05,8.65999980643392,19.0599995739758,13.8599996902049,1952,5,NA
47.4833,9.66667,1952-05-06,6.53999985381961,18.5199995860457,12.5299997199327,1952,5,NA
47.4833,9.66667,1952-05-07,5.38999987952411,20.5399995408952,12.9649997102097,1952,5,NA
47.4833,9.66667,1952-05-08,9.24999979324639,17.2999996133149,13.2749997032806,1952,5,NA
47.4833,9.66667,1952-05-09,6.81999984756112,22.0099995080382,14.4149996777996,1952,5,NA
47.4833,9.66667,1952-05-10,10.899999756366,18.4499995876104,14.6749996719882,1952,5,NA
47.4833,9.66667,1952-05-11,9.00999979861081,20.8999995328486,14.9549996657297,1952,5,NA
47.4833,9.66667,1952-05-12,8.50999980978668,21.0699995290488,14.7899996694177,1952,5,NA
47.4833,9.66667,1952-05-13,7.65999982878566,11.9899997320026,9.82499978039414,1952,5,NA
47.4833,9.66667,1952-05-14,5.80999987013638,14.3199996799231,10.0649997750297,1952,5,NA
47.4833,9.66667,1952-05-15,6.41999985650182,16.9399996213615,11.6799997389317,1952,5,NA
47.4833,9.66667,1952-05-16,6.18999986164272,18.4199995882809,12.3049997249618,1952,5,NA
47.4833,9.66667,1952-05-17,8.69999980553985,20.5299995411187,14.6149996733293,1952,5,NA
47.4833,9.66667,1952-05-18,9.86999977938831,18.5799995847046,14.2249996820465,1952,5,NA
47.4833,9.66667,1952-05-19,4.40999990142882,18.9299995768815,11.6699997391552,1952,5,NA
47.4833,9.66667,1952-05-20,5.37999987974763,15.0499996636063,10.214999771677,1952,5,NA
47.4833,9.66667,1952-05-21,6.75999984890223,14.4499996770173,10.6049997629598,1952,5,NA
47.4833,9.66667,1952-05-22,0.999999977648258,13.4799996986985,7.23999983817339,1952,5,NA
47.4833,9.66667,1952-05-23,1.15999997407198,14.8399996683002,7.99999982118607,1952,5,NA
47.4833,9.66667,1952-05-24,1.50999996624887,15.0299996640533,8.2699998151511,1952,5,NA
47.4833,9.66667,1952-05-25,5.7999998703599,16.1799996383488,10.9899997543544,1952,5,NA
47.4833,9.66667,1952-05-26,6.16999986208975,13.509999698028,9.83999978005886,1952,5,NA
47.4833,9.66667,1952-05-27,7.32999983616173,14.1299996841699,10.7299997601658,1952,5,NA
47.4833,9.66667,1952-05-28,7.749999826774,14.4099996779114,11.0799997523427,1952,5,NA
47.4833,9.66667,1952-05-29,8.74999980442226,18.6199995838106,13.6849996941164,1952,5,NA
47.4833,9.66667,1952-05-30,9.93999977782369,20.3099995460361,15.1249996619299,1952,5,NA
47.4833,9.66667,1952-05-31,11.0799997523427,20.6299995388836,15.8549996456131,1952,5,NA
47.4833,9.66667,1952-06-01,9.37999979034066,24.8299994450063,17.1049996176735,1952,6,NA
47.4833,9.66667,1952-06-02,13.799999691546,23.0699994843453,18.4349995879456,1952,6,NA
47.4833,9.66667,1952-06-03,13.2799997031689,21.9899995084852,17.634999605827,1952,6,NA
47.4833,9.66667,1952-06-04,12.6499997172505,18.9099995773286,15.7799996472895,1952,6,NA
47.4833,9.66667,1952-06-05,10.1499997731298,20.7699995357543,15.4599996544421,1952,6,NA
47.4833,9.66667,1952-06-06,8.10999981872737,23.5299994740635,15.8199996463954,1952,6,NA
47.4833,9.66667,1952-06-07,11.7099997382611,25.8299994226545,18.7699995804578,1952,6,NA
47.4833,9.66667,1952-06-08,12.0499997306615,16.4999996311963,14.2749996809289,1952,6,NA
47.4833,9.66667,1952-06-09,10.2099997717887,17.1199996173382,13.6649996945634,1952,6,NA
47.4833,9.66667,1952-06-10,9.87999977916479,18.4199995882809,14.1499996837229,1952,6,NA
47.4833,9.66667,1952-06-11,10.5099997650832,19.499999564141,15.0049996646121,1952,6,NA
47.4833,9.66667,1952-06-12,8.69999980553985,23.269999479875,15.9849996427074,1952,6,NA
47.4833,9.66667,1952-06-13,10.3699997682124,24.7699994463474,17.5699996072799,1952,6,NA
47.4833,9.66667,1952-06-14,11.3399997465312,24.3999994546175,17.8699996005744,1952,6,NA
47.4833,9.66667,1952-06-15,13.4099997002631,20.2799995467067,16.8449996234849,1952,6,NA
47.4833,9.66667,1952-06-16,10.2599997706711,24.4499994534999,17.3549996120855,1952,6,NA
47.4833,9.66667,1952-06-17,12.8399997130036,18.1299995947629,15.4849996538833,1952,6,NA
47.4833,9.66667,1952-06-18,11.1799997501075,24.0499994624406,17.6149996062741,1952,6,NA
47.4833,9.66667,1952-06-19,13.2299997042865,20.5999995395541,16.9149996219203,1952,6,NA
47.4833,9.66667,1952-06-20,11.3499997463077,18.0399995967746,14.6949996715412,1952,6,NA
47.4833,9.66667,1952-06-21,11.6799997389317,15.4199996553361,13.5499996971339,1952,6,NA
47.4833,9.66667,1952-06-22,9.93999977782369,19.1599995717406,14.5499996747822,1952,6,NA
47.4833,9.66667,1952-06-23,7.95999982208014,23.1299994830042,15.5449996525422,1952,6,NA
47.4833,9.66667,1952-06-24,10.9699997548014,20.659999538213,15.8149996465072,1952,6,NA
47.4833,9.66667,1952-06-25,12.6499997172505,19.8199995569885,16.2349996371195,1952,6,NA
47.4833,9.66667,1952-06-26,11.2199997492135,22.1499995049089,16.6849996270612,1952,6,NA
47.4833,9.66667,1952-06-27,13.7399996928871,21.2799995243549,17.509999608621,1952,6,NA
47.4833,9.66667,1952-06-28,9.34999979101121,23.1999994814396,16.2749996362254,1952,6,NA
47.4833,9.66667,1952-06-29,9.20999979414046,25.1899994369596,17.19999961555,1952,6,NA
47.4833,9.66667,1952-06-30,11.1799997501075,26.8699993994087,19.0249995747581,1952,6,NA
47.4833,9.66667,1952-07-01,11.9799997322261,29.4299993421882,20.7049995372072,1952,7,NA
47.4833,9.66667,1952-07-02,13.7399996928871,31.6499992925674,22.6949994927272,1952,7,NA
47.4833,9.66667,1952-07-03,14.6799996718764,32.2299992796034,23.4549994757399,1952,7,NA
47.4833,9.66667,1952-07-04,18.4499995876104,32.159999281168,25.3049994343892,1952,7,NA
47.4833,9.66667,1952-07-05,17.3899996113032,32.5399992726743,24.9649994419888,1952,7,NA
47.4833,9.66667,1952-07-06,17.8799996003509,33.2199992574751,25.549999428913,1952,7,NA
47.4833,9.66667,1952-07-07,17.0599996186793,31.0699993055314,24.0649994621053,1952,7,NA
47.4833,9.66667,1952-07-08,16.7399996258318,30.439999319613,23.5899994727224,1952,7,NA
47.4833,9.66667,1952-07-09,15.1099996622652,29.5199993401766,22.3149995012209,1952,7,NA
47.4833,9.66667,1952-07-10,15.6099996510893,21.819999512285,18.7149995816872,1952,7,NA
47.4833,9.66667,1952-07-11,15.229999659583,22.4899994973093,18.8599995784461,1952,7,NA
47.4833,9.66667,1952-07-12,12.7399997152388,26.9399993978441,19.8399995565414,1952,7,NA
47.4833,9.66667,1952-07-13,15.6699996497482,25.5199994295835,20.5949995396659,1952,7,NA
47.4833,9.66667,1952-07-14,14.8099996689707,23.6499994713813,19.229999570176,1952,7,NA
47.4833,9.66667,1952-07-15,14.4399996772408,24.1499994602054,19.2949995687231,1952,7,NA
47.4833,9.66667,1952-07-16,15.2899996582419,24.6199994497001,19.954999553971,1952,7,NA
47.4833,9.66667,1952-07-17,14.1299996841699,19.8399995565414,16.9849996203557,1952,7,NA
47.4833,9.66667,1952-07-18,12.8399997130036,23.9899994637817,18.4149995883927,1952,7,NA
47.4833,9.66667,1952-07-19,10.7999997586012,23.7799994684756,17.2899996135384,1952,7,NA
47.4833,9.66667,1952-07-20,14.5899996738881,20.1999995484948,17.3949996111915,1952,7,NA
47.4833,9.66667,1952-07-21,10.3799997679889,26.2599994130433,18.3199995905161,1952,7,NA
47.4833,9.66667,1952-07-22,12.5099997203797,28.5099993627518,20.5099995415658,1952,7,NA
47.4833,9.66667,1952-07-23,14.2399996817112,28.4599993638694,21.3499995227903,1952,7,NA
47.4833,9.66667,1952-07-24,13.0699997078627,27.4299993868917,20.2499995473772,1952,7,NA
47.4833,9.66667,1952-07-25,13.0499997083098,21.1599995270371,17.1049996176735,1952,7,NA
47.4833,9.66667,1952-07-26,9.50999978743494,22.6399994939566,16.0749996406958,1952,7,NA
47.4833,9.66667,1952-07-27,8.65999980643392,24.5999994501472,16.6299996282905,1952,7,NA
47.4833,9.66667,1952-07-28,10.9899997543544,27.0799993947148,19.0349995745346,1952,7,NA
47.4833,9.66667,1952-07-29,11.7399997375906,19.7099995594472,15.7249996485189,1952,7,NA
47.4833,9.66667,1952-07-30,10.4399997666478,19.9499995540828,15.1949996603653,1952,7,NA
47.4833,9.66667,1952-07-31,8.90999980084598,22.8199994899333,15.8649996453896,1952,7,NA
47.4833,9.66667,1952-08-01,10.3499997686595,24.8799994438887,17.6149996062741,1952,8,NA
47.4833,9.66667,1952-08-02,13.2399997040629,25.8799994215369,19.5599995627999,1952,8,NA
47.4833,9.66667,1952-08-03,14.4299996774644,25.9799994193017,20.2049995483831,1952,8,NA
47.4833,9.66667,1952-08-04,15.0199996642768,23.7999994680285,19.4099995661527,1952,8,NA
47.4833,9.66667,1952-08-05,13.0499997083098,24.6099994499236,18.8299995791167,1952,8,NA
47.4833,9.66667,1952-08-06,12.7299997154623,27.3199993893504,20.0249995524064,1952,8,NA
47.4833,9.66667,1952-08-07,14.0599996857345,30.2199993245304,22.1399995051324,1952,8,NA
47.4833,9.66667,1952-08-08,15.0999996624887,20.9599995315075,18.0299995969981,1952,8,NA
47.4833,9.66667,1952-08-09,14.1399996839464,24.6699994485825,19.4049995662645,1952,8,NA
47.4833,9.66667,1952-08-10,13.0299997087568,25.9499994199723,19.4899995643646,1952,8,NA
47.4833,9.66667,1952-08-11,13.0599997080863,20.8199995346367,16.9399996213615,1952,8,NA
47.4833,9.66667,1952-08-12,11.9699997324497,26.0799994170666,19.0249995747581,1952,8,NA
47.4833,9.66667,1952-08-13,13.9199996888638,28.6899993587285,21.3049995237961,1952,8,NA
47.4833,9.66667,1952-08-14,15.9899996425956,30.2599993236363,23.124999483116,1952,8,NA
47.4833,9.66667,1952-08-15,15.5999996513128,32.3299992773682,23.9649994643405,1952,8,NA
47.4833,9.66667,1952-08-16,17.3499996121973,29.3799993433058,23.3649994777516,1952,8,NA
47.4833,9.66667,1952-08-17,15.3799996562302,21.4899995196611,18.4349995879456,1952,8,NA
47.4833,9.66667,1952-08-18,12.5199997201562,17.5899996068329,15.0549996634945,1952,8,NA
47.4833,9.66667,1952-08-19,10.9599997550249,21.1099995281547,16.0349996415898,1952,8,NA
47.4833,9.66667,1952-08-20,13.3599997013807,17.1799996159971,15.2699996586889,1952,8,NA
47.4833,9.66667,1952-08-21,12.0899997297674,15.6999996490777,13.8949996894225,1952,8,NA
47.4833,9.66667,1952-08-22,10.2999997697771,17.7199996039271,14.0099996868521,1952,8,NA
47.4833,9.66667,1952-08-23,9.51999978721142,17.5499996077269,13.5349996974692,1952,8,NA
47.4833,9.66667,1952-08-24,7.17999983951449,20.4899995420128,13.8349996907637,1952,8,NA
47.4833,9.66667,1952-08-25,11.4299997445196,16.2399996370077,13.8349996907637,1952,8,NA
47.4833,9.66667,1952-08-26,11.2699997480959,20.0599995516241,15.66499964986,1952,8,NA
47.4833,9.66667,1952-08-27,9.38999979011714,22.689999492839,16.0399996414781,1952,8,NA
47.4833,9.66667,1952-08-28,10.339999768883,25.259999435395,17.799999602139,1952,8,NA
47.4833,9.66667,1952-08-29,12.0299997311085,27.4499993864447,19.7399995587766,1952,8,NA
47.4833,9.66667,1952-08-30,11.8999997340143,27.0899993944913,19.4949995642528,1952,8,NA
47.4833,9.66667,1952-08-31,14.049999685958,27.0199993960559,20.534999541007,1952,8,NA
47.4833,9.66667,1952-09-01,14.5399996750057,20.4899995420128,17.5149996085092,1952,9,NA
47.4833,9.66667,1952-09-02,14.0299996864051,20.3099995460361,17.1699996162206,1952,9,NA
47.4833,9.66667,1952-09-03,12.4599997214973,21.4999995194376,16.9799996204674,1952,9,NA
47.4833,9.66667,1952-09-04,10.7299997601658,21.0299995299429,15.8799996450543,1952,9,NA
47.4833,9.66667,1952-09-05,12.2599997259676,17.5399996079504,14.899999666959,1952,9,NA
47.4833,9.66667,1952-09-06,11.5399997420609,19.6599995605648,15.5999996513128,1952,9,NA
47.4833,9.66667,1952-09-07,9.16999979503453,13.7299996931106,11.4499997440726,1952,9,NA
47.4833,9.66667,1952-09-08,7.81999982520938,11.3399997465312,9.57999978587031,1952,9,NA
47.4833,9.66667,1952-09-09,4.51999989897013,14.3299996796995,9.42499978933483,1952,9,NA
47.4833,9.66667,1952-09-10,5.74999987147748,10.6899997610599,8.21999981626868,1952,9,NA
47.4833,9.66667,1952-09-11,5.60999987460673,14.7499996703118,10.1799997724593,1952,9,NA
47.4833,9.66667,1952-09-12,8.29999981448054,13.7299996931106,11.0149997537956,1952,9,NA
47.4833,9.66667,1952-09-13,6.37999985739589,10.3799997679889,8.3799998126924,1952,9,NA
47.4833,9.66667,1952-09-14,6.74999984912574,15.3499996569008,11.0499997530133,1952,9,NA
47.4833,9.66667,1952-09-15,4.40999990142882,19.0299995746464,11.7199997380376,1952,9,NA
47.4833,9.66667,1952-09-16,8.58999980799854,15.789999647066,12.1899997275323,1952,9,NA
47.4833,9.66667,1952-09-17,6.62999985180795,14.3099996801466,10.4699997659773,1952,9,NA
47.4833,9.66667,1952-09-18,6.51999985426664,17.779999602586,12.1499997284263,1952,9,NA
47.4833,9.66667,1952-09-19,9.44999978877604,14.2299996819347,11.8399997353554,1952,9,NA
47.4833,9.66667,1952-09-20,3.65999991819263,10.6199997626245,7.13999984040856,1952,9,NA
47.4833,9.66667,1952-09-21,2.08999995328486,10.4499997664243,6.26999985985458,1952,9,NA
47.4833,9.66667,1952-09-22,0.289999993517995,14.0099996868521,7.14999984018505,1952,9,NA
47.4833,9.66667,1952-09-23,7.54999983124435,12.3199997246265,9.93499977793545,1952,9,NA
47.4833,9.66667,1952-09-24,7.3499998357147,13.2099997047335,10.2799997702241,1952,9,NA
47.4833,9.66667,1952-09-25,5.25999988242984,16.369999634102,10.8149997582659,1952,9,NA
47.4833,9.66667,1952-09-26,5.16999988444149,18.4899995867163,11.8299997355789,1952,9,NA
47.4833,9.66667,1952-09-27,6.66999985091388,14.4599996767938,10.5649997638538,1952,9,NA
47.4833,9.66667,1952-09-28,6.029999865219,15.189999660477,10.609999762848,1952,9,NA
47.4833,9.66667,1952-09-29,4.36999990232289,14.0599996857345,9.2149997940287,1952,9,NA
47.4833,9.66667,1952-09-30,3.01999993249774,13.4799996986985,8.24999981559813,1952,9,NA
47.4833,9.66667,1952-10-01,3.50999992154539,14.1499996837229,8.82999980263412,1952,10,1953
47.4833,9.66667,1952-10-02,6.03999986499548,13.8799996897578,9.95999977737665,1952,10,1953
47.4833,9.66667,1952-10-03,5.74999987147748,9.22999979369342,7.48999983258545,1952,10,1953
47.4833,9.66667,1952-10-04,5.05999988690019,11.5099997427315,8.28499981481582,1952,10,1953
47.4833,9.66667,1952-10-05,6.14999986253679,13.0999997071922,9.62499978486449,1952,10,1953
47.4833,9.66667,1952-10-06,6.95999984443188,10.8299997579306,8.89499980118126,1952,10,1953
47.4833,9.66667,1952-10-07,3.17999992892146,12.6899997163564,7.93499982263893,1952,10,1953
47.4833,9.66667,1952-10-08,8.48999981023371,12.8699997123331,10.6799997612834,1952,10,1953
47.4833,9.66667,1952-10-09,4.03999990969896,9.24999979324639,6.64499985147268,1952,10,1953
47.4833,9.66667,1952-10-10,0.0599999986588955,13.0599997080863,6.55999985337257,1952,10,1953
47.4833,9.66667,1952-10-11,3.71999991685152,10.8699997570366,7.29499983694404,1952,10,1953
47.4833,9.66667,1952-10-12,2.82999993674457,7.32999983616173,5.07999988645315,1952,10,1953
47.4833,9.66667,1952-10-13,-0.139999996870756,5.71999987214804,2.78999993763864,1952,10,1953
47.4833,9.66667,1952-10-14,-1.98999995552003,6.74999984912574,2.37999994680285,1952,10,1953
47.4833,9.66667,1952-10-15,4.89999989047647,13.6499996948987,9.27499979268759,1952,10,1953
47.4833,9.66667,1952-10-16,1.61999996379018,7.76999982632697,4.69499989505857,1952,10,1953
47.4833,9.66667,1952-10-17,-0.369999991729856,8.88999980129302,4.25999990478158,1952,10,1953
47.4833,9.66667,1952-10-18,4.66999989561737,9.04999979771674,6.85999984666705,1952,10,1953
47.4833,9.66667,1952-10-19,2.14999995194376,10.6699997615069,6.40999985672534,1952,10,1953
47.4833,9.66667,1952-10-20,1.34999996982515,8.99999979883432,5.17499988432974,1952,10,1953
47.4833,9.66667,1952-10-21,6.8299998473376,12.6099997181445,9.71999978274107,1952,10,1953
47.4833,9.66667,1952-10-22,8.07999981939793,16.7799996249378,12.4299997221678,1952,10,1953
47.4833,9.66667,1952-10-23,9.23999979346991,16.1599996387959,12.6999997161329,1952,10,1953
47.4833,9.66667,1952-10-24,6.69999985024333,12.329999724403,9.51499978732318,1952,10,1953
47.4833,9.66667,1952-10-25,9.88999977894127,15.189999660477,12.5399997197092,1952,10,1953
47.4833,9.66667,1952-10-26,9.96999977715313,13.8099996913224,11.8899997342378,1952,10,1953
47.4833,9.66667,1952-10-27,6.85999984666705,10.7299997601658,8.79499980341643,1952,10,1953
47.4833,9.66667,1952-10-28,2.85999993607402,12.7499997150153,7.80499982554466,1952,10,1953
47.4833,9.66667,1952-10-29,2.90999993495643,12.7599997147918,7.8349998248741,1952,10,1953
47.4833,9.66667,1952-10-30,5.00999988801777,13.3099997024983,9.15999979525805,1952,10,1953
47.4833,9.66667,1952-10-31,6.46999985538423,11.5899997409433,9.02999979816377,1952,10,1953
47.4833,9.66667,1952-11-01,3.40999992378056,6.83999984711409,5.12499988544732,1952,11,1953
47.4833,9.66667,1952-11-02,2.08999995328486,6.43999985605478,4.26499990466982,1952,11,1953
47.4833,9.66667,1952-11-03,2.2399999499321,6.10999986343086,4.17499990668148,1952,11,1953
47.4833,9.66667,1952-11-04,3.66999991796911,8.54999980889261,6.10999986343086,1952,11,1953
47.4833,9.66667,1952-11-05,0.489999989047647,7.52999983169138,4.00999991036952,1952,11,1953
47.4833,9.66667,1952-11-06,-1.47999996691942,9.59999978542328,4.05999990925193,1952,11,1953
47.4833,9.66667,1952-11-07,2.83999993652105,8.48999981023371,5.66499987337738,1952,11,1953
47.4833,9.66667,1952-11-08,0.92999997921288,7.49999983236194,4.21499990578741,1952,11,1953
47.4833,9.66667,1952-11-09,-0.539999987930059,1.64999996311963,0.554999987594783,1952,11,1953
47.4833,9.66667,1952-11-10,-2.99999993294477,1.7799999602139,-0.609999986365438,1952,11,1953
47.4833,9.66667,1952-11-11,-0.859999980777502,2.27999994903803,0.709999984130263,1952,11,1953
47.4833,9.66667,1952-11-12,0.749999983236194,4.7099998947233,2.72999993897974,1952,11,1953
47.4833,9.66667,1952-11-13,-0.96999997831881,2.07999995350838,0.554999987594783,1952,11,1953
47.4833,9.66667,1952-11-14,-2.6399999409914,1.84999995864928,-0.394999991171062,1952,11,1953
47.4833,9.66667,1952-11-15,-4.4799998998642,0.469999989494681,-2.00499995518476,1952,11,1953
47.4833,9.66667,1952-11-16,-8.08999981917441,-0.809999981895089,-4.44999990053475,1952,11,1953
47.4833,9.66667,1952-11-17,-11.1499997507781,-1.01999997720122,-6.08499986398965,1952,11,1953
47.4833,9.66667,1952-11-18,-7.88999982364476,1.719999961555,-3.08499993104488,1952,11,1953
47.4833,9.66667,1952-11-19,-7.53999983146787,-0.789999982342124,-4.164999906905,1952,11,1953
47.4833,9.66667,1952-11-20,-4.13999990746379,4.03999990969896,-0.0499999988824129,1952,11,1953
47.4833,9.66667,1952-11-21,-2.62999994121492,5.14999988488853,1.25999997183681,1952,11,1953
47.4833,9.66667,1952-11-22,-4.04999990947545,6.27999985963106,1.11499997507781,1952,11,1953
47.4833,9.66667,1952-11-23,-1.0899999756366,6.06999986432493,2.48999994434416,1952,11,1953
47.4833,9.66667,1952-11-24,-3.92999991215765,2.9299999345094,-0.499999988824129,1952,11,1953
47.4833,9.66667,1952-11-25,-5.07999988645315,2.16999995149672,-1.45499996747822,1952,11,1953
47.4833,9.66667,1952-11-26,-1.59999996423721,2.33999994769692,0.369999991729856,1952,11,1953
47.4833,9.66667,1952-11-27,0.849999981001019,6.41999985650182,3.63499991875142,1952,11,1953
47.4833,9.66667,1952-11-28,2.80999993719161,9.34999979101121,6.07999986410141,1952,11,1953
47.4833,9.66667,1952-11-29,5.03999988734722,10.9899997543544,8.01499982085079,1952,11,1953
47.4833,9.66667,1952-11-30,1.21999997273088,9.23999979346991,5.22999988310039,1952,11,1953
47.4833,9.66667,1952-12-01,0.709999984130263,9.38999979011714,5.0499998871237,1952,12,1953
47.4833,9.66667,1952-12-02,4.49999989941716,8.95999979972839,6.72999984957278,1952,12,1953
47.4833,9.66667,1952-12-03,-0.159999996423721,4.95999988913536,2.39999994635582,1952,12,1953
47.4833,9.66667,1952-12-04,-1.41999996826053,2.07999995350838,0.329999992623925,1952,12,1953
47.4833,9.66667,1952-12-05,-3.0399999320507,-1.09999997541308,-2.06999995373189,1952,12,1953
47.4833,9.66667,1952-12-06,-5.42999987863004,-2.32999994792044,-3.87999991327524,1952,12,1953
47.4833,9.66667,1952-12-07,-6.4899998549372,-3.02999993227422,-4.75999989360571,1952,12,1953
47.4833,9.66667,1952-12-08,-6.06999986432493,-2.12999995239079,-4.09999990835786,1952,12,1953
47.4833,9.66667,1952-12-09,-6.4299998562783,-3.27999992668629,-4.85499989148229,1952,12,1953
47.4833,9.66667,1952-12-10,-6.31999985873699,-4.03999990969896,-5.17999988421798,1952,12,1953
47.4833,9.66667,1952-12-11,-8.38999981246889,-2.93999993428588,-5.66499987337738,1952,12,1953
47.4833,9.66667,1952-12-12,-6.61999985203147,1.05999997630715,-2.77999993786216,1952,12,1953
47.4833,9.66667,1952-12-13,-0.329999992623925,3.97999991104007,1.82499995920807,1952,12,1953
47.4833,9.66667,1952-12-14,-0.549999987706542,6.4899998549372,2.96999993361533,1952,12,1953
47.4833,9.66667,1952-12-15,-1.69999996200204,4.56999989785254,1.43499996792525,1952,12,1953
47.4833,9.66667,1952-12-16,-1.87999995797873,2.61999994143844,0.369999991729856,1952,12,1953
47.4833,9.66667,1952-12-17,-6.91999984532595,-0.489999989047647,-3.7049999171868,1952,12,1953
47.4833,9.66667,1952-12-18,-6.6599998511374,2.33999994769692,-2.15999995172024,1952,12,1953
47.4833,9.66667,1952-12-19,-2.37999994680285,1.01999997720122,-0.679999984800816,1952,12,1953
47.4833,9.66667,1952-12-20,-3.53999992087483,2.50999994389713,-0.514999988488853,1952,12,1953
47.4833,9.66667,1952-12-21,-2.34999994747341,3.9599999114871,0.804999982006848,1952,12,1953
47.4833,9.66667,1952-12-22,1.40999996848404,5.31999988108873,3.36499992478639,1952,12,1953
47.4833,9.66667,1952-12-23,-0.0999999977648258,2.19999995082617,1.04999997653067,1952,12,1953
47.4833,9.66667,1952-12-24,-0.899999979883432,2.18999995104969,0.644999985583127,1952,12,1953
47.4833,9.66667,1952-12-25,-0.469999989494681,4.62999989651144,2.07999995350838,1952,12,1953
47.4833,9.66667,1952-12-26,-1.86999995820224,5.76999987103045,1.9499999564141,1952,12,1953
47.4833,9.66667,1952-12-27,-4.67999989539385,1.11999997496605,-1.7799999602139,1952,12,1953
47.4833,9.66667,1952-12-28,-4.46999990008771,2.009999955073,-1.22999997250736,1952,12,1953
47.4833,9.66667,1952-12-29,-5.65999987348914,0.979999978095293,-2.33999994769692,1952,12,1953
47.4833,9.66667,1952-12-30,-5.99999986588955,-1.3199999704957,-3.65999991819263,1952,12,1953
47.4833,9.66667,1952-12-31,-6.47999985516071,-2.32999994792044,-4.40499990154058,1952,12,1953
47.4833,9.66667,1953-01-01,-6.29999985918403,-0.749999983236194,-3.52499992121011,1953,1,1953
47.4833,9.66667,1953-01-02,-6.3699998576194,-1.21999997273088,-3.79499991517514,1953,1,1953
47.4833,9.66667,1953-01-03,-3.59999991953373,-1.30999997071922,-2.45499994512647,1953,1,1953
47.4833,9.66667,1953-01-04,-4.8199998922646,-1.73999996110797,-3.27999992668629,1953,1,1953
47.4833,9.66667,1953-01-05,-5.47999987751245,-2.39999994635582,-3.93999991193414,1953,1,1953
47.4833,9.66667,1953-01-06,-5.38999987952411,-2.24999994970858,-3.81999991461635,1953,1,1953
47.4833,9.66667,1953-01-07,-6.56999985314906,-2.99999993294477,-4.78499989304692,1953,1,1953
47.4833,9.66667,1953-01-08,-6.5999998524785,-1.78999995999038,-4.19499990623444,1953,1,1953
47.4833,9.66667,1953-01-09,-5.41999987885356,-3.00999993272126,-4.21499990578741,1953,1,1953
47.4833,9.66667,1953-01-10,-4.86999989114702,-2.02999995462596,-3.44999992288649,1953,1,1953
47.4833,9.66667,1953-01-11,-4.1899999063462,-0.859999980777502,-2.52499994356185,1953,1,1953
47.4833,9.66667,1953-01-12,-7.89999982342124,-0.979999978095293,-4.43999990075827,1953,1,1953
47.4833,9.66667,1953-01-13,-10.3499997686595,-3.65999991819263,-7.00499984342605,1953,1,1953
47.4833,9.66667,1953-01-14,-10.7599997594953,-3.0999999307096,-6.92999984510243,1953,1,1953
47.4833,9.66667,1953-01-15,-11.1299997512251,-4.85999989137053,-7.99499982129782,1953,1,1953
47.4833,9.66667,1953-01-16,-11.8499997351319,-4.80999989248812,-8.32999981380999,1953,1,1953
47.4833,9.66667,1953-01-17,-11.5099997427315,-1.64999996311963,-6.57999985292554,1953,1,1953
47.4833,9.66667,1953-01-18,-8.88999980129302,0.329999992623925,-4.27999990433455,1953,1,1953
47.4833,9.66667,1953-01-19,-8.88999980129302,-1.30999997071922,-5.09999988600612,1953,1,1953
47.4833,9.66667,1953-01-20,-7.06999984197319,-0.92999997921288,-3.99999991059303,1953,1,1953
47.4833,9.66667,1953-01-21,-6.15999986231327,1.32999997027218,-2.41499994602054,1953,1,1953
47.4833,9.66667,1953-01-22,-10.9099997561425,-1.41999996826053,-6.16499986220151,1953,1,1953
47.4833,9.66667,1953-01-23,-11.7799997366965,-2.62999994121492,-7.2049998389557,1953,1,1953
47.4833,9.66667,1953-01-24,-10.4999997653067,-2.29999994859099,-6.39999985694885,1953,1,1953
47.4833,9.66667,1953-01-25,-9.77999978139997,-1.09999997541308,-5.43999987840652,1953,1,1953
47.4833,9.66667,1953-01-26,-8.99999979883432,0.779999982565641,-4.10999990813434,1953,1,1953
47.4833,9.66667,1953-01-27,-3.61999991908669,0.0599999986588955,-1.7799999602139,1953,1,1953
47.4833,9.66667,1953-01-28,-9.87999977916479,-0.339999992400408,-5.1099998857826,1953,1,1953
47.4833,9.66667,1953-01-29,-3.4999999217689,5.49999987706542,0.999999977648258,1953,1,1953
47.4833,9.66667,1953-01-30,0.669999985024333,6.15999986231327,3.4149999236688,1953,1,1953
47.4833,9.66667,1953-01-31,-1.97999995574355,6.7199998497963,2.36999994702637,1953,1,1953
47.4833,9.66667,1953-02-01,-3.41999992355704,7.10999984107912,1.84499995876104,1953,2,1953
47.4833,9.66667,1953-02-02,-2.58999994210899,-0.159999996423721,-1.37499996926636,1953,2,1953
47.4833,9.66667,1953-02-03,-2.89999993517995,-0.339999992400408,-1.61999996379018,1953,2,1953
47.4833,9.66667,1953-02-04,-5.52999987639487,-1.15999997407198,-3.34499992523342,1953,2,1953
47.4833,9.66667,1953-02-05,-7.13999984040856,0.129999997094274,-3.50499992165715,1953,2,1953
47.4833,9.66667,1953-02-06,-7.38999983482063,-1.56999996490777,-4.4799998998642,1953,2,1953
47.4833,9.66667,1953-02-07,-3.97999991104007,-1.1499999742955,-2.56499994266778,1953,2,1953
47.4833,9.66667,1953-02-08,-9.76999978162348,-2.24999994970858,-6.00999986566603,1953,2,1953
47.4833,9.66667,1953-02-09,-13.3099997024983,-5.0499998871237,-9.17999979481101,1953,2,1953
47.4833,9.66667,1953-02-10,-11.76999973692,0.0599999986588955,-5.85499986913055,1953,2,1953
47.4833,9.66667,1953-02-11,-2.03999995440245,5.03999988734722,1.49999996647239,1953,2,1953
47.4833,9.66667,1953-02-12,-3.18999992869794,4.40999990142882,0.609999986365438,1953,2,1953
47.4833,9.66667,1953-02-13,-3.11999993026257,1.55999996513128,-0.779999982565641,1953,2,1953
47.4833,9.66667,1953-02-14,-6.17999986186624,1.20999997295439,-2.48499994445592,1953,2,1953
47.4833,9.66667,1953-02-15,-5.9699998665601,1.21999997273088,-2.37499994691461,1953,2,1953
47.4833,9.66667,1953-02-16,-7.18999983929098,-2.6399999409914,-4.91499989014119,1953,2,1953
47.4833,9.66667,1953-02-17,-6.51999985426664,-2.35999994724989,-4.43999990075827,1953,2,1953
47.4833,9.66667,1953-02-18,-11.8399997353554,-2.42999994568527,-7.13499984052032,1953,2,1953
47.4833,9.66667,1953-02-19,-9.6999997831881,0.829999981448054,-4.43499990087003,1953,2,1953
47.4833,9.66667,1953-02-20,-1.8399999588728,4.57999989762902,1.36999996937811,1953,2,1953
47.4833,9.66667,1953-02-21,0.299999993294477,6.95999984443188,3.62999991886318,1953,2,1953
47.4833,9.66667,1953-02-22,-2.43999994546175,6.08999986387789,1.82499995920807,1953,2,1953
47.4833,9.66667,1953-02-23,-4.06999990902841,6.57999985292554,1.25499997194856,1953,2,1953
47.4833,9.66667,1953-02-24,-3.59999991953373,7.43999983370304,1.91999995708466,1953,2,1953
47.4833,9.66667,1953-02-25,-2.9299999345094,5.66999987326562,1.36999996937811,1953,2,1953
47.4833,9.66667,1953-02-26,-3.83999991416931,4.31999990344048,0.239999994635582,1953,2,1953
47.4833,9.66667,1953-02-27,-5.16999988444149,4.46999990008771,-0.34999999217689,1953,2,1953
47.4833,9.66667,1953-02-28,-4.66999989561737,4.49999989941716,-0.0849999981001019,1953,2,1953
47.4833,9.66667,1953-03-01,-4.63999989628792,8.02999982051551,1.6949999621138,1953,3,1953
47.4833,9.66667,1953-03-02,-3.28999992646277,7.15999983996153,1.93499995674938,1953,3,1953
47.4833,9.66667,1953-03-03,-4.36999990232289,5.52999987639487,0.57999998703599,1953,3,1953
47.4833,9.66667,1953-03-04,-4.56999989785254,6.74999984912574,1.0899999756366,1953,3,1953
47.4833,9.66667,1953-03-05,-3.76999991573393,9.9299997780472,3.07999993115664,1953,3,1953
47.4833,9.66667,1953-03-06,0.0799999982118607,8.18999981693923,4.13499990757555,1953,3,1953
47.4833,9.66667,1953-03-07,-1.28999997116625,6.92999984510243,2.81999993696809,1953,3,1953
47.4833,9.66667,1953-03-08,-2.15999995172024,9.26999979279935,3.55499992053956,1953,3,1953
47.4833,9.66667,1953-03-09,-2.99999993294477,2.35999994724989,-0.319999992847443,1953,3,1953
47.4833,9.66667,1953-03-10,-7.95999982208014,3.61999991908669,-2.16999995149672,1953,3,1953
47.4833,9.66667,1953-03-11,-6.69999985024333,5.91999986767769,-0.389999991282821,1953,3,1953
47.4833,9.66667,1953-03-12,-2.77999993786216,3.98999991081655,0.604999986477196,1953,3,1953
47.4833,9.66667,1953-03-13,-1.73999996110797,3.62999991886318,0.944999978877604,1953,3,1953
47.4833,9.66667,1953-03-14,-1.74999996088445,5.03999988734722,1.64499996323138,1953,3,1953
47.4833,9.66667,1953-03-15,-1.81999995931983,3.76999991573393,0.974999978207052,1953,3,1953
47.4833,9.66667,1953-03-16,-5.01999988779426,8.68999980576336,1.83499995898455,1953,3,1953
47.4833,9.66667,1953-03-17,-1.03999997675419,10.879999756813,4.91999989002943,1953,3,1953
47.4833,9.66667,1953-03-18,-2.22999995015562,11.8999997340143,4.83499989192933,1953,3,1953
47.4833,9.66667,1953-03-19,-0.839999981224537,13.3299997020513,6.24499986041337,1953,3,1953
47.4833,9.66667,1953-03-20,-1.12999997474253,13.4199997000396,6.14499986264855,1953,3,1953
47.4833,9.66667,1953-03-21,-1.13999997451901,14.4199996776879,6.63999985158443,1953,3,1953
47.4833,9.66667,1953-03-22,-0.859999980777502,14.9899996649474,7.06499984208494,1953,3,1953
47.4833,9.66667,1953-03-23,-0.369999991729856,14.4799996763468,7.05499984230846,1953,3,1953
47.4833,9.66667,1953-03-24,-0.139999996870756,14.1299996841699,6.99499984364957,1953,3,1953
47.4833,9.66667,1953-03-25,0.129999997094274,16.0299996417016,8.07999981939793,1953,3,1953
47.4833,9.66667,1953-03-26,0.519999988377094,16.1199996396899,8.31999981403351,1953,3,1953
47.4833,9.66667,1953-03-27,0.489999989047647,14.6899996716529,7.58999983035028,1953,3,1953
47.4833,9.66667,1953-03-28,3.4999999217689,13.9499996881932,8.72499980498105,1953,3,1953
47.4833,9.66667,1953-03-29,4.62999989651144,12.5899997185916,8.6099998075515,1953,3,1953
47.4833,9.66667,1953-03-30,1.6099999640137,15.8699996452779,8.73999980464578,1953,3,1953
47.4833,9.66667,1953-03-31,4.43999990075827,19.2899995688349,11.8649997347966,1953,3,1953
47.4833,9.66667,1953-04-01,6.47999985516071,13.1499997060746,9.81499978061765,1953,4,1953
47.4833,9.66667,1953-04-02,4.9399998895824,14.2099996823817,9.57499978598207,1953,4,1953
47.4833,9.66667,1953-04-03,5.29999988153577,16.4699996318668,10.8849997567013,1953,4,1953
47.4833,9.66667,1953-04-04,5.64999987371266,18.0799995958805,11.8649997347966,1953,4,1953
47.4833,9.66667,1953-04-05,7.52999983169138,19.8199995569885,13.6749996943399,1953,4,1953
47.4833,9.66667,1953-04-06,3.37999992445111,11.459999743849,7.41999983415008,1953,4,1953
47.4833,9.66667,1953-04-07,4.68999989517033,14.5599996745586,9.62499978486449,1953,4,1953
47.4833,9.66667,1953-04-08,4.51999989897013,11.1199997514486,7.81999982520938,1953,4,1953
47.4833,9.66667,1953-04-09,0.569999987259507,15.3699996564537,7.96999982185662,1953,4,1953
47.4833,9.66667,1953-04-10,7.15999983996153,16.3999996334314,11.7799997366965,1953,4,1953
47.4833,9.66667,1953-04-11,4.25999990478158,8.74999980442226,6.50499985460192,1953,4,1953
47.4833,9.66667,1953-04-12,4.10999990813434,13.1499997060746,8.62999980710447,1953,4,1953
47.4833,9.66667,1953-04-13,2.09999995306134,17.3199996128678,9.70999978296459,1953,4,1953
47.4833,9.66667,1953-04-14,4.30999990366399,14.1399996839464,9.22499979380518,1953,4,1953
47.4833,9.66667,1953-04-15,2.26999994926155,6.46999985538423,4.36999990232289,1953,4,1953
47.4833,9.66667,1953-04-16,0.749999983236194,3.34999992512167,2.04999995417893,1953,4,1953
47.4833,9.66667,1953-04-17,0.519999988377094,4.66999989561737,2.59499994199723,1953,4,1953
47.4833,9.66667,1953-04-18,2.49999994412065,10.4399997666478,6.46999985538423,1953,4,1953
47.4833,9.66667,1953-04-19,0.689999984577298,16.0399996414781,8.36499981302768,1953,4,1953
47.4833,9.66667,1953-04-20,2.25999994948506,17.7399996034801,9.99999977648258,1953,4,1953
47.4833,9.66667,1953-04-21,3.37999992445111,19.1099995728582,11.2449997486547,1953,4,1953
47.4833,9.66667,1953-04-22,4.22999990545213,18.1699995938689,11.1999997496605,1953,4,1953
47.4833,9.66667,1953-04-23,3.53999992087483,19.1399995721877,11.3399997465312,1953,4,1953
47.4833,9.66667,1953-04-24,4.50999989919364,18.8799995779991,11.6949997385964,1953,4,1953
47.4833,9.66667,1953-04-25,5.29999988153577,17.9799995981157,11.6399997398257,1953,4,1953
47.4833,9.66667,1953-04-26,5.55999987572432,17.1099996175617,11.334999746643,1953,4,1953
47.4833,9.66667,1953-04-27,6.03999986499548,20.5499995406717,13.2949997028336,1953,4,1953
47.4833,9.66667,1953-04-28,7.23999983817339,17.1499996166676,12.1949997274205,1953,4,1953
47.4833,9.66667,1953-04-29,6.4899998549372,13.4099997002631,9.94999977760017,1953,4,1953
47.4833,9.66667,1953-04-30,3.98999991081655,10.8299997579306,7.40999983437359,1953,4,1953
47.4833,9.66667,1953-05-01,3.00999993272126,16.9199996218085,9.96499977726489,1953,5,NA
47.4833,9.66667,1953-05-02,2.82999993674457,20.969999531284,11.8999997340143,1953,5,NA
47.4833,9.66667,1953-05-03,7.02999984286726,20.3499995451421,13.6899996940047,1953,5,NA
47.4833,9.66667,1953-05-04,7.29999983683228,21.3799995221198,14.339999679476,1953,5,NA
47.4833,9.66667,1953-05-05,6.3699998576194,21.1399995274842,13.7549996925518,1953,5,NA
47.4833,9.66667,1953-05-06,8.96999979950488,16.8899996224791,12.929999710992,1953,5,NA
47.4833,9.66667,1953-05-07,8.55999980866909,12.8999997116625,10.7299997601658,1953,5,NA
47.4833,9.66667,1953-05-08,2.28999994881451,9.10999979637563,5.69999987259507,1953,5,NA
47.4833,9.66667,1953-05-09,0.539999987930059,9.8199997805059,5.17999988421798,1953,5,NA
47.4833,9.66667,1953-05-10,2.96999993361533,7.3499998357147,5.15999988466501,1953,5,NA
47.4833,9.66667,1953-05-11,0.389999991282821,6.6599998511374,3.52499992121011,1953,5,NA
47.4833,9.66667,1953-05-12,-2.72999993897974,12.7199997156858,4.99499988835305,1953,5,NA
47.4833,9.66667,1953-05-13,0.479999989271164,14.0299996864051,7.25499983783811,1953,5,NA
47.4833,9.66667,1953-05-14,4.4799998998642,16.4199996329844,10.4499997664243,1953,5,NA
47.4833,9.66667,1953-05-15,5.81999986991286,13.8299996908754,9.82499978039414,1953,5,NA
47.4833,9.66667,1953-05-16,7.54999983124435,20.3599995449185,13.9549996880814,1953,5,NA
47.4833,9.66667,1953-05-17,7.49999983236194,26.109999416396,16.804999624379,1953,5,NA
47.4833,9.66667,1953-05-18,9.59999978542328,25.0599994398654,17.3299996126443,1953,5,NA
47.4833,9.66667,1953-05-19,10.9899997543544,29.589999338612,20.2899995464832,1953,5,NA
47.4833,9.66667,1953-05-20,12.2499997261912,28.699999358505,20.4749995423481,1953,5,NA
47.4833,9.66667,1953-05-21,13.0599997080863,25.9899994190782,19.5249995635822,1953,5,NA
47.4833,9.66667,1953-05-22,10.9499997552484,25.3999994322658,18.1749995937571,1953,5,NA
47.4833,9.66667,1953-05-23,11.2799997478724,24.7799994461238,18.0299995969981,1953,5,NA
47.4833,9.66667,1953-05-24,11.9199997335672,21.5399995185435,16.7299996260554,1953,5,NA
47.4833,9.66667,1953-05-25,9.47999978810549,25.1899994369596,17.3349996125326,1953,5,NA
47.4833,9.66667,1953-05-26,11.5299997422844,27.4899993855506,19.5099995639175,1953,5,NA
47.4833,9.66667,1953-05-27,12.1799997277558,27.1299993935972,19.6549995606765,1953,5,NA
47.4833,9.66667,1953-05-28,13.8299996908754,21.2999995239079,17.5649996073917,1953,5,NA
47.4833,9.66667,1953-05-29,8.61999980732799,15.3199996575713,11.9699997324497,1953,5,NA
47.4833,9.66667,1953-05-30,5.24999988265336,14.8399996683002,10.0449997754768,1953,5,NA
47.4833,9.66667,1953-05-31,7.07999984174967,11.9599997326732,9.51999978721142,1953,5,NA
47.4833,9.66667,1953-06-01,5.28999988175929,10.7799997590482,8.03499982040375,1953,6,NA
47.4833,9.66667,1953-06-02,5.76999987103045,12.2499997261912,9.00999979861081,1953,6,NA
47.4833,9.66667,1953-06-03,3.33999992534518,8.88999980129302,6.1149998633191,1953,6,NA
47.4833,9.66667,1953-06-04,3.36999992467463,11.5599997416139,7.46499983314425,1953,6,NA
47.4833,9.66667,1953-06-05,2.31999994814396,15.9399996437132,9.1299997959286,1953,6,NA
47.4833,9.66667,1953-06-06,3.63999991863966,20.4999995417893,12.0699997302145,1953,6,NA
47.4833,9.66667,1953-06-07,6.80999984778464,22.6799994930625,14.7449996704236,1953,6,NA
47.4833,9.66667,1953-06-08,10.1199997738004,24.7399994470179,17.4299996104091,1953,6,NA
47.4833,9.66667,1953-06-09,12.369999723509,23.249999480322,17.8099996019155,1953,6,NA
47.4833,9.66667,1953-06-10,13.4399996995926,22.9199994876981,18.1799995936453,1953,6,NA
47.4833,9.66667,1953-06-11,10.4599997662008,13.9299996886402,12.1949997274205,1953,6,NA
47.4833,9.66667,1953-06-12,10.2799997702241,13.9099996890873,12.0949997296557,1953,6,NA
47.4833,9.66667,1953-06-13,10.7399997599423,17.799999602139,14.2699996810406,1953,6,NA
47.4833,9.66667,1953-06-14,11.0999997518957,18.5699995849282,14.8349996684119,1953,6,NA
47.4833,9.66667,1953-06-15,11.8699997346848,16.0499996412545,13.9599996879697,1953,6,NA
47.4833,9.66667,1953-06-16,11.5299997422844,20.1099995505065,15.8199996463954,1953,6,NA
47.4833,9.66667,1953-06-17,10.9799997545779,16.5699996296316,13.7749996921048,1953,6,NA
47.4833,9.66667,1953-06-18,11.3099997472018,21.8099995125085,16.5599996298552,1953,6,NA
47.4833,9.66667,1953-06-19,10.7499997597188,15.4899996537715,13.1199997067451,1953,6,NA
47.4833,9.66667,1953-06-20,8.42999981157482,19.7999995574355,14.1149996845052,1953,6,NA
47.4833,9.66667,1953-06-21,8.79999980330467,22.8899994883686,15.8449996458367,1953,6,NA
47.4833,9.66667,1953-06-22,11.209999749437,21.9799995087087,16.5949996290728,1953,6,NA
47.4833,9.66667,1953-06-23,13.9799996875226,18.8099995795637,16.3949996335432,1953,6,NA
47.4833,9.66667,1953-06-24,12.4599997214973,20.5299995411187,16.494999631308,1953,6,NA
47.4833,9.66667,1953-06-25,12.3199997246265,18.379999589175,15.3499996569008,1953,6,NA
47.4833,9.66667,1953-06-26,11.1499997507781,15.9899996425956,13.5699996966869,1953,6,NA
47.4833,9.66667,1953-06-27,10.7299997601658,14.8299996685237,12.7799997143447,1953,6,NA
47.4833,9.66667,1953-06-28,12.1599997282028,16.3299996349961,14.2449996815994,1953,6,NA
47.4833,9.66667,1953-06-29,13.509999698028,21.8099995125085,17.6599996052682,1953,6,NA
47.4833,9.66667,1953-06-30,12.5299997199327,22.2299995031208,17.3799996115267,1953,6,NA
47.4833,9.66667,1953-07-01,15.0099996645004,25.3799994327128,20.1949995486066,1953,7,NA
47.4833,9.66667,1953-07-02,14.1199996843934,21.4299995210022,17.7749996026978,1953,7,NA
47.4833,9.66667,1953-07-03,14.2499996814877,22.7199994921684,18.4849995868281,1953,7,NA
47.4833,9.66667,1953-07-04,15.20999966003,21.1299995277077,18.1699995938689,1953,7,NA
47.4833,9.66667,1953-07-05,15.3499996569008,22.9299994874746,19.1399995721877,1953,7,NA
47.4833,9.66667,1953-07-06,15.6299996506423,21.4499995205551,18.5399995855987,1953,7,NA
47.4833,9.66667,1953-07-07,15.1599996611476,22.9099994879216,19.0349995745346,1953,7,NA
47.4833,9.66667,1953-07-08,15.8699996452779,25.1599994376302,20.514999541454,1953,7,NA
47.4833,9.66667,1953-07-09,15.5799996517599,25.4499994311482,20.514999541454,1953,7,NA
47.4833,9.66667,1953-07-10,14.6399996727705,19.5499995630234,17.094999617897,1953,7,NA
47.4833,9.66667,1953-07-11,10.9099997561425,15.2799996584654,13.0949997073039,1953,7,NA
47.4833,9.66667,1953-07-12,9.89999977871776,16.8899996224791,13.3949997005984,1953,7,NA
47.4833,9.66667,1953-07-13,6.98999984376132,20.4399995431304,13.7149996934459,1953,7,NA
47.4833,9.66667,1953-07-14,12.2999997250736,17.489999609068,14.8949996670708,1953,7,NA
47.4833,9.66667,1953-07-15,11.2999997474253,21.2999995239079,16.2999996356666,1953,7,NA
47.4833,9.66667,1953-07-16,13.3799997009337,21.0799995288253,17.2299996148795,1953,7,NA
47.4833,9.66667,1953-07-17,11.189999749884,23.4999994747341,17.344999612309,1953,7,NA
47.4833,9.66667,1953-07-18,12.7999997138977,26.9399993978441,19.8699995558709,1953,7,NA
47.4833,9.66667,1953-07-19,14.0599996857345,26.959999397397,20.5099995415658,1953,7,NA
47.4833,9.66667,1953-07-20,12.1999997273088,18.9799995757639,15.5899996515363,1953,7,NA
47.4833,9.66667,1953-07-21,9.41999978944659,23.3899994771928,16.4049996333197,1953,7,NA
47.4833,9.66667,1953-07-22,10.3699997682124,27.1799993924797,18.774999580346,1953,7,NA
47.4833,9.66667,1953-07-23,14.2099996823817,29.0599993504584,21.6349995164201,1953,7,NA
47.4833,9.66667,1953-07-24,14.089999685064,24.1999994590878,19.1449995720759,1953,7,NA
47.4833,9.66667,1953-07-25,12.4899997208267,22.1599995046854,17.3249996127561,1953,7,NA
47.4833,9.66667,1953-07-26,11.4699997436255,26.8399994000793,19.1549995718524,1953,7,NA
47.4833,9.66667,1953-07-27,15.6199996508658,28.2999993674457,21.9599995091558,1953,7,NA
47.4833,9.66667,1953-07-28,15.7799996472895,20.659999538213,18.2199995927513,1953,7,NA
47.4833,9.66667,1953-07-29,12.7999997138977,23.6399994716048,18.2199995927513,1953,7,NA
47.4833,9.66667,1953-07-30,14.5999996736646,24.0099994633347,19.3049995684996,1953,7,NA
47.4833,9.66667,1953-07-31,12.6099997181445,17.3199996128678,14.9649996655062,1953,7,NA
47.4833,9.66667,1953-08-01,11.3499997463077,19.4499995652586,15.3999996557832,1953,8,NA
47.4833,9.66667,1953-08-02,13.8399996906519,18.7399995811284,16.2899996358901,1953,8,NA
47.4833,9.66667,1953-08-03,12.5699997190386,19.2999995686114,15.934999643825,1953,8,NA
47.4833,9.66667,1953-08-04,12.4599997214973,16.5499996300787,14.504999675788,1953,8,NA
47.4833,9.66667,1953-08-05,10.2099997717887,19.0499995741993,14.629999672994,1953,8,NA
47.4833,9.66667,1953-08-06,7.99999982118607,22.5599994957447,15.2799996584654,1953,8,NA
47.4833,9.66667,1953-08-07,13.8299996908754,18.2699995916337,16.0499996412545,1953,8,NA
47.4833,9.66667,1953-08-08,12.1299997288734,20.2499995473772,16.1899996381253,1953,8,NA
47.4833,9.66667,1953-08-09,8.05999981984496,22.9199994876981,15.4899996537715,1953,8,NA
47.4833,9.66667,1953-08-10,10.0399997755885,21.6099995169789,15.8249996462837,1953,8,NA
47.4833,9.66667,1953-08-11,10.0799997746944,24.0899994615465,17.0849996181205,1953,8,NA
47.4833,9.66667,1953-08-12,12.6699997168034,26.6599994041026,19.664999560453,1953,8,NA
47.4833,9.66667,1953-08-13,13.179999705404,27.2599993906915,20.2199995480478,1953,8,NA
47.4833,9.66667,1953-08-14,14.5499996747822,28.0699993725866,21.3099995236844,1953,8,NA
47.4833,9.66667,1953-08-15,15.8399996459484,28.42999936454,22.1349995052442,1953,8,NA
47.4833,9.66667,1953-08-16,15.0399996638298,26.3299994114786,20.6849995376542,1953,8,NA
47.4833,9.66667,1953-08-17,13.779999691993,20.5499995406717,17.1649996163324,1953,8,NA
47.4833,9.66667,1953-08-18,13.7899996917695,22.7499994914979,18.2699995916337,1953,8,NA
47.4833,9.66667,1953-08-19,10.899999756366,23.7499994691461,17.3249996127561,1953,8,NA
47.4833,9.66667,1953-08-20,12.6499997172505,24.1099994610995,18.379999589175,1953,8,NA
47.4833,9.66667,1953-08-21,11.479999743402,25.3799994327128,18.4299995880574,1953,8,NA
47.4833,9.66667,1953-08-22,13.0199997089803,21.5699995178729,17.2949996134266,1953,8,NA
47.4833,9.66667,1953-08-23,10.2199997715652,15.789999647066,13.0049997093156,1953,8,NA
47.4833,9.66667,1953-08-24,8.99999979883432,18.6399995833635,13.8199996910989,1953,8,NA
47.4833,9.66667,1953-08-25,6.98999984376132,23.53999947384,15.2649996588007,1953,8,NA
47.4833,9.66667,1953-08-26,12.3799997232854,18.4099995885044,15.3949996558949,1953,8,NA
47.4833,9.66667,1953-08-27,12.0699997302145,18.2499995920807,15.1599996611476,1953,8,NA
47.4833,9.66667,1953-08-28,11.7299997378141,16.4799996316433,14.1049996847287,1953,8,NA
47.4833,9.66667,1953-08-29,8.85999980196357,19.1399995721877,13.9999996870756,1953,8,NA
47.4833,9.66667,1953-08-30,7.33999983593822,21.1599995270371,14.2499996814877,1953,8,NA
47.4833,9.66667,1953-08-31,10.8199997581542,24.8599994443357,17.8399996012449,1953,8,NA
47.4833,9.66667,1953-09-01,11.4699997436255,26.4799994081259,18.9749995758757,1953,9,NA
47.4833,9.66667,1953-09-02,11.8699997346848,26.4299994092435,19.1499995719641,1953,9,NA
47.4833,9.66667,1953-09-03,11.5399997420609,26.5999994054437,19.0699995737523,1953,9,NA
47.4833,9.66667,1953-09-04,13.6999996937811,24.9299994427711,19.3149995682761,1953,9,NA
47.4833,9.66667,1953-09-05,14.1499996837229,22.5499994959682,18.3499995898455,1953,9,NA
47.4833,9.66667,1953-09-06,11.3699997458607,22.7999994903803,17.0849996181205,1953,9,NA
47.4833,9.66667,1953-09-07,9.64999978430569,21.6299995165318,15.6399996504188,1953,9,NA
47.4833,9.66667,1953-09-08,8.95999979972839,22.1499995049089,15.5549996523187,1953,9,NA
47.4833,9.66667,1953-09-09,7.40999983437359,23.9099994655699,15.6599996499717,1953,9,NA
47.4833,9.66667,1953-09-10,11.789999736473,25.2699994351715,18.5299995858222,1953,9,NA
47.4833,9.66667,1953-09-11,9.40999978967011,18.7299995813519,14.069999685511,1953,9,NA
47.4833,9.66667,1953-09-12,7.84999982453883,12.8099997136742,10.3299997691065,1953,9,NA
47.4833,9.66667,1953-09-13,7.33999983593822,16.6899996269494,12.0149997314438,1953,9,NA
47.4833,9.66667,1953-09-14,9.0699997972697,17.6199996061623,13.344999701716,1953,9,NA
47.4833,9.66667,1953-09-15,3.82999991439283,19.2599995695055,11.5449997419491,1953,9,NA
47.4833,9.66667,1953-09-16,5.5099998768419,21.54999951832,13.5299996975809,1953,9,NA
47.4833,9.66667,1953-09-17,8.34999981336296,18.2699995916337,13.3099997024983,1953,9,NA
47.4833,9.66667,1953-09-18,9.19999979436398,20.0199995525181,14.6099996734411,1953,9,NA
47.4833,9.66667,1953-09-19,11.189999749884,23.6199994720519,17.4049996109679,1953,9,NA
47.4833,9.66667,1953-09-20,11.6599997393787,20.8299995344132,16.244999636896,1953,9,NA
47.4833,9.66667,1953-09-21,10.2299997713417,15.8499996457249,13.0399997085333,1953,9,NA
47.4833,9.66667,1953-09-22,5.87999986857176,18.7299995813519,12.3049997249618,1953,9,NA
47.4833,9.66667,1953-09-23,8.93999980017543,16.1299996394664,12.5349997198209,1953,9,NA
47.4833,9.66667,1953-09-24,5.80999987013638,18.7099995817989,12.2599997259676,1953,9,NA
47.4833,9.66667,1953-09-25,7.9799998216331,15.5499996524304,11.7649997370318,1953,9,NA
47.4833,9.66667,1953-09-26,9.26999979279935,15.3499996569008,12.3099997248501,1953,9,NA
47.4833,9.66667,1953-09-27,9.59999978542328,17.3099996130913,13.4549996992573,1953,9,NA
47.4833,9.66667,1953-09-28,12.2299997266382,23.4099994767457,17.819999601692,1953,9,NA
47.4833,9.66667,1953-09-29,12.8699997123331,22.5999994948506,17.7349996035919,1953,9,NA
47.4833,9.66667,1953-09-30,8.64999980665743,13.7399996928871,11.1949997497723,1953,9,NA
47.4833,9.66667,1953-10-01,8.67999980598688,13.469999698922,11.0749997524545,1953,10,1954
47.4833,9.66667,1953-10-02,10.5399997644126,14.3099996801466,12.4249997222796,1953,10,1954
47.4833,9.66667,1953-10-03,8.39999981224537,17.7699996028095,13.0849997075275,1953,10,1954
47.4833,9.66667,1953-10-04,7.43999983370304,18.3499995898455,12.8949997117743,1953,10,1954
47.4833,9.66667,1953-10-05,9.87999977916479,15.4899996537715,12.6849997164682,1953,10,1954
47.4833,9.66667,1953-10-06,7.5799998305738,12.9799997098744,10.2799997702241,1953,10,1954
47.4833,9.66667,1953-10-07,3.63999991863966,12.8199997134507,8.22999981604517,1953,10,1954
47.4833,9.66667,1953-10-08,1.96999995596707,11.0799997523427,6.52499985415488,1953,10,1954
47.4833,9.66667,1953-10-09,2.35999994724989,12.079999729991,7.21999983862042,1953,10,1954
47.4833,9.66667,1953-10-10,1.69999996200204,12.2299997266382,6.96499984432012,1953,10,1954
47.4833,9.66667,1953-10-11,-0.0999999977648258,12.3599997237325,6.12999986298382,1953,10,1954
47.4833,9.66667,1953-10-12,0.209999995306134,12.7799997143447,6.49499985482544,1953,10,1954
47.4833,9.66667,1953-10-13,2.32999994792044,13.5899996962398,7.95999982208014,1953,10,1954
47.4833,9.66667,1953-10-14,5.38999987952411,18.4599995873868,11.9249997334555,1953,10,1954
47.4833,9.66667,1953-10-15,8.22999981604517,20.7099995370954,14.4699996765703,1953,10,1954
47.4833,9.66667,1953-10-16,10.3699997682124,19.6799995601177,15.0249996641651,1953,10,1954
47.4833,9.66667,1953-10-17,9.40999978967011,13.799999691546,11.604999740608,1953,10,1954
47.4833,9.66667,1953-10-18,10.5299997646362,14.8499996680766,12.6899997163564,1953,10,1954
47.4833,9.66667,1953-10-19,11.0799997523427,15.8499996457249,13.4649996990338,1953,10,1954
47.4833,9.66667,1953-10-20,11.3599997460842,17.799999602139,14.5799996741116,1953,10,1954
47.4833,9.66667,1953-10-21,11.3499997463077,16.0399996414781,13.6949996938929,1953,10,1954
47.4833,9.66667,1953-10-22,10.6199997626245,16.9199996218085,13.7699996922165,1953,10,1954
47.4833,9.66667,1953-10-23,7.17999983951449,15.6499996501952,11.4149997448549,1953,10,1954
47.4833,9.66667,1953-10-24,5.37999987974763,13.2599997036159,9.31999979168177,1953,10,1954
47.4833,9.66667,1953-10-25,5.39999987930059,15.809999646619,10.6049997629598,1953,10,1954
47.4833,9.66667,1953-10-26,7.45999983325601,11.7399997375906,9.59999978542328,1953,10,1954
47.4833,9.66667,1953-10-27,8.18999981693923,11.789999736473,9.9899997767061,1953,10,1954
47.4833,9.66667,1953-10-28,7.79999982565641,13.6899996940047,10.7449997598305,1953,10,1954
47.4833,9.66667,1953-10-29,7.67999982833862,16.0399996414781,11.8599997349083,1953,10,1954
47.4833,9.66667,1953-10-30,4.37999990209937,10.2799997702241,7.32999983616173,1953,10,1954
47.4833,9.66667,1953-10-31,2.09999995306134,8.6699998062104,5.38499987963587,1953,10,1954
47.4833,9.66667,1953-11-01,-0.779999982565641,10.3299997691065,4.77499989327043,1953,11,1954
47.4833,9.66667,1953-11-02,0.0199999995529652,11.2299997489899,5.62499987427145,1953,11,1954
47.4833,9.66667,1953-11-03,2.85999993607402,10.1699997726828,6.5149998543784,1953,11,1954
47.4833,9.66667,1953-11-04,2.61999994143844,6.77999984845519,4.69999989494681,1953,11,1954
47.4833,9.66667,1953-11-05,1.10999997518957,9.63999978452921,5.37499987985939,1953,11,1954
47.4833,9.66667,1953-11-06,3.11999993026257,12.6999997161329,7.90999982319772,1953,11,1954
47.4833,9.66667,1953-11-07,3.63999991863966,7.73999982699752,5.68999987281859,1953,11,1954
47.4833,9.66667,1953-11-08,0.569999987259507,7.91999982297421,4.24499990511686,1953,11,1954
47.4833,9.66667,1953-11-09,-1.61999996379018,8.51999980956316,3.44999992288649,1953,11,1954
47.4833,9.66667,1953-11-10,-1.64999996311963,9.17999979481101,3.76499991584569,1953,11,1954
47.4833,9.66667,1953-11-11,-1.32999997027218,8.27999981492758,3.4749999223277,1953,11,1954
47.4833,9.66667,1953-11-12,-1.70999996177852,4.13999990746379,1.21499997284263,1953,11,1954
47.4833,9.66667,1953-11-13,-0.239999994635582,6.4899998549372,3.12499993015081,1953,11,1954
47.4833,9.66667,1953-11-14,-2.02999995462596,7.2899998370558,2.62999994121492,1953,11,1954
47.4833,9.66667,1953-11-15,-3.01999993249774,7.22999983839691,2.10499995294958,1953,11,1954
47.4833,9.66667,1953-11-16,-0.549999987706542,8.10999981872737,3.77999991551042,1953,11,1954
47.4833,9.66667,1953-11-17,-1.29999997094274,10.4699997659773,4.58499989751726,1953,11,1954
47.4833,9.66667,1953-11-18,0.0799999982118607,6.62999985180795,3.35499992500991,1953,11,1954
47.4833,9.66667,1953-11-19,-0.259999994188547,8.84999980218709,4.29499990399927,1953,11,1954
47.4833,9.66667,1953-11-20,-0.239999994635582,7.5799998305738,3.66999991796911,1953,11,1954
47.4833,9.66667,1953-11-21,-1.26999997161329,5.35999988019466,2.04499995429069,1953,11,1954
47.4833,9.66667,1953-11-22,-1.27999997138977,4.45999990031123,1.58999996446073,1953,11,1954
47.4833,9.66667,1953-11-23,-1.88999995775521,4.16999990679324,1.13999997451901,1953,11,1954
47.4833,9.66667,1953-11-24,-2.68999993987381,1.70999996177852,-0.489999989047647,1953,11,1954
47.4833,9.66667,1953-11-25,-3.08999993093312,1.36999996937811,-0.859999980777502,1953,11,1954
47.4833,9.66667,1953-11-26,-3.4999999217689,2.15999995172024,-0.669999985024333,1953,11,1954
47.4833,9.66667,1953-11-27,-3.57999991998076,3.5599999204278,-0.00999999977648258,1953,11,1954
47.4833,9.66667,1953-11-28,-2.44999994523823,7.15999983996153,2.35499994736165,1953,11,1954
47.4833,9.66667,1953-11-29,-0.249999994412065,11.1799997501075,5.46499987784773,1953,11,1954
47.4833,9.66667,1953-11-30,-0.429999990388751,10.7099997606128,5.13999988511205,1953,11,1954
47.4833,9.66667,1953-12-01,-0.469999989494681,10.4899997655302,5.00999988801777,1953,12,1954
47.4833,9.66667,1953-12-02,2.49999994412065,13.1599997058511,7.82999982498586,1953,12,1954
47.4833,9.66667,1953-12-03,0.0699999984353781,8.70999980531633,4.38999990187585,1953,12,1954
47.4833,9.66667,1953-12-04,0.169999996200204,10.1899997722358,5.17999988421798,1953,12,1954
47.4833,9.66667,1953-12-05,2.10999995283782,11.4899997431785,6.79999984800816,1953,12,1954
47.4833,9.66667,1953-12-06,0.949999978765845,11.8299997355789,6.38999985717237,1953,12,1954
47.4833,9.66667,1953-12-07,-0.759999983012676,8.15999981760979,3.69999991729856,1953,12,1954
47.4833,9.66667,1953-12-08,-0.649999985471368,6.49999985471368,2.92499993462116,1953,12,1954
47.4833,9.66667,1953-12-09,0.139999996870756,7.38999983482063,3.76499991584569,1953,12,1954
47.4833,9.66667,1953-12-10,-0.679999984800816,7.42999983392656,3.37499992456287,1953,12,1954
47.4833,9.66667,1953-12-11,-0.289999993517995,5.93999986723065,2.82499993685633,1953,12,1954
47.4833,9.66667,1953-12-12,2.12999995239079,8.46999981068075,5.29999988153577,1953,12,1954
47.4833,9.66667,1953-12-13,0.96999997831881,5.93999986723065,3.45499992277473,1953,12,1954
47.4833,9.66667,1953-12-14,-1.41999996826053,6.39999985694885,2.48999994434416,1953,12,1954
47.4833,9.66667,1953-12-15,-1.82999995909631,5.84999986924231,2.009999955073,1953,12,1954
47.4833,9.66667,1953-12-16,-1.64999996311963,7.3499998357147,2.84999993629754,1953,12,1954
47.4833,9.66667,1953-12-17,-1.75999996066093,3.35999992489815,0.799999982118607,1953,12,1954
47.4833,9.66667,1953-12-18,-2.49999994412065,3.52999992109835,0.514999988488853,1953,12,1954
47.4833,9.66667,1953-12-19,-2.73999993875623,2.96999993361533,0.11499999742955,1953,12,1954
47.4833,9.66667,1953-12-20,-2.91999993473291,5.97999986633658,1.52999996580184,1953,12,1954
47.4833,9.66667,1953-12-21,1.91999995708466,4.89999989047647,3.40999992378056,1953,12,1954
47.4833,9.66667,1953-12-22,-0.159999996423721,3.08999993093312,1.4649999672547,1953,12,1954
47.4833,9.66667,1953-12-23,-1.12999997474253,1.56999996490777,0.219999995082617,1953,12,1954
47.4833,9.66667,1953-12-24,-2.6399999409914,2.51999994367361,-0.0599999986588955,1953,12,1954
47.4833,9.66667,1953-12-25,-0.0699999984353781,4.8799998909235,2.40499994624406,1953,12,1954
47.4833,9.66667,1953-12-26,-0.179999995976686,6.11999986320734,2.96999993361533,1953,12,1954
47.4833,9.66667,1953-12-27,-0.839999981224537,3.86999991349876,1.51499996613711,1953,12,1954
47.4833,9.66667,1953-12-28,-2.47999994456768,3.00999993272126,0.264999994076788,1953,12,1954
47.4833,9.66667,1953-12-29,-0.379999991506338,2.65999994054437,1.13999997451901,1953,12,1954
47.4833,9.66667,1953-12-30,-1.44999996758997,1.4899999666959,0.0199999995529652,1953,12,1954
47.4833,9.66667,1953-12-31,-4.11999990791082,-0.179999995976686,-2.14999995194376,1953,12,1954
47.4833,9.66667,1954-01-01,-6.90999984554946,-2.75999993830919,-4.83499989192933,1954,1,1954
47.4833,9.66667,1954-01-02,-9.36999979056418,-5.30999988131225,-7.33999983593822,1954,1,1954
47.4833,9.66667,1954-01-03,-11.0799997523427,-5.94999986700714,-8.51499980967492,1954,1,1954
47.4833,9.66667,1954-01-04,-12.1599997282028,-5.39999987930059,-8.77999980375171,1954,1,1954
47.4833,9.66667,1954-01-05,-10.6799997612834,-5.42999987863004,-8.05499981995672,1954,1,1954
47.4833,9.66667,1954-01-06,-9.44999978877604,-5.38999987952411,-7.41999983415008,1954,1,1954
47.4833,9.66667,1954-01-07,-9.55999978631735,-4.85999989137053,-7.20999983884394,1954,1,1954
47.4833,9.66667,1954-01-08,-7.81999982520938,-5.21999988332391,-6.51999985426664,1954,1,1954
47.4833,9.66667,1954-01-09,-8.38999981246889,-6.47999985516071,-7.4349998338148,1954,1,1954
47.4833,9.66667,1954-01-10,-9.45999978855252,-4.82999989204109,-7.1449998402968,1954,1,1954
47.4833,9.66667,1954-01-11,-5.74999987147748,-1.55999996513128,-3.65499991830438,1954,1,1954
47.4833,9.66667,1954-01-12,-2.73999993875623,0.61999998614192,-1.05999997630715,1954,1,1954
47.4833,9.66667,1954-01-13,-0.0399999991059303,1.80999995954335,0.884999980218709,1954,1,1954
47.4833,9.66667,1954-01-14,-5.01999988779426,2.43999994546175,-1.28999997116625,1954,1,1954
47.4833,9.66667,1954-01-15,-4.04999990947545,2.93999993428588,-0.554999987594783,1954,1,1954
47.4833,9.66667,1954-01-16,-0.749999983236194,5.17999988421798,2.21499995049089,1954,1,1954
47.4833,9.66667,1954-01-17,3.08999993093312,8.18999981693923,5.63999987393618,1954,1,1954
47.4833,9.66667,1954-01-18,1.90999995730817,5.72999987192452,3.81999991461635,1954,1,1954
47.4833,9.66667,1954-01-19,-2.84999993629754,2.95999993383884,0.0549999987706542,1954,1,1954
47.4833,9.66667,1954-01-20,-5.95999986678362,1.30999997071922,-2.3249999480322,1954,1,1954
47.4833,9.66667,1954-01-21,-1.72999996133149,5.92999986745417,2.09999995306134,1954,1,1954
47.4833,9.66667,1954-01-22,2.90999993495643,4.99999988824129,3.95499991159886,1954,1,1954
47.4833,9.66667,1954-01-23,-1.12999997474253,3.87999991327524,1.37499996926636,1954,1,1954
47.4833,9.66667,1954-01-24,-5.53999987617135,0.0999999977648258,-2.71999993920326,1954,1,1954
47.4833,9.66667,1954-01-25,-10.4599997662008,-4.69999989494681,-7.5799998305738,1954,1,1954
47.4833,9.66667,1954-01-26,-13.4799996986985,-4.16999990679324,-8.82499980274588,1954,1,1954
47.4833,9.66667,1954-01-27,-11.2799997478724,-3.42999992333353,-7.35499983560294,1954,1,1954
47.4833,9.66667,1954-01-28,-11.5299997422844,-6.45999985560775,-8.99499979894608,1954,1,1954
47.4833,9.66667,1954-01-29,-10.6199997626245,-0.419999990612268,-5.51999987661839,1954,1,1954
47.4833,9.66667,1954-01-30,-7.60999982990324,-1.81999995931983,-4.71499989461154,1954,1,1954
47.4833,9.66667,1954-01-31,-10.0799997746944,-4.57999989762902,-7.32999983616173,1954,1,1954
47.4833,9.66667,1954-02-01,-13.75999969244,-8.48999981023371,-11.1249997513369,1954,2,1954
47.4833,9.66667,1954-02-02,-16.5199996307492,-9.49999978765845,-13.0099997092038,1954,2,1954
47.4833,9.66667,1954-02-03,-16.7399996258318,-10.2599997706711,-13.4999996982515,1954,2,1954
47.4833,9.66667,1954-02-04,-14.649999672547,-9.45999978855252,-12.0549997305498,1954,2,1954
47.4833,9.66667,1954-02-05,-12.4399997219443,-7.2899998370558,-9.86499977950007,1954,2,1954
47.4833,9.66667,1954-02-06,-11.1599997505546,-3.27999992668629,-7.21999983862042,1954,2,1954
47.4833,9.66667,1954-02-07,-13.6899996940047,-3.05999993160367,-8.37499981280416,1954,2,1954
47.4833,9.66667,1954-02-08,-12.1799997277558,-2.30999994836748,-7.24499983806163,1954,2,1954
47.4833,9.66667,1954-02-09,-10.3899997677654,-0.65999998524785,-5.52499987650663,1954,2,1954
47.4833,9.66667,1954-02-10,-6.66999985091388,1.38999996893108,-2.6399999409914,1954,2,1954
47.4833,9.66667,1954-02-11,-1.44999996758997,4.77999989315867,1.66499996278435,1954,2,1954
47.4833,9.66667,1954-02-12,0.409999990835786,5.06999988667667,2.73999993875623,1954,2,1954
47.4833,9.66667,1954-02-13,0.789999982342124,3.36999992467463,2.07999995350838,1954,2,1954
47.4833,9.66667,1954-02-14,-1.7799999602139,4.16999990679324,1.19499997328967,1954,2,1954
47.4833,9.66667,1954-02-15,-1.49999996647239,6.60999985225499,2.5549999428913,1954,2,1954
47.4833,9.66667,1954-02-16,-0.979999978095293,3.39999992400408,1.20999997295439,1954,2,1954
47.4833,9.66667,1954-02-17,-1.33999997004867,1.66999996267259,0.164999996311963,1954,2,1954
47.4833,9.66667,1954-02-18,-3.00999993272126,0.169999996200204,-1.41999996826053,1954,2,1954
47.4833,9.66667,1954-02-19,-3.90999991260469,0.319999992847443,-1.79499995987862,1954,2,1954
47.4833,9.66667,1954-02-20,-5.06999988667667,2.57999994233251,-1.24499997217208,1954,2,1954
47.4833,9.66667,1954-02-21,-4.65999989584088,1.02999997697771,-1.81499995943159,1954,2,1954
47.4833,9.66667,1954-02-22,-2.68999993987381,3.36999992467463,0.339999992400408,1954,2,1954
47.4833,9.66667,1954-02-23,-4.52999989874661,3.21999992802739,-0.654999985359609,1954,2,1954
47.4833,9.66667,1954-02-24,-1.06999997608364,6.24999986030161,2.58999994210899,1954,2,1954
47.4833,9.66667,1954-02-25,-5.11999988555908,6.5999998524785,0.739999983459711,1954,2,1954
47.4833,9.66667,1954-02-26,-0.30999999307096,8.73999980464578,4.21499990578741,1954,2,1954
47.4833,9.66667,1954-02-27,0.319999992847443,7.78999982587993,4.05499990936369,1954,2,1954
47.4833,9.66667,1954-02-28,1.00999997742474,8.00999982096255,4.50999989919364,1954,2,1954
47.4833,9.66667,1954-03-01,0.989999977871776,4.61999989673495,2.80499993730336,1954,3,1954
47.4833,9.66667,1954-03-02,-0.789999982342124,7.23999983817339,3.22499992791563,1954,3,1954
47.4833,9.66667,1954-03-03,-1.58999996446073,7.8099998254329,3.10999993048608,1954,3,1954
47.4833,9.66667,1954-03-04,-1.43999996781349,9.74999978207052,4.15499990712851,1954,3,1954
47.4833,9.66667,1954-03-05,0.809999981895089,6.68999985046685,3.74999991618097,1954,3,1954
47.4833,9.66667,1954-03-06,0.229999994859099,6.61999985203147,3.42499992344528,1954,3,1954
47.4833,9.66667,1954-03-07,-1.50999996624887,3.57999991998076,1.03499997686595,1954,3,1954
47.4833,9.66667,1954-03-08,-6.14999986253679,6.09999986365438,-0.0249999994412065,1954,3,1954
47.4833,9.66667,1954-03-09,-4.13999990746379,9.72999978251755,2.79499993752688,1954,3,1954
47.4833,9.66667,1954-03-10,-2.47999994456768,9.79999978095293,3.65999991819263,1954,3,1954
47.4833,9.66667,1954-03-11,-2.73999993875623,8.87999980151653,3.06999993138015,1954,3,1954
47.4833,9.66667,1954-03-12,-0.429999990388751,8.23999981582165,3.90499991271645,1954,3,1954
47.4833,9.66667,1954-03-13,-1.64999996311963,5.34999988041818,1.84999995864928,1954,3,1954
47.4833,9.66667,1954-03-14,-0.459999989718199,13.8599996902049,6.69999985024333,1954,3,1954
47.4833,9.66667,1954-03-15,1.42999996803701,12.6299997176975,7.02999984286726,1954,3,1954
47.4833,9.66667,1954-03-16,0.939999978989363,11.4899997431785,6.21499986108392,1954,3,1954
47.4833,9.66667,1954-03-17,1.85999995842576,14.7499996703118,8.30499981436878,1954,3,1954
47.4833,9.66667,1954-03-18,0.339999992400408,13.2299997042865,6.78499984834343,1954,3,1954
47.4833,9.66667,1954-03-19,1.18999997340143,13.779999691993,7.48499983269721,1954,3,1954
47.4833,9.66667,1954-03-20,4.4199999012053,10.1599997729063,7.2899998370558,1954,3,1954
47.4833,9.66667,1954-03-21,2.24999994970858,9.759999781847,6.00499986577779,1954,3,1954
47.4833,9.66667,1954-03-22,3.5599999204278,8.05999981984496,5.80999987013638,1954,3,1954
47.4833,9.66667,1954-03-23,0.429999990388751,14.9999996647239,7.71499982755631,1954,3,1954
47.4833,9.66667,1954-03-24,0.959999978542328,15.5099996533245,8.23499981593341,1954,3,1954
47.4833,9.66667,1954-03-25,4.05999990925193,9.2999997921288,6.67999985069036,1954,3,1954
47.4833,9.66667,1954-03-26,1.51999996602535,12.7399997152388,7.12999984063208,1954,3,1954
47.4833,9.66667,1954-03-27,1.25999997183681,14.5599996745586,7.90999982319772,1954,3,1954
47.4833,9.66667,1954-03-28,3.79999991506338,8.63999980688095,6.21999986097217,1954,3,1954
47.4833,9.66667,1954-03-29,-0.639999985694885,11.8599997349083,5.60999987460673,1954,3,1954
47.4833,9.66667,1954-03-30,1.29999997094274,11.6099997404963,6.45499985571951,1954,3,1954
47.4833,9.66667,1954-03-31,0.149999996647239,13.5299996975809,6.83999984711409,1954,3,1954
47.4833,9.66667,1954-04-01,4.88999989069998,16.0899996403605,10.4899997655302,1954,4,1954
47.4833,9.66667,1954-04-02,2.50999994389713,12.9799997098744,7.74499982688576,1954,4,1954
47.4833,9.66667,1954-04-03,1.9499999564141,7.01999984309077,4.48499989975244,1954,4,1954
47.4833,9.66667,1954-04-04,6.38999985717237,11.2199997492135,8.80499980319291,1954,4,1954
47.4833,9.66667,1954-04-05,7.42999983392656,16.5199996307492,11.9749997323379,1954,4,1954
47.4833,9.66667,1954-04-06,6.63999985158443,12.1199997290969,9.37999979034066,1954,4,1954
47.4833,9.66667,1954-04-07,0.839999981224537,7.24999983794987,4.0449999095872,1954,4,1954
47.4833,9.66667,1954-04-08,1.21999997273088,5.45999987795949,3.33999992534518,1954,4,1954
47.4833,9.66667,1954-04-09,3.53999992087483,6.67999985069036,5.1099998857826,1954,4,1954
47.4833,9.66667,1954-04-10,2.90999993495643,6.98999984376132,4.94999988935888,1954,4,1954
47.4833,9.66667,1954-04-11,1.4899999666959,6.28999985940754,3.88999991305172,1954,4,1954
47.4833,9.66667,1954-04-12,-0.299999993294477,9.67999978363514,4.68999989517033,1954,4,1954
47.4833,9.66667,1954-04-13,-1.35999996960163,11.8699997346848,5.2549998825416,1954,4,1954
47.4833,9.66667,1954-04-14,-0.109999997541308,14.1299996841699,7.00999984331429,1954,4,1954
47.4833,9.66667,1954-04-15,3.1599999293685,11.9799997322261,7.56999983079731,1954,4,1954
47.4833,9.66667,1954-04-16,1.86999995820224,7.3499998357147,4.60999989695847,1954,4,1954
47.4833,9.66667,1954-04-17,-0.479999989271164,3.82999991439283,1.67499996256083,1954,4,1954
47.4833,9.66667,1954-04-18,-1.6099999640137,2.9299999345094,0.65999998524785,1954,4,1954
47.4833,9.66667,1954-04-19,-0.589999986812472,4.17999990656972,1.79499995987862,1954,4,1954
47.4833,9.66667,1954-04-20,-1.62999996356666,3.24999992735684,0.809999981895089,1954,4,1954
47.4833,9.66667,1954-04-21,-2.54999994300306,5.14999988488853,1.29999997094274,1954,4,1954
47.4833,9.66667,1954-04-22,1.20999997295439,5.92999986745417,3.56999992020428,1954,4,1954
47.4833,9.66667,1954-04-23,-0.57999998703599,8.17999981716275,3.79999991506338,1954,4,1954
47.4833,9.66667,1954-04-24,-0.469999989494681,13.7199996933341,6.62499985191971,1954,4,1954
47.4833,9.66667,1954-04-25,2.15999995172024,15.0999996624887,8.62999980710447,1954,4,1954
47.4833,9.66667,1954-04-26,2.02999995462596,15.3199996575713,8.67499980609864,1954,4,1954
47.4833,9.66667,1954-04-27,4.97999988868833,10.8299997579306,7.90499982330948,1954,4,1954
47.4833,9.66667,1954-04-28,4.15999990701675,11.1999997496605,7.67999982833862,1954,4,1954
47.4833,9.66667,1954-04-29,1.51999996602535,13.8199996910989,7.66999982856214,1954,4,1954
47.4833,9.66667,1954-04-30,4.83999989181757,15.8899996448308,10.3649997683242,1954,4,1954
47.4833,9.66667,1954-05-01,5.53999987617135,11.5299997422844,8.53499980922788,1954,5,NA
47.4833,9.66667,1954-05-02,3.29999992623925,17.0499996189028,10.174999772571,1954,5,NA
47.4833,9.66667,1954-05-03,6.34999985806644,18.3699995893985,12.3599997237325,1954,5,NA
47.4833,9.66667,1954-05-04,2.34999994747341,7.09999984130263,4.72499989438802,1954,5,NA
47.4833,9.66667,1954-05-05,1.74999996088445,8.6699998062104,5.20999988354743,1954,5,NA
47.4833,9.66667,1954-05-06,1.78999995999038,9.94999977760017,5.86999986879528,1954,5,NA
47.4833,9.66667,1954-05-07,3.54999992065132,11.5599997416139,7.55499983113259,1954,5,NA
47.4833,9.66667,1954-05-08,4.97999988868833,9.32999979145825,7.15499984007329,1954,5,NA
47.4833,9.66667,1954-05-09,4.65999989584088,11.7399997375906,8.19999981671572,1954,5,NA
47.4833,9.66667,1954-05-10,5.05999988690019,19.0099995750934,12.0349997309968,1954,5,NA
47.4833,9.66667,1954-05-11,6.15999986231327,21.4599995203316,13.8099996913224,1954,5,NA
47.4833,9.66667,1954-05-12,8.28999981470406,21.7799995131791,15.0349996639416,1954,5,NA
47.4833,9.66667,1954-05-13,6.66999985091388,22.4299994986504,14.5499996747822,1954,5,NA
47.4833,9.66667,1954-05-14,6.68999985046685,21.3099995236844,13.9999996870756,1954,5,NA
47.4833,9.66667,1954-05-15,5.31999988108873,19.4699995648116,12.3949997229502,1954,5,NA
47.4833,9.66667,1954-05-16,4.6499998960644,16.8699996229261,10.7599997594953,1954,5,NA
47.4833,9.66667,1954-05-17,8.73999980464578,20.4899995420128,14.6149996733293,1954,5,NA
47.4833,9.66667,1954-05-18,9.27999979257584,20.1599995493889,14.7199996709824,1954,5,NA
47.4833,9.66667,1954-05-19,8.11999981850386,11.5999997407198,9.85999977961183,1954,5,NA
47.4833,9.66667,1954-05-20,4.98999988846481,8.53999980911613,6.76499984879047,1954,5,NA
47.4833,9.66667,1954-05-21,4.2499999050051,9.88999977894127,7.06999984197319,1954,5,NA
47.4833,9.66667,1954-05-22,4.60999989695847,9.9899997767061,7.29999983683228,1954,5,NA
47.4833,9.66667,1954-05-23,1.64999996311963,12.7199997156858,7.18499983940274,1954,5,NA
47.4833,9.66667,1954-05-24,5.74999987147748,11.5199997425079,8.63499980699271,1954,5,NA
47.4833,9.66667,1954-05-25,5.23999988287687,12.6799997165799,8.95999979972839,1954,5,NA
47.4833,9.66667,1954-05-26,3.0999999307096,20.5899995397776,11.8449997352436,1954,5,NA
47.4833,9.66667,1954-05-27,6.86999984644353,22.2999995015562,14.5849996739998,1954,5,NA
47.4833,9.66667,1954-05-28,8.68999980576336,23.7299994695932,16.2099996376783,1954,5,NA
47.4833,9.66667,1954-05-29,8.55999980866909,24.2299994584173,16.3949996335432,1954,5,NA
47.4833,9.66667,1954-05-30,9.78999978117645,15.3899996560067,12.5899997185916,1954,5,NA
47.4833,9.66667,1954-05-31,8.79999980330467,16.3299996349961,12.5649997191504,1954,5,NA
47.4833,9.66667,1954-06-01,7.33999983593822,14.9099996667355,11.1249997513369,1954,6,NA
47.4833,9.66667,1954-06-02,8.12999981828034,16.639999628067,12.3849997231737,1954,6,NA
47.4833,9.66667,1954-06-03,7.3499998357147,17.5699996072799,12.4599997214973,1954,6,NA
47.4833,9.66667,1954-06-04,6.81999984756112,21.1299995277077,13.9749996876344,1954,6,NA
47.4833,9.66667,1954-06-05,10.8599997572601,17.0999996177852,13.9799996875226,1954,6,NA
47.4833,9.66667,1954-06-06,11.9699997324497,16.7799996249378,14.3749996786937,1954,6,NA
47.4833,9.66667,1954-06-07,7.93999982252717,13.9699996877462,10.9549997551367,1954,6,NA
47.4833,9.66667,1954-06-08,7.17999983951449,15.9899996425956,11.5849997410551,1954,6,NA
47.4833,9.66667,1954-06-09,6.16999986208975,23.3599994778633,14.7649996699765,1954,6,NA
47.4833,9.66667,1954-06-10,11.8499997351319,25.4799994304776,18.6649995828047,1954,6,NA
47.4833,9.66667,1954-06-11,9.46999978832901,17.3499996121973,13.4099997002631,1954,6,NA
47.4833,9.66667,1954-06-12,8.13999981805682,15.6399996504188,11.8899997342378,1954,6,NA
47.4833,9.66667,1954-06-13,9.51999978721142,21.2499995250255,15.3849996561185,1954,6,NA
47.4833,9.66667,1954-06-14,10.5899997632951,18.8699995782226,14.7299996707588,1954,6,NA
47.4833,9.66667,1954-06-15,11.189999749884,14.939999666065,13.0649997079745,1954,6,NA
47.4833,9.66667,1954-06-16,10.4999997653067,15.5899996515363,13.0449997084215,1954,6,NA
47.4833,9.66667,1954-06-17,11.0199997536838,15.6799996495247,13.3499997016042,1954,6,NA
47.4833,9.66667,1954-06-18,10.2999997697771,19.3599995672703,14.8299996685237,1954,6,NA
47.4833,9.66667,1954-06-19,9.79999978095293,23.7399994693696,16.7699996251613,1954,6,NA
47.4833,9.66667,1954-06-20,11.2699997480959,25.4499994311482,18.359999589622,1954,6,NA
47.4833,9.66667,1954-06-21,13.4299996998161,27.4699993859977,20.4499995429069,1954,6,NA
47.4833,9.66667,1954-06-22,13.6499996948987,28.0699993725866,20.8599995337427,1954,6,NA
47.4833,9.66667,1954-06-23,15.4699996542186,24.5799994505942,20.0249995524064,1954,6,NA
47.4833,9.66667,1954-06-24,15.3599996566772,21.8899995107204,18.6249995836988,1954,6,NA
47.4833,9.66667,1954-06-25,13.9399996884167,22.8899994883686,18.4149995883927,1954,6,NA
47.4833,9.66667,1954-06-26,12.5699997190386,23.7099994700402,18.1399995945394,1954,6,NA
47.4833,9.66667,1954-06-27,14.1099996846169,25.6599994264543,19.8849995555356,1954,6,NA
47.4833,9.66667,1954-06-28,12.7599997147918,23.6399994716048,18.1999995931983,1954,6,NA
47.4833,9.66667,1954-06-29,9.43999978899956,13.1499997060746,11.2949997475371,1954,6,NA
47.4833,9.66667,1954-06-30,7.85999982431531,13.5999996960163,10.7299997601658,1954,6,NA
47.4833,9.66667,1954-07-01,8.07999981939793,19.8599995560944,13.9699996877462,1954,7,NA
47.4833,9.66667,1954-07-02,9.93999977782369,15.0599996633828,12.4999997206032,1954,7,NA
47.4833,9.66667,1954-07-03,8.98999979905784,12.329999724403,10.6599997617304,1954,7,NA
47.4833,9.66667,1954-07-04,9.56999978609383,20.2799995467067,14.9249996664003,1954,7,NA
47.4833,9.66667,1954-07-05,11.209999749437,21.1999995261431,16.20499963779,1954,7,NA
47.4833,9.66667,1954-07-06,9.46999978832901,14.9999996647239,12.2349997265264,1954,7,NA
47.4833,9.66667,1954-07-07,10.6699997615069,15.5399996526539,13.1049997070804,1954,7,NA
47.4833,9.66667,1954-07-08,7.70999982766807,12.3199997246265,10.0149997761473,1954,7,NA
47.4833,9.66667,1954-07-09,7.06999984197319,12.5799997188151,9.82499978039414,1954,7,NA
47.4833,9.66667,1954-07-10,7.40999983437359,10.5199997648597,8.96499979961663,1954,7,NA
47.4833,9.66667,1954-07-11,7.02999984286726,10.9399997554719,8.9849997991696,1954,7,NA
47.4833,9.66667,1954-07-12,9.41999978944659,18.959999576211,14.1899996828288,1954,7,NA
47.4833,9.66667,1954-07-13,10.2299997713417,23.4199994765222,16.8249996239319,1954,7,NA
47.4833,9.66667,1954-07-14,12.5399997197092,16.7099996265024,14.6249996731058,1954,7,NA
47.4833,9.66667,1954-07-15,11.1599997505546,19.7399995587766,15.4499996546656,1954,7,NA
47.4833,9.66667,1954-07-16,12.7999997138977,18.6299995835871,15.7149996487424,1954,7,NA
47.4833,9.66667,1954-07-17,11.2499997485429,16.65999962762,13.9549996880814,1954,7,NA
47.4833,9.66667,1954-07-18,9.37999979034066,21.3599995225668,15.3699996564537,1954,7,NA
47.4833,9.66667,1954-07-19,13.7399996928871,21.5999995172024,17.6699996050447,1954,7,NA
47.4833,9.66667,1954-07-20,11.7999997362494,16.8799996227026,14.339999679476,1954,7,NA
47.4833,9.66667,1954-07-21,11.3499997463077,20.09999955073,15.7249996485189,1954,7,NA
47.4833,9.66667,1954-07-22,8.33999981358647,23.1399994827807,15.7399996481836,1954,7,NA
47.4833,9.66667,1954-07-23,10.7499997597188,23.7199994698167,17.2349996147677,1954,7,NA
47.4833,9.66667,1954-07-24,13.4399996995926,23.3199994787574,18.379999589175,1954,7,NA
47.4833,9.66667,1954-07-25,11.2199997492135,23.4099994767457,17.3149996129796,1954,7,NA
47.4833,9.66667,1954-07-26,12.0999997295439,26.6299994047731,19.3649995671585,1954,7,NA
47.4833,9.66667,1954-07-27,14.5999996736646,24.679999448359,19.6399995610118,1954,7,NA
47.4833,9.66667,1954-07-28,15.8599996455014,24.9399994425476,20.3999995440245,1954,7,NA
47.4833,9.66667,1954-07-29,15.7599996477365,22.7099994923919,19.2349995700642,1954,7,NA
47.4833,9.66667,1954-07-30,12.6099997181445,19.4699995648116,16.0399996414781,1954,7,NA
47.4833,9.66667,1954-07-31,10.6399997621775,17.7199996039271,14.1799996830523,1954,7,NA
47.4833,9.66667,1954-08-01,9.97999977692962,17.5699996072799,13.7749996921048,1954,8,NA
47.4833,9.66667,1954-08-02,7.5199998319149,20.119999550283,13.8199996910989,1954,8,NA
47.4833,9.66667,1954-08-03,11.5199997425079,25.4199994318187,18.4699995871633,1954,8,NA
47.4833,9.66667,1954-08-04,12.8099997136742,27.4999993853271,20.1549995495006,1954,8,NA
47.4833,9.66667,1954-08-05,14.3199996799231,26.5699994061142,20.4449995430186,1954,8,NA
47.4833,9.66667,1954-08-06,13.1599997058511,25.239999435842,19.1999995708466,1954,8,NA
47.4833,9.66667,1954-08-07,12.8999997116625,27.4499993864447,20.1749995490536,1954,8,NA
47.4833,9.66667,1954-08-08,12.4599997214973,20.9999995306134,16.7299996260554,1954,8,NA
47.4833,9.66667,1954-08-09,10.0599997751415,20.0299995522946,15.044999663718,1954,8,NA
47.4833,9.66667,1954-08-10,13.3499997016042,18.3899995889515,15.8699996452779,1954,8,NA
47.4833,9.66667,1954-08-11,11.2899997476488,17.489999609068,14.3899996783584,1954,8,NA
47.4833,9.66667,1954-08-12,10.049999775365,17.799999602139,13.924999688752,1954,8,NA
47.4833,9.66667,1954-08-13,8.56999980844557,20.0899995509535,14.3299996796995,1954,8,NA
47.4833,9.66667,1954-08-14,11.0499997530133,25.6199994273484,18.3349995901808,1954,8,NA
47.4833,9.66667,1954-08-15,14.1099996846169,23.6699994709343,18.8899995777756,1954,8,NA
47.4833,9.66667,1954-08-16,10.5999997630715,17.6299996059388,14.1149996845052,1954,8,NA
47.4833,9.66667,1954-08-17,9.21999979391694,14.2799996808171,11.749999737367,1954,8,NA
47.4833,9.66667,1954-08-18,8.41999981179833,19.2899995688349,13.8549996903166,1954,8,NA
47.4833,9.66667,1954-08-19,9.33999979123473,22.6799994930625,16.0099996421486,1954,8,NA
47.4833,9.66667,1954-08-20,13.8899996895343,19.1199995726347,16.5049996310845,1954,8,NA
47.4833,9.66667,1954-08-21,12.3999997228384,21.7699995134026,17.0849996181205,1954,8,NA
47.4833,9.66667,1954-08-22,12.8199997134507,18.3899995889515,15.6049996512011,1954,8,NA
47.4833,9.66667,1954-08-23,9.82999978028238,13.0499997083098,11.4399997442961,1954,8,NA
47.4833,9.66667,1954-08-24,9.38999979011714,14.5399996750057,11.9649997325614,1954,8,NA
47.4833,9.66667,1954-08-25,6.54999985359609,16.2099996376783,11.3799997456372,1954,8,NA
47.4833,9.66667,1954-08-26,9.16999979503453,14.9499996658415,12.059999730438,1954,8,NA
47.4833,9.66667,1954-08-27,9.84999977983534,13.7899996917695,11.8199997358024,1954,8,NA
47.4833,9.66667,1954-08-28,11.2599997483194,16.9799996204674,14.1199996843934,1954,8,NA
47.4833,9.66667,1954-08-29,9.95999977737665,19.6699995603412,14.8149996688589,1954,8,NA
47.4833,9.66667,1954-08-30,10.1699997726828,19.6899995598942,14.9299996662885,1954,8,NA
47.4833,9.66667,1954-08-31,10.0999997742474,18.8599995784461,14.4799996763468,1954,8,NA
47.4833,9.66667,1954-09-01,9.46999978832901,23.4499994758517,16.4599996320903,1954,9,NA
47.4833,9.66667,1954-09-02,9.80999978072941,26.0199994184077,17.9149995995685,1954,9,NA
47.4833,9.66667,1954-09-03,12.9199997112155,25.52999942936,19.2249995702878,1954,9,NA
47.4833,9.66667,1954-09-04,13.3999997004867,22.9299994874746,18.1649995939806,1954,9,NA
47.4833,9.66667,1954-09-05,11.3299997467548,24.4899994526058,17.9099995996803,1954,9,NA
47.4833,9.66667,1954-09-06,12.6699997168034,24.7399994470179,18.7049995819107,1954,9,NA
47.4833,9.66667,1954-09-07,11.8999997340143,22.9999994859099,17.4499996099621,1954,9,NA
47.4833,9.66667,1954-09-08,11.8499997351319,22.0499995071441,16.949999621138,1954,9,NA
47.4833,9.66667,1954-09-09,12.5199997201562,18.9299995768815,15.7249996485189,1954,9,NA
47.4833,9.66667,1954-09-10,12.9399997107685,21.4099995214492,17.1749996161088,1954,9,NA
47.4833,9.66667,1954-09-11,10.339999768883,22.4599994979799,16.3999996334314,1954,9,NA
47.4833,9.66667,1954-09-12,12.5999997183681,25.4899994302541,19.0449995743111,1954,9,NA
47.4833,9.66667,1954-09-13,11.8399997353554,19.8899995554239,15.8649996453896,1954,9,NA
47.4833,9.66667,1954-09-14,11.1399997510016,16.1899996381253,13.6649996945634,1954,9,NA
47.4833,9.66667,1954-09-15,10.5899997632951,17.4699996095151,14.0299996864051,1954,9,NA
47.4833,9.66667,1954-09-16,10.0099997762591,14.3199996799231,12.1649997280911,1954,9,NA
47.4833,9.66667,1954-09-17,6.80999984778464,19.5499995630234,13.179999705404,1954,9,NA
47.4833,9.66667,1954-09-18,11.3799997456372,18.9299995768815,15.1549996612594,1954,9,NA
47.4833,9.66667,1954-09-19,11.6899997387081,16.9799996204674,14.3349996795878,1954,9,NA
47.4833,9.66667,1954-09-20,11.4399997442961,22.8199994899333,17.1299996171147,1954,9,NA
47.4833,9.66667,1954-09-21,12.4399997219443,20.1399995498359,16.2899996358901,1954,9,NA
47.4833,9.66667,1954-09-22,9.28999979235232,13.6799996942282,11.4849997432902,1954,9,NA
47.4833,9.66667,1954-09-23,7.69999982789159,13.5299996975809,10.6149997627363,1954,9,NA
47.4833,9.66667,1954-09-24,4.86999989114702,11.4099997449666,8.13999981805682,1954,9,NA
47.4833,9.66667,1954-09-25,1.53999996557832,18.5199995860457,10.029999775812,1954,9,NA
47.4833,9.66667,1954-09-26,7.68999982811511,16.1699996385723,11.9299997333437,1954,9,NA
47.4833,9.66667,1954-09-27,9.26999979279935,14.069999685511,11.6699997391552,1954,9,NA
47.4833,9.66667,1954-09-28,9.71999978274107,13.8099996913224,11.7649997370318,1954,9,NA
47.4833,9.66667,1954-09-29,8.98999979905784,13.4999996982515,11.2449997486547,1954,9,NA
47.4833,9.66667,1954-09-30,3.83999991416931,11.0999997518957,7.46999983303249,1954,9,NA
47.4833,9.66667,1954-10-01,1.81999995931983,9.93999977782369,5.87999986857176,1954,10,1955
47.4833,9.66667,1954-10-02,6.1999998614192,11.5699997413903,8.88499980140477,1954,10,1955
47.4833,9.66667,1954-10-03,8.59999980777502,17.6599996052682,13.1299997065216,1954,10,1955
47.4833,9.66667,1954-10-04,5.83999986946583,18.5899995844811,12.2149997269735,1954,10,1955
47.4833,9.66667,1954-10-05,7.87999982386827,13.5199996978045,10.6999997608364,1954,10,1955
47.4833,9.66667,1954-10-06,5.78999987058342,14.4899996761233,10.1399997733533,1954,10,1955
47.4833,9.66667,1954-10-07,8.92999980039895,12.2299997266382,10.5799997635186,1954,10,1955
47.4833,9.66667,1954-10-08,3.69999991729856,10.7899997588247,7.24499983806163,1954,10,1955
47.4833,9.66667,1954-10-09,3.45999992266297,9.00999979861081,6.23499986063689,1954,10,1955
47.4833,9.66667,1954-10-10,1.80999995954335,9.94999977760017,5.87999986857176,1954,10,1955
47.4833,9.66667,1954-10-11,-0.179999995976686,9.11999979615211,4.46999990008771,1954,10,1955
47.4833,9.66667,1954-10-12,2.12999995239079,9.5299997869879,5.82999986968935,1954,10,1955
47.4833,9.66667,1954-10-13,4.50999989919364,11.6599997393787,8.08499981928617,1954,10,1955
47.4833,9.66667,1954-10-14,0.839999981224537,13.21999970451,7.02999984286726,1954,10,1955
47.4833,9.66667,1954-10-15,1.4899999666959,13.8999996893108,7.69499982800335,1954,10,1955
47.4833,9.66667,1954-10-16,2.13999995216727,15.6299996506423,8.88499980140477,1954,10,1955
47.4833,9.66667,1954-10-17,3.04999993182719,15.3099996577948,9.17999979481101,1954,10,1955
47.4833,9.66667,1954-10-18,3.5599999204278,17.1899996157736,10.3749997681007,1954,10,1955
47.4833,9.66667,1954-10-19,4.2499999050051,18.2499995920807,11.2499997485429,1954,10,1955
47.4833,9.66667,1954-10-20,5.69999987259507,20.0199995525181,12.8599997125566,1954,10,1955
47.4833,9.66667,1954-10-21,7.08999984152615,15.0199996642768,11.0549997529015,1954,10,1955
47.4833,9.66667,1954-10-22,4.82999989204109,14.3899996783584,9.60999978519976,1954,10,1955
47.4833,9.66667,1954-10-23,7.48999983258545,10.7799997590482,9.13499979581684,1954,10,1955
47.4833,9.66667,1954-10-24,5.35999988019466,15.5599996522069,10.4599997662008,1954,10,1955
47.4833,9.66667,1954-10-25,4.65999989584088,17.1599996164441,10.9099997561425,1954,10,1955
47.4833,9.66667,1954-10-26,5.9699998665601,13.1399997062981,9.55499978642911,1954,10,1955
47.4833,9.66667,1954-10-27,2.22999995015562,10.9799997545779,6.60499985236675,1954,10,1955
47.4833,9.66667,1954-10-28,1.68999996222556,11.499999742955,6.59499985259026,1954,10,1955
47.4833,9.66667,1954-10-29,8.00999982096255,13.0299997087568,10.5199997648597,1954,10,1955
47.4833,9.66667,1954-10-30,4.58999989740551,13.6299996953458,9.10999979637563,1954,10,1955
47.4833,9.66667,1954-10-31,5.54999987594783,13.8999996893108,9.72499978262931,1954,10,1955
47.4833,9.66667,1954-11-01,6.68999985046685,10.4899997655302,8.58999980799854,1954,11,1955
47.4833,9.66667,1954-11-02,3.9599999114871,10.9999997541308,7.47999983280897,1954,11,1955
47.4833,9.66667,1954-11-03,2.20999995060265,10.4599997662008,6.33499985840172,1954,11,1955
47.4833,9.66667,1954-11-04,4.30999990366399,10.7999997586012,7.55499983113259,1954,11,1955
47.4833,9.66667,1954-11-05,1.97999995574355,10.3799997679889,6.17999986186624,1954,11,1955
47.4833,9.66667,1954-11-06,-1.3199999704957,8.79999980330467,3.73999991640449,1954,11,1955
47.4833,9.66667,1954-11-07,0.939999978989363,12.6699997168034,6.8049998478964,1954,11,1955
47.4833,9.66667,1954-11-08,2.78999993763864,15.3399996571243,9.06499979738146,1954,11,1955
47.4833,9.66667,1954-11-09,7.79999982565641,13.7699996922165,10.7849997589365,1954,11,1955
47.4833,9.66667,1954-11-10,6.63999985158443,11.9199997335672,9.27999979257584,1954,11,1955
47.4833,9.66667,1954-11-11,4.33999990299344,8.59999980777502,6.46999985538423,1954,11,1955
47.4833,9.66667,1954-11-12,2.48999994434416,8.35999981313944,5.4249998787418,1954,11,1955
47.4833,9.66667,1954-11-13,-0.789999982342124,9.83999978005886,4.52499989885837,1954,11,1955
47.4833,9.66667,1954-11-14,1.69999996200204,11.4499997440726,6.5749998530373,1954,11,1955
47.4833,9.66667,1954-11-15,3.23999992758036,9.5299997869879,6.38499985728413,1954,11,1955
47.4833,9.66667,1954-11-16,0.0899999979883432,5.65999987348914,2.87499993573874,1954,11,1955
47.4833,9.66667,1954-11-17,-2.45999994501472,2.62999994121492,0.0849999981001019,1954,11,1955
47.4833,9.66667,1954-11-18,-6.40999985672534,2.2399999499321,-2.08499995339662,1954,11,1955
47.4833,9.66667,1954-11-19,-4.1899999063462,0.88999998010695,-1.64999996311963,1954,11,1955
47.4833,9.66667,1954-11-20,-2.70999993942678,3.62999991886318,0.459999989718199,1954,11,1955
47.4833,9.66667,1954-11-21,-6.28999985940754,1.30999997071922,-2.48999994434416,1954,11,1955
47.4833,9.66667,1954-11-22,-6.74999984912574,2.39999994635582,-2.17499995138496,1954,11,1955
47.4833,9.66667,1954-11-23,-5.54999987594783,3.97999991104007,-0.784999982453883,1954,11,1955
47.4833,9.66667,1954-11-24,-2.64999994076788,7.08999984152615,2.21999995037913,1954,11,1955
47.4833,9.66667,1954-11-25,-0.739999983459711,6.13999986276031,2.6999999396503,1954,11,1955
47.4833,9.66667,1954-11-26,-0.639999985694885,6.94999984465539,3.15499992948025,1954,11,1955
47.4833,9.66667,1954-11-27,1.82999995909631,10.9699997548014,6.39999985694885,1954,11,1955
47.4833,9.66667,1954-11-28,3.22999992780387,11.5399997420609,7.38499983493239,1954,11,1955
47.4833,9.66667,1954-11-29,2.79999993741512,10.9399997554719,6.86999984644353,1954,11,1955
47.4833,9.66667,1954-11-30,3.1599999293685,9.47999978810549,6.31999985873699,1954,11,1955
47.4833,9.66667,1954-12-01,2.57999994233251,10.8899997565895,6.73499984946102,1954,12,1955
47.4833,9.66667,1954-12-02,2.67999994009733,9.2999997921288,5.98999986611307,1954,12,1955
47.4833,9.66667,1954-12-03,-0.00999999977648258,5.44999987818301,2.71999993920326,1954,12,1955
47.4833,9.66667,1954-12-04,0.249999994412065,5.61999987438321,2.93499993439764,1954,12,1955
47.4833,9.66667,1954-12-05,-1.15999997407198,8.01999982073903,3.42999992333353,1954,12,1955
47.4833,9.66667,1954-12-06,0.689999984577298,6.93999984487891,3.81499991472811,1954,12,1955
47.4833,9.66667,1954-12-07,-0.159999996423721,2.4099999461323,1.12499997485429,1954,12,1955
47.4833,9.66667,1954-12-08,-0.639999985694885,2.8699999358505,1.11499997507781,1954,12,1955
47.4833,9.66667,1954-12-09,-1.17999997362494,3.83999991416931,1.32999997027218,1954,12,1955
47.4833,9.66667,1954-12-10,0.719999983906746,12.6499997172505,6.68499985057861,1954,12,1955
47.4833,9.66667,1954-12-11,0.409999990835786,5.80999987013638,3.10999993048608,1954,12,1955
47.4833,9.66667,1954-12-12,1.25999997183681,3.48999992199242,2.37499994691461,1954,12,1955
47.4833,9.66667,1954-12-13,-0.629999985918403,4.32999990321696,1.84999995864928,1954,12,1955
47.4833,9.66667,1954-12-14,-2.39999994635582,3.99999991059303,0.799999982118607,1954,12,1955
47.4833,9.66667,1954-12-15,-2.82999993674457,3.70999991707504,0.439999990165234,1954,12,1955
47.4833,9.66667,1954-12-16,0.96999997831881,4.4799998998642,2.7249999390915,1954,12,1955
47.4833,9.66667,1954-12-17,1.36999996937811,5.41999987885356,3.39499992411584,1954,12,1955
47.4833,9.66667,1954-12-18,-2.02999995462596,3.63999991863966,0.804999982006848,1954,12,1955
47.4833,9.66667,1954-12-19,-2.77999993786216,1.19999997317791,-0.789999982342124,1954,12,1955
47.4833,9.66667,1954-12-20,-3.45999992266297,0.899999979883432,-1.27999997138977,1954,12,1955
47.4833,9.66667,1954-12-21,-3.17999992892146,2.16999995149672,-0.50499998871237,1954,12,1955
47.4833,9.66667,1954-12-22,-0.419999990612268,3.27999992668629,1.42999996803701,1954,12,1955
47.4833,9.66667,1954-12-23,0.289999993517995,4.55999989807606,2.42499994579703,1954,12,1955
47.4833,9.66667,1954-12-24,1.43999996781349,6.17999986186624,3.80999991483986,1954,12,1955
47.4833,9.66667,1954-12-25,-1.33999997004867,3.17999992892146,0.919999979436398,1954,12,1955
47.4833,9.66667,1954-12-26,-2.77999993786216,1.42999996803701,-0.674999984912574,1954,12,1955
47.4833,9.66667,1954-12-27,0.479999989271164,4.98999988846481,2.73499993886799,1954,12,1955
47.4833,9.66667,1954-12-28,3.21999992802739,6.35999985784292,4.78999989293516,1954,12,1955
47.4833,9.66667,1954-12-29,0.979999978095293,6.81999984756112,3.89999991282821,1954,12,1955
47.4833,9.66667,1954-12-30,-2.02999995462596,3.1599999293685,0.564999987371266,1954,12,1955
47.4833,9.66667,1954-12-31,-2.54999994300306,2.56999994255602,0.00999999977648258,1954,12,1955
47.4833,9.66667,1955-01-01,-3.75999991595745,1.95999995619059,-0.899999979883432,1955,1,1955
47.4833,9.66667,1955-01-02,-5.00999988801777,-1.6099999640137,-3.30999992601573,1955,1,1955
47.4833,9.66667,1955-01-03,-8.29999981448054,-2.93999993428588,-5.61999987438321,1955,1,1955
47.4833,9.66667,1955-01-04,-8.61999980732799,-0.629999985918403,-4.62499989662319,1955,1,1955
47.4833,9.66667,1955-01-05,-5.53999987617135,0.319999992847443,-2.60999994166195,1955,1,1955
47.4833,9.66667,1955-01-06,-5.35999988019466,-0.689999984577298,-3.02499993238598,1955,1,1955
47.4833,9.66667,1955-01-07,-5.68999987281859,0.239999994635582,-2.7249999390915,1955,1,1955
47.4833,9.66667,1955-01-08,-5.24999988265336,0.179999995976686,-2.53499994333833,1955,1,1955
47.4833,9.66667,1955-01-09,-5.06999988667667,-0.869999980553985,-2.96999993361533,1955,1,1955
47.4833,9.66667,1955-01-10,-3.04999993182719,0.639999985694885,-1.20499997306615,1955,1,1955
47.4833,9.66667,1955-01-11,-3.43999992311001,1.7799999602139,-0.829999981448054,1955,1,1955
47.4833,9.66667,1955-01-12,-3.00999993272126,8.50999980978668,2.74999993853271,1955,1,1955
47.4833,9.66667,1955-01-13,3.79999991506338,8.90999980084598,6.35499985795468,1955,1,1955
47.4833,9.66667,1955-01-14,0.849999981001019,8.75999980419874,4.80499989259988,1955,1,1955
47.4833,9.66667,1955-01-15,0.92999997921288,9.5299997869879,5.22999988310039,1955,1,1955
47.4833,9.66667,1955-01-16,-0.809999981895089,7.94999982230365,3.56999992020428,1955,1,1955
47.4833,9.66667,1955-01-17,3.34999992512167,10.2499997708946,6.79999984800816,1955,1,1955
47.4833,9.66667,1955-01-18,-2.39999994635582,7.33999983593822,2.4699999447912,1955,1,1955
47.4833,9.66667,1955-01-19,-3.99999991059303,1.43999996781349,-1.27999997138977,1955,1,1955
47.4833,9.66667,1955-01-20,-9.55999978631735,0.179999995976686,-4.68999989517033,1955,1,1955
47.4833,9.66667,1955-01-21,-12.0099997315556,-0.809999981895089,-6.40999985672534,1955,1,1955
47.4833,9.66667,1955-01-22,-8.18999981693923,3.44999992288649,-2.36999994702637,1955,1,1955
47.4833,9.66667,1955-01-23,-2.34999994747341,5.28999988175929,1.46999996714294,1955,1,1955
47.4833,9.66667,1955-01-24,0.169999996200204,4.29999990388751,2.23499995004386,1955,1,1955
47.4833,9.66667,1955-01-25,-1.34999996982515,2.01999995484948,0.334999992512167,1955,1,1955
47.4833,9.66667,1955-01-26,-3.39999992400408,1.99999995529652,-0.699999984353781,1955,1,1955
47.4833,9.66667,1955-01-27,-4.71999989449978,3.33999992534518,-0.689999984577298,1955,1,1955
47.4833,9.66667,1955-01-28,-4.13999990746379,6.51999985426664,1.18999997340143,1955,1,1955
47.4833,9.66667,1955-01-29,-2.99999993294477,4.92999988980591,0.964999978430569,1955,1,1955
47.4833,9.66667,1955-01-30,-3.53999992087483,2.48999994434416,-0.524999988265336,1955,1,1955
47.4833,9.66667,1955-01-31,-4.00999991036952,3.30999992601573,-0.34999999217689,1955,1,1955
47.4833,9.66667,1955-02-01,-3.0399999320507,4.72999989427626,0.844999981112778,1955,2,1955
47.4833,9.66667,1955-02-02,1.19999997317791,9.70999978296459,5.45499987807125,1955,2,1955
47.4833,9.66667,1955-02-03,0.149999996647239,9.51999978721142,4.83499989192933,1955,2,1955
47.4833,9.66667,1955-02-04,-0.0599999986588955,4.97999988868833,2.45999994501472,1955,2,1955
47.4833,9.66667,1955-02-05,-0.0799999982118607,6.63999985158443,3.27999992668629,1955,2,1955
47.4833,9.66667,1955-02-06,1.96999995596707,7.26999983750284,4.61999989673495,1955,2,1955
47.4833,9.66667,1955-02-07,0.279999993741512,4.14999990724027,2.21499995049089,1955,2,1955
47.4833,9.66667,1955-02-08,-1.41999996826053,2.85999993607402,0.719999983906746,1955,2,1955
47.4833,9.66667,1955-02-09,-0.409999990835786,7.50999983213842,3.54999992065132,1955,2,1955
47.4833,9.66667,1955-02-10,1.73999996110797,4.52999989874661,3.13499992992729,1955,2,1955
47.4833,9.66667,1955-02-11,-1.98999995552003,2.8699999358505,0.439999990165234,1955,2,1955
47.4833,9.66667,1955-02-12,-5.77999987080693,1.22999997250736,-2.27499994914979,1955,2,1955
47.4833,9.66667,1955-02-13,-8.77999980375171,0.0699999984353781,-4.35499990265816,1955,2,1955
47.4833,9.66667,1955-02-14,-4.4799998998642,1.58999996446073,-1.44499996770173,1955,2,1955
47.4833,9.66667,1955-02-15,-5.64999987371266,-1.97999995574355,-3.81499991472811,1955,2,1955
47.4833,9.66667,1955-02-16,-7.45999983325601,-0.379999991506338,-3.91999991238117,1955,2,1955
47.4833,9.66667,1955-02-17,-4.58999989740551,1.93999995663762,-1.32499997038394,1955,2,1955
47.4833,9.66667,1955-02-18,-6.86999984644353,0.469999989494681,-3.19999992847443,1955,2,1955
47.4833,9.66667,1955-02-19,-7.09999984130263,-0.719999983906746,-3.90999991260469,1955,2,1955
47.4833,9.66667,1955-02-20,-12.5299997199327,1.6099999640137,-5.45999987795949,1955,2,1955
47.4833,9.66667,1955-02-21,-5.72999987192452,-0.179999995976686,-2.9549999339506,1955,2,1955
47.4833,9.66667,1955-02-22,-5.59999987483025,-0.549999987706542,-3.07499993126839,1955,2,1955
47.4833,9.66667,1955-02-23,-1.15999997407198,2.43999994546175,0.639999985694885,1955,2,1955
47.4833,9.66667,1955-02-24,-1.65999996289611,4.44999990053475,1.39499996881932,1955,2,1955
47.4833,9.66667,1955-02-25,-0.779999982565641,4.60999989695847,1.91499995719641,1955,2,1955
47.4833,9.66667,1955-02-26,-2.50999994389713,2.11999995261431,-0.19499999564141,1955,2,1955
47.4833,9.66667,1955-02-27,-3.21999992802739,-0.399999991059303,-1.80999995954335,1955,2,1955
47.4833,9.66667,1955-02-28,-4.19999990612268,-0.549999987706542,-2.37499994691461,1955,2,1955
47.4833,9.66667,1955-03-01,-6.8299998473376,-1.95999995619059,-4.39499990176409,1955,3,1955
47.4833,9.66667,1955-03-02,-5.54999987594783,-1.13999997451901,-3.34499992523342,1955,3,1955
47.4833,9.66667,1955-03-03,-6.56999985314906,0.879999980330467,-2.84499993640929,1955,3,1955
47.4833,9.66667,1955-03-04,-8.42999981157482,1.56999996490777,-3.42999992333353,1955,3,1955
47.4833,9.66667,1955-03-05,-8.8999998010695,4.48999989964068,-2.20499995071441,1955,3,1955
47.4833,9.66667,1955-03-06,-3.39999992400408,2.009999955073,-0.694999984465539,1955,3,1955
47.4833,9.66667,1955-03-07,-5.86999986879528,-1.21999997273088,-3.54499992076308,1955,3,1955
47.4833,9.66667,1955-03-08,-8.93999980017543,2.30999994836748,-3.31499992590398,1955,3,1955
47.4833,9.66667,1955-03-09,-10.3099997695535,1.73999996110797,-4.28499990422279,1955,3,1955
47.4833,9.66667,1955-03-10,-6.18999986164272,2.33999994769692,-1.9249999569729,1955,3,1955
47.4833,9.66667,1955-03-11,-2.10999995283782,2.2399999499321,0.0649999985471368,1955,3,1955
47.4833,9.66667,1955-03-12,-3.4999999217689,0.519999988377094,-1.4899999666959,1955,3,1955
47.4833,9.66667,1955-03-13,-4.78999989293516,2.11999995261431,-1.33499997016042,1955,3,1955
47.4833,9.66667,1955-03-14,-7.14999984018505,3.47999992221594,-1.83499995898455,1955,3,1955
47.4833,9.66667,1955-03-15,-6.13999986276031,3.01999993249774,-1.55999996513128,1955,3,1955
47.4833,9.66667,1955-03-16,-5.91999986767769,5.77999987080693,-0.0699999984353781,1955,3,1955
47.4833,9.66667,1955-03-17,-3.67999991774559,7.95999982208014,2.13999995216727,1955,3,1955
47.4833,9.66667,1955-03-18,-4.19999990612268,4.53999989852309,0.169999996200204,1955,3,1955
47.4833,9.66667,1955-03-19,-6.12999986298382,1.52999996580184,-2.29999994859099,1955,3,1955
47.4833,9.66667,1955-03-20,-6.41999985650182,4.10999990813434,-1.15499997418374,1955,3,1955
47.4833,9.66667,1955-03-21,-3.39999992400408,3.93999991193414,0.26999999396503,1955,3,1955
47.4833,9.66667,1955-03-22,-1.26999997161329,11.0199997536838,4.87499989103526,1955,3,1955
47.4833,9.66667,1955-03-23,3.77999991551042,11.6599997393787,7.71999982744455,1955,3,1955
47.4833,9.66667,1955-03-24,2.78999993763864,14.6999996714294,8.74499980453402,1955,3,1955
47.4833,9.66667,1955-03-25,5.08999988622963,19.0399995744228,12.0649997303262,1955,3,1955
47.4833,9.66667,1955-03-26,5.43999987840652,19.0899995733052,12.2649997258559,1955,3,1955
47.4833,9.66667,1955-03-27,6.95999984443188,19.0599995739758,13.0099997092038,1955,3,1955
47.4833,9.66667,1955-03-28,7.41999983415008,14.0399996861815,10.7299997601658,1955,3,1955
47.4833,9.66667,1955-03-29,1.93999995663762,8.62999980710447,5.28499988187104,1955,3,1955
47.4833,9.66667,1955-03-30,-0.279999993741512,2.78999993763864,1.25499997194856,1955,3,1955
47.4833,9.66667,1955-03-31,-1.91999995708466,3.18999992869794,0.634999985806644,1955,3,1955
47.4833,9.66667,1955-04-01,-3.28999992646277,4.31999990344048,0.514999988488853,1955,4,1955
47.4833,9.66667,1955-04-02,-3.62999991886318,7.48999983258545,1.92999995686114,1955,4,1955
47.4833,9.66667,1955-04-03,-1.15999997407198,10.9799997545779,4.90999989025295,1955,4,1955
47.4833,9.66667,1955-04-04,-1.30999997071922,11.8399997353554,5.26499988231808,1955,4,1955
47.4833,9.66667,1955-04-05,4.96999988891184,12.8999997116625,8.93499980028719,1955,4,1955
47.4833,9.66667,1955-04-06,5.28999988175929,10.6399997621775,7.96499982196838,1955,4,1955
47.4833,9.66667,1955-04-07,5.00999988801777,15.9999996423721,10.504999765195,1955,4,1955
47.4833,9.66667,1955-04-08,5.37999987974763,10.1699997726828,7.77499982621521,1955,4,1955
47.4833,9.66667,1955-04-09,4.46999990008771,12.1199997290969,8.2949998145923,1955,4,1955
47.4833,9.66667,1955-04-10,6.84999984689057,10.7499997597188,8.79999980330467,1955,4,1955
47.4833,9.66667,1955-04-11,5.76999987103045,10.2299997713417,7.99999982118607,1955,4,1955
47.4833,9.66667,1955-04-12,5.01999988779426,8.12999981828034,6.5749998530373,1955,4,1955
47.4833,9.66667,1955-04-13,3.40999992378056,8.52999980933964,5.9699998665601,1955,4,1955
47.4833,9.66667,1955-04-14,-0.369999991729856,10.919999755919,5.27499988209456,1955,4,1955
47.4833,9.66667,1955-04-15,3.28999992646277,9.05999979749322,6.17499986197799,1955,4,1955
47.4833,9.66667,1955-04-16,0.599999986588955,4.62999989651144,2.6149999415502,1955,4,1955
47.4833,9.66667,1955-04-17,-0.409999990835786,4.50999989919364,2.04999995417893,1955,4,1955
47.4833,9.66667,1955-04-18,-0.419999990612268,5.76999987103045,2.67499994020909,1955,4,1955
47.4833,9.66667,1955-04-19,-2.11999995261431,8.51999980956316,3.19999992847443,1955,4,1955
47.4833,9.66667,1955-04-20,-1.30999997071922,8.69999980553985,3.69499991741031,1955,4,1955
47.4833,9.66667,1955-04-21,-2.36999994702637,10.9099997561425,4.26999990455806,1955,4,1955
47.4833,9.66667,1955-04-22,-0.61999998614192,14.8799996674061,7.12999984063208,1955,4,1955
47.4833,9.66667,1955-04-23,1.02999997697771,12.079999729991,6.55499985348433,1955,4,1955
47.4833,9.66667,1955-04-24,0.359999991953373,13.0699997078627,6.71499984990805,1955,4,1955
47.4833,9.66667,1955-04-25,1.76999996043742,15.4699996542186,8.61999980732799,1955,4,1955
47.4833,9.66667,1955-04-26,1.74999996088445,11.2399997487664,6.49499985482544,1955,4,1955
47.4833,9.66667,1955-04-27,-0.699999984353781,16.4599996320903,7.87999982386827,1955,4,1955
47.4833,9.66667,1955-04-28,7.52999983169138,15.789999647066,11.6599997393787,1955,4,1955
47.4833,9.66667,1955-04-29,5.22999988310039,21.1699995268136,13.199999704957,1955,4,1955
47.4833,9.66667,1955-04-30,7.49999983236194,24.0299994628876,15.7649996476248,1955,4,1955
47.4833,9.66667,1955-05-01,9.5299997869879,24.0199994631112,16.7749996250495,1955,5,NA
47.4833,9.66667,1955-05-02,9.61999978497624,24.1299994606525,16.8749996228144,1955,5,NA
47.4833,9.66667,1955-05-03,8.98999979905784,21.7399995140731,15.3649996565655,1955,5,NA
47.4833,9.66667,1955-05-04,5.93999986723065,12.1299997288734,9.03499979805201,1955,5,NA
47.4833,9.66667,1955-05-05,2.96999993361533,15.8599996455014,9.41499978955835,1955,5,NA
47.4833,9.66667,1955-05-06,9.83999978005886,20.9599995315075,15.3999996557832,1955,5,NA
47.4833,9.66667,1955-05-07,11.479999743402,24.7399994470179,18.10999959521,1955,5,NA
47.4833,9.66667,1955-05-08,9.05999979749322,15.6599996499717,12.3599997237325,1955,5,NA
47.4833,9.66667,1955-05-09,4.1899999063462,17.8599996007979,11.024999753572,1955,5,NA
47.4833,9.66667,1955-05-10,5.23999988287687,21.5999995172024,13.4199997000396,1955,5,NA
47.4833,9.66667,1955-05-11,8.07999981939793,20.1299995500594,14.1049996847287,1955,5,NA
47.4833,9.66667,1955-05-12,7.06999984197319,12.7299997154623,9.89999977871776,1955,5,NA
47.4833,9.66667,1955-05-13,5.07999988645315,14.2399996817112,9.65999978408217,1955,5,NA
47.4833,9.66667,1955-05-14,3.22999992780387,19.3399995677173,11.2849997477606,1955,5,NA
47.4833,9.66667,1955-05-15,8.30999981425703,16.7199996262789,12.514999720268,1955,5,NA
47.4833,9.66667,1955-05-16,4.55999989807606,10.5599997639656,7.55999983102083,1955,5,NA
47.4833,9.66667,1955-05-17,2.34999994747341,13.8199996910989,8.08499981928617,1955,5,NA
47.4833,9.66667,1955-05-18,5.92999986745417,17.9899995978922,11.9599997326732,1955,5,NA
47.4833,9.66667,1955-05-19,5.72999987192452,12.7099997159094,9.21999979391694,1955,5,NA
47.4833,9.66667,1955-05-20,3.06999993138015,9.3599997907877,6.21499986108392,1955,5,NA
47.4833,9.66667,1955-05-21,2.30999994836748,11.9099997337908,7.10999984107912,1955,5,NA
47.4833,9.66667,1955-05-22,2.34999994747341,13.5499996971339,7.94999982230365,1955,5,NA
47.4833,9.66667,1955-05-23,3.57999991998076,9.32999979145825,6.45499985571951,1955,5,NA
47.4833,9.66667,1955-05-24,0,14.9999996647239,7.49999983236194,1955,5,NA
47.4833,9.66667,1955-05-25,2.47999994456768,18.8299995791167,10.6549997618422,1955,5,NA
47.4833,9.66667,1955-05-26,5.47999987751245,21.0199995301664,13.2499997038394,1955,5,NA
47.4833,9.66667,1955-05-27,9.91999977827072,20.6899995375425,15.3049996579066,1955,5,NA
47.4833,9.66667,1955-05-28,7.48999983258545,16.7599996253848,12.1249997289851,1955,5,NA
47.4833,9.66667,1955-05-29,5.3399998806417,15.3699996564537,10.3549997685477,1955,5,NA
47.4833,9.66667,1955-05-30,7.49999983236194,13.2499997038394,10.3749997681007,1955,5,NA
47.4833,9.66667,1955-05-31,6.1999998614192,17.4499996099621,11.8249997356907,1955,5,NA
47.4833,9.66667,1955-06-01,4.7099998947233,18.7499995809048,11.7299997378141,1955,6,NA
47.4833,9.66667,1955-06-02,4.54999989829957,18.8299995791167,11.6899997387081,1955,6,NA
47.4833,9.66667,1955-06-03,7.99999982118607,13.9499996881932,10.9749997546896,1955,6,NA
47.4833,9.66667,1955-06-04,6.23999986052513,19.7699995581061,13.0049997093156,1955,6,NA
47.4833,9.66667,1955-06-05,9.43999978899956,15.499999653548,12.4699997212738,1955,6,NA
47.4833,9.66667,1955-06-06,10.9699997548014,20.7599995359778,15.8649996453896,1955,6,NA
47.4833,9.66667,1955-06-07,11.6799997389317,25.3199994340539,18.4999995864928,1955,6,NA
47.4833,9.66667,1955-06-08,12.1199997290969,25.0499994400889,18.5849995845929,1955,6,NA
47.4833,9.66667,1955-06-09,8.96999979950488,19.1099995728582,14.0399996861815,1955,6,NA
47.4833,9.66667,1955-06-10,7.33999983593822,22.2899995017797,14.8149996688589,1955,6,NA
47.4833,9.66667,1955-06-11,8.88999980129302,13.5199996978045,11.2049997495487,1955,6,NA
47.4833,9.66667,1955-06-12,7.06999984197319,10.2299997713417,8.64999980665743,1955,6,NA
47.4833,9.66667,1955-06-13,3.35999992489815,18.2999995909631,10.8299997579306,1955,6,NA
47.4833,9.66667,1955-06-14,8.79999980330467,14.4599996767938,11.6299997400492,1955,6,NA
47.4833,9.66667,1955-06-15,8.10999981872737,15.4899996537715,11.7999997362494,1955,6,NA
47.4833,9.66667,1955-06-16,9.31999979168177,19.3699995670468,14.3449996793643,1955,6,NA
47.4833,9.66667,1955-06-17,10.4799997657537,24.4699994530529,17.4749996094033,1955,6,NA
47.4833,9.66667,1955-06-18,12.039999730885,23.7399994693696,17.8899996001273,1955,6,NA
47.4833,9.66667,1955-06-19,13.3599997013807,24.2599994577467,18.8099995795637,1955,6,NA
47.4833,9.66667,1955-06-20,13.4799996986985,25.9099994208664,19.6949995597824,1955,6,NA
47.4833,9.66667,1955-06-21,14.339999679476,20.4499995429069,17.3949996111915,1955,6,NA
47.4833,9.66667,1955-06-22,13.6699996944517,20.0499995518476,16.8599996231496,1955,6,NA
47.4833,9.66667,1955-06-23,12.4499997217208,20.0899995509535,16.2699996363372,1955,6,NA
47.4833,9.66667,1955-06-24,12.3199997246265,22.1699995044619,17.2449996145442,1955,6,NA
47.4833,9.66667,1955-06-25,11.2999997474253,26.5099994074553,18.9049995774403,1955,6,NA
47.4833,9.66667,1955-06-26,12.329999724403,25.8499994222075,19.0899995733052,1955,6,NA
47.4833,9.66667,1955-06-27,13.5299996975809,24.1499994602054,18.8399995788932,1955,6,NA
47.4833,9.66667,1955-06-28,13.3499997016042,17.4299996104091,15.3899996560067,1955,6,NA
47.4833,9.66667,1955-06-29,11.5699997413903,19.8599995560944,15.7149996487424,1955,6,NA
47.4833,9.66667,1955-06-30,9.87999977916479,21.9299995098263,15.9049996444955,1955,6,NA
47.4833,9.66667,1955-07-01,14.0999996848404,20.7199995368719,17.4099996108562,1955,7,NA
47.4833,9.66667,1955-07-02,11.0399997532368,23.1499994825572,17.094999617897,1955,7,NA
47.4833,9.66667,1955-07-03,12.5699997190386,25.6299994271249,19.0999995730817,1955,7,NA
47.4833,9.66667,1955-07-04,14.6099996734411,23.4299994762987,19.0199995748699,1955,7,NA
47.4833,9.66667,1955-07-05,12.8199997134507,19.3699995670468,16.0949996402487,1955,7,NA
47.4833,9.66667,1955-07-06,11.5199997425079,16.4399996325374,13.9799996875226,1955,7,NA
47.4833,9.66667,1955-07-07,9.95999977737665,12.929999710992,11.4449997441843,1955,7,NA
47.4833,9.66667,1955-07-08,9.14999979548156,12.1699997279793,10.6599997617304,1955,7,NA
47.4833,9.66667,1955-07-09,9.14999979548156,12.8699997123331,11.0099997539073,1955,7,NA
47.4833,9.66667,1955-07-10,12.0499997306615,18.7499995809048,15.3999996557832,1955,7,NA
47.4833,9.66667,1955-07-11,13.509999698028,20.5799995400012,17.0449996190146,1955,7,NA
47.4833,9.66667,1955-07-12,12.369999723509,21.9099995102733,17.1399996168911,1955,7,NA
47.4833,9.66667,1955-07-13,14.3199996799231,22.6999994926155,18.5099995862693,1955,7,NA
47.4833,9.66667,1955-07-14,14.1399996839464,19.2599995695055,16.6999996267259,1955,7,NA
47.4833,9.66667,1955-07-15,14.0399996861815,20.2099995482713,17.1249996172264,1955,7,NA
47.4833,9.66667,1955-07-16,14.4399996772408,20.3499995451421,17.3949996111915,1955,7,NA
47.4833,9.66667,1955-07-17,12.619999717921,24.6199994497001,18.6199995838106,1955,7,NA
47.4833,9.66667,1955-07-18,13.7499996926636,25.7999994233251,19.7749995579943,1955,7,NA
47.4833,9.66667,1955-07-19,14.5299996752292,28.3199993669987,21.4249995211139,1955,7,NA
47.4833,9.66667,1955-07-20,16.2899996358901,27.2599993906915,21.7749995132908,1955,7,NA
47.4833,9.66667,1955-07-21,15.2599996589124,25.5999994277954,20.4299995433539,1955,7,NA
47.4833,9.66667,1955-07-22,14.3699996788055,24.2599994577467,19.3149995682761,1955,7,NA
47.4833,9.66667,1955-07-23,14.9499996658415,18.7899995800108,16.8699996229261,1955,7,NA
47.4833,9.66667,1955-07-24,14.5599996745586,21.8999995104969,18.2299995925277,1955,7,NA
47.4833,9.66667,1955-07-25,13.779999691993,23.6799994707108,18.7299995813519,1955,7,NA
47.4833,9.66667,1955-07-26,13.5999996960163,22.9699994865805,18.2849995912984,1955,7,NA
47.4833,9.66667,1955-07-27,13.2799997031689,20.2799995467067,16.7799996249378,1955,7,NA
47.4833,9.66667,1955-07-28,13.4199997000396,17.8399996012449,15.6299996506423,1955,7,NA
47.4833,9.66667,1955-07-29,12.6999997161329,17.4799996092916,15.0899996627122,1955,7,NA
47.4833,9.66667,1955-07-30,11.9999997317791,15.5599996522069,13.779999691993,1955,7,NA
47.4833,9.66667,1955-07-31,12.5199997201562,19.3399995677173,15.9299996439368,1955,7,NA
47.4833,9.66667,1955-08-01,12.8199997134507,20.389999544248,16.6049996288493,1955,8,NA
47.4833,9.66667,1955-08-02,11.5599997416139,20.9999995306134,16.2799996361136,1955,8,NA
47.4833,9.66667,1955-08-03,9.26999979279935,19.0099995750934,14.1399996839464,1955,8,NA
47.4833,9.66667,1955-08-04,12.2799997255206,19.9599995538592,16.1199996396899,1955,8,NA
47.4833,9.66667,1955-08-05,12.6499997172505,16.099999640137,14.3749996786937,1955,8,NA
47.4833,9.66667,1955-08-06,8.62999980710447,19.7399995587766,14.1849996829405,1955,8,NA
47.4833,9.66667,1955-08-07,8.55999980866909,20.8899995330721,14.7249996708706,1955,8,NA
47.4833,9.66667,1955-08-08,11.8199997358024,18.4699995871633,15.1449996614829,1955,8,NA
47.4833,9.66667,1955-08-09,7.85999982431531,15.1399996615946,11.499999742955,1955,8,NA
47.4833,9.66667,1955-08-10,8.77999980375171,12.3999997228384,10.5899997632951,1955,8,NA
47.4833,9.66667,1955-08-11,6.83999984711409,16.0399996414781,11.4399997442961,1955,8,NA
47.4833,9.66667,1955-08-12,9.14999979548156,22.129999505356,15.6399996504188,1955,8,NA
47.4833,9.66667,1955-08-13,10.5199997648597,20.6499995384365,15.5849996516481,1955,8,NA
47.4833,9.66667,1955-08-14,12.7399997152388,19.9399995543063,16.3399996347725,1955,8,NA
47.4833,9.66667,1955-08-15,11.7099997382611,20.2699995469302,15.9899996425956,1955,8,NA
47.4833,9.66667,1955-08-16,11.1999997496605,19.6999995596707,15.4499996546656,1955,8,NA
47.4833,9.66667,1955-08-17,11.8999997340143,20.6099995393306,16.2549996366724,1955,8,NA
47.4833,9.66667,1955-08-18,9.60999978519976,22.4899994973093,16.0499996412545,1955,8,NA
47.4833,9.66667,1955-08-19,11.1599997505546,23.7899994682521,17.4749996094033,1955,8,NA
47.4833,9.66667,1955-08-20,12.3999997228384,22.8399994894862,17.6199996061623,1955,8,NA
47.4833,9.66667,1955-08-21,15.0099996645004,22.5499994959682,18.7799995802343,1955,8,NA
47.4833,9.66667,1955-08-22,12.1699997279793,24.7899994459003,18.4799995869398,1955,8,NA
47.4833,9.66667,1955-08-23,12.4099997226149,24.9399994425476,18.6749995825812,1955,8,NA
47.4833,9.66667,1955-08-24,13.0199997089803,24.9299994427711,18.9749995758757,1955,8,NA
47.4833,9.66667,1955-08-25,14.4899996761233,25.0799994394183,19.7849995577708,1955,8,NA
47.4833,9.66667,1955-08-26,13.3099997024983,19.2199995703995,16.2649996364489,1955,8,NA
47.4833,9.66667,1955-08-27,11.5899997409433,21.8699995111674,16.7299996260554,1955,8,NA
47.4833,9.66667,1955-08-28,12.6999997161329,19.1699995715171,15.934999643825,1955,8,NA
47.4833,9.66667,1955-08-29,11.9099997337908,20.5799995400012,16.244999636896,1955,8,NA
47.4833,9.66667,1955-08-30,11.9199997335672,21.8699995111674,16.8949996223673,1955,8,NA
47.4833,9.66667,1955-08-31,12.1399997286499,20.4399995431304,16.2899996358901,1955,8,NA
47.4833,9.66667,1955-09-01,13.0899997074157,20.409999543801,16.7499996256083,1955,9,NA
47.4833,9.66667,1955-09-02,12.6999997161329,17.8399996012449,15.2699996586889,1955,9,NA
47.4833,9.66667,1955-09-03,10.1899997722358,21.3399995230138,15.7649996476248,1955,9,NA
47.4833,9.66667,1955-09-04,9.6999997831881,22.7499994914979,16.224999637343,1955,9,NA
47.4833,9.66667,1955-09-05,11.8799997344613,24.0599994622171,17.9699995983392,1955,9,NA
47.4833,9.66667,1955-09-06,12.2199997268617,22.6099994946271,17.4149996107444,1955,9,NA
47.4833,9.66667,1955-09-07,12.6699997168034,19.0799995735288,15.8749996451661,1955,9,NA
47.4833,9.66667,1955-09-08,11.0299997534603,18.6599995829165,14.8449996681884,1955,9,NA
47.4833,9.66667,1955-09-09,12.4499997217208,21.1299995277077,16.7899996247143,1955,9,NA
47.4833,9.66667,1955-09-10,12.1099997293204,23.3799994774163,17.7449996033683,1955,9,NA
47.4833,9.66667,1955-09-11,11.1299997512251,15.5299996528774,13.3299997020513,1955,9,NA
47.4833,9.66667,1955-09-12,10.0999997742474,15.6499996501952,12.8749997122213,1955,9,NA
47.4833,9.66667,1955-09-13,11.0799997523427,18.6199995838106,14.8499996680766,1955,9,NA
47.4833,9.66667,1955-09-14,10.31999976933,14.939999666065,12.6299997176975,1955,9,NA
47.4833,9.66667,1955-09-15,6.70999985001981,12.619999717921,9.66499978397042,1955,9,NA
47.4833,9.66667,1955-09-16,4.82999989204109,9.84999977983534,7.33999983593822,1955,9,NA
47.4833,9.66667,1955-09-17,5.05999988690019,13.0599997080863,9.05999979749322,1955,9,NA
47.4833,9.66667,1955-09-18,4.86999989114702,16.65999962762,10.7649997593835,1955,9,NA
47.4833,9.66667,1955-09-19,7.60999982990324,18.1399995945394,12.8749997122213,1955,9,NA
47.4833,9.66667,1955-09-20,6.87999984622002,19.0499995741993,12.9649997102097,1955,9,NA
47.4833,9.66667,1955-09-21,6.6599998511374,18.7299995813519,12.6949997162446,1955,9,NA
47.4833,9.66667,1955-09-22,8.53999980911613,20.0899995509535,14.3149996800348,1955,9,NA
47.4833,9.66667,1955-09-23,7.96999982185662,20.3299995455891,14.1499996837229,1955,9,NA
47.4833,9.66667,1955-09-24,8.11999981850386,20.6999995373189,14.4099996779114,1955,9,NA
47.4833,9.66667,1955-09-25,9.00999979861081,19.9099995549768,14.4599996767938,1955,9,NA
47.4833,9.66667,1955-09-26,8.85999980196357,18.0199995972216,13.4399996995926,1955,9,NA
47.4833,9.66667,1955-09-27,10.0199997760355,17.819999601692,13.9199996888638,1955,9,NA
47.4833,9.66667,1955-09-28,8.85999980196357,13.5999996960163,11.2299997489899,1955,9,NA
47.4833,9.66667,1955-09-29,5.90999986790121,9.21999979391694,7.56499983090907,1955,9,NA
47.4833,9.66667,1955-09-30,4.08999990858138,11.8799997344613,7.98499982152134,1955,9,NA
47.4833,9.66667,1955-10-01,2.1799999512732,13.2799997031689,7.72999982722104,1955,10,1956
47.4833,9.66667,1955-10-02,3.88999991305172,14.2699996810406,9.07999979704618,1955,10,1956
47.4833,9.66667,1955-10-03,4.37999990209937,15.8199996463954,10.0999997742474,1955,10,1956
47.4833,9.66667,1955-10-04,4.43999990075827,16.389999633655,10.4149997672066,1955,10,1956
47.4833,9.66667,1955-10-05,5.28999988175929,15.3699996564537,10.3299997691065,1955,10,1956
47.4833,9.66667,1955-10-06,8.38999981246889,13.9899996872991,11.189999749884,1955,10,1956
47.4833,9.66667,1955-10-07,5.38999987952411,12.2699997257441,8.82999980263412,1955,10,1956
47.4833,9.66667,1955-10-08,5.2799998819828,8.96999979950488,7.12499984074384,1955,10,1956
47.4833,9.66667,1955-10-09,4.6499998960644,11.8699997346848,8.25999981537461,1955,10,1956
47.4833,9.66667,1955-10-10,1.53999996557832,14.2699996810406,7.90499982330948,1955,10,1956
47.4833,9.66667,1955-10-11,5.36999987997115,16.0199996419251,10.6949997609481,1955,10,1956
47.4833,9.66667,1955-10-12,5.42999987863004,13.3099997024983,9.36999979056418,1955,10,1956
47.4833,9.66667,1955-10-13,8.48999981023371,12.0999997295439,10.2949997698888,1955,10,1956
47.4833,9.66667,1955-10-14,8.039999820292,14.5799996741116,11.3099997472018,1955,10,1956
47.4833,9.66667,1955-10-15,8.18999981693923,15.3999996557832,11.7949997363612,1955,10,1956
47.4833,9.66667,1955-10-16,6.80999984778464,16.1699996385723,11.4899997431785,1955,10,1956
47.4833,9.66667,1955-10-17,5.7999998703599,10.3799997679889,8.08999981917441,1955,10,1956
47.4833,9.66667,1955-10-18,5.66999987326562,8.53999980911613,7.10499984119087,1955,10,1956
47.4833,9.66667,1955-10-19,4.02999990992248,7.78999982587993,5.90999986790121,1955,10,1956
47.4833,9.66667,1955-10-20,0.65999998524785,10.9699997548014,5.81499987002462,1955,10,1956
47.4833,9.66667,1955-10-21,2.60999994166195,14.4399996772408,8.5249998094514,1955,10,1956
47.4833,9.66667,1955-10-22,7.15999983996153,16.5999996289611,11.8799997344613,1955,10,1956
47.4833,9.66667,1955-10-23,3.63999991863966,10.1499997731298,6.89499984588474,1955,10,1956
47.4833,9.66667,1955-10-24,0.369999991729856,10.1199997738004,5.24499988276511,1955,10,1956
47.4833,9.66667,1955-10-25,0.0999999977648258,8.46999981068075,4.28499990422279,1955,10,1956
47.4833,9.66667,1955-10-26,4.25999990478158,9.05999979749322,6.6599998511374,1955,10,1956
47.4833,9.66667,1955-10-27,4.11999990791082,12.8799997121096,8.49999981001019,1955,10,1956
47.4833,9.66667,1955-10-28,2.37999994680285,14.3899996783584,8.38499981258065,1955,10,1956
47.4833,9.66667,1955-10-29,1.92999995686114,9.94999977760017,5.93999986723065,1955,10,1956
47.4833,9.66667,1955-10-30,-3.11999993026257,6.54999985359609,1.71499996166676,1955,10,1956
47.4833,9.66667,1955-10-31,-4.05999990925193,7.50999983213842,1.72499996144325,1955,10,1956
47.4833,9.66667,1955-11-01,-2.2399999499321,6.76999984867871,2.2649999493733,1955,11,1956
47.4833,9.66667,1955-11-02,-0.669999985024333,4.94999988935888,2.13999995216727,1955,11,1956
47.4833,9.66667,1955-11-03,0.209999995306134,10.5399997644126,5.37499987985939,1955,11,1956
47.4833,9.66667,1955-11-04,0.439999990165234,10.4899997655302,5.46499987784773,1955,11,1956
47.4833,9.66667,1955-11-05,3.30999992601573,13.1099997069687,8.2099998164922,1955,11,1956
47.4833,9.66667,1955-11-06,5.89999986812472,17.2299996148795,11.5649997415021,1955,11,1956
47.4833,9.66667,1955-11-07,6.09999986365438,15.4499996546656,10.77499975916,1955,11,1956
47.4833,9.66667,1955-11-08,4.77999989315867,16.079999640584,10.4299997668713,1955,11,1956
47.4833,9.66667,1955-11-09,4.32999990321696,13.5899996962398,8.95999979972839,1955,11,1956
47.4833,9.66667,1955-11-10,3.17999992892146,14.6999996714294,8.93999980017543,1955,11,1956
47.4833,9.66667,1955-11-11,5.86999986879528,9.90999977849424,7.88999982364476,1955,11,1956
47.4833,9.66667,1955-11-12,5.32999988086522,8.79999980330467,7.06499984208494,1955,11,1956
47.4833,9.66667,1955-11-13,2.01999995484948,9.23999979346991,5.62999987415969,1955,11,1956
47.4833,9.66667,1955-11-14,0.399999991059303,7.62999982945621,4.01499991025776,1955,11,1956
47.4833,9.66667,1955-11-15,3.70999991707504,6.029999865219,4.86999989114702,1955,11,1956
47.4833,9.66667,1955-11-16,0.92999997921288,4.83999989181757,2.88499993551522,1955,11,1956
47.4833,9.66667,1955-11-17,-2.56999994255602,3.91999991238117,0.674999984912574,1955,11,1956
47.4833,9.66667,1955-11-18,-1.47999996691942,4.07999990880489,1.29999997094274,1955,11,1956
47.4833,9.66667,1955-11-19,-2.85999993607402,2.84999993629754,-0.00499999988824129,1955,11,1956
47.4833,9.66667,1955-11-20,-4.37999990209937,2.009999955073,-1.18499997351319,1955,11,1956
47.4833,9.66667,1955-11-21,-3.1599999293685,1.50999996624887,-0.824999981559813,1955,11,1956
47.4833,9.66667,1955-11-22,-2.81999993696809,4.11999990791082,0.649999985471368,1955,11,1956
47.4833,9.66667,1955-11-23,-0.729999983683228,4.43999990075827,1.85499995853752,1955,11,1956
47.4833,9.66667,1955-11-24,-3.41999992355704,5.03999988734722,0.809999981895089,1955,11,1956
47.4833,9.66667,1955-11-25,-0.229999994859099,3.69999991729856,1.73499996121973,1955,11,1956
47.4833,9.66667,1955-11-26,-4.6499998960644,0.319999992847443,-2.16499995160848,1955,11,1956
47.4833,9.66667,1955-11-27,-10.1499997731298,-1.30999997071922,-5.72999987192452,1955,11,1956
47.4833,9.66667,1955-11-28,-10.049999775365,-0.0599999986588955,-5.05499988701195,1955,11,1956
47.4833,9.66667,1955-11-29,-8.8399998024106,-1.21999997273088,-5.02999988757074,1955,11,1956
47.4833,9.66667,1955-11-30,-9.49999978765845,-1.67999996244907,-5.58999987505376,1955,11,1956
47.4833,9.66667,1955-12-01,-7.31999983638525,3.0399999320507,-2.13999995216727,1955,12,1956
47.4833,9.66667,1955-12-02,-3.79999991506338,5.32999988086522,0.764999982900918,1955,12,1956
47.4833,9.66667,1955-12-03,-3.46999992243946,3.24999992735684,-0.109999997541308,1955,12,1956
47.4833,9.66667,1955-12-04,-1.78999995999038,6.93999984487891,2.57499994244426,1955,12,1956
47.4833,9.66667,1955-12-05,2.82999993674457,6.96999984420836,4.89999989047647,1955,12,1956
47.4833,9.66667,1955-12-06,-2.01999995484948,4.14999990724027,1.06499997619539,1955,12,1956
47.4833,9.66667,1955-12-07,-1.93999995663762,3.91999991238117,0.989999977871776,1955,12,1956
47.4833,9.66667,1955-12-08,-1.89999995753169,5.14999988488853,1.62499996367842,1955,12,1956
47.4833,9.66667,1955-12-09,-1.3799999691546,5.77999987080693,2.19999995082617,1955,12,1956
47.4833,9.66667,1955-12-10,0.439999990165234,4.54999989829957,2.4949999442324,1955,12,1956
47.4833,9.66667,1955-12-11,0.189999995753169,6.84999984689057,3.51999992132187,1955,12,1956
47.4833,9.66667,1955-12-12,2.83999993652105,6.85999984666705,4.84999989159405,1955,12,1956
47.4833,9.66667,1955-12-13,-0.259999994188547,3.9599999114871,1.84999995864928,1955,12,1956
47.4833,9.66667,1955-12-14,-2.11999995261431,0.999999977648258,-0.559999987483025,1955,12,1956
47.4833,9.66667,1955-12-15,-2.19999995082617,3.75999991595745,0.779999982565641,1955,12,1956
47.4833,9.66667,1955-12-16,1.15999997407198,7.56999983079731,4.36499990243465,1955,12,1956
47.4833,9.66667,1955-12-17,4.38999990187585,7.70999982766807,6.04999986477196,1955,12,1956
47.4833,9.66667,1955-12-18,2.15999995172024,7.37999983504415,4.76999989338219,1955,12,1956
47.4833,9.66667,1955-12-19,2.94999993406236,6.79999984800816,4.87499989103526,1955,12,1956
47.4833,9.66667,1955-12-20,-0.909999979659915,3.42999992333353,1.25999997183681,1955,12,1956
47.4833,9.66667,1955-12-21,-2.21999995037913,1.84999995864928,-0.184999995864928,1955,12,1956
47.4833,9.66667,1955-12-22,-1.22999997250736,5.32999988086522,2.04999995417893,1955,12,1956
47.4833,9.66667,1955-12-23,0.479999989271164,4.49999989941716,2.48999994434416,1955,12,1956
47.4833,9.66667,1955-12-24,-1.59999996423721,6.28999985940754,2.34499994758517,1955,12,1956
47.4833,9.66667,1955-12-25,3.14999992959201,6.67999985069036,4.91499989014119,1955,12,1956
47.4833,9.66667,1955-12-26,1.81999995931983,5.49999987706542,3.65999991819263,1955,12,1956
47.4833,9.66667,1955-12-27,1.72999996133149,5.68999987281859,3.70999991707504,1955,12,1956
47.4833,9.66667,1955-12-28,1.90999995730817,5.37999987974763,3.6449999185279,1955,12,1956
47.4833,9.66667,1955-12-29,2.98999993316829,8.28999981470406,5.63999987393618,1955,12,1956
47.4833,9.66667,1955-12-30,5.2799998819828,9.48999978788197,7.38499983493239,1955,12,1956
47.4833,9.66667,1955-12-31,1.9499999564141,7.92999982275069,4.9399998895824,1955,12,1956
47.4833,9.66667,1956-01-01,-1.20999997295439,2.95999993383884,0.874999980442226,1956,1,1956
47.4833,9.66667,1956-01-02,-1.85999995842576,2.67999994009733,0.409999990835786,1956,1,1956
47.4833,9.66667,1956-01-03,0.179999995976686,2.82999993674457,1.50499996636063,1956,1,1956
47.4833,9.66667,1956-01-04,-0.61999998614192,2.48999994434416,0.934999979101121,1956,1,1956
47.4833,9.66667,1956-01-05,-2.8699999358505,1.53999996557832,-0.664999985136092,1956,1,1956
47.4833,9.66667,1956-01-06,-3.87999991327524,3.29999992623925,-0.289999993517995,1956,1,1956
47.4833,9.66667,1956-01-07,-1.3199999704957,2.55999994277954,0.61999998614192,1956,1,1956
47.4833,9.66667,1956-01-08,-2.30999994836748,1.20999997295439,-0.549999987706542,1956,1,1956
47.4833,9.66667,1956-01-09,-4.73999989405274,-0.809999981895089,-2.77499993797392,1956,1,1956
47.4833,9.66667,1956-01-10,-5.13999988511205,4.6499998960644,-0.244999994523823,1956,1,1956
47.4833,9.66667,1956-01-11,-2.11999995261431,3.729999916628,0.804999982006848,1956,1,1956
47.4833,9.66667,1956-01-12,-2.81999993696809,8.2099998164922,2.69499993976206,1956,1,1956
47.4833,9.66667,1956-01-13,0.229999994859099,9.28999979235232,4.75999989360571,1956,1,1956
47.4833,9.66667,1956-01-14,1.84999995864928,7.10999984107912,4.4799998998642,1956,1,1956
47.4833,9.66667,1956-01-15,-1.17999997362494,5.30999988131225,2.06499995384365,1956,1,1956
47.4833,9.66667,1956-01-16,-0.30999999307096,6.11999986320734,2.90499993506819,1956,1,1956
47.4833,9.66667,1956-01-17,0.57999998703599,6.2599998600781,3.41999992355704,1956,1,1956
47.4833,9.66667,1956-01-18,-1.65999996289611,5.93999986723065,2.13999995216727,1956,1,1956
47.4833,9.66667,1956-01-19,1.16999997384846,8.05999981984496,4.61499989684671,1956,1,1956
47.4833,9.66667,1956-01-20,-0.819999981671572,6.37999985739589,2.77999993786216,1956,1,1956
47.4833,9.66667,1956-01-21,-3.4999999217689,4.73999989405274,0.61999998614192,1956,1,1956
47.4833,9.66667,1956-01-22,-2.87999993562698,5.57999987527728,1.34999996982515,1956,1,1956
47.4833,9.66667,1956-01-23,-0.339999992400408,6.78999984823167,3.22499992791563,1956,1,1956
47.4833,9.66667,1956-01-24,-2.16999995149672,7.15999983996153,2.4949999442324,1956,1,1956
47.4833,9.66667,1956-01-25,-0.479999989271164,6.39999985694885,2.95999993383884,1956,1,1956
47.4833,9.66667,1956-01-26,-2.10999995283782,1.4899999666959,-0.30999999307096,1956,1,1956
47.4833,9.66667,1956-01-27,-7.68999982811511,1.86999995820224,-2.90999993495643,1956,1,1956
47.4833,9.66667,1956-01-28,1.12999997474253,5.68999987281859,3.40999992378056,1956,1,1956
47.4833,9.66667,1956-01-29,-0.789999982342124,4.31999990344048,1.76499996054918,1956,1,1956
47.4833,9.66667,1956-01-30,-1.68999996222556,1.85999995842576,0.0849999981001019,1956,1,1956
47.4833,9.66667,1956-01-31,-0.689999984577298,4.37999990209937,1.84499995876104,1956,1,1956
47.4833,9.66667,1956-02-01,-9.57999978587031,0.0999999977648258,-4.73999989405274,1956,2,1956
47.4833,9.66667,1956-02-02,-17.6099996063858,-9.94999977760017,-13.779999691993,1956,2,1956
47.4833,9.66667,1956-02-03,-22.2699995022267,-16.099999640137,-19.1849995711818,1956,2,1956
47.4833,9.66667,1956-02-04,-20.9799995310605,-10.0999997742474,-15.5399996526539,1956,2,1956
47.4833,9.66667,1956-02-05,-16.5199996307492,-6.18999986164272,-11.354999746196,1956,2,1956
47.4833,9.66667,1956-02-06,-14.939999666065,-6.8899998459965,-10.9149997560307,1956,2,1956
47.4833,9.66667,1956-02-07,-9.99999977648258,-2.82999993674457,-6.41499985661358,1956,2,1956
47.4833,9.66667,1956-02-08,-8.6099998075515,-4.17999990656972,-6.39499985706061,1956,2,1956
47.4833,9.66667,1956-02-09,-14.7199996709824,-4.27999990433455,-9.49999978765845,1956,2,1956
47.4833,9.66667,1956-02-10,-20.63999953866,-5.84999986924231,-13.2449997039512,1956,2,1956
47.4833,9.66667,1956-02-11,-24.7699994463474,-17.5199996083975,-21.1449995273724,1956,2,1956
47.4833,9.66667,1956-02-12,-23.9499994646758,-13.1199997067451,-18.5349995857105,1956,2,1956
47.4833,9.66667,1956-02-13,-17.5499996077269,-11.5099997427315,-14.5299996752292,1956,2,1956
47.4833,9.66667,1956-02-14,-20.3199995458126,-9.5899997856468,-14.9549996657297,1956,2,1956
47.4833,9.66667,1956-02-15,-16.6899996269494,-8.44999981112778,-12.5699997190386,1956,2,1956
47.4833,9.66667,1956-02-16,-12.1599997282028,-6.2599998600781,-9.20999979414046,1956,2,1956
47.4833,9.66667,1956-02-17,-8.88999980129302,-2.30999994836748,-5.59999987483025,1956,2,1956
47.4833,9.66667,1956-02-18,-13.2899997029454,-4.12999990768731,-8.70999980531633,1956,2,1956
47.4833,9.66667,1956-02-19,-15.5499996524304,-6.79999984800816,-11.1749997502193,1956,2,1956
47.4833,9.66667,1956-02-20,-13.3699997011572,-7.36999983526766,-10.3699997682124,1956,2,1956
47.4833,9.66667,1956-02-21,-14.8299996685237,-7.04999984242022,-10.9399997554719,1956,2,1956
47.4833,9.66667,1956-02-22,-16.639999628067,-5.21999988332391,-10.9299997556955,1956,2,1956
47.4833,9.66667,1956-02-23,-15.1399996615946,-2.14999995194376,-8.64499980676919,1956,2,1956
47.4833,9.66667,1956-02-24,-12.4899997208267,-3.76999991573393,-8.12999981828034,1956,2,1956
47.4833,9.66667,1956-02-25,-12.1499997284263,-2.28999994881451,-7.21999983862042,1956,2,1956
47.4833,9.66667,1956-02-26,-10.5799997635186,-2.009999955073,-6.29499985929579,1956,2,1956
47.4833,9.66667,1956-02-27,-9.67999978363514,-2.78999993763864,-6.23499986063689,1956,2,1956
47.4833,9.66667,1956-02-28,-9.25999979302287,-1.22999997250736,-5.24499988276511,1956,2,1956
47.4833,9.66667,1956-02-29,-12.2299997266382,2.62999994121492,-4.79999989271164,1956,2,1956
47.4833,9.66667,1956-03-01,-0.0999999977648258,4.02999990992248,1.96499995607883,1956,3,1956
47.4833,9.66667,1956-03-02,1.85999995842576,6.10999986343086,3.98499991092831,1956,3,1956
47.4833,9.66667,1956-03-03,1.90999995730817,6.4899998549372,4.19999990612268,1956,3,1956
47.4833,9.66667,1956-03-04,5.00999988801777,6.35999985784292,5.68499987293035,1956,3,1956
47.4833,9.66667,1956-03-05,3.92999991215765,8.74999980442226,6.33999985828996,1956,3,1956
47.4833,9.66667,1956-03-06,-0.399999991059303,5.17999988421798,2.38999994657934,1956,3,1956
47.4833,9.66667,1956-03-07,-3.57999991998076,5.44999987818301,0.934999979101121,1956,3,1956
47.4833,9.66667,1956-03-08,-0.459999989718199,3.41999992355704,1.47999996691942,1956,3,1956
47.4833,9.66667,1956-03-09,-5.49999987706542,0.839999981224537,-2.32999994792044,1956,3,1956
47.4833,9.66667,1956-03-10,-9.33999979123473,0.899999979883432,-4.21999990567565,1956,3,1956
47.4833,9.66667,1956-03-11,-8.16999981738627,1.66999996267259,-3.24999992735684,1956,3,1956
47.4833,9.66667,1956-03-12,-6.61999985203147,-0.92999997921288,-3.77499991562217,1956,3,1956
47.4833,9.66667,1956-03-13,-10.5399997644126,-2.41999994590878,-6.47999985516071,1956,3,1956
47.4833,9.66667,1956-03-14,-10.4099997673184,-1.20999997295439,-5.80999987013638,1956,3,1956
47.4833,9.66667,1956-03-15,-7.21999983862042,1.49999996647239,-2.85999993607402,1956,3,1956
47.4833,9.66667,1956-03-16,-8.33999981358647,6.13999986276031,-1.09999997541308,1956,3,1956
47.4833,9.66667,1956-03-17,-4.03999990969896,9.67999978363514,2.81999993696809,1956,3,1956
47.4833,9.66667,1956-03-18,-3.20999992825091,9.759999781847,3.27499992679805,1956,3,1956
47.4833,9.66667,1956-03-19,-2.12999995239079,12.1299997288734,4.99999988824129,1956,3,1956
47.4833,9.66667,1956-03-20,0.179999995976686,11.5099997427315,5.84499986935407,1956,3,1956
47.4833,9.66667,1956-03-21,1.40999996848404,12.1899997275323,6.79999984800816,1956,3,1956
47.4833,9.66667,1956-03-22,3.00999993272126,15.0199996642768,9.01499979849905,1956,3,1956
47.4833,9.66667,1956-03-23,4.74999989382923,15.0499996636063,9.89999977871776,1956,3,1956
47.4833,9.66667,1956-03-24,2.07999995350838,10.3099997695535,6.19499986153096,1956,3,1956
47.4833,9.66667,1956-03-25,3.46999992243946,15.0799996629357,9.27499979268759,1956,3,1956
47.4833,9.66667,1956-03-26,4.73999989405274,12.4499997217208,8.59499980788678,1956,3,1956
47.4833,9.66667,1956-03-27,4.53999989852309,14.2999996803701,9.41999978944659,1956,3,1956
47.4833,9.66667,1956-03-28,4.88999989069998,10.7499997597188,7.81999982520938,1956,3,1956
47.4833,9.66667,1956-03-29,3.90999991260469,11.3899997454137,7.64999982900918,1956,3,1956
47.4833,9.66667,1956-03-30,2.55999994277954,16.4399996325374,9.49999978765845,1956,3,1956
47.4833,9.66667,1956-03-31,3.51999992132187,16.4499996323138,9.98499977681786,1956,3,1956
47.4833,9.66667,1956-04-01,3.22999992780387,14.8799996674061,9.05499979760498,1956,4,1956
47.4833,9.66667,1956-04-02,3.69999991729856,9.17999979481101,6.43999985605478,1956,4,1956
47.4833,9.66667,1956-04-03,1.68999996222556,7.98999982140958,4.83999989181757,1956,4,1956
47.4833,9.66667,1956-04-04,-0.839999981224537,11.789999736473,5.47499987762421,1956,4,1956
47.4833,9.66667,1956-04-05,1.72999996133149,11.4199997447431,6.5749998530373,1956,4,1956
47.4833,9.66667,1956-04-06,-0.279999993741512,4.62999989651144,2.17499995138496,1956,4,1956
47.4833,9.66667,1956-04-07,-3.34999992512167,0.96999997831881,-1.18999997340143,1956,4,1956
47.4833,9.66667,1956-04-08,-4.92999988980591,0.999999977648258,-1.96499995607883,1956,4,1956
47.4833,9.66667,1956-04-09,-4.61999989673495,4.51999989897013,-0.0499999988824129,1956,4,1956
47.4833,9.66667,1956-04-10,-2.15999995172024,10.8499997574836,4.34499990288168,1956,4,1956
47.4833,9.66667,1956-04-11,0.549999987706542,15.4899996537715,8.01999982073903,1956,4,1956
47.4833,9.66667,1956-04-12,2.20999995060265,15.4899996537715,8.84999980218709,1956,4,1956
47.4833,9.66667,1956-04-13,5.1099998857826,17.799999602139,11.4549997439608,1956,4,1956
47.4833,9.66667,1956-04-14,6.6599998511374,16.2299996372312,11.4449997441843,1956,4,1956
47.4833,9.66667,1956-04-15,7.63999982923269,14.8499996680766,11.2449997486547,1956,4,1956
47.4833,9.66667,1956-04-16,7.96999982185662,18.4899995867163,13.2299997042865,1956,4,1956
47.4833,9.66667,1956-04-17,7.39999983459711,14.7699996698648,11.0849997522309,1956,4,1956
47.4833,9.66667,1956-04-18,1.98999995552003,10.4899997655302,6.23999986052513,1956,4,1956
47.4833,9.66667,1956-04-19,0.0699999984353781,3.0999999307096,1.58499996457249,1956,4,1956
47.4833,9.66667,1956-04-20,-0.759999983012676,4.38999990187585,1.81499995943159,1956,4,1956
47.4833,9.66667,1956-04-21,-0.779999982565641,7.19999983906746,3.20999992825091,1956,4,1956
47.4833,9.66667,1956-04-22,-1.33999997004867,12.4599997214973,5.55999987572432,1956,4,1956
47.4833,9.66667,1956-04-23,3.99999991059303,10.3099997695535,7.15499984007329,1956,4,1956
47.4833,9.66667,1956-04-24,4.65999989584088,8.17999981716275,6.41999985650182,1956,4,1956
47.4833,9.66667,1956-04-25,2.41999994590878,11.9799997322261,7.19999983906746,1956,4,1956
47.4833,9.66667,1956-04-26,3.89999991282821,12.6499997172505,8.27499981503934,1956,4,1956
47.4833,9.66667,1956-04-27,2.4699999447912,15.9999996423721,9.23499979358166,1956,4,1956
47.4833,9.66667,1956-04-28,3.22999992780387,18.2799995914102,10.754999759607,1956,4,1956
47.4833,9.66667,1956-04-29,5.55999987572432,15.8499996457249,10.7049997607246,1956,4,1956
47.4833,9.66667,1956-04-30,3.14999992959201,12.5899997185916,7.86999982409179,1956,4,1956
47.4833,9.66667,1956-05-01,3.93999991193414,9.14999979548156,6.54499985370785,1956,5,NA
47.4833,9.66667,1956-05-02,1.95999995619059,6.89999984577298,4.42999990098178,1956,5,NA
47.4833,9.66667,1956-05-03,2.15999995172024,8.04999982006848,5.10499988589436,1956,5,NA
47.4833,9.66667,1956-05-04,4.95999988913536,10.899999756366,7.92999982275069,1956,5,NA
47.4833,9.66667,1956-05-05,2.45999994501472,16.6499996278435,9.55499978642911,1956,5,NA
47.4833,9.66667,1956-05-06,4.44999990053475,19.4299995657057,11.9399997331202,1956,5,NA
47.4833,9.66667,1956-05-07,5.91999986767769,19.8199995569885,12.8699997123331,1956,5,NA
47.4833,9.66667,1956-05-08,7.44999983347952,21.6499995160848,14.5499996747822,1956,5,NA
47.4833,9.66667,1956-05-09,9.13999979570508,21.7299995142967,15.4349996550009,1956,5,NA
47.4833,9.66667,1956-05-10,8.76999980397522,22.4499994982034,15.6099996510893,1956,5,NA
47.4833,9.66667,1956-05-11,8.31999981403351,15.9199996441603,12.1199997290969,1956,5,NA
47.4833,9.66667,1956-05-12,5.22999988310039,9.53999978676438,7.38499983493239,1956,5,NA
47.4833,9.66667,1956-05-13,2.73999993875623,10.4999997653067,6.61999985203147,1956,5,NA
47.4833,9.66667,1956-05-14,5.61999987438321,10.7499997597188,8.18499981705099,1956,5,NA
47.4833,9.66667,1956-05-15,2.87999993562698,15.8199996463954,9.34999979101121,1956,5,NA
47.4833,9.66667,1956-05-16,5.86999986879528,16.6999996267259,11.2849997477606,1956,5,NA
47.4833,9.66667,1956-05-17,5.0499998871237,19.519999563694,12.2849997254089,1956,5,NA
47.4833,9.66667,1956-05-18,7.5199998319149,20.4599995426834,13.9899996872991,1956,5,NA
47.4833,9.66667,1956-05-19,9.82999978028238,15.9099996443838,12.8699997123331,1956,5,NA
47.4833,9.66667,1956-05-20,5.24999988265336,9.95999977737665,7.604999830015,1956,5,NA
47.4833,9.66667,1956-05-21,4.10999990813434,11.1999997496605,7.65499982889742,1956,5,NA
47.4833,9.66667,1956-05-22,2.41999994590878,19.0699995737523,10.7449997598305,1956,5,NA
47.4833,9.66667,1956-05-23,8.05999981984496,22.3899994995445,15.2249996596947,1956,5,NA
47.4833,9.66667,1956-05-24,11.4899997431785,17.2099996153265,14.3499996792525,1956,5,NA
47.4833,9.66667,1956-05-25,8.87999980151653,19.3899995665997,14.1349996840581,1956,5,NA
47.4833,9.66667,1956-05-26,8.6099998075515,12.2499997261912,10.4299997668713,1956,5,NA
47.4833,9.66667,1956-05-27,6.03999986499548,20.1799995489419,13.1099997069687,1956,5,NA
47.4833,9.66667,1956-05-28,8.1499998178333,23.1599994823337,15.6549996500835,1956,5,NA
47.4833,9.66667,1956-05-29,11.189999749884,29.1299993488938,20.1599995493889,1956,5,NA
47.4833,9.66667,1956-05-30,13.3899997007102,25.9299994204193,19.6599995605648,1956,5,NA
47.4833,9.66667,1956-05-31,10.7799997590482,24.2999994568527,17.5399996079504,1956,5,NA
47.4833,9.66667,1956-06-01,11.9199997335672,21.1399995274842,16.5299996305257,1956,6,NA
47.4833,9.66667,1956-06-02,10.1199997738004,14.0999996848404,12.1099997293204,1956,6,NA
47.4833,9.66667,1956-06-03,9.62999978475273,15.6599996499717,12.6449997173622,1956,6,NA
47.4833,9.66667,1956-06-04,9.64999978430569,19.7099995594472,14.6799996718764,1956,6,NA
47.4833,9.66667,1956-06-05,9.07999979704618,23.8599994666874,16.4699996318668,1956,6,NA
47.4833,9.66667,1956-06-06,12.8099997136742,25.2199994362891,19.0149995749816,1956,6,NA
47.4833,9.66667,1956-06-07,12.7399997152388,25.0399994403124,18.8899995777756,1956,6,NA
47.4833,9.66667,1956-06-08,11.7199997380376,24.8499994445592,18.2849995912984,1956,6,NA
47.4833,9.66667,1956-06-09,3.35999992489815,15.1299996618181,9.24499979335815,1956,6,NA
47.4833,9.66667,1956-06-10,4.90999989025295,11.6199997402728,8.26499981526285,1956,6,NA
47.4833,9.66667,1956-06-11,4.28999990411103,17.3299996126443,10.8099997583777,1956,6,NA
47.4833,9.66667,1956-06-12,5.93999986723065,18.919999577105,12.4299997221678,1956,6,NA
47.4833,9.66667,1956-06-13,10.4899997655302,18.089999595657,14.2899996805936,1956,6,NA
47.4833,9.66667,1956-06-14,12.4099997226149,20.0699995514005,16.2399996370077,1956,6,NA
47.4833,9.66667,1956-06-15,10.2999997697771,16.5499996300787,13.4249996999279,1956,6,NA
47.4833,9.66667,1956-06-16,7.3499998357147,11.3299997467548,9.33999979123473,1956,6,NA
47.4833,9.66667,1956-06-17,3.13999992981553,17.489999609068,10.3149997694418,1956,6,NA
47.4833,9.66667,1956-06-18,9.87999977916479,16.4599996320903,13.1699997056276,1956,6,NA
47.4833,9.66667,1956-06-19,10.1299997735769,13.9899996872991,12.059999730438,1956,6,NA
47.4833,9.66667,1956-06-20,10.5799997635186,15.6999996490777,13.1399997062981,1956,6,NA
47.4833,9.66667,1956-06-21,9.68999978341162,15.4899996537715,12.5899997185916,1956,6,NA
47.4833,9.66667,1956-06-22,7.1199998408556,11.6199997402728,9.36999979056418,1956,6,NA
47.4833,9.66667,1956-06-23,6.26999985985458,12.4299997221678,9.34999979101121,1956,6,NA
47.4833,9.66667,1956-06-24,6.07999986410141,10.1999997720122,8.13999981805682,1956,6,NA
47.4833,9.66667,1956-06-25,8.67999980598688,14.2399996817112,11.459999743849,1956,6,NA
47.4833,9.66667,1956-06-26,8.19999981671572,15.5999996513128,11.8999997340143,1956,6,NA
47.4833,9.66667,1956-06-27,9.02999979816377,17.0399996191263,13.034999708645,1956,6,NA
47.4833,9.66667,1956-06-28,9.21999979391694,20.09999955073,14.6599996723235,1956,6,NA
47.4833,9.66667,1956-06-29,10.4699997659773,20.2499995473772,15.3599996566772,1956,6,NA
47.4833,9.66667,1956-06-30,11.9999997317791,17.8099996019155,14.9049996668473,1956,6,NA
47.4833,9.66667,1956-07-01,10.1199997738004,22.8799994885921,16.4999996311963,1956,7,NA
47.4833,9.66667,1956-07-02,11.3099997472018,23.8799994662404,17.5949996067211,1956,7,NA
47.4833,9.66667,1956-07-03,11.0399997532368,21.2999995239079,16.1699996385723,1956,7,NA
47.4833,9.66667,1956-07-04,10.6599997617304,15.3099996577948,12.9849997097626,1956,7,NA
47.4833,9.66667,1956-07-05,9.83999978005886,22.1899995040148,16.0149996420369,1956,7,NA
47.4833,9.66667,1956-07-06,12.2499997261912,25.6699994262308,18.959999576211,1956,7,NA
47.4833,9.66667,1956-07-07,15.5599996522069,24.5099994521588,20.0349995521829,1956,7,NA
47.4833,9.66667,1956-07-08,13.1199997067451,25.5099994298071,19.3149995682761,1956,7,NA
47.4833,9.66667,1956-07-09,13.0599997080863,29.1499993484467,21.1049995282665,1956,7,NA
47.4833,9.66667,1956-07-10,15.6599996499717,27.9999993741512,21.8299995120615,1956,7,NA
47.4833,9.66667,1956-07-11,15.2599996589124,25.3199994340539,20.2899995464832,1956,7,NA
47.4833,9.66667,1956-07-12,11.3799997456372,15.9399996437132,13.6599996946752,1956,7,NA
47.4833,9.66667,1956-07-13,10.6899997610599,18.8699995782226,14.7799996696413,1956,7,NA
47.4833,9.66667,1956-07-14,12.5499997194856,25.7299994248897,19.1399995721877,1956,7,NA
47.4833,9.66667,1956-07-15,13.7299996931106,20.4299995433539,17.0799996182323,1956,7,NA
47.4833,9.66667,1956-07-16,12.2699997257441,19.8399995565414,16.0549996411428,1956,7,NA
47.4833,9.66667,1956-07-17,11.7599997371435,18.8299995791167,15.2949996581301,1956,7,NA
47.4833,9.66667,1956-07-18,11.3699997458607,18.8199995793402,15.0949996626005,1956,7,NA
47.4833,9.66667,1956-07-19,8.88999980129302,23.3999994769692,16.1449996391311,1956,7,NA
47.4833,9.66667,1956-07-20,12.1799997277558,22.0099995080382,17.094999617897,1956,7,NA
47.4833,9.66667,1956-07-21,9.43999978899956,15.8199996463954,12.6299997176975,1956,7,NA
47.4833,9.66667,1956-07-22,8.56999980844557,18.4599995873868,13.5149996979162,1956,7,NA
47.4833,9.66667,1956-07-23,8.63999980688095,21.7699995134026,15.2049996601418,1956,7,NA
47.4833,9.66667,1956-07-24,11.4199997447431,21.3499995227903,16.3849996337667,1956,7,NA
47.4833,9.66667,1956-07-25,12.8099997136742,21.6399995163083,17.2249996149912,1956,7,NA
47.4833,9.66667,1956-07-26,13.5799996964633,22.7399994917214,18.1599995940924,1956,7,NA
47.4833,9.66667,1956-07-27,10.359999768436,25.1199994385242,17.7399996034801,1956,7,NA
47.4833,9.66667,1956-07-28,11.189999749884,25.549999428913,18.3699995893985,1956,7,NA
47.4833,9.66667,1956-07-29,13.8099996913224,24.98999944143,19.3999995663762,1956,7,NA
47.4833,9.66667,1956-07-30,14.2499996814877,24.7999994456768,19.5249995635822,1956,7,NA
47.4833,9.66667,1956-07-31,13.2099997047335,18.4899995867163,15.8499996457249,1956,7,NA
47.4833,9.66667,1956-08-01,11.8199997358024,20.969999531284,16.3949996335432,1956,8,NA
47.4833,9.66667,1956-08-02,11.6699997391552,20.7399995364249,16.20499963779,1956,8,NA
47.4833,9.66667,1956-08-03,12.2899997252971,20.7299995366484,16.5099996309727,1956,8,NA
47.4833,9.66667,1956-08-04,11.0599997527897,15.5799996517599,13.3199997022748,1956,8,NA
47.4833,9.66667,1956-08-05,10.2099997717887,18.089999595657,14.1499996837229,1956,8,NA
47.4833,9.66667,1956-08-06,9.78999978117645,17.5899996068329,13.6899996940047,1956,8,NA
47.4833,9.66667,1956-08-07,9.05999979749322,22.1999995037913,15.6299996506423,1956,8,NA
47.4833,9.66667,1956-08-08,11.9899997320026,17.4999996088445,14.7449996704236,1956,8,NA
47.4833,9.66667,1956-08-09,11.7299997378141,21.3199995234609,16.5249996306375,1956,8,NA
47.4833,9.66667,1956-08-10,10.6699997615069,25.6199994273484,18.1449995944276,1956,8,NA
47.4833,9.66667,1956-08-11,13.2999997027218,27.8099993783981,20.5549995405599,1956,8,NA
47.4833,9.66667,1956-08-12,13.779999691993,18.4199995882809,16.099999640137,1956,8,NA
47.4833,9.66667,1956-08-13,11.5699997413903,17.8799996003509,14.7249996708706,1956,8,NA
47.4833,9.66667,1956-08-14,7.32999983616173,21.0399995297194,14.1849996829405,1956,8,NA
47.4833,9.66667,1956-08-15,11.3699997458607,21.9099995102733,16.639999628067,1956,8,NA
47.4833,9.66667,1956-08-16,11.6299997400492,21.2099995259196,16.4199996329844,1956,8,NA
47.4833,9.66667,1956-08-17,9.25999979302287,23.2399994805455,16.2499996367842,1956,8,NA
47.4833,9.66667,1956-08-18,10.8099997583777,24.699999447912,17.7549996031448,1956,8,NA
47.4833,9.66667,1956-08-19,14.4999996758997,23.269999479875,18.8849995778874,1956,8,NA
47.4833,9.66667,1956-08-20,14.899999666959,20.5999995395541,17.7499996032566,1956,8,NA
47.4833,9.66667,1956-08-21,11.0299997534603,21.4499995205551,16.2399996370077,1956,8,NA
47.4833,9.66667,1956-08-22,12.9799997098744,17.5599996075034,15.2699996586889,1956,8,NA
47.4833,9.66667,1956-08-23,9.27999979257584,18.4399995878339,13.8599996902049,1956,8,NA
47.4833,9.66667,1956-08-24,10.9499997552484,15.6599996499717,13.3049997026101,1956,8,NA
47.4833,9.66667,1956-08-25,10.629999762401,15.3099996577948,12.9699997100979,1956,8,NA
47.4833,9.66667,1956-08-26,11.1999997496605,19.1699995715171,15.1849996605888,1956,8,NA
47.4833,9.66667,1956-08-27,11.7599997371435,18.5799995847046,15.1699996609241,1956,8,NA
47.4833,9.66667,1956-08-28,11.2899997476488,25.0199994407594,18.1549995942041,1956,8,NA
47.4833,9.66667,1956-08-29,12.3099997248501,15.3799996562302,13.8449996905401,1956,8,NA
47.4833,9.66667,1956-08-30,8.91999980062246,13.6799996942282,11.2999997474253,1956,8,NA
47.4833,9.66667,1956-08-31,7.71999982744455,15.8199996463954,11.76999973692,1956,8,NA
47.4833,9.66667,1956-09-01,5.57999987527728,19.1599995717406,12.369999723509,1956,9,NA
47.4833,9.66667,1956-09-02,10.7399997599423,22.7199994921684,16.7299996260554,1956,9,NA
47.4833,9.66667,1956-09-03,13.2999997027218,23.3799994774163,18.3399995900691,1956,9,NA
47.4833,9.66667,1956-09-04,9.0699997972697,17.6799996048212,13.3749997010455,1956,9,NA
47.4833,9.66667,1956-09-05,7.58999983035028,17.4299996104091,12.5099997203797,1956,9,NA
47.4833,9.66667,1956-09-06,7.36999983526766,23.1799994818866,15.2749996585771,1956,9,NA
47.4833,9.66667,1956-09-07,11.5599997416139,20.9599995315075,16.2599996365607,1956,9,NA
47.4833,9.66667,1956-09-08,9.43999978899956,20.0599995516241,14.7499996703118,1956,9,NA
47.4833,9.66667,1956-09-09,11.0399997532368,21.0599995292723,16.0499996412545,1956,9,NA
47.4833,9.66667,1956-09-10,10.069999774918,23.0599994845688,16.5649996297434,1956,9,NA
47.4833,9.66667,1956-09-11,10.5699997637421,22.8199994899333,16.6949996268377,1956,9,NA
47.4833,9.66667,1956-09-12,13.1699997056276,20.6499995384365,16.909999622032,1956,9,NA
47.4833,9.66667,1956-09-13,11.8799997344613,15.7999996468425,13.8399996906519,1956,9,NA
47.4833,9.66667,1956-09-14,11.8299997355789,14.6199996732175,13.2249997043982,1956,9,NA
47.4833,9.66667,1956-09-15,10.3099997695535,17.9699995983392,14.1399996839464,1956,9,NA
47.4833,9.66667,1956-09-16,5.90999986790121,19.1499995719641,12.5299997199327,1956,9,NA
47.4833,9.66667,1956-09-17,8.97999979928136,21.4699995201081,15.2249996596947,1956,9,NA
47.4833,9.66667,1956-09-18,12.1699997279793,21.2699995245785,16.7199996262789,1956,9,NA
47.4833,9.66667,1956-09-19,9.25999979302287,17.6399996057153,13.4499996993691,1956,9,NA
47.4833,9.66667,1956-09-20,8.08999981917441,16.8599996231496,12.474999721162,1956,9,NA
47.4833,9.66667,1956-09-21,8.12999981828034,19.0699995737523,13.5999996960163,1956,9,NA
47.4833,9.66667,1956-09-22,8.25999981537461,20.9999995306134,14.629999672994,1956,9,NA
47.4833,9.66667,1956-09-23,8.30999981425703,21.3499995227903,14.8299996685237,1956,9,NA
47.4833,9.66667,1956-09-24,11.2399997487664,22.9699994865805,17.1049996176735,1956,9,NA
47.4833,9.66667,1956-09-25,11.0799997523427,22.1899995040148,16.6349996281788,1956,9,NA
47.4833,9.66667,1956-09-26,11.3299997467548,20.2899995464832,15.809999646619,1956,9,NA
47.4833,9.66667,1956-09-27,12.5499997194856,18.089999595657,15.3199996575713,1956,9,NA
47.4833,9.66667,1956-09-28,9.77999978139997,13.3499997016042,11.5649997415021,1956,9,NA
47.4833,9.66667,1956-09-29,7.76999982632697,18.8899995777756,13.3299997020513,1956,9,NA
47.4833,9.66667,1956-09-30,8.93999980017543,20.9099995326251,14.9249996664003,1956,9,NA
47.4833,9.66667,1956-10-01,8.6099998075515,20.6499995384365,14.629999672994,1956,10,1957
47.4833,9.66667,1956-10-02,9.61999978497624,22.1699995044619,15.8949996447191,1956,10,1957
47.4833,9.66667,1956-10-03,9.3599997907877,22.2899995017797,15.8249996462837,1956,10,1957
47.4833,9.66667,1956-10-04,11.0999997518957,16.4399996325374,13.7699996922165,1956,10,1957
47.4833,9.66667,1956-10-05,8.13999981805682,12.9899997096509,10.5649997638538,1956,10,1957
47.4833,9.66667,1956-10-06,3.81999991461635,13.1399997062981,8.47999981045723,1956,10,1957
47.4833,9.66667,1956-10-07,2.66999994032085,5.18999988399446,3.92999991215765,1956,10,1957
47.4833,9.66667,1956-10-08,1.7799999602139,6.7199998497963,4.2499999050051,1956,10,1957
47.4833,9.66667,1956-10-09,1.1499999742955,7.90999982319772,4.52999989874661,1956,10,1957
47.4833,9.66667,1956-10-10,-1.63999996334314,9.38999979011714,3.874999913387,1956,10,1957
47.4833,9.66667,1956-10-11,-0.999999977648258,11.9699997324497,5.4849998774007,1956,10,1957
47.4833,9.66667,1956-10-12,0.829999981448054,11.5399997420609,6.18499986175448,1956,10,1957
47.4833,9.66667,1956-10-13,1.24999997206032,13.2399997040629,7.24499983806163,1956,10,1957
47.4833,9.66667,1956-10-14,1.4899999666959,14.6699996720999,8.07999981939793,1956,10,1957
47.4833,9.66667,1956-10-15,1.63999996334314,15.5099996533245,8.57499980833381,1956,10,1957
47.4833,9.66667,1956-10-16,3.13999992981553,13.3499997016042,8.24499981570989,1956,10,1957
47.4833,9.66667,1956-10-17,4.77999989315867,13.3899997007102,9.08499979693443,1956,10,1957
47.4833,9.66667,1956-10-18,3.92999991215765,15.3299996573478,9.62999978475273,1956,10,1957
47.4833,9.66667,1956-10-19,6.3699998576194,12.1499997284263,9.25999979302287,1956,10,1957
47.4833,9.66667,1956-10-20,9.02999979816377,14.4199996776879,11.7249997379258,1956,10,1957
47.4833,9.66667,1956-10-21,5.65999987348914,15.8199996463954,10.7399997599423,1956,10,1957
47.4833,9.66667,1956-10-22,8.31999981403351,15.8999996446073,12.1099997293204,1956,10,1957
47.4833,9.66667,1956-10-23,6.029999865219,14.4999996758997,10.2649997705594,1956,10,1957
47.4833,9.66667,1956-10-24,4.7099998947233,13.0999997071922,8.90499980095774,1956,10,1957
47.4833,9.66667,1956-10-25,4.019999910146,13.2099997047335,8.61499980743974,1956,10,1957
47.4833,9.66667,1956-10-26,3.10999993048608,12.7699997145683,7.93999982252717,1956,10,1957
47.4833,9.66667,1956-10-27,0.379999991506338,6.6599998511374,3.51999992132187,1956,10,1957
47.4833,9.66667,1956-10-28,-0.709999984130263,4.72999989427626,2.009999955073,1956,10,1957
47.4833,9.66667,1956-10-29,0.209999995306134,3.34999992512167,1.7799999602139,1956,10,1957
47.4833,9.66667,1956-10-30,0.779999982565641,5.01999988779426,2.89999993517995,1956,10,1957
47.4833,9.66667,1956-10-31,-0.699999984353781,4.16999990679324,1.73499996121973,1956,10,1957
47.4833,9.66667,1956-11-01,-0.899999979883432,5.53999987617135,2.31999994814396,1956,11,1957
47.4833,9.66667,1956-11-02,-1.44999996758997,5.45999987795949,2.00499995518476,1956,11,1957
47.4833,9.66667,1956-11-03,-0.439999990165234,2.29999994859099,0.92999997921288,1956,11,1957
47.4833,9.66667,1956-11-04,-1.09999997541308,2.39999994635582,0.649999985471368,1956,11,1957
47.4833,9.66667,1956-11-05,-1.33999997004867,4.27999990433455,1.46999996714294,1956,11,1957
47.4833,9.66667,1956-11-06,2.33999994769692,4.80999989248812,3.57499992009252,1956,11,1957
47.4833,9.66667,1956-11-07,2.77999993786216,5.41999987885356,4.09999990835786,1956,11,1957
47.4833,9.66667,1956-11-08,-0.0799999982118607,9.08999979682267,4.5049998993054,1956,11,1957
47.4833,9.66667,1956-11-09,-2.58999994210899,7.9799998216331,2.69499993976206,1956,11,1957
47.4833,9.66667,1956-11-10,-1.81999995931983,6.14999986253679,2.16499995160848,1956,11,1957
47.4833,9.66667,1956-11-11,-0.939999978989363,7.21999983862042,3.13999992981553,1956,11,1957
47.4833,9.66667,1956-11-12,2.42999994568527,10.5399997644126,6.48499985504895,1956,11,1957
47.4833,9.66667,1956-11-13,3.31999992579222,6.44999985583127,4.88499989081174,1956,11,1957
47.4833,9.66667,1956-11-14,1.95999995619059,5.81999986991286,3.88999991305172,1956,11,1957
47.4833,9.66667,1956-11-15,1.75999996066093,4.08999990858138,2.92499993462116,1956,11,1957
47.4833,9.66667,1956-11-16,0.219999995082617,2.93999993428588,1.57999996468425,1956,11,1957
47.4833,9.66667,1956-11-17,-0.509999988600612,4.30999990366399,1.89999995753169,1956,11,1957
47.4833,9.66667,1956-11-18,-2.91999993473291,5.02999988757074,1.05499997641891,1956,11,1957
47.4833,9.66667,1956-11-19,-4.44999990053475,5.46999987773597,0.509999988600612,1956,11,1957
47.4833,9.66667,1956-11-20,-3.18999992869794,2.94999993406236,-0.119999997317791,1956,11,1957
47.4833,9.66667,1956-11-21,-2.16999995149672,2.81999993696809,0.324999992735684,1956,11,1957
47.4833,9.66667,1956-11-22,-3.90999991260469,0.389999991282821,-1.75999996066093,1956,11,1957
47.4833,9.66667,1956-11-23,-4.79999989271164,-2.51999994367361,-3.65999991819263,1956,11,1957
47.4833,9.66667,1956-11-24,-5.06999988667667,-1.86999995820224,-3.46999992243946,1956,11,1957
47.4833,9.66667,1956-11-25,-3.08999993093312,-0.279999993741512,-1.68499996233732,1956,11,1957
47.4833,9.66667,1956-11-26,-2.52999994345009,1.12999997474253,-0.699999984353781,1956,11,1957
47.4833,9.66667,1956-11-27,-0.179999995976686,4.4199999012053,2.11999995261431,1956,11,1957
47.4833,9.66667,1956-11-28,3.77999991551042,7.01999984309077,5.39999987930059,1956,11,1957
47.4833,9.66667,1956-11-29,1.79999995976686,6.95999984443188,4.37999990209937,1956,11,1957
47.4833,9.66667,1956-11-30,-1.64999996311963,2.32999994792044,0.339999992400408,1956,11,1957
47.4833,9.66667,1956-12-01,-2.83999993652105,0.829999981448054,-1.0049999775365,1956,12,1957
47.4833,9.66667,1956-12-02,-5.19999988377094,-0.0899999979883432,-2.64499994087964,1956,12,1957
47.4833,9.66667,1956-12-03,-9.05999979749322,-1.44999996758997,-5.2549998825416,1956,12,1957
47.4833,9.66667,1956-12-04,-5.85999986901879,2.6999999396503,-1.57999996468425,1956,12,1957
47.4833,9.66667,1956-12-05,1.57999996468425,6.35999985784292,3.96999991126359,1956,12,1957
47.4833,9.66667,1956-12-06,3.16999992914498,6.05999986454844,4.61499989684671,1956,12,1957
47.4833,9.66667,1956-12-07,1.90999995730817,5.05999988690019,3.48499992210418,1956,12,1957
47.4833,9.66667,1956-12-08,2.75999993830919,6.60999985225499,4.68499989528209,1956,12,1957
47.4833,9.66667,1956-12-09,3.31999992579222,6.27999985963106,4.79999989271164,1956,12,1957
47.4833,9.66667,1956-12-10,0.159999996423721,6.029999865219,3.09499993082136,1956,12,1957
47.4833,9.66667,1956-12-11,-0.789999982342124,4.53999989852309,1.87499995809048,1956,12,1957
47.4833,9.66667,1956-12-12,-0.629999985918403,4.97999988868833,2.17499995138496,1956,12,1957
47.4833,9.66667,1956-12-13,-1.79999995976686,6.70999985001981,2.45499994512647,1956,12,1957
47.4833,9.66667,1956-12-14,4.02999990992248,8.8399998024106,6.43499985616654,1956,12,1957
47.4833,9.66667,1956-12-15,1.51999996602535,7.58999983035028,4.55499989818782,1956,12,1957
47.4833,9.66667,1956-12-16,1.42999996803701,9.5899997856468,5.5099998768419,1956,12,1957
47.4833,9.66667,1956-12-17,0.829999981448054,10.1099997740239,5.46999987773597,1956,12,1957
47.4833,9.66667,1956-12-18,-0.869999980553985,7.73999982699752,3.43499992322177,1956,12,1957
47.4833,9.66667,1956-12-19,-2.93999993428588,3.76999991573393,0.414999990724027,1956,12,1957
47.4833,9.66667,1956-12-20,-4.27999990433455,2.10999995283782,-1.08499997574836,1956,12,1957
47.4833,9.66667,1956-12-21,-4.09999990835786,1.32999997027218,-1.38499996904284,1956,12,1957
47.4833,9.66667,1956-12-22,-0.449999989941716,2.85999993607402,1.20499997306615,1956,12,1957
47.4833,9.66667,1956-12-23,-1.8399999588728,1.3799999691546,-0.229999994859099,1956,12,1957
47.4833,9.66667,1956-12-24,-4.52999989874661,-0.419999990612268,-2.47499994467944,1956,12,1957
47.4833,9.66667,1956-12-25,-7.84999982453883,-2.39999994635582,-5.12499988544732,1956,12,1957
47.4833,9.66667,1956-12-26,-9.67999978363514,-4.21999990567565,-6.94999984465539,1956,12,1957
47.4833,9.66667,1956-12-27,-13.2499997038394,-3.50999992154539,-8.3799998126924,1956,12,1957
47.4833,9.66667,1956-12-28,-7.37999983504415,-0.239999994635582,-3.80999991483986,1956,12,1957
47.4833,9.66667,1956-12-29,-9.79999978095293,-1.45999996736646,-5.62999987415969,1956,12,1957
47.4833,9.66667,1956-12-30,-9.59999978542328,0.219999995082617,-4.68999989517033,1956,12,1957
47.4833,9.66667,1956-12-31,-6.13999986276031,2.15999995172024,-1.98999995552003,1956,12,1957
47.4833,9.66667,1957-01-01,-6.77999984845519,0.789999982342124,-2.99499993305653,1957,1,1957
47.4833,9.66667,1957-01-02,-6.81999984756112,4.46999990008771,-1.1749999737367,1957,1,1957
47.4833,9.66667,1957-01-03,-4.75999989360571,2.32999994792044,-1.21499997284263,1957,1,1957
47.4833,9.66667,1957-01-04,-1.39999996870756,3.07999993115664,0.839999981224537,1957,1,1957
47.4833,9.66667,1957-01-05,-0.629999985918403,4.58999989740551,1.97999995574355,1957,1,1957
47.4833,9.66667,1957-01-06,3.41999992355704,7.40999983437359,5.41499987896532,1957,1,1957
47.4833,9.66667,1957-01-07,4.03999990969896,9.73999978229403,6.8899998459965,1957,1,1957
47.4833,9.66667,1957-01-08,0.439999990165234,7.50999983213842,3.97499991115183,1957,1,1957
47.4833,9.66667,1957-01-09,-1.62999996356666,5.06999988667667,1.719999961555,1957,1,1957
47.4833,9.66667,1957-01-10,-3.05999993160367,4.17999990656972,0.559999987483025,1957,1,1957
47.4833,9.66667,1957-01-11,-2.9299999345094,3.97999991104007,0.524999988265336,1957,1,1957
47.4833,9.66667,1957-01-12,-3.13999992981553,1.19999997317791,-0.96999997831881,1957,1,1957
47.4833,9.66667,1957-01-13,-6.34999985806644,-0.119999997317791,-3.23499992769212,1957,1,1957
47.4833,9.66667,1957-01-14,-2.6399999409914,0.489999989047647,-1.07499997597188,1957,1,1957
47.4833,9.66667,1957-01-15,-5.07999988645315,-0.149999996647239,-2.6149999415502,1957,1,1957
47.4833,9.66667,1957-01-16,-5.75999987125397,-1.79999995976686,-3.77999991551042,1957,1,1957
47.4833,9.66667,1957-01-17,-8.22999981604517,-4.54999989829957,-6.38999985717237,1957,1,1957
47.4833,9.66667,1957-01-18,-11.7399997375906,-5.83999986946583,-8.78999980352819,1957,1,1957
47.4833,9.66667,1957-01-19,-14.7599996700883,-6.26999985985458,-10.5149997649714,1957,1,1957
47.4833,9.66667,1957-01-20,-15.189999660477,-5.38999987952411,-10.2899997700006,1957,1,1957
47.4833,9.66667,1957-01-21,-14.1399996839464,-5.15999988466501,-9.64999978430569,1957,1,1957
47.4833,9.66667,1957-01-22,-11.2399997487664,-3.07999993115664,-7.15999983996153,1957,1,1957
47.4833,9.66667,1957-01-23,-11.749999737367,-1.73999996110797,-6.7449998492375,1957,1,1957
47.4833,9.66667,1957-01-24,-11.0699997525662,-1.79999995976686,-6.43499985616654,1957,1,1957
47.4833,9.66667,1957-01-25,-7.25999983772635,0.0799999982118607,-3.58999991975725,1957,1,1957
47.4833,9.66667,1957-01-26,-6.58999985270202,0.949999978765845,-2.81999993696809,1957,1,1957
47.4833,9.66667,1957-01-27,-7.66999982856214,1.59999996423721,-3.03499993216246,1957,1,1957
47.4833,9.66667,1957-01-28,0.489999989047647,5.5699998755008,3.02999993227422,1957,1,1957
47.4833,9.66667,1957-01-29,-1.43999996781349,4.48999989964068,1.52499996591359,1957,1,1957
47.4833,9.66667,1957-01-30,-5.41999987885356,5.15999988466501,-0.129999997094274,1957,1,1957
47.4833,9.66667,1957-01-31,-4.9399998895824,5.22999988310039,0.144999996758997,1957,1,1957
47.4833,9.66667,1957-02-01,-3.16999992914498,5.97999986633658,1.4049999685958,1957,2,1957
47.4833,9.66667,1957-02-02,2.34999994747341,8.39999981224537,5.37499987985939,1957,2,1957
47.4833,9.66667,1957-02-03,1.85999995842576,12.3199997246265,7.08999984152615,1957,2,1957
47.4833,9.66667,1957-02-04,1.41999996826053,10.5299997646362,5.97499986644834,1957,2,1957
47.4833,9.66667,1957-02-05,2.32999994792044,10.3099997695535,6.31999985873699,1957,2,1957
47.4833,9.66667,1957-02-06,-0.589999986812472,8.2099998164922,3.80999991483986,1957,2,1957
47.4833,9.66667,1957-02-07,-0.0399999991059303,7.65999982878566,3.80999991483986,1957,2,1957
47.4833,9.66667,1957-02-08,1.99999995529652,9.99999977648258,5.99999986588955,1957,2,1957
47.4833,9.66667,1957-02-09,1.90999995730817,10.9899997543544,6.44999985583127,1957,2,1957
47.4833,9.66667,1957-02-10,2.83999993652105,9.65999978408217,6.24999986030161,1957,2,1957
47.4833,9.66667,1957-02-11,1.06999997608364,8.42999981157482,4.74999989382923,1957,2,1957
47.4833,9.66667,1957-02-12,1.06999997608364,6.50999985449016,3.7899999152869,1957,2,1957
47.4833,9.66667,1957-02-13,0.249999994412065,5.80999987013638,3.02999993227422,1957,2,1957
47.4833,9.66667,1957-02-14,1.02999997697771,7.46999983303249,4.2499999050051,1957,2,1957
47.4833,9.66667,1957-02-15,2.05999995395541,7.20999983884394,4.63499989639968,1957,2,1957
47.4833,9.66667,1957-02-16,1.5499999653548,8.06999981962144,4.80999989248812,1957,2,1957
47.4833,9.66667,1957-02-17,-0.65999998524785,4.91999989002943,2.12999995239079,1957,2,1957
47.4833,9.66667,1957-02-18,-0.459999989718199,7.19999983906746,3.36999992467463,1957,2,1957
47.4833,9.66667,1957-02-19,-0.0699999984353781,5.22999988310039,2.57999994233251,1957,2,1957
47.4833,9.66667,1957-02-20,-1.86999995820224,5.46999987773597,1.79999995976686,1957,2,1957
47.4833,9.66667,1957-02-21,-3.34999992512167,6.30999985896051,1.47999996691942,1957,2,1957
47.4833,9.66667,1957-02-22,-2.02999995462596,2.97999993339181,0.474999989382923,1957,2,1957
47.4833,9.66667,1957-02-23,-5.30999988131225,3.96999991126359,-0.669999985024333,1957,2,1957
47.4833,9.66667,1957-02-24,-0.939999978989363,6.77999984845519,2.91999993473291,1957,2,1957
47.4833,9.66667,1957-02-25,2.16999995149672,6.18999986164272,4.17999990656972,1957,2,1957
47.4833,9.66667,1957-02-26,4.59999989718199,12.6999997161329,8.64999980665743,1957,2,1957
47.4833,9.66667,1957-02-27,3.06999993138015,8.74999980442226,5.90999986790121,1957,2,1957
47.4833,9.66667,1957-02-28,1.34999996982515,4.95999988913536,3.15499992948025,1957,2,1957
47.4833,9.66667,1957-03-01,-1.61999996379018,3.87999991327524,1.12999997474253,1957,3,1957
47.4833,9.66667,1957-03-02,-4.80999989248812,4.22999990545213,-0.289999993517995,1957,3,1957
47.4833,9.66667,1957-03-03,-5.83999986946583,6.5999998524785,0.379999991506338,1957,3,1957
47.4833,9.66667,1957-03-04,-4.61999989673495,8.27999981492758,1.82999995909631,1957,3,1957
47.4833,9.66667,1957-03-05,-3.13999992981553,11.169999750331,4.01499991025776,1957,3,1957
47.4833,9.66667,1957-03-06,-1.7799999602139,12.3899997230619,5.30499988142401,1957,3,1957
47.4833,9.66667,1957-03-07,3.04999993182719,15.2999996580184,9.17499979492277,1957,3,1957
47.4833,9.66667,1957-03-08,5.41999987885356,10.3899997677654,7.90499982330948,1957,3,1957
47.4833,9.66667,1957-03-09,5.06999988667667,9.72999978251755,7.39999983459711,1957,3,1957
47.4833,9.66667,1957-03-10,5.32999988086522,7.85999982431531,6.59499985259026,1957,3,1957
47.4833,9.66667,1957-03-11,2.74999993853271,10.8499997574836,6.79999984800816,1957,3,1957
47.4833,9.66667,1957-03-12,1.20999997295439,12.4799997210503,6.84499984700233,1957,3,1957
47.4833,9.66667,1957-03-13,0.0799999982118607,14.7299996707588,7.40499983448535,1957,3,1957
47.4833,9.66667,1957-03-14,-0.0999999977648258,15.20999966003,7.55499983113259,1957,3,1957
47.4833,9.66667,1957-03-15,1.10999997518957,16.4699996318668,8.78999980352819,1957,3,1957
47.4833,9.66667,1957-03-16,4.43999990075827,15.2199996598065,9.82999978028238,1957,3,1957
47.4833,9.66667,1957-03-17,6.57999985292554,15.7499996479601,11.1649997504428,1957,3,1957
47.4833,9.66667,1957-03-18,6.64999985136092,13.7699996922165,10.2099997717887,1957,3,1957
47.4833,9.66667,1957-03-19,7.56999983079731,12.1099997293204,9.83999978005886,1957,3,1957
47.4833,9.66667,1957-03-20,7.1199998408556,18.0399995967746,12.5799997188151,1957,3,1957
47.4833,9.66667,1957-03-21,4.17999990656972,17.7299996037036,10.9549997551367,1957,3,1957
47.4833,9.66667,1957-03-22,8.15999981760979,15.3099996577948,11.7349997377023,1957,3,1957
47.4833,9.66667,1957-03-23,3.93999991193414,16.0199996419251,9.97999977692962,1957,3,1957
47.4833,9.66667,1957-03-24,6.45999985560775,16.9199996218085,11.6899997387081,1957,3,1957
47.4833,9.66667,1957-03-25,6.05999986454844,14.5699996743351,10.3149997694418,1957,3,1957
47.4833,9.66667,1957-03-26,4.11999990791082,13.3199997022748,8.71999980509281,1957,3,1957
47.4833,9.66667,1957-03-27,3.80999991483986,14.4399996772408,9.12499979604036,1957,3,1957
47.4833,9.66667,1957-03-28,5.95999986678362,15.8899996448308,10.9249997558072,1957,3,1957
47.4833,9.66667,1957-03-29,8.58999980799854,14.0099996868521,11.2999997474253,1957,3,1957
47.4833,9.66667,1957-03-30,5.63999987393618,11.1599997505546,8.39999981224537,1957,3,1957
47.4833,9.66667,1957-03-31,0.549999987706542,10.5199997648597,5.53499987628311,1957,3,1957
47.4833,9.66667,1957-04-01,1.61999996379018,8.30999981425703,4.9649998890236,1957,4,1957
47.4833,9.66667,1957-04-02,1.04999997653067,10.5999997630715,5.8249998698011,1957,4,1957
47.4833,9.66667,1957-04-03,3.34999992512167,9.62999978475273,6.4899998549372,1957,4,1957
47.4833,9.66667,1957-04-04,3.13999992981553,8.97999979928136,6.05999986454844,1957,4,1957
47.4833,9.66667,1957-04-05,3.94999991171062,14.3299996796995,9.13999979570508,1957,4,1957
47.4833,9.66667,1957-04-06,5.59999987483025,18.379999589175,11.9899997320026,1957,4,1957
47.4833,9.66667,1957-04-07,7.37999983504415,12.2999997250736,9.83999978005886,1957,4,1957
47.4833,9.66667,1957-04-08,2.03999995440245,8.94999979995191,5.49499987717718,1957,4,1957
47.4833,9.66667,1957-04-09,0.529999988153577,5.01999988779426,2.77499993797392,1957,4,1957
47.4833,9.66667,1957-04-10,-0.0699999984353781,8.04999982006848,3.98999991081655,1957,4,1957
47.4833,9.66667,1957-04-11,1.06999997608364,10.8599997572601,5.96499986667186,1957,4,1957
47.4833,9.66667,1957-04-12,1.98999995552003,7.749999826774,4.86999989114702,1957,4,1957
47.4833,9.66667,1957-04-13,-0.139999996870756,4.91999989002943,2.38999994657934,1957,4,1957
47.4833,9.66667,1957-04-14,-1.64999996311963,4.72999989427626,1.53999996557832,1957,4,1957
47.4833,9.66667,1957-04-15,-1.95999995619059,5.85999986901879,1.9499999564141,1957,4,1957
47.4833,9.66667,1957-04-16,-1.11999997496605,5.03999988734722,1.95999995619059,1957,4,1957
47.4833,9.66667,1957-04-17,-3.2699999269098,10.9799997545779,3.85499991383404,1957,4,1957
47.4833,9.66667,1957-04-18,-0.439999990165234,14.4899996761233,7.02499984297901,1957,4,1957
47.4833,9.66667,1957-04-19,2.88999993540347,10.5099997650832,6.69999985024333,1957,4,1957
47.4833,9.66667,1957-04-20,6.4299998562783,11.5399997420609,8.9849997991696,1957,4,1957
47.4833,9.66667,1957-04-21,6.56999985314906,10.7999997586012,8.68499980587512,1957,4,1957
47.4833,9.66667,1957-04-22,4.76999989338219,13.6399996951222,9.20499979425222,1957,4,1957
47.4833,9.66667,1957-04-23,1.87999995797873,16.1299996394664,9.00499979872257,1957,4,1957
47.4833,9.66667,1957-04-24,2.82999993674457,18.0999995954335,10.464999766089,1957,4,1957
47.4833,9.66667,1957-04-25,4.13999990746379,18.3099995907396,11.2249997491017,1957,4,1957
47.4833,9.66667,1957-04-26,5.99999986588955,15.5999996513128,10.7999997586012,1957,4,1957
47.4833,9.66667,1957-04-27,5.91999986767769,17.1899996157736,11.5549997417256,1957,4,1957
47.4833,9.66667,1957-04-28,5.31999988108873,20.4499995429069,12.8849997119978,1957,4,1957
47.4833,9.66667,1957-04-29,7.24999983794987,19.3099995683879,13.2799997031689,1957,4,1957
47.4833,9.66667,1957-04-30,6.58999985270202,21.9799995087087,14.2849996807054,1957,4,1957
47.4833,9.66667,1957-05-01,10.5299997646362,15.6099996510893,13.0699997078627,1957,5,NA
47.4833,9.66667,1957-05-02,6.50999985449016,10.6699997615069,8.58999980799854,1957,5,NA
47.4833,9.66667,1957-05-03,5.12999988533556,11.189999749884,8.15999981760979,1957,5,NA
47.4833,9.66667,1957-05-04,3.12999993003905,11.5499997418374,7.33999983593822,1957,5,NA
47.4833,9.66667,1957-05-05,1.61999996379018,14.4599996767938,8.039999820292,1957,5,NA
47.4833,9.66667,1957-05-06,1.9499999564141,10.879999756813,6.41499985661358,1957,5,NA
47.4833,9.66667,1957-05-07,-0.979999978095293,4.6499998960644,1.83499995898455,1957,5,NA
47.4833,9.66667,1957-05-08,-1.27999997138977,4.43999990075827,1.57999996468425,1957,5,NA
47.4833,9.66667,1957-05-09,-4.09999990835786,8.35999981313944,2.12999995239079,1957,5,NA
47.4833,9.66667,1957-05-10,-1.29999997094274,14.7499996703118,6.72499984968454,1957,5,NA
47.4833,9.66667,1957-05-11,3.33999992534518,16.7399996258318,10.0399997755885,1957,5,NA
47.4833,9.66667,1957-05-12,4.16999990679324,19.9199995547533,12.0449997307733,1957,5,NA
47.4833,9.66667,1957-05-13,9.02999979816377,18.3499995898455,13.6899996940047,1957,5,NA
47.4833,9.66667,1957-05-14,6.43999985605478,16.3399996347725,11.3899997454137,1957,5,NA
47.4833,9.66667,1957-05-15,6.64999985136092,19.7399995587766,13.1949997050688,1957,5,NA
47.4833,9.66667,1957-05-16,6.6599998511374,22.2199995033443,14.4399996772408,1957,5,NA
47.4833,9.66667,1957-05-17,7.30999983660877,16.059999641031,11.6849997388199,1957,5,NA
47.4833,9.66667,1957-05-18,6.49999985471368,12.8599997125566,9.67999978363514,1957,5,NA
47.4833,9.66667,1957-05-19,4.49999989941716,19.6099995616823,12.0549997305498,1957,5,NA
47.4833,9.66667,1957-05-20,6.51999985426664,13.9099996890873,10.214999771677,1957,5,NA
47.4833,9.66667,1957-05-21,6.04999986477196,9.25999979302287,7.65499982889742,1957,5,NA
47.4833,9.66667,1957-05-22,6.58999985270202,14.0999996848404,10.3449997687712,1957,5,NA
47.4833,9.66667,1957-05-23,6.04999986477196,11.5599997416139,8.80499980319291,1957,5,NA
47.4833,9.66667,1957-05-24,3.0999999307096,15.1799996607006,9.13999979570508,1957,5,NA
47.4833,9.66667,1957-05-25,6.8899998459965,11.8099997360259,9.34999979101121,1957,5,NA
47.4833,9.66667,1957-05-26,7.5199998319149,15.479999653995,11.499999742955,1957,5,NA
47.4833,9.66667,1957-05-27,4.67999989539385,11.3499997463077,8.01499982085079,1957,5,NA
47.4833,9.66667,1957-05-28,3.30999992601573,7.55999983102083,5.43499987851828,1957,5,NA
47.4833,9.66667,1957-05-29,4.66999989561737,8.18999981693923,6.4299998562783,1957,5,NA
47.4833,9.66667,1957-05-30,3.37999992445111,13.8499996904284,8.61499980743974,1957,5,NA
47.4833,9.66667,1957-05-31,3.17999992892146,17.9999995976686,10.5899997632951,1957,5,NA
47.4833,9.66667,1957-06-01,7.58999983035028,17.0299996193498,12.3099997248501,1957,6,NA
47.4833,9.66667,1957-06-02,8.62999980710447,20.1499995496124,14.3899996783584,1957,6,NA
47.4833,9.66667,1957-06-03,7.08999984152615,22.08999950625,14.5899996738881,1957,6,NA
47.4833,9.66667,1957-06-04,8.58999980799854,21.6399995163083,15.1149996621534,1957,6,NA
47.4833,9.66667,1957-06-05,11.2899997476488,15.9799996428192,13.634999695234,1957,6,NA
47.4833,9.66667,1957-06-06,9.89999977871776,15.8899996448308,12.8949997117743,1957,6,NA
47.4833,9.66667,1957-06-07,8.01999982073903,20.659999538213,14.339999679476,1957,6,NA
47.4833,9.66667,1957-06-08,10.049999775365,19.2899995688349,14.6699996720999,1957,6,NA
47.4833,9.66667,1957-06-09,9.5899997856468,22.669999493286,16.1299996394664,1957,6,NA
47.4833,9.66667,1957-06-10,10.5799997635186,22.2599995024502,16.4199996329844,1957,6,NA
47.4833,9.66667,1957-06-11,9.3599997907877,22.1799995042384,15.769999647513,1957,6,NA
47.4833,9.66667,1957-06-12,11.3699997458607,19.8799995556474,15.624999650754,1957,6,NA
47.4833,9.66667,1957-06-13,9.23999979346991,12.8099997136742,11.024999753572,1957,6,NA
47.4833,9.66667,1957-06-14,9.9899997767061,21.7899995129555,15.8899996448308,1957,6,NA
47.4833,9.66667,1957-06-15,13.75999969244,26.3699994105846,20.0649995515123,1957,6,NA
47.4833,9.66667,1957-06-16,13.5799996964633,26.7899994011968,20.1849995488301,1957,6,NA
47.4833,9.66667,1957-06-17,13.3699997011572,26.6799994036555,20.0249995524064,1957,6,NA
47.4833,9.66667,1957-06-18,12.079999729991,21.8999995104969,16.9899996202439,1957,6,NA
47.4833,9.66667,1957-06-19,11.6099997404963,22.8999994881451,17.2549996143207,1957,6,NA
47.4833,9.66667,1957-06-20,14.1699996832758,25.1999994367361,19.684999560006,1957,6,NA
47.4833,9.66667,1957-06-21,13.489999698475,26.149999415502,19.8199995569885,1957,6,NA
47.4833,9.66667,1957-06-22,13.4799996986985,27.6599993817508,20.5699995402247,1957,6,NA
47.4833,9.66667,1957-06-23,13.6799996942282,21.5599995180964,17.6199996061623,1957,6,NA
47.4833,9.66667,1957-06-24,12.8099997136742,20.1699995491654,16.4899996314198,1957,6,NA
47.4833,9.66667,1957-06-25,12.2699997257441,19.6799995601177,15.9749996429309,1957,6,NA
47.4833,9.66667,1957-06-26,9.89999977871776,14.6099996734411,12.2549997260794,1957,6,NA
47.4833,9.66667,1957-06-27,7.749999826774,15.3899996560067,11.5699997413903,1957,6,NA
47.4833,9.66667,1957-06-28,5.06999988667667,20.1399995498359,12.6049997182563,1957,6,NA
47.4833,9.66667,1957-06-29,8.36999981291592,25.6299994271249,16.9999996200204,1957,6,NA
47.4833,9.66667,1957-06-30,11.9799997322261,28.5999993607402,20.2899995464832,1957,6,NA
47.4833,9.66667,1957-07-01,14.1599996834993,28.2599993683398,21.2099995259196,1957,7,NA
47.4833,9.66667,1957-07-02,14.8199996687472,27.849999377504,21.3349995231256,1957,7,NA
47.4833,9.66667,1957-07-03,14.2599996812642,28.139999371022,21.1999995261431,1957,7,NA
47.4833,9.66667,1957-07-04,15.499999653548,30.3799993209541,22.939999487251,1957,7,NA
47.4833,9.66667,1957-07-05,16.639999628067,32.0799992829561,24.3599994555116,1957,7,NA
47.4833,9.66667,1957-07-06,17.1899996157736,32.0399992838502,24.6149994498119,1957,7,NA
47.4833,9.66667,1957-07-07,17.0599996186793,31.9899992849678,24.5249994518235,1957,7,NA
47.4833,9.66667,1957-07-08,17.9599995985627,32.6199992708862,25.2899994347245,1957,7,NA
47.4833,9.66667,1957-07-09,17.1799996159971,29.87999933213,23.5299994740635,1957,7,NA
47.4833,9.66667,1957-07-10,16.4899996314198,25.2999994345009,20.8949995329604,1957,7,NA
47.4833,9.66667,1957-07-11,12.2399997264147,18.3699995893985,15.3049996579066,1957,7,NA
47.4833,9.66667,1957-07-12,10.7999997586012,14.1899996828288,12.494999720715,1957,7,NA
47.4833,9.66667,1957-07-13,8.84999980218709,22.5799994952977,15.7149996487424,1957,7,NA
47.4833,9.66667,1957-07-14,13.6799996942282,21.839999511838,17.7599996030331,1957,7,NA
47.4833,9.66667,1957-07-15,13.75999969244,17.9199995994568,15.8399996459484,1957,7,NA
47.4833,9.66667,1957-07-16,10.9899997543544,16.5899996291846,13.7899996917695,1957,7,NA
47.4833,9.66667,1957-07-17,10.5699997637421,16.9699996206909,13.7699996922165,1957,7,NA
47.4833,9.66667,1957-07-18,9.50999978743494,16.4999996311963,13.0049997093156,1957,7,NA
47.4833,9.66667,1957-07-19,11.6099997404963,21.9899995084852,16.7999996244907,1957,7,NA
47.4833,9.66667,1957-07-20,11.3399997465312,15.6099996510893,13.4749996988103,1957,7,NA
47.4833,9.66667,1957-07-21,10.6899997610599,15.3699996564537,13.0299997087568,1957,7,NA
47.4833,9.66667,1957-07-22,10.0999997742474,14.1399996839464,12.1199997290969,1957,7,NA
47.4833,9.66667,1957-07-23,9.49999978765845,13.1099997069687,11.3049997473136,1957,7,NA
47.4833,9.66667,1957-07-24,10.6199997626245,13.0299997087568,11.8249997356907,1957,7,NA
47.4833,9.66667,1957-07-25,10.4799997657537,18.5199995860457,14.4999996758997,1957,7,NA
47.4833,9.66667,1957-07-26,13.4999996982515,20.2399995476007,16.8699996229261,1957,7,NA
47.4833,9.66667,1957-07-27,14.0299996864051,21.9199995100498,17.9749995982274,1957,7,NA
47.4833,9.66667,1957-07-28,10.9299997556955,17.7699996028095,14.3499996792525,1957,7,NA
47.4833,9.66667,1957-07-29,9.51999978721142,16.3299996349961,12.9249997111037,1957,7,NA
47.4833,9.66667,1957-07-30,10.6599997617304,16.3799996338785,13.5199996978045,1957,7,NA
47.4833,9.66667,1957-07-31,10.4899997655302,21.5399995185435,16.0149996420369,1957,7,NA
47.4833,9.66667,1957-08-01,10.0899997744709,23.829999467358,16.9599996209145,1957,8,NA
47.4833,9.66667,1957-08-02,10.359999768436,25.2199994362891,17.7899996023625,1957,8,NA
47.4833,9.66667,1957-08-03,11.0599997527897,25.6099994275719,18.3349995901808,1957,8,NA
47.4833,9.66667,1957-08-04,12.1599997282028,24.099999461323,18.1299995947629,1957,8,NA
47.4833,9.66667,1957-08-05,10.3899997677654,24.2699994575232,17.3299996126443,1957,8,NA
47.4833,9.66667,1957-08-06,10.879999756813,25.6399994269013,18.2599995918572,1957,8,NA
47.4833,9.66667,1957-08-07,12.8399997130036,23.519999474287,18.1799995936453,1957,8,NA
47.4833,9.66667,1957-08-08,14.1499996837229,25.2899994347245,19.7199995592237,1957,8,NA
47.4833,9.66667,1957-08-09,16.4699996318668,25.239999435842,20.8549995338544,1957,8,NA
47.4833,9.66667,1957-08-10,14.5299996752292,28.5599993616343,21.5449995184317,1957,8,NA
47.4833,9.66667,1957-08-11,13.9799996875226,23.3499994780868,18.6649995828047,1957,8,NA
47.4833,9.66667,1957-08-12,13.5999996960163,25.6499994266778,19.6249995613471,1957,8,NA
47.4833,9.66667,1957-08-13,14.2499996814877,17.2799996137619,15.7649996476248,1957,8,NA
47.4833,9.66667,1957-08-14,13.6599996946752,18.5999995842576,16.1299996394664,1957,8,NA
47.4833,9.66667,1957-08-15,12.5099997203797,16.7099996265024,14.6099996734411,1957,8,NA
47.4833,9.66667,1957-08-16,9.33999979123473,20.1799995489419,14.7599996700883,1957,8,NA
47.4833,9.66667,1957-08-17,10.879999756813,15.6299996506423,13.2549997037277,1957,8,NA
47.4833,9.66667,1957-08-18,10.0599997751415,18.8899995777756,14.4749996764585,1957,8,NA
47.4833,9.66667,1957-08-19,10.9099997561425,17.6199996061623,14.2649996811524,1957,8,NA
47.4833,9.66667,1957-08-20,9.86999977938831,12.9999997094274,11.4349997444078,1957,8,NA
47.4833,9.66667,1957-08-21,10.3799997679889,18.0299995969981,14.2049996824935,1957,8,NA
47.4833,9.66667,1957-08-22,12.7199997156858,19.1099995728582,15.914999644272,1957,8,NA
47.4833,9.66667,1957-08-23,9.51999978721142,17.7599996030331,13.6399996951222,1957,8,NA
47.4833,9.66667,1957-08-24,7.53999983146787,19.5299995634705,13.5349996974692,1957,8,NA
47.4833,9.66667,1957-08-25,12.5199997201562,19.6699995603412,16.0949996402487,1957,8,NA
47.4833,9.66667,1957-08-26,7.99999982118607,19.0799995735288,13.5399996973574,1957,8,NA
47.4833,9.66667,1957-08-27,10.0799997746944,16.8499996233732,13.4649996990338,1957,8,NA
47.4833,9.66667,1957-08-28,9.44999978877604,12.7999997138977,11.1249997513369,1957,8,NA
47.4833,9.66667,1957-08-29,9.76999978162348,14.049999685958,11.9099997337908,1957,8,NA
47.4833,9.66667,1957-08-30,7.52999983169138,17.529999608174,12.5299997199327,1957,8,NA
47.4833,9.66667,1957-08-31,8.31999981403351,18.6599995829165,13.489999698475,1957,8,NA
47.4833,9.66667,1957-09-01,7.50999983213842,19.1899995710701,13.3499997016042,1957,9,NA
47.4833,9.66667,1957-09-02,10.1799997724593,18.9999995753169,14.5899996738881,1957,9,NA
47.4833,9.66667,1957-09-03,10.6199997626245,17.7099996041507,14.1649996833876,1957,9,NA
47.4833,9.66667,1957-09-04,9.24999979324639,14.6799996718764,11.9649997325614,1957,9,NA
47.4833,9.66667,1957-09-05,8.42999981157482,16.8099996242672,12.619999717921,1957,9,NA
47.4833,9.66667,1957-09-06,4.73999989405274,19.4099995661527,12.0749997301027,1957,9,NA
47.4833,9.66667,1957-09-07,10.0799997746944,20.5799995400012,15.3299996573478,1957,9,NA
47.4833,9.66667,1957-09-08,9.89999977871776,23.1199994832277,16.5099996309727,1957,9,NA
47.4833,9.66667,1957-09-09,10.8699997570366,25.7099994253367,18.2899995911866,1957,9,NA
47.4833,9.66667,1957-09-10,10.7599997594953,17.8099996019155,14.2849996807054,1957,9,NA
47.4833,9.66667,1957-09-11,8.68999980576336,17.9599995985627,13.324999702163,1957,9,NA
47.4833,9.66667,1957-09-12,9.89999977871776,16.8499996233732,13.3749997010455,1957,9,NA
47.4833,9.66667,1957-09-13,10.6399997621775,16.079999640584,13.3599997013807,1957,9,NA
47.4833,9.66667,1957-09-14,6.49999985471368,15.519999653101,11.0099997539073,1957,9,NA
47.4833,9.66667,1957-09-15,5.77999987080693,8.93999980017543,7.35999983549118,1957,9,NA
47.4833,9.66667,1957-09-16,5.93999986723065,10.8899997565895,8.41499981191009,1957,9,NA
47.4833,9.66667,1957-09-17,5.99999986588955,11.8999997340143,8.94999979995191,1957,9,NA
47.4833,9.66667,1957-09-18,6.11999986320734,14.9799996651709,10.5499997641891,1957,9,NA
47.4833,9.66667,1957-09-19,8.19999981671572,19.4399995654821,13.8199996910989,1957,9,NA
47.4833,9.66667,1957-09-20,6.72999984957278,19.4699995648116,13.0999997071922,1957,9,NA
47.4833,9.66667,1957-09-21,7.13999984040856,20.8099995348603,13.9749996876344,1957,9,NA
47.4833,9.66667,1957-09-22,8.55999980866909,21.3499995227903,14.9549996657297,1957,9,NA
47.4833,9.66667,1957-09-23,13.7499996926636,18.7299995813519,16.2399996370077,1957,9,NA
47.4833,9.66667,1957-09-24,13.8299996908754,15.8699996452779,14.8499996680766,1957,9,NA
47.4833,9.66667,1957-09-25,13.8299996908754,18.7499995809048,16.2899996358901,1957,9,NA
47.4833,9.66667,1957-09-26,11.8399997353554,16.7299996260554,14.2849996807054,1957,9,NA
47.4833,9.66667,1957-09-27,11.209999749437,16.5999996289611,13.904999689199,1957,9,NA
47.4833,9.66667,1957-09-28,8.36999981291592,13.1899997051805,10.7799997590482,1957,9,NA
47.4833,9.66667,1957-09-29,4.83999989181757,16.3599996343255,10.5999997630715,1957,9,NA
47.4833,9.66667,1957-09-30,6.4299998562783,15.2899996582419,10.8599997572601,1957,9,NA
47.4833,9.66667,1957-10-01,4.29999990388751,11.0099997539073,7.65499982889742,1957,10,1958
47.4833,9.66667,1957-10-02,3.73999991640449,10.0399997755885,6.8899998459965,1957,10,1958
47.4833,9.66667,1957-10-03,2.2399999499321,12.4299997221678,7.33499983604997,1957,10,1958
47.4833,9.66667,1957-10-04,0.61999998614192,13.7899996917695,7.2049998389557,1957,10,1958
47.4833,9.66667,1957-10-05,2.83999993652105,11.5199997425079,7.17999983951449,1957,10,1958
47.4833,9.66667,1957-10-06,1.75999996066093,11.189999749884,6.47499985527247,1957,10,1958
47.4833,9.66667,1957-10-07,1.1499999742955,14.7399996705353,7.94499982241541,1957,10,1958
47.4833,9.66667,1957-10-08,3.46999992243946,15.6999996490777,9.58499978575855,1957,10,1958
47.4833,9.66667,1957-10-09,3.46999992243946,14.7199996709824,9.09499979671091,1957,10,1958
47.4833,9.66667,1957-10-10,4.77999989315867,15.8399996459484,10.3099997695535,1957,10,1958
47.4833,9.66667,1957-10-11,6.12999986298382,16.349999634549,11.2399997487664,1957,10,1958
47.4833,9.66667,1957-10-12,7.72999982722104,16.4499996323138,12.0899997297674,1957,10,1958
47.4833,9.66667,1957-10-13,8.31999981403351,18.5799995847046,13.4499996993691,1957,10,1958
47.4833,9.66667,1957-10-14,8.2099998164922,15.229999659583,11.7199997380376,1957,10,1958
47.4833,9.66667,1957-10-15,7.61999982967973,14.0999996848404,10.8599997572601,1957,10,1958
47.4833,9.66667,1957-10-16,8.1499998178333,13.6899996940047,10.919999755919,1957,10,1958
47.4833,9.66667,1957-10-17,6.69999985024333,16.639999628067,11.6699997391552,1957,10,1958
47.4833,9.66667,1957-10-18,7.32999983616173,17.7099996041507,12.5199997201562,1957,10,1958
47.4833,9.66667,1957-10-19,7.75999982655048,19.6399995610118,13.6999996937811,1957,10,1958
47.4833,9.66667,1957-10-20,7.35999983549118,18.2699995916337,12.8149997135624,1957,10,1958
47.4833,9.66667,1957-10-21,5.17999988421798,12.909999711439,9.0449997978285,1957,10,1958
47.4833,9.66667,1957-10-22,2.68999993987381,8.68999980576336,5.68999987281859,1957,10,1958
47.4833,9.66667,1957-10-23,2.56999994255602,8.71999980509281,5.64499987382442,1957,10,1958
47.4833,9.66667,1957-10-24,1.40999996848404,8.27999981492758,4.84499989170581,1957,10,1958
47.4833,9.66667,1957-10-25,-0.919999979436398,11.0799997523427,5.07999988645315,1957,10,1958
47.4833,9.66667,1957-10-26,-0.699999984353781,11.6999997384846,5.49999987706542,1957,10,1958
47.4833,9.66667,1957-10-27,0.259999994188547,12.5399997197092,6.39999985694885,1957,10,1958
47.4833,9.66667,1957-10-28,1.38999996893108,12.1999997273088,6.79499984811991,1957,10,1958
47.4833,9.66667,1957-10-29,4.06999990902841,12.5399997197092,8.30499981436878,1957,10,1958
47.4833,9.66667,1957-10-30,1.46999996714294,11.5899997409433,6.52999985404313,1957,10,1958
47.4833,9.66667,1957-10-31,1.79999995976686,11.6599997393787,6.72999984957278,1957,10,1958
47.4833,9.66667,1957-11-01,1.98999995552003,12.2299997266382,7.10999984107912,1957,11,1958
47.4833,9.66667,1957-11-02,2.16999995149672,13.7899996917695,7.9799998216331,1957,11,1958
47.4833,9.66667,1957-11-03,3.06999993138015,8.82999980263412,5.94999986700714,1957,11,1958
47.4833,9.66667,1957-11-04,0.829999981448054,8.86999980174005,4.84999989159405,1957,11,1958
47.4833,9.66667,1957-11-05,1.26999997161329,12.7499997150153,7.00999984331429,1957,11,1958
47.4833,9.66667,1957-11-06,2.80999993719161,15.0999996624887,8.95499979984015,1957,11,1958
47.4833,9.66667,1957-11-07,5.42999987863004,12.2199997268617,8.82499980274588,1957,11,1958
47.4833,9.66667,1957-11-08,4.50999989919364,10.049999775365,7.27999983727932,1957,11,1958
47.4833,9.66667,1957-11-09,5.0499998871237,7.99999982118607,6.52499985415488,1957,11,1958
47.4833,9.66667,1957-11-10,3.25999992713332,9.23999979346991,6.24999986030161,1957,11,1958
47.4833,9.66667,1957-11-11,4.58999989740551,8.53999980911613,6.56499985326082,1957,11,1958
47.4833,9.66667,1957-11-12,4.94999988935888,6.73999984934926,5.84499986935407,1957,11,1958
47.4833,9.66667,1957-11-13,4.72999989427626,7.94999982230365,6.33999985828996,1957,11,1958
47.4833,9.66667,1957-11-14,3.20999992825091,7.9799998216331,5.594999874942,1957,11,1958
47.4833,9.66667,1957-11-15,1.09999997541308,6.95999984443188,4.02999990992248,1957,11,1958
47.4833,9.66667,1957-11-16,-0.139999996870756,7.42999983392656,3.6449999185279,1957,11,1958
47.4833,9.66667,1957-11-17,0.119999997317791,7.40999983437359,3.76499991584569,1957,11,1958
47.4833,9.66667,1957-11-18,0.289999993517995,8.25999981537461,4.2749999044463,1957,11,1958
47.4833,9.66667,1957-11-19,1.32999997027218,5.40999987907708,3.36999992467463,1957,11,1958
47.4833,9.66667,1957-11-20,0.609999986365438,3.36999992467463,1.98999995552003,1957,11,1958
47.4833,9.66667,1957-11-21,-0.0199999995529652,2.44999994523823,1.21499997284263,1957,11,1958
47.4833,9.66667,1957-11-22,-0.57999998703599,2.55999994277954,0.989999977871776,1957,11,1958
47.4833,9.66667,1957-11-23,-0.789999982342124,3.42999992333353,1.3199999704957,1957,11,1958
47.4833,9.66667,1957-11-24,-0.999999977648258,2.45999994501472,0.729999983683228,1957,11,1958
47.4833,9.66667,1957-11-25,-1.32999997027218,4.98999988846481,1.82999995909631,1957,11,1958
47.4833,9.66667,1957-11-26,-2.84999993629754,5.53999987617135,1.34499996993691,1957,11,1958
47.4833,9.66667,1957-11-27,-0.899999979883432,7.31999983638525,3.20999992825091,1957,11,1958
47.4833,9.66667,1957-11-28,-0.999999977648258,2.36999994702637,0.684999984689057,1957,11,1958
47.4833,9.66667,1957-11-29,-0.689999984577298,3.24999992735684,1.27999997138977,1957,11,1958
47.4833,9.66667,1957-11-30,1.13999997451901,4.61999989673495,2.87999993562698,1957,11,1958
47.4833,9.66667,1957-12-01,-4.11999990791082,3.85999991372228,-0.129999997094274,1957,12,1958
47.4833,9.66667,1957-12-02,-7.3499998357147,-0.389999991282821,-3.86999991349876,1957,12,1958
47.4833,9.66667,1957-12-03,-8.08999981917441,-0.569999987259507,-4.32999990321696,1957,12,1958
47.4833,9.66667,1957-12-04,-3.79999991506338,2.56999994255602,-0.614999986253679,1957,12,1958
47.4833,9.66667,1957-12-05,-1.5499999653548,2.09999995306134,0.274999993853271,1957,12,1958
47.4833,9.66667,1957-12-06,-1.70999996177852,5.23999988287687,1.76499996054918,1957,12,1958
47.4833,9.66667,1957-12-07,-4.07999990880489,1.32999997027218,-1.37499996926636,1957,12,1958
47.4833,9.66667,1957-12-08,-4.92999988980591,3.57999991998076,-0.674999984912574,1957,12,1958
47.4833,9.66667,1957-12-09,1.62999996356666,8.8999998010695,5.26499988231808,1957,12,1958
47.4833,9.66667,1957-12-10,2.98999993316829,9.56999978609383,6.27999985963106,1957,12,1958
47.4833,9.66667,1957-12-11,-1.99999995529652,4.09999990835786,1.04999997653067,1957,12,1958
47.4833,9.66667,1957-12-12,-2.44999994523823,10.1299997735769,3.83999991416931,1957,12,1958
47.4833,9.66667,1957-12-13,0.149999996647239,11.8399997353554,5.99499986600131,1957,12,1958
47.4833,9.66667,1957-12-14,1.87999995797873,9.78999978117645,5.83499986957759,1957,12,1958
47.4833,9.66667,1957-12-15,1.6099999640137,5.95999986678362,3.78499991539866,1957,12,1958
47.4833,9.66667,1957-12-16,-0.179999995976686,3.56999992020428,1.6949999621138,1957,12,1958
47.4833,9.66667,1957-12-17,-0.919999979436398,1.55999996513128,0.319999992847443,1957,12,1958
47.4833,9.66667,1957-12-18,-1.5499999653548,0.489999989047647,-0.529999988153577,1957,12,1958
47.4833,9.66667,1957-12-19,-3.90999991260469,0.409999990835786,-1.74999996088445,1957,12,1958
47.4833,9.66667,1957-12-20,-3.1599999293685,2.95999993383884,-0.0999999977648258,1957,12,1958
47.4833,9.66667,1957-12-21,-3.42999992333353,2.01999995484948,-0.704999984242022,1957,12,1958
47.4833,9.66667,1957-12-22,-5.83999986946583,1.11999997496605,-2.35999994724989,1957,12,1958
47.4833,9.66667,1957-12-23,-7.94999982230365,-1.03999997675419,-4.49499989952892,1957,12,1958
47.4833,9.66667,1957-12-24,-6.8299998473376,4.34999990276992,-1.23999997228384,1957,12,1958
47.4833,9.66667,1957-12-25,-3.63999991863966,6.96999984420836,1.66499996278435,1957,12,1958
47.4833,9.66667,1957-12-26,-1.39999996870756,7.5799998305738,3.08999993093312,1957,12,1958
47.4833,9.66667,1957-12-27,-3.39999992400408,3.39999992400408,0,1957,12,1958
47.4833,9.66667,1957-12-28,-5.70999987237155,1.9499999564141,-1.87999995797873,1957,12,1958
47.4833,9.66667,1957-12-29,-5.31999988108873,-0.429999990388751,-2.87499993573874,1957,12,1958
47.4833,9.66667,1957-12-30,-5.67999987304211,2.06999995373189,-1.80499995965511,1957,12,1958
47.4833,9.66667,1957-12-31,-3.56999992020428,2.88999993540347,-0.339999992400408,1957,12,1958
47.4833,9.66667,1958-01-01,-0.879999980330467,3.87999991327524,1.49999996647239,1958,1,1958
47.4833,9.66667,1958-01-02,-4.55999989807606,4.10999990813434,-0.224999994970858,1958,1,1958
47.4833,9.66667,1958-01-03,-5.53999987617135,3.60999991931021,-0.964999978430569,1958,1,1958
47.4833,9.66667,1958-01-04,-2.45999994501472,3.51999992132187,0.529999988153577,1958,1,1958
47.4833,9.66667,1958-01-05,-3.83999991416931,1.51999996602535,-1.15999997407198,1958,1,1958
47.4833,9.66667,1958-01-06,-2.19999995082617,6.96999984420836,2.3849999466911,1958,1,1958
47.4833,9.66667,1958-01-07,1.79999995976686,8.17999981716275,4.98999988846481,1958,1,1958
47.4833,9.66667,1958-01-08,0.0299999993294477,10.0199997760355,5.0249998876825,1958,1,1958
47.4833,9.66667,1958-01-09,-0.669999985024333,1.69999996200204,0.514999988488853,1958,1,1958
47.4833,9.66667,1958-01-10,-2.01999995484948,2.61999994143844,0.299999993294477,1958,1,1958
47.4833,9.66667,1958-01-11,-1.93999995663762,3.46999992243946,0.764999982900918,1958,1,1958
47.4833,9.66667,1958-01-12,-2.24999994970858,5.75999987125397,1.75499996077269,1958,1,1958
47.4833,9.66667,1958-01-13,-1.46999996714294,2.19999995082617,0.364999991841614,1958,1,1958
47.4833,9.66667,1958-01-14,-1.7799999602139,1.01999997720122,-0.379999991506338,1958,1,1958
47.4833,9.66667,1958-01-15,-2.32999994792044,1.99999995529652,-0.164999996311963,1958,1,1958
47.4833,9.66667,1958-01-16,-3.20999992825091,1.72999996133149,-0.739999983459711,1958,1,1958
47.4833,9.66667,1958-01-17,-4.28999990411103,1.32999997027218,-1.47999996691942,1958,1,1958
47.4833,9.66667,1958-01-18,-4.79999989271164,1.86999995820224,-1.4649999672547,1958,1,1958
47.4833,9.66667,1958-01-19,-2.50999994389713,1.97999995574355,-0.264999994076788,1958,1,1958
47.4833,9.66667,1958-01-20,-0.609999986365438,4.03999990969896,1.71499996166676,1958,1,1958
47.4833,9.66667,1958-01-21,-3.21999992802739,3.36999992467463,0.0749999983236194,1958,1,1958
47.4833,9.66667,1958-01-22,-9.64999978430569,-1.1499999742955,-5.39999987930059,1958,1,1958
47.4833,9.66667,1958-01-23,-10.5099997650832,1.35999996960163,-4.57499989774078,1958,1,1958
47.4833,9.66667,1958-01-24,-8.40999981202185,-0.749999983236194,-4.57999989762902,1958,1,1958
47.4833,9.66667,1958-01-25,-9.95999977737665,-1.12999997474253,-5.54499987605959,1958,1,1958
47.4833,9.66667,1958-01-26,-11.0699997525662,0.259999994188547,-5.40499987918884,1958,1,1958
47.4833,9.66667,1958-01-27,-10.7499997597188,0.109999997541308,-5.31999988108873,1958,1,1958
47.4833,9.66667,1958-01-28,-3.729999916628,6.91999984532595,1.59499996434897,1958,1,1958
47.4833,9.66667,1958-01-29,-6.40999985672534,0.739999983459711,-2.83499993663281,1958,1,1958
47.4833,9.66667,1958-01-30,-7.87999982386827,0.329999992623925,-3.77499991562217,1958,1,1958
47.4833,9.66667,1958-01-31,-7.00999984331429,-0.57999998703599,-3.79499991517514,1958,1,1958
47.4833,9.66667,1958-02-01,-8.39999981224537,-1.78999995999038,-5.09499988611788,1958,2,1958
47.4833,9.66667,1958-02-02,-7.749999826774,0.419999990612268,-3.66499991808087,1958,2,1958
47.4833,9.66667,1958-02-03,-7.88999982364476,-0.389999991282821,-4.13999990746379,1958,2,1958
47.4833,9.66667,1958-02-04,-7.03999984264374,1.53999996557832,-2.74999993853271,1958,2,1958
47.4833,9.66667,1958-02-05,-6.17999986186624,2.78999993763864,-1.6949999621138,1958,2,1958
47.4833,9.66667,1958-02-06,-1.93999995663762,8.29999981448054,3.17999992892146,1958,2,1958
47.4833,9.66667,1958-02-07,1.42999996803701,5.94999986700714,3.68999991752207,1958,2,1958
47.4833,9.66667,1958-02-08,-1.38999996893108,4.39999990165234,1.50499996636063,1958,2,1958
47.4833,9.66667,1958-02-09,1.12999997474253,9.43999978899956,5.28499988187104,1958,2,1958
47.4833,9.66667,1958-02-10,3.45999992266297,12.7699997145683,8.11499981861562,1958,2,1958
47.4833,9.66667,1958-02-11,0.529999988153577,12.2899997252971,6.40999985672534,1958,2,1958
47.4833,9.66667,1958-02-12,3.1599999293685,11.6799997389317,7.41999983415008,1958,2,1958
47.4833,9.66667,1958-02-13,1.16999997384846,13.5299996975809,7.3499998357147,1958,2,1958
47.4833,9.66667,1958-02-14,5.5099998768419,15.6399996504188,10.5749997636303,1958,2,1958
47.4833,9.66667,1958-02-15,6.51999985426664,15.6199996508658,11.0699997525662,1958,2,1958
47.4833,9.66667,1958-02-16,4.39999990165234,15.8599996455014,10.1299997735769,1958,2,1958
47.4833,9.66667,1958-02-17,7.54999983124435,11.8999997340143,9.72499978262931,1958,2,1958
47.4833,9.66667,1958-02-18,-0.129999997094274,10.9299997556955,5.39999987930059,1958,2,1958
47.4833,9.66667,1958-02-19,-5.5099998768419,0.459999989718199,-2.52499994356185,1958,2,1958
47.4833,9.66667,1958-02-20,-6.09999986365438,-0.989999977871776,-3.54499992076308,1958,2,1958
47.4833,9.66667,1958-02-21,-4.30999990366399,0.229999994859099,-2.03999995440245,1958,2,1958
47.4833,9.66667,1958-02-22,-0.419999990612268,2.22999995015562,0.904999979771674,1958,2,1958
47.4833,9.66667,1958-02-23,-5.74999987147748,2.77999993786216,-1.48499996680766,1958,2,1958
47.4833,9.66667,1958-02-24,-7.95999982208014,2.43999994546175,-2.75999993830919,1958,2,1958
47.4833,9.66667,1958-02-25,1.5499999653548,6.18999986164272,3.86999991349876,1958,2,1958
47.4833,9.66667,1958-02-26,1.70999996177852,11.2699997480959,6.4899998549372,1958,2,1958
47.4833,9.66667,1958-02-27,-3.43999992311001,8.75999980419874,2.65999994054437,1958,2,1958
47.4833,9.66667,1958-02-28,-6.40999985672534,-3.48999992199242,-4.94999988935888,1958,2,1958
47.4833,9.66667,1958-03-01,-10.5399997644126,-0.729999983683228,-5.63499987404794,1958,3,1958
47.4833,9.66667,1958-03-02,-11.1599997505546,-0.529999988153577,-5.84499986935407,1958,3,1958
47.4833,9.66667,1958-03-03,-9.45999978855252,-1.21999997273088,-5.3399998806417,1958,3,1958
47.4833,9.66667,1958-03-04,-2.52999994345009,0.989999977871776,-0.769999982789159,1958,3,1958
47.4833,9.66667,1958-03-05,-3.12999993003905,3.45999992266297,0.164999996311963,1958,3,1958
47.4833,9.66667,1958-03-06,-5.74999987147748,6.27999985963106,0.264999994076788,1958,3,1958
47.4833,9.66667,1958-03-07,-2.31999994814396,7.48999983258545,2.58499994222075,1958,3,1958
47.4833,9.66667,1958-03-08,-3.61999991908669,3.7899999152869,0.0849999981001019,1958,3,1958
47.4833,9.66667,1958-03-09,-5.12999988533556,0.0199999995529652,-2.5549999428913,1958,3,1958
47.4833,9.66667,1958-03-10,-7.30999983660877,1.96999995596707,-2.66999994032085,1958,3,1958
47.4833,9.66667,1958-03-11,-6.93999984487891,-0.61999998614192,-3.77999991551042,1958,3,1958
47.4833,9.66667,1958-03-12,-8.31999981403351,-2.26999994926155,-5.29499988164753,1958,3,1958
47.4833,9.66667,1958-03-13,-7.42999983392656,-1.719999961555,-4.57499989774078,1958,3,1958
47.4833,9.66667,1958-03-14,-9.68999978341162,1.42999996803701,-4.12999990768731,1958,3,1958
47.4833,9.66667,1958-03-15,-1.57999996468425,3.80999991483986,1.11499997507781,1958,3,1958
47.4833,9.66667,1958-03-16,-3.10999993048608,2.79999993741512,-0.15499999653548,1958,3,1958
47.4833,9.66667,1958-03-17,-8.00999982096255,2.96999993361533,-2.51999994367361,1958,3,1958
47.4833,9.66667,1958-03-18,-7.77999982610345,4.17999990656972,-1.79999995976686,1958,3,1958
47.4833,9.66667,1958-03-19,-4.69999989494681,0.139999996870756,-2.27999994903803,1958,3,1958
47.4833,9.66667,1958-03-20,-4.33999990299344,4.74999989382923,0.204999995417893,1958,3,1958
47.4833,9.66667,1958-03-21,-2.84999993629754,1.78999995999038,-0.529999988153577,1958,3,1958
47.4833,9.66667,1958-03-22,-5.49999987706542,-1.64999996311963,-3.57499992009252,1958,3,1958
47.4833,9.66667,1958-03-23,-9.25999979302287,-0.589999986812472,-4.92499988991767,1958,3,1958
47.4833,9.66667,1958-03-24,-11.7299997378141,-0.589999986812472,-6.15999986231327,1958,3,1958
47.4833,9.66667,1958-03-25,-10.0799997746944,6.54999985359609,-1.76499996054918,1958,3,1958
47.4833,9.66667,1958-03-26,-4.61999989673495,11.2699997480959,3.32499992568046,1958,3,1958
47.4833,9.66667,1958-03-27,-0.289999993517995,10.4599997662008,5.08499988634139,1958,3,1958
47.4833,9.66667,1958-03-28,0.479999989271164,13.8999996893108,7.18999983929098,1958,3,1958
47.4833,9.66667,1958-03-29,2.79999993741512,14.649999672547,8.72499980498105,1958,3,1958
47.4833,9.66667,1958-03-30,1.8399999588728,15.789999647066,8.8149998029694,1958,3,1958
47.4833,9.66667,1958-03-31,1.45999996736646,14.2699996810406,7.86499982420355,1958,3,1958
47.4833,9.66667,1958-04-01,2.30999994836748,9.28999979235232,5.7999998703599,1958,4,1958
47.4833,9.66667,1958-04-02,1.16999997384846,7.23999983817339,4.20499990601093,1958,4,1958
47.4833,9.66667,1958-04-03,-0.999999977648258,8.8399998024106,3.91999991238117,1958,4,1958
47.4833,9.66667,1958-04-04,-0.869999980553985,15.5999996513128,7.36499983537942,1958,4,1958
47.4833,9.66667,1958-04-05,4.29999990388751,12.7899997141212,8.54499980900437,1958,4,1958
47.4833,9.66667,1958-04-06,1.79999995976686,9.47999978810549,5.63999987393618,1958,4,1958
47.4833,9.66667,1958-04-07,0.569999987259507,3.4999999217689,2.03499995451421,1958,4,1958
47.4833,9.66667,1958-04-08,-0.00999999977648258,3.40999992378056,1.69999996200204,1958,4,1958
47.4833,9.66667,1958-04-09,-0.629999985918403,3.68999991752207,1.52999996580184,1958,4,1958
47.4833,9.66667,1958-04-10,-1.40999996848404,3.2699999269098,0.92999997921288,1958,4,1958
47.4833,9.66667,1958-04-11,-1.82999995909631,2.28999994881451,0.229999994859099,1958,4,1958
47.4833,9.66667,1958-04-12,-3.81999991461635,1.76999996043742,-1.02499997708946,1958,4,1958
47.4833,9.66667,1958-04-13,-1.97999995574355,7.69999982789159,2.85999993607402,1958,4,1958
47.4833,9.66667,1958-04-14,-0.839999981224537,8.48999981023371,3.82499991450459,1958,4,1958
47.4833,9.66667,1958-04-15,1.8399999588728,14.7799996696413,8.30999981425703,1958,4,1958
47.4833,9.66667,1958-04-16,1.86999995820224,8.11999981850386,4.99499988835305,1958,4,1958
47.4833,9.66667,1958-04-17,1.13999997451901,5.13999988511205,3.13999992981553,1958,4,1958
47.4833,9.66667,1958-04-18,-0.57999998703599,3.83999991416931,1.62999996356666,1958,4,1958
47.4833,9.66667,1958-04-19,-1.35999996960163,6.32999985851347,2.48499994445592,1958,4,1958
47.4833,9.66667,1958-04-20,-1.32999997027218,10.3699997682124,4.51999989897013,1958,4,1958
47.4833,9.66667,1958-04-21,1.38999996893108,16.8399996235967,9.11499979626387,1958,4,1958
47.4833,9.66667,1958-04-22,3.52999992109835,17.239999614656,10.3849997678772,1958,4,1958
47.4833,9.66667,1958-04-23,5.18999988399446,17.0399996191263,11.1149997515604,1958,4,1958
47.4833,9.66667,1958-04-24,3.29999992623925,10.5799997635186,6.93999984487891,1958,4,1958
47.4833,9.66667,1958-04-25,0.179999995976686,15.0699996631593,7.62499982956797,1958,4,1958
47.4833,9.66667,1958-04-26,1.69999996200204,15.6399996504188,8.6699998062104,1958,4,1958
47.4833,9.66667,1958-04-27,2.09999995306134,14.1999996826053,8.1499998178333,1958,4,1958
47.4833,9.66667,1958-04-28,3.06999993138015,10.4399997666478,6.75499984901398,1958,4,1958
47.4833,9.66667,1958-04-29,0.739999983459711,7.92999982275069,4.3349999031052,1958,4,1958
47.4833,9.66667,1958-04-30,3.12999993003905,8.24999981559813,5.68999987281859,1958,4,1958
47.4833,9.66667,1958-05-01,1.87999995797873,14.8899996671826,8.38499981258065,1958,5,NA
47.4833,9.66667,1958-05-02,2.87999993562698,18.6199995838106,10.7499997597188,1958,5,NA
47.4833,9.66667,1958-05-03,4.72999989427626,19.9399995543063,12.3349997242913,1958,5,NA
47.4833,9.66667,1958-05-04,6.35999985784292,20.1099995505065,13.2349997041747,1958,5,NA
47.4833,9.66667,1958-05-05,8.21999981626868,18.8099995795637,13.5149996979162,1958,5,NA
47.4833,9.66667,1958-05-06,5.40999987907708,22.2099995035678,13.8099996913224,1958,5,NA
47.4833,9.66667,1958-05-07,10.5199997648597,17.7399996034801,14.1299996841699,1958,5,NA
47.4833,9.66667,1958-05-08,9.94999977760017,16.6999996267259,13.324999702163,1958,5,NA
47.4833,9.66667,1958-05-09,8.74999980442226,24.98999944143,16.8699996229261,1958,5,NA
47.4833,9.66667,1958-05-10,14.4099996779114,25.9899994190782,20.1999995484948,1958,5,NA
47.4833,9.66667,1958-05-11,13.9799996875226,24.679999448359,19.3299995679408,1958,5,NA
47.4833,9.66667,1958-05-12,14.0399996861815,26.9699993971735,20.5049995416775,1958,5,NA
47.4833,9.66667,1958-05-13,13.1299997065216,23.9499994646758,18.5399995855987,1958,5,NA
47.4833,9.66667,1958-05-14,11.8499997351319,19.0299995746464,15.4399996548891,1958,5,NA
47.4833,9.66667,1958-05-15,10.609999762848,23.0499994847924,16.8299996238202,1958,5,NA
47.4833,9.66667,1958-05-16,9.15999979525805,18.0799995958805,13.6199996955693,1958,5,NA
47.4833,9.66667,1958-05-17,5.08999988622963,11.5899997409433,8.33999981358647,1958,5,NA
47.4833,9.66667,1958-05-18,5.3399998806417,8.67999980598688,7.00999984331429,1958,5,NA
47.4833,9.66667,1958-05-19,3.92999991215765,16.929999621585,10.4299997668713,1958,5,NA
47.4833,9.66667,1958-05-20,9.66999978385866,21.1799995265901,15.4249996552244,1958,5,NA
47.4833,9.66667,1958-05-21,7.81999982520938,24.0199994631112,15.9199996441603,1958,5,NA
47.4833,9.66667,1958-05-22,9.31999979168177,22.3899994995445,15.8549996456131,1958,5,NA
47.4833,9.66667,1958-05-23,7.84999982453883,14.2899996805936,11.0699997525662,1958,5,NA
47.4833,9.66667,1958-05-24,9.88999977894127,20.9599995315075,15.4249996552244,1958,5,NA
47.4833,9.66667,1958-05-25,10.5999997630715,25.4999994300306,18.0499995965511,1958,5,NA
47.4833,9.66667,1958-05-26,11.9999997317791,25.1999994367361,18.5999995842576,1958,5,NA
47.4833,9.66667,1958-05-27,14.1199996843934,21.3799995221198,17.7499996032566,1958,5,NA
47.4833,9.66667,1958-05-28,11.9199997335672,17.6999996043742,14.8099996689707,1958,5,NA
47.4833,9.66667,1958-05-29,8.3799998126924,13.7499996926636,11.064999752678,1958,5,NA
47.4833,9.66667,1958-05-30,5.22999988310039,19.809999557212,12.5199997201562,1958,5,NA
47.4833,9.66667,1958-05-31,8.45999981090426,15.3999996557832,11.9299997333437,1958,5,NA
47.4833,9.66667,1958-06-01,6.87999984622002,20.2699995469302,13.5749996965751,1958,6,NA
47.4833,9.66667,1958-06-02,7.82999982498586,24.8699994441122,16.349999634549,1958,6,NA
47.4833,9.66667,1958-06-03,10.3299997691065,27.5099993851036,18.919999577105,1958,6,NA
47.4833,9.66667,1958-06-04,10.2899997700006,20.8199995346367,15.5549996523187,1958,6,NA
47.4833,9.66667,1958-06-05,8.71999980509281,18.0599995963275,13.3899997007102,1958,6,NA
47.4833,9.66667,1958-06-06,7.5799998305738,19.2699995692819,13.4249996999279,1958,6,NA
47.4833,9.66667,1958-06-07,7.32999983616173,22.1199995055795,14.7249996708706,1958,6,NA
47.4833,9.66667,1958-06-08,12.8199997134507,17.7699996028095,15.2949996581301,1958,6,NA
47.4833,9.66667,1958-06-09,11.4699997436255,21.6499995160848,16.5599996298552,1958,6,NA
47.4833,9.66667,1958-06-10,11.7099997382611,22.5099994968623,17.1099996175617,1958,6,NA
47.4833,9.66667,1958-06-11,11.209999749437,17.7499996032566,14.4799996763468,1958,6,NA
47.4833,9.66667,1958-06-12,9.89999977871776,13.3299997020513,11.6149997403845,1958,6,NA
47.4833,9.66667,1958-06-13,8.039999820292,15.2399996593595,11.6399997398257,1958,6,NA
47.4833,9.66667,1958-06-14,5.77999987080693,15.769999647513,10.77499975916,1958,6,NA
47.4833,9.66667,1958-06-15,5.53999987617135,18.5399995855987,12.039999730885,1958,6,NA
47.4833,9.66667,1958-06-16,6.08999986387789,21.819999512285,13.9549996880814,1958,6,NA
47.4833,9.66667,1958-06-17,9.17999979481101,23.2599994800985,16.2199996374547,1958,6,NA
47.4833,9.66667,1958-06-18,11.3399997465312,24.2799994572997,17.8099996019155,1958,6,NA
47.4833,9.66667,1958-06-19,12.9699997100979,25.4099994320422,19.1899995710701,1958,6,NA
47.4833,9.66667,1958-06-20,13.0699997078627,21.799999512732,17.4349996102974,1958,6,NA
47.4833,9.66667,1958-06-21,13.6899996940047,20.4899995420128,17.0899996180087,1958,6,NA
47.4833,9.66667,1958-06-22,11.5599997416139,16.4699996318668,14.0149996867403,1958,6,NA
47.4833,9.66667,1958-06-23,10.2199997715652,16.7299996260554,13.4749996988103,1958,6,NA
47.4833,9.66667,1958-06-24,9.62999978475273,15.7599996477365,12.6949997162446,1958,6,NA
47.4833,9.66667,1958-06-25,8.71999980509281,16.7499996256083,12.7349997153506,1958,6,NA
47.4833,9.66667,1958-06-26,7.96999982185662,20.63999953866,14.3049996802583,1958,6,NA
47.4833,9.66667,1958-06-27,11.2699997480959,21.5599995180964,16.4149996330962,1958,6,NA
47.4833,9.66667,1958-06-28,6.86999984644353,15.4599996544421,11.1649997504428,1958,6,NA
47.4833,9.66667,1958-06-29,7.29999983683228,12.5799997188151,9.93999977782369,1958,6,NA
47.4833,9.66667,1958-06-30,6.83999984711409,20.6199995391071,13.7299996931106,1958,6,NA
47.4833,9.66667,1958-07-01,9.36999979056418,24.1499994602054,16.7599996253848,1958,7,NA
47.4833,9.66667,1958-07-02,13.199999704957,24.0099994633347,18.6049995841458,1958,7,NA
47.4833,9.66667,1958-07-03,12.2599997259676,19.3699995670468,15.8149996465072,1958,7,NA
47.4833,9.66667,1958-07-04,9.25999979302287,15.6199996508658,12.4399997219443,1958,7,NA
47.4833,9.66667,1958-07-05,8.95999979972839,14.1599996834993,11.5599997416139,1958,7,NA
47.4833,9.66667,1958-07-06,10.4399997666478,18.2499995920807,14.3449996793643,1958,7,NA
47.4833,9.66667,1958-07-07,11.6899997387081,16.8599996231496,14.2749996809289,1958,7,NA
47.4833,9.66667,1958-07-08,9.96999977715313,23.1599994823337,16.5649996297434,1958,7,NA
47.4833,9.66667,1958-07-09,11.7999997362494,23.0099994856864,17.4049996109679,1958,7,NA
47.4833,9.66667,1958-07-10,11.6799997389317,23.4199994765222,17.5499996077269,1958,7,NA
47.4833,9.66667,1958-07-11,13.1199997067451,23.8899994660169,18.504999586381,1958,7,NA
47.4833,9.66667,1958-07-12,12.4999997206032,26.109999416396,19.3049995684996,1958,7,NA
47.4833,9.66667,1958-07-13,15.9499996434897,26.6999994032085,21.3249995233491,1958,7,NA
47.4833,9.66667,1958-07-14,15.1299996618181,30.5399993173778,22.834999489598,1958,7,NA
47.4833,9.66667,1958-07-15,16.9599996209145,24.4899994526058,20.7249995367602,1958,7,NA
47.4833,9.66667,1958-07-16,15.3299996573478,29.7399993352592,22.5349994963035,1958,7,NA
47.4833,9.66667,1958-07-17,15.9199996441603,25.7999994233251,20.8599995337427,1958,7,NA
47.4833,9.66667,1958-07-18,12.0699997302145,18.0999995954335,15.084999662824,1958,7,NA
47.4833,9.66667,1958-07-19,9.15999979525805,22.2799995020032,15.7199996486306,1958,7,NA
47.4833,9.66667,1958-07-20,10.9799997545779,25.6399994269013,18.3099995907396,1958,7,NA
47.4833,9.66667,1958-07-21,14.3699996788055,23.9099994655699,19.1399995721877,1958,7,NA
47.4833,9.66667,1958-07-22,13.489999698475,21.8699995111674,17.6799996048212,1958,7,NA
47.4833,9.66667,1958-07-23,12.2499997261912,16.8499996233732,14.5499996747822,1958,7,NA
47.4833,9.66667,1958-07-24,10.7699997592717,15.0599996633828,12.9149997113273,1958,7,NA
47.4833,9.66667,1958-07-25,10.5799997635186,14.0399996861815,12.3099997248501,1958,7,NA
47.4833,9.66667,1958-07-26,9.50999978743494,20.2299995478243,14.8699996676296,1958,7,NA
47.4833,9.66667,1958-07-27,10.1299997735769,24.1799994595349,17.1549996165559,1958,7,NA
47.4833,9.66667,1958-07-28,15.2499996591359,23.6299994718283,19.4399995654821,1958,7,NA
47.4833,9.66667,1958-07-29,16.3599996343255,25.0399994403124,20.6999995373189,1958,7,NA
47.4833,9.66667,1958-07-30,17.4699996095151,25.4799994304776,21.4749995199963,1958,7,NA
47.4833,9.66667,1958-07-31,17.5999996066093,25.9199994206429,21.7599995136261,1958,7,NA
47.4833,9.66667,1958-08-01,18.0399995967746,26.2399994134903,22.1399995051324,1958,8,NA
47.4833,9.66667,1958-08-02,17.0299996193498,30.3799993209541,23.704999470152,1958,8,NA
47.4833,9.66667,1958-08-03,16.0499996412545,25.3299994338304,20.6899995375425,1958,8,NA
47.4833,9.66667,1958-08-04,12.8599997125566,17.489999609068,15.1749996608123,1958,8,NA
47.4833,9.66667,1958-08-05,10.7399997599423,21.0099995303899,15.8749996451661,1958,8,NA
47.4833,9.66667,1958-08-06,9.49999978765845,23.9699994642287,16.7349996259436,1958,8,NA
47.4833,9.66667,1958-08-07,13.3299997020513,23.8399994671345,18.5849995845929,1958,8,NA
47.4833,9.66667,1958-08-08,12.7499997150153,16.4299996327609,14.5899996738881,1958,8,NA
47.4833,9.66667,1958-08-09,11.2799997478724,20.2299995478243,15.7549996478483,1958,8,NA
47.4833,9.66667,1958-08-10,14.6699996720999,25.259999435395,19.9649995537475,1958,8,NA
47.4833,9.66667,1958-08-11,16.7299996260554,28.5799993611872,22.6549994936213,1958,8,NA
47.4833,9.66667,1958-08-12,16.3299996349961,28.139999371022,22.234999503009,1958,8,NA
47.4833,9.66667,1958-08-13,13.199999704957,19.4799995645881,16.3399996347725,1958,8,NA
47.4833,9.66667,1958-08-14,11.2699997480959,20.0699995514005,15.6699996497482,1958,8,NA
47.4833,9.66667,1958-08-15,10.0199997760355,23.1999994814396,16.6099996287376,1958,8,NA
47.4833,9.66667,1958-08-16,16.4399996325374,25.3299994338304,20.8849995331839,1958,8,NA
47.4833,9.66667,1958-08-17,14.9699996653944,22.6199994944036,18.794999579899,1958,8,NA
47.4833,9.66667,1958-08-18,14.4299996774644,25.4999994300306,19.9649995537475,1958,8,NA
47.4833,9.66667,1958-08-19,15.0399996638298,28.0899993721396,21.5649995179847,1958,8,NA
47.4833,9.66667,1958-08-20,14.4699996765703,27.2999993897974,20.8849995331839,1958,8,NA
47.4833,9.66667,1958-08-21,11.6899997387081,19.8699995558709,15.7799996472895,1958,8,NA
47.4833,9.66667,1958-08-22,11.479999743402,17.4799996092916,14.4799996763468,1958,8,NA
47.4833,9.66667,1958-08-23,11.4299997445196,18.5399995855987,14.9849996650591,1958,8,NA
47.4833,9.66667,1958-08-24,11.1099997516721,18.4899995867163,14.7999996691942,1958,8,NA
47.4833,9.66667,1958-08-25,10.2099997717887,16.8499996233732,13.5299996975809,1958,8,NA
47.4833,9.66667,1958-08-26,11.9399997331202,18.2499995920807,15.0949996626005,1958,8,NA
47.4833,9.66667,1958-08-27,10.6699997615069,16.6199996285141,13.6449996950105,1958,8,NA
47.4833,9.66667,1958-08-28,6.83999984711409,21.9599995091558,14.3999996781349,1958,8,NA
47.4833,9.66667,1958-08-29,9.21999979391694,26.2799994125962,17.7499996032566,1958,8,NA
47.4833,9.66667,1958-08-30,12.8199997134507,27.5899993833154,20.2049995483831,1958,8,NA
47.4833,9.66667,1958-08-31,15.8899996448308,27.5999993830919,21.7449995139614,1958,8,NA
47.4833,9.66667,1958-09-01,14.9699996653944,24.1799994595349,19.5749995624647,1958,9,NA
47.4833,9.66667,1958-09-02,12.6599997170269,20.7399995364249,16.6999996267259,1958,9,NA
47.4833,9.66667,1958-09-03,12.3799997232854,22.1899995040148,17.2849996136501,1958,9,NA
47.4833,9.66667,1958-09-04,11.7299997378141,22.2699995022267,16.9999996200204,1958,9,NA
47.4833,9.66667,1958-09-05,11.5499997418374,19.6899995598942,15.6199996508658,1958,9,NA
47.4833,9.66667,1958-09-06,10.7799997590482,24.2899994570762,17.5349996080622,1958,9,NA
47.4833,9.66667,1958-09-07,11.8199997358024,25.8299994226545,18.8249995792285,1958,9,NA
47.4833,9.66667,1958-09-08,14.6099996734411,25.5999994277954,20.1049995506182,1958,9,NA
47.4833,9.66667,1958-09-09,14.3499996792525,23.3199994787574,18.8349995790049,1958,9,NA
47.4833,9.66667,1958-09-10,13.5399996973574,22.5599994957447,18.0499995965511,1958,9,NA
47.4833,9.66667,1958-09-11,12.1799997277558,18.0499995965511,15.1149996621534,1958,9,NA
47.4833,9.66667,1958-09-12,8.45999981090426,19.8399995565414,14.1499996837229,1958,9,NA
47.4833,9.66667,1958-09-13,8.78999980352819,19.829999556765,14.3099996801466,1958,9,NA
47.4833,9.66667,1958-09-14,7.60999982990324,21.3299995232373,14.4699996765703,1958,9,NA
47.4833,9.66667,1958-09-15,8.88999980129302,23.229999480769,16.059999641031,1958,9,NA
47.4833,9.66667,1958-09-16,10.1599997729063,24.3299994561821,17.2449996145442,1958,9,NA
47.4833,9.66667,1958-09-17,11.5799997411668,24.2399994581938,17.9099995996803,1958,9,NA
47.4833,9.66667,1958-09-18,13.0899997074157,17.2699996139854,15.1799996607006,1958,9,NA
47.4833,9.66667,1958-09-19,12.4999997206032,16.6199996285141,14.5599996745586,1958,9,NA
47.4833,9.66667,1958-09-20,10.2199997715652,18.6199995838106,14.4199996776879,1958,9,NA
47.4833,9.66667,1958-09-21,10.0099997762591,19.9399995543063,14.9749996652827,1958,9,NA
47.4833,9.66667,1958-09-22,13.4599996991456,21.839999511838,17.6499996054918,1958,9,NA
47.4833,9.66667,1958-09-23,9.0699997972697,15.0099996645004,12.039999730885,1958,9,NA
47.4833,9.66667,1958-09-24,8.61999980732799,16.5599996298552,12.5899997185916,1958,9,NA
47.4833,9.66667,1958-09-25,6.28999985940754,16.7799996249378,11.5349997421727,1958,9,NA
47.4833,9.66667,1958-09-26,11.1399997510016,19.6299995612353,15.3849996561185,1958,9,NA
47.4833,9.66667,1958-09-27,9.80999978072941,15.3499996569008,12.5799997188151,1958,9,NA
47.4833,9.66667,1958-09-28,4.55999989807606,16.7099996265024,10.6349997622892,1958,9,NA
47.4833,9.66667,1958-09-29,4.17999990656972,17.4399996101856,10.8099997583777,1958,9,NA
47.4833,9.66667,1958-09-30,6.20999986119568,21.0799995288253,13.6449996950105,1958,9,NA
47.4833,9.66667,1958-10-01,7.9799998216331,22.4199994988739,15.1999996602535,1958,10,1959
47.4833,9.66667,1958-10-02,10.1699997726828,18.3199995905161,14.2449996815994,1958,10,1959
47.4833,9.66667,1958-10-03,9.09999979659915,15.3699996564537,12.2349997265264,1958,10,1959
47.4833,9.66667,1958-10-04,7.39999983459711,18.2399995923042,12.8199997134507,1958,10,1959
47.4833,9.66667,1958-10-05,8.46999981068075,19.4399995654821,13.9549996880814,1958,10,1959
47.4833,9.66667,1958-10-06,9.88999977894127,16.4999996311963,13.1949997050688,1958,10,1959
47.4833,9.66667,1958-10-07,9.01999979838729,12.1799997277558,10.5999997630715,1958,10,1959
47.4833,9.66667,1958-10-08,8.49999981001019,11.3199997469783,9.90999977849424,1958,10,1959
47.4833,9.66667,1958-10-09,9.03999979794025,14.2299996819347,11.6349997399375,1958,10,1959
47.4833,9.66667,1958-10-10,6.67999985069036,17.1599996164441,11.9199997335672,1958,10,1959
47.4833,9.66667,1958-10-11,7.75999982655048,19.3099995683879,13.5349996974692,1958,10,1959
47.4833,9.66667,1958-10-12,9.77999978139997,16.6799996271729,13.2299997042865,1958,10,1959
47.4833,9.66667,1958-10-13,8.54999980889261,13.4099997002631,10.9799997545779,1958,10,1959
47.4833,9.66667,1958-10-14,6.55999985337257,10.3799997679889,8.46999981068075,1958,10,1959
47.4833,9.66667,1958-10-15,5.9699998665601,10.5699997637421,8.2699998151511,1958,10,1959
47.4833,9.66667,1958-10-16,9.93999977782369,16.059999641031,12.9999997094274,1958,10,1959
47.4833,9.66667,1958-10-17,2.72999993897974,13.2099997047335,7.96999982185662,1958,10,1959
47.4833,9.66667,1958-10-18,2.50999994389713,4.56999989785254,3.53999992087483,1958,10,1959
47.4833,9.66667,1958-10-19,2.41999994590878,6.56999985314906,4.49499989952892,1958,10,1959
47.4833,9.66667,1958-10-20,1.26999997161329,5.78999987058342,3.52999992109835,1958,10,1959
47.4833,9.66667,1958-10-21,1.76999996043742,4.31999990344048,3.04499993193895,1958,10,1959
47.4833,9.66667,1958-10-22,2.33999994769692,4.58999989740551,3.46499992255121,1958,10,1959
47.4833,9.66667,1958-10-23,-0.149999996647239,8.28999981470406,4.06999990902841,1958,10,1959
47.4833,9.66667,1958-10-24,-1.12999997474253,9.759999781847,4.31499990355223,1958,10,1959
47.4833,9.66667,1958-10-25,-0.739999983459711,11.8499997351319,5.55499987583607,1958,10,1959
47.4833,9.66667,1958-10-26,1.53999996557832,7.92999982275069,4.7349998941645,1958,10,1959
47.4833,9.66667,1958-10-27,1.56999996490777,6.81999984756112,4.19499990623444,1958,10,1959
47.4833,9.66667,1958-10-28,1.70999996177852,7.55999983102083,4.63499989639968,1958,10,1959
47.4833,9.66667,1958-10-29,0.919999979436398,7.50999983213842,4.21499990578741,1958,10,1959
47.4833,9.66667,1958-10-30,0.319999992847443,8.76999980397522,4.54499989841133,1958,10,1959
47.4833,9.66667,1958-10-31,-0.259999994188547,9.759999781847,4.74999989382923,1958,10,1959
47.4833,9.66667,1958-11-01,-0.249999994412065,11.3499997463077,5.54999987594783,1958,11,1959
47.4833,9.66667,1958-11-02,1.88999995775521,6.57999985292554,4.23499990534037,1958,11,1959
47.4833,9.66667,1958-11-03,1.06999997608364,7.37999983504415,4.22499990556389,1958,11,1959
47.4833,9.66667,1958-11-04,1.91999995708466,7.69999982789159,4.80999989248812,1958,11,1959
47.4833,9.66667,1958-11-05,4.91999989002943,7.16999983973801,6.04499986488372,1958,11,1959
47.4833,9.66667,1958-11-06,1.65999996289611,9.14999979548156,5.40499987918884,1958,11,1959
47.4833,9.66667,1958-11-07,1.35999996960163,7.02999984286726,4.19499990623444,1958,11,1959
47.4833,9.66667,1958-11-08,2.42999994568527,7.56999983079731,4.99999988824129,1958,11,1959
47.4833,9.66667,1958-11-09,-0.0399999991059303,8.80999980308115,4.38499990198761,1958,11,1959
47.4833,9.66667,1958-11-10,3.46999992243946,7.10999984107912,5.28999988175929,1958,11,1959
47.4833,9.66667,1958-11-11,3.36999992467463,5.80999987013638,4.58999989740551,1958,11,1959
47.4833,9.66667,1958-11-12,2.96999993361533,5.83999986946583,4.40499990154058,1958,11,1959
47.4833,9.66667,1958-11-13,1.97999995574355,4.45999990031123,3.21999992802739,1958,11,1959
47.4833,9.66667,1958-11-14,2.43999994546175,4.44999990053475,3.44499992299825,1958,11,1959
47.4833,9.66667,1958-11-15,2.10999995283782,5.13999988511205,3.62499991897494,1958,11,1959
47.4833,9.66667,1958-11-16,2.65999994054437,5.72999987192452,4.19499990623444,1958,11,1959
47.4833,9.66667,1958-11-17,1.58999996446073,6.91999984532595,4.25499990489334,1958,11,1959
47.4833,9.66667,1958-11-18,2.60999994166195,8.55999980866909,5.58499987516552,1958,11,1959
47.4833,9.66667,1958-11-19,0.359999991953373,7.749999826774,4.05499990936369,1958,11,1959
47.4833,9.66667,1958-11-20,-0.999999977648258,5.89999986812472,2.44999994523823,1958,11,1959
47.4833,9.66667,1958-11-21,-1.85999995842576,3.22999992780387,0.684999984689057,1958,11,1959
47.4833,9.66667,1958-11-22,-0.959999978542328,4.51999989897013,1.7799999602139,1958,11,1959
47.4833,9.66667,1958-11-23,0.689999984577298,5.95999986678362,3.32499992568046,1958,11,1959
47.4833,9.66667,1958-11-24,0.909999979659915,3.91999991238117,2.41499994602054,1958,11,1959
47.4833,9.66667,1958-11-25,-0.109999997541308,5.15999988466501,2.52499994356185,1958,11,1959
47.4833,9.66667,1958-11-26,-0.279999993741512,3.39999992400408,1.55999996513128,1958,11,1959
47.4833,9.66667,1958-11-27,-0.149999996647239,1.79999995976686,0.824999981559813,1958,11,1959
47.4833,9.66667,1958-11-28,-0.429999990388751,1.26999997161329,0.419999990612268,1958,11,1959
47.4833,9.66667,1958-11-29,-0.949999978765845,1.38999996893108,0.219999995082617,1958,11,1959
47.4833,9.66667,1958-11-30,-1.57999996468425,0.489999989047647,-0.544999987818301,1958,11,1959
47.4833,9.66667,1958-12-01,-2.22999995015562,1.68999996222556,-0.26999999396503,1958,12,1959
47.4833,9.66667,1958-12-02,-0.319999992847443,1.98999995552003,0.834999981336296,1958,12,1959
47.4833,9.66667,1958-12-03,-3.10999993048608,0.719999983906746,-1.19499997328967,1958,12,1959
47.4833,9.66667,1958-12-04,-6.68999985046685,-0.219999995082617,-3.45499992277473,1958,12,1959
47.4833,9.66667,1958-12-05,-8.42999981157482,-3.86999991349876,-6.14999986253679,1958,12,1959
47.4833,9.66667,1958-12-06,-7.85999982431531,-2.75999993830919,-5.30999988131225,1958,12,1959
47.4833,9.66667,1958-12-07,-8.39999981224537,-1.28999997116625,-4.84499989170581,1958,12,1959
47.4833,9.66667,1958-12-08,-8.16999981738627,1.28999997116625,-3.43999992311001,1958,12,1959
47.4833,9.66667,1958-12-09,-7.31999983638525,0.999999977648258,-3.1599999293685,1958,12,1959
47.4833,9.66667,1958-12-10,-4.6499998960644,4.49999989941716,-0.0749999983236194,1958,12,1959
47.4833,9.66667,1958-12-11,0.489999989047647,4.9399998895824,2.71499993931502,1958,12,1959
47.4833,9.66667,1958-12-12,-0.759999983012676,5.72999987192452,2.48499994445592,1958,12,1959
47.4833,9.66667,1958-12-13,0.809999981895089,4.8199998922646,2.81499993707985,1958,12,1959
47.4833,9.66667,1958-12-14,1.70999996177852,8.21999981626868,4.9649998890236,1958,12,1959
47.4833,9.66667,1958-12-15,-0.589999986812472,4.31999990344048,1.864999958314,1958,12,1959
47.4833,9.66667,1958-12-16,-1.78999995999038,6.43999985605478,2.3249999480322,1958,12,1959
47.4833,9.66667,1958-12-17,-0.759999983012676,8.99999979883432,4.11999990791082,1958,12,1959
47.4833,9.66667,1958-12-18,2.32999994792044,8.61999980732799,5.47499987762421,1958,12,1959
47.4833,9.66667,1958-12-19,0.499999988824129,7.749999826774,4.12499990779907,1958,12,1959
47.4833,9.66667,1958-12-20,1.59999996423721,12.6099997181445,7.10499984119087,1958,12,1959
47.4833,9.66667,1958-12-21,5.75999987125397,13.8999996893108,9.82999978028238,1958,12,1959
47.4833,9.66667,1958-12-22,3.27999992668629,11.1799997501075,7.22999983839691,1958,12,1959
47.4833,9.66667,1958-12-23,2.32999994792044,9.05999979749322,5.69499987270683,1958,12,1959
47.4833,9.66667,1958-12-24,0.829999981448054,7.18999983929098,4.00999991036952,1958,12,1959
47.4833,9.66667,1958-12-25,-0.409999990835786,2.18999995104969,0.88999998010695,1958,12,1959
47.4833,9.66667,1958-12-26,-0.429999990388751,1.12999997474253,0.34999999217689,1958,12,1959
47.4833,9.66667,1958-12-27,-0.259999994188547,1.18999997340143,0.46499998960644,1958,12,1959
47.4833,9.66667,1958-12-28,-3.39999992400408,3.96999991126359,0.284999993629754,1958,12,1959
47.4833,9.66667,1958-12-29,2.51999994367361,7.69999982789159,5.1099998857826,1958,12,1959
47.4833,9.66667,1958-12-30,4.00999991036952,6.53999985381961,5.27499988209456,1958,12,1959
47.4833,9.66667,1958-12-31,0.489999989047647,6.83999984711409,3.66499991808087,1958,12,1959
47.4833,9.66667,1959-01-01,-2.56999994255602,4.83999989181757,1.13499997463077,1959,1,1959
47.4833,9.66667,1959-01-02,-1.72999996133149,4.74999989382923,1.50999996624887,1959,1,1959
47.4833,9.66667,1959-01-03,-2.6399999409914,5.01999988779426,1.18999997340143,1959,1,1959
47.4833,9.66667,1959-01-04,-1.32999997027218,3.24999992735684,0.959999978542328,1959,1,1959
47.4833,9.66667,1959-01-05,-3.63999991863966,-0.179999995976686,-1.90999995730817,1959,1,1959
47.4833,9.66667,1959-01-06,-5.71999987214804,-0.499999988824129,-3.10999993048608,1959,1,1959
47.4833,9.66667,1959-01-07,-6.41999985650182,3.39999992400408,-1.50999996624887,1959,1,1959
47.4833,9.66667,1959-01-08,1.40999996848404,6.95999984443188,4.18499990645796,1959,1,1959
47.4833,9.66667,1959-01-09,-2.43999994546175,4.38999990187585,0.974999978207052,1959,1,1959
47.4833,9.66667,1959-01-10,-3.70999991707504,-0.759999983012676,-2.23499995004386,1959,1,1959
47.4833,9.66667,1959-01-11,-4.8799998909235,-2.45999994501472,-3.66999991796911,1959,1,1959
47.4833,9.66667,1959-01-12,-7.36999983526766,-3.19999992847443,-5.28499988187104,1959,1,1959
47.4833,9.66667,1959-01-13,-7.749999826774,-1.82999995909631,-4.78999989293516,1959,1,1959
47.4833,9.66667,1959-01-14,-6.49999985471368,-1.65999996289611,-4.07999990880489,1959,1,1959
47.4833,9.66667,1959-01-15,-5.5699998755008,1.29999997094274,-2.13499995227903,1959,1,1959
47.4833,9.66667,1959-01-16,-0.689999984577298,5.2799998819828,2.29499994870275,1959,1,1959
47.4833,9.66667,1959-01-17,-6.51999985426664,1.12999997474253,-2.69499993976206,1959,1,1959
47.4833,9.66667,1959-01-18,-11.0399997532368,-1.9499999564141,-6.49499985482544,1959,1,1959
47.4833,9.66667,1959-01-19,-13.0999997071922,-1.27999997138977,-7.18999983929098,1959,1,1959
47.4833,9.66667,1959-01-20,-4.66999989561737,4.58999989740551,-0.0399999991059303,1959,1,1959
47.4833,9.66667,1959-01-21,-1.63999996334314,10.359999768436,4.35999990254641,1959,1,1959
47.4833,9.66667,1959-01-22,1.1499999742955,10.1699997726828,5.65999987348914,1959,1,1959
47.4833,9.66667,1959-01-23,0.449999989941716,11.6799997389317,6.06499986443669,1959,1,1959
47.4833,9.66667,1959-01-24,1.8399999588728,8.97999979928136,5.40999987907708,1959,1,1959
47.4833,9.66667,1959-01-25,-3.34999992512167,5.17999988421798,0.914999979548156,1959,1,1959
47.4833,9.66667,1959-01-26,-5.28999988175929,1.29999997094274,-1.99499995540828,1959,1,1959
47.4833,9.66667,1959-01-27,-6.20999986119568,1.66999996267259,-2.26999994926155,1959,1,1959
47.4833,9.66667,1959-01-28,-7.94999982230365,2.2399999499321,-2.85499993618578,1959,1,1959
47.4833,9.66667,1959-01-29,-6.69999985024333,3.66999991796911,-1.51499996613711,1959,1,1959
47.4833,9.66667,1959-01-30,-5.74999987147748,-0.00999999977648258,-2.87999993562698,1959,1,1959
47.4833,9.66667,1959-01-31,-6.21999986097217,0.92999997921288,-2.64499994087964,1959,1,1959
47.4833,9.66667,1959-02-01,-6.08999986387789,-0.159999996423721,-3.12499993015081,1959,2,1959
47.4833,9.66667,1959-02-02,-4.48999989964068,-0.279999993741512,-2.3849999466911,1959,2,1959
47.4833,9.66667,1959-02-03,-6.06999986432493,0.729999983683228,-2.66999994032085,1959,2,1959
47.4833,9.66667,1959-02-04,-6.00999986566603,-0.679999984800816,-3.34499992523342,1959,2,1959
47.4833,9.66667,1959-02-05,-7.33999983593822,1.46999996714294,-2.93499993439764,1959,2,1959
47.4833,9.66667,1959-02-06,-4.91999989002943,7.43999983370304,1.25999997183681,1959,2,1959
47.4833,9.66667,1959-02-07,-3.47999992221594,4.8199998922646,0.669999985024333,1959,2,1959
47.4833,9.66667,1959-02-08,-4.51999989897013,4.08999990858138,-0.214999995194376,1959,2,1959
47.4833,9.66667,1959-02-09,-5.3399998806417,5.3399998806417,0,1959,2,1959
47.4833,9.66667,1959-02-10,-4.49999989941716,6.10999986343086,0.804999982006848,1959,2,1959
47.4833,9.66667,1959-02-11,-0.359999991953373,8.31999981403351,3.97999991104007,1959,2,1959
47.4833,9.66667,1959-02-12,-3.0999999307096,3.40999992378056,0.15499999653548,1959,2,1959
47.4833,9.66667,1959-02-13,-5.22999988310039,2.52999994345009,-1.34999996982515,1959,2,1959
47.4833,9.66667,1959-02-14,-5.43999987840652,3.64999991841614,-0.894999979995191,1959,2,1959
47.4833,9.66667,1959-02-15,-5.77999987080693,1.73999996110797,-2.01999995484948,1959,2,1959
47.4833,9.66667,1959-02-16,-5.81999986991286,1.75999996066093,-2.02999995462596,1959,2,1959
47.4833,9.66667,1959-02-17,-5.78999987058342,1.50999996624887,-2.13999995216727,1959,2,1959
47.4833,9.66667,1959-02-18,-5.20999988354743,5.94999986700714,0.369999991729856,1959,2,1959
47.4833,9.66667,1959-02-19,-3.73999991640449,8.72999980486929,2.4949999442324,1959,2,1959
47.4833,9.66667,1959-02-20,-3.4999999217689,7.53999983146787,2.01999995484948,1959,2,1959
47.4833,9.66667,1959-02-21,-3.39999992400408,10.5999997630715,3.59999991953373,1959,2,1959
47.4833,9.66667,1959-02-22,0.459999989718199,6.87999984622002,3.66999991796911,1959,2,1959
47.4833,9.66667,1959-02-23,0.339999992400408,4.15999990701675,2.24999994970858,1959,2,1959
47.4833,9.66667,1959-02-24,-0.92999997921288,8.06999981962144,3.56999992020428,1959,2,1959
47.4833,9.66667,1959-02-25,-2.37999994680285,8.38999981246889,3.00499993283302,1959,2,1959
47.4833,9.66667,1959-02-26,-1.41999996826053,9.2999997921288,3.93999991193414,1959,2,1959
47.4833,9.66667,1959-02-27,-1.80999995954335,10.31999976933,4.25499990489334,1959,2,1959
47.4833,9.66667,1959-02-28,-1.62999996356666,12.8799997121096,5.62499987427145,1959,2,1959
47.4833,9.66667,1959-03-01,-1.21999997273088,12.2099997270852,5.49499987717718,1959,3,1959
47.4833,9.66667,1959-03-02,1.35999996960163,13.5899996962398,7.47499983292073,1959,3,1959
47.4833,9.66667,1959-03-03,0.509999988600612,14.8699996676296,7.68999982811511,1959,3,1959
47.4833,9.66667,1959-03-04,2.36999994702637,16.1399996392429,9.25499979313463,1959,3,1959
47.4833,9.66667,1959-03-05,6.38999985717237,16.2999996356666,11.3449997464195,1959,3,1959
47.4833,9.66667,1959-03-06,3.87999991327524,14.4499996770173,9.16499979514629,1959,3,1959
47.4833,9.66667,1959-03-07,6.3699998576194,15.8499996457249,11.1099997516721,1959,3,1959
47.4833,9.66667,1959-03-08,4.66999989561737,11.1499997507781,7.90999982319772,1959,3,1959
47.4833,9.66667,1959-03-09,2.71999993920326,9.59999978542328,6.15999986231327,1959,3,1959
47.4833,9.66667,1959-03-10,-0.34999999217689,12.5599997192621,6.10499986354262,1959,3,1959
47.4833,9.66667,1959-03-11,2.67999994009733,10.359999768436,6.51999985426664,1959,3,1959
47.4833,9.66667,1959-03-12,1.90999995730817,10.8099997583777,6.35999985784292,1959,3,1959
47.4833,9.66667,1959-03-13,2.60999994166195,7.55999983102083,5.08499988634139,1959,3,1959
47.4833,9.66667,1959-03-14,2.03999995440245,5.41999987885356,3.729999916628,1959,3,1959
47.4833,9.66667,1959-03-15,2.11999995261431,7.73999982699752,4.92999988980591,1959,3,1959
47.4833,9.66667,1959-03-16,-1.32999997027218,7.18999983929098,2.9299999345094,1959,3,1959
47.4833,9.66667,1959-03-17,0.319999992847443,4.96999988891184,2.64499994087964,1959,3,1959
47.4833,9.66667,1959-03-18,-0.00999999977648258,9.1299997959286,4.55999989807606,1959,3,1959
47.4833,9.66667,1959-03-19,-0.719999983906746,10.4999997653067,4.88999989069998,1959,3,1959
47.4833,9.66667,1959-03-20,2.25999994948506,13.3699997011572,7.81499982532114,1959,3,1959
47.4833,9.66667,1959-03-21,2.39999994635582,16.2499996367842,9.32499979157001,1959,3,1959
47.4833,9.66667,1959-03-22,3.86999991349876,17.3799996115267,10.6249997625127,1959,3,1959
47.4833,9.66667,1959-03-23,5.58999987505376,16.1199996396899,10.8549997573718,1959,3,1959
47.4833,9.66667,1959-03-24,8.07999981939793,16.079999640584,12.079999729991,1959,3,1959
47.4833,9.66667,1959-03-25,4.22999990545213,16.5499996300787,10.3899997677654,1959,3,1959
47.4833,9.66667,1959-03-26,4.42999990098178,13.8199996910989,9.12499979604036,1959,3,1959
47.4833,9.66667,1959-03-27,4.019999910146,8.72999980486929,6.37499985750765,1959,3,1959
47.4833,9.66667,1959-03-28,1.51999996602535,13.4799996986985,7.49999983236194,1959,3,1959
47.4833,9.66667,1959-03-29,3.94999991171062,9.63999978452921,6.79499984811991,1959,3,1959
47.4833,9.66667,1959-03-30,3.5599999204278,10.8299997579306,7.19499983917922,1959,3,1959
47.4833,9.66667,1959-03-31,3.00999993272126,6.97999984398484,4.99499988835305,1959,3,1959
47.4833,9.66667,1959-04-01,3.20999992825091,8.90999980084598,6.05999986454844,1959,4,1959
47.4833,9.66667,1959-04-02,2.50999994389713,13.4499996993691,7.9799998216331,1959,4,1959
47.4833,9.66667,1959-04-03,0.92999997921288,15.6899996493012,8.30999981425703,1959,4,1959
47.4833,9.66667,1959-04-04,1.90999995730817,17.7299996037036,9.8199997805059,1959,4,1959
47.4833,9.66667,1959-04-05,3.21999992802739,19.8999995552003,11.5599997416139,1959,4,1959
47.4833,9.66667,1959-04-06,5.93999986723065,20.5999995395541,13.2699997033924,1959,4,1959
47.4833,9.66667,1959-04-07,7.3499998357147,19.5699995625764,13.4599996991456,1959,4,1959
47.4833,9.66667,1959-04-08,1.55999996513128,12.2999997250736,6.92999984510243,1959,4,1959
47.4833,9.66667,1959-04-09,2.18999995104969,17.4999996088445,9.8449997799471,1959,4,1959
47.4833,9.66667,1959-04-10,3.0999999307096,12.3799997232854,7.73999982699752,1959,4,1959
47.4833,9.66667,1959-04-11,1.13999997451901,8.85999980196357,4.99999988824129,1959,4,1959
47.4833,9.66667,1959-04-12,1.1499999742955,9.74999978207052,5.44999987818301,1959,4,1959
47.4833,9.66667,1959-04-13,4.58999989740551,15.0399996638298,9.81499978061765,1959,4,1959
47.4833,9.66667,1959-04-14,4.11999990791082,21.839999511838,12.9799997098744,1959,4,1959
47.4833,9.66667,1959-04-15,6.04999986477196,21.6899995151907,13.8699996899813,1959,4,1959
47.4833,9.66667,1959-04-16,8.56999980844557,22.4899994973093,15.5299996528774,1959,4,1959
47.4833,9.66667,1959-04-17,7.749999826774,19.0799995735288,13.4149997001514,1959,4,1959
47.4833,9.66667,1959-04-18,5.60999987460673,12.4199997223914,9.01499979849905,1959,4,1959
47.4833,9.66667,1959-04-19,6.85999984666705,8.62999980710447,7.74499982688576,1959,4,1959
47.4833,9.66667,1959-04-20,4.54999989829957,8.6099998075515,6.57999985292554,1959,4,1959
47.4833,9.66667,1959-04-21,1.06999997608364,6.05999986454844,3.56499992031604,1959,4,1959
47.4833,9.66667,1959-04-22,-2.74999993853271,6.52999985404313,1.88999995775521,1959,4,1959
47.4833,9.66667,1959-04-23,-3.44999992288649,9.49999978765845,3.02499993238598,1959,4,1959
47.4833,9.66667,1959-04-24,-2.10999995283782,13.9299996886402,5.90999986790121,1959,4,1959
47.4833,9.66667,1959-04-25,0.0799999982118607,15.3199996575713,7.69999982789159,1959,4,1959
47.4833,9.66667,1959-04-26,2.88999993540347,18.3099995907396,10.5999997630715,1959,4,1959
47.4833,9.66667,1959-04-27,6.40999985672534,18.3499995898455,12.3799997232854,1959,4,1959
47.4833,9.66667,1959-04-28,7.21999983862042,14.069999685511,10.6449997620657,1959,4,1959
47.4833,9.66667,1959-04-29,5.59999987483025,15.4599996544421,10.5299997646362,1959,4,1959
47.4833,9.66667,1959-04-30,5.08999988622963,19.539999563247,12.3149997247383,1959,4,1959
47.4833,9.66667,1959-05-01,6.6599998511374,15.6999996490777,11.1799997501075,1959,5,NA
47.4833,9.66667,1959-05-02,3.0399999320507,6.78999984823167,4.91499989014119,1959,5,NA
47.4833,9.66667,1959-05-03,3.16999992914498,8.78999980352819,5.97999986633658,1959,5,NA
47.4833,9.66667,1959-05-04,3.02999993227422,10.2899997700006,6.6599998511374,1959,5,NA
47.4833,9.66667,1959-05-05,0.289999993517995,15.3399996571243,7.81499982532114,1959,5,NA
47.4833,9.66667,1959-05-06,3.4999999217689,18.8499995786697,11.1749997502193,1959,5,NA
47.4833,9.66667,1959-05-07,6.79999984800816,19.0599995739758,12.929999710992,1959,5,NA
47.4833,9.66667,1959-05-08,5.94999986700714,21.3999995216727,13.6749996943399,1959,5,NA
47.4833,9.66667,1959-05-09,10.4699997659773,23.53999947384,17.0049996199086,1959,5,NA
47.4833,9.66667,1959-05-10,9.60999978519976,22.8299994897097,16.2199996374547,1959,5,NA
47.4833,9.66667,1959-05-11,9.3599997907877,24.139999460429,16.7499996256083,1959,5,NA
47.4833,9.66667,1959-05-12,9.01999979838729,23.2799994796515,16.1499996390194,1959,5,NA
47.4833,9.66667,1959-05-13,8.28999981470406,20.2799995467067,14.2849996807054,1959,5,NA
47.4833,9.66667,1959-05-14,6.07999986410141,17.7199996039271,11.8999997340143,1959,5,NA
47.4833,9.66667,1959-05-15,4.38999990187585,13.9299996886402,9.15999979525805,1959,5,NA
47.4833,9.66667,1959-05-16,4.67999989539385,10.5799997635186,7.62999982945621,1959,5,NA
47.4833,9.66667,1959-05-17,5.60999987460673,16.65999962762,11.1349997511134,1959,5,NA
47.4833,9.66667,1959-05-18,6.52999985404313,19.9499995540828,13.2399997040629,1959,5,NA
47.4833,9.66667,1959-05-19,7.52999983169138,21.8799995109439,14.7049996713176,1959,5,NA
47.4833,9.66667,1959-05-20,9.59999978542328,20.8399995341897,15.2199996598065,1959,5,NA
47.4833,9.66667,1959-05-21,8.1499998178333,23.6099994722754,15.8799996450543,1959,5,NA
47.4833,9.66667,1959-05-22,11.2499997485429,24.8299994450063,18.0399995967746,1959,5,NA
47.4833,9.66667,1959-05-23,9.79999978095293,18.6399995833635,14.2199996821582,1959,5,NA
47.4833,9.66667,1959-05-24,12.1199997290969,18.359999589622,15.2399996593595,1959,5,NA
47.4833,9.66667,1959-05-25,8.50999980978668,17.7399996034801,13.1249997066334,1959,5,NA
47.4833,9.66667,1959-05-26,6.76999984867871,20.4699995424598,13.6199996955693,1959,5,NA
47.4833,9.66667,1959-05-27,6.5999998524785,21.5899995174259,14.0949996849522,1959,5,NA
47.4833,9.66667,1959-05-28,8.17999981716275,19.2399995699525,13.7099996935576,1959,5,NA
47.4833,9.66667,1959-05-29,8.80999980308115,17.1399996168911,12.9749997099862,1959,5,NA
47.4833,9.66667,1959-05-30,5.45999987795949,15.0199996642768,10.2399997711182,1959,5,NA
47.4833,9.66667,1959-05-31,5.9699998665601,12.5299997199327,9.24999979324639,1959,5,NA
47.4833,9.66667,1959-06-01,4.37999990209937,13.9599996879697,9.16999979503453,1959,6,NA
47.4833,9.66667,1959-06-02,8.47999981045723,18.0799995958805,13.2799997031689,1959,6,NA
47.4833,9.66667,1959-06-03,10.6199997626245,17.0799996182323,13.8499996904284,1959,6,NA
47.4833,9.66667,1959-06-04,8.09999981895089,22.8699994888157,15.4849996538833,1959,6,NA
47.4833,9.66667,1959-06-05,9.72999978251755,24.9299994427711,17.3299996126443,1959,6,NA
47.4833,9.66667,1959-06-06,11.1299997512251,24.6299994494766,17.8799996003509,1959,6,NA
47.4833,9.66667,1959-06-07,13.2399997040629,24.2899994570762,18.7649995805696,1959,6,NA
47.4833,9.66667,1959-06-08,11.7099997382611,24.6899994481355,18.1999995931983,1959,6,NA
47.4833,9.66667,1959-06-09,13.0299997087568,19.4399995654821,16.2349996371195,1959,6,NA
47.4833,9.66667,1959-06-10,11.6499997396022,15.9099996443838,13.779999691993,1959,6,NA
47.4833,9.66667,1959-06-11,7.83999982476234,13.5899996962398,10.7149997605011,1959,6,NA
47.4833,9.66667,1959-06-12,6.87999984622002,12.0899997297674,9.48499978799373,1959,6,NA
47.4833,9.66667,1959-06-13,5.60999987460673,10.7899997588247,8.19999981671572,1959,6,NA
47.4833,9.66667,1959-06-14,7.71999982744455,11.4299997445196,9.57499978598207,1959,6,NA
47.4833,9.66667,1959-06-15,10.4899997655302,14.6099996734411,12.5499997194856,1959,6,NA
47.4833,9.66667,1959-06-16,7.63999982923269,21.9399995096028,14.7899996694177,1959,6,NA
47.4833,9.66667,1959-06-17,10.3299997691065,20.6199995391071,15.4749996541068,1959,6,NA
47.4833,9.66667,1959-06-18,8.51999980956316,23.0399994850159,15.7799996472895,1959,6,NA
47.4833,9.66667,1959-06-19,12.9499997105449,25.1799994371831,19.064999573864,1959,6,NA
47.4833,9.66667,1959-06-20,12.8499997127801,26.1599994152784,19.5049995640293,1959,6,NA
47.4833,9.66667,1959-06-21,14.2199996821582,25.1699994374067,19.6949995597824,1959,6,NA
47.4833,9.66667,1959-06-22,13.7099996935576,24.8199994452298,19.2649995693937,1959,6,NA
47.4833,9.66667,1959-06-23,13.0799997076392,21.0899995286018,17.0849996181205,1959,6,NA
47.4833,9.66667,1959-06-24,15.1299996618181,19.4599995650351,17.2949996134266,1959,6,NA
47.4833,9.66667,1959-06-25,13.4999996982515,23.3699994776398,18.4349995879456,1959,6,NA
47.4833,9.66667,1959-06-26,12.619999717921,19.4499995652586,16.0349996415898,1959,6,NA
47.4833,9.66667,1959-06-27,13.2099997047335,19.7599995583296,16.4849996315315,1959,6,NA
47.4833,9.66667,1959-06-28,15.189999660477,20.1799995489419,17.6849996047094,1959,6,NA
47.4833,9.66667,1959-06-29,12.9199997112155,19.9999995529652,16.4599996320903,1959,6,NA
47.4833,9.66667,1959-06-30,10.0199997760355,16.1999996379018,13.1099997069687,1959,6,NA
47.4833,9.66667,1959-07-01,8.30999981425703,13.4599996991456,10.8849997567013,1959,7,NA
47.4833,9.66667,1959-07-02,9.2999997921288,12.6999997161329,10.9999997541308,1959,7,NA
47.4833,9.66667,1959-07-03,10.6199997626245,20.2299995478243,15.4249996552244,1959,7,NA
47.4833,9.66667,1959-07-04,11.3599997460842,24.6099994499236,17.9849995980039,1959,7,NA
47.4833,9.66667,1959-07-05,14.4399996772408,25.6399994269013,20.0399995520711,1959,7,NA
47.4833,9.66667,1959-07-06,12.9399997107685,27.7899993788451,20.3649995448068,1959,7,NA
47.4833,9.66667,1959-07-07,14.6599996723235,23.3699994776398,19.0149995749816,1959,7,NA
47.4833,9.66667,1959-07-08,15.1699996609241,25.3999994322658,20.2849995465949,1959,7,NA
47.4833,9.66667,1959-07-09,13.7099996935576,27.8199993781745,20.7649995358661,1959,7,NA
47.4833,9.66667,1959-07-10,15.2199996598065,28.8999993540347,22.0599995069206,1959,7,NA
47.4833,9.66667,1959-07-11,17.1599996164441,30.1099993269891,23.6349994717166,1959,7,NA
47.4833,9.66667,1959-07-12,16.4499996323138,30.0299993287772,23.2399994805455,1959,7,NA
47.4833,9.66667,1959-07-13,14.5399996750057,28.1999993696809,21.3699995223433,1959,7,NA
47.4833,9.66667,1959-07-14,13.779999691993,24.9199994429946,19.3499995674938,1959,7,NA
47.4833,9.66667,1959-07-15,14.8499996680766,25.7999994233251,20.3249995457008,1959,7,NA
47.4833,9.66667,1959-07-16,13.5499996971339,16.9799996204674,15.2649996588007,1959,7,NA
47.4833,9.66667,1959-07-17,13.1699997056276,19.7599995583296,16.4649996319786,1959,7,NA
47.4833,9.66667,1959-07-18,10.629999762401,21.4799995198846,16.0549996411428,1959,7,NA
47.4833,9.66667,1959-07-19,10.879999756813,23.7899994682521,17.3349996125326,1959,7,NA
47.4833,9.66667,1959-07-20,11.8699997346848,24.7099994476885,18.2899995911866,1959,7,NA
47.4833,9.66667,1959-07-21,13.5599996969104,25.1499994378537,19.354999567382,1959,7,NA
47.4833,9.66667,1959-07-22,13.1299997065216,25.6799994260073,19.4049995662645,1959,7,NA
47.4833,9.66667,1959-07-23,12.9399997107685,26.5799994058907,19.7599995583296,1959,7,NA
47.4833,9.66667,1959-07-24,12.5499997194856,27.2799993902445,19.9149995548651,1959,7,NA
47.4833,9.66667,1959-07-25,14.5699996743351,22.7899994906038,18.6799995824695,1959,7,NA
47.4833,9.66667,1959-07-26,15.0699996631593,24.8899994436651,19.9799995534122,1959,7,NA
47.4833,9.66667,1959-07-27,13.2399997040629,25.8699994217604,19.5549995629117,1959,7,NA
47.4833,9.66667,1959-07-28,13.5299996975809,27.8799993768334,20.7049995372072,1959,7,NA
47.4833,9.66667,1959-07-29,16.2899996358901,27.3099993895739,21.799999512732,1959,7,NA
47.4833,9.66667,1959-07-30,14.4399996772408,20.1499995496124,17.2949996134266,1959,7,NA
47.4833,9.66667,1959-07-31,12.7699997145683,16.7199996262789,14.7449996704236,1959,7,NA
47.4833,9.66667,1959-08-01,11.2999997474253,15.9899996425956,13.6449996950105,1959,8,NA
47.4833,9.66667,1959-08-02,10.8599997572601,15.4699996542186,13.1649997057393,1959,8,NA
47.4833,9.66667,1959-08-03,8.2699998151511,17.799999602139,13.034999708645,1959,8,NA
47.4833,9.66667,1959-08-04,10.7399997599423,18.2499995920807,14.4949996760115,1959,8,NA
47.4833,9.66667,1959-08-05,9.41999978944659,19.2199995703995,14.3199996799231,1959,8,NA
47.4833,9.66667,1959-08-06,10.5099997650832,21.4599995203316,15.9849996427074,1959,8,NA
47.4833,9.66667,1959-08-07,12.7699997145683,19.829999556765,16.2999996356666,1959,8,NA
47.4833,9.66667,1959-08-08,11.0199997536838,23.7499994691461,17.384999611415,1959,8,NA
47.4833,9.66667,1959-08-09,12.6099997181445,26.2699994128197,19.4399995654821,1959,8,NA
47.4833,9.66667,1959-08-10,14.629999672994,24.699999447912,19.664999560453,1959,8,NA
47.4833,9.66667,1959-08-11,13.2699997033924,27.2199993915856,20.244999547489,1959,8,NA
47.4833,9.66667,1959-08-12,11.1399997510016,23.6599994711578,17.3999996110797,1959,8,NA
47.4833,9.66667,1959-08-13,13.3499997016042,17.219999615103,15.2849996583536,1959,8,NA
47.4833,9.66667,1959-08-14,12.4899997208267,22.2899995017797,17.3899996113032,1959,8,NA
47.4833,9.66667,1959-08-15,11.3799997456372,24.7299994472414,18.0549995964393,1959,8,NA
47.4833,9.66667,1959-08-16,13.4599996991456,18.2299995925277,15.8449996458367,1959,8,NA
47.4833,9.66667,1959-08-17,11.6899997387081,17.6099996063858,14.649999672547,1959,8,NA
47.4833,9.66667,1959-08-18,10.4899997655302,16.639999628067,13.5649996967986,1959,8,NA
47.4833,9.66667,1959-08-19,9.19999979436398,21.0799995288253,15.1399996615946,1959,8,NA
47.4833,9.66667,1959-08-20,10.2899997700006,23.8199994675815,17.054999618791,1959,8,NA
47.4833,9.66667,1959-08-21,11.0999997518957,21.1999995261431,16.1499996390194,1959,8,NA
47.4833,9.66667,1959-08-22,10.5799997635186,24.1499994602054,17.364999611862,1959,8,NA
47.4833,9.66667,1959-08-23,13.9199996888638,19.5799995623529,16.7499996256083,1959,8,NA
47.4833,9.66667,1959-08-24,14.6399996727705,24.0399994626641,19.3399995677173,1959,8,NA
47.4833,9.66667,1959-08-25,13.179999705404,26.109999416396,19.6449995609,1959,8,NA
47.4833,9.66667,1959-08-26,13.3499997016042,26.8699993994087,20.1099995505065,1959,8,NA
47.4833,9.66667,1959-08-27,14.2999996803701,27.4799993857741,20.8899995330721,1959,8,NA
47.4833,9.66667,1959-08-28,15.1399996615946,25.279999434948,20.2099995482713,1959,8,NA
47.4833,9.66667,1959-08-29,12.9899997096509,23.1899994816631,18.089999595657,1959,8,NA
47.4833,9.66667,1959-08-30,12.2099997270852,21.0199995301664,16.6149996286258,1959,8,NA
47.4833,9.66667,1959-08-31,10.1999997720122,17.3899996113032,13.7949996916577,1959,8,NA
47.4833,9.66667,1959-09-01,5.21999988332391,18.6199995838106,11.9199997335672,1959,9,NA
47.4833,9.66667,1959-09-02,5.76999987103045,19.809999557212,12.7899997141212,1959,9,NA
47.4833,9.66667,1959-09-03,6.12999986298382,20.3199995458126,13.2249997043982,1959,9,NA
47.4833,9.66667,1959-09-04,7.71999982744455,19.3899995665997,13.5549996970221,1959,9,NA
47.4833,9.66667,1959-09-05,8.07999981939793,21.2899995241314,14.6849996717647,1959,9,NA
47.4833,9.66667,1959-09-06,8.27999981492758,19.4099995661527,13.8449996905401,1959,9,NA
47.4833,9.66667,1959-09-07,8.67999980598688,18.8999995775521,13.7899996917695,1959,9,NA
47.4833,9.66667,1959-09-08,6.34999985806644,20.1099995505065,13.2299997042865,1959,9,NA
47.4833,9.66667,1959-09-09,6.84999984689057,20.0299995522946,13.4399996995926,1959,9,NA
47.4833,9.66667,1959-09-10,7.68999982811511,21.9599995091558,14.8249996686354,1959,9,NA
47.4833,9.66667,1959-09-11,8.59999980777502,23.6799994707108,16.1399996392429,1959,9,NA
47.4833,9.66667,1959-09-12,8.49999981001019,23.809999467805,16.1549996389076,1959,9,NA
47.4833,9.66667,1959-09-13,8.18999981693923,23.6699994709343,15.9299996439368,1959,9,NA
47.4833,9.66667,1959-09-14,9.60999978519976,24.3399994559586,16.9749996205792,1959,9,NA
47.4833,9.66667,1959-09-15,10.1999997720122,23.9399994648993,17.0699996184558,1959,9,NA
47.4833,9.66667,1959-09-16,10.2399997711182,22.5599994957447,16.3999996334314,1959,9,NA
47.4833,9.66667,1959-09-17,11.0699997525662,23.7799994684756,17.4249996105209,1959,9,NA
47.4833,9.66667,1959-09-18,13.21999970451,17.1899996157736,15.2049996601418,1959,9,NA
47.4833,9.66667,1959-09-19,9.20999979414046,18.9099995773286,14.0599996857345,1959,9,NA
47.4833,9.66667,1959-09-20,6.09999986365438,19.0399995744228,12.5699997190386,1959,9,NA
47.4833,9.66667,1959-09-21,6.029999865219,20.4599995426834,13.2449997039512,1959,9,NA
47.4833,9.66667,1959-09-22,7.59999983012676,20.7299995366484,14.1649996833876,1959,9,NA
47.4833,9.66667,1959-09-23,10.7299997601658,22.4199994988739,16.5749996295199,1959,9,NA
47.4833,9.66667,1959-09-24,14.069999685511,23.849999466911,18.959999576211,1959,9,NA
47.4833,9.66667,1959-09-25,13.3299997020513,22.649999493733,17.9899995978922,1959,9,NA
47.4833,9.66667,1959-09-26,10.3499997686595,19.2999995686114,14.8249996686354,1959,9,NA
47.4833,9.66667,1959-09-27,11.1599997505546,19.1599995717406,15.1599996611476,1959,9,NA
47.4833,9.66667,1959-09-28,12.3199997246265,18.2199995927513,15.2699996586889,1959,9,NA
47.4833,9.66667,1959-09-29,8.78999980352819,17.1099996175617,12.9499997105449,1959,9,NA
47.4833,9.66667,1959-09-30,5.25999988242984,17.5499996077269,11.4049997450784,1959,9,NA
47.4833,9.66667,1959-10-01,3.85999991372228,17.0699996184558,10.464999766089,1959,10,1960
47.4833,9.66667,1959-10-02,2.93999993428588,17.2599996142089,10.0999997742474,1959,10,1960
47.4833,9.66667,1959-10-03,5.87999986857176,18.5299995858222,12.204999727197,1959,10,1960
47.4833,9.66667,1959-10-04,6.14999986253679,17.9399995990098,12.0449997307733,1959,10,1960
47.4833,9.66667,1959-10-05,5.16999988444149,18.8999995775521,12.0349997309968,1959,10,1960
47.4833,9.66667,1959-10-06,5.88999986834824,14.1699996832758,10.029999775812,1959,10,1960
47.4833,9.66667,1959-10-07,3.68999991752207,13.8299996908754,8.75999980419874,1959,10,1960
47.4833,9.66667,1959-10-08,2.67999994009733,15.2199996598065,8.94999979995191,1959,10,1960
47.4833,9.66667,1959-10-09,3.14999992959201,16.5499996300787,9.84999977983534,1959,10,1960
47.4833,9.66667,1959-10-10,3.42999992333353,16.5199996307492,9.97499977704138,1959,10,1960
47.4833,9.66667,1959-10-11,4.37999990209937,18.359999589622,11.3699997458607,1959,10,1960
47.4833,9.66667,1959-10-12,8.72999980486929,11.7799997366965,10.2549997707829,1959,10,1960
47.4833,9.66667,1959-10-13,6.44999985583127,15.3399996571243,10.8949997564778,1959,10,1960
47.4833,9.66667,1959-10-14,2.82999993674457,15.7499996479601,9.28999979235232,1959,10,1960
47.4833,9.66667,1959-10-15,2.02999995462596,13.6599996946752,7.84499982465059,1959,10,1960
47.4833,9.66667,1959-10-16,1.62999996356666,11.749999737367,6.68999985046685,1959,10,1960
47.4833,9.66667,1959-10-17,1.99999995529652,13.9299996886402,7.96499982196838,1959,10,1960
47.4833,9.66667,1959-10-18,1.81999995931983,16.4599996320903,9.13999979570508,1959,10,1960
47.4833,9.66667,1959-10-19,4.98999988846481,16.5399996303022,10.7649997593835,1959,10,1960
47.4833,9.66667,1959-10-20,4.1899999063462,14.8099996689707,9.49999978765845,1959,10,1960
47.4833,9.66667,1959-10-21,7.63999982923269,11.3799997456372,9.50999978743494,1959,10,1960
47.4833,9.66667,1959-10-22,7.48999983258545,13.1299997065216,10.3099997695535,1959,10,1960
47.4833,9.66667,1959-10-23,7.02999984286726,11.4099997449666,9.21999979391694,1959,10,1960
47.4833,9.66667,1959-10-24,4.02999990992248,12.889999711886,8.45999981090426,1959,10,1960
47.4833,9.66667,1959-10-25,1.56999996490777,16.2599996365607,8.91499980073422,1959,10,1960
47.4833,9.66667,1959-10-26,2.67999994009733,17.9799995981157,10.3299997691065,1959,10,1960
47.4833,9.66667,1959-10-27,5.29999988153577,14.1699996832758,9.73499978240579,1959,10,1960
47.4833,9.66667,1959-10-28,4.66999989561737,15.1799996607006,9.92499977815896,1959,10,1960
47.4833,9.66667,1959-10-29,0.719999983906746,10.1299997735769,5.4249998787418,1959,10,1960
47.4833,9.66667,1959-10-30,0.359999991953373,2.07999995350838,1.21999997273088,1959,10,1960
47.4833,9.66667,1959-10-31,-0.199999995529652,5.29999988153577,2.54999994300306,1959,10,1960
47.4833,9.66667,1959-11-01,-0.0999999977648258,5.0499998871237,2.47499994467944,1959,11,1960
47.4833,9.66667,1959-11-02,1.68999996222556,7.90999982319772,4.79999989271164,1959,11,1960
47.4833,9.66667,1959-11-03,-0.639999985694885,8.54999980889261,3.95499991159886,1959,11,1960
47.4833,9.66667,1959-11-04,-3.13999992981553,5.93999986723065,1.39999996870756,1959,11,1960
47.4833,9.66667,1959-11-05,-2.8699999358505,5.51999987661839,1.32499997038394,1959,11,1960
47.4833,9.66667,1959-11-06,-0.139999996870756,2.80999993719161,1.33499997016042,1959,11,1960
47.4833,9.66667,1959-11-07,0.279999993741512,2.89999993517995,1.58999996446073,1959,11,1960
47.4833,9.66667,1959-11-08,1.07999997586012,3.69999991729856,2.38999994657934,1959,11,1960
47.4833,9.66667,1959-11-09,0.229999994859099,4.03999990969896,2.13499995227903,1959,11,1960
47.4833,9.66667,1959-11-10,-1.17999997362494,5.08999988622963,1.95499995630234,1959,11,1960
47.4833,9.66667,1959-11-11,-1.33999997004867,3.89999991282821,1.27999997138977,1959,11,1960
47.4833,9.66667,1959-11-12,0.279999993741512,6.14999986253679,3.21499992813915,1959,11,1960
47.4833,9.66667,1959-11-13,-2.009999955073,5.89999986812472,1.94499995652586,1959,11,1960
47.4833,9.66667,1959-11-14,0.669999985024333,5.81999986991286,3.2449999274686,1959,11,1960
47.4833,9.66667,1959-11-15,-0.899999979883432,8.92999980039895,4.01499991025776,1959,11,1960
47.4833,9.66667,1959-11-16,0.149999996647239,3.64999991841614,1.89999995753169,1959,11,1960
47.4833,9.66667,1959-11-17,-0.299999993294477,3.52999992109835,1.61499996390194,1959,11,1960
47.4833,9.66667,1959-11-18,-2.2399999499321,7.72999982722104,2.74499993864447,1959,11,1960
47.4833,9.66667,1959-11-19,2.51999994367361,11.3599997460842,6.93999984487891,1959,11,1960
47.4833,9.66667,1959-11-20,0.559999987483025,11.4499997440726,6.00499986577779,1959,11,1960
47.4833,9.66667,1959-11-21,-0.409999990835786,8.50999980978668,4.04999990947545,1959,11,1960
47.4833,9.66667,1959-11-22,-2.64999994076788,5.28999988175929,1.3199999704957,1959,11,1960
47.4833,9.66667,1959-11-23,-2.62999994121492,3.89999991282821,0.634999985806644,1959,11,1960
47.4833,9.66667,1959-11-24,-3.82999991439283,0.769999982789159,-1.52999996580184,1959,11,1960
47.4833,9.66667,1959-11-25,-4.90999989025295,2.03999995440245,-1.43499996792525,1959,11,1960
47.4833,9.66667,1959-11-26,-3.27999992668629,1.38999996893108,-0.944999978877604,1959,11,1960
47.4833,9.66667,1959-11-27,-2.84999993629754,3.59999991953373,0.374999991618097,1959,11,1960
47.4833,9.66667,1959-11-28,-2.14999995194376,4.34999990276992,1.09999997541308,1959,11,1960
47.4833,9.66667,1959-11-29,-0.479999989271164,7.26999983750284,3.39499992411584,1959,11,1960
47.4833,9.66667,1959-11-30,-0.639999985694885,7.39999983459711,3.37999992445111,1959,11,1960
47.4833,9.66667,1959-12-01,0.559999987483025,11.8499997351319,6.20499986130744,1959,12,1960
47.4833,9.66667,1959-12-02,-0.0299999993294477,10.9499997552484,5.45999987795949,1959,12,1960
47.4833,9.66667,1959-12-03,0.299999993294477,6.7199998497963,3.50999992154539,1959,12,1960
47.4833,9.66667,1959-12-04,0.379999991506338,3.58999991975725,1.98499995563179,1959,12,1960
47.4833,9.66667,1959-12-05,-0.609999986365438,3.68999991752207,1.53999996557832,1959,12,1960
47.4833,9.66667,1959-12-06,0.189999995753169,3.64999991841614,1.91999995708466,1959,12,1960
47.4833,9.66667,1959-12-07,-2.74999993853271,3.74999991618097,0.499999988824129,1959,12,1960
47.4833,9.66667,1959-12-08,-4.1899999063462,3.0399999320507,-0.574999987147748,1959,12,1960
47.4833,9.66667,1959-12-09,-2.08999995328486,4.4799998998642,1.19499997328967,1959,12,1960
47.4833,9.66667,1959-12-10,-1.53999996557832,5.47999987751245,1.96999995596707,1959,12,1960
47.4833,9.66667,1959-12-11,-2.89999993517995,6.55999985337257,1.82999995909631,1959,12,1960
47.4833,9.66667,1959-12-12,0.0699999984353781,9.74999978207052,4.90999989025295,1959,12,1960
47.4833,9.66667,1959-12-13,-1.55999996513128,4.49999989941716,1.46999996714294,1959,12,1960
47.4833,9.66667,1959-12-14,-1.89999995753169,0.189999995753169,-0.854999980889261,1959,12,1960
47.4833,9.66667,1959-12-15,-2.67999994009733,0.559999987483025,-1.05999997630715,1959,12,1960
47.4833,9.66667,1959-12-16,-5.36999987997115,1.52999996580184,-1.91999995708466,1959,12,1960
47.4833,9.66667,1959-12-17,-6.37999985739589,2.15999995172024,-2.10999995283782,1959,12,1960
47.4833,9.66667,1959-12-18,-4.83999989181757,4.77999989315867,-0.0299999993294477,1959,12,1960
47.4833,9.66667,1959-12-19,-1.0899999756366,5.30999988131225,2.10999995283782,1959,12,1960
47.4833,9.66667,1959-12-20,-1.35999996960163,3.64999991841614,1.14499997440726,1959,12,1960
47.4833,9.66667,1959-12-21,-1.52999996580184,7.50999983213842,2.98999993316829,1959,12,1960
47.4833,9.66667,1959-12-22,0.0699999984353781,5.54999987594783,2.80999993719161,1959,12,1960
47.4833,9.66667,1959-12-23,-1.18999997340143,4.07999990880489,1.44499996770173,1959,12,1960
47.4833,9.66667,1959-12-24,-2.21999995037913,7.26999983750284,2.52499994356185,1959,12,1960
47.4833,9.66667,1959-12-25,0.96999997831881,5.05999988690019,3.0149999326095,1959,12,1960
47.4833,9.66667,1959-12-26,-0.429999990388751,6.73999984934926,3.15499992948025,1959,12,1960
47.4833,9.66667,1959-12-27,0.779999982565641,9.84999977983534,5.31499988120049,1959,12,1960
47.4833,9.66667,1959-12-28,2.88999993540347,9.55999978631735,6.22499986086041,1959,12,1960
47.4833,9.66667,1959-12-29,1.3799999691546,5.9699998665601,3.67499991785735,1959,12,1960
47.4833,9.66667,1959-12-30,-0.0499999988824129,4.66999989561737,2.30999994836748,1959,12,1960
47.4833,9.66667,1959-12-31,-0.0999999977648258,8.16999981738627,4.03499990981072,1959,12,1960
47.4833,9.66667,1960-01-01,1.67999996244907,10.0899997744709,5.88499986846,1960,1,1960
47.4833,9.66667,1960-01-02,0.289999993517995,8.11999981850386,4.20499990601093,1960,1,1960
47.4833,9.66667,1960-01-03,1.28999997116625,8.35999981313944,4.82499989215285,1960,1,1960
47.4833,9.66667,1960-01-04,3.74999991618097,6.13999986276031,4.94499988947064,1960,1,1960
47.4833,9.66667,1960-01-05,0.30999999307096,7.09999984130263,3.7049999171868,1960,1,1960
47.4833,9.66667,1960-01-06,-2.48999994434416,3.3299999255687,0.419999990612268,1960,1,1960
47.4833,9.66667,1960-01-07,-0.869999980553985,4.37999990209937,1.75499996077269,1960,1,1960
47.4833,9.66667,1960-01-08,-3.59999991953373,1.42999996803701,-1.08499997574836,1960,1,1960
47.4833,9.66667,1960-01-09,-2.81999993696809,0.869999980553985,-0.974999978207052,1960,1,1960
47.4833,9.66667,1960-01-10,-5.90999986790121,0.149999996647239,-2.87999993562698,1960,1,1960
47.4833,9.66667,1960-01-11,-11.4099997449666,-5.16999988444149,-8.28999981470406,1960,1,1960
47.4833,9.66667,1960-01-12,-14.6099996734411,-5.48999987728894,-10.049999775365,1960,1,1960
47.4833,9.66667,1960-01-13,-10.6199997626245,-5.86999986879528,-8.24499981570989,1960,1,1960
47.4833,9.66667,1960-01-14,-14.379999678582,-8.36999981291592,-11.3749997457489,1960,1,1960
47.4833,9.66667,1960-01-15,-17.8599996007979,-8.21999981626868,-13.0399997085333,1960,1,1960
47.4833,9.66667,1960-01-16,-13.75999969244,-7.88999982364476,-10.8249997580424,1960,1,1960
47.4833,9.66667,1960-01-17,-14.9299996662885,-8.70999980531633,-11.8199997358024,1960,1,1960
47.4833,9.66667,1960-01-18,-14.2799996808171,-5.5699998755008,-9.92499977815896,1960,1,1960
47.4833,9.66667,1960-01-19,-8.41999981179833,-1.39999996870756,-4.90999989025295,1960,1,1960
47.4833,9.66667,1960-01-20,-8.58999980799854,1.78999995999038,-3.39999992400408,1960,1,1960
47.4833,9.66667,1960-01-21,-2.93999993428588,4.27999990433455,0.669999985024333,1960,1,1960
47.4833,9.66667,1960-01-22,-1.53999996557832,3.3899999242276,0.924999979324639,1960,1,1960
47.4833,9.66667,1960-01-23,0.199999995529652,6.47999985516071,3.33999992534518,1960,1,1960
47.4833,9.66667,1960-01-24,-1.98999995552003,5.30999988131225,1.65999996289611,1960,1,1960
47.4833,9.66667,1960-01-25,-1.28999997116625,10.0999997742474,4.40499990154058,1960,1,1960
47.4833,9.66667,1960-01-26,1.4899999666959,9.77999978139997,5.63499987404794,1960,1,1960
47.4833,9.66667,1960-01-27,0.139999996870756,8.23999981582165,4.1899999063462,1960,1,1960
47.4833,9.66667,1960-01-28,2.2399999499321,12.8999997116625,7.56999983079731,1960,1,1960
47.4833,9.66667,1960-01-29,4.49999989941716,13.4799996986985,8.98999979905784,1960,1,1960
47.4833,9.66667,1960-01-30,1.65999996289611,6.45999985560775,4.05999990925193,1960,1,1960
47.4833,9.66667,1960-01-31,-1.78999995999038,6.33999985828996,2.27499994914979,1960,1,1960
47.4833,9.66667,1960-02-01,-2.45999994501472,3.98999991081655,0.764999982900918,1960,2,1960
47.4833,9.66667,1960-02-02,-0.609999986365438,4.44999990053475,1.91999995708466,1960,2,1960
47.4833,9.66667,1960-02-03,-0.549999987706542,4.99999988824129,2.22499995026737,1960,2,1960
47.4833,9.66667,1960-02-04,-2.62999994121492,5.63999987393618,1.50499996636063,1960,2,1960
47.4833,9.66667,1960-02-05,-0.849999981001019,4.4199999012053,1.78499996010214,1960,2,1960
47.4833,9.66667,1960-02-06,0.0599999986588955,3.98999991081655,2.02499995473772,1960,2,1960
47.4833,9.66667,1960-02-07,-1.43999996781349,3.83999991416931,1.19999997317791,1960,2,1960
47.4833,9.66667,1960-02-08,-9.60999978519976,-0.849999981001019,-5.22999988310039,1960,2,1960
47.4833,9.66667,1960-02-09,-13.8499996904284,-5.43999987840652,-9.64499978441745,1960,2,1960
47.4833,9.66667,1960-02-10,-12.7999997138977,-3.05999993160367,-7.92999982275069,1960,2,1960
47.4833,9.66667,1960-02-11,-9.66999978385866,2.75999993830919,-3.45499992277473,1960,2,1960
47.4833,9.66667,1960-02-12,-6.46999985538423,4.2499999050051,-1.10999997518957,1960,2,1960
47.4833,9.66667,1960-02-13,-0.819999981671572,5.09999988600612,2.13999995216727,1960,2,1960
47.4833,9.66667,1960-02-14,-2.68999993987381,5.40999987907708,1.35999996960163,1960,2,1960
47.4833,9.66667,1960-02-15,-3.87999991327524,6.13999986276031,1.12999997474253,1960,2,1960
47.4833,9.66667,1960-02-16,-2.71999993920326,5.46999987773597,1.37499996926636,1960,2,1960
47.4833,9.66667,1960-02-17,-0.899999979883432,5.19999988377094,2.14999995194376,1960,2,1960
47.4833,9.66667,1960-02-18,-0.789999982342124,3.18999992869794,1.19999997317791,1960,2,1960
47.4833,9.66667,1960-02-19,-1.3799999691546,3.99999991059303,1.30999997071922,1960,2,1960
47.4833,9.66667,1960-02-20,0.809999981895089,4.8199998922646,2.81499993707985,1960,2,1960
47.4833,9.66667,1960-02-21,-0.489999989047647,4.92999988980591,2.21999995037913,1960,2,1960
47.4833,9.66667,1960-02-22,-1.40999996848404,10.7699997592717,4.67999989539385,1960,2,1960
47.4833,9.66667,1960-02-23,0.639999985694885,11.169999750331,5.90499986801296,1960,2,1960
47.4833,9.66667,1960-02-24,0.96999997831881,5.02999988757074,2.99999993294477,1960,2,1960
47.4833,9.66667,1960-02-25,1.43999996781349,9.39999978989363,5.41999987885356,1960,2,1960
47.4833,9.66667,1960-02-26,1.67999996244907,7.81999982520938,4.74999989382923,1960,2,1960
47.4833,9.66667,1960-02-27,3.13999992981553,8.39999981224537,5.76999987103045,1960,2,1960
47.4833,9.66667,1960-02-28,2.10999995283782,12.7899997141212,7.44999983347952,1960,2,1960
47.4833,9.66667,1960-02-29,2.38999994657934,16.2299996372312,9.30999979190528,1960,2,1960
47.4833,9.66667,1960-03-01,4.60999989695847,18.069999596104,11.3399997465312,1960,3,1960
47.4833,9.66667,1960-03-02,4.65999989584088,11.8499997351319,8.25499981548637,1960,3,1960
47.4833,9.66667,1960-03-03,1.4899999666959,7.14999984018505,4.31999990344048,1960,3,1960
47.4833,9.66667,1960-03-04,3.40999992378056,7.9799998216331,5.69499987270683,1960,3,1960
47.4833,9.66667,1960-03-05,3.10999993048608,8.13999981805682,5.62499987427145,1960,3,1960
47.4833,9.66667,1960-03-06,1.42999996803701,4.69999989494681,3.06499993149191,1960,3,1960
47.4833,9.66667,1960-03-07,-0.839999981224537,6.38999985717237,2.77499993797392,1960,3,1960
47.4833,9.66667,1960-03-08,-1.95999995619059,5.16999988444149,1.60499996412545,1960,3,1960
47.4833,9.66667,1960-03-09,-1.21999997273088,4.98999988846481,1.88499995786697,1960,3,1960
47.4833,9.66667,1960-03-10,0.0799999982118607,9.96999977715313,5.0249998876825,1960,3,1960
47.4833,9.66667,1960-03-11,1.21999997273088,14.4499996770173,7.8349998248741,1960,3,1960
47.4833,9.66667,1960-03-12,3.53999992087483,9.94999977760017,6.7449998492375,1960,3,1960
47.4833,9.66667,1960-03-13,2.70999993942678,9.28999979235232,5.99999986588955,1960,3,1960
47.4833,9.66667,1960-03-14,-0.0699999984353781,12.9399997107685,6.43499985616654,1960,3,1960
47.4833,9.66667,1960-03-15,1.89999995753169,14.1199996843934,8.00999982096255,1960,3,1960
47.4833,9.66667,1960-03-16,3.28999992646277,15.3699996564537,9.32999979145825,1960,3,1960
47.4833,9.66667,1960-03-17,3.20999992825091,13.2899997029454,8.24999981559813,1960,3,1960
47.4833,9.66667,1960-03-18,1.69999996200204,6.39999985694885,4.04999990947545,1960,3,1960
47.4833,9.66667,1960-03-19,1.18999997340143,5.59999987483025,3.39499992411584,1960,3,1960
47.4833,9.66667,1960-03-20,0.129999997094274,4.85999989137053,2.4949999442324,1960,3,1960
47.4833,9.66667,1960-03-21,-0.849999981001019,2.85999993607402,1.0049999775365,1960,3,1960
47.4833,9.66667,1960-03-22,-0.88999998010695,6.73999984934926,2.92499993462116,1960,3,1960
47.4833,9.66667,1960-03-23,-2.4699999447912,9.89999977871776,3.71499991696328,1960,3,1960
47.4833,9.66667,1960-03-24,-0.939999978989363,10.9299997556955,4.99499988835305,1960,3,1960
47.4833,9.66667,1960-03-25,-0.109999997541308,12.9599997103214,6.42499985639006,1960,3,1960
47.4833,9.66667,1960-03-26,2.74999993853271,15.0499996636063,8.8999998010695,1960,3,1960
47.4833,9.66667,1960-03-27,4.72999989427626,18.1299995947629,11.4299997445196,1960,3,1960
47.4833,9.66667,1960-03-28,4.98999988846481,16.6899996269494,10.8399997577071,1960,3,1960
47.4833,9.66667,1960-03-29,3.04999993182719,19.1999995708466,11.1249997513369,1960,3,1960
47.4833,9.66667,1960-03-30,6.37999985739589,16.059999641031,11.2199997492135,1960,3,1960
47.4833,9.66667,1960-03-31,5.55999987572432,11.1799997501075,8.36999981291592,1960,3,1960
47.4833,9.66667,1960-04-01,4.98999988846481,10.1799997724593,7.58499983046204,1960,4,1960
47.4833,9.66667,1960-04-02,5.24999988265336,11.4899997431785,8.36999981291592,1960,4,1960
47.4833,9.66667,1960-04-03,3.80999991483986,14.6799996718764,9.24499979335815,1960,4,1960
47.4833,9.66667,1960-04-04,2.43999994546175,18.3399995900691,10.3899997677654,1960,4,1960
47.4833,9.66667,1960-04-05,5.28999988175929,10.359999768436,7.82499982509762,1960,4,1960
47.4833,9.66667,1960-04-06,2.42999994568527,15.1099996622652,8.76999980397522,1960,4,1960
47.4833,9.66667,1960-04-07,2.03999995440245,17.0899996180087,9.56499978620559,1960,4,1960
47.4833,9.66667,1960-04-08,4.16999990679324,20.1099995505065,12.1399997286499,1960,4,1960
47.4833,9.66667,1960-04-09,5.97999986633658,19.0099995750934,12.494999720715,1960,4,1960
47.4833,9.66667,1960-04-10,8.01999982073903,16.7499996256083,12.3849997231737,1960,4,1960
47.4833,9.66667,1960-04-11,7.42999983392656,16.5899996291846,12.0099997315556,1960,4,1960
47.4833,9.66667,1960-04-12,4.8199998922646,14.5899996738881,9.70499978307635,1960,4,1960
47.4833,9.66667,1960-04-13,3.00999993272126,8.78999980352819,5.89999986812472,1960,4,1960
47.4833,9.66667,1960-04-14,1.16999997384846,14.8599996678531,8.01499982085079,1960,4,1960
47.4833,9.66667,1960-04-15,3.50999992154539,11.3699997458607,7.43999983370304,1960,4,1960
47.4833,9.66667,1960-04-16,4.54999989829957,9.94999977760017,7.24999983794987,1960,4,1960
47.4833,9.66667,1960-04-17,3.45999992266297,8.98999979905784,6.22499986086041,1960,4,1960
47.4833,9.66667,1960-04-18,3.12999993003905,7.30999983660877,5.21999988332391,1960,4,1960
47.4833,9.66667,1960-04-19,3.28999992646277,12.369999723509,7.82999982498586,1960,4,1960
47.4833,9.66667,1960-04-20,6.95999984443188,16.1899996381253,11.5749997412786,1960,4,1960
47.4833,9.66667,1960-04-21,5.78999987058342,17.1599996164441,11.4749997435138,1960,4,1960
47.4833,9.66667,1960-04-22,3.79999991506338,17.5799996070564,10.6899997610599,1960,4,1960
47.4833,9.66667,1960-04-23,5.80999987013638,15.7099996488541,10.7599997594953,1960,4,1960
47.4833,9.66667,1960-04-24,5.16999988444149,11.7799997366965,8.47499981056899,1960,4,1960
47.4833,9.66667,1960-04-25,4.12999990768731,11.5399997420609,7.8349998248741,1960,4,1960
47.4833,9.66667,1960-04-26,1.64999996311963,7.29999983683228,4.47499989997596,1960,4,1960
47.4833,9.66667,1960-04-27,0.629999985918403,4.7099998947233,2.66999994032085,1960,4,1960
47.4833,9.66667,1960-04-28,0.0699999984353781,7.04999984242022,3.5599999204278,1960,4,1960
47.4833,9.66667,1960-04-29,0.879999980330467,7.1199998408556,3.99999991059303,1960,4,1960
47.4833,9.66667,1960-04-30,0.179999995976686,7.25999983772635,3.71999991685152,1960,4,1960
47.4833,9.66667,1960-05-01,1.58999996446073,7.64999982900918,4.61999989673495,1960,5,NA
47.4833,9.66667,1960-05-02,1.04999997653067,8.73999980464578,4.89499989058822,1960,5,NA
47.4833,9.66667,1960-05-03,1.85999995842576,10.2299997713417,6.04499986488372,1960,5,NA
47.4833,9.66667,1960-05-04,0.329999992623925,15.2799996584654,7.80499982554466,1960,5,NA
47.4833,9.66667,1960-05-05,3.45999992266297,17.0699996184558,10.2649997705594,1960,5,NA
47.4833,9.66667,1960-05-06,3.3299999255687,16.1599996387959,9.74499978218228,1960,5,NA
47.4833,9.66667,1960-05-07,3.98999991081655,16.6999996267259,10.3449997687712,1960,5,NA
47.4833,9.66667,1960-05-08,4.29999990388751,18.3499995898455,11.3249997468665,1960,5,NA
47.4833,9.66667,1960-05-09,4.4799998998642,19.5799995623529,12.0299997311085,1960,5,NA
47.4833,9.66667,1960-05-10,4.83999989181757,19.7499995585531,12.2949997251853,1960,5,NA
47.4833,9.66667,1960-05-11,9.27999979257584,16.2099996376783,12.7449997151271,1960,5,NA
47.4833,9.66667,1960-05-12,6.62999985180795,18.2599995918572,12.4449997218326,1960,5,NA
47.4833,9.66667,1960-05-13,9.33999979123473,22.1799995042384,15.7599996477365,1960,5,NA
47.4833,9.66667,1960-05-14,9.20999979414046,24.7199994474649,16.9649996208027,1960,5,NA
47.4833,9.66667,1960-05-15,12.7299997154623,23.7899994682521,18.2599995918572,1960,5,NA
47.4833,9.66667,1960-05-16,10.339999768883,26.419999409467,18.379999589175,1960,5,NA
47.4833,9.66667,1960-05-17,12.2099997270852,25.4499994311482,18.8299995791167,1960,5,NA
47.4833,9.66667,1960-05-18,10.5399997644126,23.0099994856864,16.7749996250495,1960,5,NA
47.4833,9.66667,1960-05-19,11.4299997445196,23.3399994783103,17.384999611415,1960,5,NA
47.4833,9.66667,1960-05-20,10.3499997686595,16.7899996247143,13.5699996966869,1960,5,NA
47.4833,9.66667,1960-05-21,7.2899998370558,18.1299995947629,12.7099997159094,1960,5,NA
47.4833,9.66667,1960-05-22,9.90999977849424,19.0699995737523,14.4899996761233,1960,5,NA
47.4833,9.66667,1960-05-23,8.12999981828034,11.9799997322261,10.0549997752532,1960,5,NA
47.4833,9.66667,1960-05-24,7.82999982498586,18.1399995945394,12.9849997097626,1960,5,NA
47.4833,9.66667,1960-05-25,8.38999981246889,20.9599995315075,14.6749996719882,1960,5,NA
47.4833,9.66667,1960-05-26,8.8399998024106,17.5599996075034,13.199999704957,1960,5,NA
47.4833,9.66667,1960-05-27,5.39999987930059,18.3299995902926,11.8649997347966,1960,5,NA
47.4833,9.66667,1960-05-28,7.23999983817339,19.6599995605648,13.4499996993691,1960,5,NA
47.4833,9.66667,1960-05-29,9.01999979838729,19.6599995605648,14.339999679476,1960,5,NA
47.4833,9.66667,1960-05-30,9.30999979190528,14.2899996805936,11.7999997362494,1960,5,NA
47.4833,9.66667,1960-05-31,8.49999981001019,18.4199995882809,13.4599996991456,1960,5,NA
47.4833,9.66667,1960-06-01,10.7799997590482,19.3399995677173,15.0599996633828,1960,6,NA
47.4833,9.66667,1960-06-02,9.8199997805059,21.9999995082617,15.9099996443838,1960,6,NA
47.4833,9.66667,1960-06-03,11.6699997391552,21.3199995234609,16.494999631308,1960,6,NA
47.4833,9.66667,1960-06-04,9.57999978587031,24.4699994530529,17.0249996194616,1960,6,NA
47.4833,9.66667,1960-06-05,11.2299997489899,22.7799994908273,17.0049996199086,1960,6,NA
47.4833,9.66667,1960-06-06,11.3199997469783,23.7999994680285,17.5599996075034,1960,6,NA
47.4833,9.66667,1960-06-07,11.6299997400492,25.569999428466,18.5999995842576,1960,6,NA
47.4833,9.66667,1960-06-08,13.7899996917695,21.4699995201081,17.6299996059388,1960,6,NA
47.4833,9.66667,1960-06-09,13.8799996897578,23.0699994843453,18.4749995870516,1960,6,NA
47.4833,9.66667,1960-06-10,13.5499996971339,22.7399994917214,18.1449995944276,1960,6,NA
47.4833,9.66667,1960-06-11,10.7699997592717,17.529999608174,14.1499996837229,1960,6,NA
47.4833,9.66667,1960-06-12,8.78999980352819,18.64999958314,13.7199996933341,1960,6,NA
47.4833,9.66667,1960-06-13,12.8199997134507,23.1499994825572,17.9849995980039,1960,6,NA
47.4833,9.66667,1960-06-14,11.8899997342378,25.839999422431,18.8649995783344,1960,6,NA
47.4833,9.66667,1960-06-15,10.1699997726828,15.5399996526539,12.8549997126684,1960,6,NA
47.4833,9.66667,1960-06-16,9.97999977692962,18.8999995775521,14.4399996772408,1960,6,NA
47.4833,9.66667,1960-06-17,7.86999982409179,21.8099995125085,14.8399996683002,1960,6,NA
47.4833,9.66667,1960-06-18,8.88999980129302,23.849999466911,16.369999634102,1960,6,NA
47.4833,9.66667,1960-06-19,12.5999997183681,25.7899994235486,19.1949995709583,1960,6,NA
47.4833,9.66667,1960-06-20,13.2899997029454,27.3599993884563,20.3249995457008,1960,6,NA
47.4833,9.66667,1960-06-21,14.0999996848404,22.0099995080382,18.0549995964393,1960,6,NA
47.4833,9.66667,1960-06-22,12.039999730885,21.5399995185435,16.7899996247143,1960,6,NA
47.4833,9.66667,1960-06-23,9.40999978967011,24.7999994456768,17.1049996176735,1960,6,NA
47.4833,9.66667,1960-06-24,11.5899997409433,27.1299993935972,19.3599995672703,1960,6,NA
47.4833,9.66667,1960-06-25,14.8299996685237,25.1999994367361,20.0149995526299,1960,6,NA
47.4833,9.66667,1960-06-26,14.7899996694177,21.7399995140731,18.2649995917454,1960,6,NA
47.4833,9.66667,1960-06-27,13.0399997085333,19.0799995735288,16.059999641031,1960,6,NA
47.4833,9.66667,1960-06-28,12.1199997290969,18.939999576658,15.5299996528774,1960,6,NA
47.4833,9.66667,1960-06-29,10.9299997556955,17.0199996195734,13.9749996876344,1960,6,NA
47.4833,9.66667,1960-06-30,7.27999983727932,14.9799996651709,11.1299997512251,1960,6,NA
47.4833,9.66667,1960-07-01,6.24999986030161,15.2599996589124,10.754999759607,1960,7,NA
47.4833,9.66667,1960-07-02,8.01999982073903,17.9499995987862,12.9849997097626,1960,7,NA
47.4833,9.66667,1960-07-03,5.42999987863004,18.9099995773286,12.1699997279793,1960,7,NA
47.4833,9.66667,1960-07-04,7.48999983258545,19.3299995679408,13.4099997002631,1960,7,NA
47.4833,9.66667,1960-07-05,9.34999979101121,18.4599995873868,13.904999689199,1960,7,NA
47.4833,9.66667,1960-07-06,8.65999980643392,20.409999543801,14.5349996751174,1960,7,NA
47.4833,9.66667,1960-07-07,13.6299996953458,21.9399995096028,17.7849996024743,1960,7,NA
47.4833,9.66667,1960-07-08,12.3899997230619,19.0399995744228,15.7149996487424,1960,7,NA
47.4833,9.66667,1960-07-09,10.6499997619539,15.9799996428192,13.3149997023866,1960,7,NA
47.4833,9.66667,1960-07-10,9.8199997805059,15.2399996593595,12.5299997199327,1960,7,NA
47.4833,9.66667,1960-07-11,9.39999978989363,17.7899996023625,13.5949996961281,1960,7,NA
47.4833,9.66667,1960-07-12,11.3599997460842,19.4899995643646,15.4249996552244,1960,7,NA
47.4833,9.66667,1960-07-13,11.3999997451901,15.1099996622652,13.2549997037277,1960,7,NA
47.4833,9.66667,1960-07-14,9.63999978452921,20.6899995375425,15.1649996610358,1960,7,NA
47.4833,9.66667,1960-07-15,8.81999980285764,24.2699994575232,16.5449996301904,1960,7,NA
47.4833,9.66667,1960-07-16,11.7599997371435,20.1799995489419,15.9699996430427,1960,7,NA
47.4833,9.66667,1960-07-17,10.5199997648597,17.3899996113032,13.9549996880814,1960,7,NA
47.4833,9.66667,1960-07-18,7.93999982252717,22.5899994950742,15.2649996588007,1960,7,NA
47.4833,9.66667,1960-07-19,14.7299996707588,19.1699995715171,16.949999621138,1960,7,NA
47.4833,9.66667,1960-07-20,13.4499996993691,22.379999499768,17.9149995995685,1960,7,NA
47.4833,9.66667,1960-07-21,12.6699997168034,19.6499995607883,16.1599996387959,1960,7,NA
47.4833,9.66667,1960-07-22,11.6399997398257,19.7599995583296,15.6999996490777,1960,7,NA
47.4833,9.66667,1960-07-23,10.7899997588247,18.8999995775521,14.8449996681884,1960,7,NA
47.4833,9.66667,1960-07-24,8.8399998024106,14.7999996691942,11.8199997358024,1960,7,NA
47.4833,9.66667,1960-07-25,7.94999982230365,16.1699996385723,12.059999730438,1960,7,NA
47.4833,9.66667,1960-07-26,7.38999983482063,18.1699995938689,12.7799997143447,1960,7,NA
47.4833,9.66667,1960-07-27,12.8099997136742,18.4299995880574,15.6199996508658,1960,7,NA
47.4833,9.66667,1960-07-28,11.8899997342378,17.5799996070564,14.7349996706471,1960,7,NA
47.4833,9.66667,1960-07-29,11.2299997489899,18.7499995809048,14.9899996649474,1960,7,NA
47.4833,9.66667,1960-07-30,12.7599997147918,25.259999435395,19.0099995750934,1960,7,NA
47.4833,9.66667,1960-07-31,13.199999704957,26.8599993996322,20.0299995522946,1960,7,NA
47.4833,9.66667,1960-08-01,13.5899996962398,26.709999402985,20.1499995496124,1960,8,NA
47.4833,9.66667,1960-08-02,12.0199997313321,18.7999995797873,15.4099996555597,1960,8,NA
47.4833,9.66667,1960-08-03,11.0299997534603,17.0799996182323,14.0549996858463,1960,8,NA
47.4833,9.66667,1960-08-04,8.80999980308115,19.499999564141,14.1549996836111,1960,8,NA
47.4833,9.66667,1960-08-05,8.00999982096255,22.4599994979799,15.2349996594712,1960,8,NA
47.4833,9.66667,1960-08-06,13.0099997092038,21.8799995109439,17.4449996100739,1960,8,NA
47.4833,9.66667,1960-08-07,12.4699997212738,17.2999996133149,14.8849996672943,1960,8,NA
47.4833,9.66667,1960-08-08,10.7599997594953,22.2999995015562,16.5299996305257,1960,8,NA
47.4833,9.66667,1960-08-09,12.5199997201562,16.1699996385723,14.3449996793643,1960,8,NA
47.4833,9.66667,1960-08-10,11.9599997326732,19.1299995724112,15.5449996525422,1960,8,NA
47.4833,9.66667,1960-08-11,10.3899997677654,20.7999995350838,15.5949996514246,1960,8,NA
47.4833,9.66667,1960-08-12,10.8099997583777,26.3199994117022,18.5649995850399,1960,8,NA
47.4833,9.66667,1960-08-13,11.9399997331202,18.8899995777756,15.4149996554479,1960,8,NA
47.4833,9.66667,1960-08-14,10.4799997657537,16.099999640137,13.2899997029454,1960,8,NA
47.4833,9.66667,1960-08-15,7.8099998254329,18.089999595657,12.9499997105449,1960,8,NA
47.4833,9.66667,1960-08-16,11.5499997418374,18.7999995797873,15.1749996608123,1960,8,NA
47.4833,9.66667,1960-08-17,10.4799997657537,20.659999538213,15.5699996519834,1960,8,NA
47.4833,9.66667,1960-08-18,8.73999980464578,22.2499995026737,15.4949996536598,1960,8,NA
47.4833,9.66667,1960-08-19,13.3999997004867,20.7199995368719,17.0599996186793,1960,8,NA
47.4833,9.66667,1960-08-20,11.5199997425079,16.7099996265024,14.1149996845052,1960,8,NA
47.4833,9.66667,1960-08-21,8.61999980732799,19.9499995540828,14.2849996807054,1960,8,NA
47.4833,9.66667,1960-08-22,12.4199997223914,20.3399995453656,16.3799996338785,1960,8,NA
47.4833,9.66667,1960-08-23,10.049999775365,25.839999422431,17.944999598898,1960,8,NA
47.4833,9.66667,1960-08-24,13.7299996931106,27.1999993920326,20.4649995425716,1960,8,NA
47.4833,9.66667,1960-08-25,15.6399996504188,26.5399994067848,21.0899995286018,1960,8,NA
47.4833,9.66667,1960-08-26,15.1399996615946,28.8199993558228,21.9799995087087,1960,8,NA
47.4833,9.66667,1960-08-27,14.9899996649474,27.6699993815273,21.3299995232373,1960,8,NA
47.4833,9.66667,1960-08-28,14.9799996651709,27.6299993824214,21.3049995237961,1960,8,NA
47.4833,9.66667,1960-08-29,13.5699996966869,21.4099995214492,17.489999609068,1960,8,NA
47.4833,9.66667,1960-08-30,11.8899997342378,21.3999995216727,16.6449996279553,1960,8,NA
47.4833,9.66667,1960-08-31,11.479999743402,18.4699995871633,14.9749996652827,1960,8,NA
47.4833,9.66667,1960-09-01,10.5199997648597,14.5799996741116,12.5499997194856,1960,9,NA
47.4833,9.66667,1960-09-02,9.03999979794025,18.9799995757639,14.0099996868521,1960,9,NA
47.4833,9.66667,1960-09-03,9.70999978296459,19.9399995543063,14.8249996686354,1960,9,NA
47.4833,9.66667,1960-09-04,9.34999979101121,23.1299994830042,16.2399996370077,1960,9,NA
47.4833,9.66667,1960-09-05,12.1299997288734,19.3799995668232,15.7549996478483,1960,9,NA
47.4833,9.66667,1960-09-06,9.04999979771674,12.5999997183681,10.8249997580424,1960,9,NA
47.4833,9.66667,1960-09-07,7.88999982364476,13.1599997058511,10.5249997647479,1960,9,NA
47.4833,9.66667,1960-09-08,8.00999982096255,14.359999679029,11.1849997499958,1960,9,NA
47.4833,9.66667,1960-09-09,8.59999980777502,13.5699996966869,11.0849997522309,1960,9,NA
47.4833,9.66667,1960-09-10,4.68999989517033,17.9899995978922,11.3399997465312,1960,9,NA
47.4833,9.66667,1960-09-11,4.98999988846481,19.3599995672703,12.1749997278675,1960,9,NA
47.4833,9.66667,1960-09-12,6.20999986119568,20.0299995522946,13.1199997067451,1960,9,NA
47.4833,9.66667,1960-09-13,7.10999984107912,20.5199995413423,13.8149996912107,1960,9,NA
47.4833,9.66667,1960-09-14,9.08999979682267,21.259999524802,15.1749996608123,1960,9,NA
47.4833,9.66667,1960-09-15,11.6899997387081,19.7099995594472,15.6999996490777,1960,9,NA
47.4833,9.66667,1960-09-16,9.48999978788197,19.8699995558709,14.6799996718764,1960,9,NA
47.4833,9.66667,1960-09-17,12.3099997248501,23.4999994747341,17.9049995997921,1960,9,NA
47.4833,9.66667,1960-09-18,9.55999978631735,17.9099995996803,13.7349996929988,1960,9,NA
47.4833,9.66667,1960-09-19,7.23999983817339,22.399999499321,14.8199996687472,1960,9,NA
47.4833,9.66667,1960-09-20,10.2099997717887,17.3099996130913,13.75999969244,1960,9,NA
47.4833,9.66667,1960-09-21,7.65999982878566,13.4199997000396,10.5399997644126,1960,9,NA
47.4833,9.66667,1960-09-22,5.55999987572432,12.7999997138977,9.17999979481101,1960,9,NA
47.4833,9.66667,1960-09-23,6.94999984465539,14.8699996676296,10.9099997561425,1960,9,NA
47.4833,9.66667,1960-09-24,4.56999989785254,15.769999647513,10.1699997726828,1960,9,NA
47.4833,9.66667,1960-09-25,7.02999984286726,16.9999996200204,12.0149997314438,1960,9,NA
47.4833,9.66667,1960-09-26,7.91999982297421,15.9199996441603,11.9199997335672,1960,9,NA
47.4833,9.66667,1960-09-27,6.03999986499548,15.0599996633828,10.5499997641891,1960,9,NA
47.4833,9.66667,1960-09-28,6.84999984689057,15.2699996586889,11.0599997527897,1960,9,NA
47.4833,9.66667,1960-09-29,6.70999985001981,12.3599997237325,9.53499978687614,1960,9,NA
47.4833,9.66667,1960-09-30,5.65999987348914,8.90999980084598,7.28499983716756,1960,9,NA
47.4833,9.66667,1960-10-01,3.31999992579222,12.5199997201562,7.91999982297421,1960,10,1961
47.4833,9.66667,1960-10-02,7.42999983392656,16.7499996256083,12.0899997297674,1960,10,1961
47.4833,9.66667,1960-10-03,4.08999990858138,19.9299995545298,12.0099997315556,1960,10,1961
47.4833,9.66667,1960-10-04,9.02999979816377,21.4499995205551,15.2399996593595,1960,10,1961
47.4833,9.66667,1960-10-05,11.0399997532368,23.5899994727224,17.3149996129796,1960,10,1961
47.4833,9.66667,1960-10-06,8.42999981157482,20.3299995455891,14.379999678582,1960,10,1961
47.4833,9.66667,1960-10-07,9.78999978117645,17.3999996110797,13.5949996961281,1960,10,1961
47.4833,9.66667,1960-10-08,8.12999981828034,12.1999997273088,10.1649997727945,1960,10,1961
47.4833,9.66667,1960-10-09,7.81999982520938,16.2499996367842,12.0349997309968,1960,10,1961
47.4833,9.66667,1960-10-10,5.20999988354743,12.3199997246265,8.76499980408698,1960,10,1961
47.4833,9.66667,1960-10-11,5.15999988466501,13.3799997009337,9.26999979279935,1960,10,1961
47.4833,9.66667,1960-10-12,5.66999987326562,10.3899997677654,8.02999982051551,1960,10,1961
47.4833,9.66667,1960-10-13,2.38999994657934,7.26999983750284,4.82999989204109,1960,10,1961
47.4833,9.66667,1960-10-14,0.739999983459711,10.0999997742474,5.41999987885356,1960,10,1961
47.4833,9.66667,1960-10-15,-1.72999996133149,9.73999978229403,4.00499991048127,1960,10,1961
47.4833,9.66667,1960-10-16,1.02999997697771,5.31999988108873,3.17499992903322,1960,10,1961
47.4833,9.66667,1960-10-17,1.39999996870756,4.17999990656972,2.78999993763864,1960,10,1961
47.4833,9.66667,1960-10-18,1.86999995820224,4.90999989025295,3.3899999242276,1960,10,1961
47.4833,9.66667,1960-10-19,1.74999996088445,9.79999978095293,5.77499987091869,1960,10,1961
47.4833,9.66667,1960-10-20,1.38999996893108,13.2599997036159,7.32499983627349,1960,10,1961
47.4833,9.66667,1960-10-21,3.4999999217689,17.9299995992333,10.7149997605011,1960,10,1961
47.4833,9.66667,1960-10-22,4.28999990411103,12.2199997268617,8.25499981548637,1960,10,1961
47.4833,9.66667,1960-10-23,2.19999995082617,13.8999996893108,8.04999982006848,1960,10,1961
47.4833,9.66667,1960-10-24,8.23999981582165,17.8299996014684,13.034999708645,1960,10,1961
47.4833,9.66667,1960-10-25,5.47999987751245,14.6799996718764,10.0799997746944,1960,10,1961
47.4833,9.66667,1960-10-26,5.739999871701,17.9899995978922,11.8649997347966,1960,10,1961
47.4833,9.66667,1960-10-27,7.75999982655048,14.6999996714294,11.2299997489899,1960,10,1961
47.4833,9.66667,1960-10-28,5.11999988555908,14.6999996714294,9.90999977849424,1960,10,1961
47.4833,9.66667,1960-10-29,4.8799998909235,16.2799996361136,10.5799997635186,1960,10,1961
47.4833,9.66667,1960-10-30,9.03999979794025,18.7199995815754,13.8799996897578,1960,10,1961
47.4833,9.66667,1960-10-31,6.1999998614192,12.7299997154623,9.46499978844076,1960,10,1961
47.4833,9.66667,1960-11-01,2.15999995172024,11.189999749884,6.67499985080212,1960,11,1961
47.4833,9.66667,1960-11-02,4.17999990656972,16.9799996204674,10.5799997635186,1960,11,1961
47.4833,9.66667,1960-11-03,5.76999987103045,15.2799996584654,10.5249997647479,1960,11,1961
47.4833,9.66667,1960-11-04,2.74999993853271,13.5799996964633,8.16499981749803,1960,11,1961
47.4833,9.66667,1960-11-05,4.45999990031123,14.2099996823817,9.33499979134649,1960,11,1961
47.4833,9.66667,1960-11-06,3.62999991886318,10.2699997704476,6.94999984465539,1960,11,1961
47.4833,9.66667,1960-11-07,0.339999992400408,9.2999997921288,4.8199998922646,1960,11,1961
47.4833,9.66667,1960-11-08,2.16999995149672,7.96999982185662,5.06999988667667,1960,11,1961
47.4833,9.66667,1960-11-09,0.729999983683228,4.76999989338219,2.74999993853271,1960,11,1961
47.4833,9.66667,1960-11-10,-0.949999978765845,5.95999986678362,2.50499994400889,1960,11,1961
47.4833,9.66667,1960-11-11,-0.96999997831881,7.42999983392656,3.22999992780387,1960,11,1961
47.4833,9.66667,1960-11-12,1.719999961555,12.7499997150153,7.23499983828515,1960,11,1961
47.4833,9.66667,1960-11-13,3.94999991171062,10.5199997648597,7.23499983828515,1960,11,1961
47.4833,9.66667,1960-11-14,4.35999990254641,7.66999982856214,6.01499986555427,1960,11,1961
47.4833,9.66667,1960-11-15,1.38999996893108,10.359999768436,5.87499986868352,1960,11,1961
47.4833,9.66667,1960-11-16,1.16999997384846,11.7799997366965,6.47499985527247,1960,11,1961
47.4833,9.66667,1960-11-17,2.60999994166195,8.29999981448054,5.45499987807125,1960,11,1961
47.4833,9.66667,1960-11-18,0.0699999984353781,8.59999980777502,4.3349999031052,1960,11,1961
47.4833,9.66667,1960-11-19,3.29999992623925,9.93999977782369,6.61999985203147,1960,11,1961
47.4833,9.66667,1960-11-20,2.25999994948506,5.86999986879528,4.06499990914017,1960,11,1961
47.4833,9.66667,1960-11-21,0.979999978095293,9.10999979637563,5.04499988723546,1960,11,1961
47.4833,9.66667,1960-11-22,-0.92999997921288,11.1799997501075,5.12499988544732,1960,11,1961
47.4833,9.66667,1960-11-23,4.82999989204109,14.5499996747822,9.68999978341162,1960,11,1961
47.4833,9.66667,1960-11-24,4.49999989941716,8.039999820292,6.26999985985458,1960,11,1961
47.4833,9.66667,1960-11-25,3.4999999217689,9.57999978587031,6.53999985381961,1960,11,1961
47.4833,9.66667,1960-11-26,1.62999996356666,10.609999762848,6.11999986320734,1960,11,1961
47.4833,9.66667,1960-11-27,5.22999988310039,14.5799996741116,9.904999778606,1960,11,1961
47.4833,9.66667,1960-11-28,4.65999989584088,13.21999970451,8.93999980017543,1960,11,1961
47.4833,9.66667,1960-11-29,2.57999994233251,9.00999979861081,5.79499987047166,1960,11,1961
47.4833,9.66667,1960-11-30,0.26999999396503,4.49999989941716,2.3849999466911,1960,11,1961
47.4833,9.66667,1960-12-01,-0.529999988153577,7.37999983504415,3.42499992344528,1960,12,1961
47.4833,9.66667,1960-12-02,-1.49999996647239,6.85999984666705,2.67999994009733,1960,12,1961
47.4833,9.66667,1960-12-03,-2.48999994434416,5.87999986857176,1.6949999621138,1960,12,1961
47.4833,9.66667,1960-12-04,-0.30999999307096,8.61999980732799,4.15499990712851,1960,12,1961
47.4833,9.66667,1960-12-05,3.00999993272126,12.7799997143447,7.894999823533,1960,12,1961
47.4833,9.66667,1960-12-06,4.22999990545213,9.85999977961183,7.04499984253198,1960,12,1961
47.4833,9.66667,1960-12-07,2.24999994970858,6.96999984420836,4.60999989695847,1960,12,1961
47.4833,9.66667,1960-12-08,-0.279999993741512,2.6999999396503,1.20999997295439,1960,12,1961
47.4833,9.66667,1960-12-09,-2.95999993383884,1.01999997720122,-0.96999997831881,1960,12,1961
47.4833,9.66667,1960-12-10,-2.18999995104969,1.57999996468425,-0.304999993182719,1960,12,1961
47.4833,9.66667,1960-12-11,-0.909999979659915,1.40999996848404,0.249999994412065,1960,12,1961
47.4833,9.66667,1960-12-12,-1.01999997720122,0.779999982565641,-0.119999997317791,1960,12,1961
47.4833,9.66667,1960-12-13,-2.80999993719161,-0.179999995976686,-1.49499996658415,1960,12,1961
47.4833,9.66667,1960-12-14,-3.90999991260469,-1.4899999666959,-2.6999999396503,1960,12,1961
47.4833,9.66667,1960-12-15,-4.63999989628792,-1.33999997004867,-2.98999993316829,1960,12,1961
47.4833,9.66667,1960-12-16,-4.66999989561737,-0.239999994635582,-2.45499994512647,1960,12,1961
47.4833,9.66667,1960-12-17,-4.34999990276992,-0.539999987930059,-2.44499994534999,1960,12,1961
47.4833,9.66667,1960-12-18,-4.60999989695847,-0.259999994188547,-2.43499994557351,1960,12,1961
47.4833,9.66667,1960-12-19,-3.51999992132187,-0.249999994412065,-1.88499995786697,1960,12,1961
47.4833,9.66667,1960-12-20,-2.45999994501472,2.22999995015562,-0.11499999742955,1960,12,1961
47.4833,9.66667,1960-12-21,-2.81999993696809,3.19999992847443,0.189999995753169,1960,12,1961
47.4833,9.66667,1960-12-22,-2.03999995440245,0.57999998703599,-0.729999983683228,1960,12,1961
47.4833,9.66667,1960-12-23,-3.63999991863966,0.96999997831881,-1.33499997016042,1960,12,1961
47.4833,9.66667,1960-12-24,-4.89999989047647,0.00999999977648258,-2.44499994534999,1960,12,1961
47.4833,9.66667,1960-12-25,-9.39999978989363,-2.77999993786216,-6.08999986387789,1960,12,1961
47.4833,9.66667,1960-12-26,-10.3099997695535,-2.71999993920326,-6.5149998543784,1960,12,1961
47.4833,9.66667,1960-12-27,-9.44999978877604,0.65999998524785,-4.39499990176409,1960,12,1961
47.4833,9.66667,1960-12-28,-4.60999989695847,2.79999993741512,-0.904999979771674,1960,12,1961
47.4833,9.66667,1960-12-29,-2.38999994657934,0.739999983459711,-0.824999981559813,1960,12,1961
47.4833,9.66667,1960-12-30,-4.88999989069998,0.409999990835786,-2.2399999499321,1960,12,1961
47.4833,9.66667,1960-12-31,-6.90999984554946,-0.00999999977648258,-3.45999992266297,1960,12,1961
47.4833,9.66667,1961-01-01,-7.09999984130263,2.26999994926155,-2.41499994602054,1961,1,1961
47.4833,9.66667,1961-01-02,-2.70999993942678,1.20999997295439,-0.749999983236194,1961,1,1961
47.4833,9.66667,1961-01-03,-2.21999995037913,2.36999994702637,0.0749999983236194,1961,1,1961
47.4833,9.66667,1961-01-04,-2.10999995283782,8.47999981045723,3.1849999288097,1961,1,1961
47.4833,9.66667,1961-01-05,-2.26999994926155,4.23999990522861,0.984999977983534,1961,1,1961
47.4833,9.66667,1961-01-06,-2.48999994434416,1.30999997071922,-0.589999986812472,1961,1,1961
47.4833,9.66667,1961-01-07,-5.67999987304211,3.22999992780387,-1.22499997261912,1961,1,1961
47.4833,9.66667,1961-01-08,-1.61999996379018,2.21999995037913,0.299999993294477,1961,1,1961
47.4833,9.66667,1961-01-09,-3.7899999152869,3.3899999242276,-0.199999995529652,1961,1,1961
47.4833,9.66667,1961-01-10,-1.18999997340143,2.6399999409914,0.724999983794987,1961,1,1961
47.4833,9.66667,1961-01-11,-3.66999991796911,3.58999991975725,-0.0399999991059303,1961,1,1961
47.4833,9.66667,1961-01-12,-2.02999995462596,2.2399999499321,0.104999997653067,1961,1,1961
47.4833,9.66667,1961-01-13,-1.88999995775521,1.15999997407198,-0.364999991841614,1961,1,1961
47.4833,9.66667,1961-01-14,-4.51999989897013,-0.749999983236194,-2.63499994110316,1961,1,1961
47.4833,9.66667,1961-01-15,-5.82999986968935,-2.07999995350838,-3.95499991159886,1961,1,1961
47.4833,9.66667,1961-01-16,-6.68999985046685,-3.30999992601573,-4.99999988824129,1961,1,1961
47.4833,9.66667,1961-01-17,-8.36999981291592,-0.819999981671572,-4.59499989729375,1961,1,1961
47.4833,9.66667,1961-01-18,-8.05999981984496,-3.44999992288649,-5.75499987136573,1961,1,1961
47.4833,9.66667,1961-01-19,-9.13999979570508,-3.20999992825091,-6.17499986197799,1961,1,1961
47.4833,9.66667,1961-01-20,-9.51999978721142,-2.90999993495643,-6.21499986108392,1961,1,1961
47.4833,9.66667,1961-01-21,-9.20999979414046,-0.129999997094274,-4.66999989561737,1961,1,1961
47.4833,9.66667,1961-01-22,-2.82999993674457,2.31999994814396,-0.254999994300306,1961,1,1961
47.4833,9.66667,1961-01-23,-4.95999988913536,3.08999993093312,-0.934999979101121,1961,1,1961
47.4833,9.66667,1961-01-24,-2.03999995440245,2.48999994434416,0.224999994970858,1961,1,1961
47.4833,9.66667,1961-01-25,-0.839999981224537,1.65999996289611,0.409999990835786,1961,1,1961
47.4833,9.66667,1961-01-26,-1.21999997273088,3.19999992847443,0.989999977871776,1961,1,1961
47.4833,9.66667,1961-01-27,-2.31999994814396,1.36999996937811,-0.474999989382923,1961,1,1961
47.4833,9.66667,1961-01-28,-5.35999988019466,-1.12999997474253,-3.2449999274686,1961,1,1961
47.4833,9.66667,1961-01-29,-7.01999984309077,2.58999994210899,-2.21499995049089,1961,1,1961
47.4833,9.66667,1961-01-30,-1.51999996602535,7.58999983035028,3.03499993216246,1961,1,1961
47.4833,9.66667,1961-01-31,-0.0999999977648258,7.0599998421967,3.47999992221594,1961,1,1961
47.4833,9.66667,1961-02-01,2.59999994188547,10.029999775812,6.31499985884875,1961,2,1961
47.4833,9.66667,1961-02-02,0.65999998524785,5.98999986611307,3.32499992568046,1961,2,1961
47.4833,9.66667,1961-02-03,-0.0399999991059303,3.75999991595745,1.85999995842576,1961,2,1961
47.4833,9.66667,1961-02-04,-0.0599999986588955,2.81999993696809,1.3799999691546,1961,2,1961
47.4833,9.66667,1961-02-05,-1.32999997027218,2.94999993406236,0.809999981895089,1961,2,1961
47.4833,9.66667,1961-02-06,-0.289999993517995,3.46999992243946,1.58999996446073,1961,2,1961
47.4833,9.66667,1961-02-07,0.529999988153577,9.55999978631735,5.04499988723546,1961,2,1961
47.4833,9.66667,1961-02-08,1.4899999666959,7.79999982565641,4.64499989617616,1961,2,1961
47.4833,9.66667,1961-02-09,0.559999987483025,4.53999989852309,2.54999994300306,1961,2,1961
47.4833,9.66667,1961-02-10,2.57999994233251,7.93999982252717,5.25999988242984,1961,2,1961
47.4833,9.66667,1961-02-11,2.12999995239079,7.18999983929098,4.65999989584088,1961,2,1961
47.4833,9.66667,1961-02-12,-0.139999996870756,10.1699997726828,5.01499988790601,1961,2,1961
47.4833,9.66667,1961-02-13,2.89999993517995,6.97999984398484,4.9399998895824,1961,2,1961
47.4833,9.66667,1961-02-14,2.68999993987381,8.84999980218709,5.76999987103045,1961,2,1961
47.4833,9.66667,1961-02-15,0.649999985471368,12.5699997190386,6.60999985225499,1961,2,1961
47.4833,9.66667,1961-02-16,0.0399999991059303,11.6399997398257,5.83999986946583,1961,2,1961
47.4833,9.66667,1961-02-17,0.149999996647239,12.1899997275323,6.16999986208975,1961,2,1961
47.4833,9.66667,1961-02-18,-0.34999999217689,8.39999981224537,4.02499991003424,1961,2,1961
47.4833,9.66667,1961-02-19,-1.52999996580184,10.029999775812,4.2499999050051,1961,2,1961
47.4833,9.66667,1961-02-20,-1.20999997295439,8.29999981448054,3.54499992076308,1961,2,1961
47.4833,9.66667,1961-02-21,-1.55999996513128,9.15999979525805,3.79999991506338,1961,2,1961
47.4833,9.66667,1961-02-22,-1.59999996423721,5.59999987483025,1.99999995529652,1961,2,1961
47.4833,9.66667,1961-02-23,-1.36999996937811,9.62999978475273,4.12999990768731,1961,2,1961
47.4833,9.66667,1961-02-24,-1.32999997027218,10.7999997586012,4.7349998941645,1961,2,1961
47.4833,9.66667,1961-02-25,2.15999995172024,13.6299996953458,7.894999823533,1961,2,1961
47.4833,9.66667,1961-02-26,0.689999984577298,15.6599996499717,8.17499981727451,1961,2,1961
47.4833,9.66667,1961-02-27,3.5599999204278,15.5599996522069,9.55999978631735,1961,2,1961
47.4833,9.66667,1961-02-28,3.27999992668629,15.7099996488541,9.49499978777021,1961,2,1961
47.4833,9.66667,1961-03-01,3.08999993093312,11.8399997353554,7.46499983314425,1961,3,1961
47.4833,9.66667,1961-03-02,0.989999977871776,5.57999987527728,3.28499992657453,1961,3,1961
47.4833,9.66667,1961-03-03,-0.569999987259507,6.75999984890223,3.09499993082136,1961,3,1961
47.4833,9.66667,1961-03-04,0.329999992623925,4.40999990142882,2.36999994702637,1961,3,1961
47.4833,9.66667,1961-03-05,-0.34999999217689,8.95999979972839,4.30499990377575,1961,3,1961
47.4833,9.66667,1961-03-06,-2.01999995484948,10.5799997635186,4.27999990433455,1961,3,1961
47.4833,9.66667,1961-03-07,-1.34999996982515,11.4699997436255,5.05999988690019,1961,3,1961
47.4833,9.66667,1961-03-08,-0.249999994412065,13.1499997060746,6.44999985583127,1961,3,1961
47.4833,9.66667,1961-03-09,0.179999995976686,15.9799996428192,8.07999981939793,1961,3,1961
47.4833,9.66667,1961-03-10,1.07999997586012,15.8799996450543,8.47999981045723,1961,3,1961
47.4833,9.66667,1961-03-11,1.52999996580184,16.2599996365607,8.89499980118126,1961,3,1961
47.4833,9.66667,1961-03-12,4.45999990031123,15.3099996577948,9.88499977905303,1961,3,1961
47.4833,9.66667,1961-03-13,1.12999997474253,15.5499996524304,8.33999981358647,1961,3,1961
47.4833,9.66667,1961-03-14,5.11999988555908,12.3899997230619,8.7549998043105,1961,3,1961
47.4833,9.66667,1961-03-15,6.4299998562783,12.4499997217208,9.43999978899956,1961,3,1961
47.4833,9.66667,1961-03-16,4.74999989382923,14.6999996714294,9.72499978262931,1961,3,1961
47.4833,9.66667,1961-03-17,1.5499999653548,17.1899996157736,9.36999979056418,1961,3,1961
47.4833,9.66667,1961-03-18,2.32999994792044,18.069999596104,10.1999997720122,1961,3,1961
47.4833,9.66667,1961-03-19,3.67999991774559,19.4799995645881,11.5799997411668,1961,3,1961
47.4833,9.66667,1961-03-20,-0.149999996647239,6.62999985180795,3.23999992758036,1961,3,1961
47.4833,9.66667,1961-03-21,-1.12999997474253,5.78999987058342,2.32999994792044,1961,3,1961
47.4833,9.66667,1961-03-22,-0.999999977648258,4.26999990455806,1.6349999634549,1961,3,1961
47.4833,9.66667,1961-03-23,-3.21999992802739,2.42999994568527,-0.394999991171062,1961,3,1961
47.4833,9.66667,1961-03-24,-4.28999990411103,8.68999980576336,2.19999995082617,1961,3,1961
47.4833,9.66667,1961-03-25,-2.39999994635582,11.6899997387081,4.64499989617616,1961,3,1961
47.4833,9.66667,1961-03-26,-0.88999998010695,14.339999679476,6.72499984968454,1961,3,1961
47.4833,9.66667,1961-03-27,0.0899999979883432,15.6799996495247,7.88499982375652,1961,3,1961
47.4833,9.66667,1961-03-28,3.23999992758036,10.029999775812,6.63499985169619,1961,3,1961
47.4833,9.66667,1961-03-29,-0.0999999977648258,7.76999982632697,3.83499991428107,1961,3,1961
47.4833,9.66667,1961-03-30,-2.12999995239079,13.5999996960163,5.73499987181276,1961,3,1961
47.4833,9.66667,1961-03-31,4.43999990075827,9.18999979458749,6.81499984767288,1961,3,1961
47.4833,9.66667,1961-04-01,5.70999987237155,10.7399997599423,8.22499981615692,1961,4,1961
47.4833,9.66667,1961-04-02,5.40999987907708,14.1499996837229,9.77999978139997,1961,4,1961
47.4833,9.66667,1961-04-03,6.90999984554946,14.2099996823817,10.5599997639656,1961,4,1961
47.4833,9.66667,1961-04-04,6.8899998459965,12.2099997270852,9.54999978654087,1961,4,1961
47.4833,9.66667,1961-04-05,4.08999990858138,18.3699995893985,11.2299997489899,1961,4,1961
47.4833,9.66667,1961-04-06,7.5799998305738,20.4899995420128,14.0349996862933,1961,4,1961
47.4833,9.66667,1961-04-07,9.27999979257584,22.2799995020032,15.7799996472895,1961,4,1961
47.4833,9.66667,1961-04-08,12.3999997228384,22.379999499768,17.3899996113032,1961,4,1961
47.4833,9.66667,1961-04-09,10.2399997711182,21.8999995104969,16.0699996408075,1961,4,1961
47.4833,9.66667,1961-04-10,9.02999979816377,18.5099995862693,13.7699996922165,1961,4,1961
47.4833,9.66667,1961-04-11,7.33999983593822,19.2699995692819,13.3049997026101,1961,4,1961
47.4833,9.66667,1961-04-12,9.05999979749322,14.629999672994,11.8449997352436,1961,4,1961
47.4833,9.66667,1961-04-13,9.54999978654087,19.5999995619059,14.5749996742234,1961,4,1961
47.4833,9.66667,1961-04-14,6.49999985471368,21.1299995277077,13.8149996912107,1961,4,1961
47.4833,9.66667,1961-04-15,9.32999979145825,18.5499995853752,13.9399996884167,1961,4,1961
47.4833,9.66667,1961-04-16,6.74999984912574,12.5299997199327,9.63999978452921,1961,4,1961
47.4833,9.66667,1961-04-17,4.40999990142882,16.909999622032,10.6599997617304,1961,4,1961
47.4833,9.66667,1961-04-18,6.51999985426664,18.0399995967746,12.2799997255206,1961,4,1961
47.4833,9.66667,1961-04-19,7.65999982878566,11.3799997456372,9.51999978721142,1961,4,1961
47.4833,9.66667,1961-04-20,5.85999986901879,16.1399996392429,10.9999997541308,1961,4,1961
47.4833,9.66667,1961-04-21,5.37999987974763,16.349999634549,10.8649997571483,1961,4,1961
47.4833,9.66667,1961-04-22,6.91999984532595,14.3699996788055,10.6449997620657,1961,4,1961
47.4833,9.66667,1961-04-23,6.38999985717237,13.3499997016042,9.86999977938831,1961,4,1961
47.4833,9.66667,1961-04-24,5.94999986700714,14.0399996861815,9.99499977659434,1961,4,1961
47.4833,9.66667,1961-04-25,5.7999998703599,7.66999982856214,6.73499984946102,1961,4,1961
47.4833,9.66667,1961-04-26,5.19999988377094,16.6299996282905,10.9149997560307,1961,4,1961
47.4833,9.66667,1961-04-27,6.77999984845519,11.2999997474253,9.03999979794025,1961,4,1961
47.4833,9.66667,1961-04-28,6.7199998497963,13.7499996926636,10.2349997712299,1961,4,1961
47.4833,9.66667,1961-04-29,2.79999993741512,17.509999608621,10.1549997730181,1961,4,1961
47.4833,9.66667,1961-04-30,7.8099998254329,13.3699997011572,10.5899997632951,1961,4,1961
47.4833,9.66667,1961-05-01,6.75999984890223,10.0099997762591,8.38499981258065,1961,5,NA
47.4833,9.66667,1961-05-02,5.64999987371266,13.0099997092038,9.32999979145825,1961,5,NA
47.4833,9.66667,1961-05-03,3.06999993138015,14.2099996823817,8.63999980688095,1961,5,NA
47.4833,9.66667,1961-05-04,7.01999984309077,16.1099996399134,11.5649997415021,1961,5,NA
47.4833,9.66667,1961-05-05,9.20999979414046,21.0399995297194,15.1249996619299,1961,5,NA
47.4833,9.66667,1961-05-06,9.38999979011714,24.0699994619936,16.7299996260554,1961,5,NA
47.4833,9.66667,1961-05-07,11.2599997483194,16.7399996258318,13.9999996870756,1961,5,NA
47.4833,9.66667,1961-05-08,8.86999980174005,17.9799995981157,13.4249996999279,1961,5,NA
47.4833,9.66667,1961-05-09,8.29999981448054,15.8299996461719,12.0649997303262,1961,5,NA
47.4833,9.66667,1961-05-10,6.7199998497963,14.2799996808171,10.4999997653067,1961,5,NA
47.4833,9.66667,1961-05-11,3.94999991171062,9.90999977849424,6.92999984510243,1961,5,NA
47.4833,9.66667,1961-05-12,2.61999994143844,7.29999983683228,4.95999988913536,1961,5,NA
47.4833,9.66667,1961-05-13,2.6399999409914,9.77999978139997,6.20999986119568,1961,5,NA
47.4833,9.66667,1961-05-14,4.30999990366399,16.8399996235967,10.5749997636303,1961,5,NA
47.4833,9.66667,1961-05-15,8.09999981895089,21.1699995268136,14.6349996728823,1961,5,NA
47.4833,9.66667,1961-05-16,9.42999978922307,14.5099996756762,11.9699997324497,1961,5,NA
47.4833,9.66667,1961-05-17,6.10999986343086,14.359999679029,10.2349997712299,1961,5,NA
47.4833,9.66667,1961-05-18,3.5599999204278,16.0699996408075,9.81499978061765,1961,5,NA
47.4833,9.66667,1961-05-19,4.35999990254641,17.6699996050447,11.0149997537956,1961,5,NA
47.4833,9.66667,1961-05-20,5.57999987527728,15.3099996577948,10.4449997665361,1961,5,NA
47.4833,9.66667,1961-05-21,5.94999986700714,12.369999723509,9.15999979525805,1961,5,NA
47.4833,9.66667,1961-05-22,4.03999990969896,9.72999978251755,6.88499984610826,1961,5,NA
47.4833,9.66667,1961-05-23,4.39999990165234,11.2499997485429,7.82499982509762,1961,5,NA
47.4833,9.66667,1961-05-24,4.14999990724027,14.8699996676296,9.50999978743494,1961,5,NA
47.4833,9.66667,1961-05-25,7.63999982923269,18.2599995918572,12.9499997105449,1961,5,NA
47.4833,9.66667,1961-05-26,6.66999985091388,22.08999950625,14.379999678582,1961,5,NA
47.4833,9.66667,1961-05-27,11.2899997476488,19.539999563247,15.4149996554479,1961,5,NA
47.4833,9.66667,1961-05-28,6.55999985337257,15.3099996577948,10.9349997555837,1961,5,NA
47.4833,9.66667,1961-05-29,4.92999988980591,8.91999980062246,6.92499984521419,1961,5,NA
47.4833,9.66667,1961-05-30,1.50999996624887,6.2599998600781,3.88499991316348,1961,5,NA
47.4833,9.66667,1961-05-31,0.839999981224537,15.4699996542186,8.15499981772155,1961,5,NA
47.4833,9.66667,1961-06-01,5.61999987438321,21.529999518767,13.5749996965751,1961,6,NA
47.4833,9.66667,1961-06-02,9.0699997972697,18.64999958314,13.8599996902049,1961,6,NA
47.4833,9.66667,1961-06-03,7.30999983660877,17.4799996092916,12.3949997229502,1961,6,NA
47.4833,9.66667,1961-06-04,9.18999979458749,14.6599996723235,11.9249997334555,1961,6,NA
47.4833,9.66667,1961-06-05,8.58999980799854,12.4599997214973,10.5249997647479,1961,6,NA
47.4833,9.66667,1961-06-06,7.29999983683228,19.6699995603412,13.4849996985868,1961,6,NA
47.4833,9.66667,1961-06-07,11.5099997427315,20.9099995326251,16.2099996376783,1961,6,NA
47.4833,9.66667,1961-06-08,12.1899997275323,16.6799996271729,14.4349996773526,1961,6,NA
47.4833,9.66667,1961-06-09,12.1199997290969,18.0299995969981,15.0749996630475,1961,6,NA
47.4833,9.66667,1961-06-10,9.17999979481101,20.4399995431304,14.8099996689707,1961,6,NA
47.4833,9.66667,1961-06-11,6.85999984666705,10.1799997724593,8.51999980956316,1961,6,NA
47.4833,9.66667,1961-06-12,6.98999984376132,17.4499996099621,12.2199997268617,1961,6,NA
47.4833,9.66667,1961-06-13,10.0899997744709,17.2499996144325,13.6699996944517,1961,6,NA
47.4833,9.66667,1961-06-14,11.0399997532368,16.5799996294081,13.8099996913224,1961,6,NA
47.4833,9.66667,1961-06-15,9.83999978005886,18.4099995885044,14.1249996842816,1961,6,NA
47.4833,9.66667,1961-06-16,7.02999984286726,20.969999531284,13.9999996870756,1961,6,NA
47.4833,9.66667,1961-06-17,9.0699997972697,21.6999995149672,15.3849996561185,1961,6,NA
47.4833,9.66667,1961-06-18,9.96999977715313,23.7999994680285,16.8849996225908,1961,6,NA
47.4833,9.66667,1961-06-19,11.0199997536838,25.1999994367361,18.10999959521,1961,6,NA
47.4833,9.66667,1961-06-20,12.9199997112155,26.6199994049966,19.7699995581061,1961,6,NA
47.4833,9.66667,1961-06-21,16.2499996367842,23.8199994675815,20.0349995521829,1961,6,NA
47.4833,9.66667,1961-06-22,14.9099996667355,25.52999942936,20.2199995480478,1961,6,NA
47.4833,9.66667,1961-06-23,14.5999996736646,24.9099994432181,19.7549995584413,1961,6,NA
47.4833,9.66667,1961-06-24,12.9499997105449,25.3599994331598,19.1549995718524,1961,6,NA
47.4833,9.66667,1961-06-25,13.2699997033924,26.999999396503,20.1349995499477,1961,6,NA
47.4833,9.66667,1961-06-26,15.0499996636063,26.6299994047731,20.8399995341897,1961,6,NA
47.4833,9.66667,1961-06-27,15.7199996486306,29.0799993500113,22.399999499321,1961,6,NA
47.4833,9.66667,1961-06-28,14.5099996756762,22.2399995028973,18.3749995892867,1961,6,NA
47.4833,9.66667,1961-06-29,11.8699997346848,19.1999995708466,15.5349996527657,1961,6,NA
47.4833,9.66667,1961-06-30,9.97999977692962,23.7099994700402,16.8449996234849,1961,6,NA
47.4833,9.66667,1961-07-01,11.8199997358024,26.3499994110316,19.084999573417,1961,7,NA
47.4833,9.66667,1961-07-02,13.3699997011572,28.119999371469,20.7449995363131,1961,7,NA
47.4833,9.66667,1961-07-03,15.20999966003,28.5099993627518,21.8599995113909,1961,7,NA
47.4833,9.66667,1961-07-04,16.8199996240437,29.1899993475527,23.0049994857982,1961,7,NA
47.4833,9.66667,1961-07-05,15.0899996627122,23.559999473393,19.3249995680526,1961,7,NA
47.4833,9.66667,1961-07-06,11.3499997463077,17.2699996139854,14.3099996801466,1961,7,NA
47.4833,9.66667,1961-07-07,10.1299997735769,18.4599995873868,14.2949996804819,1961,7,NA
47.4833,9.66667,1961-07-08,6.6599998511374,20.8299995344132,13.7449996927753,1961,7,NA
47.4833,9.66667,1961-07-09,9.5299997869879,21.5999995172024,15.5649996520951,1961,7,NA
47.4833,9.66667,1961-07-10,12.039999730885,17.5499996077269,14.794999669306,1961,7,NA
47.4833,9.66667,1961-07-11,12.1099997293204,21.8999995104969,17.0049996199086,1961,7,NA
47.4833,9.66667,1961-07-12,11.9599997326732,24.699999447912,18.3299995902926,1961,7,NA
47.4833,9.66667,1961-07-13,14.2899996805936,29.5099993404001,21.8999995104969,1961,7,NA
47.4833,9.66667,1961-07-14,8.07999981939793,20.7399995364249,14.4099996779114,1961,7,NA
47.4833,9.66667,1961-07-15,8.10999981872737,17.7099996041507,12.909999711439,1961,7,NA
47.4833,9.66667,1961-07-16,11.0999997518957,14.6399996727705,12.8699997123331,1961,7,NA
47.4833,9.66667,1961-07-17,10.2299997713417,17.7099996041507,13.9699996877462,1961,7,NA
47.4833,9.66667,1961-07-18,10.7199997603893,15.3899996560067,13.054999708198,1961,7,NA
47.4833,9.66667,1961-07-19,10.3299997691065,15.6099996510893,12.9699997100979,1961,7,NA
47.4833,9.66667,1961-07-20,9.87999977916479,15.9899996425956,12.9349997108802,1961,7,NA
47.4833,9.66667,1961-07-21,10.8399997577071,20.4499995429069,15.644999650307,1961,7,NA
47.4833,9.66667,1961-07-22,9.26999979279935,21.3999995216727,15.334999657236,1961,7,NA
47.4833,9.66667,1961-07-23,9.93999977782369,21.0599995292723,15.499999653548,1961,7,NA
47.4833,9.66667,1961-07-24,10.7599997594953,19.6599995605648,15.20999966003,1961,7,NA
47.4833,9.66667,1961-07-25,7.99999982118607,21.839999511838,14.919999666512,1961,7,NA
47.4833,9.66667,1961-07-26,10.9699997548014,22.9899994861335,16.9799996204674,1961,7,NA
47.4833,9.66667,1961-07-27,11.0099997539073,26.5199994072318,18.7649995805696,1961,7,NA
47.4833,9.66667,1961-07-28,13.4399996995926,26.7899994011968,20.1149995503947,1961,7,NA
47.4833,9.66667,1961-07-29,13.6399996951222,20.949999531731,17.2949996134266,1961,7,NA
47.4833,9.66667,1961-07-30,10.1199997738004,15.2799996584654,12.6999997161329,1961,7,NA
47.4833,9.66667,1961-07-31,8.50999980978668,17.4499996099621,12.9799997098744,1961,7,NA
47.4833,9.66667,1961-08-01,6.75999984890223,21.6799995154142,14.2199996821582,1961,8,NA
47.4833,9.66667,1961-08-02,9.61999978497624,24.9299994427711,17.2749996138737,1961,8,NA
47.4833,9.66667,1961-08-03,14.089999685064,20.1999995484948,17.1449996167794,1961,8,NA
47.4833,9.66667,1961-08-04,11.3799997456372,18.0599995963275,14.7199996709824,1961,8,NA
47.4833,9.66667,1961-08-05,8.46999981068075,23.6499994713813,16.059999641031,1961,8,NA
47.4833,9.66667,1961-08-06,10.9499997552484,26.399999409914,18.6749995825812,1961,8,NA
47.4833,9.66667,1961-08-07,15.3799996562302,28.2499993685633,21.8149995123968,1961,8,NA
47.4833,9.66667,1961-08-08,15.0099996645004,20.8699995335191,17.9399995990098,1961,8,NA
47.4833,9.66667,1961-08-09,13.5499996971339,24.7599994465709,19.1549995718524,1961,8,NA
47.4833,9.66667,1961-08-10,14.9799996651709,24.5199994519353,19.7499995585531,1961,8,NA
47.4833,9.66667,1961-08-11,13.2899997029454,22.7499994914979,18.0199995972216,1961,8,NA
47.4833,9.66667,1961-08-12,14.8099996689707,21.8799995109439,18.3449995899573,1961,8,NA
47.4833,9.66667,1961-08-13,10.359999768436,16.3599996343255,13.3599997013807,1961,8,NA
47.4833,9.66667,1961-08-14,9.01999979838729,18.7299995813519,13.8749996898696,1961,8,NA
47.4833,9.66667,1961-08-15,8.36999981291592,21.0499995294958,14.7099996712059,1961,8,NA
47.4833,9.66667,1961-08-16,12.1699997279793,18.0199995972216,15.0949996626005,1961,8,NA
47.4833,9.66667,1961-08-17,8.71999980509281,14.5099996756762,11.6149997403845,1961,8,NA
47.4833,9.66667,1961-08-18,7.71999982744455,12.9899997096509,10.3549997685477,1961,8,NA
47.4833,9.66667,1961-08-19,7.52999983169138,18.4099995885044,12.9699997100979,1961,8,NA
47.4833,9.66667,1961-08-20,8.41999981179833,21.0999995283782,14.7599996700883,1961,8,NA
47.4833,9.66667,1961-08-21,10.1999997720122,17.2899996135384,13.7449996927753,1961,8,NA
47.4833,9.66667,1961-08-22,6.79999984800816,21.1299995277077,13.9649996878579,1961,8,NA
47.4833,9.66667,1961-08-23,10.2399997711182,22.3499995004386,16.2949996357784,1961,8,NA
47.4833,9.66667,1961-08-24,11.1099997516721,18.089999595657,14.5999996736646,1961,8,NA
47.4833,9.66667,1961-08-25,9.66999978385866,18.9499995764345,14.3099996801466,1961,8,NA
47.4833,9.66667,1961-08-26,9.91999977827072,20.7499995362014,15.334999657236,1961,8,NA
47.4833,9.66667,1961-08-27,9.04999979771674,23.9399994648993,16.494999631308,1961,8,NA
47.4833,9.66667,1961-08-28,11.5399997420609,26.129999415949,18.8349995790049,1961,8,NA
47.4833,9.66667,1961-08-29,12.7099997159094,26.129999415949,19.4199995659292,1961,8,NA
47.4833,9.66667,1961-08-30,13.0199997089803,27.1699993927032,20.0949995508417,1961,8,NA
47.4833,9.66667,1961-08-31,12.8099997136742,26.7699994016439,19.789999557659,1961,8,NA
47.4833,9.66667,1961-09-01,12.0499997306615,26.9899993967265,19.519999563694,1961,9,NA
47.4833,9.66667,1961-09-02,13.2899997029454,26.3299994114786,19.809999557212,1961,9,NA
47.4833,9.66667,1961-09-03,14.2699996810406,26.7799994014204,20.5249995412305,1961,9,NA
47.4833,9.66667,1961-09-04,13.8699996899813,24.6899994481355,19.2799995690584,1961,9,NA
47.4833,9.66667,1961-09-05,12.5599997192621,25.7699994239956,19.1649995716289,1961,9,NA
47.4833,9.66667,1961-09-06,14.2599996812642,23.8199994675815,19.0399995744228,1961,9,NA
47.4833,9.66667,1961-09-07,13.0899997074157,20.7199995368719,16.9049996221438,1961,9,NA
47.4833,9.66667,1961-09-08,11.3699997458607,16.1399996392429,13.7549996925518,1961,9,NA
47.4833,9.66667,1961-09-09,9.6999997831881,15.7399996481836,12.7199997156858,1961,9,NA
47.4833,9.66667,1961-09-10,6.75999984890223,17.8999995999038,12.329999724403,1961,9,NA
47.4833,9.66667,1961-09-11,6.31999985873699,20.389999544248,13.3549997014925,1961,9,NA
47.4833,9.66667,1961-09-12,7.19999983906746,21.7699995134026,14.484999676235,1961,9,NA
47.4833,9.66667,1961-09-13,11.3999997451901,20.7499995362014,16.0749996406958,1961,9,NA
47.4833,9.66667,1961-09-14,9.49999978765845,22.9499994870275,16.224999637343,1961,9,NA
47.4833,9.66667,1961-09-15,13.6999996937811,23.8599994666874,18.7799995802343,1961,9,NA
47.4833,9.66667,1961-09-16,15.20999966003,23.0599994845688,19.1349995722994,1961,9,NA
47.4833,9.66667,1961-09-17,12.5199997201562,26.4799994081259,19.499999564141,1961,9,NA
47.4833,9.66667,1961-09-18,13.8799996897578,26.8199994005263,20.3499995451421,1961,9,NA
47.4833,9.66667,1961-09-19,13.1399997062981,26.2499994132668,19.6949995597824,1961,9,NA
47.4833,9.66667,1961-09-20,12.929999710992,24.8699994441122,18.8999995775521,1961,9,NA
47.4833,9.66667,1961-09-21,12.5199997201562,24.679999448359,18.5999995842576,1961,9,NA
47.4833,9.66667,1961-09-22,13.3099997024983,24.8099994454533,19.0599995739758,1961,9,NA
47.4833,9.66667,1961-09-23,12.7399997152388,24.0799994617701,18.4099995885044,1961,9,NA
47.4833,9.66667,1961-09-24,11.4699997436255,22.399999499321,16.9349996214733,1961,9,NA
47.4833,9.66667,1961-09-25,10.4799997657537,23.5899994727224,17.0349996192381,1961,9,NA
47.4833,9.66667,1961-09-26,10.5199997648597,23.5099994745106,17.0149996196851,1961,9,NA
47.4833,9.66667,1961-09-27,12.1199997290969,22.6399994939566,17.3799996115267,1961,9,NA
47.4833,9.66667,1961-09-28,11.3799997456372,23.1799994818866,17.2799996137619,1961,9,NA
47.4833,9.66667,1961-09-29,13.2599997036159,26.6799994036555,19.9699995536357,1961,9,NA
47.4833,9.66667,1961-09-30,11.9099997337908,24.8399994447827,18.3749995892867,1961,9,NA
47.4833,9.66667,1961-10-01,13.7199996933341,24.4899994526058,19.10499957297,1961,10,1962
47.4833,9.66667,1961-10-02,13.8899996895343,20.2999995462596,17.094999617897,1961,10,1962
47.4833,9.66667,1961-10-03,13.469999698922,20.949999531731,17.2099996153265,1961,10,1962
47.4833,9.66667,1961-10-04,11.6699997391552,18.3099995907396,14.9899996649474,1961,10,1962
47.4833,9.66667,1961-10-05,10.4599997662008,20.8299995344132,15.644999650307,1961,10,1962
47.4833,9.66667,1961-10-06,11.1499997507781,22.7099994923919,16.929999621585,1961,10,1962
47.4833,9.66667,1961-10-07,10.3099997695535,24.5499994512647,17.4299996104091,1961,10,1962
47.4833,9.66667,1961-10-08,7.07999984174967,19.2399995699525,13.1599997058511,1961,10,1962
47.4833,9.66667,1961-10-09,5.9699998665601,15.0699996631593,10.5199997648597,1961,10,1962
47.4833,9.66667,1961-10-10,6.52999985404313,18.6199995838106,12.5749997189268,1961,10,1962
47.4833,9.66667,1961-10-11,5.40999987907708,18.9999995753169,12.204999727197,1961,10,1962
47.4833,9.66667,1961-10-12,6.15999986231327,19.519999563694,12.8399997130036,1961,10,1962
47.4833,9.66667,1961-10-13,6.32999985851347,20.1899995487183,13.2599997036159,1961,10,1962
47.4833,9.66667,1961-10-14,7.38999983482063,14.3699996788055,10.879999756813,1961,10,1962
47.4833,9.66667,1961-10-15,7.23999983817339,16.5699996296316,11.9049997339025,1961,10,1962
47.4833,9.66667,1961-10-16,4.10999990813434,14.9099996667355,9.50999978743494,1961,10,1962
47.4833,9.66667,1961-10-17,5.5699998755008,17.6099996063858,11.5899997409433,1961,10,1962
47.4833,9.66667,1961-10-18,8.31999981403351,12.9799997098744,10.6499997619539,1961,10,1962
47.4833,9.66667,1961-10-19,1.86999995820224,9.31999979168177,5.594999874942,1961,10,1962
47.4833,9.66667,1961-10-20,0.769999982789159,8.41999981179833,4.59499989729375,1961,10,1962
47.4833,9.66667,1961-10-21,1.09999997541308,12.2099997270852,6.65499985124916,1961,10,1962
47.4833,9.66667,1961-10-22,0.139999996870756,10.8599997572601,5.49999987706542,1961,10,1962
47.4833,9.66667,1961-10-23,0.30999999307096,13.1899997051805,6.74999984912574,1961,10,1962
47.4833,9.66667,1961-10-24,1.3199999704957,14.7299996707588,8.02499982062727,1961,10,1962
47.4833,9.66667,1961-10-25,5.32999988086522,17.5599996075034,11.4449997441843,1961,10,1962
47.4833,9.66667,1961-10-26,7.14999984018505,17.0099996197969,12.079999729991,1961,10,1962
47.4833,9.66667,1961-10-27,7.82999982498586,19.6399995610118,13.7349996929988,1961,10,1962
47.4833,9.66667,1961-10-28,8.08999981917441,20.3099995460361,14.1999996826053,1961,10,1962
47.4833,9.66667,1961-10-29,6.30999985896051,10.1699997726828,8.23999981582165,1961,10,1962
47.4833,9.66667,1961-10-30,3.24999992735684,12.2899997252971,7.76999982632697,1961,10,1962
47.4833,9.66667,1961-10-31,2.81999993696809,9.64999978430569,6.23499986063689,1961,10,1962
47.4833,9.66667,1961-11-01,1.6099999640137,12.3599997237325,6.98499984387308,1961,11,1962
47.4833,9.66667,1961-11-02,0.639999985694885,10.5899997632951,5.61499987449497,1961,11,1962
47.4833,9.66667,1961-11-03,0.739999983459711,10.2199997715652,5.47999987751245,1961,11,1962
47.4833,9.66667,1961-11-04,0.429999990388751,9.96999977715313,5.19999988377094,1961,11,1962
47.4833,9.66667,1961-11-05,-1.47999996691942,5.11999988555908,1.81999995931983,1961,11,1962
47.4833,9.66667,1961-11-06,-1.84999995864928,1.80999995954335,-0.0199999995529652,1961,11,1962
47.4833,9.66667,1961-11-07,-2.26999994926155,0.279999993741512,-0.994999977760017,1961,11,1962
47.4833,9.66667,1961-11-08,-3.88999991305172,3.75999991595745,-0.0649999985471368,1961,11,1962
47.4833,9.66667,1961-11-09,-1.10999997518957,6.96999984420836,2.9299999345094,1961,11,1962
47.4833,9.66667,1961-11-10,3.65999991819263,11.3999997451901,7.52999983169138,1961,11,1962
47.4833,9.66667,1961-11-11,1.33999997004867,9.32999979145825,5.33499988075346,1961,11,1962
47.4833,9.66667,1961-11-12,-0.639999985694885,9.51999978721142,4.43999990075827,1961,11,1962
47.4833,9.66667,1961-11-13,1.47999996691942,10.3899997677654,5.93499986734241,1961,11,1962
47.4833,9.66667,1961-11-14,2.70999993942678,9.73999978229403,6.22499986086041,1961,11,1962
47.4833,9.66667,1961-11-15,1.78999995999038,7.20999983884394,4.49999989941716,1961,11,1962
47.4833,9.66667,1961-11-16,0.709999984130263,8.02999982051551,4.36999990232289,1961,11,1962
47.4833,9.66667,1961-11-17,-1.53999996557832,5.97999986633658,2.21999995037913,1961,11,1962
47.4833,9.66667,1961-11-18,-0.0799999982118607,5.54999987594783,2.73499993886799,1961,11,1962
47.4833,9.66667,1961-11-19,-0.239999994635582,4.78999989293516,2.27499994914979,1961,11,1962
47.4833,9.66667,1961-11-20,-2.81999993696809,6.04999986477196,1.61499996390194,1961,11,1962
47.4833,9.66667,1961-11-21,-3.51999992132187,4.21999990567565,0.34999999217689,1961,11,1962
47.4833,9.66667,1961-11-22,-4.45999990031123,2.43999994546175,-1.00999997742474,1961,11,1962
47.4833,9.66667,1961-11-23,-4.04999990947545,4.25999990478158,0.104999997653067,1961,11,1962
47.4833,9.66667,1961-11-24,-3.16999992914498,4.40999990142882,0.61999998614192,1961,11,1962
47.4833,9.66667,1961-11-25,-1.29999997094274,5.70999987237155,2.20499995071441,1961,11,1962
47.4833,9.66667,1961-11-26,2.01999995484948,11.4899997431785,6.75499984901398,1961,11,1962
47.4833,9.66667,1961-11-27,1.24999997206032,15.229999659583,8.23999981582165,1961,11,1962
47.4833,9.66667,1961-11-28,5.2799998819828,14.0399996861815,9.65999978408217,1961,11,1962
47.4833,9.66667,1961-11-29,4.49999989941716,10.0099997762591,7.25499983783811,1961,11,1962
47.4833,9.66667,1961-11-30,0.899999979883432,7.39999983459711,4.14999990724027,1961,11,1962
47.4833,9.66667,1961-12-01,0.489999989047647,6.75999984890223,3.62499991897494,1961,12,1962
47.4833,9.66667,1961-12-02,4.27999990433455,9.21999979391694,6.74999984912574,1961,12,1962
47.4833,9.66667,1961-12-03,3.2699999269098,10.4799997657537,6.87499984633178,1961,12,1962
47.4833,9.66667,1961-12-04,2.47999994456768,9.64999978430569,6.06499986443669,1961,12,1962
47.4833,9.66667,1961-12-05,6.69999985024333,13.0399997085333,9.86999977938831,1961,12,1962
47.4833,9.66667,1961-12-06,5.57999987527728,17.0299996193498,11.3049997473136,1961,12,1962
47.4833,9.66667,1961-12-07,-1.58999996446073,10.4899997655302,4.44999990053475,1961,12,1962
47.4833,9.66667,1961-12-08,-5.55999987572432,0.289999993517995,-2.63499994110316,1961,12,1962
47.4833,9.66667,1961-12-09,-8.53999980911613,0.139999996870756,-4.19999990612268,1961,12,1962
47.4833,9.66667,1961-12-10,-4.69999989494681,3.75999991595745,-0.469999989494681,1961,12,1962
47.4833,9.66667,1961-12-11,1.76999996043742,7.20999983884394,4.48999989964068,1961,12,1962
47.4833,9.66667,1961-12-12,5.51999987661839,10.6499997619539,8.08499981928617,1961,12,1962
47.4833,9.66667,1961-12-13,8.2699998151511,12.7899997141212,10.5299997646362,1961,12,1962
47.4833,9.66667,1961-12-14,6.26999985985458,10.6399997621775,8.45499981101602,1961,12,1962
47.4833,9.66667,1961-12-15,3.9599999114871,8.88999980129302,6.42499985639006,1961,12,1962
47.4833,9.66667,1961-12-16,-2.66999994032085,4.43999990075827,0.884999980218709,1961,12,1962
47.4833,9.66667,1961-12-17,-5.53999987617135,0.00999999977648258,-2.76499993819743,1961,12,1962
47.4833,9.66667,1961-12-18,-11.6699997391552,-4.73999989405274,-8.20499981660396,1961,12,1962
47.4833,9.66667,1961-12-19,-12.5099997203797,-6.93999984487891,-9.72499978262931,1961,12,1962
47.4833,9.66667,1961-12-20,-10.7399997599423,-4.67999989539385,-7.70999982766807,1961,12,1962
47.4833,9.66667,1961-12-21,-10.1199997738004,-2.97999993339181,-6.54999985359609,1961,12,1962
47.4833,9.66667,1961-12-22,-8.10999981872737,-1.30999997071922,-4.7099998947233,1961,12,1962
47.4833,9.66667,1961-12-23,-6.10999986343086,-0.0899999979883432,-3.0999999307096,1961,12,1962
47.4833,9.66667,1961-12-24,-5.02999988757074,-1.79999995976686,-3.4149999236688,1961,12,1962
47.4833,9.66667,1961-12-25,-7.99999982118607,-4.05999990925193,-6.029999865219,1961,12,1962
47.4833,9.66667,1961-12-26,-9.1299997959286,-3.68999991752207,-6.40999985672534,1961,12,1962
47.4833,9.66667,1961-12-27,-8.039999820292,1.38999996893108,-3.32499992568046,1961,12,1962
47.4833,9.66667,1961-12-28,-1.4899999666959,3.48999992199242,0.999999977648258,1961,12,1962
47.4833,9.66667,1961-12-29,-3.35999992489815,3.08999993093312,-0.134999996982515,1961,12,1962
47.4833,9.66667,1961-12-30,-4.00999991036952,2.62999994121492,-0.689999984577298,1961,12,1962
47.4833,9.66667,1961-12-31,-4.15999990701675,4.6499998960644,0.244999994523823,1961,12,1962
47.4833,9.66667,1962-01-01,-0.00999999977648258,12.5599997192621,6.27499985974282,1962,1,1962
47.4833,9.66667,1962-01-02,-0.0199999995529652,7.81999982520938,3.89999991282821,1962,1,1962
47.4833,9.66667,1962-01-03,-2.57999994233251,0.739999983459711,-0.919999979436398,1962,1,1962
47.4833,9.66667,1962-01-04,-4.92999988980591,-0.509999988600612,-2.71999993920326,1962,1,1962
47.4833,9.66667,1962-01-05,-5.19999988377094,-1.20999997295439,-3.20499992836267,1962,1,1962
47.4833,9.66667,1962-01-06,-3.82999991439283,0.689999984577298,-1.56999996490777,1962,1,1962
47.4833,9.66667,1962-01-07,-2.97999993339181,1.0899999756366,-0.944999978877604,1962,1,1962
47.4833,9.66667,1962-01-08,-1.57999996468425,2.87999993562698,0.649999985471368,1962,1,1962
47.4833,9.66667,1962-01-09,-3.96999991126359,4.16999990679324,0.0999999977648258,1962,1,1962
47.4833,9.66667,1962-01-10,-6.03999986499548,3.48999992199242,-1.27499997150153,1962,1,1962
47.4833,9.66667,1962-01-11,-1.68999996222556,6.78999984823167,2.54999994300306,1962,1,1962
47.4833,9.66667,1962-01-12,0.209999995306134,8.79999980330467,4.5049998993054,1962,1,1962
47.4833,9.66667,1962-01-13,1.66999996267259,7.86999982409179,4.76999989338219,1962,1,1962
47.4833,9.66667,1962-01-14,1.05999997630715,7.5799998305738,4.31999990344048,1962,1,1962
47.4833,9.66667,1962-01-15,-0.729999983683228,4.83999989181757,2.05499995406717,1962,1,1962
47.4833,9.66667,1962-01-16,-2.28999994881451,4.019999910146,0.864999980665743,1962,1,1962
47.4833,9.66667,1962-01-17,-5.31999988108873,4.27999990433455,-0.519999988377094,1962,1,1962
47.4833,9.66667,1962-01-18,-2.99999993294477,7.65999982878566,2.32999994792044,1962,1,1962
47.4833,9.66667,1962-01-19,-1.62999996356666,8.22999981604517,3.29999992623925,1962,1,1962
47.4833,9.66667,1962-01-20,0.489999989047647,9.30999979190528,4.89999989047647,1962,1,1962
47.4833,9.66667,1962-01-21,2.49999994412065,9.54999978654087,6.02499986533076,1962,1,1962
47.4833,9.66667,1962-01-22,-0.30999999307096,9.61999978497624,4.65499989595264,1962,1,1962
47.4833,9.66667,1962-01-23,-0.799999982118607,6.8299998473376,3.0149999326095,1962,1,1962
47.4833,9.66667,1962-01-24,-0.189999995753169,4.15999990701675,1.98499995563179,1962,1,1962
47.4833,9.66667,1962-01-25,-1.15999997407198,6.07999986410141,2.45999994501472,1962,1,1962
47.4833,9.66667,1962-01-26,1.99999995529652,7.35999983549118,4.67999989539385,1962,1,1962
47.4833,9.66667,1962-01-27,2.36999994702637,5.31999988108873,3.84499991405755,1962,1,1962
47.4833,9.66667,1962-01-28,0.639999985694885,4.76999989338219,2.70499993953854,1962,1,1962
47.4833,9.66667,1962-01-29,-1.18999997340143,1.59999996423721,0.204999995417893,1962,1,1962
47.4833,9.66667,1962-01-30,-10.3499997686595,-0.849999981001019,-5.59999987483025,1962,1,1962
47.4833,9.66667,1962-01-31,-12.059999730438,-5.89999986812472,-8.97999979928136,1962,1,1962
47.4833,9.66667,1962-02-01,-13.4399996995926,-5.00999988801777,-9.22499979380518,1962,2,1962
47.4833,9.66667,1962-02-02,-14.2799996808171,-3.28999992646277,-8.78499980363995,1962,2,1962
47.4833,9.66667,1962-02-03,-9.95999977737665,-3.1599999293685,-6.55999985337257,1962,2,1962
47.4833,9.66667,1962-02-04,-7.55999983102083,0.739999983459711,-3.40999992378056,1962,2,1962
47.4833,9.66667,1962-02-05,-9.13999979570508,1.4899999666959,-3.82499991450459,1962,2,1962
47.4833,9.66667,1962-02-06,0.229999994859099,5.97999986633658,3.10499993059784,1962,2,1962
47.4833,9.66667,1962-02-07,0.329999992623925,7.21999983862042,3.77499991562217,1962,2,1962
47.4833,9.66667,1962-02-08,-1.70999996177852,7.01999984309077,2.65499994065613,1962,2,1962
47.4833,9.66667,1962-02-09,0.469999989494681,3.98999991081655,2.22999995015562,1962,2,1962
47.4833,9.66667,1962-02-10,1.03999997675419,3.53999992087483,2.28999994881451,1962,2,1962
47.4833,9.66667,1962-02-11,-1.59999996423721,3.9599999114871,1.17999997362494,1962,2,1962
47.4833,9.66667,1962-02-12,-1.36999996937811,3.10999993048608,0.869999980553985,1962,2,1962
47.4833,9.66667,1962-02-13,-2.45999994501472,8.39999981224537,2.96999993361533,1962,2,1962
47.4833,9.66667,1962-02-14,-2.30999994836748,7.5199998319149,2.60499994177371,1962,2,1962
47.4833,9.66667,1962-02-15,-4.33999990299344,-1.63999996334314,-2.98999993316829,1962,2,1962
47.4833,9.66667,1962-02-16,-6.47999985516071,-2.87999993562698,-4.67999989539385,1962,2,1962
47.4833,9.66667,1962-02-17,-4.77999989315867,5.19999988377094,0.209999995306134,1962,2,1962
47.4833,9.66667,1962-02-18,-0.959999978542328,5.36999987997115,2.20499995071441,1962,2,1962
47.4833,9.66667,1962-02-19,-1.95999995619059,2.51999994367361,0.279999993741512,1962,2,1962
47.4833,9.66667,1962-02-20,-2.84999993629754,6.08999986387789,1.61999996379018,1962,2,1962
47.4833,9.66667,1962-02-21,-4.92999988980591,5.17999988421798,0.124999997206032,1962,2,1962
47.4833,9.66667,1962-02-22,-5.39999987930059,5.90999986790121,0.254999994300306,1962,2,1962
47.4833,9.66667,1962-02-23,-3.5599999204278,0.859999980777502,-1.34999996982515,1962,2,1962
47.4833,9.66667,1962-02-24,-5.82999986968935,0.409999990835786,-2.70999993942678,1962,2,1962
47.4833,9.66667,1962-02-25,-8.51999980956316,-0.739999983459711,-4.62999989651144,1962,2,1962
47.4833,9.66667,1962-02-26,-6.17999986186624,0.0599999986588955,-3.05999993160367,1962,2,1962
47.4833,9.66667,1962-02-27,-6.20999986119568,1.97999995574355,-2.11499995272607,1962,2,1962
47.4833,9.66667,1962-02-28,-4.88999989069998,5.61999987438321,0.364999991841614,1962,2,1962
47.4833,9.66667,1962-03-01,-3.47999992221594,3.46999992243946,-0.00499999988824129,1962,3,1962
47.4833,9.66667,1962-03-02,-1.56999996490777,0.809999981895089,-0.379999991506338,1962,3,1962
47.4833,9.66667,1962-03-03,-1.51999996602535,1.30999997071922,-0.104999997653067,1962,3,1962
47.4833,9.66667,1962-03-04,-3.31999992579222,4.26999990455806,0.474999989382923,1962,3,1962
47.4833,9.66667,1962-03-05,0.759999983012676,8.88999980129302,4.82499989215285,1962,3,1962
47.4833,9.66667,1962-03-06,-0.519999988377094,6.77999984845519,3.12999993003905,1962,3,1962
47.4833,9.66667,1962-03-07,-3.9599999114871,0.0399999991059303,-1.95999995619059,1962,3,1962
47.4833,9.66667,1962-03-08,-7.15999983996153,-0.289999993517995,-3.72499991673976,1962,3,1962
47.4833,9.66667,1962-03-09,-6.93999984487891,4.89999989047647,-1.01999997720122,1962,3,1962
47.4833,9.66667,1962-03-10,-0.979999978095293,10.5599997639656,4.78999989293516,1962,3,1962
47.4833,9.66667,1962-03-11,2.50999994389713,12.2099997270852,7.35999983549118,1962,3,1962
47.4833,9.66667,1962-03-12,2.50999994389713,6.67999985069036,4.59499989729375,1962,3,1962
47.4833,9.66667,1962-03-13,-0.369999991729856,4.77999989315867,2.20499995071441,1962,3,1962
47.4833,9.66667,1962-03-14,-5.3399998806417,1.79999995976686,-1.76999996043742,1962,3,1962
47.4833,9.66667,1962-03-15,-10.3099997695535,-0.549999987706542,-5.42999987863004,1962,3,1962
47.4833,9.66667,1962-03-16,-6.93999984487891,-1.42999996803701,-4.18499990645796,1962,3,1962
47.4833,9.66667,1962-03-17,-6.01999986544251,-0.769999982789159,-3.39499992411584,1962,3,1962
47.4833,9.66667,1962-03-18,-8.85999980196357,-1.0899999756366,-4.97499988880008,1962,3,1962
47.4833,9.66667,1962-03-19,-9.30999979190528,1.24999997206032,-4.02999990992248,1962,3,1962
47.4833,9.66667,1962-03-20,-8.91999980062246,3.14999992959201,-2.88499993551522,1962,3,1962
47.4833,9.66667,1962-03-21,-7.67999982833862,5.61999987438321,-1.02999997697771,1962,3,1962
47.4833,9.66667,1962-03-22,-6.13999986276031,5.51999987661839,-0.30999999307096,1962,3,1962
47.4833,9.66667,1962-03-23,-3.86999991349876,2.95999993383884,-0.454999989829957,1962,3,1962
47.4833,9.66667,1962-03-24,-3.3899999242276,3.59999991953373,0.104999997653067,1962,3,1962
47.4833,9.66667,1962-03-25,-4.90999989025295,6.06999986432493,0.57999998703599,1962,3,1962
47.4833,9.66667,1962-03-26,-4.80999989248812,5.41999987885356,0.304999993182719,1962,3,1962
47.4833,9.66667,1962-03-27,-5.2799998819828,7.50999983213842,1.11499997507781,1962,3,1962
47.4833,9.66667,1962-03-28,-0.0699999984353781,3.67999991774559,1.80499995965511,1962,3,1962
47.4833,9.66667,1962-03-29,-0.0399999991059303,5.65999987348914,2.80999993719161,1962,3,1962
47.4833,9.66667,1962-03-30,0.539999987930059,9.86999977938831,5.20499988365918,1962,3,1962
47.4833,9.66667,1962-03-31,4.14999990724027,15.1699996609241,9.65999978408217,1962,3,1962
47.4833,9.66667,1962-04-01,4.71999989449978,15.789999647066,10.2549997707829,1962,4,1962
47.4833,9.66667,1962-04-02,1.23999997228384,10.31999976933,5.77999987080693,1962,4,1962
47.4833,9.66667,1962-04-03,1.07999997586012,9.43999978899956,5.25999988242984,1962,4,1962
47.4833,9.66667,1962-04-04,-0.65999998524785,15.2999996580184,7.31999983638525,1962,4,1962
47.4833,9.66667,1962-04-05,3.50999992154539,10.7299997601658,7.1199998408556,1962,4,1962
47.4833,9.66667,1962-04-06,1.80999995954335,7.22999983839691,4.51999989897013,1962,4,1962
47.4833,9.66667,1962-04-07,0.459999989718199,3.729999916628,2.0949999531731,1962,4,1962
47.4833,9.66667,1962-04-08,0.419999990612268,8.06999981962144,4.24499990511686,1962,4,1962
47.4833,9.66667,1962-04-09,1.02999997697771,15.1799996607006,8.10499981883913,1962,4,1962
47.4833,9.66667,1962-04-10,1.19999997317791,8.97999979928136,5.08999988622963,1962,4,1962
47.4833,9.66667,1962-04-11,0.0499999988824129,6.13999986276031,3.09499993082136,1962,4,1962
47.4833,9.66667,1962-04-12,-1.93999995663762,9.57999978587031,3.81999991461635,1962,4,1962
47.4833,9.66667,1962-04-13,-1.64999996311963,11.8499997351319,5.09999988600612,1962,4,1962
47.4833,9.66667,1962-04-14,-0.199999995529652,8.27999981492758,4.03999990969896,1962,4,1962
47.4833,9.66667,1962-04-15,-1.86999995820224,4.019999910146,1.07499997597188,1962,4,1962
47.4833,9.66667,1962-04-16,-0.319999992847443,8.44999981112778,4.06499990914017,1962,4,1962
47.4833,9.66667,1962-04-17,0.129999997094274,11.1199997514486,5.62499987427145,1962,4,1962
47.4833,9.66667,1962-04-18,4.61999989673495,18.4699995871633,11.5449997419491,1962,4,1962
47.4833,9.66667,1962-04-19,10.6699997615069,18.5699995849282,14.6199996732175,1962,4,1962
47.4833,9.66667,1962-04-20,6.50999985449016,19.9399995543063,13.2249997043982,1962,4,1962
47.4833,9.66667,1962-04-21,6.62999985180795,18.9999995753169,12.8149997135624,1962,4,1962
47.4833,9.66667,1962-04-22,6.09999986365438,21.0599995292723,13.5799996964633,1962,4,1962
47.4833,9.66667,1962-04-23,8.10999981872737,23.9299994651228,16.0199996419251,1962,4,1962
47.4833,9.66667,1962-04-24,7.99999982118607,23.2099994812161,15.6049996512011,1962,4,1962
47.4833,9.66667,1962-04-25,7.26999983750284,23.53999947384,15.4049996556714,1962,4,1962
47.4833,9.66667,1962-04-26,7.94999982230365,23.6099994722754,15.7799996472895,1962,4,1962
47.4833,9.66667,1962-04-27,7.67999982833862,22.8299994897097,15.2549996590242,1962,4,1962
47.4833,9.66667,1962-04-28,7.62999982945621,16.1899996381253,11.9099997337908,1962,4,1962
47.4833,9.66667,1962-04-29,2.11999995261431,14.2699996810406,8.19499981682748,1962,4,1962
47.4833,9.66667,1962-04-30,2.42999994568527,10.5499997641891,6.4899998549372,1962,4,1962
47.4833,9.66667,1962-05-01,-0.199999995529652,5.90999986790121,2.85499993618578,1962,5,NA
47.4833,9.66667,1962-05-02,-3.22999992780387,7.48999983258545,2.12999995239079,1962,5,NA
47.4833,9.66667,1962-05-03,1.73999996110797,9.63999978452921,5.68999987281859,1962,5,NA
47.4833,9.66667,1962-05-04,3.39999992400408,17.1799996159971,10.2899997700006,1962,5,NA
47.4833,9.66667,1962-05-05,5.83999986946583,10.9299997556955,8.38499981258065,1962,5,NA
47.4833,9.66667,1962-05-06,6.15999986231327,15.8999996446073,11.0299997534603,1962,5,NA
47.4833,9.66667,1962-05-07,7.56999983079731,13.6699996944517,10.6199997626245,1962,5,NA
47.4833,9.66667,1962-05-08,10.2399997711182,23.1599994823337,16.6999996267259,1962,5,NA
47.4833,9.66667,1962-05-09,10.9499997552484,27.1099993940443,19.0299995746464,1962,5,NA
47.4833,9.66667,1962-05-10,10.7299997601658,21.7699995134026,16.2499996367842,1962,5,NA
47.4833,9.66667,1962-05-11,7.24999983794987,13.3799997009337,10.3149997694418,1962,5,NA
47.4833,9.66667,1962-05-12,5.82999986968935,12.5399997197092,9.18499979469925,1962,5,NA
47.4833,9.66667,1962-05-13,5.69999987259507,13.6599996946752,9.67999978363514,1962,5,NA
47.4833,9.66667,1962-05-14,4.05999990925193,9.03999979794025,6.54999985359609,1962,5,NA
47.4833,9.66667,1962-05-15,3.9599999114871,6.91999984532595,5.43999987840652,1962,5,NA
47.4833,9.66667,1962-05-16,2.76999993808568,8.07999981939793,5.4249998787418,1962,5,NA
47.4833,9.66667,1962-05-17,4.22999990545213,14.899999666959,9.56499978620559,1962,5,NA
47.4833,9.66667,1962-05-18,6.87999984622002,17.239999614656,12.059999730438,1962,5,NA
47.4833,9.66667,1962-05-19,8.47999981045723,17.9799995981157,13.2299997042865,1962,5,NA
47.4833,9.66667,1962-05-20,7.46999983303249,17.7699996028095,12.619999717921,1962,5,NA
47.4833,9.66667,1962-05-21,4.74999989382923,8.92999980039895,6.83999984711409,1962,5,NA
47.4833,9.66667,1962-05-22,1.51999996602535,16.8699996229261,9.19499979447573,1962,5,NA
47.4833,9.66667,1962-05-23,8.8999998010695,17.6799996048212,13.2899997029454,1962,5,NA
47.4833,9.66667,1962-05-24,5.49999987706542,20.2399995476007,12.8699997123331,1962,5,NA
47.4833,9.66667,1962-05-25,7.48999983258545,15.8699996452779,11.6799997389317,1962,5,NA
47.4833,9.66667,1962-05-26,4.63999989628792,10.1699997726828,7.40499983448535,1962,5,NA
47.4833,9.66667,1962-05-27,3.28999992646277,12.6499997172505,7.96999982185662,1962,5,NA
47.4833,9.66667,1962-05-28,4.2499999050051,14.9799996651709,9.614999785088,1962,5,NA
47.4833,9.66667,1962-05-29,6.85999984666705,12.1799997277558,9.51999978721142,1962,5,NA
47.4833,9.66667,1962-05-30,5.86999986879528,13.3699997011572,9.61999978497624,1962,5,NA
47.4833,9.66667,1962-05-31,4.07999990880489,18.0599995963275,11.0699997525662,1962,5,NA
47.4833,9.66667,1962-06-01,6.40999985672534,19.8799995556474,13.1449997061864,1962,6,NA
47.4833,9.66667,1962-06-02,2.16999995149672,10.9799997545779,6.5749998530373,1962,6,NA
47.4833,9.66667,1962-06-03,1.06999997608364,7.58999983035028,4.32999990321696,1962,6,NA
47.4833,9.66667,1962-06-04,0.389999991282821,13.2599997036159,6.82499984744936,1962,6,NA
47.4833,9.66667,1962-06-05,0.819999981671572,15.3999996557832,8.10999981872737,1962,6,NA
47.4833,9.66667,1962-06-06,1.68999996222556,16.2199996374547,8.95499979984015,1962,6,NA
47.4833,9.66667,1962-06-07,3.25999992713332,15.4899996537715,9.37499979045242,1962,6,NA
47.4833,9.66667,1962-06-08,2.6999999396503,15.9399996437132,9.31999979168177,1962,6,NA
47.4833,9.66667,1962-06-09,3.92999991215765,16.2999996356666,10.1149997739121,1962,6,NA
47.4833,9.66667,1962-06-10,3.70999991707504,20.079999551177,11.894999734126,1962,6,NA
47.4833,9.66667,1962-06-11,7.63999982923269,19.3199995681643,13.4799996986985,1962,6,NA
47.4833,9.66667,1962-06-12,8.88999980129302,14.4299996774644,11.6599997393787,1962,6,NA
47.4833,9.66667,1962-06-13,6.83999984711409,17.0699996184558,11.9549997327849,1962,6,NA
47.4833,9.66667,1962-06-14,7.37999983504415,23.519999474287,15.4499996546656,1962,6,NA
47.4833,9.66667,1962-06-15,14.5299996752292,25.6199994273484,20.0749995512888,1962,6,NA
47.4833,9.66667,1962-06-16,13.779999691993,26.0599994175136,19.9199995547533,1962,6,NA
47.4833,9.66667,1962-06-17,14.359999679029,22.3899994995445,18.3749995892867,1962,6,NA
47.4833,9.66667,1962-06-18,12.7999997138977,26.8199994005263,19.809999557212,1962,6,NA
47.4833,9.66667,1962-06-19,14.919999666512,24.8899994436651,19.9049995550886,1962,6,NA
47.4833,9.66667,1962-06-20,12.8399997130036,27.2799993902445,20.0599995516241,1962,6,NA
47.4833,9.66667,1962-06-21,12.5399997197092,18.6599995829165,15.5999996513128,1962,6,NA
47.4833,9.66667,1962-06-22,11.2699997480959,23.9799994640052,17.6249996060506,1962,6,NA
47.4833,9.66667,1962-06-23,12.1699997279793,26.2699994128197,19.2199995703995,1962,6,NA
47.4833,9.66667,1962-06-24,14.0999996848404,28.3399993665516,21.219999525696,1962,6,NA
47.4833,9.66667,1962-06-25,15.4699996542186,29.6099993381649,22.5399994961917,1962,6,NA
47.4833,9.66667,1962-06-26,14.1699996832758,22.7899994906038,18.4799995869398,1962,6,NA
47.4833,9.66667,1962-06-27,9.9299997780472,22.1899995040148,16.059999641031,1962,6,NA
47.4833,9.66667,1962-06-28,9.43999978899956,16.8099996242672,13.1249997066334,1962,6,NA
47.4833,9.66667,1962-06-29,5.47999987751245,19.8699995558709,12.6749997166917,1962,6,NA
47.4833,9.66667,1962-06-30,8.75999980419874,17.3899996113032,13.074999707751,1962,6,NA
47.4833,9.66667,1962-07-01,7.99999982118607,15.4299996551126,11.7149997381493,1962,7,NA
47.4833,9.66667,1962-07-02,8.06999981962144,16.4899996314198,12.2799997255206,1962,7,NA
47.4833,9.66667,1962-07-03,8.8999998010695,16.6699996273965,12.784999714233,1962,7,NA
47.4833,9.66667,1962-07-04,10.5899997632951,17.779999602586,14.1849996829405,1962,7,NA
47.4833,9.66667,1962-07-05,6.40999985672534,12.4799997210503,9.4449997888878,1962,7,NA
47.4833,9.66667,1962-07-06,6.83999984711409,11.6799997389317,9.25999979302287,1962,7,NA
47.4833,9.66667,1962-07-07,5.35999988019466,15.3699996564537,10.3649997683242,1962,7,NA
47.4833,9.66667,1962-07-08,6.01999986544251,18.8799995779991,12.4499997217208,1962,7,NA
47.4833,9.66667,1962-07-09,7.12999984063208,23.269999479875,15.1999996602535,1962,7,NA
47.4833,9.66667,1962-07-10,10.5699997637421,25.6099994275719,18.089999595657,1962,7,NA
47.4833,9.66667,1962-07-11,12.5799997188151,27.5499993842095,20.0649995515123,1962,7,NA
47.4833,9.66667,1962-07-12,14.7299996707588,23.8199994675815,19.2749995691702,1962,7,NA
47.4833,9.66667,1962-07-13,13.6099996957928,20.8899995330721,17.2499996144325,1962,7,NA
47.4833,9.66667,1962-07-14,13.2299997042865,20.659999538213,16.9449996212497,1962,7,NA
47.4833,9.66667,1962-07-15,10.5199997648597,21.1399995274842,15.8299996461719,1962,7,NA
47.4833,9.66667,1962-07-16,12.5799997188151,19.5899995621294,16.0849996404722,1962,7,NA
47.4833,9.66667,1962-07-17,12.1999997273088,17.9899995978922,15.0949996626005,1962,7,NA
47.4833,9.66667,1962-07-18,11.2599997483194,15.229999659583,13.2449997039512,1962,7,NA
47.4833,9.66667,1962-07-19,9.18999979458749,18.6299995835871,13.9099996890873,1962,7,NA
47.4833,9.66667,1962-07-20,7.88999982364476,20.8899995330721,14.3899996783584,1962,7,NA
47.4833,9.66667,1962-07-21,12.5399997197092,26.7999994009733,19.6699995603412,1962,7,NA
47.4833,9.66667,1962-07-22,13.6399996951222,25.9099994208664,19.7749995579943,1962,7,NA
47.4833,9.66667,1962-07-23,13.6499996948987,21.0999995283782,17.3749996116385,1962,7,NA
47.4833,9.66667,1962-07-24,14.1799996830523,23.1299994830042,18.6549995830283,1962,7,NA
47.4833,9.66667,1962-07-25,10.7999997586012,25.7999994233251,18.2999995909631,1962,7,NA
47.4833,9.66667,1962-07-26,13.5699996966869,29.3099993448704,21.4399995207787,1962,7,NA
47.4833,9.66667,1962-07-27,16.2599996365607,30.1199993267655,23.1899994816631,1962,7,NA
47.4833,9.66667,1962-07-28,15.499999653548,26.3199994117022,20.9099995326251,1962,7,NA
47.4833,9.66667,1962-07-29,14.9699996653944,20.6099995393306,17.7899996023625,1962,7,NA
47.4833,9.66667,1962-07-30,12.8199997134507,19.9799995534122,16.3999996334314,1962,7,NA
47.4833,9.66667,1962-07-31,11.2499997485429,22.2099995035678,16.7299996260554,1962,7,NA
47.4833,9.66667,1962-08-01,12.6999997161329,23.5299994740635,18.1149995950982,1962,8,NA
47.4833,9.66667,1962-08-02,11.5599997416139,26.4499994087964,19.0049995752051,1962,8,NA
47.4833,9.66667,1962-08-03,13.799999691546,29.0899993497878,21.4449995206669,1962,8,NA
47.4833,9.66667,1962-08-04,15.9199996441603,25.1099994387478,20.514999541454,1962,8,NA
47.4833,9.66667,1962-08-05,15.0899996627122,25.1899994369596,20.1399995498359,1962,8,NA
47.4833,9.66667,1962-08-06,14.919999666512,24.6299994494766,19.7749995579943,1962,8,NA
47.4833,9.66667,1962-08-07,15.9099996443838,25.549999428913,20.7299995366484,1962,8,NA
47.4833,9.66667,1962-08-08,10.2199997715652,20.3999995440245,15.3099996577948,1962,8,NA
47.4833,9.66667,1962-08-09,9.82999978028238,20.0399995520711,14.9349996661767,1962,8,NA
47.4833,9.66667,1962-08-10,10.4899997655302,20.8499995339662,15.6699996497482,1962,8,NA
47.4833,9.66667,1962-08-11,10.069999774918,22.3199995011091,16.1949996380135,1962,8,NA
47.4833,9.66667,1962-08-12,11.1299997512251,24.2499994579703,17.6899996045977,1962,8,NA
47.4833,9.66667,1962-08-13,12.9999997094274,27.4399993866682,20.2199995480478,1962,8,NA
47.4833,9.66667,1962-08-14,14.4799996763468,28.8499993551522,21.6649995157495,1962,8,NA
47.4833,9.66667,1962-08-15,14.6199996732175,29.4499993417412,22.0349995074794,1962,8,NA
47.4833,9.66667,1962-08-16,14.9699996653944,25.1399994380772,20.0549995517358,1962,8,NA
47.4833,9.66667,1962-08-17,12.8199997134507,22.4299994986504,17.6249996060506,1962,8,NA
47.4833,9.66667,1962-08-18,13.3799997009337,21.9099995102733,17.6449996056035,1962,8,NA
47.4833,9.66667,1962-08-19,10.6799997612834,18.6199995838106,14.649999672547,1962,8,NA
47.4833,9.66667,1962-08-20,8.76999980397522,21.7299995142967,15.2499996591359,1962,8,NA
47.4833,9.66667,1962-08-21,9.79999978095293,23.9699994642287,16.8849996225908,1962,8,NA
47.4833,9.66667,1962-08-22,12.2499997261912,17.2299996148795,14.7399996705353,1962,8,NA
47.4833,9.66667,1962-08-23,11.3599997460842,20.1799995489419,15.769999647513,1962,8,NA
47.4833,9.66667,1962-08-24,11.3799997456372,22.3299995008856,16.8549996232614,1962,8,NA
47.4833,9.66667,1962-08-25,11.8699997346848,26.0599994175136,18.9649995760992,1962,8,NA
47.4833,9.66667,1962-08-26,13.8199996910989,20.8999995328486,17.3599996119738,1962,8,NA
47.4833,9.66667,1962-08-27,12.9199997112155,21.7799995131791,17.3499996121973,1962,8,NA
47.4833,9.66667,1962-08-28,12.3099997248501,24.699999447912,18.504999586381,1962,8,NA
47.4833,9.66667,1962-08-29,11.4899997431785,24.1699994597584,17.8299996014684,1962,8,NA
47.4833,9.66667,1962-08-30,10.4599997662008,24.7799994461238,17.6199996061623,1962,8,NA
47.4833,9.66667,1962-08-31,13.0399997085333,23.4499994758517,18.2449995921925,1962,8,NA
47.4833,9.66667,1962-09-01,10.6399997621775,23.5799994729459,17.1099996175617,1962,9,NA
47.4833,9.66667,1962-09-02,8.6699998062104,22.689999492839,15.6799996495247,1962,9,NA
47.4833,9.66667,1962-09-03,9.19999979436398,24.119999460876,16.65999962762,1962,9,NA
47.4833,9.66667,1962-09-04,12.3899997230619,28.2899993676692,20.3399995453656,1962,9,NA
47.4833,9.66667,1962-09-05,14.649999672547,25.1099994387478,19.8799995556474,1962,9,NA
47.4833,9.66667,1962-09-06,13.3399997018278,19.7099995594472,16.5249996306375,1962,9,NA
47.4833,9.66667,1962-09-07,14.0599996857345,25.0599994398654,19.5599995627999,1962,9,NA
47.4833,9.66667,1962-09-08,12.2699997257441,19.4399995654821,15.8549996456131,1962,9,NA
47.4833,9.66667,1962-09-09,11.2599997483194,18.4099995885044,14.8349996684119,1962,9,NA
47.4833,9.66667,1962-09-10,7.16999983973801,20.2199995480478,13.6949996938929,1962,9,NA
47.4833,9.66667,1962-09-11,8.18999981693923,25.9099994208664,17.0499996189028,1962,9,NA
47.4833,9.66667,1962-09-12,13.2699997033924,24.3699994552881,18.8199995793402,1962,9,NA
47.4833,9.66667,1962-09-13,13.4299996998161,29.1499993484467,21.2899995241314,1962,9,NA
47.4833,9.66667,1962-09-14,12.5099997203797,22.4399994984269,17.4749996094033,1962,9,NA
47.4833,9.66667,1962-09-15,7.15999983996153,20.7499995362014,13.9549996880814,1962,9,NA
47.4833,9.66667,1962-09-16,8.15999981760979,26.2399994134903,17.19999961555,1962,9,NA
47.4833,9.66667,1962-09-17,10.9699997548014,21.9499995093793,16.4599996320903,1962,9,NA
47.4833,9.66667,1962-09-18,6.53999985381961,13.2299997042865,9.88499977905303,1962,9,NA
47.4833,9.66667,1962-09-19,4.07999990880489,9.44999978877604,6.76499984879047,1962,9,NA
47.4833,9.66667,1962-09-20,1.72999996133149,13.5899996962398,7.65999982878566,1962,9,NA
47.4833,9.66667,1962-09-21,4.89999989047647,14.379999678582,9.63999978452921,1962,9,NA
47.4833,9.66667,1962-09-22,5.22999988310039,14.919999666512,10.0749997748062,1962,9,NA
47.4833,9.66667,1962-09-23,3.2699999269098,14.1899996828288,8.72999980486929,1962,9,NA
47.4833,9.66667,1962-09-24,2.1799999512732,12.5299997199327,7.35499983560294,1962,9,NA
47.4833,9.66667,1962-09-25,6.06999986432493,15.6099996510893,10.8399997577071,1962,9,NA
47.4833,9.66667,1962-09-26,3.05999993160367,17.1399996168911,10.0999997742474,1962,9,NA
47.4833,9.66667,1962-09-27,4.44999990053475,18.8399995788932,11.644999739714,1962,9,NA
47.4833,9.66667,1962-09-28,9.00999979861081,16.2199996374547,12.6149997180328,1962,9,NA
47.4833,9.66667,1962-09-29,10.5099997650832,18.2099995929748,14.359999679029,1962,9,NA
47.4833,9.66667,1962-09-30,9.16999979503453,16.2499996367842,12.7099997159094,1962,9,NA
47.4833,9.66667,1962-10-01,6.04999986477196,18.399999588728,12.22499972675,1962,10,1963
47.4833,9.66667,1962-10-02,7.46999983303249,21.7699995134026,14.6199996732175,1962,10,1963
47.4833,9.66667,1962-10-03,8.99999979883432,21.7899995129555,15.3949996558949,1962,10,1963
47.4833,9.66667,1962-10-04,9.03999979794025,21.1299995277077,15.084999662824,1962,10,1963
47.4833,9.66667,1962-10-05,9.55999978631735,19.2699995692819,14.4149996777996,1962,10,1963
47.4833,9.66667,1962-10-06,11.6799997389317,19.3699995670468,15.5249996529892,1962,10,1963
47.4833,9.66667,1962-10-07,8.28999981470406,17.8799996003509,13.0849997075275,1962,10,1963
47.4833,9.66667,1962-10-08,6.11999986320734,17.2499996144325,11.6849997388199,1962,10,1963
47.4833,9.66667,1962-10-09,5.55999987572432,19.5899995621294,12.5749997189268,1962,10,1963
47.4833,9.66667,1962-10-10,5.85999986901879,19.2599995695055,12.5599997192621,1962,10,1963
47.4833,9.66667,1962-10-11,5.58999987505376,17.3899996113032,11.4899997431785,1962,10,1963
47.4833,9.66667,1962-10-12,4.97999988868833,17.3399996124208,11.1599997505546,1962,10,1963
47.4833,9.66667,1962-10-13,4.43999990075827,18.6599995829165,11.5499997418374,1962,10,1963
47.4833,9.66667,1962-10-14,6.31999985873699,12.2999997250736,9.30999979190528,1962,10,1963
47.4833,9.66667,1962-10-15,8.22999981604517,16.3099996354431,12.2699997257441,1962,10,1963
47.4833,9.66667,1962-10-16,6.18999986164272,10.4099997673184,8.29999981448054,1962,10,1963
47.4833,9.66667,1962-10-17,5.47999987751245,9.2999997921288,7.38999983482063,1962,10,1963
47.4833,9.66667,1962-10-18,2.62999994121492,14.2799996808171,8.45499981101602,1962,10,1963
47.4833,9.66667,1962-10-19,1.4899999666959,14.1599996834993,7.82499982509762,1962,10,1963
47.4833,9.66667,1962-10-20,2.32999994792044,12.5499997194856,7.43999983370304,1962,10,1963
47.4833,9.66667,1962-10-21,6.10999986343086,12.0499997306615,9.07999979704618,1962,10,1963
47.4833,9.66667,1962-10-22,3.89999991282821,10.4699997659773,7.18499983940274,1962,10,1963
47.4833,9.66667,1962-10-23,1.16999997384846,9.86999977938831,5.51999987661839,1962,10,1963
47.4833,9.66667,1962-10-24,2.30999994836748,11.8099997360259,7.0599998421967,1962,10,1963
47.4833,9.66667,1962-10-25,4.12999990768731,14.0099996868521,9.0699997972697,1962,10,1963
47.4833,9.66667,1962-10-26,1.33999997004867,10.919999755919,6.12999986298382,1962,10,1963
47.4833,9.66667,1962-10-27,1.98999995552003,14.6999996714294,8.34499981347471,1962,10,1963
47.4833,9.66667,1962-10-28,4.32999990321696,14.1099996846169,9.21999979391694,1962,10,1963
47.4833,9.66667,1962-10-29,3.90999991260469,7.13999984040856,5.52499987650663,1962,10,1963
47.4833,9.66667,1962-10-30,0.569999987259507,5.15999988466501,2.86499993596226,1962,10,1963
47.4833,9.66667,1962-10-31,-2.07999995350838,7.26999983750284,2.59499994199723,1962,10,1963
47.4833,9.66667,1962-11-01,0.289999993517995,5.95999986678362,3.12499993015081,1962,11,1963
47.4833,9.66667,1962-11-02,1.13999997451901,3.96999991126359,2.5549999428913,1962,11,1963
47.4833,9.66667,1962-11-03,0.149999996647239,8.8399998024106,4.49499989952892,1962,11,1963
47.4833,9.66667,1962-11-04,-0.30999999307096,11.0899997521192,5.38999987952411,1962,11,1963
47.4833,9.66667,1962-11-05,1.96999995596707,8.6099998075515,5.28999988175929,1962,11,1963
47.4833,9.66667,1962-11-06,1.69999996200204,15.6099996510893,8.65499980654567,1962,11,1963
47.4833,9.66667,1962-11-07,5.84999986924231,17.9899995978922,11.9199997335672,1962,11,1963
47.4833,9.66667,1962-11-08,3.729999916628,16.7399996258318,10.2349997712299,1962,11,1963
47.4833,9.66667,1962-11-09,10.629999762401,20.369999544695,15.499999653548,1962,11,1963
47.4833,9.66667,1962-11-10,4.17999990656972,14.069999685511,9.12499979604036,1962,11,1963
47.4833,9.66667,1962-11-11,2.88999993540347,10.2199997715652,6.55499985348433,1962,11,1963
47.4833,9.66667,1962-11-12,3.35999992489815,8.99999979883432,6.17999986186624,1962,11,1963
47.4833,9.66667,1962-11-13,2.14999995194376,6.87999984622002,4.51499989908189,1962,11,1963
47.4833,9.66667,1962-11-14,1.90999995730817,7.96999982185662,4.9399998895824,1962,11,1963
47.4833,9.66667,1962-11-15,0.939999978989363,3.14999992959201,2.04499995429069,1962,11,1963
47.4833,9.66667,1962-11-16,-0.189999995753169,4.13999990746379,1.97499995585531,1962,11,1963
47.4833,9.66667,1962-11-17,-4.27999990433455,2.04999995417893,-1.11499997507781,1962,11,1963
47.4833,9.66667,1962-11-18,-5.09999988600612,4.46999990008771,-0.314999992959201,1962,11,1963
47.4833,9.66667,1962-11-19,-1.96999995596707,4.59999989718199,1.31499997060746,1962,11,1963
47.4833,9.66667,1962-11-20,-3.23999992758036,2.61999994143844,-0.30999999307096,1962,11,1963
47.4833,9.66667,1962-11-21,-2.18999995104969,1.3799999691546,-0.404999990947545,1962,11,1963
47.4833,9.66667,1962-11-22,-6.08999986387789,1.75999996066093,-2.16499995160848,1962,11,1963
47.4833,9.66667,1962-11-23,-4.34999990276992,1.97999995574355,-1.18499997351319,1962,11,1963
47.4833,9.66667,1962-11-24,-8.54999980889261,-0.709999984130263,-4.62999989651144,1962,11,1963
47.4833,9.66667,1962-11-25,-8.63999980688095,0.459999989718199,-4.08999990858138,1962,11,1963
47.4833,9.66667,1962-11-26,-9.90999977849424,1.18999997340143,-4.35999990254641,1962,11,1963
47.4833,9.66667,1962-11-27,-3.90999991260469,3.51999992132187,-0.19499999564141,1962,11,1963
47.4833,9.66667,1962-11-28,-2.50999994389713,1.10999997518957,-0.699999984353781,1962,11,1963
47.4833,9.66667,1962-11-29,-3.07999993115664,1.33999997004867,-0.869999980553985,1962,11,1963
47.4833,9.66667,1962-11-30,-4.55999989807606,0.519999988377094,-2.01999995484948,1962,11,1963
47.4833,9.66667,1962-12-01,-5.11999988555908,-0.519999988377094,-2.81999993696809,1962,12,1963
47.4833,9.66667,1962-12-02,-4.71999989449978,1.59999996423721,-1.55999996513128,1962,12,1963
47.4833,9.66667,1962-12-03,-9.13999979570508,-0.739999983459711,-4.9399998895824,1962,12,1963
47.4833,9.66667,1962-12-04,-10.9799997545779,-5.16999988444149,-8.07499981950969,1962,12,1963
47.4833,9.66667,1962-12-05,-11.2399997487664,-5.85999986901879,-8.54999980889261,1962,12,1963
47.4833,9.66667,1962-12-06,-10.8299997579306,-1.68999996222556,-6.2599998600781,1962,12,1963
47.4833,9.66667,1962-12-07,-9.18999979458749,-2.8699999358505,-6.029999865219,1962,12,1963
47.4833,9.66667,1962-12-08,-7.96999982185662,-2.26999994926155,-5.11999988555908,1962,12,1963
47.4833,9.66667,1962-12-09,-8.86999980174005,-2.74999993853271,-5.80999987013638,1962,12,1963
47.4833,9.66667,1962-12-10,-8.05999981984496,5.43999987840652,-1.30999997071922,1962,12,1963
47.4833,9.66667,1962-12-11,0.0599999986588955,3.68999991752207,1.87499995809048,1962,12,1963
47.4833,9.66667,1962-12-12,-1.32999997027218,2.68999993987381,0.679999984800816,1962,12,1963
47.4833,9.66667,1962-12-13,-1.33999997004867,5.88999986834824,2.27499994914979,1962,12,1963
47.4833,9.66667,1962-12-14,-0.839999981224537,1.62999996356666,0.394999991171062,1962,12,1963
47.4833,9.66667,1962-12-15,-4.26999990455806,0.769999982789159,-1.74999996088445,1962,12,1963
47.4833,9.66667,1962-12-16,-4.54999989829957,3.12999993003905,-0.709999984130263,1962,12,1963
47.4833,9.66667,1962-12-17,0.839999981224537,7.93999982252717,4.38999990187585,1962,12,1963
47.4833,9.66667,1962-12-18,-1.22999997250736,1.66999996267259,0.219999995082617,1962,12,1963
47.4833,9.66667,1962-12-19,-2.27999994903803,1.02999997697771,-0.624999986030161,1962,12,1963
47.4833,9.66667,1962-12-20,-2.16999995149672,1.24999997206032,-0.459999989718199,1962,12,1963
47.4833,9.66667,1962-12-21,-3.85999991372228,-0.559999987483025,-2.20999995060265,1962,12,1963
47.4833,9.66667,1962-12-22,-4.31999990344048,2.38999994657934,-0.964999978430569,1962,12,1963
47.4833,9.66667,1962-12-23,-8.33999981358647,2.04999995417893,-3.14499992970377,1962,12,1963
47.4833,9.66667,1962-12-24,-16.0399996414781,-7.69999982789159,-11.8699997346848,1962,12,1963
47.4833,9.66667,1962-12-25,-17.4199996106327,-11.7999997362494,-14.6099996734411,1962,12,1963
47.4833,9.66667,1962-12-26,-18.069999596104,-11.6799997389317,-14.8749996675178,1962,12,1963
47.4833,9.66667,1962-12-27,-17.5899996068329,-11.6099997404963,-14.5999996736646,1962,12,1963
47.4833,9.66667,1962-12-28,-16.8699996229261,-10.4599997662008,-13.6649996945634,1962,12,1963
47.4833,9.66667,1962-12-29,-15.789999647066,-7.03999984264374,-11.4149997448549,1962,12,1963
47.4833,9.66667,1962-12-30,-10.6699997615069,-0.289999993517995,-5.47999987751245,1962,12,1963
47.4833,9.66667,1962-12-31,-5.88999986834824,1.59999996423721,-2.14499995205551,1962,12,1963
47.4833,9.66667,1963-01-01,-2.84999993629754,2.04999995417893,-0.399999991059303,1963,1,1963
47.4833,9.66667,1963-01-02,-1.98999995552003,1.90999995730817,-0.0399999991059303,1963,1,1963
47.4833,9.66667,1963-01-03,-3.90999991260469,0.999999977648258,-1.45499996747822,1963,1,1963
47.4833,9.66667,1963-01-04,-1.61999996379018,4.86999989114702,1.62499996367842,1963,1,1963
47.4833,9.66667,1963-01-05,-1.78999995999038,2.78999993763864,0.499999988824129,1963,1,1963
47.4833,9.66667,1963-01-06,-1.11999997496605,5.19999988377094,2.03999995440245,1963,1,1963
47.4833,9.66667,1963-01-07,-0.949999978765845,5.45999987795949,2.25499994959682,1963,1,1963
47.4833,9.66667,1963-01-08,-1.38999996893108,1.35999996960163,-0.0149999996647239,1963,1,1963
47.4833,9.66667,1963-01-09,-1.20999997295439,0.779999982565641,-0.214999995194376,1963,1,1963
47.4833,9.66667,1963-01-10,-2.61999994143844,1.04999997653067,-0.784999982453883,1963,1,1963
47.4833,9.66667,1963-01-11,-2.51999994367361,0.0999999977648258,-1.20999997295439,1963,1,1963
47.4833,9.66667,1963-01-12,-4.88999989069998,-1.07999997586012,-2.98499993328005,1963,1,1963
47.4833,9.66667,1963-01-13,-12.1899997275323,-4.7099998947233,-8.44999981112778,1963,1,1963
47.4833,9.66667,1963-01-14,-18.6599995829165,-11.9799997322261,-15.3199996575713,1963,1,1963
47.4833,9.66667,1963-01-15,-21.3099995236844,-8.34999981336296,-14.8299996685237,1963,1,1963
47.4833,9.66667,1963-01-16,-10.4199997670949,-5.48999987728894,-7.95499982219189,1963,1,1963
47.4833,9.66667,1963-01-17,-9.95999977737665,-3.84999991394579,-6.90499984566122,1963,1,1963
47.4833,9.66667,1963-01-18,-14.5299996752292,-7.63999982923269,-11.0849997522309,1963,1,1963
47.4833,9.66667,1963-01-19,-16.5599996298552,-11.0899997521192,-13.8249996909872,1963,1,1963
47.4833,9.66667,1963-01-20,-14.4399996772408,-6.22999986074865,-10.3349997689947,1963,1,1963
47.4833,9.66667,1963-01-21,-13.8799996897578,-6.90999984554946,-10.3949997676536,1963,1,1963
47.4833,9.66667,1963-01-22,-13.469999698922,-6.77999984845519,-10.1249997736886,1963,1,1963
47.4833,9.66667,1963-01-23,-17.1899996157736,-9.07999979704618,-13.1349997064099,1963,1,1963
47.4833,9.66667,1963-01-24,-19.4299995657057,-8.71999980509281,-14.0749996853992,1963,1,1963
47.4833,9.66667,1963-01-25,-17.7499996032566,-5.57999987527728,-11.6649997392669,1963,1,1963
47.4833,9.66667,1963-01-26,-15.2699996586889,-4.74999989382923,-10.0099997762591,1963,1,1963
47.4833,9.66667,1963-01-27,-13.179999705404,-4.2499999050051,-8.71499980520457,1963,1,1963
47.4833,9.66667,1963-01-28,-7.87999982386827,-2.73999993875623,-5.30999988131225,1963,1,1963
47.4833,9.66667,1963-01-29,-8.53999980911613,-3.02999993227422,-5.78499987069517,1963,1,1963
47.4833,9.66667,1963-01-30,-9.85999977961183,-4.74999989382923,-7.30499983672053,1963,1,1963
47.4833,9.66667,1963-01-31,-12.1399997286499,-5.77999987080693,-8.95999979972839,1963,1,1963
47.4833,9.66667,1963-02-01,-16.0399996414781,-8.94999979995191,-12.494999720715,1963,2,1963
47.4833,9.66667,1963-02-02,-16.7599996253848,-9.42999978922307,-13.0949997073039,1963,2,1963
47.4833,9.66667,1963-02-03,-18.1299995947629,-8.2099998164922,-13.1699997056276,1963,2,1963
47.4833,9.66667,1963-02-04,-15.7799996472895,-7.99999982118607,-11.8899997342378,1963,2,1963
47.4833,9.66667,1963-02-05,-17.4799996092916,-6.70999985001981,-12.0949997296557,1963,2,1963
47.4833,9.66667,1963-02-06,-18.7199995815754,-5.86999986879528,-12.2949997251853,1963,2,1963
47.4833,9.66667,1963-02-07,-18.2099995929748,-3.96999991126359,-11.0899997521192,1963,2,1963
47.4833,9.66667,1963-02-08,-12.6799997165799,-0.999999977648258,-6.83999984711409,1963,2,1963
47.4833,9.66667,1963-02-09,-6.60999985225499,1.47999996691942,-2.56499994266778,1963,2,1963
47.4833,9.66667,1963-02-10,-7.17999983951449,0.519999988377094,-3.3299999255687,1963,2,1963
47.4833,9.66667,1963-02-11,-8.13999981805682,4.17999990656972,-1.97999995574355,1963,2,1963
47.4833,9.66667,1963-02-12,-6.52999985404313,-0.119999997317791,-3.32499992568046,1963,2,1963
47.4833,9.66667,1963-02-13,-3.98999991081655,2.24999994970858,-0.869999980553985,1963,2,1963
47.4833,9.66667,1963-02-14,-2.96999993361533,0.299999993294477,-1.33499997016042,1963,2,1963
47.4833,9.66667,1963-02-15,-7.2899998370558,1.05999997630715,-3.11499993037432,1963,2,1963
47.4833,9.66667,1963-02-16,-10.2399997711182,0.479999989271164,-4.8799998909235,1963,2,1963
47.4833,9.66667,1963-02-17,-5.9699998665601,4.72999989427626,-0.61999998614192,1963,2,1963
47.4833,9.66667,1963-02-18,-1.15999997407198,4.23999990522861,1.53999996557832,1963,2,1963
47.4833,9.66667,1963-02-19,-1.53999996557832,1.91999995708466,0.189999995753169,1963,2,1963
47.4833,9.66667,1963-02-20,-1.65999996289611,2.09999995306134,0.219999995082617,1963,2,1963
47.4833,9.66667,1963-02-21,-0.65999998524785,5.62999987415969,2.48499994445592,1963,2,1963
47.4833,9.66667,1963-02-22,-5.739999871701,0.419999990612268,-2.65999994054437,1963,2,1963
47.4833,9.66667,1963-02-23,-8.57999980822206,-3.40999992378056,-5.99499986600131,1963,2,1963
47.4833,9.66667,1963-02-24,-8.45999981090426,-2.55999994277954,-5.5099998768419,1963,2,1963
47.4833,9.66667,1963-02-25,-9.5899997856468,-1.98999995552003,-5.78999987058342,1963,2,1963
47.4833,9.66667,1963-02-26,-12.7199997156858,-1.66999996267259,-7.19499983917922,1963,2,1963
47.4833,9.66667,1963-02-27,-12.5499997194856,1.17999997362494,-5.68499987293035,1963,2,1963
47.4833,9.66667,1963-02-28,-10.9299997556955,0.439999990165234,-5.24499988276511,1963,2,1963
47.4833,9.66667,1963-03-01,-13.2499997038394,-0.88999998010695,-7.06999984197319,1963,3,1963
47.4833,9.66667,1963-03-02,-14.049999685958,-1.96999995596707,-8.00999982096255,1963,3,1963
47.4833,9.66667,1963-03-03,-13.489999698475,-1.30999997071922,-7.39999983459711,1963,3,1963
47.4833,9.66667,1963-03-04,-12.3099997248501,1.64999996311963,-5.32999988086522,1963,3,1963
47.4833,9.66667,1963-03-05,-9.07999979704618,4.60999989695847,-2.23499995004386,1963,3,1963
47.4833,9.66667,1963-03-06,-7.8099998254329,7.04999984242022,-0.379999991506338,1963,3,1963
47.4833,9.66667,1963-03-07,-4.68999989517033,8.97999979928136,2.14499995205551,1963,3,1963
47.4833,9.66667,1963-03-08,-1.87999995797873,12.079999729991,5.09999988600612,1963,3,1963
47.4833,9.66667,1963-03-09,-1.03999997675419,10.5799997635186,4.76999989338219,1963,3,1963
47.4833,9.66667,1963-03-10,1.01999997720122,9.89999977871776,5.45999987795949,1963,3,1963
47.4833,9.66667,1963-03-11,0.739999983459711,8.17999981716275,4.45999990031123,1963,3,1963
47.4833,9.66667,1963-03-12,0.449999989941716,8.13999981805682,4.29499990399927,1963,3,1963
47.4833,9.66667,1963-03-13,1.78999995999038,6.66999985091388,4.22999990545213,1963,3,1963
47.4833,9.66667,1963-03-14,0.509999988600612,5.23999988287687,2.87499993573874,1963,3,1963
47.4833,9.66667,1963-03-15,0.399999991059303,10.5099997650832,5.45499987807125,1963,3,1963
47.4833,9.66667,1963-03-16,0.449999989941716,7.16999983973801,3.80999991483986,1963,3,1963
47.4833,9.66667,1963-03-17,0.0799999982118607,8.81999980285764,4.44999990053475,1963,3,1963
47.4833,9.66667,1963-03-18,2.88999993540347,10.5199997648597,6.70499985013157,1963,3,1963
47.4833,9.66667,1963-03-19,1.28999997116625,10.4499997664243,5.86999986879528,1963,3,1963
47.4833,9.66667,1963-03-20,2.58999994210899,10.4199997670949,6.50499985460192,1963,3,1963
47.4833,9.66667,1963-03-21,0.149999996647239,11.3499997463077,5.74999987147748,1963,3,1963
47.4833,9.66667,1963-03-22,1.96999995596707,5.71999987214804,3.84499991405755,1963,3,1963
47.4833,9.66667,1963-03-23,-0.689999984577298,2.78999993763864,1.04999997653067,1963,3,1963
47.4833,9.66667,1963-03-24,-2.44999994523823,0.719999983906746,-0.864999980665743,1963,3,1963
47.4833,9.66667,1963-03-25,-5.25999988242984,4.96999988891184,-0.144999996758997,1963,3,1963
47.4833,9.66667,1963-03-26,-4.38999990187585,10.1299997735769,2.8699999358505,1963,3,1963
47.4833,9.66667,1963-03-27,-0.209999995306134,10.2699997704476,5.02999988757074,1963,3,1963
47.4833,9.66667,1963-03-28,3.40999992378056,7.78999982587993,5.59999987483025,1963,3,1963
47.4833,9.66667,1963-03-29,1.98999995552003,5.46999987773597,3.729999916628,1963,3,1963
47.4833,9.66667,1963-03-30,-0.0599999986588955,13.4999996982515,6.7199998497963,1963,3,1963
47.4833,9.66667,1963-03-31,0.839999981224537,8.11999981850386,4.4799998998642,1963,3,1963
47.4833,9.66667,1963-04-01,0.159999996423721,2.9299999345094,1.54499996546656,1963,4,1963
47.4833,9.66667,1963-04-02,-0.299999993294477,3.729999916628,1.71499996166676,1963,4,1963
47.4833,9.66667,1963-04-03,0.739999983459711,5.49999987706542,3.11999993026257,1963,4,1963
47.4833,9.66667,1963-04-04,-0.679999984800816,6.77999984845519,3.04999993182719,1963,4,1963
47.4833,9.66667,1963-04-05,-2.36999994702637,9.8199997805059,3.72499991673976,1963,4,1963
47.4833,9.66667,1963-04-06,0.379999991506338,13.9299996886402,7.15499984007329,1963,4,1963
47.4833,9.66667,1963-04-07,2.96999993361533,15.6099996510893,9.28999979235232,1963,4,1963
47.4833,9.66667,1963-04-08,3.52999992109835,10.5999997630715,7.06499984208494,1963,4,1963
47.4833,9.66667,1963-04-09,3.31999992579222,14.5299996752292,8.9249998005107,1963,4,1963
47.4833,9.66667,1963-04-10,2.62999994121492,14.4599996767938,8.54499980900437,1963,4,1963
47.4833,9.66667,1963-04-11,6.84999984689057,20.0099995527416,13.4299996998161,1963,4,1963
47.4833,9.66667,1963-04-12,4.19999990612268,13.21999970451,8.70999980531633,1963,4,1963
47.4833,9.66667,1963-04-13,4.29999990388751,9.87999977916479,7.08999984152615,1963,4,1963
47.4833,9.66667,1963-04-14,4.30999990366399,11.2399997487664,7.77499982621521,1963,4,1963
47.4833,9.66667,1963-04-15,3.57999991998076,10.4299997668713,7.00499984342605,1963,4,1963
47.4833,9.66667,1963-04-16,2.14999995194376,14.1499996837229,8.1499998178333,1963,4,1963
47.4833,9.66667,1963-04-17,5.95999986678362,17.6299996059388,11.7949997363612,1963,4,1963
47.4833,9.66667,1963-04-18,6.07999986410141,19.0499995741993,12.5649997191504,1963,4,1963
47.4833,9.66667,1963-04-19,5.95999986678362,13.199999704957,9.57999978587031,1963,4,1963
47.4833,9.66667,1963-04-20,2.87999993562698,15.8999996446073,9.38999979011714,1963,4,1963
47.4833,9.66667,1963-04-21,5.81999986991286,19.4499995652586,12.6349997175857,1963,4,1963
47.4833,9.66667,1963-04-22,7.72999982722104,14.7599996700883,11.2449997486547,1963,4,1963
47.4833,9.66667,1963-04-23,7.15999983996153,14.0399996861815,10.5999997630715,1963,4,1963
47.4833,9.66667,1963-04-24,4.7099998947233,16.2999996356666,10.504999765195,1963,4,1963
47.4833,9.66667,1963-04-25,7.56999983079731,10.9799997545779,9.27499979268759,1963,4,1963
47.4833,9.66667,1963-04-26,7.14999984018505,14.4299996774644,10.7899997588247,1963,4,1963
47.4833,9.66667,1963-04-27,7.49999983236194,16.5699996296316,12.0349997309968,1963,4,1963
47.4833,9.66667,1963-04-28,5.72999987192452,15.4699996542186,10.5999997630715,1963,4,1963
47.4833,9.66667,1963-04-29,3.86999991349876,16.369999634102,10.1199997738004,1963,4,1963
47.4833,9.66667,1963-04-30,9.23999979346991,19.6899995598942,14.4649996766821,1963,4,1963
47.4833,9.66667,1963-05-01,7.31999983638525,16.2899996358901,11.8049997361377,1963,5,NA
47.4833,9.66667,1963-05-02,7.32999983616173,16.1899996381253,11.7599997371435,1963,5,NA
47.4833,9.66667,1963-05-03,7.47999983280897,13.8999996893108,10.6899997610599,1963,5,NA
47.4833,9.66667,1963-05-04,1.80999995954335,7.8099998254329,4.80999989248812,1963,5,NA
47.4833,9.66667,1963-05-05,3.10999993048608,7.59999983012676,5.35499988030642,1963,5,NA
47.4833,9.66667,1963-05-06,3.61999991908669,13.1599997058511,8.38999981246889,1963,5,NA
47.4833,9.66667,1963-05-07,2.72999993897974,16.5599996298552,9.64499978441745,1963,5,NA
47.4833,9.66667,1963-05-08,4.63999989628792,19.829999556765,12.2349997265264,1963,5,NA
47.4833,9.66667,1963-05-09,6.49999985471368,20.5099995415658,13.5049996981397,1963,5,NA
47.4833,9.66667,1963-05-10,7.95999982208014,19.7299995590001,13.8449996905401,1963,5,NA
47.4833,9.66667,1963-05-11,7.95999982208014,14.069999685511,11.0149997537956,1963,5,NA
47.4833,9.66667,1963-05-12,6.97999984398484,10.4399997666478,8.70999980531633,1963,5,NA
47.4833,9.66667,1963-05-13,5.81999986991286,12.7899997141212,9.30499979201704,1963,5,NA
47.4833,9.66667,1963-05-14,3.16999992914498,17.9499995987862,10.5599997639656,1963,5,NA
47.4833,9.66667,1963-05-15,6.49999985471368,12.7899997141212,9.64499978441745,1963,5,NA
47.4833,9.66667,1963-05-16,5.46999987773597,8.76999980397522,7.1199998408556,1963,5,NA
47.4833,9.66667,1963-05-17,5.44999987818301,9.83999978005886,7.64499982912093,1963,5,NA
47.4833,9.66667,1963-05-18,7.749999826774,12.7099997159094,10.2299997713417,1963,5,NA
47.4833,9.66667,1963-05-19,8.33999981358647,14.1999996826053,11.2699997480959,1963,5,NA
47.4833,9.66667,1963-05-20,5.75999987125397,13.489999698475,9.62499978486449,1963,5,NA
47.4833,9.66667,1963-05-21,3.63999991863966,10.7399997599423,7.18999983929098,1963,5,NA
47.4833,9.66667,1963-05-22,1.80999995954335,18.8299995791167,10.31999976933,1963,5,NA
47.4833,9.66667,1963-05-23,6.63999985158443,24.119999460876,15.3799996562302,1963,5,NA
47.4833,9.66667,1963-05-24,9.31999979168177,17.6199996061623,13.469999698922,1963,5,NA
47.4833,9.66667,1963-05-25,7.65999982878566,11.4899997431785,9.57499978598207,1963,5,NA
47.4833,9.66667,1963-05-26,8.8999998010695,15.7499996479601,12.3249997245148,1963,5,NA
47.4833,9.66667,1963-05-27,10.6599997617304,19.8199995569885,15.2399996593595,1963,5,NA
47.4833,9.66667,1963-05-28,9.76999978162348,21.5699995178729,15.6699996497482,1963,5,NA
47.4833,9.66667,1963-05-29,10.029999775812,23.1599994823337,16.5949996290728,1963,5,NA
47.4833,9.66667,1963-05-30,10.6899997610599,21.6099995169789,16.1499996390194,1963,5,NA
47.4833,9.66667,1963-05-31,9.50999978743494,22.2499995026737,15.8799996450543,1963,5,NA
47.4833,9.66667,1963-06-01,9.00999979861081,22.3199995011091,15.66499964986,1963,6,NA
47.4833,9.66667,1963-06-02,8.82999980263412,22.2699995022267,15.5499996524304,1963,6,NA
47.4833,9.66667,1963-06-03,7.30999983660877,19.5999995619059,13.4549996992573,1963,6,NA
47.4833,9.66667,1963-06-04,8.11999981850386,19.1999995708466,13.6599996946752,1963,6,NA
47.4833,9.66667,1963-06-05,8.2699998151511,19.3799995668232,13.8249996909872,1963,6,NA
47.4833,9.66667,1963-06-06,9.80999978072941,19.0599995739758,14.4349996773526,1963,6,NA
47.4833,9.66667,1963-06-07,8.68999980576336,21.1099995281547,14.899999666959,1963,6,NA
47.4833,9.66667,1963-06-08,10.0799997746944,14.5599996745586,12.3199997246265,1963,6,NA
47.4833,9.66667,1963-06-09,8.61999980732799,17.6899996045977,13.1549997059628,1963,6,NA
47.4833,9.66667,1963-06-10,9.09999979659915,20.3999995440245,14.7499996703118,1963,6,NA
47.4833,9.66667,1963-06-11,8.94999979995191,22.8899994883686,15.9199996441603,1963,6,NA
47.4833,9.66667,1963-06-12,11.3799997456372,16.4999996311963,13.9399996884167,1963,6,NA
47.4833,9.66667,1963-06-13,11.3899997454137,21.2099995259196,16.2999996356666,1963,6,NA
47.4833,9.66667,1963-06-14,9.42999978922307,22.9699994865805,16.1999996379018,1963,6,NA
47.4833,9.66667,1963-06-15,9.02999979816377,14.6899996716529,11.8599997349083,1963,6,NA
47.4833,9.66667,1963-06-16,8.25999981537461,11.8299997355789,10.0449997754768,1963,6,NA
47.4833,9.66667,1963-06-17,8.13999981805682,14.0599996857345,11.0999997518957,1963,6,NA
47.4833,9.66667,1963-06-18,9.34999979101121,20.3099995460361,14.8299996685237,1963,6,NA
47.4833,9.66667,1963-06-19,9.59999978542328,24.3099994566292,16.9549996210262,1963,6,NA
47.4833,9.66667,1963-06-20,10.5499997641891,18.0499995965511,14.2999996803701,1963,6,NA
47.4833,9.66667,1963-06-21,8.62999980710447,15.9399996437132,12.2849997254089,1963,6,NA
47.4833,9.66667,1963-06-22,13.8799996897578,27.2099993918091,20.5449995407835,1963,6,NA
47.4833,9.66667,1963-06-23,14.2099996823817,30.1999993249774,22.2049995036796,1963,6,NA
47.4833,9.66667,1963-06-24,14.0199996866286,20.9899995308369,17.5049996087328,1963,6,NA
47.4833,9.66667,1963-06-25,12.0199997313321,20.1499995496124,16.0849996404722,1963,6,NA
47.4833,9.66667,1963-06-26,11.8499997351319,16.8299996238202,14.339999679476,1963,6,NA
47.4833,9.66667,1963-06-27,10.8899997565895,21.2799995243549,16.0849996404722,1963,6,NA
47.4833,9.66667,1963-06-28,11.209999749437,28.719999358058,19.9649995537475,1963,6,NA
47.4833,9.66667,1963-06-29,11.5699997413903,24.7999994456768,18.1849995935336,1963,6,NA
47.4833,9.66667,1963-06-30,10.1399997733533,18.3099995907396,14.2249996820465,1963,6,NA
47.4833,9.66667,1963-07-01,9.89999977871776,21.8699995111674,15.8849996449426,1963,7,NA
47.4833,9.66667,1963-07-02,10.879999756813,22.6099994946271,16.7449996257201,1963,7,NA
47.4833,9.66667,1963-07-03,12.4999997206032,22.2299995031208,17.364999611862,1963,7,NA
47.4833,9.66667,1963-07-04,10.3699997682124,25.8899994213134,18.1299995947629,1963,7,NA
47.4833,9.66667,1963-07-05,12.0199997313321,23.4099994767457,17.7149996040389,1963,7,NA
47.4833,9.66667,1963-07-06,12.6599997170269,19.8999995552003,16.2799996361136,1963,7,NA
47.4833,9.66667,1963-07-07,9.63999978452921,23.7199994698167,16.6799996271729,1963,7,NA
47.4833,9.66667,1963-07-08,12.2999997250736,26.7299994025379,19.5149995638058,1963,7,NA
47.4833,9.66667,1963-07-09,13.0799997076392,19.1799995712936,16.1299996394664,1963,7,NA
47.4833,9.66667,1963-07-10,10.339999768883,22.8599994890392,16.5999996289611,1963,7,NA
47.4833,9.66667,1963-07-11,13.2599997036159,21.7699995134026,17.5149996085092,1963,7,NA
47.4833,9.66667,1963-07-12,12.9399997107685,17.7899996023625,15.3649996565655,1963,7,NA
47.4833,9.66667,1963-07-13,10.3899997677654,22.4799994975328,16.4349996326491,1963,7,NA
47.4833,9.66667,1963-07-14,10.5899997632951,20.6999995373189,15.644999650307,1963,7,NA
47.4833,9.66667,1963-07-15,11.2999997474253,18.7999995797873,15.0499996636063,1963,7,NA
47.4833,9.66667,1963-07-16,8.57999980822206,25.2299994360656,16.9049996221438,1963,7,NA
47.4833,9.66667,1963-07-17,12.7999997138977,26.9399993978441,19.8699995558709,1963,7,NA
47.4833,9.66667,1963-07-18,13.5999996960163,27.4399993866682,20.5199995413423,1963,7,NA
47.4833,9.66667,1963-07-19,14.8199996687472,23.4299994762987,19.1249995725229,1963,7,NA
47.4833,9.66667,1963-07-20,15.7199996486306,24.2799994572997,19.9999995529652,1963,7,NA
47.4833,9.66667,1963-07-21,15.519999653101,26.1699994150549,20.8449995340779,1963,7,NA
47.4833,9.66667,1963-07-22,15.2899996582419,27.559999383986,21.4249995211139,1963,7,NA
47.4833,9.66667,1963-07-23,16.099999640137,27.4999993853271,21.799999512732,1963,7,NA
47.4833,9.66667,1963-07-24,16.7999996244907,27.0499993953854,21.9249995099381,1963,7,NA
47.4833,9.66667,1963-07-25,14.629999672994,28.7399993576109,21.6849995153025,1963,7,NA
47.4833,9.66667,1963-07-26,16.0099996421486,29.1299993488938,22.5699994955212,1963,7,NA
47.4833,9.66667,1963-07-27,12.5599997192621,19.4399995654821,15.9999996423721,1963,7,NA
47.4833,9.66667,1963-07-28,11.0399997532368,18.5799995847046,14.8099996689707,1963,7,NA
47.4833,9.66667,1963-07-29,11.4399997442961,21.8299995120615,16.6349996281788,1963,7,NA
47.4833,9.66667,1963-07-30,9.11999979615211,23.1399994827807,16.1299996394664,1963,7,NA
47.4833,9.66667,1963-07-31,9.61999978497624,24.0899994615465,16.8549996232614,1963,7,NA
47.4833,9.66667,1963-08-01,11.5099997427315,25.0699994396418,18.2899995911866,1963,8,NA
47.4833,9.66667,1963-08-02,13.6599996946752,28.5999993607402,21.1299995277077,1963,8,NA
47.4833,9.66667,1963-08-03,14.4899996761233,28.2799993678927,21.384999522008,1963,8,NA
47.4833,9.66667,1963-08-04,15.6299996506423,31.2599993012846,23.4449994759634,1963,8,NA
47.4833,9.66667,1963-08-05,15.479999653995,22.7299994919449,19.10499957297,1963,8,NA
47.4833,9.66667,1963-08-06,14.7499996703118,25.5199994295835,20.1349995499477,1963,8,NA
47.4833,9.66667,1963-08-07,14.5999996736646,28.3999993652105,21.4999995194376,1963,8,NA
47.4833,9.66667,1963-08-08,14.6599996723235,22.7899994906038,18.7249995814636,1963,8,NA
47.4833,9.66667,1963-08-09,13.4199997000396,16.4799996316433,14.9499996658415,1963,8,NA
47.4833,9.66667,1963-08-10,11.9899997320026,17.5999996066093,14.794999669306,1963,8,NA
47.4833,9.66667,1963-08-11,9.62999978475273,20.4399995431304,15.0349996639416,1963,8,NA
47.4833,9.66667,1963-08-12,10.339999768883,24.8599994443357,17.5999996066093,1963,8,NA
47.4833,9.66667,1963-08-13,15.20999966003,22.5399994961917,18.8749995781109,1963,8,NA
47.4833,9.66667,1963-08-14,13.2399997040629,20.8199995346367,17.0299996193498,1963,8,NA
47.4833,9.66667,1963-08-15,13.4799996986985,23.7399994693696,18.6099995840341,1963,8,NA
47.4833,9.66667,1963-08-16,12.4799997210503,17.9799995981157,15.229999659583,1963,8,NA
47.4833,9.66667,1963-08-17,10.9099997561425,20.9099995326251,15.9099996443838,1963,8,NA
47.4833,9.66667,1963-08-18,9.2999997921288,21.6399995163083,15.4699996542186,1963,8,NA
47.4833,9.66667,1963-08-19,5.63999987393618,14.8699996676296,10.2549997707829,1963,8,NA
47.4833,9.66667,1963-08-20,8.67999980598688,17.9399995990098,13.3099997024983,1963,8,NA
47.4833,9.66667,1963-08-21,9.76999978162348,18.6299995835871,14.1999996826053,1963,8,NA
47.4833,9.66667,1963-08-22,8.63999980688095,13.0199997089803,10.8299997579306,1963,8,NA
47.4833,9.66667,1963-08-23,8.2699998151511,16.8599996231496,12.5649997191504,1963,8,NA
47.4833,9.66667,1963-08-24,11.8399997353554,17.1899996157736,14.5149996755645,1963,8,NA
47.4833,9.66667,1963-08-25,13.5399996973574,22.5399994961917,18.0399995967746,1963,8,NA
47.4833,9.66667,1963-08-26,14.2299996819347,21.6699995156378,17.9499995987862,1963,8,NA
47.4833,9.66667,1963-08-27,11.9099997337908,24.6099994499236,18.2599995918572,1963,8,NA
47.4833,9.66667,1963-08-28,11.9699997324497,23.0599994845688,17.5149996085092,1963,8,NA
47.4833,9.66667,1963-08-29,8.40999981202185,12.6599997170269,10.5349997645244,1963,8,NA
47.4833,9.66667,1963-08-30,4.91999989002943,14.2199996821582,9.56999978609383,1963,8,NA
47.4833,9.66667,1963-08-31,8.8999998010695,16.2099996376783,12.5549997193739,1963,8,NA
47.4833,9.66667,1963-09-01,5.01999988779426,18.5899995844811,11.8049997361377,1963,9,NA
47.4833,9.66667,1963-09-02,10.3299997691065,19.4699995648116,14.899999666959,1963,9,NA
47.4833,9.66667,1963-09-03,11.749999737367,17.3299996126443,14.5399996750057,1963,9,NA
47.4833,9.66667,1963-09-04,11.3699997458607,18.6099995840341,14.9899996649474,1963,9,NA
47.4833,9.66667,1963-09-05,9.5299997869879,20.2299995478243,14.8799996674061,1963,9,NA
47.4833,9.66667,1963-09-06,9.36999979056418,15.1099996622652,12.2399997264147,1963,9,NA
47.4833,9.66667,1963-09-07,6.89999984577298,15.0499996636063,10.9749997546896,1963,9,NA
47.4833,9.66667,1963-09-08,6.90999984554946,9.84999977983534,8.3799998126924,1963,9,NA
47.4833,9.66667,1963-09-09,8.84999980218709,14.5199996754527,11.6849997388199,1963,9,NA
47.4833,9.66667,1963-09-10,9.37999979034066,15.6999996490777,12.5399997197092,1963,9,NA
47.4833,9.66667,1963-09-11,6.21999986097217,18.9899995755404,12.6049997182563,1963,9,NA
47.4833,9.66667,1963-09-12,7.2899998370558,22.0299995075911,14.6599996723235,1963,9,NA
47.4833,9.66667,1963-09-13,8.81999980285764,19.3699995670468,14.0949996849522,1963,9,NA
47.4833,9.66667,1963-09-14,9.19999979436398,21.7599995136261,15.479999653995,1963,9,NA
47.4833,9.66667,1963-09-15,10.1899997722358,20.6499995384365,15.4199996553361,1963,9,NA
47.4833,9.66667,1963-09-16,11.209999749437,21.9299995098263,16.5699996296316,1963,9,NA
47.4833,9.66667,1963-09-17,12.059999730438,22.979999486357,17.5199996083975,1963,9,NA
47.4833,9.66667,1963-09-18,11.5799997411668,22.08999950625,16.8349996237084,1963,9,NA
47.4833,9.66667,1963-09-19,11.5299997422844,22.5399994961917,17.0349996192381,1963,9,NA
47.4833,9.66667,1963-09-20,11.5299997422844,21.219999525696,16.3749996339902,1963,9,NA
47.4833,9.66667,1963-09-21,13.9799996875226,21.54999951832,17.7649996029213,1963,9,NA
47.4833,9.66667,1963-09-22,13.3099997024983,20.5199995413423,16.9149996219203,1963,9,NA
47.4833,9.66667,1963-09-23,13.0499997083098,21.3999995216727,17.2249996149912,1963,9,NA
47.4833,9.66667,1963-09-24,10.4499997664243,22.109999505803,16.2799996361136,1963,9,NA
47.4833,9.66667,1963-09-25,11.4199997447431,19.3399995677173,15.3799996562302,1963,9,NA
47.4833,9.66667,1963-09-26,7.91999982297421,14.4199996776879,11.169999750331,1963,9,NA
47.4833,9.66667,1963-09-27,5.54999987594783,13.8499996904284,9.6999997831881,1963,9,NA
47.4833,9.66667,1963-09-28,9.32999979145825,17.5799996070564,13.4549996992573,1963,9,NA
47.4833,9.66667,1963-09-29,7.39999983459711,13.5699996966869,10.484999765642,1963,9,NA
47.4833,9.66667,1963-09-30,5.45999987795949,15.3899996560067,10.4249997669831,1963,9,NA
47.4833,9.66667,1963-10-01,7.38999983482063,16.6299996282905,12.0099997315556,1963,10,1964
47.4833,9.66667,1963-10-02,9.21999979391694,14.2399996817112,11.7299997378141,1963,10,1964
47.4833,9.66667,1963-10-03,5.74999987147748,10.9299997556955,8.33999981358647,1963,10,1964
47.4833,9.66667,1963-10-04,7.44999983347952,12.0299997311085,9.73999978229403,1963,10,1964
47.4833,9.66667,1963-10-05,7.87999982386827,16.7299996260554,12.3049997249618,1963,10,1964
47.4833,9.66667,1963-10-06,6.49999985471368,12.329999724403,9.41499978955835,1963,10,1964
47.4833,9.66667,1963-10-07,6.75999984890223,11.8399997353554,9.2999997921288,1963,10,1964
47.4833,9.66667,1963-10-08,6.70999985001981,11.3999997451901,9.05499979760498,1963,10,1964
47.4833,9.66667,1963-10-09,5.06999988667667,13.2999997027218,9.18499979469925,1963,10,1964
47.4833,9.66667,1963-10-10,1.36999996937811,13.9899996872991,7.67999982833862,1963,10,1964
47.4833,9.66667,1963-10-11,3.77999991551042,14.1499996837229,8.96499979961663,1963,10,1964
47.4833,9.66667,1963-10-12,4.7099998947233,15.0099996645004,9.85999977961183,1963,10,1964
47.4833,9.66667,1963-10-13,4.30999990366399,18.0499995965511,11.1799997501075,1963,10,1964
47.4833,9.66667,1963-10-14,4.98999988846481,19.4199995659292,12.204999727197,1963,10,1964
47.4833,9.66667,1963-10-15,5.93999986723065,12.7599997147918,9.34999979101121,1963,10,1964
47.4833,9.66667,1963-10-16,2.41999994590878,12.5399997197092,7.47999983280897,1963,10,1964
47.4833,9.66667,1963-10-17,0.439999990165234,13.5299996975809,6.98499984387308,1963,10,1964
47.4833,9.66667,1963-10-18,3.56999992020428,17.529999608174,10.5499997641891,1963,10,1964
47.4833,9.66667,1963-10-19,6.46999985538423,15.0499996636063,10.7599997594953,1963,10,1964
47.4833,9.66667,1963-10-20,3.46999992243946,13.1399997062981,8.30499981436878,1963,10,1964
47.4833,9.66667,1963-10-21,3.83999991416931,15.0499996636063,9.4449997888878,1963,10,1964
47.4833,9.66667,1963-10-22,4.78999989293516,16.2599996365607,10.5249997647479,1963,10,1964
47.4833,9.66667,1963-10-23,4.95999988913536,16.7399996258318,10.8499997574836,1963,10,1964
47.4833,9.66667,1963-10-24,6.76999984867871,18.2399995923042,12.5049997204915,1963,10,1964
47.4833,9.66667,1963-10-25,7.26999983750284,12.3999997228384,9.83499978017062,1963,10,1964
47.4833,9.66667,1963-10-26,6.23999986052513,9.67999978363514,7.95999982208014,1963,10,1964
47.4833,9.66667,1963-10-27,5.30999988131225,8.99999979883432,7.15499984007329,1963,10,1964
47.4833,9.66667,1963-10-28,2.07999995350838,7.99999982118607,5.03999988734722,1963,10,1964
47.4833,9.66667,1963-10-29,1.33999997004867,7.46999983303249,4.40499990154058,1963,10,1964
47.4833,9.66667,1963-10-30,0.219999995082617,8.84999980218709,4.53499989863485,1963,10,1964
47.4833,9.66667,1963-10-31,-1.02999997697771,8.6699998062104,3.81999991461635,1963,10,1964
47.4833,9.66667,1963-11-01,-0.489999989047647,13.5799996964633,6.54499985370785,1963,11,1964
47.4833,9.66667,1963-11-02,5.62999987415969,13.0299997087568,9.32999979145825,1963,11,1964
47.4833,9.66667,1963-11-03,5.66999987326562,13.1899997051805,9.42999978922307,1963,11,1964
47.4833,9.66667,1963-11-04,6.30999985896051,11.8399997353554,9.07499979715794,1963,11,1964
47.4833,9.66667,1963-11-05,6.32999985851347,13.3199997022748,9.82499978039414,1963,11,1964
47.4833,9.66667,1963-11-06,7.3499998357147,19.2199995703995,13.2849997030571,1963,11,1964
47.4833,9.66667,1963-11-07,7.92999982275069,17.1699996162206,12.5499997194856,1963,11,1964
47.4833,9.66667,1963-11-08,5.11999988555908,11.4399997442961,8.27999981492758,1963,11,1964
47.4833,9.66667,1963-11-09,5.61999987438321,14.1099996846169,9.86499977950007,1963,11,1964
47.4833,9.66667,1963-11-10,4.37999990209937,14.1399996839464,9.25999979302287,1963,11,1964
47.4833,9.66667,1963-11-11,5.29999988153577,15.20999966003,10.2549997707829,1963,11,1964
47.4833,9.66667,1963-11-12,6.98999984376132,18.6099995840341,12.7999997138977,1963,11,1964
47.4833,9.66667,1963-11-13,6.43999985605478,15.3599996566772,10.899999756366,1963,11,1964
47.4833,9.66667,1963-11-14,5.41999987885356,13.0899997074157,9.25499979313463,1963,11,1964
47.4833,9.66667,1963-11-15,2.4099999461323,10.6199997626245,6.5149998543784,1963,11,1964
47.4833,9.66667,1963-11-16,1.36999996937811,16.4099996332079,8.88999980129302,1963,11,1964
47.4833,9.66667,1963-11-17,2.58999994210899,14.8899996671826,8.73999980464578,1963,11,1964
47.4833,9.66667,1963-11-18,1.8399999588728,9.11999979615211,5.47999987751245,1963,11,1964
47.4833,9.66667,1963-11-19,2.27999994903803,13.9699996877462,8.1249998183921,1963,11,1964
47.4833,9.66667,1963-11-20,4.68999989517033,13.0499997083098,8.86999980174005,1963,11,1964
47.4833,9.66667,1963-11-21,6.51999985426664,14.0799996852875,10.2999997697771,1963,11,1964
47.4833,9.66667,1963-11-22,-0.849999981001019,8.33999981358647,3.74499991629273,1963,11,1964
47.4833,9.66667,1963-11-23,-0.189999995753169,10.7799997590482,5.29499988164753,1963,11,1964
47.4833,9.66667,1963-11-24,2.19999995082617,11.6499997396022,6.92499984521419,1963,11,1964
47.4833,9.66667,1963-11-25,0.369999991729856,9.67999978363514,5.0249998876825,1963,11,1964
47.4833,9.66667,1963-11-26,2.75999993830919,14.2599996812642,8.50999980978668,1963,11,1964
47.4833,9.66667,1963-11-27,1.03999997675419,7.0599998421967,4.04999990947545,1963,11,1964
47.4833,9.66667,1963-11-28,-0.799999982118607,3.13999992981553,1.16999997384846,1963,11,1964
47.4833,9.66667,1963-11-29,1.76999996043742,4.50999989919364,3.13999992981553,1963,11,1964
47.4833,9.66667,1963-11-30,1.64999996311963,6.08999986387789,3.86999991349876,1963,11,1964
47.4833,9.66667,1963-12-01,-0.869999980553985,7.32999983616173,3.22999992780387,1963,12,1964
47.4833,9.66667,1963-12-02,-2.20999995060265,2.76999993808568,0.279999993741512,1963,12,1964
47.4833,9.66667,1963-12-03,-1.64999996311963,4.75999989360571,1.55499996524304,1963,12,1964
47.4833,9.66667,1963-12-04,-0.469999989494681,9.759999781847,4.64499989617616,1963,12,1964
47.4833,9.66667,1963-12-05,0.479999989271164,6.6599998511374,3.56999992020428,1963,12,1964
47.4833,9.66667,1963-12-06,0.149999996647239,3.41999992355704,1.78499996010214,1963,12,1964
47.4833,9.66667,1963-12-07,-1.20999997295439,0.859999980777502,-0.174999996088445,1963,12,1964
47.4833,9.66667,1963-12-08,-2.68999993987381,2.71999993920326,0.0149999996647239,1963,12,1964
47.4833,9.66667,1963-12-09,-3.86999991349876,-0.319999992847443,-2.0949999531731,1963,12,1964
47.4833,9.66667,1963-12-10,-4.4799998998642,-0.419999990612268,-2.44999994523823,1963,12,1964
47.4833,9.66667,1963-12-11,-4.89999989047647,1.29999997094274,-1.79999995976686,1963,12,1964
47.4833,9.66667,1963-12-12,-4.58999989740551,0.879999980330467,-1.85499995853752,1963,12,1964
47.4833,9.66667,1963-12-13,-5.60999987460673,-1.21999997273088,-3.4149999236688,1963,12,1964
47.4833,9.66667,1963-12-14,-7.53999983146787,-2.06999995373189,-4.80499989259988,1963,12,1964
47.4833,9.66667,1963-12-15,-11.3499997463077,-6.79999984800816,-9.07499979715794,1963,12,1964
47.4833,9.66667,1963-12-16,-13.509999698028,-6.7199998497963,-10.1149997739121,1963,12,1964
47.4833,9.66667,1963-12-17,-11.9399997331202,-8.00999982096255,-9.97499977704138,1963,12,1964
47.4833,9.66667,1963-12-18,-12.7899997141212,-5.61999987438321,-9.20499979425222,1963,12,1964
47.4833,9.66667,1963-12-19,-13.8099996913224,-5.61999987438321,-9.71499978285283,1963,12,1964
47.4833,9.66667,1963-12-20,-10.7899997588247,-0.749999983236194,-5.76999987103045,1963,12,1964
47.4833,9.66667,1963-12-21,-7.43999983370304,-3.1599999293685,-5.29999988153577,1963,12,1964
47.4833,9.66667,1963-12-22,-7.19999983906746,-4.15999990701675,-5.67999987304211,1963,12,1964
47.4833,9.66667,1963-12-23,-9.47999978810549,-6.08999986387789,-7.78499982599169,1963,12,1964
47.4833,9.66667,1963-12-24,-11.5699997413903,-6.85999984666705,-9.2149997940287,1963,12,1964
47.4833,9.66667,1963-12-25,-12.9799997098744,-5.35999988019466,-9.16999979503453,1963,12,1964
47.4833,9.66667,1963-12-26,-8.99999979883432,1.16999997384846,-3.91499991249293,1963,12,1964
47.4833,9.66667,1963-12-27,-5.19999988377094,4.44999990053475,-0.374999991618097,1963,12,1964
47.4833,9.66667,1963-12-28,-3.19999992847443,6.61999985203147,1.70999996177852,1963,12,1964
47.4833,9.66667,1963-12-29,-4.34999990276992,2.13999995216727,-1.10499997530133,1963,12,1964
47.4833,9.66667,1963-12-30,-5.37999987974763,1.36999996937811,-2.00499995518476,1963,12,1964
47.4833,9.66667,1963-12-31,-4.80999989248812,2.87999993562698,-0.964999978430569,1963,12,1964
47.4833,9.66667,1964-01-01,-5.71999987214804,-0.519999988377094,-3.11999993026257,1964,1,1964
47.4833,9.66667,1964-01-02,-4.00999991036952,2.02999995462596,-0.989999977871776,1964,1,1964
47.4833,9.66667,1964-01-03,-5.67999987304211,1.6099999640137,-2.03499995451421,1964,1,1964
47.4833,9.66667,1964-01-04,-5.77999987080693,-0.979999978095293,-3.37999992445111,1964,1,1964
47.4833,9.66667,1964-01-05,-9.13999979570508,-2.47999994456768,-5.80999987013638,1964,1,1964
47.4833,9.66667,1964-01-06,-8.82999980263412,-2.66999994032085,-5.74999987147748,1964,1,1964
47.4833,9.66667,1964-01-07,-9.36999979056418,-4.30999990366399,-6.83999984711409,1964,1,1964
47.4833,9.66667,1964-01-08,-8.6099998075515,-3.74999991618097,-6.17999986186624,1964,1,1964
47.4833,9.66667,1964-01-09,-10.1599997729063,-3.01999993249774,-6.58999985270202,1964,1,1964
47.4833,9.66667,1964-01-10,-8.01999982073903,1.03999997675419,-3.48999992199242,1964,1,1964
47.4833,9.66667,1964-01-11,-2.13999995216727,0.539999987930059,-0.799999982118607,1964,1,1964
47.4833,9.66667,1964-01-12,-4.83999989181757,-0.209999995306134,-2.52499994356185,1964,1,1964
47.4833,9.66667,1964-01-13,-6.96999984420836,1.04999997653067,-2.95999993383884,1964,1,1964
47.4833,9.66667,1964-01-14,-5.92999986745417,1.05999997630715,-2.43499994557351,1964,1,1964
47.4833,9.66667,1964-01-15,-4.00999991036952,3.83999991416931,-0.0849999981001019,1964,1,1964
47.4833,9.66667,1964-01-16,-1.18999997340143,3.44999992288649,1.12999997474253,1964,1,1964
47.4833,9.66667,1964-01-17,-6.39999985694885,-0.489999989047647,-3.44499992299825,1964,1,1964
47.4833,9.66667,1964-01-18,-8.59999980777502,-3.74999991618097,-6.17499986197799,1964,1,1964
47.4833,9.66667,1964-01-19,-8.97999979928136,-1.63999996334314,-5.30999988131225,1964,1,1964
47.4833,9.66667,1964-01-20,-8.99999979883432,-3.29999992623925,-6.14999986253679,1964,1,1964
47.4833,9.66667,1964-01-21,-9.86999977938831,-3.62999991886318,-6.74999984912574,1964,1,1964
47.4833,9.66667,1964-01-22,-9.5899997856468,-3.91999991238117,-6.75499984901398,1964,1,1964
47.4833,9.66667,1964-01-23,-9.49999978765845,-2.89999993517995,-6.1999998614192,1964,1,1964
47.4833,9.66667,1964-01-24,-10.2199997715652,-2.71999993920326,-6.46999985538423,1964,1,1964
47.4833,9.66667,1964-01-25,-9.14999979548156,-3.35999992489815,-6.25499986018986,1964,1,1964
47.4833,9.66667,1964-01-26,-8.07999981939793,-3.06999993138015,-5.57499987538904,1964,1,1964
47.4833,9.66667,1964-01-27,-6.38999985717237,-2.04999995417893,-4.21999990567565,1964,1,1964
47.4833,9.66667,1964-01-28,-5.99999986588955,-2.1799999512732,-4.08999990858138,1964,1,1964
47.4833,9.66667,1964-01-29,-7.31999983638525,-2.53999994322658,-4.92999988980591,1964,1,1964
47.4833,9.66667,1964-01-30,-6.87999984622002,2.45999994501472,-2.20999995060265,1964,1,1964
47.4833,9.66667,1964-01-31,-7.77999982610345,2.54999994300306,-2.6149999415502,1964,1,1964
47.4833,9.66667,1964-02-01,-2.32999994792044,1.00999997742474,-0.65999998524785,1964,2,1964
47.4833,9.66667,1964-02-02,-1.03999997675419,5.07999988645315,2.01999995484948,1964,2,1964
47.4833,9.66667,1964-02-03,2.04999995417893,7.18999983929098,4.61999989673495,1964,2,1964
47.4833,9.66667,1964-02-04,-0.879999980330467,7.71999982744455,3.41999992355704,1964,2,1964
47.4833,9.66667,1964-02-05,-2.009999955073,5.97999986633658,1.98499995563179,1964,2,1964
47.4833,9.66667,1964-02-06,-3.60999991931021,2.53999994322658,-0.534999988041818,1964,2,1964
47.4833,9.66667,1964-02-07,-5.739999871701,0,-2.8699999358505,1964,2,1964
47.4833,9.66667,1964-02-08,-8.05999981984496,-1.51999996602535,-4.78999989293516,1964,2,1964
47.4833,9.66667,1964-02-09,-8.56999980844557,-1.05999997630715,-4.81499989237636,1964,2,1964
47.4833,9.66667,1964-02-10,-2.70999993942678,3.19999992847443,0.244999994523823,1964,2,1964
47.4833,9.66667,1964-02-11,-0.65999998524785,1.87999995797873,0.609999986365438,1964,2,1964
47.4833,9.66667,1964-02-12,-0.909999979659915,2.45999994501472,0.7749999826774,1964,2,1964
47.4833,9.66667,1964-02-13,-0.92999997921288,1.26999997161329,0.169999996200204,1964,2,1964
47.4833,9.66667,1964-02-14,-2.18999995104969,2.70999993942678,0.259999994188547,1964,2,1964
47.4833,9.66667,1964-02-15,-5.7999998703599,1.98999995552003,-1.90499995741993,1964,2,1964
47.4833,9.66667,1964-02-16,-4.88999989069998,3.23999992758036,-0.824999981559813,1964,2,1964
47.4833,9.66667,1964-02-17,-5.15999988466501,4.2499999050051,-0.454999989829957,1964,2,1964
47.4833,9.66667,1964-02-18,-2.56999994255602,6.09999986365438,1.76499996054918,1964,2,1964
47.4833,9.66667,1964-02-19,-0.65999998524785,3.31999992579222,1.32999997027218,1964,2,1964
47.4833,9.66667,1964-02-20,-1.57999996468425,3.27999992668629,0.849999981001019,1964,2,1964
47.4833,9.66667,1964-02-21,-1.42999996803701,1.59999996423721,0.0849999981001019,1964,2,1964
47.4833,9.66667,1964-02-22,-4.69999989494681,1.91999995708466,-1.38999996893108,1964,2,1964
47.4833,9.66667,1964-02-23,-7.17999983951449,3.79999991506338,-1.68999996222556,1964,2,1964
47.4833,9.66667,1964-02-24,-3.07999993115664,9.67999978363514,3.29999992623925,1964,2,1964
47.4833,9.66667,1964-02-25,-0.399999991059303,12.1699997279793,5.88499986846,1964,2,1964
47.4833,9.66667,1964-02-26,2.44999994523823,15.6399996504188,9.0449997978285,1964,2,1964
47.4833,9.66667,1964-02-27,2.1799999512732,13.4099997002631,7.79499982576817,1964,2,1964
47.4833,9.66667,1964-02-28,1.72999996133149,9.83999978005886,5.78499987069517,1964,2,1964
47.4833,9.66667,1964-02-29,3.08999993093312,11.1199997514486,7.10499984119087,1964,2,1964
47.4833,9.66667,1964-03-01,1.92999995686114,5.76999987103045,3.84999991394579,1964,3,1964
47.4833,9.66667,1964-03-02,1.80999995954335,3.65999991819263,2.73499993886799,1964,3,1964
47.4833,9.66667,1964-03-03,-0.399999991059303,6.10999986343086,2.85499993618578,1964,3,1964
47.4833,9.66667,1964-03-04,-0.109999997541308,8.67999980598688,4.28499990422279,1964,3,1964
47.4833,9.66667,1964-03-05,-0.199999995529652,5.16999988444149,2.48499994445592,1964,3,1964
47.4833,9.66667,1964-03-06,-3.51999992132187,1.7799999602139,-0.869999980553985,1964,3,1964
47.4833,9.66667,1964-03-07,-6.47999985516071,-2.95999993383884,-4.71999989449978,1964,3,1964
47.4833,9.66667,1964-03-08,-8.31999981403351,-1.92999995686114,-5.12499988544732,1964,3,1964
47.4833,9.66667,1964-03-09,-8.72999980486929,-0.159999996423721,-4.44499990064651,1964,3,1964
47.4833,9.66667,1964-03-10,-7.86999982409179,2.09999995306134,-2.88499993551522,1964,3,1964
47.4833,9.66667,1964-03-11,-5.62999987415969,5.64999987371266,0.00999999977648258,1964,3,1964
47.4833,9.66667,1964-03-12,-4.32999990321696,7.71999982744455,1.6949999621138,1964,3,1964
47.4833,9.66667,1964-03-13,-1.18999997340143,7.9799998216331,3.39499992411584,1964,3,1964
47.4833,9.66667,1964-03-14,0.0399999991059303,8.42999981157482,4.23499990534037,1964,3,1964
47.4833,9.66667,1964-03-15,0.199999995529652,11.4099997449666,5.80499987024814,1964,3,1964
47.4833,9.66667,1964-03-16,0.149999996647239,5.98999986611307,3.06999993138015,1964,3,1964
47.4833,9.66667,1964-03-17,-3.67999991774559,0.379999991506338,-1.64999996311963,1964,3,1964
47.4833,9.66667,1964-03-18,-5.1099998857826,-0.0199999995529652,-2.56499994266778,1964,3,1964
47.4833,9.66667,1964-03-19,-5.68999987281859,-1.24999997206032,-3.46999992243946,1964,3,1964
47.4833,9.66667,1964-03-20,-3.05999993160367,6.1999998614192,1.56999996490777,1964,3,1964
47.4833,9.66667,1964-03-21,2.74999993853271,12.4399997219443,7.59499983023852,1964,3,1964
47.4833,9.66667,1964-03-22,2.84999993629754,8.74999980442226,5.7999998703599,1964,3,1964
47.4833,9.66667,1964-03-23,2.67999994009733,9.42999978922307,6.0549998646602,1964,3,1964
47.4833,9.66667,1964-03-24,2.4099999461323,7.71999982744455,5.06499988678843,1964,3,1964
47.4833,9.66667,1964-03-25,2.20999995060265,14.0999996848404,8.15499981772155,1964,3,1964
47.4833,9.66667,1964-03-26,4.60999989695847,14.5999996736646,9.60499978531152,1964,3,1964
47.4833,9.66667,1964-03-27,1.79999995976686,7.65999982878566,4.72999989427626,1964,3,1964
47.4833,9.66667,1964-03-28,0.149999996647239,3.63999991863966,1.89499995764345,1964,3,1964
47.4833,9.66667,1964-03-29,-0.159999996423721,2.85999993607402,1.34999996982515,1964,3,1964
47.4833,9.66667,1964-03-30,0.159999996423721,6.15999986231327,3.1599999293685,1964,3,1964
47.4833,9.66667,1964-03-31,1.38999996893108,8.2699998151511,4.82999989204109,1964,3,1964
47.4833,9.66667,1964-04-01,3.56999992020428,6.12999986298382,4.84999989159405,1964,4,1964
47.4833,9.66667,1964-04-02,3.80999991483986,10.5699997637421,7.18999983929098,1964,4,1964
47.4833,9.66667,1964-04-03,3.91999991238117,15.6899996493012,9.80499978084117,1964,4,1964
47.4833,9.66667,1964-04-04,4.58999989740551,12.5499997194856,8.56999980844557,1964,4,1964
47.4833,9.66667,1964-04-05,2.13999995216727,8.039999820292,5.08999988622963,1964,4,1964
47.4833,9.66667,1964-04-06,1.72999996133149,6.00999986566603,3.86999991349876,1964,4,1964
47.4833,9.66667,1964-04-07,0.709999984130263,4.08999990858138,2.39999994635582,1964,4,1964
47.4833,9.66667,1964-04-08,0.769999982789159,3.41999992355704,2.0949999531731,1964,4,1964
47.4833,9.66667,1964-04-09,-0.819999981671572,6.67999985069036,2.9299999345094,1964,4,1964
47.4833,9.66667,1964-04-10,1.51999996602535,14.8499996680766,8.18499981705099,1964,4,1964
47.4833,9.66667,1964-04-11,2.82999993674457,17.7699996028095,10.2999997697771,1964,4,1964
47.4833,9.66667,1964-04-12,4.07999990880489,18.64999958314,11.3649997459725,1964,4,1964
47.4833,9.66667,1964-04-13,4.63999989628792,16.369999634102,10.504999765195,1964,4,1964
47.4833,9.66667,1964-04-14,7.63999982923269,12.929999710992,10.2849997701123,1964,4,1964
47.4833,9.66667,1964-04-15,5.739999871701,10.8299997579306,8.28499981481582,1964,4,1964
47.4833,9.66667,1964-04-16,3.10999993048608,17.1799996159971,10.1449997732416,1964,4,1964
47.4833,9.66667,1964-04-17,4.61999989673495,20.369999544695,12.494999720715,1964,4,1964
47.4833,9.66667,1964-04-18,8.42999981157482,22.1199995055795,15.2749996585771,1964,4,1964
47.4833,9.66667,1964-04-19,8.74999980442226,23.0499994847924,15.8999996446073,1964,4,1964
47.4833,9.66667,1964-04-20,10.4199997670949,21.0499995294958,15.7349996482953,1964,4,1964
47.4833,9.66667,1964-04-21,8.00999982096255,14.6799996718764,11.3449997464195,1964,4,1964
47.4833,9.66667,1964-04-22,6.87999984622002,14.4499996770173,10.6649997616187,1964,4,1964
47.4833,9.66667,1964-04-23,5.54999987594783,16.059999641031,10.8049997584894,1964,4,1964
47.4833,9.66667,1964-04-24,6.31999985873699,11.4299997445196,8.87499980162829,1964,4,1964
47.4833,9.66667,1964-04-25,3.5599999204278,8.54999980889261,6.0549998646602,1964,4,1964
47.4833,9.66667,1964-04-26,3.54999992065132,8.34999981336296,5.94999986700714,1964,4,1964
47.4833,9.66667,1964-04-27,1.10999997518957,14.339999679476,7.72499982733279,1964,4,1964
47.4833,9.66667,1964-04-28,1.43999996781349,18.0099995974451,9.72499978262931,1964,4,1964
47.4833,9.66667,1964-04-29,5.45999987795949,21.2699995245785,13.364999701269,1964,4,1964
47.4833,9.66667,1964-04-30,9.38999979011714,16.4299996327609,12.909999711439,1964,4,1964
47.4833,9.66667,1964-05-01,5.80999987013638,12.1599997282028,8.9849997991696,1964,5,NA
47.4833,9.66667,1964-05-02,5.08999988622963,14.3199996799231,9.70499978307635,1964,5,NA
47.4833,9.66667,1964-05-03,5.2799998819828,16.2799996361136,10.7799997590482,1964,5,NA
47.4833,9.66667,1964-05-04,8.78999980352819,17.4999996088445,13.1449997061864,1964,5,NA
47.4833,9.66667,1964-05-05,9.6999997831881,13.9399996884167,11.8199997358024,1964,5,NA
47.4833,9.66667,1964-05-06,5.55999987572432,11.8399997353554,8.69999980553985,1964,5,NA
47.4833,9.66667,1964-05-07,5.80999987013638,17.2799996137619,11.5449997419491,1964,5,NA
47.4833,9.66667,1964-05-08,8.23999981582165,20.389999544248,14.3149996800348,1964,5,NA
47.4833,9.66667,1964-05-09,8.93999980017543,18.3899995889515,13.6649996945634,1964,5,NA
47.4833,9.66667,1964-05-10,7.0599998421967,13.509999698028,10.2849997701123,1964,5,NA
47.4833,9.66667,1964-05-11,8.38999981246889,16.929999621585,12.6599997170269,1964,5,NA
47.4833,9.66667,1964-05-12,5.9699998665601,19.9099995549768,12.9399997107685,1964,5,NA
47.4833,9.66667,1964-05-13,8.40999981202185,23.9099994655699,16.1599996387959,1964,5,NA
47.4833,9.66667,1964-05-14,10.9099997561425,26.5699994061142,18.7399995811284,1964,5,NA
47.4833,9.66667,1964-05-15,11.1399997510016,18.7999995797873,14.9699996653944,1964,5,NA
47.4833,9.66667,1964-05-16,7.99999982118607,15.7299996484071,11.8649997347966,1964,5,NA
47.4833,9.66667,1964-05-17,3.94999991171062,18.2999995909631,11.1249997513369,1964,5,NA
47.4833,9.66667,1964-05-18,4.96999988891184,21.4499995205551,13.2099997047335,1964,5,NA
47.4833,9.66667,1964-05-19,7.95999982208014,23.3599994778633,15.6599996499717,1964,5,NA
47.4833,9.66667,1964-05-20,13.1499997060746,18.9499995764345,16.0499996412545,1964,5,NA
47.4833,9.66667,1964-05-21,9.05999979749322,14.4599996767938,11.7599997371435,1964,5,NA
47.4833,9.66667,1964-05-22,5.68999987281859,15.8599996455014,10.77499975916,1964,5,NA
47.4833,9.66667,1964-05-23,4.04999990947545,19.1799995712936,11.6149997403845,1964,5,NA
47.4833,9.66667,1964-05-24,7.1199998408556,22.689999492839,14.9049996668473,1964,5,NA
47.4833,9.66667,1964-05-25,9.13999979570508,23.3099994789809,16.224999637343,1964,5,NA
47.4833,9.66667,1964-05-26,10.9999997541308,21.9899995084852,16.494999631308,1964,5,NA
47.4833,9.66667,1964-05-27,9.70999978296459,17.5799996070564,13.6449996950105,1964,5,NA
47.4833,9.66667,1964-05-28,8.15999981760979,19.7599995583296,13.9599996879697,1964,5,NA
47.4833,9.66667,1964-05-29,9.63999978452921,17.4599996097386,13.5499996971339,1964,5,NA
47.4833,9.66667,1964-05-30,10.7599997594953,19.0299995746464,14.8949996670708,1964,5,NA
47.4833,9.66667,1964-05-31,9.00999979861081,23.3399994783103,16.1749996384606,1964,5,NA
47.4833,9.66667,1964-06-01,11.2699997480959,24.7199994474649,17.9949995977804,1964,6,NA
47.4833,9.66667,1964-06-02,12.4599997214973,25.3199994340539,18.8899995777756,1964,6,NA
47.4833,9.66667,1964-06-03,12.4999997206032,20.3799995444715,16.4399996325374,1964,6,NA
47.4833,9.66667,1964-06-04,10.1399997733533,21.3099995236844,15.7249996485189,1964,6,NA
47.4833,9.66667,1964-06-05,8.24999981559813,25.8499994222075,17.0499996189028,1964,6,NA
47.4833,9.66667,1964-06-06,12.2899997252971,28.139999371022,20.2149995481595,1964,6,NA
47.4833,9.66667,1964-06-07,14.359999679029,25.2099994365126,19.7849995577708,1964,6,NA
47.4833,9.66667,1964-06-08,13.2399997040629,27.0199993960559,20.1299995500594,1964,6,NA
47.4833,9.66667,1964-06-09,11.3099997472018,18.6899995822459,14.9999996647239,1964,6,NA
47.4833,9.66667,1964-06-10,7.78999982587993,20.6299995388836,14.2099996823817,1964,6,NA
47.4833,9.66667,1964-06-11,8.3799998126924,24.409999454394,16.3949996335432,1964,6,NA
47.4833,9.66667,1964-06-12,10.899999756366,26.4099994096905,18.6549995830283,1964,6,NA
47.4833,9.66667,1964-06-13,12.3899997230619,28.8599993549287,20.6249995389953,1964,6,NA
47.4833,9.66667,1964-06-14,14.8699996676296,29.0199993513525,21.944999509491,1964,6,NA
47.4833,9.66667,1964-06-15,12.3399997241795,23.4999994747341,17.9199995994568,1964,6,NA
47.4833,9.66667,1964-06-16,9.96999977715313,15.3499996569008,12.6599997170269,1964,6,NA
47.4833,9.66667,1964-06-17,11.2899997476488,16.6299996282905,13.9599996879697,1964,6,NA
47.4833,9.66667,1964-06-18,10.0799997746944,22.4299994986504,16.2549996366724,1964,6,NA
47.4833,9.66667,1964-06-19,11.4499997440726,24.099999461323,17.7749996026978,1964,6,NA
47.4833,9.66667,1964-06-20,13.9399996884167,20.8299995344132,17.384999611415,1964,6,NA
47.4833,9.66667,1964-06-21,12.6599997170269,20.8599995337427,16.7599996253848,1964,6,NA
47.4833,9.66667,1964-06-22,11.3399997465312,19.5099995639175,15.4249996552244,1964,6,NA
47.4833,9.66667,1964-06-23,11.3399997465312,17.7099996041507,14.524999675341,1964,6,NA
47.4833,9.66667,1964-06-24,9.24999979324639,20.8299995344132,15.0399996638298,1964,6,NA
47.4833,9.66667,1964-06-25,11.0999997518957,18.7599995806813,14.9299996662885,1964,6,NA
47.4833,9.66667,1964-06-26,9.759999781847,22.1499995049089,15.954999643378,1964,6,NA
47.4833,9.66667,1964-06-27,11.479999743402,22.1499995049089,16.8149996241555,1964,6,NA
47.4833,9.66667,1964-06-28,12.7799997143447,24.2799994572997,18.5299995858222,1964,6,NA
47.4833,9.66667,1964-06-29,14.0599996857345,22.7899994906038,18.4249995881692,1964,6,NA
47.4833,9.66667,1964-06-30,12.889999711886,21.6499995160848,17.2699996139854,1964,6,NA
47.4833,9.66667,1964-07-01,7.70999982766807,18.0599995963275,12.8849997119978,1964,7,NA
47.4833,9.66667,1964-07-02,8.79999980330467,21.3999995216727,15.0999996624887,1964,7,NA
47.4833,9.66667,1964-07-03,11.4199997447431,20.8499995339662,16.1349996393546,1964,7,NA
47.4833,9.66667,1964-07-04,8.42999981157482,24.5999994501472,16.514999630861,1964,7,NA
47.4833,9.66667,1964-07-05,11.7999997362494,24.6899994481355,18.2449995921925,1964,7,NA
47.4833,9.66667,1964-07-06,11.6899997387081,19.1799995712936,15.4349996550009,1964,7,NA
47.4833,9.66667,1964-07-07,9.56999978609383,19.8499995563179,14.7099996712059,1964,7,NA
47.4833,9.66667,1964-07-08,7.78999982587993,22.5799994952977,15.1849996605888,1964,7,NA
47.4833,9.66667,1964-07-09,10.4999997653067,25.7099994253367,18.1049995953217,1964,7,NA
47.4833,9.66667,1964-07-10,13.3399997018278,26.6199994049966,19.9799995534122,1964,7,NA
47.4833,9.66667,1964-07-11,9.10999979637563,14.7599996700883,11.934999733232,1964,7,NA
47.4833,9.66667,1964-07-12,8.87999980151653,17.9299995992333,13.4049997003749,1964,7,NA
47.4833,9.66667,1964-07-13,11.2999997474253,22.7599994912744,17.0299996193498,1964,7,NA
47.4833,9.66667,1964-07-14,11.5699997413903,26.2099994141608,18.8899995777756,1964,7,NA
47.4833,9.66667,1964-07-15,12.3899997230619,26.7999994009733,19.5949995620176,1964,7,NA
47.4833,9.66667,1964-07-16,13.5799996964633,28.7299993578345,21.1549995271489,1964,7,NA
47.4833,9.66667,1964-07-17,14.919999666512,29.87999933213,22.399999499321,1964,7,NA
47.4833,9.66667,1964-07-18,16.7999996244907,29.7999993339181,23.2999994792044,1964,7,NA
47.4833,9.66667,1964-07-19,16.4899996314198,31.6099992934614,24.0499994624406,1964,7,NA
47.4833,9.66667,1964-07-20,16.369999634102,29.6999993361533,23.0349994851276,1964,7,NA
47.4833,9.66667,1964-07-21,15.8499996457249,29.7199993357062,22.7849994907156,1964,7,NA
47.4833,9.66667,1964-07-22,16.349999634549,29.8899993319064,23.1199994832277,1964,7,NA
47.4833,9.66667,1964-07-23,15.9199996441603,26.3099994119257,21.114999528043,1964,7,NA
47.4833,9.66667,1964-07-24,14.8699996676296,21.1499995272607,18.0099995974451,1964,7,NA
47.4833,9.66667,1964-07-25,11.5099997427315,23.1599994823337,17.3349996125326,1964,7,NA
47.4833,9.66667,1964-07-26,11.2599997483194,25.3399994336069,18.2999995909631,1964,7,NA
47.4833,9.66667,1964-07-27,12.3899997230619,27.4699993859977,19.9299995545298,1964,7,NA
47.4833,9.66667,1964-07-28,15.1699996609241,28.8699993547052,22.0199995078146,1964,7,NA
47.4833,9.66667,1964-07-29,14.2999996803701,21.2299995254725,17.7649996029213,1964,7,NA
47.4833,9.66667,1964-07-30,14.8699996676296,24.7699994463474,19.8199995569885,1964,7,NA
47.4833,9.66667,1964-07-31,15.189999660477,25.9899994190782,20.5899995397776,1964,7,NA
47.4833,9.66667,1964-08-01,13.5899996962398,27.8999993763864,20.7449995363131,1964,8,NA
47.4833,9.66667,1964-08-02,15.4299996551126,24.0699994619936,19.7499995585531,1964,8,NA
47.4833,9.66667,1964-08-03,12.1499997284263,19.8799995556474,16.0149996420369,1964,8,NA
47.4833,9.66667,1964-08-04,10.5499997641891,19.6999995596707,15.1249996619299,1964,8,NA
47.4833,9.66667,1964-08-05,9.70999978296459,23.4899994749576,16.5999996289611,1964,8,NA
47.4833,9.66667,1964-08-06,11.7999997362494,25.7499994244426,18.774999580346,1964,8,NA
47.4833,9.66667,1964-08-07,12.4199997223914,27.3599993884563,19.8899995554239,1964,8,NA
47.4833,9.66667,1964-08-08,15.3699996564537,27.9999993741512,21.6849995153025,1964,8,NA
47.4833,9.66667,1964-08-09,12.3199997246265,19.1699995715171,15.7449996480718,1964,8,NA
47.4833,9.66667,1964-08-10,11.4499997440726,18.4799995869398,14.9649996655062,1964,8,NA
47.4833,9.66667,1964-08-11,10.2799997702241,14.7499996703118,12.514999720268,1964,8,NA
47.4833,9.66667,1964-08-12,8.99999979883432,18.1199995949864,13.5599996969104,1964,8,NA
47.4833,9.66667,1964-08-13,7.89999982342124,12.2899997252971,10.0949997743592,1964,8,NA
47.4833,9.66667,1964-08-14,6.55999985337257,17.9699995983392,12.2649997258559,1964,8,NA
47.4833,9.66667,1964-08-15,10.4699997659773,22.3899994995445,16.4299996327609,1964,8,NA
47.4833,9.66667,1964-08-16,10.3699997682124,20.3099995460361,15.3399996571243,1964,8,NA
47.4833,9.66667,1964-08-17,12.1699997279793,23.4799994751811,17.8249996015802,1964,8,NA
47.4833,9.66667,1964-08-18,11.8099997360259,27.2799993902445,19.5449995631352,1964,8,NA
47.4833,9.66667,1964-08-19,11.3999997451901,20.9399995319545,16.1699996385723,1964,8,NA
47.4833,9.66667,1964-08-20,10.629999762401,16.65999962762,13.6449996950105,1964,8,NA
47.4833,9.66667,1964-08-21,9.97999977692962,17.6299996059388,13.8049996914342,1964,8,NA
47.4833,9.66667,1964-08-22,7.32999983616173,17.1599996164441,12.2449997263029,1964,8,NA
47.4833,9.66667,1964-08-23,12.3999997228384,15.2399996593595,13.8199996910989,1964,8,NA
47.4833,9.66667,1964-08-24,11.2199997492135,19.6099995616823,15.4149996554479,1964,8,NA
47.4833,9.66667,1964-08-25,7.87999982386827,21.0299995299429,14.4549996769056,1964,8,NA
47.4833,9.66667,1964-08-26,9.10999979637563,24.3099994566292,16.7099996265024,1964,8,NA
47.4833,9.66667,1964-08-27,11.5699997413903,26.7399994023144,19.1549995718524,1964,8,NA
47.4833,9.66667,1964-08-28,13.8699996899813,27.3299993891269,20.5999995395541,1964,8,NA
47.4833,9.66667,1964-08-29,15.229999659583,28.1499993707985,21.6899995151907,1964,8,NA
47.4833,9.66667,1964-08-30,12.9399997107685,26.9699993971735,19.954999553971,1964,8,NA
47.4833,9.66667,1964-08-31,9.20999979414046,15.4499996546656,12.329999724403,1964,8,NA
47.4833,9.66667,1964-09-01,6.24999986030161,18.1499995943159,12.1999997273088,1964,9,NA
47.4833,9.66667,1964-09-02,6.05999986454844,17.9499995987862,12.0049997316673,1964,9,NA
47.4833,9.66667,1964-09-03,4.99999988824129,18.5999995842576,11.7999997362494,1964,9,NA
47.4833,9.66667,1964-09-04,6.39999985694885,22.399999499321,14.3999996781349,1964,9,NA
47.4833,9.66667,1964-09-05,10.049999775365,24.4999994523823,17.2749996138737,1964,9,NA
47.4833,9.66667,1964-09-06,12.6799997165799,25.569999428466,19.1249995725229,1964,9,NA
47.4833,9.66667,1964-09-07,12.1199997290969,19.0999995730817,15.6099996510893,1964,9,NA
47.4833,9.66667,1964-09-08,10.2399997711182,13.3199997022748,11.7799997366965,1964,9,NA
47.4833,9.66667,1964-09-09,10.1099997740239,16.8799996227026,13.4949996983632,1964,9,NA
47.4833,9.66667,1964-09-10,12.3099997248501,21.6299995165318,16.9699996206909,1964,9,NA
47.4833,9.66667,1964-09-11,10.3299997691065,22.5999994948506,16.4649996319786,1964,9,NA
47.4833,9.66667,1964-09-12,10.1899997722358,23.8599994666874,17.0249996194616,1964,9,NA
47.4833,9.66667,1964-09-13,12.7399997152388,23.5699994731694,18.1549995942041,1964,9,NA
47.4833,9.66667,1964-09-14,12.6699997168034,21.0099995303899,16.8399996235967,1964,9,NA
47.4833,9.66667,1964-09-15,10.7399997599423,23.1599994823337,16.949999621138,1964,9,NA
47.4833,9.66667,1964-09-16,13.489999698475,26.7699994016439,20.1299995500594,1964,9,NA
47.4833,9.66667,1964-09-17,15.0899996627122,26.1399994157255,20.6149995392188,1964,9,NA
47.4833,9.66667,1964-09-18,12.2199997268617,20.9899995308369,16.6049996288493,1964,9,NA
47.4833,9.66667,1964-09-19,10.1099997740239,14.7199996709824,12.4149997225031,1964,9,NA
47.4833,9.66667,1964-09-20,9.56999978609383,17.3899996113032,13.4799996986985,1964,9,NA
47.4833,9.66667,1964-09-21,8.45999981090426,15.7299996484071,12.0949997296557,1964,9,NA
47.4833,9.66667,1964-09-22,5.52999987639487,10.4399997666478,7.98499982152134,1964,9,NA
47.4833,9.66667,1964-09-23,3.52999992109835,13.1699997056276,8.34999981336296,1964,9,NA
47.4833,9.66667,1964-09-24,0.96999997831881,16.8499996233732,8.90999980084598,1964,9,NA
47.4833,9.66667,1964-09-25,2.2399999499321,18.0999995954335,10.1699997726828,1964,9,NA
47.4833,9.66667,1964-09-26,5.39999987930059,19.7699995581061,12.5849997187033,1964,9,NA
47.4833,9.66667,1964-09-27,6.00999986566603,19.3899995665997,12.6999997161329,1964,9,NA
47.4833,9.66667,1964-09-28,8.45999981090426,14.9999996647239,11.7299997378141,1964,9,NA
47.4833,9.66667,1964-09-29,10.8899997565895,16.8099996242672,13.8499996904284,1964,9,NA
47.4833,9.66667,1964-09-30,9.43999978899956,18.7599995806813,14.0999996848404,1964,9,NA
47.4833,9.66667,1964-10-01,7.15999983996153,18.0299995969981,12.5949997184798,1964,10,1965
47.4833,9.66667,1964-10-02,10.0399997755885,14.379999678582,12.2099997270852,1964,10,1965
47.4833,9.66667,1964-10-03,9.56999978609383,18.359999589622,13.9649996878579,1964,10,1965
47.4833,9.66667,1964-10-04,9.67999978363514,14.7099996712059,12.1949997274205,1964,10,1965
47.4833,9.66667,1964-10-05,10.049999775365,14.8699996676296,12.4599997214973,1964,10,1965
47.4833,9.66667,1964-10-06,9.61999978497624,16.9999996200204,13.3099997024983,1964,10,1965
47.4833,9.66667,1964-10-07,8.25999981537461,17.6199996061623,12.9399997107685,1964,10,1965
47.4833,9.66667,1964-10-08,7.07999984174967,19.0499995741993,13.0649997079745,1964,10,1965
47.4833,9.66667,1964-10-09,6.06999986432493,15.6799996495247,10.8749997569248,1964,10,1965
47.4833,9.66667,1964-10-10,4.34999990276992,9.93999977782369,7.1449998402968,1964,10,1965
47.4833,9.66667,1964-10-11,4.16999990679324,9.3599997907877,6.76499984879047,1964,10,1965
47.4833,9.66667,1964-10-12,3.04999993182719,12.6899997163564,7.86999982409179,1964,10,1965
47.4833,9.66667,1964-10-13,3.98999991081655,7.21999983862042,5.60499987471849,1964,10,1965
47.4833,9.66667,1964-10-14,1.91999995708466,6.7199998497963,4.31999990344048,1964,10,1965
47.4833,9.66667,1964-10-15,-0.819999981671572,8.87999980151653,4.02999990992248,1964,10,1965
47.4833,9.66667,1964-10-16,1.61999996379018,12.2099997270852,6.91499984543771,1964,10,1965
47.4833,9.66667,1964-10-17,4.08999990858138,12.5999997183681,8.34499981347471,1964,10,1965
47.4833,9.66667,1964-10-18,4.68999989517033,9.38999979011714,7.03999984264374,1964,10,1965
47.4833,9.66667,1964-10-19,3.1599999293685,5.70999987237155,4.43499990087003,1964,10,1965
47.4833,9.66667,1964-10-20,2.61999994143844,5.46999987773597,4.0449999095872,1964,10,1965
47.4833,9.66667,1964-10-21,2.10999995283782,5.11999988555908,3.61499991919845,1964,10,1965
47.4833,9.66667,1964-10-22,2.81999993696809,6.97999984398484,4.89999989047647,1964,10,1965
47.4833,9.66667,1964-10-23,3.61999991908669,8.76999980397522,6.19499986153096,1964,10,1965
47.4833,9.66667,1964-10-24,2.29999994859099,9.21999979391694,5.75999987125397,1964,10,1965
47.4833,9.66667,1964-10-25,0.649999985471368,3.77999991551042,2.21499995049089,1964,10,1965
47.4833,9.66667,1964-10-26,0.849999981001019,3.90999991260469,2.37999994680285,1964,10,1965
47.4833,9.66667,1964-10-27,1.82999995909631,5.29999988153577,3.56499992031604,1964,10,1965
47.4833,9.66667,1964-10-28,2.34999994747341,9.48999978788197,5.91999986767769,1964,10,1965
47.4833,9.66667,1964-10-29,2.22999995015562,11.2499997485429,6.73999984934926,1964,10,1965
47.4833,9.66667,1964-10-30,3.07999993115664,8.40999981202185,5.74499987158924,1964,10,1965
47.4833,9.66667,1964-10-31,2.73999993875623,8.38999981246889,5.56499987561256,1964,10,1965
47.4833,9.66667,1964-11-01,2.52999994345009,7.31999983638525,4.92499988991767,1964,11,1965
47.4833,9.66667,1964-11-02,1.43999996781349,7.0599998421967,4.2499999050051,1964,11,1965
47.4833,9.66667,1964-11-03,2.90999993495643,5.40999987907708,4.15999990701675,1964,11,1965
47.4833,9.66667,1964-11-04,2.39999994635582,5.77999987080693,4.08999990858138,1964,11,1965
47.4833,9.66667,1964-11-05,0.429999990388751,4.29999990388751,2.36499994713813,1964,11,1965
47.4833,9.66667,1964-11-06,0.809999981895089,4.21999990567565,2.51499994378537,1964,11,1965
47.4833,9.66667,1964-11-07,-0.609999986365438,8.2699998151511,3.82999991439283,1964,11,1965
47.4833,9.66667,1964-11-08,-1.13999997451901,3.37999992445111,1.11999997496605,1964,11,1965
47.4833,9.66667,1964-11-09,-1.84999995864928,4.1899999063462,1.16999997384846,1964,11,1965
47.4833,9.66667,1964-11-10,-1.16999997384846,2.19999995082617,0.514999988488853,1964,11,1965
47.4833,9.66667,1964-11-11,0.869999980553985,6.20999986119568,3.53999992087483,1964,11,1965
47.4833,9.66667,1964-11-12,1.79999995976686,7.95999982208014,4.8799998909235,1964,11,1965
47.4833,9.66667,1964-11-13,2.13999995216727,8.93999980017543,5.53999987617135,1964,11,1965
47.4833,9.66667,1964-11-14,3.35999992489815,7.9799998216331,5.66999987326562,1964,11,1965
47.4833,9.66667,1964-11-15,3.42999992333353,9.53999978676438,6.48499985504895,1964,11,1965
47.4833,9.66667,1964-11-16,4.21999990567565,11.5399997420609,7.87999982386827,1964,11,1965
47.4833,9.66667,1964-11-17,4.11999990791082,9.34999979101121,6.73499984946102,1964,11,1965
47.4833,9.66667,1964-11-18,7.37999983504415,10.5899997632951,8.9849997991696,1964,11,1965
47.4833,9.66667,1964-11-19,7.41999983415008,10.3899997677654,8.90499980095774,1964,11,1965
47.4833,9.66667,1964-11-20,5.55999987572432,8.40999981202185,6.98499984387308,1964,11,1965
47.4833,9.66667,1964-11-21,5.36999987997115,9.39999978989363,7.38499983493239,1964,11,1965
47.4833,9.66667,1964-11-22,2.16999995149672,7.59999983012676,4.88499989081174,1964,11,1965
47.4833,9.66667,1964-11-23,2.16999995149672,9.28999979235232,5.72999987192452,1964,11,1965
47.4833,9.66667,1964-11-24,-0.339999992400408,6.08999986387789,2.87499993573874,1964,11,1965
47.4833,9.66667,1964-11-25,0.299999993294477,5.69999987259507,2.99999993294477,1964,11,1965
47.4833,9.66667,1964-11-26,3.63999991863966,11.6399997398257,7.63999982923269,1964,11,1965
47.4833,9.66667,1964-11-27,2.09999995306134,11.0899997521192,6.59499985259026,1964,11,1965
47.4833,9.66667,1964-11-28,2.29999994859099,7.87999982386827,5.08999988622963,1964,11,1965
47.4833,9.66667,1964-11-29,1.97999995574355,5.20999988354743,3.59499991964549,1964,11,1965
47.4833,9.66667,1964-11-30,-0.799999982118607,2.71999993920326,0.959999978542328,1964,11,1965
47.4833,9.66667,1964-12-01,-1.5499999653548,1.03999997675419,-0.254999994300306,1964,12,1965
47.4833,9.66667,1964-12-02,-4.94999988935888,0.429999990388751,-2.25999994948506,1964,12,1965
47.4833,9.66667,1964-12-03,-6.32999985851347,-1.79999995976686,-4.06499990914017,1964,12,1965
47.4833,9.66667,1964-12-04,-5.90999986790121,-0.859999980777502,-3.38499992433935,1964,12,1965
47.4833,9.66667,1964-12-05,-4.32999990321696,-1.23999997228384,-2.7849999377504,1964,12,1965
47.4833,9.66667,1964-12-06,-4.16999990679324,-1.34999996982515,-2.75999993830919,1964,12,1965
47.4833,9.66667,1964-12-07,-3.35999992489815,1.87999995797873,-0.739999983459711,1964,12,1965
47.4833,9.66667,1964-12-08,-1.58999996446073,5.44999987818301,1.92999995686114,1964,12,1965
47.4833,9.66667,1964-12-09,-2.87999993562698,5.18999988399446,1.15499997418374,1964,12,1965
47.4833,9.66667,1964-12-10,-2.93999993428588,3.4999999217689,0.279999993741512,1964,12,1965
47.4833,9.66667,1964-12-11,-4.63999989628792,2.6999999396503,-0.96999997831881,1964,12,1965
47.4833,9.66667,1964-12-12,-3.30999992601573,2.30999994836748,-0.499999988824129,1964,12,1965
47.4833,9.66667,1964-12-13,-3.19999992847443,2.72999993897974,-0.234999994747341,1964,12,1965
47.4833,9.66667,1964-12-14,-4.16999990679324,3.01999993249774,-0.574999987147748,1964,12,1965
47.4833,9.66667,1964-12-15,-0.57999998703599,7.95999982208014,3.68999991752207,1964,12,1965
47.4833,9.66667,1964-12-16,-0.519999988377094,8.36999981291592,3.92499991226941,1964,12,1965
47.4833,9.66667,1964-12-17,-1.18999997340143,3.45999992266297,1.13499997463077,1964,12,1965
47.4833,9.66667,1964-12-18,-1.36999996937811,3.34999992512167,0.989999977871776,1964,12,1965
47.4833,9.66667,1964-12-19,0.549999987706542,2.54999994300306,1.5499999653548,1964,12,1965
47.4833,9.66667,1964-12-20,-0.839999981224537,1.17999997362494,0.169999996200204,1964,12,1965
47.4833,9.66667,1964-12-21,-1.39999996870756,0.909999979659915,-0.244999994523823,1964,12,1965
47.4833,9.66667,1964-12-22,-2.41999994590878,0.359999991953373,-1.02999997697771,1964,12,1965
47.4833,9.66667,1964-12-23,-3.63999991863966,-0.339999992400408,-1.98999995552003,1964,12,1965
47.4833,9.66667,1964-12-24,-4.73999989405274,-0.569999987259507,-2.65499994065613,1964,12,1965
47.4833,9.66667,1964-12-25,-5.51999987661839,-0.589999986812472,-3.05499993171543,1964,12,1965
47.4833,9.66667,1964-12-26,-5.06999988667667,0.439999990165234,-2.31499994825572,1964,12,1965
47.4833,9.66667,1964-12-27,-5.89999986812472,-0.57999998703599,-3.23999992758036,1964,12,1965
47.4833,9.66667,1964-12-28,-10.359999768436,-4.46999990008771,-7.41499983426183,1964,12,1965
47.4833,9.66667,1964-12-29,-10.8399997577071,-4.83999989181757,-7.83999982476234,1964,12,1965
47.4833,9.66667,1964-12-30,-10.069999774918,-4.91999989002943,-7.4949998324737,1964,12,1965
47.4833,9.66667,1964-12-31,-13.1199997067451,0.509999988600612,-6.30499985907227,1964,12,1965
47.4833,9.66667,1965-01-01,-5.01999988779426,4.49999989941716,-0.259999994188547,1965,1,1965
47.4833,9.66667,1965-01-02,-1.06999997608364,6.23999986052513,2.58499994222075,1965,1,1965
47.4833,9.66667,1965-01-03,-0.489999989047647,3.13999992981553,1.32499997038394,1965,1,1965
47.4833,9.66667,1965-01-04,-2.59999994188547,0.0299999993294477,-1.28499997127801,1965,1,1965
47.4833,9.66667,1965-01-05,-3.75999991595745,-1.02999997697771,-2.39499994646758,1965,1,1965
47.4833,9.66667,1965-01-06,-7.41999983415008,-1.18999997340143,-4.30499990377575,1965,1,1965
47.4833,9.66667,1965-01-07,-7.39999983459711,-1.81999995931983,-4.60999989695847,1965,1,1965
47.4833,9.66667,1965-01-08,-2.71999993920326,1.29999997094274,-0.709999984130263,1965,1,1965
47.4833,9.66667,1965-01-09,-0.0899999979883432,4.00999991036952,1.95999995619059,1965,1,1965
47.4833,9.66667,1965-01-10,0.959999978542328,4.86999989114702,2.91499993484467,1965,1,1965
47.4833,9.66667,1965-01-11,0.439999990165234,4.23999990522861,2.33999994769692,1965,1,1965
47.4833,9.66667,1965-01-12,-1.50999996624887,6.66999985091388,2.57999994233251,1965,1,1965
47.4833,9.66667,1965-01-13,-2.62999994121492,3.5599999204278,0.46499998960644,1965,1,1965
47.4833,9.66667,1965-01-14,-1.52999996580184,4.42999990098178,1.44999996758997,1965,1,1965
47.4833,9.66667,1965-01-15,-3.18999992869794,2.59999994188547,-0.294999993406236,1965,1,1965
47.4833,9.66667,1965-01-16,-5.1099998857826,1.8399999588728,-1.6349999634549,1965,1,1965
47.4833,9.66667,1965-01-17,-4.7099998947233,3.79999991506338,-0.454999989829957,1965,1,1965
47.4833,9.66667,1965-01-18,0.319999992847443,8.73999980464578,4.52999989874661,1965,1,1965
47.4833,9.66667,1965-01-19,-2.68999993987381,4.06999990902841,0.689999984577298,1965,1,1965
47.4833,9.66667,1965-01-20,-2.83999993652105,0.759999983012676,-1.03999997675419,1965,1,1965
47.4833,9.66667,1965-01-21,-7.00999984331429,0.0799999982118607,-3.46499992255121,1965,1,1965
47.4833,9.66667,1965-01-22,-3.71999991685152,0.359999991953373,-1.67999996244907,1965,1,1965
47.4833,9.66667,1965-01-23,-1.84999995864928,2.80999993719161,0.479999989271164,1965,1,1965
47.4833,9.66667,1965-01-24,-1.23999997228384,1.76999996043742,0.264999994076788,1965,1,1965
47.4833,9.66667,1965-01-25,-2.61999994143844,2.74999993853271,0.0649999985471368,1965,1,1965
47.4833,9.66667,1965-01-26,-2.67999994009733,1.12999997474253,-0.7749999826774,1965,1,1965
47.4833,9.66667,1965-01-27,-1.55999996513128,2.28999994881451,0.364999991841614,1965,1,1965
47.4833,9.66667,1965-01-28,-2.75999993830919,0.609999986365438,-1.07499997597188,1965,1,1965
47.4833,9.66667,1965-01-29,-2.36999994702637,3.44999992288649,0.539999987930059,1965,1,1965
47.4833,9.66667,1965-01-30,-2.28999994881451,6.17999986186624,1.94499995652586,1965,1,1965
47.4833,9.66667,1965-01-31,1.42999996803701,8.12999981828034,4.77999989315867,1965,1,1965
47.4833,9.66667,1965-02-01,2.88999993540347,11.749999737367,7.31999983638525,1965,2,1965
47.4833,9.66667,1965-02-02,-2.4099999461323,7.27999983727932,2.43499994557351,1965,2,1965
47.4833,9.66667,1965-02-03,-5.32999988086522,0.739999983459711,-2.29499994870275,1965,2,1965
47.4833,9.66667,1965-02-04,-9.28999979235232,-1.3799999691546,-5.33499988075346,1965,2,1965
47.4833,9.66667,1965-02-05,-4.94999988935888,-0.989999977871776,-2.96999993361533,1965,2,1965
47.4833,9.66667,1965-02-06,-4.58999989740551,-1.00999997742474,-2.79999993741512,1965,2,1965
47.4833,9.66667,1965-02-07,-2.65999994054437,0.549999987706542,-1.05499997641891,1965,2,1965
47.4833,9.66667,1965-02-08,-3.10999993048608,-0.779999982565641,-1.94499995652586,1965,2,1965
47.4833,9.66667,1965-02-09,-6.11999986320734,-0.469999989494681,-3.29499992635101,1965,2,1965
47.4833,9.66667,1965-02-10,-8.96999979950488,-3.85999991372228,-6.41499985661358,1965,2,1965
47.4833,9.66667,1965-02-11,-14.0399996861815,-3.5599999204278,-8.79999980330467,1965,2,1965
47.4833,9.66667,1965-02-12,-7.32999983616173,-0.199999995529652,-3.76499991584569,1965,2,1965
47.4833,9.66667,1965-02-13,-10.3799997679889,0.259999994188547,-5.05999988690019,1965,2,1965
47.4833,9.66667,1965-02-14,-5.86999986879528,2.26999994926155,-1.79999995976686,1965,2,1965
47.4833,9.66667,1965-02-15,-2.53999994322658,1.75999996066093,-0.389999991282821,1965,2,1965
47.4833,9.66667,1965-02-16,-4.44999990053475,-0.789999982342124,-2.61999994143844,1965,2,1965
47.4833,9.66667,1965-02-17,-6.55999985337257,-2.43999994546175,-4.49999989941716,1965,2,1965
47.4833,9.66667,1965-02-18,-9.9299997780472,-4.08999990858138,-7.00999984331429,1965,2,1965
47.4833,9.66667,1965-02-19,-13.6199996955693,-3.42999992333353,-8.5249998094514,1965,2,1965
47.4833,9.66667,1965-02-20,-10.3899997677654,-1.49999996647239,-5.9449998671189,1965,2,1965
47.4833,9.66667,1965-02-21,-6.46999985538423,-2.09999995306134,-4.28499990422279,1965,2,1965
47.4833,9.66667,1965-02-22,-11.3099997472018,-3.1599999293685,-7.23499983828515,1965,2,1965
47.4833,9.66667,1965-02-23,-13.3499997016042,-0.459999989718199,-6.90499984566122,1965,2,1965
47.4833,9.66667,1965-02-24,-12.369999723509,-0.88999998010695,-6.62999985180795,1965,2,1965
47.4833,9.66667,1965-02-25,-11.1399997510016,0.679999984800816,-5.22999988310039,1965,2,1965
47.4833,9.66667,1965-02-26,-11.2699997480959,-1.22999997250736,-6.24999986030161,1965,2,1965
47.4833,9.66667,1965-02-27,-11.6799997389317,-0.529999988153577,-6.10499986354262,1965,2,1965
47.4833,9.66667,1965-02-28,-8.86999980174005,1.12999997474253,-3.86999991349876,1965,2,1965
47.4833,9.66667,1965-03-01,-7.94999982230365,3.57999991998076,-2.18499995116144,1965,3,1965
47.4833,9.66667,1965-03-02,-2.31999994814396,5.32999988086522,1.50499996636063,1965,3,1965
47.4833,9.66667,1965-03-03,-1.82999995909631,4.33999990299344,1.25499997194856,1965,3,1965
47.4833,9.66667,1965-03-04,-5.60999987460673,-1.45999996736646,-3.53499992098659,1965,3,1965
47.4833,9.66667,1965-03-05,-11.9299997333437,-0.719999983906746,-6.32499985862523,1965,3,1965
47.4833,9.66667,1965-03-06,-7.03999984264374,0.0199999995529652,-3.50999992154539,1965,3,1965
47.4833,9.66667,1965-03-07,-3.50999992154539,1.84999995864928,-0.829999981448054,1965,3,1965
47.4833,9.66667,1965-03-08,-4.68999989517033,-0.339999992400408,-2.51499994378537,1965,3,1965
47.4833,9.66667,1965-03-09,-5.48999987728894,0.449999989941716,-2.51999994367361,1965,3,1965
47.4833,9.66667,1965-03-10,-6.8299998473376,2.32999994792044,-2.24999994970858,1965,3,1965
47.4833,9.66667,1965-03-11,-9.42999978922307,1.99999995529652,-3.71499991696328,1965,3,1965
47.4833,9.66667,1965-03-12,-8.90999980084598,4.10999990813434,-2.39999994635582,1965,3,1965
47.4833,9.66667,1965-03-13,-6.77999984845519,6.7199998497963,-0.0299999993294477,1965,3,1965
47.4833,9.66667,1965-03-14,-4.19999990612268,8.22999981604517,2.01499995496124,1965,3,1965
47.4833,9.66667,1965-03-15,-0.229999994859099,10.8099997583777,5.28999988175929,1965,3,1965
47.4833,9.66667,1965-03-16,1.76999996043742,12.1799997277558,6.9749998440966,1965,3,1965
47.4833,9.66667,1965-03-17,2.53999994322658,7.95999982208014,5.24999988265336,1965,3,1965
47.4833,9.66667,1965-03-18,-0.459999989718199,12.2899997252971,5.91499986778945,1965,3,1965
47.4833,9.66667,1965-03-19,0.96999997831881,12.8599997125566,6.91499984543771,1965,3,1965
47.4833,9.66667,1965-03-20,3.31999992579222,7.33999983593822,5.32999988086522,1965,3,1965
47.4833,9.66667,1965-03-21,2.09999995306134,10.6599997617304,6.37999985739589,1965,3,1965
47.4833,9.66667,1965-03-22,3.82999991439283,8.99999979883432,6.41499985661358,1965,3,1965
47.4833,9.66667,1965-03-23,3.86999991349876,9.759999781847,6.81499984767288,1965,3,1965
47.4833,9.66667,1965-03-24,3.97999991104007,9.44999978877604,6.71499984990805,1965,3,1965
47.4833,9.66667,1965-03-25,4.15999990701675,7.64999982900918,5.90499986801296,1965,3,1965
47.4833,9.66667,1965-03-26,3.39999992400408,6.70999985001981,5.05499988701195,1965,3,1965
47.4833,9.66667,1965-03-27,2.73999993875623,6.78999984823167,4.76499989349395,1965,3,1965
47.4833,9.66667,1965-03-28,3.76999991573393,9.00999979861081,6.38999985717237,1965,3,1965
47.4833,9.66667,1965-03-29,4.40999990142882,12.8099997136742,8.6099998075515,1965,3,1965
47.4833,9.66667,1965-03-30,3.87999991327524,15.6399996504188,9.759999781847,1965,3,1965
47.4833,9.66667,1965-03-31,2.50999994389713,16.4499996323138,9.47999978810549,1965,3,1965
47.4833,9.66667,1965-04-01,3.13999992981553,13.509999698028,8.32499981392175,1965,4,1965
47.4833,9.66667,1965-04-02,0.26999999396503,15.4899996537715,7.87999982386827,1965,4,1965
47.4833,9.66667,1965-04-03,0.319999992847443,14.5799996741116,7.44999983347952,1965,4,1965
47.4833,9.66667,1965-04-04,1.69999996200204,17.6099996063858,9.65499978419393,1965,4,1965
47.4833,9.66667,1965-04-05,5.59999987483025,17.7599996030331,11.6799997389317,1965,4,1965
47.4833,9.66667,1965-04-06,4.07999990880489,19.5899995621294,11.8349997354671,1965,4,1965
47.4833,9.66667,1965-04-07,5.89999986812472,16.7299996260554,11.31499974709,1965,4,1965
47.4833,9.66667,1965-04-08,7.06999984197319,15.189999660477,11.1299997512251,1965,4,1965
47.4833,9.66667,1965-04-09,5.60999987460673,9.54999978654087,7.5799998305738,1965,4,1965
47.4833,9.66667,1965-04-10,4.12999990768731,7.10999984107912,5.61999987438321,1965,4,1965
47.4833,9.66667,1965-04-11,2.8699999358505,11.9299997333437,7.39999983459711,1965,4,1965
47.4833,9.66667,1965-04-12,3.7899999152869,9.46999978832901,6.62999985180795,1965,4,1965
47.4833,9.66667,1965-04-13,3.10999993048608,11.0599997527897,7.08499984163791,1965,4,1965
47.4833,9.66667,1965-04-14,2.73999993875623,8.41999981179833,5.57999987527728,1965,4,1965
47.4833,9.66667,1965-04-15,1.42999996803701,8.30999981425703,4.86999989114702,1965,4,1965
47.4833,9.66667,1965-04-16,-1.20999997295439,11.3399997465312,5.06499988678843,1965,4,1965
47.4833,9.66667,1965-04-17,3.52999992109835,6.52999985404313,5.02999988757074,1965,4,1965
47.4833,9.66667,1965-04-18,2.01999995484948,10.9999997541308,6.50999985449016,1965,4,1965
47.4833,9.66667,1965-04-19,2.60999994166195,9.85999977961183,6.23499986063689,1965,4,1965
47.4833,9.66667,1965-04-20,1.00999997742474,7.88999982364476,4.44999990053475,1965,4,1965
47.4833,9.66667,1965-04-21,-0.519999988377094,3.7899999152869,1.6349999634549,1965,4,1965
47.4833,9.66667,1965-04-22,-0.479999989271164,2.62999994121492,1.07499997597188,1965,4,1965
47.4833,9.66667,1965-04-23,0.389999991282821,3.34999992512167,1.86999995820224,1965,4,1965
47.4833,9.66667,1965-04-24,1.64999996311963,7.50999983213842,4.57999989762902,1965,4,1965
47.4833,9.66667,1965-04-25,2.96999993361533,9.11999979615211,6.04499986488372,1965,4,1965
47.4833,9.66667,1965-04-26,1.03999997675419,10.1599997729063,5.59999987483025,1965,4,1965
47.4833,9.66667,1965-04-27,0.959999978542328,8.98999979905784,4.97499988880008,1965,4,1965
47.4833,9.66667,1965-04-28,1.80999995954335,8.18999981693923,4.99999988824129,1965,4,1965
47.4833,9.66667,1965-04-29,1.00999997742474,7.73999982699752,4.37499990221113,1965,4,1965
47.4833,9.66667,1965-04-30,1.64999996311963,8.44999981112778,5.0499998871237,1965,4,1965
47.4833,9.66667,1965-05-01,3.43999992311001,13.5699996966869,8.50499980989844,1965,5,NA
47.4833,9.66667,1965-05-02,1.66999996267259,16.8199996240437,9.24499979335815,1965,5,NA
47.4833,9.66667,1965-05-03,4.80999989248812,18.8799995779991,11.8449997352436,1965,5,NA
47.4833,9.66667,1965-05-04,5.98999986611307,16.0899996403605,11.0399997532368,1965,5,NA
47.4833,9.66667,1965-05-05,7.01999984309077,17.9599995985627,12.4899997208267,1965,5,NA
47.4833,9.66667,1965-05-06,5.59999987483025,10.8399997577071,8.21999981626868,1965,5,NA
47.4833,9.66667,1965-05-07,3.50999992154539,8.74999980442226,6.12999986298382,1965,5,NA
47.4833,9.66667,1965-05-08,3.20999992825091,12.929999710992,8.06999981962144,1965,5,NA
47.4833,9.66667,1965-05-09,7.63999982923269,14.4899996761233,11.064999752678,1965,5,NA
47.4833,9.66667,1965-05-10,7.12999984063208,17.4999996088445,12.3149997247383,1965,5,NA
47.4833,9.66667,1965-05-11,7.749999826774,13.4399996995926,10.5949997631833,1965,5,NA
47.4833,9.66667,1965-05-12,5.35999988019466,11.6999997384846,8.52999980933964,1965,5,NA
47.4833,9.66667,1965-05-13,1.85999995842576,15.7299996484071,8.79499980341643,1965,5,NA
47.4833,9.66667,1965-05-14,3.83999991416931,18.919999577105,11.3799997456372,1965,5,NA
47.4833,9.66667,1965-05-15,5.66999987326562,22.9499994870275,14.3099996801466,1965,5,NA
47.4833,9.66667,1965-05-16,9.55999978631735,24.4499994534999,17.0049996199086,1965,5,NA
47.4833,9.66667,1965-05-17,11.9099997337908,22.379999499768,17.1449996167794,1965,5,NA
47.4833,9.66667,1965-05-18,11.5999997407198,20.8199995346367,16.2099996376783,1965,5,NA
47.4833,9.66667,1965-05-19,11.1199997514486,18.2499995920807,14.6849996717647,1965,5,NA
47.4833,9.66667,1965-05-20,5.98999986611307,12.6899997163564,9.33999979123473,1965,5,NA
47.4833,9.66667,1965-05-21,3.45999992266297,10.9299997556955,7.19499983917922,1965,5,NA
47.4833,9.66667,1965-05-22,3.11999993026257,14.5699996743351,8.84499980229884,1965,5,NA
47.4833,9.66667,1965-05-23,3.18999992869794,16.0499996412545,9.61999978497624,1965,5,NA
47.4833,9.66667,1965-05-24,8.64999980665743,15.9799996428192,12.3149997247383,1965,5,NA
47.4833,9.66667,1965-05-25,9.79999978095293,17.4199996106327,13.6099996957928,1965,5,NA
47.4833,9.66667,1965-05-26,8.81999980285764,19.1599995717406,13.9899996872991,1965,5,NA
47.4833,9.66667,1965-05-27,9.0699997972697,14.8499996680766,11.9599997326732,1965,5,NA
47.4833,9.66667,1965-05-28,8.41999981179833,15.2999996580184,11.8599997349083,1965,5,NA
47.4833,9.66667,1965-05-29,6.07999986410141,9.24999979324639,7.6649998286739,1965,5,NA
47.4833,9.66667,1965-05-30,5.81999986991286,8.4399998113513,7.12999984063208,1965,5,NA
47.4833,9.66667,1965-05-31,6.52999985404313,15.8299996461719,11.1799997501075,1965,5,NA
47.4833,9.66667,1965-06-01,7.18999983929098,10.4399997666478,8.8149998029694,1965,6,NA
47.4833,9.66667,1965-06-02,5.64999987371266,12.2999997250736,8.97499979939312,1965,6,NA
47.4833,9.66667,1965-06-03,4.39999990165234,16.9899996202439,10.6949997609481,1965,6,NA
47.4833,9.66667,1965-06-04,8.81999980285764,15.9699996430427,12.3949997229502,1965,6,NA
47.4833,9.66667,1965-06-05,10.2299997713417,14.4599996767938,12.3449997240677,1965,6,NA
47.4833,9.66667,1965-06-06,10.3699997682124,12.7599997147918,11.5649997415021,1965,6,NA
47.4833,9.66667,1965-06-07,9.97999977692962,15.479999653995,12.7299997154623,1965,6,NA
47.4833,9.66667,1965-06-08,9.13999979570508,21.4399995207787,15.2899996582419,1965,6,NA
47.4833,9.66667,1965-06-09,8.39999981224537,14.5499996747822,11.4749997435138,1965,6,NA
47.4833,9.66667,1965-06-10,6.97999984398484,11.8699997346848,9.42499978933483,1965,6,NA
47.4833,9.66667,1965-06-11,6.78999984823167,9.15999979525805,7.97499982174486,1965,6,NA
47.4833,9.66667,1965-06-12,7.98999982140958,16.1199996396899,12.0549997305498,1965,6,NA
47.4833,9.66667,1965-06-13,9.41999978944659,19.0699995737523,14.2449996815994,1965,6,NA
47.4833,9.66667,1965-06-14,7.69999982789159,20.659999538213,14.1799996830523,1965,6,NA
47.4833,9.66667,1965-06-15,11.3599997460842,17.7399996034801,14.5499996747822,1965,6,NA
47.4833,9.66667,1965-06-16,8.90999980084598,22.2799995020032,15.5949996514246,1965,6,NA
47.4833,9.66667,1965-06-17,12.7499997150153,24.4999994523823,18.6249995836988,1965,6,NA
47.4833,9.66667,1965-06-18,9.9899997767061,17.1299996171147,13.5599996969104,1965,6,NA
47.4833,9.66667,1965-06-19,8.05999981984496,22.1999995037913,15.1299996618181,1965,6,NA
47.4833,9.66667,1965-06-20,10.8499997574836,25.5599994286895,18.2049995930865,1965,6,NA
47.4833,9.66667,1965-06-21,14.4999996758997,20.7299995366484,17.6149996062741,1965,6,NA
47.4833,9.66667,1965-06-22,14.4699996765703,26.1699994150549,20.3199995458126,1965,6,NA
47.4833,9.66667,1965-06-23,13.8299996908754,26.0299994181842,19.9299995545298,1965,6,NA
47.4833,9.66667,1965-06-24,14.0799996852875,23.4899994749576,18.7849995801225,1965,6,NA
47.4833,9.66667,1965-06-25,14.2799996808171,25.3699994329363,19.8249995568767,1965,6,NA
47.4833,9.66667,1965-06-26,15.3899996560067,29.6899993363768,22.5399994961917,1965,6,NA
47.4833,9.66667,1965-06-27,17.6799996048212,28.7299993578345,23.2049994813278,1965,6,NA
47.4833,9.66667,1965-06-28,15.499999653548,23.1599994823337,19.3299995679408,1965,6,NA
47.4833,9.66667,1965-06-29,12.4899997208267,21.9399995096028,17.2149996152148,1965,6,NA
47.4833,9.66667,1965-06-30,11.499999742955,26.0499994177371,18.774999580346,1965,6,NA
47.4833,9.66667,1965-07-01,13.7199996933341,28.5499993618578,21.1349995275959,1965,7,NA
47.4833,9.66667,1965-07-02,14.4199996776879,24.5899994503707,19.5049995640293,1965,7,NA
47.4833,9.66667,1965-07-03,13.3899997007102,21.7599995136261,17.5749996071681,1965,7,NA
47.4833,9.66667,1965-07-04,12.7799997143447,21.7199995145202,17.2499996144325,1965,7,NA
47.4833,9.66667,1965-07-05,10.0099997762591,14.939999666065,12.474999721162,1965,7,NA
47.4833,9.66667,1965-07-06,8.1499998178333,12.2299997266382,10.1899997722358,1965,7,NA
47.4833,9.66667,1965-07-07,6.57999985292554,19.0999995730817,12.8399997130036,1965,7,NA
47.4833,9.66667,1965-07-08,8.17999981716275,24.2499994579703,16.2149996375665,1965,7,NA
47.4833,9.66667,1965-07-09,9.1299997959286,17.5899996068329,13.3599997013807,1965,7,NA
47.4833,9.66667,1965-07-10,8.05999981984496,14.1599996834993,11.1099997516721,1965,7,NA
47.4833,9.66667,1965-07-11,8.41999981179833,14.3199996799231,11.3699997458607,1965,7,NA
47.4833,9.66667,1965-07-12,7.82999982498586,21.3799995221198,14.6049996735528,1965,7,NA
47.4833,9.66667,1965-07-13,10.8299997579306,26.129999415949,18.4799995869398,1965,7,NA
47.4833,9.66667,1965-07-14,13.4399996995926,27.6899993810803,20.5649995403364,1965,7,NA
47.4833,9.66667,1965-07-15,15.3399996571243,28.4999993629754,21.9199995100498,1965,7,NA
47.4833,9.66667,1965-07-16,14.6699996720999,27.829999377951,21.2499995250255,1965,7,NA
47.4833,9.66667,1965-07-17,13.3099997024983,18.8099995795637,16.059999641031,1965,7,NA
47.4833,9.66667,1965-07-18,12.1899997275323,16.7299996260554,14.4599996767938,1965,7,NA
47.4833,9.66667,1965-07-19,11.1499997507781,19.4299995657057,15.2899996582419,1965,7,NA
47.4833,9.66667,1965-07-20,12.3199997246265,22.2999995015562,17.3099996130913,1965,7,NA
47.4833,9.66667,1965-07-21,13.2399997040629,24.6299994494766,18.9349995767698,1965,7,NA
47.4833,9.66667,1965-07-22,11.9299997333437,18.9699995759875,15.4499996546656,1965,7,NA
47.4833,9.66667,1965-07-23,11.5099997427315,19.5799995623529,15.5449996525422,1965,7,NA
47.4833,9.66667,1965-07-24,10.5399997644126,22.8499994892627,16.6949996268377,1965,7,NA
47.4833,9.66667,1965-07-25,14.8799996674061,19.0999995730817,16.9899996202439,1965,7,NA
47.4833,9.66667,1965-07-26,14.2799996808171,21.5999995172024,17.9399995990098,1965,7,NA
47.4833,9.66667,1965-07-27,11.6599997393787,15.9099996443838,13.7849996918812,1965,7,NA
47.4833,9.66667,1965-07-28,10.4099997673184,17.2599996142089,13.8349996907637,1965,7,NA
47.4833,9.66667,1965-07-29,9.27999979257584,20.5399995408952,14.9099996667355,1965,7,NA
47.4833,9.66667,1965-07-30,11.5899997409433,19.7799995578825,15.6849996494129,1965,7,NA
47.4833,9.66667,1965-07-31,12.2799997255206,17.2299996148795,14.7549996702,1965,7,NA
47.4833,9.66667,1965-08-01,11.8099997360259,16.7499996256083,14.2799996808171,1965,8,NA
47.4833,9.66667,1965-08-02,8.94999979995191,15.1599996611476,12.0549997305498,1965,8,NA
47.4833,9.66667,1965-08-03,8.17999981716275,17.7099996041507,12.9449997106567,1965,8,NA
47.4833,9.66667,1965-08-04,10.9399997554719,18.7099995817989,14.8249996686354,1965,8,NA
47.4833,9.66667,1965-08-05,10.7399997599423,22.9199994876981,16.8299996238202,1965,8,NA
47.4833,9.66667,1965-08-06,10.5399997644126,28.3599993661046,19.4499995652586,1965,8,NA
47.4833,9.66667,1965-08-07,14.8799996674061,30.5799993164837,22.7299994919449,1965,8,NA
47.4833,9.66667,1965-08-08,14.8899996671826,29.8999993316829,22.3949994994327,1965,8,NA
47.4833,9.66667,1965-08-09,14.0199996866286,21.6399995163083,17.8299996014684,1965,8,NA
47.4833,9.66667,1965-08-10,11.9099997337908,16.7599996253848,14.3349996795878,1965,8,NA
47.4833,9.66667,1965-08-11,12.1999997273088,19.0499995741993,15.624999650754,1965,8,NA
47.4833,9.66667,1965-08-12,10.9399997554719,19.6799995601177,15.3099996577948,1965,8,NA
47.4833,9.66667,1965-08-13,8.36999981291592,22.8899994883686,15.6299996506423,1965,8,NA
47.4833,9.66667,1965-08-14,8.77999980375171,24.3799994550645,16.5799996294081,1965,8,NA
47.4833,9.66667,1965-08-15,13.6799996942282,22.4199994988739,18.0499995965511,1965,8,NA
47.4833,9.66667,1965-08-16,11.6399997398257,21.7499995138496,16.6949996268377,1965,8,NA
47.4833,9.66667,1965-08-17,11.76999973692,22.7799994908273,17.2749996138737,1965,8,NA
47.4833,9.66667,1965-08-18,12.369999723509,23.0699994843453,17.7199996039271,1965,8,NA
47.4833,9.66667,1965-08-19,11.8099997360259,23.5099994745106,17.6599996052682,1965,8,NA
47.4833,9.66667,1965-08-20,10.6799997612834,24.8299994450063,17.7549996031448,1965,8,NA
47.4833,9.66667,1965-08-21,11.7199997380376,25.4699994307011,18.5949995843694,1965,8,NA
47.4833,9.66667,1965-08-22,12.2699997257441,23.7899994682521,18.0299995969981,1965,8,NA
47.4833,9.66667,1965-08-23,12.3199997246265,18.7499995809048,15.5349996527657,1965,8,NA
47.4833,9.66667,1965-08-24,10.9899997543544,17.7299996037036,14.359999679029,1965,8,NA
47.4833,9.66667,1965-08-25,9.13999979570508,15.0199996642768,12.079999729991,1965,8,NA
47.4833,9.66667,1965-08-26,9.9899997767061,15.4099996555597,12.6999997161329,1965,8,NA
47.4833,9.66667,1965-08-27,7.56999983079731,15.7099996488541,11.6399997398257,1965,8,NA
47.4833,9.66667,1965-08-28,8.33999981358647,13.4499996993691,10.8949997564778,1965,8,NA
47.4833,9.66667,1965-08-29,11.3399997465312,19.4199995659292,15.3799996562302,1965,8,NA
47.4833,9.66667,1965-08-30,8.85999980196357,20.4999995417893,14.6799996718764,1965,8,NA
47.4833,9.66667,1965-08-31,12.0299997311085,19.6399995610118,15.8349996460602,1965,8,NA
47.4833,9.66667,1965-09-01,9.16999979503453,15.6199996508658,12.3949997229502,1965,9,NA
47.4833,9.66667,1965-09-02,9.05999979749322,12.3799997232854,10.7199997603893,1965,9,NA
47.4833,9.66667,1965-09-03,9.30999979190528,19.0699995737523,14.1899996828288,1965,9,NA
47.4833,9.66667,1965-09-04,8.19999981671572,20.0099995527416,14.1049996847287,1965,9,NA
47.4833,9.66667,1965-09-05,6.20999986119568,19.2999995686114,12.7549997149035,1965,9,NA
47.4833,9.66667,1965-09-06,6.53999985381961,16.5299996305257,11.5349997421727,1965,9,NA
47.4833,9.66667,1965-09-07,6.20999986119568,13.7399996928871,9.97499977704138,1965,9,NA
47.4833,9.66667,1965-09-08,9.10999979637563,18.0199995972216,13.5649996967986,1965,9,NA
47.4833,9.66667,1965-09-09,8.55999980866909,22.3399995006621,15.4499996546656,1965,9,NA
47.4833,9.66667,1965-09-10,11.3599997460842,18.399999588728,14.8799996674061,1965,9,NA
47.4833,9.66667,1965-09-11,6.61999985203147,13.0699997078627,9.8449997799471,1965,9,NA
47.4833,9.66667,1965-09-12,5.65999987348914,14.649999672547,10.1549997730181,1965,9,NA
47.4833,9.66667,1965-09-13,5.06999988667667,12.4599997214973,8.76499980408698,1965,9,NA
47.4833,9.66667,1965-09-14,6.70999985001981,14.919999666512,10.8149997582659,1965,9,NA
47.4833,9.66667,1965-09-15,9.67999978363514,18.64999958314,14.1649996833876,1965,9,NA
47.4833,9.66667,1965-09-16,9.17999979481101,20.6199995391071,14.899999666959,1965,9,NA
47.4833,9.66667,1965-09-17,8.18999981693923,22.2299995031208,15.20999966003,1965,9,NA
47.4833,9.66667,1965-09-18,9.27999979257584,23.1699994821101,16.224999637343,1965,9,NA
47.4833,9.66667,1965-09-19,10.6399997621775,21.9399995096028,16.2899996358901,1965,9,NA
47.4833,9.66667,1965-09-20,7.33999983593822,15.3899996560067,11.3649997459725,1965,9,NA
47.4833,9.66667,1965-09-21,3.04999993182719,16.4899996314198,9.76999978162348,1965,9,NA
47.4833,9.66667,1965-09-22,3.17999992892146,17.0899996180087,10.1349997734651,1965,9,NA
47.4833,9.66667,1965-09-23,4.14999990724027,16.7699996251613,10.4599997662008,1965,9,NA
47.4833,9.66667,1965-09-24,5.58999987505376,19.3499995674938,12.4699997212738,1965,9,NA
47.4833,9.66667,1965-09-25,7.49999983236194,20.1699995491654,13.8349996907637,1965,9,NA
47.4833,9.66667,1965-09-26,7.29999983683228,22.4199994988739,14.8599996678531,1965,9,NA
47.4833,9.66667,1965-09-27,9.16999979503453,20.0699995514005,14.6199996732175,1965,9,NA
47.4833,9.66667,1965-09-28,6.05999986454844,17.5699996072799,11.8149997359142,1965,9,NA
47.4833,9.66667,1965-09-29,5.90999986790121,11.2799997478724,8.59499980788678,1965,9,NA
47.4833,9.66667,1965-09-30,3.21999992802739,15.0699996631593,9.14499979559332,1965,9,NA
47.4833,9.66667,1965-10-01,9.17999979481101,23.0399994850159,16.1099996399134,1965,10,1966
47.4833,9.66667,1965-10-02,12.059999730438,20.3299995455891,16.1949996380135,1965,10,1966
47.4833,9.66667,1965-10-03,8.17999981716275,14.5899996738881,11.3849997455254,1965,10,1966
47.4833,9.66667,1965-10-04,4.62999989651144,16.9799996204674,10.8049997584894,1965,10,1966
47.4833,9.66667,1965-10-05,5.60999987460673,17.2099996153265,11.4099997449666,1965,10,1966
47.4833,9.66667,1965-10-06,5.91999986767769,16.8699996229261,11.3949997453019,1965,10,1966
47.4833,9.66667,1965-10-07,6.6599998511374,17.7099996041507,12.184999727644,1965,10,1966
47.4833,9.66667,1965-10-08,6.47999985516071,15.9799996428192,11.2299997489899,1965,10,1966
47.4833,9.66667,1965-10-09,7.04999984242022,14.9999996647239,11.024999753572,1965,10,1966
47.4833,9.66667,1965-10-10,7.60999982990324,12.4699997212738,10.0399997755885,1965,10,1966
47.4833,9.66667,1965-10-11,4.32999990321696,12.5099997203797,8.41999981179833,1965,10,1966
47.4833,9.66667,1965-10-12,2.89999993517995,10.31999976933,6.60999985225499,1965,10,1966
47.4833,9.66667,1965-10-13,3.87999991327524,12.1599997282028,8.01999982073903,1965,10,1966
47.4833,9.66667,1965-10-14,2.49999994412065,11.4899997431785,6.99499984364957,1965,10,1966
47.4833,9.66667,1965-10-15,3.24999992735684,15.7499996479601,9.49999978765845,1965,10,1966
47.4833,9.66667,1965-10-16,2.87999993562698,17.2099996153265,10.0449997754768,1965,10,1966
47.4833,9.66667,1965-10-17,4.32999990321696,13.6799996942282,9.00499979872257,1965,10,1966
47.4833,9.66667,1965-10-18,6.17999986186624,11.6999997384846,8.93999980017543,1965,10,1966
47.4833,9.66667,1965-10-19,4.38999990187585,10.6999997608364,7.54499983135611,1965,10,1966
47.4833,9.66667,1965-10-20,4.72999989427626,7.95999982208014,6.3449998581782,1965,10,1966
47.4833,9.66667,1965-10-21,3.28999992646277,7.56999983079731,5.42999987863004,1965,10,1966
47.4833,9.66667,1965-10-22,3.61999991908669,6.6599998511374,5.13999988511205,1965,10,1966
47.4833,9.66667,1965-10-23,1.51999996602535,5.85999986901879,3.68999991752207,1965,10,1966
47.4833,9.66667,1965-10-24,-1.58999996446073,10.5299997646362,4.46999990008771,1965,10,1966
47.4833,9.66667,1965-10-25,-0.899999979883432,6.75999984890223,2.9299999345094,1965,10,1966
47.4833,9.66667,1965-10-26,0.189999995753169,10.8699997570366,5.52999987639487,1965,10,1966
47.4833,9.66667,1965-10-27,-0.409999990835786,9.37999979034066,4.48499989975244,1965,10,1966
47.4833,9.66667,1965-10-28,0.65999998524785,14.7899996694177,7.72499982733279,1965,10,1966
47.4833,9.66667,1965-10-29,1.97999995574355,16.0199996419251,8.99999979883432,1965,10,1966
47.4833,9.66667,1965-10-30,3.68999991752207,13.8599996902049,8.77499980386347,1965,10,1966
47.4833,9.66667,1965-10-31,2.35999994724989,12.8599997125566,7.60999982990324,1965,10,1966
47.4833,9.66667,1965-11-01,2.26999994926155,11.6699997391552,6.96999984420836,1965,11,1966
47.4833,9.66667,1965-11-02,5.41999987885356,17.9599995985627,11.6899997387081,1965,11,1966
47.4833,9.66667,1965-11-03,6.84999984689057,14.6899996716529,10.7699997592717,1965,11,1966
47.4833,9.66667,1965-11-04,3.62999991886318,11.7999997362494,7.71499982755631,1965,11,1966
47.4833,9.66667,1965-11-05,2.55999994277954,6.16999986208975,4.36499990243465,1965,11,1966
47.4833,9.66667,1965-11-06,2.11999995261431,5.32999988086522,3.72499991673976,1965,11,1966
47.4833,9.66667,1965-11-07,2.75999993830919,8.74999980442226,5.75499987136573,1965,11,1966
47.4833,9.66667,1965-11-08,3.59999991953373,12.2199997268617,7.90999982319772,1965,11,1966
47.4833,9.66667,1965-11-09,5.13999988511205,14.9299996662885,10.0349997757003,1965,11,1966
47.4833,9.66667,1965-11-10,2.55999994277954,10.069999774918,6.31499985884875,1965,11,1966
47.4833,9.66667,1965-11-11,2.77999993786216,6.8299998473376,4.80499989259988,1965,11,1966
47.4833,9.66667,1965-11-12,2.24999994970858,6.38999985717237,4.31999990344048,1965,11,1966
47.4833,9.66667,1965-11-13,1.03999997675419,3.84999991394579,2.44499994534999,1965,11,1966
47.4833,9.66667,1965-11-14,-1.04999997653067,2.32999994792044,0.639999985694885,1965,11,1966
47.4833,9.66667,1965-11-15,-4.61999989673495,1.00999997742474,-1.80499995965511,1965,11,1966
47.4833,9.66667,1965-11-16,-4.85999989137053,0.0499999988824129,-2.40499994624406,1965,11,1966
47.4833,9.66667,1965-11-17,-8.78999980352819,0.0399999991059303,-4.37499990221113,1965,11,1966
47.4833,9.66667,1965-11-18,-6.4899998549372,3.82999991439283,-1.32999997027218,1965,11,1966
47.4833,9.66667,1965-11-19,-0.299999993294477,6.05999986454844,2.87999993562698,1965,11,1966
47.4833,9.66667,1965-11-20,1.07999997586012,8.16999981738627,4.62499989662319,1965,11,1966
47.4833,9.66667,1965-11-21,2.53999994322658,8.84999980218709,5.69499987270683,1965,11,1966
47.4833,9.66667,1965-11-22,3.74999991618097,9.26999979279935,6.50999985449016,1965,11,1966
47.4833,9.66667,1965-11-23,-2.27999994903803,4.35999990254641,1.03999997675419,1965,11,1966
47.4833,9.66667,1965-11-24,-9.55999978631735,-1.88999995775521,-5.72499987203628,1965,11,1966
47.4833,9.66667,1965-11-25,-11.4199997447431,-1.35999996960163,-6.38999985717237,1965,11,1966
47.4833,9.66667,1965-11-26,-2.37999994680285,2.61999994143844,0.119999997317791,1965,11,1966
47.4833,9.66667,1965-11-27,-1.78999995999038,6.73999984934926,2.47499994467944,1965,11,1966
47.4833,9.66667,1965-11-28,0.549999987706542,8.93999980017543,4.74499989394099,1965,11,1966
47.4833,9.66667,1965-11-29,-1.09999997541308,3.29999992623925,1.09999997541308,1965,11,1966
47.4833,9.66667,1965-11-30,-2.60999994166195,8.98999979905784,3.18999992869794,1965,11,1966
47.4833,9.66667,1965-12-01,-0.589999986812472,8.56999980844557,3.98999991081655,1965,12,1966
47.4833,9.66667,1965-12-02,-1.23999997228384,2.08999995328486,0.42499999050051,1965,12,1966
47.4833,9.66667,1965-12-03,-4.19999990612268,3.90999991260469,-0.144999996758997,1965,12,1966
47.4833,9.66667,1965-12-04,0.209999995306134,5.87999986857176,3.04499993193895,1965,12,1966
47.4833,9.66667,1965-12-05,0.109999997541308,2.60999994166195,1.35999996960163,1965,12,1966
47.4833,9.66667,1965-12-06,-1.52999996580184,8.50999980978668,3.48999992199242,1965,12,1966
47.4833,9.66667,1965-12-07,3.08999993093312,9.97999977692962,6.53499985393137,1965,12,1966
47.4833,9.66667,1965-12-08,-0.0899999979883432,4.56999989785254,2.2399999499321,1965,12,1966
47.4833,9.66667,1965-12-09,-3.05999993160367,1.44999996758997,-0.804999982006848,1965,12,1966
47.4833,9.66667,1965-12-10,-6.49999985471368,2.34999994747341,-2.07499995362014,1965,12,1966
47.4833,9.66667,1965-12-11,-1.42999996803701,7.09999984130263,2.83499993663281,1965,12,1966
47.4833,9.66667,1965-12-12,-1.04999997653067,2.1799999512732,0.564999987371266,1965,12,1966
47.4833,9.66667,1965-12-13,-1.24999997206032,1.7799999602139,0.264999994076788,1965,12,1966
47.4833,9.66667,1965-12-14,0.679999984800816,7.64999982900918,4.164999906905,1965,12,1966
47.4833,9.66667,1965-12-15,0.509999988600612,7.61999982967973,4.06499990914017,1965,12,1966
47.4833,9.66667,1965-12-16,-3.71999991685152,2.83999993652105,-0.439999990165234,1965,12,1966
47.4833,9.66667,1965-12-17,-5.39999987930059,1.15999997407198,-2.11999995261431,1965,12,1966
47.4833,9.66667,1965-12-18,-0.709999984130263,5.29999988153577,2.29499994870275,1965,12,1966
47.4833,9.66667,1965-12-19,3.79999991506338,8.96999979950488,6.38499985728413,1965,12,1966
47.4833,9.66667,1965-12-20,1.65999996289611,9.91999977827072,5.78999987058342,1965,12,1966
47.4833,9.66667,1965-12-21,1.28999997116625,7.27999983727932,4.28499990422279,1965,12,1966
47.4833,9.66667,1965-12-22,0,6.08999986387789,3.04499993193895,1965,12,1966
47.4833,9.66667,1965-12-23,-1.79999995976686,1.3199999704957,-0.239999994635582,1965,12,1966
47.4833,9.66667,1965-12-24,-3.7899999152869,3.51999992132187,-0.134999996982515,1965,12,1966
47.4833,9.66667,1965-12-25,-0.0999999977648258,5.87999986857176,2.88999993540347,1965,12,1966
47.4833,9.66667,1965-12-26,0.869999980553985,6.4299998562783,3.64999991841614,1965,12,1966
47.4833,9.66667,1965-12-27,-0.749999983236194,4.68999989517033,1.96999995596707,1965,12,1966
47.4833,9.66667,1965-12-28,-2.54999994300306,3.83999991416931,0.644999985583127,1965,12,1966
47.4833,9.66667,1965-12-29,-0.939999978989363,4.17999990656972,1.61999996379018,1965,12,1966
47.4833,9.66667,1965-12-30,-5.5099998768419,-0.449999989941716,-2.97999993339181,1965,12,1966
47.4833,9.66667,1965-12-31,-6.57999985292554,2.50999994389713,-2.03499995451421,1965,12,1966
47.4833,9.66667,1966-01-01,0.299999993294477,3.14999992959201,1.72499996144325,1966,1,1966
47.4833,9.66667,1966-01-02,1.78999995999038,9.50999978743494,5.64999987371266,1966,1,1966
47.4833,9.66667,1966-01-03,2.87999993562698,7.68999982811511,5.28499988187104,1966,1,1966
47.4833,9.66667,1966-01-04,0.729999983683228,4.53999989852309,2.63499994110316,1966,1,1966
47.4833,9.66667,1966-01-05,-1.12999997474253,1.97999995574355,0.42499999050051,1966,1,1966
47.4833,9.66667,1966-01-06,-6.95999984443188,0.0999999977648258,-3.42999992333353,1966,1,1966
47.4833,9.66667,1966-01-07,-9.79999978095293,-1.11999997496605,-5.45999987795949,1966,1,1966
47.4833,9.66667,1966-01-08,-9.23999979346991,-2.44999994523823,-5.84499986935407,1966,1,1966
47.4833,9.66667,1966-01-09,-6.63999985158443,1.58999996446073,-2.52499994356185,1966,1,1966
47.4833,9.66667,1966-01-10,-8.42999981157482,-2.25999994948506,-5.34499988052994,1966,1,1966
47.4833,9.66667,1966-01-11,-7.79999982565641,-3.62999991886318,-5.7149998722598,1966,1,1966
47.4833,9.66667,1966-01-12,-6.55999985337257,-3.83999991416931,-5.19999988377094,1966,1,1966
47.4833,9.66667,1966-01-13,-9.78999978117645,-5.61999987438321,-7.70499982777983,1966,1,1966
47.4833,9.66667,1966-01-14,-13.0299997087568,-8.3799998126924,-10.7049997607246,1966,1,1966
47.4833,9.66667,1966-01-15,-15.4399996548891,-8.65999980643392,-12.0499997306615,1966,1,1966
47.4833,9.66667,1966-01-16,-19.1899995710701,-9.9299997780472,-14.5599996745586,1966,1,1966
47.4833,9.66667,1966-01-17,-18.64999958314,-10.5799997635186,-14.6149996733293,1966,1,1966
47.4833,9.66667,1966-01-18,-17.9599995985627,-8.41999981179833,-13.1899997051805,1966,1,1966
47.4833,9.66667,1966-01-19,-14.9499996658415,-7.9799998216331,-11.4649997437373,1966,1,1966
47.4833,9.66667,1966-01-20,-16.3999996334314,-9.30999979190528,-12.8549997126684,1966,1,1966
47.4833,9.66667,1966-01-21,-15.7799996472895,-4.94999988935888,-10.3649997683242,1966,1,1966
47.4833,9.66667,1966-01-22,-8.97999979928136,-0.0199999995529652,-4.49999989941716,1966,1,1966
47.4833,9.66667,1966-01-23,-3.18999992869794,3.52999992109835,0.169999996200204,1966,1,1966
47.4833,9.66667,1966-01-24,0.979999978095293,5.85999986901879,3.41999992355704,1966,1,1966
47.4833,9.66667,1966-01-25,0.719999983906746,3.17999992892146,1.9499999564141,1966,1,1966
47.4833,9.66667,1966-01-26,-2.71999993920326,4.6499998960644,0.964999978430569,1966,1,1966
47.4833,9.66667,1966-01-27,0.179999995976686,3.90999991260469,2.04499995429069,1966,1,1966
47.4833,9.66667,1966-01-28,1.33999997004867,4.13999990746379,2.73999993875623,1966,1,1966
47.4833,9.66667,1966-01-29,1.28999997116625,8.31999981403351,4.80499989259988,1966,1,1966
47.4833,9.66667,1966-01-30,-0.65999998524785,7.13999984040856,3.23999992758036,1966,1,1966
47.4833,9.66667,1966-01-31,1.43999996781349,10.9299997556955,6.18499986175448,1966,1,1966
47.4833,9.66667,1966-02-01,2.87999993562698,8.50999980978668,5.69499987270683,1966,2,1966
47.4833,9.66667,1966-02-02,3.01999993249774,10.4699997659773,6.7449998492375,1966,2,1966
47.4833,9.66667,1966-02-03,-0.259999994188547,6.50999985449016,3.12499993015081,1966,2,1966
47.4833,9.66667,1966-02-04,0.92999997921288,6.75999984890223,3.84499991405755,1966,2,1966
47.4833,9.66667,1966-02-05,0.629999985918403,8.68999980576336,4.65999989584088,1966,2,1966
47.4833,9.66667,1966-02-06,0.609999986365438,10.2299997713417,5.41999987885356,1966,2,1966
47.4833,9.66667,1966-02-07,0.459999989718199,13.2299997042865,6.84499984700233,1966,2,1966
47.4833,9.66667,1966-02-08,3.27999992668629,9.71999978274107,6.49999985471368,1966,2,1966
47.4833,9.66667,1966-02-09,2.21999995037913,9.21999979391694,5.71999987214804,1966,2,1966
47.4833,9.66667,1966-02-10,5.68999987281859,9.43999978899956,7.56499983090907,1966,2,1966
47.4833,9.66667,1966-02-11,3.12999993003905,10.3499997686595,6.73999984934926,1966,2,1966
47.4833,9.66667,1966-02-12,0.669999985024333,9.38999979011714,5.02999988757074,1966,2,1966
47.4833,9.66667,1966-02-13,1.16999997384846,5.7999998703599,3.48499992210418,1966,2,1966
47.4833,9.66667,1966-02-14,-0.299999993294477,5.09999988600612,2.39999994635582,1966,2,1966
47.4833,9.66667,1966-02-15,0.669999985024333,3.08999993093312,1.87999995797873,1966,2,1966
47.4833,9.66667,1966-02-16,-1.18999997340143,5.68999987281859,2.24999994970858,1966,2,1966
47.4833,9.66667,1966-02-17,-2.21999995037913,4.97999988868833,1.3799999691546,1966,2,1966
47.4833,9.66667,1966-02-18,0.489999989047647,9.20999979414046,4.84999989159405,1966,2,1966
47.4833,9.66667,1966-02-19,3.7899999152869,12.2299997266382,8.00999982096255,1966,2,1966
47.4833,9.66667,1966-02-20,3.14999992959201,9.80999978072941,6.47999985516071,1966,2,1966
47.4833,9.66667,1966-02-21,1.57999996468425,14.5299996752292,8.05499981995672,1966,2,1966
47.4833,9.66667,1966-02-22,7.0599998421967,18.1799995936453,12.619999717921,1966,2,1966
47.4833,9.66667,1966-02-23,3.24999992735684,13.2299997042865,8.23999981582165,1966,2,1966
47.4833,9.66667,1966-02-24,1.70999996177852,7.2899998370558,4.49999989941716,1966,2,1966
47.4833,9.66667,1966-02-25,-0.559999987483025,7.73999982699752,3.58999991975725,1966,2,1966
47.4833,9.66667,1966-02-26,-0.0799999982118607,14.0599996857345,6.98999984376132,1966,2,1966
47.4833,9.66667,1966-02-27,4.10999990813434,11.1999997496605,7.65499982889742,1966,2,1966
47.4833,9.66667,1966-02-28,3.44999992288649,14.5299996752292,8.98999979905784,1966,2,1966
47.4833,9.66667,1966-03-01,3.02999993227422,12.5299997199327,7.77999982610345,1966,3,1966
47.4833,9.66667,1966-03-02,1.9499999564141,5.90999986790121,3.92999991215765,1966,3,1966
47.4833,9.66667,1966-03-03,-0.539999987930059,7.48999983258545,3.4749999223277,1966,3,1966
47.4833,9.66667,1966-03-04,-2.82999993674457,9.70999978296459,3.43999992311001,1966,3,1966
47.4833,9.66667,1966-03-05,-1.24999997206032,8.08999981917441,3.41999992355704,1966,3,1966
47.4833,9.66667,1966-03-06,2.4699999447912,5.66999987326562,4.06999990902841,1966,3,1966
47.4833,9.66667,1966-03-07,1.39999996870756,6.46999985538423,3.9349999120459,1966,3,1966
47.4833,9.66667,1966-03-08,-1.98999995552003,9.56999978609383,3.7899999152869,1966,3,1966
47.4833,9.66667,1966-03-09,-1.62999996356666,11.0399997532368,4.70499989483505,1966,3,1966
47.4833,9.66667,1966-03-10,-0.819999981671572,11.1499997507781,5.16499988455325,1966,3,1966
47.4833,9.66667,1966-03-11,3.24999992735684,9.22999979369342,6.23999986052513,1966,3,1966
47.4833,9.66667,1966-03-12,2.83999993652105,6.75999984890223,4.79999989271164,1966,3,1966
47.4833,9.66667,1966-03-13,-0.57999998703599,3.57999991998076,1.49999996647239,1966,3,1966
47.4833,9.66667,1966-03-14,-1.30999997071922,1.6099999640137,0.149999996647239,1966,3,1966
47.4833,9.66667,1966-03-15,-3.52999992109835,1.15999997407198,-1.18499997351319,1966,3,1966
47.4833,9.66667,1966-03-16,-3.89999991282821,0.34999999217689,-1.77499996032566,1966,3,1966
47.4833,9.66667,1966-03-17,-1.92999995686114,2.91999993473291,0.494999988935888,1966,3,1966
47.4833,9.66667,1966-03-18,-2.71999993920326,6.16999986208975,1.72499996144325,1966,3,1966
47.4833,9.66667,1966-03-19,-3.02999993227422,3.69999991729856,0.334999992512167,1966,3,1966
47.4833,9.66667,1966-03-20,0.199999995529652,5.54999987594783,2.87499993573874,1966,3,1966
47.4833,9.66667,1966-03-21,-2.42999994568527,6.09999986365438,1.83499995898455,1966,3,1966
47.4833,9.66667,1966-03-22,-4.16999990679324,9.45999978855252,2.64499994087964,1966,3,1966
47.4833,9.66667,1966-03-23,-1.78999995999038,9.91999977827072,4.06499990914017,1966,3,1966
47.4833,9.66667,1966-03-24,-1.58999996446073,11.749999737367,5.07999988645315,1966,3,1966
47.4833,9.66667,1966-03-25,0.559999987483025,7.9799998216331,4.26999990455806,1966,3,1966
47.4833,9.66667,1966-03-26,-3.27999992668629,1.56999996490777,-0.854999980889261,1966,3,1966
47.4833,9.66667,1966-03-27,-4.52999989874661,4.07999990880489,-0.224999994970858,1966,3,1966
47.4833,9.66667,1966-03-28,-0.0199999995529652,12.3399997241795,6.15999986231327,1966,3,1966
47.4833,9.66667,1966-03-29,0.34999999217689,12.6699997168034,6.50999985449016,1966,3,1966
47.4833,9.66667,1966-03-30,-2.03999995440245,3.58999991975725,0.7749999826774,1966,3,1966
47.4833,9.66667,1966-03-31,-2.93999993428588,2.79999993741512,-0.0699999984353781,1966,3,1966
47.4833,9.66667,1966-04-01,-1.98999995552003,8.06999981962144,3.0399999320507,1966,4,1966
47.4833,9.66667,1966-04-02,-1.719999961555,11.9099997337908,5.09499988611788,1966,4,1966
47.4833,9.66667,1966-04-03,0.419999990612268,14.5699996743351,7.4949998324737,1966,4,1966
47.4833,9.66667,1966-04-04,0.949999978765845,13.1699997056276,7.0599998421967,1966,4,1966
47.4833,9.66667,1966-04-05,2.31999994814396,12.5699997190386,7.44499983359128,1966,4,1966
47.4833,9.66667,1966-04-06,1.15999997407198,16.1099996399134,8.63499980699271,1966,4,1966
47.4833,9.66667,1966-04-07,2.05999995395541,15.189999660477,8.62499980721623,1966,4,1966
47.4833,9.66667,1966-04-08,5.08999988622963,14.7399996705353,9.91499977838248,1966,4,1966
47.4833,9.66667,1966-04-09,5.23999988287687,13.799999691546,9.51999978721142,1966,4,1966
47.4833,9.66667,1966-04-10,3.75999991595745,18.4899995867163,11.1249997513369,1966,4,1966
47.4833,9.66667,1966-04-11,6.68999985046685,11.479999743402,9.08499979693443,1966,4,1966
47.4833,9.66667,1966-04-12,3.45999992266297,14.7399996705353,9.09999979659915,1966,4,1966
47.4833,9.66667,1966-04-13,5.80999987013638,13.1599997058511,9.48499978799373,1966,4,1966
47.4833,9.66667,1966-04-14,2.53999994322658,16.639999628067,9.5899997856468,1966,4,1966
47.4833,9.66667,1966-04-15,6.41999985650182,17.9099995996803,12.1649997280911,1966,4,1966
47.4833,9.66667,1966-04-16,6.30999985896051,14.5399996750057,10.4249997669831,1966,4,1966
47.4833,9.66667,1966-04-17,4.4199999012053,9.65999978408217,7.03999984264374,1966,4,1966
47.4833,9.66667,1966-04-18,5.06999988667667,14.5299996752292,9.79999978095293,1966,4,1966
47.4833,9.66667,1966-04-19,5.18999988399446,15.5499996524304,10.3699997682124,1966,4,1966
47.4833,9.66667,1966-04-20,7.01999984309077,15.1199996620417,11.0699997525662,1966,4,1966
47.4833,9.66667,1966-04-21,6.31999985873699,12.8399997130036,9.57999978587031,1966,4,1966
47.4833,9.66667,1966-04-22,2.65999994054437,7.94999982230365,5.30499988142401,1966,4,1966
47.4833,9.66667,1966-04-23,-1.68999996222556,11.9099997337908,5.1099998857826,1966,4,1966
47.4833,9.66667,1966-04-24,0.389999991282821,18.5899995844811,9.48999978788197,1966,4,1966
47.4833,9.66667,1966-04-25,7.35999983549118,18.0799995958805,12.7199997156858,1966,4,1966
47.4833,9.66667,1966-04-26,6.67999985069036,12.0899997297674,9.3849997902289,1966,4,1966
47.4833,9.66667,1966-04-27,6.60999985225499,14.4999996758997,10.5549997640774,1966,4,1966
47.4833,9.66667,1966-04-28,5.29999988153577,16.1599996387959,10.7299997601658,1966,4,1966
47.4833,9.66667,1966-04-29,8.08999981917441,15.3699996564537,11.7299997378141,1966,4,1966
47.4833,9.66667,1966-04-30,8.47999981045723,12.1999997273088,10.339999768883,1966,4,1966
47.4833,9.66667,1966-05-01,7.53999983146787,19.8499995563179,13.6949996938929,1966,5,NA
47.4833,9.66667,1966-05-02,6.07999986410141,21.4499995205551,13.7649996923283,1966,5,NA
47.4833,9.66667,1966-05-03,6.67999985069036,21.4099995214492,14.0449996860698,1966,5,NA
47.4833,9.66667,1966-05-04,8.63999980688095,23.0299994852394,15.8349996460602,1966,5,NA
47.4833,9.66667,1966-05-05,10.5099997650832,22.5599994957447,16.5349996304139,1966,5,NA
47.4833,9.66667,1966-05-06,11.3999997451901,19.249999569729,15.3249996574596,1966,5,NA
47.4833,9.66667,1966-05-07,3.46999992243946,14.6999996714294,9.08499979693443,1966,5,NA
47.4833,9.66667,1966-05-08,2.15999995172024,6.67999985069036,4.4199999012053,1966,5,NA
47.4833,9.66667,1966-05-09,4.39999990165234,11.1199997514486,7.75999982655048,1966,5,NA
47.4833,9.66667,1966-05-10,1.79999995976686,13.9699996877462,7.88499982375652,1966,5,NA
47.4833,9.66667,1966-05-11,5.03999988734722,9.80999978072941,7.42499983403832,1966,5,NA
47.4833,9.66667,1966-05-12,6.10999986343086,15.8599996455014,10.9849997544661,1966,5,NA
47.4833,9.66667,1966-05-13,5.80999987013638,21.2899995241314,13.5499996971339,1966,5,NA
47.4833,9.66667,1966-05-14,6.79999984800816,24.0199994631112,15.4099996555597,1966,5,NA
47.4833,9.66667,1966-05-15,7.76999982632697,24.389999454841,16.079999640584,1966,5,NA
47.4833,9.66667,1966-05-16,10.1299997735769,24.6299994494766,17.3799996115267,1966,5,NA
47.4833,9.66667,1966-05-17,9.95999977737665,24.2399994581938,17.0999996177852,1966,5,NA
47.4833,9.66667,1966-05-18,9.26999979279935,23.9399994648993,16.6049996288493,1966,5,NA
47.4833,9.66667,1966-05-19,10.4599997662008,21.5399995185435,15.9999996423721,1966,5,NA
47.4833,9.66667,1966-05-20,10.1299997735769,13.6199996955693,11.8749997345731,1966,5,NA
47.4833,9.66667,1966-05-21,8.96999979950488,14.0299996864051,11.499999742955,1966,5,NA
47.4833,9.66667,1966-05-22,9.90999977849424,17.3899996113032,13.6499996948987,1966,5,NA
47.4833,9.66667,1966-05-23,7.55999983102083,24.2099994588643,15.8849996449426,1966,5,NA
47.4833,9.66667,1966-05-24,9.10999979637563,17.6999996043742,13.4049997003749,1966,5,NA
47.4833,9.66667,1966-05-25,6.75999984890223,18.069999596104,12.4149997225031,1966,5,NA
47.4833,9.66667,1966-05-26,8.46999981068075,13.199999704957,10.8349997578189,1966,5,NA
47.4833,9.66667,1966-05-27,8.50999980978668,15.4899996537715,11.9999997317791,1966,5,NA
47.4833,9.66667,1966-05-28,6.01999986544251,10.6599997617304,8.33999981358647,1966,5,NA
47.4833,9.66667,1966-05-29,5.51999987661839,12.2999997250736,8.90999980084598,1966,5,NA
47.4833,9.66667,1966-05-30,2.67999994009733,12.6799997165799,7.67999982833862,1966,5,NA
47.4833,9.66667,1966-05-31,1.63999996334314,14.3499996792525,7.99499982129782,1966,5,NA
47.4833,9.66667,1966-06-01,2.31999994814396,18.7599995806813,10.5399997644126,1966,6,NA
47.4833,9.66667,1966-06-02,4.59999989718199,18.8399995788932,11.7199997380376,1966,6,NA
47.4833,9.66667,1966-06-03,6.12999986298382,19.6399995610118,12.8849997119978,1966,6,NA
47.4833,9.66667,1966-06-04,8.87999980151653,21.2499995250255,15.064999663271,1966,6,NA
47.4833,9.66667,1966-06-05,8.11999981850386,24.4299994539469,16.2749996362254,1966,6,NA
47.4833,9.66667,1966-06-06,11.0599997527897,24.1699994597584,17.6149996062741,1966,6,NA
47.4833,9.66667,1966-06-07,11.9299997333437,19.249999569729,15.5899996515363,1966,6,NA
47.4833,9.66667,1966-06-08,11.5399997420609,23.9399994648993,17.7399996034801,1966,6,NA
47.4833,9.66667,1966-06-09,12.6799997165799,20.2499995473772,16.4649996319786,1966,6,NA
47.4833,9.66667,1966-06-10,10.0799997746944,26.6299994047731,18.3549995897338,1966,6,NA
47.4833,9.66667,1966-06-11,12.4199997223914,27.0399993956089,19.7299995590001,1966,6,NA
47.4833,9.66667,1966-06-12,14.0299996864051,29.3399993441999,21.6849995153025,1966,6,NA
47.4833,9.66667,1966-06-13,15.2499996591359,22.939999487251,19.0949995731935,1966,6,NA
47.4833,9.66667,1966-06-14,11.7099997382611,26.2099994141608,18.959999576211,1966,6,NA
47.4833,9.66667,1966-06-15,12.5199997201562,23.6799994707108,18.0999995954335,1966,6,NA
47.4833,9.66667,1966-06-16,12.0299997311085,25.6999994255602,18.8649995783344,1966,6,NA
47.4833,9.66667,1966-06-17,12.6699997168034,25.9199994206429,19.2949995687231,1966,6,NA
47.4833,9.66667,1966-06-18,14.3899996783584,28.2099993694574,21.2999995239079,1966,6,NA
47.4833,9.66667,1966-06-19,13.8499996904284,29.0699993502349,21.4599995203316,1966,6,NA
47.4833,9.66667,1966-06-20,6.3699998576194,15.1599996611476,10.7649997593835,1966,6,NA
47.4833,9.66667,1966-06-21,4.17999990656972,15.8899996448308,10.0349997757003,1966,6,NA
47.4833,9.66667,1966-06-22,9.74999978207052,17.3899996113032,13.5699996966869,1966,6,NA
47.4833,9.66667,1966-06-23,9.0699997972697,22.8499994892627,15.9599996432662,1966,6,NA
47.4833,9.66667,1966-06-24,12.6499997172505,23.829999467358,18.2399995923042,1966,6,NA
47.4833,9.66667,1966-06-25,10.919999755919,17.9199995994568,14.4199996776879,1966,6,NA
47.4833,9.66667,1966-06-26,9.50999978743494,16.8699996229261,13.1899997051805,1966,6,NA
47.4833,9.66667,1966-06-27,9.85999977961183,16.1799996383488,13.0199997089803,1966,6,NA
47.4833,9.66667,1966-06-28,11.3199997469783,15.3799996562302,13.3499997016042,1966,6,NA
47.4833,9.66667,1966-06-29,10.8599997572601,19.1199995726347,14.9899996649474,1966,6,NA
47.4833,9.66667,1966-06-30,8.58999980799854,12.4199997223914,10.504999765195,1966,6,NA
47.4833,9.66667,1966-07-01,8.46999981068075,15.0299996640533,11.749999737367,1966,7,NA
47.4833,9.66667,1966-07-02,7.02999984286726,20.1999995484948,13.614999695681,1966,7,NA
47.4833,9.66667,1966-07-03,8.70999980531633,22.8299994897097,15.769999647513,1966,7,NA
47.4833,9.66667,1966-07-04,11.6799997389317,26.2699994128197,18.9749995758757,1966,7,NA
47.4833,9.66667,1966-07-05,14.4299996774644,26.669999403879,20.5499995406717,1966,7,NA
47.4833,9.66667,1966-07-06,14.7099996712059,23.269999479875,18.9899995755404,1966,7,NA
47.4833,9.66667,1966-07-07,11.5899997409433,18.8699995782226,15.229999659583,1966,7,NA
47.4833,9.66667,1966-07-08,9.94999977760017,13.6899996940047,11.8199997358024,1966,7,NA
47.4833,9.66667,1966-07-09,8.67999980598688,15.2999996580184,11.9899997320026,1966,7,NA
47.4833,9.66667,1966-07-10,8.05999981984496,19.2899995688349,13.6749996943399,1966,7,NA
47.4833,9.66667,1966-07-11,8.51999980956316,22.7799994908273,15.6499996501952,1966,7,NA
47.4833,9.66667,1966-07-12,12.0899997297674,22.129999505356,17.1099996175617,1966,7,NA
47.4833,9.66667,1966-07-13,13.3499997016042,22.2799995020032,17.8149996018037,1966,7,NA
47.4833,9.66667,1966-07-14,11.5199997425079,26.4399994090199,18.9799995757639,1966,7,NA
47.4833,9.66667,1966-07-15,14.7299996707588,20.2299995478243,17.4799996092916,1966,7,NA
47.4833,9.66667,1966-07-16,11.9899997320026,19.0099995750934,15.499999653548,1966,7,NA
47.4833,9.66667,1966-07-17,9.09999979659915,20.5899995397776,14.8449996681884,1966,7,NA
47.4833,9.66667,1966-07-18,9.72999978251755,14.5999996736646,12.1649997280911,1966,7,NA
47.4833,9.66667,1966-07-19,8.08999981917441,14.1599996834993,11.1249997513369,1966,7,NA
47.4833,9.66667,1966-07-20,8.05999981984496,16.8799996227026,12.4699997212738,1966,7,NA
47.4833,9.66667,1966-07-21,9.82999978028238,18.1399995945394,13.9849996874109,1966,7,NA
47.4833,9.66667,1966-07-22,7.96999982185662,19.5999995619059,13.7849996918812,1966,7,NA
47.4833,9.66667,1966-07-23,11.3899997454137,13.8499996904284,12.619999717921,1966,7,NA
47.4833,9.66667,1966-07-24,11.9699997324497,14.9099996667355,13.4399996995926,1966,7,NA
47.4833,9.66667,1966-07-25,11.6999997384846,21.2699995245785,16.4849996315315,1966,7,NA
47.4833,9.66667,1966-07-26,10.9999997541308,18.4899995867163,14.7449996704236,1966,7,NA
47.4833,9.66667,1966-07-27,9.32999979145825,19.5599995627999,14.4449996771291,1966,7,NA
47.4833,9.66667,1966-07-28,8.93999980017543,18.919999577105,13.9299996886402,1966,7,NA
47.4833,9.66667,1966-07-29,11.4699997436255,15.1599996611476,13.3149997023866,1966,7,NA
47.4833,9.66667,1966-07-30,8.18999981693923,19.9499995540828,14.069999685511,1966,7,NA
47.4833,9.66667,1966-07-31,12.4499997217208,20.3099995460361,16.3799996338785,1966,7,NA
47.4833,9.66667,1966-08-01,11.8499997351319,15.1499996613711,13.4999996982515,1966,8,NA
47.4833,9.66667,1966-08-02,9.18999979458749,21.0599995292723,15.1249996619299,1966,8,NA
47.4833,9.66667,1966-08-03,11.76999973692,16.6199996285141,14.194999682717,1966,8,NA
47.4833,9.66667,1966-08-04,12.6099997181445,24.4399994537234,18.524999585934,1966,8,NA
47.4833,9.66667,1966-08-05,13.6399996951222,20.1299995500594,16.8849996225908,1966,8,NA
47.4833,9.66667,1966-08-06,12.5999997183681,19.0899995733052,15.8449996458367,1966,8,NA
47.4833,9.66667,1966-08-07,10.2699997704476,18.8699995782226,14.5699996743351,1966,8,NA
47.4833,9.66667,1966-08-08,9.79999978095293,21.0699995290488,15.4349996550009,1966,8,NA
47.4833,9.66667,1966-08-09,11.6999997384846,19.0099995750934,15.354999656789,1966,8,NA
47.4833,9.66667,1966-08-10,9.70999978296459,18.7799995802343,14.2449996815994,1966,8,NA
47.4833,9.66667,1966-08-11,7.60999982990324,24.2799994572997,15.9449996436015,1966,8,NA
47.4833,9.66667,1966-08-12,12.059999730438,26.8199994005263,19.4399995654821,1966,8,NA
47.4833,9.66667,1966-08-13,13.9399996884167,29.2899993453175,21.6149995168671,1966,8,NA
47.4833,9.66667,1966-08-14,14.7099996712059,29.7699993345886,22.2399995028973,1966,8,NA
47.4833,9.66667,1966-08-15,16.5399996303022,26.4599994085729,21.4999995194376,1966,8,NA
47.4833,9.66667,1966-08-16,10.7799997590482,20.9799995310605,15.8799996450543,1966,8,NA
47.4833,9.66667,1966-08-17,8.63999980688095,11.3599997460842,9.99999977648258,1966,8,NA
47.4833,9.66667,1966-08-18,7.99999982118607,15.1799996607006,11.5899997409433,1966,8,NA
47.4833,9.66667,1966-08-19,9.26999979279935,18.10999959521,13.6899996940047,1966,8,NA
47.4833,9.66667,1966-08-20,11.9099997337908,20.7999995350838,16.3549996344373,1966,8,NA
47.4833,9.66667,1966-08-21,12.1599997282028,15.1199996620417,13.6399996951222,1966,8,NA
47.4833,9.66667,1966-08-22,13.3199997022748,16.2199996374547,14.7699996698648,1966,8,NA
47.4833,9.66667,1966-08-23,11.8599997349083,18.3499995898455,15.1049996623769,1966,8,NA
47.4833,9.66667,1966-08-24,10.2899997700006,18.9299995768815,14.6099996734411,1966,8,NA
47.4833,9.66667,1966-08-25,10.5199997648597,15.4199996553361,12.9699997100979,1966,8,NA
47.4833,9.66667,1966-08-26,7.36999983526766,12.4499997217208,9.90999977849424,1966,8,NA
47.4833,9.66667,1966-08-27,6.34999985806644,14.0999996848404,10.2249997714534,1966,8,NA
47.4833,9.66667,1966-08-28,3.74999991618097,19.9299995545298,11.8399997353554,1966,8,NA
47.4833,9.66667,1966-08-29,6.62999985180795,14.5099996756762,10.5699997637421,1966,8,NA
47.4833,9.66667,1966-08-30,7.07999984174967,20.0399995520711,13.5599996969104,1966,8,NA
47.4833,9.66667,1966-08-31,9.9299997780472,15.7799996472895,12.8549997126684,1966,8,NA
47.4833,9.66667,1966-09-01,8.96999979950488,16.3399996347725,12.6549997171387,1966,9,NA
47.4833,9.66667,1966-09-02,10.4799997657537,18.4699995871633,14.4749996764585,1966,9,NA
47.4833,9.66667,1966-09-03,11.7999997362494,21.1399995274842,16.4699996318668,1966,9,NA
47.4833,9.66667,1966-09-04,13.3099997024983,19.1899995710701,16.2499996367842,1966,9,NA
47.4833,9.66667,1966-09-05,12.6799997165799,22.6599994935095,17.6699996050447,1966,9,NA
47.4833,9.66667,1966-09-06,13.3599997013807,20.409999543801,16.8849996225908,1966,9,NA
47.4833,9.66667,1966-09-07,11.1499997507781,22.959999486804,17.054999618791,1966,9,NA
47.4833,9.66667,1966-09-08,10.3899997677654,24.3999994546175,17.3949996111915,1966,9,NA
47.4833,9.66667,1966-09-09,11.5999997407198,25.4799994304776,18.5399995855987,1966,9,NA
47.4833,9.66667,1966-09-10,14.1199996843934,25.1599994376302,19.6399995610118,1966,9,NA
47.4833,9.66667,1966-09-11,12.3999997228384,25.0399994403124,18.7199995815754,1966,9,NA
47.4833,9.66667,1966-09-12,13.9899996872991,25.1699994374067,19.5799995623529,1966,9,NA
47.4833,9.66667,1966-09-13,12.3099997248501,27.0099993962795,19.6599995605648,1966,9,NA
47.4833,9.66667,1966-09-14,12.909999711439,19.9899995531887,16.4499996323138,1966,9,NA
47.4833,9.66667,1966-09-15,9.31999979168177,19.1599995717406,14.2399996817112,1966,9,NA
47.4833,9.66667,1966-09-16,6.56999985314906,21.7199995145202,14.1449996838346,1966,9,NA
47.4833,9.66667,1966-09-17,8.21999981626868,15.0899996627122,11.6549997394904,1966,9,NA
47.4833,9.66667,1966-09-18,7.67999982833862,13.8199996910989,10.7499997597188,1966,9,NA
47.4833,9.66667,1966-09-19,8.88999980129302,14.939999666065,11.914999733679,1966,9,NA
47.4833,9.66667,1966-09-20,9.5899997856468,17.2599996142089,13.4249996999279,1966,9,NA
47.4833,9.66667,1966-09-21,6.79999984800816,14.2099996823817,10.504999765195,1966,9,NA
47.4833,9.66667,1966-09-22,6.38999985717237,18.1599995940924,12.2749997256324,1966,9,NA
47.4833,9.66667,1966-09-23,7.8099998254329,19.249999569729,13.5299996975809,1966,9,NA
47.4833,9.66667,1966-09-24,6.37999985739589,18.7499995809048,12.5649997191504,1966,9,NA
47.4833,9.66667,1966-09-25,7.09999984130263,17.6699996050447,12.3849997231737,1966,9,NA
47.4833,9.66667,1966-09-26,5.19999988377094,17.7199996039271,11.459999743849,1966,9,NA
47.4833,9.66667,1966-09-27,6.4299998562783,17.6899996045977,12.059999730438,1966,9,NA
47.4833,9.66667,1966-09-28,10.1899997722358,19.3599995672703,14.774999669753,1966,9,NA
47.4833,9.66667,1966-09-29,7.58999983035028,18.3699995893985,12.9799997098744,1966,9,NA
47.4833,9.66667,1966-09-30,7.73999982699752,17.5999996066093,12.6699997168034,1966,9,NA
47.4833,9.66667,1966-10-01,8.38999981246889,15.0699996631593,11.7299997378141,1966,10,1967
47.4833,9.66667,1966-10-02,11.6599997393787,19.4399995654821,15.5499996524304,1966,10,1967
47.4833,9.66667,1966-10-03,10.5599997639656,20.3099995460361,15.4349996550009,1966,10,1967
47.4833,9.66667,1966-10-04,11.2299997489899,24.7199994474649,17.9749995982274,1966,10,1967
47.4833,9.66667,1966-10-05,12.9799997098744,27.0699993949383,20.0249995524064,1966,10,1967
47.4833,9.66667,1966-10-06,10.3999997675419,22.7499994914979,16.5749996295199,1966,10,1967
47.4833,9.66667,1966-10-07,10.0799997746944,20.9599995315075,15.519999653101,1966,10,1967
47.4833,9.66667,1966-10-08,10.1199997738004,16.8099996242672,13.4649996990338,1966,10,1967
47.4833,9.66667,1966-10-09,9.66999978385866,18.4299995880574,14.049999685958,1966,10,1967
47.4833,9.66667,1966-10-10,10.4699997659773,18.3299995902926,14.3999996781349,1966,10,1967
47.4833,9.66667,1966-10-11,12.929999710992,17.6599996052682,15.2949996581301,1966,10,1967
47.4833,9.66667,1966-10-12,11.6799997389317,17.2799996137619,14.4799996763468,1966,10,1967
47.4833,9.66667,1966-10-13,11.7399997375906,16.0499996412545,13.8949996894225,1966,10,1967
47.4833,9.66667,1966-10-14,11.0099997539073,18.5799995847046,14.794999669306,1966,10,1967
47.4833,9.66667,1966-10-15,7.3499998357147,18.7299995813519,13.0399997085333,1966,10,1967
47.4833,9.66667,1966-10-16,9.57999978587031,19.7099995594472,14.6449996726587,1966,10,1967
47.4833,9.66667,1966-10-17,10.4199997670949,17.8099996019155,14.1149996845052,1966,10,1967
47.4833,9.66667,1966-10-18,8.3799998126924,16.0699996408075,12.22499972675,1966,10,1967
47.4833,9.66667,1966-10-19,4.62999989651144,13.2799997031689,8.95499979984015,1966,10,1967
47.4833,9.66667,1966-10-20,6.05999986454844,13.1699997056276,9.614999785088,1966,10,1967
47.4833,9.66667,1966-10-21,5.51999987661839,14.3499996792525,9.93499977793545,1966,10,1967
47.4833,9.66667,1966-10-22,6.85999984666705,12.7099997159094,9.78499978128821,1966,10,1967
47.4833,9.66667,1966-10-23,5.32999988086522,14.7399996705353,10.0349997757003,1966,10,1967
47.4833,9.66667,1966-10-24,7.76999982632697,19.8899995554239,13.8299996908754,1966,10,1967
47.4833,9.66667,1966-10-25,10.2699997704476,18.8099995795637,14.5399996750057,1966,10,1967
47.4833,9.66667,1966-10-26,9.91999977827072,18.0799995958805,13.9999996870756,1966,10,1967
47.4833,9.66667,1966-10-27,7.22999983839691,12.929999710992,10.0799997746944,1966,10,1967
47.4833,9.66667,1966-10-28,4.33999990299344,8.62999980710447,6.48499985504895,1966,10,1967
47.4833,9.66667,1966-10-29,4.22999990545213,6.73999984934926,5.4849998774007,1966,10,1967
47.4833,9.66667,1966-10-30,2.43999994546175,5.52999987639487,3.98499991092831,1966,10,1967
47.4833,9.66667,1966-10-31,1.19999997317791,2.82999993674457,2.01499995496124,1966,10,1967
47.4833,9.66667,1966-11-01,-1.09999997541308,3.0999999307096,0.999999977648258,1966,11,1967
47.4833,9.66667,1966-11-02,-2.16999995149672,1.39999996870756,-0.384999991394579,1966,11,1967
47.4833,9.66667,1966-11-03,-2.98999993316829,5.02999988757074,1.01999997720122,1966,11,1967
47.4833,9.66667,1966-11-04,-0.749999983236194,4.79999989271164,2.02499995473772,1966,11,1967
47.4833,9.66667,1966-11-05,-0.729999983683228,2.60999994166195,0.939999978989363,1966,11,1967
47.4833,9.66667,1966-11-06,-2.82999993674457,8.3799998126924,2.77499993797392,1966,11,1967
47.4833,9.66667,1966-11-07,5.37999987974763,17.1299996171147,11.2549997484311,1966,11,1967
47.4833,9.66667,1966-11-08,3.47999992221594,15.479999653995,9.47999978810549,1966,11,1967
47.4833,9.66667,1966-11-09,1.42999996803701,10.1699997726828,5.7999998703599,1966,11,1967
47.4833,9.66667,1966-11-10,4.33999990299344,18.7499995809048,11.5449997419491,1966,11,1967
47.4833,9.66667,1966-11-11,1.719999961555,9.96999977715313,5.84499986935407,1966,11,1967
47.4833,9.66667,1966-11-12,1.39999996870756,4.91999989002943,3.1599999293685,1966,11,1967
47.4833,9.66667,1966-11-13,0.289999993517995,3.06999993138015,1.67999996244907,1966,11,1967
47.4833,9.66667,1966-11-14,-2.85999993607402,2.83999993652105,-0.00999999977648258,1966,11,1967
47.4833,9.66667,1966-11-15,-3.05999993160367,2.96999993361533,-0.0449999989941716,1966,11,1967
47.4833,9.66667,1966-11-16,-0.829999981448054,2.78999993763864,0.979999978095293,1966,11,1967
47.4833,9.66667,1966-11-17,0.289999993517995,4.49999989941716,2.39499994646758,1966,11,1967
47.4833,9.66667,1966-11-18,-0.239999994635582,1.89999995753169,0.829999981448054,1966,11,1967
47.4833,9.66667,1966-11-19,-0.629999985918403,2.009999955073,0.689999984577298,1966,11,1967
47.4833,9.66667,1966-11-20,-1.8399999588728,1.57999996468425,-0.129999997094274,1966,11,1967
47.4833,9.66667,1966-11-21,-4.45999990031123,2.24999994970858,-1.10499997530133,1966,11,1967
47.4833,9.66667,1966-11-22,-2.82999993674457,3.729999916628,0.449999989941716,1966,11,1967
47.4833,9.66667,1966-11-23,-4.00999991036952,4.50999989919364,0.249999994412065,1966,11,1967
47.4833,9.66667,1966-11-24,-4.31999990344048,2.89999993517995,-0.709999984130263,1966,11,1967
47.4833,9.66667,1966-11-25,-2.34999994747341,0.279999993741512,-1.03499997686595,1966,11,1967
47.4833,9.66667,1966-11-26,-6.30999985896051,0.639999985694885,-2.83499993663281,1966,11,1967
47.4833,9.66667,1966-11-27,-9.78999978117645,-0.149999996647239,-4.96999988891184,1966,11,1967
47.4833,9.66667,1966-11-28,-2.60999994166195,3.74999991618097,0.569999987259507,1966,11,1967
47.4833,9.66667,1966-11-29,-0.209999995306134,5.83999986946583,2.81499993707985,1966,11,1967
47.4833,9.66667,1966-11-30,-2.61999994143844,3.89999991282821,0.639999985694885,1966,11,1967
47.4833,9.66667,1966-12-01,-4.07999990880489,5.85999986901879,0.88999998010695,1966,12,1967
47.4833,9.66667,1966-12-02,0.859999980777502,7.04999984242022,3.95499991159886,1966,12,1967
47.4833,9.66667,1966-12-03,0.999999977648258,9.38999979011714,5.1949998838827,1966,12,1967
47.4833,9.66667,1966-12-04,-1.42999996803701,2.72999993897974,0.649999985471368,1966,12,1967
47.4833,9.66667,1966-12-05,-2.96999993361533,0.26999999396503,-1.34999996982515,1966,12,1967
47.4833,9.66667,1966-12-06,-3.74999991618097,0.499999988824129,-1.62499996367842,1966,12,1967
47.4833,9.66667,1966-12-07,-5.75999987125397,0.689999984577298,-2.53499994333833,1966,12,1967
47.4833,9.66667,1966-12-08,-8.57999980822206,-2.12999995239079,-5.35499988030642,1966,12,1967
47.4833,9.66667,1966-12-09,-4.74999989382923,0.329999992623925,-2.20999995060265,1966,12,1967
47.4833,9.66667,1966-12-10,-4.49999989941716,2.4699999447912,-1.01499997731298,1966,12,1967
47.4833,9.66667,1966-12-11,0.179999995976686,6.26999985985458,3.22499992791563,1966,12,1967
47.4833,9.66667,1966-12-12,0.869999980553985,5.83999986946583,3.35499992500991,1966,12,1967
47.4833,9.66667,1966-12-13,-0.239999994635582,9.01999979838729,4.38999990187585,1966,12,1967
47.4833,9.66667,1966-12-14,0.389999991282821,5.34999988041818,2.8699999358505,1966,12,1967
47.4833,9.66667,1966-12-15,-0.549999987706542,2.10999995283782,0.779999982565641,1966,12,1967
47.4833,9.66667,1966-12-16,-5.08999988622963,1.25999997183681,-1.91499995719641,1966,12,1967
47.4833,9.66667,1966-12-17,-8.76999980397522,-0.329999992623925,-4.54999989829957,1966,12,1967
47.4833,9.66667,1966-12-18,-7.45999983325601,2.05999995395541,-2.6999999396503,1966,12,1967
47.4833,9.66667,1966-12-19,-3.37999992445111,5.66999987326562,1.14499997440726,1966,12,1967
47.4833,9.66667,1966-12-20,1.25999997183681,4.97999988868833,3.11999993026257,1966,12,1967
47.4833,9.66667,1966-12-21,1.30999997071922,6.46999985538423,3.88999991305172,1966,12,1967
47.4833,9.66667,1966-12-22,-1.80999995954335,2.94999993406236,0.569999987259507,1966,12,1967
47.4833,9.66667,1966-12-23,-3.06999993138015,0.129999997094274,-1.46999996714294,1966,12,1967
47.4833,9.66667,1966-12-24,-1.52999996580184,2.56999994255602,0.519999988377094,1966,12,1967
47.4833,9.66667,1966-12-25,1.78999995999038,5.44999987818301,3.61999991908669,1966,12,1967
47.4833,9.66667,1966-12-26,-2.32999994792044,5.23999988287687,1.45499996747822,1966,12,1967
47.4833,9.66667,1966-12-27,-5.75999987125397,1.26999997161329,-2.24499994982034,1966,12,1967
47.4833,9.66667,1966-12-28,-6.76999984867871,0.61999998614192,-3.07499993126839,1966,12,1967
47.4833,9.66667,1966-12-29,-3.39999992400408,2.31999994814396,-0.539999987930059,1966,12,1967
47.4833,9.66667,1966-12-30,-3.80999991483986,4.75999989360571,0.474999989382923,1966,12,1967
47.4833,9.66667,1966-12-31,1.87999995797873,7.76999982632697,4.82499989215285,1966,12,1967
47.4833,9.66667,1967-01-01,-1.59999996423721,5.71999987214804,2.05999995395541,1967,1,1967
47.4833,9.66667,1967-01-02,2.16999995149672,7.53999983146787,4.85499989148229,1967,1,1967
47.4833,9.66667,1967-01-03,-0.57999998703599,3.94999991171062,1.68499996233732,1967,1,1967
47.4833,9.66667,1967-01-04,-5.5099998768419,0.109999997541308,-2.6999999396503,1967,1,1967
47.4833,9.66667,1967-01-05,-5.25999988242984,-2.09999995306134,-3.67999991774559,1967,1,1967
47.4833,9.66667,1967-01-06,-5.69999987259507,-3.0999999307096,-4.39999990165234,1967,1,1967
47.4833,9.66667,1967-01-07,-7.85999982431531,-4.16999990679324,-6.01499986555427,1967,1,1967
47.4833,9.66667,1967-01-08,-10.1599997729063,-6.05999986454844,-8.10999981872737,1967,1,1967
47.4833,9.66667,1967-01-09,-15.5099996533245,-8.00999982096255,-11.7599997371435,1967,1,1967
47.4833,9.66667,1967-01-10,-16.3199996352196,-7.87999982386827,-12.0999997295439,1967,1,1967
47.4833,9.66667,1967-01-11,-15.8399996459484,-7.44999983347952,-11.644999739714,1967,1,1967
47.4833,9.66667,1967-01-12,-14.1799996830523,-3.76999991573393,-8.97499979939312,1967,1,1967
47.4833,9.66667,1967-01-13,-5.1099998857826,0.129999997094274,-2.48999994434416,1967,1,1967
47.4833,9.66667,1967-01-14,-2.37999994680285,1.39999996870756,-0.489999989047647,1967,1,1967
47.4833,9.66667,1967-01-15,-0.439999990165234,2.22999995015562,0.894999979995191,1967,1,1967
47.4833,9.66667,1967-01-16,-0.159999996423721,2.58999994210899,1.21499997284263,1967,1,1967
47.4833,9.66667,1967-01-17,-3.53999992087483,2.59999994188547,-0.469999989494681,1967,1,1967
47.4833,9.66667,1967-01-18,-5.71999987214804,1.82999995909631,-1.94499995652586,1967,1,1967
47.4833,9.66667,1967-01-19,-6.53999985381961,0.239999994635582,-3.14999992959201,1967,1,1967
47.4833,9.66667,1967-01-20,-5.21999988332391,0.339999992400408,-2.43999994546175,1967,1,1967
47.4833,9.66667,1967-01-21,-5.53999987617135,0.669999985024333,-2.43499994557351,1967,1,1967
47.4833,9.66667,1967-01-22,-2.55999994277954,3.60999991931021,0.524999988265336,1967,1,1967
47.4833,9.66667,1967-01-23,-0.999999977648258,2.89999993517995,0.949999978765845,1967,1,1967
47.4833,9.66667,1967-01-24,-3.42999992333353,2.10999995283782,-0.65999998524785,1967,1,1967
47.4833,9.66667,1967-01-25,-0.0899999979883432,5.52999987639487,2.71999993920326,1967,1,1967
47.4833,9.66667,1967-01-26,0.909999979659915,6.64999985136092,3.77999991551042,1967,1,1967
47.4833,9.66667,1967-01-27,1.70999996177852,7.62999982945621,4.66999989561737,1967,1,1967
47.4833,9.66667,1967-01-28,2.55999994277954,7.38999983482063,4.97499988880008,1967,1,1967
47.4833,9.66667,1967-01-29,0.419999990612268,7.67999982833862,4.04999990947545,1967,1,1967
47.4833,9.66667,1967-01-30,1.39999996870756,11.5999997407198,6.49999985471368,1967,1,1967
47.4833,9.66667,1967-01-31,0.169999996200204,9.50999978743494,4.83999989181757,1967,1,1967
47.4833,9.66667,1967-02-01,-0.919999979436398,6.98999984376132,3.03499993216246,1967,2,1967
47.4833,9.66667,1967-02-02,-0.979999978095293,7.91999982297421,3.46999992243946,1967,2,1967
47.4833,9.66667,1967-02-03,2.35999994724989,8.55999980866909,5.45999987795949,1967,2,1967
47.4833,9.66667,1967-02-04,3.04999993182719,10.359999768436,6.70499985013157,1967,2,1967
47.4833,9.66667,1967-02-05,2.51999994367361,8.09999981895089,5.30999988131225,1967,2,1967
47.4833,9.66667,1967-02-06,-0.88999998010695,5.60999987460673,2.35999994724989,1967,2,1967
47.4833,9.66667,1967-02-07,-3.94999991171062,5.71999987214804,0.884999980218709,1967,2,1967
47.4833,9.66667,1967-02-08,-4.09999990835786,4.02999990992248,-0.034999999217689,1967,2,1967
47.4833,9.66667,1967-02-09,-3.4999999217689,2.4699999447912,-0.514999988488853,1967,2,1967
47.4833,9.66667,1967-02-10,-6.72999984957278,0.529999988153577,-3.0999999307096,1967,2,1967
47.4833,9.66667,1967-02-11,-10.5999997630715,-0.379999991506338,-5.48999987728894,1967,2,1967
47.4833,9.66667,1967-02-12,-10.2799997702241,0.859999980777502,-4.7099998947233,1967,2,1967
47.4833,9.66667,1967-02-13,-9.36999979056418,0.179999995976686,-4.59499989729375,1967,2,1967
47.4833,9.66667,1967-02-14,-10.2999997697771,-2.6399999409914,-6.46999985538423,1967,2,1967
47.4833,9.66667,1967-02-15,-11.6199997402728,-0.649999985471368,-6.13499986287206,1967,2,1967
47.4833,9.66667,1967-02-16,-10.2099997717887,3.30999992601573,-3.44999992288649,1967,2,1967
47.4833,9.66667,1967-02-17,-4.04999990947545,8.39999981224537,2.17499995138496,1967,2,1967
47.4833,9.66667,1967-02-18,0.319999992847443,6.58999985270202,3.45499992277473,1967,2,1967
47.4833,9.66667,1967-02-19,-3.18999992869794,5.97999986633658,1.39499996881932,1967,2,1967
47.4833,9.66667,1967-02-20,0.449999989941716,9.93999977782369,5.1949998838827,1967,2,1967
47.4833,9.66667,1967-02-21,2.24999994970858,9.9899997767061,6.11999986320734,1967,2,1967
47.4833,9.66667,1967-02-22,2.84999993629754,12.1899997275323,7.5199998319149,1967,2,1967
47.4833,9.66667,1967-02-23,3.98999991081655,9.759999781847,6.87499984633178,1967,2,1967
47.4833,9.66667,1967-02-24,1.23999997228384,14.9899996649474,8.11499981861562,1967,2,1967
47.4833,9.66667,1967-02-25,-1.72999996133149,8.38999981246889,3.3299999255687,1967,2,1967
47.4833,9.66667,1967-02-26,-1.8399999588728,10.5599997639656,4.35999990254641,1967,2,1967
47.4833,9.66667,1967-02-27,0.809999981895089,10.9499997552484,5.87999986857176,1967,2,1967
47.4833,9.66667,1967-02-28,2.83999993652105,8.54999980889261,5.69499987270683,1967,2,1967
47.4833,9.66667,1967-03-01,1.64999996311963,13.489999698475,7.56999983079731,1967,3,1967
47.4833,9.66667,1967-03-02,2.1799999512732,7.81999982520938,4.99999988824129,1967,3,1967
47.4833,9.66667,1967-03-03,0.479999989271164,9.00999979861081,4.74499989394099,1967,3,1967
47.4833,9.66667,1967-03-04,2.76999993808568,12.2099997270852,7.48999983258545,1967,3,1967
47.4833,9.66667,1967-03-05,0.0299999993294477,12.1999997273088,6.1149998633191,1967,3,1967
47.4833,9.66667,1967-03-06,0.399999991059303,11.2999997474253,5.84999986924231,1967,3,1967
47.4833,9.66667,1967-03-07,5.5099998768419,10.0999997742474,7.80499982554466,1967,3,1967
47.4833,9.66667,1967-03-08,2.84999993629754,10.1199997738004,6.48499985504895,1967,3,1967
47.4833,9.66667,1967-03-09,3.56999992020428,14.7499996703118,9.15999979525805,1967,3,1967
47.4833,9.66667,1967-03-10,7.89999982342124,18.5299995858222,13.2149997046217,1967,3,1967
47.4833,9.66667,1967-03-11,5.61999987438321,12.4399997219443,9.02999979816377,1967,3,1967
47.4833,9.66667,1967-03-12,4.61999989673495,10.5799997635186,7.59999983012676,1967,3,1967
47.4833,9.66667,1967-03-13,2.75999993830919,8.24999981559813,5.50499987695366,1967,3,1967
47.4833,9.66667,1967-03-14,1.10999997518957,9.49999978765845,5.30499988142401,1967,3,1967
47.4833,9.66667,1967-03-15,-0.979999978095293,5.08999988622963,2.05499995406717,1967,3,1967
47.4833,9.66667,1967-03-16,-0.369999991729856,10.3299997691065,4.97999988868833,1967,3,1967
47.4833,9.66667,1967-03-17,-0.0799999982118607,5.49999987706542,2.70999993942678,1967,3,1967
47.4833,9.66667,1967-03-18,0.789999982342124,7.09999984130263,3.94499991182238,1967,3,1967
47.4833,9.66667,1967-03-19,1.58999996446073,5.54999987594783,3.56999992020428,1967,3,1967
47.4833,9.66667,1967-03-20,0.0899999979883432,3.17999992892146,1.6349999634549,1967,3,1967
47.4833,9.66667,1967-03-21,0.949999978765845,4.66999989561737,2.80999993719161,1967,3,1967
47.4833,9.66667,1967-03-22,0.96999997831881,7.92999982275069,4.44999990053475,1967,3,1967
47.4833,9.66667,1967-03-23,1.91999995708466,10.7499997597188,6.33499985840172,1967,3,1967
47.4833,9.66667,1967-03-24,3.00999993272126,7.54999983124435,5.2799998819828,1967,3,1967
47.4833,9.66667,1967-03-25,0.979999978095293,7.98999982140958,4.48499989975244,1967,3,1967
47.4833,9.66667,1967-03-26,-1.57999996468425,12.8199997134507,5.61999987438321,1967,3,1967
47.4833,9.66667,1967-03-27,2.65999994054437,13.5599996969104,8.10999981872737,1967,3,1967
47.4833,9.66667,1967-03-28,4.31999990344048,12.6299997176975,8.47499981056899,1967,3,1967
47.4833,9.66667,1967-03-29,1.95999995619059,9.63999978452921,5.7999998703599,1967,3,1967
47.4833,9.66667,1967-03-30,-0.30999999307096,6.23999986052513,2.96499993372709,1967,3,1967
47.4833,9.66667,1967-03-31,-2.65999994054437,6.77999984845519,2.05999995395541,1967,3,1967
47.4833,9.66667,1967-04-01,-0.759999983012676,4.46999990008771,1.85499995853752,1967,4,1967
47.4833,9.66667,1967-04-02,-0.229999994859099,4.61999989673495,2.19499995093793,1967,4,1967
47.4833,9.66667,1967-04-03,-1.29999997094274,7.46999983303249,3.08499993104488,1967,4,1967
47.4833,9.66667,1967-04-04,2.06999995373189,7.06999984197319,4.56999989785254,1967,4,1967
47.4833,9.66667,1967-04-05,2.43999994546175,5.28999988175929,3.86499991361052,1967,4,1967
47.4833,9.66667,1967-04-06,3.56999992020428,11.1399997510016,7.35499983560294,1967,4,1967
47.4833,9.66667,1967-04-07,1.56999996490777,7.77999982610345,4.67499989550561,1967,4,1967
47.4833,9.66667,1967-04-08,0.0299999993294477,6.46999985538423,3.24999992735684,1967,4,1967
47.4833,9.66667,1967-04-09,-1.91999995708466,11.9199997335672,4.99999988824129,1967,4,1967
47.4833,9.66667,1967-04-10,3.85999991372228,16.7399996258318,10.2999997697771,1967,4,1967
47.4833,9.66667,1967-04-11,4.74999989382923,12.8399997130036,8.79499980341643,1967,4,1967
47.4833,9.66667,1967-04-12,0.789999982342124,15.3799996562302,8.08499981928617,1967,4,1967
47.4833,9.66667,1967-04-13,1.38999996893108,15.5299996528774,8.45999981090426,1967,4,1967
47.4833,9.66667,1967-04-14,2.71999993920326,17.9199995994568,10.31999976933,1967,4,1967
47.4833,9.66667,1967-04-15,5.13999988511205,14.5399996750057,9.83999978005886,1967,4,1967
47.4833,9.66667,1967-04-16,6.4299998562783,14.6899996716529,10.5599997639656,1967,4,1967
47.4833,9.66667,1967-04-17,3.76999991573393,17.1299996171147,10.4499997664243,1967,4,1967
47.4833,9.66667,1967-04-18,3.18999992869794,18.1999995931983,10.6949997609481,1967,4,1967
47.4833,9.66667,1967-04-19,4.16999990679324,15.9299996439368,10.049999775365,1967,4,1967
47.4833,9.66667,1967-04-20,-1.07999997586012,11.5099997427315,5.21499988343567,1967,4,1967
47.4833,9.66667,1967-04-21,1.58999996446073,18.4799995869398,10.0349997757003,1967,4,1967
47.4833,9.66667,1967-04-22,1.98999995552003,12.619999717921,7.30499983672053,1967,4,1967
47.4833,9.66667,1967-04-23,-0.539999987930059,3.92999991215765,1.6949999621138,1967,4,1967
47.4833,9.66667,1967-04-24,-1.30999997071922,6.4299998562783,2.55999994277954,1967,4,1967
47.4833,9.66667,1967-04-25,-0.869999980553985,5.5099998768419,2.31999994814396,1967,4,1967
47.4833,9.66667,1967-04-26,-2.77999993786216,6.07999986410141,1.64999996311963,1967,4,1967
47.4833,9.66667,1967-04-27,-1.96999995596707,7.48999983258545,2.75999993830919,1967,4,1967
47.4833,9.66667,1967-04-28,0.999999977648258,8.11999981850386,4.55999989807606,1967,4,1967
47.4833,9.66667,1967-04-29,0.779999982565641,13.1199997067451,6.94999984465539,1967,4,1967
47.4833,9.66667,1967-04-30,1.03999997675419,15.0899996627122,8.0649998197332,1967,4,1967
47.4833,9.66667,1967-05-01,2.16999995149672,18.0199995972216,10.0949997743592,1967,5,NA
47.4833,9.66667,1967-05-02,6.30999985896051,16.3199996352196,11.31499974709,1967,5,NA
47.4833,9.66667,1967-05-03,3.94999991171062,10.879999756813,7.41499983426183,1967,5,NA
47.4833,9.66667,1967-05-04,-0.0299999993294477,4.53999989852309,2.25499994959682,1967,5,NA
47.4833,9.66667,1967-05-05,-0.359999991953373,12.1099997293204,5.87499986868352,1967,5,NA
47.4833,9.66667,1967-05-06,1.63999996334314,17.8599996007979,9.74999978207052,1967,5,NA
47.4833,9.66667,1967-05-07,4.40999990142882,16.2799996361136,10.3449997687712,1967,5,NA
47.4833,9.66667,1967-05-08,3.62999991886318,16.929999621585,10.2799997702241,1967,5,NA
47.4833,9.66667,1967-05-09,5.93999986723065,16.6699996273965,11.3049997473136,1967,5,NA
47.4833,9.66667,1967-05-10,4.97999988868833,20.4599995426834,12.7199997156858,1967,5,NA
47.4833,9.66667,1967-05-11,7.72999982722104,23.249999480322,15.4899996537715,1967,5,NA
47.4833,9.66667,1967-05-12,9.1299997959286,24.099999461323,16.6149996286258,1967,5,NA
47.4833,9.66667,1967-05-13,10.049999775365,23.9799994640052,17.0149996196851,1967,5,NA
47.4833,9.66667,1967-05-14,11.5299997422844,21.4099995214492,16.4699996318668,1967,5,NA
47.4833,9.66667,1967-05-15,10.4299997668713,24.5699994508177,17.4999996088445,1967,5,NA
47.4833,9.66667,1967-05-16,11.3099997472018,20.5699995402247,15.9399996437132,1967,5,NA
47.4833,9.66667,1967-05-17,9.53999978676438,18.0099995974451,13.7749996921048,1967,5,NA
47.4833,9.66667,1967-05-18,9.11999979615211,16.0099996421486,12.5649997191504,1967,5,NA
47.4833,9.66667,1967-05-19,8.27999981492758,11.6799997389317,9.97999977692962,1967,5,NA
47.4833,9.66667,1967-05-20,6.75999984890223,15.769999647513,11.2649997482076,1967,5,NA
47.4833,9.66667,1967-05-21,6.89999984577298,14.1499996837229,10.5249997647479,1967,5,NA
47.4833,9.66667,1967-05-22,5.20999988354743,17.3499996121973,11.2799997478724,1967,5,NA
47.4833,9.66667,1967-05-23,5.42999987863004,20.1699995491654,12.7999997138977,1967,5,NA
47.4833,9.66667,1967-05-24,5.24999988265336,13.0899997074157,9.16999979503453,1967,5,NA
47.4833,9.66667,1967-05-25,5.59999987483025,15.4399996548891,10.5199997648597,1967,5,NA
47.4833,9.66667,1967-05-26,6.17999986186624,14.2099996823817,10.194999772124,1967,5,NA
47.4833,9.66667,1967-05-27,6.46999985538423,15.8699996452779,11.169999750331,1967,5,NA
47.4833,9.66667,1967-05-28,5.75999987125397,23.7899994682521,14.774999669753,1967,5,NA
47.4833,9.66667,1967-05-29,11.6299997400492,30.1899993252009,20.9099995326251,1967,5,NA
47.4833,9.66667,1967-05-30,10.339999768883,20.389999544248,15.3649996565655,1967,5,NA
47.4833,9.66667,1967-05-31,8.41999981179833,15.3999996557832,11.9099997337908,1967,5,NA
47.4833,9.66667,1967-06-01,6.94999984465539,10.7299997601658,8.8399998024106,1967,6,NA
47.4833,9.66667,1967-06-02,6.03999986499548,11.8799997344613,8.95999979972839,1967,6,NA
47.4833,9.66667,1967-06-03,5.14999988488853,16.9799996204674,11.064999752678,1967,6,NA
47.4833,9.66667,1967-06-04,6.63999985158443,20.389999544248,13.5149996979162,1967,6,NA
47.4833,9.66667,1967-06-05,8.86999980174005,21.6999995149672,15.2849996583536,1967,6,NA
47.4833,9.66667,1967-06-06,9.51999978721142,22.4299994986504,15.9749996429309,1967,6,NA
47.4833,9.66667,1967-06-07,10.5599997639656,24.659999448806,17.6099996063858,1967,6,NA
47.4833,9.66667,1967-06-08,12.929999710992,25.0199994407594,18.9749995758757,1967,6,NA
47.4833,9.66667,1967-06-09,9.27999979257584,15.6899996493012,12.4849997209385,1967,6,NA
47.4833,9.66667,1967-06-10,6.34999985806644,9.94999977760017,8.1499998178333,1967,6,NA
47.4833,9.66667,1967-06-11,6.37999985739589,9.87999977916479,8.12999981828034,1967,6,NA
47.4833,9.66667,1967-06-12,6.43999985605478,12.1599997282028,9.2999997921288,1967,6,NA
47.4833,9.66667,1967-06-13,3.91999991238117,14.5699996743351,9.24499979335815,1967,6,NA
47.4833,9.66667,1967-06-14,5.78999987058342,14.5799996741116,10.1849997723475,1967,6,NA
47.4833,9.66667,1967-06-15,6.16999986208975,14.5699996743351,10.3699997682124,1967,6,NA
47.4833,9.66667,1967-06-16,6.4299998562783,10.3899997677654,8.40999981202185,1967,6,NA
47.4833,9.66667,1967-06-17,5.84999986924231,16.1999996379018,11.024999753572,1967,6,NA
47.4833,9.66667,1967-06-18,6.55999985337257,20.9899995308369,13.7749996921048,1967,6,NA
47.4833,9.66667,1967-06-19,8.64999980665743,21.7899995129555,15.2199996598065,1967,6,NA
47.4833,9.66667,1967-06-20,9.3599997907877,18.7599995806813,14.0599996857345,1967,6,NA
47.4833,9.66667,1967-06-21,10.31999976933,17.3399996124208,13.8299996908754,1967,6,NA
47.4833,9.66667,1967-06-22,10.6899997610599,16.929999621585,13.8099996913224,1967,6,NA
47.4833,9.66667,1967-06-23,10.5599997639656,23.829999467358,17.1949996156618,1967,6,NA
47.4833,9.66667,1967-06-24,11.7999997362494,27.2999993897974,19.5499995630234,1967,6,NA
47.4833,9.66667,1967-06-25,14.5699996743351,29.4699993412942,22.0199995078146,1967,6,NA
47.4833,9.66667,1967-06-26,15.9399996437132,32.0799992829561,24.0099994633347,1967,6,NA
47.4833,9.66667,1967-06-27,13.7899996917695,26.6199994049966,20.2049995483831,1967,6,NA
47.4833,9.66667,1967-06-28,12.5699997190386,23.269999479875,17.9199995994568,1967,6,NA
47.4833,9.66667,1967-06-29,11.2499997485429,17.3099996130913,14.2799996808171,1967,6,NA
47.4833,9.66667,1967-06-30,8.52999980933964,22.4899994973093,15.5099996533245,1967,6,NA
47.4833,9.66667,1967-07-01,10.8299997579306,24.4199994541705,17.6249996060506,1967,7,NA
47.4833,9.66667,1967-07-02,12.3899997230619,26.97999939695,19.684999560006,1967,7,NA
47.4833,9.66667,1967-07-03,15.3599996566772,28.139999371022,21.7499995138496,1967,7,NA
47.4833,9.66667,1967-07-04,14.0299996864051,22.3899994995445,18.2099995929748,1967,7,NA
47.4833,9.66667,1967-07-05,12.4899997208267,20.2599995471537,16.3749996339902,1967,7,NA
47.4833,9.66667,1967-07-06,11.1299997512251,22.2299995031208,16.6799996271729,1967,7,NA
47.4833,9.66667,1967-07-07,10.9499997552484,24.1299994606525,17.5399996079504,1967,7,NA
47.4833,9.66667,1967-07-08,14.1199996843934,21.9999995082617,18.0599995963275,1967,7,NA
47.4833,9.66667,1967-07-09,12.5399997197092,22.0399995073676,17.2899996135384,1967,7,NA
47.4833,9.66667,1967-07-10,11.2299997489899,16.6699996273965,13.9499996881932,1967,7,NA
47.4833,9.66667,1967-07-11,6.69999985024333,19.9899995531887,13.344999701716,1967,7,NA
47.4833,9.66667,1967-07-12,9.14999979548156,23.519999474287,16.3349996348843,1967,7,NA
47.4833,9.66667,1967-07-13,11.5299997422844,26.5999994054437,19.064999573864,1967,7,NA
47.4833,9.66667,1967-07-14,14.9999996647239,28.4999993629754,21.7499995138496,1967,7,NA
47.4833,9.66667,1967-07-15,15.6299996506423,26.9399993978441,21.2849995242432,1967,7,NA
47.4833,9.66667,1967-07-16,14.089999685064,22.4999994970858,18.2949995910749,1967,7,NA
47.4833,9.66667,1967-07-17,14.359999679029,22.8199994899333,18.5899995844811,1967,7,NA
47.4833,9.66667,1967-07-18,12.6499997172505,25.3499994333833,18.9999995753169,1967,7,NA
47.4833,9.66667,1967-07-19,14.1799996830523,28.5699993614107,21.3749995222315,1967,7,NA
47.4833,9.66667,1967-07-20,15.5899996515363,29.4199993424118,22.5049994969741,1967,7,NA
47.4833,9.66667,1967-07-21,16.5099996309727,27.7499993797392,22.129999505356,1967,7,NA
47.4833,9.66667,1967-07-22,14.9699996653944,24.7399994470179,19.8549995562062,1967,7,NA
47.4833,9.66667,1967-07-23,16.5999996289611,26.7699994016439,21.6849995153025,1967,7,NA
47.4833,9.66667,1967-07-24,15.6399996504188,22.3599995002151,18.9999995753169,1967,7,NA
47.4833,9.66667,1967-07-25,14.6699996720999,22.9999994859099,18.8349995790049,1967,7,NA
47.4833,9.66667,1967-07-26,13.2399997040629,21.0999995283782,17.1699996162206,1967,7,NA
47.4833,9.66667,1967-07-27,13.6699996944517,21.5699995178729,17.6199996061623,1967,7,NA
47.4833,9.66667,1967-07-28,11.8599997349083,24.7399994470179,18.2999995909631,1967,7,NA
47.4833,9.66667,1967-07-29,14.3899996783584,24.659999448806,19.5249995635822,1967,7,NA
47.4833,9.66667,1967-07-30,14.629999672994,24.3099994566292,19.4699995648116,1967,7,NA
47.4833,9.66667,1967-07-31,14.0999996848404,25.7299994248897,19.9149995548651,1967,7,NA
47.4833,9.66667,1967-08-01,15.1999996602535,27.2599993906915,21.2299995254725,1967,8,NA
47.4833,9.66667,1967-08-02,16.4499996323138,28.9499993529171,22.6999994926155,1967,8,NA
47.4833,9.66667,1967-08-03,15.9099996443838,28.1299993712455,22.0199995078146,1967,8,NA
47.4833,9.66667,1967-08-04,14.8499996680766,23.5699994731694,19.209999570623,1967,8,NA
47.4833,9.66667,1967-08-05,14.5299996752292,21.7099995147437,18.1199995949864,1967,8,NA
47.4833,9.66667,1967-08-06,11.1299997512251,18.0099995974451,14.5699996743351,1967,8,NA
47.4833,9.66667,1967-08-07,10.0099997762591,16.1899996381253,13.0999997071922,1967,8,NA
47.4833,9.66667,1967-08-08,8.05999981984496,21.4099995214492,14.7349996706471,1967,8,NA
47.4833,9.66667,1967-08-09,10.339999768883,25.0599994398654,17.6999996043742,1967,8,NA
47.4833,9.66667,1967-08-10,14.1499996837229,26.8399994000793,20.4949995419011,1967,8,NA
47.4833,9.66667,1967-08-11,13.6899996940047,22.5699994955212,18.1299995947629,1967,8,NA
47.4833,9.66667,1967-08-12,12.5699997190386,19.0399995744228,15.8049996467307,1967,8,NA
47.4833,9.66667,1967-08-13,11.5099997427315,20.409999543801,15.9599996432662,1967,8,NA
47.4833,9.66667,1967-08-14,10.359999768436,16.3399996347725,13.3499997016042,1967,8,NA
47.4833,9.66667,1967-08-15,7.22999983839691,18.0799995958805,12.6549997171387,1967,8,NA
47.4833,9.66667,1967-08-16,12.2899997252971,22.2099995035678,17.2499996144325,1967,8,NA
47.4833,9.66667,1967-08-17,14.0299996864051,26.9299993980676,20.4799995422363,1967,8,NA
47.4833,9.66667,1967-08-18,14.629999672994,21.5399995185435,18.0849995957687,1967,8,NA
47.4833,9.66667,1967-08-19,11.209999749437,21.7399995140731,16.4749996317551,1967,8,NA
47.4833,9.66667,1967-08-20,11.1399997510016,22.5499994959682,16.8449996234849,1967,8,NA
47.4833,9.66667,1967-08-21,12.8799997121096,17.3399996124208,15.1099996622652,1967,8,NA
47.4833,9.66667,1967-08-22,10.2799997702241,21.219999525696,15.7499996479601,1967,8,NA
47.4833,9.66667,1967-08-23,9.93999977782369,22.8999994881451,16.4199996329844,1967,8,NA
47.4833,9.66667,1967-08-24,11.749999737367,24.6499994490296,18.1999995931983,1967,8,NA
47.4833,9.66667,1967-08-25,13.0999997071922,20.4399995431304,16.7699996251613,1967,8,NA
47.4833,9.66667,1967-08-26,10.9399997554719,22.1699995044619,16.5549996299669,1967,8,NA
47.4833,9.66667,1967-08-27,12.039999730885,22.2399995028973,17.1399996168911,1967,8,NA
47.4833,9.66667,1967-08-28,12.4999997206032,21.819999512285,17.1599996164441,1967,8,NA
47.4833,9.66667,1967-08-29,10.9999997541308,22.6599994935095,16.8299996238202,1967,8,NA
47.4833,9.66667,1967-08-30,10.919999755919,21.6799995154142,16.2999996356666,1967,8,NA
47.4833,9.66667,1967-08-31,10.7699997592717,22.2599995024502,16.514999630861,1967,8,NA
47.4833,9.66667,1967-09-01,11.9099997337908,20.5599995404482,16.2349996371195,1967,9,NA
47.4833,9.66667,1967-09-02,12.1399997286499,21.3799995221198,16.7599996253848,1967,9,NA
47.4833,9.66667,1967-09-03,14.1699996832758,24.5099994521588,19.3399995677173,1967,9,NA
47.4833,9.66667,1967-09-04,12.6699997168034,24.1299994606525,18.399999588728,1967,9,NA
47.4833,9.66667,1967-09-05,9.44999978877604,17.1799996159971,13.3149997023866,1967,9,NA
47.4833,9.66667,1967-09-06,5.94999986700714,17.489999609068,11.7199997380376,1967,9,NA
47.4833,9.66667,1967-09-07,8.87999980151653,17.2599996142089,13.0699997078627,1967,9,NA
47.4833,9.66667,1967-09-08,7.81999982520938,13.1299997065216,10.4749997658655,1967,9,NA
47.4833,9.66667,1967-09-09,6.91999984532595,12.5699997190386,9.74499978218228,1967,9,NA
47.4833,9.66667,1967-09-10,8.11999981850386,11.3699997458607,9.74499978218228,1967,9,NA
47.4833,9.66667,1967-09-11,7.53999983146787,11.6399997398257,9.5899997856468,1967,9,NA
47.4833,9.66667,1967-09-12,6.43999985605478,10.1699997726828,8.30499981436878,1967,9,NA
47.4833,9.66667,1967-09-13,5.24999988265336,15.7499996479601,10.4999997653067,1967,9,NA
47.4833,9.66667,1967-09-14,4.73999989405274,16.1399996392429,10.4399997666478,1967,9,NA
47.4833,9.66667,1967-09-15,8.039999820292,13.1899997051805,10.6149997627363,1967,9,NA
47.4833,9.66667,1967-09-16,8.21999981626868,16.9699996206909,12.5949997184798,1967,9,NA
47.4833,9.66667,1967-09-17,9.44999978877604,14.1999996826053,11.8249997356907,1967,9,NA
47.4833,9.66667,1967-09-18,9.6999997831881,16.7199996262789,13.2099997047335,1967,9,NA
47.4833,9.66667,1967-09-19,7.02999984286726,16.5599996298552,11.7949997363612,1967,9,NA
47.4833,9.66667,1967-09-20,8.90999980084598,17.4299996104091,13.1699997056276,1967,9,NA
47.4833,9.66667,1967-09-21,10.0799997746944,15.3999996557832,12.7399997152388,1967,9,NA
47.4833,9.66667,1967-09-22,10.0199997760355,22.5799994952977,16.2999996356666,1967,9,NA
47.4833,9.66667,1967-09-23,9.34999979101121,18.3899995889515,13.8699996899813,1967,9,NA
47.4833,9.66667,1967-09-24,5.5099998768419,17.3199996128678,11.4149997448549,1967,9,NA
47.4833,9.66667,1967-09-25,8.18999981693923,21.6599995158613,14.9249996664003,1967,9,NA
47.4833,9.66667,1967-09-26,10.4699997659773,24.5499994512647,17.509999608621,1967,9,NA
47.4833,9.66667,1967-09-27,11.2699997480959,24.0599994622171,17.6649996051565,1967,9,NA
47.4833,9.66667,1967-09-28,12.1199997290969,22.7099994923919,17.4149996107444,1967,9,NA
47.4833,9.66667,1967-09-29,12.2899997252971,22.1699995044619,17.2299996148795,1967,9,NA
47.4833,9.66667,1967-09-30,10.6899997610599,20.5299995411187,15.6099996510893,1967,9,NA
47.4833,9.66667,1967-10-01,12.4299997221678,21.4199995212257,16.9249996216968,1967,10,1968
47.4833,9.66667,1967-10-02,11.6399997398257,17.5199996083975,14.5799996741116,1967,10,1968
47.4833,9.66667,1967-10-03,11.1399997510016,18.359999589622,14.7499996703118,1967,10,1968
47.4833,9.66667,1967-10-04,10.919999755919,16.3599996343255,13.6399996951222,1967,10,1968
47.4833,9.66667,1967-10-05,7.8099998254329,17.9399995990098,12.8749997122213,1967,10,1968
47.4833,9.66667,1967-10-06,6.84999984689057,12.5399997197092,9.69499978329986,1967,10,1968
47.4833,9.66667,1967-10-07,5.17999988421798,14.0999996848404,9.63999978452921,1967,10,1968
47.4833,9.66667,1967-10-08,9.56999978609383,19.2599995695055,14.4149996777996,1967,10,1968
47.4833,9.66667,1967-10-09,11.0699997525662,19.1899995710701,15.1299996618181,1967,10,1968
47.4833,9.66667,1967-10-10,9.34999979101121,17.9899995978922,13.6699996944517,1967,10,1968
47.4833,9.66667,1967-10-11,8.65999980643392,18.9499995764345,13.8049996914342,1967,10,1968
47.4833,9.66667,1967-10-12,7.53999983146787,17.9999995976686,12.7699997145683,1967,10,1968
47.4833,9.66667,1967-10-13,6.94999984465539,18.0799995958805,12.514999720268,1967,10,1968
47.4833,9.66667,1967-10-14,6.60999985225499,18.7299995813519,12.6699997168034,1967,10,1968
47.4833,9.66667,1967-10-15,6.78999984823167,18.9999995753169,12.8949997117743,1967,10,1968
47.4833,9.66667,1967-10-16,9.63999978452921,18.4499995876104,14.0449996860698,1967,10,1968
47.4833,9.66667,1967-10-17,12.4999997206032,22.1599995046854,17.3299996126443,1967,10,1968
47.4833,9.66667,1967-10-18,9.50999978743494,24.5899994503707,17.0499996189028,1967,10,1968
47.4833,9.66667,1967-10-19,5.29999988153577,12.6499997172505,8.97499979939312,1967,10,1968
47.4833,9.66667,1967-10-20,0.109999997541308,12.5299997199327,6.31999985873699,1967,10,1968
47.4833,9.66667,1967-10-21,3.34999992512167,16.8599996231496,10.1049997741356,1967,10,1968
47.4833,9.66667,1967-10-22,4.07999990880489,16.8399996235967,10.4599997662008,1967,10,1968
47.4833,9.66667,1967-10-23,5.85999986901879,17.7499996032566,11.8049997361377,1967,10,1968
47.4833,9.66667,1967-10-24,5.54999987594783,16.7499996256083,11.1499997507781,1967,10,1968
47.4833,9.66667,1967-10-25,5.70999987237155,16.4299996327609,11.0699997525662,1967,10,1968
47.4833,9.66667,1967-10-26,8.19999981671572,16.6999996267259,12.4499997217208,1967,10,1968
47.4833,9.66667,1967-10-27,6.44999985583127,16.2599996365607,11.354999746196,1967,10,1968
47.4833,9.66667,1967-10-28,5.98999986611307,16.1999996379018,11.0949997520074,1967,10,1968
47.4833,9.66667,1967-10-29,7.08999984152615,14.9799996651709,11.0349997533485,1967,10,1968
47.4833,9.66667,1967-10-30,2.42999994568527,9.05999979749322,5.74499987158924,1967,10,1968
47.4833,9.66667,1967-10-31,0.609999986365438,10.4399997666478,5.52499987650663,1967,10,1968
47.4833,9.66667,1967-11-01,-0.569999987259507,10.5099997650832,4.96999988891184,1967,11,1968
47.4833,9.66667,1967-11-02,2.71999993920326,10.1899997722358,6.45499985571951,1967,11,1968
47.4833,9.66667,1967-11-03,3.71999991685152,12.6699997168034,8.19499981682748,1967,11,1968
47.4833,9.66667,1967-11-04,3.48999992199242,8.35999981313944,5.92499986756593,1967,11,1968
47.4833,9.66667,1967-11-05,-0.159999996423721,12.2599997259676,6.04999986477196,1967,11,1968
47.4833,9.66667,1967-11-06,4.08999990858138,11.9199997335672,8.00499982107431,1967,11,1968
47.4833,9.66667,1967-11-07,0.539999987930059,8.61999980732799,4.57999989762902,1967,11,1968
47.4833,9.66667,1967-11-08,0.919999979436398,8.25999981537461,4.58999989740551,1967,11,1968
47.4833,9.66667,1967-11-09,0.139999996870756,6.46999985538423,3.30499992612749,1967,11,1968
47.4833,9.66667,1967-11-10,0.789999982342124,7.98999982140958,4.38999990187585,1967,11,1968
47.4833,9.66667,1967-11-11,1.6099999640137,8.78999980352819,5.19999988377094,1967,11,1968
47.4833,9.66667,1967-11-12,-0.569999987259507,7.5199998319149,3.4749999223277,1967,11,1968
47.4833,9.66667,1967-11-13,5.05999988690019,10.9599997550249,8.00999982096255,1967,11,1968
47.4833,9.66667,1967-11-14,2.44999994523823,12.6099997181445,7.52999983169138,1967,11,1968
47.4833,9.66667,1967-11-15,1.36999996937811,10.2899997700006,5.82999986968935,1967,11,1968
47.4833,9.66667,1967-11-16,2.73999993875623,14.7699996698648,8.7549998043105,1967,11,1968
47.4833,9.66667,1967-11-17,4.17999990656972,9.30999979190528,6.7449998492375,1967,11,1968
47.4833,9.66667,1967-11-18,2.39999994635582,6.43999985605478,4.4199999012053,1967,11,1968
47.4833,9.66667,1967-11-19,2.16999995149672,5.67999987304211,3.92499991226941,1967,11,1968
47.4833,9.66667,1967-11-20,1.09999997541308,5.90999986790121,3.50499992165715,1967,11,1968
47.4833,9.66667,1967-11-21,1.52999996580184,4.60999989695847,3.06999993138015,1967,11,1968
47.4833,9.66667,1967-11-22,0.229999994859099,4.95999988913536,2.59499994199723,1967,11,1968
47.4833,9.66667,1967-11-23,-0.399999991059303,4.31999990344048,1.95999995619059,1967,11,1968
47.4833,9.66667,1967-11-24,-1.63999996334314,2.73999993875623,0.549999987706542,1967,11,1968
47.4833,9.66667,1967-11-25,-1.67999996244907,1.80999995954335,0.0649999985471368,1967,11,1968
47.4833,9.66667,1967-11-26,-2.05999995395541,2.71999993920326,0.329999992623925,1967,11,1968
47.4833,9.66667,1967-11-27,-1.28999997116625,5.91999986767769,2.31499994825572,1967,11,1968
47.4833,9.66667,1967-11-28,-1.03999997675419,4.60999989695847,1.78499996010214,1967,11,1968
47.4833,9.66667,1967-11-29,-3.3299999255687,3.29999992623925,-0.0149999996647239,1967,11,1968
47.4833,9.66667,1967-11-30,-0.139999996870756,6.2599998600781,3.05999993160367,1967,11,1968
47.4833,9.66667,1967-12-01,0.469999989494681,4.44999990053475,2.45999994501472,1967,12,1968
47.4833,9.66667,1967-12-02,-1.42999996803701,2.8699999358505,0.719999983906746,1967,12,1968
47.4833,9.66667,1967-12-03,-1.38999996893108,5.20999988354743,1.90999995730817,1967,12,1968
47.4833,9.66667,1967-12-04,-2.56999994255602,2.18999995104969,-0.189999995753169,1967,12,1968
47.4833,9.66667,1967-12-05,-1.40999996848404,2.9299999345094,0.759999983012676,1967,12,1968
47.4833,9.66667,1967-12-06,-1.40999996848404,7.36999983526766,2.97999993339181,1967,12,1968
47.4833,9.66667,1967-12-07,-1.09999997541308,4.59999989718199,1.74999996088445,1967,12,1968
47.4833,9.66667,1967-12-08,-3.0399999320507,2.38999994657934,-0.324999992735684,1967,12,1968
47.4833,9.66667,1967-12-09,-8.6699998062104,-3.0999999307096,-5.88499986846,1967,12,1968
47.4833,9.66667,1967-12-10,-12.5199997201562,-5.30999988131225,-8.91499980073422,1967,12,1968
47.4833,9.66667,1967-12-11,-14.6899996716529,-6.44999985583127,-10.5699997637421,1967,12,1968
47.4833,9.66667,1967-12-12,-12.2799997255206,-6.68999985046685,-9.48499978799373,1967,12,1968
47.4833,9.66667,1967-12-13,-12.5099997203797,-6.21999986097217,-9.36499979067594,1967,12,1968
47.4833,9.66667,1967-12-14,-12.0099997315556,-4.4799998998642,-8.24499981570989,1967,12,1968
47.4833,9.66667,1967-12-15,-7.72999982722104,0.339999992400408,-3.69499991741031,1967,12,1968
47.4833,9.66667,1967-12-16,-7.1199998408556,-2.05999995395541,-4.58999989740551,1967,12,1968
47.4833,9.66667,1967-12-17,-5.08999988622963,2.47999994456768,-1.30499997083098,1967,12,1968
47.4833,9.66667,1967-12-18,-5.60999987460673,1.67999996244907,-1.96499995607883,1967,12,1968
47.4833,9.66667,1967-12-19,-8.02999982051551,-2.77999993786216,-5.40499987918884,1967,12,1968
47.4833,9.66667,1967-12-20,-6.76999984867871,-0.0599999986588955,-3.4149999236688,1967,12,1968
47.4833,9.66667,1967-12-21,-8.8399998024106,0.0599999986588955,-4.38999990187585,1967,12,1968
47.4833,9.66667,1967-12-22,-11.479999743402,-3.06999993138015,-7.27499983739108,1967,12,1968
47.4833,9.66667,1967-12-23,-4.78999989293516,5.26999988220632,0.239999994635582,1967,12,1968
47.4833,9.66667,1967-12-24,2.56999994255602,9.37999979034066,5.97499986644834,1967,12,1968
47.4833,9.66667,1967-12-25,3.92999991215765,8.62999980710447,6.27999985963106,1967,12,1968
47.4833,9.66667,1967-12-26,0.379999991506338,5.72999987192452,3.05499993171543,1967,12,1968
47.4833,9.66667,1967-12-27,-1.95999995619059,1.8399999588728,-0.0599999986588955,1967,12,1968
47.4833,9.66667,1967-12-28,-1.07999997586012,3.07999993115664,0.999999977648258,1967,12,1968
47.4833,9.66667,1967-12-29,-3.79999991506338,3.28999992646277,-0.254999994300306,1967,12,1968
47.4833,9.66667,1967-12-30,-1.5499999653548,2.16999995149672,0.30999999307096,1967,12,1968
47.4833,9.66667,1967-12-31,-3.3899999242276,-0.709999984130263,-2.04999995417893,1967,12,1968
47.4833,9.66667,1968-01-01,-5.43999987840652,0.199999995529652,-2.61999994143844,1968,1,1968
47.4833,9.66667,1968-01-02,-4.31999990344048,-0.329999992623925,-2.3249999480322,1968,1,1968
47.4833,9.66667,1968-01-03,-4.69999989494681,-1.5499999653548,-3.12499993015081,1968,1,1968
47.4833,9.66667,1968-01-04,-4.58999989740551,-0.509999988600612,-2.54999994300306,1968,1,1968
47.4833,9.66667,1968-01-05,-2.87999993562698,1.40999996848404,-0.73499998357147,1968,1,1968
47.4833,9.66667,1968-01-06,-2.30999994836748,3.68999991752207,0.689999984577298,1968,1,1968
47.4833,9.66667,1968-01-07,0.129999997094274,5.62999987415969,2.87999993562698,1968,1,1968
47.4833,9.66667,1968-01-08,-2.62999994121492,2.04999995417893,-0.289999993517995,1968,1,1968
47.4833,9.66667,1968-01-09,-6.35999985784292,-2.9299999345094,-4.64499989617616,1968,1,1968
47.4833,9.66667,1968-01-10,-6.64999985136092,-3.18999992869794,-4.91999989002943,1968,1,1968
47.4833,9.66667,1968-01-11,-14.5099996756762,-4.57999989762902,-9.54499978665262,1968,1,1968
47.4833,9.66667,1968-01-12,-12.3199997246265,-3.61999991908669,-7.96999982185662,1968,1,1968
47.4833,9.66667,1968-01-13,-13.5399996973574,-4.28999990411103,-8.91499980073422,1968,1,1968
47.4833,9.66667,1968-01-14,-16.9599996209145,-7.3499998357147,-12.1549997283146,1968,1,1968
47.4833,9.66667,1968-01-15,-15.0899996627122,4.43999990075827,-5.32499988097697,1968,1,1968
47.4833,9.66667,1968-01-16,3.17999992892146,8.04999982006848,5.61499987449497,1968,1,1968
47.4833,9.66667,1968-01-17,0.88999998010695,8.01999982073903,4.45499990042299,1968,1,1968
47.4833,9.66667,1968-01-18,-1.02999997697771,7.26999983750284,3.11999993026257,1968,1,1968
47.4833,9.66667,1968-01-19,0.919999979436398,3.65999991819263,2.28999994881451,1968,1,1968
47.4833,9.66667,1968-01-20,0.179999995976686,2.54999994300306,1.36499996948987,1968,1,1968
47.4833,9.66667,1968-01-21,-3.18999992869794,2.85999993607402,-0.164999996311963,1968,1,1968
47.4833,9.66667,1968-01-22,-6.37999985739589,-0.809999981895089,-3.59499991964549,1968,1,1968
47.4833,9.66667,1968-01-23,-5.48999987728894,-1.75999996066093,-3.62499991897494,1968,1,1968
47.4833,9.66667,1968-01-24,-5.86999986879528,-1.98999995552003,-3.92999991215765,1968,1,1968
47.4833,9.66667,1968-01-25,-6.06999986432493,-0.229999994859099,-3.14999992959201,1968,1,1968
47.4833,9.66667,1968-01-26,-2.74999993853271,-0.00999999977648258,-1.3799999691546,1968,1,1968
47.4833,9.66667,1968-01-27,-0.909999979659915,2.77999993786216,0.934999979101121,1968,1,1968
47.4833,9.66667,1968-01-28,0.509999988600612,2.47999994456768,1.49499996658415,1968,1,1968
47.4833,9.66667,1968-01-29,0.109999997541308,4.10999990813434,2.10999995283782,1968,1,1968
47.4833,9.66667,1968-01-30,-2.009999955073,4.61999989673495,1.30499997083098,1968,1,1968
47.4833,9.66667,1968-01-31,-4.08999990858138,4.46999990008771,0.189999995753169,1968,1,1968
47.4833,9.66667,1968-02-01,-3.91999991238117,2.66999994032085,-0.624999986030161,1968,2,1968
47.4833,9.66667,1968-02-02,-4.46999990008771,5.00999988801777,0.26999999396503,1968,2,1968
47.4833,9.66667,1968-02-03,-2.56999994255602,4.98999988846481,1.20999997295439,1968,2,1968
47.4833,9.66667,1968-02-04,-0.479999989271164,3.46999992243946,1.49499996658415,1968,2,1968
47.4833,9.66667,1968-02-05,-3.14999992959201,1.01999997720122,-1.06499997619539,1968,2,1968
47.4833,9.66667,1968-02-06,-6.44999985583127,0.799999982118607,-2.82499993685633,1968,2,1968
47.4833,9.66667,1968-02-07,-3.68999991752207,4.25999990478158,0.284999993629754,1968,2,1968
47.4833,9.66667,1968-02-08,-2.1799999512732,4.91999989002943,1.36999996937811,1968,2,1968
47.4833,9.66667,1968-02-09,-2.80999993719161,6.15999986231327,1.67499996256083,1968,2,1968
47.4833,9.66667,1968-02-10,-2.44999994523823,3.41999992355704,0.484999989159405,1968,2,1968
47.4833,9.66667,1968-02-11,-1.28999997116625,5.92999986745417,2.31999994814396,1968,2,1968
47.4833,9.66667,1968-02-12,-5.1099998857826,4.10999990813434,-0.499999988824129,1968,2,1968
47.4833,9.66667,1968-02-13,-2.34999994747341,3.98999991081655,0.819999981671572,1968,2,1968
47.4833,9.66667,1968-02-14,0.869999980553985,8.41999981179833,4.64499989617616,1968,2,1968
47.4833,9.66667,1968-02-15,1.55999996513128,9.16999979503453,5.36499988008291,1968,2,1968
47.4833,9.66667,1968-02-16,-0.589999986812472,7.24999983794987,3.3299999255687,1968,2,1968
47.4833,9.66667,1968-02-17,-0.949999978765845,3.86999991349876,1.45999996736646,1968,2,1968
47.4833,9.66667,1968-02-18,-3.59999991953373,1.1499999742955,-1.22499997261912,1968,2,1968
47.4833,9.66667,1968-02-19,-6.26999985985458,2.97999993339181,-1.64499996323138,1968,2,1968
47.4833,9.66667,1968-02-20,-7.07999984174967,3.88999991305172,-1.59499996434897,1968,2,1968
47.4833,9.66667,1968-02-21,-1.61999996379018,6.4299998562783,2.40499994624406,1968,2,1968
47.4833,9.66667,1968-02-22,1.73999996110797,7.72999982722104,4.7349998941645,1968,2,1968
47.4833,9.66667,1968-02-23,1.3199999704957,6.01999986544251,3.66999991796911,1968,2,1968
47.4833,9.66667,1968-02-24,1.26999997161329,7.17999983951449,4.22499990556389,1968,2,1968
47.4833,9.66667,1968-02-25,1.02999997697771,7.99999982118607,4.51499989908189,1968,2,1968
47.4833,9.66667,1968-02-26,-2.30999994836748,4.63999989628792,1.16499997396022,1968,2,1968
47.4833,9.66667,1968-02-27,-3.63999991863966,0.679999984800816,-1.47999996691942,1968,2,1968
47.4833,9.66667,1968-02-28,-4.06999990902841,2.8699999358505,-0.599999986588955,1968,2,1968
47.4833,9.66667,1968-02-29,-6.30999985896051,4.6499998960644,-0.829999981448054,1968,2,1968
47.4833,9.66667,1968-03-01,-5.58999987505376,3.96999991126359,-0.809999981895089,1968,3,1968
47.4833,9.66667,1968-03-02,-3.74999991618097,3.76999991573393,0.00999999977648258,1968,3,1968
47.4833,9.66667,1968-03-03,-4.76999989338219,1.61999996379018,-1.57499996479601,1968,3,1968
47.4833,9.66667,1968-03-04,-1.5499999653548,2.71999993920326,0.584999986924231,1968,3,1968
47.4833,9.66667,1968-03-05,-1.88999995775521,3.22999992780387,0.669999985024333,1968,3,1968
47.4833,9.66667,1968-03-06,-4.08999990858138,3.3899999242276,-0.34999999217689,1968,3,1968
47.4833,9.66667,1968-03-07,-0.379999991506338,2.51999994367361,1.06999997608364,1968,3,1968
47.4833,9.66667,1968-03-08,-1.97999995574355,4.39999990165234,1.20999997295439,1968,3,1968
47.4833,9.66667,1968-03-09,-3.71999991685152,3.0999999307096,-0.30999999307096,1968,3,1968
47.4833,9.66667,1968-03-10,-2.49999994412065,6.15999986231327,1.82999995909631,1968,3,1968
47.4833,9.66667,1968-03-11,-1.57999996468425,5.44999987818301,1.93499995674938,1968,3,1968
47.4833,9.66667,1968-03-12,-0.869999980553985,2.12999995239079,0.629999985918403,1968,3,1968
47.4833,9.66667,1968-03-13,-6.15999986231327,1.36999996937811,-2.39499994646758,1968,3,1968
47.4833,9.66667,1968-03-14,-7.66999982856214,4.52999989874661,-1.56999996490777,1968,3,1968
47.4833,9.66667,1968-03-15,-2.82999993674457,3.74999991618097,0.459999989718199,1968,3,1968
47.4833,9.66667,1968-03-16,-1.29999997094274,7.72999982722104,3.21499992813915,1968,3,1968
47.4833,9.66667,1968-03-17,-1.3799999691546,5.68999987281859,2.154999951832,1968,3,1968
47.4833,9.66667,1968-03-18,-2.83999993652105,10.2999997697771,3.729999916628,1968,3,1968
47.4833,9.66667,1968-03-19,2.22999995015562,9.61999978497624,5.92499986756593,1968,3,1968
47.4833,9.66667,1968-03-20,0.749999983236194,7.65999982878566,4.20499990601093,1968,3,1968
47.4833,9.66667,1968-03-21,-0.849999981001019,12.4699997212738,5.80999987013638,1968,3,1968
47.4833,9.66667,1968-03-22,1.45999996736646,11.9899997320026,6.72499984968454,1968,3,1968
47.4833,9.66667,1968-03-23,0.30999999307096,9.45999978855252,4.88499989081174,1968,3,1968
47.4833,9.66667,1968-03-24,0.189999995753169,11.9399997331202,6.06499986443669,1968,3,1968
47.4833,9.66667,1968-03-25,2.07999995350838,17.4999996088445,9.78999978117645,1968,3,1968
47.4833,9.66667,1968-03-26,2.58999994210899,16.7299996260554,9.65999978408217,1968,3,1968
47.4833,9.66667,1968-03-27,2.60999994166195,15.9799996428192,9.29499979224056,1968,3,1968
47.4833,9.66667,1968-03-28,1.90999995730817,15.1499996613711,8.52999980933964,1968,3,1968
47.4833,9.66667,1968-03-29,3.1599999293685,17.9699995983392,10.5649997638538,1968,3,1968
47.4833,9.66667,1968-03-30,4.00999991036952,19.1599995717406,11.5849997410551,1968,3,1968
47.4833,9.66667,1968-03-31,3.85999991372228,20.2199995480478,12.039999730885,1968,3,1968
47.4833,9.66667,1968-04-01,5.44999987818301,16.4799996316433,10.9649997549132,1968,4,1968
47.4833,9.66667,1968-04-02,2.89999993517995,16.2699996363372,9.58499978575855,1968,4,1968
47.4833,9.66667,1968-04-03,5.3399998806417,14.3299996796995,9.83499978017062,1968,4,1968
47.4833,9.66667,1968-04-04,0.339999992400408,9.0699997972697,4.70499989483505,1968,4,1968
47.4833,9.66667,1968-04-05,-1.11999997496605,9.04999979771674,3.96499991137534,1968,4,1968
47.4833,9.66667,1968-04-06,2.02999995462596,15.5499996524304,8.78999980352819,1968,4,1968
47.4833,9.66667,1968-04-07,2.99999993294477,9.05999979749322,6.029999865219,1968,4,1968
47.4833,9.66667,1968-04-08,2.62999994121492,8.13999981805682,5.38499987963587,1968,4,1968
47.4833,9.66667,1968-04-09,-0.949999978765845,4.35999990254641,1.70499996189028,1968,4,1968
47.4833,9.66667,1968-04-10,-2.95999993383884,6.3699998576194,1.70499996189028,1968,4,1968
47.4833,9.66667,1968-04-11,-3.22999992780387,9.64999978430569,3.20999992825091,1968,4,1968
47.4833,9.66667,1968-04-12,-2.62999994121492,8.87999980151653,3.12499993015081,1968,4,1968
47.4833,9.66667,1968-04-13,-1.52999996580184,3.36999992467463,0.919999979436398,1968,4,1968
47.4833,9.66667,1968-04-14,-1.11999997496605,7.78999982587993,3.33499992545694,1968,4,1968
47.4833,9.66667,1968-04-15,0.0899999979883432,15.1799996607006,7.63499982934445,1968,4,1968
47.4833,9.66667,1968-04-16,2.71999993920326,17.1899996157736,9.95499977748841,1968,4,1968
47.4833,9.66667,1968-04-17,4.15999990701675,20.4799995422363,12.3199997246265,1968,4,1968
47.4833,9.66667,1968-04-18,6.74999984912574,20.8799995332956,13.8149996912107,1968,4,1968
47.4833,9.66667,1968-04-19,6.90999984554946,21.819999512285,14.3649996789172,1968,4,1968
47.4833,9.66667,1968-04-20,7.92999982275069,21.6599995158613,14.794999669306,1968,4,1968
47.4833,9.66667,1968-04-21,8.51999980956316,23.7399994693696,16.1299996394664,1968,4,1968
47.4833,9.66667,1968-04-22,8.95999979972839,25.0599994398654,17.0099996197969,1968,4,1968
47.4833,9.66667,1968-04-23,10.069999774918,24.7999994456768,17.4349996102974,1968,4,1968
47.4833,9.66667,1968-04-24,10.0199997760355,23.5499994736165,16.784999624826,1968,4,1968
47.4833,9.66667,1968-04-25,7.59999983012676,17.2699996139854,12.4349997220561,1968,4,1968
47.4833,9.66667,1968-04-26,4.91999989002943,10.7899997588247,7.85499982442707,1968,4,1968
47.4833,9.66667,1968-04-27,5.40999987907708,11.9799997322261,8.69499980565161,1968,4,1968
47.4833,9.66667,1968-04-28,3.85999991372228,16.9399996213615,10.3999997675419,1968,4,1968
47.4833,9.66667,1968-04-29,8.48999981023371,15.5999996513128,12.0449997307733,1968,4,1968
47.4833,9.66667,1968-04-30,6.17999986186624,12.7299997154623,9.45499978866428,1968,4,1968
47.4833,9.66667,1968-05-01,4.35999990254641,13.0399997085333,8.69999980553985,1968,5,NA
47.4833,9.66667,1968-05-02,6.029999865219,15.229999659583,10.629999762401,1968,5,NA
47.4833,9.66667,1968-05-03,6.31999985873699,16.0099996421486,11.1649997504428,1968,5,NA
47.4833,9.66667,1968-05-04,7.90999982319772,17.1699996162206,12.5399997197092,1968,5,NA
47.4833,9.66667,1968-05-05,9.55999978631735,22.5399994961917,16.0499996412545,1968,5,NA
47.4833,9.66667,1968-05-06,9.95999977737665,17.7399996034801,13.8499996904284,1968,5,NA
47.4833,9.66667,1968-05-07,6.17999986186624,19.7299995590001,12.9549997104332,1968,5,NA
47.4833,9.66667,1968-05-08,3.97999991104007,9.38999979011714,6.68499985057861,1968,5,NA
47.4833,9.66667,1968-05-09,0.809999981895089,14.2799996808171,7.54499983135611,1968,5,NA
47.4833,9.66667,1968-05-10,4.39999990165234,18.4199995882809,11.4099997449666,1968,5,NA
47.4833,9.66667,1968-05-11,9.68999978341162,17.509999608621,13.5999996960163,1968,5,NA
47.4833,9.66667,1968-05-12,6.18999986164272,20.1499995496124,13.1699997056276,1968,5,NA
47.4833,9.66667,1968-05-13,4.77999989315867,14.4099996779114,9.59499978553504,1968,5,NA
47.4833,9.66667,1968-05-14,4.11999990791082,13.8999996893108,9.00999979861081,1968,5,NA
47.4833,9.66667,1968-05-15,3.81999991461635,16.9999996200204,10.4099997673184,1968,5,NA
47.4833,9.66667,1968-05-16,5.28999988175929,19.1599995717406,12.22499972675,1968,5,NA
47.4833,9.66667,1968-05-17,7.27999983727932,18.3499995898455,12.8149997135624,1968,5,NA
47.4833,9.66667,1968-05-18,4.68999989517033,11.0999997518957,7.894999823533,1968,5,NA
47.4833,9.66667,1968-05-19,3.0999999307096,10.8299997579306,6.96499984432012,1968,5,NA
47.4833,9.66667,1968-05-20,0.999999977648258,13.3899997007102,7.19499983917922,1968,5,NA
47.4833,9.66667,1968-05-21,1.81999995931983,13.3899997007102,7.604999830015,1968,5,NA
47.4833,9.66667,1968-05-22,6.03999986499548,13.0899997074157,9.56499978620559,1968,5,NA
47.4833,9.66667,1968-05-23,6.16999986208975,10.9399997554719,8.55499980878085,1968,5,NA
47.4833,9.66667,1968-05-24,5.31999988108873,15.4499996546656,10.3849997678772,1968,5,NA
47.4833,9.66667,1968-05-25,5.29999988153577,20.679999537766,12.9899997096509,1968,5,NA
47.4833,9.66667,1968-05-26,7.07999984174967,21.9199995100498,14.4999996758997,1968,5,NA
47.4833,9.66667,1968-05-27,10.8199997581542,16.7599996253848,13.7899996917695,1968,5,NA
47.4833,9.66667,1968-05-28,8.55999980866909,23.4799994751811,16.0199996419251,1968,5,NA
47.4833,9.66667,1968-05-29,11.8599997349083,24.5999994501472,18.2299995925277,1968,5,NA
47.4833,9.66667,1968-05-30,11.189999749884,20.4299995433539,15.809999646619,1968,5,NA
47.4833,9.66667,1968-05-31,9.89999977871776,17.1299996171147,13.5149996979162,1968,5,NA
47.4833,9.66667,1968-06-01,9.08999979682267,18.7399995811284,13.9149996889755,1968,6,NA
47.4833,9.66667,1968-06-02,6.37999985739589,17.5399996079504,11.9599997326732,1968,6,NA
47.4833,9.66667,1968-06-03,5.51999987661839,19.1899995710701,12.3549997238442,1968,6,NA
47.4833,9.66667,1968-06-04,7.75999982655048,20.8399995341897,14.2999996803701,1968,6,NA
47.4833,9.66667,1968-06-05,9.79999978095293,17.4699996095151,13.634999695234,1968,6,NA
47.4833,9.66667,1968-06-06,10.1199997738004,18.8499995786697,14.484999676235,1968,6,NA
47.4833,9.66667,1968-06-07,7.96999982185662,22.6599994935095,15.3149996576831,1968,6,NA
47.4833,9.66667,1968-06-08,10.2199997715652,19.789999557659,15.0049996646121,1968,6,NA
47.4833,9.66667,1968-06-09,10.1599997729063,16.7999996244907,13.4799996986985,1968,6,NA
47.4833,9.66667,1968-06-10,9.19999979436398,14.6199996732175,11.9099997337908,1968,6,NA
47.4833,9.66667,1968-06-11,7.85999982431531,16.65999962762,12.2599997259676,1968,6,NA
47.4833,9.66667,1968-06-12,5.38999987952411,16.3199996352196,10.8549997573718,1968,6,NA
47.4833,9.66667,1968-06-13,5.26999988220632,16.4699996318668,10.8699997570366,1968,6,NA
47.4833,9.66667,1968-06-14,7.85999982431531,18.4499995876104,13.1549997059628,1968,6,NA
47.4833,9.66667,1968-06-15,8.74999980442226,21.8899995107204,15.3199996575713,1968,6,NA
47.4833,9.66667,1968-06-16,11.2499997485429,20.9999995306134,16.1249996395782,1968,6,NA
47.4833,9.66667,1968-06-17,11.4099997449666,18.6399995833635,15.0249996641651,1968,6,NA
47.4833,9.66667,1968-06-18,11.0999997518957,20.0599995516241,15.5799996517599,1968,6,NA
47.4833,9.66667,1968-06-19,9.89999977871776,22.8899994883686,16.3949996335432,1968,6,NA
47.4833,9.66667,1968-06-20,11.6099997404963,24.6199994497001,18.1149995950982,1968,6,NA
47.4833,9.66667,1968-06-21,11.8499997351319,19.809999557212,15.8299996461719,1968,6,NA
47.4833,9.66667,1968-06-22,8.35999981313944,15.6899996493012,12.0249997312203,1968,6,NA
47.4833,9.66667,1968-06-23,7.21999983862042,20.0399995520711,13.6299996953458,1968,6,NA
47.4833,9.66667,1968-06-24,9.68999978341162,24.659999448806,17.1749996161088,1968,6,NA
47.4833,9.66667,1968-06-25,9.62999978475273,16.8299996238202,13.2299997042865,1968,6,NA
47.4833,9.66667,1968-06-26,11.5199997425079,22.7899994906038,17.1549996165559,1968,6,NA
47.4833,9.66667,1968-06-27,12.1999997273088,24.4799994528294,18.3399995900691,1968,6,NA
47.4833,9.66667,1968-06-28,12.3799997232854,23.9699994642287,18.1749995937571,1968,6,NA
47.4833,9.66667,1968-06-29,15.2899996582419,27.1599993929267,21.2249995255843,1968,6,NA
47.4833,9.66667,1968-06-30,17.4299996104091,26.6499994043261,22.0399995073676,1968,6,NA
47.4833,9.66667,1968-07-01,13.0999997071922,28.2999993674457,20.6999995373189,1968,7,NA
47.4833,9.66667,1968-07-02,14.2799996808171,30.7699993122369,22.524999496527,1968,7,NA
47.4833,9.66667,1968-07-03,15.2199996598065,28.8299993555993,22.0249995077029,1968,7,NA
47.4833,9.66667,1968-07-04,15.0399996638298,20.8899995330721,17.964999598451,1968,7,NA
47.4833,9.66667,1968-07-05,13.4399996995926,22.4799994975328,17.9599995985627,1968,7,NA
47.4833,9.66667,1968-07-06,13.8799996897578,27.5099993851036,20.6949995374307,1968,7,NA
47.4833,9.66667,1968-07-07,14.3699996788055,23.1999994814396,18.7849995801225,1968,7,NA
47.4833,9.66667,1968-07-08,11.5499997418374,25.1999994367361,18.3749995892867,1968,7,NA
47.4833,9.66667,1968-07-09,16.1999996379018,27.9999993741512,22.0999995060265,1968,7,NA
47.4833,9.66667,1968-07-10,15.519999653101,27.2799993902445,21.3999995216727,1968,7,NA
47.4833,9.66667,1968-07-11,15.3299996573478,28.5299993623048,21.9299995098263,1968,7,NA
47.4833,9.66667,1968-07-12,15.3899996560067,23.2599994800985,19.3249995680526,1968,7,NA
47.4833,9.66667,1968-07-13,9.55999978631735,20.3499995451421,14.9549996657297,1968,7,NA
47.4833,9.66667,1968-07-14,9.44999978877604,21.3899995218962,15.4199996553361,1968,7,NA
47.4833,9.66667,1968-07-15,12.5599997192621,23.519999474287,18.0399995967746,1968,7,NA
47.4833,9.66667,1968-07-16,11.4099997449666,18.9099995773286,15.1599996611476,1968,7,NA
47.4833,9.66667,1968-07-17,10.2699997704476,15.0399996638298,12.6549997171387,1968,7,NA
47.4833,9.66667,1968-07-18,8.70999980531633,12.1399997286499,10.4249997669831,1968,7,NA
47.4833,9.66667,1968-07-19,8.11999981850386,13.6799996942282,10.899999756366,1968,7,NA
47.4833,9.66667,1968-07-20,9.25999979302287,14.0999996848404,11.6799997389317,1968,7,NA
47.4833,9.66667,1968-07-21,8.54999980889261,16.929999621585,12.7399997152388,1968,7,NA
47.4833,9.66667,1968-07-22,8.68999980576336,15.3199996575713,12.0049997316673,1968,7,NA
47.4833,9.66667,1968-07-23,7.24999983794987,18.669999582693,12.9599997103214,1968,7,NA
47.4833,9.66667,1968-07-24,8.30999981425703,20.119999550283,14.21499968227,1968,7,NA
47.4833,9.66667,1968-07-25,10.5499997641891,15.3299996573478,12.9399997107685,1968,7,NA
47.4833,9.66667,1968-07-26,9.83999978005886,18.5399995855987,14.1899996828288,1968,7,NA
47.4833,9.66667,1968-07-27,10.5099997650832,16.2199996374547,13.364999701269,1968,7,NA
47.4833,9.66667,1968-07-28,6.95999984443188,20.0099995527416,13.4849996985868,1968,7,NA
47.4833,9.66667,1968-07-29,8.04999982006848,21.4299995210022,14.7399996705353,1968,7,NA
47.4833,9.66667,1968-07-30,9.0699997972697,22.4199994988739,15.7449996480718,1968,7,NA
47.4833,9.66667,1968-07-31,10.1699997726828,24.2899994570762,17.2299996148795,1968,7,NA
47.4833,9.66667,1968-08-01,11.3799997456372,25.0899994391948,18.234999592416,1968,8,NA
47.4833,9.66667,1968-08-02,13.75999969244,24.7299994472414,19.2449995698407,1968,8,NA
47.4833,9.66667,1968-08-03,13.8399996906519,19.6999995596707,16.7699996251613,1968,8,NA
47.4833,9.66667,1968-08-04,11.8299997355789,15.5099996533245,13.6699996944517,1968,8,NA
47.4833,9.66667,1968-08-05,11.5099997427315,19.3699995670468,15.4399996548891,1968,8,NA
47.4833,9.66667,1968-08-06,11.7799997366965,23.5799994729459,17.6799996048212,1968,8,NA
47.4833,9.66667,1968-08-07,14.3299996796995,21.6699995156378,17.9999995976686,1968,8,NA
47.4833,9.66667,1968-08-08,13.0299997087568,16.1399996392429,14.5849996739998,1968,8,NA
47.4833,9.66667,1968-08-09,10.8199997581542,21.2799995243549,16.0499996412545,1968,8,NA
47.4833,9.66667,1968-08-10,12.5099997203797,18.8199995793402,15.66499964986,1968,8,NA
47.4833,9.66667,1968-08-11,12.5999997183681,19.539999563247,16.0699996408075,1968,8,NA
47.4833,9.66667,1968-08-12,12.079999729991,17.4099996108562,14.7449996704236,1968,8,NA
47.4833,9.66667,1968-08-13,11.7799997366965,19.519999563694,15.6499996501952,1968,8,NA
47.4833,9.66667,1968-08-14,10.2399997711182,20.8199995346367,15.5299996528774,1968,8,NA
47.4833,9.66667,1968-08-15,11.2399997487664,17.6499996054918,14.4449996771291,1968,8,NA
47.4833,9.66667,1968-08-16,10.8299997579306,18.8699995782226,14.8499996680766,1968,8,NA
47.4833,9.66667,1968-08-17,10.1399997733533,21.3899995218962,15.7649996476248,1968,8,NA
47.4833,9.66667,1968-08-18,11.5499997418374,18.8599995784461,15.2049996601418,1968,8,NA
47.4833,9.66667,1968-08-19,8.90999980084598,15.4099996555597,12.1599997282028,1968,8,NA
47.4833,9.66667,1968-08-20,6.77999984845519,16.4599996320903,11.6199997402728,1968,8,NA
47.4833,9.66667,1968-08-21,5.5699998755008,20.6899995375425,13.1299997065216,1968,8,NA
47.4833,9.66667,1968-08-22,11.6799997389317,23.7699994686991,17.7249996038154,1968,8,NA
47.4833,9.66667,1968-08-23,11.2299997489899,23.2099994812161,17.219999615103,1968,8,NA
47.4833,9.66667,1968-08-24,10.9899997543544,20.2299995478243,15.6099996510893,1968,8,NA
47.4833,9.66667,1968-08-25,10.5599997639656,20.3999995440245,15.479999653995,1968,8,NA
47.4833,9.66667,1968-08-26,10.609999762848,23.249999480322,16.929999621585,1968,8,NA
47.4833,9.66667,1968-08-27,10.7399997599423,21.5399995185435,16.1399996392429,1968,8,NA
47.4833,9.66667,1968-08-28,10.7399997599423,21.5899995174259,16.1649996386841,1968,8,NA
47.4833,9.66667,1968-08-29,11.0599997527897,22.4199994988739,16.7399996258318,1968,8,NA
47.4833,9.66667,1968-08-30,13.0699997078627,22.4999994970858,17.7849996024743,1968,8,NA
47.4833,9.66667,1968-08-31,13.5299996975809,18.8899995777756,16.2099996376783,1968,8,NA
47.4833,9.66667,1968-09-01,10.4799997657537,15.0199996642768,12.7499997150153,1968,9,NA
47.4833,9.66667,1968-09-02,8.6099998075515,19.499999564141,14.0549996858463,1968,9,NA
47.4833,9.66667,1968-09-03,8.81999980285764,22.1499995049089,15.4849996538833,1968,9,NA
47.4833,9.66667,1968-09-04,13.2099997047335,22.3299995008856,17.7699996028095,1968,9,NA
47.4833,9.66667,1968-09-05,7.63999982923269,15.6699996497482,11.6549997394904,1968,9,NA
47.4833,9.66667,1968-09-06,8.10999981872737,16.9699996206909,12.5399997197092,1968,9,NA
47.4833,9.66667,1968-09-07,5.739999871701,19.3999995663762,12.5699997190386,1968,9,NA
47.4833,9.66667,1968-09-08,8.38999981246889,17.0399996191263,12.7149997157976,1968,9,NA
47.4833,9.66667,1968-09-09,9.0699997972697,19.8399995565414,14.4549996769056,1968,9,NA
47.4833,9.66667,1968-09-10,9.57999978587031,21.3099995236844,15.4449996547773,1968,9,NA
47.4833,9.66667,1968-09-11,9.33999979123473,19.1899995710701,14.2649996811524,1968,9,NA
47.4833,9.66667,1968-09-12,9.65999978408217,16.6299996282905,13.1449997061864,1968,9,NA
47.4833,9.66667,1968-09-13,8.72999980486929,18.399999588728,13.5649996967986,1968,9,NA
47.4833,9.66667,1968-09-14,6.50999985449016,19.0299995746464,12.7699997145683,1968,9,NA
47.4833,9.66667,1968-09-15,8.68999980576336,17.3799996115267,13.034999708645,1968,9,NA
47.4833,9.66667,1968-09-16,10.6999997608364,17.5599996075034,14.1299996841699,1968,9,NA
47.4833,9.66667,1968-09-17,8.81999980285764,18.2199995927513,13.5199996978045,1968,9,NA
47.4833,9.66667,1968-09-18,9.759999781847,17.2099996153265,13.4849996985868,1968,9,NA
47.4833,9.66667,1968-09-19,9.19999979436398,16.2999996356666,12.7499997150153,1968,9,NA
47.4833,9.66667,1968-09-20,8.10999981872737,15.2999996580184,11.7049997383729,1968,9,NA
47.4833,9.66667,1968-09-21,5.81999986991286,16.5499996300787,11.1849997499958,1968,9,NA
47.4833,9.66667,1968-09-22,9.94999977760017,15.789999647066,12.8699997123331,1968,9,NA
47.4833,9.66667,1968-09-23,9.5899997856468,16.4299996327609,13.0099997092038,1968,9,NA
47.4833,9.66667,1968-09-24,8.63999980688095,18.5499995853752,13.5949996961281,1968,9,NA
47.4833,9.66667,1968-09-25,8.45999981090426,13.8199996910989,11.1399997510016,1968,9,NA
47.4833,9.66667,1968-09-26,7.33999983593822,14.069999685511,10.7049997607246,1968,9,NA
47.4833,9.66667,1968-09-27,5.78999987058342,14.4999996758997,10.1449997732416,1968,9,NA
47.4833,9.66667,1968-09-28,9.85999977961183,22.3099995013326,16.0849996404722,1968,9,NA
47.4833,9.66667,1968-09-29,7.5799998305738,18.0299995969981,12.8049997137859,1968,9,NA
47.4833,9.66667,1968-09-30,5.06999988667667,11.749999737367,8.40999981202185,1968,9,NA
47.4833,9.66667,1968-10-01,7.54999983124435,12.2899997252971,9.91999977827072,1968,10,1969
47.4833,9.66667,1968-10-02,7.89999982342124,11.3999997451901,9.64999978430569,1968,10,1969
47.4833,9.66667,1968-10-03,9.25999979302287,13.3399997018278,11.2999997474253,1968,10,1969
47.4833,9.66667,1968-10-04,8.82999980263412,12.7199997156858,10.77499975916,1968,10,1969
47.4833,9.66667,1968-10-05,7.36999983526766,17.4799996092916,12.4249997222796,1968,10,1969
47.4833,9.66667,1968-10-06,7.98999982140958,17.7899996023625,12.889999711886,1968,10,1969
47.4833,9.66667,1968-10-07,8.39999981224537,15.5399996526539,11.9699997324497,1968,10,1969
47.4833,9.66667,1968-10-08,8.53999980911613,16.3599996343255,12.4499997217208,1968,10,1969
47.4833,9.66667,1968-10-09,6.62999985180795,16.9399996213615,11.7849997365847,1968,10,1969
47.4833,9.66667,1968-10-10,8.24999981559813,14.649999672547,11.4499997440726,1968,10,1969
47.4833,9.66667,1968-10-11,9.54999978654087,16.389999633655,12.9699997100979,1968,10,1969
47.4833,9.66667,1968-10-12,10.8099997583777,17.3699996117502,14.089999685064,1968,10,1969
47.4833,9.66667,1968-10-13,10.359999768436,21.0799995288253,15.7199996486306,1968,10,1969
47.4833,9.66667,1968-10-14,10.0599997751415,19.0899995733052,14.5749996742234,1968,10,1969
47.4833,9.66667,1968-10-15,11.7399997375906,21.0899995286018,16.4149996330962,1968,10,1969
47.4833,9.66667,1968-10-16,10.2799997702241,14.9999996647239,12.639999717474,1968,10,1969
47.4833,9.66667,1968-10-17,7.48999983258545,12.5899997185916,10.0399997755885,1968,10,1969
47.4833,9.66667,1968-10-18,4.95999988913536,13.7699996922165,9.36499979067594,1968,10,1969
47.4833,9.66667,1968-10-19,2.94999993406236,13.3799997009337,8.16499981749803,1968,10,1969
47.4833,9.66667,1968-10-20,5.99999986588955,14.4599996767938,10.2299997713417,1968,10,1969
47.4833,9.66667,1968-10-21,2.13999995216727,11.76999973692,6.95499984454364,1968,10,1969
47.4833,9.66667,1968-10-22,0.919999979436398,12.8299997132272,6.87499984633178,1968,10,1969
47.4833,9.66667,1968-10-23,2.02999995462596,13.4399996995926,7.73499982710928,1968,10,1969
47.4833,9.66667,1968-10-24,2.65999994054437,13.779999691993,8.21999981626868,1968,10,1969
47.4833,9.66667,1968-10-25,3.0999999307096,11.3099997472018,7.2049998389557,1968,10,1969
47.4833,9.66667,1968-10-26,1.45999996736646,9.21999979391694,5.3399998806417,1968,10,1969
47.4833,9.66667,1968-10-27,4.27999990433455,11.2199997492135,7.749999826774,1968,10,1969
47.4833,9.66667,1968-10-28,3.62999991886318,13.3799997009337,8.50499980989844,1968,10,1969
47.4833,9.66667,1968-10-29,2.74999993853271,11.9499997328967,7.3499998357147,1968,10,1969
47.4833,9.66667,1968-10-30,4.76999989338219,13.4799996986985,9.12499979604036,1968,10,1969
47.4833,9.66667,1968-10-31,9.15999979525805,19.2699995692819,14.21499968227,1968,10,1969
47.4833,9.66667,1968-11-01,7.68999982811511,19.0199995748699,13.3549997014925,1968,11,1969
47.4833,9.66667,1968-11-02,13.6199996955693,20.5799995400012,17.0999996177852,1968,11,1969
47.4833,9.66667,1968-11-03,11.3099997472018,20.6199995391071,15.9649996431544,1968,11,1969
47.4833,9.66667,1968-11-04,8.10999981872737,13.2799997031689,10.6949997609481,1968,11,1969
47.4833,9.66667,1968-11-05,7.17999983951449,9.82999978028238,8.50499980989844,1968,11,1969
47.4833,9.66667,1968-11-06,4.89999989047647,8.68999980576336,6.79499984811991,1968,11,1969
47.4833,9.66667,1968-11-07,4.08999990858138,7.60999982990324,5.84999986924231,1968,11,1969
47.4833,9.66667,1968-11-08,3.20999992825091,6.8899998459965,5.0499998871237,1968,11,1969
47.4833,9.66667,1968-11-09,1.97999995574355,8.28999981470406,5.13499988522381,1968,11,1969
47.4833,9.66667,1968-11-10,3.05999993160367,6.62999985180795,4.84499989170581,1968,11,1969
47.4833,9.66667,1968-11-11,2.9299999345094,6.75999984890223,4.84499989170581,1968,11,1969
47.4833,9.66667,1968-11-12,2.09999995306134,7.06999984197319,4.58499989751726,1968,11,1969
47.4833,9.66667,1968-11-13,2.53999994322658,7.52999983169138,5.03499988745898,1968,11,1969
47.4833,9.66667,1968-11-14,0.899999979883432,6.20999986119568,3.55499992053956,1968,11,1969
47.4833,9.66667,1968-11-15,0.839999981224537,4.53999989852309,2.68999993987381,1968,11,1969
47.4833,9.66667,1968-11-16,-2.22999995015562,1.07999997586012,-0.574999987147748,1968,11,1969
47.4833,9.66667,1968-11-17,-2.44999994523823,-1.06999997608364,-1.75999996066093,1968,11,1969
47.4833,9.66667,1968-11-18,-2.60999994166195,0.239999994635582,-1.18499997351319,1968,11,1969
47.4833,9.66667,1968-11-19,-2.05999995395541,0.569999987259507,-0.744999983347952,1968,11,1969
47.4833,9.66667,1968-11-20,-3.729999916628,1.66999996267259,-1.02999997697771,1968,11,1969
47.4833,9.66667,1968-11-21,-1.92999995686114,4.27999990433455,1.1749999737367,1968,11,1969
47.4833,9.66667,1968-11-22,-1.90999995730817,4.02999990992248,1.05999997630715,1968,11,1969
47.4833,9.66667,1968-11-23,-3.17999992892146,1.96999995596707,-0.604999986477196,1968,11,1969
47.4833,9.66667,1968-11-24,-2.02999995462596,6.30999985896051,2.13999995216727,1968,11,1969
47.4833,9.66667,1968-11-25,2.21999995037913,10.2299997713417,6.22499986086041,1968,11,1969
47.4833,9.66667,1968-11-26,2.49999994412065,10.7799997590482,6.63999985158443,1968,11,1969
47.4833,9.66667,1968-11-27,1.58999996446073,11.4899997431785,6.53999985381961,1968,11,1969
47.4833,9.66667,1968-11-28,1.44999996758997,6.57999985292554,4.01499991025776,1968,11,1969
47.4833,9.66667,1968-11-29,0.499999988824129,4.45999990031123,2.47999994456768,1968,11,1969
47.4833,9.66667,1968-11-30,-1.29999997094274,2.90999993495643,0.804999982006848,1968,11,1969
47.4833,9.66667,1968-12-01,-1.74999996088445,2.61999994143844,0.434999990276992,1968,12,1969
47.4833,9.66667,1968-12-02,-1.78999995999038,2.34999994747341,0.279999993741512,1968,12,1969
47.4833,9.66667,1968-12-03,-2.90999993495643,1.07999997586012,-0.914999979548156,1968,12,1969
47.4833,9.66667,1968-12-04,-3.2699999269098,0.26999999396503,-1.49999996647239,1968,12,1969
47.4833,9.66667,1968-12-05,-3.68999991752207,0.459999989718199,-1.61499996390194,1968,12,1969
47.4833,9.66667,1968-12-06,-3.63999991863966,0.279999993741512,-1.67999996244907,1968,12,1969
47.4833,9.66667,1968-12-07,-4.58999989740551,-0.419999990612268,-2.50499994400889,1968,12,1969
47.4833,9.66667,1968-12-08,-4.73999989405274,0.789999982342124,-1.97499995585531,1968,12,1969
47.4833,9.66667,1968-12-09,-3.96999991126359,-1.10999997518957,-2.53999994322658,1968,12,1969
47.4833,9.66667,1968-12-10,-3.82999991439283,-1.66999996267259,-2.74999993853271,1968,12,1969
47.4833,9.66667,1968-12-11,-3.28999992646277,-1.39999996870756,-2.34499994758517,1968,12,1969
47.4833,9.66667,1968-12-12,-5.31999988108873,-2.15999995172024,-3.73999991640449,1968,12,1969
47.4833,9.66667,1968-12-13,-6.32999985851347,-4.10999990813434,-5.21999988332391,1968,12,1969
47.4833,9.66667,1968-12-14,-8.10999981872737,-4.23999990522861,-6.17499986197799,1968,12,1969
47.4833,9.66667,1968-12-15,-8.41999981179833,-2.28999994881451,-5.35499988030642,1968,12,1969
47.4833,9.66667,1968-12-16,-6.2599998600781,2.1799999512732,-2.03999995440245,1968,12,1969
47.4833,9.66667,1968-12-17,-5.47999987751245,4.04999990947545,-0.714999984018505,1968,12,1969
47.4833,9.66667,1968-12-18,-3.21999992802739,2.4699999447912,-0.374999991618097,1968,12,1969
47.4833,9.66667,1968-12-19,-3.64999991841614,2.85999993607402,-0.394999991171062,1968,12,1969
47.4833,9.66667,1968-12-20,-2.42999994568527,3.22999992780387,0.399999991059303,1968,12,1969
47.4833,9.66667,1968-12-21,-2.85999993607402,3.42999992333353,0.284999993629754,1968,12,1969
47.4833,9.66667,1968-12-22,-2.25999994948506,5.49999987706542,1.61999996379018,1968,12,1969
47.4833,9.66667,1968-12-23,-0.229999994859099,5.94999986700714,2.85999993607402,1968,12,1969
47.4833,9.66667,1968-12-24,2.57999994233251,6.40999985672534,4.49499989952892,1968,12,1969
47.4833,9.66667,1968-12-25,0.0999999977648258,4.02999990992248,2.06499995384365,1968,12,1969
47.4833,9.66667,1968-12-26,-1.03999997675419,1.27999997138977,0.119999997317791,1968,12,1969
47.4833,9.66667,1968-12-27,-3.69999991729856,-0.0199999995529652,-1.85999995842576,1968,12,1969
47.4833,9.66667,1968-12-28,-5.61999987438321,-2.29999994859099,-3.9599999114871,1968,12,1969
47.4833,9.66667,1968-12-29,-7.95999982208014,-3.5599999204278,-5.75999987125397,1968,12,1969
47.4833,9.66667,1968-12-30,-8.44999981112778,-3.92999991215765,-6.18999986164272,1968,12,1969
47.4833,9.66667,1968-12-31,-11.3499997463077,-3.45999992266297,-7.40499983448535,1968,12,1969
47.4833,9.66667,1969-01-01,-14.2699996810406,-5.13999988511205,-9.70499978307635,1969,1,1969
47.4833,9.66667,1969-01-02,-10.0899997744709,-2.56999994255602,-6.32999985851347,1969,1,1969
47.4833,9.66667,1969-01-03,-4.62999989651144,-0.379999991506338,-2.50499994400889,1969,1,1969
47.4833,9.66667,1969-01-04,-1.72999996133149,0.879999980330467,-0.42499999050051,1969,1,1969
47.4833,9.66667,1969-01-05,-3.62999991886318,0.409999990835786,-1.6099999640137,1969,1,1969
47.4833,9.66667,1969-01-06,-8.30999981425703,-1.79999995976686,-5.05499988701195,1969,1,1969
47.4833,9.66667,1969-01-07,-9.78999978117645,-2.55999994277954,-6.17499986197799,1969,1,1969
47.4833,9.66667,1969-01-08,-8.40999981202185,-2.71999993920326,-5.56499987561256,1969,1,1969
47.4833,9.66667,1969-01-09,-7.67999982833862,-0.769999982789159,-4.22499990556389,1969,1,1969
47.4833,9.66667,1969-01-10,-3.63999991863966,1.29999997094274,-1.16999997384846,1969,1,1969
47.4833,9.66667,1969-01-11,-8.75999980419874,-0.00999999977648258,-4.38499990198761,1969,1,1969
47.4833,9.66667,1969-01-12,-9.37999979034066,-0.539999987930059,-4.95999988913536,1969,1,1969
47.4833,9.66667,1969-01-13,-4.62999989651144,2.66999994032085,-0.979999978095293,1969,1,1969
47.4833,9.66667,1969-01-14,-2.58999994210899,6.1999998614192,1.80499995965511,1969,1,1969
47.4833,9.66667,1969-01-15,-2.47999994456768,5.17999988421798,1.34999996982515,1969,1,1969
47.4833,9.66667,1969-01-16,-2.30999994836748,5.1099998857826,1.39999996870756,1969,1,1969
47.4833,9.66667,1969-01-17,-5.07999988645315,3.14999992959201,-0.964999978430569,1969,1,1969
47.4833,9.66667,1969-01-18,-4.69999989494681,3.87999991327524,-0.409999990835786,1969,1,1969
47.4833,9.66667,1969-01-19,-3.9599999114871,6.37999985739589,1.20999997295439,1969,1,1969
47.4833,9.66667,1969-01-20,-0.189999995753169,3.47999992221594,1.64499996323138,1969,1,1969
47.4833,9.66667,1969-01-21,-2.77999993786216,5.30999988131225,1.26499997172505,1969,1,1969
47.4833,9.66667,1969-01-22,-4.05999990925193,3.47999992221594,-0.289999993517995,1969,1,1969
47.4833,9.66667,1969-01-23,-2.82999993674457,5.48999987728894,1.32999997027218,1969,1,1969
47.4833,9.66667,1969-01-24,0.639999985694885,4.79999989271164,2.71999993920326,1969,1,1969
47.4833,9.66667,1969-01-25,0.229999994859099,5.31999988108873,2.77499993797392,1969,1,1969
47.4833,9.66667,1969-01-26,-1.33999997004867,2.70999993942678,0.684999984689057,1969,1,1969
47.4833,9.66667,1969-01-27,-2.93999993428588,4.82999989204109,0.944999978877604,1969,1,1969
47.4833,9.66667,1969-01-28,-3.08999993093312,3.52999992109835,0.219999995082617,1969,1,1969
47.4833,9.66667,1969-01-29,-1.67999996244907,6.00999986566603,2.16499995160848,1969,1,1969
47.4833,9.66667,1969-01-30,0.229999994859099,7.24999983794987,3.73999991640449,1969,1,1969
47.4833,9.66667,1969-01-31,-0.159999996423721,3.76999991573393,1.80499995965511,1969,1,1969
47.4833,9.66667,1969-02-01,-0.729999983683228,6.28999985940754,2.77999993786216,1969,2,1969
47.4833,9.66667,1969-02-02,-0.65999998524785,7.23999983817339,3.28999992646277,1969,2,1969
47.4833,9.66667,1969-02-03,-1.33999997004867,6.74999984912574,2.70499993953854,1969,2,1969
47.4833,9.66667,1969-02-04,-4.02999990992248,2.97999993339181,-0.524999988265336,1969,2,1969
47.4833,9.66667,1969-02-05,-7.3499998357147,-0.479999989271164,-3.91499991249293,1969,2,1969
47.4833,9.66667,1969-02-06,-5.60999987460673,-2.05999995395541,-3.83499991428107,1969,2,1969
47.4833,9.66667,1969-02-07,-7.36999983526766,-2.21999995037913,-4.7949998928234,1969,2,1969
47.4833,9.66667,1969-02-08,-9.36999979056418,2.64999994076788,-3.35999992489815,1969,2,1969
47.4833,9.66667,1969-02-09,-4.99999988824129,-0.759999983012676,-2.87999993562698,1969,2,1969
47.4833,9.66667,1969-02-10,-7.99999982118607,-3.05999993160367,-5.52999987639487,1969,2,1969
47.4833,9.66667,1969-02-11,-9.42999978922307,-3.46999992243946,-6.44999985583127,1969,2,1969
47.4833,9.66667,1969-02-12,-6.91999984532595,-2.77999993786216,-4.84999989159405,1969,2,1969
47.4833,9.66667,1969-02-13,-7.1199998408556,0.559999987483025,-3.27999992668629,1969,2,1969
47.4833,9.66667,1969-02-14,-5.29999988153577,1.36999996937811,-1.96499995607883,1969,2,1969
47.4833,9.66667,1969-02-15,-9.55999978631735,-0.65999998524785,-5.1099998857826,1969,2,1969
47.4833,9.66667,1969-02-16,-9.84999977983534,-4.76999989338219,-7.30999983660877,1969,2,1969
47.4833,9.66667,1969-02-17,-11.8799997344613,-5.1099998857826,-8.49499981012195,1969,2,1969
47.4833,9.66667,1969-02-18,-9.64999978430569,-1.75999996066093,-5.70499987248331,1969,2,1969
47.4833,9.66667,1969-02-19,-10.3099997695535,1.38999996893108,-4.45999990031123,1969,2,1969
47.4833,9.66667,1969-02-20,-3.10999993048608,8.25999981537461,2.57499994244426,1969,2,1969
47.4833,9.66667,1969-02-21,-0.0199999995529652,8.56999980844557,4.2749999044463,1969,2,1969
47.4833,9.66667,1969-02-22,-0.00999999977648258,9.1299997959286,4.55999989807606,1969,2,1969
47.4833,9.66667,1969-02-23,-2.27999994903803,7.62999982945621,2.67499994020909,1969,2,1969
47.4833,9.66667,1969-02-24,-2.08999995328486,6.78999984823167,2.34999994747341,1969,2,1969
47.4833,9.66667,1969-02-25,-1.43999996781349,2.89999993517995,0.729999983683228,1969,2,1969
47.4833,9.66667,1969-02-26,0.629999985918403,3.83999991416931,2.23499995004386,1969,2,1969
47.4833,9.66667,1969-02-27,-0.729999983683228,4.71999989449978,1.99499995540828,1969,2,1969
47.4833,9.66667,1969-02-28,-1.03999997675419,6.16999986208975,2.56499994266778,1969,2,1969
47.4833,9.66667,1969-03-01,-2.81999993696809,5.44999987818301,1.31499997060746,1969,3,1969
47.4833,9.66667,1969-03-02,-3.0999999307096,4.54999989829957,0.724999983794987,1969,3,1969
47.4833,9.66667,1969-03-03,-3.22999992780387,3.729999916628,0.249999994412065,1969,3,1969
47.4833,9.66667,1969-03-04,-2.71999993920326,4.36999990232289,0.824999981559813,1969,3,1969
47.4833,9.66667,1969-03-05,-2.35999994724989,4.79999989271164,1.21999997273088,1969,3,1969
47.4833,9.66667,1969-03-06,-1.92999995686114,2.53999994322658,0.304999993182719,1969,3,1969
47.4833,9.66667,1969-03-07,-3.729999916628,3.51999992132187,-0.104999997653067,1969,3,1969
47.4833,9.66667,1969-03-08,-5.09999988600612,4.74999989382923,-0.174999996088445,1969,3,1969
47.4833,9.66667,1969-03-09,-4.2499999050051,7.24999983794987,1.49999996647239,1969,3,1969
47.4833,9.66667,1969-03-10,-2.70999993942678,10.2499997708946,3.76999991573393,1969,3,1969
47.4833,9.66667,1969-03-11,-2.1799999512732,10.3999997675419,4.10999990813434,1969,3,1969
47.4833,9.66667,1969-03-12,1.39999996870756,11.9699997324497,6.68499985057861,1969,3,1969
47.4833,9.66667,1969-03-13,4.15999990701675,11.499999742955,7.82999982498586,1969,3,1969
47.4833,9.66667,1969-03-14,5.02999988757074,11.8399997353554,8.43499981146306,1969,3,1969
47.4833,9.66667,1969-03-15,4.63999989628792,10.9999997541308,7.81999982520938,1969,3,1969
47.4833,9.66667,1969-03-16,4.8199998922646,12.6599997170269,8.73999980464578,1969,3,1969
47.4833,9.66667,1969-03-17,4.8799998909235,11.3799997456372,8.12999981828034,1969,3,1969
47.4833,9.66667,1969-03-18,2.32999994792044,7.70999982766807,5.01999988779426,1969,3,1969
47.4833,9.66667,1969-03-19,4.39999990165234,12.0899997297674,8.24499981570989,1969,3,1969
47.4833,9.66667,1969-03-20,1.66999996267259,8.67999980598688,5.17499988432974,1969,3,1969
47.4833,9.66667,1969-03-21,2.93999993428588,7.03999984264374,4.98999988846481,1969,3,1969
47.4833,9.66667,1969-03-22,1.74999996088445,5.36999987997115,3.5599999204278,1969,3,1969
47.4833,9.66667,1969-03-23,-0.759999983012676,6.79999984800816,3.01999993249774,1969,3,1969
47.4833,9.66667,1969-03-24,0.359999991953373,7.25999983772635,3.80999991483986,1969,3,1969
47.4833,9.66667,1969-03-25,-0.419999990612268,3.83999991416931,1.70999996177852,1969,3,1969
47.4833,9.66667,1969-03-26,-0.959999978542328,2.009999955073,0.524999988265336,1969,3,1969
47.4833,9.66667,1969-03-27,-0.479999989271164,2.87999993562698,1.19999997317791,1969,3,1969
47.4833,9.66667,1969-03-28,-0.649999985471368,2.72999993897974,1.03999997675419,1969,3,1969
47.4833,9.66667,1969-03-29,-1.62999996356666,2.21999995037913,0.294999993406236,1969,3,1969
47.4833,9.66667,1969-03-30,-2.19999995082617,3.61999991908669,0.709999984130263,1969,3,1969
47.4833,9.66667,1969-03-31,-2.36999994702637,5.97999986633658,1.80499995965511,1969,3,1969
47.4833,9.66667,1969-04-01,1.52999996580184,7.88999982364476,4.7099998947233,1969,4,1969
47.4833,9.66667,1969-04-02,2.87999993562698,10.3099997695535,6.59499985259026,1969,4,1969
47.4833,9.66667,1969-04-03,0.389999991282821,5.54999987594783,2.96999993361533,1969,4,1969
47.4833,9.66667,1969-04-04,-1.93999995663762,7.66999982856214,2.86499993596226,1969,4,1969
47.4833,9.66667,1969-04-05,-1.95999995619059,10.2799997702241,4.15999990701675,1969,4,1969
47.4833,9.66667,1969-04-06,-0.0999999977648258,13.8199996910989,6.85999984666705,1969,4,1969
47.4833,9.66667,1969-04-07,2.99999993294477,14.4199996776879,8.70999980531633,1969,4,1969
47.4833,9.66667,1969-04-08,3.3299999255687,18.4499995876104,10.8899997565895,1969,4,1969
47.4833,9.66667,1969-04-09,2.04999995417893,18.3699995893985,10.2099997717887,1969,4,1969
47.4833,9.66667,1969-04-10,2.9299999345094,18.5599995851517,10.7449997598305,1969,4,1969
47.4833,9.66667,1969-04-11,2.009999955073,18.0999995954335,10.0549997752532,1969,4,1969
47.4833,9.66667,1969-04-12,6.21999986097217,14.0799996852875,10.1499997731298,1969,4,1969
47.4833,9.66667,1969-04-13,3.59999991953373,14.8799996674061,9.23999979346991,1969,4,1969
47.4833,9.66667,1969-04-14,-0.199999995529652,6.94999984465539,3.37499992456287,1969,4,1969
47.4833,9.66667,1969-04-15,-2.14999995194376,5.52999987639487,1.68999996222556,1969,4,1969
47.4833,9.66667,1969-04-16,-2.24999994970858,5.21999988332391,1.48499996680766,1969,4,1969
47.4833,9.66667,1969-04-17,2.74999993853271,7.95999982208014,5.35499988030642,1969,4,1969
47.4833,9.66667,1969-04-18,-0.26999999396503,5.65999987348914,2.69499993976206,1969,4,1969
47.4833,9.66667,1969-04-19,-1.8399999588728,2.89999993517995,0.529999988153577,1969,4,1969
47.4833,9.66667,1969-04-20,-3.40999992378056,2.38999994657934,-0.509999988600612,1969,4,1969
47.4833,9.66667,1969-04-21,-4.58999989740551,3.81999991461635,-0.384999991394579,1969,4,1969
47.4833,9.66667,1969-04-22,-0.179999995976686,13.6599996946752,6.73999984934926,1969,4,1969
47.4833,9.66667,1969-04-23,4.77999989315867,13.3799997009337,9.07999979704618,1969,4,1969
47.4833,9.66667,1969-04-24,3.27999992668629,7.52999983169138,5.40499987918884,1969,4,1969
47.4833,9.66667,1969-04-25,2.94999993406236,12.2699997257441,7.60999982990324,1969,4,1969
47.4833,9.66667,1969-04-26,6.56999985314906,18.5699995849282,12.5699997190386,1969,4,1969
47.4833,9.66667,1969-04-27,7.72999982722104,22.1699995044619,14.9499996658415,1969,4,1969
47.4833,9.66667,1969-04-28,8.54999980889261,18.7699995804578,13.6599996946752,1969,4,1969
47.4833,9.66667,1969-04-29,8.11999981850386,14.0999996848404,11.1099997516721,1969,4,1969
47.4833,9.66667,1969-04-30,7.86999982409179,15.0699996631593,11.4699997436255,1969,4,1969
47.4833,9.66667,1969-05-01,7.749999826774,13.5899996962398,10.6699997615069,1969,5,NA
47.4833,9.66667,1969-05-02,8.31999981403351,16.0199996419251,12.1699997279793,1969,5,NA
47.4833,9.66667,1969-05-03,6.84999984689057,22.2099995035678,14.5299996752292,1969,5,NA
47.4833,9.66667,1969-05-04,8.55999980866909,22.0799995064735,15.3199996575713,1969,5,NA
47.4833,9.66667,1969-05-05,9.3599997907877,17.779999602586,13.5699996966869,1969,5,NA
47.4833,9.66667,1969-05-06,6.08999986387789,21.7499995138496,13.9199996888638,1969,5,NA
47.4833,9.66667,1969-05-07,8.6099998075515,15.5699996519834,12.0899997297674,1969,5,NA
47.4833,9.66667,1969-05-08,6.57999985292554,10.4599997662008,8.51999980956316,1969,5,NA
47.4833,9.66667,1969-05-09,6.22999986074865,14.4699996765703,10.3499997686595,1969,5,NA
47.4833,9.66667,1969-05-10,4.92999988980591,15.0399996638298,9.98499977681786,1969,5,NA
47.4833,9.66667,1969-05-11,6.49999985471368,13.0299997087568,9.76499978173524,1969,5,NA
47.4833,9.66667,1969-05-12,8.44999981112778,21.4599995203316,14.9549996657297,1969,5,NA
47.4833,9.66667,1969-05-13,8.41999981179833,25.1399994380772,16.7799996249378,1969,5,NA
47.4833,9.66667,1969-05-14,10.5299997646362,27.6499993819743,19.0899995733052,1969,5,NA
47.4833,9.66667,1969-05-15,13.199999704957,28.7599993571639,20.9799995310605,1969,5,NA
47.4833,9.66667,1969-05-16,13.3599997013807,23.2899994794279,18.3249995904043,1969,5,NA
47.4833,9.66667,1969-05-17,9.18999979458749,18.2499995920807,13.7199996933341,1969,5,NA
47.4833,9.66667,1969-05-18,6.68999985046685,17.7499996032566,12.2199997268617,1969,5,NA
47.4833,9.66667,1969-05-19,8.23999981582165,13.9999996870756,11.1199997514486,1969,5,NA
47.4833,9.66667,1969-05-20,3.50999992154539,10.4899997655302,6.99999984353781,1969,5,NA
47.4833,9.66667,1969-05-21,2.43999994546175,13.509999698028,7.97499982174486,1969,5,NA
47.4833,9.66667,1969-05-22,1.33999997004867,16.4999996311963,8.91999980062246,1969,5,NA
47.4833,9.66667,1969-05-23,4.50999989919364,20.3099995460361,12.4099997226149,1969,5,NA
47.4833,9.66667,1969-05-24,6.76999984867871,22.8799994885921,14.8249996686354,1969,5,NA
47.4833,9.66667,1969-05-25,9.19999979436398,26.5899994056672,17.8949996000156,1969,5,NA
47.4833,9.66667,1969-05-26,12.3599997237325,22.5799994952977,17.4699996095151,1969,5,NA
47.4833,9.66667,1969-05-27,7.83999982476234,17.3999996110797,12.619999717921,1969,5,NA
47.4833,9.66667,1969-05-28,5.05999988690019,22.379999499768,13.7199996933341,1969,5,NA
47.4833,9.66667,1969-05-29,11.4299997445196,24.4299994539469,17.9299995992333,1969,5,NA
47.4833,9.66667,1969-05-30,10.8199997581542,20.6499995384365,15.7349996482953,1969,5,NA
47.4833,9.66667,1969-05-31,7.88999982364476,17.8999995999038,12.8949997117743,1969,5,NA
47.4833,9.66667,1969-06-01,6.81999984756112,16.7199996262789,11.76999973692,1969,6,NA
47.4833,9.66667,1969-06-02,7.96999982185662,16.8799996227026,12.4249997222796,1969,6,NA
47.4833,9.66667,1969-06-03,8.05999981984496,13.3799997009337,10.7199997603893,1969,6,NA
47.4833,9.66667,1969-06-04,6.90999984554946,15.2899996582419,11.0999997518957,1969,6,NA
47.4833,9.66667,1969-06-05,5.05999988690019,9.03999979794025,7.04999984242022,1969,6,NA
47.4833,9.66667,1969-06-06,3.54999992065132,7.32999983616173,5.43999987840652,1969,6,NA
47.4833,9.66667,1969-06-07,2.47999994456768,10.1399997733533,6.30999985896051,1969,6,NA
47.4833,9.66667,1969-06-08,3.75999991595745,8.34999981336296,6.0549998646602,1969,6,NA
47.4833,9.66667,1969-06-09,6.24999986030161,20.369999544695,13.3099997024983,1969,6,NA
47.4833,9.66667,1969-06-10,7.06999984197319,22.9099994879216,14.9899996649474,1969,6,NA
47.4833,9.66667,1969-06-11,8.63999980688095,24.0299994628876,16.3349996348843,1969,6,NA
47.4833,9.66667,1969-06-12,9.94999977760017,23.229999480769,16.5899996291846,1969,6,NA
47.4833,9.66667,1969-06-13,10.2899997700006,22.0499995071441,16.1699996385723,1969,6,NA
47.4833,9.66667,1969-06-14,9.759999781847,22.5499994959682,16.1549996389076,1969,6,NA
47.4833,9.66667,1969-06-15,11.0899997521192,23.2399994805455,17.1649996163324,1969,6,NA
47.4833,9.66667,1969-06-16,11.2499997485429,23.53999947384,17.3949996111915,1969,6,NA
47.4833,9.66667,1969-06-17,12.4899997208267,24.4599994532764,18.4749995870516,1969,6,NA
47.4833,9.66667,1969-06-18,12.9599997103214,19.829999556765,16.3949996335432,1969,6,NA
47.4833,9.66667,1969-06-19,11.0299997534603,21.9699995089322,16.4999996311963,1969,6,NA
47.4833,9.66667,1969-06-20,8.50999980978668,13.9599996879697,11.2349997488782,1969,6,NA
47.4833,9.66667,1969-06-21,8.06999981962144,17.2599996142089,12.6649997169152,1969,6,NA
47.4833,9.66667,1969-06-22,8.70999980531633,21.0599995292723,14.8849996672943,1969,6,NA
47.4833,9.66667,1969-06-23,11.5599997416139,20.5699995402247,16.0649996409193,1969,6,NA
47.4833,9.66667,1969-06-24,11.6299997400492,26.129999415949,18.8799995779991,1969,6,NA
47.4833,9.66667,1969-06-25,9.83999978005886,19.2799995690584,14.5599996745586,1969,6,NA
47.4833,9.66667,1969-06-26,8.41999981179833,13.8299996908754,11.1249997513369,1969,6,NA
47.4833,9.66667,1969-06-27,8.09999981895089,12.5399997197092,10.31999976933,1969,6,NA
47.4833,9.66667,1969-06-28,8.8999998010695,18.8999995775521,13.8999996893108,1969,6,NA
47.4833,9.66667,1969-06-29,10.0199997760355,15.8499996457249,12.9349997108802,1969,6,NA
47.4833,9.66667,1969-06-30,6.45999985560775,18.3499995898455,12.4049997227266,1969,6,NA
47.4833,9.66667,1969-07-01,8.31999981403351,19.1899995710701,13.7549996925518,1969,7,NA
47.4833,9.66667,1969-07-02,10.3799997679889,23.4699994754046,16.9249996216968,1969,7,NA
47.4833,9.66667,1969-07-03,11.479999743402,23.4199994765222,17.4499996099621,1969,7,NA
47.4833,9.66667,1969-07-04,11.4899997431785,24.2099994588643,17.8499996010214,1969,7,NA
47.4833,9.66667,1969-07-05,13.1199997067451,25.7299994248897,19.4249995658174,1969,7,NA
47.4833,9.66667,1969-07-06,13.8999996893108,25.4199994318187,19.6599995605648,1969,7,NA
47.4833,9.66667,1969-07-07,14.2599996812642,25.4899994302541,19.8749995557591,1969,7,NA
47.4833,9.66667,1969-07-08,10.1999997720122,17.1099996175617,13.654999694787,1969,7,NA
47.4833,9.66667,1969-07-09,7.83999982476234,14.9099996667355,11.3749997457489,1969,7,NA
47.4833,9.66667,1969-07-10,7.23999983817339,13.2999997027218,10.2699997704476,1969,7,NA
47.4833,9.66667,1969-07-11,6.83999984711409,12.6499997172505,9.74499978218228,1969,7,NA
47.4833,9.66667,1969-07-12,8.00999982096255,14.7999996691942,11.4049997450784,1969,7,NA
47.4833,9.66667,1969-07-13,9.01999979838729,18.8499995786697,13.9349996885285,1969,7,NA
47.4833,9.66667,1969-07-14,9.78999978117645,20.9199995324016,15.354999656789,1969,7,NA
47.4833,9.66667,1969-07-15,10.9399997554719,23.3599994778633,17.1499996166676,1969,7,NA
47.4833,9.66667,1969-07-16,10.9499997552484,25.7499994244426,18.3499995898455,1969,7,NA
47.4833,9.66667,1969-07-17,11.8999997340143,27.3299993891269,19.6149995615706,1969,7,NA
47.4833,9.66667,1969-07-18,14.8199996687472,28.1799993701279,21.4999995194376,1969,7,NA
47.4833,9.66667,1969-07-19,15.5899996515363,24.6399994492531,20.1149995503947,1969,7,NA
47.4833,9.66667,1969-07-20,14.939999666065,25.1599994376302,20.0499995518476,1969,7,NA
47.4833,9.66667,1969-07-21,14.5099996756762,25.5099994298071,20.0099995527416,1969,7,NA
47.4833,9.66667,1969-07-22,15.9099996443838,25.239999435842,20.5749995401129,1969,7,NA
47.4833,9.66667,1969-07-23,14.2499996814877,27.4299993868917,20.8399995341897,1969,7,NA
47.4833,9.66667,1969-07-24,14.7899996694177,28.3499993663281,21.5699995178729,1969,7,NA
47.4833,9.66667,1969-07-25,18.1299995947629,28.6299993600696,23.3799994774163,1969,7,NA
47.4833,9.66667,1969-07-26,18.1299995947629,26.1999994143844,22.1649995045736,1969,7,NA
47.4833,9.66667,1969-07-27,16.8399996235967,26.1999994143844,21.5199995189905,1969,7,NA
47.4833,9.66667,1969-07-28,16.639999628067,25.259999435395,20.949999531731,1969,7,NA
47.4833,9.66667,1969-07-29,14.899999666959,27.8399993777275,21.3699995223433,1969,7,NA
47.4833,9.66667,1969-07-30,15.8899996448308,28.2399993687868,22.0649995068088,1969,7,NA
47.4833,9.66667,1969-07-31,13.2499997038394,18.9099995773286,16.079999640584,1969,7,NA
47.4833,9.66667,1969-08-01,13.8399996906519,22.6799994930625,18.2599995918572,1969,8,NA
47.4833,9.66667,1969-08-02,13.6699996944517,25.6899994257838,19.6799995601177,1969,8,NA
47.4833,9.66667,1969-08-03,13.9299996886402,26.9499993976206,20.4399995431304,1969,8,NA
47.4833,9.66667,1969-08-04,14.0099996868521,23.9399994648993,18.9749995758757,1969,8,NA
47.4833,9.66667,1969-08-05,12.5299997199327,25.8799994215369,19.2049995707348,1969,8,NA
47.4833,9.66667,1969-08-06,14.8299996685237,27.289999390021,21.0599995292723,1969,8,NA
47.4833,9.66667,1969-08-07,14.8899996671826,26.1799994148314,20.534999541007,1969,8,NA
47.4833,9.66667,1969-08-08,13.7699996922165,25.7499994244426,19.7599995583296,1969,8,NA
47.4833,9.66667,1969-08-09,13.7399996928871,24.4699994530529,19.10499957297,1969,8,NA
47.4833,9.66667,1969-08-10,11.4399997442961,25.7799994237721,18.6099995840341,1969,8,NA
47.4833,9.66667,1969-08-11,11.5299997422844,25.9999994188547,18.7649995805696,1969,8,NA
47.4833,9.66667,1969-08-12,11.3199997469783,24.8699994441122,18.0949995955452,1969,8,NA
47.4833,9.66667,1969-08-13,11.1499997507781,22.7499994914979,16.949999621138,1969,8,NA
47.4833,9.66667,1969-08-14,14.5999996736646,23.53999947384,19.0699995737523,1969,8,NA
47.4833,9.66667,1969-08-15,13.5499996971339,22.939999487251,18.2449995921925,1969,8,NA
47.4833,9.66667,1969-08-16,14.3199996799231,23.229999480769,18.774999580346,1969,8,NA
47.4833,9.66667,1969-08-17,13.4299996998161,18.8399995788932,16.1349996393546,1969,8,NA
47.4833,9.66667,1969-08-18,12.4999997206032,15.3499996569008,13.924999688752,1969,8,NA
47.4833,9.66667,1969-08-19,12.2599997259676,18.64999958314,15.4549996545538,1969,8,NA
47.4833,9.66667,1969-08-20,11.5999997407198,21.1999995261431,16.3999996334314,1969,8,NA
47.4833,9.66667,1969-08-21,10.7999997586012,22.9499994870275,16.8749996228144,1969,8,NA
47.4833,9.66667,1969-08-22,12.4399997219443,17.9299995992333,15.1849996605888,1969,8,NA
47.4833,9.66667,1969-08-23,9.91999977827072,17.6699996050447,13.7949996916577,1969,8,NA
47.4833,9.66667,1969-08-24,9.01999979838729,14.4199996776879,11.7199997380376,1969,8,NA
47.4833,9.66667,1969-08-25,8.10999981872737,11.2299997489899,9.66999978385866,1969,8,NA
47.4833,9.66667,1969-08-26,7.96999982185662,15.1299996618181,11.5499997418374,1969,8,NA
47.4833,9.66667,1969-08-27,8.07999981939793,12.3399997241795,10.2099997717887,1969,8,NA
47.4833,9.66667,1969-08-28,6.54999985359609,11.1799997501075,8.86499980185181,1969,8,NA
47.4833,9.66667,1969-08-29,8.23999981582165,11.6599997393787,9.94999977760017,1969,8,NA
47.4833,9.66667,1969-08-30,7.92999982275069,14.649999672547,11.2899997476488,1969,8,NA
47.4833,9.66667,1969-08-31,5.53999987617135,17.6599996052682,11.5999997407198,1969,8,NA
47.4833,9.66667,1969-09-01,7.1199998408556,19.1599995717406,13.1399997062981,1969,9,NA
47.4833,9.66667,1969-09-02,9.60999978519976,20.7799995355308,15.1949996603653,1969,9,NA
47.4833,9.66667,1969-09-03,10.5099997650832,21.6399995163083,16.0749996406958,1969,9,NA
47.4833,9.66667,1969-09-04,12.7999997138977,18.8799995779991,15.8399996459484,1969,9,NA
47.4833,9.66667,1969-09-05,13.2999997027218,18.8399995788932,16.0699996408075,1969,9,NA
47.4833,9.66667,1969-09-06,11.4199997447431,20.2299995478243,15.8249996462837,1969,9,NA
47.4833,9.66667,1969-09-07,10.8699997570366,17.4999996088445,14.1849996829405,1969,9,NA
47.4833,9.66667,1969-09-08,10.7499997597188,17.8899996001273,14.3199996799231,1969,9,NA
47.4833,9.66667,1969-09-09,9.89999977871776,19.4799995645881,14.6899996716529,1969,9,NA
47.4833,9.66667,1969-09-10,10.7499997597188,19.9299995545298,15.3399996571243,1969,9,NA
47.4833,9.66667,1969-09-11,10.6399997621775,19.9699995536357,15.3049996579066,1969,9,NA
47.4833,9.66667,1969-09-12,9.45999978855252,22.5699994955212,16.0149996420369,1969,9,NA
47.4833,9.66667,1969-09-13,11.0199997536838,22.6299994941801,16.8249996239319,1969,9,NA
47.4833,9.66667,1969-09-14,11.6999997384846,23.9599994644523,17.8299996014684,1969,9,NA
47.4833,9.66667,1969-09-15,12.1199997290969,19.1799995712936,15.6499996501952,1969,9,NA
47.4833,9.66667,1969-09-16,10.8299997579306,18.959999576211,14.8949996670708,1969,9,NA
47.4833,9.66667,1969-09-17,11.0799997523427,19.1399995721877,15.1099996622652,1969,9,NA
47.4833,9.66667,1969-09-18,10.7399997599423,19.1999995708466,14.9699996653944,1969,9,NA
47.4833,9.66667,1969-09-19,8.57999980822206,17.9099995996803,13.2449997039512,1969,9,NA
47.4833,9.66667,1969-09-20,8.63999980688095,13.3999997004867,11.0199997536838,1969,9,NA
47.4833,9.66667,1969-09-21,8.19999981671572,16.2799996361136,12.2399997264147,1969,9,NA
47.4833,9.66667,1969-09-22,6.34999985806644,17.4999996088445,11.9249997334555,1969,9,NA
47.4833,9.66667,1969-09-23,8.65999980643392,18.7699995804578,13.7149996934459,1969,9,NA
47.4833,9.66667,1969-09-24,8.47999981045723,19.9399995543063,14.2099996823817,1969,9,NA
47.4833,9.66667,1969-09-25,8.34999981336296,19.8399995565414,14.0949996849522,1969,9,NA
47.4833,9.66667,1969-09-26,8.45999981090426,19.9099995549768,14.1849996829405,1969,9,NA
47.4833,9.66667,1969-09-27,10.1799997724593,18.7399995811284,14.4599996767938,1969,9,NA
47.4833,9.66667,1969-09-28,8.2699998151511,18.4599995873868,13.364999701269,1969,9,NA
47.4833,9.66667,1969-09-29,8.64999980665743,15.4299996551126,12.039999730885,1969,9,NA
47.4833,9.66667,1969-09-30,5.99999986588955,17.0799996182323,11.5399997420609,1969,9,NA
47.4833,9.66667,1969-10-01,9.40999978967011,15.3699996564537,12.3899997230619,1969,10,1970
47.4833,9.66667,1969-10-02,7.96999982185662,13.7499996926636,10.8599997572601,1969,10,1970
47.4833,9.66667,1969-10-03,5.24999988265336,12.3399997241795,8.79499980341643,1969,10,1970
47.4833,9.66667,1969-10-04,7.18999983929098,16.5299996305257,11.8599997349083,1969,10,1970
47.4833,9.66667,1969-10-05,5.2799998819828,17.2899996135384,11.2849997477606,1969,10,1970
47.4833,9.66667,1969-10-06,5.1099998857826,16.7499996256083,10.9299997556955,1969,10,1970
47.4833,9.66667,1969-10-07,6.24999986030161,14.3199996799231,10.2849997701123,1969,10,1970
47.4833,9.66667,1969-10-08,8.06999981962144,15.229999659583,11.6499997396022,1969,10,1970
47.4833,9.66667,1969-10-09,8.28999981470406,16.389999633655,12.3399997241795,1969,10,1970
47.4833,9.66667,1969-10-10,6.31999985873699,17.0799996182323,11.6999997384846,1969,10,1970
47.4833,9.66667,1969-10-11,4.92999988980591,14.3299996796995,9.62999978475273,1969,10,1970
47.4833,9.66667,1969-10-12,5.90999986790121,13.6799996942282,9.79499978106469,1969,10,1970
47.4833,9.66667,1969-10-13,6.32999985851347,14.3999996781349,10.3649997683242,1969,10,1970
47.4833,9.66667,1969-10-14,4.03999990969896,14.7799996696413,9.40999978967011,1969,10,1970
47.4833,9.66667,1969-10-15,4.83999989181757,14.4199996776879,9.62999978475273,1969,10,1970
47.4833,9.66667,1969-10-16,4.59999989718199,14.4199996776879,9.50999978743494,1969,10,1970
47.4833,9.66667,1969-10-17,4.20999990589917,12.1999997273088,8.20499981660396,1969,10,1970
47.4833,9.66667,1969-10-18,5.87999986857176,13.1699997056276,9.52499978709966,1969,10,1970
47.4833,9.66667,1969-10-19,4.79999989271164,14.6699996720999,9.73499978240579,1969,10,1970
47.4833,9.66667,1969-10-20,3.53999992087483,15.229999659583,9.3849997902289,1969,10,1970
47.4833,9.66667,1969-10-21,4.20999990589917,15.9299996439368,10.069999774918,1969,10,1970
47.4833,9.66667,1969-10-22,5.09999988600612,15.5299996528774,10.3149997694418,1969,10,1970
47.4833,9.66667,1969-10-23,4.72999989427626,13.6199996955693,9.17499979492277,1969,10,1970
47.4833,9.66667,1969-10-24,5.92999986745417,14.9499996658415,10.4399997666478,1969,10,1970
47.4833,9.66667,1969-10-25,9.6999997831881,12.7199997156858,11.209999749437,1969,10,1970
47.4833,9.66667,1969-10-26,4.15999990701675,10.1599997729063,7.15999983996153,1969,10,1970
47.4833,9.66667,1969-10-27,2.37999994680285,12.039999730885,7.20999983884394,1969,10,1970
47.4833,9.66667,1969-10-28,3.23999992758036,14.1299996841699,8.68499980587512,1969,10,1970
47.4833,9.66667,1969-10-29,4.00999991036952,12.2599997259676,8.13499981816858,1969,10,1970
47.4833,9.66667,1969-10-30,2.64999994076788,11.7399997375906,7.19499983917922,1969,10,1970
47.4833,9.66667,1969-10-31,3.62999991886318,9.87999977916479,6.75499984901398,1969,10,1970
47.4833,9.66667,1969-11-01,0.679999984800816,9.83999978005886,5.25999988242984,1969,11,1970
47.4833,9.66667,1969-11-02,0.399999991059303,12.8999997116625,6.64999985136092,1969,11,1970
47.4833,9.66667,1969-11-03,0.979999978095293,14.2599996812642,7.61999982967973,1969,11,1970
47.4833,9.66667,1969-11-04,1.27999997138977,14.069999685511,7.67499982845038,1969,11,1970
47.4833,9.66667,1969-11-05,2.62999994121492,15.5799996517599,9.10499979648739,1969,11,1970
47.4833,9.66667,1969-11-06,-0.979999978095293,8.71999980509281,3.86999991349876,1969,11,1970
47.4833,9.66667,1969-11-07,-3.89999991282821,5.28999988175929,0.694999984465539,1969,11,1970
47.4833,9.66667,1969-11-08,-2.90999993495643,7.56999983079731,2.32999994792044,1969,11,1970
47.4833,9.66667,1969-11-09,2.6999999396503,12.2799997255206,7.48999983258545,1969,11,1970
47.4833,9.66667,1969-11-10,5.70999987237155,12.9899997096509,9.34999979101121,1969,11,1970
47.4833,9.66667,1969-11-11,4.06999990902841,12.4799997210503,8.27499981503934,1969,11,1970
47.4833,9.66667,1969-11-12,3.37999992445111,15.5899996515363,9.48499978799373,1969,11,1970
47.4833,9.66667,1969-11-13,8.06999981962144,16.7899996247143,12.4299997221678,1969,11,1970
47.4833,9.66667,1969-11-14,6.24999986030161,10.1499997731298,8.19999981671572,1969,11,1970
47.4833,9.66667,1969-11-15,3.86999991349876,8.90999980084598,6.38999985717237,1969,11,1970
47.4833,9.66667,1969-11-16,2.4699999447912,10.5299997646362,6.49999985471368,1969,11,1970
47.4833,9.66667,1969-11-17,0.61999998614192,10.5999997630715,5.60999987460673,1969,11,1970
47.4833,9.66667,1969-11-18,0.989999977871776,10.4899997655302,5.739999871701,1969,11,1970
47.4833,9.66667,1969-11-19,-0.92999997921288,5.17999988421798,2.12499995250255,1969,11,1970
47.4833,9.66667,1969-11-20,-1.45999996736646,6.74999984912574,2.64499994087964,1969,11,1970
47.4833,9.66667,1969-11-21,2.6999999396503,10.4499997664243,6.5749998530373,1969,11,1970
47.4833,9.66667,1969-11-22,0.189999995753169,10.2899997700006,5.23999988287687,1969,11,1970
47.4833,9.66667,1969-11-23,2.60999994166195,11.6899997387081,7.14999984018505,1969,11,1970
47.4833,9.66667,1969-11-24,0.539999987930059,8.95999979972839,4.74999989382923,1969,11,1970
47.4833,9.66667,1969-11-25,0.289999993517995,6.95999984443188,3.62499991897494,1969,11,1970
47.4833,9.66667,1969-11-26,0.279999993741512,5.17999988421798,2.72999993897974,1969,11,1970
47.4833,9.66667,1969-11-27,-2.80999993719161,1.24999997206032,-0.779999982565641,1969,11,1970
47.4833,9.66667,1969-11-28,-5.29999988153577,0.109999997541308,-2.59499994199723,1969,11,1970
47.4833,9.66667,1969-11-29,-4.35999990254641,4.02999990992248,-0.164999996311963,1969,11,1970
47.4833,9.66667,1969-11-30,-8.33999981358647,1.45999996736646,-3.43999992311001,1969,11,1970
47.4833,9.66667,1969-12-01,-9.83999978005886,-2.91999993473291,-6.37999985739589,1969,12,1970
47.4833,9.66667,1969-12-02,-8.22999981604517,-2.76999993808568,-5.49999987706542,1969,12,1970
47.4833,9.66667,1969-12-03,-9.42999978922307,-2.4099999461323,-5.91999986767769,1969,12,1970
47.4833,9.66667,1969-12-04,-5.18999988399446,1.63999996334314,-1.77499996032566,1969,12,1970
47.4833,9.66667,1969-12-05,-0.919999979436398,1.18999997340143,0.134999996982515,1969,12,1970
47.4833,9.66667,1969-12-06,-6.55999985337257,-0.849999981001019,-3.7049999171868,1969,12,1970
47.4833,9.66667,1969-12-07,-10.9299997556955,-5.24999988265336,-8.08999981917441,1969,12,1970
47.4833,9.66667,1969-12-08,-10.7899997588247,-6.06999986432493,-8.42999981157482,1969,12,1970
47.4833,9.66667,1969-12-09,-12.7199997156858,-6.09999986365438,-9.40999978967011,1969,12,1970
47.4833,9.66667,1969-12-10,-11.0499997530133,-5.60999987460673,-8.32999981380999,1969,12,1970
47.4833,9.66667,1969-12-11,-12.9599997103214,-4.58999989740551,-8.77499980386347,1969,12,1970
47.4833,9.66667,1969-12-12,-11.7799997366965,-4.86999989114702,-8.32499981392175,1969,12,1970
47.4833,9.66667,1969-12-13,-8.80999980308115,-5.07999988645315,-6.94499984476715,1969,12,1970
47.4833,9.66667,1969-12-14,-8.52999980933964,-3.65999991819263,-6.09499986376613,1969,12,1970
47.4833,9.66667,1969-12-15,-6.41999985650182,-1.35999996960163,-3.88999991305172,1969,12,1970
47.4833,9.66667,1969-12-16,-6.32999985851347,2.47999994456768,-1.9249999569729,1969,12,1970
47.4833,9.66667,1969-12-17,-1.61999996379018,0.539999987930059,-0.539999987930059,1969,12,1970
47.4833,9.66667,1969-12-18,-2.01999995484948,1.06999997608364,-0.474999989382923,1969,12,1970
47.4833,9.66667,1969-12-19,-2.48999994434416,1.3799999691546,-0.554999987594783,1969,12,1970
47.4833,9.66667,1969-12-20,-8.11999981850386,-1.87999995797873,-4.99999988824129,1969,12,1970
47.4833,9.66667,1969-12-21,-10.4699997659773,-5.44999987818301,-7.95999982208014,1969,12,1970
47.4833,9.66667,1969-12-22,-12.059999730438,-5.15999988466501,-8.6099998075515,1969,12,1970
47.4833,9.66667,1969-12-23,-11.6799997389317,-3.62999991886318,-7.65499982889742,1969,12,1970
47.4833,9.66667,1969-12-24,-5.42999987863004,2.54999994300306,-1.43999996781349,1969,12,1970
47.4833,9.66667,1969-12-25,-0.789999982342124,2.34999994747341,0.779999982565641,1969,12,1970
47.4833,9.66667,1969-12-26,-4.29999990388751,2.07999995350838,-1.10999997518957,1969,12,1970
47.4833,9.66667,1969-12-27,-8.40999981202185,-2.14999995194376,-5.2799998819828,1969,12,1970
47.4833,9.66667,1969-12-28,-7.81999982520938,-5.03999988734722,-6.4299998562783,1969,12,1970
47.4833,9.66667,1969-12-29,-9.53999978676438,-5.55999987572432,-7.54999983124435,1969,12,1970
47.4833,9.66667,1969-12-30,-10.3899997677654,-5.62999987415969,-8.00999982096255,1969,12,1970
47.4833,9.66667,1969-12-31,-10.5999997630715,-6.50999985449016,-8.55499980878085,1969,12,1970
47.4833,9.66667,1970-01-01,-10.1699997726828,-5.65999987348914,-7.91499982308596,1970,1,1970
47.4833,9.66667,1970-01-02,-8.1499998178333,-3.84999991394579,-5.99999986588955,1970,1,1970
47.4833,9.66667,1970-01-03,-8.98999979905784,-2.18999995104969,-5.58999987505376,1970,1,1970
47.4833,9.66667,1970-01-04,-10.0399997755885,0.979999978095293,-4.52999989874661,1970,1,1970
47.4833,9.66667,1970-01-05,-9.38999979011714,2.14999995194376,-3.61999991908669,1970,1,1970
47.4833,9.66667,1970-01-06,-2.72999993897974,6.26999985985458,1.76999996043742,1970,1,1970
47.4833,9.66667,1970-01-07,-6.23999986052513,0.959999978542328,-2.6399999409914,1970,1,1970
47.4833,9.66667,1970-01-08,-8.61999980732799,-0.849999981001019,-4.7349998941645,1970,1,1970
47.4833,9.66667,1970-01-09,-11.3399997465312,-2.78999993763864,-7.06499984208494,1970,1,1970
47.4833,9.66667,1970-01-10,-5.12999988533556,2.18999995104969,-1.46999996714294,1970,1,1970
47.4833,9.66667,1970-01-11,-0.759999983012676,2.64999994076788,0.944999978877604,1970,1,1970
47.4833,9.66667,1970-01-12,-1.47999996691942,10.0599997751415,4.28999990411103,1970,1,1970
47.4833,9.66667,1970-01-13,-0.919999979436398,8.22999981604517,3.65499991830438,1970,1,1970
47.4833,9.66667,1970-01-14,-2.14999995194376,2.6399999409914,0.244999994523823,1970,1,1970
47.4833,9.66667,1970-01-15,-2.70999993942678,2.99999993294477,0.144999996758997,1970,1,1970
47.4833,9.66667,1970-01-16,-2.57999994233251,3.20999992825091,0.314999992959201,1970,1,1970
47.4833,9.66667,1970-01-17,0.259999994188547,3.00999993272126,1.6349999634549,1970,1,1970
47.4833,9.66667,1970-01-18,-0.109999997541308,3.59999991953373,1.74499996099621,1970,1,1970
47.4833,9.66667,1970-01-19,-3.56999992020428,4.28999990411103,0.359999991953373,1970,1,1970
47.4833,9.66667,1970-01-20,-4.68999989517033,0.679999984800816,-2.00499995518476,1970,1,1970
47.4833,9.66667,1970-01-21,-5.20999988354743,-0.119999997317791,-2.66499994043261,1970,1,1970
47.4833,9.66667,1970-01-22,-6.28999985940754,-2.04999995417893,-4.16999990679324,1970,1,1970
47.4833,9.66667,1970-01-23,-7.20999983884394,0.649999985471368,-3.27999992668629,1970,1,1970
47.4833,9.66667,1970-01-24,-4.13999990746379,3.1599999293685,-0.489999989047647,1970,1,1970
47.4833,9.66667,1970-01-25,-1.49999996647239,5.00999988801777,1.75499996077269,1970,1,1970
47.4833,9.66667,1970-01-26,1.05999997630715,8.57999980822206,4.8199998922646,1970,1,1970
47.4833,9.66667,1970-01-27,1.49999996647239,8.82999980263412,5.16499988455325,1970,1,1970
47.4833,9.66667,1970-01-28,1.20999997295439,7.15999983996153,4.18499990645796,1970,1,1970
47.4833,9.66667,1970-01-29,-2.31999994814396,3.50999992154539,0.594999986700714,1970,1,1970
47.4833,9.66667,1970-01-30,-4.13999990746379,3.81999991461635,-0.159999996423721,1970,1,1970
47.4833,9.66667,1970-01-31,-4.05999990925193,3.74999991618097,-0.15499999653548,1970,1,1970
47.4833,9.66667,1970-02-01,-4.20999990589917,1.10999997518957,-1.5499999653548,1970,2,1970
47.4833,9.66667,1970-02-02,-8.87999980151653,-1.97999995574355,-5.42999987863004,1970,2,1970
47.4833,9.66667,1970-02-03,-9.71999978274107,3.47999992221594,-3.11999993026257,1970,2,1970
47.4833,9.66667,1970-02-04,1.04999997653067,7.30999983660877,4.17999990656972,1970,2,1970
47.4833,9.66667,1970-02-05,0.119999997317791,8.69999980553985,4.40999990142882,1970,2,1970
47.4833,9.66667,1970-02-06,1.39999996870756,6.07999986410141,3.73999991640449,1970,2,1970
47.4833,9.66667,1970-02-07,-0.749999983236194,4.14999990724027,1.69999996200204,1970,2,1970
47.4833,9.66667,1970-02-08,-2.1799999512732,3.16999992914498,0.494999988935888,1970,2,1970
47.4833,9.66667,1970-02-09,-0.0699999984353781,5.62999987415969,2.77999993786216,1970,2,1970
47.4833,9.66667,1970-02-10,1.47999996691942,8.74999980442226,5.11499988567084,1970,2,1970
47.4833,9.66667,1970-02-11,-0.859999980777502,3.44999992288649,1.29499997105449,1970,2,1970
47.4833,9.66667,1970-02-12,-2.62999994121492,0.569999987259507,-1.02999997697771,1970,2,1970
47.4833,9.66667,1970-02-13,-7.39999983459711,2.29999994859099,-2.54999994300306,1970,2,1970
47.4833,9.66667,1970-02-14,-2.83999993652105,3.76999991573393,0.46499998960644,1970,2,1970
47.4833,9.66667,1970-02-15,-7.20999983884394,-0.239999994635582,-3.72499991673976,1970,2,1970
47.4833,9.66667,1970-02-16,-7.5799998305738,-2.21999995037913,-4.89999989047647,1970,2,1970
47.4833,9.66667,1970-02-17,-11.1499997507781,-2.009999955073,-6.57999985292554,1970,2,1970
47.4833,9.66667,1970-02-18,-7.02999984286726,0,-3.51499992143363,1970,2,1970
47.4833,9.66667,1970-02-19,-3.44999992288649,1.44999996758997,-0.999999977648258,1970,2,1970
47.4833,9.66667,1970-02-20,-1.97999995574355,3.06999993138015,0.544999987818301,1970,2,1970
47.4833,9.66667,1970-02-21,-0.679999984800816,6.34999985806644,2.83499993663281,1970,2,1970
47.4833,9.66667,1970-02-22,-0.709999984130263,4.08999990858138,1.68999996222556,1970,2,1970
47.4833,9.66667,1970-02-23,2.31999994814396,6.00999986566603,4.164999906905,1970,2,1970
47.4833,9.66667,1970-02-24,0.859999980777502,5.87999986857176,3.36999992467463,1970,2,1970
47.4833,9.66667,1970-02-25,-0.57999998703599,2.1799999512732,0.799999982118607,1970,2,1970
47.4833,9.66667,1970-02-26,-2.82999993674457,2.98999993316829,0.0799999982118607,1970,2,1970
47.4833,9.66667,1970-02-27,-4.85999989137053,0.999999977648258,-1.92999995686114,1970,2,1970
47.4833,9.66667,1970-02-28,-4.27999990433455,-1.05999997630715,-2.66999994032085,1970,2,1970
47.4833,9.66667,1970-03-01,-7.36999983526766,-0.989999977871776,-4.17999990656972,1970,3,1970
47.4833,9.66667,1970-03-02,-7.39999983459711,0.109999997541308,-3.6449999185279,1970,3,1970
47.4833,9.66667,1970-03-03,-4.82999989204109,0.239999994635582,-2.29499994870275,1970,3,1970
47.4833,9.66667,1970-03-04,-5.03999988734722,-0.719999983906746,-2.87999993562698,1970,3,1970
47.4833,9.66667,1970-03-05,-6.11999986320734,-1.85999995842576,-3.98999991081655,1970,3,1970
47.4833,9.66667,1970-03-06,-8.8999998010695,-0.649999985471368,-4.77499989327043,1970,3,1970
47.4833,9.66667,1970-03-07,-4.54999989829957,0.399999991059303,-2.07499995362014,1970,3,1970
47.4833,9.66667,1970-03-08,-6.66999985091388,1.78999995999038,-2.43999994546175,1970,3,1970
47.4833,9.66667,1970-03-09,-5.02999988757074,1.9499999564141,-1.53999996557832,1970,3,1970
47.4833,9.66667,1970-03-10,-9.07999979704618,2.74999993853271,-3.16499992925674,1970,3,1970
47.4833,9.66667,1970-03-11,-9.24999979324639,3.73999991640449,-2.75499993842095,1970,3,1970
47.4833,9.66667,1970-03-12,-3.35999992489815,2.81999993696809,-0.26999999396503,1970,3,1970
47.4833,9.66667,1970-03-13,-3.19999992847443,5.06999988667667,0.934999979101121,1970,3,1970
47.4833,9.66667,1970-03-14,-4.48999989964068,7.56999983079731,1.53999996557832,1970,3,1970
47.4833,9.66667,1970-03-15,-2.88999993540347,3.1599999293685,0.134999996982515,1970,3,1970
47.4833,9.66667,1970-03-16,-1.50999996624887,2.04999995417893,0.26999999396503,1970,3,1970
47.4833,9.66667,1970-03-17,-2.89999993517995,4.40999990142882,0.754999983124435,1970,3,1970
47.4833,9.66667,1970-03-18,-1.43999996781349,6.26999985985458,2.41499994602054,1970,3,1970
47.4833,9.66667,1970-03-19,1.42999996803701,7.10999984107912,4.26999990455806,1970,3,1970
47.4833,9.66667,1970-03-20,-0.30999999307096,4.78999989293516,2.2399999499321,1970,3,1970
47.4833,9.66667,1970-03-21,-0.209999995306134,4.67999989539385,2.23499995004386,1970,3,1970
47.4833,9.66667,1970-03-22,1.81999995931983,11.3399997465312,6.57999985292554,1970,3,1970
47.4833,9.66667,1970-03-23,1.34999996982515,11.189999749884,6.26999985985458,1970,3,1970
47.4833,9.66667,1970-03-24,3.10999993048608,8.49999981001019,5.80499987024814,1970,3,1970
47.4833,9.66667,1970-03-25,2.28999994881451,10.609999762848,6.44999985583127,1970,3,1970
47.4833,9.66667,1970-03-26,2.60999994166195,9.77999978139997,6.19499986153096,1970,3,1970
47.4833,9.66667,1970-03-27,1.10999997518957,11.3499997463077,6.22999986074865,1970,3,1970
47.4833,9.66667,1970-03-28,-2.42999994568527,5.37999987974763,1.47499996703118,1970,3,1970
47.4833,9.66667,1970-03-29,-4.96999988891184,1.89999995753169,-1.53499996569008,1970,3,1970
47.4833,9.66667,1970-03-30,-2.32999994792044,2.36999994702637,0.0199999995529652,1970,3,1970
47.4833,9.66667,1970-03-31,-0.449999989941716,10.7699997592717,5.15999988466501,1970,3,1970
47.4833,9.66667,1970-04-01,1.22999997250736,13.7499996926636,7.48999983258545,1970,4,1970
47.4833,9.66667,1970-04-02,0.669999985024333,6.27999985963106,3.4749999223277,1970,4,1970
47.4833,9.66667,1970-04-03,-1.75999996066093,2.13999995216727,0.189999995753169,1970,4,1970
47.4833,9.66667,1970-04-04,-3.43999992311001,1.78999995999038,-0.824999981559813,1970,4,1970
47.4833,9.66667,1970-04-05,-2.78999993763864,2.94999993406236,0.0799999982118607,1970,4,1970
47.4833,9.66667,1970-04-06,-2.54999994300306,3.18999992869794,0.319999992847443,1970,4,1970
47.4833,9.66667,1970-04-07,-4.16999990679324,5.86999986879528,0.849999981001019,1970,4,1970
47.4833,9.66667,1970-04-08,0.159999996423721,7.94999982230365,4.05499990936369,1970,4,1970
47.4833,9.66667,1970-04-09,-0.0399999991059303,5.60999987460673,2.7849999377504,1970,4,1970
47.4833,9.66667,1970-04-10,-0.779999982565641,5.39999987930059,2.30999994836748,1970,4,1970
47.4833,9.66667,1970-04-11,-1.07999997586012,7.36999983526766,3.14499992970377,1970,4,1970
47.4833,9.66667,1970-04-12,-1.19999997317791,7.78999982587993,3.29499992635101,1970,4,1970
47.4833,9.66667,1970-04-13,-1.18999997340143,8.68999980576336,3.74999991618097,1970,4,1970
47.4833,9.66667,1970-04-14,2.67999994009733,10.6599997617304,6.66999985091388,1970,4,1970
47.4833,9.66667,1970-04-15,1.38999996893108,5.74999987147748,3.56999992020428,1970,4,1970
47.4833,9.66667,1970-04-16,1.61999996379018,10.0999997742474,5.85999986901879,1970,4,1970
47.4833,9.66667,1970-04-17,1.43999996781349,13.5299996975809,7.48499983269721,1970,4,1970
47.4833,9.66667,1970-04-18,7.63999982923269,18.6599995829165,13.1499997060746,1970,4,1970
47.4833,9.66667,1970-04-19,7.61999982967973,20.7099995370954,14.1649996833876,1970,4,1970
47.4833,9.66667,1970-04-20,6.33999985828996,15.6799996495247,11.0099997539073,1970,4,1970
47.4833,9.66667,1970-04-21,2.68999993987381,9.08999979682267,5.88999986834824,1970,4,1970
47.4833,9.66667,1970-04-22,2.12999995239079,11.1599997505546,6.64499985147268,1970,4,1970
47.4833,9.66667,1970-04-23,5.13999988511205,17.239999614656,11.189999749884,1970,4,1970
47.4833,9.66667,1970-04-24,7.30999983660877,18.3699995893985,12.8399997130036,1970,4,1970
47.4833,9.66667,1970-04-25,7.94999982230365,15.1799996607006,11.5649997415021,1970,4,1970
47.4833,9.66667,1970-04-26,6.78999984823167,15.7599996477365,11.2749997479841,1970,4,1970
47.4833,9.66667,1970-04-27,2.79999993741512,10.4199997670949,6.60999985225499,1970,4,1970
47.4833,9.66667,1970-04-28,2.4699999447912,7.93999982252717,5.20499988365918,1970,4,1970
47.4833,9.66667,1970-04-29,1.73999996110797,6.87999984622002,4.30999990366399,1970,4,1970
47.4833,9.66667,1970-04-30,0.529999988153577,7.98999982140958,4.25999990478158,1970,4,1970
47.4833,9.66667,1970-05-01,-0.519999988377094,6.4899998549372,2.98499993328005,1970,5,NA
47.4833,9.66667,1970-05-02,-0.339999992400408,7.75999982655048,3.70999991707504,1970,5,NA
47.4833,9.66667,1970-05-03,0.789999982342124,5.41999987885356,3.10499993059784,1970,5,NA
47.4833,9.66667,1970-05-04,3.2699999269098,8.59999980777502,5.93499986734241,1970,5,NA
47.4833,9.66667,1970-05-05,3.59999991953373,15.8299996461719,9.71499978285283,1970,5,NA
47.4833,9.66667,1970-05-06,4.02999990992248,17.8399996012449,10.9349997555837,1970,5,NA
47.4833,9.66667,1970-05-07,4.03999990969896,18.4599995873868,11.2499997485429,1970,5,NA
47.4833,9.66667,1970-05-08,4.80999989248812,19.9299995545298,12.369999723509,1970,5,NA
47.4833,9.66667,1970-05-09,6.80999984778464,20.5499995406717,13.6799996942282,1970,5,NA
47.4833,9.66667,1970-05-10,4.019999910146,19.2899995688349,11.6549997394904,1970,5,NA
47.4833,9.66667,1970-05-11,7.35999983549118,16.6199996285141,11.9899997320026,1970,5,NA
47.4833,9.66667,1970-05-12,5.92999986745417,11.499999742955,8.71499980520457,1970,5,NA
47.4833,9.66667,1970-05-13,6.29999985918403,12.2999997250736,9.2999997921288,1970,5,NA
47.4833,9.66667,1970-05-14,7.21999983862042,12.6499997172505,9.93499977793545,1970,5,NA
47.4833,9.66667,1970-05-15,5.1099998857826,20.4399995431304,12.7749997144565,1970,5,NA
47.4833,9.66667,1970-05-16,8.58999980799854,17.489999609068,13.0399997085333,1970,5,NA
47.4833,9.66667,1970-05-17,7.91999982297421,13.9699996877462,10.9449997553602,1970,5,NA
47.4833,9.66667,1970-05-18,7.70999982766807,14.4499996770173,11.0799997523427,1970,5,NA
47.4833,9.66667,1970-05-19,7.30999983660877,16.3299996349961,11.8199997358024,1970,5,NA
47.4833,9.66667,1970-05-20,3.3899999242276,17.819999601692,10.6049997629598,1970,5,NA
47.4833,9.66667,1970-05-21,7.55999983102083,14.8599996678531,11.209999749437,1970,5,NA
47.4833,9.66667,1970-05-22,6.91999984532595,15.2499996591359,11.0849997522309,1970,5,NA
47.4833,9.66667,1970-05-23,3.87999991327524,9.85999977961183,6.86999984644353,1970,5,NA
47.4833,9.66667,1970-05-24,3.92999991215765,11.0999997518957,7.51499983202666,1970,5,NA
47.4833,9.66667,1970-05-25,3.0399999320507,17.779999602586,10.4099997673184,1970,5,NA
47.4833,9.66667,1970-05-26,5.65999987348914,19.9199995547533,12.7899997141212,1970,5,NA
47.4833,9.66667,1970-05-27,8.79999980330467,16.0099996421486,12.4049997227266,1970,5,NA
47.4833,9.66667,1970-05-28,7.36999983526766,14.5699996743351,10.9699997548014,1970,5,NA
47.4833,9.66667,1970-05-29,4.6499998960644,16.0099996421486,10.3299997691065,1970,5,NA
47.4833,9.66667,1970-05-30,5.13999988511205,19.4399995654821,12.2899997252971,1970,5,NA
47.4833,9.66667,1970-05-31,8.85999980196357,13.5799996964633,11.2199997492135,1970,5,NA
47.4833,9.66667,1970-06-01,7.72999982722104,15.0699996631593,11.3999997451901,1970,6,NA
47.4833,9.66667,1970-06-02,9.79999978095293,19.5999995619059,14.6999996714294,1970,6,NA
47.4833,9.66667,1970-06-03,9.64999978430569,17.4299996104091,13.5399996973574,1970,6,NA
47.4833,9.66667,1970-06-04,4.40999990142882,18.359999589622,11.3849997455254,1970,6,NA
47.4833,9.66667,1970-06-05,6.86999984644353,15.519999653101,11.1949997497723,1970,6,NA
47.4833,9.66667,1970-06-06,5.52999987639487,20.4999995417893,13.0149997090921,1970,6,NA
47.4833,9.66667,1970-06-07,7.89999982342124,23.0699994843453,15.4849996538833,1970,6,NA
47.4833,9.66667,1970-06-08,11.1399997510016,23.2399994805455,17.1899996157736,1970,6,NA
47.4833,9.66667,1970-06-09,11.6799997389317,26.0599994175136,18.8699995782226,1970,6,NA
47.4833,9.66667,1970-06-10,13.5999996960163,24.0699994619936,18.8349995790049,1970,6,NA
47.4833,9.66667,1970-06-11,12.8299997132272,21.9699995089322,17.3999996110797,1970,6,NA
47.4833,9.66667,1970-06-12,13.6699996944517,22.5799994952977,18.1249995948747,1970,6,NA
47.4833,9.66667,1970-06-13,11.6499997396022,23.6899994704872,17.6699996050447,1970,6,NA
47.4833,9.66667,1970-06-14,11.8399997353554,23.4299994762987,17.634999605827,1970,6,NA
47.4833,9.66667,1970-06-15,10.4799997657537,22.5599994957447,16.5199996307492,1970,6,NA
47.4833,9.66667,1970-06-16,12.5599997192621,24.9399994425476,18.7499995809048,1970,6,NA
47.4833,9.66667,1970-06-17,11.9799997322261,25.7299994248897,18.8549995785579,1970,6,NA
47.4833,9.66667,1970-06-18,13.0399997085333,24.7099994476885,18.8749995781109,1970,6,NA
47.4833,9.66667,1970-06-19,11.8099997360259,22.3899994995445,17.0999996177852,1970,6,NA
47.4833,9.66667,1970-06-20,12.4499997217208,20.5599995404482,16.5049996310845,1970,6,NA
47.4833,9.66667,1970-06-21,13.4099997002631,22.1899995040148,17.799999602139,1970,6,NA
47.4833,9.66667,1970-06-22,11.2699997480959,25.4299994315952,18.3499995898455,1970,6,NA
47.4833,9.66667,1970-06-23,13.5899996962398,26.3599994108081,19.974999553524,1970,6,NA
47.4833,9.66667,1970-06-24,12.5099997203797,25.2699994351715,18.8899995777756,1970,6,NA
47.4833,9.66667,1970-06-25,11.4699997436255,23.0899994838983,17.2799996137619,1970,6,NA
47.4833,9.66667,1970-06-26,14.6099996734411,23.3499994780868,18.9799995757639,1970,6,NA
47.4833,9.66667,1970-06-27,13.4199997000396,26.399999409914,19.9099995549768,1970,6,NA
47.4833,9.66667,1970-06-28,14.7699996698648,27.1299993935972,20.949999531731,1970,6,NA
47.4833,9.66667,1970-06-29,12.3999997228384,20.7999995350838,16.5999996289611,1970,6,NA
47.4833,9.66667,1970-06-30,10.8399997577071,18.7799995802343,14.8099996689707,1970,6,NA
47.4833,9.66667,1970-07-01,8.92999980039895,14.7199996709824,11.8249997356907,1970,7,NA
47.4833,9.66667,1970-07-02,5.85999986901879,16.65999962762,11.2599997483194,1970,7,NA
47.4833,9.66667,1970-07-03,11.1199997514486,15.9699996430427,13.5449996972457,1970,7,NA
47.4833,9.66667,1970-07-04,9.42999978922307,15.2699996586889,12.349999723956,1970,7,NA
47.4833,9.66667,1970-07-05,9.37999979034066,14.2199996821582,11.7999997362494,1970,7,NA
47.4833,9.66667,1970-07-06,8.05999981984496,20.5699995402247,14.3149996800348,1970,7,NA
47.4833,9.66667,1970-07-07,13.0799997076392,24.3399994559586,18.7099995817989,1970,7,NA
47.4833,9.66667,1970-07-08,11.8099997360259,27.0899993944913,19.4499995652586,1970,7,NA
47.4833,9.66667,1970-07-09,13.3899997007102,26.2199994139373,19.8049995573238,1970,7,NA
47.4833,9.66667,1970-07-10,12.7999997138977,23.4199994765222,18.10999959521,1970,7,NA
47.4833,9.66667,1970-07-11,13.4299996998161,22.959999486804,18.1949995933101,1970,7,NA
47.4833,9.66667,1970-07-12,13.0999997071922,25.0299994405359,19.064999573864,1970,7,NA
47.4833,9.66667,1970-07-13,13.0799997076392,25.1199994385242,19.0999995730817,1970,7,NA
47.4833,9.66667,1970-07-14,12.7299997154623,27.1999993920326,19.9649995537475,1970,7,NA
47.4833,9.66667,1970-07-15,14.6699996720999,26.2799994125962,20.4749995423481,1970,7,NA
47.4833,9.66667,1970-07-16,8.2099998164922,19.7199995592237,13.9649996878579,1970,7,NA
47.4833,9.66667,1970-07-17,7.59999983012676,11.0299997534603,9.31499979179353,1970,7,NA
47.4833,9.66667,1970-07-18,7.03999984264374,11.4199997447431,9.22999979369342,1970,7,NA
47.4833,9.66667,1970-07-19,5.31999988108873,16.7299996260554,11.024999753572,1970,7,NA
47.4833,9.66667,1970-07-20,9.21999979391694,20.7599995359778,14.9899996649474,1970,7,NA
47.4833,9.66667,1970-07-21,12.3899997230619,18.1199995949864,15.2549996590242,1970,7,NA
47.4833,9.66667,1970-07-22,10.4999997653067,18.3499995898455,14.4249996775761,1970,7,NA
47.4833,9.66667,1970-07-23,12.2899997252971,23.4999994747341,17.8949996000156,1970,7,NA
47.4833,9.66667,1970-07-24,11.9999997317791,26.9499993976206,19.4749995646998,1970,7,NA
47.4833,9.66667,1970-07-25,14.8499996680766,26.5699994061142,20.7099995370954,1970,7,NA
47.4833,9.66667,1970-07-26,12.1999997273088,19.5899995621294,15.8949996447191,1970,7,NA
47.4833,9.66667,1970-07-27,11.6199997402728,19.4599995650351,15.5399996526539,1970,7,NA
47.4833,9.66667,1970-07-28,13.6999996937811,23.229999480769,18.4649995872751,1970,7,NA
47.4833,9.66667,1970-07-29,13.3199997022748,27.0099993962795,20.1649995492771,1970,7,NA
47.4833,9.66667,1970-07-30,13.9999996870756,24.699999447912,19.3499995674938,1970,7,NA
47.4833,9.66667,1970-07-31,13.7699996922165,23.4799994751811,18.6249995836988,1970,7,NA
47.4833,9.66667,1970-08-01,12.5799997188151,23.9899994637817,18.2849995912984,1970,8,NA
47.4833,9.66667,1970-08-02,12.7399997152388,24.6299994494766,18.6849995823577,1970,8,NA
47.4833,9.66667,1970-08-03,13.3599997013807,25.2099994365126,19.2849995689467,1970,8,NA
47.4833,9.66667,1970-08-04,13.489999698475,25.9299994204193,19.7099995594472,1970,8,NA
47.4833,9.66667,1970-08-05,13.21999970451,26.4599994085729,19.8399995565414,1970,8,NA
47.4833,9.66667,1970-08-06,15.8999996446073,27.1299993935972,21.5149995191023,1970,8,NA
47.4833,9.66667,1970-08-07,15.8799996450543,29.6899993363768,22.7849994907156,1970,8,NA
47.4833,9.66667,1970-08-08,16.369999634102,26.2299994137138,21.2999995239079,1970,8,NA
47.4833,9.66667,1970-08-09,13.0699997078627,21.9199995100498,17.4949996089563,1970,8,NA
47.4833,9.66667,1970-08-10,12.5099997203797,15.7599996477365,14.1349996840581,1970,8,NA
47.4833,9.66667,1970-08-11,12.349999723956,15.7799996472895,14.0649996856228,1970,8,NA
47.4833,9.66667,1970-08-12,12.5099997203797,16.2899996358901,14.3999996781349,1970,8,NA
47.4833,9.66667,1970-08-13,12.079999729991,21.4699995201081,16.7749996250495,1970,8,NA
47.4833,9.66667,1970-08-14,10.5499997641891,25.1499994378537,17.8499996010214,1970,8,NA
47.4833,9.66667,1970-08-15,14.9699996653944,23.0199994854629,18.9949995754287,1970,8,NA
47.4833,9.66667,1970-08-16,13.3199997022748,21.9899995084852,17.65499960538,1970,8,NA
47.4833,9.66667,1970-08-17,13.4199997000396,21.9999995082617,17.7099996041507,1970,8,NA
47.4833,9.66667,1970-08-18,11.2799997478724,17.5599996075034,14.4199996776879,1970,8,NA
47.4833,9.66667,1970-08-19,7.53999983146787,20.1299995500594,13.8349996907637,1970,8,NA
47.4833,9.66667,1970-08-20,11.1099997516721,23.2099994812161,17.1599996164441,1970,8,NA
47.4833,9.66667,1970-08-21,12.889999711886,19.0499995741993,15.9699996430427,1970,8,NA
47.4833,9.66667,1970-08-22,10.3699997682124,14.1999996826053,12.2849997254089,1970,8,NA
47.4833,9.66667,1970-08-23,9.07999979704618,16.7499996256083,12.9149997113273,1970,8,NA
47.4833,9.66667,1970-08-24,9.39999978989363,16.5299996305257,12.9649997102097,1970,8,NA
47.4833,9.66667,1970-08-25,10.1999997720122,13.199999704957,11.6999997384846,1970,8,NA
47.4833,9.66667,1970-08-26,10.339999768883,19.2799995690584,14.8099996689707,1970,8,NA
47.4833,9.66667,1970-08-27,8.45999981090426,21.9299995098263,15.1949996603653,1970,8,NA
47.4833,9.66667,1970-08-28,9.20999979414046,22.9299994874746,16.0699996408075,1970,8,NA
47.4833,9.66667,1970-08-29,13.2899997029454,23.9599994644523,18.6249995836988,1970,8,NA
47.4833,9.66667,1970-08-30,14.2599996812642,22.0599995069206,18.1599995940924,1970,8,NA
47.4833,9.66667,1970-08-31,14.4099996779114,19.2699995692819,16.8399996235967,1970,8,NA
47.4833,9.66667,1970-09-01,14.2999996803701,21.3699995223433,17.8349996013567,1970,9,NA
47.4833,9.66667,1970-09-02,14.089999685064,18.5799995847046,16.3349996348843,1970,9,NA
47.4833,9.66667,1970-09-03,10.7799997590482,20.6499995384365,15.7149996487424,1970,9,NA
47.4833,9.66667,1970-09-04,11.6399997398257,19.0799995735288,15.3599996566772,1970,9,NA
47.4833,9.66667,1970-09-05,12.2699997257441,19.9599995538592,16.1149996398017,1970,9,NA
47.4833,9.66667,1970-09-06,12.6299997176975,18.1699995938689,15.3999996557832,1970,9,NA
47.4833,9.66667,1970-09-07,13.7499996926636,20.7399995364249,17.2449996145442,1970,9,NA
47.4833,9.66667,1970-09-08,11.0699997525662,23.7499994691461,17.4099996108562,1970,9,NA
47.4833,9.66667,1970-09-09,11.9899997320026,23.9799994640052,17.9849995980039,1970,9,NA
47.4833,9.66667,1970-09-10,14.3099996801466,22.8399994894862,18.5749995848164,1970,9,NA
47.4833,9.66667,1970-09-11,13.6299996953458,25.5399994291365,19.5849995622411,1970,9,NA
47.4833,9.66667,1970-09-12,11.6699997391552,21.1399995274842,16.4049996333197,1970,9,NA
47.4833,9.66667,1970-09-13,10.049999775365,17.1099996175617,13.5799996964633,1970,9,NA
47.4833,9.66667,1970-09-14,9.63999978452921,16.4599996320903,13.0499997083098,1970,9,NA
47.4833,9.66667,1970-09-15,7.23999983817339,19.5799995623529,13.4099997002631,1970,9,NA
47.4833,9.66667,1970-09-16,9.83999978005886,22.7599994912744,16.2999996356666,1970,9,NA
47.4833,9.66667,1970-09-17,8.63999980688095,16.5999996289611,12.619999717921,1970,9,NA
47.4833,9.66667,1970-09-18,5.12999988533556,16.3299996349961,10.7299997601658,1970,9,NA
47.4833,9.66667,1970-09-19,5.17999988421798,19.4399995654821,12.3099997248501,1970,9,NA
47.4833,9.66667,1970-09-20,5.93999986723065,19.9599995538592,12.9499997105449,1970,9,NA
47.4833,9.66667,1970-09-21,8.06999981962144,20.7299995366484,14.3999996781349,1970,9,NA
47.4833,9.66667,1970-09-22,9.01999979838729,22.3699994999915,15.6949996491894,1970,9,NA
47.4833,9.66667,1970-09-23,10.3099997695535,18.0099995974451,14.1599996834993,1970,9,NA
47.4833,9.66667,1970-09-24,7.59999983012676,16.9199996218085,12.2599997259676,1970,9,NA
47.4833,9.66667,1970-09-25,3.62999991886318,17.1099996175617,10.3699997682124,1970,9,NA
47.4833,9.66667,1970-09-26,3.46999992243946,18.8599995784461,11.1649997504428,1970,9,NA
47.4833,9.66667,1970-09-27,6.1999998614192,18.7699995804578,12.4849997209385,1970,9,NA
47.4833,9.66667,1970-09-28,6.95999984443188,20.1899995487183,13.5749996965751,1970,9,NA
47.4833,9.66667,1970-09-29,6.01999986544251,19.2699995692819,12.6449997173622,1970,9,NA
47.4833,9.66667,1970-09-30,4.42999990098178,18.2599995918572,11.3449997464195,1970,9,NA
47.4833,9.66667,1970-10-01,8.04999982006848,18.4199995882809,13.2349997041747,1970,10,1971
47.4833,9.66667,1970-10-02,7.26999983750284,11.2499997485429,9.25999979302287,1970,10,1971
47.4833,9.66667,1970-10-03,7.23999983817339,13.9499996881932,10.5949997631833,1970,10,1971
47.4833,9.66667,1970-10-04,3.87999991327524,10.919999755919,7.39999983459711,1970,10,1971
47.4833,9.66667,1970-10-05,4.30999990366399,9.27999979257584,6.79499984811991,1970,10,1971
47.4833,9.66667,1970-10-06,5.60999987460673,16.389999633655,10.9999997541308,1970,10,1971
47.4833,9.66667,1970-10-07,6.1999998614192,18.1899995934218,12.1949997274205,1970,10,1971
47.4833,9.66667,1970-10-08,8.42999981157482,21.4799995198846,14.9549996657297,1970,10,1971
47.4833,9.66667,1970-10-09,7.82999982498586,15.5499996524304,11.6899997387081,1970,10,1971
47.4833,9.66667,1970-10-10,8.50999980978668,13.8399996906519,11.1749997502193,1970,10,1971
47.4833,9.66667,1970-10-11,8.07999981939793,18.7199995815754,13.3999997004867,1970,10,1971
47.4833,9.66667,1970-10-12,8.32999981380999,22.2499995026737,15.2899996582419,1970,10,1971
47.4833,9.66667,1970-10-13,7.2899998370558,18.3699995893985,12.8299997132272,1970,10,1971
47.4833,9.66667,1970-10-14,5.53999987617135,16.1399996392429,10.8399997577071,1970,10,1971
47.4833,9.66667,1970-10-15,6.07999986410141,13.2399997040629,9.65999978408217,1970,10,1971
47.4833,9.66667,1970-10-16,6.22999986074865,11.6799997389317,8.95499979984015,1970,10,1971
47.4833,9.66667,1970-10-17,1.44999996758997,12.4499997217208,6.94999984465539,1970,10,1971
47.4833,9.66667,1970-10-18,-0.0299999993294477,7.69999982789159,3.83499991428107,1970,10,1971
47.4833,9.66667,1970-10-19,0.949999978765845,10.1699997726828,5.55999987572432,1970,10,1971
47.4833,9.66667,1970-10-20,1.5499999653548,14.3999996781349,7.97499982174486,1970,10,1971
47.4833,9.66667,1970-10-21,1.91999995708466,9.24999979324639,5.58499987516552,1970,10,1971
47.4833,9.66667,1970-10-22,1.44999996758997,6.64999985136092,4.04999990947545,1970,10,1971
47.4833,9.66667,1970-10-23,1.69999996200204,5.64999987371266,3.67499991785735,1970,10,1971
47.4833,9.66667,1970-10-24,0.549999987706542,4.90999989025295,2.72999993897974,1970,10,1971
47.4833,9.66667,1970-10-25,0.0999999977648258,7.24999983794987,3.67499991785735,1970,10,1971
47.4833,9.66667,1970-10-26,2.8699999358505,11.2699997480959,7.06999984197319,1970,10,1971
47.4833,9.66667,1970-10-27,2.33999994769692,12.8099997136742,7.57499983068556,1970,10,1971
47.4833,9.66667,1970-10-28,3.25999992713332,10.8399997577071,7.04999984242022,1970,10,1971
47.4833,9.66667,1970-10-29,1.3799999691546,12.7699997145683,7.07499984186143,1970,10,1971
47.4833,9.66667,1970-10-30,3.79999991506338,14.3999996781349,9.09999979659915,1970,10,1971
47.4833,9.66667,1970-10-31,2.57999994233251,14.7999996691942,8.68999980576336,1970,10,1971
47.4833,9.66667,1970-11-01,3.16999992914498,15.3099996577948,9.23999979346991,1970,11,1971
47.4833,9.66667,1970-11-02,3.53999992087483,16.1899996381253,9.86499977950007,1970,11,1971
47.4833,9.66667,1970-11-03,8.3799998126924,16.8899996224791,12.6349997175857,1970,11,1971
47.4833,9.66667,1970-11-04,9.65999978408217,18.8599995784461,14.2599996812642,1970,11,1971
47.4833,9.66667,1970-11-05,4.9399998895824,15.0599996633828,9.99999977648258,1970,11,1971
47.4833,9.66667,1970-11-06,2.89999993517995,12.2399997264147,7.56999983079731,1970,11,1971
47.4833,9.66667,1970-11-07,1.69999996200204,8.68999980576336,5.1949998838827,1970,11,1971
47.4833,9.66667,1970-11-08,0.0399999991059303,6.98999984376132,3.51499992143363,1970,11,1971
47.4833,9.66667,1970-11-09,2.45999994501472,6.24999986030161,4.35499990265816,1970,11,1971
47.4833,9.66667,1970-11-10,4.51999989897013,8.29999981448054,6.40999985672534,1970,11,1971
47.4833,9.66667,1970-11-11,2.8699999358505,7.86999982409179,5.36999987997115,1970,11,1971
47.4833,9.66667,1970-11-12,1.28999997116625,8.8399998024106,5.06499988678843,1970,11,1971
47.4833,9.66667,1970-11-13,1.67999996244907,13.1299997065216,7.40499983448535,1970,11,1971
47.4833,9.66667,1970-11-14,3.50999992154539,10.5599997639656,7.0349998427555,1970,11,1971
47.4833,9.66667,1970-11-15,2.6999999396503,7.09999984130263,4.89999989047647,1970,11,1971
47.4833,9.66667,1970-11-16,1.05999997630715,4.50999989919364,2.7849999377504,1970,11,1971
47.4833,9.66667,1970-11-17,-1.84999995864928,2.98999993316829,0.569999987259507,1970,11,1971
47.4833,9.66667,1970-11-18,-2.71999993920326,6.16999986208975,1.72499996144325,1970,11,1971
47.4833,9.66667,1970-11-19,2.71999993920326,12.929999710992,7.82499982509762,1970,11,1971
47.4833,9.66667,1970-11-20,5.66999987326562,12.2299997266382,8.94999979995191,1970,11,1971
47.4833,9.66667,1970-11-21,2.58999994210899,10.6599997617304,6.62499985191971,1970,11,1971
47.4833,9.66667,1970-11-22,1.17999997362494,7.25999983772635,4.21999990567565,1970,11,1971
47.4833,9.66667,1970-11-23,1.61999996379018,5.22999988310039,3.42499992344528,1970,11,1971
47.4833,9.66667,1970-11-24,-1.62999996356666,6.67999985069036,2.52499994356185,1970,11,1971
47.4833,9.66667,1970-11-25,-2.51999994367361,5.5699998755008,1.52499996591359,1970,11,1971
47.4833,9.66667,1970-11-26,-1.5499999653548,4.55999989807606,1.50499996636063,1970,11,1971
47.4833,9.66667,1970-11-27,-1.70999996177852,4.75999989360571,1.52499996591359,1970,11,1971
47.4833,9.66667,1970-11-28,-2.43999994546175,3.66999991796911,0.614999986253679,1970,11,1971
47.4833,9.66667,1970-11-29,-2.25999994948506,5.9699998665601,1.85499995853752,1970,11,1971
47.4833,9.66667,1970-11-30,1.17999997362494,12.369999723509,6.77499984856695,1970,11,1971
47.4833,9.66667,1970-12-01,4.65999989584088,12.5099997203797,8.5849998081103,1970,12,1971
47.4833,9.66667,1970-12-02,2.73999993875623,7.15999983996153,4.94999988935888,1970,12,1971
47.4833,9.66667,1970-12-03,2.42999994568527,5.77999987080693,4.1049999082461,1970,12,1971
47.4833,9.66667,1970-12-04,1.19999997317791,7.04999984242022,4.12499990779907,1970,12,1971
47.4833,9.66667,1970-12-05,1.35999996960163,7.12999984063208,4.24499990511686,1970,12,1971
47.4833,9.66667,1970-12-06,1.70999996177852,7.19999983906746,4.45499990042299,1970,12,1971
47.4833,9.66667,1970-12-07,-1.72999996133149,5.32999988086522,1.79999995976686,1970,12,1971
47.4833,9.66667,1970-12-08,-1.99999995529652,3.20999992825091,0.604999986477196,1970,12,1971
47.4833,9.66667,1970-12-09,-1.21999997273088,3.0999999307096,0.939999978989363,1970,12,1971
47.4833,9.66667,1970-12-10,-2.81999993696809,3.27999992668629,0.229999994859099,1970,12,1971
47.4833,9.66667,1970-12-11,-3.23999992758036,0.599999986588955,-1.3199999704957,1970,12,1971
47.4833,9.66667,1970-12-12,-3.13999992981553,0.57999998703599,-1.27999997138977,1970,12,1971
47.4833,9.66667,1970-12-13,-3.90999991260469,1.69999996200204,-1.10499997530133,1970,12,1971
47.4833,9.66667,1970-12-14,-3.52999992109835,1.4899999666959,-1.01999997720122,1970,12,1971
47.4833,9.66667,1970-12-15,-2.56999994255602,0.26999999396503,-1.1499999742955,1970,12,1971
47.4833,9.66667,1970-12-16,-2.37999994680285,1.1499999742955,-0.614999986253679,1970,12,1971
47.4833,9.66667,1970-12-17,-5.30999988131225,0.749999983236194,-2.27999994903803,1970,12,1971
47.4833,9.66667,1970-12-18,-7.85999982431531,-1.28999997116625,-4.57499989774078,1970,12,1971
47.4833,9.66667,1970-12-19,-7.31999983638525,1.07999997586012,-3.11999993026257,1970,12,1971
47.4833,9.66667,1970-12-20,-6.32999985851347,-0.299999993294477,-3.31499992590398,1970,12,1971
47.4833,9.66667,1970-12-21,-6.1999998614192,-1.96999995596707,-4.08499990869313,1970,12,1971
47.4833,9.66667,1970-12-22,-6.76999984867871,-0.409999990835786,-3.58999991975725,1970,12,1971
47.4833,9.66667,1970-12-23,-6.77999984845519,-1.07999997586012,-3.92999991215765,1970,12,1971
47.4833,9.66667,1970-12-24,-10.6399997621775,-5.07999988645315,-7.85999982431531,1970,12,1971
47.4833,9.66667,1970-12-25,-11.9399997331202,-5.88999986834824,-8.91499980073422,1970,12,1971
47.4833,9.66667,1970-12-26,-13.9399996884167,-5.92999986745417,-9.93499977793545,1970,12,1971
47.4833,9.66667,1970-12-27,-15.0599996633828,-6.56999985314906,-10.8149997582659,1970,12,1971
47.4833,9.66667,1970-12-28,-12.5499997194856,-5.84999986924231,-9.19999979436398,1970,12,1971
47.4833,9.66667,1970-12-29,-10.4599997662008,-2.50999994389713,-6.48499985504895,1970,12,1971
47.4833,9.66667,1970-12-30,-9.62999978475273,-2.65999994054437,-6.14499986264855,1970,12,1971
47.4833,9.66667,1970-12-31,-6.72999984957278,-1.01999997720122,-3.874999913387,1970,12,1971
47.4833,9.66667,1971-01-01,-9.00999979861081,-2.76999993808568,-5.88999986834824,1971,1,1971
47.4833,9.66667,1971-01-02,-13.7099996935576,-6.21999986097217,-9.96499977726489,1971,1,1971
47.4833,9.66667,1971-01-03,-17.0399996191263,-8.28999981470406,-12.6649997169152,1971,1,1971
47.4833,9.66667,1971-01-04,-17.0599996186793,-7.95999982208014,-12.5099997203797,1971,1,1971
47.4833,9.66667,1971-01-05,-13.1599997058511,-4.65999989584088,-8.90999980084598,1971,1,1971
47.4833,9.66667,1971-01-06,-15.1699996609241,-7.08999984152615,-11.1299997512251,1971,1,1971
47.4833,9.66667,1971-01-07,-15.2999996580184,-5.88999986834824,-10.5949997631833,1971,1,1971
47.4833,9.66667,1971-01-08,-14.5799996741116,-3.31999992579222,-8.94999979995191,1971,1,1971
47.4833,9.66667,1971-01-09,-10.029999775812,-0.119999997317791,-5.07499988656491,1971,1,1971
47.4833,9.66667,1971-01-10,-7.07999984174967,2.09999995306134,-2.48999994434416,1971,1,1971
47.4833,9.66667,1971-01-11,-8.02999982051551,0.559999987483025,-3.73499991651624,1971,1,1971
47.4833,9.66667,1971-01-12,-7.58999983035028,0.729999983683228,-3.42999992333353,1971,1,1971
47.4833,9.66667,1971-01-13,-7.69999982789159,0.629999985918403,-3.53499992098659,1971,1,1971
47.4833,9.66667,1971-01-14,-8.10999981872737,-0.549999987706542,-4.32999990321696,1971,1,1971
47.4833,9.66667,1971-01-15,-7.41999983415008,0.129999997094274,-3.6449999185279,1971,1,1971
47.4833,9.66667,1971-01-16,-6.62999985180795,1.93999995663762,-2.34499994758517,1971,1,1971
47.4833,9.66667,1971-01-17,-6.79999984800816,1.29999997094274,-2.74999993853271,1971,1,1971
47.4833,9.66667,1971-01-18,-5.66999987326562,2.24999994970858,-1.70999996177852,1971,1,1971
47.4833,9.66667,1971-01-19,-7.08999984152615,0.589999986812472,-3.24999992735684,1971,1,1971
47.4833,9.66667,1971-01-20,-6.17999986186624,2.31999994814396,-1.92999995686114,1971,1,1971
47.4833,9.66667,1971-01-21,-2.80999993719161,3.30999992601573,0.249999994412065,1971,1,1971
47.4833,9.66667,1971-01-22,-3.08999993093312,4.98999988846481,0.949999978765845,1971,1,1971
47.4833,9.66667,1971-01-23,-1.3799999691546,4.67999989539385,1.64999996311963,1971,1,1971
47.4833,9.66667,1971-01-24,-3.60999991931021,7.04999984242022,1.719999961555,1971,1,1971
47.4833,9.66667,1971-01-25,1.18999997340143,8.19999981671572,4.69499989505857,1971,1,1971
47.4833,9.66667,1971-01-26,-0.669999985024333,7.2899998370558,3.30999992601573,1971,1,1971
47.4833,9.66667,1971-01-27,0.959999978542328,7.81999982520938,4.38999990187585,1971,1,1971
47.4833,9.66667,1971-01-28,2.09999995306134,8.6699998062104,5.38499987963587,1971,1,1971
47.4833,9.66667,1971-01-29,0.919999979436398,5.62999987415969,3.27499992679805,1971,1,1971
47.4833,9.66667,1971-01-30,-2.22999995015562,6.63999985158443,2.20499995071441,1971,1,1971
47.4833,9.66667,1971-01-31,-2.75999993830919,8.62999980710447,2.93499993439764,1971,1,1971
47.4833,9.66667,1971-02-01,1.03999997675419,12.2599997259676,6.64999985136092,1971,2,1971
47.4833,9.66667,1971-02-02,-1.05999997630715,4.40999990142882,1.67499996256083,1971,2,1971
47.4833,9.66667,1971-02-03,-7.92999982275069,-1.25999997183681,-4.59499989729375,1971,2,1971
47.4833,9.66667,1971-02-04,-10.8699997570366,-0.629999985918403,-5.74999987147748,1971,2,1971
47.4833,9.66667,1971-02-05,-3.88999991305172,2.61999994143844,-0.634999985806644,1971,2,1971
47.4833,9.66667,1971-02-06,-7.91999982297421,1.80999995954335,-3.05499993171543,1971,2,1971
47.4833,9.66667,1971-02-07,-7.749999826774,0.979999978095293,-3.38499992433935,1971,2,1971
47.4833,9.66667,1971-02-08,-6.05999986454844,-1.10999997518957,-3.58499991986901,1971,2,1971
47.4833,9.66667,1971-02-09,-4.55999989807606,3.47999992221594,-0.539999987930059,1971,2,1971
47.4833,9.66667,1971-02-10,-6.01999986544251,5.70999987237155,-0.15499999653548,1971,2,1971
47.4833,9.66667,1971-02-11,-5.11999988555908,3.7899999152869,-0.664999985136092,1971,2,1971
47.4833,9.66667,1971-02-12,-6.15999986231327,2.47999994456768,-1.8399999588728,1971,2,1971
47.4833,9.66667,1971-02-13,-6.45999985560775,4.11999990791082,-1.16999997384846,1971,2,1971
47.4833,9.66667,1971-02-14,-2.97999993339181,6.72999984957278,1.87499995809048,1971,2,1971
47.4833,9.66667,1971-02-15,0.229999994859099,3.83999991416931,2.03499995451421,1971,2,1971
47.4833,9.66667,1971-02-16,-3.40999992378056,5.58999987505376,1.0899999756366,1971,2,1971
47.4833,9.66667,1971-02-17,-2.05999995395541,4.50999989919364,1.22499997261912,1971,2,1971
47.4833,9.66667,1971-02-18,-2.8699999358505,5.13999988511205,1.13499997463077,1971,2,1971
47.4833,9.66667,1971-02-19,-2.82999993674457,3.73999991640449,0.454999989829957,1971,2,1971
47.4833,9.66667,1971-02-20,-0.239999994635582,2.47999994456768,1.11999997496605,1971,2,1971
47.4833,9.66667,1971-02-21,-1.28999997116625,3.48999992199242,1.09999997541308,1971,2,1971
47.4833,9.66667,1971-02-22,-4.60999989695847,4.2499999050051,-0.179999995976686,1971,2,1971
47.4833,9.66667,1971-02-23,-0.719999983906746,3.65999991819263,1.46999996714294,1971,2,1971
47.4833,9.66667,1971-02-24,-2.29999994859099,1.45999996736646,-0.419999990612268,1971,2,1971
47.4833,9.66667,1971-02-25,-4.13999990746379,2.78999993763864,-0.674999984912574,1971,2,1971
47.4833,9.66667,1971-02-26,-1.73999996110797,2.41999994590878,0.339999992400408,1971,2,1971
47.4833,9.66667,1971-02-27,-1.43999996781349,2.13999995216727,0.34999999217689,1971,2,1971
47.4833,9.66667,1971-02-28,-6.24999986030161,-1.25999997183681,-3.75499991606921,1971,2,1971
47.4833,9.66667,1971-03-01,-11.0199997536838,-3.71999991685152,-7.36999983526766,1971,3,1971
47.4833,9.66667,1971-03-02,-8.80999980308115,-2.93999993428588,-5.87499986868352,1971,3,1971
47.4833,9.66667,1971-03-03,-13.1399997062981,-2.65999994054437,-7.89999982342124,1971,3,1971
47.4833,9.66667,1971-03-04,-10.1599997729063,-1.92999995686114,-6.04499986488372,1971,3,1971
47.4833,9.66667,1971-03-05,-12.2099997270852,-5.29999988153577,-8.7549998043105,1971,3,1971
47.4833,9.66667,1971-03-06,-16.8199996240437,-7.70999982766807,-12.2649997258559,1971,3,1971
47.4833,9.66667,1971-03-07,-17.6299996059388,-8.92999980039895,-13.2799997031689,1971,3,1971
47.4833,9.66667,1971-03-08,-15.3299996573478,-5.52999987639487,-10.4299997668713,1971,3,1971
47.4833,9.66667,1971-03-09,-15.1599996611476,-0.949999978765845,-8.05499981995672,1971,3,1971
47.4833,9.66667,1971-03-10,-11.7599997371435,-0.609999986365438,-6.18499986175448,1971,3,1971
47.4833,9.66667,1971-03-11,-5.08999988622963,1.12999997474253,-1.97999995574355,1971,3,1971
47.4833,9.66667,1971-03-12,-3.40999992378056,0.589999986812472,-1.40999996848404,1971,3,1971
47.4833,9.66667,1971-03-13,-3.17999992892146,2.4099999461323,-0.384999991394579,1971,3,1971
47.4833,9.66667,1971-03-14,-4.31999990344048,8.8999998010695,2.28999994881451,1971,3,1971
47.4833,9.66667,1971-03-15,-2.21999995037913,10.8099997583777,4.29499990399927,1971,3,1971
47.4833,9.66667,1971-03-16,1.06999997608364,9.01999979838729,5.04499988723546,1971,3,1971
47.4833,9.66667,1971-03-17,-0.689999984577298,4.25999990478158,1.78499996010214,1971,3,1971
47.4833,9.66667,1971-03-18,-3.5599999204278,8.53999980911613,2.48999994434416,1971,3,1971
47.4833,9.66667,1971-03-19,-1.64999996311963,12.6999997161329,5.52499987650663,1971,3,1971
47.4833,9.66667,1971-03-20,1.38999996893108,10.6599997617304,6.02499986533076,1971,3,1971
47.4833,9.66667,1971-03-21,0.759999983012676,11.9199997335672,6.33999985828996,1971,3,1971
47.4833,9.66667,1971-03-22,2.6399999409914,10.9099997561425,6.77499984856695,1971,3,1971
47.4833,9.66667,1971-03-23,1.15999997407198,8.29999981448054,4.72999989427626,1971,3,1971
47.4833,9.66667,1971-03-24,-1.23999997228384,4.62999989651144,1.6949999621138,1971,3,1971
47.4833,9.66667,1971-03-25,-4.02999990992248,7.61999982967973,1.79499995987862,1971,3,1971
47.4833,9.66667,1971-03-26,1.35999996960163,9.34999979101121,5.35499988030642,1971,3,1971
47.4833,9.66667,1971-03-27,0.759999983012676,7.04999984242022,3.90499991271645,1971,3,1971
47.4833,9.66667,1971-03-28,-0.419999990612268,4.42999990098178,2.00499995518476,1971,3,1971
47.4833,9.66667,1971-03-29,-0.869999980553985,6.57999985292554,2.85499993618578,1971,3,1971
47.4833,9.66667,1971-03-30,-1.70999996177852,7.36999983526766,2.82999993674457,1971,3,1971
47.4833,9.66667,1971-03-31,-1.78999995999038,8.09999981895089,3.15499992948025,1971,3,1971
47.4833,9.66667,1971-04-01,-2.52999994345009,9.97999977692962,3.72499991673976,1971,4,1971
47.4833,9.66667,1971-04-02,-0.549999987706542,13.8999996893108,6.67499985080212,1971,4,1971
47.4833,9.66667,1971-04-03,0.839999981224537,11.2199997492135,6.029999865219,1971,4,1971
47.4833,9.66667,1971-04-04,1.16999997384846,13.7699996922165,7.46999983303249,1971,4,1971
47.4833,9.66667,1971-04-05,4.2499999050051,14.1099996846169,9.17999979481101,1971,4,1971
47.4833,9.66667,1971-04-06,1.19999997317791,16.6299996282905,8.91499980073422,1971,4,1971
47.4833,9.66667,1971-04-07,5.739999871701,14.049999685958,9.89499977882951,1971,4,1971
47.4833,9.66667,1971-04-08,2.65999994054437,16.8999996222556,9.77999978139997,1971,4,1971
47.4833,9.66667,1971-04-09,4.97999988868833,21.1499995272607,13.0649997079745,1971,4,1971
47.4833,9.66667,1971-04-10,5.82999986968935,19.2799995690584,12.5549997193739,1971,4,1971
47.4833,9.66667,1971-04-11,4.94999988935888,13.6499996948987,9.2999997921288,1971,4,1971
47.4833,9.66667,1971-04-12,4.8799998909235,12.349999723956,8.61499980743974,1971,4,1971
47.4833,9.66667,1971-04-13,4.12999990768731,15.4599996544421,9.79499978106469,1971,4,1971
47.4833,9.66667,1971-04-14,1.66999996267259,17.2299996148795,9.44999978877604,1971,4,1971
47.4833,9.66667,1971-04-15,2.56999994255602,18.0499995965511,10.3099997695535,1971,4,1971
47.4833,9.66667,1971-04-16,1.98999995552003,18.8899995777756,10.4399997666478,1971,4,1971
47.4833,9.66667,1971-04-17,5.94999986700714,20.4299995433539,13.1899997051805,1971,4,1971
47.4833,9.66667,1971-04-18,6.05999986454844,12.9899997096509,9.52499978709966,1971,4,1971
47.4833,9.66667,1971-04-19,0.789999982342124,15.3599996566772,8.07499981950969,1971,4,1971
47.4833,9.66667,1971-04-20,2.79999993741512,18.2999995909631,10.5499997641891,1971,4,1971
47.4833,9.66667,1971-04-21,6.98999984376132,18.4199995882809,12.7049997160211,1971,4,1971
47.4833,9.66667,1971-04-22,4.58999989740551,21.7699995134026,13.179999705404,1971,4,1971
47.4833,9.66667,1971-04-23,7.92999982275069,23.0099994856864,15.4699996542186,1971,4,1971
47.4833,9.66667,1971-04-24,12.369999723509,21.4899995196611,16.929999621585,1971,4,1971
47.4833,9.66667,1971-04-25,6.26999985985458,14.899999666959,10.5849997634068,1971,4,1971
47.4833,9.66667,1971-04-26,5.41999987885356,8.40999981202185,6.91499984543771,1971,4,1971
47.4833,9.66667,1971-04-27,3.40999992378056,13.6199996955693,8.51499980967492,1971,4,1971
47.4833,9.66667,1971-04-28,4.86999989114702,10.2999997697771,7.58499983046204,1971,4,1971
47.4833,9.66667,1971-04-29,0.96999997831881,9.00999979861081,4.98999988846481,1971,4,1971
47.4833,9.66667,1971-04-30,-0.829999981448054,14.9099996667355,7.03999984264374,1971,4,1971
47.4833,9.66667,1971-05-01,2.49999994412065,13.779999691993,8.13999981805682,1971,5,NA
47.4833,9.66667,1971-05-02,5.00999988801777,10.359999768436,7.68499982822686,1971,5,NA
47.4833,9.66667,1971-05-03,3.89999991282821,9.53999978676438,6.7199998497963,1971,5,NA
47.4833,9.66667,1971-05-04,4.32999990321696,9.2999997921288,6.81499984767288,1971,5,NA
47.4833,9.66667,1971-05-05,5.32999988086522,14.3999996781349,9.86499977950007,1971,5,NA
47.4833,9.66667,1971-05-06,6.85999984666705,14.0199996866286,10.4399997666478,1971,5,NA
47.4833,9.66667,1971-05-07,5.38999987952411,19.6099995616823,12.4999997206032,1971,5,NA
47.4833,9.66667,1971-05-08,7.48999983258545,22.3399995006621,14.9149996666238,1971,5,NA
47.4833,9.66667,1971-05-09,10.8899997565895,21.509999519214,16.1999996379018,1971,5,NA
47.4833,9.66667,1971-05-10,9.19999979436398,23.7799994684756,16.4899996314198,1971,5,NA
47.4833,9.66667,1971-05-11,10.4399997666478,21.2499995250255,15.8449996458367,1971,5,NA
47.4833,9.66667,1971-05-12,7.21999983862042,23.229999480769,15.2249996596947,1971,5,NA
47.4833,9.66667,1971-05-13,8.44999981112778,22.9999994859099,15.7249996485189,1971,5,NA
47.4833,9.66667,1971-05-14,10.5799997635186,22.3299995008856,16.4549996322021,1971,5,NA
47.4833,9.66667,1971-05-15,9.84999977983534,20.4499995429069,15.1499996613711,1971,5,NA
47.4833,9.66667,1971-05-16,9.77999978139997,21.5899995174259,15.6849996494129,1971,5,NA
47.4833,9.66667,1971-05-17,11.9199997335672,24.0199994631112,17.9699995983392,1971,5,NA
47.4833,9.66667,1971-05-18,13.3599997013807,27.8199993781745,20.5899995397776,1971,5,NA
47.4833,9.66667,1971-05-19,14.3299996796995,24.0099994633347,19.1699995715171,1971,5,NA
47.4833,9.66667,1971-05-20,12.4599997214973,27.1799993924797,19.8199995569885,1971,5,NA
47.4833,9.66667,1971-05-21,12.1099997293204,25.8499994222075,18.9799995757639,1971,5,NA
47.4833,9.66667,1971-05-22,11.9699997324497,19.5099995639175,15.7399996481836,1971,5,NA
47.4833,9.66667,1971-05-23,9.38999979011714,18.9999995753169,14.194999682717,1971,5,NA
47.4833,9.66667,1971-05-24,9.2999997921288,15.479999653995,12.3899997230619,1971,5,NA
47.4833,9.66667,1971-05-25,10.2199997715652,17.1699996162206,13.6949996938929,1971,5,NA
47.4833,9.66667,1971-05-26,8.45999981090426,17.5199996083975,12.9899997096509,1971,5,NA
47.4833,9.66667,1971-05-27,8.71999980509281,18.5099995862693,13.614999695681,1971,5,NA
47.4833,9.66667,1971-05-28,7.64999982900918,17.489999609068,12.5699997190386,1971,5,NA
47.4833,9.66667,1971-05-29,7.92999982275069,15.7099996488541,11.8199997358024,1971,5,NA
47.4833,9.66667,1971-05-30,5.77999987080693,12.6599997170269,9.21999979391694,1971,5,NA
47.4833,9.66667,1971-05-31,7.67999982833862,12.329999724403,10.0049997763708,1971,5,NA
47.4833,9.66667,1971-06-01,8.47999981045723,15.8699996452779,12.1749997278675,1971,6,NA
47.4833,9.66667,1971-06-02,10.8199997581542,19.5999995619059,15.20999966003,1971,6,NA
47.4833,9.66667,1971-06-03,8.64999980665743,21.6199995167553,15.1349996617064,1971,6,NA
47.4833,9.66667,1971-06-04,10.2599997706711,22.1599995046854,16.2099996376783,1971,6,NA
47.4833,9.66667,1971-06-05,10.5499997641891,24.6399994492531,17.5949996067211,1971,6,NA
47.4833,9.66667,1971-06-06,11.0199997536838,23.3399994783103,17.1799996159971,1971,6,NA
47.4833,9.66667,1971-06-07,10.8299997579306,17.2699996139854,14.049999685958,1971,6,NA
47.4833,9.66667,1971-06-08,10.8299997579306,13.4199997000396,12.1249997289851,1971,6,NA
47.4833,9.66667,1971-06-09,10.7099997606128,17.4599996097386,14.0849996851757,1971,6,NA
47.4833,9.66667,1971-06-10,9.30999979190528,20.0399995520711,14.6749996719882,1971,6,NA
47.4833,9.66667,1971-06-11,9.95999977737665,17.6399996057153,13.799999691546,1971,6,NA
47.4833,9.66667,1971-06-12,7.59999983012676,16.6699996273965,12.1349997287616,1971,6,NA
47.4833,9.66667,1971-06-13,6.87999984622002,13.6899996940047,10.2849997701123,1971,6,NA
47.4833,9.66667,1971-06-14,6.80999984778464,17.8799996003509,12.3449997240677,1971,6,NA
47.4833,9.66667,1971-06-15,6.8899998459965,22.6299994941801,14.7599996700883,1971,6,NA
47.4833,9.66667,1971-06-16,8.70999980531633,15.9799996428192,12.3449997240677,1971,6,NA
47.4833,9.66667,1971-06-17,7.02999984286726,12.8599997125566,9.94499977771193,1971,6,NA
47.4833,9.66667,1971-06-18,7.60999982990324,13.2699997033924,10.4399997666478,1971,6,NA
47.4833,9.66667,1971-06-19,7.82999982498586,13.6499996948987,10.7399997599423,1971,6,NA
47.4833,9.66667,1971-06-20,7.42999983392656,14.2699996810406,10.8499997574836,1971,6,NA
47.4833,9.66667,1971-06-21,10.8399997577071,21.6899995151907,16.2649996364489,1971,6,NA
47.4833,9.66667,1971-06-22,12.8499997127801,20.1899995487183,16.5199996307492,1971,6,NA
47.4833,9.66667,1971-06-23,9.2999997921288,23.249999480322,16.2749996362254,1971,6,NA
47.4833,9.66667,1971-06-24,12.2899997252971,21.9499995093793,17.1199996173382,1971,6,NA
47.4833,9.66667,1971-06-25,10.3299997691065,18.669999582693,14.4999996758997,1971,6,NA
47.4833,9.66667,1971-06-26,11.9299997333437,22.5399994961917,17.2349996147677,1971,6,NA
47.4833,9.66667,1971-06-27,12.8299997132272,22.6999994926155,17.7649996029213,1971,6,NA
47.4833,9.66667,1971-06-28,11.9699997324497,18.9799995757639,15.4749996541068,1971,6,NA
47.4833,9.66667,1971-06-29,8.73999980464578,19.8599995560944,14.2999996803701,1971,6,NA
47.4833,9.66667,1971-06-30,8.84999980218709,17.5899996068329,13.21999970451,1971,6,NA
47.4833,9.66667,1971-07-01,8.51999980956316,13.469999698922,10.9949997542426,1971,7,NA
47.4833,9.66667,1971-07-02,6.47999985516071,16.8299996238202,11.6549997394904,1971,7,NA
47.4833,9.66667,1971-07-03,5.93999986723065,19.8799995556474,12.909999711439,1971,7,NA
47.4833,9.66667,1971-07-04,7.61999982967973,22.3199995011091,14.9699996653944,1971,7,NA
47.4833,9.66667,1971-07-05,9.31999979168177,24.5399994514883,16.929999621585,1971,7,NA
47.4833,9.66667,1971-07-06,11.1799997501075,25.239999435842,18.2099995929748,1971,7,NA
47.4833,9.66667,1971-07-07,11.789999736473,24.4899994526058,18.1399995945394,1971,7,NA
47.4833,9.66667,1971-07-08,12.3399997241795,26.3699994105846,19.354999567382,1971,7,NA
47.4833,9.66667,1971-07-09,12.6599997170269,27.8199993781745,20.2399995476007,1971,7,NA
47.4833,9.66667,1971-07-10,13.4499996993691,28.3299993667752,20.8899995330721,1971,7,NA
47.4833,9.66667,1971-07-11,14.1499996837229,29.3499993439764,21.7499995138496,1971,7,NA
47.4833,9.66667,1971-07-12,14.8199996687472,29.7899993341416,22.3049995014444,1971,7,NA
47.4833,9.66667,1971-07-13,15.3899996560067,29.549999339506,22.4699994977564,1971,7,NA
47.4833,9.66667,1971-07-14,14.1799996830523,22.2499995026737,18.214999592863,1971,7,NA
47.4833,9.66667,1971-07-15,12.0499997306615,23.1299994830042,17.5899996068329,1971,7,NA
47.4833,9.66667,1971-07-16,11.9499997328967,24.8899994436651,18.4199995882809,1971,7,NA
47.4833,9.66667,1971-07-17,11.8799997344613,25.5899994280189,18.7349995812401,1971,7,NA
47.4833,9.66667,1971-07-18,13.3899997007102,22.1499995049089,17.7699996028095,1971,7,NA
47.4833,9.66667,1971-07-19,11.2599997483194,16.8599996231496,14.0599996857345,1971,7,NA
47.4833,9.66667,1971-07-20,11.0799997523427,16.4299996327609,13.7549996925518,1971,7,NA
47.4833,9.66667,1971-07-21,9.57999978587031,16.9999996200204,13.2899997029454,1971,7,NA
47.4833,9.66667,1971-07-22,8.02999982051551,20.2799995467067,14.1549996836111,1971,7,NA
47.4833,9.66667,1971-07-23,8.81999980285764,23.1799994818866,15.9999996423721,1971,7,NA
47.4833,9.66667,1971-07-24,10.8199997581542,26.2299994137138,18.524999585934,1971,7,NA
47.4833,9.66667,1971-07-25,13.1099997069687,23.7999994680285,18.4549995874986,1971,7,NA
47.4833,9.66667,1971-07-26,12.6299997176975,27.0599993951619,19.8449995564297,1971,7,NA
47.4833,9.66667,1971-07-27,15.5099996533245,27.8199993781745,21.6649995157495,1971,7,NA
47.4833,9.66667,1971-07-28,15.0899996627122,28.3599993661046,21.7249995144084,1971,7,NA
47.4833,9.66667,1971-07-29,14.9999996647239,22.9699994865805,18.9849995756522,1971,7,NA
47.4833,9.66667,1971-07-30,13.1299997065216,23.9199994653463,18.524999585934,1971,7,NA
47.4833,9.66667,1971-07-31,12.1299997288734,26.669999403879,19.3999995663762,1971,7,NA
47.4833,9.66667,1971-08-01,13.799999691546,28.159999370575,20.9799995310605,1971,8,NA
47.4833,9.66667,1971-08-02,14.7799996696413,26.3899994101375,20.5849995398894,1971,8,NA
47.4833,9.66667,1971-08-03,16.0299996417016,27.4199993871152,21.7249995144084,1971,8,NA
47.4833,9.66667,1971-08-04,15.769999647513,29.279999345541,22.524999496527,1971,8,NA
47.4833,9.66667,1971-08-05,14.0799996852875,20.5799995400012,17.3299996126443,1971,8,NA
47.4833,9.66667,1971-08-06,11.2999997474253,23.3599994778633,17.3299996126443,1971,8,NA
47.4833,9.66667,1971-08-07,12.2399997264147,27.1699993927032,19.7049995595589,1971,8,NA
47.4833,9.66667,1971-08-08,15.809999646619,25.5599994286895,20.6849995376542,1971,8,NA
47.4833,9.66667,1971-08-09,13.8299996908754,21.2999995239079,17.5649996073917,1971,8,NA
47.4833,9.66667,1971-08-10,9.55999978631735,23.3999994769692,16.4799996316433,1971,8,NA
47.4833,9.66667,1971-08-11,11.4099997449666,26.5199994072318,18.9649995760992,1971,8,NA
47.4833,9.66667,1971-08-12,14.4599996767938,23.4699994754046,18.9649995760992,1971,8,NA
47.4833,9.66667,1971-08-13,12.5899997185916,20.8699995335191,16.7299996260554,1971,8,NA
47.4833,9.66667,1971-08-14,11.2799997478724,24.1599994599819,17.7199996039271,1971,8,NA
47.4833,9.66667,1971-08-15,13.9899996872991,28.4799993634224,21.2349995253608,1971,8,NA
47.4833,9.66667,1971-08-16,15.0499996636063,24.6199994497001,19.8349995566532,1971,8,NA
47.4833,9.66667,1971-08-17,15.3599996566772,22.3499995004386,18.8549995785579,1971,8,NA
47.4833,9.66667,1971-08-18,11.3999997451901,24.9999994412065,18.1999995931983,1971,8,NA
47.4833,9.66667,1971-08-19,12.0199997313321,28.8599993549287,20.4399995431304,1971,8,NA
47.4833,9.66667,1971-08-20,15.0799996629357,29.87999933213,22.4799994975328,1971,8,NA
47.4833,9.66667,1971-08-21,14.1399996839464,23.1699994821101,18.6549995830283,1971,8,NA
47.4833,9.66667,1971-08-22,13.2099997047335,20.929999532178,17.0699996184558,1971,8,NA
47.4833,9.66667,1971-08-23,13.1899997051805,19.1999995708466,16.1949996380135,1971,8,NA
47.4833,9.66667,1971-08-24,12.6099997181445,20.8099995348603,16.7099996265024,1971,8,NA
47.4833,9.66667,1971-08-25,11.7099997382611,16.349999634549,14.0299996864051,1971,8,NA
47.4833,9.66667,1971-08-26,8.92999980039895,18.0999995954335,13.5149996979162,1971,8,NA
47.4833,9.66667,1971-08-27,12.5599997192621,25.1699994374067,18.8649995783344,1971,8,NA
47.4833,9.66667,1971-08-28,12.9399997107685,17.7599996030331,15.3499996569008,1971,8,NA
47.4833,9.66667,1971-08-29,12.0299997311085,21.259999524802,16.6449996279553,1971,8,NA
47.4833,9.66667,1971-08-30,9.71999978274107,23.1799994818866,16.4499996323138,1971,8,NA
47.4833,9.66667,1971-08-31,12.2599997259676,21.7099995147437,16.9849996203557,1971,8,NA
47.4833,9.66667,1971-09-01,11.7299997378141,17.0699996184558,14.3999996781349,1971,9,NA
47.4833,9.66667,1971-09-02,8.17999981716275,19.1299995724112,13.654999694787,1971,9,NA
47.4833,9.66667,1971-09-03,10.8299997579306,20.2999995462596,15.5649996520951,1971,9,NA
47.4833,9.66667,1971-09-04,8.95999979972839,21.8799995109439,15.4199996553361,1971,9,NA
47.4833,9.66667,1971-09-05,9.11999979615211,22.3899994995445,15.7549996478483,1971,9,NA
47.4833,9.66667,1971-09-06,10.0899997744709,21.839999511838,15.9649996431544,1971,9,NA
47.4833,9.66667,1971-09-07,9.62999978475273,19.7699995581061,14.6999996714294,1971,9,NA
47.4833,9.66667,1971-09-08,6.24999986030161,20.7699995357543,13.509999698028,1971,9,NA
47.4833,9.66667,1971-09-09,5.57999987527728,19.9099995549768,12.7449997151271,1971,9,NA
47.4833,9.66667,1971-09-10,5.95999986678362,17.4999996088445,11.7299997378141,1971,9,NA
47.4833,9.66667,1971-09-11,5.01999988779426,19.1199995726347,12.0699997302145,1971,9,NA
47.4833,9.66667,1971-09-12,11.1499997507781,16.8599996231496,14.0049996869639,1971,9,NA
47.4833,9.66667,1971-09-13,7.54999983124435,15.0899996627122,11.3199997469783,1971,9,NA
47.4833,9.66667,1971-09-14,4.07999990880489,17.2599996142089,10.6699997615069,1971,9,NA
47.4833,9.66667,1971-09-15,6.27999985963106,17.3399996124208,11.8099997360259,1971,9,NA
47.4833,9.66667,1971-09-16,6.29999985918403,11.9199997335672,9.10999979637563,1971,9,NA
47.4833,9.66667,1971-09-17,1.95999995619059,11.6299997400492,6.79499984811991,1971,9,NA
47.4833,9.66667,1971-09-18,-0.219999995082617,12.9499997105449,6.36499985773116,1971,9,NA
47.4833,9.66667,1971-09-19,0.699999984353781,16.8399996235967,8.76999980397522,1971,9,NA
47.4833,9.66667,1971-09-20,3.41999992355704,18.5499995853752,10.9849997544661,1971,9,NA
47.4833,9.66667,1971-09-21,5.02999988757074,20.1999995484948,12.6149997180328,1971,9,NA
47.4833,9.66667,1971-09-22,5.59999987483025,20.389999544248,12.9949997095391,1971,9,NA
47.4833,9.66667,1971-09-23,6.029999865219,21.3099995236844,13.6699996944517,1971,9,NA
47.4833,9.66667,1971-09-24,8.36999981291592,22.0499995071441,15.20999966003,1971,9,NA
47.4833,9.66667,1971-09-25,11.9499997328967,18.669999582693,15.3099996577948,1971,9,NA
47.4833,9.66667,1971-09-26,9.63999978452921,18.5499995853752,14.0949996849522,1971,9,NA
47.4833,9.66667,1971-09-27,8.97999979928136,19.1699995715171,14.0749996853992,1971,9,NA
47.4833,9.66667,1971-09-28,8.2699998151511,19.3099995683879,13.7899996917695,1971,9,NA
47.4833,9.66667,1971-09-29,8.78999980352819,12.6299997176975,10.7099997606128,1971,9,NA
47.4833,9.66667,1971-09-30,7.5199998319149,11.4099997449666,9.46499978844076,1971,9,NA
47.4833,9.66667,1971-10-01,7.71999982744455,15.0199996642768,11.3699997458607,1971,10,1972
47.4833,9.66667,1971-10-02,5.60999987460673,18.4499995876104,12.0299997311085,1971,10,1972
47.4833,9.66667,1971-10-03,6.18999986164272,19.4499995652586,12.8199997134507,1971,10,1972
47.4833,9.66667,1971-10-04,6.6599998511374,20.7999995350838,13.7299996931106,1971,10,1972
47.4833,9.66667,1971-10-05,6.97999984398484,17.8299996014684,12.4049997227266,1971,10,1972
47.4833,9.66667,1971-10-06,5.1099998857826,13.8099996913224,9.45999978855252,1971,10,1972
47.4833,9.66667,1971-10-07,-0.119999997317791,13.3599997013807,6.61999985203147,1971,10,1972
47.4833,9.66667,1971-10-08,1.26999997161329,16.1899996381253,8.72999980486929,1971,10,1972
47.4833,9.66667,1971-10-09,3.51999992132187,15.769999647513,9.64499978441745,1971,10,1972
47.4833,9.66667,1971-10-10,2.82999993674457,15.3899996560067,9.10999979637563,1971,10,1972
47.4833,9.66667,1971-10-11,6.67999985069036,18.0099995974451,12.3449997240677,1971,10,1972
47.4833,9.66667,1971-10-12,5.84999986924231,17.9199995994568,11.8849997343495,1971,10,1972
47.4833,9.66667,1971-10-13,7.1199998408556,18.2899995911866,12.7049997160211,1971,10,1972
47.4833,9.66667,1971-10-14,7.92999982275069,17.5199996083975,12.7249997155741,1971,10,1972
47.4833,9.66667,1971-10-15,6.96999984420836,12.2099997270852,9.5899997856468,1971,10,1972
47.4833,9.66667,1971-10-16,0.769999982789159,7.31999983638525,4.0449999095872,1971,10,1972
47.4833,9.66667,1971-10-17,-1.87999995797873,9.64999978430569,3.88499991316348,1971,10,1972
47.4833,9.66667,1971-10-18,-1.87999995797873,12.4599997214973,5.28999988175929,1971,10,1972
47.4833,9.66667,1971-10-19,5.71999987214804,15.7499996479601,10.7349997600541,1971,10,1972
47.4833,9.66667,1971-10-20,5.18999988399446,16.9599996209145,11.0749997524545,1971,10,1972
47.4833,9.66667,1971-10-21,5.5099998768419,15.2199996598065,10.3649997683242,1971,10,1972
47.4833,9.66667,1971-10-22,5.83999986946583,14.4099996779114,10.1249997736886,1971,10,1972
47.4833,9.66667,1971-10-23,4.14999990724027,17.6399996057153,10.8949997564778,1971,10,1972
47.4833,9.66667,1971-10-24,5.13999988511205,18.7999995797873,11.9699997324497,1971,10,1972
47.4833,9.66667,1971-10-25,4.27999990433455,18.4599995873868,11.3699997458607,1971,10,1972
47.4833,9.66667,1971-10-26,4.39999990165234,17.489999609068,10.9449997553602,1971,10,1972
47.4833,9.66667,1971-10-27,4.32999990321696,12.4199997223914,8.37499981280416,1971,10,1972
47.4833,9.66667,1971-10-28,3.56999992020428,10.0599997751415,6.81499984767288,1971,10,1972
47.4833,9.66667,1971-10-29,0.719999983906746,7.82999982498586,4.2749999044463,1971,10,1972
47.4833,9.66667,1971-10-30,-0.869999980553985,8.2699998151511,3.69999991729856,1971,10,1972
47.4833,9.66667,1971-10-31,-0.479999989271164,7.83999982476234,3.67999991774559,1971,10,1972
47.4833,9.66667,1971-11-01,3.31999992579222,10.5599997639656,6.93999984487891,1971,11,1972
47.4833,9.66667,1971-11-02,3.47999992221594,9.28999979235232,6.38499985728413,1971,11,1972
47.4833,9.66667,1971-11-03,0.589999986812472,10.629999762401,5.60999987460673,1971,11,1972
47.4833,9.66667,1971-11-04,-0.239999994635582,8.41999981179833,4.08999990858138,1971,11,1972
47.4833,9.66667,1971-11-05,0.329999992623925,10.6399997621775,5.4849998774007,1971,11,1972
47.4833,9.66667,1971-11-06,-0.279999993741512,12.1799997277558,5.94999986700714,1971,11,1972
47.4833,9.66667,1971-11-07,0.339999992400408,13.6499996948987,6.99499984364957,1971,11,1972
47.4833,9.66667,1971-11-08,3.70999991707504,9.19999979436398,6.45499985571951,1971,11,1972
47.4833,9.66667,1971-11-09,5.08999988622963,11.6899997387081,8.38999981246889,1971,11,1972
47.4833,9.66667,1971-11-10,2.1799999512732,7.36999983526766,4.77499989327043,1971,11,1972
47.4833,9.66667,1971-11-11,0.709999984130263,3.34999992512167,2.02999995462596,1971,11,1972
47.4833,9.66667,1971-11-12,0.199999995529652,3.73999991640449,1.96999995596707,1971,11,1972
47.4833,9.66667,1971-11-13,0.409999990835786,3.36999992467463,1.88999995775521,1971,11,1972
47.4833,9.66667,1971-11-14,0.949999978765845,3.92999991215765,2.43999994546175,1971,11,1972
47.4833,9.66667,1971-11-15,1.1499999742955,6.99999984353781,4.07499990891665,1971,11,1972
47.4833,9.66667,1971-11-16,0.169999996200204,7.23999983817339,3.7049999171868,1971,11,1972
47.4833,9.66667,1971-11-17,1.17999997362494,7.62999982945621,4.40499990154058,1971,11,1972
47.4833,9.66667,1971-11-18,3.2699999269098,6.70999985001981,4.98999988846481,1971,11,1972
47.4833,9.66667,1971-11-19,4.39999990165234,8.77999980375171,6.58999985270202,1971,11,1972
47.4833,9.66667,1971-11-20,-2.08999995328486,6.94999984465539,2.42999994568527,1971,11,1972
47.4833,9.66667,1971-11-21,-7.62999982945621,-1.78999995999038,-4.7099998947233,1971,11,1972
47.4833,9.66667,1971-11-22,-9.25999979302287,3.43999992311001,-2.90999993495643,1971,11,1972
47.4833,9.66667,1971-11-23,-0.879999980330467,3.40999992378056,1.26499997172505,1971,11,1972
47.4833,9.66667,1971-11-24,-2.03999995440245,0.569999987259507,-0.73499998357147,1971,11,1972
47.4833,9.66667,1971-11-25,-7.40999983437359,-0.00999999977648258,-3.70999991707504,1971,11,1972
47.4833,9.66667,1971-11-26,-8.49999981001019,-0.709999984130263,-4.60499989707023,1971,11,1972
47.4833,9.66667,1971-11-27,-4.10999990813434,3.45999992266297,-0.324999992735684,1971,11,1972
47.4833,9.66667,1971-11-28,-4.58999989740551,2.48999994434416,-1.04999997653067,1971,11,1972
47.4833,9.66667,1971-11-29,-2.16999995149672,1.7799999602139,-0.19499999564141,1971,11,1972
47.4833,9.66667,1971-11-30,-0.409999990835786,3.92999991215765,1.75999996066093,1971,11,1972
47.4833,9.66667,1971-12-01,-0.299999993294477,3.0399999320507,1.36999996937811,1971,12,1972
47.4833,9.66667,1971-12-02,-0.0899999979883432,4.13999990746379,2.02499995473772,1971,12,1972
47.4833,9.66667,1971-12-03,-0.799999982118607,2.08999995328486,0.644999985583127,1971,12,1972
47.4833,9.66667,1971-12-04,-3.11999993026257,1.20999997295439,-0.954999978654087,1971,12,1972
47.4833,9.66667,1971-12-05,-4.8799998909235,1.8399999588728,-1.51999996602535,1971,12,1972
47.4833,9.66667,1971-12-06,-4.68999989517033,3.36999992467463,-0.65999998524785,1971,12,1972
47.4833,9.66667,1971-12-07,-3.85999991372228,1.41999996826053,-1.21999997273088,1971,12,1972
47.4833,9.66667,1971-12-08,-2.42999994568527,0.449999989941716,-0.989999977871776,1971,12,1972
47.4833,9.66667,1971-12-09,-2.37999994680285,2.71999993920326,0.169999996200204,1971,12,1972
47.4833,9.66667,1971-12-10,-6.32999985851347,1.1499999742955,-2.58999994210899,1971,12,1972
47.4833,9.66667,1971-12-11,-3.81999991461635,1.64999996311963,-1.08499997574836,1971,12,1972
47.4833,9.66667,1971-12-12,0.65999998524785,2.99999993294477,1.82999995909631,1971,12,1972
47.4833,9.66667,1971-12-13,-0.279999993741512,5.0499998871237,2.3849999466911,1971,12,1972
47.4833,9.66667,1971-12-14,-2.89999993517995,4.50999989919364,0.804999982006848,1971,12,1972
47.4833,9.66667,1971-12-15,-3.41999992355704,4.30999990366399,0.444999990053475,1971,12,1972
47.4833,9.66667,1971-12-16,-4.84999989159405,2.64999994076788,-1.09999997541308,1971,12,1972
47.4833,9.66667,1971-12-17,-4.98999988846481,2.33999994769692,-1.32499997038394,1971,12,1972
47.4833,9.66667,1971-12-18,-4.58999989740551,2.28999994881451,-1.1499999742955,1971,12,1972
47.4833,9.66667,1971-12-19,-5.85999986901879,1.40999996848404,-2.22499995026737,1971,12,1972
47.4833,9.66667,1971-12-20,-6.08999986387789,3.42999992333353,-1.32999997027218,1971,12,1972
47.4833,9.66667,1971-12-21,-0.699999984353781,8.07999981939793,3.68999991752207,1971,12,1972
47.4833,9.66667,1971-12-22,3.06999993138015,7.82999982498586,5.44999987818301,1971,12,1972
47.4833,9.66667,1971-12-23,1.13999997451901,7.63999982923269,4.38999990187585,1971,12,1972
47.4833,9.66667,1971-12-24,-0.539999987930059,5.06999988667667,2.2649999493733,1971,12,1972
47.4833,9.66667,1971-12-25,-0.509999988600612,4.66999989561737,2.07999995350838,1971,12,1972
47.4833,9.66667,1971-12-26,-0.869999980553985,2.64999994076788,0.88999998010695,1971,12,1972
47.4833,9.66667,1971-12-27,-3.19999992847443,2.04999995417893,-0.574999987147748,1971,12,1972
47.4833,9.66667,1971-12-28,-3.57999991998076,3.97999991104007,0.199999995529652,1971,12,1972
47.4833,9.66667,1971-12-29,-0.88999998010695,4.44999990053475,1.7799999602139,1971,12,1972
47.4833,9.66667,1971-12-30,-1.13999997451901,1.49999996647239,0.179999995976686,1971,12,1972
47.4833,9.66667,1971-12-31,-2.27999994903803,0.879999980330467,-0.699999984353781,1971,12,1972
47.4833,9.66667,1972-01-01,-2.76999993808568,2.53999994322658,-0.11499999742955,1972,1,1972
47.4833,9.66667,1972-01-02,-1.82999995909631,1.19999997317791,-0.314999992959201,1972,1,1972
47.4833,9.66667,1972-01-03,-2.74999993853271,0.919999979436398,-0.914999979548156,1972,1,1972
47.4833,9.66667,1972-01-04,-2.56999994255602,3.04999993182719,0.239999994635582,1972,1,1972
47.4833,9.66667,1972-01-05,-0.279999993741512,3.50999992154539,1.61499996390194,1972,1,1972
47.4833,9.66667,1972-01-06,-1.18999997340143,2.50999994389713,0.65999998524785,1972,1,1972
47.4833,9.66667,1972-01-07,-4.8199998922646,1.02999997697771,-1.89499995764345,1972,1,1972
47.4833,9.66667,1972-01-08,-2.30999994836748,4.96999988891184,1.32999997027218,1972,1,1972
47.4833,9.66667,1972-01-09,-3.07999993115664,3.97999991104007,0.449999989941716,1972,1,1972
47.4833,9.66667,1972-01-10,-1.0899999756366,7.52999983169138,3.21999992802739,1972,1,1972
47.4833,9.66667,1972-01-11,-1.05999997630715,5.5099998768419,2.22499995026737,1972,1,1972
47.4833,9.66667,1972-01-12,0.61999998614192,9.08999979682267,4.85499989148229,1972,1,1972
47.4833,9.66667,1972-01-13,0.909999979659915,5.76999987103045,3.33999992534518,1972,1,1972
47.4833,9.66667,1972-01-14,0.679999984800816,3.11999993026257,1.89999995753169,1972,1,1972
47.4833,9.66667,1972-01-15,-0.0499999988824129,5.1099998857826,2.52999994345009,1972,1,1972
47.4833,9.66667,1972-01-16,-2.22999995015562,2.21999995037913,-0.00499999988824129,1972,1,1972
47.4833,9.66667,1972-01-17,-3.7899999152869,1.28999997116625,-1.24999997206032,1972,1,1972
47.4833,9.66667,1972-01-18,-4.32999990321696,-0.769999982789159,-2.54999994300306,1972,1,1972
47.4833,9.66667,1972-01-19,-7.47999983280897,0.769999982789159,-3.35499992500991,1972,1,1972
47.4833,9.66667,1972-01-20,-6.64999985136092,1.61999996379018,-2.51499994378537,1972,1,1972
47.4833,9.66667,1972-01-21,-4.09999990835786,0.439999990165234,-1.82999995909631,1972,1,1972
47.4833,9.66667,1972-01-22,-3.88999991305172,0.679999984800816,-1.60499996412545,1972,1,1972
47.4833,9.66667,1972-01-23,-2.15999995172024,0.0799999982118607,-1.03999997675419,1972,1,1972
47.4833,9.66667,1972-01-24,-2.47999994456768,-0.0999999977648258,-1.28999997116625,1972,1,1972
47.4833,9.66667,1972-01-25,-3.93999991193414,0.279999993741512,-1.82999995909631,1972,1,1972
47.4833,9.66667,1972-01-26,-5.19999988377094,0.799999982118607,-2.19999995082617,1972,1,1972
47.4833,9.66667,1972-01-27,-5.7999998703599,1.40999996848404,-2.19499995093793,1972,1,1972
47.4833,9.66667,1972-01-28,-5.74999987147748,3.29999992623925,-1.22499997261912,1972,1,1972
47.4833,9.66667,1972-01-29,-1.89999995753169,0.589999986812472,-0.654999985359609,1972,1,1972
47.4833,9.66667,1972-01-30,-6.70999985001981,-0.869999980553985,-3.7899999152869,1972,1,1972
47.4833,9.66667,1972-01-31,-8.53999980911613,-3.23999992758036,-5.88999986834824,1972,1,1972
47.4833,9.66667,1972-02-01,-8.08999981917441,-2.48999994434416,-5.28999988175929,1972,2,1972
47.4833,9.66667,1972-02-02,-8.77999980375171,2.29999994859099,-3.23999992758036,1972,2,1972
47.4833,9.66667,1972-02-03,-2.75999993830919,9.13999979570508,3.18999992869794,1972,2,1972
47.4833,9.66667,1972-02-04,-3.66999991796911,7.44999983347952,1.88999995775521,1972,2,1972
47.4833,9.66667,1972-02-05,-0.589999986812472,7.82999982498586,3.61999991908669,1972,2,1972
47.4833,9.66667,1972-02-06,-1.91999995708466,5.92999986745417,2.00499995518476,1972,2,1972
47.4833,9.66667,1972-02-07,-1.34999996982515,11.6199997402728,5.13499988522381,1972,2,1972
47.4833,9.66667,1972-02-08,3.52999992109835,15.9299996439368,9.72999978251755,1972,2,1972
47.4833,9.66667,1972-02-09,4.22999990545213,12.4099997226149,8.31999981403351,1972,2,1972
47.4833,9.66667,1972-02-10,1.75999996066093,6.77999984845519,4.26999990455806,1972,2,1972
47.4833,9.66667,1972-02-11,1.89999995753169,4.72999989427626,3.31499992590398,1972,2,1972
47.4833,9.66667,1972-02-12,1.19999997317791,9.2999997921288,5.24999988265336,1972,2,1972
47.4833,9.66667,1972-02-13,1.4899999666959,5.99999986588955,3.74499991629273,1972,2,1972
47.4833,9.66667,1972-02-14,0.739999983459711,7.64999982900918,4.19499990623444,1972,2,1972
47.4833,9.66667,1972-02-15,-0.129999997094274,4.35999990254641,2.11499995272607,1972,2,1972
47.4833,9.66667,1972-02-16,-1.16999997384846,5.65999987348914,2.24499994982034,1972,2,1972
47.4833,9.66667,1972-02-17,-2.82999993674457,7.04999984242022,2.10999995283782,1972,2,1972
47.4833,9.66667,1972-02-18,-1.20999997295439,10.2099997717887,4.49999989941716,1972,2,1972
47.4833,9.66667,1972-02-19,1.86999995820224,14.049999685958,7.95999982208014,1972,2,1972
47.4833,9.66667,1972-02-20,-0.359999991953373,10.7599997594953,5.19999988377094,1972,2,1972
47.4833,9.66667,1972-02-21,0.869999980553985,11.2899997476488,6.07999986410141,1972,2,1972
47.4833,9.66667,1972-02-22,-0.96999997831881,7.60999982990324,3.31999992579222,1972,2,1972
47.4833,9.66667,1972-02-23,-1.90999995730817,4.98999988846481,1.53999996557832,1972,2,1972
47.4833,9.66667,1972-02-24,-1.39999996870756,6.31999985873699,2.45999994501472,1972,2,1972
47.4833,9.66667,1972-02-25,-1.5499999653548,8.31999981403351,3.38499992433935,1972,2,1972
47.4833,9.66667,1972-02-26,-2.4099999461323,5.87999986857176,1.73499996121973,1972,2,1972
47.4833,9.66667,1972-02-27,-0.34999999217689,8.23999981582165,3.94499991182238,1972,2,1972
47.4833,9.66667,1972-02-28,1.35999996960163,6.80999984778464,4.08499990869313,1972,2,1972
47.4833,9.66667,1972-02-29,1.88999995775521,6.74999984912574,4.31999990344048,1972,2,1972
47.4833,9.66667,1972-03-01,1.5499999653548,7.29999983683228,4.42499990109354,1972,3,1972
47.4833,9.66667,1972-03-02,-0.0699999984353781,8.05999981984496,3.99499991070479,1972,3,1972
47.4833,9.66667,1972-03-03,-0.96999997831881,7.69999982789159,3.36499992478639,1972,3,1972
47.4833,9.66667,1972-03-04,-2.04999995417893,9.01999979838729,3.48499992210418,1972,3,1972
47.4833,9.66667,1972-03-05,-0.239999994635582,9.73999978229403,4.74999989382923,1972,3,1972
47.4833,9.66667,1972-03-06,-0.259999994188547,8.62999980710447,4.18499990645796,1972,3,1972
47.4833,9.66667,1972-03-07,0.809999981895089,8.6699998062104,4.73999989405274,1972,3,1972
47.4833,9.66667,1972-03-08,1.46999996714294,6.23999986052513,3.85499991383404,1972,3,1972
47.4833,9.66667,1972-03-09,1.13999997451901,11.2899997476488,6.21499986108392,1972,3,1972
47.4833,9.66667,1972-03-10,0.549999987706542,8.21999981626868,4.38499990198761,1972,3,1972
47.4833,9.66667,1972-03-11,0.489999989047647,5.12999988533556,2.80999993719161,1972,3,1972
47.4833,9.66667,1972-03-12,2.53999994322658,6.33999985828996,4.43999990075827,1972,3,1972
47.4833,9.66667,1972-03-13,-1.40999996848404,4.12999990768731,1.35999996960163,1972,3,1972
47.4833,9.66667,1972-03-14,-2.60999994166195,9.5899997856468,3.48999992199242,1972,3,1972
47.4833,9.66667,1972-03-15,-0.199999995529652,13.9599996879697,6.87999984622002,1972,3,1972
47.4833,9.66667,1972-03-16,0.819999981671572,16.8799996227026,8.84999980218709,1972,3,1972
47.4833,9.66667,1972-03-17,0.529999988153577,15.20999966003,7.86999982409179,1972,3,1972
47.4833,9.66667,1972-03-18,0.569999987259507,14.8299996685237,7.69999982789159,1972,3,1972
47.4833,9.66667,1972-03-19,1.85999995842576,16.7199996262789,9.28999979235232,1972,3,1972
47.4833,9.66667,1972-03-20,1.9499999564141,16.6199996285141,9.28499979246408,1972,3,1972
47.4833,9.66667,1972-03-21,1.49999996647239,16.4399996325374,8.96999979950488,1972,3,1972
47.4833,9.66667,1972-03-22,1.40999996848404,15.8999996446073,8.65499980654567,1972,3,1972
47.4833,9.66667,1972-03-23,1.07999997586012,16.1299996394664,8.60499980766326,1972,3,1972
47.4833,9.66667,1972-03-24,1.0899999756366,14.8199996687472,7.95499982219189,1972,3,1972
47.4833,9.66667,1972-03-25,1.01999997720122,13.199999704957,7.10999984107912,1972,3,1972
47.4833,9.66667,1972-03-26,0.0299999993294477,17.0599996186793,8.54499980900437,1972,3,1972
47.4833,9.66667,1972-03-27,3.34999992512167,16.7299996260554,10.0399997755885,1972,3,1972
47.4833,9.66667,1972-03-28,3.02999993227422,9.48999978788197,6.2599998600781,1972,3,1972
47.4833,9.66667,1972-03-29,1.97999995574355,9.64999978430569,5.81499987002462,1972,3,1972
47.4833,9.66667,1972-03-30,1.74999996088445,8.4399998113513,5.09499988611788,1972,3,1972
47.4833,9.66667,1972-03-31,1.1499999742955,11.6499997396022,6.39999985694885,1972,3,1972
47.4833,9.66667,1972-04-01,2.07999995350838,15.5799996517599,8.82999980263412,1972,4,1972
47.4833,9.66667,1972-04-02,6.2599998600781,11.2599997483194,8.75999980419874,1972,4,1972
47.4833,9.66667,1972-04-03,6.63999985158443,13.8699996899813,10.2549997707829,1972,4,1972
47.4833,9.66667,1972-04-04,6.92999984510243,18.4199995882809,12.6749997166917,1972,4,1972
47.4833,9.66667,1972-04-05,7.71999982744455,19.4799995645881,13.5999996960163,1972,4,1972
47.4833,9.66667,1972-04-06,5.92999986745417,12.4999997206032,9.2149997940287,1972,4,1972
47.4833,9.66667,1972-04-07,4.84999989159405,10.7399997599423,7.79499982576817,1972,4,1972
47.4833,9.66667,1972-04-08,6.94999984465539,17.9999995976686,12.474999721162,1972,4,1972
47.4833,9.66667,1972-04-09,5.98999986611307,11.9699997324497,8.97999979928136,1972,4,1972
47.4833,9.66667,1972-04-10,2.21999995037913,13.6699996944517,7.94499982241541,1972,4,1972
47.4833,9.66667,1972-04-11,3.36999992467463,13.3899997007102,8.3799998126924,1972,4,1972
47.4833,9.66667,1972-04-12,2.60999994166195,9.80999978072941,6.20999986119568,1972,4,1972
47.4833,9.66667,1972-04-13,1.95999995619059,9.74999978207052,5.85499986913055,1972,4,1972
47.4833,9.66667,1972-04-14,3.86999991349876,9.32999979145825,6.5999998524785,1972,4,1972
47.4833,9.66667,1972-04-15,4.34999990276992,12.6899997163564,8.51999980956316,1972,4,1972
47.4833,9.66667,1972-04-16,2.50999994389713,11.8999997340143,7.2049998389557,1972,4,1972
47.4833,9.66667,1972-04-17,0.609999986365438,3.90999991260469,2.25999994948506,1972,4,1972
47.4833,9.66667,1972-04-18,0.359999991953373,4.30999990366399,2.33499994780868,1972,4,1972
47.4833,9.66667,1972-04-19,1.07999997586012,7.65999982878566,4.36999990232289,1972,4,1972
47.4833,9.66667,1972-04-20,2.68999993987381,6.58999985270202,4.63999989628792,1972,4,1972
47.4833,9.66667,1972-04-21,2.44999994523823,12.7899997141212,7.61999982967973,1972,4,1972
47.4833,9.66667,1972-04-22,5.61999987438321,10.31999976933,7.96999982185662,1972,4,1972
47.4833,9.66667,1972-04-23,5.18999988399446,10.5599997639656,7.87499982398003,1972,4,1972
47.4833,9.66667,1972-04-24,5.47999987751245,9.76999978162348,7.62499982956797,1972,4,1972
47.4833,9.66667,1972-04-25,5.14999988488853,8.94999979995191,7.04999984242022,1972,4,1972
47.4833,9.66667,1972-04-26,-1.75999996066093,5.34999988041818,1.79499995987862,1972,4,1972
47.4833,9.66667,1972-04-27,-3.14999992959201,8.97999979928136,2.91499993484467,1972,4,1972
47.4833,9.66667,1972-04-28,-0.729999983683228,7.90999982319772,3.58999991975725,1972,4,1972
47.4833,9.66667,1972-04-29,0.859999980777502,6.13999986276031,3.4999999217689,1972,4,1972
47.4833,9.66667,1972-04-30,-0.719999983906746,13.8799996897578,6.57999985292554,1972,4,1972
47.4833,9.66667,1972-05-01,6.09999986365438,20.4999995417893,13.2999997027218,1972,5,NA
47.4833,9.66667,1972-05-02,6.34999985806644,18.4299995880574,12.3899997230619,1972,5,NA
47.4833,9.66667,1972-05-03,5.12999988533556,20.679999537766,12.9049997115508,1972,5,NA
47.4833,9.66667,1972-05-04,5.25999988242984,19.8399995565414,12.5499997194856,1972,5,NA
47.4833,9.66667,1972-05-05,6.74999984912574,11.7099997382611,9.22999979369342,1972,5,NA
47.4833,9.66667,1972-05-06,6.8899998459965,15.2399996593595,11.064999752678,1972,5,NA
47.4833,9.66667,1972-05-07,4.14999990724027,18.4899995867163,11.3199997469783,1972,5,NA
47.4833,9.66667,1972-05-08,6.86999984644353,18.2399995923042,12.5549997193739,1972,5,NA
47.4833,9.66667,1972-05-09,6.66999985091388,19.7099995594472,13.1899997051805,1972,5,NA
47.4833,9.66667,1972-05-10,7.40999983437359,18.4099995885044,12.909999711439,1972,5,NA
47.4833,9.66667,1972-05-11,7.99999982118607,12.5199997201562,10.2599997706711,1972,5,NA
47.4833,9.66667,1972-05-12,4.53999989852309,11.5599997416139,8.04999982006848,1972,5,NA
47.4833,9.66667,1972-05-13,2.87999993562698,11.2999997474253,7.08999984152615,1972,5,NA
47.4833,9.66667,1972-05-14,1.68999996222556,14.9499996658415,8.31999981403351,1972,5,NA
47.4833,9.66667,1972-05-15,5.14999988488853,12.3199997246265,8.73499980475754,1972,5,NA
47.4833,9.66667,1972-05-16,4.72999989427626,9.99999977648258,7.36499983537942,1972,5,NA
47.4833,9.66667,1972-05-17,5.70999987237155,9.13999979570508,7.42499983403832,1972,5,NA
47.4833,9.66667,1972-05-18,4.48999989964068,11.1399997510016,7.81499982532114,1972,5,NA
47.4833,9.66667,1972-05-19,3.27999992668629,13.8899996895343,8.5849998081103,1972,5,NA
47.4833,9.66667,1972-05-20,6.67999985069036,13.4599996991456,10.069999774918,1972,5,NA
47.4833,9.66667,1972-05-21,5.99999986588955,15.6999996490777,10.8499997574836,1972,5,NA
47.4833,9.66667,1972-05-22,8.12999981828034,16.079999640584,12.1049997294322,1972,5,NA
47.4833,9.66667,1972-05-23,5.59999987483025,20.5499995406717,13.074999707751,1972,5,NA
47.4833,9.66667,1972-05-24,7.18999983929098,22.8599994890392,15.0249996641651,1972,5,NA
47.4833,9.66667,1972-05-25,11.209999749437,20.63999953866,15.9249996440485,1972,5,NA
47.4833,9.66667,1972-05-26,11.7099997382611,20.7199995368719,16.2149996375665,1972,5,NA
47.4833,9.66667,1972-05-27,12.2599997259676,20.2399995476007,16.2499996367842,1972,5,NA
47.4833,9.66667,1972-05-28,9.30999979190528,15.8399996459484,12.5749997189268,1972,5,NA
47.4833,9.66667,1972-05-29,6.32999985851347,12.6299997176975,9.47999978810549,1972,5,NA
47.4833,9.66667,1972-05-30,7.27999983727932,19.5299995634705,13.4049997003749,1972,5,NA
47.4833,9.66667,1972-05-31,10.4499997664243,15.6099996510893,13.0299997087568,1972,5,NA
47.4833,9.66667,1972-06-01,8.33999981358647,14.8799996674061,11.6099997404963,1972,6,NA
47.4833,9.66667,1972-06-02,8.15999981760979,14.5899996738881,11.3749997457489,1972,6,NA
47.4833,9.66667,1972-06-03,6.40999985672534,11.9599997326732,9.18499979469925,1972,6,NA
47.4833,9.66667,1972-06-04,3.44999992288649,19.9199995547533,11.6849997388199,1972,6,NA
47.4833,9.66667,1972-06-05,8.53999980911613,24.679999448359,16.6099996287376,1972,6,NA
47.4833,9.66667,1972-06-06,11.76999973692,26.4399994090199,19.10499957297,1972,6,NA
47.4833,9.66667,1972-06-07,12.3399997241795,20.1099995505065,16.224999637343,1972,6,NA
47.4833,9.66667,1972-06-08,10.2399997711182,24.2399994581938,17.239999614656,1972,6,NA
47.4833,9.66667,1972-06-09,7.49999983236194,17.5799996070564,12.5399997197092,1972,6,NA
47.4833,9.66667,1972-06-10,5.21999988332391,19.6799995601177,12.4499997217208,1972,6,NA
47.4833,9.66667,1972-06-11,9.37999979034066,16.4899996314198,12.9349997108802,1972,6,NA
47.4833,9.66667,1972-06-12,8.48999981023371,12.929999710992,10.7099997606128,1972,6,NA
47.4833,9.66667,1972-06-13,6.44999985583127,10.3699997682124,8.40999981202185,1972,6,NA
47.4833,9.66667,1972-06-14,4.97999988868833,17.6399996057153,11.3099997472018,1972,6,NA
47.4833,9.66667,1972-06-15,7.22999983839691,20.3199995458126,13.7749996921048,1972,6,NA
47.4833,9.66667,1972-06-16,9.76999978162348,18.8299995791167,14.2999996803701,1972,6,NA
47.4833,9.66667,1972-06-17,9.74999978207052,14.1399996839464,11.9449997330084,1972,6,NA
47.4833,9.66667,1972-06-18,7.21999983862042,11.9199997335672,9.56999978609383,1972,6,NA
47.4833,9.66667,1972-06-19,6.45999985560775,21.4199995212257,13.9399996884167,1972,6,NA
47.4833,9.66667,1972-06-20,10.2399997711182,21.9299995098263,16.0849996404722,1972,6,NA
47.4833,9.66667,1972-06-21,10.029999775812,19.2799995690584,14.6549996724352,1972,6,NA
47.4833,9.66667,1972-06-22,9.89999977871776,23.0999994836748,16.4999996311963,1972,6,NA
47.4833,9.66667,1972-06-23,11.499999742955,23.0499994847924,17.2749996138737,1972,6,NA
47.4833,9.66667,1972-06-24,11.9999997317791,16.5999996289611,14.2999996803701,1972,6,NA
47.4833,9.66667,1972-06-25,10.5499997641891,15.6999996490777,13.1249997066334,1972,6,NA
47.4833,9.66667,1972-06-26,9.85999977961183,21.7699995134026,15.8149996465072,1972,6,NA
47.4833,9.66667,1972-06-27,9.22999979369342,25.4299994315952,17.3299996126443,1972,6,NA
47.4833,9.66667,1972-06-28,11.8199997358024,26.3299994114786,19.0749995736405,1972,6,NA
47.4833,9.66667,1972-06-29,13.8599996902049,18.9999995753169,16.4299996327609,1972,6,NA
47.4833,9.66667,1972-06-30,13.4199997000396,20.63999953866,17.0299996193498,1972,6,NA
47.4833,9.66667,1972-07-01,10.8599997572601,17.5999996066093,14.2299996819347,1972,7,NA
47.4833,9.66667,1972-07-02,7.749999826774,17.1299996171147,12.4399997219443,1972,7,NA
47.4833,9.66667,1972-07-03,8.90999980084598,14.3199996799231,11.6149997403845,1972,7,NA
47.4833,9.66667,1972-07-04,7.43999983370304,14.0199996866286,10.7299997601658,1972,7,NA
47.4833,9.66667,1972-07-05,12.0099997315556,22.1399995051324,17.074999618344,1972,7,NA
47.4833,9.66667,1972-07-06,11.0599997527897,25.2199994362891,18.1399995945394,1972,7,NA
47.4833,9.66667,1972-07-07,12.4599997214973,21.2099995259196,16.8349996237084,1972,7,NA
47.4833,9.66667,1972-07-08,11.7599997371435,23.7299994695932,17.7449996033683,1972,7,NA
47.4833,9.66667,1972-07-09,11.9199997335672,25.4099994320422,18.6649995828047,1972,7,NA
47.4833,9.66667,1972-07-10,14.3699996788055,29.8199993334711,22.0949995061383,1972,7,NA
47.4833,9.66667,1972-07-11,12.079999729991,20.949999531731,16.514999630861,1972,7,NA
47.4833,9.66667,1972-07-12,8.84999980218709,13.8699996899813,11.3599997460842,1972,7,NA
47.4833,9.66667,1972-07-13,8.09999981895089,13.4499996993691,10.77499975916,1972,7,NA
47.4833,9.66667,1972-07-14,8.46999981068075,18.2099995929748,13.3399997018278,1972,7,NA
47.4833,9.66667,1972-07-15,9.07999979704618,21.0799995288253,15.0799996629357,1972,7,NA
47.4833,9.66667,1972-07-16,9.10999979637563,18.2899995911866,13.6999996937811,1972,7,NA
47.4833,9.66667,1972-07-17,11.8599997349083,24.5899994503707,18.2249995926395,1972,7,NA
47.4833,9.66667,1972-07-18,13.7099996935576,25.8099994231015,19.7599995583296,1972,7,NA
47.4833,9.66667,1972-07-19,13.509999698028,26.4799994081259,19.9949995530769,1972,7,NA
47.4833,9.66667,1972-07-20,13.2799997031689,26.6999994032085,19.9899995531887,1972,7,NA
47.4833,9.66667,1972-07-21,14.5899996738881,25.9799994193017,20.2849995465949,1972,7,NA
47.4833,9.66667,1972-07-22,14.4499996770173,25.2099994365126,19.829999556765,1972,7,NA
47.4833,9.66667,1972-07-23,14.9999996647239,23.6599994711578,19.3299995679408,1972,7,NA
47.4833,9.66667,1972-07-24,14.049999685958,24.7099994476885,19.3799995668232,1972,7,NA
47.4833,9.66667,1972-07-25,14.5699996743351,24.4399994537234,19.5049995640293,1972,7,NA
47.4833,9.66667,1972-07-26,14.9099996667355,22.7399994917214,18.8249995792285,1972,7,NA
47.4833,9.66667,1972-07-27,13.4999996982515,20.1299995500594,16.8149996241555,1972,7,NA
47.4833,9.66667,1972-07-28,12.4099997226149,16.8399996235967,14.6249996731058,1972,7,NA
47.4833,9.66667,1972-07-29,11.6299997400492,17.219999615103,14.4249996775761,1972,7,NA
47.4833,9.66667,1972-07-30,11.0199997536838,16.3099996354431,13.6649996945634,1972,7,NA
47.4833,9.66667,1972-07-31,8.59999980777502,20.1799995489419,14.3899996783584,1972,7,NA
47.4833,9.66667,1972-08-01,9.51999978721142,19.8999995552003,14.7099996712059,1972,8,NA
47.4833,9.66667,1972-08-02,11.4899997431785,20.0599995516241,15.7749996474013,1972,8,NA
47.4833,9.66667,1972-08-03,8.88999980129302,16.1599996387959,12.5249997200444,1972,8,NA
47.4833,9.66667,1972-08-04,9.9299997780472,14.6599996723235,12.2949997251853,1972,8,NA
47.4833,9.66667,1972-08-05,10.1199997738004,18.7799995802343,14.4499996770173,1972,8,NA
47.4833,9.66667,1972-08-06,9.31999979168177,21.9499995093793,15.6349996505305,1972,8,NA
47.4833,9.66667,1972-08-07,11.1399997510016,24.1299994606525,17.634999605827,1972,8,NA
47.4833,9.66667,1972-08-08,12.0199997313321,26.4899994079024,19.2549995696172,1972,8,NA
47.4833,9.66667,1972-08-09,14.9799996651709,26.8999993987381,20.9399995319545,1972,8,NA
47.4833,9.66667,1972-08-10,14.6999996714294,25.7299994248897,20.2149995481595,1972,8,NA
47.4833,9.66667,1972-08-11,13.9299996886402,27.1399993933737,20.534999541007,1972,8,NA
47.4833,9.66667,1972-08-12,15.479999653995,26.8799993991852,21.1799995265901,1972,8,NA
47.4833,9.66667,1972-08-13,14.4599996767938,27.7399993799627,21.0999995283782,1972,8,NA
47.4833,9.66667,1972-08-14,14.2099996823817,28.119999371469,21.1649995269254,1972,8,NA
47.4833,9.66667,1972-08-15,15.2799996584654,24.6699994485825,19.974999553524,1972,8,NA
47.4833,9.66667,1972-08-16,15.499999653548,21.3399995230138,18.4199995882809,1972,8,NA
47.4833,9.66667,1972-08-17,13.9499996881932,20.119999550283,17.0349996192381,1972,8,NA
47.4833,9.66667,1972-08-18,11.9099997337908,16.9599996209145,14.4349996773526,1972,8,NA
47.4833,9.66667,1972-08-19,10.0099997762591,15.5399996526539,12.7749997144565,1972,8,NA
47.4833,9.66667,1972-08-20,6.70999985001981,11.5299997422844,9.11999979615211,1972,8,NA
47.4833,9.66667,1972-08-21,6.84999984689057,15.2499996591359,11.0499997530133,1972,8,NA
47.4833,9.66667,1972-08-22,6.07999986410141,18.3299995902926,12.204999727197,1972,8,NA
47.4833,9.66667,1972-08-23,9.78999978117645,14.5399996750057,12.1649997280911,1972,8,NA
47.4833,9.66667,1972-08-24,6.14999986253679,17.5199996083975,11.8349997354671,1972,8,NA
47.4833,9.66667,1972-08-25,6.92999984510243,19.5799995623529,13.2549997037277,1972,8,NA
47.4833,9.66667,1972-08-26,7.31999983638525,21.3799995221198,14.3499996792525,1972,8,NA
47.4833,9.66667,1972-08-27,8.45999981090426,21.0099995303899,14.7349996706471,1972,8,NA
47.4833,9.66667,1972-08-28,8.61999980732799,21.1899995263666,14.9049996668473,1972,8,NA
47.4833,9.66667,1972-08-29,12.1699997279793,20.4899995420128,16.3299996349961,1972,8,NA
47.4833,9.66667,1972-08-30,8.95999979972839,21.4699995201081,15.2149996599182,1972,8,NA
47.4833,9.66667,1972-08-31,11.0599997527897,16.7299996260554,13.8949996894225,1972,8,NA
47.4833,9.66667,1972-09-01,8.92999980039895,20.389999544248,14.6599996723235,1972,9,NA
47.4833,9.66667,1972-09-02,9.36999979056418,18.6599995829165,14.0149996867403,1972,9,NA
47.4833,9.66667,1972-09-03,7.00999984331429,15.9399996437132,11.4749997435138,1972,9,NA
47.4833,9.66667,1972-09-04,8.58999980799854,15.9999996423721,12.2949997251853,1972,9,NA
47.4833,9.66667,1972-09-05,7.8099998254329,21.4199995212257,14.6149996733293,1972,9,NA
47.4833,9.66667,1972-09-06,8.8399998024106,21.7899995129555,15.3149996576831,1972,9,NA
47.4833,9.66667,1972-09-07,10.7999997586012,21.8299995120615,16.3149996353313,1972,9,NA
47.4833,9.66667,1972-09-08,10.2999997697771,22.109999505803,16.20499963779,1972,9,NA
47.4833,9.66667,1972-09-09,12.2299997266382,21.1699995268136,16.6999996267259,1972,9,NA
47.4833,9.66667,1972-09-10,10.1199997738004,21.9499995093793,16.0349996415898,1972,9,NA
47.4833,9.66667,1972-09-11,10.4699997659773,21.0199995301664,15.7449996480718,1972,9,NA
47.4833,9.66667,1972-09-12,5.28999988175929,13.8299996908754,9.55999978631735,1972,9,NA
47.4833,9.66667,1972-09-13,3.06999993138015,14.6699996720999,8.86999980174005,1972,9,NA
47.4833,9.66667,1972-09-14,4.39999990165234,13.9099996890873,9.1549997953698,1972,9,NA
47.4833,9.66667,1972-09-15,4.35999990254641,14.6899996716529,9.52499978709966,1972,9,NA
47.4833,9.66667,1972-09-16,5.93999986723065,11.4299997445196,8.68499980587512,1972,9,NA
47.4833,9.66667,1972-09-17,5.5699998755008,9.88999977894127,7.72999982722104,1972,9,NA
47.4833,9.66667,1972-09-18,6.23999986052513,10.2499997708946,8.24499981570989,1972,9,NA
47.4833,9.66667,1972-09-19,6.09999986365438,12.5499997194856,9.32499979157001,1972,9,NA
47.4833,9.66667,1972-09-20,6.22999986074865,10.9099997561425,8.56999980844557,1972,9,NA
47.4833,9.66667,1972-09-21,2.9299999345094,14.3199996799231,8.62499980721623,1972,9,NA
47.4833,9.66667,1972-09-22,2.84999993629754,17.4199996106327,10.1349997734651,1972,9,NA
47.4833,9.66667,1972-09-23,3.60999991931021,18.4199995882809,11.0149997537956,1972,9,NA
47.4833,9.66667,1972-09-24,4.36999990232289,16.4799996316433,10.4249997669831,1972,9,NA
47.4833,9.66667,1972-09-25,5.32999988086522,13.5199996978045,9.42499978933483,1972,9,NA
47.4833,9.66667,1972-09-26,0.679999984800816,12.0699997302145,6.37499985750765,1972,9,NA
47.4833,9.66667,1972-09-27,1.19999997317791,12.619999717921,6.90999984554946,1972,9,NA
47.4833,9.66667,1972-09-28,0.209999995306134,12.9899997096509,6.5999998524785,1972,9,NA
47.4833,9.66667,1972-09-29,3.16999992914498,13.9099996890873,8.53999980911613,1972,9,NA
47.4833,9.66667,1972-09-30,1.90999995730817,14.2199996821582,8.0649998197332,1972,9,NA
47.4833,9.66667,1972-10-01,0.809999981895089,14.2499996814877,7.52999983169138,1972,10,1973
47.4833,9.66667,1972-10-02,1.19999997317791,13.509999698028,7.35499983560294,1972,10,1973
47.4833,9.66667,1972-10-03,2.19999995082617,10.7199997603893,6.45999985560775,1972,10,1973
47.4833,9.66667,1972-10-04,2.88999993540347,12.1899997275323,7.53999983146787,1972,10,1973
47.4833,9.66667,1972-10-05,-1.41999996826053,12.7899997141212,5.68499987293035,1972,10,1973
47.4833,9.66667,1972-10-06,-1.93999995663762,15.189999660477,6.62499985191971,1972,10,1973
47.4833,9.66667,1972-10-07,-0.769999982789159,15.3099996577948,7.26999983750284,1972,10,1973
47.4833,9.66667,1972-10-08,0.96999997831881,15.8799996450543,8.42499981168658,1972,10,1973
47.4833,9.66667,1972-10-09,2.83999993652105,15.9899996425956,9.41499978955835,1972,10,1973
47.4833,9.66667,1972-10-10,3.43999992311001,12.5999997183681,8.01999982073903,1972,10,1973
47.4833,9.66667,1972-10-11,3.76999991573393,12.6999997161329,8.23499981593341,1972,10,1973
47.4833,9.66667,1972-10-12,3.46999992243946,18.3699995893985,10.919999755919,1972,10,1973
47.4833,9.66667,1972-10-13,6.45999985560775,14.899999666959,10.6799997612834,1972,10,1973
47.4833,9.66667,1972-10-14,4.11999990791082,17.1399996168911,10.629999762401,1972,10,1973
47.4833,9.66667,1972-10-15,4.22999990545213,11.6299997400492,7.92999982275069,1972,10,1973
47.4833,9.66667,1972-10-16,2.07999995350838,9.74999978207052,5.91499986778945,1972,10,1973
47.4833,9.66667,1972-10-17,-0.119999997317791,11.2199997492135,5.54999987594783,1972,10,1973
47.4833,9.66667,1972-10-18,-0.239999994635582,7.91999982297421,3.83999991416931,1972,10,1973
47.4833,9.66667,1972-10-19,0.26999999396503,7.17999983951449,3.72499991673976,1972,10,1973
47.4833,9.66667,1972-10-20,-2.08999995328486,10.1499997731298,4.02999990992248,1972,10,1973
47.4833,9.66667,1972-10-21,-1.87999995797873,5.60999987460673,1.864999958314,1972,10,1973
47.4833,9.66667,1972-10-22,0.109999997541308,4.26999990455806,2.18999995104969,1972,10,1973
47.4833,9.66667,1972-10-23,0.57999998703599,3.69999991729856,2.13999995216727,1972,10,1973
47.4833,9.66667,1972-10-24,0.879999980330467,6.33999985828996,3.60999991931021,1972,10,1973
47.4833,9.66667,1972-10-25,3.23999992758036,11.0899997521192,7.16499983984977,1972,10,1973
47.4833,9.66667,1972-10-26,-0.399999991059303,10.5799997635186,5.08999988622963,1972,10,1973
47.4833,9.66667,1972-10-27,-0.0699999984353781,13.509999698028,6.7199998497963,1972,10,1973
47.4833,9.66667,1972-10-28,5.81999986991286,19.1299995724112,12.474999721162,1972,10,1973
47.4833,9.66667,1972-10-29,5.00999988801777,12.1399997286499,8.57499980833381,1972,10,1973
47.4833,9.66667,1972-10-30,3.93999991193414,7.78999982587993,5.86499986890703,1972,10,1973
47.4833,9.66667,1972-10-31,1.36999996937811,9.45999978855252,5.41499987896532,1972,10,1973
47.4833,9.66667,1972-11-01,1.52999996580184,10.7099997606128,6.11999986320734,1972,11,1973
47.4833,9.66667,1972-11-02,2.43999994546175,12.5699997190386,7.50499983225018,1972,11,1973
47.4833,9.66667,1972-11-03,0.899999979883432,10.7099997606128,5.80499987024814,1972,11,1973
47.4833,9.66667,1972-11-04,0.379999991506338,9.44999978877604,4.91499989014119,1972,11,1973
47.4833,9.66667,1972-11-05,1.0899999756366,9.63999978452921,5.36499988008291,1972,11,1973
47.4833,9.66667,1972-11-06,1.7799999602139,10.3299997691065,6.0549998646602,1972,11,1973
47.4833,9.66667,1972-11-07,2.44999994523823,11.1599997505546,6.8049998478964,1972,11,1973
47.4833,9.66667,1972-11-08,1.85999995842576,9.16999979503453,5.51499987673014,1972,11,1973
47.4833,9.66667,1972-11-09,2.51999994367361,10.2399997711182,6.37999985739589,1972,11,1973
47.4833,9.66667,1972-11-10,1.95999995619059,8.74999980442226,5.35499988030642,1972,11,1973
47.4833,9.66667,1972-11-11,1.81999995931983,10.7899997588247,6.30499985907227,1972,11,1973
47.4833,9.66667,1972-11-12,1.22999997250736,8.8399998024106,5.03499988745898,1972,11,1973
47.4833,9.66667,1972-11-13,0.259999994188547,5.62999987415969,2.94499993417412,1972,11,1973
47.4833,9.66667,1972-11-14,1.43999996781349,10.7299997601658,6.08499986398965,1972,11,1973
47.4833,9.66667,1972-11-15,2.07999995350838,9.80999978072941,5.9449998671189,1972,11,1973
47.4833,9.66667,1972-11-16,-0.869999980553985,7.67999982833862,3.40499992389232,1972,11,1973
47.4833,9.66667,1972-11-17,-3.77999991551042,7.46999983303249,1.84499995876104,1972,11,1973
47.4833,9.66667,1972-11-18,4.62999989651144,11.9099997337908,8.2699998151511,1972,11,1973
47.4833,9.66667,1972-11-19,-1.34999996982515,7.71999982744455,3.1849999288097,1972,11,1973
47.4833,9.66667,1972-11-20,-4.58999989740551,4.21999990567565,-0.184999995864928,1972,11,1973
47.4833,9.66667,1972-11-21,-0.0199999995529652,9.11999979615211,4.54999989829957,1972,11,1973
47.4833,9.66667,1972-11-22,2.21999995037913,6.93999984487891,4.57999989762902,1972,11,1973
47.4833,9.66667,1972-11-23,1.92999995686114,5.03999988734722,3.48499992210418,1972,11,1973
47.4833,9.66667,1972-11-24,0.239999994635582,3.3299999255687,1.78499996010214,1972,11,1973
47.4833,9.66667,1972-11-25,-0.959999978542328,2.75999993830919,0.899999979883432,1972,11,1973
47.4833,9.66667,1972-11-26,-3.5599999204278,0.599999986588955,-1.47999996691942,1972,11,1973
47.4833,9.66667,1972-11-27,-7.12999984063208,0.0799999982118607,-3.52499992121011,1972,11,1973
47.4833,9.66667,1972-11-28,-8.55999980866909,-0.779999982565641,-4.66999989561737,1972,11,1973
47.4833,9.66667,1972-11-29,-6.87999984622002,2.90999993495643,-1.98499995563179,1972,11,1973
47.4833,9.66667,1972-11-30,-4.25999990478158,5.30999988131225,0.524999988265336,1972,11,1973
47.4833,9.66667,1972-12-01,-1.4899999666959,7.32999983616173,2.91999993473291,1972,12,1973
47.4833,9.66667,1972-12-02,0.339999992400408,4.71999989449978,2.52999994345009,1972,12,1973
47.4833,9.66667,1972-12-03,-1.18999997340143,3.94999991171062,1.3799999691546,1972,12,1973
47.4833,9.66667,1972-12-04,0.189999995753169,4.88999989069998,2.53999994322658,1972,12,1973
47.4833,9.66667,1972-12-05,0.439999990165234,6.86999984644353,3.65499991830438,1972,12,1973
47.4833,9.66667,1972-12-06,1.09999997541308,7.06999984197319,4.08499990869313,1972,12,1973
47.4833,9.66667,1972-12-07,-1.52999996580184,8.08999981917441,3.27999992668629,1972,12,1973
47.4833,9.66667,1972-12-08,0.109999997541308,8.70999980531633,4.40999990142882,1972,12,1973
47.4833,9.66667,1972-12-09,1.65999996289611,7.72999982722104,4.69499989505857,1972,12,1973
47.4833,9.66667,1972-12-10,0.179999995976686,3.87999991327524,2.02999995462596,1972,12,1973
47.4833,9.66667,1972-12-11,-1.78999995999038,3.42999992333353,0.819999981671572,1972,12,1973
47.4833,9.66667,1972-12-12,-2.58999994210899,4.29999990388751,0.854999980889261,1972,12,1973
47.4833,9.66667,1972-12-13,-3.42999992333353,5.38999987952411,0.979999978095293,1972,12,1973
47.4833,9.66667,1972-12-14,-3.48999992199242,2.77999993786216,-0.354999992065132,1972,12,1973
47.4833,9.66667,1972-12-15,-3.69999991729856,1.15999997407198,-1.26999997161329,1972,12,1973
47.4833,9.66667,1972-12-16,-5.44999987818301,-0.299999993294477,-2.87499993573874,1972,12,1973
47.4833,9.66667,1972-12-17,-5.54999987594783,-0.119999997317791,-2.83499993663281,1972,12,1973
47.4833,9.66667,1972-12-18,-5.98999986611307,-1.25999997183681,-3.62499991897494,1972,12,1973
47.4833,9.66667,1972-12-19,-6.29999985918403,-1.24999997206032,-3.77499991562217,1972,12,1973
47.4833,9.66667,1972-12-20,-5.54999987594783,-1.69999996200204,-3.62499991897494,1972,12,1973
47.4833,9.66667,1972-12-21,-6.16999986208975,-0.789999982342124,-3.47999992221594,1972,12,1973
47.4833,9.66667,1972-12-22,-7.46999983303249,-0.819999981671572,-4.14499990735203,1972,12,1973
47.4833,9.66667,1972-12-23,-8.11999981850386,-2.52999994345009,-5.32499988097697,1972,12,1973
47.4833,9.66667,1972-12-24,-7.52999983169138,-1.68999996222556,-4.60999989695847,1972,12,1973
47.4833,9.66667,1972-12-25,-7.30999983660877,-1.53999996557832,-4.42499990109354,1972,12,1973
47.4833,9.66667,1972-12-26,-7.1199998408556,-0.759999983012676,-3.93999991193414,1972,12,1973
47.4833,9.66667,1972-12-27,-6.3699998576194,0.919999979436398,-2.7249999390915,1972,12,1973
47.4833,9.66667,1972-12-28,-4.73999989405274,6.56999985314906,0.914999979548156,1972,12,1973
47.4833,9.66667,1972-12-29,-0.34999999217689,7.87999982386827,3.76499991584569,1972,12,1973
47.4833,9.66667,1972-12-30,-4.08999990858138,3.13999992981553,-0.474999989382923,1972,12,1973
47.4833,9.66667,1972-12-31,-6.57999985292554,1.0899999756366,-2.74499993864447,1972,12,1973
47.4833,9.66667,1973-01-01,-7.40999983437359,2.83999993652105,-2.28499994892627,1973,1,1973
47.4833,9.66667,1973-01-02,-5.66999987326562,2.59999994188547,-1.53499996569008,1973,1,1973
47.4833,9.66667,1973-01-03,-5.19999988377094,1.64999996311963,-1.77499996032566,1973,1,1973
47.4833,9.66667,1973-01-04,-2.06999995373189,1.18999997340143,-0.439999990165234,1973,1,1973
47.4833,9.66667,1973-01-05,-2.41999994590878,0.549999987706542,-0.934999979101121,1973,1,1973
47.4833,9.66667,1973-01-06,-2.91999993473291,0.129999997094274,-1.39499996881932,1973,1,1973
47.4833,9.66667,1973-01-07,-2.51999994367361,-0.30999999307096,-1.41499996837229,1973,1,1973
47.4833,9.66667,1973-01-08,-3.61999991908669,-0.569999987259507,-2.0949999531731,1973,1,1973
47.4833,9.66667,1973-01-09,-3.91999991238117,-1.22999997250736,-2.57499994244426,1973,1,1973
47.4833,9.66667,1973-01-10,-4.49999989941716,-2.06999995373189,-3.28499992657453,1973,1,1973
47.4833,9.66667,1973-01-11,-5.97999986633658,-1.35999996960163,-3.66999991796911,1973,1,1973
47.4833,9.66667,1973-01-12,-6.4899998549372,0.0999999977648258,-3.19499992858618,1973,1,1973
47.4833,9.66667,1973-01-13,-8.2699998151511,-1.59999996423721,-4.93499988969415,1973,1,1973
47.4833,9.66667,1973-01-14,-6.70999985001981,-1.3199999704957,-4.01499991025776,1973,1,1973
47.4833,9.66667,1973-01-15,-6.93999984487891,1.23999997228384,-2.84999993629754,1973,1,1973
47.4833,9.66667,1973-01-16,-4.53999989852309,4.50999989919364,-0.0149999996647239,1973,1,1973
47.4833,9.66667,1973-01-17,-1.15999997407198,1.57999996468425,0.209999995306134,1973,1,1973
47.4833,9.66667,1973-01-18,-4.22999990545213,1.07999997586012,-1.57499996479601,1973,1,1973
47.4833,9.66667,1973-01-19,-3.3899999242276,0.199999995529652,-1.59499996434897,1973,1,1973
47.4833,9.66667,1973-01-20,-2.009999955073,1.40999996848404,-0.299999993294477,1973,1,1973
47.4833,9.66667,1973-01-21,-1.04999997653067,4.40999990142882,1.67999996244907,1973,1,1973
47.4833,9.66667,1973-01-22,-2.78999993763864,6.78999984823167,1.99999995529652,1973,1,1973
47.4833,9.66667,1973-01-23,-0.639999985694885,2.44999994523823,0.904999979771674,1973,1,1973
47.4833,9.66667,1973-01-24,-2.68999993987381,1.13999997451901,-0.7749999826774,1973,1,1973
47.4833,9.66667,1973-01-25,-5.86999986879528,1.02999997697771,-2.41999994590878,1973,1,1973
47.4833,9.66667,1973-01-26,-7.39999983459711,-0.489999989047647,-3.94499991182238,1973,1,1973
47.4833,9.66667,1973-01-27,-7.24999983794987,2.07999995350838,-2.58499994222075,1973,1,1973
47.4833,9.66667,1973-01-28,-3.62999991886318,1.26999997161329,-1.17999997362494,1973,1,1973
47.4833,9.66667,1973-01-29,-0.599999986588955,1.72999996133149,0.564999987371266,1973,1,1973
47.4833,9.66667,1973-01-30,-1.33999997004867,2.12999995239079,0.394999991171062,1973,1,1973
47.4833,9.66667,1973-01-31,1.06999997608364,4.63999989628792,2.85499993618578,1973,1,1973
47.4833,9.66667,1973-02-01,0.549999987706542,3.56999992020428,2.05999995395541,1973,2,1973
47.4833,9.66667,1973-02-02,-0.799999982118607,1.53999996557832,0.369999991729856,1973,2,1973
47.4833,9.66667,1973-02-03,-0.759999983012676,2.20999995060265,0.724999983794987,1973,2,1973
47.4833,9.66667,1973-02-04,-1.34999996982515,3.43999992311001,1.04499997664243,1973,2,1973
47.4833,9.66667,1973-02-05,-2.62999994121492,2.2399999499321,-0.19499999564141,1973,2,1973
47.4833,9.66667,1973-02-06,-2.74999993853271,2.2399999499321,-0.254999994300306,1973,2,1973
47.4833,9.66667,1973-02-07,-4.08999990858138,1.01999997720122,-1.53499996569008,1973,2,1973
47.4833,9.66667,1973-02-08,-1.39999996870756,7.45999983325601,3.02999993227422,1973,2,1973
47.4833,9.66667,1973-02-09,-1.47999996691942,5.26999988220632,1.89499995764345,1973,2,1973
47.4833,9.66667,1973-02-10,-1.47999996691942,8.30999981425703,3.4149999236688,1973,2,1973
47.4833,9.66667,1973-02-11,-0.649999985471368,2.54999994300306,0.949999978765845,1973,2,1973
47.4833,9.66667,1973-02-12,-2.01999995484948,0.589999986812472,-0.714999984018505,1973,2,1973
47.4833,9.66667,1973-02-13,-2.26999994926155,3.7899999152869,0.759999983012676,1973,2,1973
47.4833,9.66667,1973-02-14,-0.799999982118607,3.00999993272126,1.10499997530133,1973,2,1973
47.4833,9.66667,1973-02-15,-4.50999989919364,3.05999993160367,-0.724999983794987,1973,2,1973
47.4833,9.66667,1973-02-16,-6.4899998549372,3.89999991282821,-1.29499997105449,1973,2,1973
47.4833,9.66667,1973-02-17,-7.48999983258545,1.40999996848404,-3.0399999320507,1973,2,1973
47.4833,9.66667,1973-02-18,-4.04999990947545,0.639999985694885,-1.70499996189028,1973,2,1973
47.4833,9.66667,1973-02-19,-4.83999989181757,-0.0899999979883432,-2.46499994490296,1973,2,1973
47.4833,9.66667,1973-02-20,-5.45999987795949,-0.679999984800816,-3.06999993138015,1973,2,1973
47.4833,9.66667,1973-02-21,-5.64999987371266,3.27999992668629,-1.18499997351319,1973,2,1973
47.4833,9.66667,1973-02-22,-5.5099998768419,4.83999989181757,-0.334999992512167,1973,2,1973
47.4833,9.66667,1973-02-23,0.179999995976686,3.56999992020428,1.87499995809048,1973,2,1973
47.4833,9.66667,1973-02-24,-1.6099999640137,1.92999995686114,0.159999996423721,1973,2,1973
47.4833,9.66667,1973-02-25,-3.75999991595745,0.749999983236194,-1.50499996636063,1973,2,1973
47.4833,9.66667,1973-02-26,-6.22999986074865,-0.429999990388751,-3.3299999255687,1973,2,1973
47.4833,9.66667,1973-02-27,-5.34999988041818,0.439999990165234,-2.45499994512647,1973,2,1973
47.4833,9.66667,1973-02-28,-6.52999985404313,-1.04999997653067,-3.7899999152869,1973,2,1973
47.4833,9.66667,1973-03-01,-11.499999742955,-0.26999999396503,-5.88499986846,1973,3,1973
47.4833,9.66667,1973-03-02,-10.5599997639656,2.65999994054437,-3.94999991171062,1973,3,1973
47.4833,9.66667,1973-03-03,-6.03999986499548,2.62999994121492,-1.70499996189028,1973,3,1973
47.4833,9.66667,1973-03-04,-0.869999980553985,4.25999990478158,1.6949999621138,1973,3,1973
47.4833,9.66667,1973-03-05,0.319999992847443,7.35999983549118,3.83999991416931,1973,3,1973
47.4833,9.66667,1973-03-06,-1.32999997027218,10.0599997751415,4.36499990243465,1973,3,1973
47.4833,9.66667,1973-03-07,0.509999988600612,8.98999979905784,4.74999989382923,1973,3,1973
47.4833,9.66667,1973-03-08,-0.249999994412065,3.84999991394579,1.79999995976686,1973,3,1973
47.4833,9.66667,1973-03-09,-1.24999997206032,3.70999991707504,1.22999997250736,1973,3,1973
47.4833,9.66667,1973-03-10,-2.06999995373189,2.65999994054437,0.294999993406236,1973,3,1973
47.4833,9.66667,1973-03-11,-7.62999982945621,0.65999998524785,-3.48499992210418,1973,3,1973
47.4833,9.66667,1973-03-12,-8.80999980308115,1.35999996960163,-3.72499991673976,1973,3,1973
47.4833,9.66667,1973-03-13,-7.01999984309077,2.08999995328486,-2.46499994490296,1973,3,1973
47.4833,9.66667,1973-03-14,-2.61999994143844,1.17999997362494,-0.719999983906746,1973,3,1973
47.4833,9.66667,1973-03-15,-2.37999994680285,1.34999996982515,-0.514999988488853,1973,3,1973
47.4833,9.66667,1973-03-16,-3.61999991908669,2.06999995373189,-0.7749999826774,1973,3,1973
47.4833,9.66667,1973-03-17,-3.9599999114871,4.03999990969896,0.0399999991059303,1973,3,1973
47.4833,9.66667,1973-03-18,-4.74999989382923,5.34999988041818,0.299999993294477,1973,3,1973
47.4833,9.66667,1973-03-19,-3.0399999320507,3.82999991439283,0.394999991171062,1973,3,1973
47.4833,9.66667,1973-03-20,-0.399999991059303,3.45999992266297,1.52999996580184,1973,3,1973
47.4833,9.66667,1973-03-21,-4.48999989964068,6.4299998562783,0.96999997831881,1973,3,1973
47.4833,9.66667,1973-03-22,-3.57999991998076,9.44999978877604,2.93499993439764,1973,3,1973
47.4833,9.66667,1973-03-23,-2.88999993540347,11.1599997505546,4.13499990757555,1973,3,1973
47.4833,9.66667,1973-03-24,-1.43999996781349,14.4399996772408,6.49999985471368,1973,3,1973
47.4833,9.66667,1973-03-25,0.0999999977648258,15.2899996582419,7.69499982800335,1973,3,1973
47.4833,9.66667,1973-03-26,1.34999996982515,14.2699996810406,7.8099998254329,1973,3,1973
47.4833,9.66667,1973-03-27,2.06999995373189,9.72999978251755,5.89999986812472,1973,3,1973
47.4833,9.66667,1973-03-28,1.89999995753169,12.349999723956,7.12499984074384,1973,3,1973
47.4833,9.66667,1973-03-29,0.559999987483025,14.4999996758997,7.52999983169138,1973,3,1973
47.4833,9.66667,1973-03-30,2.48999994434416,7.84999982453883,5.16999988444149,1973,3,1973
47.4833,9.66667,1973-03-31,2.95999993383884,8.039999820292,5.49999987706542,1973,3,1973
47.4833,9.66667,1973-04-01,3.29999992623925,5.68999987281859,4.49499989952892,1973,4,1973
47.4833,9.66667,1973-04-02,2.58999994210899,9.56999978609383,6.07999986410141,1973,4,1973
47.4833,9.66667,1973-04-03,2.98999993316829,13.2499997038394,8.11999981850386,1973,4,1973
47.4833,9.66667,1973-04-04,-0.899999979883432,6.47999985516071,2.78999993763864,1973,4,1973
47.4833,9.66667,1973-04-05,-2.65999994054437,4.68999989517033,1.01499997731298,1973,4,1973
47.4833,9.66667,1973-04-06,-3.24999992735684,9.43999978899956,3.09499993082136,1973,4,1973
47.4833,9.66667,1973-04-07,2.18999995104969,13.0799997076392,7.63499982934445,1973,4,1973
47.4833,9.66667,1973-04-08,2.96999993361533,7.93999982252717,5.45499987807125,1973,4,1973
47.4833,9.66667,1973-04-09,-0.479999989271164,6.57999985292554,3.04999993182719,1973,4,1973
47.4833,9.66667,1973-04-10,-0.0999999977648258,3.77999991551042,1.8399999588728,1973,4,1973
47.4833,9.66667,1973-04-11,-0.709999984130263,2.54999994300306,0.919999979436398,1973,4,1973
47.4833,9.66667,1973-04-12,-1.27999997138977,4.51999989897013,1.61999996379018,1973,4,1973
47.4833,9.66667,1973-04-13,-0.509999988600612,3.69999991729856,1.59499996434897,1973,4,1973
47.4833,9.66667,1973-04-14,-1.90999995730817,3.28999992646277,0.689999984577298,1973,4,1973
47.4833,9.66667,1973-04-15,-4.89999989047647,5.60999987460673,0.354999992065132,1973,4,1973
47.4833,9.66667,1973-04-16,-2.72999993897974,7.2899998370558,2.27999994903803,1973,4,1973
47.4833,9.66667,1973-04-17,1.1499999742955,8.6099998075515,4.8799998909235,1973,4,1973
47.4833,9.66667,1973-04-18,-0.819999981671572,10.2999997697771,4.73999989405274,1973,4,1973
47.4833,9.66667,1973-04-19,2.41999994590878,6.58999985270202,4.5049998993054,1973,4,1973
47.4833,9.66667,1973-04-20,0.209999995306134,4.80999989248812,2.50999994389713,1973,4,1973
47.4833,9.66667,1973-04-21,-0.529999988153577,3.98999991081655,1.72999996133149,1973,4,1973
47.4833,9.66667,1973-04-22,-0.489999989047647,6.34999985806644,2.9299999345094,1973,4,1973
47.4833,9.66667,1973-04-23,-1.98999995552003,11.3999997451901,4.70499989483505,1973,4,1973
47.4833,9.66667,1973-04-24,0.999999977648258,14.4299996774644,7.71499982755631,1973,4,1973
47.4833,9.66667,1973-04-25,1.65999996289611,11.4199997447431,6.53999985381961,1973,4,1973
47.4833,9.66667,1973-04-26,4.14999990724027,7.75999982655048,5.95499986689538,1973,4,1973
47.4833,9.66667,1973-04-27,3.91999991238117,12.0099997315556,7.96499982196838,1973,4,1973
47.4833,9.66667,1973-04-28,2.42999994568527,16.5999996289611,9.51499978732318,1973,4,1973
47.4833,9.66667,1973-04-29,7.54999983124435,14.7499996703118,11.1499997507781,1973,4,1973
47.4833,9.66667,1973-04-30,7.23999983817339,15.3499996569008,11.2949997475371,1973,4,1973
47.4833,9.66667,1973-05-01,6.13999986276031,19.8899995554239,13.0149997090921,1973,5,NA
47.4833,9.66667,1973-05-02,9.36999979056418,24.5899994503707,16.9799996204674,1973,5,NA
47.4833,9.66667,1973-05-03,11.2199997492135,19.4399995654821,15.3299996573478,1973,5,NA
47.4833,9.66667,1973-05-04,9.78999978117645,21.9799995087087,15.8849996449426,1973,5,NA
47.4833,9.66667,1973-05-05,11.6499997396022,23.7899994682521,17.7199996039271,1973,5,NA
47.4833,9.66667,1973-05-06,14.6199996732175,23.4999994747341,19.0599995739758,1973,5,NA
47.4833,9.66667,1973-05-07,8.36999981291592,16.3199996352196,12.3449997240677,1973,5,NA
47.4833,9.66667,1973-05-08,5.739999871701,14.1699996832758,9.95499977748841,1973,5,NA
47.4833,9.66667,1973-05-09,4.8199998922646,10.6599997617304,7.73999982699752,1973,5,NA
47.4833,9.66667,1973-05-10,4.66999989561737,10.7099997606128,7.68999982811511,1973,5,NA
47.4833,9.66667,1973-05-11,4.99999988824129,16.1399996392429,10.5699997637421,1973,5,NA
47.4833,9.66667,1973-05-12,6.09999986365438,12.2099997270852,9.1549997953698,1973,5,NA
47.4833,9.66667,1973-05-13,3.40999992378056,14.9599996656179,9.18499979469925,1973,5,NA
47.4833,9.66667,1973-05-14,2.98999993316829,18.5599995851517,10.77499975916,1973,5,NA
47.4833,9.66667,1973-05-15,7.08999984152615,21.7299995142967,14.4099996779114,1973,5,NA
47.4833,9.66667,1973-05-16,11.499999742955,18.359999589622,14.9299996662885,1973,5,NA
47.4833,9.66667,1973-05-17,7.22999983839691,17.0299996193498,12.1299997288734,1973,5,NA
47.4833,9.66667,1973-05-18,4.29999990388751,18.2999995909631,11.2999997474253,1973,5,NA
47.4833,9.66667,1973-05-19,7.5199998319149,19.6799995601177,13.5999996960163,1973,5,NA
47.4833,9.66667,1973-05-20,9.38999979011714,22.3499995004386,15.8699996452779,1973,5,NA
47.4833,9.66667,1973-05-21,9.59999978542328,21.6399995163083,15.6199996508658,1973,5,NA
47.4833,9.66667,1973-05-22,10.6399997621775,22.2999995015562,16.4699996318668,1973,5,NA
47.4833,9.66667,1973-05-23,7.86999982409179,23.2099994812161,15.5399996526539,1973,5,NA
47.4833,9.66667,1973-05-24,11.5199997425079,21.4299995210022,16.4749996317551,1973,5,NA
47.4833,9.66667,1973-05-25,10.5899997632951,18.9799995757639,14.7849996695295,1973,5,NA
47.4833,9.66667,1973-05-26,9.3599997907877,19.6299995612353,14.4949996760115,1973,5,NA
47.4833,9.66667,1973-05-27,6.78999984823167,21.4699995201081,14.1299996841699,1973,5,NA
47.4833,9.66667,1973-05-28,7.37999983504415,22.5099994968623,14.9449996659532,1973,5,NA
47.4833,9.66667,1973-05-29,8.12999981828034,23.6299994718283,15.8799996450543,1973,5,NA
47.4833,9.66667,1973-05-30,11.9299997333437,17.9399995990098,14.9349996661767,1973,5,NA
47.4833,9.66667,1973-05-31,11.4899997431785,18.6399995833635,15.064999663271,1973,5,NA
47.4833,9.66667,1973-06-01,12.9699997100979,23.0799994841218,18.0249995971099,1973,6,NA
47.4833,9.66667,1973-06-02,12.9599997103214,26.1899994146079,19.5749995624647,1973,6,NA
47.4833,9.66667,1973-06-03,11.2599997483194,17.6699996050447,14.4649996766821,1973,6,NA
47.4833,9.66667,1973-06-04,9.47999978810549,17.4299996104091,13.4549996992573,1973,6,NA
47.4833,9.66667,1973-06-05,8.6099998075515,23.1999994814396,15.9049996444955,1973,6,NA
47.4833,9.66667,1973-06-06,10.1299997735769,22.3899994995445,16.2599996365607,1973,6,NA
47.4833,9.66667,1973-06-07,12.8599997125566,18.5899995844811,15.7249996485189,1973,6,NA
47.4833,9.66667,1973-06-08,9.85999977961183,18.6899995822459,14.2749996809289,1973,6,NA
47.4833,9.66667,1973-06-09,7.78999982587993,16.3099996354431,12.0499997306615,1973,6,NA
47.4833,9.66667,1973-06-10,10.2299997713417,17.7199996039271,13.9749996876344,1973,6,NA
47.4833,9.66667,1973-06-11,9.87999977916479,22.1199995055795,15.9999996423721,1973,6,NA
47.4833,9.66667,1973-06-12,13.3399997018278,24.0599994622171,18.6999995820224,1973,6,NA
47.4833,9.66667,1973-06-13,11.7799997366965,26.1399994157255,18.959999576211,1973,6,NA
47.4833,9.66667,1973-06-14,14.1599996834993,25.8099994231015,19.9849995533004,1973,6,NA
47.4833,9.66667,1973-06-15,10.919999755919,16.9999996200204,13.9599996879697,1973,6,NA
47.4833,9.66667,1973-06-16,8.38999981246889,21.1699995268136,14.7799996696413,1973,6,NA
47.4833,9.66667,1973-06-17,8.36999981291592,24.1599994599819,16.2649996364489,1973,6,NA
47.4833,9.66667,1973-06-18,9.99999977648258,25.2699994351715,17.634999605827,1973,6,NA
47.4833,9.66667,1973-06-19,14.3199996799231,21.509999519214,17.9149995995685,1973,6,NA
47.4833,9.66667,1973-06-20,10.4299997668713,23.809999467805,17.1199996173382,1973,6,NA
47.4833,9.66667,1973-06-21,10.4799997657537,22.8099994901568,16.6449996279553,1973,6,NA
47.4833,9.66667,1973-06-22,7.17999983951449,13.2599997036159,10.2199997715652,1973,6,NA
47.4833,9.66667,1973-06-23,9.37999979034066,13.8499996904284,11.6149997403845,1973,6,NA
47.4833,9.66667,1973-06-24,9.74999978207052,12.7699997145683,11.2599997483194,1973,6,NA
47.4833,9.66667,1973-06-25,9.27999979257584,14.3999996781349,11.8399997353554,1973,6,NA
47.4833,9.66667,1973-06-26,11.5999997407198,21.9399995096028,16.7699996251613,1973,6,NA
47.4833,9.66667,1973-06-27,11.1199997514486,25.6899994257838,18.4049995886162,1973,6,NA
47.4833,9.66667,1973-06-28,14.4299996774644,29.4899993408471,21.9599995091558,1973,6,NA
47.4833,9.66667,1973-06-29,17.3499996121973,27.4199993871152,22.3849994996563,1973,6,NA
47.4833,9.66667,1973-06-30,14.5399996750057,22.3099995013326,18.4249995881692,1973,6,NA
47.4833,9.66667,1973-07-01,10.4599997662008,23.519999474287,16.9899996202439,1973,7,NA
47.4833,9.66667,1973-07-02,11.5499997418374,25.1899994369596,18.3699995893985,1973,7,NA
47.4833,9.66667,1973-07-03,13.0399997085333,25.9499994199723,19.4949995642528,1973,7,NA
47.4833,9.66667,1973-07-04,15.20999966003,27.0199993960559,21.114999528043,1973,7,NA
47.4833,9.66667,1973-07-05,14.8899996671826,27.8399993777275,21.364999522455,1973,7,NA
47.4833,9.66667,1973-07-06,15.1199996620417,28.4699993636459,21.7949995128438,1973,7,NA
47.4833,9.66667,1973-07-07,15.3299996573478,25.9599994197488,20.6449995385483,1973,7,NA
47.4833,9.66667,1973-07-08,14.8099996689707,21.4699995201081,18.1399995945394,1973,7,NA
47.4833,9.66667,1973-07-09,13.0599997080863,23.7799994684756,18.4199995882809,1973,7,NA
47.4833,9.66667,1973-07-10,14.7399996705353,20.8999995328486,17.819999601692,1973,7,NA
47.4833,9.66667,1973-07-11,13.21999970451,22.8199994899333,18.0199995972216,1973,7,NA
47.4833,9.66667,1973-07-12,12.7599997147918,23.3399994783103,18.0499995965511,1973,7,NA
47.4833,9.66667,1973-07-13,14.2399996817112,21.0999995283782,17.6699996050447,1973,7,NA
47.4833,9.66667,1973-07-14,12.8799997121096,21.7799995131791,17.3299996126443,1973,7,NA
47.4833,9.66667,1973-07-15,11.8499997351319,22.2899995017797,17.0699996184558,1973,7,NA
47.4833,9.66667,1973-07-16,14.5299996752292,21.9099995102733,18.2199995927513,1973,7,NA
47.4833,9.66667,1973-07-17,12.9899997096509,22.7199994921684,17.8549996009097,1973,7,NA
47.4833,9.66667,1973-07-18,11.6399997398257,17.3099996130913,14.4749996764585,1973,7,NA
47.4833,9.66667,1973-07-19,9.99999977648258,18.9999995753169,14.4999996758997,1973,7,NA
47.4833,9.66667,1973-07-20,12.6999997161329,19.4299995657057,16.0649996409193,1973,7,NA
47.4833,9.66667,1973-07-21,13.2299997042865,23.2599994800985,18.2449995921925,1973,7,NA
47.4833,9.66667,1973-07-22,13.7199996933341,21.3999995216727,17.5599996075034,1973,7,NA
47.4833,9.66667,1973-07-23,11.9699997324497,16.0399996414781,14.0049996869639,1973,7,NA
47.4833,9.66667,1973-07-24,10.4699997659773,15.8199996463954,13.1449997061864,1973,7,NA
47.4833,9.66667,1973-07-25,10.7699997592717,15.7499996479601,13.2599997036159,1973,7,NA
47.4833,9.66667,1973-07-26,10.1199997738004,14.1999996826053,12.1599997282028,1973,7,NA
47.4833,9.66667,1973-07-27,9.1299997959286,14.5799996741116,11.8549997350201,1973,7,NA
47.4833,9.66667,1973-07-28,10.3799997679889,15.0999996624887,12.7399997152388,1973,7,NA
47.4833,9.66667,1973-07-29,9.48999978788197,17.8799996003509,13.6849996941164,1973,7,NA
47.4833,9.66667,1973-07-30,11.1999997496605,19.6599995605648,15.4299996551126,1973,7,NA
47.4833,9.66667,1973-07-31,10.6199997626245,22.08999950625,16.3549996344373,1973,7,NA
47.4833,9.66667,1973-08-01,10.0899997744709,23.6899994704872,16.8899996224791,1973,8,NA
47.4833,9.66667,1973-08-02,11.5899997409433,24.6199994497001,18.1049995953217,1973,8,NA
47.4833,9.66667,1973-08-03,13.8499996904284,20.2699995469302,17.0599996186793,1973,8,NA
47.4833,9.66667,1973-08-04,14.3899996783584,20.3099995460361,17.3499996121973,1973,8,NA
47.4833,9.66667,1973-08-05,13.5899996962398,21.4199995212257,17.5049996087328,1973,8,NA
47.4833,9.66667,1973-08-06,14.0799996852875,23.2099994812161,18.6449995832518,1973,8,NA
47.4833,9.66667,1973-08-07,14.089999685064,30.0899993274361,22.08999950625,1973,8,NA
47.4833,9.66667,1973-08-08,15.1999996602535,25.6899994257838,20.4449995430186,1973,8,NA
47.4833,9.66667,1973-08-09,11.749999737367,21.4499995205551,16.5999996289611,1973,8,NA
47.4833,9.66667,1973-08-10,9.28999979235232,24.5199994519353,16.9049996221438,1973,8,NA
47.4833,9.66667,1973-08-11,11.789999736473,27.1999993920326,19.4949995642528,1973,8,NA
47.4833,9.66667,1973-08-12,14.4699996765703,26.8199994005263,20.6449995385483,1973,8,NA
47.4833,9.66667,1973-08-13,15.6799996495247,27.7199993804097,21.6999995149672,1973,8,NA
47.4833,9.66667,1973-08-14,14.1799996830523,27.559999383986,20.8699995335191,1973,8,NA
47.4833,9.66667,1973-08-15,13.5399996973574,26.2199994139373,19.8799995556474,1973,8,NA
47.4833,9.66667,1973-08-16,12.2799997255206,25.3399994336069,18.8099995795637,1973,8,NA
47.4833,9.66667,1973-08-17,11.8999997340143,26.0999994166195,18.9999995753169,1973,8,NA
47.4833,9.66667,1973-08-18,12.929999710992,26.6399994045496,19.7849995577708,1973,8,NA
47.4833,9.66667,1973-08-19,13.6699996944517,26.9699993971735,20.3199995458126,1973,8,NA
47.4833,9.66667,1973-08-20,14.1399996839464,27.1299993935972,20.6349995387718,1973,8,NA
47.4833,9.66667,1973-08-21,15.8599996455014,24.7699994463474,20.3149995459244,1973,8,NA
47.4833,9.66667,1973-08-22,16.4399996325374,25.7699994239956,21.1049995282665,1973,8,NA
47.4833,9.66667,1973-08-23,15.5299996528774,21.4999995194376,18.5149995861575,1973,8,NA
47.4833,9.66667,1973-08-24,14.7099996712059,22.959999486804,18.8349995790049,1973,8,NA
47.4833,9.66667,1973-08-25,13.1599997058511,23.809999467805,18.4849995868281,1973,8,NA
47.4833,9.66667,1973-08-26,14.2699996810406,21.8599995113909,18.0649995962158,1973,8,NA
47.4833,9.66667,1973-08-27,14.2699996810406,17.529999608174,15.8999996446073,1973,8,NA
47.4833,9.66667,1973-08-28,13.2799997031689,20.8399995341897,17.0599996186793,1973,8,NA
47.4833,9.66667,1973-08-29,14.8299996685237,18.4699995871633,16.6499996278435,1973,8,NA
47.4833,9.66667,1973-08-30,13.9799996875226,20.9399995319545,17.4599996097386,1973,8,NA
47.4833,9.66667,1973-08-31,12.0899997297674,20.4599995426834,16.2749996362254,1973,8,NA
47.4833,9.66667,1973-09-01,10.5799997635186,14.3699996788055,12.474999721162,1973,9,NA
47.4833,9.66667,1973-09-02,7.98999982140958,18.7899995800108,13.3899997007102,1973,9,NA
47.4833,9.66667,1973-09-03,9.64999978430569,23.7299994695932,16.6899996269494,1973,9,NA
47.4833,9.66667,1973-09-04,12.1199997290969,25.5399994291365,18.8299995791167,1973,9,NA
47.4833,9.66667,1973-09-05,11.2699997480959,26.9199993982911,19.0949995731935,1973,9,NA
47.4833,9.66667,1973-09-06,12.6299997176975,26.6599994041026,19.6449995609,1973,9,NA
47.4833,9.66667,1973-09-07,13.7399996928871,26.2699994128197,20.0049995528534,1973,9,NA
47.4833,9.66667,1973-09-08,13.4999996982515,26.7699994016439,20.1349995499477,1973,9,NA
47.4833,9.66667,1973-09-09,14.1999996826053,25.7099994253367,19.954999553971,1973,9,NA
47.4833,9.66667,1973-09-10,13.8799996897578,26.0199994184077,19.9499995540828,1973,9,NA
47.4833,9.66667,1973-09-11,13.8599996902049,18.7599995806813,16.3099996354431,1973,9,NA
47.4833,9.66667,1973-09-12,12.349999723956,17.6599996052682,15.0049996646121,1973,9,NA
47.4833,9.66667,1973-09-13,8.039999820292,19.1899995710701,13.614999695681,1973,9,NA
47.4833,9.66667,1973-09-14,7.50999983213842,20.2899995464832,13.8999996893108,1973,9,NA
47.4833,9.66667,1973-09-15,7.59999983012676,20.5299995411187,14.0649996856228,1973,9,NA
47.4833,9.66667,1973-09-16,13.8299996908754,24.0499994624406,18.939999576658,1973,9,NA
47.4833,9.66667,1973-09-17,13.0799997076392,21.3899995218962,17.2349996147677,1973,9,NA
47.4833,9.66667,1973-09-18,10.9699997548014,22.4499994982034,16.7099996265024,1973,9,NA
47.4833,9.66667,1973-09-19,11.479999743402,16.3999996334314,13.9399996884167,1973,9,NA
47.4833,9.66667,1973-09-20,12.2899997252971,19.3399995677173,15.8149996465072,1973,9,NA
47.4833,9.66667,1973-09-21,12.3599997237325,21.9099995102733,17.1349996170029,1973,9,NA
47.4833,9.66667,1973-09-22,11.3699997458607,16.9199996218085,14.1449996838346,1973,9,NA
47.4833,9.66667,1973-09-23,8.039999820292,13.8899996895343,10.9649997549132,1973,9,NA
47.4833,9.66667,1973-09-24,7.56999983079731,13.3299997020513,10.4499997664243,1973,9,NA
47.4833,9.66667,1973-09-25,7.43999983370304,11.1499997507781,9.29499979224056,1973,9,NA
47.4833,9.66667,1973-09-26,5.26999988220632,13.75999969244,9.51499978732318,1973,9,NA
47.4833,9.66667,1973-09-27,7.18999983929098,10.31999976933,8.7549998043105,1973,9,NA
47.4833,9.66667,1973-09-28,7.23999983817339,11.479999743402,9.3599997907877,1973,9,NA
47.4833,9.66667,1973-09-29,5.08999988622963,17.3799996115267,11.2349997488782,1973,9,NA
47.4833,9.66667,1973-09-30,7.02999984286726,19.1699995715171,13.0999997071922,1973,9,NA
47.4833,9.66667,1973-10-01,6.11999986320734,10.629999762401,8.37499981280416,1973,10,1974
47.4833,9.66667,1973-10-02,5.63999987393618,9.74999978207052,7.69499982800335,1973,10,1974
47.4833,9.66667,1973-10-03,5.90999986790121,15.4499996546656,10.6799997612834,1973,10,1974
47.4833,9.66667,1973-10-04,6.92999984510243,19.519999563694,13.2249997043982,1973,10,1974
47.4833,9.66667,1973-10-05,8.00999982096255,14.9999996647239,11.5049997428432,1973,10,1974
47.4833,9.66667,1973-10-06,7.749999826774,17.4599996097386,12.6049997182563,1973,10,1974
47.4833,9.66667,1973-10-07,6.91999984532595,17.9399995990098,12.4299997221678,1973,10,1974
47.4833,9.66667,1973-10-08,8.80999980308115,12.6899997163564,10.7499997597188,1973,10,1974
47.4833,9.66667,1973-10-09,4.73999989405274,8.90999980084598,6.82499984744936,1973,10,1974
47.4833,9.66667,1973-10-10,6.79999984800816,13.9599996879697,10.3799997679889,1973,10,1974
47.4833,9.66667,1973-10-11,4.84999989159405,14.2099996823817,9.5299997869879,1973,10,1974
47.4833,9.66667,1973-10-12,5.0499998871237,14.1399996839464,9.59499978553504,1973,10,1974
47.4833,9.66667,1973-10-13,3.40999992378056,9.5899997856468,6.49999985471368,1973,10,1974
47.4833,9.66667,1973-10-14,2.77999993786216,9.70999978296459,6.24499986041337,1973,10,1974
47.4833,9.66667,1973-10-15,5.01999988779426,12.0499997306615,8.53499980922788,1973,10,1974
47.4833,9.66667,1973-10-16,8.13999981805682,12.2699997257441,10.2049997719005,1973,10,1974
47.4833,9.66667,1973-10-17,6.38999985717237,14.1699996832758,10.2799997702241,1973,10,1974
47.4833,9.66667,1973-10-18,6.85999984666705,11.1099997516721,8.9849997991696,1973,10,1974
47.4833,9.66667,1973-10-19,2.20999995060265,7.60999982990324,4.90999989025295,1973,10,1974
47.4833,9.66667,1973-10-20,-0.669999985024333,9.19999979436398,4.26499990466982,1973,10,1974
47.4833,9.66667,1973-10-21,2.98999993316829,8.52999980933964,5.75999987125397,1973,10,1974
47.4833,9.66667,1973-10-22,4.46999990008771,10.879999756813,7.67499982845038,1973,10,1974
47.4833,9.66667,1973-10-23,2.68999993987381,7.35999983549118,5.0249998876825,1973,10,1974
47.4833,9.66667,1973-10-24,2.16999995149672,6.90999984554946,4.53999989852309,1973,10,1974
47.4833,9.66667,1973-10-25,1.9499999564141,6.50999985449016,4.22999990545213,1973,10,1974
47.4833,9.66667,1973-10-26,-1.8399999588728,7.15999983996153,2.65999994054437,1973,10,1974
47.4833,9.66667,1973-10-27,-2.41999994590878,6.45999985560775,2.01999995484948,1973,10,1974
47.4833,9.66667,1973-10-28,-2.19999995082617,6.51999985426664,2.15999995172024,1973,10,1974
47.4833,9.66667,1973-10-29,-0.239999994635582,8.31999981403351,4.03999990969896,1973,10,1974
47.4833,9.66667,1973-10-30,-1.34999996982515,8.11999981850386,3.38499992433935,1973,10,1974
47.4833,9.66667,1973-10-31,0.829999981448054,5.7999998703599,3.31499992590398,1973,10,1974
47.4833,9.66667,1973-11-01,-0.0199999995529652,9.15999979525805,4.56999989785254,1973,11,1974
47.4833,9.66667,1973-11-02,-0.849999981001019,6.69999985024333,2.92499993462116,1973,11,1974
47.4833,9.66667,1973-11-03,-0.329999992623925,9.63999978452921,4.65499989595264,1973,11,1974
47.4833,9.66667,1973-11-04,-1.67999996244907,9.00999979861081,3.66499991808087,1973,11,1974
47.4833,9.66667,1973-11-05,-0.26999999396503,11.0299997534603,5.37999987974763,1973,11,1974
47.4833,9.66667,1973-11-06,4.42999990098178,15.4699996542186,9.94999977760017,1973,11,1974
47.4833,9.66667,1973-11-07,0.739999983459711,8.73999980464578,4.73999989405274,1973,11,1974
47.4833,9.66667,1973-11-08,-1.15999997407198,4.65999989584088,1.74999996088445,1973,11,1974
47.4833,9.66667,1973-11-09,-1.99999995529652,5.2799998819828,1.63999996334314,1973,11,1974
47.4833,9.66667,1973-11-10,1.68999996222556,10.5499997641891,6.11999986320734,1973,11,1974
47.4833,9.66667,1973-11-11,0.0199999995529652,10.899999756366,5.45999987795949,1973,11,1974
47.4833,9.66667,1973-11-12,0.109999997541308,7.95999982208014,4.03499990981072,1973,11,1974
47.4833,9.66667,1973-11-13,1.68999996222556,6.56999985314906,4.12999990768731,1973,11,1974
47.4833,9.66667,1973-11-14,2.60999994166195,9.14999979548156,5.87999986857176,1973,11,1974
47.4833,9.66667,1973-11-15,4.60999989695847,8.78999980352819,6.69999985024333,1973,11,1974
47.4833,9.66667,1973-11-16,4.00999991036952,9.17999979481101,6.59499985259026,1973,11,1974
47.4833,9.66667,1973-11-17,5.91999986767769,11.3399997465312,8.62999980710447,1973,11,1974
47.4833,9.66667,1973-11-18,1.12999997474253,7.66999982856214,4.39999990165234,1973,11,1974
47.4833,9.66667,1973-11-19,-1.70999996177852,6.75999984890223,2.52499994356185,1973,11,1974
47.4833,9.66667,1973-11-20,-1.74999996088445,10.8899997565895,4.56999989785254,1973,11,1974
47.4833,9.66667,1973-11-21,0.649999985471368,7.3499998357147,3.99999991059303,1973,11,1974
47.4833,9.66667,1973-11-22,-2.54999994300306,7.07999984174967,2.2649999493733,1973,11,1974
47.4833,9.66667,1973-11-23,-2.81999993696809,8.22999981604517,2.70499993953854,1973,11,1974
47.4833,9.66667,1973-11-24,-1.30999997071922,8.16999981738627,3.42999992333353,1973,11,1974
47.4833,9.66667,1973-11-25,-0.65999998524785,9.80999978072941,4.57499989774078,1973,11,1974
47.4833,9.66667,1973-11-26,0.449999989941716,8.56999980844557,4.50999989919364,1973,11,1974
47.4833,9.66667,1973-11-27,-2.81999993696809,2.50999994389713,-0.15499999653548,1973,11,1974
47.4833,9.66667,1973-11-28,-5.12999988533556,-1.99999995529652,-3.56499992031604,1973,11,1974
47.4833,9.66667,1973-11-29,-5.39999987930059,-2.6999999396503,-4.04999990947545,1973,11,1974
47.4833,9.66667,1973-11-30,-6.91999984532595,0.229999994859099,-3.34499992523342,1973,11,1974
47.4833,9.66667,1973-12-01,-8.2699998151511,-2.2399999499321,-5.2549998825416,1973,12,1974
47.4833,9.66667,1973-12-02,-9.36999979056418,-3.23999992758036,-6.30499985907227,1973,12,1974
47.4833,9.66667,1973-12-03,-14.6199996732175,-7.64999982900918,-11.1349997511134,1973,12,1974
47.4833,9.66667,1973-12-04,-18.8399995788932,-6.64999985136092,-12.7449997151271,1973,12,1974
47.4833,9.66667,1973-12-05,-12.3999997228384,1.67999996244907,-5.35999988019466,1973,12,1974
47.4833,9.66667,1973-12-06,0.65999998524785,3.44999992288649,2.05499995406717,1973,12,1974
47.4833,9.66667,1973-12-07,1.00999997742474,5.42999987863004,3.21999992802739,1973,12,1974
47.4833,9.66667,1973-12-08,1.6099999640137,6.32999985851347,3.96999991126359,1973,12,1974
47.4833,9.66667,1973-12-09,2.02999995462596,9.95999977737665,5.99499986600131,1973,12,1974
47.4833,9.66667,1973-12-10,-4.32999990321696,3.41999992355704,-0.454999989829957,1973,12,1974
47.4833,9.66667,1973-12-11,-9.03999979794025,-1.41999996826053,-5.22999988310039,1973,12,1974
47.4833,9.66667,1973-12-12,-8.25999981537461,2.97999993339181,-2.6399999409914,1973,12,1974
47.4833,9.66667,1973-12-13,-3.06999993138015,1.50999996624887,-0.779999982565641,1973,12,1974
47.4833,9.66667,1973-12-14,-3.5599999204278,4.21999990567565,0.329999992623925,1973,12,1974
47.4833,9.66667,1973-12-15,0.57999998703599,6.04999986477196,3.31499992590398,1973,12,1974
47.4833,9.66667,1973-12-16,-2.94999993406236,1.46999996714294,-0.739999983459711,1973,12,1974
47.4833,9.66667,1973-12-17,-5.13999988511205,1.45999996736646,-1.8399999588728,1973,12,1974
47.4833,9.66667,1973-12-18,-1.07999997586012,2.44999994523823,0.684999984689057,1973,12,1974
47.4833,9.66667,1973-12-19,-2.22999995015562,2.51999994367361,0.144999996758997,1973,12,1974
47.4833,9.66667,1973-12-20,-5.70999987237155,3.42999992333353,-1.13999997451901,1973,12,1974
47.4833,9.66667,1973-12-21,-3.81999991461635,10.0599997751415,3.11999993026257,1973,12,1974
47.4833,9.66667,1973-12-22,1.75999996066093,11.1099997516721,6.43499985616654,1973,12,1974
47.4833,9.66667,1973-12-23,0.539999987930059,8.91999980062246,4.72999989427626,1973,12,1974
47.4833,9.66667,1973-12-24,-0.0599999986588955,11.0499997530133,5.49499987717718,1973,12,1974
47.4833,9.66667,1973-12-25,5.59999987483025,12.1599997282028,8.87999980151653,1973,12,1974
47.4833,9.66667,1973-12-26,2.009999955073,8.57999980822206,5.29499988164753,1973,12,1974
47.4833,9.66667,1973-12-27,0.179999995976686,2.83999993652105,1.50999996624887,1973,12,1974
47.4833,9.66667,1973-12-28,-0.909999979659915,2.95999993383884,1.02499997708946,1973,12,1974
47.4833,9.66667,1973-12-29,-3.48999992199242,2.06999995373189,-0.709999984130263,1973,12,1974
47.4833,9.66667,1973-12-30,-4.35999990254641,0.999999977648258,-1.67999996244907,1973,12,1974
47.4833,9.66667,1973-12-31,-4.76999989338219,-0.209999995306134,-2.48999994434416,1973,12,1974
47.4833,9.66667,1974-01-01,-4.77999989315867,-1.45999996736646,-3.11999993026257,1974,1,1974
47.4833,9.66667,1974-01-02,-3.28999992646277,-0.829999981448054,-2.05999995395541,1974,1,1974
47.4833,9.66667,1974-01-03,-4.04999990947545,0.869999980553985,-1.58999996446073,1974,1,1974
47.4833,9.66667,1974-01-04,-5.31999988108873,0.109999997541308,-2.60499994177371,1974,1,1974
47.4833,9.66667,1974-01-05,-4.1899999063462,2.36999994702637,-0.909999979659915,1974,1,1974
47.4833,9.66667,1974-01-06,-3.73999991640449,3.29999992623925,-0.219999995082617,1974,1,1974
47.4833,9.66667,1974-01-07,-1.91999995708466,3.7899999152869,0.934999979101121,1974,1,1974
47.4833,9.66667,1974-01-08,-1.49999996647239,5.24999988265336,1.87499995809048,1974,1,1974
47.4833,9.66667,1974-01-09,0.519999988377094,6.72999984957278,3.62499991897494,1974,1,1974
47.4833,9.66667,1974-01-10,0.61999998614192,7.65999982878566,4.13999990746379,1974,1,1974
47.4833,9.66667,1974-01-11,0.92999997921288,6.00999986566603,3.46999992243946,1974,1,1974
47.4833,9.66667,1974-01-12,0.0999999977648258,9.21999979391694,4.65999989584088,1974,1,1974
47.4833,9.66667,1974-01-13,0.679999984800816,10.4599997662008,5.5699998755008,1974,1,1974
47.4833,9.66667,1974-01-14,-0.679999984800816,7.17999983951449,3.24999992735684,1974,1,1974
47.4833,9.66667,1974-01-15,0.519999988377094,8.6099998075515,4.5649998979643,1974,1,1974
47.4833,9.66667,1974-01-16,2.87999993562698,10.1799997724593,6.52999985404313,1974,1,1974
47.4833,9.66667,1974-01-17,5.86999986879528,12.8099997136742,9.33999979123473,1974,1,1974
47.4833,9.66667,1974-01-18,1.80999995954335,8.2099998164922,5.00999988801777,1974,1,1974
47.4833,9.66667,1974-01-19,0.239999994635582,3.89999991282821,2.06999995373189,1974,1,1974
47.4833,9.66667,1974-01-20,1.17999997362494,3.84999991394579,2.51499994378537,1974,1,1974
47.4833,9.66667,1974-01-21,1.46999996714294,5.16999988444149,3.31999992579222,1974,1,1974
47.4833,9.66667,1974-01-22,-2.07999995350838,2.60999994166195,0.264999994076788,1974,1,1974
47.4833,9.66667,1974-01-23,-3.08999993093312,2.72999993897974,-0.179999995976686,1974,1,1974
47.4833,9.66667,1974-01-24,-1.01999997720122,7.59999983012676,3.28999992646277,1974,1,1974
47.4833,9.66667,1974-01-25,-3.22999992780387,3.90999991260469,0.339999992400408,1974,1,1974
47.4833,9.66667,1974-01-26,-0.88999998010695,4.30999990366399,1.70999996177852,1974,1,1974
47.4833,9.66667,1974-01-27,-3.83999991416931,5.45999987795949,0.809999981895089,1974,1,1974
47.4833,9.66667,1974-01-28,-2.97999993339181,3.28999992646277,0.15499999653548,1974,1,1974
47.4833,9.66667,1974-01-29,-2.50999994389713,5.13999988511205,1.31499997060746,1974,1,1974
47.4833,9.66667,1974-01-30,-1.76999996043742,7.99999982118607,3.11499993037432,1974,1,1974
47.4833,9.66667,1974-01-31,-0.379999991506338,8.79999980330467,4.20999990589917,1974,1,1974
47.4833,9.66667,1974-02-01,-0.989999977871776,5.54999987594783,2.27999994903803,1974,2,1974
47.4833,9.66667,1974-02-02,-1.40999996848404,11.3599997460842,4.97499988880008,1974,2,1974
47.4833,9.66667,1974-02-03,1.38999996893108,8.75999980419874,5.07499988656491,1974,2,1974
47.4833,9.66667,1974-02-04,-0.549999987706542,4.10999990813434,1.7799999602139,1974,2,1974
47.4833,9.66667,1974-02-05,-0.529999988153577,2.31999994814396,0.894999979995191,1974,2,1974
47.4833,9.66667,1974-02-06,0.169999996200204,5.5699998755008,2.8699999358505,1974,2,1974
47.4833,9.66667,1974-02-07,0.539999987930059,7.29999983683228,3.91999991238117,1974,2,1974
47.4833,9.66667,1974-02-08,-1.3199999704957,1.20999997295439,-0.0549999987706542,1974,2,1974
47.4833,9.66667,1974-02-09,-1.04999997653067,3.67999991774559,1.31499997060746,1974,2,1974
47.4833,9.66667,1974-02-10,-0.289999993517995,8.40999981202185,4.05999990925193,1974,2,1974
47.4833,9.66667,1974-02-11,2.89999993517995,12.2899997252971,7.59499983023852,1974,2,1974
47.4833,9.66667,1974-02-12,0.709999984130263,14.4499996770173,7.5799998305738,1974,2,1974
47.4833,9.66667,1974-02-13,3.65999991819263,9.46999978832901,6.56499985326082,1974,2,1974
47.4833,9.66667,1974-02-14,2.6399999409914,7.81999982520938,5.22999988310039,1974,2,1974
47.4833,9.66667,1974-02-15,1.97999995574355,4.90999989025295,3.44499992299825,1974,2,1974
47.4833,9.66667,1974-02-16,-1.15999997407198,7.48999983258545,3.16499992925674,1974,2,1974
47.4833,9.66667,1974-02-17,-1.59999996423721,8.24999981559813,3.32499992568046,1974,2,1974
47.4833,9.66667,1974-02-18,-0.589999986812472,5.44999987818301,2.42999994568527,1974,2,1974
47.4833,9.66667,1974-02-19,-0.369999991729856,4.69999989494681,2.16499995160848,1974,2,1974
47.4833,9.66667,1974-02-20,1.29999997094274,4.1899999063462,2.74499993864447,1974,2,1974
47.4833,9.66667,1974-02-21,0.329999992623925,3.05999993160367,1.6949999621138,1974,2,1974
47.4833,9.66667,1974-02-22,0.279999993741512,4.62999989651144,2.45499994512647,1974,2,1974
47.4833,9.66667,1974-02-23,0.329999992623925,4.51999989897013,2.42499994579703,1974,2,1974
47.4833,9.66667,1974-02-24,-0.389999991282821,1.95999995619059,0.784999982453883,1974,2,1974
47.4833,9.66667,1974-02-25,-0.489999989047647,2.28999994881451,0.899999979883432,1974,2,1974
47.4833,9.66667,1974-02-26,-1.21999997273088,1.89999995753169,0.339999992400408,1974,2,1974
47.4833,9.66667,1974-02-27,-2.53999994322658,1.28999997116625,-0.624999986030161,1974,2,1974
47.4833,9.66667,1974-02-28,-5.5699998755008,2.12999995239079,-1.719999961555,1974,2,1974
47.4833,9.66667,1974-03-01,-5.97999986633658,0.879999980330467,-2.54999994300306,1974,3,1974
47.4833,9.66667,1974-03-02,-3.7899999152869,5.85999986901879,1.03499997686595,1974,3,1974
47.4833,9.66667,1974-03-03,-0.639999985694885,4.82999989204109,2.0949999531731,1974,3,1974
47.4833,9.66667,1974-03-04,-5.07999988645315,4.74999989382923,-0.164999996311963,1974,3,1974
47.4833,9.66667,1974-03-05,-3.11999993026257,4.15999990701675,0.519999988377094,1974,3,1974
47.4833,9.66667,1974-03-06,-0.719999983906746,3.31999992579222,1.29999997094274,1974,3,1974
47.4833,9.66667,1974-03-07,-1.27999997138977,2.10999995283782,0.414999990724027,1974,3,1974
47.4833,9.66667,1974-03-08,-1.9499999564141,3.21999992802739,0.634999985806644,1974,3,1974
47.4833,9.66667,1974-03-09,-1.04999997653067,3.94999991171062,1.44999996758997,1974,3,1974
47.4833,9.66667,1974-03-10,-3.88999991305172,7.03999984264374,1.57499996479601,1974,3,1974
47.4833,9.66667,1974-03-11,-1.98999995552003,6.63999985158443,2.3249999480322,1974,3,1974
47.4833,9.66667,1974-03-12,-0.279999993741512,9.21999979391694,4.46999990008771,1974,3,1974
47.4833,9.66667,1974-03-13,-0.869999980553985,8.75999980419874,3.94499991182238,1974,3,1974
47.4833,9.66667,1974-03-14,2.26999994926155,11.0699997525662,6.66999985091388,1974,3,1974
47.4833,9.66667,1974-03-15,2.4099999461323,9.40999978967011,5.90999986790121,1974,3,1974
47.4833,9.66667,1974-03-16,-0.989999977871776,5.49999987706542,2.25499994959682,1974,3,1974
47.4833,9.66667,1974-03-17,-2.009999955073,9.2999997921288,3.6449999185279,1974,3,1974
47.4833,9.66667,1974-03-18,4.89999989047647,11.0099997539073,7.95499982219189,1974,3,1974
47.4833,9.66667,1974-03-19,6.47999985516071,19.1499995719641,12.8149997135624,1974,3,1974
47.4833,9.66667,1974-03-20,5.5699998755008,13.8499996904284,9.70999978296459,1974,3,1974
47.4833,9.66667,1974-03-21,6.63999985158443,19.7299995590001,13.1849997052923,1974,3,1974
47.4833,9.66667,1974-03-22,10.4999997653067,21.839999511838,16.1699996385723,1974,3,1974
47.4833,9.66667,1974-03-23,6.57999985292554,23.0999994836748,14.8399996683002,1974,3,1974
47.4833,9.66667,1974-03-24,6.72999984957278,14.6699996720999,10.6999997608364,1974,3,1974
47.4833,9.66667,1974-03-25,4.4199999012053,16.3799996338785,10.3999997675419,1974,3,1974
47.4833,9.66667,1974-03-26,4.56999989785254,17.5199996083975,11.044999753125,1974,3,1974
47.4833,9.66667,1974-03-27,6.85999984666705,17.6599996052682,12.2599997259676,1974,3,1974
47.4833,9.66667,1974-03-28,7.21999983862042,15.9999996423721,11.6099997404963,1974,3,1974
47.4833,9.66667,1974-03-29,4.52999989874661,15.4299996551126,9.97999977692962,1974,3,1974
47.4833,9.66667,1974-03-30,4.17999990656972,17.0199996195734,10.5999997630715,1974,3,1974
47.4833,9.66667,1974-03-31,4.97999988868833,16.7399996258318,10.8599997572601,1974,3,1974
47.4833,9.66667,1974-04-01,4.33999990299344,16.7899996247143,10.5649997638538,1974,4,1974
47.4833,9.66667,1974-04-02,2.81999993696809,14.8699996676296,8.84499980229884,1974,4,1974
47.4833,9.66667,1974-04-03,3.19999992847443,17.4399996101856,10.31999976933,1974,4,1974
47.4833,9.66667,1974-04-04,5.17999988421798,18.7999995797873,11.9899997320026,1974,4,1974
47.4833,9.66667,1974-04-05,3.80999991483986,17.6299996059388,10.7199997603893,1974,4,1974
47.4833,9.66667,1974-04-06,3.9599999114871,13.6599996946752,8.80999980308115,1974,4,1974
47.4833,9.66667,1974-04-07,3.02999993227422,15.3099996577948,9.16999979503453,1974,4,1974
47.4833,9.66667,1974-04-08,1.88999995775521,16.0499996412545,8.96999979950488,1974,4,1974
47.4833,9.66667,1974-04-09,2.02999995462596,16.8599996231496,9.4449997888878,1974,4,1974
47.4833,9.66667,1974-04-10,2.37999994680285,18.0599995963275,10.2199997715652,1974,4,1974
47.4833,9.66667,1974-04-11,4.62999989651144,19.0599995739758,11.8449997352436,1974,4,1974
47.4833,9.66667,1974-04-12,6.6599998511374,17.9299995992333,12.2949997251853,1974,4,1974
47.4833,9.66667,1974-04-13,4.86999989114702,17.6499996054918,11.2599997483194,1974,4,1974
47.4833,9.66667,1974-04-14,3.92999991215765,16.7299996260554,10.3299997691065,1974,4,1974
47.4833,9.66667,1974-04-15,2.29999994859099,10.3299997691065,6.31499985884875,1974,4,1974
47.4833,9.66667,1974-04-16,-1.93999995663762,10.5599997639656,4.30999990366399,1974,4,1974
47.4833,9.66667,1974-04-17,-0.259999994188547,4.86999989114702,2.30499994847924,1974,4,1974
47.4833,9.66667,1974-04-18,-0.649999985471368,6.2599998600781,2.80499993730336,1974,4,1974
47.4833,9.66667,1974-04-19,-0.919999979436398,7.58999983035028,3.33499992545694,1974,4,1974
47.4833,9.66667,1974-04-20,-3.0999999307096,10.8699997570366,3.88499991316348,1974,4,1974
47.4833,9.66667,1974-04-21,-1.96999995596707,12.8199997134507,5.4249998787418,1974,4,1974
47.4833,9.66667,1974-04-22,-0.139999996870756,12.7999997138977,6.32999985851347,1974,4,1974
47.4833,9.66667,1974-04-23,1.99999995529652,13.489999698475,7.74499982688576,1974,4,1974
47.4833,9.66667,1974-04-24,-0.129999997094274,14.089999685064,6.97999984398484,1974,4,1974
47.4833,9.66667,1974-04-25,2.88999993540347,8.91999980062246,5.90499986801296,1974,4,1974
47.4833,9.66667,1974-04-26,2.31999994814396,5.69999987259507,4.00999991036952,1974,4,1974
47.4833,9.66667,1974-04-27,2.33999994769692,8.55999980866909,5.44999987818301,1974,4,1974
47.4833,9.66667,1974-04-28,0.629999985918403,11.7099997382611,6.16999986208975,1974,4,1974
47.4833,9.66667,1974-04-29,4.31999990344048,11.9699997324497,8.14499981794506,1974,4,1974
47.4833,9.66667,1974-04-30,6.029999865219,15.2999996580184,10.6649997616187,1974,4,1974
47.4833,9.66667,1974-05-01,6.16999986208975,9.33999979123473,7.75499982666224,1974,5,NA
47.4833,9.66667,1974-05-02,5.26999988220632,8.25999981537461,6.76499984879047,1974,5,NA
47.4833,9.66667,1974-05-03,3.73999991640449,10.5299997646362,7.13499984052032,1974,5,NA
47.4833,9.66667,1974-05-04,1.1499999742955,16.1099996399134,8.62999980710447,1974,5,NA
47.4833,9.66667,1974-05-05,5.78999987058342,13.0299997087568,9.40999978967011,1974,5,NA
47.4833,9.66667,1974-05-06,6.06999986432493,8.8399998024106,7.45499983336776,1974,5,NA
47.4833,9.66667,1974-05-07,5.09999988600612,9.33999979123473,7.21999983862042,1974,5,NA
47.4833,9.66667,1974-05-08,2.10999995283782,7.18999983929098,4.6499998960644,1974,5,NA
47.4833,9.66667,1974-05-09,3.52999992109835,9.1299997959286,6.32999985851347,1974,5,NA
47.4833,9.66667,1974-05-10,5.24999988265336,14.6699996720999,9.95999977737665,1974,5,NA
47.4833,9.66667,1974-05-11,4.54999989829957,14.5499996747822,9.54999978654087,1974,5,NA
47.4833,9.66667,1974-05-12,7.40999983437359,11.0999997518957,9.25499979313463,1974,5,NA
47.4833,9.66667,1974-05-13,2.82999993674457,18.4699995871633,10.6499997619539,1974,5,NA
47.4833,9.66667,1974-05-14,5.739999871701,21.0399995297194,13.3899997007102,1974,5,NA
47.4833,9.66667,1974-05-15,10.0899997744709,16.7699996251613,13.4299996998161,1974,5,NA
47.4833,9.66667,1974-05-16,4.79999989271164,15.8299996461719,10.3149997694418,1974,5,NA
47.4833,9.66667,1974-05-17,4.02999990992248,18.6899995822459,11.3599997460842,1974,5,NA
47.4833,9.66667,1974-05-18,6.44999985583127,19.3399995677173,12.8949997117743,1974,5,NA
47.4833,9.66667,1974-05-19,5.739999871701,20.5999995395541,13.1699997056276,1974,5,NA
47.4833,9.66667,1974-05-20,7.78999982587993,21.8099995125085,14.7999996691942,1974,5,NA
47.4833,9.66667,1974-05-21,9.2999997921288,21.5399995185435,15.4199996553361,1974,5,NA
47.4833,9.66667,1974-05-22,11.9599997326732,21.0599995292723,16.5099996309727,1974,5,NA
47.4833,9.66667,1974-05-23,10.7699997592717,17.6499996054918,14.2099996823817,1974,5,NA
47.4833,9.66667,1974-05-24,5.29999988153577,9.85999977961183,7.5799998305738,1974,5,NA
47.4833,9.66667,1974-05-25,5.45999987795949,13.0299997087568,9.24499979335815,1974,5,NA
47.4833,9.66667,1974-05-26,6.04999986477196,15.1599996611476,10.6049997629598,1974,5,NA
47.4833,9.66667,1974-05-27,4.26999990455806,19.5599995627999,11.914999733679,1974,5,NA
47.4833,9.66667,1974-05-28,7.00999984331429,21.529999518767,14.2699996810406,1974,5,NA
47.4833,9.66667,1974-05-29,9.62999978475273,15.7599996477365,12.6949997162446,1974,5,NA
47.4833,9.66667,1974-05-30,8.75999980419874,19.6599995605648,14.2099996823817,1974,5,NA
47.4833,9.66667,1974-05-31,8.52999980933964,23.7799994684756,16.1549996389076,1974,5,NA
47.4833,9.66667,1974-06-01,12.5899997185916,20.7799995355308,16.6849996270612,1974,6,NA
47.4833,9.66667,1974-06-02,10.1399997733533,14.8399996683002,12.4899997208267,1974,6,NA
47.4833,9.66667,1974-06-03,6.4299998562783,20.079999551177,13.2549997037277,1974,6,NA
47.4833,9.66667,1974-06-04,8.22999981604517,23.7499994691461,15.9899996425956,1974,6,NA
47.4833,9.66667,1974-06-05,10.3899997677654,23.6299994718283,17.0099996197969,1974,6,NA
47.4833,9.66667,1974-06-06,11.5699997413903,24.7899994459003,18.1799995936453,1974,6,NA
47.4833,9.66667,1974-06-07,12.4699997212738,19.249999569729,15.8599996455014,1974,6,NA
47.4833,9.66667,1974-06-08,6.22999986074865,14.1999996826053,10.214999771677,1974,6,NA
47.4833,9.66667,1974-06-09,6.84999984689057,17.3499996121973,12.0999997295439,1974,6,NA
47.4833,9.66667,1974-06-10,7.50999983213842,13.8599996902049,10.6849997611716,1974,6,NA
47.4833,9.66667,1974-06-11,4.61999989673495,11.8399997353554,8.22999981604517,1974,6,NA
47.4833,9.66667,1974-06-12,5.37999987974763,12.2799997255206,8.82999980263412,1974,6,NA
47.4833,9.66667,1974-06-13,6.8899998459965,11.8499997351319,9.36999979056418,1974,6,NA
47.4833,9.66667,1974-06-14,5.5699998755008,11.4399997442961,8.50499980989844,1974,6,NA
47.4833,9.66667,1974-06-15,6.00999986566603,20.7099995370954,13.3599997013807,1974,6,NA
47.4833,9.66667,1974-06-16,9.37999979034066,23.0999994836748,16.2399996370077,1974,6,NA
47.4833,9.66667,1974-06-17,10.0199997760355,23.1099994834512,16.5649996297434,1974,6,NA
47.4833,9.66667,1974-06-18,10.339999768883,22.5399994961917,16.4399996325374,1974,6,NA
47.4833,9.66667,1974-06-19,10.9099997561425,14.5999996736646,12.7549997149035,1974,6,NA
47.4833,9.66667,1974-06-20,8.47999981045723,18.9299995768815,13.7049996936694,1974,6,NA
47.4833,9.66667,1974-06-21,7.8099998254329,21.1799995265901,14.4949996760115,1974,6,NA
47.4833,9.66667,1974-06-22,10.029999775812,21.3699995223433,15.6999996490777,1974,6,NA
47.4833,9.66667,1974-06-23,9.44999978877604,22.0399995073676,15.7449996480718,1974,6,NA
47.4833,9.66667,1974-06-24,11.8299997355789,23.4799994751811,17.65499960538,1974,6,NA
47.4833,9.66667,1974-06-25,10.879999756813,16.2199996374547,13.5499996971339,1974,6,NA
47.4833,9.66667,1974-06-26,8.76999980397522,23.3299994785339,16.0499996412545,1974,6,NA
47.4833,9.66667,1974-06-27,13.3799997009337,21.8699995111674,17.6249996060506,1974,6,NA
47.4833,9.66667,1974-06-28,12.039999730885,17.9599995985627,14.9999996647239,1974,6,NA
47.4833,9.66667,1974-06-29,11.749999737367,15.3499996569008,13.5499996971339,1974,6,NA
47.4833,9.66667,1974-06-30,11.8199997358024,15.7799996472895,13.799999691546,1974,6,NA
47.4833,9.66667,1974-07-01,11.2399997487664,20.679999537766,15.9599996432662,1974,7,NA
47.4833,9.66667,1974-07-02,14.5199996754527,23.2099994812161,18.8649995783344,1974,7,NA
47.4833,9.66667,1974-07-03,11.8899997342378,22.3899994995445,17.1399996168911,1974,7,NA
47.4833,9.66667,1974-07-04,10.3299997691065,20.4799995422363,15.4049996556714,1974,7,NA
47.4833,9.66667,1974-07-05,10.4999997653067,18.5299995858222,14.5149996755645,1974,7,NA
47.4833,9.66667,1974-07-06,9.2999997921288,22.8399994894862,16.0699996408075,1974,7,NA
47.4833,9.66667,1974-07-07,12.4499997217208,19.6599995605648,16.0549996411428,1974,7,NA
47.4833,9.66667,1974-07-08,10.2799997702241,18.3399995900691,14.3099996801466,1974,7,NA
47.4833,9.66667,1974-07-09,10.6999997608364,20.3199995458126,15.5099996533245,1974,7,NA
47.4833,9.66667,1974-07-10,10.8699997570366,25.4499994311482,18.1599995940924,1974,7,NA
47.4833,9.66667,1974-07-11,13.7099996935576,21.7899995129555,17.7499996032566,1974,7,NA
47.4833,9.66667,1974-07-12,14.1199996843934,24.5799994505942,19.3499995674938,1974,7,NA
47.4833,9.66667,1974-07-13,15.7799996472895,28.0299993734807,21.9049995103851,1974,7,NA
47.4833,9.66667,1974-07-14,15.4699996542186,26.8699993994087,21.1699995268136,1974,7,NA
47.4833,9.66667,1974-07-15,12.1599997282028,20.3499995451421,16.2549996366724,1974,7,NA
47.4833,9.66667,1974-07-16,10.0199997760355,21.1199995279312,15.5699996519834,1974,7,NA
47.4833,9.66667,1974-07-17,12.039999730885,24.139999460429,18.089999595657,1974,7,NA
47.4833,9.66667,1974-07-18,11.9399997331202,15.809999646619,13.8749996898696,1974,7,NA
47.4833,9.66667,1974-07-19,10.1699997726828,14.1799996830523,12.1749997278675,1974,7,NA
47.4833,9.66667,1974-07-20,8.96999979950488,12.2799997255206,10.6249997625127,1974,7,NA
47.4833,9.66667,1974-07-21,8.53999980911613,14.8799996674061,11.7099997382611,1974,7,NA
47.4833,9.66667,1974-07-22,10.1399997733533,17.2699996139854,13.7049996936694,1974,7,NA
47.4833,9.66667,1974-07-23,7.93999982252717,20.5699995402247,14.2549996813759,1974,7,NA
47.4833,9.66667,1974-07-24,9.759999781847,22.7299994919449,16.244999636896,1974,7,NA
47.4833,9.66667,1974-07-25,13.6399996951222,22.5799994952977,18.10999959521,1974,7,NA
47.4833,9.66667,1974-07-26,10.9399997554719,17.779999602586,14.359999679029,1974,7,NA
47.4833,9.66667,1974-07-27,9.57999978587031,20.8099995348603,15.1949996603653,1974,7,NA
47.4833,9.66667,1974-07-28,9.89999977871776,24.5299994517118,17.2149996152148,1974,7,NA
47.4833,9.66667,1974-07-29,13.4999996982515,25.7399994246662,19.6199995614588,1974,7,NA
47.4833,9.66667,1974-07-30,13.3499997016042,25.819999422878,19.5849995622411,1974,7,NA
47.4833,9.66667,1974-07-31,14.0799996852875,27.3799993880093,20.7299995366484,1974,7,NA
47.4833,9.66667,1974-08-01,16.3399996347725,25.5099994298071,20.9249995322898,1974,8,NA
47.4833,9.66667,1974-08-02,15.6399996504188,25.6199994273484,20.6299995388836,1974,8,NA
47.4833,9.66667,1974-08-03,16.3599996343255,26.97999939695,21.6699995156378,1974,8,NA
47.4833,9.66667,1974-08-04,14.8099996689707,28.0099993739277,21.4099995214492,1974,8,NA
47.4833,9.66667,1974-08-05,15.7399996481836,27.559999383986,21.6499995160848,1974,8,NA
47.4833,9.66667,1974-08-06,14.8299996685237,20.5199995413423,17.674999604933,1974,8,NA
47.4833,9.66667,1974-08-07,12.1899997275323,21.6599995158613,16.9249996216968,1974,8,NA
47.4833,9.66667,1974-08-08,11.6799997389317,24.4499994534999,18.0649995962158,1974,8,NA
47.4833,9.66667,1974-08-09,13.4999996982515,18.7599995806813,16.1299996394664,1974,8,NA
47.4833,9.66667,1974-08-10,12.2399997264147,19.0699995737523,15.6549996500835,1974,8,NA
47.4833,9.66667,1974-08-11,10.6799997612834,20.0599995516241,15.3699996564537,1974,8,NA
47.4833,9.66667,1974-08-12,11.0799997523427,16.389999633655,13.7349996929988,1974,8,NA
47.4833,9.66667,1974-08-13,10.2599997706711,20.5099995415658,15.3849996561185,1974,8,NA
47.4833,9.66667,1974-08-14,10.919999755919,26.1999994143844,18.5599995851517,1974,8,NA
47.4833,9.66667,1974-08-15,15.1799996607006,28.96999935247,22.0749995065853,1974,8,NA
47.4833,9.66667,1974-08-16,16.3399996347725,28.9599993526936,22.649999493733,1974,8,NA
47.4833,9.66667,1974-08-17,16.8599996231496,30.4799993187189,23.6699994709343,1974,8,NA
47.4833,9.66667,1974-08-18,17.5699996072799,29.6899993363768,23.6299994718283,1974,8,NA
47.4833,9.66667,1974-08-19,15.7599996477365,25.0499994400889,20.4049995439127,1974,8,NA
47.4833,9.66667,1974-08-20,15.7799996472895,21.4399995207787,18.6099995840341,1974,8,NA
47.4833,9.66667,1974-08-21,16.099999640137,21.0699995290488,18.5849995845929,1974,8,NA
47.4833,9.66667,1974-08-22,15.1099996622652,23.3099994789809,19.209999570623,1974,8,NA
47.4833,9.66667,1974-08-23,14.8499996680766,21.9699995089322,18.4099995885044,1974,8,NA
47.4833,9.66667,1974-08-24,14.6099996734411,22.4099994990975,18.5099995862693,1974,8,NA
47.4833,9.66667,1974-08-25,14.0799996852875,21.7599995136261,17.9199995994568,1974,8,NA
47.4833,9.66667,1974-08-26,13.8699996899813,20.5199995413423,17.1949996156618,1974,8,NA
47.4833,9.66667,1974-08-27,13.0299997087568,22.1699995044619,17.5999996066093,1974,8,NA
47.4833,9.66667,1974-08-28,9.99999977648258,16.5699996296316,13.2849997030571,1974,8,NA
47.4833,9.66667,1974-08-29,7.54999983124435,12.8799997121096,10.214999771677,1974,8,NA
47.4833,9.66667,1974-08-30,7.1199998408556,20.5499995406717,13.8349996907637,1974,8,NA
47.4833,9.66667,1974-08-31,11.459999743849,24.8099994454533,18.1349995946512,1974,8,NA
47.4833,9.66667,1974-09-01,12.6499997172505,23.9499994646758,18.2999995909631,1974,9,NA
47.4833,9.66667,1974-09-02,8.76999980397522,19.249999569729,14.0099996868521,1974,9,NA
47.4833,9.66667,1974-09-03,10.7699997592717,23.1199994832277,16.9449996212497,1974,9,NA
47.4833,9.66667,1974-09-04,11.5099997427315,18.1799995936453,14.8449996681884,1974,9,NA
47.4833,9.66667,1974-09-05,9.30999979190528,16.2199996374547,12.76499971468,1974,9,NA
47.4833,9.66667,1974-09-06,8.47999981045723,23.8199994675815,16.1499996390194,1974,9,NA
47.4833,9.66667,1974-09-07,9.90999977849424,20.409999543801,15.1599996611476,1974,9,NA
47.4833,9.66667,1974-09-08,8.4399998113513,18.5199995860457,13.4799996986985,1974,9,NA
47.4833,9.66667,1974-09-09,11.3199997469783,21.7199995145202,16.5199996307492,1974,9,NA
47.4833,9.66667,1974-09-10,11.499999742955,25.279999434948,18.3899995889515,1974,9,NA
47.4833,9.66667,1974-09-11,10.919999755919,18.4099995885044,14.6649996722117,1974,9,NA
47.4833,9.66667,1974-09-12,7.30999983660877,20.0199995525181,13.6649996945634,1974,9,NA
47.4833,9.66667,1974-09-13,9.86999977938831,23.2199994809926,16.5449996301904,1974,9,NA
47.4833,9.66667,1974-09-14,12.1099997293204,23.8899994660169,17.9999995976686,1974,9,NA
47.4833,9.66667,1974-09-15,13.4299996998161,23.6499994713813,18.5399995855987,1974,9,NA
47.4833,9.66667,1974-09-16,14.2599996812642,22.2199995033443,18.2399995923042,1974,9,NA
47.4833,9.66667,1974-09-17,12.9999997094274,21.9499995093793,17.4749996094033,1974,9,NA
47.4833,9.66667,1974-09-18,12.8999997116625,21.9099995102733,17.4049996109679,1974,9,NA
47.4833,9.66667,1974-09-19,11.9599997326732,20.4599995426834,16.2099996376783,1974,9,NA
47.4833,9.66667,1974-09-20,12.5399997197092,17.0699996184558,14.8049996690825,1974,9,NA
47.4833,9.66667,1974-09-21,10.2399997711182,14.2699996810406,12.2549997260794,1974,9,NA
47.4833,9.66667,1974-09-22,6.54999985359609,15.3699996564537,10.9599997550249,1974,9,NA
47.4833,9.66667,1974-09-23,8.73999980464578,13.9799996875226,11.3599997460842,1974,9,NA
47.4833,9.66667,1974-09-24,4.019999910146,14.089999685064,9.05499979760498,1974,9,NA
47.4833,9.66667,1974-09-25,8.09999981895089,13.4099997002631,10.754999759607,1974,9,NA
47.4833,9.66667,1974-09-26,5.36999987997115,11.0999997518957,8.23499981593341,1974,9,NA
47.4833,9.66667,1974-09-27,5.54999987594783,7.9799998216331,6.76499984879047,1974,9,NA
47.4833,9.66667,1974-09-28,4.97999988868833,16.2699996363372,10.6249997625127,1974,9,NA
47.4833,9.66667,1974-09-29,6.3699998576194,16.3799996338785,11.3749997457489,1974,9,NA
47.4833,9.66667,1974-09-30,3.63999991863966,11.6199997402728,7.62999982945621,1974,9,NA
47.4833,9.66667,1974-10-01,2.6999999396503,12.9399997107685,7.81999982520938,1974,10,1975
47.4833,9.66667,1974-10-02,3.81999991461635,9.34999979101121,6.58499985281378,1974,10,1975
47.4833,9.66667,1974-10-03,2.6399999409914,6.85999984666705,4.74999989382923,1974,10,1975
47.4833,9.66667,1974-10-04,1.02999997697771,6.85999984666705,3.94499991182238,1974,10,1975
47.4833,9.66667,1974-10-05,2.42999994568527,11.1599997505546,6.79499984811991,1974,10,1975
47.4833,9.66667,1974-10-06,1.02999997697771,10.6799997612834,5.85499986913055,1974,10,1975
47.4833,9.66667,1974-10-07,4.58999989740551,7.81999982520938,6.20499986130744,1974,10,1975
47.4833,9.66667,1974-10-08,1.91999995708466,12.1299997288734,7.02499984297901,1974,10,1975
47.4833,9.66667,1974-10-09,2.52999994345009,9.08999979682267,5.80999987013638,1974,10,1975
47.4833,9.66667,1974-10-10,2.14999995194376,6.49999985471368,4.32499990332872,1974,10,1975
47.4833,9.66667,1974-10-11,2.87999993562698,10.0399997755885,6.45999985560775,1974,10,1975
47.4833,9.66667,1974-10-12,2.43999994546175,9.50999978743494,5.97499986644834,1974,10,1975
47.4833,9.66667,1974-10-13,2.77999993786216,6.56999985314906,4.67499989550561,1974,10,1975
47.4833,9.66667,1974-10-14,1.00999997742474,8.55999980866909,4.78499989304692,1974,10,1975
47.4833,9.66667,1974-10-15,1.70999996177852,6.89999984577298,4.30499990377575,1974,10,1975
47.4833,9.66667,1974-10-16,1.09999997541308,5.17999988421798,3.13999992981553,1974,10,1975
47.4833,9.66667,1974-10-17,1.07999997586012,5.18999988399446,3.13499992992729,1974,10,1975
47.4833,9.66667,1974-10-18,-1.50999996624887,4.15999990701675,1.32499997038394,1974,10,1975
47.4833,9.66667,1974-10-19,2.74999993853271,10.2999997697771,6.52499985415488,1974,10,1975
47.4833,9.66667,1974-10-20,2.27999994903803,9.57999978587031,5.92999986745417,1974,10,1975
47.4833,9.66667,1974-10-21,3.08999993093312,9.77999978139997,6.43499985616654,1974,10,1975
47.4833,9.66667,1974-10-22,0.599999986588955,4.04999990947545,2.3249999480322,1974,10,1975
47.4833,9.66667,1974-10-23,0.259999994188547,4.51999989897013,2.38999994657934,1974,10,1975
47.4833,9.66667,1974-10-24,1.28999997116625,5.28999988175929,3.28999992646277,1974,10,1975
47.4833,9.66667,1974-10-25,2.61999994143844,5.44999987818301,4.03499990981072,1974,10,1975
47.4833,9.66667,1974-10-26,3.04999993182719,8.33999981358647,5.69499987270683,1974,10,1975
47.4833,9.66667,1974-10-27,3.43999992311001,6.50999985449016,4.97499988880008,1974,10,1975
47.4833,9.66667,1974-10-28,3.30999992601573,8.11999981850386,5.7149998722598,1974,10,1975
47.4833,9.66667,1974-10-29,0.949999978765845,6.4299998562783,3.68999991752207,1974,10,1975
47.4833,9.66667,1974-10-30,0.0799999982118607,2.01999995484948,1.04999997653067,1974,10,1975
47.4833,9.66667,1974-10-31,-0.529999988153577,1.91999995708466,0.694999984465539,1974,10,1975
47.4833,9.66667,1974-11-01,-2.22999995015562,4.28999990411103,1.02999997697771,1974,11,1975
47.4833,9.66667,1974-11-02,-1.07999997586012,2.85999993607402,0.88999998010695,1974,11,1975
47.4833,9.66667,1974-11-03,-0.88999998010695,2.65999994054437,0.884999980218709,1974,11,1975
47.4833,9.66667,1974-11-04,-2.1799999512732,6.17999986186624,1.99999995529652,1974,11,1975
47.4833,9.66667,1974-11-05,-1.13999997451901,2.1799999512732,0.519999988377094,1974,11,1975
47.4833,9.66667,1974-11-06,0.389999991282821,3.05999993160367,1.72499996144325,1974,11,1975
47.4833,9.66667,1974-11-07,-0.249999994412065,4.43999990075827,2.0949999531731,1974,11,1975
47.4833,9.66667,1974-11-08,0.729999983683228,3.75999991595745,2.24499994982034,1974,11,1975
47.4833,9.66667,1974-11-09,-1.16999997384846,5.11999988555908,1.97499995585531,1974,11,1975
47.4833,9.66667,1974-11-10,-2.38999994657934,8.06999981962144,2.83999993652105,1974,11,1975
47.4833,9.66667,1974-11-11,0.119999997317791,8.6099998075515,4.36499990243465,1974,11,1975
47.4833,9.66667,1974-11-12,2.4699999447912,9.21999979391694,5.84499986935407,1974,11,1975
47.4833,9.66667,1974-11-13,-0.0699999984353781,11.8699997346848,5.89999986812472,1974,11,1975
47.4833,9.66667,1974-11-14,2.22999995015562,9.28999979235232,5.75999987125397,1974,11,1975
47.4833,9.66667,1974-11-15,1.45999996736646,15.6499996501952,8.55499980878085,1974,11,1975
47.4833,9.66667,1974-11-16,7.33999983593822,16.3199996352196,11.8299997355789,1974,11,1975
47.4833,9.66667,1974-11-17,5.35999988019466,16.1799996383488,10.7699997592717,1974,11,1975
47.4833,9.66667,1974-11-18,4.00999991036952,9.9299997780472,6.96999984420836,1974,11,1975
47.4833,9.66667,1974-11-19,3.16999992914498,15.8899996448308,9.5299997869879,1974,11,1975
47.4833,9.66667,1974-11-20,1.26999997161329,8.62999980710447,4.94999988935888,1974,11,1975
47.4833,9.66667,1974-11-21,0.0999999977648258,7.00999984331429,3.55499992053956,1974,11,1975
47.4833,9.66667,1974-11-22,1.6099999640137,8.06999981962144,4.83999989181757,1974,11,1975
47.4833,9.66667,1974-11-23,0.96999997831881,9.42999978922307,5.19999988377094,1974,11,1975
47.4833,9.66667,1974-11-24,3.75999991595745,11.5399997420609,7.64999982900918,1974,11,1975
47.4833,9.66667,1974-11-25,1.22999997250736,7.29999983683228,4.26499990466982,1974,11,1975
47.4833,9.66667,1974-11-26,1.84999995864928,7.24999983794987,4.54999989829957,1974,11,1975
47.4833,9.66667,1974-11-27,1.3799999691546,4.85999989137053,3.11999993026257,1974,11,1975
47.4833,9.66667,1974-11-28,-0.459999989718199,6.21999986097217,2.87999993562698,1974,11,1975
47.4833,9.66667,1974-11-29,0.469999989494681,7.41999983415008,3.94499991182238,1974,11,1975
47.4833,9.66667,1974-11-30,1.13999997451901,3.31999992579222,2.22999995015562,1974,11,1975
47.4833,9.66667,1974-12-01,0.809999981895089,3.42999992333353,2.11999995261431,1974,12,1975
47.4833,9.66667,1974-12-02,1.41999996826053,6.27999985963106,3.84999991394579,1974,12,1975
47.4833,9.66667,1974-12-03,3.63999991863966,6.57999985292554,5.1099998857826,1974,12,1975
47.4833,9.66667,1974-12-04,2.87999993562698,8.21999981626868,5.54999987594783,1974,12,1975
47.4833,9.66667,1974-12-05,-0.469999989494681,7.49999983236194,3.51499992143363,1974,12,1975
47.4833,9.66667,1974-12-06,1.8399999588728,6.58999985270202,4.21499990578741,1974,12,1975
47.4833,9.66667,1974-12-07,1.75999996066093,3.93999991193414,2.84999993629754,1974,12,1975
47.4833,9.66667,1974-12-08,1.68999996222556,4.59999989718199,3.14499992970377,1974,12,1975
47.4833,9.66667,1974-12-09,3.37999992445111,5.70999987237155,4.54499989841133,1974,12,1975
47.4833,9.66667,1974-12-10,2.53999994322658,6.96999984420836,4.75499989371747,1974,12,1975
47.4833,9.66667,1974-12-11,1.97999995574355,5.22999988310039,3.60499991942197,1974,12,1975
47.4833,9.66667,1974-12-12,0.239999994635582,5.64999987371266,2.94499993417412,1974,12,1975
47.4833,9.66667,1974-12-13,-1.63999996334314,2.06999995373189,0.214999995194376,1974,12,1975
47.4833,9.66667,1974-12-14,-2.6999999396503,2.12999995239079,-0.284999993629754,1974,12,1975
47.4833,9.66667,1974-12-15,-7.50999983213842,0.389999991282821,-3.5599999204278,1974,12,1975
47.4833,9.66667,1974-12-16,-4.6499998960644,1.26999997161329,-1.68999996222556,1974,12,1975
47.4833,9.66667,1974-12-17,-0.689999984577298,3.46999992243946,1.38999996893108,1974,12,1975
47.4833,9.66667,1974-12-18,-0.0399999991059303,7.45999983325601,3.70999991707504,1974,12,1975
47.4833,9.66667,1974-12-19,0.26999999396503,3.99999991059303,2.13499995227903,1974,12,1975
47.4833,9.66667,1974-12-20,-0.0299999993294477,4.00999991036952,1.98999995552003,1974,12,1975
47.4833,9.66667,1974-12-21,-0.26999999396503,6.81999984756112,3.27499992679805,1974,12,1975
47.4833,9.66667,1974-12-22,-1.65999996289611,5.7999998703599,2.06999995373189,1974,12,1975
47.4833,9.66667,1974-12-23,-3.46999992243946,4.55999989807606,0.544999987818301,1974,12,1975
47.4833,9.66667,1974-12-24,-3.96999991126359,4.83999989181757,0.434999990276992,1974,12,1975
47.4833,9.66667,1974-12-25,-3.16999992914498,6.55999985337257,1.6949999621138,1974,12,1975
47.4833,9.66667,1974-12-26,1.7799999602139,9.01999979838729,5.39999987930059,1974,12,1975
47.4833,9.66667,1974-12-27,5.03999988734722,13.6799996942282,9.3599997907877,1974,12,1975
47.4833,9.66667,1974-12-28,4.20999990589917,10.5299997646362,7.36999983526766,1974,12,1975
47.4833,9.66667,1974-12-29,4.22999990545213,8.45999981090426,6.3449998581782,1974,12,1975
47.4833,9.66667,1974-12-30,6.49999985471368,12.6099997181445,9.55499978642911,1974,12,1975
47.4833,9.66667,1974-12-31,0.30999999307096,5.57999987527728,2.94499993417412,1974,12,1975
47.4833,9.66667,1975-01-01,-0.289999993517995,2.16999995149672,0.939999978989363,1975,1,1975
47.4833,9.66667,1975-01-02,0.0299999993294477,5.71999987214804,2.87499993573874,1975,1,1975
47.4833,9.66667,1975-01-03,-1.52999996580184,4.73999989405274,1.60499996412545,1975,1,1975
47.4833,9.66667,1975-01-04,-2.37999994680285,1.47999996691942,-0.449999989941716,1975,1,1975
47.4833,9.66667,1975-01-05,-2.56999994255602,1.30999997071922,-0.629999985918403,1975,1,1975
47.4833,9.66667,1975-01-06,-3.31999992579222,3.58999991975725,0.134999996982515,1975,1,1975
47.4833,9.66667,1975-01-07,0.319999992847443,8.63999980688095,4.4799998998642,1975,1,1975
47.4833,9.66667,1975-01-08,0.989999977871776,5.43999987840652,3.21499992813915,1975,1,1975
47.4833,9.66667,1975-01-09,0.599999986588955,5.17999988421798,2.88999993540347,1975,1,1975
47.4833,9.66667,1975-01-10,-2.88999993540347,4.48999989964068,0.799999982118607,1975,1,1975
47.4833,9.66667,1975-01-11,-2.83999993652105,5.32999988086522,1.24499997217208,1975,1,1975
47.4833,9.66667,1975-01-12,-2.6999999396503,5.67999987304211,1.4899999666959,1975,1,1975
47.4833,9.66667,1975-01-13,-0.92999997921288,6.72999984957278,2.89999993517995,1975,1,1975
47.4833,9.66667,1975-01-14,-1.67999996244907,8.48999981023371,3.40499992389232,1975,1,1975
47.4833,9.66667,1975-01-15,-1.29999997094274,8.84999980218709,3.77499991562217,1975,1,1975
47.4833,9.66667,1975-01-16,-0.849999981001019,10.8599997572601,5.00499988812953,1975,1,1975
47.4833,9.66667,1975-01-17,4.67999989539385,12.8999997116625,8.78999980352819,1975,1,1975
47.4833,9.66667,1975-01-18,3.80999991483986,10.7799997590482,7.29499983694404,1975,1,1975
47.4833,9.66667,1975-01-19,3.97999991104007,12.1899997275323,8.08499981928617,1975,1,1975
47.4833,9.66667,1975-01-20,2.47999994456768,5.89999986812472,4.1899999063462,1975,1,1975
47.4833,9.66667,1975-01-21,0.839999981224537,5.49999987706542,3.16999992914498,1975,1,1975
47.4833,9.66667,1975-01-22,-0.439999990165234,4.33999990299344,1.9499999564141,1975,1,1975
47.4833,9.66667,1975-01-23,-1.66999996267259,6.14999986253679,2.2399999499321,1975,1,1975
47.4833,9.66667,1975-01-24,-0.569999987259507,5.59999987483025,2.51499994378537,1975,1,1975
47.4833,9.66667,1975-01-25,2.96999993361533,7.38999983482063,5.17999988421798,1975,1,1975
47.4833,9.66667,1975-01-26,2.61999994143844,8.58999980799854,5.60499987471849,1975,1,1975
47.4833,9.66667,1975-01-27,0.539999987930059,7.30999983660877,3.92499991226941,1975,1,1975
47.4833,9.66667,1975-01-28,-1.89999995753169,7.44999983347952,2.77499993797392,1975,1,1975
47.4833,9.66667,1975-01-29,1.1499999742955,5.61999987438321,3.38499992433935,1975,1,1975
47.4833,9.66667,1975-01-30,0.319999992847443,6.4899998549372,3.40499992389232,1975,1,1975
47.4833,9.66667,1975-01-31,1.43999996781349,8.78999980352819,5.11499988567084,1975,1,1975
47.4833,9.66667,1975-02-01,2.78999993763864,10.4599997662008,6.62499985191971,1975,2,1975
47.4833,9.66667,1975-02-02,1.10999997518957,5.52999987639487,3.31999992579222,1975,2,1975
47.4833,9.66667,1975-02-03,-1.17999997362494,5.66999987326562,2.24499994982034,1975,2,1975
47.4833,9.66667,1975-02-04,-0.939999978989363,4.2499999050051,1.65499996300787,1975,2,1975
47.4833,9.66667,1975-02-05,-3.19999992847443,4.51999989897013,0.65999998524785,1975,2,1975
47.4833,9.66667,1975-02-06,-3.80999991483986,5.92999986745417,1.05999997630715,1975,2,1975
47.4833,9.66667,1975-02-07,-2.39999994635582,7.58999983035028,2.59499994199723,1975,2,1975
47.4833,9.66667,1975-02-08,-2.71999993920326,4.89999989047647,1.0899999756366,1975,2,1975
47.4833,9.66667,1975-02-09,-3.84999991394579,2.45999994501472,-0.694999984465539,1975,2,1975
47.4833,9.66667,1975-02-10,-2.79999993741512,3.47999992221594,0.339999992400408,1975,2,1975
47.4833,9.66667,1975-02-11,-3.24999992735684,5.12999988533556,0.939999978989363,1975,2,1975
47.4833,9.66667,1975-02-12,-3.41999992355704,7.79999982565641,2.18999995104969,1975,2,1975
47.4833,9.66667,1975-02-13,0.629999985918403,8.53999980911613,4.58499989751726,1975,2,1975
47.4833,9.66667,1975-02-14,1.62999996356666,5.02999988757074,3.3299999255687,1975,2,1975
47.4833,9.66667,1975-02-15,-0.169999996200204,5.39999987930059,2.6149999415502,1975,2,1975
47.4833,9.66667,1975-02-16,-2.73999993875623,5.70999987237155,1.48499996680766,1975,2,1975
47.4833,9.66667,1975-02-17,-1.90999995730817,2.12999995239079,0.109999997541308,1975,2,1975
47.4833,9.66667,1975-02-18,-5.5099998768419,3.41999992355704,-1.04499997664243,1975,2,1975
47.4833,9.66667,1975-02-19,-3.23999992758036,7.62999982945621,2.19499995093793,1975,2,1975
47.4833,9.66667,1975-02-20,0.139999996870756,8.59999980777502,4.36999990232289,1975,2,1975
47.4833,9.66667,1975-02-21,-2.57999994233251,2.45999994501472,-0.0599999986588955,1975,2,1975
47.4833,9.66667,1975-02-22,-6.11999986320734,3.2699999269098,-1.42499996814877,1975,2,1975
47.4833,9.66667,1975-02-23,-5.48999987728894,4.36999990232289,-0.559999987483025,1975,2,1975
47.4833,9.66667,1975-02-24,-3.98999991081655,5.47999987751245,0.744999983347952,1975,2,1975
47.4833,9.66667,1975-02-25,-4.35999990254641,3.1599999293685,-0.599999986588955,1975,2,1975
47.4833,9.66667,1975-02-26,-4.65999989584088,6.73999984934926,1.03999997675419,1975,2,1975
47.4833,9.66667,1975-02-27,-3.92999991215765,5.39999987930059,0.73499998357147,1975,2,1975
47.4833,9.66667,1975-02-28,-4.23999990522861,7.32999983616173,1.54499996546656,1975,2,1975
47.4833,9.66667,1975-03-01,-2.34999994747341,11.9899997320026,4.8199998922646,1975,3,1975
47.4833,9.66667,1975-03-02,-1.3199999704957,11.2499997485429,4.9649998890236,1975,3,1975
47.4833,9.66667,1975-03-03,-0.429999990388751,12.8199997134507,6.19499986153096,1975,3,1975
47.4833,9.66667,1975-03-04,3.17999992892146,14.9799996651709,9.07999979704618,1975,3,1975
47.4833,9.66667,1975-03-05,5.06999988667667,16.2799996361136,10.6749997613952,1975,3,1975
47.4833,9.66667,1975-03-06,1.46999996714294,12.2999997250736,6.88499984610826,1975,3,1975
47.4833,9.66667,1975-03-07,3.0399999320507,10.2899997700006,6.66499985102564,1975,3,1975
47.4833,9.66667,1975-03-08,0.149999996647239,12.0899997297674,6.11999986320734,1975,3,1975
47.4833,9.66667,1975-03-09,4.8199998922646,12.8499997127801,8.83499980252236,1975,3,1975
47.4833,9.66667,1975-03-10,3.69999991729856,11.2899997476488,7.4949998324737,1975,3,1975
47.4833,9.66667,1975-03-11,2.72999993897974,5.93999986723065,4.3349999031052,1975,3,1975
47.4833,9.66667,1975-03-12,3.68999991752207,8.59999980777502,6.14499986264855,1975,3,1975
47.4833,9.66667,1975-03-13,2.8699999358505,7.71999982744455,5.29499988164753,1975,3,1975
47.4833,9.66667,1975-03-14,3.71999991685152,6.75999984890223,5.23999988287687,1975,3,1975
47.4833,9.66667,1975-03-15,2.71999993920326,7.54999983124435,5.13499988522381,1975,3,1975
47.4833,9.66667,1975-03-16,3.05999993160367,7.46999983303249,5.26499988231808,1975,3,1975
47.4833,9.66667,1975-03-17,1.78999995999038,5.82999986968935,3.80999991483986,1975,3,1975
47.4833,9.66667,1975-03-18,-1.04999997653067,2.24999994970858,0.599999986588955,1975,3,1975
47.4833,9.66667,1975-03-19,-2.06999995373189,0.209999995306134,-0.92999997921288,1975,3,1975
47.4833,9.66667,1975-03-20,-2.16999995149672,0.339999992400408,-0.914999979548156,1975,3,1975
47.4833,9.66667,1975-03-21,-6.64999985136092,5.39999987930059,-0.624999986030161,1975,3,1975
47.4833,9.66667,1975-03-22,-1.45999996736646,5.32999988086522,1.93499995674938,1975,3,1975
47.4833,9.66667,1975-03-23,-1.68999996222556,4.21999990567565,1.26499997172505,1975,3,1975
47.4833,9.66667,1975-03-24,-1.72999996133149,4.1899999063462,1.22999997250736,1975,3,1975
47.4833,9.66667,1975-03-25,-1.09999997541308,4.78999989293516,1.84499995876104,1975,3,1975
47.4833,9.66667,1975-03-26,-1.00999997742474,1.87999995797873,0.434999990276992,1975,3,1975
47.4833,9.66667,1975-03-27,-0.0599999986588955,8.15999981760979,4.04999990947545,1975,3,1975
47.4833,9.66667,1975-03-28,1.58999996446073,6.79999984800816,4.19499990623444,1975,3,1975
47.4833,9.66667,1975-03-29,-0.65999998524785,5.21999988332391,2.27999994903803,1975,3,1975
47.4833,9.66667,1975-03-30,-2.68999993987381,5.82999986968935,1.56999996490777,1975,3,1975
47.4833,9.66667,1975-03-31,-0.799999982118607,1.93999995663762,0.569999987259507,1975,3,1975
47.4833,9.66667,1975-04-01,-1.51999996602535,3.24999992735684,0.864999980665743,1975,4,1975
47.4833,9.66667,1975-04-02,-1.3199999704957,4.35999990254641,1.51999996602535,1975,4,1975
47.4833,9.66667,1975-04-03,-1.24999997206032,6.55999985337257,2.65499994065613,1975,4,1975
47.4833,9.66667,1975-04-04,0.34999999217689,9.16999979503453,4.75999989360571,1975,4,1975
47.4833,9.66667,1975-04-05,-0.849999981001019,3.68999991752207,1.41999996826053,1975,4,1975
47.4833,9.66667,1975-04-06,-0.869999980553985,6.63999985158443,2.88499993551522,1975,4,1975
47.4833,9.66667,1975-04-07,-0.179999995976686,2.51999994367361,1.16999997384846,1975,4,1975
47.4833,9.66667,1975-04-08,-1.69999996200204,4.38999990187585,1.34499996993691,1975,4,1975
47.4833,9.66667,1975-04-09,-0.139999996870756,10.31999976933,5.08999988622963,1975,4,1975
47.4833,9.66667,1975-04-10,-0.0899999979883432,4.42999990098178,2.16999995149672,1975,4,1975
47.4833,9.66667,1975-04-11,-1.4899999666959,1.46999996714294,-0.00999999977648258,1975,4,1975
47.4833,9.66667,1975-04-12,-1.12999997474253,6.40999985672534,2.6399999409914,1975,4,1975
47.4833,9.66667,1975-04-13,0.96999997831881,5.57999987527728,3.27499992679805,1975,4,1975
47.4833,9.66667,1975-04-14,3.67999991774559,10.2299997713417,6.95499984454364,1975,4,1975
47.4833,9.66667,1975-04-15,3.35999992489815,16.0199996419251,9.68999978341162,1975,4,1975
47.4833,9.66667,1975-04-16,7.70999982766807,11.6999997384846,9.70499978307635,1975,4,1975
47.4833,9.66667,1975-04-17,5.2799998819828,9.48999978788197,7.38499983493239,1975,4,1975
47.4833,9.66667,1975-04-18,3.92999991215765,11.6599997393787,7.79499982576817,1975,4,1975
47.4833,9.66667,1975-04-19,5.739999871701,18.3099995907396,12.0249997312203,1975,4,1975
47.4833,9.66667,1975-04-20,4.8799998909235,17.4599996097386,11.169999750331,1975,4,1975
47.4833,9.66667,1975-04-21,9.00999979861081,15.0499996636063,12.0299997311085,1975,4,1975
47.4833,9.66667,1975-04-22,7.54999983124435,13.6199996955693,10.5849997634068,1975,4,1975
47.4833,9.66667,1975-04-23,5.43999987840652,16.7799996249378,11.1099997516721,1975,4,1975
47.4833,9.66667,1975-04-24,6.99999984353781,17.9699995983392,12.4849997209385,1975,4,1975
47.4833,9.66667,1975-04-25,5.57999987527728,17.3399996124208,11.459999743849,1975,4,1975
47.4833,9.66667,1975-04-26,7.19999983906746,15.5899996515363,11.3949997453019,1975,4,1975
47.4833,9.66667,1975-04-27,2.66999994032085,12.329999724403,7.49999983236194,1975,4,1975
47.4833,9.66667,1975-04-28,1.57999996468425,15.3899996560067,8.48499981034547,1975,4,1975
47.4833,9.66667,1975-04-29,2.58999994210899,17.8599996007979,10.2249997714534,1975,4,1975
47.4833,9.66667,1975-04-30,5.17999988421798,21.0799995288253,13.1299997065216,1975,4,1975
47.4833,9.66667,1975-05-01,7.38999983482063,15.6099996510893,11.499999742955,1975,5,NA
47.4833,9.66667,1975-05-02,3.61999991908669,14.7299996707588,9.17499979492277,1975,5,NA
47.4833,9.66667,1975-05-03,3.08999993093312,17.6999996043742,10.3949997676536,1975,5,NA
47.4833,9.66667,1975-05-04,3.73999991640449,11.7099997382611,7.72499982733279,1975,5,NA
47.4833,9.66667,1975-05-05,2.09999995306134,5.36999987997115,3.73499991651624,1975,5,NA
47.4833,9.66667,1975-05-06,2.39999994635582,16.0199996419251,9.20999979414046,1975,5,NA
47.4833,9.66667,1975-05-07,5.23999988287687,14.8199996687472,10.029999775812,1975,5,NA
47.4833,9.66667,1975-05-08,7.0599998421967,16.4599996320903,11.7599997371435,1975,5,NA
47.4833,9.66667,1975-05-09,6.15999986231327,17.4499996099621,11.8049997361377,1975,5,NA
47.4833,9.66667,1975-05-10,6.97999984398484,16.2999996356666,11.6399997398257,1975,5,NA
47.4833,9.66667,1975-05-11,6.07999986410141,18.7699995804578,12.4249997222796,1975,5,NA
47.4833,9.66667,1975-05-12,6.17999986186624,15.0099996645004,10.5949997631833,1975,5,NA
47.4833,9.66667,1975-05-13,7.0599998421967,11.4099997449666,9.23499979358166,1975,5,NA
47.4833,9.66667,1975-05-14,4.08999990858138,14.9799996651709,9.53499978687614,1975,5,NA
47.4833,9.66667,1975-05-15,5.78999987058342,17.4599996097386,11.624999740161,1975,5,NA
47.4833,9.66667,1975-05-16,7.48999983258545,19.1399995721877,13.3149997023866,1975,5,NA
47.4833,9.66667,1975-05-17,10.4999997653067,20.4799995422363,15.4899996537715,1975,5,NA
47.4833,9.66667,1975-05-18,8.74999980442226,23.0499994847924,15.8999996446073,1975,5,NA
47.4833,9.66667,1975-05-19,10.3499997686595,25.0899994391948,17.7199996039271,1975,5,NA
47.4833,9.66667,1975-05-20,11.1099997516721,24.7999994456768,17.9549995986745,1975,5,NA
47.4833,9.66667,1975-05-21,11.1399997510016,22.959999486804,17.0499996189028,1975,5,NA
47.4833,9.66667,1975-05-22,10.5099997650832,23.4299994762987,16.9699996206909,1975,5,NA
47.4833,9.66667,1975-05-23,10.3699997682124,17.7199996039271,14.0449996860698,1975,5,NA
47.4833,9.66667,1975-05-24,7.23999983817339,12.0499997306615,9.64499978441745,1975,5,NA
47.4833,9.66667,1975-05-25,5.739999871701,13.9999996870756,9.86999977938831,1975,5,NA
47.4833,9.66667,1975-05-26,7.82999982498586,17.1399996168911,12.4849997209385,1975,5,NA
47.4833,9.66667,1975-05-27,9.70999978296459,19.0499995741993,14.379999678582,1975,5,NA
47.4833,9.66667,1975-05-28,9.73999978229403,14.0799996852875,11.9099997337908,1975,5,NA
47.4833,9.66667,1975-05-29,10.0199997760355,20.8599995337427,15.4399996548891,1975,5,NA
47.4833,9.66667,1975-05-30,9.46999978832901,22.1199995055795,15.7949996469542,1975,5,NA
47.4833,9.66667,1975-05-31,10.0999997742474,15.0999996624887,12.5999997183681,1975,5,NA
47.4833,9.66667,1975-06-01,6.029999865219,12.7799997143447,9.40499978978187,1975,6,NA
47.4833,9.66667,1975-06-02,3.34999992512167,7.33999983593822,5.34499988052994,1975,6,NA
47.4833,9.66667,1975-06-03,4.60999989695847,11.189999749884,7.89999982342124,1975,6,NA
47.4833,9.66667,1975-06-04,6.04999986477196,12.2299997266382,9.13999979570508,1975,6,NA
47.4833,9.66667,1975-06-05,4.8799998909235,10.5399997644126,7.70999982766807,1975,6,NA
47.4833,9.66667,1975-06-06,3.4999999217689,14.919999666512,9.20999979414046,1975,6,NA
47.4833,9.66667,1975-06-07,4.19999990612268,18.5199995860457,11.3599997460842,1975,6,NA
47.4833,9.66667,1975-06-08,4.82999989204109,19.9399995543063,12.3849997231737,1975,6,NA
47.4833,9.66667,1975-06-09,7.2899998370558,20.3399995453656,13.8149996912107,1975,6,NA
47.4833,9.66667,1975-06-10,9.44999978877604,16.4299996327609,12.9399997107685,1975,6,NA
47.4833,9.66667,1975-06-11,10.7199997603893,18.6199995838106,14.6699996720999,1975,6,NA
47.4833,9.66667,1975-06-12,11.479999743402,21.6499995160848,16.5649996297434,1975,6,NA
47.4833,9.66667,1975-06-13,12.2299997266382,23.5299994740635,17.8799996003509,1975,6,NA
47.4833,9.66667,1975-06-14,10.9599997550249,24.949999442324,17.9549995986745,1975,6,NA
47.4833,9.66667,1975-06-15,14.6399996727705,25.4999994300306,20.0699995514005,1975,6,NA
47.4833,9.66667,1975-06-16,14.2399996817112,24.0499994624406,19.1449995720759,1975,6,NA
47.4833,9.66667,1975-06-17,11.9399997331202,17.0099996197969,14.4749996764585,1975,6,NA
47.4833,9.66667,1975-06-18,9.84999977983534,14.9099996667355,12.3799997232854,1975,6,NA
47.4833,9.66667,1975-06-19,8.30999981425703,11.0999997518957,9.70499978307635,1975,6,NA
47.4833,9.66667,1975-06-20,7.45999983325601,10.8399997577071,9.14999979548156,1975,6,NA
47.4833,9.66667,1975-06-21,6.61999985203147,16.079999640584,11.3499997463077,1975,6,NA
47.4833,9.66667,1975-06-22,9.74999978207052,20.3999995440245,15.0749996630475,1975,6,NA
47.4833,9.66667,1975-06-23,13.779999691993,22.5799994952977,18.1799995936453,1975,6,NA
47.4833,9.66667,1975-06-24,14.3999996781349,21.9499995093793,18.1749995937571,1975,6,NA
47.4833,9.66667,1975-06-25,12.9599997103214,22.1999995037913,17.5799996070564,1975,6,NA
47.4833,9.66667,1975-06-26,14.1899996828288,20.5799995400012,17.384999611415,1975,6,NA
47.4833,9.66667,1975-06-27,12.9599997103214,25.0799994394183,19.0199995748699,1975,6,NA
47.4833,9.66667,1975-06-28,15.2799996584654,26.2699994128197,20.7749995356426,1975,6,NA
47.4833,9.66667,1975-06-29,13.2799997031689,16.8499996233732,15.064999663271,1975,6,NA
47.4833,9.66667,1975-06-30,10.6599997617304,14.4499996770173,12.5549997193739,1975,6,NA
47.4833,9.66667,1975-07-01,7.90999982319772,12.9199997112155,10.4149997672066,1975,7,NA
47.4833,9.66667,1975-07-02,6.75999984890223,12.9399997107685,9.84999977983534,1975,7,NA
47.4833,9.66667,1975-07-03,8.30999981425703,13.0699997078627,10.6899997610599,1975,7,NA
47.4833,9.66667,1975-07-04,7.49999983236194,23.3199994787574,15.4099996555597,1975,7,NA
47.4833,9.66667,1975-07-05,11.76999973692,19.4299995657057,15.5999996513128,1975,7,NA
47.4833,9.66667,1975-07-06,12.5099997203797,15.769999647513,14.1399996839464,1975,7,NA
47.4833,9.66667,1975-07-07,12.8199997134507,23.6999994702637,18.2599995918572,1975,7,NA
47.4833,9.66667,1975-07-08,12.5099997203797,25.819999422878,19.1649995716289,1975,7,NA
47.4833,9.66667,1975-07-09,14.0199996866286,28.3999993652105,21.2099995259196,1975,7,NA
47.4833,9.66667,1975-07-10,16.2199996374547,24.119999460876,20.1699995491654,1975,7,NA
47.4833,9.66667,1975-07-11,14.3999996781349,26.1899994146079,20.2949995463714,1975,7,NA
47.4833,9.66667,1975-07-12,11.8799997344613,25.2999994345009,18.5899995844811,1975,7,NA
47.4833,9.66667,1975-07-13,13.8999996893108,21.1099995281547,17.5049996087328,1975,7,NA
47.4833,9.66667,1975-07-14,11.8199997358024,24.8499994445592,18.3349995901808,1975,7,NA
47.4833,9.66667,1975-07-15,13.799999691546,28.8899993542582,21.3449995229021,1975,7,NA
47.4833,9.66667,1975-07-16,17.3499996121973,25.839999422431,21.5949995173141,1975,7,NA
47.4833,9.66667,1975-07-17,14.5999996736646,23.0099994856864,18.8049995796755,1975,7,NA
47.4833,9.66667,1975-07-18,13.7499996926636,24.4199994541705,19.084999573417,1975,7,NA
47.4833,9.66667,1975-07-19,14.379999678582,22.7299994919449,18.5549995852634,1975,7,NA
47.4833,9.66667,1975-07-20,12.5999997183681,20.0399995520711,16.3199996352196,1975,7,NA
47.4833,9.66667,1975-07-21,12.1499997284263,21.6499995160848,16.8999996222556,1975,7,NA
47.4833,9.66667,1975-07-22,14.2999996803701,20.1399995498359,17.219999615103,1975,7,NA
47.4833,9.66667,1975-07-23,13.0999997071922,22.9499994870275,18.0249995971099,1975,7,NA
47.4833,9.66667,1975-07-24,12.1199997290969,24.659999448806,18.3899995889515,1975,7,NA
47.4833,9.66667,1975-07-25,14.8699996676296,20.9099995326251,17.8899996001273,1975,7,NA
47.4833,9.66667,1975-07-26,11.5799997411668,17.819999601692,14.6999996714294,1975,7,NA
47.4833,9.66667,1975-07-27,6.8299998473376,19.8899995554239,13.3599997013807,1975,7,NA
47.4833,9.66667,1975-07-28,8.17999981716275,21.1299995277077,14.6549996724352,1975,7,NA
47.4833,9.66667,1975-07-29,9.01999979838729,23.1699994821101,16.0949996402487,1975,7,NA
47.4833,9.66667,1975-07-30,10.8399997577071,23.9299994651228,17.384999611415,1975,7,NA
47.4833,9.66667,1975-07-31,12.4199997223914,25.3699994329363,18.8949995776638,1975,7,NA
47.4833,9.66667,1975-08-01,12.4999997206032,26.8099994007498,19.6549995606765,1975,8,NA
47.4833,9.66667,1975-08-02,14.4899996761233,26.2499994132668,20.369999544695,1975,8,NA
47.4833,9.66667,1975-08-03,14.649999672547,26.419999409467,20.534999541007,1975,8,NA
47.4833,9.66667,1975-08-04,14.0399996861815,28.1699993703514,21.1049995282665,1975,8,NA
47.4833,9.66667,1975-08-05,14.4599996767938,28.3699993658811,21.4149995213374,1975,8,NA
47.4833,9.66667,1975-08-06,14.0799996852875,26.2999994121492,20.1899995487183,1975,8,NA
47.4833,9.66667,1975-08-07,12.4999997206032,26.2599994130433,19.3799995668232,1975,8,NA
47.4833,9.66667,1975-08-08,13.779999691993,26.999999396503,20.389999544248,1975,8,NA
47.4833,9.66667,1975-08-09,13.9299996886402,27.4099993873388,20.6699995379895,1975,8,NA
47.4833,9.66667,1975-08-10,13.2899997029454,26.8499993998557,20.0699995514005,1975,8,NA
47.4833,9.66667,1975-08-11,14.6199996732175,24.4499994534999,19.5349995633587,1975,8,NA
47.4833,9.66667,1975-08-12,13.4599996991456,17.6799996048212,15.5699996519834,1975,8,NA
47.4833,9.66667,1975-08-13,12.2099997270852,16.3599996343255,14.2849996807054,1975,8,NA
47.4833,9.66667,1975-08-14,11.8499997351319,22.1899995040148,17.0199996195734,1975,8,NA
47.4833,9.66667,1975-08-15,13.2399997040629,24.3399994559586,18.7899995800108,1975,8,NA
47.4833,9.66667,1975-08-16,15.6999996490777,23.4299994762987,19.5649995626882,1975,8,NA
47.4833,9.66667,1975-08-17,13.779999691993,22.0999995060265,17.9399995990098,1975,8,NA
47.4833,9.66667,1975-08-18,13.6499996948987,22.6599994935095,18.1549995942041,1975,8,NA
47.4833,9.66667,1975-08-19,14.0399996861815,18.4199995882809,16.2299996372312,1975,8,NA
47.4833,9.66667,1975-08-20,12.2199997268617,20.1999995484948,16.2099996376783,1975,8,NA
47.4833,9.66667,1975-08-21,11.9699997324497,22.9899994861335,17.4799996092916,1975,8,NA
47.4833,9.66667,1975-08-22,13.2399997040629,24.9399994425476,19.0899995733052,1975,8,NA
47.4833,9.66667,1975-08-23,13.5699996966869,19.7299995590001,16.6499996278435,1975,8,NA
47.4833,9.66667,1975-08-24,10.049999775365,13.1499997060746,11.5999997407198,1975,8,NA
47.4833,9.66667,1975-08-25,9.10999979637563,11.3199997469783,10.214999771677,1975,8,NA
47.4833,9.66667,1975-08-26,9.11999979615211,12.7999997138977,10.9599997550249,1975,8,NA
47.4833,9.66667,1975-08-27,9.80999978072941,13.1899997051805,11.499999742955,1975,8,NA
47.4833,9.66667,1975-08-28,10.7499997597188,19.4299995657057,15.0899996627122,1975,8,NA
47.4833,9.66667,1975-08-29,9.99999977648258,20.7199995368719,15.3599996566772,1975,8,NA
47.4833,9.66667,1975-08-30,11.3399997465312,19.539999563247,15.4399996548891,1975,8,NA
47.4833,9.66667,1975-08-31,13.1399997062981,19.3299995679408,16.2349996371195,1975,8,NA
47.4833,9.66667,1975-09-01,13.3699997011572,21.239999525249,17.3049996132031,1975,9,NA
47.4833,9.66667,1975-09-02,12.3599997237325,22.129999505356,17.2449996145442,1975,9,NA
47.4833,9.66667,1975-09-03,13.2599997036159,22.129999505356,17.6949996044859,1975,9,NA
47.4833,9.66667,1975-09-04,13.9999996870756,21.509999519214,17.7549996031448,1975,9,NA
47.4833,9.66667,1975-09-05,13.3799997009337,21.3199995234609,17.3499996121973,1975,9,NA
47.4833,9.66667,1975-09-06,13.469999698922,20.409999543801,16.9399996213615,1975,9,NA
47.4833,9.66667,1975-09-07,11.5999997407198,21.8499995116144,16.7249996261671,1975,9,NA
47.4833,9.66667,1975-09-08,13.6799996942282,18.7499995809048,16.2149996375665,1975,9,NA
47.4833,9.66667,1975-09-09,12.1099997293204,20.7299995366484,16.4199996329844,1975,9,NA
47.4833,9.66667,1975-09-10,11.5899997409433,21.1099995281547,16.349999634549,1975,9,NA
47.4833,9.66667,1975-09-11,12.369999723509,22.0399995073676,17.2049996154383,1975,9,NA
47.4833,9.66667,1975-09-12,12.079999729991,20.4199995435774,16.2499996367842,1975,9,NA
47.4833,9.66667,1975-09-13,9.48999978788197,17.8799996003509,13.6849996941164,1975,9,NA
47.4833,9.66667,1975-09-14,7.73999982699752,16.7599996253848,12.2499997261912,1975,9,NA
47.4833,9.66667,1975-09-15,7.85999982431531,20.7099995370954,14.2849996807054,1975,9,NA
47.4833,9.66667,1975-09-16,10.2099997717887,17.5899996068329,13.8999996893108,1975,9,NA
47.4833,9.66667,1975-09-17,11.7099997382611,25.0899994391948,18.399999588728,1975,9,NA
47.4833,9.66667,1975-09-18,16.7699996251613,31.0399993062019,23.9049994656816,1975,9,NA
47.4833,9.66667,1975-09-19,13.509999698028,23.1199994832277,18.3149995906278,1975,9,NA
47.4833,9.66667,1975-09-20,14.379999678582,20.5999995395541,17.489999609068,1975,9,NA
47.4833,9.66667,1975-09-21,13.8899996895343,17.8599996007979,15.8749996451661,1975,9,NA
47.4833,9.66667,1975-09-22,14.069999685511,19.9499995540828,17.0099996197969,1975,9,NA
47.4833,9.66667,1975-09-23,10.5699997637421,20.8099995348603,15.6899996493012,1975,9,NA
47.4833,9.66667,1975-09-24,9.82999978028238,21.2099995259196,15.519999653101,1975,9,NA
47.4833,9.66667,1975-09-25,11.749999737367,21.3499995227903,16.5499996300787,1975,9,NA
47.4833,9.66667,1975-09-26,11.3399997465312,22.6399994939566,16.9899996202439,1975,9,NA
47.4833,9.66667,1975-09-27,10.7899997588247,18.3299995902926,14.5599996745586,1975,9,NA
47.4833,9.66667,1975-09-28,8.98999979905784,23.3099994789809,16.1499996390194,1975,9,NA
47.4833,9.66667,1975-09-29,13.0699997078627,23.0899994838983,18.0799995958805,1975,9,NA
47.4833,9.66667,1975-09-30,13.5299996975809,25.0199994407594,19.2749995691702,1975,9,NA
47.4833,9.66667,1975-10-01,14.5799996741116,27.4599993862212,21.0199995301664,1975,10,1976
47.4833,9.66667,1975-10-02,10.0199997760355,17.6099996063858,13.8149996912107,1975,10,1976
47.4833,9.66667,1975-10-03,10.4899997655302,19.3399995677173,14.9149996666238,1975,10,1976
47.4833,9.66667,1975-10-04,10.3299997691065,20.119999550283,15.2249996596947,1975,10,1976
47.4833,9.66667,1975-10-05,9.3599997907877,13.4799996986985,11.4199997447431,1975,10,1976
47.4833,9.66667,1975-10-06,6.63999985158443,12.3799997232854,9.50999978743494,1975,10,1976
47.4833,9.66667,1975-10-07,5.89999986812472,16.8899996224791,11.3949997453019,1975,10,1976
47.4833,9.66667,1975-10-08,8.35999981313944,14.939999666065,11.6499997396022,1975,10,1976
47.4833,9.66667,1975-10-09,6.44999985583127,12.7899997141212,9.61999978497624,1975,10,1976
47.4833,9.66667,1975-10-10,4.67999989539385,12.2299997266382,8.45499981101602,1975,10,1976
47.4833,9.66667,1975-10-11,4.44999990053475,8.92999980039895,6.68999985046685,1975,10,1976
47.4833,9.66667,1975-10-12,2.68999993987381,6.45999985560775,4.57499989774078,1975,10,1976
47.4833,9.66667,1975-10-13,2.4099999461323,5.30999988131225,3.85999991372228,1975,10,1976
47.4833,9.66667,1975-10-14,1.44999996758997,5.57999987527728,3.51499992143363,1975,10,1976
47.4833,9.66667,1975-10-15,1.91999995708466,8.36999981291592,5.14499988500029,1975,10,1976
47.4833,9.66667,1975-10-16,3.28999992646277,12.4399997219443,7.86499982420355,1975,10,1976
47.4833,9.66667,1975-10-17,2.6999999396503,11.8499997351319,7.27499983739108,1975,10,1976
47.4833,9.66667,1975-10-18,5.7999998703599,8.77999980375171,7.2899998370558,1975,10,1976
47.4833,9.66667,1975-10-19,4.82999989204109,6.63999985158443,5.73499987181276,1975,10,1976
47.4833,9.66667,1975-10-20,5.14999988488853,7.32999983616173,6.23999986052513,1975,10,1976
47.4833,9.66667,1975-10-21,5.38999987952411,10.8899997565895,8.13999981805682,1975,10,1976
47.4833,9.66667,1975-10-22,4.33999990299344,10.339999768883,7.33999983593822,1975,10,1976
47.4833,9.66667,1975-10-23,3.48999992199242,11.1499997507781,7.31999983638525,1975,10,1976
47.4833,9.66667,1975-10-24,0.779999982565641,9.73999978229403,5.25999988242984,1975,10,1976
47.4833,9.66667,1975-10-25,0.689999984577298,11.8199997358024,6.25499986018986,1975,10,1976
47.4833,9.66667,1975-10-26,0.489999989047647,6.4899998549372,3.48999992199242,1975,10,1976
47.4833,9.66667,1975-10-27,1.62999996356666,9.23999979346991,5.43499987851828,1975,10,1976
47.4833,9.66667,1975-10-28,1.12999997474253,9.0699997972697,5.09999988600612,1975,10,1976
47.4833,9.66667,1975-10-29,1.1499999742955,8.76999980397522,4.95999988913536,1975,10,1976
47.4833,9.66667,1975-10-30,0.96999997831881,10.2599997706711,5.61499987449497,1975,10,1976
47.4833,9.66667,1975-10-31,0.88999998010695,11.7099997382611,6.29999985918403,1975,10,1976
47.4833,9.66667,1975-11-01,1.64999996311963,11.9699997324497,6.80999984778464,1975,11,1976
47.4833,9.66667,1975-11-02,3.22999992780387,13.5999996960163,8.41499981191009,1975,11,1976
47.4833,9.66667,1975-11-03,6.43999985605478,11.1299997512251,8.78499980363995,1975,11,1976
47.4833,9.66667,1975-11-04,4.19999990612268,10.1999997720122,7.19999983906746,1975,11,1976
47.4833,9.66667,1975-11-05,6.7199998497963,9.09999979659915,7.90999982319772,1975,11,1976
47.4833,9.66667,1975-11-06,5.74999987147748,8.15999981760979,6.95499984454364,1975,11,1976
47.4833,9.66667,1975-11-07,4.9399998895824,6.91999984532595,5.92999986745417,1975,11,1976
47.4833,9.66667,1975-11-08,3.67999991774559,6.20999986119568,4.94499988947064,1975,11,1976
47.4833,9.66667,1975-11-09,1.0899999756366,9.1299997959286,5.1099998857826,1975,11,1976
47.4833,9.66667,1975-11-10,1.24999997206032,5.06999988667667,3.1599999293685,1975,11,1976
47.4833,9.66667,1975-11-11,0.989999977871776,8.47999981045723,4.7349998941645,1975,11,1976
47.4833,9.66667,1975-11-12,-0.819999981671572,6.62999985180795,2.90499993506819,1975,11,1976
47.4833,9.66667,1975-11-13,-0.439999990165234,6.8299998473376,3.19499992858618,1975,11,1976
47.4833,9.66667,1975-11-14,0.389999991282821,7.64999982900918,4.019999910146,1975,11,1976
47.4833,9.66667,1975-11-15,4.29999990388751,7.43999983370304,5.86999986879528,1975,11,1976
47.4833,9.66667,1975-11-16,2.81999993696809,7.00999984331429,4.91499989014119,1975,11,1976
47.4833,9.66667,1975-11-17,3.56999992020428,9.64999978430569,6.60999985225499,1975,11,1976
47.4833,9.66667,1975-11-18,2.93999993428588,5.83999986946583,4.38999990187585,1975,11,1976
47.4833,9.66667,1975-11-19,1.57999996468425,3.81999991461635,2.6999999396503,1975,11,1976
47.4833,9.66667,1975-11-20,0.0799999982118607,3.2699999269098,1.67499996256083,1975,11,1976
47.4833,9.66667,1975-11-21,1.12999997474253,5.42999987863004,3.27999992668629,1975,11,1976
47.4833,9.66667,1975-11-22,-1.09999997541308,3.61999991908669,1.25999997183681,1975,11,1976
47.4833,9.66667,1975-11-23,-2.84999993629754,0.849999981001019,-0.999999977648258,1975,11,1976
47.4833,9.66667,1975-11-24,-7.749999826774,0.00999999977648258,-3.86999991349876,1975,11,1976
47.4833,9.66667,1975-11-25,-10.609999762848,-2.56999994255602,-6.58999985270202,1975,11,1976
47.4833,9.66667,1975-11-26,-7.78999982587993,1.45999996736646,-3.16499992925674,1975,11,1976
47.4833,9.66667,1975-11-27,-5.24999988265336,3.30999992601573,-0.96999997831881,1975,11,1976
47.4833,9.66667,1975-11-28,-1.96999995596707,3.50999992154539,0.769999982789159,1975,11,1976
47.4833,9.66667,1975-11-29,-1.17999997362494,8.93999980017543,3.87999991327524,1975,11,1976
47.4833,9.66667,1975-11-30,2.41999994590878,11.0999997518957,6.75999984890223,1975,11,1976
47.4833,9.66667,1975-12-01,1.28999997116625,5.78999987058342,3.53999992087483,1975,12,1976
47.4833,9.66667,1975-12-02,-0.759999983012676,1.73999996110797,0.489999989047647,1975,12,1976
47.4833,9.66667,1975-12-03,-2.68999993987381,5.52999987639487,1.41999996826053,1975,12,1976
47.4833,9.66667,1975-12-04,0.729999983683228,8.55999980866909,4.64499989617616,1975,12,1976
47.4833,9.66667,1975-12-05,-0.629999985918403,4.59999989718199,1.98499995563179,1975,12,1976
47.4833,9.66667,1975-12-06,-2.58999994210899,2.06999995373189,-0.259999994188547,1975,12,1976
47.4833,9.66667,1975-12-07,-2.89999993517995,3.86999991349876,0.484999989159405,1975,12,1976
47.4833,9.66667,1975-12-08,-1.01999997720122,5.23999988287687,2.10999995283782,1975,12,1976
47.4833,9.66667,1975-12-09,-3.66999991796911,3.27999992668629,-0.19499999564141,1975,12,1976
47.4833,9.66667,1975-12-10,-2.009999955073,2.99999993294477,0.494999988935888,1975,12,1976
47.4833,9.66667,1975-12-11,-2.29999994859099,1.38999996893108,-0.454999989829957,1975,12,1976
47.4833,9.66667,1975-12-12,-4.54999989829957,0.34999999217689,-2.09999995306134,1975,12,1976
47.4833,9.66667,1975-12-13,-5.60999987460673,2.05999995395541,-1.77499996032566,1975,12,1976
47.4833,9.66667,1975-12-14,-3.71999991685152,3.47999992221594,-0.119999997317791,1975,12,1976
47.4833,9.66667,1975-12-15,-1.88999995775521,0.769999982789159,-0.559999987483025,1975,12,1976
47.4833,9.66667,1975-12-16,-3.06999993138015,0.829999981448054,-1.11999997496605,1975,12,1976
47.4833,9.66667,1975-12-17,-3.88999991305172,-0.429999990388751,-2.15999995172024,1975,12,1976
47.4833,9.66667,1975-12-18,-3.729999916628,-0.839999981224537,-2.28499994892627,1975,12,1976
47.4833,9.66667,1975-12-19,-4.96999988891184,-2.41999994590878,-3.69499991741031,1975,12,1976
47.4833,9.66667,1975-12-20,-8.74999980442226,-3.80999991483986,-6.27999985963106,1975,12,1976
47.4833,9.66667,1975-12-21,-9.84999977983534,-4.69999989494681,-7.27499983739108,1975,12,1976
47.4833,9.66667,1975-12-22,-9.39999978989363,-2.36999994702637,-5.88499986846,1975,12,1976
47.4833,9.66667,1975-12-23,-8.21999981626868,-1.40999996848404,-4.81499989237636,1975,12,1976
47.4833,9.66667,1975-12-24,-5.46999987773597,-1.67999996244907,-3.57499992009252,1975,12,1976
47.4833,9.66667,1975-12-25,-7.26999983750284,-2.02999995462596,-4.6499998960644,1975,12,1976
47.4833,9.66667,1975-12-26,-5.87999986857176,0.0999999977648258,-2.88999993540347,1975,12,1976
47.4833,9.66667,1975-12-27,-3.0399999320507,2.66999994032085,-0.184999995864928,1975,12,1976
47.4833,9.66667,1975-12-28,-4.62999989651144,3.89999991282821,-0.364999991841614,1975,12,1976
47.4833,9.66667,1975-12-29,-4.66999989561737,2.10999995283782,-1.27999997138977,1975,12,1976
47.4833,9.66667,1975-12-30,-4.67999989539385,1.64999996311963,-1.51499996613711,1975,12,1976
47.4833,9.66667,1975-12-31,-5.95999986678362,1.07999997586012,-2.43999994546175,1975,12,1976
47.4833,9.66667,1976-01-01,-6.08999986387789,2.41999994590878,-1.83499995898455,1976,1,1976
47.4833,9.66667,1976-01-02,-2.45999994501472,5.26999988220632,1.4049999685958,1976,1,1976
47.4833,9.66667,1976-01-03,2.36999994702637,7.65999982878566,5.01499988790601,1976,1,1976
47.4833,9.66667,1976-01-04,1.68999996222556,9.93999977782369,5.81499987002462,1976,1,1976
47.4833,9.66667,1976-01-05,-2.94999993406236,3.56999992020428,0.30999999307096,1976,1,1976
47.4833,9.66667,1976-01-06,-5.18999988399446,3.98999991081655,-0.599999986588955,1976,1,1976
47.4833,9.66667,1976-01-07,1.42999996803701,5.65999987348914,3.54499992076308,1976,1,1976
47.4833,9.66667,1976-01-08,1.65999996289611,7.17999983951449,4.4199999012053,1976,1,1976
47.4833,9.66667,1976-01-09,-1.09999997541308,6.75999984890223,2.82999993674457,1976,1,1976
47.4833,9.66667,1976-01-10,-2.32999994792044,5.52999987639487,1.59999996423721,1976,1,1976
47.4833,9.66667,1976-01-11,-1.58999996446073,5.17999988421798,1.79499995987862,1976,1,1976
47.4833,9.66667,1976-01-12,2.2399999499321,5.64999987371266,3.94499991182238,1976,1,1976
47.4833,9.66667,1976-01-13,3.70999991707504,6.89999984577298,5.30499988142401,1976,1,1976
47.4833,9.66667,1976-01-14,2.66999994032085,5.99999986588955,4.3349999031052,1976,1,1976
47.4833,9.66667,1976-01-15,0.219999995082617,7.15999983996153,3.68999991752207,1976,1,1976
47.4833,9.66667,1976-01-16,0.689999984577298,4.20999990589917,2.44999994523823,1976,1,1976
47.4833,9.66667,1976-01-17,-0.729999983683228,1.3199999704957,0.294999993406236,1976,1,1976
47.4833,9.66667,1976-01-18,-0.289999993517995,2.45999994501472,1.08499997574836,1976,1,1976
47.4833,9.66667,1976-01-19,-3.4999999217689,2.84999993629754,-0.324999992735684,1976,1,1976
47.4833,9.66667,1976-01-20,-5.18999988399446,2.43999994546175,-1.37499996926636,1976,1,1976
47.4833,9.66667,1976-01-21,-2.18999995104969,4.71999989449978,1.26499997172505,1976,1,1976
47.4833,9.66667,1976-01-22,0.909999979659915,4.80999989248812,2.85999993607402,1976,1,1976
47.4833,9.66667,1976-01-23,2.18999995104969,5.9699998665601,4.07999990880489,1976,1,1976
47.4833,9.66667,1976-01-24,2.60999994166195,8.24999981559813,5.42999987863004,1976,1,1976
47.4833,9.66667,1976-01-25,-2.67999994009733,2.2399999499321,-0.219999995082617,1976,1,1976
47.4833,9.66667,1976-01-26,-5.35999988019466,-0.759999983012676,-3.05999993160367,1976,1,1976
47.4833,9.66667,1976-01-27,-6.69999985024333,-1.85999995842576,-4.27999990433455,1976,1,1976
47.4833,9.66667,1976-01-28,-8.22999981604517,-2.04999995417893,-5.13999988511205,1976,1,1976
47.4833,9.66667,1976-01-29,-9.55999978631735,-3.44999992288649,-6.50499985460192,1976,1,1976
47.4833,9.66667,1976-01-30,-16.1999996379018,-6.32999985851347,-11.2649997482076,1976,1,1976
47.4833,9.66667,1976-01-31,-16.1799996383488,-5.35999988019466,-10.7699997592717,1976,1,1976
47.4833,9.66667,1976-02-01,-9.70999978296459,-3.30999992601573,-6.50999985449016,1976,2,1976
47.4833,9.66667,1976-02-02,-9.95999977737665,-2.47999994456768,-6.21999986097217,1976,2,1976
47.4833,9.66667,1976-02-03,-6.30999985896051,-2.62999994121492,-4.46999990008771,1976,2,1976
47.4833,9.66667,1976-02-04,-6.11999986320734,-0.639999985694885,-3.37999992445111,1976,2,1976
47.4833,9.66667,1976-02-05,-6.92999984510243,0.159999996423721,-3.38499992433935,1976,2,1976
47.4833,9.66667,1976-02-06,-3.86999991349876,0.769999982789159,-1.5499999653548,1976,2,1976
47.4833,9.66667,1976-02-07,-3.50999992154539,1.0899999756366,-1.20999997295439,1976,2,1976
47.4833,9.66667,1976-02-08,-3.67999991774559,1.62999996356666,-1.02499997708946,1976,2,1976
47.4833,9.66667,1976-02-09,-4.28999990411103,1.7799999602139,-1.25499997194856,1976,2,1976
47.4833,9.66667,1976-02-10,-1.57999996468425,2.88999993540347,0.654999985359609,1976,2,1976
47.4833,9.66667,1976-02-11,-0.829999981448054,4.68999989517033,1.92999995686114,1976,2,1976
47.4833,9.66667,1976-02-12,0.139999996870756,3.97999991104007,2.05999995395541,1976,2,1976
47.4833,9.66667,1976-02-13,-3.39999992400408,2.80999993719161,-0.294999993406236,1976,2,1976
47.4833,9.66667,1976-02-14,-3.14999992959201,4.33999990299344,0.594999986700714,1976,2,1976
47.4833,9.66667,1976-02-15,0.119999997317791,2.51999994367361,1.3199999704957,1976,2,1976
47.4833,9.66667,1976-02-16,-1.68999996222556,0.409999990835786,-0.639999985694885,1976,2,1976
47.4833,9.66667,1976-02-17,-2.24999994970858,1.04999997653067,-0.599999986588955,1976,2,1976
47.4833,9.66667,1976-02-18,-2.64999994076788,2.67999994009733,0.0149999996647239,1976,2,1976
47.4833,9.66667,1976-02-19,-2.35999994724989,5.43999987840652,1.53999996557832,1976,2,1976
47.4833,9.66667,1976-02-20,-2.75999993830919,6.78999984823167,2.01499995496124,1976,2,1976
47.4833,9.66667,1976-02-21,-2.67999994009733,7.41999983415008,2.36999994702637,1976,2,1976
47.4833,9.66667,1976-02-22,-3.24999992735684,4.71999989449978,0.73499998357147,1976,2,1976
47.4833,9.66667,1976-02-23,-2.95999993383884,5.70999987237155,1.37499996926636,1976,2,1976
47.4833,9.66667,1976-02-24,-0.539999987930059,8.64999980665743,4.05499990936369,1976,2,1976
47.4833,9.66667,1976-02-25,-2.41999994590878,6.4299998562783,2.00499995518476,1976,2,1976
47.4833,9.66667,1976-02-26,-2.04999995417893,10.049999775365,3.99999991059303,1976,2,1976
47.4833,9.66667,1976-02-27,0.469999989494681,12.1999997273088,6.33499985840172,1976,2,1976
47.4833,9.66667,1976-02-28,0.34999999217689,7.98999982140958,4.16999990679324,1976,2,1976
47.4833,9.66667,1976-02-29,0.429999990388751,10.3999997675419,5.41499987896532,1976,2,1976
47.4833,9.66667,1976-03-01,-0.359999991953373,12.0499997306615,5.84499986935407,1976,3,1976
47.4833,9.66667,1976-03-02,1.5499999653548,13.2499997038394,7.39999983459711,1976,3,1976
47.4833,9.66667,1976-03-03,-0.319999992847443,11.9699997324497,5.8249998698011,1976,3,1976
47.4833,9.66667,1976-03-04,-1.68999996222556,10.7599997594953,4.53499989863485,1976,3,1976
47.4833,9.66667,1976-03-05,-2.77999993786216,8.56999980844557,2.89499993529171,1976,3,1976
47.4833,9.66667,1976-03-06,-5.20999988354743,4.89999989047647,-0.15499999653548,1976,3,1976
47.4833,9.66667,1976-03-07,-5.68999987281859,-1.29999997094274,-3.49499992188066,1976,3,1976
47.4833,9.66667,1976-03-08,-8.00999982096255,-0.449999989941716,-4.22999990545213,1976,3,1976
47.4833,9.66667,1976-03-09,-6.20999986119568,-1.26999997161329,-3.73999991640449,1976,3,1976
47.4833,9.66667,1976-03-10,-6.12999986298382,2.22999995015562,-1.9499999564141,1976,3,1976
47.4833,9.66667,1976-03-11,-6.26999985985458,2.6999999396503,-1.78499996010214,1976,3,1976
47.4833,9.66667,1976-03-12,-7.63999982923269,5.38999987952411,-1.12499997485429,1976,3,1976
47.4833,9.66667,1976-03-13,-3.79999991506338,8.3799998126924,2.28999994881451,1976,3,1976
47.4833,9.66667,1976-03-14,0.769999982789159,10.339999768883,5.55499987583607,1976,3,1976
47.4833,9.66667,1976-03-15,0.92999997921288,9.50999978743494,5.21999988332391,1976,3,1976
47.4833,9.66667,1976-03-16,2.48999994434416,9.60999978519976,6.04999986477196,1976,3,1976
47.4833,9.66667,1976-03-17,1.76999996043742,11.5099997427315,6.63999985158443,1976,3,1976
47.4833,9.66667,1976-03-18,2.62999994121492,9.50999978743494,6.06999986432493,1976,3,1976
47.4833,9.66667,1976-03-19,1.09999997541308,10.4699997659773,5.78499987069517,1976,3,1976
47.4833,9.66667,1976-03-20,3.77999991551042,6.81999984756112,5.29999988153577,1976,3,1976
47.4833,9.66667,1976-03-21,-1.05999997630715,5.2799998819828,2.10999995283782,1976,3,1976
47.4833,9.66667,1976-03-22,-4.31999990344048,4.45999990031123,0.0699999984353781,1976,3,1976
47.4833,9.66667,1976-03-23,-6.52999985404313,5.11999988555908,-0.704999984242022,1976,3,1976
47.4833,9.66667,1976-03-24,-1.3799999691546,6.78999984823167,2.70499993953854,1976,3,1976
47.4833,9.66667,1976-03-25,-0.869999980553985,6.83999984711409,2.98499993328005,1976,3,1976
47.4833,9.66667,1976-03-26,-0.0399999991059303,5.0499998871237,2.50499994400889,1976,3,1976
47.4833,9.66667,1976-03-27,2.57999994233251,12.1699997279793,7.3749998351559,1976,3,1976
47.4833,9.66667,1976-03-28,2.99999993294477,9.61999978497624,6.30999985896051,1976,3,1976
47.4833,9.66667,1976-03-29,0.649999985471368,12.369999723509,6.50999985449016,1976,3,1976
47.4833,9.66667,1976-03-30,1.11999997496605,16.099999640137,8.6099998075515,1976,3,1976
47.4833,9.66667,1976-03-31,4.69999989494681,16.9599996209145,10.8299997579306,1976,3,1976
47.4833,9.66667,1976-04-01,4.32999990321696,14.8399996683002,9.58499978575855,1976,4,1976
47.4833,9.66667,1976-04-02,3.76999991573393,19.9999995529652,11.8849997343495,1976,4,1976
47.4833,9.66667,1976-04-03,6.32999985851347,20.5499995406717,13.4399996995926,1976,4,1976
47.4833,9.66667,1976-04-04,5.91999986767769,18.5899995844811,12.2549997260794,1976,4,1976
47.4833,9.66667,1976-04-05,4.04999990947545,16.4899996314198,10.2699997704476,1976,4,1976
47.4833,9.66667,1976-04-06,4.90999989025295,18.3299995902926,11.6199997402728,1976,4,1976
47.4833,9.66667,1976-04-07,4.62999989651144,18.5399995855987,11.5849997410551,1976,4,1976
47.4833,9.66667,1976-04-08,4.05999990925193,11.0299997534603,7.54499983135611,1976,4,1976
47.4833,9.66667,1976-04-09,-0.0699999984353781,4.96999988891184,2.44999994523823,1976,4,1976
47.4833,9.66667,1976-04-10,-0.859999980777502,4.86999989114702,2.00499995518476,1976,4,1976
47.4833,9.66667,1976-04-11,-1.87999995797873,7.64999982900918,2.88499993551522,1976,4,1976
47.4833,9.66667,1976-04-12,-2.28999994881451,11.0099997539073,4.35999990254641,1976,4,1976
47.4833,9.66667,1976-04-13,-2.2399999499321,11.5799997411668,4.66999989561737,1976,4,1976
47.4833,9.66667,1976-04-14,-0.369999991729856,13.8499996904284,6.73999984934926,1976,4,1976
47.4833,9.66667,1976-04-15,1.93999995663762,14.089999685064,8.01499982085079,1976,4,1976
47.4833,9.66667,1976-04-16,3.34999992512167,16.65999962762,10.0049997763708,1976,4,1976
47.4833,9.66667,1976-04-17,2.71999993920326,16.2099996376783,9.46499978844076,1976,4,1976
47.4833,9.66667,1976-04-18,2.9299999345094,17.3099996130913,10.1199997738004,1976,4,1976
47.4833,9.66667,1976-04-19,3.61999991908669,19.7099995594472,11.6649997392669,1976,4,1976
47.4833,9.66667,1976-04-20,5.77999987080693,20.4599995426834,13.1199997067451,1976,4,1976
47.4833,9.66667,1976-04-21,5.26999988220632,19.2399995699525,12.2549997260794,1976,4,1976
47.4833,9.66667,1976-04-22,4.50999989919364,17.8599996007979,11.1849997499958,1976,4,1976
47.4833,9.66667,1976-04-23,3.57999991998076,11.0399997532368,7.30999983660877,1976,4,1976
47.4833,9.66667,1976-04-24,0.0199999995529652,4.45999990031123,2.2399999499321,1976,4,1976
47.4833,9.66667,1976-04-25,-0.199999995529652,5.05999988690019,2.42999994568527,1976,4,1976
47.4833,9.66667,1976-04-26,1.11999997496605,5.85999986901879,3.48999992199242,1976,4,1976
47.4833,9.66667,1976-04-27,0.669999985024333,7.36999983526766,4.019999910146,1976,4,1976
47.4833,9.66667,1976-04-28,3.13999992981553,12.1899997275323,7.6649998286739,1976,4,1976
47.4833,9.66667,1976-04-29,1.22999997250736,7.03999984264374,4.13499990757555,1976,4,1976
47.4833,9.66667,1976-04-30,-1.28999997116625,8.05999981984496,3.38499992433935,1976,4,1976
47.4833,9.66667,1976-05-01,-2.51999994367361,11.789999736473,4.63499989639968,1976,5,NA
47.4833,9.66667,1976-05-02,0.179999995976686,15.2599996589124,7.71999982744455,1976,5,NA
47.4833,9.66667,1976-05-03,2.88999993540347,16.5299996305257,9.70999978296459,1976,5,NA
47.4833,9.66667,1976-05-04,5.71999987214804,16.5699996296316,11.1449997508898,1976,5,NA
47.4833,9.66667,1976-05-05,8.88999980129302,14.3899996783584,11.6399997398257,1976,5,NA
47.4833,9.66667,1976-05-06,7.41999983415008,20.8899995330721,14.1549996836111,1976,5,NA
47.4833,9.66667,1976-05-07,8.59999980777502,23.9899994637817,16.2949996357784,1976,5,NA
47.4833,9.66667,1976-05-08,10.9999997541308,25.1599994376302,18.0799995958805,1976,5,NA
47.4833,9.66667,1976-05-09,11.6799997389317,25.839999422431,18.7599995806813,1976,5,NA
47.4833,9.66667,1976-05-10,12.4499997217208,25.6299994271249,19.0399995744228,1976,5,NA
47.4833,9.66667,1976-05-11,11.5499997418374,22.9999994859099,17.2749996138737,1976,5,NA
47.4833,9.66667,1976-05-12,10.3899997677654,19.4599995650351,14.9249996664003,1976,5,NA
47.4833,9.66667,1976-05-13,9.57999978587031,16.1599996387959,12.8699997123331,1976,5,NA
47.4833,9.66667,1976-05-14,6.4899998549372,11.9899997320026,9.23999979346991,1976,5,NA
47.4833,9.66667,1976-05-15,4.90999989025295,15.0699996631593,9.9899997767061,1976,5,NA
47.4833,9.66667,1976-05-16,3.53999992087483,20.6299995388836,12.0849997298792,1976,5,NA
47.4833,9.66667,1976-05-17,10.1099997740239,19.0099995750934,14.5599996745586,1976,5,NA
47.4833,9.66667,1976-05-18,8.28999981470406,22.6099994946271,15.4499996546656,1976,5,NA
47.4833,9.66667,1976-05-19,10.3299997691065,23.9699994642287,17.1499996166676,1976,5,NA
47.4833,9.66667,1976-05-20,11.2699997480959,22.7599994912744,17.0149996196851,1976,5,NA
47.4833,9.66667,1976-05-21,9.79999978095293,13.9299996886402,11.8649997347966,1976,5,NA
47.4833,9.66667,1976-05-22,7.93999982252717,11.749999737367,9.8449997799471,1976,5,NA
47.4833,9.66667,1976-05-23,5.17999988421798,9.91999977827072,7.54999983124435,1976,5,NA
47.4833,9.66667,1976-05-24,5.5099998768419,14.6099996734411,10.0599997751415,1976,5,NA
47.4833,9.66667,1976-05-25,3.25999992713332,17.8999995999038,10.5799997635186,1976,5,NA
47.4833,9.66667,1976-05-26,7.91999982297421,15.9099996443838,11.914999733679,1976,5,NA
47.4833,9.66667,1976-05-27,10.0999997742474,13.0099997092038,11.5549997417256,1976,5,NA
47.4833,9.66667,1976-05-28,6.86999984644353,13.3499997016042,10.1099997740239,1976,5,NA
47.4833,9.66667,1976-05-29,4.96999988891184,18.359999589622,11.6649997392669,1976,5,NA
47.4833,9.66667,1976-05-30,7.30999983660877,22.1999995037913,14.7549996702,1976,5,NA
47.4833,9.66667,1976-05-31,11.9899997320026,17.9899995978922,14.9899996649474,1976,5,NA
47.4833,9.66667,1976-06-01,9.84999977983534,18.2099995929748,14.0299996864051,1976,6,NA
47.4833,9.66667,1976-06-02,10.629999762401,13.9599996879697,12.2949997251853,1976,6,NA
47.4833,9.66667,1976-06-03,8.22999981604517,12.039999730885,10.1349997734651,1976,6,NA
47.4833,9.66667,1976-06-04,6.58999985270202,12.8399997130036,9.71499978285283,1976,6,NA
47.4833,9.66667,1976-06-05,5.91999986767769,13.21999970451,9.56999978609383,1976,6,NA
47.4833,9.66667,1976-06-06,5.11999988555908,16.5999996289611,10.8599997572601,1976,6,NA
47.4833,9.66667,1976-06-07,4.65999989584088,19.6299995612353,12.1449997285381,1976,6,NA
47.4833,9.66667,1976-06-08,6.32999985851347,22.4099994990975,14.3699996788055,1976,6,NA
47.4833,9.66667,1976-06-09,9.65999978408217,24.0399994626641,16.8499996233732,1976,6,NA
47.4833,9.66667,1976-06-10,11.7799997366965,25.839999422431,18.8099995795637,1976,6,NA
47.4833,9.66667,1976-06-11,14.5899996738881,21.4999995194376,18.0449995966628,1976,6,NA
47.4833,9.66667,1976-06-12,11.3699997458607,22.9299994874746,17.1499996166676,1976,6,NA
47.4833,9.66667,1976-06-13,12.6299997176975,23.9999994635582,18.3149995906278,1976,6,NA
47.4833,9.66667,1976-06-14,12.5499997194856,25.5999994277954,19.0749995736405,1976,6,NA
47.4833,9.66667,1976-06-15,13.5699996966869,25.1099994387478,19.3399995677173,1976,6,NA
47.4833,9.66667,1976-06-16,12.3599997237325,25.9599994197488,19.1599995717406,1976,6,NA
47.4833,9.66667,1976-06-17,12.7599997147918,20.5599995404482,16.65999962762,1976,6,NA
47.4833,9.66667,1976-06-18,8.6099998075515,20.1499995496124,14.379999678582,1976,6,NA
47.4833,9.66667,1976-06-19,8.40999981202185,22.8099994901568,15.6099996510893,1976,6,NA
47.4833,9.66667,1976-06-20,11.3699997458607,25.0099994409829,18.1899995934218,1976,6,NA
47.4833,9.66667,1976-06-21,13.9499996881932,25.8299994226545,19.8899995554239,1976,6,NA
47.4833,9.66667,1976-06-22,13.8299996908754,26.5299994070083,20.1799995489419,1976,6,NA
47.4833,9.66667,1976-06-23,13.6499996948987,27.3099993895739,20.4799995422363,1976,6,NA
47.4833,9.66667,1976-06-24,14.3699996788055,26.8399994000793,20.6049995394424,1976,6,NA
47.4833,9.66667,1976-06-25,13.5599996969104,27.3399993889034,20.4499995429069,1976,6,NA
47.4833,9.66667,1976-06-26,13.6999996937811,27.6699993815273,20.6849995376542,1976,6,NA
47.4833,9.66667,1976-06-27,13.5999996960163,27.7299993801862,20.6649995381013,1976,6,NA
47.4833,9.66667,1976-06-28,12.4599997214973,28.2899993676692,20.3749995445833,1976,6,NA
47.4833,9.66667,1976-06-29,13.0299997087568,28.4499993640929,20.7399995364249,1976,6,NA
47.4833,9.66667,1976-06-30,14.1799996830523,29.2699993457645,21.7249995144084,1976,6,NA
47.4833,9.66667,1976-07-01,15.0799996629357,29.7799993343651,22.4299994986504,1976,7,NA
47.4833,9.66667,1976-07-02,14.8599996678531,29.9999993294477,22.4299994986504,1976,7,NA
47.4833,9.66667,1976-07-03,14.4299996774644,29.8099993336946,22.1199995055795,1976,7,NA
47.4833,9.66667,1976-07-04,14.6399996727705,28.1999993696809,21.4199995212257,1976,7,NA
47.4833,9.66667,1976-07-05,14.4599996767938,28.7999993562698,21.6299995165318,1976,7,NA
47.4833,9.66667,1976-07-06,15.9099996443838,29.7499993350357,22.8299994897097,1976,7,NA
47.4833,9.66667,1976-07-07,15.4699996542186,28.8599993549287,22.1649995045736,1976,7,NA
47.4833,9.66667,1976-07-08,14.1199996843934,27.0499993953854,20.5849995398894,1976,7,NA
47.4833,9.66667,1976-07-09,13.799999691546,27.9199993759394,20.8599995337427,1976,7,NA
47.4833,9.66667,1976-07-10,14.0099996868521,24.969999441877,19.4899995643646,1976,7,NA
47.4833,9.66667,1976-07-11,14.0799996852875,21.1299995277077,17.6049996064976,1976,7,NA
47.4833,9.66667,1976-07-12,12.5499997194856,27.2599993906915,19.9049995550886,1976,7,NA
47.4833,9.66667,1976-07-13,15.1799996607006,27.6699993815273,21.4249995211139,1976,7,NA
47.4833,9.66667,1976-07-14,15.6399996504188,22.5299994964153,19.084999573417,1976,7,NA
47.4833,9.66667,1976-07-15,14.1699996832758,24.6099994499236,19.3899995665997,1976,7,NA
47.4833,9.66667,1976-07-16,14.3899996783584,27.2199993915856,20.804999534972,1976,7,NA
47.4833,9.66667,1976-07-17,16.079999640584,30.2799993231893,23.1799994818866,1976,7,NA
47.4833,9.66667,1976-07-18,17.8699996005744,29.3899993430823,23.6299994718283,1976,7,NA
47.4833,9.66667,1976-07-19,16.1699996385723,27.269999390468,21.7199995145202,1976,7,NA
47.4833,9.66667,1976-07-20,16.2799996361136,26.0199994184077,21.1499995272607,1976,7,NA
47.4833,9.66667,1976-07-21,16.079999640584,19.2199995703995,17.6499996054918,1976,7,NA
47.4833,9.66667,1976-07-22,12.7399997152388,19.3399995677173,16.0399996414781,1976,7,NA
47.4833,9.66667,1976-07-23,10.3499997686595,14.0199996866286,12.184999727644,1976,7,NA
47.4833,9.66667,1976-07-24,8.53999980911613,11.4899997431785,10.0149997761473,1976,7,NA
47.4833,9.66667,1976-07-25,10.5599997639656,15.6099996510893,13.0849997075275,1976,7,NA
47.4833,9.66667,1976-07-26,10.8499997574836,14.649999672547,12.7499997150153,1976,7,NA
47.4833,9.66667,1976-07-27,10.2199997715652,12.8099997136742,11.5149997426197,1976,7,NA
47.4833,9.66667,1976-07-28,10.049999775365,17.1799996159971,13.614999695681,1976,7,NA
47.4833,9.66667,1976-07-29,13.0199997089803,21.2299995254725,17.1249996172264,1976,7,NA
47.4833,9.66667,1976-07-30,13.2399997040629,20.7099995370954,16.9749996205792,1976,7,NA
47.4833,9.66667,1976-07-31,9.73999978229403,23.0599994845688,16.3999996334314,1976,7,NA
47.4833,9.66667,1976-08-01,13.4799996986985,23.2199994809926,18.3499995898455,1976,8,NA
47.4833,9.66667,1976-08-02,10.0999997742474,14.8799996674061,12.4899997208267,1976,8,NA
47.4833,9.66667,1976-08-03,7.44999983347952,18.379999589175,12.9149997113273,1976,8,NA
47.4833,9.66667,1976-08-04,9.07999979704618,21.9399995096028,15.5099996533245,1976,8,NA
47.4833,9.66667,1976-08-05,12.0099997315556,20.7699995357543,16.389999633655,1976,8,NA
47.4833,9.66667,1976-08-06,11.5899997409433,18.379999589175,14.9849996650591,1976,8,NA
47.4833,9.66667,1976-08-07,8.62999980710447,21.799999512732,15.2149996599182,1976,8,NA
47.4833,9.66667,1976-08-08,10.31999976933,23.2099994812161,16.764999625273,1976,8,NA
47.4833,9.66667,1976-08-09,10.9099997561425,24.0899994615465,17.4999996088445,1976,8,NA
47.4833,9.66667,1976-08-10,13.2499997038394,18.5199995860457,15.8849996449426,1976,8,NA
47.4833,9.66667,1976-08-11,11.7799997366965,17.0299996193498,14.4049996780232,1976,8,NA
47.4833,9.66667,1976-08-12,12.8299997132272,16.9899996202439,14.9099996667355,1976,8,NA
47.4833,9.66667,1976-08-13,11.4099997449666,20.6199995391071,16.0149996420369,1976,8,NA
47.4833,9.66667,1976-08-14,11.6599997393787,22.2099995035678,16.9349996214733,1976,8,NA
47.4833,9.66667,1976-08-15,10.629999762401,22.4099994990975,16.5199996307492,1976,8,NA
47.4833,9.66667,1976-08-16,10.8199997581542,22.4399994984269,16.6299996282905,1976,8,NA
47.4833,9.66667,1976-08-17,13.2099997047335,17.3999996110797,15.3049996579066,1976,8,NA
47.4833,9.66667,1976-08-18,12.1099997293204,17.819999601692,14.9649996655062,1976,8,NA
47.4833,9.66667,1976-08-19,10.1199997738004,18.10999959521,14.1149996845052,1976,8,NA
47.4833,9.66667,1976-08-20,9.15999979525805,17.9099995996803,13.5349996974692,1976,8,NA
47.4833,9.66667,1976-08-21,9.16999979503453,19.2899995688349,14.2299996819347,1976,8,NA
47.4833,9.66667,1976-08-22,10.0399997755885,20.2199995480478,15.1299996618181,1976,8,NA
47.4833,9.66667,1976-08-23,7.72999982722104,19.5899995621294,13.6599996946752,1976,8,NA
47.4833,9.66667,1976-08-24,7.67999982833862,19.1199995726347,13.3999997004867,1976,8,NA
47.4833,9.66667,1976-08-25,9.49999978765845,22.3299995008856,15.914999644272,1976,8,NA
47.4833,9.66667,1976-08-26,10.1899997722358,22.5899994950742,16.389999633655,1976,8,NA
47.4833,9.66667,1976-08-27,10.1099997740239,22.2799995020032,16.1949996380135,1976,8,NA
47.4833,9.66667,1976-08-28,10.6199997626245,17.509999608621,14.0649996856228,1976,8,NA
47.4833,9.66667,1976-08-29,11.5299997422844,20.09999955073,15.8149996465072,1976,8,NA
47.4833,9.66667,1976-08-30,11.3799997456372,24.2199994586408,17.799999602139,1976,8,NA
47.4833,9.66667,1976-08-31,13.6999996937811,22.0999995060265,17.8999995999038,1976,8,NA
47.4833,9.66667,1976-09-01,11.0999997518957,16.2799996361136,13.6899996940047,1976,9,NA
47.4833,9.66667,1976-09-02,11.1599997505546,17.6499996054918,14.4049996780232,1976,9,NA
47.4833,9.66667,1976-09-03,11.3199997469783,18.4899995867163,14.9049996668473,1976,9,NA
47.4833,9.66667,1976-09-04,8.18999981693923,12.9399997107685,10.5649997638538,1976,9,NA
47.4833,9.66667,1976-09-05,6.73999984934926,12.4399997219443,9.5899997856468,1976,9,NA
47.4833,9.66667,1976-09-06,7.53999983146787,12.4999997206032,10.0199997760355,1976,9,NA
47.4833,9.66667,1976-09-07,5.58999987505376,16.6799996271729,11.1349997511134,1976,9,NA
47.4833,9.66667,1976-09-08,4.32999990321696,18.7599995806813,11.5449997419491,1976,9,NA
47.4833,9.66667,1976-09-09,8.18999981693923,20.7699995357543,14.4799996763468,1976,9,NA
47.4833,9.66667,1976-09-10,10.7199997603893,20.0499995518476,15.3849996561185,1976,9,NA
47.4833,9.66667,1976-09-11,6.94999984465539,11.8899997342378,9.41999978944659,1976,9,NA
47.4833,9.66667,1976-09-12,3.45999992266297,16.8399996235967,10.1499997731298,1976,9,NA
47.4833,9.66667,1976-09-13,8.3799998126924,19.9299995545298,14.1549996836111,1976,9,NA
47.4833,9.66667,1976-09-14,11.6199997402728,19.7999995574355,15.7099996488541,1976,9,NA
47.4833,9.66667,1976-09-15,8.72999980486929,14.9799996651709,11.8549997350201,1976,9,NA
47.4833,9.66667,1976-09-16,8.13999981805682,17.2499996144325,12.6949997162446,1976,9,NA
47.4833,9.66667,1976-09-17,5.70999987237155,11.3699997458607,8.53999980911613,1976,9,NA
47.4833,9.66667,1976-09-18,5.84999986924231,13.9699996877462,9.90999977849424,1976,9,NA
47.4833,9.66667,1976-09-19,7.749999826774,14.1199996843934,10.9349997555837,1976,9,NA
47.4833,9.66667,1976-09-20,4.55999989807606,16.4599996320903,10.5099997650832,1976,9,NA
47.4833,9.66667,1976-09-21,5.30999988131225,15.8799996450543,10.5949997631833,1976,9,NA
47.4833,9.66667,1976-09-22,6.11999986320734,15.7799996472895,10.9499997552484,1976,9,NA
47.4833,9.66667,1976-09-23,4.53999989852309,16.65999962762,10.5999997630715,1976,9,NA
47.4833,9.66667,1976-09-24,6.56999985314906,18.2399995923042,12.4049997227266,1976,9,NA
47.4833,9.66667,1976-09-25,9.43999978899956,20.5699995402247,15.0049996646121,1976,9,NA
47.4833,9.66667,1976-09-26,9.759999781847,21.5999995172024,15.6799996495247,1976,9,NA
47.4833,9.66667,1976-09-27,10.9999997541308,18.4099995885044,14.7049996713176,1976,9,NA
47.4833,9.66667,1976-09-28,10.9099997561425,23.3099994789809,17.1099996175617,1976,9,NA
47.4833,9.66667,1976-09-29,14.1899996828288,21.8799995109439,18.0349995968863,1976,9,NA
47.4833,9.66667,1976-09-30,13.5299996975809,17.239999614656,15.3849996561185,1976,9,NA
47.4833,9.66667,1976-10-01,10.9899997543544,18.3899995889515,14.6899996716529,1976,10,1977
47.4833,9.66667,1976-10-02,11.8899997342378,17.4299996104091,14.6599996723235,1976,10,1977
47.4833,9.66667,1976-10-03,11.8499997351319,16.2299996372312,14.0399996861815,1976,10,1977
47.4833,9.66667,1976-10-04,11.6399997398257,15.0199996642768,13.3299997020513,1976,10,1977
47.4833,9.66667,1976-10-05,9.88999977894127,18.2499995920807,14.069999685511,1976,10,1977
47.4833,9.66667,1976-10-06,7.49999983236194,13.0499997083098,10.2749997703359,1976,10,1977
47.4833,9.66667,1976-10-07,4.4799998998642,16.1799996383488,10.3299997691065,1976,10,1977
47.4833,9.66667,1976-10-08,7.25999983772635,20.0199995525181,13.6399996951222,1976,10,1977
47.4833,9.66667,1976-10-09,8.1499998178333,20.9199995324016,14.5349996751174,1976,10,1977
47.4833,9.66667,1976-10-10,9.14999979548156,21.7199995145202,15.4349996550009,1976,10,1977
47.4833,9.66667,1976-10-11,8.1499998178333,20.1099995505065,14.1299996841699,1976,10,1977
47.4833,9.66667,1976-10-12,7.82999982498586,20.2399995476007,14.0349996862933,1976,10,1977
47.4833,9.66667,1976-10-13,10.2799997702241,19.8499995563179,15.064999663271,1976,10,1977
47.4833,9.66667,1976-10-14,8.63999980688095,12.2099997270852,10.4249997669831,1976,10,1977
47.4833,9.66667,1976-10-15,8.00999982096255,14.7699996698648,11.3899997454137,1976,10,1977
47.4833,9.66667,1976-10-16,6.33999985828996,10.1999997720122,8.2699998151511,1976,10,1977
47.4833,9.66667,1976-10-17,2.64999994076788,12.2399997264147,7.44499983359128,1976,10,1977
47.4833,9.66667,1976-10-18,5.3399998806417,9.41999978944659,7.37999983504415,1976,10,1977
47.4833,9.66667,1976-10-19,4.14999990724027,13.3199997022748,8.73499980475754,1976,10,1977
47.4833,9.66667,1976-10-20,5.59999987483025,12.889999711886,9.24499979335815,1976,10,1977
47.4833,9.66667,1976-10-21,5.91999986767769,14.9099996667355,10.4149997672066,1976,10,1977
47.4833,9.66667,1976-10-22,5.29999988153577,12.3999997228384,8.84999980218709,1976,10,1977
47.4833,9.66667,1976-10-23,2.99999993294477,12.6899997163564,7.84499982465059,1976,10,1977
47.4833,9.66667,1976-10-24,3.1599999293685,13.3899997007102,8.27499981503934,1976,10,1977
47.4833,9.66667,1976-10-25,4.35999990254641,10.3799997679889,7.36999983526766,1976,10,1977
47.4833,9.66667,1976-10-26,4.86999989114702,11.9399997331202,8.40499981213361,1976,10,1977
47.4833,9.66667,1976-10-27,4.9399998895824,16.0899996403605,10.5149997649714,1976,10,1977
47.4833,9.66667,1976-10-28,5.37999987974763,9.90999977849424,7.64499982912093,1976,10,1977
47.4833,9.66667,1976-10-29,7.35999983549118,11.0699997525662,9.2149997940287,1976,10,1977
47.4833,9.66667,1976-10-30,5.67999987304211,10.5199997648597,8.09999981895089,1976,10,1977
47.4833,9.66667,1976-10-31,5.12999988533556,9.55999978631735,7.34499983582646,1976,10,1977
47.4833,9.66667,1976-11-01,6.64999985136092,10.2299997713417,8.4399998113513,1976,11,1977
47.4833,9.66667,1976-11-02,5.92999986745417,9.79999978095293,7.86499982420355,1976,11,1977
47.4833,9.66667,1976-11-03,5.21999988332391,11.499999742955,8.35999981313944,1976,11,1977
47.4833,9.66667,1976-11-04,2.54999994300306,7.10999984107912,4.82999989204109,1976,11,1977
47.4833,9.66667,1976-11-05,1.07999997586012,4.66999989561737,2.87499993573874,1976,11,1977
47.4833,9.66667,1976-11-06,2.41999994590878,8.6699998062104,5.54499987605959,1976,11,1977
47.4833,9.66667,1976-11-07,0.239999994635582,6.21999986097217,3.22999992780387,1976,11,1977
47.4833,9.66667,1976-11-08,1.56999996490777,6.30999985896051,3.93999991193414,1976,11,1977
47.4833,9.66667,1976-11-09,1.39999996870756,11.0599997527897,6.22999986074865,1976,11,1977
47.4833,9.66667,1976-11-10,2.06999995373189,12.0099997315556,7.03999984264374,1976,11,1977
47.4833,9.66667,1976-11-11,7.1199998408556,16.8799996227026,11.9999997317791,1976,11,1977
47.4833,9.66667,1976-11-12,4.80999989248812,9.66999978385866,7.23999983817339,1976,11,1977
47.4833,9.66667,1976-11-13,-0.0699999984353781,7.36999983526766,3.64999991841614,1976,11,1977
47.4833,9.66667,1976-11-14,2.33999994769692,6.6599998511374,4.49999989941716,1976,11,1977
47.4833,9.66667,1976-11-15,3.00999993272126,4.78999989293516,3.89999991282821,1976,11,1977
47.4833,9.66667,1976-11-16,3.22999992780387,5.1099998857826,4.16999990679324,1976,11,1977
47.4833,9.66667,1976-11-17,3.34999992512167,6.07999986410141,4.71499989461154,1976,11,1977
47.4833,9.66667,1976-11-18,2.4099999461323,4.88999989069998,3.64999991841614,1976,11,1977
47.4833,9.66667,1976-11-19,1.35999996960163,4.80999989248812,3.08499993104488,1976,11,1977
47.4833,9.66667,1976-11-20,0.529999988153577,3.85999991372228,2.19499995093793,1976,11,1977
47.4833,9.66667,1976-11-21,-0.999999977648258,2.48999994434416,0.744999983347952,1976,11,1977
47.4833,9.66667,1976-11-22,-2.02999995462596,2.49999994412065,0.234999994747341,1976,11,1977
47.4833,9.66667,1976-11-23,-0.88999998010695,1.65999996289611,0.384999991394579,1976,11,1977
47.4833,9.66667,1976-11-24,-0.979999978095293,1.87999995797873,0.449999989941716,1976,11,1977
47.4833,9.66667,1976-11-25,-1.16999997384846,2.62999994121492,0.729999983683228,1976,11,1977
47.4833,9.66667,1976-11-26,-0.439999990165234,2.64999994076788,1.10499997530133,1976,11,1977
47.4833,9.66667,1976-11-27,1.06999997608364,5.75999987125397,3.4149999236688,1976,11,1977
47.4833,9.66667,1976-11-28,-1.3199999704957,7.13999984040856,2.90999993495643,1976,11,1977
47.4833,9.66667,1976-11-29,-0.539999987930059,7.5199998319149,3.48999992199242,1976,11,1977
47.4833,9.66667,1976-11-30,1.16999997384846,9.00999979861081,5.08999988622963,1976,11,1977
47.4833,9.66667,1976-12-01,-0.0999999977648258,11.5399997420609,5.71999987214804,1976,12,1977
47.4833,9.66667,1976-12-02,3.10999993048608,8.06999981962144,5.58999987505376,1976,12,1977
47.4833,9.66667,1976-12-03,1.1499999742955,5.54999987594783,3.34999992512167,1976,12,1977
47.4833,9.66667,1976-12-04,-0.729999983683228,2.26999994926155,0.769999982789159,1976,12,1977
47.4833,9.66667,1976-12-05,-2.85999993607402,1.75999996066093,-0.549999987706542,1976,12,1977
47.4833,9.66667,1976-12-06,-2.68999993987381,3.29999992623925,0.304999993182719,1976,12,1977
47.4833,9.66667,1976-12-07,-4.31999990344048,5.42999987863004,0.554999987594783,1976,12,1977
47.4833,9.66667,1976-12-08,-0.459999989718199,7.1199998408556,3.3299999255687,1976,12,1977
47.4833,9.66667,1976-12-09,1.5499999653548,6.73999984934926,4.14499990735203,1976,12,1977
47.4833,9.66667,1976-12-10,2.51999994367361,5.83999986946583,4.17999990656972,1976,12,1977
47.4833,9.66667,1976-12-11,-0.92999997921288,2.35999994724989,0.714999984018505,1976,12,1977
47.4833,9.66667,1976-12-12,-4.07999990880489,-0.749999983236194,-2.41499994602054,1976,12,1977
47.4833,9.66667,1976-12-13,-2.56999994255602,-0.519999988377094,-1.54499996546656,1976,12,1977
47.4833,9.66667,1976-12-14,-6.64999985136092,-0.589999986812472,-3.61999991908669,1976,12,1977
47.4833,9.66667,1976-12-15,-8.97999979928136,-1.68999996222556,-5.33499988075346,1976,12,1977
47.4833,9.66667,1976-12-16,-11.7799997366965,-3.62999991886318,-7.70499982777983,1976,12,1977
47.4833,9.66667,1976-12-17,-13.5799996964633,-4.98999988846481,-9.28499979246408,1976,12,1977
47.4833,9.66667,1976-12-18,-9.8199997805059,-1.16999997384846,-5.49499987717718,1976,12,1977
47.4833,9.66667,1976-12-19,-5.49999987706542,1.57999996468425,-1.95999995619059,1976,12,1977
47.4833,9.66667,1976-12-20,-3.82999991439283,0.529999988153577,-1.64999996311963,1976,12,1977
47.4833,9.66667,1976-12-21,-4.4199999012053,0.229999994859099,-2.0949999531731,1976,12,1977
47.4833,9.66667,1976-12-22,-4.8799998909235,0.979999978095293,-1.9499999564141,1976,12,1977
47.4833,9.66667,1976-12-23,-6.15999986231327,0.0699999984353781,-3.04499993193895,1976,12,1977
47.4833,9.66667,1976-12-24,-7.0599998421967,-3.75999991595745,-5.40999987907708,1976,12,1977
47.4833,9.66667,1976-12-25,-7.90999982319772,-4.55999989807606,-6.23499986063689,1976,12,1977
47.4833,9.66667,1976-12-26,-7.40999983437359,-3.06999993138015,-5.23999988287687,1976,12,1977
47.4833,9.66667,1976-12-27,-6.56999985314906,-2.4699999447912,-4.51999989897013,1976,12,1977
47.4833,9.66667,1976-12-28,-11.9099997337908,-3.93999991193414,-7.92499982286245,1976,12,1977
47.4833,9.66667,1976-12-29,-10.0899997744709,-1.68999996222556,-5.88999986834824,1976,12,1977
47.4833,9.66667,1976-12-30,-7.13999984040856,-3.62999991886318,-5.38499987963587,1976,12,1977
47.4833,9.66667,1976-12-31,-12.7399997152388,-4.57999989762902,-8.65999980643392,1976,12,1977
47.4833,9.66667,1977-01-01,-11.9499997328967,4.74999989382923,-3.59999991953373,1977,1,1977
47.4833,9.66667,1977-01-02,-0.469999989494681,11.0699997525662,5.29999988153577,1977,1,1977
47.4833,9.66667,1977-01-03,1.16999997384846,4.54999989829957,2.85999993607402,1977,1,1977
47.4833,9.66667,1977-01-04,-0.129999997094274,2.24999994970858,1.05999997630715,1977,1,1977
47.4833,9.66667,1977-01-05,-1.00999997742474,1.10999997518957,0.0499999988824129,1977,1,1977
47.4833,9.66667,1977-01-06,-2.33999994769692,1.20999997295439,-0.564999987371266,1977,1,1977
47.4833,9.66667,1977-01-07,-1.40999996848404,0.849999981001019,-0.279999993741512,1977,1,1977
47.4833,9.66667,1977-01-08,-2.49999994412065,0.339999992400408,-1.07999997586012,1977,1,1977
47.4833,9.66667,1977-01-09,-1.7799999602139,1.53999996557832,-0.119999997317791,1977,1,1977
47.4833,9.66667,1977-01-10,-1.66999996267259,1.06999997608364,-0.299999993294477,1977,1,1977
47.4833,9.66667,1977-01-11,-2.85999993607402,4.38999990187585,0.764999982900918,1977,1,1977
47.4833,9.66667,1977-01-12,-2.70999993942678,1.95999995619059,-0.374999991618097,1977,1,1977
47.4833,9.66667,1977-01-13,-1.90999995730817,0,-0.954999978654087,1977,1,1977
47.4833,9.66667,1977-01-14,-5.12999988533556,1.42999996803701,-1.84999995864928,1977,1,1977
47.4833,9.66667,1977-01-15,-7.54999983124435,0.259999994188547,-3.6449999185279,1977,1,1977
47.4833,9.66667,1977-01-16,-2.78999993763864,1.69999996200204,-0.544999987818301,1977,1,1977
47.4833,9.66667,1977-01-17,-1.82999995909631,0.139999996870756,-0.844999981112778,1977,1,1977
47.4833,9.66667,1977-01-18,-2.78999993763864,-0.229999994859099,-1.50999996624887,1977,1,1977
47.4833,9.66667,1977-01-19,-10.049999775365,-2.22999995015562,-6.13999986276031,1977,1,1977
47.4833,9.66667,1977-01-20,-10.899999756366,0.96999997831881,-4.9649998890236,1977,1,1977
47.4833,9.66667,1977-01-21,-1.67999996244907,4.44999990053475,1.38499996904284,1977,1,1977
47.4833,9.66667,1977-01-22,-4.58999989740551,3.69999991729856,-0.444999990053475,1977,1,1977
47.4833,9.66667,1977-01-23,-3.00999993272126,2.90999993495643,-0.0499999988824129,1977,1,1977
47.4833,9.66667,1977-01-24,-0.529999988153577,6.30999985896051,2.88999993540347,1977,1,1977
47.4833,9.66667,1977-01-25,-2.08999995328486,4.52999989874661,1.21999997273088,1977,1,1977
47.4833,9.66667,1977-01-26,-2.07999995350838,5.97999986633658,1.9499999564141,1977,1,1977
47.4833,9.66667,1977-01-27,2.55999994277954,7.59999983012676,5.07999988645315,1977,1,1977
47.4833,9.66667,1977-01-28,2.59999994188547,7.41999983415008,5.00999988801777,1977,1,1977
47.4833,9.66667,1977-01-29,1.27999997138977,7.20999983884394,4.24499990511686,1977,1,1977
47.4833,9.66667,1977-01-30,0.649999985471368,3.58999991975725,2.11999995261431,1977,1,1977
47.4833,9.66667,1977-01-31,-0.34999999217689,2.33999994769692,0.994999977760017,1977,1,1977
47.4833,9.66667,1977-02-01,-2.42999994568527,2.33999994769692,-0.0449999989941716,1977,2,1977
47.4833,9.66667,1977-02-02,-1.66999996267259,2.04999995417893,0.189999995753169,1977,2,1977
47.4833,9.66667,1977-02-03,-3.14999992959201,2.77999993786216,-0.184999995864928,1977,2,1977
47.4833,9.66667,1977-02-04,-5.59999987483025,3.48999992199242,-1.05499997641891,1977,2,1977
47.4833,9.66667,1977-02-05,-1.62999996356666,8.54999980889261,3.45999992266297,1977,2,1977
47.4833,9.66667,1977-02-06,3.82999991439283,9.66999978385866,6.74999984912574,1977,2,1977
47.4833,9.66667,1977-02-07,4.31999990344048,7.37999983504415,5.84999986924231,1977,2,1977
47.4833,9.66667,1977-02-08,3.53999992087483,11.0599997527897,7.29999983683228,1977,2,1977
47.4833,9.66667,1977-02-09,3.93999991193414,8.56999980844557,6.25499986018986,1977,2,1977
47.4833,9.66667,1977-02-10,3.29999992623925,6.50999985449016,4.90499989036471,1977,2,1977
47.4833,9.66667,1977-02-11,3.91999991238117,8.35999981313944,6.13999986276031,1977,2,1977
47.4833,9.66667,1977-02-12,2.25999994948506,9.24999979324639,5.75499987136573,1977,2,1977
47.4833,9.66667,1977-02-13,1.93999995663762,5.81999986991286,3.87999991327524,1977,2,1977
47.4833,9.66667,1977-02-14,2.009999955073,6.8299998473376,4.4199999012053,1977,2,1977
47.4833,9.66667,1977-02-15,-2.05999995395541,6.16999986208975,2.05499995406717,1977,2,1977
47.4833,9.66667,1977-02-16,-2.48999994434416,6.33999985828996,1.9249999569729,1977,2,1977
47.4833,9.66667,1977-02-17,-1.32999997027218,3.67999991774559,1.1749999737367,1977,2,1977
47.4833,9.66667,1977-02-18,-1.73999996110797,5.54999987594783,1.90499995741993,1977,2,1977
47.4833,9.66667,1977-02-19,2.90999993495643,10.1099997740239,6.50999985449016,1977,2,1977
47.4833,9.66667,1977-02-20,2.88999993540347,13.4599996991456,8.17499981727451,1977,2,1977
47.4833,9.66667,1977-02-21,4.04999990947545,14.9899996649474,9.51999978721142,1977,2,1977
47.4833,9.66667,1977-02-22,3.65999991819263,9.72999978251755,6.69499985035509,1977,2,1977
47.4833,9.66667,1977-02-23,0.609999986365438,9.84999977983534,5.22999988310039,1977,2,1977
47.4833,9.66667,1977-02-24,2.39999994635582,12.2499997261912,7.32499983627349,1977,2,1977
47.4833,9.66667,1977-02-25,3.41999992355704,13.1599997058511,8.28999981470406,1977,2,1977
47.4833,9.66667,1977-02-26,3.39999992400408,7.42999983392656,5.41499987896532,1977,2,1977
47.4833,9.66667,1977-02-27,1.00999997742474,4.43999990075827,2.7249999390915,1977,2,1977
47.4833,9.66667,1977-02-28,-2.70999993942678,1.23999997228384,-0.73499998357147,1977,2,1977
47.4833,9.66667,1977-03-01,-3.80999991483986,2.50999994389713,-0.649999985471368,1977,3,1977
47.4833,9.66667,1977-03-02,-5.29999988153577,6.28999985940754,0.494999988935888,1977,3,1977
47.4833,9.66667,1977-03-03,-1.95999995619059,4.91999989002943,1.47999996691942,1977,3,1977
47.4833,9.66667,1977-03-04,3.52999992109835,13.4499996993691,8.48999981023371,1977,3,1977
47.4833,9.66667,1977-03-05,7.79999982565641,16.2899996358901,12.0449997307733,1977,3,1977
47.4833,9.66667,1977-03-06,6.31999985873699,12.8199997134507,9.56999978609383,1977,3,1977
47.4833,9.66667,1977-03-07,2.55999994277954,14.5199996754527,8.53999980911613,1977,3,1977
47.4833,9.66667,1977-03-08,2.18999995104969,13.3799997009337,7.78499982599169,1977,3,1977
47.4833,9.66667,1977-03-09,5.35999988019466,14.8699996676296,10.1149997739121,1977,3,1977
47.4833,9.66667,1977-03-10,4.17999990656972,17.0699996184558,10.6249997625127,1977,3,1977
47.4833,9.66667,1977-03-11,4.13999990746379,14.8899996671826,9.51499978732318,1977,3,1977
47.4833,9.66667,1977-03-12,4.54999989829957,13.2399997040629,8.89499980118126,1977,3,1977
47.4833,9.66667,1977-03-13,2.73999993875623,7.55999983102083,5.14999988488853,1977,3,1977
47.4833,9.66667,1977-03-14,2.35999994724989,9.08999979682267,5.72499987203628,1977,3,1977
47.4833,9.66667,1977-03-15,3.96999991126359,11.189999749884,7.5799998305738,1977,3,1977
47.4833,9.66667,1977-03-16,2.68999993987381,12.2799997255206,7.48499983269721,1977,3,1977
47.4833,9.66667,1977-03-17,2.81999993696809,16.5099996309727,9.66499978397042,1977,3,1977
47.4833,9.66667,1977-03-18,4.20999990589917,15.3499996569008,9.77999978139997,1977,3,1977
47.4833,9.66667,1977-03-19,3.53999992087483,12.2999997250736,7.91999982297421,1977,3,1977
47.4833,9.66667,1977-03-20,4.28999990411103,7.5799998305738,5.93499986734241,1977,3,1977
47.4833,9.66667,1977-03-21,1.02999997697771,10.1499997731298,5.58999987505376,1977,3,1977
47.4833,9.66667,1977-03-22,3.31999992579222,10.3299997691065,6.82499984744936,1977,3,1977
47.4833,9.66667,1977-03-23,4.00999991036952,14.0799996852875,9.0449997978285,1977,3,1977
47.4833,9.66667,1977-03-24,5.16999988444149,19.1999995708466,12.184999727644,1977,3,1977
47.4833,9.66667,1977-03-25,7.89999982342124,16.1099996399134,12.0049997316673,1977,3,1977
47.4833,9.66667,1977-03-26,7.89999982342124,14.629999672994,11.2649997482076,1977,3,1977
47.4833,9.66667,1977-03-27,4.68999989517033,16.4899996314198,10.5899997632951,1977,3,1977
47.4833,9.66667,1977-03-28,7.39999983459711,10.6399997621775,9.01999979838729,1977,3,1977
47.4833,9.66667,1977-03-29,-0.339999992400408,9.13999979570508,4.39999990165234,1977,3,1977
47.4833,9.66667,1977-03-30,-2.84999993629754,0.709999984130263,-1.06999997608364,1977,3,1977
47.4833,9.66667,1977-03-31,-3.43999992311001,0.469999989494681,-1.48499996680766,1977,3,1977
47.4833,9.66667,1977-04-01,-3.11999993026257,2.56999994255602,-0.274999993853271,1977,4,1977
47.4833,9.66667,1977-04-02,-2.34999994747341,10.1699997726828,3.90999991260469,1977,4,1977
47.4833,9.66667,1977-04-03,5.86999986879528,14.0099996868521,9.93999977782369,1977,4,1977
47.4833,9.66667,1977-04-04,4.49999989941716,12.5099997203797,8.50499980989844,1977,4,1977
47.4833,9.66667,1977-04-05,0.149999996647239,9.89999977871776,5.0249998876825,1977,4,1977
47.4833,9.66667,1977-04-06,1.11999997496605,7.87999982386827,4.49999989941716,1977,4,1977
47.4833,9.66667,1977-04-07,-1.68999996222556,13.2699997033924,5.78999987058342,1977,4,1977
47.4833,9.66667,1977-04-08,2.60999994166195,7.89999982342124,5.2549998825416,1977,4,1977
47.4833,9.66667,1977-04-09,-0.649999985471368,3.06999993138015,1.20999997295439,1977,4,1977
47.4833,9.66667,1977-04-10,-1.62999996356666,0.849999981001019,-0.389999991282821,1977,4,1977
47.4833,9.66667,1977-04-11,-1.95999995619059,2.4699999447912,0.254999994300306,1977,4,1977
47.4833,9.66667,1977-04-12,-2.28999994881451,3.69999991729856,0.704999984242022,1977,4,1977
47.4833,9.66667,1977-04-13,-0.379999991506338,5.23999988287687,2.42999994568527,1977,4,1977
47.4833,9.66667,1977-04-14,0.119999997317791,5.84999986924231,2.98499993328005,1977,4,1977
47.4833,9.66667,1977-04-15,0.719999983906746,5.11999988555908,2.91999993473291,1977,4,1977
47.4833,9.66667,1977-04-16,-0.189999995753169,4.07999990880489,1.94499995652586,1977,4,1977
47.4833,9.66667,1977-04-17,-0.329999992623925,4.78999989293516,2.22999995015562,1977,4,1977
47.4833,9.66667,1977-04-18,-2.82999993674457,13.8299996908754,5.49999987706542,1977,4,1977
47.4833,9.66667,1977-04-19,1.95999995619059,13.6699996944517,7.81499982532114,1977,4,1977
47.4833,9.66667,1977-04-20,2.78999993763864,7.71999982744455,5.2549998825416,1977,4,1977
47.4833,9.66667,1977-04-21,0.739999983459711,10.7699997592717,5.75499987136573,1977,4,1977
47.4833,9.66667,1977-04-22,0.0699999984353781,13.489999698475,6.77999984845519,1977,4,1977
47.4833,9.66667,1977-04-23,7.50999983213842,17.7099996041507,12.6099997181445,1977,4,1977
47.4833,9.66667,1977-04-24,8.3799998126924,15.4099996555597,11.894999734126,1977,4,1977
47.4833,9.66667,1977-04-25,5.49999987706542,12.9199997112155,9.20999979414046,1977,4,1977
47.4833,9.66667,1977-04-26,2.85999993607402,11.2899997476488,7.07499984186143,1977,4,1977
47.4833,9.66667,1977-04-27,6.27999985963106,21.2699995245785,13.7749996921048,1977,4,1977
47.4833,9.66667,1977-04-28,7.09999984130263,14.6399996727705,10.8699997570366,1977,4,1977
47.4833,9.66667,1977-04-29,5.87999986857176,15.9599996432662,10.919999755919,1977,4,1977
47.4833,9.66667,1977-04-30,6.33999985828996,11.459999743849,8.8999998010695,1977,4,1977
47.4833,9.66667,1977-05-01,4.55999989807606,10.069999774918,7.31499983649701,1977,5,NA
47.4833,9.66667,1977-05-02,5.20999988354743,10.0799997746944,7.64499982912093,1977,5,NA
47.4833,9.66667,1977-05-03,1.95999995619059,18.5999995842576,10.2799997702241,1977,5,NA
47.4833,9.66667,1977-05-04,9.00999979861081,17.1899996157736,13.0999997071922,1977,5,NA
47.4833,9.66667,1977-05-05,9.60999978519976,23.5899994727224,16.5999996289611,1977,5,NA
47.4833,9.66667,1977-05-06,6.07999986410141,12.4999997206032,9.28999979235232,1977,5,NA
47.4833,9.66667,1977-05-07,3.45999992266297,11.8599997349083,7.65999982878566,1977,5,NA
47.4833,9.66667,1977-05-08,4.04999990947545,12.3999997228384,8.22499981615692,1977,5,NA
47.4833,9.66667,1977-05-09,4.62999989651144,12.0099997315556,8.31999981403351,1977,5,NA
47.4833,9.66667,1977-05-10,4.77999989315867,11.3299997467548,8.05499981995672,1977,5,NA
47.4833,9.66667,1977-05-11,2.57999994233251,11.8999997340143,7.23999983817339,1977,5,NA
47.4833,9.66667,1977-05-12,7.64999982900918,17.3699996117502,12.5099997203797,1977,5,NA
47.4833,9.66667,1977-05-13,8.44999981112778,20.9199995324016,14.6849996717647,1977,5,NA
47.4833,9.66667,1977-05-14,7.2899998370558,13.199999704957,10.2449997710064,1977,5,NA
47.4833,9.66667,1977-05-15,4.97999988868833,12.6799997165799,8.82999980263412,1977,5,NA
47.4833,9.66667,1977-05-16,3.4999999217689,14.7199996709824,9.10999979637563,1977,5,NA
47.4833,9.66667,1977-05-17,4.02999990992248,16.8899996224791,10.4599997662008,1977,5,NA
47.4833,9.66667,1977-05-18,6.10999986343086,17.6899996045977,11.8999997340143,1977,5,NA
47.4833,9.66667,1977-05-19,8.16999981738627,18.9299995768815,13.5499996971339,1977,5,NA
47.4833,9.66667,1977-05-20,11.3599997460842,19.2399995699525,15.2999996580184,1977,5,NA
47.4833,9.66667,1977-05-21,11.0599997527897,17.529999608174,14.2949996804819,1977,5,NA
47.4833,9.66667,1977-05-22,8.82999980263412,19.7199995592237,14.2749996809289,1977,5,NA
47.4833,9.66667,1977-05-23,9.11999979615211,13.8199996910989,11.4699997436255,1977,5,NA
47.4833,9.66667,1977-05-24,8.05999981984496,16.8599996231496,12.4599997214973,1977,5,NA
47.4833,9.66667,1977-05-25,8.12999981828034,21.6799995154142,14.9049996668473,1977,5,NA
47.4833,9.66667,1977-05-26,9.49999978765845,23.7299994695932,16.6149996286258,1977,5,NA
47.4833,9.66667,1977-05-27,11.2499997485429,22.8999994881451,17.074999618344,1977,5,NA
47.4833,9.66667,1977-05-28,8.23999981582165,16.6899996269494,12.4649997213855,1977,5,NA
47.4833,9.66667,1977-05-29,5.17999988421798,19.3099995683879,12.2449997263029,1977,5,NA
47.4833,9.66667,1977-05-30,5.93999986723065,20.8199995346367,13.3799997009337,1977,5,NA
47.4833,9.66667,1977-05-31,7.83999982476234,20.8599995337427,14.3499996792525,1977,5,NA
47.4833,9.66667,1977-06-01,8.98999979905784,15.5099996533245,12.2499997261912,1977,6,NA
47.4833,9.66667,1977-06-02,4.80999989248812,17.3799996115267,11.0949997520074,1977,6,NA
47.4833,9.66667,1977-06-03,4.40999990142882,18.669999582693,11.5399997420609,1977,6,NA
47.4833,9.66667,1977-06-04,5.84999986924231,16.8599996231496,11.354999746196,1977,6,NA
47.4833,9.66667,1977-06-05,8.73999980464578,16.1799996383488,12.4599997214973,1977,6,NA
47.4833,9.66667,1977-06-06,9.93999977782369,16.7799996249378,13.3599997013807,1977,6,NA
47.4833,9.66667,1977-06-07,10.1899997722358,15.5699996519834,12.8799997121096,1977,6,NA
47.4833,9.66667,1977-06-08,8.98999979905784,20.7199995368719,14.8549996679649,1977,6,NA
47.4833,9.66667,1977-06-09,9.40999978967011,20.4799995422363,14.9449996659532,1977,6,NA
47.4833,9.66667,1977-06-10,11.5799997411668,26.4799994081259,19.0299995746464,1977,6,NA
47.4833,9.66667,1977-06-11,13.8299996908754,29.7099993359298,21.7699995134026,1977,6,NA
47.4833,9.66667,1977-06-12,12.0699997302145,19.1199995726347,15.5949996514246,1977,6,NA
47.4833,9.66667,1977-06-13,11.3599997460842,24.6699994485825,18.0149995973334,1977,6,NA
47.4833,9.66667,1977-06-14,15.0799996629357,32.429999275133,23.7549994690344,1977,6,NA
47.4833,9.66667,1977-06-15,12.4699997212738,21.6399995163083,17.054999618791,1977,6,NA
47.4833,9.66667,1977-06-16,10.3699997682124,12.9799997098744,11.6749997390434,1977,6,NA
47.4833,9.66667,1977-06-17,10.4599997662008,20.1799995489419,15.3199996575713,1977,6,NA
47.4833,9.66667,1977-06-18,10.7699997592717,24.0299994628876,17.3999996110797,1977,6,NA
47.4833,9.66667,1977-06-19,12.8199997134507,25.9699994195253,19.394999566488,1977,6,NA
47.4833,9.66667,1977-06-20,11.6699997391552,21.5599995180964,16.6149996286258,1977,6,NA
47.4833,9.66667,1977-06-21,12.039999730885,21.9199995100498,16.9799996204674,1977,6,NA
47.4833,9.66667,1977-06-22,12.1599997282028,17.4599996097386,14.8099996689707,1977,6,NA
47.4833,9.66667,1977-06-23,11.8099997360259,17.3099996130913,14.5599996745586,1977,6,NA
47.4833,9.66667,1977-06-24,11.2199997492135,21.8499995116144,16.5349996304139,1977,6,NA
47.4833,9.66667,1977-06-25,11.0199997536838,21.5799995176494,16.2999996356666,1977,6,NA
47.4833,9.66667,1977-06-26,13.3999997004867,20.2499995473772,16.8249996239319,1977,6,NA
47.4833,9.66667,1977-06-27,11.2599997483194,15.2399996593595,13.2499997038394,1977,6,NA
47.4833,9.66667,1977-06-28,9.46999978832901,17.1199996173382,13.2949997028336,1977,6,NA
47.4833,9.66667,1977-06-29,8.31999981403351,20.8799995332956,14.5999996736646,1977,6,NA
47.4833,9.66667,1977-06-30,12.059999730438,21.1099995281547,16.5849996292964,1977,6,NA
47.4833,9.66667,1977-07-01,11.169999750331,14.8899996671826,13.0299997087568,1977,7,NA
47.4833,9.66667,1977-07-02,10.9399997554719,20.3999995440245,15.6699996497482,1977,7,NA
47.4833,9.66667,1977-07-03,10.5199997648597,24.0299994628876,17.2749996138737,1977,7,NA
47.4833,9.66667,1977-07-04,13.2099997047335,27.5299993846565,20.369999544695,1977,7,NA
47.4833,9.66667,1977-07-05,15.8899996448308,25.7099994253367,20.7999995350838,1977,7,NA
47.4833,9.66667,1977-07-06,14.1599996834993,24.9599994421005,19.5599995627999,1977,7,NA
47.4833,9.66667,1977-07-07,12.7699997145683,24.7199994474649,18.7449995810166,1977,7,NA
47.4833,9.66667,1977-07-08,13.4299996998161,25.9299994204193,19.6799995601177,1977,7,NA
47.4833,9.66667,1977-07-09,14.069999685511,23.2799994796515,18.6749995825812,1977,7,NA
47.4833,9.66667,1977-07-10,14.379999678582,19.8699995558709,17.1249996172264,1977,7,NA
47.4833,9.66667,1977-07-11,14.6599996723235,18.3199995905161,16.4899996314198,1977,7,NA
47.4833,9.66667,1977-07-12,11.4099997449666,24.5499994512647,17.9799995981157,1977,7,NA
47.4833,9.66667,1977-07-13,12.9599997103214,26.2799994125962,19.6199995614588,1977,7,NA
47.4833,9.66667,1977-07-14,15.3099996577948,24.4899994526058,19.8999995552003,1977,7,NA
47.4833,9.66667,1977-07-15,12.8799997121096,19.2599995695055,16.0699996408075,1977,7,NA
47.4833,9.66667,1977-07-16,11.7999997362494,15.769999647513,13.7849996918812,1977,7,NA
47.4833,9.66667,1977-07-17,7.56999983079731,20.4599995426834,14.0149996867403,1977,7,NA
47.4833,9.66667,1977-07-18,12.8299997132272,19.0799995735288,15.954999643378,1977,7,NA
47.4833,9.66667,1977-07-19,11.4899997431785,21.4399995207787,16.4649996319786,1977,7,NA
47.4833,9.66667,1977-07-20,14.4899996761233,21.0099995303899,17.7499996032566,1977,7,NA
47.4833,9.66667,1977-07-21,12.8699997123331,22.7199994921684,17.7949996022508,1977,7,NA
47.4833,9.66667,1977-07-22,11.2199997492135,17.9199995994568,14.5699996743351,1977,7,NA
47.4833,9.66667,1977-07-23,9.88999977894127,19.229999570176,14.5599996745586,1977,7,NA
47.4833,9.66667,1977-07-24,9.55999978631735,22.4399994984269,15.9999996423721,1977,7,NA
47.4833,9.66667,1977-07-25,12.619999717921,25.6299994271249,19.1249995725229,1977,7,NA
47.4833,9.66667,1977-07-26,12.4199997223914,23.0699994843453,17.7449996033683,1977,7,NA
47.4833,9.66667,1977-07-27,9.8199997805059,15.5599996522069,12.6899997163564,1977,7,NA
47.4833,9.66667,1977-07-28,10.5999997630715,19.2799995690584,14.939999666065,1977,7,NA
47.4833,9.66667,1977-07-29,11.7599997371435,19.7399995587766,15.7499996479601,1977,7,NA
47.4833,9.66667,1977-07-30,10.5299997646362,19.0799995735288,14.8049996690825,1977,7,NA
47.4833,9.66667,1977-07-31,14.2099996823817,19.5099995639175,16.8599996231496,1977,7,NA
47.4833,9.66667,1977-08-01,13.1499997060746,16.5499996300787,14.8499996680766,1977,8,NA
47.4833,9.66667,1977-08-02,10.6799997612834,15.4899996537715,13.0849997075275,1977,8,NA
47.4833,9.66667,1977-08-03,8.75999980419874,18.2099995929748,13.4849996985868,1977,8,NA
47.4833,9.66667,1977-08-04,8.34999981336296,21.3199995234609,14.8349996684119,1977,8,NA
47.4833,9.66667,1977-08-05,10.3299997691065,23.7099994700402,17.0199996195734,1977,8,NA
47.4833,9.66667,1977-08-06,11.789999736473,24.6099994499236,18.1999995931983,1977,8,NA
47.4833,9.66667,1977-08-07,12.8999997116625,25.239999435842,19.0699995737523,1977,8,NA
47.4833,9.66667,1977-08-08,13.0499997083098,25.3199994340539,19.1849995711818,1977,8,NA
47.4833,9.66667,1977-08-09,14.1899996828288,19.8699995558709,17.0299996193498,1977,8,NA
47.4833,9.66667,1977-08-10,13.5699996966869,19.6599995605648,16.6149996286258,1977,8,NA
47.4833,9.66667,1977-08-11,11.9299997333437,15.479999653995,13.7049996936694,1977,8,NA
47.4833,9.66667,1977-08-12,9.65999978408217,20.1599995493889,14.9099996667355,1977,8,NA
47.4833,9.66667,1977-08-13,10.7399997599423,18.5699995849282,14.6549996724352,1977,8,NA
47.4833,9.66667,1977-08-14,9.08999979682267,20.079999551177,14.5849996739998,1977,8,NA
47.4833,9.66667,1977-08-15,11.9899997320026,20.7599995359778,16.3749996339902,1977,8,NA
47.4833,9.66667,1977-08-16,12.3599997237325,22.3699994999915,17.364999611862,1977,8,NA
47.4833,9.66667,1977-08-17,11.8799997344613,22.0999995060265,16.9899996202439,1977,8,NA
47.4833,9.66667,1977-08-18,13.799999691546,23.9499994646758,18.8749995781109,1977,8,NA
47.4833,9.66667,1977-08-19,13.75999969244,19.1099995728582,16.4349996326491,1977,8,NA
47.4833,9.66667,1977-08-20,11.5699997413903,17.0699996184558,14.3199996799231,1977,8,NA
47.4833,9.66667,1977-08-21,11.1999997496605,14.9699996653944,13.0849997075275,1977,8,NA
47.4833,9.66667,1977-08-22,11.5199997425079,13.8499996904284,12.6849997164682,1977,8,NA
47.4833,9.66667,1977-08-23,10.8499997574836,16.8499996233732,13.8499996904284,1977,8,NA
47.4833,9.66667,1977-08-24,10.4199997670949,16.6199996285141,13.5199996978045,1977,8,NA
47.4833,9.66667,1977-08-25,10.5599997639656,17.3999996110797,13.9799996875226,1977,8,NA
47.4833,9.66667,1977-08-26,8.88999980129302,22.4399994984269,15.66499964986,1977,8,NA
47.4833,9.66667,1977-08-27,12.2499997261912,22.1399995051324,17.1949996156618,1977,8,NA
47.4833,9.66667,1977-08-28,12.2399997264147,18.2299995925277,15.2349996594712,1977,8,NA
47.4833,9.66667,1977-08-29,12.1999997273088,14.8899996671826,13.5449996972457,1977,8,NA
47.4833,9.66667,1977-08-30,11.8899997342378,20.8799995332956,16.3849996337667,1977,8,NA
47.4833,9.66667,1977-08-31,12.9899997096509,20.949999531731,16.9699996206909,1977,8,NA
47.4833,9.66667,1977-09-01,12.2599997259676,20.3199995458126,16.2899996358901,1977,9,NA
47.4833,9.66667,1977-09-02,13.75999969244,20.969999531284,17.364999611862,1977,9,NA
47.4833,9.66667,1977-09-03,12.6999997161329,21.6799995154142,17.1899996157736,1977,9,NA
47.4833,9.66667,1977-09-04,14.0199996866286,22.0799995064735,18.0499995965511,1977,9,NA
47.4833,9.66667,1977-09-05,11.9199997335672,16.949999621138,14.4349996773526,1977,9,NA
47.4833,9.66667,1977-09-06,9.87999977916479,20.1699995491654,15.0249996641651,1977,9,NA
47.4833,9.66667,1977-09-07,10.3899997677654,19.9699995536357,15.1799996607006,1977,9,NA
47.4833,9.66667,1977-09-08,11.2299997489899,21.7699995134026,16.4999996311963,1977,9,NA
47.4833,9.66667,1977-09-09,12.5299997199327,23.4299994762987,17.9799995981157,1977,9,NA
47.4833,9.66667,1977-09-10,8.99999979883432,15.0999996624887,12.0499997306615,1977,9,NA
47.4833,9.66667,1977-09-11,5.91999986767769,17.7699996028095,11.8449997352436,1977,9,NA
47.4833,9.66667,1977-09-12,10.1299997735769,22.0399995073676,16.0849996404722,1977,9,NA
47.4833,9.66667,1977-09-13,10.4499997664243,24.2599994577467,17.3549996120855,1977,9,NA
47.4833,9.66667,1977-09-14,10.9999997541308,15.5499996524304,13.2749997032806,1977,9,NA
47.4833,9.66667,1977-09-15,7.25999983772635,17.509999608621,12.3849997231737,1977,9,NA
47.4833,9.66667,1977-09-16,6.8299998473376,19.2899995688349,13.0599997080863,1977,9,NA
47.4833,9.66667,1977-09-17,7.63999982923269,13.6599996946752,10.6499997619539,1977,9,NA
47.4833,9.66667,1977-09-18,5.739999871701,12.0999997295439,8.91999980062246,1977,9,NA
47.4833,9.66667,1977-09-19,5.32999988086522,9.1299997959286,7.22999983839691,1977,9,NA
47.4833,9.66667,1977-09-20,2.66999994032085,12.2799997255206,7.47499983292073,1977,9,NA
47.4833,9.66667,1977-09-21,4.13999990746379,9.11999979615211,6.62999985180795,1977,9,NA
47.4833,9.66667,1977-09-22,4.49999989941716,10.9699997548014,7.73499982710928,1977,9,NA
47.4833,9.66667,1977-09-23,4.42999990098178,12.619999717921,8.5249998094514,1977,9,NA
47.4833,9.66667,1977-09-24,3.13999992981553,13.3999997004867,8.2699998151511,1977,9,NA
47.4833,9.66667,1977-09-25,3.3899999242276,14.5699996743351,8.97999979928136,1977,9,NA
47.4833,9.66667,1977-09-26,5.67999987304211,13.6499996948987,9.66499978397042,1977,9,NA
47.4833,9.66667,1977-09-27,8.08999981917441,16.0499996412545,12.0699997302145,1977,9,NA
47.4833,9.66667,1977-09-28,7.12999984063208,16.2799996361136,11.7049997383729,1977,9,NA
47.4833,9.66667,1977-09-29,5.66999987326562,15.789999647066,10.7299997601658,1977,9,NA
47.4833,9.66667,1977-09-30,9.8199997805059,14.1499996837229,11.9849997321144,1977,9,NA
47.4833,9.66667,1977-10-01,9.03999979794025,19.209999570623,14.1249996842816,1977,10,1978
47.4833,9.66667,1977-10-02,8.30999981425703,18.3299995902926,13.3199997022748,1977,10,1978
47.4833,9.66667,1977-10-03,4.50999989919364,12.2799997255206,8.39499981235713,1977,10,1978
47.4833,9.66667,1977-10-04,3.96999991126359,10.879999756813,7.42499983403832,1977,10,1978
47.4833,9.66667,1977-10-05,1.39999996870756,14.9299996662885,8.16499981749803,1977,10,1978
47.4833,9.66667,1977-10-06,6.08999986387789,20.0199995525181,13.054999708198,1977,10,1978
47.4833,9.66667,1977-10-07,11.9199997335672,22.379999499768,17.1499996166676,1977,10,1978
47.4833,9.66667,1977-10-08,15.3699996564537,21.1799995265901,18.2749995915219,1977,10,1978
47.4833,9.66667,1977-10-09,10.8099997583777,17.3299996126443,14.069999685511,1977,10,1978
47.4833,9.66667,1977-10-10,9.01999979838729,16.1199996396899,12.5699997190386,1977,10,1978
47.4833,9.66667,1977-10-11,9.24999979324639,12.7899997141212,11.0199997536838,1977,10,1978
47.4833,9.66667,1977-10-12,6.53999985381961,11.8799997344613,9.20999979414046,1977,10,1978
47.4833,9.66667,1977-10-13,4.019999910146,13.6399996951222,8.82999980263412,1977,10,1978
47.4833,9.66667,1977-10-14,3.5599999204278,11.6999997384846,7.62999982945621,1977,10,1978
47.4833,9.66667,1977-10-15,6.04999986477196,11.0899997521192,8.56999980844557,1977,10,1978
47.4833,9.66667,1977-10-16,6.7199998497963,12.0099997315556,9.36499979067594,1977,10,1978
47.4833,9.66667,1977-10-17,5.03999988734722,12.2299997266382,8.63499980699271,1977,10,1978
47.4833,9.66667,1977-10-18,4.08999990858138,10.2799997702241,7.18499983940274,1977,10,1978
47.4833,9.66667,1977-10-19,5.32999988086522,12.1199997290969,8.72499980498105,1977,10,1978
47.4833,9.66667,1977-10-20,4.019999910146,12.0999997295439,8.05999981984496,1977,10,1978
47.4833,9.66667,1977-10-21,2.70999993942678,12.8099997136742,7.75999982655048,1977,10,1978
47.4833,9.66667,1977-10-22,5.31999988108873,15.7099996488541,10.5149997649714,1977,10,1978
47.4833,9.66667,1977-10-23,7.02999984286726,16.2699996363372,11.6499997396022,1977,10,1978
47.4833,9.66667,1977-10-24,6.53999985381961,16.2899996358901,11.4149997448549,1977,10,1978
47.4833,9.66667,1977-10-25,7.87999982386827,17.19999961555,12.5399997197092,1977,10,1978
47.4833,9.66667,1977-10-26,9.54999978654087,17.0299996193498,13.2899997029454,1977,10,1978
47.4833,9.66667,1977-10-27,10.3799997679889,14.7699996698648,12.5749997189268,1977,10,1978
47.4833,9.66667,1977-10-28,7.81999982520938,13.0799997076392,10.4499997664243,1977,10,1978
47.4833,9.66667,1977-10-29,8.19999981671572,12.5099997203797,10.3549997685477,1977,10,1978
47.4833,9.66667,1977-10-30,4.97999988868833,10.8299997579306,7.90499982330948,1977,10,1978
47.4833,9.66667,1977-10-31,4.34999990276992,12.619999717921,8.48499981034547,1977,10,1978
47.4833,9.66667,1977-11-01,3.81999991461635,14.3999996781349,9.10999979637563,1977,11,1978
47.4833,9.66667,1977-11-02,5.81999986991286,10.029999775812,7.92499982286245,1977,11,1978
47.4833,9.66667,1977-11-03,2.77999993786216,10.3299997691065,6.55499985348433,1977,11,1978
47.4833,9.66667,1977-11-04,7.06999984197319,18.2899995911866,12.6799997165799,1977,11,1978
47.4833,9.66667,1977-11-05,8.84999980218709,15.1099996622652,11.9799997322261,1977,11,1978
47.4833,9.66667,1977-11-06,6.58999985270202,13.21999970451,9.904999778606,1977,11,1978
47.4833,9.66667,1977-11-07,3.10999993048608,12.4699997212738,7.78999982587993,1977,11,1978
47.4833,9.66667,1977-11-08,6.64999985136092,14.629999672994,10.6399997621775,1977,11,1978
47.4833,9.66667,1977-11-09,6.45999985560775,14.2899996805936,10.3749997681007,1977,11,1978
47.4833,9.66667,1977-11-10,7.69999982789159,14.0199996866286,10.8599997572601,1977,11,1978
47.4833,9.66667,1977-11-11,8.02999982051551,17.6299996059388,12.8299997132272,1977,11,1978
47.4833,9.66667,1977-11-12,4.98999988846481,16.389999633655,10.6899997610599,1977,11,1978
47.4833,9.66667,1977-11-13,5.48999987728894,15.4699996542186,10.4799997657537,1977,11,1978
47.4833,9.66667,1977-11-14,3.14999992959201,9.16999979503453,6.15999986231327,1977,11,1978
47.4833,9.66667,1977-11-15,-0.589999986812472,6.72999984957278,3.06999993138015,1977,11,1978
47.4833,9.66667,1977-11-16,3.22999992780387,8.93999980017543,6.08499986398965,1977,11,1978
47.4833,9.66667,1977-11-17,0.57999998703599,5.2799998819828,2.9299999345094,1977,11,1978
47.4833,9.66667,1977-11-18,-0.629999985918403,3.02999993227422,1.19999997317791,1977,11,1978
47.4833,9.66667,1977-11-19,-0.769999982789159,2.01999995484948,0.624999986030161,1977,11,1978
47.4833,9.66667,1977-11-20,-1.43999996781349,3.82999991439283,1.19499997328967,1977,11,1978
47.4833,9.66667,1977-11-21,-3.41999992355704,5.83999986946583,1.20999997295439,1977,11,1978
47.4833,9.66667,1977-11-22,-0.699999984353781,9.22999979369342,4.26499990466982,1977,11,1978
47.4833,9.66667,1977-11-23,-0.109999997541308,3.30999992601573,1.59999996423721,1977,11,1978
47.4833,9.66667,1977-11-24,0.0299999993294477,3.41999992355704,1.72499996144325,1977,11,1978
47.4833,9.66667,1977-11-25,0.329999992623925,6.63999985158443,3.48499992210418,1977,11,1978
47.4833,9.66667,1977-11-26,-0.289999993517995,3.02999993227422,1.36999996937811,1977,11,1978
47.4833,9.66667,1977-11-27,-1.36999996937811,0.569999987259507,-0.399999991059303,1977,11,1978
47.4833,9.66667,1977-11-28,-2.98999993316829,-0.459999989718199,-1.72499996144325,1977,11,1978
47.4833,9.66667,1977-11-29,-4.78999989293516,-1.0899999756366,-2.93999993428588,1977,11,1978
47.4833,9.66667,1977-11-30,-7.58999983035028,-1.57999996468425,-4.58499989751726,1977,11,1978
47.4833,9.66667,1977-12-01,-8.2699998151511,-3.52999992109835,-5.89999986812472,1977,12,1978
47.4833,9.66667,1977-12-02,-7.45999983325601,-2.93999993428588,-5.19999988377094,1977,12,1978
47.4833,9.66667,1977-12-03,-6.10999986343086,-2.15999995172024,-4.13499990757555,1977,12,1978
47.4833,9.66667,1977-12-04,-8.36999981291592,-1.04999997653067,-4.7099998947233,1977,12,1978
47.4833,9.66667,1977-12-05,-7.90999982319772,-0.189999995753169,-4.04999990947545,1977,12,1978
47.4833,9.66667,1977-12-06,-8.25999981537461,-1.34999996982515,-4.80499989259988,1977,12,1978
47.4833,9.66667,1977-12-07,-7.68999982811511,1.84999995864928,-2.91999993473291,1977,12,1978
47.4833,9.66667,1977-12-08,-1.1499999742955,9.01999979838729,3.9349999120459,1977,12,1978
47.4833,9.66667,1977-12-09,3.79999991506338,14.4999996758997,9.14999979548156,1977,12,1978
47.4833,9.66667,1977-12-10,2.58999994210899,5.68999987281859,4.13999990746379,1977,12,1978
47.4833,9.66667,1977-12-11,0.639999985694885,6.12999986298382,3.38499992433935,1977,12,1978
47.4833,9.66667,1977-12-12,-1.68999996222556,6.57999985292554,2.44499994534999,1977,12,1978
47.4833,9.66667,1977-12-13,0.61999998614192,5.92999986745417,3.27499992679805,1977,12,1978
47.4833,9.66667,1977-12-14,2.99999993294477,5.71999987214804,4.35999990254641,1977,12,1978
47.4833,9.66667,1977-12-15,1.0899999756366,5.84999986924231,3.46999992243946,1977,12,1978
47.4833,9.66667,1977-12-16,-1.3799999691546,3.12999993003905,0.874999980442226,1977,12,1978
47.4833,9.66667,1977-12-17,-1.3199999704957,3.27999992668629,0.979999978095293,1977,12,1978
47.4833,9.66667,1977-12-18,-3.64999991841614,1.64999996311963,-0.999999977648258,1977,12,1978
47.4833,9.66667,1977-12-19,-4.59999989718199,1.0899999756366,-1.75499996077269,1977,12,1978
47.4833,9.66667,1977-12-20,-5.58999987505376,0.719999983906746,-2.43499994557351,1977,12,1978
47.4833,9.66667,1977-12-21,-5.11999988555908,-0.599999986588955,-2.85999993607402,1977,12,1978
47.4833,9.66667,1977-12-22,-6.52999985404313,-0.409999990835786,-3.46999992243946,1977,12,1978
47.4833,9.66667,1977-12-23,-4.9399998895824,2.52999994345009,-1.20499997306615,1977,12,1978
47.4833,9.66667,1977-12-24,-3.21999992802739,5.13999988511205,0.959999978542328,1977,12,1978
47.4833,9.66667,1977-12-25,3.54999992065132,12.3399997241795,7.94499982241541,1977,12,1978
47.4833,9.66667,1977-12-26,4.44999990053475,8.12999981828034,6.28999985940754,1977,12,1978
47.4833,9.66667,1977-12-27,0.669999985024333,4.62999989651144,2.64999994076788,1977,12,1978
47.4833,9.66667,1977-12-28,1.65999996289611,7.20999983884394,4.43499990087003,1977,12,1978
47.4833,9.66667,1977-12-29,-0.30999999307096,5.12999988533556,2.4099999461323,1977,12,1978
47.4833,9.66667,1977-12-30,-1.38999996893108,1.93999995663762,0.274999993853271,1977,12,1978
47.4833,9.66667,1977-12-31,-1.6099999640137,3.01999993249774,0.704999984242022,1977,12,1978
47.4833,9.66667,1978-01-01,-1.05999997630715,1.29999997094274,0.119999997317791,1978,1,1978
47.4833,9.66667,1978-01-02,-1.80999995954335,4.91999989002943,1.55499996524304,1978,1,1978
47.4833,9.66667,1978-01-03,-3.28999992646277,5.29999988153577,1.0049999775365,1978,1,1978
47.4833,9.66667,1978-01-04,0.799999982118607,5.59999987483025,3.19999992847443,1978,1,1978
47.4833,9.66667,1978-01-05,-2.02999995462596,2.44999994523823,0.209999995306134,1978,1,1978
47.4833,9.66667,1978-01-06,-7.65999982878566,-1.7799999602139,-4.71999989449978,1978,1,1978
47.4833,9.66667,1978-01-07,-9.759999781847,-1.59999996423721,-5.67999987304211,1978,1,1978
47.4833,9.66667,1978-01-08,-8.74999980442226,-0.939999978989363,-4.84499989170581,1978,1,1978
47.4833,9.66667,1978-01-09,-6.47999985516071,-0.459999989718199,-3.46999992243946,1978,1,1978
47.4833,9.66667,1978-01-10,-7.38999983482063,0.0399999991059303,-3.67499991785735,1978,1,1978
47.4833,9.66667,1978-01-11,-5.86999986879528,2.02999995462596,-1.91999995708466,1978,1,1978
47.4833,9.66667,1978-01-12,-4.32999990321696,5.53999987617135,0.604999986477196,1978,1,1978
47.4833,9.66667,1978-01-13,-0.679999984800816,2.74999993853271,1.03499997686595,1978,1,1978
47.4833,9.66667,1978-01-14,-1.4899999666959,1.88999995775521,0.199999995529652,1978,1,1978
47.4833,9.66667,1978-01-15,-0.719999983906746,1.19999997317791,0.239999994635582,1978,1,1978
47.4833,9.66667,1978-01-16,-1.76999996043742,0.939999978989363,-0.414999990724027,1978,1,1978
47.4833,9.66667,1978-01-17,-3.30999992601573,3.34999992512167,0.0199999995529652,1978,1,1978
47.4833,9.66667,1978-01-18,-3.4999999217689,2.51999994367361,-0.489999989047647,1978,1,1978
47.4833,9.66667,1978-01-19,-3.54999992065132,4.13999990746379,0.294999993406236,1978,1,1978
47.4833,9.66667,1978-01-20,-2.83999993652105,1.66999996267259,-0.584999986924231,1978,1,1978
47.4833,9.66667,1978-01-21,-1.81999995931983,2.2399999499321,0.209999995306134,1978,1,1978
47.4833,9.66667,1978-01-22,-1.66999996267259,0.509999988600612,-0.57999998703599,1978,1,1978
47.4833,9.66667,1978-01-23,-5.1099998857826,1.1499999742955,-1.97999995574355,1978,1,1978
47.4833,9.66667,1978-01-24,-3.54999992065132,3.85999991372228,0.15499999653548,1978,1,1978
47.4833,9.66667,1978-01-25,-2.73999993875623,7.68999982811511,2.47499994467944,1978,1,1978
47.4833,9.66667,1978-01-26,0.88999998010695,4.9399998895824,2.91499993484467,1978,1,1978
47.4833,9.66667,1978-01-27,-0.739999983459711,2.80999993719161,1.03499997686595,1978,1,1978
47.4833,9.66667,1978-01-28,-1.79999995976686,4.52999989874661,1.36499996948987,1978,1,1978
47.4833,9.66667,1978-01-29,-0.959999978542328,9.3599997907877,4.19999990612268,1978,1,1978
47.4833,9.66667,1978-01-30,-0.789999982342124,4.05999990925193,1.6349999634549,1978,1,1978
47.4833,9.66667,1978-01-31,-1.61999996379018,1.59999996423721,-0.00999999977648258,1978,1,1978
47.4833,9.66667,1978-02-01,-2.71999993920326,1.1499999742955,-0.784999982453883,1978,2,1978
47.4833,9.66667,1978-02-02,-5.69999987259507,2.02999995462596,-1.83499995898455,1978,2,1978
47.4833,9.66667,1978-02-03,0.0999999977648258,2.77999993786216,1.43999996781349,1978,2,1978
47.4833,9.66667,1978-02-04,-1.39999996870756,1.00999997742474,-0.19499999564141,1978,2,1978
47.4833,9.66667,1978-02-05,-5.91999986767769,0.219999995082617,-2.84999993629754,1978,2,1978
47.4833,9.66667,1978-02-06,-8.59999980777502,0.419999990612268,-4.08999990858138,1978,2,1978
47.4833,9.66667,1978-02-07,-1.81999995931983,1.70999996177852,-0.0549999987706542,1978,2,1978
47.4833,9.66667,1978-02-08,-1.02999997697771,1.33999997004867,0.15499999653548,1978,2,1978
47.4833,9.66667,1978-02-09,-4.29999990388751,-1.50999996624887,-2.90499993506819,1978,2,1978
47.4833,9.66667,1978-02-10,-5.60999987460673,-2.07999995350838,-3.84499991405755,1978,2,1978
47.4833,9.66667,1978-02-11,-7.2899998370558,-2.77999993786216,-5.03499988745898,1978,2,1978
47.4833,9.66667,1978-02-12,-7.37999983504415,-2.95999993383884,-5.16999988444149,1978,2,1978
47.4833,9.66667,1978-02-13,-6.74999984912574,-1.02999997697771,-3.88999991305172,1978,2,1978
47.4833,9.66667,1978-02-14,-10.0999997742474,-0.849999981001019,-5.47499987762421,1978,2,1978
47.4833,9.66667,1978-02-15,-7.27999983727932,-1.75999996066093,-4.51999989897013,1978,2,1978
47.4833,9.66667,1978-02-16,-7.02999984286726,1.01999997720122,-3.00499993283302,1978,2,1978
47.4833,9.66667,1978-02-17,-7.47999983280897,-0.999999977648258,-4.23999990522861,1978,2,1978
47.4833,9.66667,1978-02-18,-3.30999992601573,1.24999997206032,-1.02999997697771,1978,2,1978
47.4833,9.66667,1978-02-19,-4.69999989494681,-0.799999982118607,-2.74999993853271,1978,2,1978
47.4833,9.66667,1978-02-20,-4.8799998909235,-0.529999988153577,-2.70499993953854,1978,2,1978
47.4833,9.66667,1978-02-21,-4.88999989069998,-0.57999998703599,-2.73499993886799,1978,2,1978
47.4833,9.66667,1978-02-22,-5.69999987259507,1.46999996714294,-2.11499995272607,1978,2,1978
47.4833,9.66667,1978-02-23,-1.39999996870756,7.96999982185662,3.28499992657453,1978,2,1978
47.4833,9.66667,1978-02-24,-0.119999997317791,10.609999762848,5.24499988276511,1978,2,1978
47.4833,9.66667,1978-02-25,3.99999991059303,15.20999966003,9.60499978531152,1978,2,1978
47.4833,9.66667,1978-02-26,3.52999992109835,13.5399996973574,8.53499980922788,1978,2,1978
47.4833,9.66667,1978-02-27,2.91999993473291,8.54999980889261,5.73499987181276,1978,2,1978
47.4833,9.66667,1978-02-28,1.5499999653548,9.95999977737665,5.75499987136573,1978,2,1978
47.4833,9.66667,1978-03-01,1.44999996758997,10.5499997641891,5.99999986588955,1978,3,1978
47.4833,9.66667,1978-03-02,0.359999991953373,9.60999978519976,4.98499988857657,1978,3,1978
47.4833,9.66667,1978-03-03,1.18999997340143,9.36999979056418,5.2799998819828,1978,3,1978
47.4833,9.66667,1978-03-04,0.409999990835786,12.4499997217208,6.4299998562783,1978,3,1978
47.4833,9.66667,1978-03-05,2.87999993562698,9.87999977916479,6.37999985739589,1978,3,1978
47.4833,9.66667,1978-03-06,1.50999996624887,4.6499998960644,3.07999993115664,1978,3,1978
47.4833,9.66667,1978-03-07,0.399999991059303,3.21999992802739,1.80999995954335,1978,3,1978
47.4833,9.66667,1978-03-08,-0.279999993741512,5.11999988555908,2.41999994590878,1978,3,1978
47.4833,9.66667,1978-03-09,-2.90999993495643,7.26999983750284,2.1799999512732,1978,3,1978
47.4833,9.66667,1978-03-10,2.72999993897974,10.9499997552484,6.83999984711409,1978,3,1978
47.4833,9.66667,1978-03-11,1.02999997697771,10.4999997653067,5.76499987114221,1978,3,1978
47.4833,9.66667,1978-03-12,4.10999990813434,10.4999997653067,7.30499983672053,1978,3,1978
47.4833,9.66667,1978-03-13,3.19999992847443,14.1699996832758,8.68499980587512,1978,3,1978
47.4833,9.66667,1978-03-14,4.08999990858138,7.81999982520938,5.95499986689538,1978,3,1978
47.4833,9.66667,1978-03-15,-0.649999985471368,9.51999978721142,4.43499990087003,1978,3,1978
47.4833,9.66667,1978-03-16,3.02999993227422,8.52999980933964,5.77999987080693,1978,3,1978
47.4833,9.66667,1978-03-17,2.009999955073,12.4999997206032,7.25499983783811,1978,3,1978
47.4833,9.66667,1978-03-18,-0.449999989941716,4.36999990232289,1.95999995619059,1978,3,1978
47.4833,9.66667,1978-03-19,-0.809999981895089,3.46999992243946,1.32999997027218,1978,3,1978
47.4833,9.66667,1978-03-20,-1.13999997451901,3.82999991439283,1.34499996993691,1978,3,1978
47.4833,9.66667,1978-03-21,0.169999996200204,5.87999986857176,3.02499993238598,1978,3,1978
47.4833,9.66667,1978-03-22,0.539999987930059,6.72999984957278,3.63499991875142,1978,3,1978
47.4833,9.66667,1978-03-23,-0.599999986588955,4.48999989964068,1.94499995652586,1978,3,1978
47.4833,9.66667,1978-03-24,0.569999987259507,5.48999987728894,3.02999993227422,1978,3,1978
47.4833,9.66667,1978-03-25,-0.699999984353781,5.12999988533556,2.21499995049089,1978,3,1978
47.4833,9.66667,1978-03-26,-0.429999990388751,6.77999984845519,3.17499992903322,1978,3,1978
47.4833,9.66667,1978-03-27,1.10999997518957,6.14999986253679,3.62999991886318,1978,3,1978
47.4833,9.66667,1978-03-28,0.0799999982118607,4.19999990612268,2.13999995216727,1978,3,1978
47.4833,9.66667,1978-03-29,2.31999994814396,16.7899996247143,9.55499978642911,1978,3,1978
47.4833,9.66667,1978-03-30,4.92999988980591,18.0799995958805,11.5049997428432,1978,3,1978
47.4833,9.66667,1978-03-31,7.14999984018505,16.7599996253848,11.9549997327849,1978,3,1978
47.4833,9.66667,1978-04-01,6.04999986477196,13.7699996922165,9.90999977849424,1978,4,1978
47.4833,9.66667,1978-04-02,5.25999988242984,13.6599996946752,9.45999978855252,1978,4,1978
47.4833,9.66667,1978-04-03,3.50999992154539,12.7999997138977,8.15499981772155,1978,4,1978
47.4833,9.66667,1978-04-04,5.22999988310039,10.2499997708946,7.73999982699752,1978,4,1978
47.4833,9.66667,1978-04-05,5.48999987728894,12.0699997302145,8.77999980375171,1978,4,1978
47.4833,9.66667,1978-04-06,5.83999986946583,10.9299997556955,8.38499981258065,1978,4,1978
47.4833,9.66667,1978-04-07,3.34999992512167,7.67999982833862,5.51499987673014,1978,4,1978
47.4833,9.66667,1978-04-08,-0.869999980553985,11.0099997539073,5.06999988667667,1978,4,1978
47.4833,9.66667,1978-04-09,-0.34999999217689,11.9999997317791,5.8249998698011,1978,4,1978
47.4833,9.66667,1978-04-10,0.339999992400408,13.0999997071922,6.7199998497963,1978,4,1978
47.4833,9.66667,1978-04-11,2.91999993473291,11.7599997371435,7.33999983593822,1978,4,1978
47.4833,9.66667,1978-04-12,0.34999999217689,5.84999986924231,3.0999999307096,1978,4,1978
47.4833,9.66667,1978-04-13,-0.88999998010695,7.35999983549118,3.23499992769212,1978,4,1978
47.4833,9.66667,1978-04-14,-1.99999995529652,8.12999981828034,3.06499993149191,1978,4,1978
47.4833,9.66667,1978-04-15,0.65999998524785,9.01999979838729,4.83999989181757,1978,4,1978
47.4833,9.66667,1978-04-16,0.529999988153577,5.83999986946583,3.1849999288097,1978,4,1978
47.4833,9.66667,1978-04-17,0.829999981448054,6.83999984711409,3.83499991428107,1978,4,1978
47.4833,9.66667,1978-04-18,-0.689999984577298,5.64999987371266,2.47999994456768,1978,4,1978
47.4833,9.66667,1978-04-19,-1.91999995708466,11.6099997404963,4.84499989170581,1978,4,1978
47.4833,9.66667,1978-04-20,3.1599999293685,12.1999997273088,7.67999982833862,1978,4,1978
47.4833,9.66667,1978-04-21,2.05999995395541,14.9099996667355,8.48499981034547,1978,4,1978
47.4833,9.66667,1978-04-22,4.53999989852309,10.6799997612834,7.60999982990324,1978,4,1978
47.4833,9.66667,1978-04-23,1.73999996110797,13.2899997029454,7.51499983202666,1978,4,1978
47.4833,9.66667,1978-04-24,4.46999990008771,13.4199997000396,8.94499980006367,1978,4,1978
47.4833,9.66667,1978-04-25,3.4999999217689,16.2399996370077,9.86999977938831,1978,4,1978
47.4833,9.66667,1978-04-26,3.87999991327524,16.6699996273965,10.2749997703359,1978,4,1978
47.4833,9.66667,1978-04-27,4.72999989427626,17.819999601692,11.2749997479841,1978,4,1978
47.4833,9.66667,1978-04-28,7.69999982789159,12.0299997311085,9.86499977950007,1978,4,1978
47.4833,9.66667,1978-04-29,5.54999987594783,14.3499996792525,9.94999977760017,1978,4,1978
47.4833,9.66667,1978-04-30,5.76999987103045,18.9899995755404,12.3799997232854,1978,4,1978
47.4833,9.66667,1978-05-01,9.5299997869879,18.9699995759875,14.2499996814877,1978,5,NA
47.4833,9.66667,1978-05-02,8.57999980822206,12.7899997141212,10.6849997611716,1978,5,NA
47.4833,9.66667,1978-05-03,6.52999985404313,9.19999979436398,7.86499982420355,1978,5,NA
47.4833,9.66667,1978-05-04,4.51999989897013,16.6999996267259,10.609999762848,1978,5,NA
47.4833,9.66667,1978-05-05,7.94999982230365,19.0599995739758,13.5049996981397,1978,5,NA
47.4833,9.66667,1978-05-06,10.3799997679889,21.4099995214492,15.8949996447191,1978,5,NA
47.4833,9.66667,1978-05-07,9.63999978452921,17.8499996010214,13.7449996927753,1978,5,NA
47.4833,9.66667,1978-05-08,6.58999985270202,9.49999978765845,8.04499982018024,1978,5,NA
47.4833,9.66667,1978-05-09,5.90999986790121,8.08999981917441,6.99999984353781,1978,5,NA
47.4833,9.66667,1978-05-10,6.78999984823167,10.3799997679889,8.5849998081103,1978,5,NA
47.4833,9.66667,1978-05-11,6.01999986544251,13.8399996906519,9.9299997780472,1978,5,NA
47.4833,9.66667,1978-05-12,3.44999992288649,8.24999981559813,5.84999986924231,1978,5,NA
47.4833,9.66667,1978-05-13,2.41999994590878,9.40999978967011,5.91499986778945,1978,5,NA
47.4833,9.66667,1978-05-14,3.62999991886318,9.50999978743494,6.56999985314906,1978,5,NA
47.4833,9.66667,1978-05-15,3.53999992087483,12.4099997226149,7.97499982174486,1978,5,NA
47.4833,9.66667,1978-05-16,5.01999988779426,10.7899997588247,7.90499982330948,1978,5,NA
47.4833,9.66667,1978-05-17,5.12999988533556,14.6099996734411,9.86999977938831,1978,5,NA
47.4833,9.66667,1978-05-18,6.84999984689057,15.4099996555597,11.1299997512251,1978,5,NA
47.4833,9.66667,1978-05-19,7.07999984174967,18.10999959521,12.5949997184798,1978,5,NA
47.4833,9.66667,1978-05-20,8.80999980308115,13.0699997078627,10.9399997554719,1978,5,NA
47.4833,9.66667,1978-05-21,7.50999983213842,17.0199996195734,12.2649997258559,1978,5,NA
47.4833,9.66667,1978-05-22,7.20999983884394,17.6399996057153,12.4249997222796,1978,5,NA
47.4833,9.66667,1978-05-23,8.84999980218709,17.0699996184558,12.9599997103214,1978,5,NA
47.4833,9.66667,1978-05-24,6.56999985314906,10.6699997615069,8.61999980732799,1978,5,NA
47.4833,9.66667,1978-05-25,7.02999984286726,10.1799997724593,8.60499980766326,1978,5,NA
47.4833,9.66667,1978-05-26,7.43999983370304,15.0699996631593,11.2549997484311,1978,5,NA
47.4833,9.66667,1978-05-27,9.60999978519976,18.7299995813519,14.1699996832758,1978,5,NA
47.4833,9.66667,1978-05-28,6.80999984778464,18.8499995786697,12.8299997132272,1978,5,NA
47.4833,9.66667,1978-05-29,6.4299998562783,20.0599995516241,13.2449997039512,1978,5,NA
47.4833,9.66667,1978-05-30,7.27999983727932,21.3399995230138,14.3099996801466,1978,5,NA
47.4833,9.66667,1978-05-31,7.749999826774,20.9599995315075,14.3549996791407,1978,5,NA
47.4833,9.66667,1978-06-01,9.27999979257584,22.1799995042384,15.7299996484071,1978,6,NA
47.4833,9.66667,1978-06-02,10.4899997655302,23.6799994707108,17.0849996181205,1978,6,NA
47.4833,9.66667,1978-06-03,10.7999997586012,24.119999460876,17.4599996097386,1978,6,NA
47.4833,9.66667,1978-06-04,11.479999743402,25.5399994291365,18.5099995862693,1978,6,NA
47.4833,9.66667,1978-06-05,11.4499997440726,25.4699994307011,18.4599995873868,1978,6,NA
47.4833,9.66667,1978-06-06,13.7499996926636,24.0499994624406,18.8999995775521,1978,6,NA
47.4833,9.66667,1978-06-07,14.3299996796995,26.8399994000793,20.5849995398894,1978,6,NA
47.4833,9.66667,1978-06-08,15.6199996508658,25.0099994409829,20.3149995459244,1978,6,NA
47.4833,9.66667,1978-06-09,14.2199996821582,20.6299995388836,17.4249996105209,1978,6,NA
47.4833,9.66667,1978-06-10,12.1299997288734,24.0599994622171,18.0949995955452,1978,6,NA
47.4833,9.66667,1978-06-11,13.1499997060746,19.3699995670468,16.2599996365607,1978,6,NA
47.4833,9.66667,1978-06-12,11.5099997427315,16.8899996224791,14.1999996826053,1978,6,NA
47.4833,9.66667,1978-06-13,8.3799998126924,19.1899995710701,13.7849996918812,1978,6,NA
47.4833,9.66667,1978-06-14,7.35999983549118,15.5599996522069,11.459999743849,1978,6,NA
47.4833,9.66667,1978-06-15,6.14999986253679,18.5199995860457,12.3349997242913,1978,6,NA
47.4833,9.66667,1978-06-16,7.32999983616173,20.7399995364249,14.0349996862933,1978,6,NA
47.4833,9.66667,1978-06-17,9.80999978072941,14.2099996823817,12.0099997315556,1978,6,NA
47.4833,9.66667,1978-06-18,7.95999982208014,13.3999997004867,10.6799997612834,1978,6,NA
47.4833,9.66667,1978-06-19,5.70999987237155,16.9199996218085,11.31499974709,1978,6,NA
47.4833,9.66667,1978-06-20,7.59999983012676,18.7199995815754,13.1599997058511,1978,6,NA
47.4833,9.66667,1978-06-21,7.59999983012676,19.6999995596707,13.6499996948987,1978,6,NA
47.4833,9.66667,1978-06-22,8.75999980419874,18.8099995795637,13.7849996918812,1978,6,NA
47.4833,9.66667,1978-06-23,10.6799997612834,20.3399995453656,15.5099996533245,1978,6,NA
47.4833,9.66667,1978-06-24,11.4399997442961,19.1799995712936,15.3099996577948,1978,6,NA
47.4833,9.66667,1978-06-25,7.27999983727932,12.059999730438,9.66999978385866,1978,6,NA
47.4833,9.66667,1978-06-26,6.37999985739589,13.179999705404,9.77999978139997,1978,6,NA
47.4833,9.66667,1978-06-27,7.14999984018505,15.1799996607006,11.1649997504428,1978,6,NA
47.4833,9.66667,1978-06-28,7.42999983392656,12.3999997228384,9.91499977838248,1978,6,NA
47.4833,9.66667,1978-06-29,6.31999985873699,13.75999969244,10.0399997755885,1978,6,NA
47.4833,9.66667,1978-06-30,8.97999979928136,19.0099995750934,13.9949996871874,1978,6,NA
47.4833,9.66667,1978-07-01,9.30999979190528,22.2899995017797,15.7999996468425,1978,7,NA
47.4833,9.66667,1978-07-02,12.929999710992,15.5099996533245,14.2199996821582,1978,7,NA
47.4833,9.66667,1978-07-03,11.9799997322261,20.09999955073,16.0399996414781,1978,7,NA
47.4833,9.66667,1978-07-04,12.9699997100979,21.7599995136261,17.364999611862,1978,7,NA
47.4833,9.66667,1978-07-05,11.6499997396022,16.2999996356666,13.9749996876344,1978,7,NA
47.4833,9.66667,1978-07-06,9.03999979794025,14.5399996750057,11.789999736473,1978,7,NA
47.4833,9.66667,1978-07-07,9.93999977782369,14.9899996649474,12.4649997213855,1978,7,NA
47.4833,9.66667,1978-07-08,9.18999979458749,12.5899997185916,10.8899997565895,1978,7,NA
47.4833,9.66667,1978-07-09,8.38999981246889,14.2199996821582,11.3049997473136,1978,7,NA
47.4833,9.66667,1978-07-10,9.97999977692962,13.75999969244,11.8699997346848,1978,7,NA
47.4833,9.66667,1978-07-11,9.87999977916479,19.1299995724112,14.504999675788,1978,7,NA
47.4833,9.66667,1978-07-12,10.899999756366,22.129999505356,16.514999630861,1978,7,NA
47.4833,9.66667,1978-07-13,12.8199997134507,22.3399995006621,17.5799996070564,1978,7,NA
47.4833,9.66667,1978-07-14,12.8199997134507,23.7099994700402,18.2649995917454,1978,7,NA
47.4833,9.66667,1978-07-15,14.0799996852875,24.3399994559586,19.209999570623,1978,7,NA
47.4833,9.66667,1978-07-16,13.2299997042865,18.4199995882809,15.8249996462837,1978,7,NA
47.4833,9.66667,1978-07-17,10.8399997577071,22.8099994901568,16.8249996239319,1978,7,NA
47.4833,9.66667,1978-07-18,10.0899997744709,24.7899994459003,17.4399996101856,1978,7,NA
47.4833,9.66667,1978-07-19,14.1399996839464,22.7699994910508,18.4549995874986,1978,7,NA
47.4833,9.66667,1978-07-20,11.0599997527897,15.2499996591359,13.1549997059628,1978,7,NA
47.4833,9.66667,1978-07-21,11.3799997456372,19.9499995540828,15.66499964986,1978,7,NA
47.4833,9.66667,1978-07-22,10.5499997641891,15.6099996510893,13.0799997076392,1978,7,NA
47.4833,9.66667,1978-07-23,9.44999978877604,19.1799995712936,14.3149996800348,1978,7,NA
47.4833,9.66667,1978-07-24,8.80999980308115,22.2799995020032,15.5449996525422,1978,7,NA
47.4833,9.66667,1978-07-25,10.8399997577071,23.7399994693696,17.2899996135384,1978,7,NA
47.4833,9.66667,1978-07-26,12.0199997313321,24.7199994474649,18.3699995893985,1978,7,NA
47.4833,9.66667,1978-07-27,13.2999997027218,26.7999994009733,20.0499995518476,1978,7,NA
47.4833,9.66667,1978-07-28,14.7899996694177,23.6699994709343,19.229999570176,1978,7,NA
47.4833,9.66667,1978-07-29,13.9999996870756,26.5799994058907,20.2899995464832,1978,7,NA
47.4833,9.66667,1978-07-30,15.3799996562302,27.9499993752688,21.6649995157495,1978,7,NA
47.4833,9.66667,1978-07-31,15.2599996589124,27.7199993804097,21.4899995196611,1978,7,NA
47.4833,9.66667,1978-08-01,15.1099996622652,26.2999994121492,20.7049995372072,1978,8,NA
47.4833,9.66667,1978-08-02,15.8999996446073,21.2999995239079,18.5999995842576,1978,8,NA
47.4833,9.66667,1978-08-03,14.2799996808171,23.8899994660169,19.084999573417,1978,8,NA
47.4833,9.66667,1978-08-04,13.7499996926636,24.3499994557351,19.0499995741993,1978,8,NA
47.4833,9.66667,1978-08-05,15.1699996609241,21.839999511838,18.504999586381,1978,8,NA
47.4833,9.66667,1978-08-06,13.509999698028,23.3299994785339,18.4199995882809,1978,8,NA
47.4833,9.66667,1978-08-07,14.0799996852875,25.2199994362891,19.6499995607883,1978,8,NA
47.4833,9.66667,1978-08-08,12.9499997105449,19.7799995578825,16.3649996342137,1978,8,NA
47.4833,9.66667,1978-08-09,8.22999981604517,12.6799997165799,10.4549997663125,1978,8,NA
47.4833,9.66667,1978-08-10,10.1099997740239,16.4399996325374,13.2749997032806,1978,8,NA
47.4833,9.66667,1978-08-11,10.2999997697771,17.509999608621,13.904999689199,1978,8,NA
47.4833,9.66667,1978-08-12,9.1299997959286,17.9499995987862,13.5399996973574,1978,8,NA
47.4833,9.66667,1978-08-13,8.6099998075515,19.6299995612353,14.1199996843934,1978,8,NA
47.4833,9.66667,1978-08-14,10.899999756366,16.1199996396899,13.509999698028,1978,8,NA
47.4833,9.66667,1978-08-15,7.85999982431531,19.9999995529652,13.9299996886402,1978,8,NA
47.4833,9.66667,1978-08-16,9.65999978408217,25.5799994282424,17.6199996061623,1978,8,NA
47.4833,9.66667,1978-08-17,14.069999685511,22.4399994984269,18.254999591969,1978,8,NA
47.4833,9.66667,1978-08-18,12.1799997277558,19.4599995650351,15.8199996463954,1978,8,NA
47.4833,9.66667,1978-08-19,10.6199997626245,20.1699995491654,15.3949996558949,1978,8,NA
47.4833,9.66667,1978-08-20,8.32999981380999,22.4899994973093,15.4099996555597,1978,8,NA
47.4833,9.66667,1978-08-21,10.1199997738004,24.5899994503707,17.3549996120855,1978,8,NA
47.4833,9.66667,1978-08-22,12.9599997103214,25.4599994309247,19.209999570623,1978,8,NA
47.4833,9.66667,1978-08-23,13.2099997047335,25.569999428466,19.3899995665997,1978,8,NA
47.4833,9.66667,1978-08-24,14.069999685511,24.9599994421005,19.5149995638058,1978,8,NA
47.4833,9.66667,1978-08-25,13.509999698028,20.3199995458126,16.9149996219203,1978,8,NA
47.4833,9.66667,1978-08-26,10.8399997577071,21.7399995140731,16.2899996358901,1978,8,NA
47.4833,9.66667,1978-08-27,11.0799997523427,16.639999628067,13.8599996902049,1978,8,NA
47.4833,9.66667,1978-08-28,7.54999983124435,18.1399995945394,12.8449997128919,1978,8,NA
47.4833,9.66667,1978-08-29,9.60999978519976,17.4699996095151,13.5399996973574,1978,8,NA
47.4833,9.66667,1978-08-30,6.50999985449016,19.5299995634705,13.0199997089803,1978,8,NA
47.4833,9.66667,1978-08-31,9.22999979369342,14.8699996676296,12.0499997306615,1978,8,NA
47.4833,9.66667,1978-09-01,5.64999987371266,9.3599997907877,7.50499983225018,1978,9,NA
47.4833,9.66667,1978-09-02,7.03999984264374,9.74999978207052,8.39499981235713,1978,9,NA
47.4833,9.66667,1978-09-03,7.56999983079731,14.939999666065,11.2549997484311,1978,9,NA
47.4833,9.66667,1978-09-04,7.0599998421967,17.6799996048212,12.369999723509,1978,9,NA
47.4833,9.66667,1978-09-05,6.61999985203147,18.9899995755404,12.8049997137859,1978,9,NA
47.4833,9.66667,1978-09-06,9.60999978519976,19.4699995648116,14.5399996750057,1978,9,NA
47.4833,9.66667,1978-09-07,11.8099997360259,20.2799995467067,16.0449996413663,1978,9,NA
47.4833,9.66667,1978-09-08,11.4099997449666,17.19999961555,14.3049996802583,1978,9,NA
47.4833,9.66667,1978-09-09,13.0599997080863,19.6399995610118,16.349999634549,1978,9,NA
47.4833,9.66667,1978-09-10,12.1899997275323,19.2699995692819,15.7299996484071,1978,9,NA
47.4833,9.66667,1978-09-11,14.2599996812642,22.2099995035678,18.234999592416,1978,9,NA
47.4833,9.66667,1978-09-12,12.349999723956,24.0799994617701,18.214999592863,1978,9,NA
47.4833,9.66667,1978-09-13,9.26999979279935,15.7799996472895,12.5249997200444,1978,9,NA
47.4833,9.66667,1978-09-14,6.22999986074865,18.5899995844811,12.4099997226149,1978,9,NA
47.4833,9.66667,1978-09-15,7.83999982476234,22.6299994941801,15.2349996594712,1978,9,NA
47.4833,9.66667,1978-09-16,11.6399997398257,21.2299995254725,16.4349996326491,1978,9,NA
47.4833,9.66667,1978-09-17,9.16999979503453,19.9499995540828,14.5599996745586,1978,9,NA
47.4833,9.66667,1978-09-18,8.94999979995191,22.8599994890392,15.9049996444955,1978,9,NA
47.4833,9.66667,1978-09-19,11.5699997413903,18.5499995853752,15.0599996633828,1978,9,NA
47.4833,9.66667,1978-09-20,7.81999982520938,16.9399996213615,12.3799997232854,1978,9,NA
47.4833,9.66667,1978-09-21,7.04999984242022,14.939999666065,10.9949997542426,1978,9,NA
47.4833,9.66667,1978-09-22,3.50999992154539,12.8999997116625,8.20499981660396,1978,9,NA
47.4833,9.66667,1978-09-23,6.37999985739589,18.5699995849282,12.474999721162,1978,9,NA
47.4833,9.66667,1978-09-24,11.5999997407198,17.1899996157736,14.3949996782467,1978,9,NA
47.4833,9.66667,1978-09-25,11.8999997340143,21.8799995109439,16.8899996224791,1978,9,NA
47.4833,9.66667,1978-09-26,9.96999977715313,24.0199994631112,16.9949996201321,1978,9,NA
47.4833,9.66667,1978-09-27,9.42999978922307,21.5999995172024,15.5149996532127,1978,9,NA
47.4833,9.66667,1978-09-28,8.41999981179833,14.5399996750057,11.479999743402,1978,9,NA
47.4833,9.66667,1978-09-29,5.88999986834824,9.24999979324639,7.56999983079731,1978,9,NA
47.4833,9.66667,1978-09-30,5.95999986678362,15.7199996486306,10.8399997577071,1978,9,NA
47.4833,9.66667,1978-10-01,6.8299998473376,11.5799997411668,9.20499979425222,1978,10,1979
47.4833,9.66667,1978-10-02,3.3299999255687,8.87999980151653,6.10499986354262,1978,10,1979
47.4833,9.66667,1978-10-03,0.639999985694885,9.70999978296459,5.17499988432974,1978,10,1979
47.4833,9.66667,1978-10-04,4.65999989584088,9.45999978855252,7.0599998421967,1978,10,1979
47.4833,9.66667,1978-10-05,4.63999989628792,8.57999980822206,6.60999985225499,1978,10,1979
47.4833,9.66667,1978-10-06,5.23999988287687,9.91999977827072,7.5799998305738,1978,10,1979
47.4833,9.66667,1978-10-07,4.57999989762902,15.6599996499717,10.1199997738004,1978,10,1979
47.4833,9.66667,1978-10-08,4.88999989069998,15.2399996593595,10.0649997750297,1978,10,1979
47.4833,9.66667,1978-10-09,5.22999988310039,16.9999996200204,11.1149997515604,1978,10,1979
47.4833,9.66667,1978-10-10,5.83999986946583,18.7399995811284,12.2899997252971,1978,10,1979
47.4833,9.66667,1978-10-11,6.45999985560775,17.7499996032566,12.1049997294322,1978,10,1979
47.4833,9.66667,1978-10-12,5.90999986790121,14.3699996788055,10.1399997733533,1978,10,1979
47.4833,9.66667,1978-10-13,7.81999982520938,13.0999997071922,10.4599997662008,1978,10,1979
47.4833,9.66667,1978-10-14,6.84999984689057,16.8099996242672,11.8299997355789,1978,10,1979
47.4833,9.66667,1978-10-15,4.74999989382923,16.1299996394664,10.4399997666478,1978,10,1979
47.4833,9.66667,1978-10-16,4.83999989181757,14.4899996761233,9.66499978397042,1978,10,1979
47.4833,9.66667,1978-10-17,5.74999987147748,13.3399997018278,9.54499978665262,1978,10,1979
47.4833,9.66667,1978-10-18,5.03999988734722,10.1499997731298,7.59499983023852,1978,10,1979
47.4833,9.66667,1978-10-19,2.77999993786216,7.62999982945621,5.20499988365918,1978,10,1979
47.4833,9.66667,1978-10-20,5.05999988690019,7.47999983280897,6.26999985985458,1978,10,1979
47.4833,9.66667,1978-10-21,5.08999988622963,7.95999982208014,6.52499985415488,1978,10,1979
47.4833,9.66667,1978-10-22,4.85999989137053,7.79999982565641,6.32999985851347,1978,10,1979
47.4833,9.66667,1978-10-23,2.2399999499321,8.84999980218709,5.54499987605959,1978,10,1979
47.4833,9.66667,1978-10-24,6.46999985538423,10.4899997655302,8.47999981045723,1978,10,1979
47.4833,9.66667,1978-10-25,2.88999993540347,11.5499997418374,7.21999983862042,1978,10,1979
47.4833,9.66667,1978-10-26,3.13999992981553,10.2699997704476,6.70499985013157,1978,10,1979
47.4833,9.66667,1978-10-27,7.50999983213842,9.5299997869879,8.51999980956316,1978,10,1979
47.4833,9.66667,1978-10-28,3.02999993227422,9.60999978519976,6.31999985873699,1978,10,1979
47.4833,9.66667,1978-10-29,3.22999992780387,11.209999749437,7.21999983862042,1978,10,1979
47.4833,9.66667,1978-10-30,0.499999988824129,12.1699997279793,6.33499985840172,1978,10,1979
47.4833,9.66667,1978-10-31,2.52999994345009,8.01999982073903,5.27499988209456,1978,10,1979
47.4833,9.66667,1978-11-01,2.33999994769692,9.87999977916479,6.10999986343086,1978,11,1979
47.4833,9.66667,1978-11-02,1.89999995753169,8.49999981001019,5.19999988377094,1978,11,1979
47.4833,9.66667,1978-11-03,3.07999993115664,7.5799998305738,5.32999988086522,1978,11,1979
47.4833,9.66667,1978-11-04,2.20999995060265,7.15999983996153,4.68499989528209,1978,11,1979
47.4833,9.66667,1978-11-05,2.4699999447912,7.66999982856214,5.06999988667667,1978,11,1979
47.4833,9.66667,1978-11-06,2.26999994926155,5.43999987840652,3.85499991383404,1978,11,1979
47.4833,9.66667,1978-11-07,1.88999995775521,6.66999985091388,4.27999990433455,1978,11,1979
47.4833,9.66667,1978-11-08,1.05999997630715,6.47999985516071,3.76999991573393,1978,11,1979
47.4833,9.66667,1978-11-09,0.789999982342124,7.44999983347952,4.11999990791082,1978,11,1979
47.4833,9.66667,1978-11-10,-0.419999990612268,4.37999990209937,1.97999995574355,1978,11,1979
47.4833,9.66667,1978-11-11,-0.519999988377094,5.16999988444149,2.3249999480322,1978,11,1979
47.4833,9.66667,1978-11-12,-1.59999996423721,5.45999987795949,1.92999995686114,1978,11,1979
47.4833,9.66667,1978-11-13,-1.97999995574355,4.65999989584088,1.33999997004867,1978,11,1979
47.4833,9.66667,1978-11-14,-1.53999996557832,9.13999979570508,3.79999991506338,1978,11,1979
47.4833,9.66667,1978-11-15,2.19999995082617,11.4699997436255,6.83499984722584,1978,11,1979
47.4833,9.66667,1978-11-16,0.939999978989363,10.2799997702241,5.60999987460673,1978,11,1979
47.4833,9.66667,1978-11-17,0.359999991953373,11.6899997387081,6.02499986533076,1978,11,1979
47.4833,9.66667,1978-11-18,2.25999994948506,8.76999980397522,5.51499987673014,1978,11,1979
47.4833,9.66667,1978-11-19,-0.189999995753169,8.58999980799854,4.19999990612268,1978,11,1979
47.4833,9.66667,1978-11-20,-1.36999996937811,8.2099998164922,3.41999992355704,1978,11,1979
47.4833,9.66667,1978-11-21,-1.10999997518957,8.2699998151511,3.57999991998076,1978,11,1979
47.4833,9.66667,1978-11-22,0.249999994412065,7.67999982833862,3.96499991137534,1978,11,1979
47.4833,9.66667,1978-11-23,2.18999995104969,7.54999983124435,4.86999989114702,1978,11,1979
47.4833,9.66667,1978-11-24,-0.0499999988824129,7.64999982900918,3.79999991506338,1978,11,1979
47.4833,9.66667,1978-11-25,-1.9499999564141,6.46999985538423,2.25999994948506,1978,11,1979
47.4833,9.66667,1978-11-26,-2.24999994970858,6.40999985672534,2.07999995350838,1978,11,1979
47.4833,9.66667,1978-11-27,-1.15999997407198,2.21999995037913,0.529999988153577,1978,11,1979
47.4833,9.66667,1978-11-28,-2.80999993719161,-0.129999997094274,-1.46999996714294,1978,11,1979
47.4833,9.66667,1978-11-29,-4.73999989405274,-1.55999996513128,-3.14999992959201,1978,11,1979
47.4833,9.66667,1978-11-30,-4.7099998947233,-1.79999995976686,-3.25499992724508,1978,11,1979
47.4833,9.66667,1978-12-01,-5.88999986834824,-1.62999996356666,-3.75999991595745,1978,12,1979
47.4833,9.66667,1978-12-02,-6.43999985605478,-1.57999996468425,-4.00999991036952,1978,12,1979
47.4833,9.66667,1978-12-03,-9.48999978788197,-1.04999997653067,-5.26999988220632,1978,12,1979
47.4833,9.66667,1978-12-04,-9.30999979190528,-2.66999994032085,-5.98999986611307,1978,12,1979
47.4833,9.66667,1978-12-05,-7.17999983951449,-2.55999994277954,-4.86999989114702,1978,12,1979
47.4833,9.66667,1978-12-06,-6.44999985583127,-2.20999995060265,-4.32999990321696,1978,12,1979
47.4833,9.66667,1978-12-07,-7.68999982811511,-3.1599999293685,-5.4249998787418,1978,12,1979
47.4833,9.66667,1978-12-08,-8.85999980196357,-2.31999994814396,-5.58999987505376,1978,12,1979
47.4833,9.66667,1978-12-09,-7.70999982766807,4.4799998998642,-1.61499996390194,1978,12,1979
47.4833,9.66667,1978-12-10,2.16999995149672,8.64999980665743,5.40999987907708,1978,12,1979
47.4833,9.66667,1978-12-11,1.26999997161329,7.81999982520938,4.54499989841133,1978,12,1979
47.4833,9.66667,1978-12-12,1.82999995909631,10.049999775365,5.93999986723065,1978,12,1979
47.4833,9.66667,1978-12-13,2.66999994032085,12.1499997284263,7.40999983437359,1978,12,1979
47.4833,9.66667,1978-12-14,4.16999990679324,10.0999997742474,7.13499984052032,1978,12,1979
47.4833,9.66667,1978-12-15,3.25999992713332,7.41999983415008,5.3399998806417,1978,12,1979
47.4833,9.66667,1978-12-16,2.33999994769692,6.49999985471368,4.4199999012053,1978,12,1979
47.4833,9.66667,1978-12-17,1.56999996490777,5.15999988466501,3.36499992478639,1978,12,1979
47.4833,9.66667,1978-12-18,0.429999990388751,3.60999991931021,2.01999995484948,1978,12,1979
47.4833,9.66667,1978-12-19,-2.80999993719161,0.0499999988824129,-1.3799999691546,1978,12,1979
47.4833,9.66667,1978-12-20,-4.58999989740551,-2.41999994590878,-3.50499992165715,1978,12,1979
47.4833,9.66667,1978-12-21,-4.83999989181757,0.549999987706542,-2.14499995205551,1978,12,1979
47.4833,9.66667,1978-12-22,-4.50999989919364,2.09999995306134,-1.20499997306615,1978,12,1979
47.4833,9.66667,1978-12-23,-2.90999993495643,0.429999990388751,-1.23999997228384,1978,12,1979
47.4833,9.66667,1978-12-24,-2.32999994792044,-0.419999990612268,-1.37499996926636,1978,12,1979
47.4833,9.66667,1978-12-25,-2.80999993719161,3.90999991260469,0.549999987706542,1978,12,1979
47.4833,9.66667,1978-12-26,0.399999991059303,9.23999979346991,4.8199998922646,1978,12,1979
47.4833,9.66667,1978-12-27,1.26999997161329,9.39999978989363,5.33499988075346,1978,12,1979
47.4833,9.66667,1978-12-28,1.10999997518957,10.899999756366,6.00499986577779,1978,12,1979
47.4833,9.66667,1978-12-29,2.2399999499321,10.0599997751415,6.14999986253679,1978,12,1979
47.4833,9.66667,1978-12-30,6.13999986276031,9.62999978475273,7.88499982375652,1978,12,1979
47.4833,9.66667,1978-12-31,5.07999988645315,8.09999981895089,6.58999985270202,1978,12,1979
47.4833,9.66667,1979-01-01,2.82999993674457,10.3499997686595,6.58999985270202,1979,1,1979
47.4833,9.66667,1979-01-02,-13.2599997036159,3.67999991774559,-4.78999989293516,1979,1,1979
47.4833,9.66667,1979-01-03,-14.0599996857345,-8.22999981604517,-11.1449997508898,1979,1,1979
47.4833,9.66667,1979-01-04,-11.6599997393787,-4.62999989651144,-8.14499981794506,1979,1,1979
47.4833,9.66667,1979-01-05,-12.6799997165799,-5.13999988511205,-8.90999980084598,1979,1,1979
47.4833,9.66667,1979-01-06,-14.7399996705353,-8.18999981693923,-11.4649997437373,1979,1,1979
47.4833,9.66667,1979-01-07,-12.369999723509,-3.99999991059303,-8.18499981705099,1979,1,1979
47.4833,9.66667,1979-01-08,-8.64999980665743,-1.46999996714294,-5.05999988690019,1979,1,1979
47.4833,9.66667,1979-01-09,-7.84999982453883,-0.259999994188547,-4.05499990936369,1979,1,1979
47.4833,9.66667,1979-01-10,-1.6099999640137,2.33999994769692,0.364999991841614,1979,1,1979
47.4833,9.66667,1979-01-11,-1.75999996066093,3.50999992154539,0.874999980442226,1979,1,1979
47.4833,9.66667,1979-01-12,-1.74999996088445,2.04999995417893,0.149999996647239,1979,1,1979
47.4833,9.66667,1979-01-13,-2.29999994859099,-0.319999992847443,-1.30999997071922,1979,1,1979
47.4833,9.66667,1979-01-14,-3.2699999269098,-1.3199999704957,-2.29499994870275,1979,1,1979
47.4833,9.66667,1979-01-15,-5.97999986633658,-2.43999994546175,-4.20999990589917,1979,1,1979
47.4833,9.66667,1979-01-16,-11.5499997418374,-3.79999991506338,-7.67499982845038,1979,1,1979
47.4833,9.66667,1979-01-17,-12.1899997275323,-4.76999989338219,-8.47999981045723,1979,1,1979
47.4833,9.66667,1979-01-18,-10.0799997746944,-3.5599999204278,-6.81999984756112,1979,1,1979
47.4833,9.66667,1979-01-19,-10.8099997583777,-4.49999989941716,-7.65499982889742,1979,1,1979
47.4833,9.66667,1979-01-20,-9.70999978296459,-1.86999995820224,-5.78999987058342,1979,1,1979
47.4833,9.66667,1979-01-21,-6.50999985449016,0.489999989047647,-3.00999993272126,1979,1,1979
47.4833,9.66667,1979-01-22,-0.669999985024333,1.95999995619059,0.644999985583127,1979,1,1979
47.4833,9.66667,1979-01-23,-0.109999997541308,2.31999994814396,1.10499997530133,1979,1,1979
47.4833,9.66667,1979-01-24,-1.04999997653067,3.56999992020428,1.25999997183681,1979,1,1979
47.4833,9.66667,1979-01-25,-1.33999997004867,3.44999992288649,1.05499997641891,1979,1,1979
47.4833,9.66667,1979-01-26,-4.9399998895824,0.449999989941716,-2.24499994982034,1979,1,1979
47.4833,9.66667,1979-01-27,-6.8899998459965,2.01999995484948,-2.43499994557351,1979,1,1979
47.4833,9.66667,1979-01-28,-0.439999990165234,3.62999991886318,1.59499996434897,1979,1,1979
47.4833,9.66667,1979-01-29,-0.499999988824129,2.27999994903803,0.88999998010695,1979,1,1979
47.4833,9.66667,1979-01-30,-1.3799999691546,2.09999995306134,0.359999991953373,1979,1,1979
47.4833,9.66667,1979-01-31,-1.70999996177852,2.99999993294477,0.644999985583127,1979,1,1979
47.4833,9.66667,1979-02-01,-1.38999996893108,0.989999977871776,-0.199999995529652,1979,2,1979
47.4833,9.66667,1979-02-02,-6.91999984532595,3.60999991931021,-1.65499996300787,1979,2,1979
47.4833,9.66667,1979-02-03,0.639999985694885,7.62999982945621,4.13499990757555,1979,2,1979
47.4833,9.66667,1979-02-04,1.3799999691546,5.89999986812472,3.63999991863966,1979,2,1979
47.4833,9.66667,1979-02-05,1.16999997384846,6.74999984912574,3.9599999114871,1979,2,1979
47.4833,9.66667,1979-02-06,1.70999996177852,6.1999998614192,3.95499991159886,1979,2,1979
47.4833,9.66667,1979-02-07,-0.459999989718199,3.43999992311001,1.4899999666959,1979,2,1979
47.4833,9.66667,1979-02-08,-1.28999997116625,4.88999989069998,1.79999995976686,1979,2,1979
47.4833,9.66667,1979-02-09,2.59999994188547,6.41999985650182,4.50999989919364,1979,2,1979
47.4833,9.66667,1979-02-10,0.519999988377094,5.0499998871237,2.7849999377504,1979,2,1979
47.4833,9.66667,1979-02-11,2.21999995037913,5.25999988242984,3.73999991640449,1979,2,1979
47.4833,9.66667,1979-02-12,1.03999997675419,5.30999988131225,3.17499992903322,1979,2,1979
47.4833,9.66667,1979-02-13,0.489999989047647,7.91999982297421,4.20499990601093,1979,2,1979
47.4833,9.66667,1979-02-14,2.16999995149672,10.6499997619539,6.40999985672534,1979,2,1979
47.4833,9.66667,1979-02-15,1.93999995663762,10.6499997619539,6.29499985929579,1979,2,1979
47.4833,9.66667,1979-02-16,-0.539999987930059,9.53999978676438,4.49999989941716,1979,2,1979
47.4833,9.66667,1979-02-17,-0.179999995976686,3.91999991238117,1.86999995820224,1979,2,1979
47.4833,9.66667,1979-02-18,-0.699999984353781,2.84999993629754,1.07499997597188,1979,2,1979
47.4833,9.66667,1979-02-19,-0.779999982565641,0.939999978989363,0.0799999982118607,1979,2,1979
47.4833,9.66667,1979-02-20,-1.38999996893108,0.949999978765845,-0.219999995082617,1979,2,1979
47.4833,9.66667,1979-02-21,-0.799999982118607,2.32999994792044,0.764999982900918,1979,2,1979
47.4833,9.66667,1979-02-22,-0.529999988153577,3.30999992601573,1.38999996893108,1979,2,1979
47.4833,9.66667,1979-02-23,-1.53999996557832,3.27999992668629,0.869999980553985,1979,2,1979
47.4833,9.66667,1979-02-24,-1.28999997116625,0.709999984130263,-0.289999993517995,1979,2,1979
47.4833,9.66667,1979-02-25,-1.90999995730817,2.08999995328486,0.0899999979883432,1979,2,1979
47.4833,9.66667,1979-02-26,-4.4199999012053,0.899999979883432,-1.75999996066093,1979,2,1979
47.4833,9.66667,1979-02-27,-7.67999982833862,0.389999991282821,-3.6449999185279,1979,2,1979
47.4833,9.66667,1979-02-28,-8.41999981179833,1.73999996110797,-3.33999992534518,1979,2,1979
47.4833,9.66667,1979-03-01,-7.43999983370304,4.15999990701675,-1.63999996334314,1979,3,1979
47.4833,9.66667,1979-03-02,-0.379999991506338,3.20999992825091,1.41499996837229,1979,3,1979
47.4833,9.66667,1979-03-03,-2.26999994926155,7.00999984331429,2.36999994702637,1979,3,1979
47.4833,9.66667,1979-03-04,-1.18999997340143,11.2299997489899,5.01999988779426,1979,3,1979
47.4833,9.66667,1979-03-05,0.859999980777502,12.1699997279793,6.5149998543784,1979,3,1979
47.4833,9.66667,1979-03-06,3.53999992087483,10.1299997735769,6.83499984722584,1979,3,1979
47.4833,9.66667,1979-03-07,1.58999996446073,7.23999983817339,4.41499990131706,1979,3,1979
47.4833,9.66667,1979-03-08,0.0999999977648258,6.50999985449016,3.30499992612749,1979,3,1979
47.4833,9.66667,1979-03-09,1.02999997697771,7.18999983929098,4.10999990813434,1979,3,1979
47.4833,9.66667,1979-03-10,-1.79999995976686,9.28999979235232,3.74499991629273,1979,3,1979
47.4833,9.66667,1979-03-11,0.399999991059303,5.69999987259507,3.04999993182719,1979,3,1979
47.4833,9.66667,1979-03-12,0.139999996870756,6.93999984487891,3.53999992087483,1979,3,1979
47.4833,9.66667,1979-03-13,6.00999986566603,9.41999978944659,7.71499982755631,1979,3,1979
47.4833,9.66667,1979-03-14,6.4299998562783,14.3699996788055,10.3999997675419,1979,3,1979
47.4833,9.66667,1979-03-15,3.34999992512167,14.6999996714294,9.02499979827553,1979,3,1979
47.4833,9.66667,1979-03-16,6.83999984711409,18.6099995840341,12.7249997155741,1979,3,1979
47.4833,9.66667,1979-03-17,0.489999989047647,6.83999984711409,3.66499991808087,1979,3,1979
47.4833,9.66667,1979-03-18,-0.88999998010695,6.20999986119568,2.65999994054437,1979,3,1979
47.4833,9.66667,1979-03-19,-0.0999999977648258,11.4199997447431,5.65999987348914,1979,3,1979
47.4833,9.66667,1979-03-20,-0.169999996200204,11.209999749437,5.51999987661839,1979,3,1979
47.4833,9.66667,1979-03-21,1.40999996848404,12.0199997313321,6.71499984990805,1979,3,1979
47.4833,9.66667,1979-03-22,1.26999997161329,10.339999768883,5.80499987024814,1979,3,1979
47.4833,9.66667,1979-03-23,0.759999983012676,7.23999983817339,3.99999991059303,1979,3,1979
47.4833,9.66667,1979-03-24,1.21999997273088,5.84999986924231,3.53499992098659,1979,3,1979
47.4833,9.66667,1979-03-25,1.20999997295439,8.44999981112778,4.82999989204109,1979,3,1979
47.4833,9.66667,1979-03-26,1.22999997250736,13.3499997016042,7.2899998370558,1979,3,1979
47.4833,9.66667,1979-03-27,7.40999983437359,16.3999996334314,11.9049997339025,1979,3,1979
47.4833,9.66667,1979-03-28,4.29999990388751,10.2299997713417,7.2649998376146,1979,3,1979
47.4833,9.66667,1979-03-29,1.0899999756366,10.8499997574836,5.9699998665601,1979,3,1979
47.4833,9.66667,1979-03-30,-0.0999999977648258,2.95999993383884,1.42999996803701,1979,3,1979
47.4833,9.66667,1979-03-31,0.219999995082617,3.47999992221594,1.84999995864928,1979,3,1979
47.4833,9.66667,1979-04-01,1.03999997675419,5.05999988690019,3.04999993182719,1979,4,1979
47.4833,9.66667,1979-04-02,0.869999980553985,7.61999982967973,4.24499990511686,1979,4,1979
47.4833,9.66667,1979-04-03,1.46999996714294,9.84999977983534,5.65999987348914,1979,4,1979
47.4833,9.66667,1979-04-04,0.839999981224537,5.36999987997115,3.10499993059784,1979,4,1979
47.4833,9.66667,1979-04-05,0.319999992847443,9.24999979324639,4.78499989304692,1979,4,1979
47.4833,9.66667,1979-04-06,-1.53999996557832,8.09999981895089,3.27999992668629,1979,4,1979
47.4833,9.66667,1979-04-07,-0.30999999307096,3.20999992825091,1.44999996758997,1979,4,1979
47.4833,9.66667,1979-04-08,-0.719999983906746,2.91999993473291,1.09999997541308,1979,4,1979
47.4833,9.66667,1979-04-09,-0.0599999986588955,9.36999979056418,4.65499989595264,1979,4,1979
47.4833,9.66667,1979-04-10,-0.689999984577298,12.4899997208267,5.89999986812472,1979,4,1979
47.4833,9.66667,1979-04-11,1.6099999640137,15.1199996620417,8.36499981302768,1979,4,1979
47.4833,9.66667,1979-04-12,4.23999990522861,13.9999996870756,9.11999979615211,1979,4,1979
47.4833,9.66667,1979-04-13,5.84999986924231,10.1699997726828,8.00999982096255,1979,4,1979
47.4833,9.66667,1979-04-14,2.16999995149672,16.0699996408075,9.11999979615211,1979,4,1979
47.4833,9.66667,1979-04-15,3.77999991551042,17.6799996048212,10.7299997601658,1979,4,1979
47.4833,9.66667,1979-04-16,5.3399998806417,17.1399996168911,11.2399997487664,1979,4,1979
47.4833,9.66667,1979-04-17,4.89999989047647,17.8899996001273,11.3949997453019,1979,4,1979
47.4833,9.66667,1979-04-18,1.26999997161329,7.3499998357147,4.30999990366399,1979,4,1979
47.4833,9.66667,1979-04-19,1.10999997518957,4.55999989807606,2.83499993663281,1979,4,1979
47.4833,9.66667,1979-04-20,0.119999997317791,7.08999984152615,3.60499991942197,1979,4,1979
47.4833,9.66667,1979-04-21,-1.53999996557832,10.8899997565895,4.67499989550561,1979,4,1979
47.4833,9.66667,1979-04-22,3.42999992333353,8.54999980889261,5.98999986611307,1979,4,1979
47.4833,9.66667,1979-04-23,0.919999979436398,12.1899997275323,6.55499985348433,1979,4,1979
47.4833,9.66667,1979-04-24,5.5699998755008,12.7599997147918,9.16499979514629,1979,4,1979
47.4833,9.66667,1979-04-25,4.08999990858138,7.89999982342124,5.99499986600131,1979,4,1979
47.4833,9.66667,1979-04-26,1.02999997697771,10.8899997565895,5.95999986678362,1979,4,1979
47.4833,9.66667,1979-04-27,2.28999994881451,7.37999983504415,4.83499989192933,1979,4,1979
47.4833,9.66667,1979-04-28,2.4699999447912,5.29999988153577,3.88499991316348,1979,4,1979
47.4833,9.66667,1979-04-29,2.06999995373189,7.35999983549118,4.71499989461154,1979,4,1979
47.4833,9.66667,1979-04-30,0.419999990612268,10.899999756366,5.65999987348914,1979,4,1979
47.4833,9.66667,1979-05-01,4.36999990232289,9.56999978609383,6.96999984420836,1979,5,NA
47.4833,9.66667,1979-05-02,2.03999995440245,7.25999983772635,4.6499998960644,1979,5,NA
47.4833,9.66667,1979-05-03,2.10999995283782,7.14999984018505,4.62999989651144,1979,5,NA
47.4833,9.66667,1979-05-04,-0.769999982789159,6.58999985270202,2.90999993495643,1979,5,NA
47.4833,9.66667,1979-05-05,-0.229999994859099,5.71999987214804,2.74499993864447,1979,5,NA
47.4833,9.66667,1979-05-06,-1.3199999704957,7.9799998216331,3.3299999255687,1979,5,NA
47.4833,9.66667,1979-05-07,-0.949999978765845,8.48999981023371,3.76999991573393,1979,5,NA
47.4833,9.66667,1979-05-08,-0.469999989494681,12.8799997121096,6.20499986130744,1979,5,NA
47.4833,9.66667,1979-05-09,0.65999998524785,15.9399996437132,8.29999981448054,1979,5,NA
47.4833,9.66667,1979-05-10,3.31999992579222,18.0399995967746,10.6799997612834,1979,5,NA
47.4833,9.66667,1979-05-11,6.99999984353781,16.5999996289611,11.7999997362494,1979,5,NA
47.4833,9.66667,1979-05-12,5.18999988399446,15.5699996519834,10.3799997679889,1979,5,NA
47.4833,9.66667,1979-05-13,8.35999981313944,14.5299996752292,11.4449997441843,1979,5,NA
47.4833,9.66667,1979-05-14,6.32999985851347,17.1899996157736,11.7599997371435,1979,5,NA
47.4833,9.66667,1979-05-15,5.2799998819828,19.829999556765,12.5549997193739,1979,5,NA
47.4833,9.66667,1979-05-16,6.52999985404313,21.5399995185435,14.0349996862933,1979,5,NA
47.4833,9.66667,1979-05-17,10.6499997619539,23.7299994695932,17.1899996157736,1979,5,NA
47.4833,9.66667,1979-05-18,12.1799997277558,22.3099995013326,17.2449996145442,1979,5,NA
47.4833,9.66667,1979-05-19,10.9099997561425,24.2099994588643,17.5599996075034,1979,5,NA
47.4833,9.66667,1979-05-20,10.6899997610599,23.7599994689226,17.2249996149912,1979,5,NA
47.4833,9.66667,1979-05-21,15.0699996631593,27.3499993886799,21.2099995259196,1979,5,NA
47.4833,9.66667,1979-05-22,8.53999980911613,19.7699995581061,14.1549996836111,1979,5,NA
47.4833,9.66667,1979-05-23,9.54999978654087,19.499999564141,14.524999675341,1979,5,NA
47.4833,9.66667,1979-05-24,8.52999980933964,25.2999994345009,16.9149996219203,1979,5,NA
47.4833,9.66667,1979-05-25,8.039999820292,21.0999995283782,14.5699996743351,1979,5,NA
47.4833,9.66667,1979-05-26,4.9399998895824,17.6999996043742,11.3199997469783,1979,5,NA
47.4833,9.66667,1979-05-27,7.60999982990324,24.1099994610995,15.8599996455014,1979,5,NA
47.4833,9.66667,1979-05-28,11.7799997366965,20.5699995402247,16.1749996384606,1979,5,NA
47.4833,9.66667,1979-05-29,7.9799998216331,21.5999995172024,14.7899996694177,1979,5,NA
47.4833,9.66667,1979-05-30,10.7399997599423,26.9099993985146,18.8249995792285,1979,5,NA
47.4833,9.66667,1979-05-31,14.1299996841699,28.4699993636459,21.2999995239079,1979,5,NA
47.4833,9.66667,1979-06-01,14.8899996671826,26.959999397397,20.9249995322898,1979,6,NA
47.4833,9.66667,1979-06-02,15.0199996642768,26.1799994148314,20.5999995395541,1979,6,NA
47.4833,9.66667,1979-06-03,13.2799997031689,24.699999447912,18.9899995755404,1979,6,NA
47.4833,9.66667,1979-06-04,13.509999698028,24.8199994452298,19.1649995716289,1979,6,NA
47.4833,9.66667,1979-06-05,14.1899996828288,26.3899994101375,20.2899995464832,1979,6,NA
47.4833,9.66667,1979-06-06,14.5799996741116,23.7299994695932,19.1549995718524,1979,6,NA
47.4833,9.66667,1979-06-07,14.0799996852875,20.679999537766,17.3799996115267,1979,6,NA
47.4833,9.66667,1979-06-08,11.749999737367,16.3299996349961,14.0399996861815,1979,6,NA
47.4833,9.66667,1979-06-09,11.0299997534603,17.9299995992333,14.4799996763468,1979,6,NA
47.4833,9.66667,1979-06-10,9.50999978743494,23.1799994818866,16.3449996346608,1979,6,NA
47.4833,9.66667,1979-06-11,12.619999717921,24.8499994445592,18.7349995812401,1979,6,NA
47.4833,9.66667,1979-06-12,13.8499996904284,23.2199994809926,18.5349995857105,1979,6,NA
47.4833,9.66667,1979-06-13,12.1099997293204,24.1699994597584,18.1399995945394,1979,6,NA
47.4833,9.66667,1979-06-14,13.4399996995926,20.1899995487183,16.8149996241555,1979,6,NA
47.4833,9.66667,1979-06-15,11.7399997375906,17.2799996137619,14.5099996756762,1979,6,NA
47.4833,9.66667,1979-06-16,8.96999979950488,13.509999698028,11.2399997487664,1979,6,NA
47.4833,9.66667,1979-06-17,6.84999984689057,10.9999997541308,8.9249998005107,1979,6,NA
47.4833,9.66667,1979-06-18,6.4899998549372,9.07999979704618,7.78499982599169,1979,6,NA
47.4833,9.66667,1979-06-19,6.66999985091388,12.5899997185916,9.62999978475273,1979,6,NA
47.4833,9.66667,1979-06-20,7.0599998421967,12.6999997161329,9.87999977916479,1979,6,NA
47.4833,9.66667,1979-06-21,7.749999826774,18.3899995889515,13.0699997078627,1979,6,NA
47.4833,9.66667,1979-06-22,9.80999978072941,23.0799994841218,16.4449996324256,1979,6,NA
47.4833,9.66667,1979-06-23,10.7199997603893,22.7599994912744,16.7399996258318,1979,6,NA
47.4833,9.66667,1979-06-24,11.6499997396022,22.3699994999915,17.0099996197969,1979,6,NA
47.4833,9.66667,1979-06-25,12.2899997252971,23.829999467358,18.0599995963275,1979,6,NA
47.4833,9.66667,1979-06-26,12.2499997261912,19.9999995529652,16.1249996395782,1979,6,NA
47.4833,9.66667,1979-06-27,13.0399997085333,24.0199994631112,18.5299995858222,1979,6,NA
47.4833,9.66667,1979-06-28,14.5999996736646,23.3399994783103,18.9699995759875,1979,6,NA
47.4833,9.66667,1979-06-29,14.7699996698648,21.8499995116144,18.3099995907396,1979,6,NA
47.4833,9.66667,1979-06-30,13.0799997076392,23.3099994789809,18.1949995933101,1979,6,NA
47.4833,9.66667,1979-07-01,14.9899996649474,20.1399995498359,17.5649996073917,1979,7,NA
47.4833,9.66667,1979-07-02,12.2399997264147,16.7199996262789,14.4799996763468,1979,7,NA
47.4833,9.66667,1979-07-03,10.3499997686595,14.5599996745586,12.4549997216091,1979,7,NA
47.4833,9.66667,1979-07-04,8.91999980062246,11.6899997387081,10.3049997696653,1979,7,NA
47.4833,9.66667,1979-07-05,8.59999980777502,14.8799996674061,11.7399997375906,1979,7,NA
47.4833,9.66667,1979-07-06,10.1599997729063,20.7099995370954,15.4349996550009,1979,7,NA
47.4833,9.66667,1979-07-07,8.96999979950488,22.0099995080382,15.4899996537715,1979,7,NA
47.4833,9.66667,1979-07-08,11.8399997353554,23.1699994821101,17.5049996087328,1979,7,NA
47.4833,9.66667,1979-07-09,13.779999691993,19.249999569729,16.514999630861,1979,7,NA
47.4833,9.66667,1979-07-10,11.3599997460842,19.7999995574355,15.5799996517599,1979,7,NA
47.4833,9.66667,1979-07-11,14.2399996817112,20.8099995348603,17.5249996082857,1979,7,NA
47.4833,9.66667,1979-07-12,10.5699997637421,24.1799994595349,17.3749996116385,1979,7,NA
47.4833,9.66667,1979-07-13,16.7299996260554,22.9099994879216,19.8199995569885,1979,7,NA
47.4833,9.66667,1979-07-14,14.8799996674061,19.4199995659292,17.1499996166676,1979,7,NA
47.4833,9.66667,1979-07-15,12.6899997163564,16.7499996256083,14.7199996709824,1979,7,NA
47.4833,9.66667,1979-07-16,10.3299997691065,21.6399995163083,15.9849996427074,1979,7,NA
47.4833,9.66667,1979-07-17,13.1299997065216,20.0599995516241,16.5949996290728,1979,7,NA
47.4833,9.66667,1979-07-18,12.4299997221678,17.6199996061623,15.0249996641651,1979,7,NA
47.4833,9.66667,1979-07-19,12.4599997214973,25.4599994309247,18.959999576211,1979,7,NA
47.4833,9.66667,1979-07-20,15.9499996434897,25.3399994336069,20.6449995385483,1979,7,NA
47.4833,9.66667,1979-07-21,15.8199996463954,23.3399994783103,19.5799995623529,1979,7,NA
47.4833,9.66667,1979-07-22,15.1099996622652,21.9599995091558,18.5349995857105,1979,7,NA
47.4833,9.66667,1979-07-23,13.8499996904284,17.3499996121973,15.5999996513128,1979,7,NA
47.4833,9.66667,1979-07-24,9.21999979391694,18.8099995795637,14.0149996867403,1979,7,NA
47.4833,9.66667,1979-07-25,11.6899997387081,18.7899995800108,15.2399996593595,1979,7,NA
47.4833,9.66667,1979-07-26,10.2099997717887,23.0999994836748,16.6549996277317,1979,7,NA
47.4833,9.66667,1979-07-27,12.4799997210503,24.7799994461238,18.6299995835871,1979,7,NA
47.4833,9.66667,1979-07-28,14.089999685064,25.8699994217604,19.9799995534122,1979,7,NA
47.4833,9.66667,1979-07-29,14.379999678582,26.4899994079024,20.4349995432422,1979,7,NA
47.4833,9.66667,1979-07-30,16.2899996358901,28.3899993654341,22.3399995006621,1979,7,NA
47.4833,9.66667,1979-07-31,16.0099996421486,24.389999454841,20.1999995484948,1979,7,NA
47.4833,9.66667,1979-08-01,16.1699996385723,23.1099994834512,19.6399995610118,1979,8,NA
47.4833,9.66667,1979-08-02,15.0499996636063,22.1899995040148,18.6199995838106,1979,8,NA
47.4833,9.66667,1979-08-03,15.229999659583,26.3299994114786,20.7799995355308,1979,8,NA
47.4833,9.66667,1979-08-04,15.5999996513128,22.6999994926155,19.1499995719641,1979,8,NA
47.4833,9.66667,1979-08-05,13.2499997038394,21.529999518767,17.3899996113032,1979,8,NA
47.4833,9.66667,1979-08-06,10.6699997615069,24.1599994599819,17.4149996107444,1979,8,NA
47.4833,9.66667,1979-08-07,13.0199997089803,26.3399994112551,19.6799995601177,1979,8,NA
47.4833,9.66667,1979-08-08,14.7199996709824,26.5499994065613,20.6349995387718,1979,8,NA
47.4833,9.66667,1979-08-09,14.5099996756762,22.5599994957447,18.5349995857105,1979,8,NA
47.4833,9.66667,1979-08-10,11.8999997340143,19.7499995585531,15.8249996462837,1979,8,NA
47.4833,9.66667,1979-08-11,12.0999997295439,15.2199996598065,13.6599996946752,1979,8,NA
47.4833,9.66667,1979-08-12,9.82999978028238,17.1199996173382,13.4749996988103,1979,8,NA
47.4833,9.66667,1979-08-13,10.9999997541308,20.1399995498359,15.5699996519834,1979,8,NA
47.4833,9.66667,1979-08-14,11.0899997521192,22.5699994955212,16.8299996238202,1979,8,NA
47.4833,9.66667,1979-08-15,11.499999742955,26.0599994175136,18.7799995802343,1979,8,NA
47.4833,9.66667,1979-08-16,14.2899996805936,28.0899993721396,21.1899995263666,1979,8,NA
47.4833,9.66667,1979-08-17,13.0299997087568,21.7899995129555,17.4099996108562,1979,8,NA
47.4833,9.66667,1979-08-18,11.4899997431785,19.499999564141,15.4949996536598,1979,8,NA
47.4833,9.66667,1979-08-19,10.8699997570366,15.8799996450543,13.3749997010455,1979,8,NA
47.4833,9.66667,1979-08-20,11.4399997442961,17.819999601692,14.629999672994,1979,8,NA
47.4833,9.66667,1979-08-21,12.0899997297674,16.2699996363372,14.1799996830523,1979,8,NA
47.4833,9.66667,1979-08-22,9.42999978922307,19.2599995695055,14.3449996793643,1979,8,NA
47.4833,9.66667,1979-08-23,11.1999997496605,21.3699995223433,16.2849996360019,1979,8,NA
47.4833,9.66667,1979-08-24,12.5299997199327,20.8299995344132,16.6799996271729,1979,8,NA
47.4833,9.66667,1979-08-25,9.82999978028238,15.229999659583,12.5299997199327,1979,8,NA
47.4833,9.66667,1979-08-26,7.82999982498586,14.4999996758997,11.1649997504428,1979,8,NA
47.4833,9.66667,1979-08-27,8.63999980688095,12.8699997123331,10.754999759607,1979,8,NA
47.4833,9.66667,1979-08-28,8.42999981157482,16.4599996320903,12.4449997218326,1979,8,NA
47.4833,9.66667,1979-08-29,8.13999981805682,16.7099996265024,12.4249997222796,1979,8,NA
47.4833,9.66667,1979-08-30,5.64999987371266,20.2799995467067,12.9649997102097,1979,8,NA
47.4833,9.66667,1979-08-31,7.12999984063208,20.4999995417893,13.8149996912107,1979,8,NA
47.4833,9.66667,1979-09-01,9.34999979101121,22.2999995015562,15.8249996462837,1979,9,NA
47.4833,9.66667,1979-09-02,11.1999997496605,23.9799994640052,17.5899996068329,1979,9,NA
47.4833,9.66667,1979-09-03,12.2899997252971,25.1699994374067,18.7299995813519,1979,9,NA
47.4833,9.66667,1979-09-04,14.1599996834993,18.4799995869398,16.3199996352196,1979,9,NA
47.4833,9.66667,1979-09-05,12.6599997170269,17.5599996075034,15.1099996622652,1979,9,NA
47.4833,9.66667,1979-09-06,9.01999979838729,19.9999995529652,14.5099996756762,1979,9,NA
47.4833,9.66667,1979-09-07,8.12999981828034,22.4199994988739,15.2749996585771,1979,9,NA
47.4833,9.66667,1979-09-08,11.189999749884,23.0499994847924,17.1199996173382,1979,9,NA
47.4833,9.66667,1979-09-09,11.9899997320026,22.8999994881451,17.4449996100739,1979,9,NA
47.4833,9.66667,1979-09-10,11.9999997317791,22.7399994917214,17.3699996117502,1979,9,NA
47.4833,9.66667,1979-09-11,14.0099996868521,18.3099995907396,16.1599996387959,1979,9,NA
47.4833,9.66667,1979-09-12,12.6099997181445,20.7699995357543,16.6899996269494,1979,9,NA
47.4833,9.66667,1979-09-13,13.199999704957,21.1699995268136,17.1849996158853,1979,9,NA
47.4833,9.66667,1979-09-14,12.6999997161329,23.0399994850159,17.8699996005744,1979,9,NA
47.4833,9.66667,1979-09-15,12.2499997261912,20.5799995400012,16.4149996330962,1979,9,NA
47.4833,9.66667,1979-09-16,10.5999997630715,14.9499996658415,12.7749997144565,1979,9,NA
47.4833,9.66667,1979-09-17,5.43999987840652,16.079999640584,10.7599997594953,1979,9,NA
47.4833,9.66667,1979-09-18,5.74999987147748,21.4699995201081,13.6099996957928,1979,9,NA
47.4833,9.66667,1979-09-19,10.2399997711182,23.1599994823337,16.6999996267259,1979,9,NA
47.4833,9.66667,1979-09-20,10.5699997637421,22.7299994919449,16.6499996278435,1979,9,NA
47.4833,9.66667,1979-09-21,11.8999997340143,21.7699995134026,16.8349996237084,1979,9,NA
47.4833,9.66667,1979-09-22,8.31999981403351,14.6999996714294,11.5099997427315,1979,9,NA
47.4833,9.66667,1979-09-23,2.09999995306134,7.91999982297421,5.00999988801777,1979,9,NA
47.4833,9.66667,1979-09-24,5.65999987348914,8.24999981559813,6.95499984454364,1979,9,NA
47.4833,9.66667,1979-09-25,5.08999988622963,7.89999982342124,6.49499985482544,1979,9,NA
47.4833,9.66667,1979-09-26,5.01999988779426,11.3199997469783,8.16999981738627,1979,9,NA
47.4833,9.66667,1979-09-27,2.51999994367361,14.9499996658415,8.73499980475754,1979,9,NA
47.4833,9.66667,1979-09-28,4.17999990656972,15.8399996459484,10.0099997762591,1979,9,NA
47.4833,9.66667,1979-09-29,5.97999986633658,17.3099996130913,11.644999739714,1979,9,NA
47.4833,9.66667,1979-09-30,9.40999978967011,15.9399996437132,12.6749997166917,1979,9,NA
47.4833,9.66667,1979-10-01,8.54999980889261,14.5399996750057,11.5449997419491,1979,10,1980
47.4833,9.66667,1979-10-02,7.27999983727932,15.9999996423721,11.6399997398257,1979,10,1980
47.4833,9.66667,1979-10-03,5.37999987974763,15.189999660477,10.2849997701123,1979,10,1980
47.4833,9.66667,1979-10-04,7.33999983593822,16.4699996318668,11.9049997339025,1979,10,1980
47.4833,9.66667,1979-10-05,8.2699998151511,18.4899995867163,13.3799997009337,1979,10,1980
47.4833,9.66667,1979-10-06,10.0799997746944,16.9399996213615,13.509999698028,1979,10,1980
47.4833,9.66667,1979-10-07,10.4299997668713,15.1699996609241,12.7999997138977,1979,10,1980
47.4833,9.66667,1979-10-08,8.16999981738627,15.5399996526539,11.8549997350201,1979,10,1980
47.4833,9.66667,1979-10-09,8.07999981939793,17.8299996014684,12.9549997104332,1979,10,1980
47.4833,9.66667,1979-10-10,9.49999978765845,19.4599995650351,14.4799996763468,1979,10,1980
47.4833,9.66667,1979-10-11,9.73999978229403,22.2599995024502,15.9999996423721,1979,10,1980
47.4833,9.66667,1979-10-12,11.3199997469783,19.0899995733052,15.2049996601418,1979,10,1980
47.4833,9.66667,1979-10-13,9.31999979168177,18.9799995757639,14.1499996837229,1979,10,1980
47.4833,9.66667,1979-10-14,10.7899997588247,18.8499995786697,14.8199996687472,1979,10,1980
47.4833,9.66667,1979-10-15,10.2999997697771,17.2599996142089,13.779999691993,1979,10,1980
47.4833,9.66667,1979-10-16,9.39999978989363,14.7999996691942,12.0999997295439,1979,10,1980
47.4833,9.66667,1979-10-17,7.67999982833862,16.0499996412545,11.8649997347966,1979,10,1980
47.4833,9.66667,1979-10-18,9.96999977715313,12.3199997246265,11.1449997508898,1979,10,1980
47.4833,9.66667,1979-10-19,8.69999980553985,12.5599997192621,10.629999762401,1979,10,1980
47.4833,9.66667,1979-10-20,4.99999988824129,14.4399996772408,9.71999978274107,1979,10,1980
47.4833,9.66667,1979-10-21,2.42999994568527,14.629999672994,8.52999980933964,1979,10,1980
47.4833,9.66667,1979-10-22,3.98999991081655,13.1499997060746,8.56999980844557,1979,10,1980
47.4833,9.66667,1979-10-23,6.72999984957278,9.87999977916479,8.30499981436878,1979,10,1980
47.4833,9.66667,1979-10-24,5.5099998768419,9.23999979346991,7.3749998351559,1979,10,1980
47.4833,9.66667,1979-10-25,4.21999990567565,9.80999978072941,7.01499984320253,1979,10,1980
47.4833,9.66667,1979-10-26,4.04999990947545,9.00999979861081,6.52999985404313,1979,10,1980
47.4833,9.66667,1979-10-27,1.74999996088445,9.08999979682267,5.41999987885356,1979,10,1980
47.4833,9.66667,1979-10-28,3.19999992847443,9.70999978296459,6.45499985571951,1979,10,1980
47.4833,9.66667,1979-10-29,2.64999994076788,8.59999980777502,5.62499987427145,1979,10,1980
47.4833,9.66667,1979-10-30,2.95999993383884,8.79999980330467,5.87999986857176,1979,10,1980
47.4833,9.66667,1979-10-31,5.59999987483025,7.88999982364476,6.7449998492375,1979,10,1980
47.4833,9.66667,1979-11-01,0.959999978542328,9.25999979302287,5.1099998857826,1979,11,1980
47.4833,9.66667,1979-11-02,2.009999955073,10.1399997733533,6.07499986421317,1979,11,1980
47.4833,9.66667,1979-11-03,4.74999989382923,9.66999978385866,7.20999983884394,1979,11,1980
47.4833,9.66667,1979-11-04,0.88999998010695,7.3499998357147,4.11999990791082,1979,11,1980
47.4833,9.66667,1979-11-05,-1.98999995552003,8.47999981045723,3.2449999274686,1979,11,1980
47.4833,9.66667,1979-11-06,1.8399999588728,7.749999826774,4.7949998928234,1979,11,1980
47.4833,9.66667,1979-11-07,2.98999993316829,9.24999979324639,6.11999986320734,1979,11,1980
47.4833,9.66667,1979-11-08,4.8799998909235,9.38999979011714,7.13499984052032,1979,11,1980
47.4833,9.66667,1979-11-09,5.75999987125397,12.9999997094274,9.37999979034066,1979,11,1980
47.4833,9.66667,1979-11-10,4.04999990947545,10.0799997746944,7.06499984208494,1979,11,1980
47.4833,9.66667,1979-11-11,1.12999997474253,4.8799998909235,3.00499993283302,1979,11,1980
47.4833,9.66667,1979-11-12,-1.86999995820224,2.94999993406236,0.539999987930059,1979,11,1980
47.4833,9.66667,1979-11-13,-5.64999987371266,3.64999991841614,-0.999999977648258,1979,11,1980
47.4833,9.66667,1979-11-14,0.449999989941716,5.93999986723065,3.19499992858618,1979,11,1980
47.4833,9.66667,1979-11-15,1.61999996379018,8.39999981224537,5.00999988801777,1979,11,1980
47.4833,9.66667,1979-11-16,0.249999994412065,4.49999989941716,2.37499994691461,1979,11,1980
47.4833,9.66667,1979-11-17,-1.44999996758997,3.91999991238117,1.2349999723956,1979,11,1980
47.4833,9.66667,1979-11-18,-2.11999995261431,2.77999993786216,0.329999992623925,1979,11,1980
47.4833,9.66667,1979-11-19,-4.13999990746379,2.72999993897974,-0.704999984242022,1979,11,1980
47.4833,9.66667,1979-11-20,-1.19999997317791,1.69999996200204,0.249999994412065,1979,11,1980
47.4833,9.66667,1979-11-21,0.189999995753169,1.85999995842576,1.02499997708946,1979,11,1980
47.4833,9.66667,1979-11-22,0.149999996647239,2.02999995462596,1.0899999756366,1979,11,1980
47.4833,9.66667,1979-11-23,-1.79999995976686,1.67999996244907,-0.0599999986588955,1979,11,1980
47.4833,9.66667,1979-11-24,-3.59999991953373,1.3199999704957,-1.13999997451901,1979,11,1980
47.4833,9.66667,1979-11-25,-4.44999990053475,2.70999993942678,-0.869999980553985,1979,11,1980
47.4833,9.66667,1979-11-26,-4.42999990098178,3.70999991707504,-0.359999991953373,1979,11,1980
47.4833,9.66667,1979-11-27,-3.62999991886318,7.67999982833862,2.02499995473772,1979,11,1980
47.4833,9.66667,1979-11-28,2.66999994032085,7.75999982655048,5.21499988343567,1979,11,1980
47.4833,9.66667,1979-11-29,4.32999990321696,7.749999826774,6.03999986499548,1979,11,1980
47.4833,9.66667,1979-11-30,0.459999989718199,7.54999983124435,4.00499991048127,1979,11,1980
47.4833,9.66667,1979-12-01,-1.55999996513128,8.50999980978668,3.4749999223277,1979,12,1980
47.4833,9.66667,1979-12-02,0.88999998010695,10.9999997541308,5.9449998671189,1979,12,1980
47.4833,9.66667,1979-12-03,1.82999995909631,10.2199997715652,6.02499986533076,1979,12,1980
47.4833,9.66667,1979-12-04,0.679999984800816,9.9299997780472,5.30499988142401,1979,12,1980
47.4833,9.66667,1979-12-05,2.36999994702637,12.4299997221678,7.39999983459711,1979,12,1980
47.4833,9.66667,1979-12-06,2.59999994188547,11.7999997362494,7.19999983906746,1979,12,1980
47.4833,9.66667,1979-12-07,5.38999987952411,12.8299997132272,9.10999979637563,1979,12,1980
47.4833,9.66667,1979-12-08,5.32999988086522,13.8299996908754,9.57999978587031,1979,12,1980
47.4833,9.66667,1979-12-09,3.90999991260469,9.62999978475273,6.76999984867871,1979,12,1980
47.4833,9.66667,1979-12-10,3.56999992020428,9.76999978162348,6.66999985091388,1979,12,1980
47.4833,9.66667,1979-12-11,6.20999986119568,12.3399997241795,9.27499979268759,1979,12,1980
47.4833,9.66667,1979-12-12,5.0499998871237,11.9899997320026,8.51999980956316,1979,12,1980
47.4833,9.66667,1979-12-13,2.4099999461323,5.13999988511205,3.77499991562217,1979,12,1980
47.4833,9.66667,1979-12-14,-0.789999982342124,6.32999985851347,2.76999993808568,1979,12,1980
47.4833,9.66667,1979-12-15,2.31999994814396,8.42999981157482,5.37499987985939,1979,12,1980
47.4833,9.66667,1979-12-16,1.84999995864928,8.22999981604517,5.03999988734722,1979,12,1980
47.4833,9.66667,1979-12-17,1.29999997094274,5.86999986879528,3.58499991986901,1979,12,1980
47.4833,9.66667,1979-12-18,-0.679999984800816,8.6099998075515,3.96499991137534,1979,12,1980
47.4833,9.66667,1979-12-19,0.629999985918403,5.74999987147748,3.18999992869794,1979,12,1980
47.4833,9.66667,1979-12-20,-0.699999984353781,2.60999994166195,0.954999978654087,1979,12,1980
47.4833,9.66667,1979-12-21,-1.25999997183681,0.179999995976686,-0.539999987930059,1979,12,1980
47.4833,9.66667,1979-12-22,-3.59999991953373,0.0799999982118607,-1.75999996066093,1979,12,1980
47.4833,9.66667,1979-12-23,-4.17999990656972,6.46999985538423,1.14499997440726,1979,12,1980
47.4833,9.66667,1979-12-24,-1.21999997273088,3.12999993003905,0.954999978654087,1979,12,1980
47.4833,9.66667,1979-12-25,-3.1599999293685,2.11999995261431,-0.519999988377094,1979,12,1980
47.4833,9.66667,1979-12-26,-2.05999995395541,4.02999990992248,0.984999977983534,1979,12,1980
47.4833,9.66667,1979-12-27,-1.96999995596707,1.13999997451901,-0.414999990724027,1979,12,1980
47.4833,9.66667,1979-12-28,-4.13999990746379,3.0399999320507,-0.549999987706542,1979,12,1980
47.4833,9.66667,1979-12-29,-3.60999991931021,4.50999989919364,0.449999989941716,1979,12,1980
47.4833,9.66667,1979-12-30,-0.189999995753169,4.57999989762902,2.19499995093793,1979,12,1980
47.4833,9.66667,1979-12-31,-0.879999980330467,2.18999995104969,0.654999985359609,1979,12,1980
47.4833,9.66667,1980-01-01,-2.38999994657934,0.199999995529652,-1.09499997552484,1980,1,1980
47.4833,9.66667,1980-01-02,-3.04999993182719,0.0799999982118607,-1.48499996680766,1980,1,1980
47.4833,9.66667,1980-01-03,-5.07999988645315,-2.01999995484948,-3.54999992065132,1980,1,1980
47.4833,9.66667,1980-01-04,-5.47999987751245,-2.66999994032085,-4.07499990891665,1980,1,1980
47.4833,9.66667,1980-01-05,-7.38999983482063,0.799999982118607,-3.29499992635101,1980,1,1980
47.4833,9.66667,1980-01-06,-0.809999981895089,2.90999993495643,1.04999997653067,1980,1,1980
47.4833,9.66667,1980-01-07,-0.669999985024333,1.85999995842576,0.594999986700714,1980,1,1980
47.4833,9.66667,1980-01-08,-0.549999987706542,0.649999985471368,0.0499999988824129,1980,1,1980
47.4833,9.66667,1980-01-09,-2.02999995462596,1.64999996311963,-0.189999995753169,1980,1,1980
47.4833,9.66667,1980-01-10,-7.77999982610345,-1.02999997697771,-4.40499990154058,1980,1,1980
47.4833,9.66667,1980-01-11,-7.0599998421967,-2.83999993652105,-4.94999988935888,1980,1,1980
47.4833,9.66667,1980-01-12,-5.77999987080693,-3.84999991394579,-4.81499989237636,1980,1,1980
47.4833,9.66667,1980-01-13,-8.41999981179833,-4.74999989382923,-6.58499985281378,1980,1,1980
47.4833,9.66667,1980-01-14,-9.89999977871776,-5.36999987997115,-7.63499982934445,1980,1,1980
47.4833,9.66667,1980-01-15,-9.46999978832901,-4.27999990433455,-6.87499984633178,1980,1,1980
47.4833,9.66667,1980-01-16,-8.93999980017543,-3.08999993093312,-6.01499986555427,1980,1,1980
47.4833,9.66667,1980-01-17,-8.18999981693923,-6.14999986253679,-7.16999983973801,1980,1,1980
47.4833,9.66667,1980-01-18,-7.60999982990324,-3.94999991171062,-5.77999987080693,1980,1,1980
47.4833,9.66667,1980-01-19,-9.31999979168177,-2.84999993629754,-6.08499986398965,1980,1,1980
47.4833,9.66667,1980-01-20,-8.67999980598688,-2.21999995037913,-5.44999987818301,1980,1,1980
47.4833,9.66667,1980-01-21,-8.68999980576336,-1.29999997094274,-4.99499988835305,1980,1,1980
47.4833,9.66667,1980-01-22,-7.47999983280897,0.26999999396503,-3.60499991942197,1980,1,1980
47.4833,9.66667,1980-01-23,-2.98999993316829,4.28999990411103,0.649999985471368,1980,1,1980
47.4833,9.66667,1980-01-24,0.479999989271164,5.38999987952411,2.93499993439764,1980,1,1980
47.4833,9.66667,1980-01-25,0.449999989941716,6.79999984800816,3.62499991897494,1980,1,1980
47.4833,9.66667,1980-01-26,0.109999997541308,2.89999993517995,1.50499996636063,1980,1,1980
47.4833,9.66667,1980-01-27,-2.31999994814396,1.59999996423721,-0.359999991953373,1980,1,1980
47.4833,9.66667,1980-01-28,-2.71999993920326,1.15999997407198,-0.779999982565641,1980,1,1980
47.4833,9.66667,1980-01-29,-7.81999982520938,0.869999980553985,-3.4749999223277,1980,1,1980
47.4833,9.66667,1980-01-30,-2.03999995440245,4.8799998909235,1.41999996826053,1980,1,1980
47.4833,9.66667,1980-01-31,-1.23999997228384,8.51999980956316,3.63999991863966,1980,1,1980
47.4833,9.66667,1980-02-01,3.46999992243946,10.6799997612834,7.07499984186143,1980,2,1980
47.4833,9.66667,1980-02-02,0.279999993741512,4.48999989964068,2.3849999466911,1980,2,1980
47.4833,9.66667,1980-02-03,-1.51999996602535,5.83999986946583,2.15999995172024,1980,2,1980
47.4833,9.66667,1980-02-04,1.05999997630715,5.58999987505376,3.32499992568046,1980,2,1980
47.4833,9.66667,1980-02-05,2.62999994121492,7.23999983817339,4.93499988969415,1980,2,1980
47.4833,9.66667,1980-02-06,3.64999991841614,10.4699997659773,7.0599998421967,1980,2,1980
47.4833,9.66667,1980-02-07,4.10999990813434,8.86999980174005,6.4899998549372,1980,2,1980
47.4833,9.66667,1980-02-08,3.31999992579222,6.00999986566603,4.66499989572912,1980,2,1980
47.4833,9.66667,1980-02-09,0.649999985471368,9.25999979302287,4.95499988924712,1980,2,1980
47.4833,9.66667,1980-02-10,0.829999981448054,10.6399997621775,5.73499987181276,1980,2,1980
47.4833,9.66667,1980-02-11,1.25999997183681,8.82999980263412,5.04499988723546,1980,2,1980
47.4833,9.66667,1980-02-12,2.62999994121492,7.18999983929098,4.90999989025295,1980,2,1980
47.4833,9.66667,1980-02-13,0.61999998614192,5.82999986968935,3.22499992791563,1980,2,1980
47.4833,9.66667,1980-02-14,-2.01999995484948,5.26999988220632,1.62499996367842,1980,2,1980
47.4833,9.66667,1980-02-15,0.0699999984353781,6.7199998497963,3.39499992411584,1980,2,1980
47.4833,9.66667,1980-02-16,-1.89999995753169,5.98999986611307,2.04499995429069,1980,2,1980
47.4833,9.66667,1980-02-17,0.629999985918403,8.42999981157482,4.52999989874661,1980,2,1980
47.4833,9.66667,1980-02-18,2.32999994792044,4.53999989852309,3.43499992322177,1980,2,1980
47.4833,9.66667,1980-02-19,0.119999997317791,4.92999988980591,2.52499994356185,1980,2,1980
47.4833,9.66667,1980-02-20,-3.17999992892146,4.25999990478158,0.539999987930059,1980,2,1980
47.4833,9.66667,1980-02-21,-4.14999990724027,5.49999987706542,0.674999984912574,1980,2,1980
47.4833,9.66667,1980-02-22,-3.23999992758036,6.58999985270202,1.67499996256083,1980,2,1980
47.4833,9.66667,1980-02-23,-3.01999993249774,8.23999981582165,2.60999994166195,1980,2,1980
47.4833,9.66667,1980-02-24,0.189999995753169,7.85999982431531,4.02499991003424,1980,2,1980
47.4833,9.66667,1980-02-25,-0.749999983236194,7.22999983839691,3.23999992758036,1980,2,1980
47.4833,9.66667,1980-02-26,-2.35999994724989,4.68999989517033,1.16499997396022,1980,2,1980
47.4833,9.66667,1980-02-27,-3.46999992243946,3.75999991595745,0.144999996758997,1980,2,1980
47.4833,9.66667,1980-02-28,-2.90999993495643,2.78999993763864,-0.0599999986588955,1980,2,1980
47.4833,9.66667,1980-02-29,-3.58999991975725,1.76999996043742,-0.909999979659915,1980,2,1980
47.4833,9.66667,1980-03-01,-1.90999995730817,2.05999995395541,0.0749999983236194,1980,3,1980
47.4833,9.66667,1980-03-02,-3.99999991059303,8.039999820292,2.01999995484948,1980,3,1980
47.4833,9.66667,1980-03-03,-3.13999992981553,6.93999984487891,1.89999995753169,1980,3,1980
47.4833,9.66667,1980-03-04,-2.18999995104969,3.0399999320507,0.42499999050051,1980,3,1980
47.4833,9.66667,1980-03-05,-4.04999990947545,4.21999990567565,0.0849999981001019,1980,3,1980
47.4833,9.66667,1980-03-06,-3.84999991394579,7.40999983437359,1.7799999602139,1980,3,1980
47.4833,9.66667,1980-03-07,-0.529999988153577,10.5999997630715,5.03499988745898,1980,3,1980
47.4833,9.66667,1980-03-08,2.82999993674457,6.52999985404313,4.67999989539385,1980,3,1980
47.4833,9.66667,1980-03-09,-0.439999990165234,8.95999979972839,4.25999990478158,1980,3,1980
47.4833,9.66667,1980-03-10,1.62999996356666,4.60999989695847,3.11999993026257,1980,3,1980
47.4833,9.66667,1980-03-11,1.55999996513128,6.69999985024333,4.12999990768731,1980,3,1980
47.4833,9.66667,1980-03-12,1.76999996043742,4.30999990366399,3.0399999320507,1980,3,1980
47.4833,9.66667,1980-03-13,1.00999997742474,6.44999985583127,3.729999916628,1980,3,1980
47.4833,9.66667,1980-03-14,0.479999989271164,9.40999978967011,4.94499988947064,1980,3,1980
47.4833,9.66667,1980-03-15,-0.229999994859099,9.13999979570508,4.45499990042299,1980,3,1980
47.4833,9.66667,1980-03-16,1.59999996423721,5.739999871701,3.66999991796911,1980,3,1980
47.4833,9.66667,1980-03-17,0.999999977648258,4.91999989002943,2.95999993383884,1980,3,1980
47.4833,9.66667,1980-03-18,2.39999994635582,8.80999980308115,5.60499987471849,1980,3,1980
47.4833,9.66667,1980-03-19,-0.88999998010695,12.5299997199327,5.81999986991286,1980,3,1980
47.4833,9.66667,1980-03-20,0.539999987930059,12.1099997293204,6.32499985862523,1980,3,1980
47.4833,9.66667,1980-03-21,0.499999988824129,6.04999986477196,3.27499992679805,1980,3,1980
47.4833,9.66667,1980-03-22,-0.529999988153577,7.1199998408556,3.29499992635101,1980,3,1980
47.4833,9.66667,1980-03-23,-1.22999997250736,7.53999983146787,3.15499992948025,1980,3,1980
47.4833,9.66667,1980-03-24,1.3199999704957,4.37999990209937,2.84999993629754,1980,3,1980
47.4833,9.66667,1980-03-25,0.319999992847443,5.95999986678362,3.13999992981553,1980,3,1980
47.4833,9.66667,1980-03-26,0.139999996870756,11.8399997353554,5.98999986611307,1980,3,1980
47.4833,9.66667,1980-03-27,2.32999994792044,10.879999756813,6.60499985236675,1980,3,1980
47.4833,9.66667,1980-03-28,5.15999988466501,10.5399997644126,7.84999982453883,1980,3,1980
47.4833,9.66667,1980-03-29,8.08999981917441,16.059999641031,12.0749997301027,1980,3,1980
47.4833,9.66667,1980-03-30,7.61999982967973,11.7599997371435,9.68999978341162,1980,3,1980
47.4833,9.66667,1980-03-31,3.24999992735684,9.15999979525805,6.20499986130744,1980,3,1980
47.4833,9.66667,1980-04-01,2.90999993495643,9.70999978296459,6.30999985896051,1980,4,1980
47.4833,9.66667,1980-04-02,5.03999988734722,11.4099997449666,8.22499981615692,1980,4,1980
47.4833,9.66667,1980-04-03,4.83999989181757,9.95999977737665,7.39999983459711,1980,4,1980
47.4833,9.66667,1980-04-04,0.869999980553985,4.2499999050051,2.55999994277954,1980,4,1980
47.4833,9.66667,1980-04-05,-0.289999993517995,2.80999993719161,1.25999997183681,1980,4,1980
47.4833,9.66667,1980-04-06,-1.50999996624887,3.01999993249774,0.754999983124435,1980,4,1980
47.4833,9.66667,1980-04-07,-2.91999993473291,4.57999989762902,0.829999981448054,1980,4,1980
47.4833,9.66667,1980-04-08,-2.31999994814396,6.2599998600781,1.96999995596707,1980,4,1980
47.4833,9.66667,1980-04-09,-0.34999999217689,4.30999990366399,1.97999995574355,1980,4,1980
47.4833,9.66667,1980-04-10,-0.369999991729856,3.43999992311001,1.53499996569008,1980,4,1980
47.4833,9.66667,1980-04-11,-0.669999985024333,4.69999989494681,2.01499995496124,1980,4,1980
47.4833,9.66667,1980-04-12,1.21999997273088,8.87999980151653,5.0499998871237,1980,4,1980
47.4833,9.66667,1980-04-13,-0.799999982118607,13.0799997076392,6.13999986276031,1980,4,1980
47.4833,9.66667,1980-04-14,1.13999997451901,14.939999666065,8.039999820292,1980,4,1980
47.4833,9.66667,1980-04-15,3.30999992601573,17.7399996034801,10.5249997647479,1980,4,1980
47.4833,9.66667,1980-04-16,3.68999991752207,18.0999995954335,10.8949997564778,1980,4,1980
47.4833,9.66667,1980-04-17,5.76999987103045,17.6899996045977,11.7299997378141,1980,4,1980
47.4833,9.66667,1980-04-18,6.7199998497963,15.809999646619,11.2649997482076,1980,4,1980
47.4833,9.66667,1980-04-19,8.42999981157482,14.1999996826053,11.31499974709,1980,4,1980
47.4833,9.66667,1980-04-20,5.02999988757074,8.80999980308115,6.91999984532595,1980,4,1980
47.4833,9.66667,1980-04-21,0.109999997541308,6.55999985337257,3.33499992545694,1980,4,1980
47.4833,9.66667,1980-04-22,-0.369999991729856,4.02999990992248,1.82999995909631,1980,4,1980
47.4833,9.66667,1980-04-23,-0.149999996647239,4.59999989718199,2.22499995026737,1980,4,1980
47.4833,9.66667,1980-04-24,0.209999995306134,3.76999991573393,1.98999995552003,1980,4,1980
47.4833,9.66667,1980-04-25,0.589999986812472,5.58999987505376,3.08999993093312,1980,4,1980
47.4833,9.66667,1980-04-26,1.69999996200204,4.67999989539385,3.18999992869794,1980,4,1980
47.4833,9.66667,1980-04-27,2.06999995373189,5.26999988220632,3.66999991796911,1980,4,1980
47.4833,9.66667,1980-04-28,1.65999996289611,7.02999984286726,4.34499990288168,1980,4,1980
47.4833,9.66667,1980-04-29,2.1799999512732,10.5999997630715,6.38999985717237,1980,4,1980
47.4833,9.66667,1980-04-30,1.30999997071922,13.9099996890873,7.60999982990324,1980,4,1980
47.4833,9.66667,1980-05-01,1.81999995931983,16.6999996267259,9.25999979302287,1980,5,NA
47.4833,9.66667,1980-05-02,3.98999991081655,16.3599996343255,10.174999772571,1980,5,NA
47.4833,9.66667,1980-05-03,4.77999989315867,14.0199996866286,9.39999978989363,1980,5,NA
47.4833,9.66667,1980-05-04,4.97999988868833,14.0199996866286,9.49999978765845,1980,5,NA
47.4833,9.66667,1980-05-05,6.85999984666705,10.4499997664243,8.65499980654567,1980,5,NA
47.4833,9.66667,1980-05-06,4.22999990545213,7.95999982208014,6.09499986376613,1980,5,NA
47.4833,9.66667,1980-05-07,3.63999991863966,13.9699996877462,8.80499980319291,1980,5,NA
47.4833,9.66667,1980-05-08,8.1499998178333,13.2699997033924,10.7099997606128,1980,5,NA
47.4833,9.66667,1980-05-09,6.24999986030161,12.4299997221678,9.33999979123473,1980,5,NA
47.4833,9.66667,1980-05-10,5.7999998703599,11.2399997487664,8.51999980956316,1980,5,NA
47.4833,9.66667,1980-05-11,4.07999990880489,13.7899996917695,8.93499980028719,1980,5,NA
47.4833,9.66667,1980-05-12,3.59999991953373,18.4899995867163,11.044999753125,1980,5,NA
47.4833,9.66667,1980-05-13,5.23999988287687,20.969999531284,13.1049997070804,1980,5,NA
47.4833,9.66667,1980-05-14,6.68999985046685,20.6099995393306,13.6499996948987,1980,5,NA
47.4833,9.66667,1980-05-15,7.93999982252717,14.7199996709824,11.3299997467548,1980,5,NA
47.4833,9.66667,1980-05-16,5.2799998819828,13.1399997062981,9.20999979414046,1980,5,NA
47.4833,9.66667,1980-05-17,2.84999993629754,11.789999736473,7.31999983638525,1980,5,NA
47.4833,9.66667,1980-05-18,3.53999992087483,13.5699996966869,8.55499980878085,1980,5,NA
47.4833,9.66667,1980-05-19,2.91999993473291,13.5999996960163,8.25999981537461,1980,5,NA
47.4833,9.66667,1980-05-20,7.06999984197319,12.909999711439,9.9899997767061,1980,5,NA
47.4833,9.66667,1980-05-21,3.58999991975725,18.0099995974451,10.7999997586012,1980,5,NA
47.4833,9.66667,1980-05-22,6.8299998473376,20.079999551177,13.4549996992573,1980,5,NA
47.4833,9.66667,1980-05-23,8.63999980688095,16.9899996202439,12.8149997135624,1980,5,NA
47.4833,9.66667,1980-05-24,5.15999988466501,16.3599996343255,10.7599997594953,1980,5,NA
47.4833,9.66667,1980-05-25,4.90999989025295,15.1599996611476,10.0349997757003,1980,5,NA
47.4833,9.66667,1980-05-26,5.89999986812472,17.0099996197969,11.4549997439608,1980,5,NA
47.4833,9.66667,1980-05-27,6.22999986074865,21.1599995270371,13.6949996938929,1980,5,NA
47.4833,9.66667,1980-05-28,8.42999981157482,20.1499995496124,14.2899996805936,1980,5,NA
47.4833,9.66667,1980-05-29,9.61999978497624,14.359999679029,11.9899997320026,1980,5,NA
47.4833,9.66667,1980-05-30,6.1999998614192,14.7799996696413,10.4899997655302,1980,5,NA
47.4833,9.66667,1980-05-31,7.32999983616173,12.4299997221678,9.87999977916479,1980,5,NA
47.4833,9.66667,1980-06-01,6.57999985292554,16.1699996385723,11.3749997457489,1980,6,NA
47.4833,9.66667,1980-06-02,6.32999985851347,11.5799997411668,8.95499979984015,1980,6,NA
47.4833,9.66667,1980-06-03,5.86999986879528,11.9399997331202,8.90499980095774,1980,6,NA
47.4833,9.66667,1980-06-04,7.38999983482063,18.5999995842576,12.9949997095391,1980,6,NA
47.4833,9.66667,1980-06-05,10.6999997608364,18.8199995793402,14.7599996700883,1980,6,NA
47.4833,9.66667,1980-06-06,8.36999981291592,22.8299994897097,15.5999996513128,1980,6,NA
47.4833,9.66667,1980-06-07,11.3999997451901,21.819999512285,16.6099996287376,1980,6,NA
47.4833,9.66667,1980-06-08,12.3799997232854,16.8299996238202,14.6049996735528,1980,6,NA
47.4833,9.66667,1980-06-09,11.9199997335672,16.0899996403605,14.0049996869639,1980,6,NA
47.4833,9.66667,1980-06-10,11.9999997317791,21.6199995167553,16.8099996242672,1980,6,NA
47.4833,9.66667,1980-06-11,11.5299997422844,17.0299996193498,14.2799996808171,1980,6,NA
47.4833,9.66667,1980-06-12,12.1399997286499,21.0999995283782,16.6199996285141,1980,6,NA
47.4833,9.66667,1980-06-13,10.7599997594953,25.3799994327128,18.069999596104,1980,6,NA
47.4833,9.66667,1980-06-14,13.8099996913224,28.139999371022,20.9749995311722,1980,6,NA
47.4833,9.66667,1980-06-15,17.6499996054918,32.3199992775917,24.9849994415417,1980,6,NA
47.4833,9.66667,1980-06-16,11.5599997416139,23.7699994686991,17.6649996051565,1980,6,NA
47.4833,9.66667,1980-06-17,10.5299997646362,21.2999995239079,15.914999644272,1980,6,NA
47.4833,9.66667,1980-06-18,12.2399997264147,18.0199995972216,15.1299996618181,1980,6,NA
47.4833,9.66667,1980-06-19,10.31999976933,17.509999608621,13.9149996889755,1980,6,NA
47.4833,9.66667,1980-06-20,10.6399997621775,18.7699995804578,14.7049996713176,1980,6,NA
47.4833,9.66667,1980-06-21,11.0599997527897,14.8599996678531,12.9599997103214,1980,6,NA
47.4833,9.66667,1980-06-22,10.2799997702241,15.2999996580184,12.7899997141212,1980,6,NA
47.4833,9.66667,1980-06-23,8.05999981984496,17.19999961555,12.6299997176975,1980,6,NA
47.4833,9.66667,1980-06-24,9.43999978899956,13.9199996888638,11.6799997389317,1980,6,NA
47.4833,9.66667,1980-06-25,8.23999981582165,17.4299996104091,12.8349997131154,1980,6,NA
47.4833,9.66667,1980-06-26,9.63999978452921,14.0799996852875,11.8599997349083,1980,6,NA
47.4833,9.66667,1980-06-27,8.35999981313944,16.7899996247143,12.5749997189268,1980,6,NA
47.4833,9.66667,1980-06-28,7.85999982431531,12.2599997259676,10.0599997751415,1980,6,NA
47.4833,9.66667,1980-06-29,7.83999982476234,14.9499996658415,11.3949997453019,1980,6,NA
47.4833,9.66667,1980-06-30,8.85999980196357,13.5399996973574,11.1999997496605,1980,6,NA
47.4833,9.66667,1980-07-01,6.99999984353781,17.7599996030331,12.3799997232854,1980,7,NA
47.4833,9.66667,1980-07-02,8.47999981045723,15.2199996598065,11.8499997351319,1980,7,NA
47.4833,9.66667,1980-07-03,8.74999980442226,11.9899997320026,10.3699997682124,1980,7,NA
47.4833,9.66667,1980-07-04,9.18999979458749,12.0899997297674,10.6399997621775,1980,7,NA
47.4833,9.66667,1980-07-05,9.14999979548156,17.8099996019155,13.4799996986985,1980,7,NA
47.4833,9.66667,1980-07-06,10.1399997733533,18.5799995847046,14.359999679029,1980,7,NA
47.4833,9.66667,1980-07-07,10.899999756366,16.3399996347725,13.6199996955693,1980,7,NA
47.4833,9.66667,1980-07-08,11.5799997411668,20.8699995335191,16.224999637343,1980,7,NA
47.4833,9.66667,1980-07-09,11.5299997422844,16.7199996262789,14.1249996842816,1980,7,NA
47.4833,9.66667,1980-07-10,9.14999979548156,12.3199997246265,10.7349997600541,1980,7,NA
47.4833,9.66667,1980-07-11,8.90999980084598,14.5599996745586,11.7349997377023,1980,7,NA
47.4833,9.66667,1980-07-12,10.0999997742474,15.0399996638298,12.5699997190386,1980,7,NA
47.4833,9.66667,1980-07-13,10.1899997722358,16.8899996224791,13.5399996973574,1980,7,NA
47.4833,9.66667,1980-07-14,10.339999768883,13.6399996951222,11.9899997320026,1980,7,NA
47.4833,9.66667,1980-07-15,10.7599997594953,21.1299995277077,15.9449996436015,1980,7,NA
47.4833,9.66667,1980-07-16,13.3099997024983,18.2599995918572,15.7849996471778,1980,7,NA
47.4833,9.66667,1980-07-17,11.9499997328967,15.229999659583,13.5899996962398,1980,7,NA
47.4833,9.66667,1980-07-18,9.50999978743494,16.4699996318668,12.9899997096509,1980,7,NA
47.4833,9.66667,1980-07-19,8.27999981492758,18.1499995943159,13.2149997046217,1980,7,NA
47.4833,9.66667,1980-07-20,11.6299997400492,21.2899995241314,16.4599996320903,1980,7,NA
47.4833,9.66667,1980-07-21,13.0599997080863,21.7499995138496,17.4049996109679,1980,7,NA
47.4833,9.66667,1980-07-22,9.5299997869879,14.6999996714294,12.1149997292086,1980,7,NA
47.4833,9.66667,1980-07-23,6.94999984465539,18.6299995835871,12.7899997141212,1980,7,NA
47.4833,9.66667,1980-07-24,7.20999983884394,24.0299994628876,15.6199996508658,1980,7,NA
47.4833,9.66667,1980-07-25,12.2799997255206,26.3299994114786,19.3049995684996,1980,7,NA
47.4833,9.66667,1980-07-26,13.0499997083098,27.9399993754923,20.4949995419011,1980,7,NA
47.4833,9.66667,1980-07-27,14.339999679476,28.159999370575,21.2499995250255,1980,7,NA
47.4833,9.66667,1980-07-28,15.3299996573478,24.2099994588643,19.7699995581061,1980,7,NA
47.4833,9.66667,1980-07-29,14.1499996837229,25.0399994403124,19.5949995620176,1980,7,NA
47.4833,9.66667,1980-07-30,14.8799996674061,27.9999993741512,21.4399995207787,1980,7,NA
47.4833,9.66667,1980-07-31,14.0799996852875,21.8299995120615,17.9549995986745,1980,7,NA
47.4833,9.66667,1980-08-01,14.2099996823817,23.3599994778633,18.7849995801225,1980,8,NA
47.4833,9.66667,1980-08-02,13.7399996928871,26.0199994184077,19.8799995556474,1980,8,NA
47.4833,9.66667,1980-08-03,15.0899996627122,29.0799993500113,22.0849995063618,1980,8,NA
47.4833,9.66667,1980-08-04,17.8499996010214,30.2099993247539,24.0299994628876,1980,8,NA
47.4833,9.66667,1980-08-05,16.8099996242672,26.8199994005263,21.8149995123968,1980,8,NA
47.4833,9.66667,1980-08-06,17.239999614656,24.7099994476885,20.9749995311722,1980,8,NA
47.4833,9.66667,1980-08-07,17.0299996193498,24.1699994597584,20.5999995395541,1980,8,NA
47.4833,9.66667,1980-08-08,13.3699997011572,26.4799994081259,19.9249995546415,1980,8,NA
47.4833,9.66667,1980-08-09,15.0699996631593,21.1199995279312,18.0949995955452,1980,8,NA
47.4833,9.66667,1980-08-10,14.8499996680766,23.229999480769,19.0399995744228,1980,8,NA
47.4833,9.66667,1980-08-11,13.6599996946752,24.1799994595349,18.919999577105,1980,8,NA
47.4833,9.66667,1980-08-12,14.0199996866286,24.2499994579703,19.1349995722994,1980,8,NA
47.4833,9.66667,1980-08-13,14.4999996758997,19.1599995717406,16.8299996238202,1980,8,NA
47.4833,9.66667,1980-08-14,12.2099997270852,17.5999996066093,14.9049996668473,1980,8,NA
47.4833,9.66667,1980-08-15,12.3999997228384,23.3499994780868,17.8749996004626,1980,8,NA
47.4833,9.66667,1980-08-16,12.9899997096509,25.3799994327128,19.1849995711818,1980,8,NA
47.4833,9.66667,1980-08-17,15.1199996620417,17.8899996001273,16.5049996310845,1980,8,NA
47.4833,9.66667,1980-08-18,14.2199996821582,20.4199995435774,17.3199996128678,1980,8,NA
47.4833,9.66667,1980-08-19,12.9699997100979,21.9899995084852,17.4799996092916,1980,8,NA
47.4833,9.66667,1980-08-20,12.7799997143447,23.7899994682521,18.2849995912984,1980,8,NA
47.4833,9.66667,1980-08-21,15.6599996499717,21.6699995156378,18.6649995828047,1980,8,NA
47.4833,9.66667,1980-08-22,13.9099996890873,26.5999994054437,20.2549995472655,1980,8,NA
47.4833,9.66667,1980-08-23,15.5899996515363,21.1699995268136,18.379999589175,1980,8,NA
47.4833,9.66667,1980-08-24,9.97999977692962,16.929999621585,13.4549996992573,1980,8,NA
47.4833,9.66667,1980-08-25,6.04999986477196,17.2599996142089,11.6549997394904,1980,8,NA
47.4833,9.66667,1980-08-26,5.63999987393618,19.499999564141,12.5699997190386,1980,8,NA
47.4833,9.66667,1980-08-27,8.06999981962144,21.4399995207787,14.7549996702,1980,8,NA
47.4833,9.66667,1980-08-28,12.7199997156858,21.3799995221198,17.0499996189028,1980,8,NA
47.4833,9.66667,1980-08-29,15.3899996560067,20.5599995404482,17.9749995982274,1980,8,NA
47.4833,9.66667,1980-08-30,15.8399996459484,22.5599994957447,19.1999995708466,1980,8,NA
47.4833,9.66667,1980-08-31,15.5899996515363,20.8399995341897,18.214999592863,1980,8,NA
47.4833,9.66667,1980-09-01,12.079999729991,15.9399996437132,14.0099996868521,1980,9,NA
47.4833,9.66667,1980-09-02,9.54999978654087,15.0399996638298,12.2949997251853,1980,9,NA
47.4833,9.66667,1980-09-03,5.21999988332391,19.249999569729,12.2349997265264,1980,9,NA
47.4833,9.66667,1980-09-04,7.20999983884394,23.4399994760752,15.3249996574596,1980,9,NA
47.4833,9.66667,1980-09-05,10.6999997608364,24.8799994438887,17.7899996023625,1980,9,NA
47.4833,9.66667,1980-09-06,11.8199997358024,24.4299994539469,18.1249995948747,1980,9,NA
47.4833,9.66667,1980-09-07,11.3299997467548,18.9799995757639,15.1549996612594,1980,9,NA
47.4833,9.66667,1980-09-08,7.58999983035028,20.6199995391071,14.1049996847287,1980,9,NA
47.4833,9.66667,1980-09-09,10.029999775812,24.2499994579703,17.1399996168911,1980,9,NA
47.4833,9.66667,1980-09-10,11.5399997420609,16.0499996412545,13.7949996916577,1980,9,NA
47.4833,9.66667,1980-09-11,9.33999979123473,15.8699996452779,12.6049997182563,1980,9,NA
47.4833,9.66667,1980-09-12,11.1499997507781,17.8499996010214,14.4999996758997,1980,9,NA
47.4833,9.66667,1980-09-13,11.3899997454137,22.0099995080382,16.6999996267259,1980,9,NA
47.4833,9.66667,1980-09-14,12.5299997199327,16.9999996200204,14.7649996699765,1980,9,NA
47.4833,9.66667,1980-09-15,9.49999978765845,18.2599995918572,13.8799996897578,1980,9,NA
47.4833,9.66667,1980-09-16,7.40999983437359,20.8799995332956,14.1449996838346,1980,9,NA
47.4833,9.66667,1980-09-17,7.91999982297421,21.9799995087087,14.9499996658415,1980,9,NA
47.4833,9.66667,1980-09-18,9.9299997780472,21.5399995185435,15.7349996482953,1980,9,NA
47.4833,9.66667,1980-09-19,11.9399997331202,21.8499995116144,16.8949996223673,1980,9,NA
47.4833,9.66667,1980-09-20,11.8799997344613,24.3399994559586,18.10999959521,1980,9,NA
47.4833,9.66667,1980-09-21,12.1599997282028,23.5699994731694,17.8649996006861,1980,9,NA
47.4833,9.66667,1980-09-22,13.6199996955693,23.4999994747341,18.5599995851517,1980,9,NA
47.4833,9.66667,1980-09-23,13.0099997092038,21.7199995145202,17.364999611862,1980,9,NA
47.4833,9.66667,1980-09-24,13.0899997074157,17.6599996052682,15.374999656342,1980,9,NA
47.4833,9.66667,1980-09-25,10.3099997695535,18.7799995802343,14.5449996748939,1980,9,NA
47.4833,9.66667,1980-09-26,9.11999979615211,19.5599995627999,14.339999679476,1980,9,NA
47.4833,9.66667,1980-09-27,11.1999997496605,19.3099995683879,15.2549996590242,1980,9,NA
47.4833,9.66667,1980-09-28,8.64999980665743,16.8999996222556,12.7749997144565,1980,9,NA
47.4833,9.66667,1980-09-29,8.75999980419874,16.8999996222556,12.8299997132272,1980,9,NA
47.4833,9.66667,1980-09-30,8.6099998075515,16.8999996222556,12.7549997149035,1980,9,NA
47.4833,9.66667,1980-10-01,7.56999983079731,19.3699995670468,13.469999698922,1980,10,1981
47.4833,9.66667,1980-10-02,10.3299997691065,17.7299996037036,14.0299996864051,1980,10,1981
47.4833,9.66667,1980-10-03,9.74999978207052,15.5999996513128,12.6749997166917,1980,10,1981
47.4833,9.66667,1980-10-04,9.22999979369342,16.2999996356666,12.76499971468,1980,10,1981
47.4833,9.66667,1980-10-05,6.41999985650182,17.6399996057153,12.0299997311085,1980,10,1981
47.4833,9.66667,1980-10-06,9.02999979816377,15.3199996575713,12.1749997278675,1980,10,1981
47.4833,9.66667,1980-10-07,6.8299998473376,17.0199996195734,11.9249997334555,1980,10,1981
47.4833,9.66667,1980-10-08,8.98999979905784,18.5099995862693,13.7499996926636,1980,10,1981
47.4833,9.66667,1980-10-09,7.27999983727932,12.5699997190386,9.92499977815896,1980,10,1981
47.4833,9.66667,1980-10-10,4.7099998947233,8.56999980844557,6.63999985158443,1980,10,1981
47.4833,9.66667,1980-10-11,2.76999993808568,9.22999979369342,5.99999986588955,1980,10,1981
47.4833,9.66667,1980-10-12,2.41999994590878,11.1299997512251,6.77499984856695,1980,10,1981
47.4833,9.66667,1980-10-13,5.78999987058342,7.24999983794987,6.51999985426664,1980,10,1981
47.4833,9.66667,1980-10-14,3.94999991171062,5.92999986745417,4.9399998895824,1980,10,1981
47.4833,9.66667,1980-10-15,1.97999995574355,9.27999979257584,5.62999987415969,1980,10,1981
47.4833,9.66667,1980-10-16,3.729999916628,11.4399997442961,7.58499983046204,1980,10,1981
47.4833,9.66667,1980-10-17,5.38999987952411,19.0299995746464,12.2099997270852,1980,10,1981
47.4833,9.66667,1980-10-18,6.8899998459965,15.479999653995,11.1849997499958,1980,10,1981
47.4833,9.66667,1980-10-19,5.62999987415969,7.63999982923269,6.63499985169619,1980,10,1981
47.4833,9.66667,1980-10-20,3.46999992243946,6.62999985180795,5.0499998871237,1980,10,1981
47.4833,9.66667,1980-10-21,0.679999984800816,9.95999977737665,5.31999988108873,1980,10,1981
47.4833,9.66667,1980-10-22,0.949999978765845,11.3899997454137,6.16999986208975,1980,10,1981
47.4833,9.66667,1980-10-23,2.60999994166195,12.8099997136742,7.70999982766807,1980,10,1981
47.4833,9.66667,1980-10-24,3.729999916628,10.6499997619539,7.18999983929098,1980,10,1981
47.4833,9.66667,1980-10-25,6.029999865219,12.9699997100979,9.49999978765845,1980,10,1981
47.4833,9.66667,1980-10-26,5.44999987818301,7.75999982655048,6.60499985236675,1980,10,1981
47.4833,9.66667,1980-10-27,2.9299999345094,10.5899997632951,6.75999984890223,1980,10,1981
47.4833,9.66667,1980-10-28,1.58999996446073,14.3199996799231,7.95499982219189,1980,10,1981
47.4833,9.66667,1980-10-29,4.17999990656972,17.2499996144325,10.7149997605011,1980,10,1981
47.4833,9.66667,1980-10-30,6.2599998600781,17.6499996054918,11.9549997327849,1980,10,1981
47.4833,9.66667,1980-10-31,5.47999987751245,11.6899997387081,8.5849998081103,1980,10,1981
47.4833,9.66667,1980-11-01,0.779999982565641,7.25999983772635,4.019999910146,1980,11,1981
47.4833,9.66667,1980-11-02,1.63999996334314,4.7099998947233,3.17499992903322,1980,11,1981
47.4833,9.66667,1980-11-03,-2.29999994859099,1.78999995999038,-0.254999994300306,1980,11,1981
47.4833,9.66667,1980-11-04,-3.30999992601573,-0.65999998524785,-1.98499995563179,1980,11,1981
47.4833,9.66667,1980-11-05,-2.89999993517995,-0.0299999993294477,-1.4649999672547,1980,11,1981
47.4833,9.66667,1980-11-06,-2.94999993406236,0.61999998614192,-1.16499997396022,1980,11,1981
47.4833,9.66667,1980-11-07,-1.3199999704957,0.839999981224537,-0.239999994635582,1980,11,1981
47.4833,9.66667,1980-11-08,-0.559999987483025,4.61999989673495,2.02999995462596,1980,11,1981
47.4833,9.66667,1980-11-09,1.56999996490777,8.74999980442226,5.15999988466501,1980,11,1981
47.4833,9.66667,1980-11-10,-0.149999996647239,5.93999986723065,2.89499993529171,1980,11,1981
47.4833,9.66667,1980-11-11,-0.789999982342124,3.43999992311001,1.32499997038394,1980,11,1981
47.4833,9.66667,1980-11-12,-1.43999996781349,2.4099999461323,0.484999989159405,1980,11,1981
47.4833,9.66667,1980-11-13,-3.52999992109835,1.80999995954335,-0.859999980777502,1980,11,1981
47.4833,9.66667,1980-11-14,-3.52999992109835,2.08999995328486,-0.719999983906746,1980,11,1981
47.4833,9.66667,1980-11-15,-4.39999990165234,2.49999994412065,-0.949999978765845,1980,11,1981
47.4833,9.66667,1980-11-16,-2.64999994076788,9.07999979704618,3.21499992813915,1980,11,1981
47.4833,9.66667,1980-11-17,6.29999985918403,14.7199996709824,10.5099997650832,1980,11,1981
47.4833,9.66667,1980-11-18,5.03999988734722,13.4799996986985,9.25999979302287,1980,11,1981
47.4833,9.66667,1980-11-19,3.62999991886318,11.3099997472018,7.46999983303249,1980,11,1981
47.4833,9.66667,1980-11-20,4.69999989494681,8.75999980419874,6.72999984957278,1980,11,1981
47.4833,9.66667,1980-11-21,4.13999990746379,14.0099996868521,9.07499979715794,1980,11,1981
47.4833,9.66667,1980-11-22,3.53999992087483,13.3199997022748,8.42999981157482,1980,11,1981
47.4833,9.66667,1980-11-23,2.47999994456768,10.359999768436,6.41999985650182,1980,11,1981
47.4833,9.66667,1980-11-24,2.6999999396503,11.169999750331,6.93499984499067,1980,11,1981
47.4833,9.66667,1980-11-25,0.319999992847443,8.39999981224537,4.35999990254641,1980,11,1981
47.4833,9.66667,1980-11-26,-0.699999984353781,9.57999978587031,4.43999990075827,1980,11,1981
47.4833,9.66667,1980-11-27,0.949999978765845,7.29999983683228,4.12499990779907,1980,11,1981
47.4833,9.66667,1980-11-28,-0.259999994188547,2.27999994903803,1.00999997742474,1980,11,1981
47.4833,9.66667,1980-11-29,-1.67999996244907,1.69999996200204,0.00999999977648258,1980,11,1981
47.4833,9.66667,1980-11-30,-3.81999991461635,-0.479999989271164,-2.14999995194376,1980,11,1981
47.4833,9.66667,1980-12-01,-4.19999990612268,-1.55999996513128,-2.87999993562698,1980,12,1981
47.4833,9.66667,1980-12-02,-9.34999979101121,-4.07999990880489,-6.71499984990805,1980,12,1981
47.4833,9.66667,1980-12-03,-13.5399996973574,-4.84999989159405,-9.19499979447573,1980,12,1981
47.4833,9.66667,1980-12-04,-7.01999984309077,-2.26999994926155,-4.64499989617616,1980,12,1981
47.4833,9.66667,1980-12-05,-10.2299997713417,-2.05999995395541,-6.14499986264855,1980,12,1981
47.4833,9.66667,1980-12-06,-5.21999988332391,0.769999982789159,-2.22499995026737,1980,12,1981
47.4833,9.66667,1980-12-07,-1.43999996781349,3.69999991729856,1.12999997474253,1980,12,1981
47.4833,9.66667,1980-12-08,-9.17999979481101,-0.919999979436398,-5.0499998871237,1980,12,1981
47.4833,9.66667,1980-12-09,-12.3099997248501,-5.18999988399446,-8.74999980442226,1980,12,1981
47.4833,9.66667,1980-12-10,-14.4599996767938,-4.82999989204109,-9.64499978441745,1980,12,1981
47.4833,9.66667,1980-12-11,-10.2899997700006,1.36999996937811,-4.45999990031123,1980,12,1981
47.4833,9.66667,1980-12-12,-4.09999990835786,5.32999988086522,0.614999986253679,1980,12,1981
47.4833,9.66667,1980-12-13,-4.14999990724027,4.48999989964068,0.169999996200204,1980,12,1981
47.4833,9.66667,1980-12-14,-5.85999986901879,6.00999986566603,0.0749999983236194,1980,12,1981
47.4833,9.66667,1980-12-15,0.719999983906746,7.2899998370558,4.00499991048127,1980,12,1981
47.4833,9.66667,1980-12-16,2.30999994836748,6.53999985381961,4.42499990109354,1980,12,1981
47.4833,9.66667,1980-12-17,-0.65999998524785,4.26999990455806,1.80499995965511,1980,12,1981
47.4833,9.66667,1980-12-18,-2.96999993361533,2.56999994255602,-0.199999995529652,1980,12,1981
47.4833,9.66667,1980-12-19,-6.41999985650182,2.54999994300306,-1.93499995674938,1980,12,1981
47.4833,9.66667,1980-12-20,-3.66999991796911,0.149999996647239,-1.75999996066093,1980,12,1981
47.4833,9.66667,1980-12-21,-7.70999982766807,2.16999995149672,-2.76999993808568,1980,12,1981
47.4833,9.66667,1980-12-22,-1.26999997161329,1.74999996088445,0.239999994635582,1980,12,1981
47.4833,9.66667,1980-12-23,-1.00999997742474,2.009999955073,0.499999988824129,1980,12,1981
47.4833,9.66667,1980-12-24,-1.16999997384846,4.50999989919364,1.66999996267259,1980,12,1981
47.4833,9.66667,1980-12-25,1.63999996334314,8.01999982073903,4.82999989204109,1980,12,1981
47.4833,9.66667,1980-12-26,-1.36999996937811,5.07999988645315,1.85499995853752,1980,12,1981
47.4833,9.66667,1980-12-27,-0.439999990165234,3.56999992020428,1.56499996501952,1980,12,1981
47.4833,9.66667,1980-12-28,-2.97999993339181,-0.289999993517995,-1.6349999634549,1980,12,1981
47.4833,9.66667,1980-12-29,-6.3699998576194,-0.409999990835786,-3.3899999242276,1980,12,1981
47.4833,9.66667,1980-12-30,-9.45999978855252,-1.50999996624887,-5.4849998774007,1980,12,1981
47.4833,9.66667,1980-12-31,-9.02999979816377,-0.729999983683228,-4.8799998909235,1980,12,1981
47.4833,9.66667,1981-01-01,-7.52999983169138,0.88999998010695,-3.31999992579222,1981,1,1981
47.4833,9.66667,1981-01-02,-4.78999989293516,4.12999990768731,-0.329999992623925,1981,1,1981
47.4833,9.66667,1981-01-03,-1.32999997027218,1.81999995931983,0.244999994523823,1981,1,1981
47.4833,9.66667,1981-01-04,0.609999986365438,6.51999985426664,3.56499992031604,1981,1,1981
47.4833,9.66667,1981-01-05,-0.0799999982118607,4.99999988824129,2.45999994501472,1981,1,1981
47.4833,9.66667,1981-01-06,-3.00999993272126,-0.57999998703599,-1.79499995987862,1981,1,1981
47.4833,9.66667,1981-01-07,-3.1599999293685,0.379999991506338,-1.38999996893108,1981,1,1981
47.4833,9.66667,1981-01-08,-6.40999985672534,-1.85999995842576,-4.13499990757555,1981,1,1981
47.4833,9.66667,1981-01-09,-11.2199997492135,-4.10999990813434,-7.6649998286739,1981,1,1981
47.4833,9.66667,1981-01-10,-12.3599997237325,-3.62999991886318,-7.99499982129782,1981,1,1981
47.4833,9.66667,1981-01-11,-5.29999988153577,-0.409999990835786,-2.85499993618578,1981,1,1981
47.4833,9.66667,1981-01-12,-3.12999993003905,-1.21999997273088,-2.17499995138496,1981,1,1981
47.4833,9.66667,1981-01-13,-7.19999983906746,0.00999999977648258,-3.59499991964549,1981,1,1981
47.4833,9.66667,1981-01-14,-4.2499999050051,-1.3799999691546,-2.81499993707985,1981,1,1981
47.4833,9.66667,1981-01-15,-8.51999980956316,-0.519999988377094,-4.51999989897013,1981,1,1981
47.4833,9.66667,1981-01-16,-2.62999994121492,2.03999995440245,-0.294999993406236,1981,1,1981
47.4833,9.66667,1981-01-17,-3.88999991305172,-0.34999999217689,-2.11999995261431,1981,1,1981
47.4833,9.66667,1981-01-18,-2.85999993607402,3.92999991215765,0.534999988041818,1981,1,1981
47.4833,9.66667,1981-01-19,-0.159999996423721,1.64999996311963,0.744999983347952,1981,1,1981
47.4833,9.66667,1981-01-20,-1.1499999742955,2.62999994121492,0.739999983459711,1981,1,1981
47.4833,9.66667,1981-01-21,-2.01999995484948,0.649999985471368,-0.684999984689057,1981,1,1981
47.4833,9.66667,1981-01-22,-5.93999986723065,-1.13999997451901,-3.53999992087483,1981,1,1981
47.4833,9.66667,1981-01-23,-10.7999997586012,-2.66999994032085,-6.73499984946102,1981,1,1981
47.4833,9.66667,1981-01-24,-12.619999717921,-3.47999992221594,-8.04999982006848,1981,1,1981
47.4833,9.66667,1981-01-25,-11.209999749437,-4.03999990969896,-7.62499982956797,1981,1,1981
47.4833,9.66667,1981-01-26,-9.38999979011714,-1.13999997451901,-5.26499988231808,1981,1,1981
47.4833,9.66667,1981-01-27,-3.75999991595745,1.39999996870756,-1.17999997362494,1981,1,1981
47.4833,9.66667,1981-01-28,-8.02999982051551,-0.119999997317791,-4.07499990891665,1981,1,1981
47.4833,9.66667,1981-01-29,-11.0799997523427,-2.22999995015562,-6.65499985124916,1981,1,1981
47.4833,9.66667,1981-01-30,-11.0999997518957,-3.59999991953373,-7.3499998357147,1981,1,1981
47.4833,9.66667,1981-01-31,-10.9899997543544,-3.11999993026257,-7.05499984230846,1981,1,1981
47.4833,9.66667,1981-02-01,-11.1999997496605,-1.00999997742474,-6.10499986354262,1981,2,1981
47.4833,9.66667,1981-02-02,-8.8999998010695,0.0999999977648258,-4.39999990165234,1981,2,1981
47.4833,9.66667,1981-02-03,-9.11999979615211,1.27999997138977,-3.91999991238117,1981,2,1981
47.4833,9.66667,1981-02-04,-6.58999985270202,4.52999989874661,-1.02999997697771,1981,2,1981
47.4833,9.66667,1981-02-05,0.61999998614192,4.52999989874661,2.57499994244426,1981,2,1981
47.4833,9.66667,1981-02-06,-2.56999994255602,0.549999987706542,-1.00999997742474,1981,2,1981
47.4833,9.66667,1981-02-07,-2.35999994724989,1.78999995999038,-0.284999993629754,1981,2,1981
47.4833,9.66667,1981-02-08,1.1499999742955,4.78999989293516,2.96999993361533,1981,2,1981
47.4833,9.66667,1981-02-09,1.8399999588728,6.81999984756112,4.32999990321696,1981,2,1981
47.4833,9.66667,1981-02-10,-1.84999995864928,5.66999987326562,1.90999995730817,1981,2,1981
47.4833,9.66667,1981-02-11,-2.43999994546175,3.35999992489815,0.459999989718199,1981,2,1981
47.4833,9.66667,1981-02-12,-4.04999990947545,1.53999996557832,-1.25499997194856,1981,2,1981
47.4833,9.66667,1981-02-13,-5.65999987348914,-0.649999985471368,-3.15499992948025,1981,2,1981
47.4833,9.66667,1981-02-14,-9.33999979123473,-0.599999986588955,-4.96999988891184,1981,2,1981
47.4833,9.66667,1981-02-15,-10.7499997597188,-0.149999996647239,-5.44999987818301,1981,2,1981
47.4833,9.66667,1981-02-16,-10.5899997632951,0.429999990388751,-5.07999988645315,1981,2,1981
47.4833,9.66667,1981-02-17,-10.029999775812,2.21999995037913,-3.90499991271645,1981,2,1981
47.4833,9.66667,1981-02-18,-8.34999981336296,-1.18999997340143,-4.76999989338219,1981,2,1981
47.4833,9.66667,1981-02-19,-4.73999989405274,-0.849999981001019,-2.79499993752688,1981,2,1981
47.4833,9.66667,1981-02-20,-6.39999985694885,-1.7799999602139,-4.08999990858138,1981,2,1981
47.4833,9.66667,1981-02-21,-5.45999987795949,-1.00999997742474,-3.23499992769212,1981,2,1981
47.4833,9.66667,1981-02-22,-4.91999989002943,-0.779999982565641,-2.84999993629754,1981,2,1981
47.4833,9.66667,1981-02-23,-7.16999983973801,0.519999988377094,-3.32499992568046,1981,2,1981
47.4833,9.66667,1981-02-24,-7.5199998319149,-1.47999996691942,-4.49999989941716,1981,2,1981
47.4833,9.66667,1981-02-25,-9.21999979391694,2.04999995417893,-3.58499991986901,1981,2,1981
47.4833,9.66667,1981-02-26,-7.90999982319772,0.749999983236194,-3.57999991998076,1981,2,1981
47.4833,9.66667,1981-02-27,-4.14999990724027,1.80999995954335,-1.16999997384846,1981,2,1981
47.4833,9.66667,1981-02-28,-8.01999982073903,3.48999992199242,-2.2649999493733,1981,2,1981
47.4833,9.66667,1981-03-01,-6.03999986499548,4.11999990791082,-0.959999978542328,1981,3,1981
47.4833,9.66667,1981-03-02,0.999999977648258,7.73999982699752,4.36999990232289,1981,3,1981
47.4833,9.66667,1981-03-03,0.949999978765845,7.46999983303249,4.20999990589917,1981,3,1981
47.4833,9.66667,1981-03-04,0.749999983236194,5.72999987192452,3.23999992758036,1981,3,1981
47.4833,9.66667,1981-03-05,0.0599999986588955,1.89999995753169,0.979999978095293,1981,3,1981
47.4833,9.66667,1981-03-06,-1.24999997206032,5.63999987393618,2.19499995093793,1981,3,1981
47.4833,9.66667,1981-03-07,-0.57999998703599,6.86999984644353,3.14499992970377,1981,3,1981
47.4833,9.66667,1981-03-08,3.21999992802739,13.0999997071922,8.15999981760979,1981,3,1981
47.4833,9.66667,1981-03-09,4.02999990992248,12.2699997257441,8.1499998178333,1981,3,1981
47.4833,9.66667,1981-03-10,6.27999985963106,14.379999678582,10.3299997691065,1981,3,1981
47.4833,9.66667,1981-03-11,6.93999984487891,11.5799997411668,9.25999979302287,1981,3,1981
47.4833,9.66667,1981-03-12,8.18999981693923,16.7199996262789,12.4549997216091,1981,3,1981
47.4833,9.66667,1981-03-13,6.56999985314906,11.8299997355789,9.19999979436398,1981,3,1981
47.4833,9.66667,1981-03-14,4.43999990075827,9.2999997921288,6.86999984644353,1981,3,1981
47.4833,9.66667,1981-03-15,3.68999991752207,9.42999978922307,6.55999985337257,1981,3,1981
47.4833,9.66667,1981-03-16,3.04999993182719,8.64999980665743,5.84999986924231,1981,3,1981
47.4833,9.66667,1981-03-17,1.57999996468425,7.3499998357147,4.46499990019947,1981,3,1981
47.4833,9.66667,1981-03-18,-0.529999988153577,5.90999986790121,2.68999993987381,1981,3,1981
47.4833,9.66667,1981-03-19,-1.16999997384846,2.64999994076788,0.739999983459711,1981,3,1981
47.4833,9.66667,1981-03-20,-2.82999993674457,7.90999982319772,2.53999994322658,1981,3,1981
47.4833,9.66667,1981-03-21,-0.799999982118607,12.4199997223914,5.80999987013638,1981,3,1981
47.4833,9.66667,1981-03-22,2.53999994322658,15.5499996524304,9.0449997978285,1981,3,1981
47.4833,9.66667,1981-03-23,3.04999993182719,15.4399996548891,9.24499979335815,1981,3,1981
47.4833,9.66667,1981-03-24,4.92999988980591,15.6699996497482,10.2999997697771,1981,3,1981
47.4833,9.66667,1981-03-25,7.67999982833862,16.7899996247143,12.2349997265264,1981,3,1981
47.4833,9.66667,1981-03-26,8.8399998024106,19.6599995605648,14.2499996814877,1981,3,1981
47.4833,9.66667,1981-03-27,9.05999979749322,14.5399996750057,11.7999997362494,1981,3,1981
47.4833,9.66667,1981-03-28,2.82999993674457,15.4699996542186,9.14999979548156,1981,3,1981
47.4833,9.66667,1981-03-29,2.36999994702637,16.8499996233732,9.60999978519976,1981,3,1981
47.4833,9.66667,1981-03-30,7.31999983638525,20.659999538213,13.9899996872991,1981,3,1981
47.4833,9.66667,1981-03-31,8.21999981626868,14.9499996658415,11.5849997410551,1981,3,1981
47.4833,9.66667,1981-04-01,6.56999985314906,13.8899996895343,10.2299997713417,1981,4,1981
47.4833,9.66667,1981-04-02,8.55999980866909,13.1199997067451,10.8399997577071,1981,4,1981
47.4833,9.66667,1981-04-03,4.94999988935888,16.7999996244907,10.8749997569248,1981,4,1981
47.4833,9.66667,1981-04-04,8.63999980688095,15.2799996584654,11.9599997326732,1981,4,1981
47.4833,9.66667,1981-04-05,5.52999987639487,16.2799996361136,10.9049997562543,1981,4,1981
47.4833,9.66667,1981-04-06,6.20999986119568,10.6199997626245,8.41499981191009,1981,4,1981
47.4833,9.66667,1981-04-07,5.21999988332391,14.3499996792525,9.78499978128821,1981,4,1981
47.4833,9.66667,1981-04-08,5.88999986834824,19.4399995654821,12.6649997169152,1981,4,1981
47.4833,9.66667,1981-04-09,8.56999980844557,17.8299996014684,13.199999704957,1981,4,1981
47.4833,9.66667,1981-04-10,6.40999985672534,18.5299995858222,12.4699997212738,1981,4,1981
47.4833,9.66667,1981-04-11,5.76999987103045,20.3999995440245,13.0849997075275,1981,4,1981
47.4833,9.66667,1981-04-12,6.50999985449016,20.9199995324016,13.7149996934459,1981,4,1981
47.4833,9.66667,1981-04-13,10.1299997735769,21.4099995214492,15.769999647513,1981,4,1981
47.4833,9.66667,1981-04-14,8.22999981604517,21.5899995174259,14.9099996667355,1981,4,1981
47.4833,9.66667,1981-04-15,7.71999982744455,21.5999995172024,14.6599996723235,1981,4,1981
47.4833,9.66667,1981-04-16,7.07999984174967,18.0199995972216,12.5499997194856,1981,4,1981
47.4833,9.66667,1981-04-17,7.03999984264374,17.2299996148795,12.1349997287616,1981,4,1981
47.4833,9.66667,1981-04-18,0.629999985918403,10.9599997550249,5.79499987047166,1981,4,1981
47.4833,9.66667,1981-04-19,-0.959999978542328,7.08999984152615,3.06499993149191,1981,4,1981
47.4833,9.66667,1981-04-20,-3.88999991305172,7.58999983035028,1.84999995864928,1981,4,1981
47.4833,9.66667,1981-04-21,1.57999996468425,9.65999978408217,5.61999987438321,1981,4,1981
47.4833,9.66667,1981-04-22,1.01999997720122,12.1299997288734,6.5749998530373,1981,4,1981
47.4833,9.66667,1981-04-23,-0.689999984577298,13.0899997074157,6.1999998614192,1981,4,1981
47.4833,9.66667,1981-04-24,0.469999989494681,11.4299997445196,5.94999986700714,1981,4,1981
47.4833,9.66667,1981-04-25,0.239999994635582,12.4299997221678,6.33499985840172,1981,4,1981
47.4833,9.66667,1981-04-26,1.93999995663762,14.5999996736646,8.2699998151511,1981,4,1981
47.4833,9.66667,1981-04-27,3.14999992959201,18.2699995916337,10.7099997606128,1981,4,1981
47.4833,9.66667,1981-04-28,1.46999996714294,5.86999986879528,3.66999991796911,1981,4,1981
47.4833,9.66667,1981-04-29,1.59999996423721,6.32999985851347,3.96499991137534,1981,4,1981
47.4833,9.66667,1981-04-30,2.58999994210899,6.91999984532595,4.75499989371747,1981,4,1981
47.4833,9.66667,1981-05-01,4.78999989293516,14.5199996754527,9.65499978419393,1981,5,NA
47.4833,9.66667,1981-05-02,7.91999982297421,11.0399997532368,9.47999978810549,1981,5,NA
47.4833,9.66667,1981-05-03,2.07999995350838,8.75999980419874,5.41999987885356,1981,5,NA
47.4833,9.66667,1981-05-04,2.8699999358505,6.76999984867871,4.8199998922646,1981,5,NA
47.4833,9.66667,1981-05-05,2.93999993428588,9.00999979861081,5.97499986644834,1981,5,NA
47.4833,9.66667,1981-05-06,2.51999994367361,6.6599998511374,4.58999989740551,1981,5,NA
47.4833,9.66667,1981-05-07,2.59999994188547,11.3799997456372,6.98999984376132,1981,5,NA
47.4833,9.66667,1981-05-08,3.5599999204278,21.4799995198846,12.5199997201562,1981,5,NA
47.4833,9.66667,1981-05-09,9.0699997972697,19.3799995668232,14.2249996820465,1981,5,NA
47.4833,9.66667,1981-05-10,7.50999983213842,23.849999466911,15.6799996495247,1981,5,NA
47.4833,9.66667,1981-05-11,12.349999723956,25.6499994266778,18.9999995753169,1981,5,NA
47.4833,9.66667,1981-05-12,8.91999980062246,17.6899996045977,13.3049997026101,1981,5,NA
47.4833,9.66667,1981-05-13,4.69999989494681,14.5799996741116,9.63999978452921,1981,5,NA
47.4833,9.66667,1981-05-14,8.06999981962144,11.3799997456372,9.72499978262931,1981,5,NA
47.4833,9.66667,1981-05-15,8.33999981358647,16.0699996408075,12.204999727197,1981,5,NA
47.4833,9.66667,1981-05-16,8.07999981939793,17.8899996001273,12.9849997097626,1981,5,NA
47.4833,9.66667,1981-05-17,6.94999984465539,19.0599995739758,13.0049997093156,1981,5,NA
47.4833,9.66667,1981-05-18,7.08999984152615,14.9499996658415,11.0199997536838,1981,5,NA
47.4833,9.66667,1981-05-19,5.12999988533556,20.369999544695,12.7499997150153,1981,5,NA
47.4833,9.66667,1981-05-20,8.75999980419874,23.1199994832277,15.9399996437132,1981,5,NA
47.4833,9.66667,1981-05-21,9.87999977916479,25.0299994405359,17.4549996098503,1981,5,NA
47.4833,9.66667,1981-05-22,13.1399997062981,26.9399993978441,20.0399995520711,1981,5,NA
47.4833,9.66667,1981-05-23,9.50999978743494,18.7399995811284,14.1249996842816,1981,5,NA
47.4833,9.66667,1981-05-24,7.17999983951449,18.5599995851517,12.8699997123331,1981,5,NA
47.4833,9.66667,1981-05-25,9.88999977894127,14.7199996709824,12.3049997249618,1981,5,NA
47.4833,9.66667,1981-05-26,9.60999978519976,16.1599996387959,12.8849997119978,1981,5,NA
47.4833,9.66667,1981-05-27,7.8099998254329,11.2599997483194,9.53499978687614,1981,5,NA
47.4833,9.66667,1981-05-28,4.80999989248812,10.8499997574836,7.82999982498586,1981,5,NA
47.4833,9.66667,1981-05-29,5.90999986790121,17.2599996142089,11.5849997410551,1981,5,NA
47.4833,9.66667,1981-05-30,9.759999781847,18.4799995869398,14.1199996843934,1981,5,NA
47.4833,9.66667,1981-05-31,10.5899997632951,22.399999499321,16.494999631308,1981,5,NA
47.4833,9.66667,1981-06-01,11.4199997447431,25.1299994383007,18.2749995915219,1981,6,NA
47.4833,9.66667,1981-06-02,13.6099996957928,26.4399994090199,20.0249995524064,1981,6,NA
47.4833,9.66667,1981-06-03,15.1199996620417,27.9799993745983,21.54999951832,1981,6,NA
47.4833,9.66667,1981-06-04,14.6399996727705,24.4599994532764,19.5499995630234,1981,6,NA
47.4833,9.66667,1981-06-05,10.6899997610599,17.6599996052682,14.1749996831641,1981,6,NA
47.4833,9.66667,1981-06-06,9.57999978587031,19.5999995619059,14.5899996738881,1981,6,NA
47.4833,9.66667,1981-06-07,9.84999977983534,23.1699994821101,16.5099996309727,1981,6,NA
47.4833,9.66667,1981-06-08,13.2799997031689,23.0399994850159,18.1599995940924,1981,6,NA
47.4833,9.66667,1981-06-09,14.8099996689707,21.1399995274842,17.9749995982274,1981,6,NA
47.4833,9.66667,1981-06-10,15.4499996546656,25.3999994322658,20.4249995434657,1981,6,NA
47.4833,9.66667,1981-06-11,12.039999730885,19.1899995710701,15.6149996509776,1981,6,NA
47.4833,9.66667,1981-06-12,10.3299997691065,24.5899994503707,17.4599996097386,1981,6,NA
47.4833,9.66667,1981-06-13,13.3499997016042,25.2199994362891,19.2849995689467,1981,6,NA
47.4833,9.66667,1981-06-14,13.8899996895343,21.4799995198846,17.6849996047094,1981,6,NA
47.4833,9.66667,1981-06-15,11.6999997384846,26.1399994157255,18.919999577105,1981,6,NA
47.4833,9.66667,1981-06-16,12.8499997127801,27.6899993810803,20.2699995469302,1981,6,NA
47.4833,9.66667,1981-06-17,15.8199996463954,24.139999460429,19.9799995534122,1981,6,NA
47.4833,9.66667,1981-06-18,10.879999756813,16.2299996372312,13.5549996970221,1981,6,NA
47.4833,9.66667,1981-06-19,7.22999983839691,10.1799997724593,8.70499980542809,1981,6,NA
47.4833,9.66667,1981-06-20,6.2599998600781,12.4099997226149,9.33499979134649,1981,6,NA
47.4833,9.66667,1981-06-21,5.63999987393618,15.6699996497482,10.6549997618422,1981,6,NA
47.4833,9.66667,1981-06-22,8.49999981001019,12.5299997199327,10.5149997649714,1981,6,NA
47.4833,9.66667,1981-06-23,6.46999985538423,12.1599997282028,9.31499979179353,1981,6,NA
47.4833,9.66667,1981-06-24,6.23999986052513,18.1899995934218,12.2149997269735,1981,6,NA
47.4833,9.66667,1981-06-25,10.1999997720122,19.0699995737523,14.6349996728823,1981,6,NA
47.4833,9.66667,1981-06-26,10.339999768883,21.0499995294958,15.6949996491894,1981,6,NA
47.4833,9.66667,1981-06-27,10.9399997554719,19.8199995569885,15.3799996562302,1981,6,NA
47.4833,9.66667,1981-06-28,11.4399997442961,24.6899994481355,18.0649995962158,1981,6,NA
47.4833,9.66667,1981-06-29,14.2399996817112,25.2499994356185,19.7449995586649,1981,6,NA
47.4833,9.66667,1981-06-30,10.049999775365,16.7399996258318,13.3949997005984,1981,6,NA
47.4833,9.66667,1981-07-01,9.08999979682267,15.8699996452779,12.4799997210503,1981,7,NA
47.4833,9.66667,1981-07-02,9.10999979637563,20.7899995353073,14.9499996658415,1981,7,NA
47.4833,9.66667,1981-07-03,10.0099997762591,25.7699994239956,17.8899996001273,1981,7,NA
47.4833,9.66667,1981-07-04,12.0499997306615,22.8299994897097,17.4399996101856,1981,7,NA
47.4833,9.66667,1981-07-05,9.74999978207052,20.079999551177,14.9149996666238,1981,7,NA
47.4833,9.66667,1981-07-06,10.4699997659773,22.1699995044619,16.3199996352196,1981,7,NA
47.4833,9.66667,1981-07-07,12.7799997143447,22.6299994941801,17.7049996042624,1981,7,NA
47.4833,9.66667,1981-07-08,13.0399997085333,24.7999994456768,18.919999577105,1981,7,NA
47.4833,9.66667,1981-07-09,13.3499997016042,26.2899994123727,19.8199995569885,1981,7,NA
47.4833,9.66667,1981-07-10,14.049999685958,26.6999994032085,20.3749995445833,1981,7,NA
47.4833,9.66667,1981-07-11,15.1199996620417,26.4399994090199,20.7799995355308,1981,7,NA
47.4833,9.66667,1981-07-12,15.229999659583,24.0399994626641,19.6349995611235,1981,7,NA
47.4833,9.66667,1981-07-13,14.8299996685237,18.669999582693,16.7499996256083,1981,7,NA
47.4833,9.66667,1981-07-14,12.7099997159094,21.1699995268136,16.9399996213615,1981,7,NA
47.4833,9.66667,1981-07-15,11.789999736473,20.369999544695,16.079999640584,1981,7,NA
47.4833,9.66667,1981-07-16,13.6599996946752,20.7299995366484,17.1949996156618,1981,7,NA
47.4833,9.66667,1981-07-17,15.0099996645004,23.0999994836748,19.0549995740876,1981,7,NA
47.4833,9.66667,1981-07-18,14.379999678582,20.5499995406717,17.4649996096268,1981,7,NA
47.4833,9.66667,1981-07-19,10.029999775812,14.0399996861815,12.0349997309968,1981,7,NA
47.4833,9.66667,1981-07-20,7.55999983102083,11.479999743402,9.51999978721142,1981,7,NA
47.4833,9.66667,1981-07-21,9.47999978810549,12.4499997217208,10.9649997549132,1981,7,NA
47.4833,9.66667,1981-07-22,11.76999973692,16.0699996408075,13.9199996888638,1981,7,NA
47.4833,9.66667,1981-07-23,11.169999750331,22.8099994901568,16.9899996202439,1981,7,NA
47.4833,9.66667,1981-07-24,13.5599996969104,19.4199995659292,16.4899996314198,1981,7,NA
47.4833,9.66667,1981-07-25,9.77999978139997,14.1399996839464,11.9599997326732,1981,7,NA
47.4833,9.66667,1981-07-26,8.91999980062246,14.4299996774644,11.6749997390434,1981,7,NA
47.4833,9.66667,1981-07-27,9.02999979816377,15.2199996598065,12.1249997289851,1981,7,NA
47.4833,9.66667,1981-07-28,9.60999978519976,14.4499996770173,12.0299997311085,1981,7,NA
47.4833,9.66667,1981-07-29,10.2299997713417,20.1399995498359,15.1849996605888,1981,7,NA
47.4833,9.66667,1981-07-30,11.9999997317791,23.9899994637817,17.9949995977804,1981,7,NA
47.4833,9.66667,1981-07-31,12.2599997259676,25.9099994208664,19.084999573417,1981,7,NA
47.4833,9.66667,1981-08-01,13.9099996890873,27.1499993931502,20.5299995411187,1981,8,NA
47.4833,9.66667,1981-08-02,16.8499996233732,27.6699993815273,22.2599995024502,1981,8,NA
47.4833,9.66667,1981-08-03,14.6799996718764,25.6299994271249,20.1549995495006,1981,8,NA
47.4833,9.66667,1981-08-04,16.8799996227026,26.7799994014204,21.8299995120615,1981,8,NA
47.4833,9.66667,1981-08-05,15.4899996537715,28.0399993732572,21.7649995135143,1981,8,NA
47.4833,9.66667,1981-08-06,15.0399996638298,28.3499993663281,21.694999515079,1981,8,NA
47.4833,9.66667,1981-08-07,15.2899996582419,28.2099993694574,21.7499995138496,1981,8,NA
47.4833,9.66667,1981-08-08,16.7399996258318,24.3299994561821,20.534999541007,1981,8,NA
47.4833,9.66667,1981-08-09,15.2199996598065,26.5799994058907,20.8999995328486,1981,8,NA
47.4833,9.66667,1981-08-10,15.7599996477365,19.3199995681643,17.5399996079504,1981,8,NA
47.4833,9.66667,1981-08-11,14.4799996763468,18.1499995943159,16.3149996353313,1981,8,NA
47.4833,9.66667,1981-08-12,13.199999704957,19.0699995737523,16.1349996393546,1981,8,NA
47.4833,9.66667,1981-08-13,13.9999996870756,21.6599995158613,17.8299996014684,1981,8,NA
47.4833,9.66667,1981-08-14,13.3999997004867,23.7899994682521,18.5949995843694,1981,8,NA
47.4833,9.66667,1981-08-15,11.8399997353554,24.8499994445592,18.3449995899573,1981,8,NA
47.4833,9.66667,1981-08-16,12.9799997098744,26.5299994070083,19.7549995584413,1981,8,NA
47.4833,9.66667,1981-08-17,14.9599996656179,27.0599993951619,21.0099995303899,1981,8,NA
47.4833,9.66667,1981-08-18,12.5899997185916,19.3499995674938,15.9699996430427,1981,8,NA
47.4833,9.66667,1981-08-19,8.52999980933964,21.4199995212257,14.9749996652827,1981,8,NA
47.4833,9.66667,1981-08-20,10.4699997659773,23.6699994709343,17.0699996184558,1981,8,NA
47.4833,9.66667,1981-08-21,13.1299997065216,22.1799995042384,17.65499960538,1981,8,NA
47.4833,9.66667,1981-08-22,10.879999756813,15.6699996497482,13.2749997032806,1981,8,NA
47.4833,9.66667,1981-08-23,7.47999983280897,20.1999995484948,13.8399996906519,1981,8,NA
47.4833,9.66667,1981-08-24,9.94999977760017,16.2899996358901,13.1199997067451,1981,8,NA
47.4833,9.66667,1981-08-25,8.72999980486929,16.5599996298552,12.6449997173622,1981,8,NA
47.4833,9.66667,1981-08-26,7.47999983280897,19.5699995625764,13.5249996976927,1981,8,NA
47.4833,9.66667,1981-08-27,7.35999983549118,20.5799995400012,13.9699996877462,1981,8,NA
47.4833,9.66667,1981-08-28,13.0599997080863,20.8999995328486,16.9799996204674,1981,8,NA
47.4833,9.66667,1981-08-29,11.0499997530133,20.969999531284,16.0099996421486,1981,8,NA
47.4833,9.66667,1981-08-30,9.96999977715313,21.4099995214492,15.6899996493012,1981,8,NA
47.4833,9.66667,1981-08-31,10.5299997646362,22.109999505803,16.3199996352196,1981,8,NA
47.4833,9.66667,1981-09-01,10.7899997588247,23.7499994691461,17.2699996139854,1981,9,NA
47.4833,9.66667,1981-09-02,12.8199997134507,17.0499996189028,14.9349996661767,1981,9,NA
47.4833,9.66667,1981-09-03,12.3099997248501,15.3399996571243,13.8249996909872,1981,9,NA
47.4833,9.66667,1981-09-04,11.2699997480959,17.4299996104091,14.3499996792525,1981,9,NA
47.4833,9.66667,1981-09-05,10.7299997601658,17.2299996148795,13.9799996875226,1981,9,NA
47.4833,9.66667,1981-09-06,9.1299997959286,17.8799996003509,13.5049996981397,1981,9,NA
47.4833,9.66667,1981-09-07,8.86999980174005,20.6199995391071,14.7449996704236,1981,9,NA
47.4833,9.66667,1981-09-08,9.22999979369342,22.8399994894862,16.0349996415898,1981,9,NA
47.4833,9.66667,1981-09-09,12.2399997264147,23.6399994716048,17.9399995990098,1981,9,NA
47.4833,9.66667,1981-09-10,14.4399996772408,19.8999995552003,17.1699996162206,1981,9,NA
47.4833,9.66667,1981-09-11,11.3399997465312,21.0199995301664,16.1799996383488,1981,9,NA
47.4833,9.66667,1981-09-12,13.75999969244,20.4199995435774,17.0899996180087,1981,9,NA
47.4833,9.66667,1981-09-13,11.6299997400492,22.1799995042384,16.9049996221438,1981,9,NA
47.4833,9.66667,1981-09-14,11.7399997375906,16.2499996367842,13.9949996871874,1981,9,NA
47.4833,9.66667,1981-09-15,8.49999981001019,14.5199996754527,11.5099997427315,1981,9,NA
47.4833,9.66667,1981-09-16,8.77999980375171,17.2099996153265,12.9949997095391,1981,9,NA
47.4833,9.66667,1981-09-17,11.6099997404963,17.6799996048212,14.6449996726587,1981,9,NA
47.4833,9.66667,1981-09-18,11.6399997398257,19.8799995556474,15.7599996477365,1981,9,NA
47.4833,9.66667,1981-09-19,9.00999979861081,21.3499995227903,15.1799996607006,1981,9,NA
47.4833,9.66667,1981-09-20,12.3999997228384,16.8699996229261,14.6349996728823,1981,9,NA
47.4833,9.66667,1981-09-21,12.2299997266382,22.129999505356,17.1799996159971,1981,9,NA
47.4833,9.66667,1981-09-22,13.8899996895343,25.7899994235486,19.8399995565414,1981,9,NA
47.4833,9.66667,1981-09-23,14.8299996685237,23.269999479875,19.0499995741993,1981,9,NA
47.4833,9.66667,1981-09-24,12.2399997264147,18.4599995873868,15.3499996569008,1981,9,NA
47.4833,9.66667,1981-09-25,9.57999978587031,14.2999996803701,11.9399997331202,1981,9,NA
47.4833,9.66667,1981-09-26,10.6199997626245,17.7199996039271,14.1699996832758,1981,9,NA
47.4833,9.66667,1981-09-27,9.76999978162348,20.929999532178,15.3499996569008,1981,9,NA
47.4833,9.66667,1981-09-28,9.21999979391694,15.8599996455014,12.5399997197092,1981,9,NA
47.4833,9.66667,1981-09-29,7.48999983258545,10.629999762401,9.05999979749322,1981,9,NA
47.4833,9.66667,1981-09-30,6.32999985851347,8.97999979928136,7.65499982889742,1981,9,NA
47.4833,9.66667,1981-10-01,6.4899998549372,15.6199996508658,11.0549997529015,1981,10,1982
47.4833,9.66667,1981-10-02,5.64999987371266,15.6099996510893,10.629999762401,1981,10,1982
47.4833,9.66667,1981-10-03,6.50999985449016,14.9499996658415,10.7299997601658,1981,10,1982
47.4833,9.66667,1981-10-04,8.47999981045723,14.9299996662885,11.7049997383729,1981,10,1982
47.4833,9.66667,1981-10-05,7.84999982453883,15.1999996602535,11.5249997423962,1981,10,1982
47.4833,9.66667,1981-10-06,9.14999979548156,20.5799995400012,14.8649996677414,1981,10,1982
47.4833,9.66667,1981-10-07,10.2799997702241,25.2299994360656,17.7549996031448,1981,10,1982
47.4833,9.66667,1981-10-08,11.5199997425079,17.1399996168911,14.3299996796995,1981,10,1982
47.4833,9.66667,1981-10-09,8.62999980710447,16.949999621138,12.7899997141212,1981,10,1982
47.4833,9.66667,1981-10-10,7.56999983079731,19.2799995690584,13.4249996999279,1981,10,1982
47.4833,9.66667,1981-10-11,9.80999978072941,13.9699996877462,11.8899997342378,1981,10,1982
47.4833,9.66667,1981-10-12,7.79999982565641,14.2099996823817,11.0049997540191,1981,10,1982
47.4833,9.66667,1981-10-13,5.5099998768419,11.3399997465312,8.42499981168658,1981,10,1982
47.4833,9.66667,1981-10-14,4.82999989204109,8.62999980710447,6.72999984957278,1981,10,1982
47.4833,9.66667,1981-10-15,2.78999993763864,10.1099997740239,6.44999985583127,1981,10,1982
47.4833,9.66667,1981-10-16,6.56999985314906,14.8099996689707,10.6899997610599,1981,10,1982
47.4833,9.66667,1981-10-17,8.10999981872737,14.7999996691942,11.4549997439608,1981,10,1982
47.4833,9.66667,1981-10-18,8.81999980285764,15.2599996589124,12.039999730885,1981,10,1982
47.4833,9.66667,1981-10-19,7.22999983839691,18.7099995817989,12.9699997100979,1981,10,1982
47.4833,9.66667,1981-10-20,8.87999980151653,15.6299996506423,12.2549997260794,1981,10,1982
47.4833,9.66667,1981-10-21,6.28999985940754,15.8499996457249,11.0699997525662,1981,10,1982
47.4833,9.66667,1981-10-22,3.69999991729856,10.4199997670949,7.0599998421967,1981,10,1982
47.4833,9.66667,1981-10-23,1.34999996982515,3.94999991171062,2.64999994076788,1981,10,1982
47.4833,9.66667,1981-10-24,0.729999983683228,6.78999984823167,3.75999991595745,1981,10,1982
47.4833,9.66667,1981-10-25,1.21999997273088,5.70999987237155,3.46499992255121,1981,10,1982
47.4833,9.66667,1981-10-26,-1.26999997161329,8.04999982006848,3.3899999242276,1981,10,1982
47.4833,9.66667,1981-10-27,1.18999997340143,7.03999984264374,4.11499990802258,1981,10,1982
47.4833,9.66667,1981-10-28,0.88999998010695,2.44999994523823,1.66999996267259,1981,10,1982
47.4833,9.66667,1981-10-29,1.10999997518957,8.19999981671572,4.65499989595264,1981,10,1982
47.4833,9.66667,1981-10-30,1.45999996736646,11.9799997322261,6.7199998497963,1981,10,1982
47.4833,9.66667,1981-10-31,5.64999987371266,9.17999979481101,7.41499983426183,1981,10,1982
47.4833,9.66667,1981-11-01,7.31999983638525,13.5499996971339,10.4349997667596,1981,11,1982
47.4833,9.66667,1981-11-02,8.42999981157482,17.0299996193498,12.7299997154623,1981,11,1982
47.4833,9.66667,1981-11-03,7.27999983727932,18.10999959521,12.6949997162446,1981,11,1982
47.4833,9.66667,1981-11-04,6.41999985650182,16.7399996258318,11.5799997411668,1981,11,1982
47.4833,9.66667,1981-11-05,5.5699998755008,13.6299996953458,9.59999978542328,1981,11,1982
47.4833,9.66667,1981-11-06,3.51999992132187,10.2199997715652,6.86999984644353,1981,11,1982
47.4833,9.66667,1981-11-07,1.91999995708466,7.61999982967973,4.76999989338219,1981,11,1982
47.4833,9.66667,1981-11-08,-1.65999996289611,4.53999989852309,1.43999996781349,1981,11,1982
47.4833,9.66667,1981-11-09,-5.13999988511205,2.06999995373189,-1.53499996569008,1981,11,1982
47.4833,9.66667,1981-11-10,-6.05999986454844,1.43999996781349,-2.30999994836748,1981,11,1982
47.4833,9.66667,1981-11-11,-6.35999985784292,1.75999996066093,-2.29999994859099,1981,11,1982
47.4833,9.66667,1981-11-12,-5.86999986879528,2.93999993428588,-1.4649999672547,1981,11,1982
47.4833,9.66667,1981-11-13,-0.119999997317791,3.9599999114871,1.91999995708466,1981,11,1982
47.4833,9.66667,1981-11-14,2.49999994412065,6.23999986052513,4.36999990232289,1981,11,1982
47.4833,9.66667,1981-11-15,1.22999997250736,5.03999988734722,3.13499992992729,1981,11,1982
47.4833,9.66667,1981-11-16,-2.28999994881451,3.06999993138015,0.389999991282821,1981,11,1982
47.4833,9.66667,1981-11-17,-6.12999986298382,2.50999994389713,-1.80999995954335,1981,11,1982
47.4833,9.66667,1981-11-18,-5.58999987505376,5.22999988310039,-0.179999995976686,1981,11,1982
47.4833,9.66667,1981-11-19,1.26999997161329,10.8599997572601,6.06499986443669,1981,11,1982
47.4833,9.66667,1981-11-20,5.81999986991286,11.1499997507781,8.48499981034547,1981,11,1982
47.4833,9.66667,1981-11-21,4.34999990276992,14.3699996788055,9.3599997907877,1981,11,1982
47.4833,9.66667,1981-11-22,3.52999992109835,14.2199996821582,8.87499980162829,1981,11,1982
47.4833,9.66667,1981-11-23,6.30999985896051,14.5299996752292,10.4199997670949,1981,11,1982
47.4833,9.66667,1981-11-24,2.61999994143844,13.1499997060746,7.88499982375652,1981,11,1982
47.4833,9.66667,1981-11-25,4.36999990232289,10.3499997686595,7.35999983549118,1981,11,1982
47.4833,9.66667,1981-11-26,0.34999999217689,4.34999990276992,2.34999994747341,1981,11,1982
47.4833,9.66667,1981-11-27,-1.0899999756366,3.56999992020428,1.23999997228384,1981,11,1982
47.4833,9.66667,1981-11-28,0.669999985024333,7.70999982766807,4.1899999063462,1981,11,1982
47.4833,9.66667,1981-11-29,1.27999997138977,6.85999984666705,4.06999990902841,1981,11,1982
47.4833,9.66667,1981-11-30,-0.289999993517995,1.45999996736646,0.584999986924231,1981,11,1982
47.4833,9.66667,1981-12-01,-0.359999991953373,2.48999994434416,1.06499997619539,1981,12,1982
47.4833,9.66667,1981-12-02,-1.10999997518957,2.95999993383884,0.924999979324639,1981,12,1982
47.4833,9.66667,1981-12-03,-1.20999997295439,1.4899999666959,0.139999996870756,1981,12,1982
47.4833,9.66667,1981-12-04,-4.67999989539385,0.459999989718199,-2.10999995283782,1981,12,1982
47.4833,9.66667,1981-12-05,-4.85999989137053,2.77999993786216,-1.03999997675419,1981,12,1982
47.4833,9.66667,1981-12-06,-0.88999998010695,1.70999996177852,0.409999990835786,1981,12,1982
47.4833,9.66667,1981-12-07,-3.91999991238117,0.979999978095293,-1.46999996714294,1981,12,1982
47.4833,9.66667,1981-12-08,-0.989999977871776,2.36999994702637,0.689999984577298,1981,12,1982
47.4833,9.66667,1981-12-09,1.42999996803701,8.90999980084598,5.16999988444149,1981,12,1982
47.4833,9.66667,1981-12-10,-1.40999996848404,4.019999910146,1.30499997083098,1981,12,1982
47.4833,9.66667,1981-12-11,-1.85999995842576,1.3799999691546,-0.239999994635582,1981,12,1982
47.4833,9.66667,1981-12-12,-0.139999996870756,7.01999984309077,3.43999992311001,1981,12,1982
47.4833,9.66667,1981-12-13,-2.35999994724989,4.33999990299344,0.989999977871776,1981,12,1982
47.4833,9.66667,1981-12-14,-7.42999983392656,-0.239999994635582,-3.83499991428107,1981,12,1982
47.4833,9.66667,1981-12-15,-4.44999990053475,3.60999991931021,-0.419999990612268,1981,12,1982
47.4833,9.66667,1981-12-16,0.119999997317791,3.87999991327524,1.99999995529652,1981,12,1982
47.4833,9.66667,1981-12-17,-1.20999997295439,5.91999986767769,2.35499994736165,1981,12,1982
47.4833,9.66667,1981-12-18,-2.75999993830919,2.43999994546175,-0.159999996423721,1981,12,1982
47.4833,9.66667,1981-12-19,-2.80999993719161,3.19999992847443,0.19499999564141,1981,12,1982
47.4833,9.66667,1981-12-20,-9.08999979682267,-0.57999998703599,-4.83499989192933,1981,12,1982
47.4833,9.66667,1981-12-21,-13.3499997016042,-4.95999988913536,-9.1549997953698,1981,12,1982
47.4833,9.66667,1981-12-22,-8.22999981604517,0.239999994635582,-3.99499991070479,1981,12,1982
47.4833,9.66667,1981-12-23,-4.77999989315867,-0.57999998703599,-2.67999994009733,1981,12,1982
47.4833,9.66667,1981-12-24,-3.5599999204278,1.22999997250736,-1.16499997396022,1981,12,1982
47.4833,9.66667,1981-12-25,-3.7899999152869,3.68999991752207,-0.0499999988824129,1981,12,1982
47.4833,9.66667,1981-12-26,-1.87999995797873,1.11999997496605,-0.379999991506338,1981,12,1982
47.4833,9.66667,1981-12-27,-6.92999984510243,-0.319999992847443,-3.62499991897494,1981,12,1982
47.4833,9.66667,1981-12-28,-10.4099997673184,-3.1599999293685,-6.78499984834343,1981,12,1982
47.4833,9.66667,1981-12-29,-5.64999987371266,6.10999986343086,0.229999994859099,1981,12,1982
47.4833,9.66667,1981-12-30,-0.899999979883432,9.38999979011714,4.24499990511686,1981,12,1982
47.4833,9.66667,1981-12-31,-1.24999997206032,10.3099997695535,4.52999989874661,1981,12,1982
47.4833,9.66667,1982-01-01,3.47999992221594,12.2599997259676,7.86999982409179,1982,1,1982
47.4833,9.66667,1982-01-02,2.4099999461323,5.46999987773597,3.93999991193414,1982,1,1982
47.4833,9.66667,1982-01-03,0.429999990388751,7.43999983370304,3.9349999120459,1982,1,1982
47.4833,9.66667,1982-01-04,1.98999995552003,9.76999978162348,5.87999986857176,1982,1,1982
47.4833,9.66667,1982-01-05,1.90999995730817,9.02999979816377,5.46999987773597,1982,1,1982
47.4833,9.66667,1982-01-06,5.23999988287687,8.90999980084598,7.07499984186143,1982,1,1982
47.4833,9.66667,1982-01-07,-2.53999994322658,5.62999987415969,1.54499996546656,1982,1,1982
47.4833,9.66667,1982-01-08,-8.58999980799854,-3.50999992154539,-6.04999986477196,1982,1,1982
47.4833,9.66667,1982-01-09,-9.22999979369342,-4.22999990545213,-6.72999984957278,1982,1,1982
47.4833,9.66667,1982-01-10,-6.06999986432493,2.74999993853271,-1.65999996289611,1982,1,1982
47.4833,9.66667,1982-01-11,-6.89999984577298,1.51999996602535,-2.68999993987381,1982,1,1982
47.4833,9.66667,1982-01-12,-6.24999986030161,2.44999994523823,-1.89999995753169,1982,1,1982
47.4833,9.66667,1982-01-13,-3.84999991394579,2.98999993316829,-0.429999990388751,1982,1,1982
47.4833,9.66667,1982-01-14,-8.22999981604517,-3.41999992355704,-5.8249998698011,1982,1,1982
47.4833,9.66667,1982-01-15,-8.91999980062246,-3.63999991863966,-6.27999985963106,1982,1,1982
47.4833,9.66667,1982-01-16,-7.81999982520938,0.799999982118607,-3.50999992154539,1982,1,1982
47.4833,9.66667,1982-01-17,-6.11999986320734,1.30999997071922,-2.40499994624406,1982,1,1982
47.4833,9.66667,1982-01-18,-5.49999987706542,1.84999995864928,-1.82499995920807,1982,1,1982
47.4833,9.66667,1982-01-19,-6.28999985940754,1.52999996580184,-2.37999994680285,1982,1,1982
47.4833,9.66667,1982-01-20,-7.30999983660877,0.179999995976686,-3.56499992031604,1982,1,1982
47.4833,9.66667,1982-01-21,-7.41999983415008,0.369999991729856,-3.52499992121011,1982,1,1982
47.4833,9.66667,1982-01-22,-7.08999984152615,0.699999984353781,-3.19499992858618,1982,1,1982
47.4833,9.66667,1982-01-23,-3.79999991506338,2.13999995216727,-0.829999981448054,1982,1,1982
47.4833,9.66667,1982-01-24,-3.00999993272126,0.989999977871776,-1.00999997742474,1982,1,1982
47.4833,9.66667,1982-01-25,-3.44999992288649,0.129999997094274,-1.65999996289611,1982,1,1982
47.4833,9.66667,1982-01-26,-5.02999988757074,0.919999979436398,-2.05499995406717,1982,1,1982
47.4833,9.66667,1982-01-27,-6.57999985292554,2.82999993674457,-1.87499995809048,1982,1,1982
47.4833,9.66667,1982-01-28,-0.209999995306134,2.81999993696809,1.30499997083098,1982,1,1982
47.4833,9.66667,1982-01-29,-0.529999988153577,1.82999995909631,0.649999985471368,1982,1,1982
47.4833,9.66667,1982-01-30,-0.469999989494681,1.96999995596707,0.749999983236194,1982,1,1982
47.4833,9.66667,1982-01-31,0.879999980330467,5.13999988511205,3.00999993272126,1982,1,1982
47.4833,9.66667,1982-02-01,2.05999995395541,5.32999988086522,3.69499991741031,1982,2,1982
47.4833,9.66667,1982-02-02,-0.869999980553985,2.77999993786216,0.954999978654087,1982,2,1982
47.4833,9.66667,1982-02-03,-5.55999987572432,0.839999981224537,-2.35999994724989,1982,2,1982
47.4833,9.66667,1982-02-04,-7.31999983638525,-0.219999995082617,-3.76999991573393,1982,2,1982
47.4833,9.66667,1982-02-05,-5.58999987505376,4.58999989740551,-0.499999988824129,1982,2,1982
47.4833,9.66667,1982-02-06,-4.50999989919364,4.67999989539385,0.0849999981001019,1982,2,1982
47.4833,9.66667,1982-02-07,-2.74999993853271,4.8199998922646,1.03499997686595,1982,2,1982
47.4833,9.66667,1982-02-08,1.61999996379018,8.49999981001019,5.05999988690019,1982,2,1982
47.4833,9.66667,1982-02-09,1.21999997273088,7.06999984197319,4.14499990735203,1982,2,1982
47.4833,9.66667,1982-02-10,0.34999999217689,6.09999986365438,3.22499992791563,1982,2,1982
47.4833,9.66667,1982-02-11,-0.649999985471368,9.23999979346991,4.29499990399927,1982,2,1982
47.4833,9.66667,1982-02-12,-0.92999997921288,8.96999979950488,4.019999910146,1982,2,1982
47.4833,9.66667,1982-02-13,-0.499999988824129,8.31999981403351,3.90999991260469,1982,2,1982
47.4833,9.66667,1982-02-14,-1.81999995931983,4.71999989449978,1.44999996758997,1982,2,1982
47.4833,9.66667,1982-02-15,-1.51999996602535,4.03999990969896,1.25999997183681,1982,2,1982
47.4833,9.66667,1982-02-16,-0.129999997094274,2.31999994814396,1.09499997552484,1982,2,1982
47.4833,9.66667,1982-02-17,-1.51999996602535,2.31999994814396,0.399999991059303,1982,2,1982
47.4833,9.66667,1982-02-18,-1.41999996826053,2.50999994389713,0.544999987818301,1982,2,1982
47.4833,9.66667,1982-02-19,-1.95999995619059,2.44999994523823,0.244999994523823,1982,2,1982
47.4833,9.66667,1982-02-20,-0.509999988600612,1.24999997206032,0.369999991729856,1982,2,1982
47.4833,9.66667,1982-02-21,-2.26999994926155,0.489999989047647,-0.88999998010695,1982,2,1982
47.4833,9.66667,1982-02-22,-4.88999989069998,0.569999987259507,-2.15999995172024,1982,2,1982
47.4833,9.66667,1982-02-23,-6.72999984957278,-0.30999999307096,-3.51999992132187,1982,2,1982
47.4833,9.66667,1982-02-24,-6.37999985739589,-2.96999993361533,-4.67499989550561,1982,2,1982
47.4833,9.66667,1982-02-25,-6.6599998511374,-3.02999993227422,-4.84499989170581,1982,2,1982
47.4833,9.66667,1982-02-26,-9.73999978229403,-1.96999995596707,-5.85499986913055,1982,2,1982
47.4833,9.66667,1982-02-27,-7.60999982990324,-1.19999997317791,-4.40499990154058,1982,2,1982
47.4833,9.66667,1982-02-28,-9.72999978251755,1.29999997094274,-4.21499990578741,1982,2,1982
47.4833,9.66667,1982-03-01,-6.27999985963106,5.18999988399446,-0.544999987818301,1982,3,1982
47.4833,9.66667,1982-03-02,1.42999996803701,11.8799997344613,6.65499985124916,1982,3,1982
47.4833,9.66667,1982-03-03,1.80999995954335,7.85999982431531,4.83499989192933,1982,3,1982
47.4833,9.66667,1982-03-04,0.519999988377094,9.34999979101121,4.93499988969415,1982,3,1982
47.4833,9.66667,1982-03-05,2.43999994546175,8.64999980665743,5.54499987605959,1982,3,1982
47.4833,9.66667,1982-03-06,-0.179999995976686,4.12999990768731,1.97499995585531,1982,3,1982
47.4833,9.66667,1982-03-07,-2.24999994970858,2.61999994143844,0.184999995864928,1982,3,1982
47.4833,9.66667,1982-03-08,-4.27999990433455,3.56999992020428,-0.354999992065132,1982,3,1982
47.4833,9.66667,1982-03-09,-4.08999990858138,7.01999984309077,1.4649999672547,1982,3,1982
47.4833,9.66667,1982-03-10,-2.42999994568527,7.19999983906746,2.3849999466911,1982,3,1982
47.4833,9.66667,1982-03-11,-0.719999983906746,10.0799997746944,4.67999989539385,1982,3,1982
47.4833,9.66667,1982-03-12,-0.409999990835786,6.37999985739589,2.98499993328005,1982,3,1982
47.4833,9.66667,1982-03-13,-0.96999997831881,7.20999983884394,3.11999993026257,1982,3,1982
47.4833,9.66667,1982-03-14,-0.449999989941716,4.75999989360571,2.154999951832,1982,3,1982
47.4833,9.66667,1982-03-15,-2.67999994009733,4.74999989382923,1.03499997686595,1982,3,1982
47.4833,9.66667,1982-03-16,-2.70999993942678,9.23999979346991,3.26499992702156,1982,3,1982
47.4833,9.66667,1982-03-17,-0.209999995306134,8.49999981001019,4.14499990735203,1982,3,1982
47.4833,9.66667,1982-03-18,0.419999990612268,8.01999982073903,4.21999990567565,1982,3,1982
47.4833,9.66667,1982-03-19,0.279999993741512,3.92999991215765,2.10499995294958,1982,3,1982
47.4833,9.66667,1982-03-20,-0.379999991506338,5.0499998871237,2.33499994780868,1982,3,1982
47.4833,9.66667,1982-03-21,-0.959999978542328,4.8199998922646,1.92999995686114,1982,3,1982
47.4833,9.66667,1982-03-22,-0.00999999977648258,5.34999988041818,2.66999994032085,1982,3,1982
47.4833,9.66667,1982-03-23,-0.629999985918403,5.45999987795949,2.41499994602054,1982,3,1982
47.4833,9.66667,1982-03-24,0.609999986365438,5.42999987863004,3.01999993249774,1982,3,1982
47.4833,9.66667,1982-03-25,-1.39999996870756,8.56999980844557,3.58499991986901,1982,3,1982
47.4833,9.66667,1982-03-26,-1.3799999691546,10.2999997697771,4.45999990031123,1982,3,1982
47.4833,9.66667,1982-03-27,-1.32999997027218,12.1499997284263,5.40999987907708,1982,3,1982
47.4833,9.66667,1982-03-28,0.379999991506338,14.7699996698648,7.57499983068556,1982,3,1982
47.4833,9.66667,1982-03-29,3.86999991349876,13.6199996955693,8.74499980453402,1982,3,1982
47.4833,9.66667,1982-03-30,3.79999991506338,11.5999997407198,7.69999982789159,1982,3,1982
47.4833,9.66667,1982-03-31,0.679999984800816,8.24999981559813,4.46499990019947,1982,3,1982
47.4833,9.66667,1982-04-01,2.52999994345009,10.7299997601658,6.62999985180795,1982,4,1982
47.4833,9.66667,1982-04-02,1.56999996490777,15.3799996562302,8.47499981056899,1982,4,1982
47.4833,9.66667,1982-04-03,2.67999994009733,14.6999996714294,8.68999980576336,1982,4,1982
47.4833,9.66667,1982-04-04,4.50999989919364,9.02999979816377,6.76999984867871,1982,4,1982
47.4833,9.66667,1982-04-05,1.87999995797873,14.8499996680766,8.36499981302768,1982,4,1982
47.4833,9.66667,1982-04-06,2.81999993696809,17.529999608174,10.174999772571,1982,4,1982
47.4833,9.66667,1982-04-07,5.98999986611307,18.399999588728,12.1949997274205,1982,4,1982
47.4833,9.66667,1982-04-08,6.8899998459965,13.6699996944517,10.2799997702241,1982,4,1982
47.4833,9.66667,1982-04-09,5.66999987326562,16.3399996347725,11.0049997540191,1982,4,1982
47.4833,9.66667,1982-04-10,-0.0699999984353781,6.86999984644353,3.39999992400408,1982,4,1982
47.4833,9.66667,1982-04-11,1.33999997004867,7.85999982431531,4.59999989718199,1982,4,1982
47.4833,9.66667,1982-04-12,2.76999993808568,8.19999981671572,5.4849998774007,1982,4,1982
47.4833,9.66667,1982-04-13,-0.00999999977648258,5.5699998755008,2.77999993786216,1982,4,1982
47.4833,9.66667,1982-04-14,-0.30999999307096,4.40999990142882,2.04999995417893,1982,4,1982
47.4833,9.66667,1982-04-15,-1.58999996446073,6.54999985359609,2.47999994456768,1982,4,1982
47.4833,9.66667,1982-04-16,-1.00999997742474,9.96999977715313,4.4799998998642,1982,4,1982
47.4833,9.66667,1982-04-17,-0.0899999979883432,12.639999717474,6.27499985974282,1982,4,1982
47.4833,9.66667,1982-04-18,1.96999995596707,13.0699997078627,7.5199998319149,1982,4,1982
47.4833,9.66667,1982-04-19,0.879999980330467,12.4399997219443,6.6599998511374,1982,4,1982
47.4833,9.66667,1982-04-20,0.279999993741512,11.6399997398257,5.95999986678362,1982,4,1982
47.4833,9.66667,1982-04-21,-0.57999998703599,10.2099997717887,4.81499989237636,1982,4,1982
47.4833,9.66667,1982-04-22,-0.429999990388751,10.9799997545779,5.27499988209456,1982,4,1982
47.4833,9.66667,1982-04-23,2.009999955073,11.2299997489899,6.61999985203147,1982,4,1982
47.4833,9.66667,1982-04-24,-0.759999983012676,11.9999997317791,5.61999987438321,1982,4,1982
47.4833,9.66667,1982-04-25,0.229999994859099,7.5199998319149,3.874999913387,1982,4,1982
47.4833,9.66667,1982-04-26,0.199999995529652,10.1499997731298,5.17499988432974,1982,4,1982
47.4833,9.66667,1982-04-27,-0.289999993517995,11.7599997371435,5.73499987181276,1982,4,1982
47.4833,9.66667,1982-04-28,4.26999990455806,10.31999976933,7.29499983694404,1982,4,1982
47.4833,9.66667,1982-04-29,0.639999985694885,11.3199997469783,5.97999986633658,1982,4,1982
47.4833,9.66667,1982-04-30,3.23999992758036,9.55999978631735,6.39999985694885,1982,4,1982
47.4833,9.66667,1982-05-01,-0.0199999995529652,6.06999986432493,3.02499993238598,1982,5,NA
47.4833,9.66667,1982-05-02,1.55999996513128,9.0699997972697,5.31499988120049,1982,5,NA
47.4833,9.66667,1982-05-03,3.12999993003905,11.169999750331,7.14999984018505,1982,5,NA
47.4833,9.66667,1982-05-04,2.43999994546175,18.0599995963275,10.2499997708946,1982,5,NA
47.4833,9.66667,1982-05-05,9.05999979749322,17.4999996088445,13.2799997031689,1982,5,NA
47.4833,9.66667,1982-05-06,5.20999988354743,12.3199997246265,8.76499980408698,1982,5,NA
47.4833,9.66667,1982-05-07,3.23999992758036,11.8499997351319,7.54499983135611,1982,5,NA
47.4833,9.66667,1982-05-08,1.88999995775521,10.2499997708946,6.06999986432493,1982,5,NA
47.4833,9.66667,1982-05-09,1.49999996647239,11.2599997483194,6.37999985739589,1982,5,NA
47.4833,9.66667,1982-05-10,5.7999998703599,12.5199997201562,9.15999979525805,1982,5,NA
47.4833,9.66667,1982-05-11,4.82999989204109,9.11999979615211,6.9749998440966,1982,5,NA
47.4833,9.66667,1982-05-12,1.12999997474253,14.9499996658415,8.039999820292,1982,5,NA
47.4833,9.66667,1982-05-13,2.84999993629754,18.0399995967746,10.4449997665361,1982,5,NA
47.4833,9.66667,1982-05-14,4.79999989271164,19.1199995726347,11.9599997326732,1982,5,NA
47.4833,9.66667,1982-05-15,6.08999986387789,21.7099995147437,13.8999996893108,1982,5,NA
47.4833,9.66667,1982-05-16,7.71999982744455,22.7299994919449,15.2249996596947,1982,5,NA
47.4833,9.66667,1982-05-17,9.49999978765845,23.6099994722754,16.5549996299669,1982,5,NA
47.4833,9.66667,1982-05-18,11.5599997416139,19.7099995594472,15.6349996505305,1982,5,NA
47.4833,9.66667,1982-05-19,10.6199997626245,22.5699994955212,16.5949996290728,1982,5,NA
47.4833,9.66667,1982-05-20,11.5799997411668,20.4399995431304,16.0099996421486,1982,5,NA
47.4833,9.66667,1982-05-21,11.1199997514486,21.2099995259196,16.1649996386841,1982,5,NA
47.4833,9.66667,1982-05-22,11.3399997465312,18.9299995768815,15.1349996617064,1982,5,NA
47.4833,9.66667,1982-05-23,8.8999998010695,18.8699995782226,13.8849996896461,1982,5,NA
47.4833,9.66667,1982-05-24,10.2399997711182,18.8599995784461,14.5499996747822,1982,5,NA
47.4833,9.66667,1982-05-25,7.82999982498586,12.4099997226149,10.1199997738004,1982,5,NA
47.4833,9.66667,1982-05-26,6.67999985069036,19.6399995610118,13.1599997058511,1982,5,NA
47.4833,9.66667,1982-05-27,8.17999981716275,22.6199994944036,15.3999996557832,1982,5,NA
47.4833,9.66667,1982-05-28,10.8499997574836,24.2999994568527,17.5749996071681,1982,5,NA
47.4833,9.66667,1982-05-29,13.1099997069687,20.5499995406717,16.8299996238202,1982,5,NA
47.4833,9.66667,1982-05-30,11.0399997532368,19.3199995681643,15.1799996607006,1982,5,NA
47.4833,9.66667,1982-05-31,8.85999980196357,22.4799994975328,15.6699996497482,1982,5,NA
47.4833,9.66667,1982-06-01,9.67999978363514,23.9299994651228,16.804999624379,1982,6,NA
47.4833,9.66667,1982-06-02,12.9399997107685,26.3299994114786,19.6349995611235,1982,6,NA
47.4833,9.66667,1982-06-03,14.2399996817112,26.5299994070083,20.3849995443597,1982,6,NA
47.4833,9.66667,1982-06-04,13.9099996890873,27.0399993956089,20.4749995423481,1982,6,NA
47.4833,9.66667,1982-06-05,14.7399996705353,26.999999396503,20.8699995335191,1982,6,NA
47.4833,9.66667,1982-06-06,12.889999711886,26.2199994139373,19.5549995629117,1982,6,NA
47.4833,9.66667,1982-06-07,13.6999996937811,24.3199994564056,19.0099995750934,1982,6,NA
47.4833,9.66667,1982-06-08,14.7699996698648,22.8099994901568,18.7899995800108,1982,6,NA
47.4833,9.66667,1982-06-09,12.2099997270852,25.3899994324893,18.7999995797873,1982,6,NA
47.4833,9.66667,1982-06-10,13.5199996978045,24.0699994619936,18.794999579899,1982,6,NA
47.4833,9.66667,1982-06-11,12.8799997121096,25.1899994369596,19.0349995745346,1982,6,NA
47.4833,9.66667,1982-06-12,13.5799996964633,21.0999995283782,17.3399996124208,1982,6,NA
47.4833,9.66667,1982-06-13,10.7899997588247,14.2599996812642,12.5249997200444,1982,6,NA
47.4833,9.66667,1982-06-14,8.51999980956316,13.0199997089803,10.7699997592717,1982,6,NA
47.4833,9.66667,1982-06-15,7.77999982610345,11.3299997467548,9.55499978642911,1982,6,NA
47.4833,9.66667,1982-06-16,7.50999983213842,16.079999640584,11.7949997363612,1982,6,NA
47.4833,9.66667,1982-06-17,10.1599997729063,15.5299996528774,12.8449997128919,1982,6,NA
47.4833,9.66667,1982-06-18,10.6599997617304,20.2899995464832,15.4749996541068,1982,6,NA
47.4833,9.66667,1982-06-19,11.2999997474253,17.1499996166676,14.2249996820465,1982,6,NA
47.4833,9.66667,1982-06-20,10.8399997577071,17.9399995990098,14.3899996783584,1982,6,NA
47.4833,9.66667,1982-06-21,10.5299997646362,20.5599995404482,15.5449996525422,1982,6,NA
47.4833,9.66667,1982-06-22,10.8699997570366,18.3099995907396,14.5899996738881,1982,6,NA
47.4833,9.66667,1982-06-23,14.0799996852875,23.5699994731694,18.8249995792285,1982,6,NA
47.4833,9.66667,1982-06-24,13.5799996964633,17.8499996010214,15.7149996487424,1982,6,NA
47.4833,9.66667,1982-06-25,11.9199997335672,21.2999995239079,16.6099996287376,1982,6,NA
47.4833,9.66667,1982-06-26,11.8599997349083,24.2899994570762,18.0749995959923,1982,6,NA
47.4833,9.66667,1982-06-27,13.5799996964633,19.7799995578825,16.6799996271729,1982,6,NA
47.4833,9.66667,1982-06-28,11.5099997427315,16.4699996318668,13.9899996872991,1982,6,NA
47.4833,9.66667,1982-06-29,10.7599997594953,19.7299995590001,15.2449996592477,1982,6,NA
47.4833,9.66667,1982-06-30,11.789999736473,18.4199995882809,15.1049996623769,1982,6,NA
47.4833,9.66667,1982-07-01,11.1099997516721,19.4299995657057,15.2699996586889,1982,7,NA
47.4833,9.66667,1982-07-02,10.8099997583777,21.8499995116144,16.3299996349961,1982,7,NA
47.4833,9.66667,1982-07-03,12.889999711886,26.6999994032085,19.7949995575473,1982,7,NA
47.4833,9.66667,1982-07-04,17.4499996099621,28.5099993627518,22.979999486357,1982,7,NA
47.4833,9.66667,1982-07-05,12.4299997221678,20.6999995373189,16.5649996297434,1982,7,NA
47.4833,9.66667,1982-07-06,11.2499997485429,22.5099994968623,16.8799996227026,1982,7,NA
47.4833,9.66667,1982-07-07,12.0299997311085,22.8799994885921,17.4549996098503,1982,7,NA
47.4833,9.66667,1982-07-08,14.1799996830523,24.4899994526058,19.3349995678291,1982,7,NA
47.4833,9.66667,1982-07-09,12.7799997143447,25.7699994239956,19.2749995691702,1982,7,NA
47.4833,9.66667,1982-07-10,13.9899996872991,28.3499993663281,21.1699995268136,1982,7,NA
47.4833,9.66667,1982-07-11,16.1399996392429,27.0599993951619,21.5999995172024,1982,7,NA
47.4833,9.66667,1982-07-12,16.349999634549,27.6199993826449,21.984999508597,1982,7,NA
47.4833,9.66667,1982-07-13,14.359999679029,27.7299993801862,21.0449995296076,1982,7,NA
47.4833,9.66667,1982-07-14,15.4599996544421,27.3299993891269,21.3949995217845,1982,7,NA
47.4833,9.66667,1982-07-15,16.0399996414781,27.7399993799627,21.8899995107204,1982,7,NA
47.4833,9.66667,1982-07-16,15.9899996425956,27.9399993754923,21.964999509044,1982,7,NA
47.4833,9.66667,1982-07-17,15.8199996463954,27.9199993759394,21.8699995111674,1982,7,NA
47.4833,9.66667,1982-07-18,14.3199996799231,24.3299994561821,19.3249995680526,1982,7,NA
47.4833,9.66667,1982-07-19,13.799999691546,23.9499994646758,18.8749995781109,1982,7,NA
47.4833,9.66667,1982-07-20,13.0499997083098,21.9699995089322,17.509999608621,1982,7,NA
47.4833,9.66667,1982-07-21,14.2999996803701,26.5299994070083,20.4149995436892,1982,7,NA
47.4833,9.66667,1982-07-22,16.6499996278435,26.8599993996322,21.7549995137379,1982,7,NA
47.4833,9.66667,1982-07-23,15.2499996591359,23.2799994796515,19.2649995693937,1982,7,NA
47.4833,9.66667,1982-07-24,14.4599996767938,22.7199994921684,18.5899995844811,1982,7,NA
47.4833,9.66667,1982-07-25,13.7299996931106,17.3299996126443,15.5299996528774,1982,7,NA
47.4833,9.66667,1982-07-26,13.2899997029454,16.059999641031,14.6749996719882,1982,7,NA
47.4833,9.66667,1982-07-27,13.1699997056276,15.4499996546656,14.3099996801466,1982,7,NA
47.4833,9.66667,1982-07-28,11.7599997371435,13.8299996908754,12.7949997140095,1982,7,NA
47.4833,9.66667,1982-07-29,10.9999997541308,18.1599995940924,14.5799996741116,1982,7,NA
47.4833,9.66667,1982-07-30,9.76999978162348,24.139999460429,16.9549996210262,1982,7,NA
47.4833,9.66667,1982-07-31,13.7099996935576,26.9499993976206,20.3299995455891,1982,7,NA
47.4833,9.66667,1982-08-01,14.7899996694177,19.829999556765,17.3099996130913,1982,8,NA
47.4833,9.66667,1982-08-02,12.349999723956,23.4399994760752,17.8949996000156,1982,8,NA
47.4833,9.66667,1982-08-03,13.9299996886402,22.4799994975328,18.2049995930865,1982,8,NA
47.4833,9.66667,1982-08-04,14.7999996691942,22.0599995069206,18.4299995880574,1982,8,NA
47.4833,9.66667,1982-08-05,14.6799996718764,21.509999519214,18.0949995955452,1982,8,NA
47.4833,9.66667,1982-08-06,15.229999659583,22.3399995006621,18.7849995801225,1982,8,NA
47.4833,9.66667,1982-08-07,13.4999996982515,19.6299995612353,16.5649996297434,1982,8,NA
47.4833,9.66667,1982-08-08,12.5899997185916,18.4999995864928,15.5449996525422,1982,8,NA
47.4833,9.66667,1982-08-09,13.7199996933341,21.0899995286018,17.4049996109679,1982,8,NA
47.4833,9.66667,1982-08-10,14.8599996678531,21.1599995270371,18.0099995974451,1982,8,NA
47.4833,9.66667,1982-08-11,14.7399996705353,22.2299995031208,18.4849995868281,1982,8,NA
47.4833,9.66667,1982-08-12,13.0299997087568,24.3399994559586,18.6849995823577,1982,8,NA
47.4833,9.66667,1982-08-13,14.8299996685237,27.4899993855506,21.1599995270371,1982,8,NA
47.4833,9.66667,1982-08-14,15.8299996461719,23.5899994727224,19.7099995594472,1982,8,NA
47.4833,9.66667,1982-08-15,14.4599996767938,22.3499995004386,18.4049995886162,1982,8,NA
47.4833,9.66667,1982-08-16,13.5499996971339,25.3999994322658,19.4749995646998,1982,8,NA
47.4833,9.66667,1982-08-17,15.1699996609241,23.3999994769692,19.2849995689467,1982,8,NA
47.4833,9.66667,1982-08-18,14.7199996709824,19.6699995603412,17.1949996156618,1982,8,NA
47.4833,9.66667,1982-08-19,13.3899997007102,23.8999994657934,18.6449995832518,1982,8,NA
47.4833,9.66667,1982-08-20,13.9999996870756,23.1399994827807,18.5699995849282,1982,8,NA
47.4833,9.66667,1982-08-21,10.9899997543544,17.3799996115267,14.1849996829405,1982,8,NA
47.4833,9.66667,1982-08-22,7.71999982744455,16.909999622032,12.3149997247383,1982,8,NA
47.4833,9.66667,1982-08-23,6.87999984622002,18.5999995842576,12.7399997152388,1982,8,NA
47.4833,9.66667,1982-08-24,8.2699998151511,21.1499995272607,14.7099996712059,1982,8,NA
47.4833,9.66667,1982-08-25,10.8599997572601,17.819999601692,14.339999679476,1982,8,NA
47.4833,9.66667,1982-08-26,10.2799997702241,19.1099995728582,14.6949996715412,1982,8,NA
47.4833,9.66667,1982-08-27,11.1599997505546,23.3699994776398,17.2649996140972,1982,8,NA
47.4833,9.66667,1982-08-28,13.1199997067451,18.1299995947629,15.624999650754,1982,8,NA
47.4833,9.66667,1982-08-29,11.4499997440726,14.3199996799231,12.8849997119978,1982,8,NA
47.4833,9.66667,1982-08-30,11.4499997440726,19.2599995695055,15.354999656789,1982,8,NA
47.4833,9.66667,1982-08-31,9.45999978855252,20.7499995362014,15.1049996623769,1982,8,NA
47.4833,9.66667,1982-09-01,10.0399997755885,15.4899996537715,12.76499971468,1982,9,NA
47.4833,9.66667,1982-09-02,8.74999980442226,16.5899996291846,12.6699997168034,1982,9,NA
47.4833,9.66667,1982-09-03,9.01999979838729,19.1399995721877,14.0799996852875,1982,9,NA
47.4833,9.66667,1982-09-04,9.68999978341162,20.7599995359778,15.2249996596947,1982,9,NA
47.4833,9.66667,1982-09-05,10.9699997548014,23.9399994648993,17.4549996098503,1982,9,NA
47.4833,9.66667,1982-09-06,13.9199996888638,25.9699994195253,19.9449995541945,1982,9,NA
47.4833,9.66667,1982-09-07,13.0699997078627,20.8599995337427,16.9649996208027,1982,9,NA
47.4833,9.66667,1982-09-08,10.9099997561425,14.8199996687472,12.8649997124448,1982,9,NA
47.4833,9.66667,1982-09-09,12.329999724403,16.8499996233732,14.5899996738881,1982,9,NA
47.4833,9.66667,1982-09-10,12.079999729991,20.8099995348603,16.4449996324256,1982,9,NA
47.4833,9.66667,1982-09-11,11.3099997472018,20.1099995505065,15.7099996488541,1982,9,NA
47.4833,9.66667,1982-09-12,12.0699997302145,22.6099994946271,17.3399996124208,1982,9,NA
47.4833,9.66667,1982-09-13,12.1099997293204,23.1799994818866,17.6449996056035,1982,9,NA
47.4833,9.66667,1982-09-14,11.8699997346848,21.9999995082617,16.9349996214733,1982,9,NA
47.4833,9.66667,1982-09-15,11.1799997501075,22.7599994912744,16.9699996206909,1982,9,NA
47.4833,9.66667,1982-09-16,12.4199997223914,23.1199994832277,17.7699996028095,1982,9,NA
47.4833,9.66667,1982-09-17,13.1599997058511,22.7499994914979,17.9549995986745,1982,9,NA
47.4833,9.66667,1982-09-18,13.6899996940047,21.7699995134026,17.7299996037036,1982,9,NA
47.4833,9.66667,1982-09-19,13.179999705404,22.129999505356,17.65499960538,1982,9,NA
47.4833,9.66667,1982-09-20,12.369999723509,22.7899994906038,17.5799996070564,1982,9,NA
47.4833,9.66667,1982-09-21,12.349999723956,23.8199994675815,18.0849995957687,1982,9,NA
47.4833,9.66667,1982-09-22,14.7999996691942,21.8499995116144,18.3249995904043,1982,9,NA
47.4833,9.66667,1982-09-23,13.2899997029454,17.799999602139,15.5449996525422,1982,9,NA
47.4833,9.66667,1982-09-24,9.62999978475273,14.2199996821582,11.9249997334555,1982,9,NA
47.4833,9.66667,1982-09-25,6.13999986276031,15.9399996437132,11.0399997532368,1982,9,NA
47.4833,9.66667,1982-09-26,10.0199997760355,23.2899994794279,16.6549996277317,1982,9,NA
47.4833,9.66667,1982-09-27,13.779999691993,26.3399994112551,20.0599995516241,1982,9,NA
47.4833,9.66667,1982-09-28,9.65999978408217,17.6699996050447,13.6649996945634,1982,9,NA
47.4833,9.66667,1982-09-29,8.8999998010695,17.5499996077269,13.2249997043982,1982,9,NA
47.4833,9.66667,1982-09-30,8.25999981537461,17.0499996189028,12.6549997171387,1982,9,NA
47.4833,9.66667,1982-10-01,9.17999979481101,13.9499996881932,11.5649997415021,1982,10,1983
47.4833,9.66667,1982-10-02,9.39999978989363,13.509999698028,11.4549997439608,1982,10,1983
47.4833,9.66667,1982-10-03,8.79999980330467,17.4099996108562,13.1049997070804,1982,10,1983
47.4833,9.66667,1982-10-04,8.23999981582165,17.0699996184558,12.6549997171387,1982,10,1983
47.4833,9.66667,1982-10-05,9.60999978519976,14.9599996656179,12.2849997254089,1982,10,1983
47.4833,9.66667,1982-10-06,8.25999981537461,11.4399997442961,9.84999977983534,1982,10,1983
47.4833,9.66667,1982-10-07,2.76999993808568,9.20999979414046,5.98999986611307,1982,10,1983
47.4833,9.66667,1982-10-08,3.58999991975725,13.9599996879697,8.77499980386347,1982,10,1983
47.4833,9.66667,1982-10-09,5.5099998768419,12.1599997282028,8.83499980252236,1982,10,1983
47.4833,9.66667,1982-10-10,5.82999986968935,12.0299997311085,8.92999980039895,1982,10,1983
47.4833,9.66667,1982-10-11,5.51999987661839,12.4099997226149,8.96499979961663,1982,10,1983
47.4833,9.66667,1982-10-12,6.52999985404313,14.4499996770173,10.4899997655302,1982,10,1983
47.4833,9.66667,1982-10-13,6.29999985918403,11.5699997413903,8.93499980028719,1982,10,1983
47.4833,9.66667,1982-10-14,7.30999983660877,17.5599996075034,12.4349997220561,1982,10,1983
47.4833,9.66667,1982-10-15,6.92999984510243,14.7899996694177,10.8599997572601,1982,10,1983
47.4833,9.66667,1982-10-16,5.37999987974763,9.60999978519976,7.4949998324737,1982,10,1983
47.4833,9.66667,1982-10-17,2.07999995350838,11.8299997355789,6.95499984454364,1982,10,1983
47.4833,9.66667,1982-10-18,4.23999990522861,12.5199997201562,8.3799998126924,1982,10,1983
47.4833,9.66667,1982-10-19,5.48999987728894,17.1599996164441,11.3249997468665,1982,10,1983
47.4833,9.66667,1982-10-20,7.17999983951449,13.6799996942282,10.4299997668713,1982,10,1983
47.4833,9.66667,1982-10-21,6.09999986365438,14.5099996756762,10.3049997696653,1982,10,1983
47.4833,9.66667,1982-10-22,5.70999987237155,14.6199996732175,10.1649997727945,1982,10,1983
47.4833,9.66667,1982-10-23,5.19999988377094,17.1899996157736,11.1949997497723,1982,10,1983
47.4833,9.66667,1982-10-24,8.47999981045723,14.649999672547,11.5649997415021,1982,10,1983
47.4833,9.66667,1982-10-25,7.53999983146787,9.86999977938831,8.70499980542809,1982,10,1983
47.4833,9.66667,1982-10-26,5.83999986946583,9.65999978408217,7.749999826774,1982,10,1983
47.4833,9.66667,1982-10-27,3.22999992780387,10.5499997641891,6.8899998459965,1982,10,1983
47.4833,9.66667,1982-10-28,3.12999993003905,11.5099997427315,7.31999983638525,1982,10,1983
47.4833,9.66667,1982-10-29,2.75999993830919,11.0499997530133,6.90499984566122,1982,10,1983
47.4833,9.66667,1982-10-30,2.89999993517995,7.9799998216331,5.43999987840652,1982,10,1983
47.4833,9.66667,1982-10-31,2.55999994277954,8.77999980375171,5.66999987326562,1982,10,1983
47.4833,9.66667,1982-11-01,2.42999994568527,11.3599997460842,6.89499984588474,1982,11,1983
47.4833,9.66667,1982-11-02,2.12999995239079,11.209999749437,6.66999985091388,1982,11,1983
47.4833,9.66667,1982-11-03,4.31999990344048,11.2399997487664,7.77999982610345,1982,11,1983
47.4833,9.66667,1982-11-04,1.55999996513128,11.0599997527897,6.30999985896051,1982,11,1983
47.4833,9.66667,1982-11-05,1.88999995775521,9.34999979101121,5.61999987438321,1982,11,1983
47.4833,9.66667,1982-11-06,1.07999997586012,7.17999983951449,4.12999990768731,1982,11,1983
47.4833,9.66667,1982-11-07,1.12999997474253,8.16999981738627,4.6499998960644,1982,11,1983
47.4833,9.66667,1982-11-08,-0.299999993294477,16.3299996349961,8.01499982085079,1982,11,1983
47.4833,9.66667,1982-11-09,11.3099997472018,19.4899995643646,15.3999996557832,1982,11,1983
47.4833,9.66667,1982-11-10,8.67999980598688,15.1599996611476,11.9199997335672,1982,11,1983
47.4833,9.66667,1982-11-11,6.26999985985458,10.7099997606128,8.48999981023371,1982,11,1983
47.4833,9.66667,1982-11-12,4.53999989852309,11.2399997487664,7.88999982364476,1982,11,1983
47.4833,9.66667,1982-11-13,3.13999992981553,10.7899997588247,6.96499984432012,1982,11,1983
47.4833,9.66667,1982-11-14,4.42999990098178,9.45999978855252,6.94499984476715,1982,11,1983
47.4833,9.66667,1982-11-15,0.749999983236194,5.61999987438321,3.1849999288097,1982,11,1983
47.4833,9.66667,1982-11-16,-0.649999985471368,3.18999992869794,1.26999997161329,1982,11,1983
47.4833,9.66667,1982-11-17,-0.209999995306134,4.52999989874661,2.15999995172024,1982,11,1983
47.4833,9.66667,1982-11-18,-0.459999989718199,4.19999990612268,1.86999995820224,1982,11,1983
47.4833,9.66667,1982-11-19,0.239999994635582,5.60999987460673,2.92499993462116,1982,11,1983
47.4833,9.66667,1982-11-20,3.16999992914498,9.31999979168177,6.24499986041337,1982,11,1983
47.4833,9.66667,1982-11-21,1.50999996624887,8.40999981202185,4.95999988913536,1982,11,1983
47.4833,9.66667,1982-11-22,-2.01999995484948,6.26999985985458,2.12499995250255,1982,11,1983
47.4833,9.66667,1982-11-23,-0.689999984577298,9.39999978989363,4.35499990265816,1982,11,1983
47.4833,9.66667,1982-11-24,1.39999996870756,12.7399997152388,7.06999984197319,1982,11,1983
47.4833,9.66667,1982-11-25,2.76999993808568,13.8199996910989,8.2949998145923,1982,11,1983
47.4833,9.66667,1982-11-26,0.539999987930059,7.43999983370304,3.98999991081655,1982,11,1983
47.4833,9.66667,1982-11-27,0.609999986365438,7.30999983660877,3.9599999114871,1982,11,1983
47.4833,9.66667,1982-11-28,0.429999990388751,5.41999987885356,2.92499993462116,1982,11,1983
47.4833,9.66667,1982-11-29,2.08999995328486,4.4799998998642,3.28499992657453,1982,11,1983
47.4833,9.66667,1982-11-30,1.0899999756366,3.69999991729856,2.39499994646758,1982,11,1983
47.4833,9.66667,1982-12-01,1.96999995596707,6.39999985694885,4.18499990645796,1982,12,1983
47.4833,9.66667,1982-12-02,-0.289999993517995,3.7899999152869,1.74999996088445,1982,12,1983
47.4833,9.66667,1982-12-03,0.339999992400408,3.37999992445111,1.85999995842576,1982,12,1983
47.4833,9.66667,1982-12-04,0.769999982789159,2.57999994233251,1.67499996256083,1982,12,1983
47.4833,9.66667,1982-12-05,-0.169999996200204,3.10999993048608,1.46999996714294,1982,12,1983
47.4833,9.66667,1982-12-06,-1.23999997228384,3.63999991863966,1.19999997317791,1982,12,1983
47.4833,9.66667,1982-12-07,-1.66999996267259,5.69999987259507,2.01499995496124,1982,12,1983
47.4833,9.66667,1982-12-08,3.53999992087483,9.42999978922307,6.48499985504895,1982,12,1983
47.4833,9.66667,1982-12-09,5.34999988041818,12.4299997221678,8.88999980129302,1982,12,1983
47.4833,9.66667,1982-12-10,3.86999991349876,8.08999981917441,5.97999986633658,1982,12,1983
47.4833,9.66667,1982-12-11,3.68999991752207,12.6599997170269,8.17499981727451,1982,12,1983
47.4833,9.66667,1982-12-12,0.209999995306134,3.83999991416931,2.02499995473772,1982,12,1983
47.4833,9.66667,1982-12-13,-2.34999994747341,4.23999990522861,0.944999978877604,1982,12,1983
47.4833,9.66667,1982-12-14,0.139999996870756,3.50999992154539,1.82499995920807,1982,12,1983
47.4833,9.66667,1982-12-15,-0.859999980777502,3.1599999293685,1.1499999742955,1982,12,1983
47.4833,9.66667,1982-12-16,-1.22999997250736,5.59999987483025,2.18499995116144,1982,12,1983
47.4833,9.66667,1982-12-17,3.85999991372228,9.78999978117645,6.82499984744936,1982,12,1983
47.4833,9.66667,1982-12-18,2.08999995328486,8.46999981068075,5.2799998819828,1982,12,1983
47.4833,9.66667,1982-12-19,-2.04999995417893,2.22999995015562,0.0899999979883432,1982,12,1983
47.4833,9.66667,1982-12-20,-4.33999990299344,1.11999997496605,-1.6099999640137,1982,12,1983
47.4833,9.66667,1982-12-21,-3.14999992959201,6.35999985784292,1.60499996412545,1982,12,1983
47.4833,9.66667,1982-12-22,0.239999994635582,5.41999987885356,2.82999993674457,1982,12,1983
47.4833,9.66667,1982-12-23,-3.44999992288649,2.70999993942678,-0.369999991729856,1982,12,1983
47.4833,9.66667,1982-12-24,-3.29999992623925,-0.319999992847443,-1.80999995954335,1982,12,1983
47.4833,9.66667,1982-12-25,-5.58999987505376,-0.0599999986588955,-2.82499993685633,1982,12,1983
47.4833,9.66667,1982-12-26,-5.46999987773597,0.429999990388751,-2.51999994367361,1982,12,1983
47.4833,9.66667,1982-12-27,-2.15999995172024,4.50999989919364,1.1749999737367,1982,12,1983
47.4833,9.66667,1982-12-28,-0.65999998524785,6.45999985560775,2.89999993517995,1982,12,1983
47.4833,9.66667,1982-12-29,1.05999997630715,4.57999989762902,2.81999993696809,1982,12,1983
47.4833,9.66667,1982-12-30,-3.0999999307096,2.13999995216727,-0.479999989271164,1982,12,1983
47.4833,9.66667,1982-12-31,-6.77999984845519,-0.0299999993294477,-3.40499992389232,1982,12,1983
47.4833,9.66667,1983-01-01,-6.23999986052513,1.74999996088445,-2.24499994982034,1983,1,1983
47.4833,9.66667,1983-01-02,-4.90999989025295,2.91999993473291,-0.994999977760017,1983,1,1983
47.4833,9.66667,1983-01-03,-3.59999991953373,2.61999994143844,-0.489999989047647,1983,1,1983
47.4833,9.66667,1983-01-04,0.399999991059303,5.35999988019466,2.87999993562698,1983,1,1983
47.4833,9.66667,1983-01-05,3.62999991886318,8.28999981470406,5.95999986678362,1983,1,1983
47.4833,9.66667,1983-01-06,4.96999988891184,8.24999981559813,6.60999985225499,1983,1,1983
47.4833,9.66667,1983-01-07,3.98999991081655,11.2199997492135,7.604999830015,1983,1,1983
47.4833,9.66667,1983-01-08,0.729999983683228,7.75999982655048,4.24499990511686,1983,1,1983
47.4833,9.66667,1983-01-09,-1.17999997362494,3.7899999152869,1.30499997083098,1983,1,1983
47.4833,9.66667,1983-01-10,-1.20999997295439,4.39999990165234,1.59499996434897,1983,1,1983
47.4833,9.66667,1983-01-11,-1.85999995842576,5.48999987728894,1.81499995943159,1983,1,1983
47.4833,9.66667,1983-01-12,-3.06999993138015,6.05999986454844,1.49499996658415,1983,1,1983
47.4833,9.66667,1983-01-13,-3.01999993249774,5.02999988757074,1.0049999775365,1983,1,1983
47.4833,9.66667,1983-01-14,-3.37999992445111,3.34999992512167,-0.0149999996647239,1983,1,1983
47.4833,9.66667,1983-01-15,-1.87999995797873,2.96999993361533,0.544999987818301,1983,1,1983
47.4833,9.66667,1983-01-16,-0.879999980330467,3.57999991998076,1.34999996982515,1983,1,1983
47.4833,9.66667,1983-01-17,2.93999993428588,5.70999987237155,4.32499990332872,1983,1,1983
47.4833,9.66667,1983-01-18,3.33999992534518,6.98999984376132,5.16499988455325,1983,1,1983
47.4833,9.66667,1983-01-19,0.109999997541308,9.65999978408217,4.88499989081174,1983,1,1983
47.4833,9.66667,1983-01-20,-2.18999995104969,2.02999995462596,-0.0799999982118607,1983,1,1983
47.4833,9.66667,1983-01-21,-3.13999992981553,-1.19999997317791,-2.16999995149672,1983,1,1983
47.4833,9.66667,1983-01-22,-4.25999990478158,1.63999996334314,-1.30999997071922,1983,1,1983
47.4833,9.66667,1983-01-23,-4.00999991036952,2.98999993316829,-0.509999988600612,1983,1,1983
47.4833,9.66667,1983-01-24,-5.80999987013638,1.04999997653067,-2.37999994680285,1983,1,1983
47.4833,9.66667,1983-01-25,-5.31999988108873,1.56999996490777,-1.87499995809048,1983,1,1983
47.4833,9.66667,1983-01-26,-5.58999987505376,4.36999990232289,-0.609999986365438,1983,1,1983
47.4833,9.66667,1983-01-27,1.58999996446073,7.29999983683228,4.44499990064651,1983,1,1983
47.4833,9.66667,1983-01-28,4.7099998947233,11.0699997525662,7.88999982364476,1983,1,1983
47.4833,9.66667,1983-01-29,5.60999987460673,9.93999977782369,7.77499982621521,1983,1,1983
47.4833,9.66667,1983-01-30,5.3399998806417,8.80999980308115,7.07499984186143,1983,1,1983
47.4833,9.66667,1983-01-31,1.68999996222556,8.41999981179833,5.05499988701195,1983,1,1983
47.4833,9.66667,1983-02-01,-1.97999995574355,3.51999992132187,0.769999982789159,1983,2,1983
47.4833,9.66667,1983-02-02,-1.09999997541308,10.0599997751415,4.4799998998642,1983,2,1983
47.4833,9.66667,1983-02-03,-1.13999997451901,3.04999993182719,0.954999978654087,1983,2,1983
47.4833,9.66667,1983-02-04,-3.48999992199242,0.509999988600612,-1.4899999666959,1983,2,1983
47.4833,9.66667,1983-02-05,-6.33999985828996,-0.229999994859099,-3.28499992657453,1983,2,1983
47.4833,9.66667,1983-02-06,-7.93999982252717,1.96999995596707,-2.98499993328005,1983,2,1983
47.4833,9.66667,1983-02-07,-2.25999994948506,1.02999997697771,-0.614999986253679,1983,2,1983
47.4833,9.66667,1983-02-08,-3.99999991059303,1.05999997630715,-1.46999996714294,1983,2,1983
47.4833,9.66667,1983-02-09,-6.32999985851347,-0.61999998614192,-3.4749999223277,1983,2,1983
47.4833,9.66667,1983-02-10,-5.53999987617135,-0.88999998010695,-3.21499992813915,1983,2,1983
47.4833,9.66667,1983-02-11,-5.51999987661839,-1.35999996960163,-3.43999992311001,1983,2,1983
47.4833,9.66667,1983-02-12,-4.97999988868833,-2.26999994926155,-3.62499991897494,1983,2,1983
47.4833,9.66667,1983-02-13,-6.60999985225499,-2.45999994501472,-4.53499989863485,1983,2,1983
47.4833,9.66667,1983-02-14,-9.9899997767061,-1.66999996267259,-5.82999986968935,1983,2,1983
47.4833,9.66667,1983-02-15,-8.59999980777502,-2.15999995172024,-5.37999987974763,1983,2,1983
47.4833,9.66667,1983-02-16,-5.20999988354743,-1.44999996758997,-3.3299999255687,1983,2,1983
47.4833,9.66667,1983-02-17,-9.08999979682267,-2.53999994322658,-5.81499987002462,1983,2,1983
47.4833,9.66667,1983-02-18,-12.0999997295439,-2.74999993853271,-7.42499983403832,1983,2,1983
47.4833,9.66667,1983-02-19,-11.3799997456372,-0.129999997094274,-5.75499987136573,1983,2,1983
47.4833,9.66667,1983-02-20,-10.6199997626245,0,-5.30999988131225,1983,2,1983
47.4833,9.66667,1983-02-21,-10.4499997664243,-0.549999987706542,-5.49999987706542,1983,2,1983
47.4833,9.66667,1983-02-22,-8.82999980263412,-0.319999992847443,-4.57499989774078,1983,2,1983
47.4833,9.66667,1983-02-23,-10.4899997655302,-0.759999983012676,-5.62499987427145,1983,2,1983
47.4833,9.66667,1983-02-24,-12.4499997217208,-1.20999997295439,-6.8299998473376,1983,2,1983
47.4833,9.66667,1983-02-25,-10.5599997639656,2.91999993473291,-3.81999991461635,1983,2,1983
47.4833,9.66667,1983-02-26,-5.93999986723065,4.14999990724027,-0.894999979995191,1983,2,1983
47.4833,9.66667,1983-02-27,0.88999998010695,8.87999980151653,4.88499989081174,1983,2,1983
47.4833,9.66667,1983-02-28,1.61999996379018,4.75999989360571,3.18999992869794,1983,2,1983
47.4833,9.66667,1983-03-01,0.499999988824129,4.67999989539385,2.58999994210899,1983,3,1983
47.4833,9.66667,1983-03-02,0.249999994412065,3.11999993026257,1.68499996233732,1983,3,1983
47.4833,9.66667,1983-03-03,-0.599999986588955,2.02999995462596,0.714999984018505,1983,3,1983
47.4833,9.66667,1983-03-04,-2.87999993562698,4.31999990344048,0.719999983906746,1983,3,1983
47.4833,9.66667,1983-03-05,-3.58999991975725,4.94999988935888,0.679999984800816,1983,3,1983
47.4833,9.66667,1983-03-06,-2.79999993741512,6.2599998600781,1.72999996133149,1983,3,1983
47.4833,9.66667,1983-03-07,-1.90999995730817,9.55999978631735,3.82499991450459,1983,3,1983
47.4833,9.66667,1983-03-08,-1.21999997273088,7.99999982118607,3.3899999242276,1983,3,1983
47.4833,9.66667,1983-03-09,-0.459999989718199,11.2899997476488,5.41499987896532,1983,3,1983
47.4833,9.66667,1983-03-10,0.399999991059303,15.1399996615946,7.76999982632697,1983,3,1983
47.4833,9.66667,1983-03-11,1.63999996334314,14.379999678582,8.00999982096255,1983,3,1983
47.4833,9.66667,1983-03-12,1.4899999666959,11.6499997396022,6.56999985314906,1983,3,1983
47.4833,9.66667,1983-03-13,2.65999994054437,8.69999980553985,5.67999987304211,1983,3,1983
47.4833,9.66667,1983-03-14,-1.87999995797873,12.3599997237325,5.23999988287687,1983,3,1983
47.4833,9.66667,1983-03-15,2.84999993629754,12.929999710992,7.88999982364476,1983,3,1983
47.4833,9.66667,1983-03-16,4.60999989695847,10.8199997581542,7.71499982755631,1983,3,1983
47.4833,9.66667,1983-03-17,3.74999991618097,8.42999981157482,6.08999986387789,1983,3,1983
47.4833,9.66667,1983-03-18,4.06999990902841,7.71999982744455,5.89499986823648,1983,3,1983
47.4833,9.66667,1983-03-19,3.90999991260469,9.32999979145825,6.61999985203147,1983,3,1983
47.4833,9.66667,1983-03-20,6.18999986164272,9.18999979458749,7.68999982811511,1983,3,1983
47.4833,9.66667,1983-03-21,5.37999987974763,12.7699997145683,9.07499979715794,1983,3,1983
47.4833,9.66667,1983-03-22,3.07999993115664,12.1099997293204,7.59499983023852,1983,3,1983
47.4833,9.66667,1983-03-23,3.22999992780387,9.14999979548156,6.18999986164272,1983,3,1983
47.4833,9.66667,1983-03-24,1.75999996066093,9.9899997767061,5.87499986868352,1983,3,1983
47.4833,9.66667,1983-03-25,3.3299999255687,14.4599996767938,8.89499980118126,1983,3,1983
47.4833,9.66667,1983-03-26,-0.0699999984353781,7.58999983035028,3.75999991595745,1983,3,1983
47.4833,9.66667,1983-03-27,-1.76999996043742,1.84999995864928,0.0399999991059303,1983,3,1983
47.4833,9.66667,1983-03-28,-1.93999995663762,5.98999986611307,2.02499995473772,1983,3,1983
47.4833,9.66667,1983-03-29,0.949999978765845,9.13999979570508,5.04499988723546,1983,3,1983
47.4833,9.66667,1983-03-30,-0.549999987706542,4.40999990142882,1.92999995686114,1983,3,1983
47.4833,9.66667,1983-03-31,-1.91999995708466,8.6699998062104,3.37499992456287,1983,3,1983
47.4833,9.66667,1983-04-01,3.00999993272126,8.74999980442226,5.87999986857176,1983,4,1983
47.4833,9.66667,1983-04-02,3.37999992445111,10.0999997742474,6.73999984934926,1983,4,1983
47.4833,9.66667,1983-04-03,3.58999991975725,7.29999983683228,5.44499987829477,1983,4,1983
47.4833,9.66667,1983-04-04,0.649999985471368,6.72999984957278,3.68999991752207,1983,4,1983
47.4833,9.66667,1983-04-05,-0.699999984353781,5.92999986745417,2.6149999415502,1983,4,1983
47.4833,9.66667,1983-04-06,0.509999988600612,6.47999985516071,3.49499992188066,1983,4,1983
47.4833,9.66667,1983-04-07,2.35999994724989,7.50999983213842,4.93499988969415,1983,4,1983
47.4833,9.66667,1983-04-08,2.52999994345009,10.6499997619539,6.58999985270202,1983,4,1983
47.4833,9.66667,1983-04-09,5.87999986857176,15.6299996506423,10.754999759607,1983,4,1983
47.4833,9.66667,1983-04-10,8.42999981157482,13.4099997002631,10.919999755919,1983,4,1983
47.4833,9.66667,1983-04-11,7.99999982118607,17.5699996072799,12.784999714233,1983,4,1983
47.4833,9.66667,1983-04-12,6.06999986432493,20.7499995362014,13.4099997002631,1983,4,1983
47.4833,9.66667,1983-04-13,1.96999995596707,6.47999985516071,4.22499990556389,1983,4,1983
47.4833,9.66667,1983-04-14,-0.249999994412065,3.89999991282821,1.82499995920807,1983,4,1983
47.4833,9.66667,1983-04-15,-0.519999988377094,6.029999865219,2.75499993842095,1983,4,1983
47.4833,9.66667,1983-04-16,0.879999980330467,4.42999990098178,2.65499994065613,1983,4,1983
47.4833,9.66667,1983-04-17,1.3199999704957,15.9399996437132,8.62999980710447,1983,4,1983
47.4833,9.66667,1983-04-18,3.97999991104007,19.0699995737523,11.5249997423962,1983,4,1983
47.4833,9.66667,1983-04-19,8.82999980263412,19.2799995690584,14.0549996858463,1983,4,1983
47.4833,9.66667,1983-04-20,10.029999775812,20.8299995344132,15.4299996551126,1983,4,1983
47.4833,9.66667,1983-04-21,4.54999989829957,18.3299995902926,11.4399997442961,1983,4,1983
47.4833,9.66667,1983-04-22,10.9499997552484,20.389999544248,15.6699996497482,1983,4,1983
47.4833,9.66667,1983-04-23,6.61999985203147,16.929999621585,11.7749997368082,1983,4,1983
47.4833,9.66667,1983-04-24,5.29999988153577,19.9499995540828,12.6249997178093,1983,4,1983
47.4833,9.66667,1983-04-25,5.89999986812472,14.2599996812642,10.0799997746944,1983,4,1983
47.4833,9.66667,1983-04-26,4.39999990165234,19.539999563247,11.9699997324497,1983,4,1983
47.4833,9.66667,1983-04-27,5.5099998768419,16.1899996381253,10.8499997574836,1983,4,1983
47.4833,9.66667,1983-04-28,6.99999984353781,16.059999641031,11.5299997422844,1983,4,1983
47.4833,9.66667,1983-04-29,5.17999988421798,17.509999608621,11.3449997464195,1983,4,1983
47.4833,9.66667,1983-04-30,7.44999983347952,14.6399996727705,11.044999753125,1983,4,1983
47.4833,9.66667,1983-05-01,6.08999986387789,17.2899996135384,11.6899997387081,1983,5,NA
47.4833,9.66667,1983-05-02,7.33999983593822,14.6999996714294,11.0199997536838,1983,5,NA
47.4833,9.66667,1983-05-03,5.06999988667667,15.789999647066,10.4299997668713,1983,5,NA
47.4833,9.66667,1983-05-04,5.74999987147748,13.0399997085333,9.39499979000539,1983,5,NA
47.4833,9.66667,1983-05-05,6.77999984845519,11.9799997322261,9.37999979034066,1983,5,NA
47.4833,9.66667,1983-05-06,5.05999988690019,16.3299996349961,10.6949997609481,1983,5,NA
47.4833,9.66667,1983-05-07,6.34999985806644,19.0599995739758,12.7049997160211,1983,5,NA
47.4833,9.66667,1983-05-08,9.94999977760017,16.1899996381253,13.0699997078627,1983,5,NA
47.4833,9.66667,1983-05-09,7.72999982722104,11.1399997510016,9.43499978911132,1983,5,NA
47.4833,9.66667,1983-05-10,5.98999986611307,12.8099997136742,9.39999978989363,1983,5,NA
47.4833,9.66667,1983-05-11,4.72999989427626,13.3699997011572,9.04999979771674,1983,5,NA
47.4833,9.66667,1983-05-12,3.16999992914498,11.9299997333437,7.54999983124435,1983,5,NA
47.4833,9.66667,1983-05-13,4.10999990813434,21.1499995272607,12.6299997176975,1983,5,NA
47.4833,9.66667,1983-05-14,8.31999981403351,18.1999995931983,13.2599997036159,1983,5,NA
47.4833,9.66667,1983-05-15,6.44999985583127,21.7499995138496,14.0999996848404,1983,5,NA
47.4833,9.66667,1983-05-16,11.1099997516721,19.8999995552003,15.5049996534362,1983,5,NA
47.4833,9.66667,1983-05-17,9.86999977938831,20.4199995435774,15.1449996614829,1983,5,NA
47.4833,9.66667,1983-05-18,6.69999985024333,22.4099994990975,14.5549996746704,1983,5,NA
47.4833,9.66667,1983-05-19,6.93999984487891,16.9999996200204,11.9699997324497,1983,5,NA
47.4833,9.66667,1983-05-20,6.33999985828996,14.8099996689707,10.5749997636303,1983,5,NA
47.4833,9.66667,1983-05-21,4.83999989181757,22.2799995020032,13.5599996969104,1983,5,NA
47.4833,9.66667,1983-05-22,9.0699997972697,20.7099995370954,14.8899996671826,1983,5,NA
47.4833,9.66667,1983-05-23,4.40999990142882,8.91999980062246,6.66499985102564,1983,5,NA
47.4833,9.66667,1983-05-24,3.0399999320507,5.72999987192452,4.38499990198761,1983,5,NA
47.4833,9.66667,1983-05-25,3.96999991126359,7.39999983459711,5.68499987293035,1983,5,NA
47.4833,9.66667,1983-05-26,4.42999990098178,7.58999983035028,6.00999986566603,1983,5,NA
47.4833,9.66667,1983-05-27,4.33999990299344,6.73999984934926,5.53999987617135,1983,5,NA
47.4833,9.66667,1983-05-28,4.79999989271164,9.24999979324639,7.02499984297901,1983,5,NA
47.4833,9.66667,1983-05-29,5.42999987863004,15.0999996624887,10.2649997705594,1983,5,NA
47.4833,9.66667,1983-05-30,6.76999984867871,16.909999622032,11.8399997353554,1983,5,NA
47.4833,9.66667,1983-05-31,5.44999987818301,19.1599995717406,12.3049997249618,1983,5,NA
47.4833,9.66667,1983-06-01,8.93999980017543,24.6699994485825,16.804999624379,1983,6,NA
47.4833,9.66667,1983-06-02,13.0999997071922,25.279999434948,19.1899995710701,1983,6,NA
47.4833,9.66667,1983-06-03,14.0599996857345,20.4799995422363,17.2699996139854,1983,6,NA
47.4833,9.66667,1983-06-04,10.2699997704476,24.389999454841,17.3299996126443,1983,6,NA
47.4833,9.66667,1983-06-05,12.6299997176975,27.4999993853271,20.0649995515123,1983,6,NA
47.4833,9.66667,1983-06-06,14.4199996776879,27.7599993795156,21.0899995286018,1983,6,NA
47.4833,9.66667,1983-06-07,14.5399996750057,21.2799995243549,17.9099995996803,1983,6,NA
47.4833,9.66667,1983-06-08,11.0699997525662,23.8899994660169,17.4799996092916,1983,6,NA
47.4833,9.66667,1983-06-09,11.5799997411668,28.0999993719161,19.8399995565414,1983,6,NA
47.4833,9.66667,1983-06-10,15.8599996455014,24.7999994456768,20.3299995455891,1983,6,NA
47.4833,9.66667,1983-06-11,13.6699996944517,22.0699995066971,17.8699996005744,1983,6,NA
47.4833,9.66667,1983-06-12,12.9899997096509,21.4299995210022,17.2099996153265,1983,6,NA
47.4833,9.66667,1983-06-13,11.3899997454137,23.7199994698167,17.5549996076152,1983,6,NA
47.4833,9.66667,1983-06-14,12.7699997145683,17.7499996032566,15.2599996589124,1983,6,NA
47.4833,9.66667,1983-06-15,11.2199997492135,14.6899996716529,12.9549997104332,1983,6,NA
47.4833,9.66667,1983-06-16,9.20999979414046,15.8499996457249,12.5299997199327,1983,6,NA
47.4833,9.66667,1983-06-17,6.03999986499548,13.179999705404,9.60999978519976,1983,6,NA
47.4833,9.66667,1983-06-18,5.45999987795949,14.8899996671826,10.174999772571,1983,6,NA
47.4833,9.66667,1983-06-19,7.54999983124435,17.0099996197969,12.2799997255206,1983,6,NA
47.4833,9.66667,1983-06-20,7.55999983102083,19.5499995630234,13.5549996970221,1983,6,NA
47.4833,9.66667,1983-06-21,10.1899997722358,21.7399995140731,15.9649996431544,1983,6,NA
47.4833,9.66667,1983-06-22,12.9999997094274,21.4699995201081,17.2349996147677,1983,6,NA
47.4833,9.66667,1983-06-23,12.889999711886,20.6299995388836,16.7599996253848,1983,6,NA
47.4833,9.66667,1983-06-24,10.8699997570366,23.8199994675815,17.344999612309,1983,6,NA
47.4833,9.66667,1983-06-25,13.8899996895343,23.4399994760752,18.6649995828047,1983,6,NA
47.4833,9.66667,1983-06-26,13.8799996897578,24.3199994564056,19.0999995730817,1983,6,NA
47.4833,9.66667,1983-06-27,14.9899996649474,23.9999994635582,19.4949995642528,1983,6,NA
47.4833,9.66667,1983-06-28,13.8399996906519,19.5999995619059,16.7199996262789,1983,6,NA
47.4833,9.66667,1983-06-29,11.5499997418374,15.6699996497482,13.6099996957928,1983,6,NA
47.4833,9.66667,1983-06-30,9.63999978452921,19.4899995643646,14.5649996744469,1983,6,NA
47.4833,9.66667,1983-07-01,10.6999997608364,20.1099995505065,15.4049996556714,1983,7,NA
47.4833,9.66667,1983-07-02,12.5499997194856,18.6899995822459,15.6199996508658,1983,7,NA
47.4833,9.66667,1983-07-03,9.80999978072941,21.2699995245785,15.5399996526539,1983,7,NA
47.4833,9.66667,1983-07-04,11.0099997539073,23.3299994785339,17.1699996162206,1983,7,NA
47.4833,9.66667,1983-07-05,13.1299997065216,25.52999942936,19.3299995679408,1983,7,NA
47.4833,9.66667,1983-07-06,14.9499996658415,26.4599994085729,20.7049995372072,1983,7,NA
47.4833,9.66667,1983-07-07,14.4399996772408,25.8499994222075,20.1449995497242,1983,7,NA
47.4833,9.66667,1983-07-08,16.8999996222556,21.839999511838,19.3699995670468,1983,7,NA
47.4833,9.66667,1983-07-09,15.9999996423721,23.5099994745106,19.7549995584413,1983,7,NA
47.4833,9.66667,1983-07-10,14.8699996676296,26.9699993971735,20.9199995324016,1983,7,NA
47.4833,9.66667,1983-07-11,15.9299996439368,27.4499993864447,21.6899995151907,1983,7,NA
47.4833,9.66667,1983-07-12,15.189999660477,27.9899993743747,21.5899995174259,1983,7,NA
47.4833,9.66667,1983-07-13,15.2999996580184,27.4199993871152,21.3599995225668,1983,7,NA
47.4833,9.66667,1983-07-14,15.8399996459484,26.4299994092435,21.1349995275959,1983,7,NA
47.4833,9.66667,1983-07-15,14.2099996823817,23.0599994845688,18.6349995834753,1983,7,NA
47.4833,9.66667,1983-07-16,12.2899997252971,25.4899994302541,18.8899995777756,1983,7,NA
47.4833,9.66667,1983-07-17,12.4899997208267,27.7699993792921,20.1299995500594,1983,7,NA
47.4833,9.66667,1983-07-18,14.2699996810406,29.279999345541,21.7749995132908,1983,7,NA
47.4833,9.66667,1983-07-19,17.9899995978922,29.3799993433058,23.684999470599,1983,7,NA
47.4833,9.66667,1983-07-20,17.7199996039271,30.7999993115664,24.2599994577467,1983,7,NA
47.4833,9.66667,1983-07-21,17.2999996133149,27.9399993754923,22.6199994944036,1983,7,NA
47.4833,9.66667,1983-07-22,15.229999659583,24.8199994452298,20.0249995524064,1983,7,NA
47.4833,9.66667,1983-07-23,12.8399997130036,29.0199993513525,20.929999532178,1983,7,NA
47.4833,9.66667,1983-07-24,17.3099996130913,31.1499993037432,24.2299994584173,1983,7,NA
47.4833,9.66667,1983-07-25,16.8099996242672,26.7999994009733,21.8049995126203,1983,7,NA
47.4833,9.66667,1983-07-26,15.2499996591359,29.2699993457645,22.2599995024502,1983,7,NA
47.4833,9.66667,1983-07-27,18.4899995867163,33.6199992485344,26.0549994176254,1983,7,NA
47.4833,9.66667,1983-07-28,20.0399995520711,33.1599992588162,26.5999994054437,1983,7,NA
47.4833,9.66667,1983-07-29,19.3399995677173,31.6399992927909,25.4899994302541,1983,7,NA
47.4833,9.66667,1983-07-30,18.1199995949864,27.1699993927032,22.6449994938448,1983,7,NA
47.4833,9.66667,1983-07-31,14.6199996732175,29.299999345094,21.9599995091558,1983,7,NA
47.4833,9.66667,1983-08-01,16.7599996253848,32.8699992652982,24.8149994453415,1983,8,NA
47.4833,9.66667,1983-08-02,17.4999996088445,28.5099993627518,23.0049994857982,1983,8,NA
47.4833,9.66667,1983-08-03,13.0599997080863,16.8099996242672,14.9349996661767,1983,8,NA
47.4833,9.66667,1983-08-04,9.08999979682267,12.9799997098744,11.0349997533485,1983,8,NA
47.4833,9.66667,1983-08-05,8.3799998126924,15.5099996533245,11.9449997330084,1983,8,NA
47.4833,9.66667,1983-08-06,10.4499997664243,14.9699996653944,12.7099997159094,1983,8,NA
47.4833,9.66667,1983-08-07,10.7899997588247,13.0399997085333,11.914999733679,1983,8,NA
47.4833,9.66667,1983-08-08,10.5899997632951,19.3399995677173,14.9649996655062,1983,8,NA
47.4833,9.66667,1983-08-09,9.2999997921288,23.1699994821101,16.2349996371195,1983,8,NA
47.4833,9.66667,1983-08-10,12.1199997290969,25.0099994409829,18.5649995850399,1983,8,NA
47.4833,9.66667,1983-08-11,15.0499996636063,24.3699994552881,19.7099995594472,1983,8,NA
47.4833,9.66667,1983-08-12,14.4399996772408,20.2299995478243,17.3349996125326,1983,8,NA
47.4833,9.66667,1983-08-13,11.5699997413903,20.9399995319545,16.2549996366724,1983,8,NA
47.4833,9.66667,1983-08-14,13.5999996960163,20.0599995516241,16.8299996238202,1983,8,NA
47.4833,9.66667,1983-08-15,8.54999980889261,20.5299995411187,14.5399996750057,1983,8,NA
47.4833,9.66667,1983-08-16,10.2599997706711,24.3399994559586,17.2999996133149,1983,8,NA
47.4833,9.66667,1983-08-17,14.5399996750057,25.5999994277954,20.0699995514005,1983,8,NA
47.4833,9.66667,1983-08-18,13.6599996946752,21.9899995084852,17.8249996015802,1983,8,NA
47.4833,9.66667,1983-08-19,12.5699997190386,24.6199994497001,18.5949995843694,1983,8,NA
47.4833,9.66667,1983-08-20,13.7199996933341,26.4699994083494,20.0949995508417,1983,8,NA
47.4833,9.66667,1983-08-21,15.4699996542186,24.9799994416535,20.224999547936,1983,8,NA
47.4833,9.66667,1983-08-22,13.469999698922,24.7599994465709,19.1149995727465,1983,8,NA
47.4833,9.66667,1983-08-23,14.1499996837229,23.7699994686991,18.959999576211,1983,8,NA
47.4833,9.66667,1983-08-24,14.6099996734411,24.3199994564056,19.4649995649233,1983,8,NA
47.4833,9.66667,1983-08-25,14.2799996808171,21.0399995297194,17.6599996052682,1983,8,NA
47.4833,9.66667,1983-08-26,14.919999666512,21.4799995198846,18.1999995931983,1983,8,NA
47.4833,9.66667,1983-08-27,14.379999678582,21.8799995109439,18.1299995947629,1983,8,NA
47.4833,9.66667,1983-08-28,13.6199996955693,24.7299994472414,19.1749995714054,1983,8,NA
47.4833,9.66667,1983-08-29,14.6399996727705,25.4399994313717,20.0399995520711,1983,8,NA
47.4833,9.66667,1983-08-30,15.8299996461719,19.8399995565414,17.8349996013567,1983,8,NA
47.4833,9.66667,1983-08-31,13.8999996893108,21.7699995134026,17.8349996013567,1983,8,NA
47.4833,9.66667,1983-09-01,12.0699997302145,24.0699994619936,18.069999596104,1983,9,NA
47.4833,9.66667,1983-09-02,14.7999996691942,24.2999994568527,19.5499995630234,1983,9,NA
47.4833,9.66667,1983-09-03,13.7199996933341,21.0999995283782,17.4099996108562,1983,9,NA
47.4833,9.66667,1983-09-04,12.2099997270852,16.5599996298552,14.3849996784702,1983,9,NA
47.4833,9.66667,1983-09-05,9.99999977648258,17.6899996045977,13.8449996905401,1983,9,NA
47.4833,9.66667,1983-09-06,12.1099997293204,18.089999595657,15.0999996624887,1983,9,NA
47.4833,9.66667,1983-09-07,13.6199996955693,18.9899995755404,16.3049996355549,1983,9,NA
47.4833,9.66667,1983-09-08,10.5199997648597,16.7199996262789,13.6199996955693,1983,9,NA
47.4833,9.66667,1983-09-09,6.55999985337257,20.4799995422363,13.5199996978045,1983,9,NA
47.4833,9.66667,1983-09-10,11.7599997371435,24.0499994624406,17.9049995997921,1983,9,NA
47.4833,9.66667,1983-09-11,11.8899997342378,25.9299994204193,18.9099995773286,1983,9,NA
47.4833,9.66667,1983-09-12,8.40999981202185,13.8999996893108,11.1549997506663,1983,9,NA
47.4833,9.66667,1983-09-13,7.46999983303249,10.879999756813,9.17499979492277,1983,9,NA
47.4833,9.66667,1983-09-14,6.86999984644353,15.6699996497482,11.2699997480959,1983,9,NA
47.4833,9.66667,1983-09-15,8.93999980017543,20.369999544695,14.6549996724352,1983,9,NA
47.4833,9.66667,1983-09-16,11.2399997487664,24.949999442324,18.0949995955452,1983,9,NA
47.4833,9.66667,1983-09-17,9.2999997921288,15.1099996622652,12.204999727197,1983,9,NA
47.4833,9.66667,1983-09-18,5.62999987415969,10.5499997641891,8.08999981917441,1983,9,NA
47.4833,9.66667,1983-09-19,8.13999981805682,17.1599996164441,12.6499997172505,1983,9,NA
47.4833,9.66667,1983-09-20,7.37999983504415,20.8399995341897,14.1099996846169,1983,9,NA
47.4833,9.66667,1983-09-21,9.64999978430569,15.3299996573478,12.4899997208267,1983,9,NA
47.4833,9.66667,1983-09-22,7.49999983236194,18.8099995795637,13.1549997059628,1983,9,NA
47.4833,9.66667,1983-09-23,12.4999997206032,19.4499995652586,15.9749996429309,1983,9,NA
47.4833,9.66667,1983-09-24,7.58999983035028,19.6699995603412,13.6299996953458,1983,9,NA
47.4833,9.66667,1983-09-25,9.27999979257584,22.6099994946271,15.9449996436015,1983,9,NA
47.4833,9.66667,1983-09-26,12.2599997259676,17.8799996003509,15.0699996631593,1983,9,NA
47.4833,9.66667,1983-09-27,8.8999998010695,18.3399995900691,13.6199996955693,1983,9,NA
47.4833,9.66667,1983-09-28,6.85999984666705,19.0999995730817,12.9799997098744,1983,9,NA
47.4833,9.66667,1983-09-29,7.49999983236194,19.0599995739758,13.2799997031689,1983,9,NA
47.4833,9.66667,1983-09-30,7.92999982275069,19.1099995728582,13.5199996978045,1983,9,NA
47.4833,9.66667,1983-10-01,9.74999978207052,19.1399995721877,14.4449996771291,1983,10,1984
47.4833,9.66667,1983-10-02,10.3299997691065,17.6299996059388,13.9799996875226,1983,10,1984
47.4833,9.66667,1983-10-03,9.8199997805059,16.0199996419251,12.9199997112155,1983,10,1984
47.4833,9.66667,1983-10-04,9.74999978207052,20.0499995518476,14.899999666959,1983,10,1984
47.4833,9.66667,1983-10-05,9.89999977871776,21.4699995201081,15.6849996494129,1983,10,1984
47.4833,9.66667,1983-10-06,9.39999978989363,21.7899995129555,15.5949996514246,1983,10,1984
47.4833,9.66667,1983-10-07,9.71999978274107,14.2999996803701,12.0099997315556,1983,10,1984
47.4833,9.66667,1983-10-08,7.69999982789159,16.0099996421486,11.8549997350201,1983,10,1984
47.4833,9.66667,1983-10-09,8.41999981179833,15.6299996506423,12.0249997312203,1983,10,1984
47.4833,9.66667,1983-10-10,9.44999978877604,11.8699997346848,10.6599997617304,1983,10,1984
47.4833,9.66667,1983-10-11,9.11999979615211,17.5799996070564,13.3499997016042,1983,10,1984
47.4833,9.66667,1983-10-12,7.49999983236194,14.069999685511,10.7849997589365,1983,10,1984
47.4833,9.66667,1983-10-13,4.90999989025295,12.7899997141212,8.84999980218709,1983,10,1984
47.4833,9.66667,1983-10-14,4.32999990321696,16.4299996327609,10.3799997679889,1983,10,1984
47.4833,9.66667,1983-10-15,6.85999984666705,16.0899996403605,11.4749997435138,1983,10,1984
47.4833,9.66667,1983-10-16,7.5199998319149,14.2299996819347,10.8749997569248,1983,10,1984
47.4833,9.66667,1983-10-17,5.28999988175929,15.6099996510893,10.4499997664243,1983,10,1984
47.4833,9.66667,1983-10-18,5.19999988377094,8.57999980822206,6.8899998459965,1983,10,1984
47.4833,9.66667,1983-10-19,5.16999988444149,11.479999743402,8.32499981392175,1983,10,1984
47.4833,9.66667,1983-10-20,5.51999987661839,13.4399996995926,9.47999978810549,1983,10,1984
47.4833,9.66667,1983-10-21,8.6099998075515,14.4499996770173,11.5299997422844,1983,10,1984
47.4833,9.66667,1983-10-22,5.93999986723065,9.91999977827072,7.92999982275069,1983,10,1984
47.4833,9.66667,1983-10-23,0.699999984353781,10.1799997724593,5.43999987840652,1983,10,1984
47.4833,9.66667,1983-10-24,-0.679999984800816,9.0699997972697,4.19499990623444,1983,10,1984
47.4833,9.66667,1983-10-25,-0.719999983906746,8.52999980933964,3.90499991271645,1983,10,1984
47.4833,9.66667,1983-10-26,-1.11999997496605,6.13999986276031,2.50999994389713,1983,10,1984
47.4833,9.66667,1983-10-27,1.19999997317791,12.1799997277558,6.68999985046685,1983,10,1984
47.4833,9.66667,1983-10-28,2.32999994792044,14.8199996687472,8.57499980833381,1983,10,1984
47.4833,9.66667,1983-10-29,1.65999996289611,12.9799997098744,7.31999983638525,1983,10,1984
47.4833,9.66667,1983-10-30,0.26999999396503,7.66999982856214,3.96999991126359,1983,10,1984
47.4833,9.66667,1983-10-31,3.24999992735684,8.27999981492758,5.76499987114221,1983,10,1984
47.4833,9.66667,1983-11-01,3.34999992512167,8.49999981001019,5.92499986756593,1983,11,1984
47.4833,9.66667,1983-11-02,3.17999992892146,9.82999978028238,6.50499985460192,1983,11,1984
47.4833,9.66667,1983-11-03,-0.0399999991059303,11.76999973692,5.86499986890703,1983,11,1984
47.4833,9.66667,1983-11-04,0.529999988153577,9.22999979369342,4.8799998909235,1983,11,1984
47.4833,9.66667,1983-11-05,3.39999992400408,9.30999979190528,6.35499985795468,1983,11,1984
47.4833,9.66667,1983-11-06,4.08999990858138,12.039999730885,8.0649998197332,1983,11,1984
47.4833,9.66667,1983-11-07,3.23999992758036,11.0599997527897,7.14999984018505,1983,11,1984
47.4833,9.66667,1983-11-08,2.42999994568527,8.87999980151653,5.6549998736009,1983,11,1984
47.4833,9.66667,1983-11-09,2.73999993875623,9.70999978296459,6.22499986086041,1983,11,1984
47.4833,9.66667,1983-11-10,1.10999997518957,7.64999982900918,4.37999990209937,1983,11,1984
47.4833,9.66667,1983-11-11,1.00999997742474,5.80999987013638,3.40999992378056,1983,11,1984
47.4833,9.66667,1983-11-12,0.219999995082617,6.29999985918403,3.25999992713332,1983,11,1984
47.4833,9.66667,1983-11-13,1.56999996490777,4.27999990433455,2.92499993462116,1983,11,1984
47.4833,9.66667,1983-11-14,-0.26999999396503,2.88999993540347,1.30999997071922,1983,11,1984
47.4833,9.66667,1983-11-15,-2.88999993540347,0.319999992847443,-1.28499997127801,1983,11,1984
47.4833,9.66667,1983-11-16,-7.01999984309077,0.869999980553985,-3.07499993126839,1983,11,1984
47.4833,9.66667,1983-11-17,-2.53999994322658,4.17999990656972,0.819999981671572,1983,11,1984
47.4833,9.66667,1983-11-18,-5.05999988690019,3.11999993026257,-0.96999997831881,1983,11,1984
47.4833,9.66667,1983-11-19,-3.91999991238117,0.319999992847443,-1.79999995976686,1983,11,1984
47.4833,9.66667,1983-11-20,-3.37999992445111,-0.279999993741512,-1.82999995909631,1983,11,1984
47.4833,9.66667,1983-11-21,-5.29999988153577,3.48999992199242,-0.904999979771674,1983,11,1984
47.4833,9.66667,1983-11-22,-4.14999990724027,1.90999995730817,-1.11999997496605,1983,11,1984
47.4833,9.66667,1983-11-23,-5.15999988466501,2.10999995283782,-1.52499996591359,1983,11,1984
47.4833,9.66667,1983-11-24,-5.38999987952411,-0.799999982118607,-3.09499993082136,1983,11,1984
47.4833,9.66667,1983-11-25,-5.20999988354743,2.43999994546175,-1.38499996904284,1983,11,1984
47.4833,9.66667,1983-11-26,-0.96999997831881,8.2699998151511,3.64999991841614,1983,11,1984
47.4833,9.66667,1983-11-27,6.35999985784292,11.209999749437,8.78499980363995,1983,11,1984
47.4833,9.66667,1983-11-28,6.22999986074865,12.2299997266382,9.22999979369342,1983,11,1984
47.4833,9.66667,1983-11-29,4.50999989919364,7.27999983727932,5.89499986823648,1983,11,1984
47.4833,9.66667,1983-11-30,2.53999994322658,4.88999989069998,3.71499991696328,1983,11,1984
47.4833,9.66667,1983-12-01,-0.65999998524785,3.39999992400408,1.36999996937811,1983,12,1984
47.4833,9.66667,1983-12-02,-5.81999986991286,-1.05999997630715,-3.43999992311001,1983,12,1984
47.4833,9.66667,1983-12-03,-9.45999978855252,-3.18999992869794,-6.32499985862523,1983,12,1984
47.4833,9.66667,1983-12-04,-10.6199997626245,-4.21999990567565,-7.41999983415008,1983,12,1984
47.4833,9.66667,1983-12-05,-10.2099997717887,-2.37999994680285,-6.29499985929579,1983,12,1984
47.4833,9.66667,1983-12-06,-8.99999979883432,-1.16999997384846,-5.08499988634139,1983,12,1984
47.4833,9.66667,1983-12-07,-6.96999984420836,0.169999996200204,-3.39999992400408,1983,12,1984
47.4833,9.66667,1983-12-08,-2.91999993473291,-0.299999993294477,-1.6099999640137,1983,12,1984
47.4833,9.66667,1983-12-09,-5.90999986790121,-0.26999999396503,-3.08999993093312,1983,12,1984
47.4833,9.66667,1983-12-10,-5.02999988757074,3.56999992020428,-0.729999983683228,1983,12,1984
47.4833,9.66667,1983-12-11,-2.05999995395541,4.31999990344048,1.12999997474253,1983,12,1984
47.4833,9.66667,1983-12-12,-6.14999986253679,-0.00999999977648258,-3.07999993115664,1983,12,1984
47.4833,9.66667,1983-12-13,-9.24999979324639,-2.81999993696809,-6.03499986510724,1983,12,1984
47.4833,9.66667,1983-12-14,-6.20999986119568,0.489999989047647,-2.85999993607402,1983,12,1984
47.4833,9.66667,1983-12-15,-7.91999982297421,-1.50999996624887,-4.71499989461154,1983,12,1984
47.4833,9.66667,1983-12-16,-7.70999982766807,-1.89999995753169,-4.80499989259988,1983,12,1984
47.4833,9.66667,1983-12-17,-8.12999981828034,5.43999987840652,-1.34499996993691,1983,12,1984
47.4833,9.66667,1983-12-18,-1.09999997541308,8.56999980844557,3.73499991651624,1983,12,1984
47.4833,9.66667,1983-12-19,-1.93999995663762,8.67999980598688,3.36999992467463,1983,12,1984
47.4833,9.66667,1983-12-20,1.12999997474253,11.6199997402728,6.37499985750765,1983,12,1984
47.4833,9.66667,1983-12-21,0.0899999979883432,5.07999988645315,2.58499994222075,1983,12,1984
47.4833,9.66667,1983-12-22,-0.849999981001019,7.37999983504415,3.26499992702156,1983,12,1984
47.4833,9.66667,1983-12-23,0.919999979436398,5.07999988645315,2.99999993294477,1983,12,1984
47.4833,9.66667,1983-12-24,0.489999989047647,6.79999984800816,3.6449999185279,1983,12,1984
47.4833,9.66667,1983-12-25,5.739999871701,13.0699997078627,9.40499978978187,1983,12,1984
47.4833,9.66667,1983-12-26,3.42999992333353,13.5499996971339,8.48999981023371,1983,12,1984
47.4833,9.66667,1983-12-27,2.38999994657934,11.6999997384846,7.04499984253198,1983,12,1984
47.4833,9.66667,1983-12-28,1.78999995999038,6.5999998524785,4.19499990623444,1983,12,1984
47.4833,9.66667,1983-12-29,2.66999994032085,10.9399997554719,6.8049998478964,1983,12,1984
47.4833,9.66667,1983-12-30,0.909999979659915,9.66999978385866,5.28999988175929,1983,12,1984
47.4833,9.66667,1983-12-31,-0.519999988377094,9.42999978922307,4.45499990042299,1983,12,1984
47.4833,9.66667,1984-01-01,2.42999994568527,6.24999986030161,4.33999990299344,1984,1,1984
47.4833,9.66667,1984-01-02,0.249999994412065,7.35999983549118,3.80499991495162,1984,1,1984
47.4833,9.66667,1984-01-03,-0.419999990612268,6.69999985024333,3.13999992981553,1984,1,1984
47.4833,9.66667,1984-01-04,-1.8399999588728,8.71999980509281,3.43999992311001,1984,1,1984
47.4833,9.66667,1984-01-05,-0.61999998614192,2.6999999396503,1.03999997675419,1984,1,1984
47.4833,9.66667,1984-01-06,-3.83999991416931,0.299999993294477,-1.76999996043742,1984,1,1984
47.4833,9.66667,1984-01-07,-4.61999989673495,0.369999991729856,-2.12499995250255,1984,1,1984
47.4833,9.66667,1984-01-08,-2.70999993942678,3.3299999255687,0.30999999307096,1984,1,1984
47.4833,9.66667,1984-01-09,-0.749999983236194,2.8699999358505,1.05999997630715,1984,1,1984
47.4833,9.66667,1984-01-10,-1.97999995574355,-0.179999995976686,-1.07999997586012,1984,1,1984
47.4833,9.66667,1984-01-11,-3.98999991081655,0.0199999995529652,-1.98499995563179,1984,1,1984
47.4833,9.66667,1984-01-12,-7.45999983325601,-0.569999987259507,-4.01499991025776,1984,1,1984
47.4833,9.66667,1984-01-13,-8.15999981760979,1.89999995753169,-3.12999993003905,1984,1,1984
47.4833,9.66667,1984-01-14,-3.5599999204278,4.29999990388751,0.369999991729856,1984,1,1984
47.4833,9.66667,1984-01-15,1.61999996379018,10.7799997590482,6.1999998614192,1984,1,1984
47.4833,9.66667,1984-01-16,0.289999993517995,7.22999983839691,3.75999991595745,1984,1,1984
47.4833,9.66667,1984-01-17,-0.189999995753169,4.19999990612268,2.00499995518476,1984,1,1984
47.4833,9.66667,1984-01-18,1.56999996490777,7.07999984174967,4.32499990332872,1984,1,1984
47.4833,9.66667,1984-01-19,-2.08999995328486,2.68999993987381,0.299999993294477,1984,1,1984
47.4833,9.66667,1984-01-20,-4.74999989382923,2.73999993875623,-1.0049999775365,1984,1,1984
47.4833,9.66667,1984-01-21,-2.71999993920326,1.7799999602139,-0.469999989494681,1984,1,1984
47.4833,9.66667,1984-01-22,-5.5099998768419,-1.44999996758997,-3.47999992221594,1984,1,1984
47.4833,9.66667,1984-01-23,-2.76999993808568,3.53999992087483,0.384999991394579,1984,1,1984
47.4833,9.66667,1984-01-24,-1.26999997161329,5.66999987326562,2.19999995082617,1984,1,1984
47.4833,9.66667,1984-01-25,-0.789999982342124,2.78999993763864,0.999999977648258,1984,1,1984
47.4833,9.66667,1984-01-26,-3.10999993048608,0.119999997317791,-1.49499996658415,1984,1,1984
47.4833,9.66667,1984-01-27,-7.54999983124435,1.12999997474253,-3.20999992825091,1984,1,1984
47.4833,9.66667,1984-01-28,-3.23999992758036,4.29999990388751,0.529999988153577,1984,1,1984
47.4833,9.66667,1984-01-29,-1.9499999564141,5.0499998871237,1.5499999653548,1984,1,1984
47.4833,9.66667,1984-01-30,-1.76999996043742,5.99999986588955,2.11499995272607,1984,1,1984
47.4833,9.66667,1984-01-31,-0.679999984800816,3.11999993026257,1.21999997273088,1984,1,1984
47.4833,9.66667,1984-02-01,-2.70999993942678,5.82999986968935,1.55999996513128,1984,2,1984
47.4833,9.66667,1984-02-02,-2.37999994680285,4.98999988846481,1.30499997083098,1984,2,1984
47.4833,9.66667,1984-02-03,-0.669999985024333,4.35999990254641,1.84499995876104,1984,2,1984
47.4833,9.66667,1984-02-04,0.389999991282821,6.77999984845519,3.58499991986901,1984,2,1984
47.4833,9.66667,1984-02-05,1.02999997697771,5.90999986790121,3.46999992243946,1984,2,1984
47.4833,9.66667,1984-02-06,1.84999995864928,8.29999981448054,5.07499988656491,1984,2,1984
47.4833,9.66667,1984-02-07,-0.0699999984353781,4.33999990299344,2.13499995227903,1984,2,1984
47.4833,9.66667,1984-02-08,0.529999988153577,6.2599998600781,3.39499992411584,1984,2,1984
47.4833,9.66667,1984-02-09,-1.23999997228384,2.96999993361533,0.864999980665743,1984,2,1984
47.4833,9.66667,1984-02-10,-1.12999997474253,1.40999996848404,0.139999996870756,1984,2,1984
47.4833,9.66667,1984-02-11,-2.28999994881451,0.0799999982118607,-1.10499997530133,1984,2,1984
47.4833,9.66667,1984-02-12,-3.29999992623925,0.279999993741512,-1.50999996624887,1984,2,1984
47.4833,9.66667,1984-02-13,-5.99999986588955,-0.819999981671572,-3.40999992378056,1984,2,1984
47.4833,9.66667,1984-02-14,-10.1599997729063,-2.27999994903803,-6.21999986097217,1984,2,1984
47.4833,9.66667,1984-02-15,-11.2699997480959,-2.80999993719161,-7.03999984264374,1984,2,1984
47.4833,9.66667,1984-02-16,-9.45999978855252,-3.75999991595745,-6.60999985225499,1984,2,1984
47.4833,9.66667,1984-02-17,-11.6899997387081,-4.38999990187585,-8.039999820292,1984,2,1984
47.4833,9.66667,1984-02-18,-10.8499997574836,-2.39999994635582,-6.62499985191971,1984,2,1984
47.4833,9.66667,1984-02-19,-11.9799997322261,-3.75999991595745,-7.86999982409179,1984,2,1984
47.4833,9.66667,1984-02-20,-10.7399997599423,-1.23999997228384,-5.98999986611307,1984,2,1984
47.4833,9.66667,1984-02-21,-9.11999979615211,1.20999997295439,-3.95499991159886,1984,2,1984
47.4833,9.66667,1984-02-22,-5.95999986678362,2.93999993428588,-1.50999996624887,1984,2,1984
47.4833,9.66667,1984-02-23,-2.48999994434416,4.75999989360571,1.13499997463077,1984,2,1984
47.4833,9.66667,1984-02-24,-5.51999987661839,1.22999997250736,-2.14499995205551,1984,2,1984
47.4833,9.66667,1984-02-25,-2.83999993652105,0.779999982565641,-1.02999997697771,1984,2,1984
47.4833,9.66667,1984-02-26,-1.76999996043742,1.61999996379018,-0.0749999983236194,1984,2,1984
47.4833,9.66667,1984-02-27,-3.2699999269098,-0.529999988153577,-1.89999995753169,1984,2,1984
47.4833,9.66667,1984-02-28,-2.11999995261431,0.439999990165234,-0.839999981224537,1984,2,1984
47.4833,9.66667,1984-02-29,-2.48999994434416,2.73999993875623,0.124999997206032,1984,2,1984
47.4833,9.66667,1984-03-01,-3.62999991886318,0.729999983683228,-1.44999996758997,1984,3,1984
47.4833,9.66667,1984-03-02,-3.10999993048608,0.719999983906746,-1.19499997328967,1984,3,1984
47.4833,9.66667,1984-03-03,-1.29999997094274,4.26999990455806,1.48499996680766,1984,3,1984
47.4833,9.66667,1984-03-04,-3.18999992869794,0.92999997921288,-1.12999997474253,1984,3,1984
47.4833,9.66667,1984-03-05,-4.33999990299344,2.55999994277954,-0.88999998010695,1984,3,1984
47.4833,9.66667,1984-03-06,-7.12999984063208,2.53999994322658,-2.29499994870275,1984,3,1984
47.4833,9.66667,1984-03-07,-3.76999991573393,4.85999989137053,0.544999987818301,1984,3,1984
47.4833,9.66667,1984-03-08,-5.18999988399446,4.46999990008771,-0.359999991953373,1984,3,1984
47.4833,9.66667,1984-03-09,-3.22999992780387,1.52999996580184,-0.849999981001019,1984,3,1984
47.4833,9.66667,1984-03-10,-6.60999985225499,-0.0599999986588955,-3.33499992545694,1984,3,1984
47.4833,9.66667,1984-03-11,-7.02999984286726,0.369999991729856,-3.3299999255687,1984,3,1984
47.4833,9.66667,1984-03-12,-4.29999990388751,1.5499999653548,-1.37499996926636,1984,3,1984
47.4833,9.66667,1984-03-13,-6.61999985203147,2.96999993361533,-1.82499995920807,1984,3,1984
47.4833,9.66667,1984-03-14,-5.87999986857176,4.45999990031123,-0.709999984130263,1984,3,1984
47.4833,9.66667,1984-03-15,-5.20999988354743,5.11999988555908,-0.0449999989941716,1984,3,1984
47.4833,9.66667,1984-03-16,-4.51999989897013,4.77999989315867,0.129999997094274,1984,3,1984
47.4833,9.66667,1984-03-17,-4.2499999050051,7.06999984197319,1.40999996848404,1984,3,1984
47.4833,9.66667,1984-03-18,-3.28999992646277,8.52999980933964,2.61999994143844,1984,3,1984
47.4833,9.66667,1984-03-19,-2.78999993763864,7.15999983996153,2.18499995116144,1984,3,1984
47.4833,9.66667,1984-03-20,-2.97999993339181,6.7199998497963,1.86999995820224,1984,3,1984
47.4833,9.66667,1984-03-21,-3.66999991796911,7.0599998421967,1.6949999621138,1984,3,1984
47.4833,9.66667,1984-03-22,-2.6399999409914,9.89999977871776,3.62999991886318,1984,3,1984
47.4833,9.66667,1984-03-23,-2.84999993629754,9.09999979659915,3.12499993015081,1984,3,1984
47.4833,9.66667,1984-03-24,-1.26999997161329,9.1299997959286,3.92999991215765,1984,3,1984
47.4833,9.66667,1984-03-25,-1.10999997518957,13.0399997085333,5.96499986667186,1984,3,1984
47.4833,9.66667,1984-03-26,2.1799999512732,6.62999985180795,4.40499990154058,1984,3,1984
47.4833,9.66667,1984-03-27,0.379999991506338,10.3899997677654,5.38499987963587,1984,3,1984
47.4833,9.66667,1984-03-28,3.01999993249774,11.1499997507781,7.08499984163791,1984,3,1984
47.4833,9.66667,1984-03-29,4.79999989271164,15.7999996468425,10.2999997697771,1984,3,1984
47.4833,9.66667,1984-03-30,3.08999993093312,9.02999979816377,6.05999986454844,1984,3,1984
47.4833,9.66667,1984-03-31,0.499999988824129,5.06999988667667,2.7849999377504,1984,3,1984
47.4833,9.66667,1984-04-01,-0.799999982118607,8.97999979928136,4.08999990858138,1984,4,1984
47.4833,9.66667,1984-04-02,3.14999992959201,9.30999979190528,6.22999986074865,1984,4,1984
47.4833,9.66667,1984-04-03,0.329999992623925,5.59999987483025,2.96499993372709,1984,4,1984
47.4833,9.66667,1984-04-04,-1.64999996311963,2.39999994635582,0.374999991618097,1984,4,1984
47.4833,9.66667,1984-04-05,-1.4899999666959,4.11999990791082,1.31499997060746,1984,4,1984
47.4833,9.66667,1984-04-06,-1.63999996334314,5.55999987572432,1.95999995619059,1984,4,1984
47.4833,9.66667,1984-04-07,-0.0799999982118607,5.66999987326562,2.79499993752688,1984,4,1984
47.4833,9.66667,1984-04-08,0.839999981224537,9.36999979056418,5.10499988589436,1984,4,1984
47.4833,9.66667,1984-04-09,3.27999992668629,6.45999985560775,4.86999989114702,1984,4,1984
47.4833,9.66667,1984-04-10,1.72999996133149,7.09999984130263,4.41499990131706,1984,4,1984
47.4833,9.66667,1984-04-11,-0.919999979436398,8.52999980933964,3.80499991495162,1984,4,1984
47.4833,9.66667,1984-04-12,1.59999996423721,4.67999989539385,3.13999992981553,1984,4,1984
47.4833,9.66667,1984-04-13,2.43999994546175,7.1199998408556,4.77999989315867,1984,4,1984
47.4833,9.66667,1984-04-14,2.009999955073,10.4599997662008,6.23499986063689,1984,4,1984
47.4833,9.66667,1984-04-15,0.859999980777502,15.6599996499717,8.25999981537461,1984,4,1984
47.4833,9.66667,1984-04-16,3.57999991998076,18.9999995753169,11.2899997476488,1984,4,1984
47.4833,9.66667,1984-04-17,2.62999994121492,12.8199997134507,7.72499982733279,1984,4,1984
47.4833,9.66667,1984-04-18,0.599999986588955,5.75999987125397,3.17999992892146,1984,4,1984
47.4833,9.66667,1984-04-19,-0.139999996870756,8.76999980397522,4.31499990355223,1984,4,1984
47.4833,9.66667,1984-04-20,-0.829999981448054,12.3899997230619,5.77999987080693,1984,4,1984
47.4833,9.66667,1984-04-21,0.989999977871776,15.9499996434897,8.46999981068075,1984,4,1984
47.4833,9.66667,1984-04-22,5.86999986879528,18.7399995811284,12.3049997249618,1984,4,1984
47.4833,9.66667,1984-04-23,5.83999986946583,19.6299995612353,12.7349997153506,1984,4,1984
47.4833,9.66667,1984-04-24,7.5799998305738,20.7299995366484,14.1549996836111,1984,4,1984
47.4833,9.66667,1984-04-25,5.92999986745417,18.0199995972216,11.9749997323379,1984,4,1984
47.4833,9.66667,1984-04-26,3.73999991640449,18.0299995969981,10.8849997567013,1984,4,1984
47.4833,9.66667,1984-04-27,3.18999992869794,18.0799995958805,10.6349997622892,1984,4,1984
47.4833,9.66667,1984-04-28,5.18999988399446,13.6099996957928,9.39999978989363,1984,4,1984
47.4833,9.66667,1984-04-29,0.30999999307096,11.169999750331,5.739999871701,1984,4,1984
47.4833,9.66667,1984-04-30,-1.86999995820224,8.48999981023371,3.30999992601573,1984,4,1984
47.4833,9.66667,1984-05-01,0.259999994188547,10.029999775812,5.14499988500029,1984,5,NA
47.4833,9.66667,1984-05-02,0.379999991506338,15.0099996645004,7.69499982800335,1984,5,NA
47.4833,9.66667,1984-05-03,4.56999989785254,21.3099995236844,12.9399997107685,1984,5,NA
47.4833,9.66667,1984-05-04,5.67999987304211,16.5099996309727,11.0949997520074,1984,5,NA
47.4833,9.66667,1984-05-05,8.3799998126924,13.5299996975809,10.9549997551367,1984,5,NA
47.4833,9.66667,1984-05-06,7.95999982208014,18.2699995916337,13.1149997068569,1984,5,NA
47.4833,9.66667,1984-05-07,7.48999983258545,18.7599995806813,13.1249997066334,1984,5,NA
47.4833,9.66667,1984-05-08,6.93999984487891,14.6399996727705,10.7899997588247,1984,5,NA
47.4833,9.66667,1984-05-09,2.74999993853271,8.07999981939793,5.41499987896532,1984,5,NA
47.4833,9.66667,1984-05-10,0.449999989941716,11.9999997317791,6.22499986086041,1984,5,NA
47.4833,9.66667,1984-05-11,1.68999996222556,10.609999762848,6.14999986253679,1984,5,NA
47.4833,9.66667,1984-05-12,3.47999992221594,10.1599997729063,6.81999984756112,1984,5,NA
47.4833,9.66667,1984-05-13,3.70999991707504,10.1099997740239,6.90999984554946,1984,5,NA
47.4833,9.66667,1984-05-14,5.62999987415969,9.84999977983534,7.73999982699752,1984,5,NA
47.4833,9.66667,1984-05-15,6.37999985739589,10.4499997664243,8.41499981191009,1984,5,NA
47.4833,9.66667,1984-05-16,2.51999994367361,17.2299996148795,9.87499977927655,1984,5,NA
47.4833,9.66667,1984-05-17,8.47999981045723,18.6799995824695,13.5799996964633,1984,5,NA
47.4833,9.66667,1984-05-18,6.54999985359609,16.2399996370077,11.3949997453019,1984,5,NA
47.4833,9.66667,1984-05-19,6.20999986119568,20.3099995460361,13.2599997036159,1984,5,NA
47.4833,9.66667,1984-05-20,9.41999978944659,19.4399995654821,14.4299996774644,1984,5,NA
47.4833,9.66667,1984-05-21,6.64999985136092,14.1599996834993,10.4049997674301,1984,5,NA
47.4833,9.66667,1984-05-22,7.47999983280897,11.3099997472018,9.39499979000539,1984,5,NA
47.4833,9.66667,1984-05-23,5.25999988242984,15.8199996463954,10.5399997644126,1984,5,NA
47.4833,9.66667,1984-05-24,6.2599998600781,14.1999996826053,10.2299997713417,1984,5,NA
47.4833,9.66667,1984-05-25,7.12999984063208,14.9499996658415,11.0399997532368,1984,5,NA
47.4833,9.66667,1984-05-26,7.79999982565641,13.4199997000396,10.609999762848,1984,5,NA
47.4833,9.66667,1984-05-27,7.86999982409179,18.0999995954335,12.9849997097626,1984,5,NA
47.4833,9.66667,1984-05-28,7.64999982900918,12.8599997125566,10.2549997707829,1984,5,NA
47.4833,9.66667,1984-05-29,5.70999987237155,9.38999979011714,7.54999983124435,1984,5,NA
47.4833,9.66667,1984-05-30,2.12999995239079,11.6299997400492,6.87999984622002,1984,5,NA
47.4833,9.66667,1984-05-31,5.91999986767769,10.7099997606128,8.31499981414527,1984,5,NA
47.4833,9.66667,1984-06-01,7.00999984331429,16.1999996379018,11.604999740608,1984,6,NA
47.4833,9.66667,1984-06-02,7.12999984063208,20.1999995484948,13.6649996945634,1984,6,NA
47.4833,9.66667,1984-06-03,9.3599997907877,20.079999551177,14.7199996709824,1984,6,NA
47.4833,9.66667,1984-06-04,12.0299997311085,24.0899994615465,18.0599995963275,1984,6,NA
47.4833,9.66667,1984-06-05,7.25999983772635,15.479999653995,11.3699997458607,1984,6,NA
47.4833,9.66667,1984-06-06,8.25999981537461,12.7599997147918,10.5099997650832,1984,6,NA
47.4833,9.66667,1984-06-07,6.68999985046685,14.5099996756762,10.5999997630715,1984,6,NA
47.4833,9.66667,1984-06-08,7.73999982699752,15.5299996528774,11.6349997399375,1984,6,NA
47.4833,9.66667,1984-06-09,6.33999985828996,13.7699996922165,10.0549997752532,1984,6,NA
47.4833,9.66667,1984-06-10,9.23999979346991,18.7699995804578,14.0049996869639,1984,6,NA
47.4833,9.66667,1984-06-11,6.91999984532595,20.1499995496124,13.5349996974692,1984,6,NA
47.4833,9.66667,1984-06-12,8.78999980352819,20.3499995451421,14.5699996743351,1984,6,NA
47.4833,9.66667,1984-06-13,8.56999980844557,20.0599995516241,14.3149996800348,1984,6,NA
47.4833,9.66667,1984-06-14,9.89999977871776,23.1599994823337,16.5299996305257,1984,6,NA
47.4833,9.66667,1984-06-15,12.329999724403,22.689999492839,17.509999608621,1984,6,NA
47.4833,9.66667,1984-06-16,12.2299997266382,18.9099995773286,15.5699996519834,1984,6,NA
47.4833,9.66667,1984-06-17,9.42999978922307,18.1199995949864,13.7749996921048,1984,6,NA
47.4833,9.66667,1984-06-18,7.87999982386827,21.2099995259196,14.5449996748939,1984,6,NA
47.4833,9.66667,1984-06-19,9.33999979123473,23.2599994800985,16.2999996356666,1984,6,NA
47.4833,9.66667,1984-06-20,10.5299997646362,24.9999994412065,17.7649996029213,1984,6,NA
47.4833,9.66667,1984-06-21,12.329999724403,25.1199994385242,18.7249995814636,1984,6,NA
47.4833,9.66667,1984-06-22,15.2199996598065,21.1299995277077,18.1749995937571,1984,6,NA
47.4833,9.66667,1984-06-23,13.9799996875226,19.1099995728582,16.5449996301904,1984,6,NA
47.4833,9.66667,1984-06-24,11.8299997355789,16.5799996294081,14.2049996824935,1984,6,NA
47.4833,9.66667,1984-06-25,9.77999978139997,13.6999996937811,11.7399997375906,1984,6,NA
47.4833,9.66667,1984-06-26,7.48999983258545,16.2899996358901,11.8899997342378,1984,6,NA
47.4833,9.66667,1984-06-27,11.8499997351319,19.0299995746464,15.4399996548891,1984,6,NA
47.4833,9.66667,1984-06-28,9.20999979414046,23.2899994794279,16.2499996367842,1984,6,NA
47.4833,9.66667,1984-06-29,12.7299997154623,20.3799995444715,16.5549996299669,1984,6,NA
47.4833,9.66667,1984-06-30,10.3699997682124,14.5499996747822,12.4599997214973,1984,6,NA
47.4833,9.66667,1984-07-01,7.71999982744455,18.9099995773286,13.3149997023866,1984,7,NA
47.4833,9.66667,1984-07-02,9.09999979659915,22.7699994910508,15.934999643825,1984,7,NA
47.4833,9.66667,1984-07-03,12.9899997096509,18.7899995800108,15.8899996448308,1984,7,NA
47.4833,9.66667,1984-07-04,8.73999980464578,14.6699996720999,11.7049997383729,1984,7,NA
47.4833,9.66667,1984-07-05,8.09999981895089,13.6799996942282,10.8899997565895,1984,7,NA
47.4833,9.66667,1984-07-06,8.55999980866909,16.2899996358901,12.4249997222796,1984,7,NA
47.4833,9.66667,1984-07-07,7.86999982409179,19.9999995529652,13.9349996885285,1984,7,NA
47.4833,9.66667,1984-07-08,8.42999981157482,23.0599994845688,15.7449996480718,1984,7,NA
47.4833,9.66667,1984-07-09,10.359999768436,26.2099994141608,18.2849995912984,1984,7,NA
47.4833,9.66667,1984-07-10,14.7499996703118,29.0699993502349,21.9099995102733,1984,7,NA
47.4833,9.66667,1984-07-11,16.6099996287376,29.9799993298948,23.2949994793162,1984,7,NA
47.4833,9.66667,1984-07-12,17.7299996037036,34.2299992348999,25.9799994193017,1984,7,NA
47.4833,9.66667,1984-07-13,18.2199995927513,27.1699993927032,22.6949994927272,1984,7,NA
47.4833,9.66667,1984-07-14,14.9299996662885,21.9499995093793,18.4399995878339,1984,7,NA
47.4833,9.66667,1984-07-15,14.1499996837229,22.7199994921684,18.4349995879456,1984,7,NA
47.4833,9.66667,1984-07-16,13.509999698028,19.2699995692819,16.389999633655,1984,7,NA
47.4833,9.66667,1984-07-17,9.96999977715313,15.6699996497482,12.8199997134507,1984,7,NA
47.4833,9.66667,1984-07-18,8.91999980062246,13.8799996897578,11.3999997451901,1984,7,NA
47.4833,9.66667,1984-07-19,7.23999983817339,18.6399995833635,12.9399997107685,1984,7,NA
47.4833,9.66667,1984-07-20,9.89999977871776,21.1799995265901,15.5399996526539,1984,7,NA
47.4833,9.66667,1984-07-21,10.9699997548014,21.6599995158613,16.3149996353313,1984,7,NA
47.4833,9.66667,1984-07-22,10.2499997708946,23.9899994637817,17.1199996173382,1984,7,NA
47.4833,9.66667,1984-07-23,12.4399997219443,23.8399994671345,18.1399995945394,1984,7,NA
47.4833,9.66667,1984-07-24,13.0399997085333,25.1599994376302,19.0999995730817,1984,7,NA
47.4833,9.66667,1984-07-25,13.3799997009337,23.6399994716048,18.5099995862693,1984,7,NA
47.4833,9.66667,1984-07-26,14.2899996805936,24.1099994610995,19.1999995708466,1984,7,NA
47.4833,9.66667,1984-07-27,12.0099997315556,16.5599996298552,14.2849996807054,1984,7,NA
47.4833,9.66667,1984-07-28,11.2499997485429,16.3199996352196,13.7849996918812,1984,7,NA
47.4833,9.66667,1984-07-29,11.0699997525662,14.2499996814877,12.6599997170269,1984,7,NA
47.4833,9.66667,1984-07-30,12.5399997197092,25.4199994318187,18.9799995757639,1984,7,NA
47.4833,9.66667,1984-07-31,14.5499996747822,29.3499993439764,21.9499995093793,1984,7,NA
47.4833,9.66667,1984-08-01,16.4699996318668,29.1499993484467,22.8099994901568,1984,8,NA
47.4833,9.66667,1984-08-02,14.6699996720999,21.8499995116144,18.2599995918572,1984,8,NA
47.4833,9.66667,1984-08-03,9.84999977983534,22.8899994883686,16.369999634102,1984,8,NA
47.4833,9.66667,1984-08-04,12.5299997199327,27.4599993862212,19.9949995530769,1984,8,NA
47.4833,9.66667,1984-08-05,14.9799996651709,24.2899994570762,19.6349995611235,1984,8,NA
47.4833,9.66667,1984-08-06,14.3699996788055,18.1599995940924,16.2649996364489,1984,8,NA
47.4833,9.66667,1984-08-07,12.4499997217208,18.359999589622,15.4049996556714,1984,8,NA
47.4833,9.66667,1984-08-08,12.5399997197092,18.5699995849282,15.5549996523187,1984,8,NA
47.4833,9.66667,1984-08-09,10.1899997722358,19.0199995748699,14.6049996735528,1984,8,NA
47.4833,9.66667,1984-08-10,12.8399997130036,18.0999995954335,15.4699996542186,1984,8,NA
47.4833,9.66667,1984-08-11,13.5499996971339,17.1299996171147,15.3399996571243,1984,8,NA
47.4833,9.66667,1984-08-12,12.3799997232854,14.0599996857345,13.21999970451,1984,8,NA
47.4833,9.66667,1984-08-13,13.0499997083098,18.8099995795637,15.9299996439368,1984,8,NA
47.4833,9.66667,1984-08-14,12.619999717921,19.5599995627999,16.0899996403605,1984,8,NA
47.4833,9.66667,1984-08-15,11.2399997487664,20.2399995476007,15.7399996481836,1984,8,NA
47.4833,9.66667,1984-08-16,11.3299997467548,21.3199995234609,16.3249996351078,1984,8,NA
47.4833,9.66667,1984-08-17,11.2999997474253,21.1999995261431,16.2499996367842,1984,8,NA
47.4833,9.66667,1984-08-18,9.56999978609383,22.1699995044619,15.8699996452779,1984,8,NA
47.4833,9.66667,1984-08-19,10.4599997662008,22.9499994870275,16.7049996266142,1984,8,NA
47.4833,9.66667,1984-08-20,10.7899997588247,22.6299994941801,16.7099996265024,1984,8,NA
47.4833,9.66667,1984-08-21,10.6899997610599,23.269999479875,16.9799996204674,1984,8,NA
47.4833,9.66667,1984-08-22,10.5299997646362,23.53999947384,17.0349996192381,1984,8,NA
47.4833,9.66667,1984-08-23,11.7799997366965,24.7999994456768,18.2899995911866,1984,8,NA
47.4833,9.66667,1984-08-24,13.2899997029454,26.7799994014204,20.0349995521829,1984,8,NA
47.4833,9.66667,1984-08-25,14.939999666065,20.1999995484948,17.5699996072799,1984,8,NA
47.4833,9.66667,1984-08-26,13.8799996897578,19.2599995695055,16.5699996296316,1984,8,NA
47.4833,9.66667,1984-08-27,13.6999996937811,15.2499996591359,14.4749996764585,1984,8,NA
47.4833,9.66667,1984-08-28,12.6299997176975,20.7599995359778,16.6949996268377,1984,8,NA
47.4833,9.66667,1984-08-29,9.5899997856468,21.4199995212257,15.5049996534362,1984,8,NA
47.4833,9.66667,1984-08-30,9.78999978117645,22.129999505356,15.9599996432662,1984,8,NA
47.4833,9.66667,1984-08-31,10.8199997581542,22.4099994990975,16.6149996286258,1984,8,NA
47.4833,9.66667,1984-09-01,12.2899997252971,22.9899994861335,17.6399996057153,1984,9,NA
47.4833,9.66667,1984-09-02,12.639999717474,23.8899994660169,18.2649995917454,1984,9,NA
47.4833,9.66667,1984-09-03,12.7599997147918,25.6799994260073,19.2199995703995,1984,9,NA
47.4833,9.66667,1984-09-04,13.4099997002631,24.5499994512647,18.9799995757639,1984,9,NA
47.4833,9.66667,1984-09-05,14.3899996783584,23.5799994729459,18.9849995756522,1984,9,NA
47.4833,9.66667,1984-09-06,7.70999982766807,16.6099996287376,12.1599997282028,1984,9,NA
47.4833,9.66667,1984-09-07,3.94999991171062,8.25999981537461,6.10499986354262,1984,9,NA
47.4833,9.66667,1984-09-08,4.71999989449978,13.8899996895343,9.30499979201704,1984,9,NA
47.4833,9.66667,1984-09-09,7.20999983884394,11.5299997422844,9.36999979056418,1984,9,NA
47.4833,9.66667,1984-09-10,8.75999980419874,15.2399996593595,11.9999997317791,1984,9,NA
47.4833,9.66667,1984-09-11,7.16999983973801,14.3199996799231,10.7449997598305,1984,9,NA
47.4833,9.66667,1984-09-12,8.59999980777502,14.8599996678531,11.7299997378141,1984,9,NA
47.4833,9.66667,1984-09-13,10.069999774918,17.2899996135384,13.6799996942282,1984,9,NA
47.4833,9.66667,1984-09-14,9.79999978095293,20.3499995451421,15.0749996630475,1984,9,NA
47.4833,9.66667,1984-09-15,10.029999775812,21.7899995129555,15.9099996443838,1984,9,NA
47.4833,9.66667,1984-09-16,10.0199997760355,13.9799996875226,11.9999997317791,1984,9,NA
47.4833,9.66667,1984-09-17,8.62999980710447,10.1699997726828,9.39999978989363,1984,9,NA
47.4833,9.66667,1984-09-18,8.81999980285764,13.0899997074157,10.9549997551367,1984,9,NA
47.4833,9.66667,1984-09-19,9.28999979235232,13.7299996931106,11.5099997427315,1984,9,NA
47.4833,9.66667,1984-09-20,10.8699997570366,16.5799996294081,13.7249996932223,1984,9,NA
47.4833,9.66667,1984-09-21,10.8199997581542,17.2999996133149,14.0599996857345,1984,9,NA
47.4833,9.66667,1984-09-22,9.1299997959286,18.0299995969981,13.5799996964633,1984,9,NA
47.4833,9.66667,1984-09-23,6.26999985985458,13.3099997024983,9.78999978117645,1984,9,NA
47.4833,9.66667,1984-09-24,6.75999984890223,11.479999743402,9.11999979615211,1984,9,NA
47.4833,9.66667,1984-09-25,5.80999987013638,10.8099997583777,8.30999981425703,1984,9,NA
47.4833,9.66667,1984-09-26,5.66999987326562,9.31999979168177,7.4949998324737,1984,9,NA
47.4833,9.66667,1984-09-27,5.52999987639487,10.7299997601658,8.12999981828034,1984,9,NA
47.4833,9.66667,1984-09-28,6.73999984934926,12.4899997208267,9.614999785088,1984,9,NA
47.4833,9.66667,1984-09-29,6.3699998576194,16.1999996379018,11.2849997477606,1984,9,NA
47.4833,9.66667,1984-09-30,7.43999983370304,19.1099995728582,13.2749997032806,1984,9,NA
47.4833,9.66667,1984-10-01,7.47999983280897,18.4999995864928,12.9899997096509,1984,10,1985
47.4833,9.66667,1984-10-02,7.89999982342124,18.9799995757639,13.4399996995926,1984,10,1985
47.4833,9.66667,1984-10-03,6.61999985203147,11.7599997371435,9.18999979458749,1984,10,1985
47.4833,9.66667,1984-10-04,3.76999991573393,10.5199997648597,7.1449998402968,1984,10,1985
47.4833,9.66667,1984-10-05,3.82999991439283,15.3799996562302,9.60499978531152,1984,10,1985
47.4833,9.66667,1984-10-06,6.87999984622002,17.19999961555,12.039999730885,1984,10,1985
47.4833,9.66667,1984-10-07,7.66999982856214,12.5499997194856,10.1099997740239,1984,10,1985
47.4833,9.66667,1984-10-08,6.99999984353781,10.1799997724593,8.58999980799854,1984,10,1985
47.4833,9.66667,1984-10-09,5.29999988153577,13.0499997083098,9.17499979492277,1984,10,1985
47.4833,9.66667,1984-10-10,8.39999981224537,16.5499996300787,12.474999721162,1984,10,1985
47.4833,9.66667,1984-10-11,9.77999978139997,17.6099996063858,13.6949996938929,1984,10,1985
47.4833,9.66667,1984-10-12,7.26999983750284,14.1499996837229,10.7099997606128,1984,10,1985
47.4833,9.66667,1984-10-13,9.15999979525805,14.6099996734411,11.8849997343495,1984,10,1985
47.4833,9.66667,1984-10-14,7.26999983750284,14.629999672994,10.9499997552484,1984,10,1985
47.4833,9.66667,1984-10-15,4.96999988891184,14.1499996837229,9.55999978631735,1984,10,1985
47.4833,9.66667,1984-10-16,4.79999989271164,11.3399997465312,8.06999981962144,1984,10,1985
47.4833,9.66667,1984-10-17,6.70999985001981,14.3199996799231,10.5149997649714,1984,10,1985
47.4833,9.66667,1984-10-18,3.96999991126359,15.2199996598065,9.59499978553504,1984,10,1985
47.4833,9.66667,1984-10-19,5.31999988108873,17.3899996113032,11.354999746196,1984,10,1985
47.4833,9.66667,1984-10-20,8.48999981023371,20.0099995527416,14.2499996814877,1984,10,1985
47.4833,9.66667,1984-10-21,8.85999980196357,15.3299996573478,12.0949997296557,1984,10,1985
47.4833,9.66667,1984-10-22,6.28999985940754,12.4699997212738,9.37999979034066,1984,10,1985
47.4833,9.66667,1984-10-23,4.30999990366399,12.7999997138977,8.55499980878085,1984,10,1985
47.4833,9.66667,1984-10-24,8.47999981045723,15.3399996571243,11.9099997337908,1984,10,1985
47.4833,9.66667,1984-10-25,8.11999981850386,16.0099996421486,12.0649997303262,1984,10,1985
47.4833,9.66667,1984-10-26,7.25999983772635,18.3399995900691,12.7999997138977,1984,10,1985
47.4833,9.66667,1984-10-27,6.97999984398484,13.1599997058511,10.069999774918,1984,10,1985
47.4833,9.66667,1984-10-28,5.03999988734722,10.1699997726828,7.604999830015,1984,10,1985
47.4833,9.66667,1984-10-29,5.19999988377094,10.8299997579306,8.01499982085079,1984,10,1985
47.4833,9.66667,1984-10-30,2.19999995082617,11.2699997480959,6.73499984946102,1984,10,1985
47.4833,9.66667,1984-10-31,2.51999994367361,12.1199997290969,7.31999983638525,1984,10,1985
47.4833,9.66667,1984-11-01,1.73999996110797,12.2899997252971,7.01499984320253,1984,11,1985
47.4833,9.66667,1984-11-02,1.34999996982515,10.3899997677654,5.86999986879528,1984,11,1985
47.4833,9.66667,1984-11-03,1.42999996803701,8.63999980688095,5.03499988745898,1984,11,1985
47.4833,9.66667,1984-11-04,1.47999996691942,8.23999981582165,4.85999989137053,1984,11,1985
47.4833,9.66667,1984-11-05,4.019999910146,9.88999977894127,6.95499984454364,1984,11,1985
47.4833,9.66667,1984-11-06,0.239999994635582,8.19999981671572,4.21999990567565,1984,11,1985
47.4833,9.66667,1984-11-07,3.85999991372228,15.1399996615946,9.49999978765845,1984,11,1985
47.4833,9.66667,1984-11-08,4.39999990165234,13.1199997067451,8.75999980419874,1984,11,1985
47.4833,9.66667,1984-11-09,4.40999990142882,16.9999996200204,10.7049997607246,1984,11,1985
47.4833,9.66667,1984-11-10,5.739999871701,15.6499996501952,10.6949997609481,1984,11,1985
47.4833,9.66667,1984-11-11,3.68999991752207,13.1899997051805,8.4399998113513,1984,11,1985
47.4833,9.66667,1984-11-12,2.90999993495643,10.0399997755885,6.47499985527247,1984,11,1985
47.4833,9.66667,1984-11-13,2.70999993942678,8.38999981246889,5.54999987594783,1984,11,1985
47.4833,9.66667,1984-11-14,3.5599999204278,9.51999978721142,6.53999985381961,1984,11,1985
47.4833,9.66667,1984-11-15,1.47999996691942,7.78999982587993,4.63499989639968,1984,11,1985
47.4833,9.66667,1984-11-16,2.55999994277954,6.24999986030161,4.40499990154058,1984,11,1985
47.4833,9.66667,1984-11-17,-0.209999995306134,11.4199997447431,5.60499987471849,1984,11,1985
47.4833,9.66667,1984-11-18,2.38999994657934,8.01999982073903,5.20499988365918,1984,11,1985
47.4833,9.66667,1984-11-19,0.429999990388751,8.10999981872737,4.26999990455806,1984,11,1985
47.4833,9.66667,1984-11-20,-0.669999985024333,5.39999987930059,2.36499994713813,1984,11,1985
47.4833,9.66667,1984-11-21,2.56999994255602,6.10999986343086,4.33999990299344,1984,11,1985
47.4833,9.66667,1984-11-22,1.62999996356666,7.02999984286726,4.32999990321696,1984,11,1985
47.4833,9.66667,1984-11-23,3.08999993093312,9.77999978139997,6.43499985616654,1984,11,1985
47.4833,9.66667,1984-11-24,7.89999982342124,16.6999996267259,12.2999997250736,1984,11,1985
47.4833,9.66667,1984-11-25,8.38999981246889,15.8499996457249,12.1199997290969,1984,11,1985
47.4833,9.66667,1984-11-26,5.23999988287687,10.6199997626245,7.92999982275069,1984,11,1985
47.4833,9.66667,1984-11-27,3.33999992534518,6.90999984554946,5.12499988544732,1984,11,1985
47.4833,9.66667,1984-11-28,0.34999999217689,6.63999985158443,3.49499992188066,1984,11,1985
47.4833,9.66667,1984-11-29,-1.7799999602139,9.21999979391694,3.71999991685152,1984,11,1985
47.4833,9.66667,1984-11-30,-0.57999998703599,6.87999984622002,3.14999992959201,1984,11,1985
47.4833,9.66667,1984-12-01,-2.29999994859099,4.06999990902841,0.884999980218709,1984,12,1985
47.4833,9.66667,1984-12-02,-0.779999982565641,11.9599997326732,5.58999987505376,1984,12,1985
47.4833,9.66667,1984-12-03,1.33999997004867,9.84999977983534,5.594999874942,1984,12,1985
47.4833,9.66667,1984-12-04,2.62999994121492,6.4899998549372,4.55999989807606,1984,12,1985
47.4833,9.66667,1984-12-05,0.759999983012676,5.25999988242984,3.00999993272126,1984,12,1985
47.4833,9.66667,1984-12-06,-0.199999995529652,3.73999991640449,1.76999996043742,1984,12,1985
47.4833,9.66667,1984-12-07,-1.3799999691546,4.04999990947545,1.33499997016042,1984,12,1985
47.4833,9.66667,1984-12-08,-1.92999995686114,3.33999992534518,0.704999984242022,1984,12,1985
47.4833,9.66667,1984-12-09,-1.91999995708466,3.56999992020428,0.824999981559813,1984,12,1985
47.4833,9.66667,1984-12-10,-2.96999993361533,6.04999986477196,1.53999996557832,1984,12,1985
47.4833,9.66667,1984-12-11,0.419999990612268,5.29999988153577,2.85999993607402,1984,12,1985
47.4833,9.66667,1984-12-12,2.70999993942678,9.83999978005886,6.27499985974282,1984,12,1985
47.4833,9.66667,1984-12-13,0.369999991729856,5.72999987192452,3.04999993182719,1984,12,1985
47.4833,9.66667,1984-12-14,0.339999992400408,4.65999989584088,2.49999994412065,1984,12,1985
47.4833,9.66667,1984-12-15,0.519999988377094,5.08999988622963,2.80499993730336,1984,12,1985
47.4833,9.66667,1984-12-16,-0.689999984577298,5.83999986946583,2.57499994244426,1984,12,1985
47.4833,9.66667,1984-12-17,-0.219999995082617,3.98999991081655,1.88499995786697,1984,12,1985
47.4833,9.66667,1984-12-18,1.1499999742955,5.11999988555908,3.13499992992729,1984,12,1985
47.4833,9.66667,1984-12-19,-0.629999985918403,5.67999987304211,2.52499994356185,1984,12,1985
47.4833,9.66667,1984-12-20,-1.29999997094274,3.10999993048608,0.904999979771674,1984,12,1985
47.4833,9.66667,1984-12-21,-3.02999993227422,4.07999990880489,0.524999988265336,1984,12,1985
47.4833,9.66667,1984-12-22,-1.90999995730817,5.00999988801777,1.5499999653548,1984,12,1985
47.4833,9.66667,1984-12-23,-3.10999993048608,3.40999992378056,0.149999996647239,1984,12,1985
47.4833,9.66667,1984-12-24,-4.21999990567565,1.92999995686114,-1.14499997440726,1984,12,1985
47.4833,9.66667,1984-12-25,-2.18999995104969,2.18999995104969,0,1984,12,1985
47.4833,9.66667,1984-12-26,-2.20999995060265,1.11999997496605,-0.544999987818301,1984,12,1985
47.4833,9.66667,1984-12-27,-3.94999991171062,1.36999996937811,-1.28999997116625,1984,12,1985
47.4833,9.66667,1984-12-28,-3.98999991081655,0.0499999988824129,-1.96999995596707,1984,12,1985
47.4833,9.66667,1984-12-29,-2.20999995060265,0.0199999995529652,-1.09499997552484,1984,12,1985
47.4833,9.66667,1984-12-30,-3.46999992243946,-1.13999997451901,-2.30499994847924,1984,12,1985
47.4833,9.66667,1984-12-31,-4.97999988868833,-2.11999995261431,-3.54999992065132,1984,12,1985
47.4833,9.66667,1985-01-01,-7.68999982811511,-2.71999993920326,-5.20499988365918,1985,1,1985
47.4833,9.66667,1985-01-02,-7.90999982319772,-1.10999997518957,-4.50999989919364,1985,1,1985
47.4833,9.66667,1985-01-03,-4.11999990791082,-1.4899999666959,-2.80499993730336,1985,1,1985
47.4833,9.66667,1985-01-04,-8.18999981693923,-4.66999989561737,-6.4299998562783,1985,1,1985
47.4833,9.66667,1985-01-05,-13.199999704957,-6.15999986231327,-9.67999978363514,1985,1,1985
47.4833,9.66667,1985-01-06,-18.7899995800108,-11.5199997425079,-15.1549996612594,1985,1,1985
47.4833,9.66667,1985-01-07,-20.7899995353073,-12.2699997257441,-16.5299996305257,1985,1,1985
47.4833,9.66667,1985-01-08,-21.2799995243549,-12.6899997163564,-16.9849996203557,1985,1,1985
47.4833,9.66667,1985-01-09,-20.4499995429069,-14.2399996817112,-17.344999612309,1985,1,1985
47.4833,9.66667,1985-01-10,-20.0899995509535,-11.0199997536838,-15.5549996523187,1985,1,1985
47.4833,9.66667,1985-01-11,-16.639999628067,-7.9799998216331,-12.3099997248501,1985,1,1985
47.4833,9.66667,1985-01-12,-14.5499996747822,-6.23999986052513,-10.3949997676536,1985,1,1985
47.4833,9.66667,1985-01-13,-15.5499996524304,-7.12999984063208,-11.3399997465312,1985,1,1985
47.4833,9.66667,1985-01-14,-11.6399997398257,-7.58999983035028,-9.614999785088,1985,1,1985
47.4833,9.66667,1985-01-15,-12.1499997284263,-9.61999978497624,-10.8849997567013,1985,1,1985
47.4833,9.66667,1985-01-16,-15.7299996484071,-9.46999978832901,-12.5999997183681,1985,1,1985
47.4833,9.66667,1985-01-17,-12.8399997130036,-6.75999984890223,-9.79999978095293,1985,1,1985
47.4833,9.66667,1985-01-18,-10.5199997648597,-3.12999993003905,-6.82499984744936,1985,1,1985
47.4833,9.66667,1985-01-19,-10.5799997635186,-2.37999994680285,-6.47999985516071,1985,1,1985
47.4833,9.66667,1985-01-20,-4.71999989449978,0.409999990835786,-2.154999951832,1985,1,1985
47.4833,9.66667,1985-01-21,-2.50999994389713,1.32999997027218,-0.589999986812472,1985,1,1985
47.4833,9.66667,1985-01-22,-2.91999993473291,7.60999982990324,2.34499994758517,1985,1,1985
47.4833,9.66667,1985-01-23,1.19999997317791,6.44999985583127,3.82499991450459,1985,1,1985
47.4833,9.66667,1985-01-24,0.989999977871776,5.18999988399446,3.08999993093312,1985,1,1985
47.4833,9.66667,1985-01-25,-4.07999990880489,1.36999996937811,-1.35499996971339,1985,1,1985
47.4833,9.66667,1985-01-26,-7.30999983660877,3.04999993182719,-2.12999995239079,1985,1,1985
47.4833,9.66667,1985-01-27,-1.25999997183681,6.03999986499548,2.38999994657934,1985,1,1985
47.4833,9.66667,1985-01-28,-1.84999995864928,2.22999995015562,0.189999995753169,1985,1,1985
47.4833,9.66667,1985-01-29,-4.66999989561737,1.13999997451901,-1.76499996054918,1985,1,1985
47.4833,9.66667,1985-01-30,-2.01999995484948,5.80999987013638,1.89499995764345,1985,1,1985
47.4833,9.66667,1985-01-31,-2.6999999396503,3.7899999152869,0.544999987818301,1985,1,1985
47.4833,9.66667,1985-02-01,0.509999988600612,7.8099998254329,4.15999990701675,1985,2,1985
47.4833,9.66667,1985-02-02,4.21999990567565,7.55999983102083,5.88999986834824,1985,2,1985
47.4833,9.66667,1985-02-03,5.3399998806417,8.65999980643392,6.99999984353781,1985,2,1985
47.4833,9.66667,1985-02-04,2.72999993897974,7.19999983906746,4.9649998890236,1985,2,1985
47.4833,9.66667,1985-02-05,-1.72999996133149,7.13999984040856,2.70499993953854,1985,2,1985
47.4833,9.66667,1985-02-06,-2.19999995082617,7.27999983727932,2.53999994322658,1985,2,1985
47.4833,9.66667,1985-02-07,1.15999997407198,6.08999986387789,3.62499991897494,1985,2,1985
47.4833,9.66667,1985-02-08,1.72999996133149,7.35999983549118,4.54499989841133,1985,2,1985
47.4833,9.66667,1985-02-09,0.589999986812472,4.95999988913536,2.77499993797392,1985,2,1985
47.4833,9.66667,1985-02-10,3.05999993160367,6.94999984465539,5.00499988812953,1985,2,1985
47.4833,9.66667,1985-02-11,-5.46999987773597,2.80999993719161,-1.32999997027218,1985,2,1985
47.4833,9.66667,1985-02-12,-8.16999981738627,-4.77999989315867,-6.47499985527247,1985,2,1985
47.4833,9.66667,1985-02-13,-10.4599997662008,-5.14999988488853,-7.80499982554466,1985,2,1985
47.4833,9.66667,1985-02-14,-11.3899997454137,-3.2699999269098,-7.32999983616173,1985,2,1985
47.4833,9.66667,1985-02-15,-4.92999988980591,1.78999995999038,-1.56999996490777,1985,2,1985
47.4833,9.66667,1985-02-16,-7.94999982230365,-1.26999997161329,-4.60999989695847,1985,2,1985
47.4833,9.66667,1985-02-17,-12.2499997261912,-2.70999993942678,-7.47999983280897,1985,2,1985
47.4833,9.66667,1985-02-18,-9.04999979771674,-3.51999992132187,-6.2849998595193,1985,2,1985
47.4833,9.66667,1985-02-19,-12.0699997302145,-5.43999987840652,-8.7549998043105,1985,2,1985
47.4833,9.66667,1985-02-20,-14.2499996814877,-5.71999987214804,-9.98499977681786,1985,2,1985
47.4833,9.66667,1985-02-21,-13.21999970451,-3.30999992601573,-8.26499981526285,1985,2,1985
47.4833,9.66667,1985-02-22,-13.3999997004867,-1.66999996267259,-7.53499983157963,1985,2,1985
47.4833,9.66667,1985-02-23,-8.8399998024106,1.11999997496605,-3.85999991372228,1985,2,1985
47.4833,9.66667,1985-02-24,-7.88999982364476,2.25999994948506,-2.81499993707985,1985,2,1985
47.4833,9.66667,1985-02-25,-1.91999995708466,6.7199998497963,2.39999994635582,1985,2,1985
47.4833,9.66667,1985-02-26,-1.5499999653548,7.90999982319772,3.17999992892146,1985,2,1985
47.4833,9.66667,1985-02-27,-0.919999979436398,7.55999983102083,3.31999992579222,1985,2,1985
47.4833,9.66667,1985-02-28,0.149999996647239,7.13999984040856,3.6449999185279,1985,2,1985
47.4833,9.66667,1985-03-01,0.239999994635582,6.43999985605478,3.33999992534518,1985,3,1985
47.4833,9.66667,1985-03-02,0.649999985471368,10.359999768436,5.50499987695366,1985,3,1985
47.4833,9.66667,1985-03-03,0.829999981448054,5.05999988690019,2.94499993417412,1985,3,1985
47.4833,9.66667,1985-03-04,0.149999996647239,7.19999983906746,3.67499991785735,1985,3,1985
47.4833,9.66667,1985-03-05,-0.96999997831881,8.19999981671572,3.61499991919845,1985,3,1985
47.4833,9.66667,1985-03-06,0.339999992400408,6.96999984420836,3.65499991830438,1985,3,1985
47.4833,9.66667,1985-03-07,1.10999997518957,5.739999871701,3.42499992344528,1985,3,1985
47.4833,9.66667,1985-03-08,1.67999996244907,4.62999989651144,3.15499992948025,1985,3,1985
47.4833,9.66667,1985-03-09,1.5499999653548,4.02999990992248,2.78999993763864,1985,3,1985
47.4833,9.66667,1985-03-10,0.0799999982118607,5.75999987125397,2.91999993473291,1985,3,1985
47.4833,9.66667,1985-03-11,-2.55999994277954,5.74999987147748,1.59499996434897,1985,3,1985
47.4833,9.66667,1985-03-12,-1.62999996356666,2.20999995060265,0.289999993517995,1985,3,1985
47.4833,9.66667,1985-03-13,-2.01999995484948,3.87999991327524,0.92999997921288,1985,3,1985
47.4833,9.66667,1985-03-14,-2.85999993607402,3.14999992959201,0.144999996758997,1985,3,1985
47.4833,9.66667,1985-03-15,0.0399999991059303,4.10999990813434,2.07499995362014,1985,3,1985
47.4833,9.66667,1985-03-16,-1.21999997273088,3.34999992512167,1.06499997619539,1985,3,1985
47.4833,9.66667,1985-03-17,-3.29999992623925,5.57999987527728,1.13999997451901,1985,3,1985
47.4833,9.66667,1985-03-18,-2.1799999512732,0.779999982565641,-0.699999984353781,1985,3,1985
47.4833,9.66667,1985-03-19,-3.51999992132187,-1.15999997407198,-2.33999994769692,1985,3,1985
47.4833,9.66667,1985-03-20,-5.06999988667667,-0.379999991506338,-2.7249999390915,1985,3,1985
47.4833,9.66667,1985-03-21,-7.85999982431531,2.6399999409914,-2.60999994166195,1985,3,1985
47.4833,9.66667,1985-03-22,-3.85999991372228,6.85999984666705,1.49999996647239,1985,3,1985
47.4833,9.66667,1985-03-23,-1.17999997362494,9.3599997907877,4.08999990858138,1985,3,1985
47.4833,9.66667,1985-03-24,0.729999983683228,7.39999983459711,4.06499990914017,1985,3,1985
47.4833,9.66667,1985-03-25,-0.469999989494681,9.39999978989363,4.46499990019947,1985,3,1985
47.4833,9.66667,1985-03-26,1.85999995842576,13.3899997007102,7.62499982956797,1985,3,1985
47.4833,9.66667,1985-03-27,3.08999993093312,14.2099996823817,8.64999980665743,1985,3,1985
47.4833,9.66667,1985-03-28,1.85999995842576,7.68999982811511,4.77499989327043,1985,3,1985
47.4833,9.66667,1985-03-29,-1.44999996758997,3.41999992355704,0.984999977983534,1985,3,1985
47.4833,9.66667,1985-03-30,-1.09999997541308,8.21999981626868,3.5599999204278,1985,3,1985
47.4833,9.66667,1985-03-31,1.15999997407198,14.049999685958,7.604999830015,1985,3,1985
47.4833,9.66667,1985-04-01,5.08999988622963,15.0099996645004,10.049999775365,1985,4,1985
47.4833,9.66667,1985-04-02,3.89999991282821,17.8699996005744,10.8849997567013,1985,4,1985
47.4833,9.66667,1985-04-03,6.85999984666705,15.9499996434897,11.4049997450784,1985,4,1985
47.4833,9.66667,1985-04-04,3.96999991126359,17.0099996197969,10.4899997655302,1985,4,1985
47.4833,9.66667,1985-04-05,5.40999987907708,21.4499995205551,13.4299996998161,1985,4,1985
47.4833,9.66667,1985-04-06,9.49999978765845,19.1999995708466,14.3499996792525,1985,4,1985
47.4833,9.66667,1985-04-07,6.20999986119568,15.4299996551126,10.8199997581542,1985,4,1985
47.4833,9.66667,1985-04-08,4.37999990209937,17.3299996126443,10.8549997573718,1985,4,1985
47.4833,9.66667,1985-04-09,6.45999985560775,11.5699997413903,9.01499979849905,1985,4,1985
47.4833,9.66667,1985-04-10,3.81999991461635,9.43999978899956,6.62999985180795,1985,4,1985
47.4833,9.66667,1985-04-11,4.019999910146,8.08999981917441,6.0549998646602,1985,4,1985
47.4833,9.66667,1985-04-12,2.90999993495643,11.7799997366965,7.34499983582646,1985,4,1985
47.4833,9.66667,1985-04-13,2.16999995149672,7.30999983660877,4.73999989405274,1985,4,1985
47.4833,9.66667,1985-04-14,2.18999995104969,10.7199997603893,6.45499985571951,1985,4,1985
47.4833,9.66667,1985-04-15,2.43999994546175,9.74999978207052,6.09499986376613,1985,4,1985
47.4833,9.66667,1985-04-16,2.58999994210899,7.55999983102083,5.07499988656491,1985,4,1985
47.4833,9.66667,1985-04-17,2.45999994501472,8.99999979883432,5.72999987192452,1985,4,1985
47.4833,9.66667,1985-04-18,3.65999991819263,10.7999997586012,7.22999983839691,1985,4,1985
47.4833,9.66667,1985-04-19,-0.209999995306134,12.3599997237325,6.07499986421317,1985,4,1985
47.4833,9.66667,1985-04-20,1.68999996222556,15.6199996508658,8.65499980654567,1985,4,1985
47.4833,9.66667,1985-04-21,3.42999992333353,18.8599995784461,11.1449997508898,1985,4,1985
47.4833,9.66667,1985-04-22,7.44999983347952,20.9999995306134,14.2249996820465,1985,4,1985
47.4833,9.66667,1985-04-23,9.32999979145825,17.2699996139854,13.2999997027218,1985,4,1985
47.4833,9.66667,1985-04-24,7.95999982208014,12.3799997232854,10.1699997726828,1985,4,1985
47.4833,9.66667,1985-04-25,-0.129999997094274,7.15999983996153,3.51499992143363,1985,4,1985
47.4833,9.66667,1985-04-26,-1.51999996602535,12.4699997212738,5.47499987762421,1985,4,1985
47.4833,9.66667,1985-04-27,0.769999982789159,6.6599998511374,3.71499991696328,1985,4,1985
47.4833,9.66667,1985-04-28,0.779999982565641,11.1499997507781,5.96499986667186,1985,4,1985
47.4833,9.66667,1985-04-29,-0.789999982342124,5.58999987505376,2.39999994635582,1985,4,1985
47.4833,9.66667,1985-04-30,-0.409999990835786,5.63999987393618,2.6149999415502,1985,4,1985
47.4833,9.66667,1985-05-01,2.19999995082617,6.46999985538423,4.3349999031052,1985,5,NA
47.4833,9.66667,1985-05-02,5.12999988533556,12.059999730438,8.59499980788678,1985,5,NA
47.4833,9.66667,1985-05-03,2.99999993294477,8.79999980330467,5.89999986812472,1985,5,NA
47.4833,9.66667,1985-05-04,1.38999996893108,6.5999998524785,3.99499991070479,1985,5,NA
47.4833,9.66667,1985-05-05,-1.15999997407198,10.8899997565895,4.86499989125878,1985,5,NA
47.4833,9.66667,1985-05-06,5.06999988667667,15.2199996598065,10.1449997732416,1985,5,NA
47.4833,9.66667,1985-05-07,3.93999991193414,20.0299995522946,11.9849997321144,1985,5,NA
47.4833,9.66667,1985-05-08,8.29999981448054,15.5499996524304,11.9249997334555,1985,5,NA
47.4833,9.66667,1985-05-09,6.40999985672534,11.2399997487664,8.82499980274588,1985,5,NA
47.4833,9.66667,1985-05-10,6.15999986231327,8.74999980442226,7.45499983336776,1985,5,NA
47.4833,9.66667,1985-05-11,5.59999987483025,14.9099996667355,10.2549997707829,1985,5,NA
47.4833,9.66667,1985-05-12,6.4299998562783,18.2399995923042,12.3349997242913,1985,5,NA
47.4833,9.66667,1985-05-13,8.93999980017543,20.0299995522946,14.484999676235,1985,5,NA
47.4833,9.66667,1985-05-14,8.8999998010695,21.819999512285,15.3599996566772,1985,5,NA
47.4833,9.66667,1985-05-15,9.94999977760017,18.4699995871633,14.2099996823817,1985,5,NA
47.4833,9.66667,1985-05-16,10.2199997715652,18.2299995925277,14.2249996820465,1985,5,NA
47.4833,9.66667,1985-05-17,7.87999982386827,20.3999995440245,14.1399996839464,1985,5,NA
47.4833,9.66667,1985-05-18,10.0599997751415,20.4899995420128,15.2749996585771,1985,5,NA
47.4833,9.66667,1985-05-19,10.5199997648597,18.4099995885044,14.4649996766821,1985,5,NA
47.4833,9.66667,1985-05-20,10.4099997673184,20.8299995344132,15.6199996508658,1985,5,NA
47.4833,9.66667,1985-05-21,10.9399997554719,18.1699995938689,14.5549996746704,1985,5,NA
47.4833,9.66667,1985-05-22,10.3699997682124,16.0199996419251,13.1949997050688,1985,5,NA
47.4833,9.66667,1985-05-23,8.1499998178333,12.7799997143447,10.464999766089,1985,5,NA
47.4833,9.66667,1985-05-24,6.83999984711409,15.4899996537715,11.1649997504428,1985,5,NA
47.4833,9.66667,1985-05-25,5.36999987997115,20.369999544695,12.8699997123331,1985,5,NA
47.4833,9.66667,1985-05-26,9.13999979570508,24.1899994593114,16.6649996275082,1985,5,NA
47.4833,9.66667,1985-05-27,11.4199997447431,25.2899994347245,18.3549995897338,1985,5,NA
47.4833,9.66667,1985-05-28,13.3499997016042,26.7399994023144,20.0449995519593,1985,5,NA
47.4833,9.66667,1985-05-29,11.9399997331202,17.0899996180087,14.5149996755645,1985,5,NA
47.4833,9.66667,1985-05-30,11.0799997523427,14.6999996714294,12.889999711886,1985,5,NA
47.4833,9.66667,1985-05-31,10.4499997664243,19.249999569729,14.8499996680766,1985,5,NA
47.4833,9.66667,1985-06-01,10.6799997612834,23.1899994816631,16.9349996214733,1985,6,NA
47.4833,9.66667,1985-06-02,10.3099997695535,23.0799994841218,16.6949996268377,1985,6,NA
47.4833,9.66667,1985-06-03,9.85999977961183,21.6999995149672,15.7799996472895,1985,6,NA
47.4833,9.66667,1985-06-04,9.37999979034066,23.4699994754046,16.4249996328726,1985,6,NA
47.4833,9.66667,1985-06-05,11.6499997396022,25.5899994280189,18.6199995838106,1985,6,NA
47.4833,9.66667,1985-06-06,14.3299996796995,25.8099994231015,20.0699995514005,1985,6,NA
47.4833,9.66667,1985-06-07,14.1299996841699,24.659999448806,19.394999566488,1985,6,NA
47.4833,9.66667,1985-06-08,12.5399997197092,16.7999996244907,14.6699996720999,1985,6,NA
47.4833,9.66667,1985-06-09,7.37999983504415,12.1699997279793,9.77499978151172,1985,6,NA
47.4833,9.66667,1985-06-10,5.17999988421798,14.8699996676296,10.0249997759238,1985,6,NA
47.4833,9.66667,1985-06-11,7.93999982252717,15.4099996555597,11.6749997390434,1985,6,NA
47.4833,9.66667,1985-06-12,6.05999986454844,13.0799997076392,9.56999978609383,1985,6,NA
47.4833,9.66667,1985-06-13,6.17999986186624,17.1499996166676,11.6649997392669,1985,6,NA
47.4833,9.66667,1985-06-14,10.2799997702241,16.4999996311963,13.3899997007102,1985,6,NA
47.4833,9.66667,1985-06-15,6.69999985024333,20.2899995464832,13.4949996983632,1985,6,NA
47.4833,9.66667,1985-06-16,7.82999982498586,14.1399996839464,10.9849997544661,1985,6,NA
47.4833,9.66667,1985-06-17,4.73999989405274,16.8499996233732,10.7949997587129,1985,6,NA
47.4833,9.66667,1985-06-18,8.05999981984496,14.9299996662885,11.4949997430667,1985,6,NA
47.4833,9.66667,1985-06-19,8.08999981917441,16.2999996356666,12.1949997274205,1985,6,NA
47.4833,9.66667,1985-06-20,6.96999984420836,18.5499995853752,12.7599997147918,1985,6,NA
47.4833,9.66667,1985-06-21,9.61999978497624,13.9999996870756,11.8099997360259,1985,6,NA
47.4833,9.66667,1985-06-22,8.2699998151511,19.7199995592237,13.9949996871874,1985,6,NA
47.4833,9.66667,1985-06-23,10.3099997695535,14.8499996680766,12.5799997188151,1985,6,NA
47.4833,9.66667,1985-06-24,8.79999980330467,16.8199996240437,12.8099997136742,1985,6,NA
47.4833,9.66667,1985-06-25,9.759999781847,15.7599996477365,12.7599997147918,1985,6,NA
47.4833,9.66667,1985-06-26,10.1099997740239,17.1499996166676,13.6299996953458,1985,6,NA
47.4833,9.66667,1985-06-27,10.4299997668713,18.64999958314,14.5399996750057,1985,6,NA
47.4833,9.66667,1985-06-28,10.2799997702241,17.1199996173382,13.6999996937811,1985,6,NA
47.4833,9.66667,1985-06-29,10.2999997697771,18.4299995880574,14.3649996789172,1985,6,NA
47.4833,9.66667,1985-06-30,9.94999977760017,21.3399995230138,15.644999650307,1985,6,NA
47.4833,9.66667,1985-07-01,10.5999997630715,24.409999454394,17.5049996087328,1985,7,NA
47.4833,9.66667,1985-07-02,14.2599996812642,23.0499994847924,18.6549995830283,1985,7,NA
47.4833,9.66667,1985-07-03,13.3199997022748,21.5199995189905,17.4199996106327,1985,7,NA
47.4833,9.66667,1985-07-04,10.8499997574836,24.8399994447827,17.8449996011332,1985,7,NA
47.4833,9.66667,1985-07-05,12.929999710992,25.5899994280189,19.2599995695055,1985,7,NA
47.4833,9.66667,1985-07-06,15.3299996573478,19.9599995538592,17.6449996056035,1985,7,NA
47.4833,9.66667,1985-07-07,14.5599996745586,21.239999525249,17.8999995999038,1985,7,NA
47.4833,9.66667,1985-07-08,14.3699996788055,21.54999951832,17.9599995985627,1985,7,NA
47.4833,9.66667,1985-07-09,12.0499997306615,22.4499994982034,17.2499996144325,1985,7,NA
47.4833,9.66667,1985-07-10,11.2599997483194,21.9799995087087,16.6199996285141,1985,7,NA
47.4833,9.66667,1985-07-11,12.2799997255206,21.1599995270371,16.7199996262789,1985,7,NA
47.4833,9.66667,1985-07-12,10.9499997552484,22.2999995015562,16.6249996284023,1985,7,NA
47.4833,9.66667,1985-07-13,11.8799997344613,23.6699994709343,17.7749996026978,1985,7,NA
47.4833,9.66667,1985-07-14,13.4599996991456,25.8999994210899,19.6799995601177,1985,7,NA
47.4833,9.66667,1985-07-15,15.4099996555597,29.2699993457645,22.3399995006621,1985,7,NA
47.4833,9.66667,1985-07-16,15.8699996452779,24.5999994501472,20.2349995477125,1985,7,NA
47.4833,9.66667,1985-07-17,15.499999653548,21.819999512285,18.6599995829165,1985,7,NA
47.4833,9.66667,1985-07-18,14.0399996861815,24.1799994595349,19.1099995728582,1985,7,NA
47.4833,9.66667,1985-07-19,13.7499996926636,26.5099994074553,20.1299995500594,1985,7,NA
47.4833,9.66667,1985-07-20,16.3099996354431,24.7899994459003,20.5499995406717,1985,7,NA
47.4833,9.66667,1985-07-21,15.0499996636063,21.219999525696,18.1349995946512,1985,7,NA
47.4833,9.66667,1985-07-22,11.9999997317791,19.6099995616823,15.8049996467307,1985,7,NA
47.4833,9.66667,1985-07-23,9.60999978519976,23.6999994702637,16.6549996277317,1985,7,NA
47.4833,9.66667,1985-07-24,13.6799996942282,26.4999994076788,20.0899995509535,1985,7,NA
47.4833,9.66667,1985-07-25,12.9499997105449,26.3699994105846,19.6599995605648,1985,7,NA
47.4833,9.66667,1985-07-26,14.1999996826053,28.3399993665516,21.2699995245785,1985,7,NA
47.4833,9.66667,1985-07-27,15.8799996450543,30.5299993176013,23.2049994813278,1985,7,NA
47.4833,9.66667,1985-07-28,18.1199995949864,24.8099994454533,21.4649995202199,1985,7,NA
47.4833,9.66667,1985-07-29,14.919999666512,27.7799993790686,21.3499995227903,1985,7,NA
47.4833,9.66667,1985-07-30,14.0299996864051,25.0699994396418,19.5499995630234,1985,7,NA
47.4833,9.66667,1985-07-31,13.0499997083098,19.0799995735288,16.0649996409193,1985,7,NA
47.4833,9.66667,1985-08-01,12.1599997282028,17.8799996003509,15.0199996642768,1985,8,NA
47.4833,9.66667,1985-08-02,11.3799997456372,20.9099995326251,16.1449996391311,1985,8,NA
47.4833,9.66667,1985-08-03,11.8499997351319,21.1299995277077,16.4899996314198,1985,8,NA
47.4833,9.66667,1985-08-04,11.1999997496605,23.7499994691461,17.4749996094033,1985,8,NA
47.4833,9.66667,1985-08-05,12.6999997161329,20.4799995422363,16.5899996291846,1985,8,NA
47.4833,9.66667,1985-08-06,12.4799997210503,27.0299993958324,19.7549995584413,1985,8,NA
47.4833,9.66667,1985-08-07,9.73999978229403,15.8499996457249,12.7949997140095,1985,8,NA
47.4833,9.66667,1985-08-08,8.30999981425703,14.2499996814877,11.2799997478724,1985,8,NA
47.4833,9.66667,1985-08-09,8.22999981604517,19.0099995750934,13.6199996955693,1985,8,NA
47.4833,9.66667,1985-08-10,10.7999997586012,24.8599994443357,17.8299996014684,1985,8,NA
47.4833,9.66667,1985-08-11,12.9399997107685,24.0199994631112,18.4799995869398,1985,8,NA
47.4833,9.66667,1985-08-12,11.2899997476488,23.9599994644523,17.6249996060506,1985,8,NA
47.4833,9.66667,1985-08-13,13.6699996944517,26.9399993978441,20.3049995461479,1985,8,NA
47.4833,9.66667,1985-08-14,13.9299996886402,26.5299994070083,20.2299995478243,1985,8,NA
47.4833,9.66667,1985-08-15,14.8899996671826,30.3299993220717,22.6099994946271,1985,8,NA
47.4833,9.66667,1985-08-16,14.8099996689707,28.4599993638694,21.6349995164201,1985,8,NA
47.4833,9.66667,1985-08-17,13.8499996904284,22.6099994946271,18.2299995925277,1985,8,NA
47.4833,9.66667,1985-08-18,13.21999970451,17.3299996126443,15.2749996585771,1985,8,NA
47.4833,9.66667,1985-08-19,10.7299997601658,20.5499995406717,15.6399996504188,1985,8,NA
47.4833,9.66667,1985-08-20,12.0299997311085,24.2799994572997,18.1549995942041,1985,8,NA
47.4833,9.66667,1985-08-21,14.6799996718764,21.9099995102733,18.2949995910749,1985,8,NA
47.4833,9.66667,1985-08-22,11.9399997331202,24.5199994519353,18.2299995925277,1985,8,NA
47.4833,9.66667,1985-08-23,13.3699997011572,27.6399993821979,20.5049995416775,1985,8,NA
47.4833,9.66667,1985-08-24,15.5999996513128,22.8499994892627,19.2249995702878,1985,8,NA
47.4833,9.66667,1985-08-25,13.5899996962398,26.2299994137138,19.9099995549768,1985,8,NA
47.4833,9.66667,1985-08-26,10.8199997581542,17.779999602586,14.2999996803701,1985,8,NA
47.4833,9.66667,1985-08-27,8.23999981582165,10.6499997619539,9.4449997888878,1985,8,NA
47.4833,9.66667,1985-08-28,7.90999982319772,15.9899996425956,11.9499997328967,1985,8,NA
47.4833,9.66667,1985-08-29,5.58999987505376,19.2399995699525,12.4149997225031,1985,8,NA
47.4833,9.66667,1985-08-30,6.8299998473376,20.0199995525181,13.4249996999279,1985,8,NA
47.4833,9.66667,1985-08-31,8.99999979883432,21.6299995165318,15.3149996576831,1985,8,NA
47.4833,9.66667,1985-09-01,10.2199997715652,24.0699994619936,17.1449996167794,1985,9,NA
47.4833,9.66667,1985-09-02,14.6799996718764,20.2799995467067,17.4799996092916,1985,9,NA
47.4833,9.66667,1985-09-03,12.6799997165799,20.8499995339662,16.764999625273,1985,9,NA
47.4833,9.66667,1985-09-04,12.0299997311085,20.1999995484948,16.1149996398017,1985,9,NA
47.4833,9.66667,1985-09-05,11.3699997458607,15.8799996450543,13.6249996954575,1985,9,NA
47.4833,9.66667,1985-09-06,11.3599997460842,21.0499995294958,16.20499963779,1985,9,NA
47.4833,9.66667,1985-09-07,9.91999977827072,16.4199996329844,13.1699997056276,1985,9,NA
47.4833,9.66667,1985-09-08,5.55999987572432,15.2399996593595,10.3999997675419,1985,9,NA
47.4833,9.66667,1985-09-09,5.55999987572432,17.0199996195734,11.2899997476488,1985,9,NA
47.4833,9.66667,1985-09-10,10.2799997702241,14.899999666959,12.5899997185916,1985,9,NA
47.4833,9.66667,1985-09-11,5.26999988220632,17.2699996139854,11.2699997480959,1985,9,NA
47.4833,9.66667,1985-09-12,6.73999984934926,20.4699995424598,13.6049996959046,1985,9,NA
47.4833,9.66667,1985-09-13,8.8999998010695,22.0799995064735,15.4899996537715,1985,9,NA
47.4833,9.66667,1985-09-14,9.09999979659915,21.2799995243549,15.189999660477,1985,9,NA
47.4833,9.66667,1985-09-15,10.9299997556955,18.5199995860457,14.7249996708706,1985,9,NA
47.4833,9.66667,1985-09-16,9.16999979503453,16.7999996244907,12.9849997097626,1985,9,NA
47.4833,9.66667,1985-09-17,8.56999980844557,14.5099996756762,11.5399997420609,1985,9,NA
47.4833,9.66667,1985-09-18,8.32999981380999,18.5299995858222,13.4299996998161,1985,9,NA
47.4833,9.66667,1985-09-19,9.79999978095293,22.9899994861335,16.3949996335432,1985,9,NA
47.4833,9.66667,1985-09-20,11.3499997463077,24.1899994593114,17.7699996028095,1985,9,NA
47.4833,9.66667,1985-09-21,11.8599997349083,23.7499994691461,17.8049996020272,1985,9,NA
47.4833,9.66667,1985-09-22,12.3399997241795,23.2199994809926,17.779999602586,1985,9,NA
47.4833,9.66667,1985-09-23,13.1399997062981,24.3699994552881,18.7549995807931,1985,9,NA
47.4833,9.66667,1985-09-24,12.3999997228384,23.4999994747341,17.9499995987862,1985,9,NA
47.4833,9.66667,1985-09-25,11.7199997380376,22.8099994901568,17.2649996140972,1985,9,NA
47.4833,9.66667,1985-09-26,11.459999743849,21.839999511838,16.6499996278435,1985,9,NA
47.4833,9.66667,1985-09-27,9.96999977715313,20.5299995411187,15.2499996591359,1985,9,NA
47.4833,9.66667,1985-09-28,9.63999978452921,19.8599995560944,14.7499996703118,1985,9,NA
47.4833,9.66667,1985-09-29,9.50999978743494,20.5799995400012,15.044999663718,1985,9,NA
47.4833,9.66667,1985-09-30,9.1299997959286,20.2799995467067,14.7049996713176,1985,9,NA
47.4833,9.66667,1985-10-01,9.15999979525805,19.6099995616823,14.3849996784702,1985,10,1986
47.4833,9.66667,1985-10-02,9.61999978497624,20.1999995484948,14.9099996667355,1985,10,1986
47.4833,9.66667,1985-10-03,11.0599997527897,22.4999994970858,16.7799996249378,1985,10,1986
47.4833,9.66667,1985-10-04,10.8699997570366,23.3099994789809,17.0899996180087,1985,10,1986
47.4833,9.66667,1985-10-05,11.8599997349083,23.7799994684756,17.819999601692,1985,10,1986
47.4833,9.66667,1985-10-06,11.2599997483194,21.0799995288253,16.1699996385723,1985,10,1986
47.4833,9.66667,1985-10-07,12.6799997165799,18.8399995788932,15.7599996477365,1985,10,1986
47.4833,9.66667,1985-10-08,10.1099997740239,18.7599995806813,14.4349996773526,1985,10,1986
47.4833,9.66667,1985-10-09,9.55999978631735,14.2099996823817,11.8849997343495,1985,10,1986
47.4833,9.66667,1985-10-10,7.44999983347952,13.9199996888638,10.6849997611716,1985,10,1986
47.4833,9.66667,1985-10-11,7.3499998357147,15.1699996609241,11.2599997483194,1985,10,1986
47.4833,9.66667,1985-10-12,5.54999987594783,16.8999996222556,11.2249997491017,1985,10,1986
47.4833,9.66667,1985-10-13,6.16999986208975,16.2099996376783,11.189999749884,1985,10,1986
47.4833,9.66667,1985-10-14,7.14999984018505,12.7499997150153,9.94999977760017,1985,10,1986
47.4833,9.66667,1985-10-15,3.18999992869794,11.3499997463077,7.26999983750284,1985,10,1986
47.4833,9.66667,1985-10-16,7.45999983325601,11.3999997451901,9.42999978922307,1985,10,1986
47.4833,9.66667,1985-10-17,5.86999986879528,12.369999723509,9.11999979615211,1985,10,1986
47.4833,9.66667,1985-10-18,2.64999994076788,11.5899997409433,7.1199998408556,1985,10,1986
47.4833,9.66667,1985-10-19,3.48999992199242,12.6299997176975,8.05999981984496,1985,10,1986
47.4833,9.66667,1985-10-20,6.84999984689057,9.94999977760017,8.39999981224537,1985,10,1986
47.4833,9.66667,1985-10-21,2.81999993696809,11.2599997483194,7.03999984264374,1985,10,1986
47.4833,9.66667,1985-10-22,0.899999979883432,7.76999982632697,4.3349999031052,1985,10,1986
47.4833,9.66667,1985-10-23,3.10999993048608,8.30999981425703,5.70999987237155,1985,10,1986
47.4833,9.66667,1985-10-24,4.12999990768731,10.0199997760355,7.07499984186143,1985,10,1986
47.4833,9.66667,1985-10-25,0.459999989718199,9.36999979056418,4.91499989014119,1985,10,1986
47.4833,9.66667,1985-10-26,-0.779999982565641,9.2999997921288,4.25999990478158,1985,10,1986
47.4833,9.66667,1985-10-27,-0.459999989718199,9.49999978765845,4.51999989897013,1985,10,1986
47.4833,9.66667,1985-10-28,0.0199999995529652,6.93999984487891,3.47999992221594,1985,10,1986
47.4833,9.66667,1985-10-29,-0.279999993741512,5.88999986834824,2.80499993730336,1985,10,1986
47.4833,9.66667,1985-10-30,1.07999997586012,3.60999991931021,2.34499994758517,1985,10,1986
47.4833,9.66667,1985-10-31,1.58999996446073,5.98999986611307,3.7899999152869,1985,10,1986
47.4833,9.66667,1985-11-01,3.67999991774559,10.7299997601658,7.2049998389557,1985,11,1986
47.4833,9.66667,1985-11-02,3.87999991327524,8.039999820292,5.95999986678362,1985,11,1986
47.4833,9.66667,1985-11-03,3.37999992445111,7.27999983727932,5.32999988086522,1985,11,1986
47.4833,9.66667,1985-11-04,0.419999990612268,7.5199998319149,3.96999991126359,1985,11,1986
47.4833,9.66667,1985-11-05,-1.95999995619059,10.4399997666478,4.23999990522861,1985,11,1986
47.4833,9.66667,1985-11-06,1.86999995820224,16.4099996332079,9.13999979570508,1985,11,1986
47.4833,9.66667,1985-11-07,2.84999993629754,11.5299997422844,7.18999983929098,1985,11,1986
47.4833,9.66667,1985-11-08,-0.389999991282821,8.8399998024106,4.22499990556389,1985,11,1986
47.4833,9.66667,1985-11-09,1.53999996557832,9.46999978832901,5.50499987695366,1985,11,1986
47.4833,9.66667,1985-11-10,7.44999983347952,18.4199995882809,12.9349997108802,1985,11,1986
47.4833,9.66667,1985-11-11,6.81999984756112,12.2199997268617,9.51999978721142,1985,11,1986
47.4833,9.66667,1985-11-12,-0.859999980777502,5.09999988600612,2.11999995261431,1985,11,1986
47.4833,9.66667,1985-11-13,-3.60999991931021,3.37999992445111,-0.11499999742955,1985,11,1986
47.4833,9.66667,1985-11-14,-2.19999995082617,0.679999984800816,-0.759999983012676,1985,11,1986
47.4833,9.66667,1985-11-15,-3.06999993138015,0.649999985471368,-1.20999997295439,1985,11,1986
47.4833,9.66667,1985-11-16,-4.94999988935888,1.65999996289611,-1.64499996323138,1985,11,1986
47.4833,9.66667,1985-11-17,-7.62999982945621,-1.75999996066093,-4.69499989505857,1985,11,1986
47.4833,9.66667,1985-11-18,-6.41999985650182,-2.53999994322658,-4.4799998998642,1985,11,1986
47.4833,9.66667,1985-11-19,-5.16999988444149,-3.21999992802739,-4.19499990623444,1985,11,1986
47.4833,9.66667,1985-11-20,-6.27999985963106,-2.15999995172024,-4.21999990567565,1985,11,1986
47.4833,9.66667,1985-11-21,-4.97999988868833,-2.04999995417893,-3.51499992143363,1985,11,1986
47.4833,9.66667,1985-11-22,-3.43999992311001,-0.92999997921288,-2.18499995116144,1985,11,1986
47.4833,9.66667,1985-11-23,-4.45999990031123,-1.64999996311963,-3.05499993171543,1985,11,1986
47.4833,9.66667,1985-11-24,-4.03999990969896,-1.30999997071922,-2.67499994020909,1985,11,1986
47.4833,9.66667,1985-11-25,-3.42999992333353,-1.11999997496605,-2.27499994914979,1985,11,1986
47.4833,9.66667,1985-11-26,-2.96999993361533,-1.3199999704957,-2.14499995205551,1985,11,1986
47.4833,9.66667,1985-11-27,-3.24999992735684,-1.62999996356666,-2.43999994546175,1985,11,1986
47.4833,9.66667,1985-11-28,-5.68999987281859,-0.859999980777502,-3.27499992679805,1985,11,1986
47.4833,9.66667,1985-11-29,-7.13999984040856,0.689999984577298,-3.22499992791563,1985,11,1986
47.4833,9.66667,1985-11-30,-4.53999989852309,1.87999995797873,-1.32999997027218,1985,11,1986
47.4833,9.66667,1985-12-01,0.279999993741512,6.03999986499548,3.1599999293685,1985,12,1986
47.4833,9.66667,1985-12-02,2.22999995015562,8.36999981291592,5.29999988153577,1985,12,1986
47.4833,9.66667,1985-12-03,1.27999997138977,8.8999998010695,5.08999988622963,1985,12,1986
47.4833,9.66667,1985-12-04,2.29999994859099,11.1499997507781,6.72499984968454,1985,12,1986
47.4833,9.66667,1985-12-05,3.60999991931021,11.8899997342378,7.749999826774,1985,12,1986
47.4833,9.66667,1985-12-06,1.85999995842576,11.6799997389317,6.76999984867871,1985,12,1986
47.4833,9.66667,1985-12-07,3.11999993026257,11.5099997427315,7.31499983649701,1985,12,1986
47.4833,9.66667,1985-12-08,3.07999993115664,10.3999997675419,6.73999984934926,1985,12,1986
47.4833,9.66667,1985-12-09,1.01999997720122,8.36999981291592,4.69499989505857,1985,12,1986
47.4833,9.66667,1985-12-10,-0.259999994188547,7.90999982319772,3.82499991450459,1985,12,1986
47.4833,9.66667,1985-12-11,0.629999985918403,4.06999990902841,2.34999994747341,1985,12,1986
47.4833,9.66667,1985-12-12,-2.38999994657934,2.39999994635582,0.00499999988824129,1985,12,1986
47.4833,9.66667,1985-12-13,-3.19999992847443,0.569999987259507,-1.31499997060746,1985,12,1986
47.4833,9.66667,1985-12-14,-4.09999990835786,2.51999994367361,-0.789999982342124,1985,12,1986
47.4833,9.66667,1985-12-15,-2.48999994434416,5.88999986834824,1.69999996200204,1985,12,1986
47.4833,9.66667,1985-12-16,2.05999995395541,9.0699997972697,5.56499987561256,1985,12,1986
47.4833,9.66667,1985-12-17,3.10999993048608,9.18999979458749,6.14999986253679,1985,12,1986
47.4833,9.66667,1985-12-18,2.08999995328486,9.14999979548156,5.61999987438321,1985,12,1986
47.4833,9.66667,1985-12-19,-0.0899999979883432,5.62999987415969,2.76999993808568,1985,12,1986
47.4833,9.66667,1985-12-20,2.29999994859099,6.00999986566603,4.15499990712851,1985,12,1986
47.4833,9.66667,1985-12-21,1.58999996446073,5.35999988019466,3.4749999223277,1985,12,1986
47.4833,9.66667,1985-12-22,0.149999996647239,10.0999997742474,5.12499988544732,1985,12,1986
47.4833,9.66667,1985-12-23,-1.01999997720122,5.74999987147748,2.36499994713813,1985,12,1986
47.4833,9.66667,1985-12-24,-2.71999993920326,6.4899998549372,1.88499995786697,1985,12,1986
47.4833,9.66667,1985-12-25,-3.06999993138015,2.39999994635582,-0.334999992512167,1985,12,1986
47.4833,9.66667,1985-12-26,-1.13999997451901,9.33999979123473,4.09999990835786,1985,12,1986
47.4833,9.66667,1985-12-27,2.11999995261431,7.31999983638525,4.71999989449978,1985,12,1986
47.4833,9.66667,1985-12-28,1.88999995775521,7.40999983437359,4.6499998960644,1985,12,1986
47.4833,9.66667,1985-12-29,0.719999983906746,7.04999984242022,3.88499991316348,1985,12,1986
47.4833,9.66667,1985-12-30,-2.80999993719161,5.43999987840652,1.31499997060746,1985,12,1986
47.4833,9.66667,1985-12-31,-7.27999983727932,-2.33999994769692,-4.80999989248812,1985,12,1986
47.4833,9.66667,1986-01-01,-5.12999988533556,-2.33999994769692,-3.73499991651624,1986,1,1986
47.4833,9.66667,1986-01-02,-5.44999987818301,-1.19999997317791,-3.32499992568046,1986,1,1986
47.4833,9.66667,1986-01-03,-5.13999988511205,4.75999989360571,-0.189999995753169,1986,1,1986
47.4833,9.66667,1986-01-04,-0.489999989047647,6.87999984622002,3.19499992858618,1986,1,1986
47.4833,9.66667,1986-01-05,-4.38999990187585,1.93999995663762,-1.22499997261912,1986,1,1986
47.4833,9.66667,1986-01-06,-7.46999983303249,2.91999993473291,-2.27499994914979,1986,1,1986
47.4833,9.66667,1986-01-07,-2.53999994322658,1.19999997317791,-0.669999985024333,1986,1,1986
47.4833,9.66667,1986-01-08,-4.37999990209937,1.64999996311963,-1.36499996948987,1986,1,1986
47.4833,9.66667,1986-01-09,-6.2599998600781,-0.0499999988824129,-3.15499992948025,1986,1,1986
47.4833,9.66667,1986-01-10,-2.88999993540347,1.02999997697771,-0.92999997921288,1986,1,1986
47.4833,9.66667,1986-01-11,-1.20999997295439,3.60999991931021,1.19999997317791,1986,1,1986
47.4833,9.66667,1986-01-12,0.529999988153577,4.83999989181757,2.68499993998557,1986,1,1986
47.4833,9.66667,1986-01-13,-0.209999995306134,2.83999993652105,1.31499997060746,1986,1,1986
47.4833,9.66667,1986-01-14,-0.0799999982118607,3.0999999307096,1.50999996624887,1986,1,1986
47.4833,9.66667,1986-01-15,2.37999994680285,9.07999979704618,5.72999987192452,1986,1,1986
47.4833,9.66667,1986-01-16,0.939999978989363,5.38999987952411,3.16499992925674,1986,1,1986
47.4833,9.66667,1986-01-17,-1.20999997295439,1.69999996200204,0.244999994523823,1986,1,1986
47.4833,9.66667,1986-01-18,-3.0399999320507,-0.879999980330467,-1.95999995619059,1986,1,1986
47.4833,9.66667,1986-01-19,-4.4799998998642,2.75999993830919,-0.859999980777502,1986,1,1986
47.4833,9.66667,1986-01-20,1.28999997116625,8.12999981828034,4.7099998947233,1986,1,1986
47.4833,9.66667,1986-01-21,0.389999991282821,6.35999985784292,3.37499992456287,1986,1,1986
47.4833,9.66667,1986-01-22,-3.31999992579222,3.12999993003905,-0.0949999978765845,1986,1,1986
47.4833,9.66667,1986-01-23,-2.84999993629754,4.98999988846481,1.06999997608364,1986,1,1986
47.4833,9.66667,1986-01-24,0.34999999217689,7.19999983906746,3.77499991562217,1986,1,1986
47.4833,9.66667,1986-01-25,-1.67999996244907,4.57999989762902,1.44999996758997,1986,1,1986
47.4833,9.66667,1986-01-26,-3.48999992199242,-1.50999996624887,-2.49999994412065,1986,1,1986
47.4833,9.66667,1986-01-27,-6.04999986477196,-1.06999997608364,-3.5599999204278,1986,1,1986
47.4833,9.66667,1986-01-28,-10.8499997574836,-3.02999993227422,-6.93999984487891,1986,1,1986
47.4833,9.66667,1986-01-29,-9.8199997805059,0.519999988377094,-4.6499998960644,1986,1,1986
47.4833,9.66667,1986-01-30,-6.57999985292554,6.54999985359609,-0.0149999996647239,1986,1,1986
47.4833,9.66667,1986-01-31,-2.26999994926155,7.61999982967973,2.67499994020909,1986,1,1986
47.4833,9.66667,1986-02-01,-1.4899999666959,5.55999987572432,2.03499995451421,1986,2,1986
47.4833,9.66667,1986-02-02,-2.06999995373189,2.45999994501472,0.19499999564141,1986,2,1986
47.4833,9.66667,1986-02-03,-3.37999992445111,1.28999997116625,-1.04499997664243,1986,2,1986
47.4833,9.66667,1986-02-04,-4.54999989829957,0.169999996200204,-2.18999995104969,1986,2,1986
47.4833,9.66667,1986-02-05,-4.83999989181757,0.109999997541308,-2.36499994713813,1986,2,1986
47.4833,9.66667,1986-02-06,-5.49999987706542,-0.239999994635582,-2.8699999358505,1986,2,1986
47.4833,9.66667,1986-02-07,-3.27999992668629,-0.0999999977648258,-1.68999996222556,1986,2,1986
47.4833,9.66667,1986-02-08,-6.32999985851347,-2.55999994277954,-4.44499990064651,1986,2,1986
47.4833,9.66667,1986-02-09,-11.4099997449666,-6.57999985292554,-8.99499979894608,1986,2,1986
47.4833,9.66667,1986-02-10,-13.7399996928871,-9.39999978989363,-11.5699997413903,1986,2,1986
47.4833,9.66667,1986-02-11,-16.5499996300787,-9.5899997856468,-13.0699997078627,1986,2,1986
47.4833,9.66667,1986-02-12,-15.1099996622652,-7.56999983079731,-11.3399997465312,1986,2,1986
47.4833,9.66667,1986-02-13,-13.6999996937811,-5.38999987952411,-9.54499978665262,1986,2,1986
47.4833,9.66667,1986-02-14,-12.2199997268617,-3.729999916628,-7.97499982174486,1986,2,1986
47.4833,9.66667,1986-02-15,-11.9999997317791,-3.63999991863966,-7.81999982520938,1986,2,1986
47.4833,9.66667,1986-02-16,-9.97999977692962,-1.15999997407198,-5.5699998755008,1986,2,1986
47.4833,9.66667,1986-02-17,-6.74999984912574,2.16999995149672,-2.28999994881451,1986,2,1986
47.4833,9.66667,1986-02-18,-7.14999984018505,-0.219999995082617,-3.68499991763383,1986,2,1986
47.4833,9.66667,1986-02-19,-4.80999989248812,2.6999999396503,-1.05499997641891,1986,2,1986
47.4833,9.66667,1986-02-20,-4.71999989449978,-1.82999995909631,-3.27499992679805,1986,2,1986
47.4833,9.66667,1986-02-21,-6.5999998524785,-3.70999991707504,-5.15499988477677,1986,2,1986
47.4833,9.66667,1986-02-22,-8.98999979905784,-2.2399999499321,-5.61499987449497,1986,2,1986
47.4833,9.66667,1986-02-23,-10.8899997565895,-1.11999997496605,-6.00499986577779,1986,2,1986
47.4833,9.66667,1986-02-24,-7.44999983347952,-2.38999994657934,-4.91999989002943,1986,2,1986
47.4833,9.66667,1986-02-25,-7.25999983772635,-3.68999991752207,-5.47499987762421,1986,2,1986
47.4833,9.66667,1986-02-26,-8.35999981313944,-4.98999988846481,-6.67499985080212,1986,2,1986
47.4833,9.66667,1986-02-27,-10.6999997608364,-5.88999986834824,-8.2949998145923,1986,2,1986
47.4833,9.66667,1986-02-28,-14.9299996662885,-5.19999988377094,-10.0649997750297,1986,2,1986
47.4833,9.66667,1986-03-01,-8.74999980442226,-2.31999994814396,-5.53499987628311,1986,3,1986
47.4833,9.66667,1986-03-02,-6.63999985158443,-0.319999992847443,-3.47999992221594,1986,3,1986
47.4833,9.66667,1986-03-03,-3.45999992266297,2.53999994322658,-0.459999989718199,1986,3,1986
47.4833,9.66667,1986-03-04,-3.85999991372228,-0.749999983236194,-2.30499994847924,1986,3,1986
47.4833,9.66667,1986-03-05,-3.45999992266297,4.09999990835786,0.319999992847443,1986,3,1986
47.4833,9.66667,1986-03-06,-0.869999980553985,8.39999981224537,3.76499991584569,1986,3,1986
47.4833,9.66667,1986-03-07,-0.669999985024333,8.00999982096255,3.66999991796911,1986,3,1986
47.4833,9.66667,1986-03-08,0.669999985024333,3.64999991841614,2.15999995172024,1986,3,1986
47.4833,9.66667,1986-03-09,-1.03999997675419,3.63999991863966,1.29999997094274,1986,3,1986
47.4833,9.66667,1986-03-10,-0.359999991953373,4.29999990388751,1.96999995596707,1986,3,1986
47.4833,9.66667,1986-03-11,-2.89999993517995,3.13999992981553,0.119999997317791,1986,3,1986
47.4833,9.66667,1986-03-12,-3.16999992914498,3.40999992378056,0.119999997317791,1986,3,1986
47.4833,9.66667,1986-03-13,-1.16999997384846,3.46999992243946,1.1499999742955,1986,3,1986
47.4833,9.66667,1986-03-14,-0.259999994188547,4.58999989740551,2.16499995160848,1986,3,1986
47.4833,9.66667,1986-03-15,-2.89999993517995,6.54999985359609,1.82499995920807,1986,3,1986
47.4833,9.66667,1986-03-16,-2.68999993987381,7.14999984018505,2.22999995015562,1986,3,1986
47.4833,9.66667,1986-03-17,-2.26999994926155,9.18999979458749,3.45999992266297,1986,3,1986
47.4833,9.66667,1986-03-18,-0.229999994859099,11.3599997460842,5.56499987561256,1986,3,1986
47.4833,9.66667,1986-03-19,0.0799999982118607,10.7599997594953,5.41999987885356,1986,3,1986
47.4833,9.66667,1986-03-20,1.17999997362494,10.359999768436,5.76999987103045,1986,3,1986
47.4833,9.66667,1986-03-21,3.0999999307096,9.85999977961183,6.47999985516071,1986,3,1986
47.4833,9.66667,1986-03-22,0.65999998524785,4.99999988824129,2.82999993674457,1986,3,1986
47.4833,9.66667,1986-03-23,-1.72999996133149,7.50999983213842,2.88999993540347,1986,3,1986
47.4833,9.66667,1986-03-24,0.829999981448054,7.91999982297421,4.37499990221113,1986,3,1986
47.4833,9.66667,1986-03-25,3.31999992579222,12.9699997100979,8.14499981794506,1986,3,1986
47.4833,9.66667,1986-03-26,1.50999996624887,8.13999981805682,4.82499989215285,1986,3,1986
47.4833,9.66667,1986-03-27,-0.259999994188547,6.80999984778464,3.27499992679805,1986,3,1986
47.4833,9.66667,1986-03-28,-0.61999998614192,13.6899996940047,6.53499985393137,1986,3,1986
47.4833,9.66667,1986-03-29,1.18999997340143,16.9599996209145,9.07499979715794,1986,3,1986
47.4833,9.66667,1986-03-30,3.00999993272126,11.1099997516721,7.0599998421967,1986,3,1986
47.4833,9.66667,1986-03-31,1.0899999756366,8.4399998113513,4.76499989349395,1986,3,1986
47.4833,9.66667,1986-04-01,3.88999991305172,15.1699996609241,9.5299997869879,1986,4,1986
47.4833,9.66667,1986-04-02,2.88999993540347,11.4699997436255,7.17999983951449,1986,4,1986
47.4833,9.66667,1986-04-03,3.73999991640449,12.9999997094274,8.36999981291592,1986,4,1986
47.4833,9.66667,1986-04-04,4.019999910146,11.8799997344613,7.94999982230365,1986,4,1986
47.4833,9.66667,1986-04-05,1.72999996133149,4.94999988935888,3.33999992534518,1986,4,1986
47.4833,9.66667,1986-04-06,0.899999979883432,3.51999992132187,2.20999995060265,1986,4,1986
47.4833,9.66667,1986-04-07,0.779999982565641,8.24999981559813,4.51499989908189,1986,4,1986
47.4833,9.66667,1986-04-08,2.50999994389713,20.7699995357543,11.6399997398257,1986,4,1986
47.4833,9.66667,1986-04-09,4.83999989181757,16.9199996218085,10.879999756813,1986,4,1986
47.4833,9.66667,1986-04-10,5.69999987259507,16.4599996320903,11.0799997523427,1986,4,1986
47.4833,9.66667,1986-04-11,1.00999997742474,4.36999990232289,2.68999993987381,1986,4,1986
47.4833,9.66667,1986-04-12,-2.68999993987381,0.899999979883432,-0.894999979995191,1986,4,1986
47.4833,9.66667,1986-04-13,-4.05999990925193,-1.23999997228384,-2.64999994076788,1986,4,1986
47.4833,9.66667,1986-04-14,-4.51999989897013,1.1499999742955,-1.68499996233732,1986,4,1986
47.4833,9.66667,1986-04-15,-2.13999995216727,8.8399998024106,3.34999992512167,1986,4,1986
47.4833,9.66667,1986-04-16,1.55999996513128,12.9599997103214,7.25999983772635,1986,4,1986
47.4833,9.66667,1986-04-17,1.81999995931983,14.0999996848404,7.95999982208014,1986,4,1986
47.4833,9.66667,1986-04-18,2.45999994501472,8.15999981760979,5.30999988131225,1986,4,1986
47.4833,9.66667,1986-04-19,1.85999995842576,5.52999987639487,3.69499991741031,1986,4,1986
47.4833,9.66667,1986-04-20,1.12999997474253,6.24999986030161,3.68999991752207,1986,4,1986
47.4833,9.66667,1986-04-21,0.829999981448054,5.49999987706542,3.16499992925674,1986,4,1986
47.4833,9.66667,1986-04-22,3.58999991975725,16.7099996265024,10.1499997731298,1986,4,1986
47.4833,9.66667,1986-04-23,5.37999987974763,12.889999711886,9.13499979581684,1986,4,1986
47.4833,9.66667,1986-04-24,3.42999992333353,13.5399996973574,8.48499981034547,1986,4,1986
47.4833,9.66667,1986-04-25,4.12999990768731,12.0099997315556,8.06999981962144,1986,4,1986
47.4833,9.66667,1986-04-26,5.97999986633658,15.0099996645004,10.4949997654185,1986,4,1986
47.4833,9.66667,1986-04-27,8.65999980643392,19.809999557212,14.234999681823,1986,4,1986
47.4833,9.66667,1986-04-28,6.1999998614192,12.6599997170269,9.42999978922307,1986,4,1986
47.4833,9.66667,1986-04-29,6.13999986276031,9.67999978363514,7.90999982319772,1986,4,1986
47.4833,9.66667,1986-04-30,7.71999982744455,10.4699997659773,9.09499979671091,1986,4,1986
47.4833,9.66667,1986-05-01,8.40999981202185,12.2399997264147,10.3249997692183,1986,5,NA
47.4833,9.66667,1986-05-02,6.97999984398484,18.8999995775521,12.9399997107685,1986,5,NA
47.4833,9.66667,1986-05-03,8.35999981313944,21.1799995265901,14.7699996698648,1986,5,NA
47.4833,9.66667,1986-05-04,9.93999977782369,22.5099994968623,16.224999637343,1986,5,NA
47.4833,9.66667,1986-05-05,9.37999979034066,18.6099995840341,13.9949996871874,1986,5,NA
47.4833,9.66667,1986-05-06,10.4299997668713,17.799999602139,14.1149996845052,1986,5,NA
47.4833,9.66667,1986-05-07,7.85999982431531,21.7199995145202,14.7899996694177,1986,5,NA
47.4833,9.66667,1986-05-08,9.77999978139997,21.5399995185435,15.6599996499717,1986,5,NA
47.4833,9.66667,1986-05-09,5.5099998768419,15.4899996537715,10.4999997653067,1986,5,NA
47.4833,9.66667,1986-05-10,5.81999986991286,14.2699996810406,10.0449997754768,1986,5,NA
47.4833,9.66667,1986-05-11,6.85999984666705,18.8499995786697,12.8549997126684,1986,5,NA
47.4833,9.66667,1986-05-12,9.44999978877604,17.9399995990098,13.6949996938929,1986,5,NA
47.4833,9.66667,1986-05-13,11.209999749437,21.6199995167553,16.4149996330962,1986,5,NA
47.4833,9.66667,1986-05-14,11.3399997465312,24.5599994510412,17.9499995987862,1986,5,NA
47.4833,9.66667,1986-05-15,11.8399997353554,18.4499995876104,15.1449996614829,1986,5,NA
47.4833,9.66667,1986-05-16,10.1999997720122,16.079999640584,13.1399997062981,1986,5,NA
47.4833,9.66667,1986-05-17,8.99999979883432,17.5699996072799,13.2849997030571,1986,5,NA
47.4833,9.66667,1986-05-18,10.8399997577071,20.5099995415658,15.6749996496364,1986,5,NA
47.4833,9.66667,1986-05-19,13.1199997067451,24.8499994445592,18.9849995756522,1986,5,NA
47.4833,9.66667,1986-05-20,13.7399996928871,21.9399995096028,17.8399996012449,1986,5,NA
47.4833,9.66667,1986-05-21,12.8599997125566,25.3699994329363,19.1149995727465,1986,5,NA
47.4833,9.66667,1986-05-22,14.0999996848404,21.6199995167553,17.8599996007979,1986,5,NA
47.4833,9.66667,1986-05-23,11.189999749884,19.9399995543063,15.5649996520951,1986,5,NA
47.4833,9.66667,1986-05-24,10.5499997641891,24.2699994575232,17.4099996108562,1986,5,NA
47.4833,9.66667,1986-05-25,11.9799997322261,17.819999601692,14.899999666959,1986,5,NA
47.4833,9.66667,1986-05-26,8.87999980151653,21.0399995297194,14.9599996656179,1986,5,NA
47.4833,9.66667,1986-05-27,11.1299997512251,25.239999435842,18.1849995935336,1986,5,NA
47.4833,9.66667,1986-05-28,13.7399996928871,23.1299994830042,18.4349995879456,1986,5,NA
47.4833,9.66667,1986-05-29,11.4099997449666,14.9899996649474,13.199999704957,1986,5,NA
47.4833,9.66667,1986-05-30,6.01999986544251,11.2299997489899,8.62499980721623,1986,5,NA
47.4833,9.66667,1986-05-31,3.57999991998076,7.08999984152615,5.33499988075346,1986,5,NA
47.4833,9.66667,1986-06-01,3.61999991908669,11.5399997420609,7.5799998305738,1986,6,NA
47.4833,9.66667,1986-06-02,3.3299999255687,14.4799996763468,8.90499980095774,1986,6,NA
47.4833,9.66667,1986-06-03,7.42999983392656,10.879999756813,9.1549997953698,1986,6,NA
47.4833,9.66667,1986-06-04,7.18999983929098,16.7699996251613,11.9799997322261,1986,6,NA
47.4833,9.66667,1986-06-05,6.27999985963106,12.4199997223914,9.34999979101121,1986,6,NA
47.4833,9.66667,1986-06-06,4.13999990746379,11.9499997328967,8.04499982018024,1986,6,NA
47.4833,9.66667,1986-06-07,4.84999989159405,10.2699997704476,7.55999983102083,1986,6,NA
47.4833,9.66667,1986-06-08,4.03999990969896,11.2499997485429,7.64499982912093,1986,6,NA
47.4833,9.66667,1986-06-09,6.81999984756112,17.3199996128678,12.0699997302145,1986,6,NA
47.4833,9.66667,1986-06-10,6.99999984353781,20.9399995319545,13.9699996877462,1986,6,NA
47.4833,9.66667,1986-06-11,8.88999980129302,23.809999467805,16.349999634549,1986,6,NA
47.4833,9.66667,1986-06-12,9.94999977760017,17.0499996189028,13.4999996982515,1986,6,NA
47.4833,9.66667,1986-06-13,7.13999984040856,10.0999997742474,8.61999980732799,1986,6,NA
47.4833,9.66667,1986-06-14,7.60999982990324,11.9399997331202,9.77499978151172,1986,6,NA
47.4833,9.66667,1986-06-15,9.31999979168177,19.0499995741993,14.1849996829405,1986,6,NA
47.4833,9.66667,1986-06-16,11.1399997510016,25.52999942936,18.3349995901808,1986,6,NA
47.4833,9.66667,1986-06-17,14.1799996830523,26.0899994168431,20.1349995499477,1986,6,NA
47.4833,9.66667,1986-06-18,13.0299997087568,24.6299994494766,18.8299995791167,1986,6,NA
47.4833,9.66667,1986-06-19,13.509999698028,23.5299994740635,18.5199995860457,1986,6,NA
47.4833,9.66667,1986-06-20,13.3699997011572,24.7399994470179,19.0549995740876,1986,6,NA
47.4833,9.66667,1986-06-21,14.6399996727705,24.8599994443357,19.7499995585531,1986,6,NA
47.4833,9.66667,1986-06-22,15.6499996501952,25.7799994237721,20.7149995369837,1986,6,NA
47.4833,9.66667,1986-06-23,15.5999996513128,28.119999371469,21.8599995113909,1986,6,NA
47.4833,9.66667,1986-06-24,16.4199996329844,28.4199993647635,22.4199994988739,1986,6,NA
47.4833,9.66667,1986-06-25,13.3699997011572,21.6599995158613,17.5149996085092,1986,6,NA
47.4833,9.66667,1986-06-26,12.369999723509,24.4699994530529,18.4199995882809,1986,6,NA
47.4833,9.66667,1986-06-27,12.8799997121096,25.7999994233251,19.3399995677173,1986,6,NA
47.4833,9.66667,1986-06-28,12.7499997150153,26.8899993989617,19.8199995569885,1986,6,NA
47.4833,9.66667,1986-06-29,13.5599996969104,27.2799993902445,20.4199995435774,1986,6,NA
47.4833,9.66667,1986-06-30,13.5399996973574,26.7699994016439,20.1549995495006,1986,6,NA
47.4833,9.66667,1986-07-01,13.0199997089803,24.2899994570762,18.6549995830283,1986,7,NA
47.4833,9.66667,1986-07-02,11.8799997344613,24.6399994492531,18.2599995918572,1986,7,NA
47.4833,9.66667,1986-07-03,12.9499997105449,26.2399994134903,19.5949995620176,1986,7,NA
47.4833,9.66667,1986-07-04,14.2699996810406,26.5099994074553,20.389999544248,1986,7,NA
47.4833,9.66667,1986-07-05,15.2699996586889,24.7099994476885,19.9899995531887,1986,7,NA
47.4833,9.66667,1986-07-06,14.7099996712059,26.4099994096905,20.5599995404482,1986,7,NA
47.4833,9.66667,1986-07-07,14.1899996828288,21.4599995203316,17.8249996015802,1986,7,NA
47.4833,9.66667,1986-07-08,11.7299997378141,16.2799996361136,14.0049996869639,1986,7,NA
47.4833,9.66667,1986-07-09,10.9899997543544,14.0999996848404,12.5449997195974,1986,7,NA
47.4833,9.66667,1986-07-10,9.95999977737665,17.8599996007979,13.9099996890873,1986,7,NA
47.4833,9.66667,1986-07-11,11.2499997485429,17.8099996019155,14.5299996752292,1986,7,NA
47.4833,9.66667,1986-07-12,10.31999976933,16.6799996271729,13.4999996982515,1986,7,NA
47.4833,9.66667,1986-07-13,11.6699997391552,16.0099996421486,13.8399996906519,1986,7,NA
47.4833,9.66667,1986-07-14,9.0699997972697,17.489999609068,13.2799997031689,1986,7,NA
47.4833,9.66667,1986-07-15,8.23999981582165,18.959999576211,13.5999996960163,1986,7,NA
47.4833,9.66667,1986-07-16,7.83999982476234,21.6299995165318,14.7349996706471,1986,7,NA
47.4833,9.66667,1986-07-17,10.2699997704476,24.9599994421005,17.6149996062741,1986,7,NA
47.4833,9.66667,1986-07-18,12.3999997228384,25.3299994338304,18.8649995783344,1986,7,NA
47.4833,9.66667,1986-07-19,13.6499996948987,19.0599995739758,16.3549996344373,1986,7,NA
47.4833,9.66667,1986-07-20,10.8199997581542,13.4399996995926,12.1299997288734,1986,7,NA
47.4833,9.66667,1986-07-21,10.6599997617304,18.6999995820224,14.6799996718764,1986,7,NA
47.4833,9.66667,1986-07-22,9.24999979324639,21.2799995243549,15.2649996588007,1986,7,NA
47.4833,9.66667,1986-07-23,11.0699997525662,24.3599994555116,17.7149996040389,1986,7,NA
47.4833,9.66667,1986-07-24,14.359999679029,26.689999403432,20.5249995412305,1986,7,NA
47.4833,9.66667,1986-07-25,8.95999979972839,16.1399996392429,12.5499997194856,1986,7,NA
47.4833,9.66667,1986-07-26,7.82999982498586,20.5099995415658,14.1699996832758,1986,7,NA
47.4833,9.66667,1986-07-27,12.6899997163564,22.8199994899333,17.7549996031448,1986,7,NA
47.4833,9.66667,1986-07-28,13.8299996908754,24.8399994447827,19.3349995678291,1986,7,NA
47.4833,9.66667,1986-07-29,13.6999996937811,26.6599994041026,20.1799995489419,1986,7,NA
47.4833,9.66667,1986-07-30,16.9999996200204,27.8999993763864,22.4499994982034,1986,7,NA
47.4833,9.66667,1986-07-31,16.5299996305257,25.9699994195253,21.2499995250255,1986,7,NA
47.4833,9.66667,1986-08-01,17.5999996066093,26.7199994027615,22.1599995046854,1986,8,NA
47.4833,9.66667,1986-08-02,15.9899996425956,23.0199994854629,19.5049995640293,1986,8,NA
47.4833,9.66667,1986-08-03,15.6699996497482,27.8999993763864,21.7849995130673,1986,8,NA
47.4833,9.66667,1986-08-04,16.8699996229261,32.3499992769212,24.6099994499236,1986,8,NA
47.4833,9.66667,1986-08-05,17.9399995990098,28.1299993712455,23.0349994851276,1986,8,NA
47.4833,9.66667,1986-08-06,15.0799996629357,19.1599995717406,17.1199996173382,1986,8,NA
47.4833,9.66667,1986-08-07,12.0199997313321,24.5199994519353,18.2699995916337,1986,8,NA
47.4833,9.66667,1986-08-08,13.5799996964633,25.5399994291365,19.5599995627999,1986,8,NA
47.4833,9.66667,1986-08-09,15.5999996513128,22.3599995002151,18.9799995757639,1986,8,NA
47.4833,9.66667,1986-08-10,13.3899997007102,24.8399994447827,19.1149995727465,1986,8,NA
47.4833,9.66667,1986-08-11,15.3099996577948,25.7199994251132,20.514999541454,1986,8,NA
47.4833,9.66667,1986-08-12,15.2199996598065,25.8799994215369,20.5499995406717,1986,8,NA
47.4833,9.66667,1986-08-13,14.359999679029,18.8499995786697,16.6049996288493,1986,8,NA
47.4833,9.66667,1986-08-14,12.2399997264147,20.4699995424598,16.3549996344373,1986,8,NA
47.4833,9.66667,1986-08-15,14.1599996834993,22.6199994944036,18.3899995889515,1986,8,NA
47.4833,9.66667,1986-08-16,12.6899997163564,26.129999415949,19.4099995661527,1986,8,NA
47.4833,9.66667,1986-08-17,14.1999996826053,25.0299994405359,19.6149995615706,1986,8,NA
47.4833,9.66667,1986-08-18,15.1399996615946,26.7199994027615,20.929999532178,1986,8,NA
47.4833,9.66667,1986-08-19,14.9899996649474,22.959999486804,18.9749995758757,1986,8,NA
47.4833,9.66667,1986-08-20,12.5599997192621,18.7999995797873,15.6799996495247,1986,8,NA
47.4833,9.66667,1986-08-21,11.6399997398257,18.3899995889515,15.0149996643886,1986,8,NA
47.4833,9.66667,1986-08-22,9.22999979369342,20.1099995505065,14.6699996720999,1986,8,NA
47.4833,9.66667,1986-08-23,13.6399996951222,26.0399994179606,19.8399995565414,1986,8,NA
47.4833,9.66667,1986-08-24,12.1099997293204,19.6399995610118,15.8749996451661,1986,8,NA
47.4833,9.66667,1986-08-25,10.339999768883,13.6699996944517,12.0049997316673,1986,8,NA
47.4833,9.66667,1986-08-26,9.20999979414046,18.1499995943159,13.6799996942282,1986,8,NA
47.4833,9.66667,1986-08-27,11.2799997478724,24.9099994432181,18.0949995955452,1986,8,NA
47.4833,9.66667,1986-08-28,11.5299997422844,16.9799996204674,14.2549996813759,1986,8,NA
47.4833,9.66667,1986-08-29,8.3799998126924,11.6999997384846,10.0399997755885,1986,8,NA
47.4833,9.66667,1986-08-30,6.64999985136092,13.7899996917695,10.2199997715652,1986,8,NA
47.4833,9.66667,1986-08-31,7.52999983169138,14.6799996718764,11.1049997517839,1986,8,NA
47.4833,9.66667,1986-09-01,8.2699998151511,15.8199996463954,12.0449997307733,1986,9,NA
47.4833,9.66667,1986-09-02,5.32999988086522,16.2999996356666,10.8149997582659,1986,9,NA
47.4833,9.66667,1986-09-03,9.13999979570508,19.0499995741993,14.0949996849522,1986,9,NA
47.4833,9.66667,1986-09-04,9.2999997921288,22.2699995022267,15.7849996471778,1986,9,NA
47.4833,9.66667,1986-09-05,9.0699997972697,15.3699996564537,12.2199997268617,1986,9,NA
47.4833,9.66667,1986-09-06,4.57999989762902,17.9999995976686,11.2899997476488,1986,9,NA
47.4833,9.66667,1986-09-07,8.00999982096255,22.5699994955212,15.2899996582419,1986,9,NA
47.4833,9.66667,1986-09-08,11.209999749437,20.0199995525181,15.6149996509776,1986,9,NA
47.4833,9.66667,1986-09-09,8.45999981090426,18.9799995757639,13.7199996933341,1986,9,NA
47.4833,9.66667,1986-09-10,10.4199997670949,15.7599996477365,13.0899997074157,1986,9,NA
47.4833,9.66667,1986-09-11,9.63999978452921,15.9699996430427,12.8049997137859,1986,9,NA
47.4833,9.66667,1986-09-12,5.85999986901879,17.5899996068329,11.7249997379258,1986,9,NA
47.4833,9.66667,1986-09-13,9.08999979682267,21.0499995294958,15.0699996631593,1986,9,NA
47.4833,9.66667,1986-09-14,13.779999691993,20.4999995417893,17.1399996168911,1986,9,NA
47.4833,9.66667,1986-09-15,12.7399997152388,20.6299995388836,16.6849996270612,1986,9,NA
47.4833,9.66667,1986-09-16,14.3999996781349,23.8599994666874,19.1299995724112,1986,9,NA
47.4833,9.66667,1986-09-17,15.20999966003,24.4799994528294,19.8449995564297,1986,9,NA
47.4833,9.66667,1986-09-18,14.7099996712059,20.8899995330721,17.799999602139,1986,9,NA
47.4833,9.66667,1986-09-19,11.2199997492135,17.5899996068329,14.4049996780232,1986,9,NA
47.4833,9.66667,1986-09-20,7.98999982140958,12.0699997302145,10.029999775812,1986,9,NA
47.4833,9.66667,1986-09-21,8.74999980442226,13.4999996982515,11.1249997513369,1986,9,NA
47.4833,9.66667,1986-09-22,8.25999981537461,16.5499996300787,12.4049997227266,1986,9,NA
47.4833,9.66667,1986-09-23,5.92999986745417,17.1399996168911,11.5349997421727,1986,9,NA
47.4833,9.66667,1986-09-24,6.57999985292554,18.6399995833635,12.6099997181445,1986,9,NA
47.4833,9.66667,1986-09-25,8.18999981693923,17.6999996043742,12.9449997106567,1986,9,NA
47.4833,9.66667,1986-09-26,10.7499997597188,13.9799996875226,12.3649997236207,1986,9,NA
47.4833,9.66667,1986-09-27,9.00999979861081,13.0999997071922,11.0549997529015,1986,9,NA
47.4833,9.66667,1986-09-28,5.66999987326562,15.0799996629357,10.3749997681007,1986,9,NA
47.4833,9.66667,1986-09-29,4.69999989494681,16.7299996260554,10.7149997605011,1986,9,NA
47.4833,9.66667,1986-09-30,4.8799998909235,16.6499996278435,10.7649997593835,1986,9,NA
47.4833,9.66667,1986-10-01,5.69999987259507,18.4299995880574,12.0649997303262,1986,10,1987
47.4833,9.66667,1986-10-02,6.37999985739589,17.6599996052682,12.0199997313321,1986,10,1987
47.4833,9.66667,1986-10-03,7.0599998421967,19.7599995583296,13.4099997002631,1986,10,1987
47.4833,9.66667,1986-10-04,7.33999983593822,20.3099995460361,13.8249996909872,1986,10,1987
47.4833,9.66667,1986-10-05,8.10999981872737,20.2499995473772,14.1799996830523,1986,10,1987
47.4833,9.66667,1986-10-06,8.2099998164922,18.5899995844811,13.3999997004867,1986,10,1987
47.4833,9.66667,1986-10-07,9.27999979257584,18.8599995784461,14.069999685511,1986,10,1987
47.4833,9.66667,1986-10-08,9.22999979369342,18.5199995860457,13.8749996898696,1986,10,1987
47.4833,9.66667,1986-10-09,10.069999774918,15.9999996423721,13.034999708645,1986,10,1987
47.4833,9.66667,1986-10-10,5.67999987304211,12.7099997159094,9.19499979447573,1986,10,1987
47.4833,9.66667,1986-10-11,6.87999984622002,16.4899996314198,11.6849997388199,1986,10,1987
47.4833,9.66667,1986-10-12,7.10999984107912,17.4099996108562,12.2599997259676,1986,10,1987
47.4833,9.66667,1986-10-13,8.85999980196357,14.0299996864051,11.4449997441843,1986,10,1987
47.4833,9.66667,1986-10-14,7.68999982811511,17.0399996191263,12.3649997236207,1986,10,1987
47.4833,9.66667,1986-10-15,6.72999984957278,18.5299995858222,12.6299997176975,1986,10,1987
47.4833,9.66667,1986-10-16,7.02999984286726,16.8999996222556,11.9649997325614,1986,10,1987
47.4833,9.66667,1986-10-17,6.62999985180795,13.179999705404,9.904999778606,1986,10,1987
47.4833,9.66667,1986-10-18,7.68999982811511,11.2299997489899,9.45999978855252,1986,10,1987
47.4833,9.66667,1986-10-19,7.5199998319149,13.5499996971339,10.5349997645244,1986,10,1987
47.4833,9.66667,1986-10-20,5.59999987483025,13.6299996953458,9.614999785088,1986,10,1987
47.4833,9.66667,1986-10-21,6.54999985359609,15.3799996562302,10.9649997549132,1986,10,1987
47.4833,9.66667,1986-10-22,4.89999989047647,11.7599997371435,8.32999981380999,1986,10,1987
47.4833,9.66667,1986-10-23,8.09999981895089,14.1599996834993,11.1299997512251,1986,10,1987
47.4833,9.66667,1986-10-24,5.22999988310039,12.7699997145683,8.99999979883432,1986,10,1987
47.4833,9.66667,1986-10-25,2.77999993786216,9.87999977916479,6.32999985851347,1986,10,1987
47.4833,9.66667,1986-10-26,2.49999994412065,11.0799997523427,6.78999984823167,1986,10,1987
47.4833,9.66667,1986-10-27,3.88999991305172,7.47999983280897,5.68499987293035,1986,10,1987
47.4833,9.66667,1986-10-28,1.72999996133149,8.23999981582165,4.98499988857657,1986,10,1987
47.4833,9.66667,1986-10-29,-0.539999987930059,10.3799997679889,4.91999989002943,1986,10,1987
47.4833,9.66667,1986-10-30,2.28999994881451,8.01999982073903,5.15499988477677,1986,10,1987
47.4833,9.66667,1986-10-31,5.72999987192452,8.28999981470406,7.00999984331429,1986,10,1987
47.4833,9.66667,1986-11-01,4.37999990209937,11.5499997418374,7.96499982196838,1986,11,1987
47.4833,9.66667,1986-11-02,5.87999986857176,11.8399997353554,8.85999980196357,1986,11,1987
47.4833,9.66667,1986-11-03,4.12999990768731,9.05999979749322,6.59499985259026,1986,11,1987
47.4833,9.66667,1986-11-04,0.809999981895089,5.88999986834824,3.34999992512167,1986,11,1987
47.4833,9.66667,1986-11-05,-1.39999996870756,5.00999988801777,1.80499995965511,1986,11,1987
47.4833,9.66667,1986-11-06,-2.42999994568527,6.51999985426664,2.04499995429069,1986,11,1987
47.4833,9.66667,1986-11-07,3.33999992534518,8.41999981179833,5.87999986857176,1986,11,1987
47.4833,9.66667,1986-11-08,3.12999993003905,11.6599997393787,7.39499983470887,1986,11,1987
47.4833,9.66667,1986-11-09,1.04999997653067,11.76999973692,6.40999985672534,1986,11,1987
47.4833,9.66667,1986-11-10,3.67999991774559,9.15999979525805,6.41999985650182,1986,11,1987
47.4833,9.66667,1986-11-11,0.679999984800816,12.6999997161329,6.68999985046685,1986,11,1987
47.4833,9.66667,1986-11-12,0.529999988153577,11.7999997362494,6.16499986220151,1986,11,1987
47.4833,9.66667,1986-11-13,1.26999997161329,11.0799997523427,6.17499986197799,1986,11,1987
47.4833,9.66667,1986-11-14,0,9.05999979749322,4.52999989874661,1986,11,1987
47.4833,9.66667,1986-11-15,3.44999992288649,14.0799996852875,8.76499980408698,1986,11,1987
47.4833,9.66667,1986-11-16,6.95999984443188,17.3799996115267,12.1699997279793,1986,11,1987
47.4833,9.66667,1986-11-17,4.46999990008771,13.3599997013807,8.91499980073422,1986,11,1987
47.4833,9.66667,1986-11-18,4.02999990992248,12.3999997228384,8.21499981638044,1986,11,1987
47.4833,9.66667,1986-11-19,3.93999991193414,9.46999978832901,6.70499985013157,1986,11,1987
47.4833,9.66667,1986-11-20,1.29999997094274,10.5199997648597,5.90999986790121,1986,11,1987
47.4833,9.66667,1986-11-21,2.4699999447912,9.91999977827072,6.19499986153096,1986,11,1987
47.4833,9.66667,1986-11-22,3.59999991953373,6.76999984867871,5.18499988410622,1986,11,1987
47.4833,9.66667,1986-11-23,3.52999992109835,9.0699997972697,6.29999985918403,1986,11,1987
47.4833,9.66667,1986-11-24,2.42999994568527,6.49999985471368,4.46499990019947,1986,11,1987
47.4833,9.66667,1986-11-25,0.0199999995529652,7.23999983817339,3.62999991886318,1986,11,1987
47.4833,9.66667,1986-11-26,0.519999988377094,9.64999978430569,5.08499988634139,1986,11,1987
47.4833,9.66667,1986-11-27,0.209999995306134,9.17999979481101,4.69499989505857,1986,11,1987
47.4833,9.66667,1986-11-28,0.519999988377094,6.98999984376132,3.75499991606921,1986,11,1987
47.4833,9.66667,1986-11-29,-2.4699999447912,5.22999988310039,1.3799999691546,1986,11,1987
47.4833,9.66667,1986-11-30,-4.19999990612268,2.13999995216727,-1.02999997697771,1986,11,1987
47.4833,9.66667,1986-12-01,-4.38999990187585,2.80999993719161,-0.789999982342124,1986,12,1987
47.4833,9.66667,1986-12-02,-4.62999989651144,1.96999995596707,-1.32999997027218,1986,12,1987
47.4833,9.66667,1986-12-03,-4.51999989897013,4.50999989919364,-0.00499999988824129,1986,12,1987
47.4833,9.66667,1986-12-04,-3.80999991483986,3.62999991886318,-0.0899999979883432,1986,12,1987
47.4833,9.66667,1986-12-05,-3.18999992869794,3.83999991416931,0.324999992735684,1986,12,1987
47.4833,9.66667,1986-12-06,-4.23999990522861,2.43999994546175,-0.899999979883432,1986,12,1987
47.4833,9.66667,1986-12-07,-3.36999992467463,6.05999986454844,1.34499996993691,1986,12,1987
47.4833,9.66667,1986-12-08,0.789999982342124,8.4399998113513,4.61499989684671,1986,12,1987
47.4833,9.66667,1986-12-09,1.70999996177852,11.8199997358024,6.76499984879047,1986,12,1987
47.4833,9.66667,1986-12-10,-0.189999995753169,6.47999985516071,3.14499992970377,1986,12,1987
47.4833,9.66667,1986-12-11,1.19999997317791,4.97999988868833,3.08999993093312,1986,12,1987
47.4833,9.66667,1986-12-12,1.84999995864928,6.01999986544251,3.9349999120459,1986,12,1987
47.4833,9.66667,1986-12-13,-0.92999997921288,2.60999994166195,0.839999981224537,1986,12,1987
47.4833,9.66667,1986-12-14,-3.66999991796911,2.8699999358505,-0.399999991059303,1986,12,1987
47.4833,9.66667,1986-12-15,0.169999996200204,4.20999990589917,2.18999995104969,1986,12,1987
47.4833,9.66667,1986-12-16,-0.959999978542328,5.37999987974763,2.20999995060265,1986,12,1987
47.4833,9.66667,1986-12-17,-0.0399999991059303,6.17999986186624,3.06999993138015,1986,12,1987
47.4833,9.66667,1986-12-18,-0.0399999991059303,2.70999993942678,1.33499997016042,1986,12,1987
47.4833,9.66667,1986-12-19,0.879999980330467,6.55999985337257,3.71999991685152,1986,12,1987
47.4833,9.66667,1986-12-20,0.809999981895089,6.69999985024333,3.75499991606921,1986,12,1987
47.4833,9.66667,1986-12-21,-1.40999996848404,1.58999996446073,0.0899999979883432,1986,12,1987
47.4833,9.66667,1986-12-22,-1.96999995596707,0.149999996647239,-0.909999979659915,1986,12,1987
47.4833,9.66667,1986-12-23,-5.2799998819828,-1.5499999653548,-3.4149999236688,1986,12,1987
47.4833,9.66667,1986-12-24,-7.29999983683228,-3.39999992400408,-5.34999988041818,1986,12,1987
47.4833,9.66667,1986-12-25,-9.67999978363514,-4.1899999063462,-6.93499984499067,1986,12,1987
47.4833,9.66667,1986-12-26,-12.5999997183681,-4.21999990567565,-8.40999981202185,1986,12,1987
47.4833,9.66667,1986-12-27,-6.33999985828996,1.15999997407198,-2.58999994210899,1986,12,1987
47.4833,9.66667,1986-12-28,-1.43999996781349,1.30999997071922,-0.0649999985471368,1986,12,1987
47.4833,9.66667,1986-12-29,-1.27999997138977,3.06999993138015,0.894999979995191,1986,12,1987
47.4833,9.66667,1986-12-30,1.43999996781349,5.26999988220632,3.35499992500991,1986,12,1987
47.4833,9.66667,1986-12-31,3.17999992892146,7.749999826774,5.46499987784773,1986,12,1987
47.4833,9.66667,1987-01-01,3.12999993003905,7.99999982118607,5.56499987561256,1987,1,1987
47.4833,9.66667,1987-01-02,3.93999991193414,7.42999983392656,5.68499987293035,1987,1,1987
47.4833,9.66667,1987-01-03,1.89999995753169,7.38999983482063,4.64499989617616,1987,1,1987
47.4833,9.66667,1987-01-04,-4.8799998909235,1.63999996334314,-1.61999996379018,1987,1,1987
47.4833,9.66667,1987-01-05,-6.46999985538423,-0.159999996423721,-3.31499992590398,1987,1,1987
47.4833,9.66667,1987-01-06,-2.82999993674457,3.04999993182719,0.109999997541308,1987,1,1987
47.4833,9.66667,1987-01-07,-0.589999986812472,2.8699999358505,1.13999997451901,1987,1,1987
47.4833,9.66667,1987-01-08,-6.95999984443188,-1.28999997116625,-4.12499990779907,1987,1,1987
47.4833,9.66667,1987-01-09,-11.1399997510016,-4.99999988824129,-8.06999981962144,1987,1,1987
47.4833,9.66667,1987-01-10,-12.0299997311085,-2.74999993853271,-7.38999983482063,1987,1,1987
47.4833,9.66667,1987-01-11,-6.18999986164272,-0.359999991953373,-3.27499992679805,1987,1,1987
47.4833,9.66667,1987-01-12,-15.3899996560067,-5.31999988108873,-10.3549997685477,1987,1,1987
47.4833,9.66667,1987-01-13,-21.8599995113909,-14.9899996649474,-18.4249995881692,1987,1,1987
47.4833,9.66667,1987-01-14,-21.2099995259196,-11.0799997523427,-16.1449996391311,1987,1,1987
47.4833,9.66667,1987-01-15,-14.5499996747822,-8.62999980710447,-11.5899997409433,1987,1,1987
47.4833,9.66667,1987-01-16,-11.3899997454137,-7.06999984197319,-9.22999979369342,1987,1,1987
47.4833,9.66667,1987-01-17,-10.2999997697771,-6.03999986499548,-8.16999981738627,1987,1,1987
47.4833,9.66667,1987-01-18,-10.4699997659773,-6.6599998511374,-8.56499980855733,1987,1,1987
47.4833,9.66667,1987-01-19,-7.72999982722104,-5.21999988332391,-6.47499985527247,1987,1,1987
47.4833,9.66667,1987-01-20,-6.46999985538423,-3.92999991215765,-5.19999988377094,1987,1,1987
47.4833,9.66667,1987-01-21,-6.1999998614192,-3.3299999255687,-4.76499989349395,1987,1,1987
47.4833,9.66667,1987-01-22,-7.23999983817339,-3.88999991305172,-5.56499987561256,1987,1,1987
47.4833,9.66667,1987-01-23,-8.10999981872737,-3.59999991953373,-5.85499986913055,1987,1,1987
47.4833,9.66667,1987-01-24,-7.9799998216331,-2.48999994434416,-5.23499988298863,1987,1,1987
47.4833,9.66667,1987-01-25,-4.32999990321696,0.799999982118607,-1.76499996054918,1987,1,1987
47.4833,9.66667,1987-01-26,-3.94999991171062,2.09999995306134,-0.924999979324639,1987,1,1987
47.4833,9.66667,1987-01-27,-5.98999986611307,1.68999996222556,-2.14999995194376,1987,1,1987
47.4833,9.66667,1987-01-28,-3.40999992378056,1.46999996714294,-0.96999997831881,1987,1,1987
47.4833,9.66667,1987-01-29,-3.54999992065132,-0.389999991282821,-1.96999995596707,1987,1,1987
47.4833,9.66667,1987-01-30,-6.3699998576194,-0.979999978095293,-3.67499991785735,1987,1,1987
47.4833,9.66667,1987-01-31,-13.2099997047335,-4.28999990411103,-8.74999980442226,1987,1,1987
47.4833,9.66667,1987-02-01,-14.2099996823817,-5.64999987371266,-9.9299997780472,1987,2,1987
47.4833,9.66667,1987-02-02,-13.5499996971339,-3.98999991081655,-8.76999980397522,1987,2,1987
47.4833,9.66667,1987-02-03,-12.6599997170269,-1.89999995753169,-7.27999983727932,1987,2,1987
47.4833,9.66667,1987-02-04,-8.07999981939793,0.939999978989363,-3.56999992020428,1987,2,1987
47.4833,9.66667,1987-02-05,-4.07999990880489,4.71999989449978,0.319999992847443,1987,2,1987
47.4833,9.66667,1987-02-06,-6.029999865219,0.799999982118607,-2.6149999415502,1987,2,1987
47.4833,9.66667,1987-02-07,-2.72999993897974,2.78999993763864,0.0299999993294477,1987,2,1987
47.4833,9.66667,1987-02-08,0.0699999984353781,4.80999989248812,2.43999994546175,1987,2,1987
47.4833,9.66667,1987-02-09,-0.589999986812472,6.18999986164272,2.79999993741512,1987,2,1987
47.4833,9.66667,1987-02-10,2.84999993629754,11.1999997496605,7.02499984297901,1987,2,1987
47.4833,9.66667,1987-02-11,0.569999987259507,8.96999979950488,4.76999989338219,1987,2,1987
47.4833,9.66667,1987-02-12,-0.179999995976686,6.60999985225499,3.21499992813915,1987,2,1987
47.4833,9.66667,1987-02-13,0.329999992623925,4.85999989137053,2.59499994199723,1987,2,1987
47.4833,9.66667,1987-02-14,0.649999985471368,3.48999992199242,2.06999995373189,1987,2,1987
47.4833,9.66667,1987-02-15,-0.0199999995529652,6.51999985426664,3.24999992735684,1987,2,1987
47.4833,9.66667,1987-02-16,1.24999997206032,3.75999991595745,2.50499994400889,1987,2,1987
47.4833,9.66667,1987-02-17,-1.29999997094274,1.35999996960163,0.0299999993294477,1987,2,1987
47.4833,9.66667,1987-02-18,-2.25999994948506,-0.26999999396503,-1.26499997172505,1987,2,1987
47.4833,9.66667,1987-02-19,-3.34999992512167,-0.65999998524785,-2.00499995518476,1987,2,1987
47.4833,9.66667,1987-02-20,-3.62999991886318,-1.51999996602535,-2.57499994244426,1987,2,1987
47.4833,9.66667,1987-02-21,-4.12999990768731,0.839999981224537,-1.64499996323138,1987,2,1987
47.4833,9.66667,1987-02-22,-2.07999995350838,0.979999978095293,-0.549999987706542,1987,2,1987
47.4833,9.66667,1987-02-23,-2.50999994389713,0.879999980330467,-0.81499998178333,1987,2,1987
47.4833,9.66667,1987-02-24,-2.44999994523823,1.5499999653548,-0.449999989941716,1987,2,1987
47.4833,9.66667,1987-02-25,-5.46999987773597,0.0799999982118607,-2.69499993976206,1987,2,1987
47.4833,9.66667,1987-02-26,-5.5699998755008,4.49999989941716,-0.534999988041818,1987,2,1987
47.4833,9.66667,1987-02-27,-0.57999998703599,4.42999990098178,1.9249999569729,1987,2,1987
47.4833,9.66667,1987-02-28,1.61999996379018,6.31999985873699,3.96999991126359,1987,2,1987
47.4833,9.66667,1987-03-01,4.34999990276992,7.22999983839691,5.78999987058342,1987,3,1987
47.4833,9.66667,1987-03-02,3.42999992333353,7.82999982498586,5.62999987415969,1987,3,1987
47.4833,9.66667,1987-03-03,3.65999991819263,9.72999978251755,6.69499985035509,1987,3,1987
47.4833,9.66667,1987-03-04,-6.97999984398484,2.82999993674457,-2.07499995362014,1987,3,1987
47.4833,9.66667,1987-03-05,-10.9999997541308,-3.46999992243946,-7.23499983828515,1987,3,1987
47.4833,9.66667,1987-03-06,-6.81999984756112,-1.63999996334314,-4.22999990545213,1987,3,1987
47.4833,9.66667,1987-03-07,-11.0299997534603,-1.45999996736646,-6.24499986041337,1987,3,1987
47.4833,9.66667,1987-03-08,-10.7899997588247,-0.919999979436398,-5.85499986913055,1987,3,1987
47.4833,9.66667,1987-03-09,-9.39999978989363,0.599999986588955,-4.39999990165234,1987,3,1987
47.4833,9.66667,1987-03-10,-8.51999980956316,-1.26999997161329,-4.89499989058822,1987,3,1987
47.4833,9.66667,1987-03-11,-7.89999982342124,1.12999997474253,-3.38499992433935,1987,3,1987
47.4833,9.66667,1987-03-12,-6.90999984554946,1.87999995797873,-2.51499994378537,1987,3,1987
47.4833,9.66667,1987-03-13,-6.75999984890223,1.49999996647239,-2.62999994121492,1987,3,1987
47.4833,9.66667,1987-03-14,-6.81999984756112,2.97999993339181,-1.91999995708466,1987,3,1987
47.4833,9.66667,1987-03-15,-4.11999990791082,0.879999980330467,-1.61999996379018,1987,3,1987
47.4833,9.66667,1987-03-16,-6.5999998524785,3.34999992512167,-1.62499996367842,1987,3,1987
47.4833,9.66667,1987-03-17,-3.30999992601573,0.949999978765845,-1.17999997362494,1987,3,1987
47.4833,9.66667,1987-03-18,-3.76999991573393,2.16999995149672,-0.799999982118607,1987,3,1987
47.4833,9.66667,1987-03-19,-0.609999986365438,7.61999982967973,3.50499992165715,1987,3,1987
47.4833,9.66667,1987-03-20,-0.879999980330467,6.11999986320734,2.61999994143844,1987,3,1987
47.4833,9.66667,1987-03-21,-3.729999916628,1.06999997608364,-1.32999997027218,1987,3,1987
47.4833,9.66667,1987-03-22,-6.4299998562783,6.50999985449016,0.0399999991059303,1987,3,1987
47.4833,9.66667,1987-03-23,-0.499999988824129,5.5699998755008,2.53499994333833,1987,3,1987
47.4833,9.66667,1987-03-24,-2.41999994590878,9.08999979682267,3.33499992545694,1987,3,1987
47.4833,9.66667,1987-03-25,3.89999991282821,11.6599997393787,7.77999982610345,1987,3,1987
47.4833,9.66667,1987-03-26,3.41999992355704,11.9199997335672,7.66999982856214,1987,3,1987
47.4833,9.66667,1987-03-27,4.92999988980591,8.96999979950488,6.94999984465539,1987,3,1987
47.4833,9.66667,1987-03-28,1.95999995619059,12.8799997121096,7.41999983415008,1987,3,1987
47.4833,9.66667,1987-03-29,3.4999999217689,8.93999980017543,6.21999986097217,1987,3,1987
47.4833,9.66667,1987-03-30,0.809999981895089,4.90999989025295,2.85999993607402,1987,3,1987
47.4833,9.66667,1987-03-31,-1.61999996379018,3.31999992579222,0.849999981001019,1987,3,1987
47.4833,9.66667,1987-04-01,-3.22999992780387,3.50999992154539,0.139999996870756,1987,4,1987
47.4833,9.66667,1987-04-02,-2.91999993473291,3.17999992892146,0.129999997094274,1987,4,1987
47.4833,9.66667,1987-04-03,-3.53999992087483,8.29999981448054,2.37999994680285,1987,4,1987
47.4833,9.66667,1987-04-04,0.279999993741512,14.939999666065,7.60999982990324,1987,4,1987
47.4833,9.66667,1987-04-05,3.81999991461635,17.5599996075034,10.6899997610599,1987,4,1987
47.4833,9.66667,1987-04-06,2.35999994724989,14.2599996812642,8.30999981425703,1987,4,1987
47.4833,9.66667,1987-04-07,3.75999991595745,15.5599996522069,9.65999978408217,1987,4,1987
47.4833,9.66667,1987-04-08,3.54999992065132,17.6399996057153,10.5949997631833,1987,4,1987
47.4833,9.66667,1987-04-09,7.60999982990324,12.909999711439,10.2599997706711,1987,4,1987
47.4833,9.66667,1987-04-10,6.91999984532595,14.5899996738881,10.754999759607,1987,4,1987
47.4833,9.66667,1987-04-11,4.8799998909235,7.88999982364476,6.38499985728413,1987,4,1987
47.4833,9.66667,1987-04-12,2.61999994143844,11.1199997514486,6.86999984644353,1987,4,1987
47.4833,9.66667,1987-04-13,2.48999994434416,7.58999983035028,5.03999988734722,1987,4,1987
47.4833,9.66667,1987-04-14,1.21999997273088,6.99999984353781,4.10999990813434,1987,4,1987
47.4833,9.66667,1987-04-15,0.279999993741512,10.3099997695535,5.29499988164753,1987,4,1987
47.4833,9.66667,1987-04-16,0.00999999977648258,12.1199997290969,6.06499986443669,1987,4,1987
47.4833,9.66667,1987-04-17,1.62999996356666,14.4399996772408,8.03499982040375,1987,4,1987
47.4833,9.66667,1987-04-18,3.87999991327524,17.0199996195734,10.4499997664243,1987,4,1987
47.4833,9.66667,1987-04-19,5.91999986767769,20.949999531731,13.4349996997043,1987,4,1987
47.4833,9.66667,1987-04-20,8.19999981671572,18.8499995786697,13.5249996976927,1987,4,1987
47.4833,9.66667,1987-04-21,8.05999981984496,13.0299997087568,10.5449997643009,1987,4,1987
47.4833,9.66667,1987-04-22,3.82999991439283,9.30999979190528,6.56999985314906,1987,4,1987
47.4833,9.66667,1987-04-23,0.239999994635582,14.0799996852875,7.15999983996153,1987,4,1987
47.4833,9.66667,1987-04-24,2.13999995216727,17.4999996088445,9.8199997805059,1987,4,1987
47.4833,9.66667,1987-04-25,5.47999987751245,20.1699995491654,12.8249997133389,1987,4,1987
47.4833,9.66667,1987-04-26,6.60999985225499,20.5499995406717,13.5799996964633,1987,4,1987
47.4833,9.66667,1987-04-27,9.65999978408217,17.8999995999038,13.779999691993,1987,4,1987
47.4833,9.66667,1987-04-28,8.84999980218709,14.7299996707588,11.789999736473,1987,4,1987
47.4833,9.66667,1987-04-29,4.67999989539385,20.09999955073,12.3899997230619,1987,4,1987
47.4833,9.66667,1987-04-30,7.10999984107912,22.1799995042384,14.6449996726587,1987,4,1987
47.4833,9.66667,1987-05-01,10.0799997746944,20.1299995500594,15.1049996623769,1987,5,NA
47.4833,9.66667,1987-05-02,8.92999980039895,20.7999995350838,14.8649996677414,1987,5,NA
47.4833,9.66667,1987-05-03,9.46999978832901,22.5899994950742,16.0299996417016,1987,5,NA
47.4833,9.66667,1987-05-04,2.64999994076788,12.929999710992,7.78999982587993,1987,5,NA
47.4833,9.66667,1987-05-05,0.529999988153577,5.51999987661839,3.02499993238598,1987,5,NA
47.4833,9.66667,1987-05-06,2.01999995484948,8.08999981917441,5.05499988701195,1987,5,NA
47.4833,9.66667,1987-05-07,3.45999992266297,6.84999984689057,5.15499988477677,1987,5,NA
47.4833,9.66667,1987-05-08,2.81999993696809,9.22999979369342,6.02499986533076,1987,5,NA
47.4833,9.66667,1987-05-09,1.1499999742955,15.3999996557832,8.27499981503934,1987,5,NA
47.4833,9.66667,1987-05-10,3.58999991975725,20.2299995478243,11.9099997337908,1987,5,NA
47.4833,9.66667,1987-05-11,6.8299998473376,21.0099995303899,13.9199996888638,1987,5,NA
47.4833,9.66667,1987-05-12,6.94999984465539,14.2699996810406,10.609999762848,1987,5,NA
47.4833,9.66667,1987-05-13,7.20999983884394,15.1499996613711,11.1799997501075,1987,5,NA
47.4833,9.66667,1987-05-14,3.90999991260469,8.92999980039895,6.41999985650182,1987,5,NA
47.4833,9.66667,1987-05-15,2.07999995350838,11.9499997328967,7.01499984320253,1987,5,NA
47.4833,9.66667,1987-05-16,4.20999990589917,12.4099997226149,8.30999981425703,1987,5,NA
47.4833,9.66667,1987-05-17,4.11999990791082,9.2999997921288,6.70999985001981,1987,5,NA
47.4833,9.66667,1987-05-18,0.599999986588955,13.7399996928871,7.16999983973801,1987,5,NA
47.4833,9.66667,1987-05-19,6.11999986320734,13.5499996971339,9.83499978017062,1987,5,NA
47.4833,9.66667,1987-05-20,7.9799998216331,10.9599997550249,9.46999978832901,1987,5,NA
47.4833,9.66667,1987-05-21,4.63999989628792,9.55999978631735,7.09999984130263,1987,5,NA
47.4833,9.66667,1987-05-22,2.43999994546175,4.94999988935888,3.69499991741031,1987,5,NA
47.4833,9.66667,1987-05-23,2.67999994009733,10.4599997662008,6.56999985314906,1987,5,NA
47.4833,9.66667,1987-05-24,0.849999981001019,14.8399996683002,7.84499982465059,1987,5,NA
47.4833,9.66667,1987-05-25,2.77999993786216,17.0799996182323,9.9299997780472,1987,5,NA
47.4833,9.66667,1987-05-26,7.19999983906746,17.9499995987862,12.5749997189268,1987,5,NA
47.4833,9.66667,1987-05-27,6.83999984711409,21.5199995189905,14.1799996830523,1987,5,NA
47.4833,9.66667,1987-05-28,10.31999976933,16.3199996352196,13.3199997022748,1987,5,NA
47.4833,9.66667,1987-05-29,9.3599997907877,14.6999996714294,12.0299997311085,1987,5,NA
47.4833,9.66667,1987-05-30,7.94999982230365,14.3899996783584,11.169999750331,1987,5,NA
47.4833,9.66667,1987-05-31,6.49999985471368,16.099999640137,11.2999997474253,1987,5,NA
47.4833,9.66667,1987-06-01,7.95999982208014,16.0399996414781,11.9999997317791,1987,6,NA
47.4833,9.66667,1987-06-02,8.45999981090426,15.2399996593595,11.8499997351319,1987,6,NA
47.4833,9.66667,1987-06-03,6.87999984622002,18.959999576211,12.9199997112155,1987,6,NA
47.4833,9.66667,1987-06-04,10.7999997586012,16.0199996419251,13.4099997002631,1987,6,NA
47.4833,9.66667,1987-06-05,9.84999977983534,13.8599996902049,11.8549997350201,1987,6,NA
47.4833,9.66667,1987-06-06,8.50999980978668,14.9799996651709,11.7449997374788,1987,6,NA
47.4833,9.66667,1987-06-07,8.16999981738627,21.6699995156378,14.919999666512,1987,6,NA
47.4833,9.66667,1987-06-08,12.639999717474,17.799999602139,15.2199996598065,1987,6,NA
47.4833,9.66667,1987-06-09,8.44999981112778,14.0199996866286,11.2349997488782,1987,6,NA
47.4833,9.66667,1987-06-10,6.15999986231327,14.3199996799231,10.2399997711182,1987,6,NA
47.4833,9.66667,1987-06-11,6.90999984554946,19.0099995750934,12.9599997103214,1987,6,NA
47.4833,9.66667,1987-06-12,8.70999980531633,22.669999493286,15.6899996493012,1987,6,NA
47.4833,9.66667,1987-06-13,11.6699997391552,24.3499994557351,18.0099995974451,1987,6,NA
47.4833,9.66667,1987-06-14,12.2699997257441,26.5299994070083,19.3999995663762,1987,6,NA
47.4833,9.66667,1987-06-15,13.2799997031689,20.6699995379895,16.9749996205792,1987,6,NA
47.4833,9.66667,1987-06-16,9.32999979145825,15.9399996437132,12.6349997175857,1987,6,NA
47.4833,9.66667,1987-06-17,6.97999984398484,10.8099997583777,8.89499980118126,1987,6,NA
47.4833,9.66667,1987-06-18,6.17999986186624,11.0499997530133,8.61499980743974,1987,6,NA
47.4833,9.66667,1987-06-19,7.16999983973801,11.8499997351319,9.50999978743494,1987,6,NA
47.4833,9.66667,1987-06-20,6.98999984376132,15.5599996522069,11.2749997479841,1987,6,NA
47.4833,9.66667,1987-06-21,8.29999981448054,14.1499996837229,11.2249997491017,1987,6,NA
47.4833,9.66667,1987-06-22,9.34999979101121,12.7899997141212,11.0699997525662,1987,6,NA
47.4833,9.66667,1987-06-23,7.75999982655048,17.219999615103,12.4899997208267,1987,6,NA
47.4833,9.66667,1987-06-24,9.40999978967011,19.2799995690584,14.3449996793643,1987,6,NA
47.4833,9.66667,1987-06-25,12.6599997170269,18.2399995923042,15.4499996546656,1987,6,NA
47.4833,9.66667,1987-06-26,11.2499997485429,20.9999995306134,16.1249996395782,1987,6,NA
47.4833,9.66667,1987-06-27,11.1199997514486,16.3199996352196,13.7199996933341,1987,6,NA
47.4833,9.66667,1987-06-28,10.7799997590482,21.3899995218962,16.0849996404722,1987,6,NA
47.4833,9.66667,1987-06-29,11.3999997451901,24.8299994450063,18.1149995950982,1987,6,NA
47.4833,9.66667,1987-06-30,13.7899996917695,28.2699993681163,21.0299995299429,1987,6,NA
47.4833,9.66667,1987-07-01,17.0499996189028,29.839999333024,23.4449994759634,1987,7,NA
47.4833,9.66667,1987-07-02,17.3799996115267,28.1899993699044,22.7849994907156,1987,7,NA
47.4833,9.66667,1987-07-03,14.899999666959,25.3799994327128,20.1399995498359,1987,7,NA
47.4833,9.66667,1987-07-04,17.0999996177852,24.7499994467944,20.9249995322898,1987,7,NA
47.4833,9.66667,1987-07-05,15.8999996446073,27.3399993889034,21.6199995167553,1987,7,NA
47.4833,9.66667,1987-07-06,15.4299996551126,25.0099994409829,20.2199995480478,1987,7,NA
47.4833,9.66667,1987-07-07,13.6499996948987,26.0699994172901,19.8599995560944,1987,7,NA
47.4833,9.66667,1987-07-08,16.1999996379018,25.5999994277954,20.8999995328486,1987,7,NA
47.4833,9.66667,1987-07-09,15.5099996533245,21.5599995180964,18.5349995857105,1987,7,NA
47.4833,9.66667,1987-07-10,14.1399996839464,20.3999995440245,17.2699996139854,1987,7,NA
47.4833,9.66667,1987-07-11,12.039999730885,22.3399995006621,17.1899996157736,1987,7,NA
47.4833,9.66667,1987-07-12,11.6199997402728,26.6799994036555,19.1499995719641,1987,7,NA
47.4833,9.66667,1987-07-13,15.8699996452779,26.3499994110316,21.1099995281547,1987,7,NA
47.4833,9.66667,1987-07-14,16.1099996399134,25.4599994309247,20.784999535419,1987,7,NA
47.4833,9.66667,1987-07-15,14.6899996716529,27.0799993947148,20.8849995331839,1987,7,NA
47.4833,9.66667,1987-07-16,16.1399996392429,26.9699993971735,21.5549995182082,1987,7,NA
47.4833,9.66667,1987-07-17,16.3599996343255,25.9999994188547,21.1799995265901,1987,7,NA
47.4833,9.66667,1987-07-18,15.2999996580184,25.3599994331598,20.3299995455891,1987,7,NA
47.4833,9.66667,1987-07-19,11.4499997440726,15.5499996524304,13.4999996982515,1987,7,NA
47.4833,9.66667,1987-07-20,10.1399997733533,14.9599996656179,12.5499997194856,1987,7,NA
47.4833,9.66667,1987-07-21,10.6799997612834,20.079999551177,15.3799996562302,1987,7,NA
47.4833,9.66667,1987-07-22,12.5799997188151,18.9099995773286,15.7449996480718,1987,7,NA
47.4833,9.66667,1987-07-23,12.1599997282028,20.9199995324016,16.5399996303022,1987,7,NA
47.4833,9.66667,1987-07-24,13.3699997011572,21.5599995180964,17.4649996096268,1987,7,NA
47.4833,9.66667,1987-07-25,14.5499996747822,22.7799994908273,18.6649995828047,1987,7,NA
47.4833,9.66667,1987-07-26,14.4599996767938,19.6299995612353,17.0449996190146,1987,7,NA
47.4833,9.66667,1987-07-27,9.32999979145825,14.2699996810406,11.7999997362494,1987,7,NA
47.4833,9.66667,1987-07-28,8.53999980911613,16.7799996249378,12.6599997170269,1987,7,NA
47.4833,9.66667,1987-07-29,11.0699997525662,17.8099996019155,14.4399996772408,1987,7,NA
47.4833,9.66667,1987-07-30,12.7999997138977,22.5199994966388,17.6599996052682,1987,7,NA
47.4833,9.66667,1987-07-31,13.3299997020513,17.9399995990098,15.6349996505305,1987,7,NA
47.4833,9.66667,1987-08-01,12.7899997141212,18.8599995784461,15.8249996462837,1987,8,NA
47.4833,9.66667,1987-08-02,13.5899996962398,20.63999953866,17.1149996174499,1987,8,NA
47.4833,9.66667,1987-08-03,13.1399997062981,16.2099996376783,14.6749996719882,1987,8,NA
47.4833,9.66667,1987-08-04,14.089999685064,22.7499994914979,18.4199995882809,1987,8,NA
47.4833,9.66667,1987-08-05,12.2299997266382,18.4999995864928,15.3649996565655,1987,8,NA
47.4833,9.66667,1987-08-06,8.65999980643392,13.5899996962398,11.1249997513369,1987,8,NA
47.4833,9.66667,1987-08-07,6.46999985538423,16.4299996327609,11.4499997440726,1987,8,NA
47.4833,9.66667,1987-08-08,9.44999978877604,12.8099997136742,11.1299997512251,1987,8,NA
47.4833,9.66667,1987-08-09,8.32999981380999,21.2299995254725,14.7799996696413,1987,8,NA
47.4833,9.66667,1987-08-10,11.2499997485429,18.0199995972216,14.6349996728823,1987,8,NA
47.4833,9.66667,1987-08-11,11.9399997331202,20.369999544695,16.1549996389076,1987,8,NA
47.4833,9.66667,1987-08-12,9.40999978967011,21.1999995261431,15.3049996579066,1987,8,NA
47.4833,9.66667,1987-08-13,12.0499997306615,21.1599995270371,16.6049996288493,1987,8,NA
47.4833,9.66667,1987-08-14,14.629999672994,25.1999994367361,19.9149995548651,1987,8,NA
47.4833,9.66667,1987-08-15,16.2799996361136,26.2799994125962,21.2799995243549,1987,8,NA
47.4833,9.66667,1987-08-16,16.4799996316433,22.3099995013326,19.394999566488,1987,8,NA
47.4833,9.66667,1987-08-17,10.8899997565895,24.5999994501472,17.7449996033683,1987,8,NA
47.4833,9.66667,1987-08-18,13.3999997004867,28.3099993672222,20.8549995338544,1987,8,NA
47.4833,9.66667,1987-08-19,16.2899996358901,21.1999995261431,18.7449995810166,1987,8,NA
47.4833,9.66667,1987-08-20,15.8399996459484,24.1699994597584,20.0049995528534,1987,8,NA
47.4833,9.66667,1987-08-21,13.7499996926636,25.5199994295835,19.6349995611235,1987,8,NA
47.4833,9.66667,1987-08-22,13.9999996870756,27.3399993889034,20.6699995379895,1987,8,NA
47.4833,9.66667,1987-08-23,14.4099996779114,28.9799993522465,21.694999515079,1987,8,NA
47.4833,9.66667,1987-08-24,15.6199996508658,23.8399994671345,19.7299995590001,1987,8,NA
47.4833,9.66667,1987-08-25,14.0099996868521,21.8099995125085,17.9099995996803,1987,8,NA
47.4833,9.66667,1987-08-26,12.0099997315556,16.6899996269494,14.3499996792525,1987,8,NA
47.4833,9.66667,1987-08-27,11.5199997425079,19.4399995654821,15.479999653995,1987,8,NA
47.4833,9.66667,1987-08-28,11.0599997527897,16.6199996285141,13.8399996906519,1987,8,NA
47.4833,9.66667,1987-08-29,11.3999997451901,16.5799996294081,13.9899996872991,1987,8,NA
47.4833,9.66667,1987-08-30,9.5299997869879,20.9099995326251,15.2199996598065,1987,8,NA
47.4833,9.66667,1987-08-31,11.189999749884,23.5499994736165,17.3699996117502,1987,8,NA
47.4833,9.66667,1987-09-01,12.3599997237325,25.1999994367361,18.7799995802343,1987,9,NA
47.4833,9.66667,1987-09-02,13.5399996973574,25.819999422878,19.6799995601177,1987,9,NA
47.4833,9.66667,1987-09-03,14.1599996834993,23.3399994783103,18.7499995809048,1987,9,NA
47.4833,9.66667,1987-09-04,13.2299997042865,22.7399994917214,17.9849995980039,1987,9,NA
47.4833,9.66667,1987-09-05,15.1099996622652,21.0499995294958,18.0799995958805,1987,9,NA
47.4833,9.66667,1987-09-06,13.4799996986985,19.8199995569885,16.6499996278435,1987,9,NA
47.4833,9.66667,1987-09-07,11.3399997465312,18.0499995965511,14.6949996715412,1987,9,NA
47.4833,9.66667,1987-09-08,10.1099997740239,22.109999505803,16.1099996399134,1987,9,NA
47.4833,9.66667,1987-09-09,13.5499996971339,19.229999570176,16.389999633655,1987,9,NA
47.4833,9.66667,1987-09-10,12.1599997282028,20.2399995476007,16.1999996379018,1987,9,NA
47.4833,9.66667,1987-09-11,10.7599997594953,21.54999951832,16.1549996389076,1987,9,NA
47.4833,9.66667,1987-09-12,12.0999997295439,20.9899995308369,16.5449996301904,1987,9,NA
47.4833,9.66667,1987-09-13,12.7099997159094,25.2299994360656,18.9699995759875,1987,9,NA
47.4833,9.66667,1987-09-14,15.9899996425956,27.869999377057,21.9299995098263,1987,9,NA
47.4833,9.66667,1987-09-15,15.3999996557832,28.8899993542582,22.1449995050207,1987,9,NA
47.4833,9.66667,1987-09-16,14.8899996671826,24.7499994467944,19.8199995569885,1987,9,NA
47.4833,9.66667,1987-09-17,13.8499996904284,26.0199994184077,19.934999554418,1987,9,NA
47.4833,9.66667,1987-09-18,15.5599996522069,28.8299993555993,22.1949995039031,1987,9,NA
47.4833,9.66667,1987-09-19,15.2599996589124,28.2499993685633,21.7549995137379,1987,9,NA
47.4833,9.66667,1987-09-20,14.5099996756762,24.8699994441122,19.6899995598942,1987,9,NA
47.4833,9.66667,1987-09-21,15.0399996638298,27.3299993891269,21.1849995264784,1987,9,NA
47.4833,9.66667,1987-09-22,13.9299996886402,26.7199994027615,20.3249995457008,1987,9,NA
47.4833,9.66667,1987-09-23,14.4999996758997,25.8999994210899,20.1999995484948,1987,9,NA
47.4833,9.66667,1987-09-24,14.1099996846169,23.8699994664639,18.9899995755404,1987,9,NA
47.4833,9.66667,1987-09-25,12.6799997165799,18.1299995947629,15.4049996556714,1987,9,NA
47.4833,9.66667,1987-09-26,10.31999976933,17.2099996153265,13.7649996923283,1987,9,NA
47.4833,9.66667,1987-09-27,11.3199997469783,15.1299996618181,13.2249997043982,1987,9,NA
47.4833,9.66667,1987-09-28,7.90999982319772,12.619999717921,10.2649997705594,1987,9,NA
47.4833,9.66667,1987-09-29,5.45999987795949,13.1899997051805,9.32499979157001,1987,9,NA
47.4833,9.66667,1987-09-30,5.15999988466501,12.6699997168034,8.91499980073422,1987,9,NA
47.4833,9.66667,1987-10-01,2.59999994188547,13.9599996879697,8.27999981492758,1987,10,1988
47.4833,9.66667,1987-10-02,1.86999995820224,11.8899997342378,6.87999984622002,1987,10,1988
47.4833,9.66667,1987-10-03,2.57999994233251,11.479999743402,7.02999984286726,1987,10,1988
47.4833,9.66667,1987-10-04,6.09999986365438,12.0699997302145,9.08499979693443,1987,10,1988
47.4833,9.66667,1987-10-05,8.11999981850386,15.5099996533245,11.8149997359142,1987,10,1988
47.4833,9.66667,1987-10-06,9.37999979034066,19.7799995578825,14.5799996741116,1987,10,1988
47.4833,9.66667,1987-10-07,11.5499997418374,18.9499995764345,15.2499996591359,1987,10,1988
47.4833,9.66667,1987-10-08,8.87999980151653,15.9099996443838,12.3949997229502,1987,10,1988
47.4833,9.66667,1987-10-09,7.2899998370558,14.8699996676296,11.0799997523427,1987,10,1988
47.4833,9.66667,1987-10-10,6.09999986365438,16.0899996403605,11.0949997520074,1987,10,1988
47.4833,9.66667,1987-10-11,8.90999980084598,22.8199994899333,15.8649996453896,1987,10,1988
47.4833,9.66667,1987-10-12,11.5599997416139,18.669999582693,15.1149996621534,1987,10,1988
47.4833,9.66667,1987-10-13,5.94999986700714,11.479999743402,8.71499980520457,1987,10,1988
47.4833,9.66667,1987-10-14,3.11999993026257,13.8299996908754,8.47499981056899,1987,10,1988
47.4833,9.66667,1987-10-15,5.83999986946583,13.4599996991456,9.64999978430569,1987,10,1988
47.4833,9.66667,1987-10-16,9.04999979771674,20.1899995487183,14.6199996732175,1987,10,1988
47.4833,9.66667,1987-10-17,13.3599997013807,22.6799994930625,18.0199995972216,1987,10,1988
47.4833,9.66667,1987-10-18,9.34999979101121,13.2299997042865,11.2899997476488,1987,10,1988
47.4833,9.66667,1987-10-19,6.12999986298382,14.7199996709824,10.4249997669831,1987,10,1988
47.4833,9.66667,1987-10-20,3.21999992802739,13.1499997060746,8.18499981705099,1987,10,1988
47.4833,9.66667,1987-10-21,3.23999992758036,13.6199996955693,8.42999981157482,1987,10,1988
47.4833,9.66667,1987-10-22,5.98999986611307,16.079999640584,11.0349997533485,1987,10,1988
47.4833,9.66667,1987-10-23,7.31999983638525,11.3099997472018,9.31499979179353,1987,10,1988
47.4833,9.66667,1987-10-24,6.10999986343086,10.029999775812,8.06999981962144,1987,10,1988
47.4833,9.66667,1987-10-25,5.19999988377094,13.4199997000396,9.30999979190528,1987,10,1988
47.4833,9.66667,1987-10-26,7.29999983683228,13.3699997011572,10.3349997689947,1987,10,1988
47.4833,9.66667,1987-10-27,8.13999981805682,10.879999756813,9.50999978743494,1987,10,1988
47.4833,9.66667,1987-10-28,7.89999982342124,13.2499997038394,10.5749997636303,1987,10,1988
47.4833,9.66667,1987-10-29,7.45999983325601,13.0499997083098,10.2549997707829,1987,10,1988
47.4833,9.66667,1987-10-30,7.06999984197319,12.1199997290969,9.59499978553504,1987,10,1988
47.4833,9.66667,1987-10-31,8.34999981336296,12.1699997279793,10.2599997706711,1987,10,1988
47.4833,9.66667,1987-11-01,6.34999985806644,12.7199997156858,9.53499978687614,1987,11,1988
47.4833,9.66667,1987-11-02,7.14999984018505,13.2999997027218,10.2249997714534,1987,11,1988
47.4833,9.66667,1987-11-03,7.08999984152615,11.2599997483194,9.17499979492277,1987,11,1988
47.4833,9.66667,1987-11-04,4.40999990142882,10.6799997612834,7.54499983135611,1987,11,1988
47.4833,9.66667,1987-11-05,2.6399999409914,9.02999979816377,5.83499986957759,1987,11,1988
47.4833,9.66667,1987-11-06,1.68999996222556,7.18999983929098,4.43999990075827,1987,11,1988
47.4833,9.66667,1987-11-07,1.17999997362494,8.95999979972839,5.06999988667667,1987,11,1988
47.4833,9.66667,1987-11-08,0.149999996647239,7.18999983929098,3.66999991796911,1987,11,1988
47.4833,9.66667,1987-11-09,-0.449999989941716,8.48999981023371,4.019999910146,1987,11,1988
47.4833,9.66667,1987-11-10,2.04999995417893,10.3499997686595,6.1999998614192,1987,11,1988
47.4833,9.66667,1987-11-11,2.02999995462596,7.749999826774,4.88999989069998,1987,11,1988
47.4833,9.66667,1987-11-12,4.66999989561737,9.6999997831881,7.18499983940274,1987,11,1988
47.4833,9.66667,1987-11-13,3.14999992959201,12.1099997293204,7.62999982945621,1987,11,1988
47.4833,9.66667,1987-11-14,3.97999991104007,9.50999978743494,6.7449998492375,1987,11,1988
47.4833,9.66667,1987-11-15,2.44999994523823,8.01999982073903,5.23499988298863,1987,11,1988
47.4833,9.66667,1987-11-16,0.649999985471368,8.12999981828034,4.38999990187585,1987,11,1988
47.4833,9.66667,1987-11-17,1.74999996088445,10.339999768883,6.04499986488372,1987,11,1988
47.4833,9.66667,1987-11-18,5.64999987371266,9.51999978721142,7.58499983046204,1987,11,1988
47.4833,9.66667,1987-11-19,4.8199998922646,7.68999982811511,6.25499986018986,1987,11,1988
47.4833,9.66667,1987-11-20,2.42999994568527,8.96999979950488,5.69999987259507,1987,11,1988
47.4833,9.66667,1987-11-21,3.00999993272126,9.5899997856468,6.29999985918403,1987,11,1988
47.4833,9.66667,1987-11-22,2.08999995328486,4.04999990947545,3.06999993138015,1987,11,1988
47.4833,9.66667,1987-11-23,1.74999996088445,3.91999991238117,2.83499993663281,1987,11,1988
47.4833,9.66667,1987-11-24,0.679999984800816,5.98999986611307,3.33499992545694,1987,11,1988
47.4833,9.66667,1987-11-25,-0.769999982789159,4.00999991036952,1.61999996379018,1987,11,1988
47.4833,9.66667,1987-11-26,0.599999986588955,5.66999987326562,3.13499992992729,1987,11,1988
47.4833,9.66667,1987-11-27,-1.30999997071922,3.14999992959201,0.919999979436398,1987,11,1988
47.4833,9.66667,1987-11-28,0.379999991506338,1.8399999588728,1.10999997518957,1987,11,1988
47.4833,9.66667,1987-11-29,-0.219999995082617,2.01999995484948,0.899999979883432,1987,11,1988
47.4833,9.66667,1987-11-30,-0.549999987706542,1.57999996468425,0.514999988488853,1987,11,1988
47.4833,9.66667,1987-12-01,-0.229999994859099,1.719999961555,0.744999983347952,1987,12,1988
47.4833,9.66667,1987-12-02,-0.369999991729856,2.39999994635582,1.01499997731298,1987,12,1988
47.4833,9.66667,1987-12-03,-1.49999996647239,2.61999994143844,0.559999987483025,1987,12,1988
47.4833,9.66667,1987-12-04,-3.08999993093312,2.56999994255602,-0.259999994188547,1987,12,1988
47.4833,9.66667,1987-12-05,-4.17999990656972,2.73999993875623,-0.719999983906746,1987,12,1988
47.4833,9.66667,1987-12-06,-1.85999995842576,3.60999991931021,0.874999980442226,1987,12,1988
47.4833,9.66667,1987-12-07,-0.249999994412065,4.89999989047647,2.3249999480322,1987,12,1988
47.4833,9.66667,1987-12-08,-0.239999994635582,4.8799998909235,2.31999994814396,1987,12,1988
47.4833,9.66667,1987-12-09,-3.39999992400408,-0.539999987930059,-1.96999995596707,1987,12,1988
47.4833,9.66667,1987-12-10,-5.44999987818301,-3.24999992735684,-4.34999990276992,1987,12,1988
47.4833,9.66667,1987-12-11,-5.97999986633658,-2.61999994143844,-4.29999990388751,1987,12,1988
47.4833,9.66667,1987-12-12,-6.70999985001981,-0.459999989718199,-3.58499991986901,1987,12,1988
47.4833,9.66667,1987-12-13,-6.66999985091388,0.249999994412065,-3.20999992825091,1987,12,1988
47.4833,9.66667,1987-12-14,-4.27999990433455,-1.18999997340143,-2.73499993886799,1987,12,1988
47.4833,9.66667,1987-12-15,-5.19999988377094,0.839999981224537,-2.1799999512732,1987,12,1988
47.4833,9.66667,1987-12-16,-1.80999995954335,3.27999992668629,0.73499998357147,1987,12,1988
47.4833,9.66667,1987-12-17,-0.689999984577298,7.62999982945621,3.46999992243946,1987,12,1988
47.4833,9.66667,1987-12-18,5.01999988779426,9.19999979436398,7.10999984107912,1987,12,1988
47.4833,9.66667,1987-12-19,7.23999983817339,11.7599997371435,9.49999978765845,1987,12,1988
47.4833,9.66667,1987-12-20,5.88999986834824,10.7999997586012,8.34499981347471,1987,12,1988
47.4833,9.66667,1987-12-21,4.59999989718199,7.67999982833862,6.13999986276031,1987,12,1988
47.4833,9.66667,1987-12-22,4.31999990344048,9.68999978341162,7.00499984342605,1987,12,1988
47.4833,9.66667,1987-12-23,0.709999984130263,5.66999987326562,3.18999992869794,1987,12,1988
47.4833,9.66667,1987-12-24,0.209999995306134,5.23999988287687,2.7249999390915,1987,12,1988
47.4833,9.66667,1987-12-25,-1.81999995931983,2.31999994814396,0.249999994412065,1987,12,1988
47.4833,9.66667,1987-12-26,-3.39999992400408,3.9599999114871,0.279999993741512,1987,12,1988
47.4833,9.66667,1987-12-27,-0.149999996647239,6.4899998549372,3.16999992914498,1987,12,1988
47.4833,9.66667,1987-12-28,1.19999997317791,9.20999979414046,5.20499988365918,1987,12,1988
47.4833,9.66667,1987-12-29,1.72999996133149,10.2799997702241,6.00499986577779,1987,12,1988
47.4833,9.66667,1987-12-30,-0.119999997317791,6.78999984823167,3.33499992545694,1987,12,1988
47.4833,9.66667,1987-12-31,-0.209999995306134,10.1099997740239,4.94999988935888,1987,12,1988
47.4833,9.66667,1988-01-01,0.189999995753169,7.1199998408556,3.65499991830438,1988,1,1988
47.4833,9.66667,1988-01-02,2.18999995104969,6.93999984487891,4.5649998979643,1988,1,1988
47.4833,9.66667,1988-01-03,1.96999995596707,10.6999997608364,6.33499985840172,1988,1,1988
47.4833,9.66667,1988-01-04,3.3299999255687,8.97999979928136,6.15499986242503,1988,1,1988
47.4833,9.66667,1988-01-05,2.01999995484948,7.15999983996153,4.58999989740551,1988,1,1988
47.4833,9.66667,1988-01-06,3.75999991595745,12.349999723956,8.05499981995672,1988,1,1988
47.4833,9.66667,1988-01-07,2.77999993786216,14.4799996763468,8.62999980710447,1988,1,1988
47.4833,9.66667,1988-01-08,1.4899999666959,6.41999985650182,3.95499991159886,1988,1,1988
47.4833,9.66667,1988-01-09,-0.979999978095293,4.72999989427626,1.87499995809048,1988,1,1988
47.4833,9.66667,1988-01-10,-3.41999992355704,4.60999989695847,0.594999986700714,1988,1,1988
47.4833,9.66667,1988-01-11,-3.31999992579222,6.21999986097217,1.44999996758997,1988,1,1988
47.4833,9.66667,1988-01-12,-0.289999993517995,5.19999988377094,2.45499994512647,1988,1,1988
47.4833,9.66667,1988-01-13,-2.44999994523823,2.89999993517995,0.224999994970858,1988,1,1988
47.4833,9.66667,1988-01-14,-3.10999993048608,4.83999989181757,0.864999980665743,1988,1,1988
47.4833,9.66667,1988-01-15,-0.829999981448054,7.03999984264374,3.10499993059784,1988,1,1988
47.4833,9.66667,1988-01-16,-0.719999983906746,7.68999982811511,3.48499992210418,1988,1,1988
47.4833,9.66667,1988-01-17,-1.35999996960163,7.27999983727932,2.95999993383884,1988,1,1988
47.4833,9.66667,1988-01-18,-0.339999992400408,6.46999985538423,3.06499993149191,1988,1,1988
47.4833,9.66667,1988-01-19,0.0999999977648258,5.67999987304211,2.88999993540347,1988,1,1988
47.4833,9.66667,1988-01-20,-1.0899999756366,3.66999991796911,1.28999997116625,1988,1,1988
47.4833,9.66667,1988-01-21,-1.52999996580184,3.67999991774559,1.07499997597188,1988,1,1988
47.4833,9.66667,1988-01-22,-1.18999997340143,3.27999992668629,1.04499997664243,1988,1,1988
47.4833,9.66667,1988-01-23,-2.15999995172024,5.99999986588955,1.91999995708466,1988,1,1988
47.4833,9.66667,1988-01-24,-0.459999989718199,3.65999991819263,1.59999996423721,1988,1,1988
47.4833,9.66667,1988-01-25,-0.299999993294477,6.63999985158443,3.16999992914498,1988,1,1988
47.4833,9.66667,1988-01-26,2.68999993987381,9.16999979503453,5.92999986745417,1988,1,1988
47.4833,9.66667,1988-01-27,3.08999993093312,10.029999775812,6.55999985337257,1988,1,1988
47.4833,9.66667,1988-01-28,2.59999994188547,8.06999981962144,5.33499988075346,1988,1,1988
47.4833,9.66667,1988-01-29,2.68999993987381,10.6999997608364,6.69499985035509,1988,1,1988
47.4833,9.66667,1988-01-30,3.50999992154539,10.5899997632951,7.04999984242022,1988,1,1988
47.4833,9.66667,1988-01-31,1.07999997586012,4.00999991036952,2.54499994311482,1988,1,1988
47.4833,9.66667,1988-02-01,-0.469999989494681,2.55999994277954,1.04499997664243,1988,2,1988
47.4833,9.66667,1988-02-02,-2.62999994121492,7.82999982498586,2.59999994188547,1988,2,1988
47.4833,9.66667,1988-02-03,2.02999995462596,6.72999984957278,4.37999990209937,1988,2,1988
47.4833,9.66667,1988-02-04,2.14999995194376,9.02999979816377,5.58999987505376,1988,2,1988
47.4833,9.66667,1988-02-05,-0.549999987706542,10.4499997664243,4.94999988935888,1988,2,1988
47.4833,9.66667,1988-02-06,-1.29999997094274,5.7999998703599,2.24999994970858,1988,2,1988
47.4833,9.66667,1988-02-07,1.65999996289611,8.24999981559813,4.95499988924712,1988,2,1988
47.4833,9.66667,1988-02-08,0.259999994188547,2.6399999409914,1.44999996758997,1988,2,1988
47.4833,9.66667,1988-02-09,-0.639999985694885,3.1599999293685,1.25999997183681,1988,2,1988
47.4833,9.66667,1988-02-10,-1.97999995574355,6.57999985292554,2.29999994859099,1988,2,1988
47.4833,9.66667,1988-02-11,0.429999990388751,4.96999988891184,2.6999999396503,1988,2,1988
47.4833,9.66667,1988-02-12,-0.189999995753169,4.89999989047647,2.35499994736165,1988,2,1988
47.4833,9.66667,1988-02-13,-0.0599999986588955,4.89999989047647,2.41999994590878,1988,2,1988
47.4833,9.66667,1988-02-14,-3.22999992780387,3.85999991372228,0.314999992959201,1988,2,1988
47.4833,9.66667,1988-02-15,-5.76999987103045,4.74999989382923,-0.509999988600612,1988,2,1988
47.4833,9.66667,1988-02-16,-5.62999987415969,5.2799998819828,-0.174999996088445,1988,2,1988
47.4833,9.66667,1988-02-17,-4.12999990768731,7.8099998254329,1.8399999588728,1988,2,1988
47.4833,9.66667,1988-02-18,-2.6399999409914,6.5999998524785,1.97999995574355,1988,2,1988
47.4833,9.66667,1988-02-19,-1.52999996580184,4.96999988891184,1.719999961555,1988,2,1988
47.4833,9.66667,1988-02-20,0.329999992623925,2.94999993406236,1.63999996334314,1988,2,1988
47.4833,9.66667,1988-02-21,-0.249999994412065,3.74999991618097,1.74999996088445,1988,2,1988
47.4833,9.66667,1988-02-22,-4.15999990701675,4.56999989785254,0.204999995417893,1988,2,1988
47.4833,9.66667,1988-02-23,-4.97999988868833,5.5699998755008,0.294999993406236,1988,2,1988
47.4833,9.66667,1988-02-24,-3.31999992579222,6.97999984398484,1.82999995909631,1988,2,1988
47.4833,9.66667,1988-02-25,-2.27999994903803,0.819999981671572,-0.729999983683228,1988,2,1988
47.4833,9.66667,1988-02-26,-3.79999991506338,-1.23999997228384,-2.51999994367361,1988,2,1988
47.4833,9.66667,1988-02-27,-3.71999991685152,-1.23999997228384,-2.47999994456768,1988,2,1988
47.4833,9.66667,1988-02-28,-3.58999991975725,-0.479999989271164,-2.03499995451421,1988,2,1988
47.4833,9.66667,1988-02-29,-2.89999993517995,1.27999997138977,-0.809999981895089,1988,2,1988
47.4833,9.66667,1988-03-01,-2.20999995060265,0.949999978765845,-0.629999985918403,1988,3,1988
47.4833,9.66667,1988-03-02,-2.55999994277954,-0.0999999977648258,-1.32999997027218,1988,3,1988
47.4833,9.66667,1988-03-03,-3.23999992758036,0.249999994412065,-1.49499996658415,1988,3,1988
47.4833,9.66667,1988-03-04,-5.72999987192452,2.25999994948506,-1.73499996121973,1988,3,1988
47.4833,9.66667,1988-03-05,-3.77999991551042,3.85999991372228,0.0399999991059303,1988,3,1988
47.4833,9.66667,1988-03-06,-2.95999993383884,1.35999996960163,-0.799999982118607,1988,3,1988
47.4833,9.66667,1988-03-07,-3.27999992668629,1.49999996647239,-0.88999998010695,1988,3,1988
47.4833,9.66667,1988-03-08,-0.919999979436398,2.64999994076788,0.864999980665743,1988,3,1988
47.4833,9.66667,1988-03-09,-3.75999991595745,0.0799999982118607,-1.8399999588728,1988,3,1988
47.4833,9.66667,1988-03-10,-6.10999986343086,0.649999985471368,-2.72999993897974,1988,3,1988
47.4833,9.66667,1988-03-11,-8.31999981403351,3.60999991931021,-2.35499994736165,1988,3,1988
47.4833,9.66667,1988-03-12,-1.58999996446073,1.56999996490777,-0.00999999977648258,1988,3,1988
47.4833,9.66667,1988-03-13,0.379999991506338,3.07999993115664,1.72999996133149,1988,3,1988
47.4833,9.66667,1988-03-14,1.35999996960163,5.22999988310039,3.29499992635101,1988,3,1988
47.4833,9.66667,1988-03-15,1.70999996177852,5.58999987505376,3.64999991841614,1988,3,1988
47.4833,9.66667,1988-03-16,2.44999994523823,11.6199997402728,7.0349998427555,1988,3,1988
47.4833,9.66667,1988-03-17,3.65999991819263,11.0399997532368,7.3499998357147,1988,3,1988
47.4833,9.66667,1988-03-18,2.49999994412065,5.58999987505376,4.0449999095872,1988,3,1988
47.4833,9.66667,1988-03-19,0.819999981671572,4.04999990947545,2.43499994557351,1988,3,1988
47.4833,9.66667,1988-03-20,-1.11999997496605,7.36999983526766,3.12499993015081,1988,3,1988
47.4833,9.66667,1988-03-21,4.56999989785254,12.1399997286499,8.3549998132512,1988,3,1988
47.4833,9.66667,1988-03-22,5.40999987907708,10.4099997673184,7.90999982319772,1988,3,1988
47.4833,9.66667,1988-03-23,3.04999993182719,7.45999983325601,5.2549998825416,1988,3,1988
47.4833,9.66667,1988-03-24,2.60999994166195,6.52999985404313,4.56999989785254,1988,3,1988
47.4833,9.66667,1988-03-25,1.81999995931983,6.29999985918403,4.05999990925193,1988,3,1988
47.4833,9.66667,1988-03-26,3.05999993160367,8.96999979950488,6.01499986555427,1988,3,1988
47.4833,9.66667,1988-03-27,1.88999995775521,8.22999981604517,5.05999988690019,1988,3,1988
47.4833,9.66667,1988-03-28,0.88999998010695,5.71999987214804,3.30499992612749,1988,3,1988
47.4833,9.66667,1988-03-29,0.629999985918403,4.52999989874661,2.57999994233251,1988,3,1988
47.4833,9.66667,1988-03-30,1.30999997071922,11.2199997492135,6.26499985996634,1988,3,1988
47.4833,9.66667,1988-03-31,2.74999993853271,12.1499997284263,7.44999983347952,1988,3,1988
47.4833,9.66667,1988-04-01,0.92999997921288,4.84999989159405,2.88999993540347,1988,4,1988
47.4833,9.66667,1988-04-02,1.79999995976686,7.16999983973801,4.48499989975244,1988,4,1988
47.4833,9.66667,1988-04-03,0.00999999977648258,9.87999977916479,4.94499988947064,1988,4,1988
47.4833,9.66667,1988-04-04,0.539999987930059,12.329999724403,6.43499985616654,1988,4,1988
47.4833,9.66667,1988-04-05,2.6999999396503,10.6999997608364,6.69999985024333,1988,4,1988
47.4833,9.66667,1988-04-06,2.94999993406236,9.90999977849424,6.4299998562783,1988,4,1988
47.4833,9.66667,1988-04-07,3.92999991215765,13.2399997040629,8.5849998081103,1988,4,1988
47.4833,9.66667,1988-04-08,4.19999990612268,14.1399996839464,9.16999979503453,1988,4,1988
47.4833,9.66667,1988-04-09,6.43999985605478,9.759999781847,8.09999981895089,1988,4,1988
47.4833,9.66667,1988-04-10,5.76999987103045,14.1499996837229,9.95999977737665,1988,4,1988
47.4833,9.66667,1988-04-11,1.11999997496605,8.86999980174005,4.99499988835305,1988,4,1988
47.4833,9.66667,1988-04-12,0.569999987259507,14.9499996658415,7.75999982655048,1988,4,1988
47.4833,9.66667,1988-04-13,4.91999989002943,18.1299995947629,11.5249997423962,1988,4,1988
47.4833,9.66667,1988-04-14,4.8199998922646,9.10999979637563,6.96499984432012,1988,4,1988
47.4833,9.66667,1988-04-15,0.439999990165234,11.9099997337908,6.17499986197799,1988,4,1988
47.4833,9.66667,1988-04-16,0.539999987930059,15.6399996504188,8.08999981917441,1988,4,1988
47.4833,9.66667,1988-04-17,8.06999981962144,19.9299995545298,13.9999996870756,1988,4,1988
47.4833,9.66667,1988-04-18,7.67999982833862,15.0899996627122,11.3849997455254,1988,4,1988
47.4833,9.66667,1988-04-19,7.00999984331429,19.0099995750934,13.0099997092038,1988,4,1988
47.4833,9.66667,1988-04-20,7.14999984018505,22.8299994897097,14.9899996649474,1988,4,1988
47.4833,9.66667,1988-04-21,8.47999981045723,15.1299996618181,11.8049997361377,1988,4,1988
47.4833,9.66667,1988-04-22,6.39999985694885,15.189999660477,10.7949997587129,1988,4,1988
47.4833,9.66667,1988-04-23,5.34999988041818,17.4299996104091,11.3899997454137,1988,4,1988
47.4833,9.66667,1988-04-24,5.18999988399446,15.0499996636063,10.1199997738004,1988,4,1988
47.4833,9.66667,1988-04-25,1.06999997608364,12.9499997105449,7.00999984331429,1988,4,1988
47.4833,9.66667,1988-04-26,0.379999991506338,13.8599996902049,7.1199998408556,1988,4,1988
47.4833,9.66667,1988-04-27,2.1799999512732,15.6699996497482,8.9249998005107,1988,4,1988
47.4833,9.66667,1988-04-28,4.74999989382923,15.3999996557832,10.0749997748062,1988,4,1988
47.4833,9.66667,1988-04-29,5.47999987751245,10.5399997644126,8.00999982096255,1988,4,1988
47.4833,9.66667,1988-04-30,4.42999990098178,15.0599996633828,9.74499978218228,1988,4,1988
47.4833,9.66667,1988-05-01,7.06999984197319,17.2799996137619,12.1749997278675,1988,5,NA
47.4833,9.66667,1988-05-02,6.43999985605478,20.969999531284,13.7049996936694,1988,5,NA
47.4833,9.66667,1988-05-03,10.2899997700006,20.3199995458126,15.3049996579066,1988,5,NA
47.4833,9.66667,1988-05-04,8.10999981872737,15.9099996443838,12.0099997315556,1988,5,NA
47.4833,9.66667,1988-05-05,7.03999984264374,16.099999640137,11.5699997413903,1988,5,NA
47.4833,9.66667,1988-05-06,7.24999983794987,16.4899996314198,11.8699997346848,1988,5,NA
47.4833,9.66667,1988-05-07,8.88999980129302,21.839999511838,15.3649996565655,1988,5,NA
47.4833,9.66667,1988-05-08,9.89999977871776,23.4699994754046,16.6849996270612,1988,5,NA
47.4833,9.66667,1988-05-09,14.1499996837229,24.5499994512647,19.3499995674938,1988,5,NA
47.4833,9.66667,1988-05-10,10.5499997641891,20.4199995435774,15.4849996538833,1988,5,NA
47.4833,9.66667,1988-05-11,11.5499997418374,16.7399996258318,14.1449996838346,1988,5,NA
47.4833,9.66667,1988-05-12,11.0599997527897,19.2599995695055,15.1599996611476,1988,5,NA
47.4833,9.66667,1988-05-13,7.35999983549118,22.0699995066971,14.7149996710941,1988,5,NA
47.4833,9.66667,1988-05-14,10.2799997702241,21.6599995158613,15.9699996430427,1988,5,NA
47.4833,9.66667,1988-05-15,9.68999978341162,21.2299995254725,15.4599996544421,1988,5,NA
47.4833,9.66667,1988-05-16,10.4299997668713,22.1399995051324,16.2849996360019,1988,5,NA
47.4833,9.66667,1988-05-17,12.0999997295439,20.0599995516241,16.079999640584,1988,5,NA
47.4833,9.66667,1988-05-18,11.9699997324497,18.9999995753169,15.4849996538833,1988,5,NA
47.4833,9.66667,1988-05-19,11.459999743849,16.4899996314198,13.9749996876344,1988,5,NA
47.4833,9.66667,1988-05-20,10.0599997751415,17.6999996043742,13.8799996897578,1988,5,NA
47.4833,9.66667,1988-05-21,8.16999981738627,12.059999730438,10.1149997739121,1988,5,NA
47.4833,9.66667,1988-05-22,5.19999988377094,12.4999997206032,8.84999980218709,1988,5,NA
47.4833,9.66667,1988-05-23,2.51999994367361,16.8899996224791,9.70499978307635,1988,5,NA
47.4833,9.66667,1988-05-24,4.8199998922646,20.4199995435774,12.619999717921,1988,5,NA
47.4833,9.66667,1988-05-25,8.79999980330467,20.4499995429069,14.6249996731058,1988,5,NA
47.4833,9.66667,1988-05-26,10.2199997715652,25.1599994376302,17.6899996045977,1988,5,NA
47.4833,9.66667,1988-05-27,11.1999997496605,23.4999994747341,17.3499996121973,1988,5,NA
47.4833,9.66667,1988-05-28,12.0299997311085,19.209999570623,15.6199996508658,1988,5,NA
47.4833,9.66667,1988-05-29,10.7099997606128,15.0399996638298,12.8749997122213,1988,5,NA
47.4833,9.66667,1988-05-30,8.1499998178333,19.0999995730817,13.6249996954575,1988,5,NA
47.4833,9.66667,1988-05-31,7.68999982811511,19.5599995627999,13.6249996954575,1988,5,NA
47.4833,9.66667,1988-06-01,8.74999980442226,13.3499997016042,11.0499997530133,1988,6,NA
47.4833,9.66667,1988-06-02,8.17999981716275,15.3499996569008,11.7649997370318,1988,6,NA
47.4833,9.66667,1988-06-03,9.07999979704618,15.9199996441603,12.4999997206032,1988,6,NA
47.4833,9.66667,1988-06-04,8.93999980017543,22.9199994876981,15.9299996439368,1988,6,NA
47.4833,9.66667,1988-06-05,10.3499997686595,17.0299996193498,13.6899996940047,1988,6,NA
47.4833,9.66667,1988-06-06,6.67999985069036,9.78999978117645,8.23499981593341,1988,6,NA
47.4833,9.66667,1988-06-07,5.31999988108873,7.749999826774,6.53499985393137,1988,6,NA
47.4833,9.66667,1988-06-08,6.5999998524785,12.5299997199327,9.56499978620559,1988,6,NA
47.4833,9.66667,1988-06-09,5.87999986857176,18.399999588728,12.1399997286499,1988,6,NA
47.4833,9.66667,1988-06-10,7.87999982386827,20.929999532178,14.4049996780232,1988,6,NA
47.4833,9.66667,1988-06-11,10.8299997579306,21.1299995277077,15.9799996428192,1988,6,NA
47.4833,9.66667,1988-06-12,11.3599997460842,22.5099994968623,16.9349996214733,1988,6,NA
47.4833,9.66667,1988-06-13,11.3199997469783,20.369999544695,15.8449996458367,1988,6,NA
47.4833,9.66667,1988-06-14,12.1499997284263,20.679999537766,16.4149996330962,1988,6,NA
47.4833,9.66667,1988-06-15,10.0799997746944,23.0099994856864,16.5449996301904,1988,6,NA
47.4833,9.66667,1988-06-16,12.7199997156858,22.5799994952977,17.6499996054918,1988,6,NA
47.4833,9.66667,1988-06-17,13.4599996991456,22.1899995040148,17.8249996015802,1988,6,NA
47.4833,9.66667,1988-06-18,11.3699997458607,21.1999995261431,16.2849996360019,1988,6,NA
47.4833,9.66667,1988-06-19,8.67999980598688,21.1399995274842,14.9099996667355,1988,6,NA
47.4833,9.66667,1988-06-20,9.99999977648258,22.0799995064735,16.0399996414781,1988,6,NA
47.4833,9.66667,1988-06-21,11.9199997335672,20.2299995478243,16.0749996406958,1988,6,NA
47.4833,9.66667,1988-06-22,10.4199997670949,18.9799995757639,14.6999996714294,1988,6,NA
47.4833,9.66667,1988-06-23,11.0599997527897,21.3799995221198,16.2199996374547,1988,6,NA
47.4833,9.66667,1988-06-24,11.9099997337908,18.7099995817989,15.3099996577948,1988,6,NA
47.4833,9.66667,1988-06-25,8.27999981492758,21.3799995221198,14.8299996685237,1988,6,NA
47.4833,9.66667,1988-06-26,10.4999997653067,20.1899995487183,15.3449996570125,1988,6,NA
47.4833,9.66667,1988-06-27,11.8999997340143,20.3799995444715,16.1399996392429,1988,6,NA
47.4833,9.66667,1988-06-28,10.7599997594953,22.8799994885921,16.8199996240437,1988,6,NA
47.4833,9.66667,1988-06-29,12.7299997154623,22.5099994968623,17.6199996061623,1988,6,NA
47.4833,9.66667,1988-06-30,13.0699997078627,23.849999466911,18.4599995873868,1988,6,NA
47.4833,9.66667,1988-07-01,14.2599996812642,25.52999942936,19.8949995553121,1988,7,NA
47.4833,9.66667,1988-07-02,14.1999996826053,24.969999441877,19.5849995622411,1988,7,NA
47.4833,9.66667,1988-07-03,10.3999997675419,20.5099995415658,15.4549996545538,1988,7,NA
47.4833,9.66667,1988-07-04,10.0799997746944,17.3799996115267,13.7299996931106,1988,7,NA
47.4833,9.66667,1988-07-05,11.6199997402728,20.7099995370954,16.1649996386841,1988,7,NA
47.4833,9.66667,1988-07-06,14.1399996839464,28.9999993517995,21.5699995178729,1988,7,NA
47.4833,9.66667,1988-07-07,12.1199997290969,22.4299994986504,17.2749996138737,1988,7,NA
47.4833,9.66667,1988-07-08,13.6599996946752,20.8799995332956,17.2699996139854,1988,7,NA
47.4833,9.66667,1988-07-09,12.2299997266382,22.3599995002151,17.2949996134266,1988,7,NA
47.4833,9.66667,1988-07-10,11.9999997317791,21.9599995091558,16.9799996204674,1988,7,NA
47.4833,9.66667,1988-07-11,11.5099997427315,24.2199994586408,17.8649996006861,1988,7,NA
47.4833,9.66667,1988-07-12,13.5799996964633,26.7999994009733,20.1899995487183,1988,7,NA
47.4833,9.66667,1988-07-13,14.4299996774644,21.7199995145202,18.0749995959923,1988,7,NA
47.4833,9.66667,1988-07-14,12.079999729991,23.5699994731694,17.8249996015802,1988,7,NA
47.4833,9.66667,1988-07-15,12.7699997145683,19.3799995668232,16.0749996406958,1988,7,NA
47.4833,9.66667,1988-07-16,10.6199997626245,15.5699996519834,13.0949997073039,1988,7,NA
47.4833,9.66667,1988-07-17,10.4399997666478,16.0299996417016,13.2349997041747,1988,7,NA
47.4833,9.66667,1988-07-18,11.4199997447431,18.7199995815754,15.0699996631593,1988,7,NA
47.4833,9.66667,1988-07-19,13.2099997047335,21.3899995218962,17.2999996133149,1988,7,NA
47.4833,9.66667,1988-07-20,12.6299997176975,24.1799994595349,18.4049995886162,1988,7,NA
47.4833,9.66667,1988-07-21,11.1999997496605,26.0399994179606,18.6199995838106,1988,7,NA
47.4833,9.66667,1988-07-22,13.1299997065216,27.4699993859977,20.2999995462596,1988,7,NA
47.4833,9.66667,1988-07-23,15.4099996555597,27.8099993783981,21.6099995169789,1988,7,NA
47.4833,9.66667,1988-07-24,18.0999995954335,30.0999993272126,24.099999461323,1988,7,NA
47.4833,9.66667,1988-07-25,15.0399996638298,23.7599994689226,19.3999995663762,1988,7,NA
47.4833,9.66667,1988-07-26,11.1099997516721,23.9099994655699,17.509999608621,1988,7,NA
47.4833,9.66667,1988-07-27,13.3099997024983,27.4799993857741,20.3949995441362,1988,7,NA
47.4833,9.66667,1988-07-28,14.8199996687472,21.4599995203316,18.1399995945394,1988,7,NA
47.4833,9.66667,1988-07-29,10.1699997726828,23.4399994760752,16.804999624379,1988,7,NA
47.4833,9.66667,1988-07-30,13.0299997087568,24.1999994590878,18.6149995839223,1988,7,NA
47.4833,9.66667,1988-07-31,10.8099997583777,20.6699995379895,15.7399996481836,1988,7,NA
47.4833,9.66667,1988-08-01,10.8699997570366,23.6099994722754,17.239999614656,1988,8,NA
47.4833,9.66667,1988-08-02,12.7999997138977,26.4599994085729,19.6299995612353,1988,8,NA
47.4833,9.66667,1988-08-03,15.0899996627122,26.0099994186312,20.5499995406717,1988,8,NA
47.4833,9.66667,1988-08-04,13.2699997033924,18.5799995847046,15.9249996440485,1988,8,NA
47.4833,9.66667,1988-08-05,10.5099997650832,14.2499996814877,12.3799997232854,1988,8,NA
47.4833,9.66667,1988-08-06,9.10999979637563,20.4199995435774,14.7649996699765,1988,8,NA
47.4833,9.66667,1988-08-07,9.94999977760017,24.1099994610995,17.0299996193498,1988,8,NA
47.4833,9.66667,1988-08-08,12.369999723509,25.7399994246662,19.0549995740876,1988,8,NA
47.4833,9.66667,1988-08-09,13.8799996897578,26.3299994114786,20.1049995506182,1988,8,NA
47.4833,9.66667,1988-08-10,16.1599996387959,25.3499994333833,20.7549995360896,1988,8,NA
47.4833,9.66667,1988-08-11,14.6399996727705,27.1199993938208,20.8799995332956,1988,8,NA
47.4833,9.66667,1988-08-12,16.8599996231496,25.9099994208664,21.384999522008,1988,8,NA
47.4833,9.66667,1988-08-13,15.5599996522069,26.2499994132668,20.9049995327368,1988,8,NA
47.4833,9.66667,1988-08-14,15.9799996428192,24.3699994552881,20.1749995490536,1988,8,NA
47.4833,9.66667,1988-08-15,15.2399996593595,28.7599993571639,21.9999995082617,1988,8,NA
47.4833,9.66667,1988-08-16,17.779999602586,27.6299993824214,22.7049994925037,1988,8,NA
47.4833,9.66667,1988-08-17,15.3899996560067,25.1199994385242,20.2549995472655,1988,8,NA
47.4833,9.66667,1988-08-18,14.4099996779114,24.5899994503707,19.499999564141,1988,8,NA
47.4833,9.66667,1988-08-19,13.4099997002631,26.3199994117022,19.8649995559826,1988,8,NA
47.4833,9.66667,1988-08-20,15.5699996519834,27.5499993842095,21.5599995180964,1988,8,NA
47.4833,9.66667,1988-08-21,12.9699997100979,19.8999995552003,16.4349996326491,1988,8,NA
47.4833,9.66667,1988-08-22,11.479999743402,17.3699996117502,14.4249996775761,1988,8,NA
47.4833,9.66667,1988-08-23,10.6799997612834,15.9799996428192,13.3299997020513,1988,8,NA
47.4833,9.66667,1988-08-24,10.6399997621775,17.0899996180087,13.8649996900931,1988,8,NA
47.4833,9.66667,1988-08-25,8.76999980397522,18.9699995759875,13.8699996899813,1988,8,NA
47.4833,9.66667,1988-08-26,10.7099997606128,15.2199996598065,12.9649997102097,1988,8,NA
47.4833,9.66667,1988-08-27,9.33999979123473,14.4599996767938,11.8999997340143,1988,8,NA
47.4833,9.66667,1988-08-28,11.5099997427315,20.7499995362014,16.1299996394664,1988,8,NA
47.4833,9.66667,1988-08-29,12.1799997277558,25.9999994188547,19.0899995733052,1988,8,NA
47.4833,9.66667,1988-08-30,13.0999997071922,18.9099995773286,16.0049996422604,1988,8,NA
47.4833,9.66667,1988-08-31,10.919999755919,18.7399995811284,14.8299996685237,1988,8,NA
47.4833,9.66667,1988-09-01,9.5299997869879,21.7799995131791,15.6549996500835,1988,9,NA
47.4833,9.66667,1988-09-02,11.6599997393787,25.819999422878,18.7399995811284,1988,9,NA
47.4833,9.66667,1988-09-03,10.1199997738004,16.059999641031,13.0899997074157,1988,9,NA
47.4833,9.66667,1988-09-04,8.82999980263412,15.189999660477,12.0099997315556,1988,9,NA
47.4833,9.66667,1988-09-05,12.4399997219443,21.8999995104969,17.1699996162206,1988,9,NA
47.4833,9.66667,1988-09-06,14.2999996803701,23.4199994765222,18.8599995784461,1988,9,NA
47.4833,9.66667,1988-09-07,14.7399996705353,22.7099994923919,18.7249995814636,1988,9,NA
47.4833,9.66667,1988-09-08,10.5399997644126,20.3599995449185,15.4499996546656,1988,9,NA
47.4833,9.66667,1988-09-09,7.66999982856214,19.1899995710701,13.4299996998161,1988,9,NA
47.4833,9.66667,1988-09-10,9.40999978967011,22.4699994977564,15.9399996437132,1988,9,NA
47.4833,9.66667,1988-09-11,13.0599997080863,22.1499995049089,17.6049996064976,1988,9,NA
47.4833,9.66667,1988-09-12,11.5999997407198,21.8699995111674,16.7349996259436,1988,9,NA
47.4833,9.66667,1988-09-13,13.9199996888638,18.7999995797873,16.3599996343255,1988,9,NA
47.4833,9.66667,1988-09-14,8.73999980464578,14.3899996783584,11.5649997415021,1988,9,NA
47.4833,9.66667,1988-09-15,6.55999985337257,11.7799997366965,9.16999979503453,1988,9,NA
47.4833,9.66667,1988-09-16,6.67999985069036,11.4699997436255,9.07499979715794,1988,9,NA
47.4833,9.66667,1988-09-17,6.91999984532595,12.4599997214973,9.68999978341162,1988,9,NA
47.4833,9.66667,1988-09-18,5.13999988511205,12.6999997161329,8.91999980062246,1988,9,NA
47.4833,9.66667,1988-09-19,6.80999984778464,15.3099996577948,11.0599997527897,1988,9,NA
47.4833,9.66667,1988-09-20,7.29999983683228,17.4599996097386,12.3799997232854,1988,9,NA
47.4833,9.66667,1988-09-21,9.97999977692962,15.2599996589124,12.619999717921,1988,9,NA
47.4833,9.66667,1988-09-22,9.9899997767061,17.6199996061623,13.8049996914342,1988,9,NA
47.4833,9.66667,1988-09-23,8.44999981112778,19.3899995665997,13.9199996888638,1988,9,NA
47.4833,9.66667,1988-09-24,9.80999978072941,16.949999621138,13.3799997009337,1988,9,NA
47.4833,9.66667,1988-09-25,11.1799997501075,18.9299995768815,15.0549996634945,1988,9,NA
47.4833,9.66667,1988-09-26,10.4399997666478,16.3099996354431,13.3749997010455,1988,9,NA
47.4833,9.66667,1988-09-27,9.85999977961183,21.1699995268136,15.5149996532127,1988,9,NA
47.4833,9.66667,1988-09-28,9.3599997907877,20.929999532178,15.1449996614829,1988,9,NA
47.4833,9.66667,1988-09-29,9.64999978430569,21.6199995167553,15.6349996505305,1988,9,NA
47.4833,9.66667,1988-09-30,11.6099997404963,18.2399995923042,14.9249996664003,1988,9,NA
47.4833,9.66667,1988-10-01,7.60999982990324,11.9899997320026,9.79999978095293,1988,10,1989
47.4833,9.66667,1988-10-02,8.93999980017543,13.799999691546,11.3699997458607,1988,10,1989
47.4833,9.66667,1988-10-03,8.41999981179833,16.2199996374547,12.3199997246265,1988,10,1989
47.4833,9.66667,1988-10-04,8.90999980084598,16.3799996338785,12.6449997173622,1988,10,1989
47.4833,9.66667,1988-10-05,9.56999978609383,13.779999691993,11.6749997390434,1988,10,1989
47.4833,9.66667,1988-10-06,7.46999983303249,15.7499996479601,11.6099997404963,1988,10,1989
47.4833,9.66667,1988-10-07,8.68999980576336,13.7399996928871,11.2149997493252,1988,10,1989
47.4833,9.66667,1988-10-08,7.87999982386827,12.369999723509,10.1249997736886,1988,10,1989
47.4833,9.66667,1988-10-09,4.72999989427626,11.2299997489899,7.9799998216331,1988,10,1989
47.4833,9.66667,1988-10-10,7.37999983504415,20.8899995330721,14.1349996840581,1988,10,1989
47.4833,9.66667,1988-10-11,10.0899997744709,14.7999996691942,12.4449997218326,1988,10,1989
47.4833,9.66667,1988-10-12,9.22999979369342,15.6999996490777,12.4649997213855,1988,10,1989
47.4833,9.66667,1988-10-13,10.3899997677654,14.4999996758997,12.4449997218326,1988,10,1989
47.4833,9.66667,1988-10-14,8.11999981850386,15.479999653995,11.7999997362494,1988,10,1989
47.4833,9.66667,1988-10-15,9.71999978274107,18.3099995907396,14.0149996867403,1988,10,1989
47.4833,9.66667,1988-10-16,9.11999979615211,18.9499995764345,14.0349996862933,1988,10,1989
47.4833,9.66667,1988-10-17,9.93999977782369,16.9999996200204,13.469999698922,1988,10,1989
47.4833,9.66667,1988-10-18,10.1899997722358,18.1999995931983,14.194999682717,1988,10,1989
47.4833,9.66667,1988-10-19,10.5199997648597,19.7999995574355,15.1599996611476,1988,10,1989
47.4833,9.66667,1988-10-20,11.3999997451901,19.4299995657057,15.4149996554479,1988,10,1989
47.4833,9.66667,1988-10-21,8.34999981336296,13.6999996937811,11.024999753572,1988,10,1989
47.4833,9.66667,1988-10-22,5.41999987885356,13.5999996960163,9.50999978743494,1988,10,1989
47.4833,9.66667,1988-10-23,5.54999987594783,10.8499997574836,8.19999981671572,1988,10,1989
47.4833,9.66667,1988-10-24,6.4899998549372,15.1199996620417,10.8049997584894,1988,10,1989
47.4833,9.66667,1988-10-25,6.83999984711409,13.9499996881932,10.3949997676536,1988,10,1989
47.4833,9.66667,1988-10-26,7.55999983102083,13.8899996895343,10.7249997602776,1988,10,1989
47.4833,9.66667,1988-10-27,4.20999990589917,13.0199997089803,8.61499980743974,1988,10,1989
47.4833,9.66667,1988-10-28,4.65999989584088,15.7799996472895,10.2199997715652,1988,10,1989
47.4833,9.66667,1988-10-29,6.05999986454844,17.0999996177852,11.5799997411668,1988,10,1989
47.4833,9.66667,1988-10-30,5.92999986745417,12.0199997313321,8.97499979939312,1988,10,1989
47.4833,9.66667,1988-10-31,2.73999993875623,7.89999982342124,5.31999988108873,1988,10,1989
47.4833,9.66667,1988-11-01,0.169999996200204,6.64999985136092,3.40999992378056,1988,11,1989
47.4833,9.66667,1988-11-02,-2.12999995239079,8.1499998178333,3.00999993272126,1988,11,1989
47.4833,9.66667,1988-11-03,0.0699999984353781,7.04999984242022,3.5599999204278,1988,11,1989
47.4833,9.66667,1988-11-04,0.159999996423721,5.26999988220632,2.71499993931502,1988,11,1989
47.4833,9.66667,1988-11-05,-2.33999994769692,5.08999988622963,1.37499996926636,1988,11,1989
47.4833,9.66667,1988-11-06,-3.94999991171062,7.14999984018505,1.59999996423721,1988,11,1989
47.4833,9.66667,1988-11-07,-1.84999995864928,7.35999983549118,2.75499993842095,1988,11,1989
47.4833,9.66667,1988-11-08,-1.5499999653548,5.54999987594783,1.99999995529652,1988,11,1989
47.4833,9.66667,1988-11-09,-0.439999990165234,6.1999998614192,2.87999993562698,1988,11,1989
47.4833,9.66667,1988-11-10,-1.01999997720122,7.66999982856214,3.32499992568046,1988,11,1989
47.4833,9.66667,1988-11-11,3.02999993227422,11.6999997384846,7.36499983537942,1988,11,1989
47.4833,9.66667,1988-11-12,5.29999988153577,13.2799997031689,9.28999979235232,1988,11,1989
47.4833,9.66667,1988-11-13,3.10999993048608,9.65999978408217,6.38499985728413,1988,11,1989
47.4833,9.66667,1988-11-14,5.44999987818301,9.759999781847,7.604999830015,1988,11,1989
47.4833,9.66667,1988-11-15,2.58999994210899,7.00999984331429,4.79999989271164,1988,11,1989
47.4833,9.66667,1988-11-16,2.66999994032085,5.40999987907708,4.03999990969896,1988,11,1989
47.4833,9.66667,1988-11-17,2.19999995082617,9.10999979637563,5.6549998736009,1988,11,1989
47.4833,9.66667,1988-11-18,0.769999982789159,8.55999980866909,4.66499989572912,1988,11,1989
47.4833,9.66667,1988-11-19,0.209999995306134,9.33999979123473,4.77499989327043,1988,11,1989
47.4833,9.66667,1988-11-20,2.36999994702637,5.98999986611307,4.17999990656972,1988,11,1989
47.4833,9.66667,1988-11-21,-0.0699999984353781,2.35999994724989,1.14499997440726,1988,11,1989
47.4833,9.66667,1988-11-22,-5.30999988131225,0.57999998703599,-2.36499994713813,1988,11,1989
47.4833,9.66667,1988-11-23,-10.3999997675419,-4.79999989271164,-7.59999983012676,1988,11,1989
47.4833,9.66667,1988-11-24,-10.1399997733533,-1.87999995797873,-6.00999986566603,1988,11,1989
47.4833,9.66667,1988-11-25,-8.44999981112778,0.219999995082617,-4.11499990802258,1988,11,1989
47.4833,9.66667,1988-11-26,-4.80999989248812,2.70999993942678,-1.04999997653067,1988,11,1989
47.4833,9.66667,1988-11-27,-5.16999988444149,0.409999990835786,-2.37999994680285,1988,11,1989
47.4833,9.66667,1988-11-28,-3.46999992243946,0.319999992847443,-1.57499996479601,1988,11,1989
47.4833,9.66667,1988-11-29,-5.19999988377094,2.01999995484948,-1.58999996446073,1988,11,1989
47.4833,9.66667,1988-11-30,-0.459999989718199,5.40999987907708,2.47499994467944,1988,11,1989
47.4833,9.66667,1988-12-01,3.90999991260469,7.62999982945621,5.76999987103045,1988,12,1989
47.4833,9.66667,1988-12-02,1.47999996691942,5.93999986723065,3.70999991707504,1988,12,1989
47.4833,9.66667,1988-12-03,1.13999997451901,3.68999991752207,2.41499994602054,1988,12,1989
47.4833,9.66667,1988-12-04,2.12999995239079,4.26999990455806,3.19999992847443,1988,12,1989
47.4833,9.66667,1988-12-05,1.62999996356666,8.49999981001019,5.06499988678843,1988,12,1989
47.4833,9.66667,1988-12-06,3.53999992087483,10.5399997644126,7.03999984264374,1988,12,1989
47.4833,9.66667,1988-12-07,-0.259999994188547,4.38999990187585,2.06499995384365,1988,12,1989
47.4833,9.66667,1988-12-08,-1.33999997004867,1.17999997362494,-0.0799999982118607,1988,12,1989
47.4833,9.66667,1988-12-09,-2.06999995373189,1.20999997295439,-0.429999990388751,1988,12,1989
47.4833,9.66667,1988-12-10,-1.35999996960163,1.10999997518957,-0.124999997206032,1988,12,1989
47.4833,9.66667,1988-12-11,0.499999988824129,3.21999992802739,1.85999995842576,1988,12,1989
47.4833,9.66667,1988-12-12,2.14999995194376,5.70999987237155,3.92999991215765,1988,12,1989
47.4833,9.66667,1988-12-13,1.72999996133149,4.27999990433455,3.00499993283302,1988,12,1989
47.4833,9.66667,1988-12-14,0.599999986588955,2.77999993786216,1.68999996222556,1988,12,1989
47.4833,9.66667,1988-12-15,-0.389999991282821,2.96999993361533,1.28999997116625,1988,12,1989
47.4833,9.66667,1988-12-16,-1.87999995797873,1.15999997407198,-0.359999991953373,1988,12,1989
47.4833,9.66667,1988-12-17,-6.61999985203147,-1.33999997004867,-3.97999991104007,1988,12,1989
47.4833,9.66667,1988-12-18,-8.039999820292,-1.12999997474253,-4.58499989751726,1988,12,1989
47.4833,9.66667,1988-12-19,-3.06999993138015,1.11999997496605,-0.974999978207052,1988,12,1989
47.4833,9.66667,1988-12-20,-1.46999996714294,4.92999988980591,1.72999996133149,1988,12,1989
47.4833,9.66667,1988-12-21,-0.699999984353781,2.4099999461323,0.854999980889261,1988,12,1989
47.4833,9.66667,1988-12-22,-3.42999992333353,2.06999995373189,-0.679999984800816,1988,12,1989
47.4833,9.66667,1988-12-23,0.209999995306134,6.43999985605478,3.32499992568046,1988,12,1989
47.4833,9.66667,1988-12-24,0.739999983459711,8.62999980710447,4.68499989528209,1988,12,1989
47.4833,9.66667,1988-12-25,4.74999989382923,8.79999980330467,6.77499984856695,1988,12,1989
47.4833,9.66667,1988-12-26,3.57999991998076,9.94999977760017,6.76499984879047,1988,12,1989
47.4833,9.66667,1988-12-27,0.949999978765845,5.31999988108873,3.13499992992729,1988,12,1989
47.4833,9.66667,1988-12-28,0.0699999984353781,4.17999990656972,2.12499995250255,1988,12,1989
47.4833,9.66667,1988-12-29,-1.00999997742474,6.63999985158443,2.81499993707985,1988,12,1989
47.4833,9.66667,1988-12-30,-2.39999994635582,2.08999995328486,-0.15499999653548,1988,12,1989
47.4833,9.66667,1988-12-31,-2.6399999409914,1.12999997474253,-0.754999983124435,1988,12,1989
47.4833,9.66667,1989-01-01,-3.7899999152869,0.689999984577298,-1.5499999653548,1989,1,1989
47.4833,9.66667,1989-01-02,-3.27999992668629,0.279999993741512,-1.49999996647239,1989,1,1989
47.4833,9.66667,1989-01-03,-3.33999992534518,0.649999985471368,-1.34499996993691,1989,1,1989
47.4833,9.66667,1989-01-04,-4.23999990522861,0.219999995082617,-2.009999955073,1989,1,1989
47.4833,9.66667,1989-01-05,-5.17999988421798,0.609999986365438,-2.28499994892627,1989,1,1989
47.4833,9.66667,1989-01-06,-5.5099998768419,1.27999997138977,-2.11499995272607,1989,1,1989
47.4833,9.66667,1989-01-07,-0.669999985024333,4.20999990589917,1.76999996043742,1989,1,1989
47.4833,9.66667,1989-01-08,1.78999995999038,4.83999989181757,3.31499992590398,1989,1,1989
47.4833,9.66667,1989-01-09,2.26999994926155,5.77999987080693,4.02499991003424,1989,1,1989
47.4833,9.66667,1989-01-10,0.979999978095293,8.28999981470406,4.63499989639968,1989,1,1989
47.4833,9.66667,1989-01-11,-0.419999990612268,5.26999988220632,2.42499994579703,1989,1,1989
47.4833,9.66667,1989-01-12,0.419999990612268,7.61999982967973,4.019999910146,1989,1,1989
47.4833,9.66667,1989-01-13,-1.32999997027218,6.2599998600781,2.46499994490296,1989,1,1989
47.4833,9.66667,1989-01-14,-0.0599999986588955,7.93999982252717,3.93999991193414,1989,1,1989
47.4833,9.66667,1989-01-15,-1.33999997004867,6.57999985292554,2.61999994143844,1989,1,1989
47.4833,9.66667,1989-01-16,0.279999993741512,8.35999981313944,4.31999990344048,1989,1,1989
47.4833,9.66667,1989-01-17,-1.89999995753169,4.43999990075827,1.26999997161329,1989,1,1989
47.4833,9.66667,1989-01-18,-2.73999993875623,2.55999994277954,-0.0899999979883432,1989,1,1989
47.4833,9.66667,1989-01-19,-1.13999997451901,4.11999990791082,1.4899999666959,1989,1,1989
47.4833,9.66667,1989-01-20,-3.87999991327524,1.50999996624887,-1.18499997351319,1989,1,1989
47.4833,9.66667,1989-01-21,-3.39999992400408,1.8399999588728,-0.779999982565641,1989,1,1989
47.4833,9.66667,1989-01-22,-4.30999990366399,1.55999996513128,-1.37499996926636,1989,1,1989
47.4833,9.66667,1989-01-23,-3.7899999152869,2.36999994702637,-0.709999984130263,1989,1,1989
47.4833,9.66667,1989-01-24,-1.82999995909631,3.35999992489815,0.764999982900918,1989,1,1989
47.4833,9.66667,1989-01-25,-3.60999991931021,2.61999994143844,-0.494999988935888,1989,1,1989
47.4833,9.66667,1989-01-26,-5.02999988757074,1.25999997183681,-1.88499995786697,1989,1,1989
47.4833,9.66667,1989-01-27,-4.74999989382923,0.719999983906746,-2.01499995496124,1989,1,1989
47.4833,9.66667,1989-01-28,-4.76999989338219,0.519999988377094,-2.12499995250255,1989,1,1989
47.4833,9.66667,1989-01-29,-4.76999989338219,2.8699999358505,-0.949999978765845,1989,1,1989
47.4833,9.66667,1989-01-30,-5.5099998768419,1.3199999704957,-2.0949999531731,1989,1,1989
47.4833,9.66667,1989-01-31,-5.21999988332391,0.319999992847443,-2.44999994523823,1989,1,1989
47.4833,9.66667,1989-02-01,-4.75999989360571,0.0899999979883432,-2.33499994780868,1989,2,1989
47.4833,9.66667,1989-02-02,-4.00999991036952,1.6099999640137,-1.19999997317791,1989,2,1989
47.4833,9.66667,1989-02-03,-4.33999990299344,1.09999997541308,-1.61999996379018,1989,2,1989
47.4833,9.66667,1989-02-04,-4.34999990276992,1.5499999653548,-1.39999996870756,1989,2,1989
47.4833,9.66667,1989-02-05,-4.27999990433455,1.23999997228384,-1.51999996602535,1989,2,1989
47.4833,9.66667,1989-02-06,-4.77999989315867,4.52999989874661,-0.124999997206032,1989,2,1989
47.4833,9.66667,1989-02-07,-0.329999992623925,9.73999978229403,4.70499989483505,1989,2,1989
47.4833,9.66667,1989-02-08,-1.92999995686114,6.35999985784292,2.21499995049089,1989,2,1989
47.4833,9.66667,1989-02-09,-2.61999994143844,4.85999989137053,1.11999997496605,1989,2,1989
47.4833,9.66667,1989-02-10,-3.0399999320507,3.81999991461635,0.389999991282821,1989,2,1989
47.4833,9.66667,1989-02-11,-2.6399999409914,3.17999992892146,0.26999999396503,1989,2,1989
47.4833,9.66667,1989-02-12,-2.73999993875623,2.81999993696809,0.0399999991059303,1989,2,1989
47.4833,9.66667,1989-02-13,-3.46999992243946,5.59999987483025,1.06499997619539,1989,2,1989
47.4833,9.66667,1989-02-14,0.219999995082617,6.28999985940754,3.25499992724508,1989,2,1989
47.4833,9.66667,1989-02-15,-0.479999989271164,3.45999992266297,1.4899999666959,1989,2,1989
47.4833,9.66667,1989-02-16,-0.459999989718199,6.38999985717237,2.96499993372709,1989,2,1989
47.4833,9.66667,1989-02-17,1.4899999666959,4.43999990075827,2.96499993372709,1989,2,1989
47.4833,9.66667,1989-02-18,0.00999999977648258,7.26999983750284,3.63999991863966,1989,2,1989
47.4833,9.66667,1989-02-19,2.39999994635582,8.78999980352819,5.594999874942,1989,2,1989
47.4833,9.66667,1989-02-20,5.76999987103045,11.2999997474253,8.53499980922788,1989,2,1989
47.4833,9.66667,1989-02-21,5.75999987125397,10.609999762848,8.18499981705099,1989,2,1989
47.4833,9.66667,1989-02-22,4.52999989874661,7.5799998305738,6.0549998646602,1989,2,1989
47.4833,9.66667,1989-02-23,3.23999992758036,9.10999979637563,6.17499986197799,1989,2,1989
47.4833,9.66667,1989-02-24,1.49999996647239,8.59999980777502,5.0499998871237,1989,2,1989
47.4833,9.66667,1989-02-25,2.4699999447912,11.6999997384846,7.08499984163791,1989,2,1989
47.4833,9.66667,1989-02-26,2.03999995440245,10.2599997706711,6.14999986253679,1989,2,1989
47.4833,9.66667,1989-02-27,0.419999990612268,7.62999982945621,4.02499991003424,1989,2,1989
47.4833,9.66667,1989-02-28,-0.689999984577298,5.01999988779426,2.16499995160848,1989,2,1989
47.4833,9.66667,1989-03-01,0.30999999307096,4.17999990656972,2.24499994982034,1989,3,1989
47.4833,9.66667,1989-03-02,0.479999989271164,7.90999982319772,4.19499990623444,1989,3,1989
47.4833,9.66667,1989-03-03,1.35999996960163,8.34999981336296,4.85499989148229,1989,3,1989
47.4833,9.66667,1989-03-04,3.7899999152869,9.5899997856468,6.68999985046685,1989,3,1989
47.4833,9.66667,1989-03-05,3.18999992869794,8.49999981001019,5.84499986935407,1989,3,1989
47.4833,9.66667,1989-03-06,1.51999996602535,12.1299997288734,6.82499984744936,1989,3,1989
47.4833,9.66667,1989-03-07,1.99999995529652,13.8699996899813,7.93499982263893,1989,3,1989
47.4833,9.66667,1989-03-08,3.00999993272126,14.5899996738881,8.79999980330467,1989,3,1989
47.4833,9.66667,1989-03-09,3.57999991998076,8.72999980486929,6.15499986242503,1989,3,1989
47.4833,9.66667,1989-03-10,1.89999995753169,9.30999979190528,5.60499987471849,1989,3,1989
47.4833,9.66667,1989-03-11,0.839999981224537,12.5499997194856,6.69499985035509,1989,3,1989
47.4833,9.66667,1989-03-12,3.96999991126359,15.6399996504188,9.80499978084117,1989,3,1989
47.4833,9.66667,1989-03-13,5.25999988242984,16.4799996316433,10.8699997570366,1989,3,1989
47.4833,9.66667,1989-03-14,4.8799998909235,16.7599996253848,10.8199997581542,1989,3,1989
47.4833,9.66667,1989-03-15,2.21999995037913,9.13999979570508,5.67999987304211,1989,3,1989
47.4833,9.66667,1989-03-16,2.33999994769692,7.92999982275069,5.13499988522381,1989,3,1989
47.4833,9.66667,1989-03-17,6.54999985359609,12.1799997277558,9.36499979067594,1989,3,1989
47.4833,9.66667,1989-03-18,4.74999989382923,11.0499997530133,7.89999982342124,1989,3,1989
47.4833,9.66667,1989-03-19,1.38999996893108,4.62999989651144,3.00999993272126,1989,3,1989
47.4833,9.66667,1989-03-20,0.65999998524785,7.76999982632697,4.21499990578741,1989,3,1989
47.4833,9.66667,1989-03-21,-0.0299999993294477,11.2799997478724,5.62499987427145,1989,3,1989
47.4833,9.66667,1989-03-22,4.07999990880489,8.54999980889261,6.31499985884875,1989,3,1989
47.4833,9.66667,1989-03-23,4.02999990992248,10.5499997641891,7.2899998370558,1989,3,1989
47.4833,9.66667,1989-03-24,1.96999995596707,8.15999981760979,5.06499988678843,1989,3,1989
47.4833,9.66667,1989-03-25,-1.27999997138977,8.70999980531633,3.71499991696328,1989,3,1989
47.4833,9.66667,1989-03-26,5.14999988488853,13.3599997013807,9.25499979313463,1989,3,1989
47.4833,9.66667,1989-03-27,3.67999991774559,16.4299996327609,10.0549997752532,1989,3,1989
47.4833,9.66667,1989-03-28,4.11999990791082,19.9699995536357,12.0449997307733,1989,3,1989
47.4833,9.66667,1989-03-29,6.80999984778464,20.4399995431304,13.6249996954575,1989,3,1989
47.4833,9.66667,1989-03-30,8.46999981068075,20.3399995453656,14.4049996780232,1989,3,1989
47.4833,9.66667,1989-03-31,7.9799998216331,21.0099995303899,14.4949996760115,1989,3,1989
47.4833,9.66667,1989-04-01,7.65999982878566,20.2799995467067,13.9699996877462,1989,4,1989
47.4833,9.66667,1989-04-02,7.71999982744455,15.6299996506423,11.6749997390434,1989,4,1989
47.4833,9.66667,1989-04-03,6.09999986365438,10.919999755919,8.50999980978668,1989,4,1989
47.4833,9.66667,1989-04-04,4.40999990142882,12.9799997098744,8.69499980565161,1989,4,1989
47.4833,9.66667,1989-04-05,4.45999990031123,10.1999997720122,7.32999983616173,1989,4,1989
47.4833,9.66667,1989-04-06,4.36999990232289,8.54999980889261,6.45999985560775,1989,4,1989
47.4833,9.66667,1989-04-07,3.90999991260469,7.79999982565641,5.85499986913055,1989,4,1989
47.4833,9.66667,1989-04-08,3.70999991707504,14.339999679476,9.02499979827553,1989,4,1989
47.4833,9.66667,1989-04-09,3.13999992981553,12.7099997159094,7.92499982286245,1989,4,1989
47.4833,9.66667,1989-04-10,4.03999990969896,16.1399996392429,10.0899997744709,1989,4,1989
47.4833,9.66667,1989-04-11,8.22999981604517,16.639999628067,12.4349997220561,1989,4,1989
47.4833,9.66667,1989-04-12,6.49999985471368,18.2599995918572,12.3799997232854,1989,4,1989
47.4833,9.66667,1989-04-13,7.9799998216331,19.5099995639175,13.7449996927753,1989,4,1989
47.4833,9.66667,1989-04-14,3.62999991886318,9.25999979302287,6.44499985594302,1989,4,1989
47.4833,9.66667,1989-04-15,4.15999990701675,6.49999985471368,5.32999988086522,1989,4,1989
47.4833,9.66667,1989-04-16,3.71999991685152,9.77999978139997,6.74999984912574,1989,4,1989
47.4833,9.66667,1989-04-17,1.23999997228384,13.3299997020513,7.28499983716756,1989,4,1989
47.4833,9.66667,1989-04-18,3.80999991483986,7.43999983370304,5.62499987427145,1989,4,1989
47.4833,9.66667,1989-04-19,3.2699999269098,8.16999981738627,5.71999987214804,1989,4,1989
47.4833,9.66667,1989-04-20,3.53999992087483,8.77999980375171,6.15999986231327,1989,4,1989
47.4833,9.66667,1989-04-21,4.63999989628792,11.7999997362494,8.21999981626868,1989,4,1989
47.4833,9.66667,1989-04-22,4.2499999050051,10.8299997579306,7.53999983146787,1989,4,1989
47.4833,9.66667,1989-04-23,2.68999993987381,7.37999983504415,5.03499988745898,1989,4,1989
47.4833,9.66667,1989-04-24,2.67999994009733,10.919999755919,6.79999984800816,1989,4,1989
47.4833,9.66667,1989-04-25,1.98999995552003,18.2999995909631,10.1449997732416,1989,4,1989
47.4833,9.66667,1989-04-26,7.82999982498586,17.2999996133149,12.5649997191504,1989,4,1989
47.4833,9.66667,1989-04-27,6.33999985828996,18.7499995809048,12.5449997195974,1989,4,1989
47.4833,9.66667,1989-04-28,1.23999997228384,5.92999986745417,3.58499991986901,1989,4,1989
47.4833,9.66667,1989-04-29,1.46999996714294,4.26999990455806,2.8699999358505,1989,4,1989
47.4833,9.66667,1989-04-30,0.92999997921288,6.46999985538423,3.69999991729856,1989,4,1989
47.4833,9.66667,1989-05-01,1.66999996267259,8.88999980129302,5.2799998819828,1989,5,NA
47.4833,9.66667,1989-05-02,2.84999993629754,10.7599997594953,6.8049998478964,1989,5,NA
47.4833,9.66667,1989-05-03,1.90999995730817,15.8299996461719,8.86999980174005,1989,5,NA
47.4833,9.66667,1989-05-04,3.27999992668629,18.9299995768815,11.1049997517839,1989,5,NA
47.4833,9.66667,1989-05-05,6.26999985985458,19.7799995578825,13.0249997088686,1989,5,NA
47.4833,9.66667,1989-05-06,7.12999984063208,21.0699995290488,14.0999996848404,1989,5,NA
47.4833,9.66667,1989-05-07,7.76999982632697,18.3499995898455,13.0599997080863,1989,5,NA
47.4833,9.66667,1989-05-08,2.78999993763864,14.7099996712059,8.74999980442226,1989,5,NA
47.4833,9.66667,1989-05-09,2.15999995172024,17.4599996097386,9.80999978072941,1989,5,NA
47.4833,9.66667,1989-05-10,5.00999988801777,22.2699995022267,13.6399996951222,1989,5,NA
47.4833,9.66667,1989-05-11,11.1799997501075,16.8399996235967,14.0099996868521,1989,5,NA
47.4833,9.66667,1989-05-12,9.27999979257584,18.2099995929748,13.7449996927753,1989,5,NA
47.4833,9.66667,1989-05-13,9.45999978855252,16.1199996396899,12.7899997141212,1989,5,NA
47.4833,9.66667,1989-05-14,8.65999980643392,12.4799997210503,10.5699997637421,1989,5,NA
47.4833,9.66667,1989-05-15,5.59999987483025,11.3899997454137,8.49499981012195,1989,5,NA
47.4833,9.66667,1989-05-16,4.91999989002943,15.0999996624887,10.0099997762591,1989,5,NA
47.4833,9.66667,1989-05-17,4.58999989740551,16.7299996260554,10.6599997617304,1989,5,NA
47.4833,9.66667,1989-05-18,6.18999986164272,20.659999538213,13.4249996999279,1989,5,NA
47.4833,9.66667,1989-05-19,8.92999980039895,22.9099994879216,15.9199996441603,1989,5,NA
47.4833,9.66667,1989-05-20,9.43999978899956,21.8799995109439,15.6599996499717,1989,5,NA
47.4833,9.66667,1989-05-21,9.01999979838729,22.9299994874746,15.9749996429309,1989,5,NA
47.4833,9.66667,1989-05-22,9.95999977737665,23.2599994800985,16.6099996287376,1989,5,NA
47.4833,9.66667,1989-05-23,10.5799997635186,23.559999473393,17.0699996184558,1989,5,NA
47.4833,9.66667,1989-05-24,9.19999979436398,22.8899994883686,16.0449996413663,1989,5,NA
47.4833,9.66667,1989-05-25,9.76999978162348,24.0499994624406,16.909999622032,1989,5,NA
47.4833,9.66667,1989-05-26,10.4899997655302,23.5899994727224,17.0399996191263,1989,5,NA
47.4833,9.66667,1989-05-27,11.0499997530133,23.3999994769692,17.2249996149912,1989,5,NA
47.4833,9.66667,1989-05-28,9.95999977737665,22.5399994961917,16.2499996367842,1989,5,NA
47.4833,9.66667,1989-05-29,9.3599997907877,22.2599995024502,15.809999646619,1989,5,NA
47.4833,9.66667,1989-05-30,11.9099997337908,19.3999995663762,15.6549996500835,1989,5,NA
47.4833,9.66667,1989-05-31,11.0599997527897,19.8199995569885,15.4399996548891,1989,5,NA
47.4833,9.66667,1989-06-01,10.6699997615069,15.3099996577948,12.9899997096509,1989,6,NA
47.4833,9.66667,1989-06-02,10.1099997740239,17.2299996148795,13.6699996944517,1989,6,NA
47.4833,9.66667,1989-06-03,9.11999979615211,16.2199996374547,12.6699997168034,1989,6,NA
47.4833,9.66667,1989-06-04,7.70999982766807,10.9499997552484,9.32999979145825,1989,6,NA
47.4833,9.66667,1989-06-05,6.3699998576194,13.779999691993,10.0749997748062,1989,6,NA
47.4833,9.66667,1989-06-06,6.40999985672534,12.6299997176975,9.51999978721142,1989,6,NA
47.4833,9.66667,1989-06-07,5.85999986901879,14.5999996736646,10.2299997713417,1989,6,NA
47.4833,9.66667,1989-06-08,6.21999986097217,12.1299997288734,9.17499979492277,1989,6,NA
47.4833,9.66667,1989-06-09,6.62999985180795,15.8599996455014,11.2449997486547,1989,6,NA
47.4833,9.66667,1989-06-10,6.39999985694885,19.2399995699525,12.8199997134507,1989,6,NA
47.4833,9.66667,1989-06-11,8.8999998010695,22.3899994995445,15.644999650307,1989,6,NA
47.4833,9.66667,1989-06-12,12.3099997248501,19.7399995587766,16.0249996418133,1989,6,NA
47.4833,9.66667,1989-06-13,9.90999977849424,20.1499995496124,15.0299996640533,1989,6,NA
47.4833,9.66667,1989-06-14,9.23999979346991,21.7099995147437,15.4749996541068,1989,6,NA
47.4833,9.66667,1989-06-15,10.1999997720122,22.649999493733,16.4249996328726,1989,6,NA
47.4833,9.66667,1989-06-16,9.03999979794025,22.2599995024502,15.6499996501952,1989,6,NA
47.4833,9.66667,1989-06-17,10.5099997650832,19.9099995549768,15.20999966003,1989,6,NA
47.4833,9.66667,1989-06-18,7.38999983482063,20.8599995337427,14.1249996842816,1989,6,NA
47.4833,9.66667,1989-06-19,9.78999978117645,22.2199995033443,16.0049996422604,1989,6,NA
47.4833,9.66667,1989-06-20,11.2999997474253,23.7999994680285,17.5499996077269,1989,6,NA
47.4833,9.66667,1989-06-21,11.0799997523427,23.5999994724989,17.3399996124208,1989,6,NA
47.4833,9.66667,1989-06-22,11.9199997335672,24.8099994454533,18.3649995895103,1989,6,NA
47.4833,9.66667,1989-06-23,12.5799997188151,20.1899995487183,16.3849996337667,1989,6,NA
47.4833,9.66667,1989-06-24,9.61999978497624,14.3999996781349,12.0099997315556,1989,6,NA
47.4833,9.66667,1989-06-25,10.6699997615069,18.1499995943159,14.4099996779114,1989,6,NA
47.4833,9.66667,1989-06-26,10.8099997583777,23.6699994709343,17.239999614656,1989,6,NA
47.4833,9.66667,1989-06-27,13.5399996973574,26.0699994172901,19.8049995573238,1989,6,NA
47.4833,9.66667,1989-06-28,14.1599996834993,25.2199994362891,19.6899995598942,1989,6,NA
47.4833,9.66667,1989-06-29,11.2199997492135,16.7099996265024,13.9649996878579,1989,6,NA
47.4833,9.66667,1989-06-30,10.1499997731298,19.829999556765,14.9899996649474,1989,6,NA
47.4833,9.66667,1989-07-01,11.5099997427315,20.7099995370954,16.1099996399134,1989,7,NA
47.4833,9.66667,1989-07-02,13.2599997036159,22.6199994944036,17.9399995990098,1989,7,NA
47.4833,9.66667,1989-07-03,12.8399997130036,18.6099995840341,15.7249996485189,1989,7,NA
47.4833,9.66667,1989-07-04,11.8899997342378,14.6099996734411,13.2499997038394,1989,7,NA
47.4833,9.66667,1989-07-05,11.3299997467548,19.7099995594472,15.519999653101,1989,7,NA
47.4833,9.66667,1989-07-06,13.8499996904284,24.1899994593114,19.0199995748699,1989,7,NA
47.4833,9.66667,1989-07-07,15.2999996580184,27.1899993922561,21.2449995251372,1989,7,NA
47.4833,9.66667,1989-07-08,17.489999609068,25.6499994266778,21.5699995178729,1989,7,NA
47.4833,9.66667,1989-07-09,15.7599996477365,24.5899994503707,20.1749995490536,1989,7,NA
47.4833,9.66667,1989-07-10,15.4199996553361,22.7299994919449,19.0749995736405,1989,7,NA
47.4833,9.66667,1989-07-11,15.3099996577948,23.6099994722754,19.4599995650351,1989,7,NA
47.4833,9.66667,1989-07-12,14.9599996656179,18.2799995914102,16.6199996285141,1989,7,NA
47.4833,9.66667,1989-07-13,14.339999679476,20.8099995348603,17.5749996071681,1989,7,NA
47.4833,9.66667,1989-07-14,13.7299996931106,22.4999994970858,18.1149995950982,1989,7,NA
47.4833,9.66667,1989-07-15,13.5199996978045,19.4799995645881,16.4999996311963,1989,7,NA
47.4833,9.66667,1989-07-16,9.41999978944659,20.0099995527416,14.7149996710941,1989,7,NA
47.4833,9.66667,1989-07-17,10.8699997570366,22.5199994966388,16.6949996268377,1989,7,NA
47.4833,9.66667,1989-07-18,12.5799997188151,21.1099995281547,16.8449996234849,1989,7,NA
47.4833,9.66667,1989-07-19,10.9799997545779,19.6299995612353,15.3049996579066,1989,7,NA
47.4833,9.66667,1989-07-20,11.5499997418374,20.7399995364249,16.1449996391311,1989,7,NA
47.4833,9.66667,1989-07-21,9.59999978542328,23.9499994646758,16.7749996250495,1989,7,NA
47.4833,9.66667,1989-07-22,11.7199997380376,26.3399994112551,19.0299995746464,1989,7,NA
47.4833,9.66667,1989-07-23,15.4599996544421,25.2499994356185,20.3549995450303,1989,7,NA
47.4833,9.66667,1989-07-24,18.4399995878339,27.6199993826449,23.0299994852394,1989,7,NA
47.4833,9.66667,1989-07-25,17.3799996115267,26.8699993994087,22.1249995054677,1989,7,NA
47.4833,9.66667,1989-07-26,16.6299996282905,24.8099994454533,20.7199995368719,1989,7,NA
47.4833,9.66667,1989-07-27,15.9699996430427,24.3099994566292,20.1399995498359,1989,7,NA
47.4833,9.66667,1989-07-28,15.2999996580184,23.4099994767457,19.354999567382,1989,7,NA
47.4833,9.66667,1989-07-29,14.4599996767938,19.7699995581061,17.1149996174499,1989,7,NA
47.4833,9.66667,1989-07-30,11.3399997465312,23.1299994830042,17.2349996147677,1989,7,NA
47.4833,9.66667,1989-07-31,14.2699996810406,24.8599994443357,19.5649995626882,1989,7,NA
47.4833,9.66667,1989-08-01,11.8599997349083,19.6899995598942,15.7749996474013,1989,8,NA
47.4833,9.66667,1989-08-02,8.85999980196357,11.7799997366965,10.31999976933,1989,8,NA
47.4833,9.66667,1989-08-03,8.34999981336296,14.5499996747822,11.4499997440726,1989,8,NA
47.4833,9.66667,1989-08-04,9.37999979034066,19.7399995587766,14.5599996745586,1989,8,NA
47.4833,9.66667,1989-08-05,8.67999980598688,21.3299995232373,15.0049996646121,1989,8,NA
47.4833,9.66667,1989-08-06,11.3799997456372,24.98999944143,18.1849995935336,1989,8,NA
47.4833,9.66667,1989-08-07,14.7999996691942,22.379999499768,18.5899995844811,1989,8,NA
47.4833,9.66667,1989-08-08,15.0799996629357,25.6199994273484,20.3499995451421,1989,8,NA
47.4833,9.66667,1989-08-09,15.7599996477365,19.4099995661527,17.5849996069446,1989,8,NA
47.4833,9.66667,1989-08-10,13.7499996926636,19.8499995563179,16.7999996244907,1989,8,NA
47.4833,9.66667,1989-08-11,11.5499997418374,22.9699994865805,17.2599996142089,1989,8,NA
47.4833,9.66667,1989-08-12,14.919999666512,23.5299994740635,19.2249995702878,1989,8,NA
47.4833,9.66667,1989-08-13,16.2099996376783,24.4299994539469,20.3199995458126,1989,8,NA
47.4833,9.66667,1989-08-14,13.7299996931106,24.6699994485825,19.1999995708466,1989,8,NA
47.4833,9.66667,1989-08-15,16.6499996278435,24.2499994579703,20.4499995429069,1989,8,NA
47.4833,9.66667,1989-08-16,15.4399996548891,26.9299993980676,21.1849995264784,1989,8,NA
47.4833,9.66667,1989-08-17,15.9999996423721,29.1199993491173,22.5599994957447,1989,8,NA
47.4833,9.66667,1989-08-18,16.8599996231496,22.9099994879216,19.8849995555356,1989,8,NA
47.4833,9.66667,1989-08-19,15.6099996510893,22.4499994982034,19.0299995746464,1989,8,NA
47.4833,9.66667,1989-08-20,12.7199997156858,25.4299994315952,19.0749995736405,1989,8,NA
47.4833,9.66667,1989-08-21,13.509999698028,26.8699993994087,20.1899995487183,1989,8,NA
47.4833,9.66667,1989-08-22,14.9499996658415,26.6599994041026,20.804999534972,1989,8,NA
47.4833,9.66667,1989-08-23,15.8299996461719,25.8799994215369,20.8549995338544,1989,8,NA
47.4833,9.66667,1989-08-24,15.3499996569008,23.7799994684756,19.5649995626882,1989,8,NA
47.4833,9.66667,1989-08-25,14.7499996703118,22.9899994861335,18.8699995782226,1989,8,NA
47.4833,9.66667,1989-08-26,13.3999997004867,23.4299994762987,18.4149995883927,1989,8,NA
47.4833,9.66667,1989-08-27,14.2999996803701,18.9799995757639,16.639999628067,1989,8,NA
47.4833,9.66667,1989-08-28,13.799999691546,17.3599996119738,15.5799996517599,1989,8,NA
47.4833,9.66667,1989-08-29,9.11999979615211,13.509999698028,11.31499974709,1989,8,NA
47.4833,9.66667,1989-08-30,8.40999981202185,14.2999996803701,11.354999746196,1989,8,NA
47.4833,9.66667,1989-08-31,6.74999984912574,17.0799996182323,11.914999733679,1989,8,NA
47.4833,9.66667,1989-09-01,7.09999984130263,19.6899995598942,13.3949997005984,1989,9,NA
47.4833,9.66667,1989-09-02,8.31999981403351,18.6299995835871,13.4749996988103,1989,9,NA
47.4833,9.66667,1989-09-03,11.209999749437,15.0999996624887,13.1549997059628,1989,9,NA
47.4833,9.66667,1989-09-04,9.31999979168177,12.7799997143447,11.0499997530133,1989,9,NA
47.4833,9.66667,1989-09-05,8.58999980799854,10.7099997606128,9.64999978430569,1989,9,NA
47.4833,9.66667,1989-09-06,6.79999984800816,16.3399996347725,11.5699997413903,1989,9,NA
47.4833,9.66667,1989-09-07,6.3699998576194,18.069999596104,12.2199997268617,1989,9,NA
47.4833,9.66667,1989-09-08,7.12999984063208,19.249999569729,13.1899997051805,1989,9,NA
47.4833,9.66667,1989-09-09,7.94999982230365,18.6399995833635,13.2949997028336,1989,9,NA
47.4833,9.66667,1989-09-10,8.73999980464578,19.0499995741993,13.8949996894225,1989,9,NA
47.4833,9.66667,1989-09-11,12.3399997241795,20.969999531284,16.6549996277317,1989,9,NA
47.4833,9.66667,1989-09-12,9.89999977871776,21.1899995263666,15.5449996525422,1989,9,NA
47.4833,9.66667,1989-09-13,12.4199997223914,18.2899995911866,15.354999656789,1989,9,NA
47.4833,9.66667,1989-09-14,10.9799997545779,18.3899995889515,14.6849996717647,1989,9,NA
47.4833,9.66667,1989-09-15,11.1199997514486,15.1799996607006,13.1499997060746,1989,9,NA
47.4833,9.66667,1989-09-16,10.7899997588247,14.2299996819347,12.5099997203797,1989,9,NA
47.4833,9.66667,1989-09-17,12.4699997212738,21.7599995136261,17.1149996174499,1989,9,NA
47.4833,9.66667,1989-09-18,11.5499997418374,23.4299994762987,17.489999609068,1989,9,NA
47.4833,9.66667,1989-09-19,12.7899997141212,24.3299994561821,18.5599995851517,1989,9,NA
47.4833,9.66667,1989-09-20,13.1299997065216,23.1899994816631,18.1599995940924,1989,9,NA
47.4833,9.66667,1989-09-21,12.8199997134507,22.399999499321,17.6099996063858,1989,9,NA
47.4833,9.66667,1989-09-22,12.6599997170269,21.2999995239079,16.9799996204674,1989,9,NA
47.4833,9.66667,1989-09-23,12.619999717921,22.3299995008856,17.4749996094033,1989,9,NA
47.4833,9.66667,1989-09-24,11.749999737367,19.8199995569885,15.7849996471778,1989,9,NA
47.4833,9.66667,1989-09-25,11.1499997507781,14.7499996703118,12.9499997105449,1989,9,NA
47.4833,9.66667,1989-09-26,8.50999980978668,15.809999646619,12.1599997282028,1989,9,NA
47.4833,9.66667,1989-09-27,9.27999979257584,15.0899996627122,12.184999727644,1989,9,NA
47.4833,9.66667,1989-09-28,8.02999982051551,13.0799997076392,10.5549997640774,1989,9,NA
47.4833,9.66667,1989-09-29,5.43999987840652,9.26999979279935,7.35499983560294,1989,9,NA
47.4833,9.66667,1989-09-30,7.71999982744455,10.6799997612834,9.19999979436398,1989,9,NA
47.4833,9.66667,1989-10-01,4.62999989651144,13.1399997062981,8.88499980140477,1989,10,1990
47.4833,9.66667,1989-10-02,7.12999984063208,15.9199996441603,11.5249997423962,1989,10,1990
47.4833,9.66667,1989-10-03,6.23999986052513,14.5399996750057,10.3899997677654,1989,10,1990
47.4833,9.66667,1989-10-04,6.92999984510243,12.6299997176975,9.77999978139997,1989,10,1990
47.4833,9.66667,1989-10-05,2.88999993540347,14.7299996707588,8.80999980308115,1989,10,1990
47.4833,9.66667,1989-10-06,3.54999992065132,17.0399996191263,10.2949997698888,1989,10,1990
47.4833,9.66667,1989-10-07,6.17999986186624,16.4699996318668,11.3249997468665,1989,10,1990
47.4833,9.66667,1989-10-08,7.69999982789159,11.8099997360259,9.75499978195876,1989,10,1990
47.4833,9.66667,1989-10-09,4.37999990209937,7.33999983593822,5.85999986901879,1989,10,1990
47.4833,9.66667,1989-10-10,5.28999988175929,9.59999978542328,7.44499983359128,1989,10,1990
47.4833,9.66667,1989-10-11,5.30999988131225,7.92999982275069,6.61999985203147,1989,10,1990
47.4833,9.66667,1989-10-12,2.48999994434416,11.0399997532368,6.76499984879047,1989,10,1990
47.4833,9.66667,1989-10-13,6.30999985896051,13.489999698475,9.89999977871776,1989,10,1990
47.4833,9.66667,1989-10-14,4.69999989494681,14.5499996747822,9.62499978486449,1989,10,1990
47.4833,9.66667,1989-10-15,4.73999989405274,14.0599996857345,9.39999978989363,1989,10,1990
47.4833,9.66667,1989-10-16,4.9399998895824,11.0699997525662,8.00499982107431,1989,10,1990
47.4833,9.66667,1989-10-17,2.14999995194376,12.5099997203797,7.32999983616173,1989,10,1990
47.4833,9.66667,1989-10-18,3.04999993182719,14.9899996649474,9.01999979838729,1989,10,1990
47.4833,9.66667,1989-10-19,4.05999990925193,15.0799996629357,9.56999978609383,1989,10,1990
47.4833,9.66667,1989-10-20,5.21999988332391,16.1899996381253,10.7049997607246,1989,10,1990
47.4833,9.66667,1989-10-21,5.87999986857176,15.7299996484071,10.8049997584894,1989,10,1990
47.4833,9.66667,1989-10-22,9.32999979145825,19.6799995601177,14.504999675788,1989,10,1990
47.4833,9.66667,1989-10-23,7.90999982319772,19.8699995558709,13.8899996895343,1989,10,1990
47.4833,9.66667,1989-10-24,7.78999982587993,18.7099995817989,13.2499997038394,1989,10,1990
47.4833,9.66667,1989-10-25,7.46999983303249,18.4699995871633,12.9699997100979,1989,10,1990
47.4833,9.66667,1989-10-26,7.15999983996153,17.819999601692,12.4899997208267,1989,10,1990
47.4833,9.66667,1989-10-27,7.84999982453883,17.8799996003509,12.8649997124448,1989,10,1990
47.4833,9.66667,1989-10-28,7.60999982990324,16.9799996204674,12.2949997251853,1989,10,1990
47.4833,9.66667,1989-10-29,6.78999984823167,23.3699994776398,15.0799996629357,1989,10,1990
47.4833,9.66667,1989-10-30,8.44999981112778,12.3599997237325,10.4049997674301,1989,10,1990
47.4833,9.66667,1989-10-31,9.6999997831881,14.8399996683002,12.2699997257441,1989,10,1990
47.4833,9.66667,1989-11-01,11.4199997447431,17.0799996182323,14.2499996814877,1989,11,1990
47.4833,9.66667,1989-11-02,9.66999978385866,15.4899996537715,12.5799997188151,1989,11,1990
47.4833,9.66667,1989-11-03,8.51999980956316,16.5299996305257,12.5249997200444,1989,11,1990
47.4833,9.66667,1989-11-04,6.69999985024333,15.2599996589124,10.9799997545779,1989,11,1990
47.4833,9.66667,1989-11-05,4.13999990746379,8.73999980464578,6.43999985605478,1989,11,1990
47.4833,9.66667,1989-11-06,2.94999993406236,9.09999979659915,6.02499986533076,1989,11,1990
47.4833,9.66667,1989-11-07,1.59999996423721,3.73999991640449,2.66999994032085,1989,11,1990
47.4833,9.66667,1989-11-08,0.719999983906746,5.739999871701,3.22999992780387,1989,11,1990
47.4833,9.66667,1989-11-09,-0.779999982565641,8.97999979928136,4.09999990835786,1989,11,1990
47.4833,9.66667,1989-11-10,2.67999994009733,7.25999983772635,4.96999988891184,1989,11,1990
47.4833,9.66667,1989-11-11,-0.299999993294477,7.91999982297421,3.80999991483986,1989,11,1990
47.4833,9.66667,1989-11-12,0.119999997317791,8.06999981962144,4.09499990846962,1989,11,1990
47.4833,9.66667,1989-11-13,0.479999989271164,4.90999989025295,2.69499993976206,1989,11,1990
47.4833,9.66667,1989-11-14,-0.129999997094274,3.88999991305172,1.87999995797873,1989,11,1990
47.4833,9.66667,1989-11-15,-0.689999984577298,4.11999990791082,1.71499996166676,1989,11,1990
47.4833,9.66667,1989-11-16,-1.38999996893108,4.82999989204109,1.719999961555,1989,11,1990
47.4833,9.66667,1989-11-17,-1.06999997608364,5.49999987706542,2.21499995049089,1989,11,1990
47.4833,9.66667,1989-11-18,-2.85999993607402,3.59999991953373,0.369999991729856,1989,11,1990
47.4833,9.66667,1989-11-19,-2.22999995015562,4.95999988913536,1.36499996948987,1989,11,1990
47.4833,9.66667,1989-11-20,-0.649999985471368,5.29999988153577,2.3249999480322,1989,11,1990
47.4833,9.66667,1989-11-21,-0.57999998703599,5.7999998703599,2.60999994166195,1989,11,1990
47.4833,9.66667,1989-11-22,0.849999981001019,6.23999986052513,3.54499992076308,1989,11,1990
47.4833,9.66667,1989-11-23,-0.0999999977648258,6.75999984890223,3.3299999255687,1989,11,1990
47.4833,9.66667,1989-11-24,-4.53999989852309,2.10999995283782,-1.21499997284263,1989,11,1990
47.4833,9.66667,1989-11-25,-5.94999986700714,1.40999996848404,-2.26999994926155,1989,11,1990
47.4833,9.66667,1989-11-26,-5.24999988265336,-0.559999987483025,-2.90499993506819,1989,11,1990
47.4833,9.66667,1989-11-27,-8.87999980151653,0.259999994188547,-4.30999990366399,1989,11,1990
47.4833,9.66667,1989-11-28,-6.54999985359609,1.09999997541308,-2.7249999390915,1989,11,1990
47.4833,9.66667,1989-11-29,-5.86999986879528,3.96999991126359,-0.949999978765845,1989,11,1990
47.4833,9.66667,1989-11-30,-5.68999987281859,0.599999986588955,-2.54499994311482,1989,11,1990
47.4833,9.66667,1989-12-01,-5.78999987058342,1.89999995753169,-1.94499995652586,1989,12,1990
47.4833,9.66667,1989-12-02,-5.44999987818301,0.359999991953373,-2.54499994311482,1989,12,1990
47.4833,9.66667,1989-12-03,-5.46999987773597,0.00999999977648258,-2.72999993897974,1989,12,1990
47.4833,9.66667,1989-12-04,-5.1099998857826,-0.779999982565641,-2.94499993417412,1989,12,1990
47.4833,9.66667,1989-12-05,-5.17999988421798,-0.959999978542328,-3.06999993138015,1989,12,1990
47.4833,9.66667,1989-12-06,-5.74999987147748,-1.34999996982515,-3.54999992065132,1989,12,1990
47.4833,9.66667,1989-12-07,-4.98999988846481,-1.12999997474253,-3.05999993160367,1989,12,1990
47.4833,9.66667,1989-12-08,-5.05999988690019,1.59999996423721,-1.72999996133149,1989,12,1990
47.4833,9.66667,1989-12-09,-6.14999986253679,0.429999990388751,-2.85999993607402,1989,12,1990
47.4833,9.66667,1989-12-10,-4.019999910146,-0.199999995529652,-2.10999995283782,1989,12,1990
47.4833,9.66667,1989-12-11,-6.94999984465539,0.589999986812472,-3.17999992892146,1989,12,1990
47.4833,9.66667,1989-12-12,-6.5999998524785,2.21999995037913,-2.18999995104969,1989,12,1990
47.4833,9.66667,1989-12-13,-4.08999990858138,4.50999989919364,0.209999995306134,1989,12,1990
47.4833,9.66667,1989-12-14,1.5499999653548,10.7599997594953,6.15499986242503,1989,12,1990
47.4833,9.66667,1989-12-15,2.81999993696809,12.929999710992,7.87499982398003,1989,12,1990
47.4833,9.66667,1989-12-16,5.64999987371266,13.4599996991456,9.55499978642911,1989,12,1990
47.4833,9.66667,1989-12-17,7.32999983616173,19.7199995592237,13.5249996976927,1989,12,1990
47.4833,9.66667,1989-12-18,7.30999983660877,16.5399996303022,11.9249997334555,1989,12,1990
47.4833,9.66667,1989-12-19,3.90999991260469,17.7699996028095,10.8399997577071,1989,12,1990
47.4833,9.66667,1989-12-20,4.7099998947233,13.8199996910989,9.26499979291111,1989,12,1990
47.4833,9.66667,1989-12-21,2.21999995037913,12.0099997315556,7.11499984096736,1989,12,1990
47.4833,9.66667,1989-12-22,7.19999983906746,14.069999685511,10.6349997622892,1989,12,1990
47.4833,9.66667,1989-12-23,4.34999990276992,13.3099997024983,8.82999980263412,1989,12,1990
47.4833,9.66667,1989-12-24,2.02999995462596,8.04999982006848,5.03999988734722,1989,12,1990
47.4833,9.66667,1989-12-25,1.64999996311963,8.02999982051551,4.83999989181757,1989,12,1990
47.4833,9.66667,1989-12-26,-0.379999991506338,6.47999985516071,3.04999993182719,1989,12,1990
47.4833,9.66667,1989-12-27,-3.04999993182719,2.27999994903803,-0.384999991394579,1989,12,1990
47.4833,9.66667,1989-12-28,-3.9599999114871,0.209999995306134,-1.87499995809048,1989,12,1990
47.4833,9.66667,1989-12-29,-5.17999988421798,-0.279999993741512,-2.72999993897974,1989,12,1990
47.4833,9.66667,1989-12-30,-4.86999989114702,-0.549999987706542,-2.70999993942678,1989,12,1990
47.4833,9.66667,1989-12-31,-5.7999998703599,-1.06999997608364,-3.43499992322177,1989,12,1990
47.4833,9.66667,1990-01-01,-5.87999986857176,-0.899999979883432,-3.3899999242276,1990,1,1990
47.4833,9.66667,1990-01-02,-6.2599998600781,-0.739999983459711,-3.4999999217689,1990,1,1990
47.4833,9.66667,1990-01-03,-7.36999983526766,0.319999992847443,-3.52499992121011,1990,1,1990
47.4833,9.66667,1990-01-04,-7.01999984309077,0.509999988600612,-3.25499992724508,1990,1,1990
47.4833,9.66667,1990-01-05,-4.83999989181757,0.0399999991059303,-2.39999994635582,1990,1,1990
47.4833,9.66667,1990-01-06,-6.44999985583127,2.4699999447912,-1.98999995552003,1990,1,1990
47.4833,9.66667,1990-01-07,-1.53999996557832,1.85999995842576,0.159999996423721,1990,1,1990
47.4833,9.66667,1990-01-08,-4.27999990433455,1.18999997340143,-1.54499996546656,1990,1,1990
47.4833,9.66667,1990-01-09,-7.36999983526766,0.0599999986588955,-3.65499991830438,1990,1,1990
47.4833,9.66667,1990-01-10,-7.02999984286726,1.02999997697771,-2.99999993294477,1990,1,1990
47.4833,9.66667,1990-01-11,-7.40999983437359,-0.729999983683228,-4.06999990902841,1990,1,1990
47.4833,9.66667,1990-01-12,-7.88999982364476,-0.289999993517995,-4.08999990858138,1990,1,1990
47.4833,9.66667,1990-01-13,-7.83999982476234,0.189999995753169,-3.82499991450459,1990,1,1990
47.4833,9.66667,1990-01-14,-7.63999982923269,0.479999989271164,-3.57999991998076,1990,1,1990
47.4833,9.66667,1990-01-15,-8.16999981738627,-0.409999990835786,-4.28999990411103,1990,1,1990
47.4833,9.66667,1990-01-16,-7.60999982990324,1.92999995686114,-2.83999993652105,1990,1,1990
47.4833,9.66667,1990-01-17,-2.18999995104969,6.40999985672534,2.10999995283782,1990,1,1990
47.4833,9.66667,1990-01-18,-2.28999994881451,8.63999980688095,3.17499992903322,1990,1,1990
47.4833,9.66667,1990-01-19,-1.16999997384846,3.89999991282821,1.36499996948987,1990,1,1990
47.4833,9.66667,1990-01-20,-3.52999992109835,1.07999997586012,-1.22499997261912,1990,1,1990
47.4833,9.66667,1990-01-21,-4.34999990276992,4.31999990344048,-0.0149999996647239,1990,1,1990
47.4833,9.66667,1990-01-22,0.769999982789159,8.55999980866909,4.66499989572912,1990,1,1990
47.4833,9.66667,1990-01-23,-1.69999996200204,3.79999991506338,1.04999997653067,1990,1,1990
47.4833,9.66667,1990-01-24,-3.39999992400408,3.24999992735684,-0.0749999983236194,1990,1,1990
47.4833,9.66667,1990-01-25,-1.44999996758997,8.49999981001019,3.52499992121011,1990,1,1990
47.4833,9.66667,1990-01-26,2.4699999447912,11.499999742955,6.98499984387308,1990,1,1990
47.4833,9.66667,1990-01-27,2.04999995417893,9.60999978519976,5.82999986968935,1990,1,1990
47.4833,9.66667,1990-01-28,-0.339999992400408,8.45999981090426,4.05999990925193,1990,1,1990
47.4833,9.66667,1990-01-29,2.1799999512732,13.9799996875226,8.07999981939793,1990,1,1990
47.4833,9.66667,1990-01-30,0.789999982342124,5.40999987907708,3.0999999307096,1990,1,1990
47.4833,9.66667,1990-01-31,0.449999989941716,6.80999984778464,3.62999991886318,1990,1,1990
47.4833,9.66667,1990-02-01,-0.92999997921288,12.079999729991,5.57499987538904,1990,2,1990
47.4833,9.66667,1990-02-02,2.52999994345009,10.0899997744709,6.30999985896051,1990,2,1990
47.4833,9.66667,1990-02-03,0.209999995306134,6.64999985136092,3.42999992333353,1990,2,1990
47.4833,9.66667,1990-02-04,0.559999987483025,13.9799996875226,7.26999983750284,1990,2,1990
47.4833,9.66667,1990-02-05,1.52999996580184,12.1299997288734,6.8299998473376,1990,2,1990
47.4833,9.66667,1990-02-06,-0.259999994188547,10.4599997662008,5.09999988600612,1990,2,1990
47.4833,9.66667,1990-02-07,-2.39999994635582,8.36999981291592,2.98499993328005,1990,2,1990
47.4833,9.66667,1990-02-08,-1.17999997362494,12.0199997313321,5.41999987885356,1990,2,1990
47.4833,9.66667,1990-02-09,3.19999992847443,13.7299996931106,8.46499981079251,1990,2,1990
47.4833,9.66667,1990-02-10,1.58999996446073,7.86999982409179,4.72999989427626,1990,2,1990
47.4833,9.66667,1990-02-11,-1.33999997004867,7.90999982319772,3.28499992657453,1990,2,1990
47.4833,9.66667,1990-02-12,0.739999983459711,6.45999985560775,3.59999991953373,1990,2,1990
47.4833,9.66667,1990-02-13,-0.239999994635582,4.58999989740551,2.17499995138496,1990,2,1990
47.4833,9.66667,1990-02-14,0.159999996423721,3.60999991931021,1.88499995786697,1990,2,1990
47.4833,9.66667,1990-02-15,2.15999995172024,8.64999980665743,5.40499987918884,1990,2,1990
47.4833,9.66667,1990-02-16,3.45999992266297,10.2499997708946,6.85499984677881,1990,2,1990
47.4833,9.66667,1990-02-17,0.429999990388751,3.79999991506338,2.11499995272607,1990,2,1990
47.4833,9.66667,1990-02-18,0.979999978095293,8.11999981850386,4.54999989829957,1990,2,1990
47.4833,9.66667,1990-02-19,2.98999993316829,13.4599996991456,8.22499981615692,1990,2,1990
47.4833,9.66667,1990-02-20,4.20999990589917,14.5699996743351,9.38999979011714,1990,2,1990
47.4833,9.66667,1990-02-21,4.08999990858138,15.2599996589124,9.6749997837469,1990,2,1990
47.4833,9.66667,1990-02-22,3.37999992445111,15.1399996615946,9.25999979302287,1990,2,1990
47.4833,9.66667,1990-02-23,3.52999992109835,14.9099996667355,9.21999979391694,1990,2,1990
47.4833,9.66667,1990-02-24,3.21999992802739,12.7599997147918,7.98999982140958,1990,2,1990
47.4833,9.66667,1990-02-25,3.51999992132187,16.349999634549,9.93499977793545,1990,2,1990
47.4833,9.66667,1990-02-26,5.0499998871237,17.6799996048212,11.3649997459725,1990,2,1990
47.4833,9.66667,1990-02-27,5.98999986611307,12.8499997127801,9.41999978944659,1990,2,1990
47.4833,9.66667,1990-02-28,2.62999994121492,12.7099997159094,7.66999982856214,1990,2,1990
47.4833,9.66667,1990-03-01,0.979999978095293,7.30999983660877,4.14499990735203,1990,3,1990
47.4833,9.66667,1990-03-02,1.05999997630715,8.01999982073903,4.53999989852309,1990,3,1990
47.4833,9.66667,1990-03-03,-1.25999997183681,1.6099999640137,0.174999996088445,1990,3,1990
47.4833,9.66667,1990-03-04,-2.42999994568527,3.45999992266297,0.514999988488853,1990,3,1990
47.4833,9.66667,1990-03-05,-3.53999992087483,6.86999984644353,1.66499996278435,1990,3,1990
47.4833,9.66667,1990-03-06,-2.39999994635582,9.54999978654087,3.57499992009252,1990,3,1990
47.4833,9.66667,1990-03-07,0.559999987483025,12.3599997237325,6.45999985560775,1990,3,1990
47.4833,9.66667,1990-03-08,2.71999993920326,13.6199996955693,8.16999981738627,1990,3,1990
47.4833,9.66667,1990-03-09,1.22999997250736,15.5099996533245,8.36999981291592,1990,3,1990
47.4833,9.66667,1990-03-10,6.09999986365438,13.2399997040629,9.66999978385866,1990,3,1990
47.4833,9.66667,1990-03-11,6.97999984398484,11.6399997398257,9.30999979190528,1990,3,1990
47.4833,9.66667,1990-03-12,4.28999990411103,17.6599996052682,10.9749997546896,1990,3,1990
47.4833,9.66667,1990-03-13,4.85999989137053,15.6499996501952,10.2549997707829,1990,3,1990
47.4833,9.66667,1990-03-14,3.06999993138015,15.4299996551126,9.24999979324639,1990,3,1990
47.4833,9.66667,1990-03-15,5.21999988332391,9.59999978542328,7.40999983437359,1990,3,1990
47.4833,9.66667,1990-03-16,3.88999991305172,11.7799997366965,7.8349998248741,1990,3,1990
47.4833,9.66667,1990-03-17,3.2699999269098,13.3799997009337,8.32499981392175,1990,3,1990
47.4833,9.66667,1990-03-18,1.91999995708466,12.0299997311085,6.9749998440966,1990,3,1990
47.4833,9.66667,1990-03-19,3.19999992847443,15.6899996493012,9.4449997888878,1990,3,1990
47.4833,9.66667,1990-03-20,3.83999991416931,16.0099996421486,9.92499977815896,1990,3,1990
47.4833,9.66667,1990-03-21,5.17999988421798,14.0599996857345,9.61999978497624,1990,3,1990
47.4833,9.66667,1990-03-22,7.749999826774,19.3099995683879,13.5299996975809,1990,3,1990
47.4833,9.66667,1990-03-23,9.76999978162348,21.529999518767,15.6499996501952,1990,3,1990
47.4833,9.66667,1990-03-24,5.57999987527728,13.4999996982515,9.53999978676438,1990,3,1990
47.4833,9.66667,1990-03-25,1.66999996267259,13.6599996946752,7.6649998286739,1990,3,1990
47.4833,9.66667,1990-03-26,2.38999994657934,8.17999981716275,5.28499988187104,1990,3,1990
47.4833,9.66667,1990-03-27,0.259999994188547,3.1599999293685,1.70999996177852,1990,3,1990
47.4833,9.66667,1990-03-28,0.149999996647239,3.34999992512167,1.74999996088445,1990,3,1990
47.4833,9.66667,1990-03-29,0.989999977871776,4.21999990567565,2.60499994177371,1990,3,1990
47.4833,9.66667,1990-03-30,1.18999997340143,6.3699998576194,3.77999991551042,1990,3,1990
47.4833,9.66667,1990-03-31,2.4699999447912,11.1299997512251,6.79999984800816,1990,3,1990
47.4833,9.66667,1990-04-01,1.62999996356666,14.5499996747822,8.08999981917441,1990,4,1990
47.4833,9.66667,1990-04-02,2.56999994255602,16.7899996247143,9.67999978363514,1990,4,1990
47.4833,9.66667,1990-04-03,5.01999988779426,17.5999996066093,11.3099997472018,1990,4,1990
47.4833,9.66667,1990-04-04,4.88999989069998,13.1599997058511,9.02499979827553,1990,4,1990
47.4833,9.66667,1990-04-05,2.06999995373189,7.41999983415008,4.74499989394099,1990,4,1990
47.4833,9.66667,1990-04-06,1.30999997071922,7.81999982520938,4.5649998979643,1990,4,1990
47.4833,9.66667,1990-04-07,2.60999994166195,8.17999981716275,5.39499987941235,1990,4,1990
47.4833,9.66667,1990-04-08,2.60999994166195,6.67999985069036,4.64499989617616,1990,4,1990
47.4833,9.66667,1990-04-09,2.14999995194376,5.51999987661839,3.83499991428107,1990,4,1990
47.4833,9.66667,1990-04-10,1.39999996870756,5.03999988734722,3.21999992802739,1990,4,1990
47.4833,9.66667,1990-04-11,1.5499999653548,7.93999982252717,4.74499989394099,1990,4,1990
47.4833,9.66667,1990-04-12,1.16999997384846,4.82999989204109,2.99999993294477,1990,4,1990
47.4833,9.66667,1990-04-13,2.15999995172024,7.50999983213842,4.83499989192933,1990,4,1990
47.4833,9.66667,1990-04-14,1.66999996267259,13.6799996942282,7.67499982845038,1990,4,1990
47.4833,9.66667,1990-04-15,2.59999994188547,10.9799997545779,6.78999984823167,1990,4,1990
47.4833,9.66667,1990-04-16,1.38999996893108,7.2899998370558,4.33999990299344,1990,4,1990
47.4833,9.66667,1990-04-17,1.90999995730817,8.1499998178333,5.02999988757074,1990,4,1990
47.4833,9.66667,1990-04-18,2.33999994769692,11.0499997530133,6.69499985035509,1990,4,1990
47.4833,9.66667,1990-04-19,1.86999995820224,6.24999986030161,4.05999990925193,1990,4,1990
47.4833,9.66667,1990-04-20,2.05999995395541,6.80999984778464,4.43499990087003,1990,4,1990
47.4833,9.66667,1990-04-21,0.449999989941716,11.459999743849,5.95499986689538,1990,4,1990
47.4833,9.66667,1990-04-22,2.21999995037913,13.21999970451,7.71999982744455,1990,4,1990
47.4833,9.66667,1990-04-23,4.11999990791082,14.4699996765703,9.29499979224056,1990,4,1990
47.4833,9.66667,1990-04-24,4.9399998895824,8.81999980285764,6.87999984622002,1990,4,1990
47.4833,9.66667,1990-04-25,5.02999988757074,12.0899997297674,8.55999980866909,1990,4,1990
47.4833,9.66667,1990-04-26,6.06999986432493,12.0999997295439,9.08499979693443,1990,4,1990
47.4833,9.66667,1990-04-27,5.25999988242984,13.5399996973574,9.39999978989363,1990,4,1990
47.4833,9.66667,1990-04-28,6.75999984890223,12.1599997282028,9.45999978855252,1990,4,1990
47.4833,9.66667,1990-04-29,5.2799998819828,13.0299997087568,9.1549997953698,1990,4,1990
47.4833,9.66667,1990-04-30,2.49999994412065,16.0899996403605,9.29499979224056,1990,4,1990
47.4833,9.66667,1990-05-01,4.13999990746379,18.3399995900691,11.2399997487664,1990,5,NA
47.4833,9.66667,1990-05-02,6.89999984577298,21.259999524802,14.0799996852875,1990,5,NA
47.4833,9.66667,1990-05-03,8.39999981224537,23.1199994832277,15.7599996477365,1990,5,NA
47.4833,9.66667,1990-05-04,8.97999979928136,21.6699995156378,15.3249996574596,1990,5,NA
47.4833,9.66667,1990-05-05,7.20999983884394,22.109999505803,14.6599996723235,1990,5,NA
47.4833,9.66667,1990-05-06,8.41999981179833,22.0499995071441,15.2349996594712,1990,5,NA
47.4833,9.66667,1990-05-07,9.36999979056418,21.3699995223433,15.3699996564537,1990,5,NA
47.4833,9.66667,1990-05-08,8.36999981291592,19.7499995585531,14.0599996857345,1990,5,NA
47.4833,9.66667,1990-05-09,10.9499997552484,20.2799995467067,15.6149996509776,1990,5,NA
47.4833,9.66667,1990-05-10,9.47999978810549,21.1899995263666,15.334999657236,1990,5,NA
47.4833,9.66667,1990-05-11,8.73999980464578,20.7999995350838,14.7699996698648,1990,5,NA
47.4833,9.66667,1990-05-12,10.2599997706711,14.7499996703118,12.5049997204915,1990,5,NA
47.4833,9.66667,1990-05-13,8.3799998126924,17.7399996034801,13.0599997080863,1990,5,NA
47.4833,9.66667,1990-05-14,8.53999980911613,18.5699995849282,13.5549996970221,1990,5,NA
47.4833,9.66667,1990-05-15,11.0499997530133,19.2399995699525,15.1449996614829,1990,5,NA
47.4833,9.66667,1990-05-16,11.6799997389317,20.6899995375425,16.1849996382371,1990,5,NA
47.4833,9.66667,1990-05-17,10.9999997541308,22.6999994926155,16.8499996233732,1990,5,NA
47.4833,9.66667,1990-05-18,11.1999997496605,22.5999994948506,16.8999996222556,1990,5,NA
47.4833,9.66667,1990-05-19,11.1199997514486,19.4899995643646,15.3049996579066,1990,5,NA
47.4833,9.66667,1990-05-20,9.22999979369342,20.679999537766,14.9549996657297,1990,5,NA
47.4833,9.66667,1990-05-21,11.9499997328967,21.7299995142967,16.8399996235967,1990,5,NA
47.4833,9.66667,1990-05-22,11.2499997485429,17.8699996005744,14.5599996745586,1990,5,NA
47.4833,9.66667,1990-05-23,10.2999997697771,21.4699995201081,15.8849996449426,1990,5,NA
47.4833,9.66667,1990-05-24,11.9099997337908,22.08999950625,16.9999996200204,1990,5,NA
47.4833,9.66667,1990-05-25,11.5099997427315,17.9799995981157,14.7449996704236,1990,5,NA
47.4833,9.66667,1990-05-26,9.5899997856468,13.489999698475,11.5399997420609,1990,5,NA
47.4833,9.66667,1990-05-27,6.37999985739589,15.5399996526539,10.9599997550249,1990,5,NA
47.4833,9.66667,1990-05-28,7.77999982610345,17.5999996066093,12.6899997163564,1990,5,NA
47.4833,9.66667,1990-05-29,4.78999989293516,17.0299996193498,10.9099997561425,1990,5,NA
47.4833,9.66667,1990-05-30,5.06999988667667,15.5799996517599,10.3249997692183,1990,5,NA
47.4833,9.66667,1990-05-31,3.48999992199242,18.4299995880574,10.9599997550249,1990,5,NA
47.4833,9.66667,1990-06-01,5.85999986901879,20.8099995348603,13.3349997019395,1990,6,NA
47.4833,9.66667,1990-06-02,7.91999982297421,23.3099994789809,15.6149996509776,1990,6,NA
47.4833,9.66667,1990-06-03,10.919999755919,18.089999595657,14.504999675788,1990,6,NA
47.4833,9.66667,1990-06-04,9.46999978832901,16.9899996202439,13.2299997042865,1990,6,NA
47.4833,9.66667,1990-06-05,10.0999997742474,14.7599996700883,12.4299997221678,1990,6,NA
47.4833,9.66667,1990-06-06,8.53999980911613,17.3099996130913,12.9249997111037,1990,6,NA
47.4833,9.66667,1990-06-07,10.069999774918,14.3299996796995,12.1999997273088,1990,6,NA
47.4833,9.66667,1990-06-08,10.1899997722358,15.5499996524304,12.8699997123331,1990,6,NA
47.4833,9.66667,1990-06-09,9.5899997856468,14.2599996812642,11.9249997334555,1990,6,NA
47.4833,9.66667,1990-06-10,7.60999982990324,13.8999996893108,10.754999759607,1990,6,NA
47.4833,9.66667,1990-06-11,6.45999985560775,12.5999997183681,9.5299997869879,1990,6,NA
47.4833,9.66667,1990-06-12,7.90999982319772,17.9399995990098,12.9249997111037,1990,6,NA
47.4833,9.66667,1990-06-13,9.01999979838729,13.9099996890873,11.4649997437373,1990,6,NA
47.4833,9.66667,1990-06-14,10.2599997706711,13.5999996960163,11.9299997333437,1990,6,NA
47.4833,9.66667,1990-06-15,8.58999980799854,17.4299996104091,13.0099997092038,1990,6,NA
47.4833,9.66667,1990-06-16,9.1299997959286,17.8399996012449,13.4849996985868,1990,6,NA
47.4833,9.66667,1990-06-17,8.48999981023371,19.9099995549768,14.1999996826053,1990,6,NA
47.4833,9.66667,1990-06-18,9.82999978028238,22.669999493286,16.2499996367842,1990,6,NA
47.4833,9.66667,1990-06-19,12.5899997185916,20.5699995402247,16.5799996294081,1990,6,NA
47.4833,9.66667,1990-06-20,11.1099997516721,24.9799994416535,18.0449995966628,1990,6,NA
47.4833,9.66667,1990-06-21,12.5599997192621,22.4099994990975,17.4849996091798,1990,6,NA
47.4833,9.66667,1990-06-22,11.1799997501075,20.6899995375425,15.934999643825,1990,6,NA
47.4833,9.66667,1990-06-23,10.8299997579306,16.6899996269494,13.75999969244,1990,6,NA
47.4833,9.66667,1990-06-24,10.4899997655302,14.1399996839464,12.3149997247383,1990,6,NA
47.4833,9.66667,1990-06-25,9.68999978341162,21.7699995134026,15.7299996484071,1990,6,NA
47.4833,9.66667,1990-06-26,11.9299997333437,24.5599994510412,18.2449995921925,1990,6,NA
47.4833,9.66667,1990-06-27,13.509999698028,27.4299993868917,20.4699995424598,1990,6,NA
47.4833,9.66667,1990-06-28,16.1799996383488,26.7399994023144,21.4599995203316,1990,6,NA
47.4833,9.66667,1990-06-29,15.8299996461719,21.9999995082617,18.9149995772168,1990,6,NA
47.4833,9.66667,1990-06-30,13.6899996940047,27.6699993815273,20.679999537766,1990,6,NA
47.4833,9.66667,1990-07-01,14.649999672547,28.4399993643165,21.5449995184317,1990,7,NA
47.4833,9.66667,1990-07-02,13.3399997018278,18.5099995862693,15.9249996440485,1990,7,NA
47.4833,9.66667,1990-07-03,11.8599997349083,19.7799995578825,15.8199996463954,1990,7,NA
47.4833,9.66667,1990-07-04,11.2199997492135,17.4199996106327,14.3199996799231,1990,7,NA
47.4833,9.66667,1990-07-05,9.94999977760017,18.2899995911866,14.1199996843934,1990,7,NA
47.4833,9.66667,1990-07-06,11.3999997451901,19.1999995708466,15.2999996580184,1990,7,NA
47.4833,9.66667,1990-07-07,10.31999976933,14.7799996696413,12.5499997194856,1990,7,NA
47.4833,9.66667,1990-07-08,9.18999979458749,16.8399996235967,13.0149997090921,1990,7,NA
47.4833,9.66667,1990-07-09,11.6999997384846,17.7599996030331,14.7299996707588,1990,7,NA
47.4833,9.66667,1990-07-10,13.9799996875226,24.3199994564056,19.1499995719641,1990,7,NA
47.4833,9.66667,1990-07-11,11.479999743402,17.6899996045977,14.5849996739998,1990,7,NA
47.4833,9.66667,1990-07-12,8.76999980397522,19.809999557212,14.2899996805936,1990,7,NA
47.4833,9.66667,1990-07-13,9.34999979101121,24.0899994615465,16.7199996262789,1990,7,NA
47.4833,9.66667,1990-07-14,11.6499997396022,25.9199994206429,18.7849995801225,1990,7,NA
47.4833,9.66667,1990-07-15,13.5199996978045,24.7699994463474,19.1449995720759,1990,7,NA
47.4833,9.66667,1990-07-16,11.8399997353554,24.7999994456768,18.3199995905161,1990,7,NA
47.4833,9.66667,1990-07-17,13.779999691993,27.289999390021,20.534999541007,1990,7,NA
47.4833,9.66667,1990-07-18,15.4299996551126,24.2899994570762,19.8599995560944,1990,7,NA
47.4833,9.66667,1990-07-19,11.6399997398257,21.1999995261431,16.4199996329844,1990,7,NA
47.4833,9.66667,1990-07-20,9.77999978139997,22.2599995024502,16.0199996419251,1990,7,NA
47.4833,9.66667,1990-07-21,11.0599997527897,24.8499994445592,17.9549995986745,1990,7,NA
47.4833,9.66667,1990-07-22,12.8399997130036,28.2699993681163,20.5549995405599,1990,7,NA
47.4833,9.66667,1990-07-23,14.8199996687472,27.9899993743747,21.404999521561,1990,7,NA
47.4833,9.66667,1990-07-24,14.6599996723235,25.3499994333833,20.0049995528534,1990,7,NA
47.4833,9.66667,1990-07-25,11.7299997378141,23.4699994754046,17.5999996066093,1990,7,NA
47.4833,9.66667,1990-07-26,10.5899997632951,24.3099994566292,17.4499996099621,1990,7,NA
47.4833,9.66667,1990-07-27,11.2999997474253,26.0099994186312,18.6549995830283,1990,7,NA
47.4833,9.66667,1990-07-28,13.0999997071922,27.8799993768334,20.4899995420128,1990,7,NA
47.4833,9.66667,1990-07-29,15.4499996546656,30.0999993272126,22.7749994909391,1990,7,NA
47.4833,9.66667,1990-07-30,18.2099995929748,28.0199993737042,23.1149994833395,1990,7,NA
47.4833,9.66667,1990-07-31,17.0799996182323,24.3599994555116,20.7199995368719,1990,7,NA
47.4833,9.66667,1990-08-01,16.3599996343255,23.9999994635582,20.1799995489419,1990,8,NA
47.4833,9.66667,1990-08-02,16.1999996379018,26.0499994177371,21.1249995278195,1990,8,NA
47.4833,9.66667,1990-08-03,16.389999633655,28.9999993517995,22.6949994927272,1990,8,NA
47.4833,9.66667,1990-08-04,15.6499996501952,28.5599993616343,22.1049995059147,1990,8,NA
47.4833,9.66667,1990-08-05,14.6699996720999,28.2599993683398,21.4649995202199,1990,8,NA
47.4833,9.66667,1990-08-06,15.5599996522069,30.5599993169308,23.0599994845688,1990,8,NA
47.4833,9.66667,1990-08-07,14.5899996738881,21.7299995142967,18.1599995940924,1990,8,NA
47.4833,9.66667,1990-08-08,11.7999997362494,17.4399996101856,14.6199996732175,1990,8,NA
47.4833,9.66667,1990-08-09,9.36999979056418,20.5099995415658,14.939999666065,1990,8,NA
47.4833,9.66667,1990-08-10,9.04999979771674,22.7699994910508,15.9099996443838,1990,8,NA
47.4833,9.66667,1990-08-11,10.899999756366,25.0599994398654,17.9799995981157,1990,8,NA
47.4833,9.66667,1990-08-12,13.1099997069687,26.4599994085729,19.7849995577708,1990,8,NA
47.4833,9.66667,1990-08-13,14.5299996752292,28.8199993558228,21.674999515526,1990,8,NA
47.4833,9.66667,1990-08-14,15.5999996513128,28.9599993526936,22.2799995020032,1990,8,NA
47.4833,9.66667,1990-08-15,14.9699996653944,23.559999473393,19.2649995693937,1990,8,NA
47.4833,9.66667,1990-08-16,14.649999672547,22.0099995080382,18.3299995902926,1990,8,NA
47.4833,9.66667,1990-08-17,14.4299996774644,24.7799994461238,19.6049995617941,1990,8,NA
47.4833,9.66667,1990-08-18,11.9299997333437,17.6099996063858,14.7699996698648,1990,8,NA
47.4833,9.66667,1990-08-19,8.4399998113513,20.7899995353073,14.6149996733293,1990,8,NA
47.4833,9.66667,1990-08-20,13.6499996948987,24.0799994617701,18.8649995783344,1990,8,NA
47.4833,9.66667,1990-08-21,14.0599996857345,25.5199994295835,19.789999557659,1990,8,NA
47.4833,9.66667,1990-08-22,14.7999996691942,19.8199995569885,17.3099996130913,1990,8,NA
47.4833,9.66667,1990-08-23,11.9899997320026,19.2199995703995,15.6049996512011,1990,8,NA
47.4833,9.66667,1990-08-24,9.05999979749322,23.5299994740635,16.2949996357784,1990,8,NA
47.4833,9.66667,1990-08-25,11.209999749437,26.4299994092435,18.8199995793402,1990,8,NA
47.4833,9.66667,1990-08-26,14.2599996812642,25.8799994215369,20.0699995514005,1990,8,NA
47.4833,9.66667,1990-08-27,15.1199996620417,21.4799995198846,18.2999995909631,1990,8,NA
47.4833,9.66667,1990-08-28,13.5999996960163,22.7599994912744,18.1799995936453,1990,8,NA
47.4833,9.66667,1990-08-29,14.2899996805936,24.7499994467944,19.519999563694,1990,8,NA
47.4833,9.66667,1990-08-30,13.9499996881932,25.8699994217604,19.9099995549768,1990,8,NA
47.4833,9.66667,1990-08-31,15.4899996537715,25.4899994302541,20.4899995420128,1990,8,NA
47.4833,9.66667,1990-09-01,12.5599997192621,17.9999995976686,15.2799996584654,1990,9,NA
47.4833,9.66667,1990-09-02,10.4899997655302,16.1699996385723,13.3299997020513,1990,9,NA
47.4833,9.66667,1990-09-03,8.8999998010695,19.3299995679408,14.1149996845052,1990,9,NA
47.4833,9.66667,1990-09-04,12.0499997306615,14.8199996687472,13.4349996997043,1990,9,NA
47.4833,9.66667,1990-09-05,12.4899997208267,20.5799995400012,16.5349996304139,1990,9,NA
47.4833,9.66667,1990-09-06,11.3199997469783,16.0199996419251,13.6699996944517,1990,9,NA
47.4833,9.66667,1990-09-07,8.19999981671572,19.3499995674938,13.7749996921048,1990,9,NA
47.4833,9.66667,1990-09-08,9.13999979570508,14.2899996805936,11.7149997381493,1990,9,NA
47.4833,9.66667,1990-09-09,8.76999980397522,16.1699996385723,12.4699997212738,1990,9,NA
47.4833,9.66667,1990-09-10,6.029999865219,17.529999608174,11.7799997366965,1990,9,NA
47.4833,9.66667,1990-09-11,7.53999983146787,16.099999640137,11.8199997358024,1990,9,NA
47.4833,9.66667,1990-09-12,9.02999979816377,15.4399996548891,12.2349997265264,1990,9,NA
47.4833,9.66667,1990-09-13,6.08999986387789,17.1499996166676,11.6199997402728,1990,9,NA
47.4833,9.66667,1990-09-14,6.30999985896051,17.3399996124208,11.8249997356907,1990,9,NA
47.4833,9.66667,1990-09-15,7.76999982632697,20.3099995460361,14.0399996861815,1990,9,NA
47.4833,9.66667,1990-09-16,11.2899997476488,17.8799996003509,14.5849996739998,1990,9,NA
47.4833,9.66667,1990-09-17,10.359999768436,16.0399996414781,13.199999704957,1990,9,NA
47.4833,9.66667,1990-09-18,6.83999984711409,17.7199996039271,12.2799997255206,1990,9,NA
47.4833,9.66667,1990-09-19,9.18999979458749,14.8099996689707,11.9999997317791,1990,9,NA
47.4833,9.66667,1990-09-20,7.82999982498586,21.1199995279312,14.4749996764585,1990,9,NA
47.4833,9.66667,1990-09-21,10.7899997588247,17.1299996171147,13.9599996879697,1990,9,NA
47.4833,9.66667,1990-09-22,10.3999997675419,16.8099996242672,13.6049996959046,1990,9,NA
47.4833,9.66667,1990-09-23,12.3799997232854,17.0099996197969,14.6949996715412,1990,9,NA
47.4833,9.66667,1990-09-24,12.7299997154623,16.6199996285141,14.6749996719882,1990,9,NA
47.4833,9.66667,1990-09-25,8.88999980129302,14.8799996674061,11.8849997343495,1990,9,NA
47.4833,9.66667,1990-09-26,5.40999987907708,14.9999996647239,10.2049997719005,1990,9,NA
47.4833,9.66667,1990-09-27,5.48999987728894,15.1399996615946,10.3149997694418,1990,9,NA
47.4833,9.66667,1990-09-28,8.34999981336296,14.5899996738881,11.4699997436255,1990,9,NA
47.4833,9.66667,1990-09-29,6.39999985694885,15.8999996446073,11.1499997507781,1990,9,NA
47.4833,9.66667,1990-09-30,6.09999986365438,20.0299995522946,13.0649997079745,1990,9,NA
47.4833,9.66667,1990-10-01,10.6699997615069,20.5499995406717,15.6099996510893,1990,10,1991
47.4833,9.66667,1990-10-02,13.8899996895343,19.7399995587766,16.8149996241555,1990,10,1991
47.4833,9.66667,1990-10-03,13.0099997092038,18.5399995855987,15.7749996474013,1990,10,1991
47.4833,9.66667,1990-10-04,11.3899997454137,19.6799995601177,15.5349996527657,1990,10,1991
47.4833,9.66667,1990-10-05,9.09999979659915,15.20999966003,12.1549997283146,1990,10,1991
47.4833,9.66667,1990-10-06,7.0599998421967,14.2899996805936,10.6749997613952,1990,10,1991
47.4833,9.66667,1990-10-07,6.62999985180795,18.0399995967746,12.3349997242913,1990,10,1991
47.4833,9.66667,1990-10-08,6.35999985784292,17.3199996128678,11.8399997353554,1990,10,1991
47.4833,9.66667,1990-10-09,5.65999987348914,11.189999749884,8.42499981168658,1990,10,1991
47.4833,9.66667,1990-10-10,2.12999995239079,13.3399997018278,7.73499982710928,1990,10,1991
47.4833,9.66667,1990-10-11,3.84999991394579,14.4399996772408,9.14499979559332,1990,10,1991
47.4833,9.66667,1990-10-12,4.94999988935888,17.1499996166676,11.0499997530133,1990,10,1991
47.4833,9.66667,1990-10-13,7.35999983549118,25.2699994351715,16.3149996353313,1990,10,1991
47.4833,9.66667,1990-10-14,13.1299997065216,24.2499994579703,18.6899995822459,1990,10,1991
47.4833,9.66667,1990-10-15,10.4699997659773,21.1999995261431,15.8349996460602,1990,10,1991
47.4833,9.66667,1990-10-16,10.5499997641891,25.259999435395,17.9049995997921,1990,10,1991
47.4833,9.66667,1990-10-17,12.5099997203797,20.369999544695,16.4399996325374,1990,10,1991
47.4833,9.66667,1990-10-18,12.1599997282028,19.0299995746464,15.5949996514246,1990,10,1991
47.4833,9.66667,1990-10-19,11.0199997536838,17.0999996177852,14.0599996857345,1990,10,1991
47.4833,9.66667,1990-10-20,7.72999982722104,15.3699996564537,11.5499997418374,1990,10,1991
47.4833,9.66667,1990-10-21,9.09999979659915,13.0499997083098,11.0749997524545,1990,10,1991
47.4833,9.66667,1990-10-22,8.57999980822206,14.0999996848404,11.3399997465312,1990,10,1991
47.4833,9.66667,1990-10-23,5.15999988466501,10.879999756813,8.01999982073903,1990,10,1991
47.4833,9.66667,1990-10-24,1.04999997653067,10.899999756366,5.97499986644834,1990,10,1991
47.4833,9.66667,1990-10-25,2.21999995037913,14.1299996841699,8.17499981727451,1990,10,1991
47.4833,9.66667,1990-10-26,3.67999991774559,12.8999997116625,8.28999981470406,1990,10,1991
47.4833,9.66667,1990-10-27,5.72999987192452,13.2799997031689,9.50499978754669,1990,10,1991
47.4833,9.66667,1990-10-28,6.22999986074865,9.76999978162348,7.99999982118607,1990,10,1991
47.4833,9.66667,1990-10-29,3.77999991551042,14.3299996796995,9.05499979760498,1990,10,1991
47.4833,9.66667,1990-10-30,6.41999985650182,12.3199997246265,9.36999979056418,1990,10,1991
47.4833,9.66667,1990-10-31,5.69999987259507,11.9499997328967,8.82499980274588,1990,10,1991
47.4833,9.66667,1990-11-01,5.19999988377094,9.04999979771674,7.12499984074384,1990,11,1991
47.4833,9.66667,1990-11-02,5.47999987751245,9.80999978072941,7.64499982912093,1990,11,1991
47.4833,9.66667,1990-11-03,3.33999992534518,8.8999998010695,6.11999986320734,1990,11,1991
47.4833,9.66667,1990-11-04,1.35999996960163,5.30999988131225,3.33499992545694,1990,11,1991
47.4833,9.66667,1990-11-05,1.93999995663762,4.29999990388751,3.11999993026257,1990,11,1991
47.4833,9.66667,1990-11-06,0.109999997541308,3.30999992601573,1.70999996177852,1990,11,1991
47.4833,9.66667,1990-11-07,-1.63999996334314,4.82999989204109,1.59499996434897,1990,11,1991
47.4833,9.66667,1990-11-08,-3.61999991908669,5.0499998871237,0.714999984018505,1990,11,1991
47.4833,9.66667,1990-11-09,-3.92999991215765,3.43999992311001,-0.244999994523823,1990,11,1991
47.4833,9.66667,1990-11-10,-2.55999994277954,4.00999991036952,0.724999983794987,1990,11,1991
47.4833,9.66667,1990-11-11,-1.88999995775521,7.12999984063208,2.61999994143844,1990,11,1991
47.4833,9.66667,1990-11-12,4.12999990768731,8.74999980442226,6.43999985605478,1990,11,1991
47.4833,9.66667,1990-11-13,5.14999988488853,10.2399997711182,7.69499982800335,1990,11,1991
47.4833,9.66667,1990-11-14,2.79999993741512,9.79999978095293,6.29999985918403,1990,11,1991
47.4833,9.66667,1990-11-15,3.91999991238117,8.34999981336296,6.13499986287206,1990,11,1991
47.4833,9.66667,1990-11-16,3.54999992065132,7.87999982386827,5.7149998722598,1990,11,1991
47.4833,9.66667,1990-11-17,3.46999992243946,10.8599997572601,7.16499983984977,1990,11,1991
47.4833,9.66667,1990-11-18,6.5999998524785,14.0399996861815,10.31999976933,1990,11,1991
47.4833,9.66667,1990-11-19,7.84999982453883,13.2299997042865,10.5399997644126,1990,11,1991
47.4833,9.66667,1990-11-20,5.71999987214804,9.59999978542328,7.65999982878566,1990,11,1991
47.4833,9.66667,1990-11-21,5.16999988444149,14.0299996864051,9.59999978542328,1990,11,1991
47.4833,9.66667,1990-11-22,2.85999993607402,7.99999982118607,5.42999987863004,1990,11,1991
47.4833,9.66667,1990-11-23,1.09999997541308,4.14999990724027,2.62499994132668,1990,11,1991
47.4833,9.66667,1990-11-24,-0.449999989941716,2.68999993987381,1.11999997496605,1990,11,1991
47.4833,9.66667,1990-11-25,-1.27999997138977,6.53999985381961,2.62999994121492,1990,11,1991
47.4833,9.66667,1990-11-26,0.519999988377094,9.44999978877604,4.98499988857657,1990,11,1991
47.4833,9.66667,1990-11-27,0.00999999977648258,7.53999983146787,3.77499991562217,1990,11,1991
47.4833,9.66667,1990-11-28,-1.93999995663762,1.3799999691546,-0.279999993741512,1990,11,1991
47.4833,9.66667,1990-11-29,-0.219999995082617,2.38999994657934,1.08499997574836,1990,11,1991
47.4833,9.66667,1990-11-30,0.359999991953373,2.67999994009733,1.51999996602535,1990,11,1991
47.4833,9.66667,1990-12-01,-1.719999961555,1.1499999742955,-0.284999993629754,1990,12,1991
47.4833,9.66667,1990-12-02,-6.18999986164272,-0.92999997921288,-3.5599999204278,1990,12,1991
47.4833,9.66667,1990-12-03,-6.95999984443188,0.34999999217689,-3.30499992612749,1990,12,1991
47.4833,9.66667,1990-12-04,-3.2699999269098,2.73999993875623,-0.264999994076788,1990,12,1991
47.4833,9.66667,1990-12-05,-3.24999992735684,1.18999997340143,-1.02999997697771,1990,12,1991
47.4833,9.66667,1990-12-06,-2.45999994501472,0.679999984800816,-0.88999998010695,1990,12,1991
47.4833,9.66667,1990-12-07,-7.2899998370558,-0.839999981224537,-4.06499990914017,1990,12,1991
47.4833,9.66667,1990-12-08,-10.2699997704476,-2.29999994859099,-6.2849998595193,1990,12,1991
47.4833,9.66667,1990-12-09,-10.2599997706711,0.759999983012676,-4.74999989382923,1990,12,1991
47.4833,9.66667,1990-12-10,-5.15999988466501,3.86999991349876,-0.644999985583127,1990,12,1991
47.4833,9.66667,1990-12-11,-3.27999992668629,-0.209999995306134,-1.74499996099621,1990,12,1991
47.4833,9.66667,1990-12-12,-5.90999986790121,0.769999982789159,-2.56999994255602,1990,12,1991
47.4833,9.66667,1990-12-13,-5.61999987438321,0.179999995976686,-2.71999993920326,1990,12,1991
47.4833,9.66667,1990-12-14,-2.73999993875623,-0.249999994412065,-1.49499996658415,1990,12,1991
47.4833,9.66667,1990-12-15,-4.62999989651144,-0.459999989718199,-2.54499994311482,1990,12,1991
47.4833,9.66667,1990-12-16,-5.2799998819828,-1.64999996311963,-3.46499992255121,1990,12,1991
47.4833,9.66667,1990-12-17,-5.80999987013638,-2.20999995060265,-4.00999991036952,1990,12,1991
47.4833,9.66667,1990-12-18,-7.01999984309077,-2.03999995440245,-4.52999989874661,1990,12,1991
47.4833,9.66667,1990-12-19,-10.899999756366,-1.32999997027218,-6.1149998633191,1990,12,1991
47.4833,9.66667,1990-12-20,-4.75999989360571,0.739999983459711,-2.009999955073,1990,12,1991
47.4833,9.66667,1990-12-21,-4.54999989829957,0.729999983683228,-1.90999995730817,1990,12,1991
47.4833,9.66667,1990-12-22,-4.2499999050051,0.559999987483025,-1.84499995876104,1990,12,1991
47.4833,9.66667,1990-12-23,0.149999996647239,4.28999990411103,2.21999995037913,1990,12,1991
47.4833,9.66667,1990-12-24,-1.36999996937811,2.65999994054437,0.644999985583127,1990,12,1991
47.4833,9.66667,1990-12-25,-1.20999997295439,1.5499999653548,0.169999996200204,1990,12,1991
47.4833,9.66667,1990-12-26,-3.88999991305172,1.11999997496605,-1.38499996904284,1990,12,1991
47.4833,9.66667,1990-12-27,-3.70999991707504,4.35999990254641,0.324999992735684,1990,12,1991
47.4833,9.66667,1990-12-28,0.139999996870756,6.72999984957278,3.43499992322177,1990,12,1991
47.4833,9.66667,1990-12-29,-1.35999996960163,5.16999988444149,1.90499995741993,1990,12,1991
47.4833,9.66667,1990-12-30,-0.299999993294477,9.83999978005886,4.76999989338219,1990,12,1991
47.4833,9.66667,1990-12-31,4.31999990344048,9.86999977938831,7.09499984141439,1990,12,1991
47.4833,9.66667,1991-01-01,3.12999993003905,6.74999984912574,4.9399998895824,1991,1,1991
47.4833,9.66667,1991-01-02,1.21999997273088,5.55999987572432,3.3899999242276,1991,1,1991
47.4833,9.66667,1991-01-03,-0.999999977648258,5.52999987639487,2.2649999493733,1991,1,1991
47.4833,9.66667,1991-01-04,3.83999991416931,10.4099997673184,7.12499984074384,1991,1,1991
47.4833,9.66667,1991-01-05,0.229999994859099,8.85999980196357,4.54499989841133,1991,1,1991
47.4833,9.66667,1991-01-06,0.339999992400408,6.07999986410141,3.20999992825091,1991,1,1991
47.4833,9.66667,1991-01-07,1.1499999742955,5.91999986767769,3.53499992098659,1991,1,1991
47.4833,9.66667,1991-01-08,2.76999993808568,7.21999983862042,4.99499988835305,1991,1,1991
47.4833,9.66667,1991-01-09,0.809999981895089,9.71999978274107,5.26499988231808,1991,1,1991
47.4833,9.66667,1991-01-10,0.169999996200204,10.1499997731298,5.15999988466501,1991,1,1991
47.4833,9.66667,1991-01-11,3.18999992869794,15.3399996571243,9.26499979291111,1991,1,1991
47.4833,9.66667,1991-01-12,5.85999986901879,11.789999736473,8.82499980274588,1991,1,1991
47.4833,9.66667,1991-01-13,1.719999961555,5.2799998819828,3.4999999217689,1991,1,1991
47.4833,9.66667,1991-01-14,-0.729999983683228,1.76999996043742,0.519999988377094,1991,1,1991
47.4833,9.66667,1991-01-15,-1.16999997384846,2.06999995373189,0.449999989941716,1991,1,1991
47.4833,9.66667,1991-01-16,-2.67999994009733,0.179999995976686,-1.24999997206032,1991,1,1991
47.4833,9.66667,1991-01-17,-3.90999991260469,-0.489999989047647,-2.19999995082617,1991,1,1991
47.4833,9.66667,1991-01-18,-5.48999987728894,1.01999997720122,-2.23499995004386,1991,1,1991
47.4833,9.66667,1991-01-19,-4.83999989181757,0.189999995753169,-2.3249999480322,1991,1,1991
47.4833,9.66667,1991-01-20,-6.2599998600781,0.0399999991059303,-3.10999993048608,1991,1,1991
47.4833,9.66667,1991-01-21,-3.29999992623925,3.30999992601573,0.00499999988824129,1991,1,1991
47.4833,9.66667,1991-01-22,-3.10999993048608,1.43999996781349,-0.834999981336296,1991,1,1991
47.4833,9.66667,1991-01-23,-2.22999995015562,2.11999995261431,-0.0549999987706542,1991,1,1991
47.4833,9.66667,1991-01-24,-3.88999991305172,0.379999991506338,-1.75499996077269,1991,1,1991
47.4833,9.66667,1991-01-25,-5.05999988690019,-1.86999995820224,-3.46499992255121,1991,1,1991
47.4833,9.66667,1991-01-26,-7.79999982565641,-0.959999978542328,-4.37999990209937,1991,1,1991
47.4833,9.66667,1991-01-27,-7.36999983526766,-1.79999995976686,-4.58499989751726,1991,1,1991
47.4833,9.66667,1991-01-28,-6.00999986566603,-2.93999993428588,-4.47499989997596,1991,1,1991
47.4833,9.66667,1991-01-29,-5.67999987304211,-2.09999995306134,-3.88999991305172,1991,1,1991
47.4833,9.66667,1991-01-30,-8.039999820292,-0.939999978989363,-4.48999989964068,1991,1,1991
47.4833,9.66667,1991-01-31,-8.2099998164922,-2.81999993696809,-5.51499987673014,1991,1,1991
47.4833,9.66667,1991-02-01,-7.71999982744455,-4.07999990880489,-5.89999986812472,1991,2,1991
47.4833,9.66667,1991-02-02,-7.49999983236194,-2.03999995440245,-4.76999989338219,1991,2,1991
47.4833,9.66667,1991-02-03,-9.2999997921288,0.329999992623925,-4.48499989975244,1991,2,1991
47.4833,9.66667,1991-02-04,-8.28999981470406,0.459999989718199,-3.91499991249293,1991,2,1991
47.4833,9.66667,1991-02-05,-5.23999988287687,0.719999983906746,-2.25999994948506,1991,2,1991
47.4833,9.66667,1991-02-06,-8.51999980956316,-4.25999990478158,-6.38999985717237,1991,2,1991
47.4833,9.66667,1991-02-07,-11.0199997536838,-7.72999982722104,-9.37499979045242,1991,2,1991
47.4833,9.66667,1991-02-08,-13.5199996978045,-4.78999989293516,-9.1549997953698,1991,2,1991
47.4833,9.66667,1991-02-09,-8.29999981448054,-0.519999988377094,-4.40999990142882,1991,2,1991
47.4833,9.66667,1991-02-10,-7.08999984152615,3.21999992802739,-1.93499995674938,1991,2,1991
47.4833,9.66667,1991-02-11,-4.40999990142882,4.2499999050051,-0.0799999982118607,1991,2,1991
47.4833,9.66667,1991-02-12,-8.53999980911613,-1.34999996982515,-4.94499988947064,1991,2,1991
47.4833,9.66667,1991-02-13,-7.33999983593822,-2.06999995373189,-4.70499989483505,1991,2,1991
47.4833,9.66667,1991-02-14,-7.12999984063208,-2.89999993517995,-5.01499988790601,1991,2,1991
47.4833,9.66667,1991-02-15,-9.43999978899956,-1.84999995864928,-5.64499987382442,1991,2,1991
47.4833,9.66667,1991-02-16,-5.61999987438321,0.00999999977648258,-2.80499993730336,1991,2,1991
47.4833,9.66667,1991-02-17,-2.85999993607402,2.10999995283782,-0.374999991618097,1991,2,1991
47.4833,9.66667,1991-02-18,-6.24999986030161,4.86999989114702,-0.689999984577298,1991,2,1991
47.4833,9.66667,1991-02-19,-5.70999987237155,4.19999990612268,-0.754999983124435,1991,2,1991
47.4833,9.66667,1991-02-20,-2.84999993629754,7.38999983482063,2.26999994926155,1991,2,1991
47.4833,9.66667,1991-02-21,-2.87999993562698,4.05999990925193,0.589999986812472,1991,2,1991
47.4833,9.66667,1991-02-22,-3.3899999242276,3.52999992109835,0.0699999984353781,1991,2,1991
47.4833,9.66667,1991-02-23,-2.53999994322658,6.90999984554946,2.18499995116144,1991,2,1991
47.4833,9.66667,1991-02-24,-1.35999996960163,7.84999982453883,3.2449999274686,1991,2,1991
47.4833,9.66667,1991-02-25,0.759999983012676,12.0299997311085,6.39499985706061,1991,2,1991
47.4833,9.66667,1991-02-26,1.40999996848404,12.2999997250736,6.85499984677881,1991,2,1991
47.4833,9.66667,1991-02-27,0.229999994859099,11.8199997358024,6.02499986533076,1991,2,1991
47.4833,9.66667,1991-02-28,-0.419999990612268,6.54999985359609,3.06499993149191,1991,2,1991
47.4833,9.66667,1991-03-01,0.279999993741512,6.70999985001981,3.49499992188066,1991,3,1991
47.4833,9.66667,1991-03-02,1.1499999742955,4.60999989695847,2.87999993562698,1991,3,1991
47.4833,9.66667,1991-03-03,0.449999989941716,9.3599997907877,4.90499989036471,1991,3,1991
47.4833,9.66667,1991-03-04,3.93999991193414,9.95999977737665,6.94999984465539,1991,3,1991
47.4833,9.66667,1991-03-05,1.81999995931983,7.92999982275069,4.87499989103526,1991,3,1991
47.4833,9.66667,1991-03-06,2.33999994769692,11.8699997346848,7.10499984119087,1991,3,1991
47.4833,9.66667,1991-03-07,5.77999987080693,17.7399996034801,11.7599997371435,1991,3,1991
47.4833,9.66667,1991-03-08,10.1899997722358,18.0299995969981,14.1099996846169,1991,3,1991
47.4833,9.66667,1991-03-09,10.7499997597188,20.0599995516241,15.4049996556714,1991,3,1991
47.4833,9.66667,1991-03-10,5.99999986588955,13.3699997011572,9.68499978352338,1991,3,1991
47.4833,9.66667,1991-03-11,4.76999989338219,11.0799997523427,7.92499982286245,1991,3,1991
47.4833,9.66667,1991-03-12,3.58999991975725,10.5199997648597,7.05499984230846,1991,3,1991
47.4833,9.66667,1991-03-13,1.92999995686114,12.8399997130036,7.38499983493239,1991,3,1991
47.4833,9.66667,1991-03-14,2.009999955073,10.1699997726828,6.08999986387789,1991,3,1991
47.4833,9.66667,1991-03-15,1.03999997675419,11.6499997396022,6.3449998581782,1991,3,1991
47.4833,9.66667,1991-03-16,4.21999990567565,13.9199996888638,9.0699997972697,1991,3,1991
47.4833,9.66667,1991-03-17,2.2399999499321,15.499999653548,8.86999980174005,1991,3,1991
47.4833,9.66667,1991-03-18,3.24999992735684,12.9199997112155,8.08499981928617,1991,3,1991
47.4833,9.66667,1991-03-19,6.47999985516071,10.7799997590482,8.62999980710447,1991,3,1991
47.4833,9.66667,1991-03-20,4.39999990165234,12.3199997246265,8.35999981313944,1991,3,1991
47.4833,9.66667,1991-03-21,7.8099998254329,13.4599996991456,10.6349997622892,1991,3,1991
47.4833,9.66667,1991-03-22,8.10999981872737,17.8599996007979,12.9849997097626,1991,3,1991
47.4833,9.66667,1991-03-23,3.97999991104007,11.5899997409433,7.78499982599169,1991,3,1991
47.4833,9.66667,1991-03-24,2.96999993361533,10.1699997726828,6.56999985314906,1991,3,1991
47.4833,9.66667,1991-03-25,4.69999989494681,11.6299997400492,8.16499981749803,1991,3,1991
47.4833,9.66667,1991-03-26,5.76999987103045,9.70999978296459,7.73999982699752,1991,3,1991
47.4833,9.66667,1991-03-27,4.94999988935888,8.11999981850386,6.53499985393137,1991,3,1991
47.4833,9.66667,1991-03-28,1.61999996379018,4.85999989137053,3.23999992758036,1991,3,1991
47.4833,9.66667,1991-03-29,-1.3199999704957,5.98999986611307,2.33499994780868,1991,3,1991
47.4833,9.66667,1991-03-30,-2.79999993741512,3.9599999114871,0.57999998703599,1991,3,1991
47.4833,9.66667,1991-03-31,-3.18999992869794,5.39999987930059,1.10499997530133,1991,3,1991
47.4833,9.66667,1991-04-01,-2.28999994881451,9.90999977849424,3.80999991483986,1991,4,1991
47.4833,9.66667,1991-04-02,-0.329999992623925,12.7199997156858,6.19499986153096,1991,4,1991
47.4833,9.66667,1991-04-03,2.71999993920326,14.6199996732175,8.6699998062104,1991,4,1991
47.4833,9.66667,1991-04-04,4.48999989964068,15.3699996564537,9.9299997780472,1991,4,1991
47.4833,9.66667,1991-04-05,5.35999988019466,9.9899997767061,7.67499982845038,1991,4,1991
47.4833,9.66667,1991-04-06,4.03999990969896,7.60999982990324,5.8249998698011,1991,4,1991
47.4833,9.66667,1991-04-07,2.82999993674457,10.1899997722358,6.50999985449016,1991,4,1991
47.4833,9.66667,1991-04-08,4.21999990567565,10.31999976933,7.26999983750284,1991,4,1991
47.4833,9.66667,1991-04-09,5.53999987617135,11.3499997463077,8.44499981123954,1991,4,1991
47.4833,9.66667,1991-04-10,5.59999987483025,12.7899997141212,9.19499979447573,1991,4,1991
47.4833,9.66667,1991-04-11,2.2399999499321,16.1299996394664,9.18499979469925,1991,4,1991
47.4833,9.66667,1991-04-12,2.90999993495643,16.5799996294081,9.74499978218228,1991,4,1991
47.4833,9.66667,1991-04-13,2.55999994277954,16.1799996383488,9.36999979056418,1991,4,1991
47.4833,9.66667,1991-04-14,4.28999990411103,15.769999647513,10.029999775812,1991,4,1991
47.4833,9.66667,1991-04-15,4.59999989718199,15.9399996437132,10.2699997704476,1991,4,1991
47.4833,9.66667,1991-04-16,3.39999992400408,17.4199996106327,10.4099997673184,1991,4,1991
47.4833,9.66667,1991-04-17,3.68999991752207,16.9899996202439,10.339999768883,1991,4,1991
47.4833,9.66667,1991-04-18,-1.84999995864928,6.64999985136092,2.39999994635582,1991,4,1991
47.4833,9.66667,1991-04-19,-2.01999995484948,2.51999994367361,0.249999994412065,1991,4,1991
47.4833,9.66667,1991-04-20,-1.6099999640137,4.95999988913536,1.67499996256083,1991,4,1991
47.4833,9.66667,1991-04-21,-1.90999995730817,5.13999988511205,1.61499996390194,1991,4,1991
47.4833,9.66667,1991-04-22,-1.66999996267259,5.90999986790121,2.11999995261431,1991,4,1991
47.4833,9.66667,1991-04-23,-2.54999994300306,8.62999980710447,3.0399999320507,1991,4,1991
47.4833,9.66667,1991-04-24,0.409999990835786,6.30999985896051,3.35999992489815,1991,4,1991
47.4833,9.66667,1991-04-25,-0.809999981895089,8.1499998178333,3.66999991796911,1991,4,1991
47.4833,9.66667,1991-04-26,-1.57999996468425,12.1599997282028,5.28999988175929,1991,4,1991
47.4833,9.66667,1991-04-27,1.32999997027218,14.6599996723235,7.99499982129782,1991,4,1991
47.4833,9.66667,1991-04-28,1.97999995574355,14.9799996651709,8.47999981045723,1991,4,1991
47.4833,9.66667,1991-04-29,2.58999994210899,13.2599997036159,7.92499982286245,1991,4,1991
47.4833,9.66667,1991-04-30,4.63999989628792,10.9399997554719,7.78999982587993,1991,4,1991
47.4833,9.66667,1991-05-01,5.22999988310039,9.99999977648258,7.61499982979149,1991,5,NA
47.4833,9.66667,1991-05-02,6.70999985001981,13.4399996995926,10.0749997748062,1991,5,NA
47.4833,9.66667,1991-05-03,4.39999990165234,6.97999984398484,5.68999987281859,1991,5,NA
47.4833,9.66667,1991-05-04,3.04999993182719,5.98999986611307,4.51999989897013,1991,5,NA
47.4833,9.66667,1991-05-05,1.27999997138977,5.78999987058342,3.53499992098659,1991,5,NA
47.4833,9.66667,1991-05-06,1.28999997116625,8.75999980419874,5.0249998876825,1991,5,NA
47.4833,9.66667,1991-05-07,2.76999993808568,7.16999983973801,4.96999988891184,1991,5,NA
47.4833,9.66667,1991-05-08,3.41999992355704,9.83999978005886,6.62999985180795,1991,5,NA
47.4833,9.66667,1991-05-09,1.61999996379018,14.4799996763468,8.04999982006848,1991,5,NA
47.4833,9.66667,1991-05-10,2.30999994836748,16.1099996399134,9.20999979414046,1991,5,NA
47.4833,9.66667,1991-05-11,5.77999987080693,15.6899996493012,10.7349997600541,1991,5,NA
47.4833,9.66667,1991-05-12,6.24999986030161,9.90999977849424,8.07999981939793,1991,5,NA
47.4833,9.66667,1991-05-13,5.03999988734722,7.749999826774,6.39499985706061,1991,5,NA
47.4833,9.66667,1991-05-14,5.01999988779426,13.489999698475,9.25499979313463,1991,5,NA
47.4833,9.66667,1991-05-15,3.729999916628,16.2199996374547,9.97499977704138,1991,5,NA
47.4833,9.66667,1991-05-16,4.34999990276992,9.68999978341162,7.01999984309077,1991,5,NA
47.4833,9.66667,1991-05-17,2.47999994456768,5.88999986834824,4.18499990645796,1991,5,NA
47.4833,9.66667,1991-05-18,1.73999996110797,8.23999981582165,4.98999988846481,1991,5,NA
47.4833,9.66667,1991-05-19,3.30999992601573,9.13999979570508,6.22499986086041,1991,5,NA
47.4833,9.66667,1991-05-20,2.6399999409914,11.459999743849,7.04999984242022,1991,5,NA
47.4833,9.66667,1991-05-21,5.63999987393618,15.6499996501952,10.6449997620657,1991,5,NA
47.4833,9.66667,1991-05-22,5.7999998703599,19.8599995560944,12.8299997132272,1991,5,NA
47.4833,9.66667,1991-05-23,9.80999978072941,22.0199995078146,15.914999644272,1991,5,NA
47.4833,9.66667,1991-05-24,8.84999980218709,16.9999996200204,12.9249997111037,1991,5,NA
47.4833,9.66667,1991-05-25,5.06999988667667,12.329999724403,8.69999980553985,1991,5,NA
47.4833,9.66667,1991-05-26,1.7799999602139,14.4999996758997,8.13999981805682,1991,5,NA
47.4833,9.66667,1991-05-27,7.15999983996153,11.3599997460842,9.25999979302287,1991,5,NA
47.4833,9.66667,1991-05-28,4.7099998947233,15.9799996428192,10.3449997687712,1991,5,NA
47.4833,9.66667,1991-05-29,4.59999989718199,19.6499995607883,12.1249997289851,1991,5,NA
47.4833,9.66667,1991-05-30,6.16999986208975,19.1799995712936,12.6749997166917,1991,5,NA
47.4833,9.66667,1991-05-31,6.93999984487891,20.7399995364249,13.8399996906519,1991,5,NA
47.4833,9.66667,1991-06-01,7.87999982386827,21.1899995263666,14.5349996751174,1991,6,NA
47.4833,9.66667,1991-06-02,9.33999979123473,22.9899994861335,16.1649996386841,1991,6,NA
47.4833,9.66667,1991-06-03,9.09999979659915,20.8499995339662,14.9749996652827,1991,6,NA
47.4833,9.66667,1991-06-04,11.0099997539073,15.7599996477365,13.3849997008219,1991,6,NA
47.4833,9.66667,1991-06-05,8.1499998178333,12.4599997214973,10.3049997696653,1991,6,NA
47.4833,9.66667,1991-06-06,6.30999985896051,15.7399996481836,11.024999753572,1991,6,NA
47.4833,9.66667,1991-06-07,8.47999981045723,15.3299996573478,11.9049997339025,1991,6,NA
47.4833,9.66667,1991-06-08,7.90999982319772,16.2599996365607,12.0849997298792,1991,6,NA
47.4833,9.66667,1991-06-09,10.049999775365,13.6899996940047,11.8699997346848,1991,6,NA
47.4833,9.66667,1991-06-10,9.83999978005886,18.6099995840341,14.2249996820465,1991,6,NA
47.4833,9.66667,1991-06-11,11.5499997418374,16.4699996318668,14.0099996868521,1991,6,NA
47.4833,9.66667,1991-06-12,10.7499997597188,18.7299995813519,14.7399996705353,1991,6,NA
47.4833,9.66667,1991-06-13,8.80999980308115,22.7299994919449,15.769999647513,1991,6,NA
47.4833,9.66667,1991-06-14,12.7099997159094,19.8999995552003,16.3049996355549,1991,6,NA
47.4833,9.66667,1991-06-15,11.2399997487664,19.0099995750934,15.1249996619299,1991,6,NA
47.4833,9.66667,1991-06-16,12.2499997261912,24.5399994514883,18.3949995888397,1991,6,NA
47.4833,9.66667,1991-06-17,12.7299997154623,18.8299995791167,15.7799996472895,1991,6,NA
47.4833,9.66667,1991-06-18,5.52999987639487,12.4899997208267,9.00999979861081,1991,6,NA
47.4833,9.66667,1991-06-19,4.83999989181757,13.8399996906519,9.33999979123473,1991,6,NA
47.4833,9.66667,1991-06-20,6.26999985985458,16.369999634102,11.3199997469783,1991,6,NA
47.4833,9.66667,1991-06-21,8.38999981246889,15.8999996446073,12.1449997285381,1991,6,NA
47.4833,9.66667,1991-06-22,10.7199997603893,20.9099995326251,15.8149996465072,1991,6,NA
47.4833,9.66667,1991-06-23,11.8299997355789,26.1399994157255,18.9849995756522,1991,6,NA
47.4833,9.66667,1991-06-24,13.8199996910989,24.3299994561821,19.0749995736405,1991,6,NA
47.4833,9.66667,1991-06-25,14.9799996651709,24.4799994528294,19.7299995590001,1991,6,NA
47.4833,9.66667,1991-06-26,16.4299996327609,25.6999994255602,21.0649995291606,1991,6,NA
47.4833,9.66667,1991-06-27,16.0299996417016,26.2699994128197,21.1499995272607,1991,6,NA
47.4833,9.66667,1991-06-28,10.2799997702241,16.9699996206909,13.6249996954575,1991,6,NA
47.4833,9.66667,1991-06-29,8.77999980375171,14.3299996796995,11.5549997417256,1991,6,NA
47.4833,9.66667,1991-06-30,7.18999983929098,14.6399996727705,10.9149997560307,1991,6,NA
47.4833,9.66667,1991-07-01,7.43999983370304,20.369999544695,13.904999689199,1991,7,NA
47.4833,9.66667,1991-07-02,9.84999977983534,24.2199994586408,17.0349996192381,1991,7,NA
47.4833,9.66667,1991-07-03,11.9699997324497,27.0899993944913,19.5299995634705,1991,7,NA
47.4833,9.66667,1991-07-04,13.1499997060746,25.8499994222075,19.499999564141,1991,7,NA
47.4833,9.66667,1991-07-05,14.8299996685237,26.5699994061142,20.6999995373189,1991,7,NA
47.4833,9.66667,1991-07-06,16.1699996385723,28.0999993719161,22.1349995052442,1991,7,NA
47.4833,9.66667,1991-07-07,17.0999996177852,28.1899993699044,22.6449994938448,1991,7,NA
47.4833,9.66667,1991-07-08,16.1799996383488,27.9999993741512,22.08999950625,1991,7,NA
47.4833,9.66667,1991-07-09,15.6199996508658,26.0899994168431,20.8549995338544,1991,7,NA
47.4833,9.66667,1991-07-10,17.0699996184558,21.7699995134026,19.4199995659292,1991,7,NA
47.4833,9.66667,1991-07-11,14.0799996852875,26.8399994000793,20.4599995426834,1991,7,NA
47.4833,9.66667,1991-07-12,17.0599996186793,30.0599993281066,23.559999473393,1991,7,NA
47.4833,9.66667,1991-07-13,18.10999959521,29.5599993392825,23.8349994672462,1991,7,NA
47.4833,9.66667,1991-07-14,16.7099996265024,25.4599994309247,21.0849995287135,1991,7,NA
47.4833,9.66667,1991-07-15,15.0699996631593,20.0499995518476,17.5599996075034,1991,7,NA
47.4833,9.66667,1991-07-16,13.8699996899813,23.1799994818866,18.524999585934,1991,7,NA
47.4833,9.66667,1991-07-17,14.3099996801466,24.2199994586408,19.2649995693937,1991,7,NA
47.4833,9.66667,1991-07-18,13.9699996877462,20.3399995453656,17.1549996165559,1991,7,NA
47.4833,9.66667,1991-07-19,13.2899997029454,22.7399994917214,18.0149995973334,1991,7,NA
47.4833,9.66667,1991-07-20,16.949999621138,22.8399994894862,19.8949995553121,1991,7,NA
47.4833,9.66667,1991-07-21,16.65999962762,24.9599994421005,20.8099995348603,1991,7,NA
47.4833,9.66667,1991-07-22,14.089999685064,22.9699994865805,18.5299995858222,1991,7,NA
47.4833,9.66667,1991-07-23,12.7099997159094,24.3299994561821,18.5199995860457,1991,7,NA
47.4833,9.66667,1991-07-24,13.4099997002631,28.5899993609637,20.9999995306134,1991,7,NA
47.4833,9.66667,1991-07-25,15.3599996566772,24.679999448359,20.0199995525181,1991,7,NA
47.4833,9.66667,1991-07-26,12.9999997094274,16.0499996412545,14.524999675341,1991,7,NA
47.4833,9.66667,1991-07-27,11.0299997534603,13.799999691546,12.4149997225031,1991,7,NA
47.4833,9.66667,1991-07-28,11.0699997525662,17.2699996139854,14.1699996832758,1991,7,NA
47.4833,9.66667,1991-07-29,9.46999978832901,22.1799995042384,15.8249996462837,1991,7,NA
47.4833,9.66667,1991-07-30,11.5099997427315,24.7999994456768,18.1549995942041,1991,7,NA
47.4833,9.66667,1991-07-31,13.7899996917695,27.0899993944913,20.4399995431304,1991,7,NA
47.4833,9.66667,1991-08-01,15.1699996609241,20.7999995350838,17.9849995980039,1991,8,NA
47.4833,9.66667,1991-08-02,13.1399997062981,17.0599996186793,15.0999996624887,1991,8,NA
47.4833,9.66667,1991-08-03,13.75999969244,18.0399995967746,15.8999996446073,1991,8,NA
47.4833,9.66667,1991-08-04,13.3699997011572,22.3899994995445,17.8799996003509,1991,8,NA
47.4833,9.66667,1991-08-05,14.6699996720999,23.6799994707108,19.1749995714054,1991,8,NA
47.4833,9.66667,1991-08-06,13.469999698922,25.4599994309247,19.4649995649233,1991,8,NA
47.4833,9.66667,1991-08-07,14.6799996718764,27.5699993837625,21.1249995278195,1991,8,NA
47.4833,9.66667,1991-08-08,16.2499996367842,30.5699993167073,23.4099994767457,1991,8,NA
47.4833,9.66667,1991-08-09,16.1999996379018,25.52999942936,20.8649995336309,1991,8,NA
47.4833,9.66667,1991-08-10,14.2599996812642,22.3099995013326,18.2849995912984,1991,8,NA
47.4833,9.66667,1991-08-11,17.1699996162206,24.7699994463474,20.969999531284,1991,8,NA
47.4833,9.66667,1991-08-12,15.1999996602535,26.8299994003028,21.0149995302781,1991,8,NA
47.4833,9.66667,1991-08-13,17.4699996095151,24.5799994505942,21.0249995300546,1991,8,NA
47.4833,9.66667,1991-08-14,15.6899996493012,26.1899994146079,20.9399995319545,1991,8,NA
47.4833,9.66667,1991-08-15,15.6899996493012,25.6299994271249,20.659999538213,1991,8,NA
47.4833,9.66667,1991-08-16,14.0099996868521,25.4099994320422,19.7099995594472,1991,8,NA
47.4833,9.66667,1991-08-17,14.2999996803701,26.1999994143844,20.2499995473772,1991,8,NA
47.4833,9.66667,1991-08-18,14.5699996743351,24.9399994425476,19.7549995584413,1991,8,NA
47.4833,9.66667,1991-08-19,15.0699996631593,20.8699995335191,17.9699995983392,1991,8,NA
47.4833,9.66667,1991-08-20,11.0899997521192,20.8199995346367,15.954999643378,1991,8,NA
47.4833,9.66667,1991-08-21,8.76999980397522,22.3599995002151,15.5649996520951,1991,8,NA
47.4833,9.66667,1991-08-22,11.3799997456372,25.9799994193017,18.6799995824695,1991,8,NA
47.4833,9.66667,1991-08-23,13.7899996917695,28.159999370575,20.9749995311722,1991,8,NA
47.4833,9.66667,1991-08-24,17.0799996182323,22.959999486804,20.0199995525181,1991,8,NA
47.4833,9.66667,1991-08-25,15.7799996472895,23.6999994702637,19.7399995587766,1991,8,NA
47.4833,9.66667,1991-08-26,15.3799996562302,22.689999492839,19.0349995745346,1991,8,NA
47.4833,9.66667,1991-08-27,13.6799996942282,24.1999994590878,18.939999576658,1991,8,NA
47.4833,9.66667,1991-08-28,13.3399997018278,23.4799994751811,18.4099995885044,1991,8,NA
47.4833,9.66667,1991-08-29,11.169999750331,21.7899995129555,16.4799996316433,1991,8,NA
47.4833,9.66667,1991-08-30,9.78999978117645,21.3399995230138,15.5649996520951,1991,8,NA
47.4833,9.66667,1991-08-31,8.59999980777502,22.4599994979799,15.5299996528774,1991,8,NA
47.4833,9.66667,1991-09-01,9.2999997921288,23.53999947384,16.4199996329844,1991,9,NA
47.4833,9.66667,1991-09-02,11.4099997449666,24.6099994499236,18.0099995974451,1991,9,NA
47.4833,9.66667,1991-09-03,13.489999698475,23.1599994823337,18.3249995904043,1991,9,NA
47.4833,9.66667,1991-09-04,12.6799997165799,24.0399994626641,18.359999589622,1991,9,NA
47.4833,9.66667,1991-09-05,11.7399997375906,24.4399994537234,18.089999595657,1991,9,NA
47.4833,9.66667,1991-09-06,12.5699997190386,25.3499994333833,18.959999576211,1991,9,NA
47.4833,9.66667,1991-09-07,12.1699997279793,22.9099994879216,17.5399996079504,1991,9,NA
47.4833,9.66667,1991-09-08,11.7099997382611,18.7799995802343,15.2449996592477,1991,9,NA
47.4833,9.66667,1991-09-09,6.81999984756112,20.2699995469302,13.5449996972457,1991,9,NA
47.4833,9.66667,1991-09-10,8.08999981917441,22.2399995028973,15.1649996610358,1991,9,NA
47.4833,9.66667,1991-09-11,10.6699997615069,25.7499994244426,18.2099995929748,1991,9,NA
47.4833,9.66667,1991-09-12,15.0799996629357,21.4399995207787,18.2599995918572,1991,9,NA
47.4833,9.66667,1991-09-13,14.6199996732175,20.6099995393306,17.6149996062741,1991,9,NA
47.4833,9.66667,1991-09-14,14.2999996803701,17.0399996191263,15.6699996497482,1991,9,NA
47.4833,9.66667,1991-09-15,13.7199996933341,18.6099995840341,16.1649996386841,1991,9,NA
47.4833,9.66667,1991-09-16,14.4799996763468,20.5799995400012,17.529999608174,1991,9,NA
47.4833,9.66667,1991-09-17,12.619999717921,22.0799995064735,17.3499996121973,1991,9,NA
47.4833,9.66667,1991-09-18,14.7699996698648,21.54999951832,18.1599995940924,1991,9,NA
47.4833,9.66667,1991-09-19,12.6999997161329,22.3299995008856,17.5149996085092,1991,9,NA
47.4833,9.66667,1991-09-20,11.0499997530133,22.9899994861335,17.0199996195734,1991,9,NA
47.4833,9.66667,1991-09-21,11.6299997400492,19.0299995746464,15.3299996573478,1991,9,NA
47.4833,9.66667,1991-09-22,11.3799997456372,22.7999994903803,17.0899996180087,1991,9,NA
47.4833,9.66667,1991-09-23,13.3999997004867,23.9899994637817,18.6949995821342,1991,9,NA
47.4833,9.66667,1991-09-24,11.5899997409433,14.939999666065,13.2649997035041,1991,9,NA
47.4833,9.66667,1991-09-25,10.3999997675419,20.9599995315075,15.6799996495247,1991,9,NA
47.4833,9.66667,1991-09-26,11.7099997382611,21.7299995142967,16.7199996262789,1991,9,NA
47.4833,9.66667,1991-09-27,12.4099997226149,19.5299995634705,15.9699996430427,1991,9,NA
47.4833,9.66667,1991-09-28,8.30999981425703,11.8199997358024,10.0649997750297,1991,9,NA
47.4833,9.66667,1991-09-29,6.07999986410141,15.4199996553361,10.7499997597188,1991,9,NA
47.4833,9.66667,1991-09-30,11.3199997469783,16.8499996233732,14.0849996851757,1991,9,NA
47.4833,9.66667,1991-10-01,10.2299997713417,13.0499997083098,11.6399997398257,1991,10,1992
47.4833,9.66667,1991-10-02,8.07999981939793,17.0499996189028,12.5649997191504,1991,10,1992
47.4833,9.66667,1991-10-03,8.71999980509281,13.8399996906519,11.2799997478724,1991,10,1992
47.4833,9.66667,1991-10-04,4.48999989964068,16.1599996387959,10.3249997692183,1991,10,1992
47.4833,9.66667,1991-10-05,5.0499998871237,16.9999996200204,11.024999753572,1991,10,1992
47.4833,9.66667,1991-10-06,7.06999984197319,18.4199995882809,12.7449997151271,1991,10,1992
47.4833,9.66667,1991-10-07,8.78999980352819,12.7099997159094,10.7499997597188,1991,10,1992
47.4833,9.66667,1991-10-08,8.61999980732799,13.9999996870756,11.3099997472018,1991,10,1992
47.4833,9.66667,1991-10-09,9.62999978475273,14.8199996687472,12.22499972675,1991,10,1992
47.4833,9.66667,1991-10-10,7.54999983124435,18.1999995931983,12.8749997122213,1991,10,1992
47.4833,9.66667,1991-10-11,7.66999982856214,18.9899995755404,13.3299997020513,1991,10,1992
47.4833,9.66667,1991-10-12,7.71999982744455,17.8299996014684,12.7749997144565,1991,10,1992
47.4833,9.66667,1991-10-13,10.029999775812,14.6999996714294,12.3649997236207,1991,10,1992
47.4833,9.66667,1991-10-14,8.96999979950488,13.9599996879697,11.4649997437373,1991,10,1992
47.4833,9.66667,1991-10-15,6.14999986253679,14.8899996671826,10.5199997648597,1991,10,1992
47.4833,9.66667,1991-10-16,8.12999981828034,15.1599996611476,11.644999739714,1991,10,1992
47.4833,9.66667,1991-10-17,8.25999981537461,15.5099996533245,11.8849997343495,1991,10,1992
47.4833,9.66667,1991-10-18,7.69999982789159,13.8699996899813,10.7849997589365,1991,10,1992
47.4833,9.66667,1991-10-19,5.30999988131225,9.63999978452921,7.47499983292073,1991,10,1992
47.4833,9.66667,1991-10-20,2.79999993741512,6.4299998562783,4.61499989684671,1991,10,1992
47.4833,9.66667,1991-10-21,1.76999996043742,5.69999987259507,3.73499991651624,1991,10,1992
47.4833,9.66667,1991-10-22,0.979999978095293,5.49999987706542,3.23999992758036,1991,10,1992
47.4833,9.66667,1991-10-23,-1.33999997004867,5.61999987438321,2.13999995216727,1991,10,1992
47.4833,9.66667,1991-10-24,-2.91999993473291,7.06999984197319,2.07499995362014,1991,10,1992
47.4833,9.66667,1991-10-25,-1.02999997697771,9.49999978765845,4.23499990534037,1991,10,1992
47.4833,9.66667,1991-10-26,0.299999993294477,10.6199997626245,5.45999987795949,1991,10,1992
47.4833,9.66667,1991-10-27,0.539999987930059,8.10999981872737,4.32499990332872,1991,10,1992
47.4833,9.66667,1991-10-28,0.919999979436398,7.24999983794987,4.08499990869313,1991,10,1992
47.4833,9.66667,1991-10-29,1.97999995574355,7.56999983079731,4.77499989327043,1991,10,1992
47.4833,9.66667,1991-10-30,2.83999993652105,4.82999989204109,3.83499991428107,1991,10,1992
47.4833,9.66667,1991-10-31,1.46999996714294,6.31999985873699,3.89499991293997,1991,10,1992
47.4833,9.66667,1991-11-01,2.78999993763864,9.91999977827072,6.35499985795468,1991,11,1992
47.4833,9.66667,1991-11-02,0.96999997831881,9.88999977894127,5.42999987863004,1991,11,1992
47.4833,9.66667,1991-11-03,1.26999997161329,10.2699997704476,5.76999987103045,1991,11,1992
47.4833,9.66667,1991-11-04,5.64999987371266,17.4799996092916,11.5649997415021,1991,11,1992
47.4833,9.66667,1991-11-05,4.61999989673495,13.75999969244,9.18999979458749,1991,11,1992
47.4833,9.66667,1991-11-06,2.99999993294477,7.43999983370304,5.21999988332391,1991,11,1992
47.4833,9.66667,1991-11-07,0.749999983236194,4.38999990187585,2.56999994255602,1991,11,1992
47.4833,9.66667,1991-11-08,-0.599999986588955,4.42999990098178,1.91499995719641,1991,11,1992
47.4833,9.66667,1991-11-09,3.35999992489815,10.2399997711182,6.79999984800816,1991,11,1992
47.4833,9.66667,1991-11-10,1.70999996177852,7.29999983683228,4.5049998993054,1991,11,1992
47.4833,9.66667,1991-11-11,-1.51999996602535,4.49999989941716,1.4899999666959,1991,11,1992
47.4833,9.66667,1991-11-12,-2.30999994836748,7.96999982185662,2.82999993674457,1991,11,1992
47.4833,9.66667,1991-11-13,0.989999977871776,10.3799997679889,5.68499987293035,1991,11,1992
47.4833,9.66667,1991-11-14,1.27999997138977,13.7399996928871,7.50999983213842,1991,11,1992
47.4833,9.66667,1991-11-15,2.13999995216727,7.17999983951449,4.65999989584088,1991,11,1992
47.4833,9.66667,1991-11-16,0.549999987706542,6.46999985538423,3.50999992154539,1991,11,1992
47.4833,9.66667,1991-11-17,0.909999979659915,4.76999989338219,2.83999993652105,1991,11,1992
47.4833,9.66667,1991-11-18,-1.41999996826053,1.90999995730817,0.244999994523823,1991,11,1992
47.4833,9.66667,1991-11-19,-1.64999996311963,5.63999987393618,1.99499995540828,1991,11,1992
47.4833,9.66667,1991-11-20,2.99999993294477,10.339999768883,6.66999985091388,1991,11,1992
47.4833,9.66667,1991-11-21,2.16999995149672,4.91999989002943,3.54499992076308,1991,11,1992
47.4833,9.66667,1991-11-22,0.88999998010695,2.4699999447912,1.67999996244907,1991,11,1992
47.4833,9.66667,1991-11-23,0.609999986365438,3.52999992109835,2.06999995373189,1991,11,1992
47.4833,9.66667,1991-11-24,0.989999977871776,3.33999992534518,2.16499995160848,1991,11,1992
47.4833,9.66667,1991-11-25,0.569999987259507,2.89999993517995,1.73499996121973,1991,11,1992
47.4833,9.66667,1991-11-26,-0.989999977871776,6.79999984800816,2.90499993506819,1991,11,1992
47.4833,9.66667,1991-11-27,-0.899999979883432,6.87999984622002,2.98999993316829,1991,11,1992
47.4833,9.66667,1991-11-28,-0.839999981224537,3.87999991327524,1.51999996602535,1991,11,1992
47.4833,9.66667,1991-11-29,-1.01999997720122,3.54999992065132,1.26499997172505,1991,11,1992
47.4833,9.66667,1991-11-30,-1.88999995775521,4.07999990880489,1.09499997552484,1991,11,1992
47.4833,9.66667,1991-12-01,-1.39999996870756,2.03999995440245,0.319999992847443,1991,12,1992
47.4833,9.66667,1991-12-02,-2.34999994747341,0.499999988824129,-0.924999979324639,1991,12,1992
47.4833,9.66667,1991-12-03,-1.92999995686114,0.279999993741512,-0.824999981559813,1991,12,1992
47.4833,9.66667,1991-12-04,-3.25999992713332,1.1499999742955,-1.05499997641891,1991,12,1992
47.4833,9.66667,1991-12-05,-3.59999991953373,-0.449999989941716,-2.02499995473772,1991,12,1992
47.4833,9.66667,1991-12-06,-3.50999992154539,0.61999998614192,-1.44499996770173,1991,12,1992
47.4833,9.66667,1991-12-07,-5.21999988332391,-0.809999981895089,-3.0149999326095,1991,12,1992
47.4833,9.66667,1991-12-08,-5.86999986879528,0.569999987259507,-2.64999994076788,1991,12,1992
47.4833,9.66667,1991-12-09,-6.23999986052513,-0.0699999984353781,-3.15499992948025,1991,12,1992
47.4833,9.66667,1991-12-10,-6.22999986074865,0.30999999307096,-2.95999993383884,1991,12,1992
47.4833,9.66667,1991-12-11,-7.98999982140958,-4.15999990701675,-6.07499986421317,1991,12,1992
47.4833,9.66667,1991-12-12,-9.54999978654087,-2.52999994345009,-6.03999986499548,1991,12,1992
47.4833,9.66667,1991-12-13,-9.21999979391694,-2.93999993428588,-6.07999986410141,1991,12,1992
47.4833,9.66667,1991-12-14,-7.59999983012676,-2.75999993830919,-5.17999988421798,1991,12,1992
47.4833,9.66667,1991-12-15,-7.52999983169138,-2.16999995149672,-4.84999989159405,1991,12,1992
47.4833,9.66667,1991-12-16,-8.4399998113513,-1.719999961555,-5.07999988645315,1991,12,1992
47.4833,9.66667,1991-12-17,-7.91999982297421,1.43999996781349,-3.23999992758036,1991,12,1992
47.4833,9.66667,1991-12-18,-5.20999988354743,2.90999993495643,-1.1499999742955,1991,12,1992
47.4833,9.66667,1991-12-19,0.549999987706542,6.05999986454844,3.30499992612749,1991,12,1992
47.4833,9.66667,1991-12-20,-0.359999991953373,4.96999988891184,2.30499994847924,1991,12,1992
47.4833,9.66667,1991-12-21,-0.229999994859099,5.03999988734722,2.40499994624406,1991,12,1992
47.4833,9.66667,1991-12-22,-1.42999996803701,3.76999991573393,1.16999997384846,1991,12,1992
47.4833,9.66667,1991-12-23,2.58999994210899,8.68999980576336,5.63999987393618,1991,12,1992
47.4833,9.66667,1991-12-24,4.76999989338219,9.44999978877604,7.10999984107912,1991,12,1992
47.4833,9.66667,1991-12-25,0.149999996647239,6.03999986499548,3.09499993082136,1991,12,1992
47.4833,9.66667,1991-12-26,-1.93999995663762,0.599999986588955,-0.669999985024333,1991,12,1992
47.4833,9.66667,1991-12-27,-3.86999991349876,1.99999995529652,-0.934999979101121,1991,12,1992
47.4833,9.66667,1991-12-28,-0.569999987259507,2.50999994389713,0.96999997831881,1991,12,1992
47.4833,9.66667,1991-12-29,-2.87999993562698,2.50999994389713,-0.184999995864928,1991,12,1992
47.4833,9.66667,1991-12-30,-5.739999871701,0.949999978765845,-2.39499994646758,1991,12,1992
47.4833,9.66667,1991-12-31,-5.91999986767769,1.82999995909631,-2.04499995429069,1991,12,1992
47.4833,9.66667,1992-01-01,-5.36999987997115,-0.509999988600612,-2.93999993428588,1992,1,1992
47.4833,9.66667,1992-01-02,-5.69999987259507,1.32999997027218,-2.18499995116144,1992,1,1992
47.4833,9.66667,1992-01-03,-4.12999990768731,2.79999993741512,-0.664999985136092,1992,1,1992
47.4833,9.66667,1992-01-04,-5.00999988801777,2.74999993853271,-1.12999997474253,1992,1,1992
47.4833,9.66667,1992-01-05,-3.89999991282821,5.76999987103045,0.934999979101121,1992,1,1992
47.4833,9.66667,1992-01-06,0.709999984130263,6.21999986097217,3.46499992255121,1992,1,1992
47.4833,9.66667,1992-01-07,-0.569999987259507,8.51999980956316,3.97499991115183,1992,1,1992
47.4833,9.66667,1992-01-08,-3.30999992601573,5.95999986678362,1.32499997038394,1992,1,1992
47.4833,9.66667,1992-01-09,-1.92999995686114,9.5299997869879,3.79999991506338,1992,1,1992
47.4833,9.66667,1992-01-10,3.27999992668629,12.3399997241795,7.8099998254329,1992,1,1992
47.4833,9.66667,1992-01-11,0.559999987483025,4.98999988846481,2.77499993797392,1992,1,1992
47.4833,9.66667,1992-01-12,-1.97999995574355,2.48999994434416,0.254999994300306,1992,1,1992
47.4833,9.66667,1992-01-13,-3.44999992288649,0.979999978095293,-1.2349999723956,1992,1,1992
47.4833,9.66667,1992-01-14,-3.36999992467463,1.26999997161329,-1.04999997653067,1992,1,1992
47.4833,9.66667,1992-01-15,-3.07999993115664,1.76999996043742,-0.654999985359609,1992,1,1992
47.4833,9.66667,1992-01-16,-2.25999994948506,4.46999990008771,1.10499997530133,1992,1,1992
47.4833,9.66667,1992-01-17,-2.05999995395541,2.20999995060265,0.0749999983236194,1992,1,1992
47.4833,9.66667,1992-01-18,-1.02999997697771,3.04999993182719,1.00999997742474,1992,1,1992
47.4833,9.66667,1992-01-19,-4.8799998909235,1.76999996043742,-1.55499996524304,1992,1,1992
47.4833,9.66667,1992-01-20,-5.43999987840652,0.209999995306134,-2.6149999415502,1992,1,1992
47.4833,9.66667,1992-01-21,-2.39999994635582,1.26999997161329,-0.564999987371266,1992,1,1992
47.4833,9.66667,1992-01-22,-9.01999979838729,-2.13999995216727,-5.57999987527728,1992,1,1992
47.4833,9.66667,1992-01-23,-12.1999997273088,-4.40999990142882,-8.30499981436878,1992,1,1992
47.4833,9.66667,1992-01-24,-10.4699997659773,-1.46999996714294,-5.9699998665601,1992,1,1992
47.4833,9.66667,1992-01-25,-7.72999982722104,-0.879999980330467,-4.30499990377575,1992,1,1992
47.4833,9.66667,1992-01-26,-6.26999985985458,-2.02999995462596,-4.14999990724027,1992,1,1992
47.4833,9.66667,1992-01-27,-6.12999986298382,-1.7799999602139,-3.95499991159886,1992,1,1992
47.4833,9.66667,1992-01-28,-4.50999989919364,-1.10999997518957,-2.80999993719161,1992,1,1992
47.4833,9.66667,1992-01-29,-6.57999985292554,-1.55999996513128,-4.06999990902841,1992,1,1992
47.4833,9.66667,1992-01-30,-7.72999982722104,0.569999987259507,-3.57999991998076,1992,1,1992
47.4833,9.66667,1992-01-31,-7.47999983280897,1.13999997451901,-3.16999992914498,1992,1,1992
47.4833,9.66667,1992-02-01,-6.52999985404313,0.539999987930059,-2.99499993305653,1992,2,1992
47.4833,9.66667,1992-02-02,-6.00999986566603,1.17999997362494,-2.41499994602054,1992,2,1992
47.4833,9.66667,1992-02-03,-6.57999985292554,1.03999997675419,-2.76999993808568,1992,2,1992
47.4833,9.66667,1992-02-04,-4.98999988846481,5.59999987483025,0.304999993182719,1992,2,1992
47.4833,9.66667,1992-02-05,-0.299999993294477,2.41999994590878,1.05999997630715,1992,2,1992
47.4833,9.66667,1992-02-06,1.19999997317791,3.45999992266297,2.32999994792044,1992,2,1992
47.4833,9.66667,1992-02-07,0.879999980330467,5.739999871701,3.30999992601573,1992,2,1992
47.4833,9.66667,1992-02-08,-1.93999995663762,5.91999986767769,1.98999995552003,1992,2,1992
47.4833,9.66667,1992-02-09,-2.4099999461323,2.31999994814396,-0.0449999989941716,1992,2,1992
47.4833,9.66667,1992-02-10,-3.20999992825091,4.19999990612268,0.494999988935888,1992,2,1992
47.4833,9.66667,1992-02-11,-2.15999995172024,7.19999983906746,2.51999994367361,1992,2,1992
47.4833,9.66667,1992-02-12,-0.849999981001019,4.72999989427626,1.93999995663762,1992,2,1992
47.4833,9.66667,1992-02-13,2.96999993361533,9.85999977961183,6.41499985661358,1992,2,1992
47.4833,9.66667,1992-02-14,2.39999994635582,8.25999981537461,5.32999988086522,1992,2,1992
47.4833,9.66667,1992-02-15,0.96999997831881,6.15999986231327,3.56499992031604,1992,2,1992
47.4833,9.66667,1992-02-16,-0.129999997094274,6.01999986544251,2.94499993417412,1992,2,1992
47.4833,9.66667,1992-02-17,0.689999984577298,4.9399998895824,2.81499993707985,1992,2,1992
47.4833,9.66667,1992-02-18,-3.01999993249774,0.809999981895089,-1.10499997530133,1992,2,1992
47.4833,9.66667,1992-02-19,-6.8299998473376,-2.60999994166195,-4.71999989449978,1992,2,1992
47.4833,9.66667,1992-02-20,-11.3499997463077,-2.67999994009733,-7.01499984320253,1992,2,1992
47.4833,9.66667,1992-02-21,-12.039999730885,-2.009999955073,-7.02499984297901,1992,2,1992
47.4833,9.66667,1992-02-22,-10.0399997755885,1.03999997675419,-4.49999989941716,1992,2,1992
47.4833,9.66667,1992-02-23,-4.21999990567565,5.01999988779426,0.399999991059303,1992,2,1992
47.4833,9.66667,1992-02-24,-1.13999997451901,7.62999982945621,3.2449999274686,1992,2,1992
47.4833,9.66667,1992-02-25,-1.719999961555,10.2799997702241,4.27999990433455,1992,2,1992
47.4833,9.66667,1992-02-26,-0.909999979659915,7.44999983347952,3.2699999269098,1992,2,1992
47.4833,9.66667,1992-02-27,0.65999998524785,8.93999980017543,4.79999989271164,1992,2,1992
47.4833,9.66667,1992-02-28,-1.5499999653548,10.0199997760355,4.23499990534037,1992,2,1992
47.4833,9.66667,1992-02-29,-0.499999988824129,10.31999976933,4.90999989025295,1992,2,1992
47.4833,9.66667,1992-03-01,-0.829999981448054,10.7899997588247,4.97999988868833,1992,3,1992
47.4833,9.66667,1992-03-02,0.289999993517995,11.6399997398257,5.96499986667186,1992,3,1992
47.4833,9.66667,1992-03-03,-0.249999994412065,10.879999756813,5.31499988120049,1992,3,1992
47.4833,9.66667,1992-03-04,-0.0799999982118607,11.1599997505546,5.53999987617135,1992,3,1992
47.4833,9.66667,1992-03-05,2.51999994367361,14.5199996754527,8.51999980956316,1992,3,1992
47.4833,9.66667,1992-03-06,1.47999996691942,9.95999977737665,5.71999987214804,1992,3,1992
47.4833,9.66667,1992-03-07,3.82999991439283,10.4799997657537,7.15499984007329,1992,3,1992
47.4833,9.66667,1992-03-08,0.489999989047647,11.3699997458607,5.92999986745417,1992,3,1992
47.4833,9.66667,1992-03-09,-0.879999980330467,10.5499997641891,4.83499989192933,1992,3,1992
47.4833,9.66667,1992-03-10,3.39999992400408,12.3899997230619,7.894999823533,1992,3,1992
47.4833,9.66667,1992-03-11,1.03999997675419,12.0199997313321,6.52999985404313,1992,3,1992
47.4833,9.66667,1992-03-12,2.68999993987381,7.5799998305738,5.13499988522381,1992,3,1992
47.4833,9.66667,1992-03-13,0.459999989718199,9.07999979704618,4.76999989338219,1992,3,1992
47.4833,9.66667,1992-03-14,5.3399998806417,11.6299997400492,8.48499981034547,1992,3,1992
47.4833,9.66667,1992-03-15,2.64999994076788,9.37999979034066,6.01499986555427,1992,3,1992
47.4833,9.66667,1992-03-16,3.59999991953373,5.87999986857176,4.73999989405274,1992,3,1992
47.4833,9.66667,1992-03-17,1.4899999666959,5.2799998819828,3.38499992433935,1992,3,1992
47.4833,9.66667,1992-03-18,0.169999996200204,6.70999985001981,3.43999992311001,1992,3,1992
47.4833,9.66667,1992-03-19,-0.449999989941716,11.0099997539073,5.2799998819828,1992,3,1992
47.4833,9.66667,1992-03-20,0.749999983236194,12.5699997190386,6.6599998511374,1992,3,1992
47.4833,9.66667,1992-03-21,5.62999987415969,10.3999997675419,8.01499982085079,1992,3,1992
47.4833,9.66667,1992-03-22,4.79999989271164,15.4099996555597,10.1049997741356,1992,3,1992
47.4833,9.66667,1992-03-23,2.89999993517995,7.81999982520938,5.35999988019466,1992,3,1992
47.4833,9.66667,1992-03-24,2.54999994300306,8.91999980062246,5.73499987181276,1992,3,1992
47.4833,9.66667,1992-03-25,0.289999993517995,4.06999990902841,2.1799999512732,1992,3,1992
47.4833,9.66667,1992-03-26,0.639999985694885,4.62999989651144,2.63499994110316,1992,3,1992
47.4833,9.66667,1992-03-27,-0.919999979436398,5.88999986834824,2.48499994445592,1992,3,1992
47.4833,9.66667,1992-03-28,-0.459999989718199,6.44999985583127,2.99499993305653,1992,3,1992
47.4833,9.66667,1992-03-29,-0.119999997317791,2.88999993540347,1.38499996904284,1992,3,1992
47.4833,9.66667,1992-03-30,-0.289999993517995,5.739999871701,2.7249999390915,1992,3,1992
47.4833,9.66667,1992-03-31,0.279999993741512,11.1999997496605,5.739999871701,1992,3,1992
47.4833,9.66667,1992-04-01,3.729999916628,15.5499996524304,9.63999978452921,1992,4,1992
47.4833,9.66667,1992-04-02,0.319999992847443,7.75999982655048,4.03999990969896,1992,4,1992
47.4833,9.66667,1992-04-03,-0.519999988377094,11.7299997378141,5.60499987471849,1992,4,1992
47.4833,9.66667,1992-04-04,2.88999993540347,8.48999981023371,5.68999987281859,1992,4,1992
47.4833,9.66667,1992-04-05,3.80999991483986,8.82999980263412,6.31999985873699,1992,4,1992
47.4833,9.66667,1992-04-06,1.97999995574355,6.05999986454844,4.019999910146,1992,4,1992
47.4833,9.66667,1992-04-07,-0.0599999986588955,6.73999984934926,3.33999992534518,1992,4,1992
47.4833,9.66667,1992-04-08,1.85999995842576,10.1099997740239,5.98499986622483,1992,4,1992
47.4833,9.66667,1992-04-09,0.379999991506338,12.6999997161329,6.53999985381961,1992,4,1992
47.4833,9.66667,1992-04-10,1.1499999742955,11.8399997353554,6.49499985482544,1992,4,1992
47.4833,9.66667,1992-04-11,0.279999993741512,13.5299996975809,6.90499984566122,1992,4,1992
47.4833,9.66667,1992-04-12,0.759999983012676,13.6499996948987,7.2049998389557,1992,4,1992
47.4833,9.66667,1992-04-13,1.26999997161329,15.6399996504188,8.45499981101602,1992,4,1992
47.4833,9.66667,1992-04-14,6.41999985650182,11.6699997391552,9.0449997978285,1992,4,1992
47.4833,9.66667,1992-04-15,4.80999989248812,14.9599996656179,9.88499977905303,1992,4,1992
47.4833,9.66667,1992-04-16,3.77999991551042,13.1499997060746,8.46499981079251,1992,4,1992
47.4833,9.66667,1992-04-17,1.0899999756366,5.63999987393618,3.36499992478639,1992,4,1992
47.4833,9.66667,1992-04-18,0.149999996647239,5.0499998871237,2.59999994188547,1992,4,1992
47.4833,9.66667,1992-04-19,0.459999989718199,4.90999989025295,2.68499993998557,1992,4,1992
47.4833,9.66667,1992-04-20,4.53999989852309,9.94999977760017,7.24499983806163,1992,4,1992
47.4833,9.66667,1992-04-21,5.35999988019466,11.7399997375906,8.54999980889261,1992,4,1992
47.4833,9.66667,1992-04-22,0.65999998524785,16.4299996327609,8.54499980900437,1992,4,1992
47.4833,9.66667,1992-04-23,7.17999983951449,14.7899996694177,10.9849997544661,1992,4,1992
47.4833,9.66667,1992-04-24,7.42999983392656,10.7099997606128,9.0699997972697,1992,4,1992
47.4833,9.66667,1992-04-25,5.57999987527728,20.0699995514005,12.8249997133389,1992,4,1992
47.4833,9.66667,1992-04-26,10.1599997729063,25.4799994304776,17.819999601692,1992,4,1992
47.4833,9.66667,1992-04-27,11.9499997328967,22.7399994917214,17.344999612309,1992,4,1992
47.4833,9.66667,1992-04-28,11.0999997518957,19.7399995587766,15.4199996553361,1992,4,1992
47.4833,9.66667,1992-04-29,6.90999984554946,17.1099996175617,12.0099997315556,1992,4,1992
47.4833,9.66667,1992-04-30,4.52999989874661,8.01999982073903,6.27499985974282,1992,4,1992
47.4833,9.66667,1992-05-01,4.35999990254641,9.5299997869879,6.94499984476715,1992,5,NA
47.4833,9.66667,1992-05-02,3.27999992668629,16.5399996303022,9.90999977849424,1992,5,NA
47.4833,9.66667,1992-05-03,6.87999984622002,13.6699996944517,10.2749997703359,1992,5,NA
47.4833,9.66667,1992-05-04,5.84999986924231,10.1199997738004,7.98499982152134,1992,5,NA
47.4833,9.66667,1992-05-05,7.71999982744455,10.9699997548014,9.34499979112297,1992,5,NA
47.4833,9.66667,1992-05-06,8.34999981336296,12.1799997277558,10.2649997705594,1992,5,NA
47.4833,9.66667,1992-05-07,8.63999980688095,17.529999608174,13.0849997075275,1992,5,NA
47.4833,9.66667,1992-05-08,5.30999988131225,18.4899995867163,11.8999997340143,1992,5,NA
47.4833,9.66667,1992-05-09,8.54999980889261,19.1599995717406,13.8549996903166,1992,5,NA
47.4833,9.66667,1992-05-10,10.1599997729063,18.2899995911866,14.2249996820465,1992,5,NA
47.4833,9.66667,1992-05-11,11.0299997534603,17.7099996041507,14.3699996788055,1992,5,NA
47.4833,9.66667,1992-05-12,8.80999980308115,15.4899996537715,12.1499997284263,1992,5,NA
47.4833,9.66667,1992-05-13,5.25999988242984,18.379999589175,11.8199997358024,1992,5,NA
47.4833,9.66667,1992-05-14,7.5199998319149,24.0899994615465,15.8049996467307,1992,5,NA
47.4833,9.66667,1992-05-15,11.3999997451901,25.9599994197488,18.6799995824695,1992,5,NA
47.4833,9.66667,1992-05-16,11.6499997396022,25.2899994347245,18.4699995871633,1992,5,NA
47.4833,9.66667,1992-05-17,11.5299997422844,25.0799994394183,18.3049995908514,1992,5,NA
47.4833,9.66667,1992-05-18,11.6799997389317,21.839999511838,16.7599996253848,1992,5,NA
47.4833,9.66667,1992-05-19,8.6699998062104,21.0999995283782,14.8849996672943,1992,5,NA
47.4833,9.66667,1992-05-20,7.71999982744455,20.5699995402247,14.1449996838346,1992,5,NA
47.4833,9.66667,1992-05-21,6.46999985538423,20.2399995476007,13.3549997014925,1992,5,NA
47.4833,9.66667,1992-05-22,7.3499998357147,20.2299995478243,13.7899996917695,1992,5,NA
47.4833,9.66667,1992-05-23,7.69999982789159,21.2999995239079,14.4999996758997,1992,5,NA
47.4833,9.66667,1992-05-24,9.10999979637563,22.8299994897097,15.9699996430427,1992,5,NA
47.4833,9.66667,1992-05-25,10.2999997697771,21.509999519214,15.9049996444955,1992,5,NA
47.4833,9.66667,1992-05-26,10.2299997713417,21.8099995125085,16.0199996419251,1992,5,NA
47.4833,9.66667,1992-05-27,11.1499997507781,24.099999461323,17.6249996060506,1992,5,NA
47.4833,9.66667,1992-05-28,11.9099997337908,21.6599995158613,16.784999624826,1992,5,NA
47.4833,9.66667,1992-05-29,10.6499997619539,22.3599995002151,16.5049996310845,1992,5,NA
47.4833,9.66667,1992-05-30,11.1399997510016,19.5599995627999,15.3499996569008,1992,5,NA
47.4833,9.66667,1992-05-31,11.479999743402,22.5299994964153,17.0049996199086,1992,5,NA
47.4833,9.66667,1992-06-01,12.1899997275323,21.5399995185435,16.8649996230379,1992,6,NA
47.4833,9.66667,1992-06-02,12.1599997282028,23.8399994671345,17.9999995976686,1992,6,NA
47.4833,9.66667,1992-06-03,15.4199996553361,22.1199995055795,18.7699995804578,1992,6,NA
47.4833,9.66667,1992-06-04,12.8099997136742,18.9499995764345,15.8799996450543,1992,6,NA
47.4833,9.66667,1992-06-05,11.479999743402,19.3499995674938,15.4149996554479,1992,6,NA
47.4833,9.66667,1992-06-06,11.6499997396022,16.9999996200204,14.3249996798113,1992,6,NA
47.4833,9.66667,1992-06-07,8.21999981626868,16.4199996329844,12.3199997246265,1992,6,NA
47.4833,9.66667,1992-06-08,7.38999983482063,20.6899995375425,14.0399996861815,1992,6,NA
47.4833,9.66667,1992-06-09,10.9099997561425,16.4999996311963,13.7049996936694,1992,6,NA
47.4833,9.66667,1992-06-10,10.7999997586012,18.4999995864928,14.649999672547,1992,6,NA
47.4833,9.66667,1992-06-11,8.72999980486929,21.1899995263666,14.9599996656179,1992,6,NA
47.4833,9.66667,1992-06-12,11.3099997472018,16.1999996379018,13.7549996925518,1992,6,NA
47.4833,9.66667,1992-06-13,10.9299997556955,16.4499996323138,13.6899996940047,1992,6,NA
47.4833,9.66667,1992-06-14,11.5299997422844,18.0499995965511,14.7899996694177,1992,6,NA
47.4833,9.66667,1992-06-15,10.5499997641891,22.0999995060265,16.3249996351078,1992,6,NA
47.4833,9.66667,1992-06-16,11.169999750331,25.6099994275719,18.3899995889515,1992,6,NA
47.4833,9.66667,1992-06-17,11.9399997331202,25.3499994333833,18.6449995832518,1992,6,NA
47.4833,9.66667,1992-06-18,14.339999679476,21.4499995205551,17.8949996000156,1992,6,NA
47.4833,9.66667,1992-06-19,12.6699997168034,21.7299995142967,17.19999961555,1992,6,NA
47.4833,9.66667,1992-06-20,9.62999978475273,13.75999969244,11.6949997385964,1992,6,NA
47.4833,9.66667,1992-06-21,8.97999979928136,19.6299995612353,14.3049996802583,1992,6,NA
47.4833,9.66667,1992-06-22,12.0099997315556,18.7099995817989,15.3599996566772,1992,6,NA
47.4833,9.66667,1992-06-23,10.4299997668713,23.6199994720519,17.0249996194616,1992,6,NA
47.4833,9.66667,1992-06-24,14.6099996734411,23.9099994655699,19.2599995695055,1992,6,NA
47.4833,9.66667,1992-06-25,11.6699997391552,22.399999499321,17.0349996192381,1992,6,NA
47.4833,9.66667,1992-06-26,12.5199997201562,13.9899996872991,13.2549997037277,1992,6,NA
47.4833,9.66667,1992-06-27,13.1099997069687,20.8199995346367,16.9649996208027,1992,6,NA
47.4833,9.66667,1992-06-28,10.1799997724593,22.689999492839,16.4349996326491,1992,6,NA
47.4833,9.66667,1992-06-29,9.88999977894127,23.7699994686991,16.8299996238202,1992,6,NA
47.4833,9.66667,1992-06-30,10.8399997577071,24.6699994485825,17.7549996031448,1992,6,NA
47.4833,9.66667,1992-07-01,13.9799996875226,27.289999390021,20.6349995387718,1992,7,NA
47.4833,9.66667,1992-07-02,13.5999996960163,22.0099995080382,17.8049996020272,1992,7,NA
47.4833,9.66667,1992-07-03,14.1099996846169,20.4999995417893,17.3049996132031,1992,7,NA
47.4833,9.66667,1992-07-04,13.0699997078627,24.3999994546175,18.7349995812401,1992,7,NA
47.4833,9.66667,1992-07-05,13.3399997018278,19.809999557212,16.5749996295199,1992,7,NA
47.4833,9.66667,1992-07-06,10.6899997610599,15.9599996432662,13.324999702163,1992,7,NA
47.4833,9.66667,1992-07-07,11.5399997420609,18.4299995880574,14.9849996650591,1992,7,NA
47.4833,9.66667,1992-07-08,11.6599997393787,19.3199995681643,15.4899996537715,1992,7,NA
47.4833,9.66667,1992-07-09,12.7699997145683,21.3999995216727,17.0849996181205,1992,7,NA
47.4833,9.66667,1992-07-10,12.1699997279793,22.3199995011091,17.2449996145442,1992,7,NA
47.4833,9.66667,1992-07-11,13.6199996955693,21.6499995160848,17.634999605827,1992,7,NA
47.4833,9.66667,1992-07-12,11.789999736473,15.189999660477,13.489999698475,1992,7,NA
47.4833,9.66667,1992-07-13,11.5499997418374,19.499999564141,15.5249996529892,1992,7,NA
47.4833,9.66667,1992-07-14,11.499999742955,21.2899995241314,16.3949996335432,1992,7,NA
47.4833,9.66667,1992-07-15,12.0899997297674,23.2599994800985,17.674999604933,1992,7,NA
47.4833,9.66667,1992-07-16,16.0299996417016,23.2199994809926,19.6249995613471,1992,7,NA
47.4833,9.66667,1992-07-17,14.6699996720999,24.659999448806,19.664999560453,1992,7,NA
47.4833,9.66667,1992-07-18,13.9899996872991,27.5299993846565,20.7599995359778,1992,7,NA
47.4833,9.66667,1992-07-19,17.8599996007979,24.4299994539469,21.1449995273724,1992,7,NA
47.4833,9.66667,1992-07-20,14.5999996736646,27.4999993853271,21.0499995294958,1992,7,NA
47.4833,9.66667,1992-07-21,16.5499996300787,28.8899993542582,22.7199994921684,1992,7,NA
47.4833,9.66667,1992-07-22,17.4299996104091,29.5299993399531,23.4799994751811,1992,7,NA
47.4833,9.66667,1992-07-23,15.519999653101,21.4999995194376,18.5099995862693,1992,7,NA
47.4833,9.66667,1992-07-24,13.6799996942282,24.5899994503707,19.1349995722994,1992,7,NA
47.4833,9.66667,1992-07-25,15.0799996629357,27.4499993864447,21.2649995246902,1992,7,NA
47.4833,9.66667,1992-07-26,17.4699996095151,24.4599994532764,20.9649995313957,1992,7,NA
47.4833,9.66667,1992-07-27,15.2199996598065,26.1999994143844,20.7099995370954,1992,7,NA
47.4833,9.66667,1992-07-28,15.7199996486306,28.2999993674457,22.0099995080382,1992,7,NA
47.4833,9.66667,1992-07-29,16.1999996379018,23.5899994727224,19.8949995553121,1992,7,NA
47.4833,9.66667,1992-07-30,12.7199997156858,26.2199994139373,19.4699995648116,1992,7,NA
47.4833,9.66667,1992-07-31,17.5399996079504,30.5299993176013,24.0349994627759,1992,7,NA
47.4833,9.66667,1992-08-01,17.219999615103,30.149999326095,23.684999470599,1992,8,NA
47.4833,9.66667,1992-08-02,17.0199996195734,27.2199993915856,22.1199995055795,1992,8,NA
47.4833,9.66667,1992-08-03,17.3499996121973,29.4799993410707,23.414999476634,1992,8,NA
47.4833,9.66667,1992-08-04,17.8599996007979,31.2199993021786,24.5399994514883,1992,8,NA
47.4833,9.66667,1992-08-05,17.3799996115267,23.1799994818866,20.2799995467067,1992,8,NA
47.4833,9.66667,1992-08-06,13.2599997036159,26.5599994063377,19.9099995549768,1992,8,NA
47.4833,9.66667,1992-08-07,17.3199996128678,28.6599993593991,22.9899994861335,1992,8,NA
47.4833,9.66667,1992-08-08,18.8899995777756,30.2699993234128,24.5799994505942,1992,8,NA
47.4833,9.66667,1992-08-09,18.4899995867163,30.6399993151426,24.5649994509295,1992,8,NA
47.4833,9.66667,1992-08-10,19.1999995708466,32.0099992845207,25.6049994276837,1992,8,NA
47.4833,9.66667,1992-08-11,15.1299996618181,25.2899994347245,20.2099995482713,1992,8,NA
47.4833,9.66667,1992-08-12,12.3999997228384,22.7999994903803,17.5999996066093,1992,8,NA
47.4833,9.66667,1992-08-13,14.2999996803701,21.9499995093793,18.1249995948747,1992,8,NA
47.4833,9.66667,1992-08-14,13.0099997092038,22.3299995008856,17.6699996050447,1992,8,NA
47.4833,9.66667,1992-08-15,13.1299997065216,19.5899995621294,16.3599996343255,1992,8,NA
47.4833,9.66667,1992-08-16,12.7599997147918,20.4399995431304,16.5999996289611,1992,8,NA
47.4833,9.66667,1992-08-17,10.1999997720122,23.3499994780868,16.7749996250495,1992,8,NA
47.4833,9.66667,1992-08-18,13.3999997004867,26.9299993980676,20.1649995492771,1992,8,NA
47.4833,9.66667,1992-08-19,14.9899996649474,29.6999993361533,22.3449995005503,1992,8,NA
47.4833,9.66667,1992-08-20,17.3799996115267,30.3899993207306,23.8849994661286,1992,8,NA
47.4833,9.66667,1992-08-21,16.6299996282905,29.87999933213,23.2549994802102,1992,8,NA
47.4833,9.66667,1992-08-22,15.5699996519834,26.999999396503,21.2849995242432,1992,8,NA
47.4833,9.66667,1992-08-23,15.7499996479601,25.1599994376302,20.4549995427951,1992,8,NA
47.4833,9.66667,1992-08-24,16.3199996352196,21.9999995082617,19.1599995717406,1992,8,NA
47.4833,9.66667,1992-08-25,15.5999996513128,24.659999448806,20.1299995500594,1992,8,NA
47.4833,9.66667,1992-08-26,15.0299996640533,28.9299993533641,21.9799995087087,1992,8,NA
47.4833,9.66667,1992-08-27,15.7499996479601,31.1699993032962,23.4599994756281,1992,8,NA
47.4833,9.66667,1992-08-28,16.9399996213615,26.9699993971735,21.9549995092675,1992,8,NA
47.4833,9.66667,1992-08-29,18.1799995936453,32.0799992829561,25.1299994383007,1992,8,NA
47.4833,9.66667,1992-08-30,17.7199996039271,28.719999358058,23.2199994809926,1992,8,NA
47.4833,9.66667,1992-08-31,13.4299996998161,21.7699995134026,17.5999996066093,1992,8,NA
47.4833,9.66667,1992-09-01,11.6799997389317,22.6799994930625,17.1799996159971,1992,9,NA
47.4833,9.66667,1992-09-02,7.64999982900918,13.7899996917695,10.7199997603893,1992,9,NA
47.4833,9.66667,1992-09-03,7.50999983213842,19.9499995540828,13.7299996931106,1992,9,NA
47.4833,9.66667,1992-09-04,12.0199997313321,19.6699995603412,15.8449996458367,1992,9,NA
47.4833,9.66667,1992-09-05,7.84999982453883,14.4799996763468,11.1649997504428,1992,9,NA
47.4833,9.66667,1992-09-06,5.94999986700714,12.3899997230619,9.16999979503453,1992,9,NA
47.4833,9.66667,1992-09-07,4.43999990075827,15.8799996450543,10.1599997729063,1992,9,NA
47.4833,9.66667,1992-09-08,4.83999989181757,21.4999995194376,13.1699997056276,1992,9,NA
47.4833,9.66667,1992-09-09,12.2399997264147,17.1199996173382,14.6799996718764,1992,9,NA
47.4833,9.66667,1992-09-10,11.8799997344613,17.239999614656,14.5599996745586,1992,9,NA
47.4833,9.66667,1992-09-11,12.1699997279793,17.6999996043742,14.9349996661767,1992,9,NA
47.4833,9.66667,1992-09-12,12.059999730438,22.5799994952977,17.3199996128678,1992,9,NA
47.4833,9.66667,1992-09-13,13.199999704957,18.8299995791167,16.0149996420369,1992,9,NA
47.4833,9.66667,1992-09-14,10.9699997548014,21.7099995147437,16.3399996347725,1992,9,NA
47.4833,9.66667,1992-09-15,13.199999704957,16.5399996303022,14.8699996676296,1992,9,NA
47.4833,9.66667,1992-09-16,12.0299997311085,19.9999995529652,16.0149996420369,1992,9,NA
47.4833,9.66667,1992-09-17,9.83999978005886,21.6899995151907,15.7649996476248,1992,9,NA
47.4833,9.66667,1992-09-18,10.0399997755885,21.7199995145202,15.8799996450543,1992,9,NA
47.4833,9.66667,1992-09-19,9.57999978587031,22.0299995075911,15.8049996467307,1992,9,NA
47.4833,9.66667,1992-09-20,14.2499996814877,18.5599995851517,16.4049996333197,1992,9,NA
47.4833,9.66667,1992-09-21,12.5599997192621,19.1599995717406,15.8599996455014,1992,9,NA
47.4833,9.66667,1992-09-22,10.9699997548014,21.3299995232373,16.1499996390194,1992,9,NA
47.4833,9.66667,1992-09-23,12.5799997188151,26.2099994141608,19.394999566488,1992,9,NA
47.4833,9.66667,1992-09-24,12.2899997252971,16.5199996307492,14.4049996780232,1992,9,NA
47.4833,9.66667,1992-09-25,11.0899997521192,16.5299996305257,13.8099996913224,1992,9,NA
47.4833,9.66667,1992-09-26,8.35999981313944,17.7599996030331,13.0599997080863,1992,9,NA
47.4833,9.66667,1992-09-27,9.27999979257584,20.7099995370954,14.9949996648356,1992,9,NA
47.4833,9.66667,1992-09-28,11.4399997442961,25.3899994324893,18.4149995883927,1992,9,NA
47.4833,9.66667,1992-09-29,12.5899997185916,18.0999995954335,15.3449996570125,1992,9,NA
47.4833,9.66667,1992-09-30,10.2999997697771,12.619999717921,11.459999743849,1992,9,NA
47.4833,9.66667,1992-10-01,10.0899997744709,16.2799996361136,13.1849997052923,1992,10,1993
47.4833,9.66667,1992-10-02,9.65999978408217,16.6699996273965,13.1649997057393,1992,10,1993
47.4833,9.66667,1992-10-03,8.78999980352819,14.1099996846169,11.4499997440726,1992,10,1993
47.4833,9.66667,1992-10-04,9.43999978899956,14.3899996783584,11.914999733679,1992,10,1993
47.4833,9.66667,1992-10-05,9.80999978072941,13.0199997089803,11.4149997448549,1992,10,1993
47.4833,9.66667,1992-10-06,6.94999984465539,12.1599997282028,9.55499978642911,1992,10,1993
47.4833,9.66667,1992-10-07,7.59999983012676,14.5199996754527,11.0599997527897,1992,10,1993
47.4833,9.66667,1992-10-08,9.39999978989363,12.9499997105449,11.1749997502193,1992,10,1993
47.4833,9.66667,1992-10-09,8.54999980889261,14.899999666959,11.7249997379258,1992,10,1993
47.4833,9.66667,1992-10-10,6.73999984934926,13.9699996877462,10.3549997685477,1992,10,1993
47.4833,9.66667,1992-10-11,8.6699998062104,10.9299997556955,9.79999978095293,1992,10,1993
47.4833,9.66667,1992-10-12,8.24999981559813,10.3699997682124,9.30999979190528,1992,10,1993
47.4833,9.66667,1992-10-13,7.17999983951449,12.079999729991,9.62999978475273,1992,10,1993
47.4833,9.66667,1992-10-14,4.74999989382923,8.05999981984496,6.40499985683709,1992,10,1993
47.4833,9.66667,1992-10-15,4.10999990813434,13.6099996957928,8.85999980196357,1992,10,1993
47.4833,9.66667,1992-10-16,5.739999871701,9.82999978028238,7.78499982599169,1992,10,1993
47.4833,9.66667,1992-10-17,4.15999990701675,6.96999984420836,5.56499987561256,1992,10,1993
47.4833,9.66667,1992-10-18,1.70999996177852,4.73999989405274,3.22499992791563,1992,10,1993
47.4833,9.66667,1992-10-19,0.479999989271164,4.91999989002943,2.6999999396503,1992,10,1993
47.4833,9.66667,1992-10-20,-1.64999996311963,7.98999982140958,3.16999992914498,1992,10,1993
47.4833,9.66667,1992-10-21,3.01999993249774,7.59999983012676,5.30999988131225,1992,10,1993
47.4833,9.66667,1992-10-22,3.20999992825091,6.66999985091388,4.9399998895824,1992,10,1993
47.4833,9.66667,1992-10-23,1.30999997071922,8.07999981939793,4.69499989505857,1992,10,1993
47.4833,9.66667,1992-10-24,1.57999996468425,7.53999983146787,4.55999989807606,1992,10,1993
47.4833,9.66667,1992-10-25,2.89999993517995,5.78999987058342,4.34499990288168,1992,10,1993
47.4833,9.66667,1992-10-26,3.42999992333353,10.5699997637421,6.99999984353781,1992,10,1993
47.4833,9.66667,1992-10-27,3.89999991282821,8.74999980442226,6.32499985862523,1992,10,1993
47.4833,9.66667,1992-10-28,0.819999981671572,8.6699998062104,4.74499989394099,1992,10,1993
47.4833,9.66667,1992-10-29,4.09999990835786,11.3299997467548,7.71499982755631,1992,10,1993
47.4833,9.66667,1992-10-30,2.97999993339181,10.5099997650832,6.7449998492375,1992,10,1993
47.4833,9.66667,1992-10-31,1.80999995954335,8.1499998178333,4.97999988868833,1992,10,1993
47.4833,9.66667,1992-11-01,3.4999999217689,5.86999986879528,4.68499989528209,1992,11,1993
47.4833,9.66667,1992-11-02,2.21999995037913,7.75999982655048,4.98999988846481,1992,11,1993
47.4833,9.66667,1992-11-03,4.15999990701675,8.23999981582165,6.1999998614192,1992,11,1993
47.4833,9.66667,1992-11-04,3.62999991886318,8.46999981068075,6.04999986477196,1992,11,1993
47.4833,9.66667,1992-11-05,4.02999990992248,10.1899997722358,7.10999984107912,1992,11,1993
47.4833,9.66667,1992-11-06,7.20999983884394,12.4599997214973,9.83499978017062,1992,11,1993
47.4833,9.66667,1992-11-07,4.10999990813434,10.7799997590482,7.44499983359128,1992,11,1993
47.4833,9.66667,1992-11-08,1.79999995976686,11.8699997346848,6.83499984722584,1992,11,1993
47.4833,9.66667,1992-11-09,1.21999997273088,7.96999982185662,4.59499989729375,1992,11,1993
47.4833,9.66667,1992-11-10,2.57999994233251,8.67999980598688,5.62999987415969,1992,11,1993
47.4833,9.66667,1992-11-11,1.88999995775521,10.5299997646362,6.20999986119568,1992,11,1993
47.4833,9.66667,1992-11-12,5.00999988801777,12.8699997123331,8.93999980017543,1992,11,1993
47.4833,9.66667,1992-11-13,2.12999995239079,7.37999983504415,4.75499989371747,1992,11,1993
47.4833,9.66667,1992-11-14,0.299999993294477,2.85999993607402,1.57999996468425,1992,11,1993
47.4833,9.66667,1992-11-15,-1.10999997518957,4.69999989494681,1.79499995987862,1992,11,1993
47.4833,9.66667,1992-11-16,1.47999996691942,10.1799997724593,5.82999986968935,1992,11,1993
47.4833,9.66667,1992-11-17,3.60999991931021,6.5999998524785,5.10499988589436,1992,11,1993
47.4833,9.66667,1992-11-18,1.10999997518957,5.23999988287687,3.17499992903322,1992,11,1993
47.4833,9.66667,1992-11-19,0.00999999977648258,4.56999989785254,2.28999994881451,1992,11,1993
47.4833,9.66667,1992-11-20,-0.249999994412065,8.59999980777502,4.17499990668148,1992,11,1993
47.4833,9.66667,1992-11-21,2.29999994859099,6.61999985203147,4.45999990031123,1992,11,1993
47.4833,9.66667,1992-11-22,3.10999993048608,7.07999984174967,5.09499988611788,1992,11,1993
47.4833,9.66667,1992-11-23,6.40999985672534,9.56999978609383,7.98999982140958,1992,11,1993
47.4833,9.66667,1992-11-24,5.08999988622963,14.1099996846169,9.59999978542328,1992,11,1993
47.4833,9.66667,1992-11-25,2.98999993316829,9.41999978944659,6.20499986130744,1992,11,1993
47.4833,9.66667,1992-11-26,1.17999997362494,10.7299997601658,5.95499986689538,1992,11,1993
47.4833,9.66667,1992-11-27,5.14999988488853,13.2799997031689,9.2149997940287,1992,11,1993
47.4833,9.66667,1992-11-28,2.37999994680285,9.20999979414046,5.79499987047166,1992,11,1993
47.4833,9.66667,1992-11-29,2.53999994322658,9.89999977871776,6.21999986097217,1992,11,1993
47.4833,9.66667,1992-11-30,6.61999985203147,8.64999980665743,7.63499982934445,1992,11,1993
47.4833,9.66667,1992-12-01,3.68999991752207,10.8399997577071,7.2649998376146,1992,12,1993
47.4833,9.66667,1992-12-02,1.40999996848404,8.45999981090426,4.93499988969415,1992,12,1993
47.4833,9.66667,1992-12-03,1.95999995619059,13.0899997074157,7.52499983180314,1992,12,1993
47.4833,9.66667,1992-12-04,5.1099998857826,13.0999997071922,9.10499979648739,1992,12,1993
47.4833,9.66667,1992-12-05,0.429999990388751,10.31999976933,5.37499987985939,1992,12,1993
47.4833,9.66667,1992-12-06,0.259999994188547,6.24999986030161,3.25499992724508,1992,12,1993
47.4833,9.66667,1992-12-07,-1.66999996267259,3.13999992981553,0.73499998357147,1992,12,1993
47.4833,9.66667,1992-12-08,-1.90999995730817,5.12999988533556,1.6099999640137,1992,12,1993
47.4833,9.66667,1992-12-09,0.479999989271164,2.70999993942678,1.59499996434897,1992,12,1993
47.4833,9.66667,1992-12-10,-0.179999995976686,2.11999995261431,0.96999997831881,1992,12,1993
47.4833,9.66667,1992-12-11,-0.0199999995529652,2.33999994769692,1.15999997407198,1992,12,1993
47.4833,9.66667,1992-12-12,-0.979999978095293,1.96999995596707,0.494999988935888,1992,12,1993
47.4833,9.66667,1992-12-13,-2.04999995417893,3.24999992735684,0.599999986588955,1992,12,1993
47.4833,9.66667,1992-12-14,-0.429999990388751,3.37999992445111,1.47499996703118,1992,12,1993
47.4833,9.66667,1992-12-15,-2.009999955073,6.55999985337257,2.27499994914979,1992,12,1993
47.4833,9.66667,1992-12-16,-2.29999994859099,2.41999994590878,0.0599999986588955,1992,12,1993
47.4833,9.66667,1992-12-17,-3.48999992199242,1.719999961555,-0.884999980218709,1992,12,1993
47.4833,9.66667,1992-12-18,-2.96999993361533,1.40999996848404,-0.779999982565641,1992,12,1993
47.4833,9.66667,1992-12-19,-3.4999999217689,0.449999989941716,-1.52499996591359,1992,12,1993
47.4833,9.66667,1992-12-20,-3.40999992378056,1.5499999653548,-0.92999997921288,1992,12,1993
47.4833,9.66667,1992-12-21,-1.25999997183681,4.80999989248812,1.77499996032566,1992,12,1993
47.4833,9.66667,1992-12-22,0.519999988377094,6.96999984420836,3.74499991629273,1992,12,1993
47.4833,9.66667,1992-12-23,-0.179999995976686,6.99999984353781,3.40999992378056,1992,12,1993
47.4833,9.66667,1992-12-24,-2.43999994546175,2.58999994210899,0.0749999983236194,1992,12,1993
47.4833,9.66667,1992-12-25,-1.27999997138977,1.19999997317791,-0.0399999991059303,1992,12,1993
47.4833,9.66667,1992-12-26,-2.18999995104969,-0.399999991059303,-1.29499997105449,1992,12,1993
47.4833,9.66667,1992-12-27,-3.07999993115664,-0.539999987930059,-1.80999995954335,1992,12,1993
47.4833,9.66667,1992-12-28,-4.85999989137053,-1.80999995954335,-3.33499992545694,1992,12,1993
47.4833,9.66667,1992-12-29,-6.33999985828996,-0.949999978765845,-3.6449999185279,1992,12,1993
47.4833,9.66667,1992-12-30,-8.039999820292,-3.69999991729856,-5.86999986879528,1992,12,1993
47.4833,9.66667,1992-12-31,-7.35999983549118,-3.58999991975725,-5.47499987762421,1992,12,1993
47.4833,9.66667,1993-01-01,-7.16999983973801,-3.79999991506338,-5.4849998774007,1993,1,1993
47.4833,9.66667,1993-01-02,-6.54999985359609,-3.5599999204278,-5.05499988701195,1993,1,1993
47.4833,9.66667,1993-01-03,-9.67999978363514,-4.2499999050051,-6.96499984432012,1993,1,1993
47.4833,9.66667,1993-01-04,-12.4499997217208,-7.22999983839691,-9.83999978005886,1993,1,1993
47.4833,9.66667,1993-01-05,-11.8899997342378,-4.00999991036952,-7.94999982230365,1993,1,1993
47.4833,9.66667,1993-01-06,-9.56999978609383,0.839999981224537,-4.36499990243465,1993,1,1993
47.4833,9.66667,1993-01-07,-4.95999988913536,5.75999987125397,0.399999991059303,1993,1,1993
47.4833,9.66667,1993-01-08,1.22999997250736,6.27999985963106,3.75499991606921,1993,1,1993
47.4833,9.66667,1993-01-09,4.07999990880489,6.55999985337257,5.31999988108873,1993,1,1993
47.4833,9.66667,1993-01-10,1.58999996446073,7.60999982990324,4.59999989718199,1993,1,1993
47.4833,9.66667,1993-01-11,1.21999997273088,9.27999979257584,5.24999988265336,1993,1,1993
47.4833,9.66667,1993-01-12,3.30999992601573,12.7699997145683,8.039999820292,1993,1,1993
47.4833,9.66667,1993-01-13,5.90999986790121,15.3399996571243,10.6249997625127,1993,1,1993
47.4833,9.66667,1993-01-14,2.42999994568527,11.749999737367,7.08999984152615,1993,1,1993
47.4833,9.66667,1993-01-15,4.27999990433455,10.6799997612834,7.47999983280897,1993,1,1993
47.4833,9.66667,1993-01-16,0.92999997921288,6.5999998524785,3.76499991584569,1993,1,1993
47.4833,9.66667,1993-01-17,0.539999987930059,9.04999979771674,4.7949998928234,1993,1,1993
47.4833,9.66667,1993-01-18,-0.0199999995529652,7.41999983415008,3.69999991729856,1993,1,1993
47.4833,9.66667,1993-01-19,-1.57999996468425,6.95999984443188,2.68999993987381,1993,1,1993
47.4833,9.66667,1993-01-20,0.369999991729856,7.58999983035028,3.97999991104007,1993,1,1993
47.4833,9.66667,1993-01-21,1.79999995976686,9.05999979749322,5.42999987863004,1993,1,1993
47.4833,9.66667,1993-01-22,1.51999996602535,11.0499997530133,6.2849998595193,1993,1,1993
47.4833,9.66667,1993-01-23,1.4899999666959,10.1799997724593,5.83499986957759,1993,1,1993
47.4833,9.66667,1993-01-24,5.31999988108873,9.99999977648258,7.65999982878566,1993,1,1993
47.4833,9.66667,1993-01-25,6.00999986566603,13.0999997071922,9.55499978642911,1993,1,1993
47.4833,9.66667,1993-01-26,2.73999993875623,9.43999978899956,6.08999986387789,1993,1,1993
47.4833,9.66667,1993-01-27,-2.70999993942678,2.2399999499321,-0.234999994747341,1993,1,1993
47.4833,9.66667,1993-01-28,-1.74999996088445,2.81999993696809,0.534999988041818,1993,1,1993
47.4833,9.66667,1993-01-29,1.06999997608364,3.61999991908669,2.34499994758517,1993,1,1993
47.4833,9.66667,1993-01-30,2.79999993741512,7.06999984197319,4.93499988969415,1993,1,1993
47.4833,9.66667,1993-01-31,1.11999997496605,4.79999989271164,2.95999993383884,1993,1,1993
47.4833,9.66667,1993-02-01,-0.789999982342124,6.81999984756112,3.0149999326095,1993,2,1993
47.4833,9.66667,1993-02-02,-2.80999993719161,3.48999992199242,0.339999992400408,1993,2,1993
47.4833,9.66667,1993-02-03,-3.79999991506338,1.29999997094274,-1.24999997206032,1993,2,1993
47.4833,9.66667,1993-02-04,-3.39999992400408,0.979999978095293,-1.20999997295439,1993,2,1993
47.4833,9.66667,1993-02-05,-3.21999992802739,3.0399999320507,-0.0899999979883432,1993,2,1993
47.4833,9.66667,1993-02-06,-3.67999991774559,6.07999986410141,1.19999997317791,1993,2,1993
47.4833,9.66667,1993-02-07,-3.42999992333353,5.71999987214804,1.14499997440726,1993,2,1993
47.4833,9.66667,1993-02-08,0.169999996200204,9.40999978967011,4.78999989293516,1993,2,1993
47.4833,9.66667,1993-02-09,-0.239999994635582,4.68999989517033,2.22499995026737,1993,2,1993
47.4833,9.66667,1993-02-10,-0.199999995529652,3.12999993003905,1.4649999672547,1993,2,1993
47.4833,9.66667,1993-02-11,-0.239999994635582,2.52999994345009,1.14499997440726,1993,2,1993
47.4833,9.66667,1993-02-12,-1.50999996624887,4.37999990209937,1.43499996792525,1993,2,1993
47.4833,9.66667,1993-02-13,-1.81999995931983,3.97999991104007,1.07999997586012,1993,2,1993
47.4833,9.66667,1993-02-14,-2.60999994166195,3.92999991215765,0.65999998524785,1993,2,1993
47.4833,9.66667,1993-02-15,-3.60999991931021,2.8699999358505,-0.369999991729856,1993,2,1993
47.4833,9.66667,1993-02-16,-2.94999993406236,1.25999997183681,-0.844999981112778,1993,2,1993
47.4833,9.66667,1993-02-17,-3.65999991819263,-0.0599999986588955,-1.85999995842576,1993,2,1993
47.4833,9.66667,1993-02-18,-2.34999994747341,0.849999981001019,-0.749999983236194,1993,2,1993
47.4833,9.66667,1993-02-19,-0.789999982342124,4.8799998909235,2.04499995429069,1993,2,1993
47.4833,9.66667,1993-02-20,-1.52999996580184,4.19999990612268,1.33499997016042,1993,2,1993
47.4833,9.66667,1993-02-21,-0.939999978989363,2.50999994389713,0.784999982453883,1993,2,1993
47.4833,9.66667,1993-02-22,-2.15999995172024,1.6099999640137,-0.274999993853271,1993,2,1993
47.4833,9.66667,1993-02-23,-7.42999983392656,-1.65999996289611,-4.54499989841133,1993,2,1993
47.4833,9.66667,1993-02-24,-11.7299997378141,-4.52999989874661,-8.12999981828034,1993,2,1993
47.4833,9.66667,1993-02-25,-12.7299997154623,-3.729999916628,-8.22999981604517,1993,2,1993
47.4833,9.66667,1993-02-26,-11.0299997534603,-1.00999997742474,-6.01999986544251,1993,2,1993
47.4833,9.66667,1993-02-27,-9.8199997805059,0.569999987259507,-4.62499989662319,1993,2,1993
47.4833,9.66667,1993-02-28,-8.79999980330467,2.30999994836748,-3.2449999274686,1993,2,1993
47.4833,9.66667,1993-03-01,-6.30999985896051,0.789999982342124,-2.75999993830919,1993,3,1993
47.4833,9.66667,1993-03-02,-5.62999987415969,-0.369999991729856,-2.99999993294477,1993,3,1993
47.4833,9.66667,1993-03-03,-3.91999991238117,4.05999990925193,0.0699999984353781,1993,3,1993
47.4833,9.66667,1993-03-04,-2.49999994412065,0.539999987930059,-0.979999978095293,1993,3,1993
47.4833,9.66667,1993-03-05,-5.49999987706542,-1.87999995797873,-3.68999991752207,1993,3,1993
47.4833,9.66667,1993-03-06,-8.51999980956316,-0.409999990835786,-4.46499990019947,1993,3,1993
47.4833,9.66667,1993-03-07,-3.83999991416931,0.359999991953373,-1.73999996110797,1993,3,1993
47.4833,9.66667,1993-03-08,-0.859999980777502,2.55999994277954,0.849999981001019,1993,3,1993
47.4833,9.66667,1993-03-09,-3.19999992847443,2.6399999409914,-0.279999993741512,1993,3,1993
47.4833,9.66667,1993-03-10,-6.92999984510243,4.29999990388751,-1.31499997060746,1993,3,1993
47.4833,9.66667,1993-03-11,-3.65999991819263,7.5799998305738,1.95999995619059,1993,3,1993
47.4833,9.66667,1993-03-12,-1.65999996289611,9.03999979794025,3.68999991752207,1993,3,1993
47.4833,9.66667,1993-03-13,-0.34999999217689,10.0599997751415,4.85499989148229,1993,3,1993
47.4833,9.66667,1993-03-14,-1.30999997071922,11.1799997501075,4.93499988969415,1993,3,1993
47.4833,9.66667,1993-03-15,-0.229999994859099,11.4399997442961,5.60499987471849,1993,3,1993
47.4833,9.66667,1993-03-16,1.26999997161329,13.0199997089803,7.1449998402968,1993,3,1993
47.4833,9.66667,1993-03-17,3.40999992378056,14.8199996687472,9.11499979626387,1993,3,1993
47.4833,9.66667,1993-03-18,7.44999983347952,10.5699997637421,9.00999979861081,1993,3,1993
47.4833,9.66667,1993-03-19,5.66999987326562,19.4199995659292,12.5449997195974,1993,3,1993
47.4833,9.66667,1993-03-20,6.04999986477196,13.4299996998161,9.73999978229403,1993,3,1993
47.4833,9.66667,1993-03-21,2.16999995149672,15.6999996490777,8.93499980028719,1993,3,1993
47.4833,9.66667,1993-03-22,6.2599998600781,17.9399995990098,12.0999997295439,1993,3,1993
47.4833,9.66667,1993-03-23,7.41999983415008,12.9599997103214,10.1899997722358,1993,3,1993
47.4833,9.66667,1993-03-24,6.01999986544251,9.10999979637563,7.56499983090907,1993,3,1993
47.4833,9.66667,1993-03-25,2.01999995484948,4.86999989114702,3.44499992299825,1993,3,1993
47.4833,9.66667,1993-03-26,-0.459999989718199,3.65999991819263,1.59999996423721,1993,3,1993
47.4833,9.66667,1993-03-27,-1.96999995596707,1.81999995931983,-0.0749999983236194,1993,3,1993
47.4833,9.66667,1993-03-28,-4.28999990411103,1.61999996379018,-1.33499997016042,1993,3,1993
47.4833,9.66667,1993-03-29,-5.18999988399446,1.44999996758997,-1.86999995820224,1993,3,1993
47.4833,9.66667,1993-03-30,-5.69999987259507,3.96999991126359,-0.864999980665743,1993,3,1993
47.4833,9.66667,1993-03-31,-3.66999991796911,9.45999978855252,2.89499993529171,1993,3,1993
47.4833,9.66667,1993-04-01,2.16999995149672,16.0299996417016,9.09999979659915,1993,4,1993
47.4833,9.66667,1993-04-02,3.73999991640449,19.0299995746464,11.3849997455254,1993,4,1993
47.4833,9.66667,1993-04-03,2.89999993517995,8.51999980956316,5.70999987237155,1993,4,1993
47.4833,9.66667,1993-04-04,2.12999995239079,7.13999984040856,4.63499989639968,1993,4,1993
47.4833,9.66667,1993-04-05,1.19999997317791,6.45999985560775,3.82999991439283,1993,4,1993
47.4833,9.66667,1993-04-06,0.869999980553985,11.0299997534603,5.94999986700714,1993,4,1993
47.4833,9.66667,1993-04-07,4.4799998998642,9.61999978497624,7.04999984242022,1993,4,1993
47.4833,9.66667,1993-04-08,4.019999910146,8.72999980486929,6.37499985750765,1993,4,1993
47.4833,9.66667,1993-04-09,2.81999993696809,9.44999978877604,6.13499986287206,1993,4,1993
47.4833,9.66667,1993-04-10,0.439999990165234,14.3899996783584,7.41499983426183,1993,4,1993
47.4833,9.66667,1993-04-11,7.07999984174967,10.6999997608364,8.88999980129302,1993,4,1993
47.4833,9.66667,1993-04-12,4.74999989382923,9.10999979637563,6.92999984510243,1993,4,1993
47.4833,9.66667,1993-04-13,4.03999990969896,9.89999977871776,6.96999984420836,1993,4,1993
47.4833,9.66667,1993-04-14,1.28999997116625,11.6699997391552,6.47999985516071,1993,4,1993
47.4833,9.66667,1993-04-15,4.05999990925193,14.2399996817112,9.14999979548156,1993,4,1993
47.4833,9.66667,1993-04-16,2.91999993473291,11.5999997407198,7.25999983772635,1993,4,1993
47.4833,9.66667,1993-04-17,4.79999989271164,10.6499997619539,7.72499982733279,1993,4,1993
47.4833,9.66667,1993-04-18,3.41999992355704,10.5799997635186,6.99999984353781,1993,4,1993
47.4833,9.66667,1993-04-19,5.76999987103045,11.5099997427315,8.63999980688095,1993,4,1993
47.4833,9.66667,1993-04-20,8.15999981760979,16.1299996394664,12.1449997285381,1993,4,1993
47.4833,9.66667,1993-04-21,6.01999986544251,20.1799995489419,13.0999997071922,1993,4,1993
47.4833,9.66667,1993-04-22,9.01999979838729,22.5499994959682,15.7849996471778,1993,4,1993
47.4833,9.66667,1993-04-23,9.28999979235232,22.7499994914979,16.0199996419251,1993,4,1993
47.4833,9.66667,1993-04-24,7.69999982789159,21.1099995281547,14.4049996780232,1993,4,1993
47.4833,9.66667,1993-04-25,11.5799997411668,21.4899995196611,16.5349996304139,1993,4,1993
47.4833,9.66667,1993-04-26,13.4199997000396,21.0999995283782,17.2599996142089,1993,4,1993
47.4833,9.66667,1993-04-27,10.5699997637421,20.6899995375425,15.6299996506423,1993,4,1993
47.4833,9.66667,1993-04-28,11.5699997413903,25.7699994239956,18.669999582693,1993,4,1993
47.4833,9.66667,1993-04-29,11.8899997342378,23.249999480322,17.5699996072799,1993,4,1993
47.4833,9.66667,1993-04-30,10.9799997545779,21.4599995203316,16.2199996374547,1993,4,1993
47.4833,9.66667,1993-05-01,8.86999980174005,20.8499995339662,14.8599996678531,1993,5,NA
47.4833,9.66667,1993-05-02,6.34999985806644,17.2299996148795,11.789999736473,1993,5,NA
47.4833,9.66667,1993-05-03,7.60999982990324,17.0199996195734,12.3149997247383,1993,5,NA
47.4833,9.66667,1993-05-04,9.43999978899956,17.0899996180087,13.2649997035041,1993,5,NA
47.4833,9.66667,1993-05-05,9.57999978587031,15.1399996615946,12.3599997237325,1993,5,NA
47.4833,9.66667,1993-05-06,9.45999978855252,14.2999996803701,11.8799997344613,1993,5,NA
47.4833,9.66667,1993-05-07,8.51999980956316,11.6299997400492,10.0749997748062,1993,5,NA
47.4833,9.66667,1993-05-08,8.25999981537461,15.189999660477,11.7249997379258,1993,5,NA
47.4833,9.66667,1993-05-09,7.29999983683228,18.7099995817989,13.0049997093156,1993,5,NA
47.4833,9.66667,1993-05-10,8.52999980933964,20.5299995411187,14.5299996752292,1993,5,NA
47.4833,9.66667,1993-05-11,7.84999982453883,22.8699994888157,15.3599996566772,1993,5,NA
47.4833,9.66667,1993-05-12,11.9399997331202,23.3499994780868,17.6449996056035,1993,5,NA
47.4833,9.66667,1993-05-13,11.1099997516721,17.8899996001273,14.4999996758997,1993,5,NA
47.4833,9.66667,1993-05-14,8.10999981872737,18.1999995931983,13.1549997059628,1993,5,NA
47.4833,9.66667,1993-05-15,9.71999978274107,18.2599995918572,13.9899996872991,1993,5,NA
47.4833,9.66667,1993-05-16,9.01999979838729,18.6399995833635,13.8299996908754,1993,5,NA
47.4833,9.66667,1993-05-17,8.2099998164922,16.1999996379018,12.204999727197,1993,5,NA
47.4833,9.66667,1993-05-18,7.27999983727932,23.9799994640052,15.6299996506423,1993,5,NA
47.4833,9.66667,1993-05-19,11.8699997346848,23.1999994814396,17.5349996080622,1993,5,NA
47.4833,9.66667,1993-05-20,10.3699997682124,23.4599994756281,16.9149996219203,1993,5,NA
47.4833,9.66667,1993-05-21,13.21999970451,24.0799994617701,18.64999958314,1993,5,NA
47.4833,9.66667,1993-05-22,7.12999984063208,12.8499997127801,9.9899997767061,1993,5,NA
47.4833,9.66667,1993-05-23,5.03999988734722,17.7299996037036,11.3849997455254,1993,5,NA
47.4833,9.66667,1993-05-24,7.0599998421967,21.5599995180964,14.3099996801466,1993,5,NA
47.4833,9.66667,1993-05-25,9.51999978721142,23.9299994651228,16.7249996261671,1993,5,NA
47.4833,9.66667,1993-05-26,13.7299996931106,27.0199993960559,20.3749995445833,1993,5,NA
47.4833,9.66667,1993-05-27,15.2999996580184,28.4199993647635,21.8599995113909,1993,5,NA
47.4833,9.66667,1993-05-28,15.0899996627122,23.7899994682521,19.4399995654821,1993,5,NA
47.4833,9.66667,1993-05-29,9.78999978117645,18.6599995829165,14.2249996820465,1993,5,NA
47.4833,9.66667,1993-05-30,9.50999978743494,20.0099995527416,14.7599996700883,1993,5,NA
47.4833,9.66667,1993-05-31,10.1299997735769,21.9899995084852,16.059999641031,1993,5,NA
47.4833,9.66667,1993-06-01,11.4899997431785,18.7299995813519,15.1099996622652,1993,6,NA
47.4833,9.66667,1993-06-02,9.49999978765845,22.5699994955212,16.0349996415898,1993,6,NA
47.4833,9.66667,1993-06-03,11.2399997487664,20.8999995328486,16.0699996408075,1993,6,NA
47.4833,9.66667,1993-06-04,10.0799997746944,14.5399996750057,12.3099997248501,1993,6,NA
47.4833,9.66667,1993-06-05,10.6799997612834,19.2399995699525,14.9599996656179,1993,6,NA
47.4833,9.66667,1993-06-06,10.2099997717887,23.6999994702637,16.9549996210262,1993,6,NA
47.4833,9.66667,1993-06-07,13.3199997022748,25.859999421984,19.5899995621294,1993,6,NA
47.4833,9.66667,1993-06-08,15.0399996638298,26.7999994009733,20.9199995324016,1993,6,NA
47.4833,9.66667,1993-06-09,14.2299996819347,27.2399993911386,20.7349995365366,1993,6,NA
47.4833,9.66667,1993-06-10,15.2899996582419,28.2899993676692,21.7899995129555,1993,6,NA
47.4833,9.66667,1993-06-11,15.9499996434897,25.3299994338304,20.63999953866,1993,6,NA
47.4833,9.66667,1993-06-12,10.7199997603893,21.6299995165318,16.1749996384606,1993,6,NA
47.4833,9.66667,1993-06-13,7.59999983012676,15.1199996620417,11.3599997460842,1993,6,NA
47.4833,9.66667,1993-06-14,8.87999980151653,14.5199996754527,11.6999997384846,1993,6,NA
47.4833,9.66667,1993-06-15,10.029999775812,16.9199996218085,13.4749996988103,1993,6,NA
47.4833,9.66667,1993-06-16,11.0099997539073,16.8299996238202,13.9199996888638,1993,6,NA
47.4833,9.66667,1993-06-17,11.6499997396022,21.4199995212257,16.5349996304139,1993,6,NA
47.4833,9.66667,1993-06-18,11.9099997337908,16.7399996258318,14.3249996798113,1993,6,NA
47.4833,9.66667,1993-06-19,9.19999979436398,22.1499995049089,15.6749996496364,1993,6,NA
47.4833,9.66667,1993-06-20,12.2799997255206,26.8499993998557,19.5649995626882,1993,6,NA
47.4833,9.66667,1993-06-21,15.5099996533245,21.4699995201081,18.4899995867163,1993,6,NA
47.4833,9.66667,1993-06-22,12.4599997214973,20.7599995359778,16.6099996287376,1993,6,NA
47.4833,9.66667,1993-06-23,13.5399996973574,22.5999994948506,18.069999596104,1993,6,NA
47.4833,9.66667,1993-06-24,13.8899996895343,18.9899995755404,16.4399996325374,1993,6,NA
47.4833,9.66667,1993-06-25,10.919999755919,16.3399996347725,13.6299996953458,1993,6,NA
47.4833,9.66667,1993-06-26,8.08999981917441,18.7999995797873,13.4449996994808,1993,6,NA
47.4833,9.66667,1993-06-27,9.82999978028238,18.9899995755404,14.4099996779114,1993,6,NA
47.4833,9.66667,1993-06-28,14.0099996868521,19.2999995686114,16.6549996277317,1993,6,NA
47.4833,9.66667,1993-06-29,12.6899997163564,19.5999995619059,16.1449996391311,1993,6,NA
47.4833,9.66667,1993-06-30,8.2099998164922,22.2699995022267,15.2399996593595,1993,6,NA
47.4833,9.66667,1993-07-01,11.6399997398257,23.4599994756281,17.5499996077269,1993,7,NA
47.4833,9.66667,1993-07-02,10.629999762401,25.0099994409829,17.819999601692,1993,7,NA
47.4833,9.66667,1993-07-03,14.0199996866286,21.1399995274842,17.5799996070564,1993,7,NA
47.4833,9.66667,1993-07-04,13.1599997058511,24.659999448806,18.9099995773286,1993,7,NA
47.4833,9.66667,1993-07-05,14.339999679476,26.7699994016439,20.5549995405599,1993,7,NA
47.4833,9.66667,1993-07-06,15.7499996479601,28.8799993544817,22.3149995012209,1993,7,NA
47.4833,9.66667,1993-07-07,10.7299997601658,16.4899996314198,13.6099996957928,1993,7,NA
47.4833,9.66667,1993-07-08,6.57999985292554,19.3799995668232,12.9799997098744,1993,7,NA
47.4833,9.66667,1993-07-09,9.28999979235232,21.6099995169789,15.4499996546656,1993,7,NA
47.4833,9.66667,1993-07-10,11.3899997454137,24.679999448359,18.0349995968863,1993,7,NA
47.4833,9.66667,1993-07-11,13.3399997018278,20.8099995348603,17.074999618344,1993,7,NA
47.4833,9.66667,1993-07-12,6.98999984376132,12.7299997154623,9.85999977961183,1993,7,NA
47.4833,9.66667,1993-07-13,6.96999984420836,12.909999711439,9.93999977782369,1993,7,NA
47.4833,9.66667,1993-07-14,6.96999984420836,13.5999996960163,10.2849997701123,1993,7,NA
47.4833,9.66667,1993-07-15,8.24999981559813,13.6299996953458,10.9399997554719,1993,7,NA
47.4833,9.66667,1993-07-16,12.0099997315556,17.5399996079504,14.774999669753,1993,7,NA
47.4833,9.66667,1993-07-17,14.0399996861815,24.8299994450063,19.4349995655939,1993,7,NA
47.4833,9.66667,1993-07-18,16.0099996421486,26.0599994175136,21.0349995298311,1993,7,NA
47.4833,9.66667,1993-07-19,15.0099996645004,23.0899994838983,19.0499995741993,1993,7,NA
47.4833,9.66667,1993-07-20,14.1199996843934,18.5799995847046,16.349999634549,1993,7,NA
47.4833,9.66667,1993-07-21,12.039999730885,17.6099996063858,14.8249996686354,1993,7,NA
47.4833,9.66667,1993-07-22,11.1499997507781,16.3099996354431,13.7299996931106,1993,7,NA
47.4833,9.66667,1993-07-23,10.1099997740239,15.1699996609241,12.639999717474,1993,7,NA
47.4833,9.66667,1993-07-24,9.09999979659915,20.4499995429069,14.774999669753,1993,7,NA
47.4833,9.66667,1993-07-25,11.6199997402728,24.1099994610995,17.8649996006861,1993,7,NA
47.4833,9.66667,1993-07-26,13.7199996933341,20.8299995344132,17.2749996138737,1993,7,NA
47.4833,9.66667,1993-07-27,11.0399997532368,18.8499995786697,14.9449996659532,1993,7,NA
47.4833,9.66667,1993-07-28,12.0499997306615,20.6099995393306,16.3299996349961,1993,7,NA
47.4833,9.66667,1993-07-29,14.8699996676296,21.6399995163083,18.254999591969,1993,7,NA
47.4833,9.66667,1993-07-30,16.0499996412545,27.579999383539,21.8149995123968,1993,7,NA
47.4833,9.66667,1993-07-31,16.2399996370077,29.6699993368238,22.9549994869158,1993,7,NA
47.4833,9.66667,1993-08-01,13.7399996928871,20.63999953866,17.1899996157736,1993,8,NA
47.4833,9.66667,1993-08-02,9.74999978207052,22.5399994961917,16.1449996391311,1993,8,NA
47.4833,9.66667,1993-08-03,12.4999997206032,26.4599994085729,19.4799995645881,1993,8,NA
47.4833,9.66667,1993-08-04,15.5099996533245,27.0899993944913,21.2999995239079,1993,8,NA
47.4833,9.66667,1993-08-05,16.1999996379018,27.3499993886799,21.7749995132908,1993,8,NA
47.4833,9.66667,1993-08-06,15.4499996546656,27.2799993902445,21.364999522455,1993,8,NA
47.4833,9.66667,1993-08-07,15.479999653995,21.2699995245785,18.3749995892867,1993,8,NA
47.4833,9.66667,1993-08-08,10.9799997545779,22.6999994926155,16.8399996235967,1993,8,NA
47.4833,9.66667,1993-08-09,12.0699997302145,21.4799995198846,16.7749996250495,1993,8,NA
47.4833,9.66667,1993-08-10,13.199999704957,19.8199995569885,16.5099996309727,1993,8,NA
47.4833,9.66667,1993-08-11,12.8699997123331,16.8099996242672,14.8399996683002,1993,8,NA
47.4833,9.66667,1993-08-12,11.7599997371435,21.4699995201081,16.6149996286258,1993,8,NA
47.4833,9.66667,1993-08-13,11.4399997442961,25.4499994311482,18.4449995877221,1993,8,NA
47.4833,9.66667,1993-08-14,14.7099996712059,23.0599994845688,18.8849995778874,1993,8,NA
47.4833,9.66667,1993-08-15,14.5799996741116,27.5299993846565,21.0549995293841,1993,8,NA
47.4833,9.66667,1993-08-16,15.9199996441603,25.0799994394183,20.4999995417893,1993,8,NA
47.4833,9.66667,1993-08-17,14.4299996774644,25.3999994322658,19.9149995548651,1993,8,NA
47.4833,9.66667,1993-08-18,15.189999660477,25.7499994244426,20.4699995424598,1993,8,NA
47.4833,9.66667,1993-08-19,14.6999996714294,21.6399995163083,18.1699995938689,1993,8,NA
47.4833,9.66667,1993-08-20,13.8199996910989,25.9499994199723,19.8849995555356,1993,8,NA
47.4833,9.66667,1993-08-21,13.7899996917695,25.6699994262308,19.7299995590001,1993,8,NA
47.4833,9.66667,1993-08-22,14.2299996819347,27.2099993918091,20.7199995368719,1993,8,NA
47.4833,9.66667,1993-08-23,15.6099996510893,29.4199993424118,22.5149994967505,1993,8,NA
47.4833,9.66667,1993-08-24,14.6599996723235,22.0399995073676,18.3499995898455,1993,8,NA
47.4833,9.66667,1993-08-25,10.9299997556955,14.1099996846169,12.5199997201562,1993,8,NA
47.4833,9.66667,1993-08-26,10.4599997662008,12.6899997163564,11.5749997412786,1993,8,NA
47.4833,9.66667,1993-08-27,11.459999743849,17.6599996052682,14.5599996745586,1993,8,NA
47.4833,9.66667,1993-08-28,11.0299997534603,14.7999996691942,12.9149997113273,1993,8,NA
47.4833,9.66667,1993-08-29,9.41999978944659,11.8299997355789,10.6249997625127,1993,8,NA
47.4833,9.66667,1993-08-30,5.34999988041818,16.4199996329844,10.8849997567013,1993,8,NA
47.4833,9.66667,1993-08-31,5.9699998665601,17.9699995983392,11.9699997324497,1993,8,NA
47.4833,9.66667,1993-09-01,9.36999979056418,15.2199996598065,12.2949997251853,1993,9,NA
47.4833,9.66667,1993-09-02,6.37999985739589,16.929999621585,11.6549997394904,1993,9,NA
47.4833,9.66667,1993-09-03,5.34999988041818,17.3999996110797,11.3749997457489,1993,9,NA
47.4833,9.66667,1993-09-04,9.28999979235232,13.4999996982515,11.3949997453019,1993,9,NA
47.4833,9.66667,1993-09-05,8.16999981738627,12.2399997264147,10.2049997719005,1993,9,NA
47.4833,9.66667,1993-09-06,6.54999985359609,11.2699997480959,8.90999980084598,1993,9,NA
47.4833,9.66667,1993-09-07,2.93999993428588,16.7099996265024,9.82499978039414,1993,9,NA
47.4833,9.66667,1993-09-08,8.17999981716275,22.08999950625,15.1349996617064,1993,9,NA
47.4833,9.66667,1993-09-09,12.3999997228384,16.9999996200204,14.6999996714294,1993,9,NA
47.4833,9.66667,1993-09-10,9.60999978519976,24.119999460876,16.8649996230379,1993,9,NA
47.4833,9.66667,1993-09-11,11.0999997518957,16.5999996289611,13.8499996904284,1993,9,NA
47.4833,9.66667,1993-09-12,9.43999978899956,18.1699995938689,13.8049996914342,1993,9,NA
47.4833,9.66667,1993-09-13,10.1799997724593,17.779999602586,13.9799996875226,1993,9,NA
47.4833,9.66667,1993-09-14,8.11999981850386,22.8699994888157,15.4949996536598,1993,9,NA
47.4833,9.66667,1993-09-15,7.53999983146787,17.2099996153265,12.3749997233972,1993,9,NA
47.4833,9.66667,1993-09-16,9.67999978363514,17.9599995985627,13.8199996910989,1993,9,NA
47.4833,9.66667,1993-09-17,10.069999774918,15.0699996631593,12.5699997190386,1993,9,NA
47.4833,9.66667,1993-09-18,9.89999977871776,15.3599996566772,12.6299997176975,1993,9,NA
47.4833,9.66667,1993-09-19,9.24999979324639,17.3799996115267,13.3149997023866,1993,9,NA
47.4833,9.66667,1993-09-20,9.79999978095293,19.2899995688349,14.5449996748939,1993,9,NA
47.4833,9.66667,1993-09-21,10.7999997586012,21.54999951832,16.1749996384606,1993,9,NA
47.4833,9.66667,1993-09-22,13.1699997056276,23.7999994680285,18.4849995868281,1993,9,NA
47.4833,9.66667,1993-09-23,13.8099996913224,27.5299993846565,20.6699995379895,1993,9,NA
47.4833,9.66667,1993-09-24,12.7599997147918,19.3399995677173,16.0499996412545,1993,9,NA
47.4833,9.66667,1993-09-25,12.5899997185916,21.0999995283782,16.8449996234849,1993,9,NA
47.4833,9.66667,1993-09-26,10.2599997706711,16.639999628067,13.4499996993691,1993,9,NA
47.4833,9.66667,1993-09-27,7.73999982699752,10.2099997717887,8.97499979939312,1993,9,NA
47.4833,9.66667,1993-09-28,5.5699998755008,14.2399996817112,9.904999778606,1993,9,NA
47.4833,9.66667,1993-09-29,6.99999984353781,9.59999978542328,8.29999981448054,1993,9,NA
47.4833,9.66667,1993-09-30,5.86999986879528,12.7399997152388,9.30499979201704,1993,9,NA
47.4833,9.66667,1993-10-01,4.35999990254641,16.3299996349961,10.3449997687712,1993,10,1994
47.4833,9.66667,1993-10-02,7.17999983951449,19.6299995612353,13.4049997003749,1993,10,1994
47.4833,9.66667,1993-10-03,6.43999985605478,11.6399997398257,9.03999979794025,1993,10,1994
47.4833,9.66667,1993-10-04,5.28999988175929,12.0099997315556,8.64999980665743,1993,10,1994
47.4833,9.66667,1993-10-05,4.11999990791082,13.5699996966869,8.84499980229884,1993,10,1994
47.4833,9.66667,1993-10-06,8.00999982096255,19.3399995677173,13.6749996943399,1993,10,1994
47.4833,9.66667,1993-10-07,10.359999768436,15.9299996439368,13.1449997061864,1993,10,1994
47.4833,9.66667,1993-10-08,7.749999826774,15.7599996477365,11.7549997372553,1993,10,1994
47.4833,9.66667,1993-10-09,8.44999981112778,12.8599997125566,10.6549997618422,1993,10,1994
47.4833,9.66667,1993-10-10,6.26999985985458,14.0599996857345,10.1649997727945,1993,10,1994
47.4833,9.66667,1993-10-11,3.90999991260469,15.9699996430427,9.93999977782369,1993,10,1994
47.4833,9.66667,1993-10-12,9.54999978654087,19.809999557212,14.6799996718764,1993,10,1994
47.4833,9.66667,1993-10-13,10.3299997691065,23.3499994780868,16.8399996235967,1993,10,1994
47.4833,9.66667,1993-10-14,7.95999982208014,19.8499995563179,13.904999689199,1993,10,1994
47.4833,9.66667,1993-10-15,9.71999978274107,17.1499996166676,13.4349996997043,1993,10,1994
47.4833,9.66667,1993-10-16,7.92999982275069,14.2899996805936,11.1099997516721,1993,10,1994
47.4833,9.66667,1993-10-17,4.90999989025295,12.9799997098744,8.94499980006367,1993,10,1994
47.4833,9.66667,1993-10-18,6.51999985426664,10.5099997650832,8.51499980967492,1993,10,1994
47.4833,9.66667,1993-10-19,5.86999986879528,8.04999982006848,6.95999984443188,1993,10,1994
47.4833,9.66667,1993-10-20,5.16999988444149,7.62999982945621,6.39999985694885,1993,10,1994
47.4833,9.66667,1993-10-21,5.24999988265336,7.54999983124435,6.39999985694885,1993,10,1994
47.4833,9.66667,1993-10-22,2.44999994523823,6.33999985828996,4.39499990176409,1993,10,1994
47.4833,9.66667,1993-10-23,0.409999990835786,3.91999991238117,2.16499995160848,1993,10,1994
47.4833,9.66667,1993-10-24,1.68999996222556,5.38999987952411,3.53999992087483,1993,10,1994
47.4833,9.66667,1993-10-25,1.51999996602535,4.42999990098178,2.97499993350357,1993,10,1994
47.4833,9.66667,1993-10-26,2.97999993339181,5.80999987013638,4.39499990176409,1993,10,1994
47.4833,9.66667,1993-10-27,3.70999991707504,6.35999985784292,5.03499988745898,1993,10,1994
47.4833,9.66667,1993-10-28,3.24999992735684,7.82999982498586,5.53999987617135,1993,10,1994
47.4833,9.66667,1993-10-29,1.07999997586012,8.96999979950488,5.0249998876825,1993,10,1994
47.4833,9.66667,1993-10-30,2.01999995484948,6.80999984778464,4.41499990131706,1993,10,1994
47.4833,9.66667,1993-10-31,1.8399999588728,6.23999986052513,4.03999990969896,1993,10,1994
47.4833,9.66667,1993-11-01,0.979999978095293,7.19999983906746,4.08999990858138,1993,11,1994
47.4833,9.66667,1993-11-02,3.23999992758036,7.59999983012676,5.41999987885356,1993,11,1994
47.4833,9.66667,1993-11-03,2.97999993339181,7.9799998216331,5.47999987751245,1993,11,1994
47.4833,9.66667,1993-11-04,3.07999993115664,9.49999978765845,6.28999985940754,1993,11,1994
47.4833,9.66667,1993-11-05,2.35999994724989,6.89999984577298,4.62999989651144,1993,11,1994
47.4833,9.66667,1993-11-06,3.51999992132187,5.67999987304211,4.59999989718199,1993,11,1994
47.4833,9.66667,1993-11-07,4.15999990701675,6.22999986074865,5.1949998838827,1993,11,1994
47.4833,9.66667,1993-11-08,5.05999988690019,10.9499997552484,8.00499982107431,1993,11,1994
47.4833,9.66667,1993-11-09,4.55999989807606,8.16999981738627,6.36499985773116,1993,11,1994
47.4833,9.66667,1993-11-10,4.67999989539385,6.78999984823167,5.73499987181276,1993,11,1994
47.4833,9.66667,1993-11-11,3.96999991126359,8.55999980866909,6.26499985996634,1993,11,1994
47.4833,9.66667,1993-11-12,4.26999990455806,8.68999980576336,6.47999985516071,1993,11,1994
47.4833,9.66667,1993-11-13,1.4899999666959,5.30999988131225,3.39999992400408,1993,11,1994
47.4833,9.66667,1993-11-14,0.699999984353781,7.55999983102083,4.12999990768731,1993,11,1994
47.4833,9.66667,1993-11-15,2.06999995373189,13.1399997062981,7.604999830015,1993,11,1994
47.4833,9.66667,1993-11-16,1.34999996982515,5.17999988421798,3.26499992702156,1993,11,1994
47.4833,9.66667,1993-11-17,-0.88999998010695,1.44999996758997,0.279999993741512,1993,11,1994
47.4833,9.66667,1993-11-18,-2.30999994836748,1.6099999640137,-0.34999999217689,1993,11,1994
47.4833,9.66667,1993-11-19,-3.21999992802739,-0.34999999217689,-1.78499996010214,1993,11,1994
47.4833,9.66667,1993-11-20,-4.48999989964068,-1.89999995753169,-3.19499992858618,1993,11,1994
47.4833,9.66667,1993-11-21,-5.78999987058342,-3.85999991372228,-4.82499989215285,1993,11,1994
47.4833,9.66667,1993-11-22,-6.49999985471368,-0.769999982789159,-3.63499991875142,1993,11,1994
47.4833,9.66667,1993-11-23,-8.2699998151511,-2.6999999396503,-5.4849998774007,1993,11,1994
47.4833,9.66667,1993-11-24,-7.75999982655048,-1.86999995820224,-4.81499989237636,1993,11,1994
47.4833,9.66667,1993-11-25,-6.52999985404313,-0.819999981671572,-3.67499991785735,1993,11,1994
47.4833,9.66667,1993-11-26,-6.17999986186624,-0.34999999217689,-3.26499992702156,1993,11,1994
47.4833,9.66667,1993-11-27,-4.19999990612268,-2.42999994568527,-3.31499992590398,1993,11,1994
47.4833,9.66667,1993-11-28,-3.71999991685152,-1.74999996088445,-2.73499993886799,1993,11,1994
47.4833,9.66667,1993-11-29,-4.76999989338219,-2.15999995172024,-3.46499992255121,1993,11,1994
47.4833,9.66667,1993-11-30,-6.33999985828996,-3.14999992959201,-4.74499989394099,1993,11,1994
47.4833,9.66667,1993-12-01,-8.94999979995191,-0.989999977871776,-4.96999988891184,1993,12,1994
47.4833,9.66667,1993-12-02,-7.47999983280897,0.499999988824129,-3.48999992199242,1993,12,1994
47.4833,9.66667,1993-12-03,-0.959999978542328,5.37999987974763,2.20999995060265,1993,12,1994
47.4833,9.66667,1993-12-04,0.0499999988824129,7.17999983951449,3.61499991919845,1993,12,1994
47.4833,9.66667,1993-12-05,-1.51999996602535,8.59999980777502,3.53999992087483,1993,12,1994
47.4833,9.66667,1993-12-06,-0.159999996423721,5.99999986588955,2.91999993473291,1993,12,1994
47.4833,9.66667,1993-12-07,-0.419999990612268,3.35999992489815,1.46999996714294,1993,12,1994
47.4833,9.66667,1993-12-08,-0.159999996423721,3.50999992154539,1.67499996256083,1993,12,1994
47.4833,9.66667,1993-12-09,1.46999996714294,6.81999984756112,4.14499990735203,1993,12,1994
47.4833,9.66667,1993-12-10,4.28999990411103,13.21999970451,8.7549998043105,1993,12,1994
47.4833,9.66667,1993-12-11,4.10999990813434,10.7899997588247,7.44999983347952,1993,12,1994
47.4833,9.66667,1993-12-12,1.0899999756366,7.95999982208014,4.52499989885837,1993,12,1994
47.4833,9.66667,1993-12-13,-0.26999999396503,4.79999989271164,2.2649999493733,1993,12,1994
47.4833,9.66667,1993-12-14,0.399999991059303,9.05999979749322,4.72999989427626,1993,12,1994
47.4833,9.66667,1993-12-15,2.04999995417893,7.30999983660877,4.67999989539385,1993,12,1994
47.4833,9.66667,1993-12-16,-0.539999987930059,6.6599998511374,3.05999993160367,1993,12,1994
47.4833,9.66667,1993-12-17,1.33999997004867,4.21999990567565,2.77999993786216,1993,12,1994
47.4833,9.66667,1993-12-18,1.21999997273088,5.71999987214804,3.46999992243946,1993,12,1994
47.4833,9.66667,1993-12-19,2.94999993406236,8.8999998010695,5.92499986756593,1993,12,1994
47.4833,9.66667,1993-12-20,0.949999978765845,8.77999980375171,4.86499989125878,1993,12,1994
47.4833,9.66667,1993-12-21,7.19999983906746,17.3599996119738,12.2799997255206,1993,12,1994
47.4833,9.66667,1993-12-22,3.21999992802739,12.8099997136742,8.01499982085079,1993,12,1994
47.4833,9.66667,1993-12-23,-0.239999994635582,5.29999988153577,2.52999994345009,1993,12,1994
47.4833,9.66667,1993-12-24,1.97999995574355,5.71999987214804,3.84999991394579,1993,12,1994
47.4833,9.66667,1993-12-25,-0.369999991729856,5.78999987058342,2.70999993942678,1993,12,1994
47.4833,9.66667,1993-12-26,-1.56999996490777,0.709999984130263,-0.429999990388751,1993,12,1994
47.4833,9.66667,1993-12-27,-3.94999991171062,-1.17999997362494,-2.56499994266778,1993,12,1994
47.4833,9.66667,1993-12-28,-5.14999988488853,-1.62999996356666,-3.3899999242276,1993,12,1994
47.4833,9.66667,1993-12-29,-5.34999988041818,0.0199999995529652,-2.66499994043261,1993,12,1994
47.4833,9.66667,1993-12-30,-4.29999990388751,4.85999989137053,0.279999993741512,1993,12,1994
47.4833,9.66667,1993-12-31,1.28999997116625,7.79999982565641,4.54499989841133,1993,12,1994
47.4833,9.66667,1994-01-01,2.91999993473291,11.5999997407198,7.25999983772635,1994,1,1994
47.4833,9.66667,1994-01-02,0.229999994859099,4.65999989584088,2.44499994534999,1994,1,1994
47.4833,9.66667,1994-01-03,-1.99999995529652,4.68999989517033,1.34499996993691,1994,1,1994
47.4833,9.66667,1994-01-04,2.24999994970858,7.5199998319149,4.88499989081174,1994,1,1994
47.4833,9.66667,1994-01-05,3.17999992892146,6.38999985717237,4.78499989304692,1994,1,1994
47.4833,9.66667,1994-01-06,1.38999996893108,9.54999978654087,5.46999987773597,1994,1,1994
47.4833,9.66667,1994-01-07,4.36999990232289,12.4699997212738,8.41999981179833,1994,1,1994
47.4833,9.66667,1994-01-08,6.04999986477196,14.5499996747822,10.2999997697771,1994,1,1994
47.4833,9.66667,1994-01-09,3.00999993272126,5.85999986901879,4.43499990087003,1994,1,1994
47.4833,9.66667,1994-01-10,1.89999995753169,4.8799998909235,3.3899999242276,1994,1,1994
47.4833,9.66667,1994-01-11,-0.119999997317791,3.67999991774559,1.7799999602139,1994,1,1994
47.4833,9.66667,1994-01-12,-0.0399999991059303,3.52999992109835,1.74499996099621,1994,1,1994
47.4833,9.66667,1994-01-13,0.00999999977648258,8.25999981537461,4.13499990757555,1994,1,1994
47.4833,9.66667,1994-01-14,4.08999990858138,11.3899997454137,7.73999982699752,1994,1,1994
47.4833,9.66667,1994-01-15,2.49999994412065,6.39999985694885,4.44999990053475,1994,1,1994
47.4833,9.66667,1994-01-16,0.549999987706542,5.64999987371266,3.0999999307096,1994,1,1994
47.4833,9.66667,1994-01-17,-2.34999994747341,1.68999996222556,-0.329999992623925,1994,1,1994
47.4833,9.66667,1994-01-18,-2.74999993853271,0.279999993741512,-1.2349999723956,1994,1,1994
47.4833,9.66667,1994-01-19,-6.8899998459965,0.599999986588955,-3.14499992970377,1994,1,1994
47.4833,9.66667,1994-01-20,-7.33999983593822,-1.24999997206032,-4.29499990399927,1994,1,1994
47.4833,9.66667,1994-01-21,-6.58999985270202,-2.28999994881451,-4.43999990075827,1994,1,1994
47.4833,9.66667,1994-01-22,-6.03999986499548,0.559999987483025,-2.73999993875623,1994,1,1994
47.4833,9.66667,1994-01-23,-7.15999983996153,0.359999991953373,-3.39999992400408,1994,1,1994
47.4833,9.66667,1994-01-24,-6.22999986074865,4.22999990545213,-0.999999977648258,1994,1,1994
47.4833,9.66667,1994-01-25,1.05999997630715,4.8799998909235,2.96999993361533,1994,1,1994
47.4833,9.66667,1994-01-26,3.60999991931021,7.25999983772635,5.43499987851828,1994,1,1994
47.4833,9.66667,1994-01-27,1.67999996244907,6.83999984711409,4.25999990478158,1994,1,1994
47.4833,9.66667,1994-01-28,0.649999985471368,7.84999982453883,4.2499999050051,1994,1,1994
47.4833,9.66667,1994-01-29,-1.29999997094274,6.06999986432493,2.3849999466911,1994,1,1994
47.4833,9.66667,1994-01-30,-3.39999992400408,1.57999996468425,-0.909999979659915,1994,1,1994
47.4833,9.66667,1994-01-31,-0.639999985694885,7.93999982252717,3.64999991841614,1994,1,1994
47.4833,9.66667,1994-02-01,-0.209999995306134,5.82999986968935,2.80999993719161,1994,2,1994
47.4833,9.66667,1994-02-02,-2.61999994143844,5.64999987371266,1.51499996613711,1994,2,1994
47.4833,9.66667,1994-02-03,0.209999995306134,5.83999986946583,3.02499993238598,1994,2,1994
47.4833,9.66667,1994-02-04,1.88999995775521,13.4399996995926,7.6649998286739,1994,2,1994
47.4833,9.66667,1994-02-05,4.25999990478158,11.6399997398257,7.94999982230365,1994,2,1994
47.4833,9.66667,1994-02-06,3.48999992199242,11.2599997483194,7.3749998351559,1994,2,1994
47.4833,9.66667,1994-02-07,-0.119999997317791,6.08999986387789,2.98499993328005,1994,2,1994
47.4833,9.66667,1994-02-08,1.39999996870756,4.21999990567565,2.80999993719161,1994,2,1994
47.4833,9.66667,1994-02-09,-0.459999989718199,2.16999995149672,0.854999980889261,1994,2,1994
47.4833,9.66667,1994-02-10,-1.12999997474253,4.78999989293516,1.82999995909631,1994,2,1994
47.4833,9.66667,1994-02-11,-1.68999996222556,2.07999995350838,0.19499999564141,1994,2,1994
47.4833,9.66667,1994-02-12,-2.16999995149672,0.699999984353781,-0.73499998357147,1994,2,1994
47.4833,9.66667,1994-02-13,-6.07999986410141,0.169999996200204,-2.9549999339506,1994,2,1994
47.4833,9.66667,1994-02-14,-6.21999986097217,-1.64999996311963,-3.9349999120459,1994,2,1994
47.4833,9.66667,1994-02-15,-9.5899997856468,-2.32999994792044,-5.95999986678362,1994,2,1994
47.4833,9.66667,1994-02-16,-8.21999981626868,-0.109999997541308,-4.164999906905,1994,2,1994
47.4833,9.66667,1994-02-17,-7.85999982431531,-1.62999996356666,-4.74499989394099,1994,2,1994
47.4833,9.66667,1994-02-18,-6.46999985538423,-0.779999982565641,-3.62499991897494,1994,2,1994
47.4833,9.66667,1994-02-19,-6.3699998576194,2.15999995172024,-2.10499995294958,1994,2,1994
47.4833,9.66667,1994-02-20,-5.77999987080693,-0.0199999995529652,-2.89999993517995,1994,2,1994
47.4833,9.66667,1994-02-21,-6.53999985381961,1.96999995596707,-2.28499994892627,1994,2,1994
47.4833,9.66667,1994-02-22,-0.799999982118607,2.8699999358505,1.03499997686595,1994,2,1994
47.4833,9.66667,1994-02-23,-0.789999982342124,7.23999983817339,3.22499992791563,1994,2,1994
47.4833,9.66667,1994-02-24,0.0499999988824129,9.17999979481101,4.61499989684671,1994,2,1994
47.4833,9.66667,1994-02-25,0.749999983236194,5.09999988600612,2.92499993462116,1994,2,1994
47.4833,9.66667,1994-02-26,2.54999994300306,10.2399997711182,6.39499985706061,1994,2,1994
47.4833,9.66667,1994-02-27,1.25999997183681,11.0599997527897,6.15999986231327,1994,2,1994
47.4833,9.66667,1994-02-28,1.96999995596707,15.9599996432662,8.96499979961663,1994,2,1994
47.4833,9.66667,1994-03-01,5.20999988354743,12.9199997112155,9.06499979738146,1994,3,1994
47.4833,9.66667,1994-03-02,3.54999992065132,8.84999980218709,6.1999998614192,1994,3,1994
47.4833,9.66667,1994-03-03,3.41999992355704,9.25999979302287,6.33999985828996,1994,3,1994
47.4833,9.66667,1994-03-04,3.83999991416931,11.6799997389317,7.75999982655048,1994,3,1994
47.4833,9.66667,1994-03-05,1.91999995708466,9.82999978028238,5.87499986868352,1994,3,1994
47.4833,9.66667,1994-03-06,0.30999999307096,13.8899996895343,7.09999984130263,1994,3,1994
47.4833,9.66667,1994-03-07,3.96999991126359,9.47999978810549,6.72499984968454,1994,3,1994
47.4833,9.66667,1994-03-08,3.98999991081655,9.25999979302287,6.62499985191971,1994,3,1994
47.4833,9.66667,1994-03-09,5.69999987259507,13.0999997071922,9.39999978989363,1994,3,1994
47.4833,9.66667,1994-03-10,6.56999985314906,17.5699996072799,12.0699997302145,1994,3,1994
47.4833,9.66667,1994-03-11,5.84999986924231,17.3099996130913,11.5799997411668,1994,3,1994
47.4833,9.66667,1994-03-12,5.22999988310039,13.1599997058511,9.19499979447573,1994,3,1994
47.4833,9.66667,1994-03-13,5.0499998871237,15.2699996586889,10.1599997729063,1994,3,1994
47.4833,9.66667,1994-03-14,4.62999989651144,10.9599997550249,7.79499982576817,1994,3,1994
47.4833,9.66667,1994-03-15,6.32999985851347,11.4399997442961,8.88499980140477,1994,3,1994
47.4833,9.66667,1994-03-16,6.03999986499548,12.9599997103214,9.49999978765845,1994,3,1994
47.4833,9.66667,1994-03-17,5.17999988421798,9.03999979794025,7.10999984107912,1994,3,1994
47.4833,9.66667,1994-03-18,2.45999994501472,6.77999984845519,4.61999989673495,1994,3,1994
47.4833,9.66667,1994-03-19,0.26999999396503,8.53999980911613,4.40499990154058,1994,3,1994
47.4833,9.66667,1994-03-20,3.14999992959201,10.919999755919,7.0349998427555,1994,3,1994
47.4833,9.66667,1994-03-21,4.85999989137053,8.93999980017543,6.89999984577298,1994,3,1994
47.4833,9.66667,1994-03-22,5.2799998819828,12.8999997116625,9.08999979682267,1994,3,1994
47.4833,9.66667,1994-03-23,5.85999986901879,13.4099997002631,9.63499978464097,1994,3,1994
47.4833,9.66667,1994-03-24,6.8299998473376,13.9299996886402,10.3799997679889,1994,3,1994
47.4833,9.66667,1994-03-25,8.2699998151511,18.1799995936453,13.2249997043982,1994,3,1994
47.4833,9.66667,1994-03-26,10.2599997706711,19.5499995630234,14.9049996668473,1994,3,1994
47.4833,9.66667,1994-03-27,3.77999991551042,12.619999717921,8.19999981671572,1994,3,1994
47.4833,9.66667,1994-03-28,-0.319999992847443,10.0099997762591,4.84499989170581,1994,3,1994
47.4833,9.66667,1994-03-29,0,14.1099996846169,7.05499984230846,1994,3,1994
47.4833,9.66667,1994-03-30,7.59999983012676,15.6499996501952,11.624999740161,1994,3,1994
47.4833,9.66667,1994-03-31,5.49999987706542,19.0899995733052,12.2949997251853,1994,3,1994
47.4833,9.66667,1994-04-01,8.06999981962144,15.8799996450543,11.9749997323379,1994,4,1994
47.4833,9.66667,1994-04-02,4.88999989069998,17.4299996104091,11.1599997505546,1994,4,1994
47.4833,9.66667,1994-04-03,0.88999998010695,5.83999986946583,3.36499992478639,1994,4,1994
47.4833,9.66667,1994-04-04,-0.599999986588955,5.83999986946583,2.61999994143844,1994,4,1994
47.4833,9.66667,1994-04-05,-1.80999995954335,8.72999980486929,3.45999992266297,1994,4,1994
47.4833,9.66667,1994-04-06,-0.339999992400408,7.41999983415008,3.53999992087483,1994,4,1994
47.4833,9.66667,1994-04-07,-0.199999995529652,6.64999985136092,3.22499992791563,1994,4,1994
47.4833,9.66667,1994-04-08,0.61999998614192,10.7399997599423,5.67999987304211,1994,4,1994
47.4833,9.66667,1994-04-09,1.78999995999038,6.74999984912574,4.26999990455806,1994,4,1994
47.4833,9.66667,1994-04-10,0.909999979659915,6.89999984577298,3.90499991271645,1994,4,1994
47.4833,9.66667,1994-04-11,0.30999999307096,6.91999984532595,3.61499991919845,1994,4,1994
47.4833,9.66667,1994-04-12,-0.119999997317791,5.87999986857176,2.87999993562698,1994,4,1994
47.4833,9.66667,1994-04-13,0.949999978765845,3.50999992154539,2.22999995015562,1994,4,1994
47.4833,9.66667,1994-04-14,1.93999995663762,5.77999987080693,3.85999991372228,1994,4,1994
47.4833,9.66667,1994-04-15,2.62999994121492,6.74999984912574,4.68999989517033,1994,4,1994
47.4833,9.66667,1994-04-16,1.53999996557832,5.85999986901879,3.69999991729856,1994,4,1994
47.4833,9.66667,1994-04-17,2.4699999447912,10.609999762848,6.53999985381961,1994,4,1994
47.4833,9.66667,1994-04-18,3.40999992378056,10.8699997570366,7.13999984040856,1994,4,1994
47.4833,9.66667,1994-04-19,3.61999991908669,6.52999985404313,5.07499988656491,1994,4,1994
47.4833,9.66667,1994-04-20,2.91999993473291,8.16999981738627,5.54499987605959,1994,4,1994
47.4833,9.66667,1994-04-21,0.999999977648258,13.2599997036159,7.12999984063208,1994,4,1994
47.4833,9.66667,1994-04-22,4.82999989204109,13.2499997038394,9.03999979794025,1994,4,1994
47.4833,9.66667,1994-04-23,5.87999986857176,16.5599996298552,11.2199997492135,1994,4,1994
47.4833,9.66667,1994-04-24,5.61999987438321,19.0599995739758,12.3399997241795,1994,4,1994
47.4833,9.66667,1994-04-25,6.84999984689057,19.6699995603412,13.2599997036159,1994,4,1994
47.4833,9.66667,1994-04-26,6.66999985091388,14.4999996758997,10.5849997634068,1994,4,1994
47.4833,9.66667,1994-04-27,5.82999986968935,13.5899996962398,9.70999978296459,1994,4,1994
47.4833,9.66667,1994-04-28,4.07999990880489,16.0399996414781,10.0599997751415,1994,4,1994
47.4833,9.66667,1994-04-29,8.19999981671572,17.9899995978922,13.0949997073039,1994,4,1994
47.4833,9.66667,1994-04-30,6.28999985940754,21.8099995125085,14.049999685958,1994,4,1994
47.4833,9.66667,1994-05-01,8.58999980799854,22.669999493286,15.6299996506423,1994,5,NA
47.4833,9.66667,1994-05-02,10.7599997594953,17.5399996079504,14.1499996837229,1994,5,NA
47.4833,9.66667,1994-05-03,4.75999989360571,16.7699996251613,10.7649997593835,1994,5,NA
47.4833,9.66667,1994-05-04,4.55999989807606,21.2899995241314,12.9249997111037,1994,5,NA
47.4833,9.66667,1994-05-05,8.23999981582165,18.1899995934218,13.2149997046217,1994,5,NA
47.4833,9.66667,1994-05-06,6.24999986030161,10.8599997572601,8.55499980878085,1994,5,NA
47.4833,9.66667,1994-05-07,4.97999988868833,13.0999997071922,9.03999979794025,1994,5,NA
47.4833,9.66667,1994-05-08,4.60999989695847,19.7199995592237,12.1649997280911,1994,5,NA
47.4833,9.66667,1994-05-09,7.46999983303249,16.65999962762,12.0649997303262,1994,5,NA
47.4833,9.66667,1994-05-10,9.93999977782369,12.9899997096509,11.4649997437373,1994,5,NA
47.4833,9.66667,1994-05-11,9.17999979481101,16.4999996311963,12.8399997130036,1994,5,NA
47.4833,9.66667,1994-05-12,7.76999982632697,18.2899995911866,13.0299997087568,1994,5,NA
47.4833,9.66667,1994-05-13,6.58999985270202,16.8399996235967,11.7149997381493,1994,5,NA
47.4833,9.66667,1994-05-14,8.07999981939793,20.5399995408952,14.3099996801466,1994,5,NA
47.4833,9.66667,1994-05-15,11.0999997518957,22.7899994906038,16.9449996212497,1994,5,NA
47.4833,9.66667,1994-05-16,9.64999978430569,21.509999519214,15.5799996517599,1994,5,NA
47.4833,9.66667,1994-05-17,9.82999978028238,23.8799994662404,16.8549996232614,1994,5,NA
47.4833,9.66667,1994-05-18,11.7099997382611,20.0399995520711,15.8749996451661,1994,5,NA
47.4833,9.66667,1994-05-19,11.3699997458607,15.499999653548,13.4349996997043,1994,5,NA
47.4833,9.66667,1994-05-20,9.36999979056418,11.8699997346848,10.6199997626245,1994,5,NA
47.4833,9.66667,1994-05-21,7.65999982878566,12.4299997221678,10.0449997754768,1994,5,NA
47.4833,9.66667,1994-05-22,6.91999984532595,16.5999996289611,11.7599997371435,1994,5,NA
47.4833,9.66667,1994-05-23,10.9399997554719,18.8199995793402,14.8799996674061,1994,5,NA
47.4833,9.66667,1994-05-24,11.7399997375906,20.0199995525181,15.8799996450543,1994,5,NA
47.4833,9.66667,1994-05-25,11.5599997416139,21.799999512732,16.6799996271729,1994,5,NA
47.4833,9.66667,1994-05-26,11.4299997445196,18.6899995822459,15.0599996633828,1994,5,NA
47.4833,9.66667,1994-05-27,9.04999979771674,14.649999672547,11.8499997351319,1994,5,NA
47.4833,9.66667,1994-05-28,8.6099998075515,14.8099996689707,11.7099997382611,1994,5,NA
47.4833,9.66667,1994-05-29,6.72999984957278,17.7099996041507,12.2199997268617,1994,5,NA
47.4833,9.66667,1994-05-30,10.919999755919,16.0899996403605,13.5049996981397,1994,5,NA
47.4833,9.66667,1994-05-31,9.80999978072941,13.8299996908754,11.8199997358024,1994,5,NA
47.4833,9.66667,1994-06-01,7.33999983593822,21.0499995294958,14.194999682717,1994,6,NA
47.4833,9.66667,1994-06-02,10.4799997657537,26.709999402985,18.5949995843694,1994,6,NA
47.4833,9.66667,1994-06-03,13.2299997042865,26.8999993987381,20.0649995515123,1994,6,NA
47.4833,9.66667,1994-06-04,11.0299997534603,19.1899995710701,15.1099996622652,1994,6,NA
47.4833,9.66667,1994-06-05,9.88999977894127,14.629999672994,12.2599997259676,1994,6,NA
47.4833,9.66667,1994-06-06,7.50999983213842,10.7699997592717,9.13999979570508,1994,6,NA
47.4833,9.66667,1994-06-07,6.43999985605478,13.9299996886402,10.1849997723475,1994,6,NA
47.4833,9.66667,1994-06-08,10.049999775365,20.2499995473772,15.1499996613711,1994,6,NA
47.4833,9.66667,1994-06-09,10.1299997735769,24.2599994577467,17.1949996156618,1994,6,NA
47.4833,9.66667,1994-06-10,8.36999981291592,14.5199996754527,11.4449997441843,1994,6,NA
47.4833,9.66667,1994-06-11,5.5699998755008,13.5199996978045,9.54499978665262,1994,6,NA
47.4833,9.66667,1994-06-12,6.44999985583127,11.2199997492135,8.83499980252236,1994,6,NA
47.4833,9.66667,1994-06-13,7.88999982364476,14.5799996741116,11.2349997488782,1994,6,NA
47.4833,9.66667,1994-06-14,7.76999982632697,18.6999995820224,13.2349997041747,1994,6,NA
47.4833,9.66667,1994-06-15,9.27999979257584,18.8299995791167,14.0549996858463,1994,6,NA
47.4833,9.66667,1994-06-16,9.39999978989363,22.6199994944036,16.0099996421486,1994,6,NA
47.4833,9.66667,1994-06-17,12.0299997311085,22.4499994982034,17.239999614656,1994,6,NA
47.4833,9.66667,1994-06-18,12.8099997136742,22.3699994999915,17.5899996068329,1994,6,NA
47.4833,9.66667,1994-06-19,10.899999756366,27.1899993922561,19.0449995743111,1994,6,NA
47.4833,9.66667,1994-06-20,14.6699996720999,25.0599994398654,19.8649995559826,1994,6,NA
47.4833,9.66667,1994-06-21,13.7099996935576,17.0099996197969,15.3599996566772,1994,6,NA
47.4833,9.66667,1994-06-22,12.8999997116625,22.0099995080382,17.4549996098503,1994,6,NA
47.4833,9.66667,1994-06-23,13.5199996978045,25.5899994280189,19.5549995629117,1994,6,NA
47.4833,9.66667,1994-06-24,16.2399996370077,24.139999460429,20.1899995487183,1994,6,NA
47.4833,9.66667,1994-06-25,14.0999996848404,27.5199993848801,20.8099995348603,1994,6,NA
47.4833,9.66667,1994-06-26,16.8999996222556,28.0899993721396,22.4949994971976,1994,6,NA
47.4833,9.66667,1994-06-27,16.5099996309727,26.97999939695,21.7449995139614,1994,6,NA
47.4833,9.66667,1994-06-28,17.3699996117502,28.2999993674457,22.834999489598,1994,6,NA
47.4833,9.66667,1994-06-29,16.0499996412545,26.0999994166195,21.074999528937,1994,6,NA
47.4833,9.66667,1994-06-30,16.349999634549,27.7499993797392,22.0499995071441,1994,6,NA
47.4833,9.66667,1994-07-01,16.3099996354431,27.6899993810803,21.9999995082617,1994,7,NA
47.4833,9.66667,1994-07-02,16.6799996271729,26.1799994148314,21.4299995210022,1994,7,NA
47.4833,9.66667,1994-07-03,16.8499996233732,29.7699993345886,23.3099994789809,1994,7,NA
47.4833,9.66667,1994-07-04,17.6999996043742,31.0399993062019,24.3699994552881,1994,7,NA
47.4833,9.66667,1994-07-05,18.0499995965511,31.4499992970377,24.7499994467944,1994,7,NA
47.4833,9.66667,1994-07-06,16.7899996247143,25.8099994231015,21.2999995239079,1994,7,NA
47.4833,9.66667,1994-07-07,15.8399996459484,25.3899994324893,20.6149995392188,1994,7,NA
47.4833,9.66667,1994-07-08,14.0099996868521,18.0299995969981,16.0199996419251,1994,7,NA
47.4833,9.66667,1994-07-09,13.0699997078627,19.3399995677173,16.20499963779,1994,7,NA
47.4833,9.66667,1994-07-10,13.5599996969104,21.0899995286018,17.3249996127561,1994,7,NA
47.4833,9.66667,1994-07-11,11.6399997398257,23.7899994682521,17.7149996040389,1994,7,NA
47.4833,9.66667,1994-07-12,12.2999997250736,26.1999994143844,19.249999569729,1994,7,NA
47.4833,9.66667,1994-07-13,13.5299996975809,26.419999409467,19.974999553524,1994,7,NA
47.4833,9.66667,1994-07-14,14.5499996747822,26.7199994027615,20.6349995387718,1994,7,NA
47.4833,9.66667,1994-07-15,16.0399996414781,26.6399994045496,21.3399995230138,1994,7,NA
47.4833,9.66667,1994-07-16,16.099999640137,25.5599994286895,20.8299995344132,1994,7,NA
47.4833,9.66667,1994-07-17,15.3299996573478,27.3699993882328,21.3499995227903,1994,7,NA
47.4833,9.66667,1994-07-18,16.8099996242672,28.2399993687868,22.524999496527,1994,7,NA
47.4833,9.66667,1994-07-19,16.8599996231496,24.2099994588643,20.534999541007,1994,7,NA
47.4833,9.66667,1994-07-20,15.1199996620417,23.2199994809926,19.1699995715171,1994,7,NA
47.4833,9.66667,1994-07-21,15.3799996562302,19.1999995708466,17.2899996135384,1994,7,NA
47.4833,9.66667,1994-07-22,15.6899996493012,23.6099994722754,19.6499995607883,1994,7,NA
47.4833,9.66667,1994-07-23,14.9599996656179,27.0399993956089,20.9999995306134,1994,7,NA
47.4833,9.66667,1994-07-24,14.4899996761233,26.9099993985146,20.6999995373189,1994,7,NA
47.4833,9.66667,1994-07-25,15.2599996589124,27.0599993951619,21.1599995270371,1994,7,NA
47.4833,9.66667,1994-07-26,17.5699996072799,28.5299993623048,23.0499994847924,1994,7,NA
47.4833,9.66667,1994-07-27,16.7699996251613,27.6999993808568,22.234999503009,1994,7,NA
47.4833,9.66667,1994-07-28,16.7199996262789,29.259999345988,22.9899994861335,1994,7,NA
47.4833,9.66667,1994-07-29,17.0699996184558,28.7799993567169,22.9249994875863,1994,7,NA
47.4833,9.66667,1994-07-30,17.4499996099621,27.539999384433,22.4949994971976,1994,7,NA
47.4833,9.66667,1994-07-31,18.5899995844811,28.1099993716925,23.3499994780868,1994,7,NA
47.4833,9.66667,1994-08-01,16.4799996316433,28.5499993618578,22.5149994967505,1994,8,NA
47.4833,9.66667,1994-08-02,14.9699996653944,24.4699994530529,19.7199995592237,1994,8,NA
47.4833,9.66667,1994-08-03,14.9099996667355,25.2999994345009,20.1049995506182,1994,8,NA
47.4833,9.66667,1994-08-04,16.059999641031,28.1999993696809,22.129999505356,1994,8,NA
47.4833,9.66667,1994-08-05,17.0799996182323,30.2799993231893,23.6799994707108,1994,8,NA
47.4833,9.66667,1994-08-06,18.7799995802343,30.999999307096,24.8899994436651,1994,8,NA
47.4833,9.66667,1994-08-07,18.4199995882809,30.2099993247539,24.3149994565174,1994,8,NA
47.4833,9.66667,1994-08-08,16.2999996356666,27.869999377057,22.0849995063618,1994,8,NA
47.4833,9.66667,1994-08-09,16.0099996421486,26.0799994170666,21.0449995296076,1994,8,NA
47.4833,9.66667,1994-08-10,15.3999996557832,27.0999993942678,21.2499995250255,1994,8,NA
47.4833,9.66667,1994-08-11,17.2299996148795,27.7599993795156,22.4949994971976,1994,8,NA
47.4833,9.66667,1994-08-12,13.199999704957,22.8499994892627,18.0249995971099,1994,8,NA
47.4833,9.66667,1994-08-13,13.8699996899813,18.9699995759875,16.4199996329844,1994,8,NA
47.4833,9.66667,1994-08-14,13.3399997018278,21.4899995196611,17.4149996107444,1994,8,NA
47.4833,9.66667,1994-08-15,11.9899997320026,20.2599995471537,16.1249996395782,1994,8,NA
47.4833,9.66667,1994-08-16,10.629999762401,21.0399995297194,15.8349996460602,1994,8,NA
47.4833,9.66667,1994-08-17,9.59999978542328,23.5099994745106,16.5549996299669,1994,8,NA
47.4833,9.66667,1994-08-18,13.3999997004867,20.5799995400012,16.9899996202439,1994,8,NA
47.4833,9.66667,1994-08-19,11.3299997467548,18.3299995902926,14.8299996685237,1994,8,NA
47.4833,9.66667,1994-08-20,12.6499997172505,17.9999995976686,15.3249996574596,1994,8,NA
47.4833,9.66667,1994-08-21,15.0399996638298,24.5599994510412,19.7999995574355,1994,8,NA
47.4833,9.66667,1994-08-22,14.3099996801466,26.5999994054437,20.4549995427951,1994,8,NA
47.4833,9.66667,1994-08-23,16.6799996271729,27.6399993821979,22.1599995046854,1994,8,NA
47.4833,9.66667,1994-08-24,16.6499996278435,27.0099993962795,21.8299995120615,1994,8,NA
47.4833,9.66667,1994-08-25,15.6099996510893,20.8199995346367,18.214999592863,1994,8,NA
47.4833,9.66667,1994-08-26,12.329999724403,16.3599996343255,14.3449996793643,1994,8,NA
47.4833,9.66667,1994-08-27,12.5099997203797,20.3599995449185,16.4349996326491,1994,8,NA
47.4833,9.66667,1994-08-28,13.3999997004867,22.8399994894862,18.1199995949864,1994,8,NA
47.4833,9.66667,1994-08-29,13.0199997089803,23.1199994832277,18.069999596104,1994,8,NA
47.4833,9.66667,1994-08-30,13.7399996928871,19.2199995703995,16.4799996316433,1994,8,NA
47.4833,9.66667,1994-08-31,11.4499997440726,21.0499995294958,16.2499996367842,1994,8,NA
47.4833,9.66667,1994-09-01,14.2299996819347,21.6699995156378,17.9499995987862,1994,9,NA
47.4833,9.66667,1994-09-02,13.5699996966869,20.659999538213,17.1149996174499,1994,9,NA
47.4833,9.66667,1994-09-03,12.8399997130036,16.5499996300787,14.6949996715412,1994,9,NA
47.4833,9.66667,1994-09-04,11.0399997532368,16.6999996267259,13.8699996899813,1994,9,NA
47.4833,9.66667,1994-09-05,7.72999982722104,19.2399995699525,13.4849996985868,1994,9,NA
47.4833,9.66667,1994-09-06,9.65999978408217,21.9099995102733,15.7849996471778,1994,9,NA
47.4833,9.66667,1994-09-07,14.2199996821582,23.1799994818866,18.6999995820224,1994,9,NA
47.4833,9.66667,1994-09-08,15.0799996629357,23.5999994724989,19.3399995677173,1994,9,NA
47.4833,9.66667,1994-09-09,11.4899997431785,17.9599995985627,14.7249996708706,1994,9,NA
47.4833,9.66667,1994-09-10,8.41999981179833,17.8999995999038,13.1599997058511,1994,9,NA
47.4833,9.66667,1994-09-11,9.31999979168177,18.0099995974451,13.6649996945634,1994,9,NA
47.4833,9.66667,1994-09-12,11.7399997375906,19.9299995545298,15.8349996460602,1994,9,NA
47.4833,9.66667,1994-09-13,11.9999997317791,23.3499994780868,17.674999604933,1994,9,NA
47.4833,9.66667,1994-09-14,12.5699997190386,16.2299996372312,14.3999996781349,1994,9,NA
47.4833,9.66667,1994-09-15,9.67999978363514,16.3099996354431,12.9949997095391,1994,9,NA
47.4833,9.66667,1994-09-16,6.77999984845519,12.3799997232854,9.57999978587031,1994,9,NA
47.4833,9.66667,1994-09-17,6.89999984577298,14.4399996772408,10.6699997615069,1994,9,NA
47.4833,9.66667,1994-09-18,6.04999986477196,9.30999979190528,7.67999982833862,1994,9,NA
47.4833,9.66667,1994-09-19,4.48999989964068,9.71999978274107,7.10499984119087,1994,9,NA
47.4833,9.66667,1994-09-20,5.84999986924231,12.8599997125566,9.35499979089946,1994,9,NA
47.4833,9.66667,1994-09-21,2.82999993674457,14.5499996747822,8.68999980576336,1994,9,NA
47.4833,9.66667,1994-09-22,9.21999979391694,16.1699996385723,12.6949997162446,1994,9,NA
47.4833,9.66667,1994-09-23,8.09999981895089,16.2799996361136,12.1899997275323,1994,9,NA
47.4833,9.66667,1994-09-24,10.0799997746944,24.0799994617701,17.0799996182323,1994,9,NA
47.4833,9.66667,1994-09-25,15.3699996564537,23.3899994771928,19.3799995668232,1994,9,NA
47.4833,9.66667,1994-09-26,13.0599997080863,20.63999953866,16.8499996233732,1994,9,NA
47.4833,9.66667,1994-09-27,11.0699997525662,16.0899996403605,13.5799996964633,1994,9,NA
47.4833,9.66667,1994-09-28,13.0899997074157,18.5099995862693,15.7999996468425,1994,9,NA
47.4833,9.66667,1994-09-29,12.1699997279793,17.7099996041507,14.939999666065,1994,9,NA
47.4833,9.66667,1994-09-30,9.18999979458749,16.909999622032,13.0499997083098,1994,9,NA
47.4833,9.66667,1994-10-01,10.6499997619539,16.639999628067,13.6449996950105,1994,10,1995
47.4833,9.66667,1994-10-02,11.5099997427315,19.6899995598942,15.5999996513128,1994,10,1995
47.4833,9.66667,1994-10-03,11.8699997346848,19.7699995581061,15.8199996463954,1994,10,1995
47.4833,9.66667,1994-10-04,11.3699997458607,15.9999996423721,13.6849996941164,1994,10,1995
47.4833,9.66667,1994-10-05,5.83999986946583,10.3699997682124,8.10499981883913,1994,10,1995
47.4833,9.66667,1994-10-06,1.9499999564141,9.71999978274107,5.83499986957759,1994,10,1995
47.4833,9.66667,1994-10-07,1.74999996088445,9.50999978743494,5.62999987415969,1994,10,1995
47.4833,9.66667,1994-10-08,0.109999997541308,9.71999978274107,4.91499989014119,1994,10,1995
47.4833,9.66667,1994-10-09,0.96999997831881,7.81999982520938,4.39499990176409,1994,10,1995
47.4833,9.66667,1994-10-10,1.28999997116625,12.9699997100979,7.12999984063208,1994,10,1995
47.4833,9.66667,1994-10-11,0.709999984130263,14.7299996707588,7.71999982744455,1994,10,1995
47.4833,9.66667,1994-10-12,2.4099999461323,14.6599996723235,8.53499980922788,1994,10,1995
47.4833,9.66667,1994-10-13,5.34999988041818,15.519999653101,10.4349997667596,1994,10,1995
47.4833,9.66667,1994-10-14,6.38999985717237,13.9899996872991,10.1899997722358,1994,10,1995
47.4833,9.66667,1994-10-15,5.13999988511205,14.4599996767938,9.79999978095293,1994,10,1995
47.4833,9.66667,1994-10-16,5.61999987438321,15.0599996633828,10.339999768883,1994,10,1995
47.4833,9.66667,1994-10-17,4.94999988935888,13.2099997047335,9.07999979704618,1994,10,1995
47.4833,9.66667,1994-10-18,6.39999985694885,10.7699997592717,8.5849998081103,1994,10,1995
47.4833,9.66667,1994-10-19,6.04999986477196,9.74999978207052,7.89999982342124,1994,10,1995
47.4833,9.66667,1994-10-20,3.7899999152869,13.7499996926636,8.76999980397522,1994,10,1995
47.4833,9.66667,1994-10-21,6.54999985359609,15.519999653101,11.0349997533485,1994,10,1995
47.4833,9.66667,1994-10-22,4.88999989069998,13.469999698922,9.17999979481101,1994,10,1995
47.4833,9.66667,1994-10-23,4.34999990276992,14.1099996846169,9.22999979369342,1994,10,1995
47.4833,9.66667,1994-10-24,6.39999985694885,11.6599997393787,9.02999979816377,1994,10,1995
47.4833,9.66667,1994-10-25,5.21999988332391,12.1299997288734,8.67499980609864,1994,10,1995
47.4833,9.66667,1994-10-26,3.88999991305172,13.8199996910989,8.85499980207533,1994,10,1995
47.4833,9.66667,1994-10-27,5.18999988399446,8.75999980419874,6.9749998440966,1994,10,1995
47.4833,9.66667,1994-10-28,2.85999993607402,11.9299997333437,7.39499983470887,1994,10,1995
47.4833,9.66667,1994-10-29,2.18999995104969,7.48999983258545,4.83999989181757,1994,10,1995
47.4833,9.66667,1994-10-30,4.39999990165234,10.2599997706711,7.32999983616173,1994,10,1995
47.4833,9.66667,1994-10-31,6.2599998600781,14.2799996808171,10.2699997704476,1994,10,1995
47.4833,9.66667,1994-11-01,8.3799998126924,19.2999995686114,13.8399996906519,1994,11,1995
47.4833,9.66667,1994-11-02,6.32999985851347,13.0499997083098,9.68999978341162,1994,11,1995
47.4833,9.66667,1994-11-03,4.2499999050051,9.53999978676438,6.89499984588474,1994,11,1995
47.4833,9.66667,1994-11-04,5.9699998665601,10.359999768436,8.16499981749803,1994,11,1995
47.4833,9.66667,1994-11-05,5.739999871701,13.2699997033924,9.50499978754669,1994,11,1995
47.4833,9.66667,1994-11-06,9.68999978341162,22.649999493733,16.1699996385723,1994,11,1995
47.4833,9.66667,1994-11-07,8.87999980151653,14.7199996709824,11.7999997362494,1994,11,1995
47.4833,9.66667,1994-11-08,7.82999982498586,10.8899997565895,9.3599997907877,1994,11,1995
47.4833,9.66667,1994-11-09,4.08999990858138,10.3799997679889,7.23499983828515,1994,11,1995
47.4833,9.66667,1994-11-10,4.13999990746379,7.8099998254329,5.97499986644834,1994,11,1995
47.4833,9.66667,1994-11-11,4.91999989002943,7.64999982900918,6.2849998595193,1994,11,1995
47.4833,9.66667,1994-11-12,4.88999989069998,6.14999986253679,5.51999987661839,1994,11,1995
47.4833,9.66667,1994-11-13,4.63999989628792,10.9099997561425,7.77499982621521,1994,11,1995
47.4833,9.66667,1994-11-14,2.88999993540347,8.50999980978668,5.69999987259507,1994,11,1995
47.4833,9.66667,1994-11-15,5.11999988555908,11.6199997402728,8.36999981291592,1994,11,1995
47.4833,9.66667,1994-11-16,6.05999986454844,13.6499996948987,9.85499977972358,1994,11,1995
47.4833,9.66667,1994-11-17,7.01999984309077,10.7199997603893,8.86999980174005,1994,11,1995
47.4833,9.66667,1994-11-18,3.39999992400408,9.89999977871776,6.64999985136092,1994,11,1995
47.4833,9.66667,1994-11-19,4.25999990478158,6.94999984465539,5.60499987471849,1994,11,1995
47.4833,9.66667,1994-11-20,4.27999990433455,8.6099998075515,6.44499985594302,1994,11,1995
47.4833,9.66667,1994-11-21,7.36999983526766,15.4599996544421,11.4149997448549,1994,11,1995
47.4833,9.66667,1994-11-22,6.029999865219,11.7799997366965,8.90499980095774,1994,11,1995
47.4833,9.66667,1994-11-23,4.54999989829957,9.56999978609383,7.0599998421967,1994,11,1995
47.4833,9.66667,1994-11-24,4.95999988913536,10.2099997717887,7.58499983046204,1994,11,1995
47.4833,9.66667,1994-11-25,3.59999991953373,10.6899997610599,7.1449998402968,1994,11,1995
47.4833,9.66667,1994-11-26,6.029999865219,10.2899997700006,8.15999981760979,1994,11,1995
47.4833,9.66667,1994-11-27,3.85999991372228,7.98999982140958,5.92499986756593,1994,11,1995
47.4833,9.66667,1994-11-28,4.20999990589917,8.30999981425703,6.2599998600781,1994,11,1995
47.4833,9.66667,1994-11-29,2.1799999512732,7.9799998216331,5.07999988645315,1994,11,1995
47.4833,9.66667,1994-11-30,1.63999996334314,5.93999986723065,3.7899999152869,1994,11,1995
47.4833,9.66667,1994-12-01,0.199999995529652,3.74999991618097,1.97499995585531,1994,12,1995
47.4833,9.66667,1994-12-02,-0.129999997094274,2.25999994948506,1.06499997619539,1994,12,1995
47.4833,9.66667,1994-12-03,-2.35999994724989,3.73999991640449,0.689999984577298,1994,12,1995
47.4833,9.66667,1994-12-04,-1.80999995954335,5.0499998871237,1.61999996379018,1994,12,1995
47.4833,9.66667,1994-12-05,-0.109999997541308,9.32999979145825,4.60999989695847,1994,12,1995
47.4833,9.66667,1994-12-06,5.91999986767769,9.48999978788197,7.70499982777983,1994,12,1995
47.4833,9.66667,1994-12-07,2.9299999345094,7.82999982498586,5.37999987974763,1994,12,1995
47.4833,9.66667,1994-12-08,-1.24999997206032,4.74999989382923,1.74999996088445,1994,12,1995
47.4833,9.66667,1994-12-09,0.0999999977648258,8.63999980688095,4.36999990232289,1994,12,1995
47.4833,9.66667,1994-12-10,2.47999994456768,7.5799998305738,5.02999988757074,1994,12,1995
47.4833,9.66667,1994-12-11,5.83999986946583,8.38999981246889,7.11499984096736,1994,12,1995
47.4833,9.66667,1994-12-12,6.47999985516071,11.9699997324497,9.22499979380518,1994,12,1995
47.4833,9.66667,1994-12-13,3.54999992065132,9.74999978207052,6.64999985136092,1994,12,1995
47.4833,9.66667,1994-12-14,0.329999992623925,7.3499998357147,3.83999991416931,1994,12,1995
47.4833,9.66667,1994-12-15,-1.51999996602535,4.38999990187585,1.43499996792525,1994,12,1995
47.4833,9.66667,1994-12-16,-3.66999991796911,2.72999993897974,-0.469999989494681,1994,12,1995
47.4833,9.66667,1994-12-17,-3.3899999242276,3.85999991372228,0.234999994747341,1994,12,1995
47.4833,9.66667,1994-12-18,0.359999991953373,5.67999987304211,3.01999993249774,1994,12,1995
47.4833,9.66667,1994-12-19,-3.02999993227422,4.73999989405274,0.854999980889261,1994,12,1995
47.4833,9.66667,1994-12-20,-1.49999996647239,3.91999991238117,1.20999997295439,1994,12,1995
47.4833,9.66667,1994-12-21,-0.419999990612268,1.76999996043742,0.674999984912574,1994,12,1995
47.4833,9.66667,1994-12-22,-1.79999995976686,0.219999995082617,-0.789999982342124,1994,12,1995
47.4833,9.66667,1994-12-23,-2.4699999447912,-0.529999988153577,-1.49999996647239,1994,12,1995
47.4833,9.66667,1994-12-24,-4.51999989897013,-0.489999989047647,-2.50499994400889,1994,12,1995
47.4833,9.66667,1994-12-25,-3.92999991215765,-1.96999995596707,-2.94999993406236,1994,12,1995
47.4833,9.66667,1994-12-26,-4.4199999012053,-2.19999995082617,-3.30999992601573,1994,12,1995
47.4833,9.66667,1994-12-27,-4.09999990835786,0.759999983012676,-1.66999996267259,1994,12,1995
47.4833,9.66667,1994-12-28,-0.399999991059303,6.21999986097217,2.90999993495643,1994,12,1995
47.4833,9.66667,1994-12-29,4.45999990031123,7.88999982364476,6.17499986197799,1994,12,1995
47.4833,9.66667,1994-12-30,2.8699999358505,10.359999768436,6.61499985214323,1994,12,1995
47.4833,9.66667,1994-12-31,2.04999995417893,7.77999982610345,4.91499989014119,1994,12,1995
47.4833,9.66667,1995-01-01,0.499999988824129,5.12999988533556,2.81499993707985,1995,1,1995
47.4833,9.66667,1995-01-02,-1.42999996803701,2.99999993294477,0.784999982453883,1995,1,1995
47.4833,9.66667,1995-01-03,-4.06999990902841,-1.64999996311963,-2.85999993607402,1995,1,1995
47.4833,9.66667,1995-01-04,-5.51999987661839,-2.32999994792044,-3.92499991226941,1995,1,1995
47.4833,9.66667,1995-01-05,-10.2599997706711,-4.78999989293516,-7.52499983180314,1995,1,1995
47.4833,9.66667,1995-01-06,-13.4599996991456,-6.72999984957278,-10.0949997743592,1995,1,1995
47.4833,9.66667,1995-01-07,-13.8799996897578,-5.53999987617135,-9.70999978296459,1995,1,1995
47.4833,9.66667,1995-01-08,-11.1299997512251,-3.05999993160367,-7.09499984141439,1995,1,1995
47.4833,9.66667,1995-01-09,-6.55999985337257,-2.11999995261431,-4.33999990299344,1995,1,1995
47.4833,9.66667,1995-01-10,-7.09999984130263,-1.49999996647239,-4.29999990388751,1995,1,1995
47.4833,9.66667,1995-01-11,-1.99999995529652,3.53999992087483,0.769999982789159,1995,1,1995
47.4833,9.66667,1995-01-12,-1.99999995529652,3.77999991551042,0.88999998010695,1995,1,1995
47.4833,9.66667,1995-01-13,-3.23999992758036,-0.809999981895089,-2.02499995473772,1995,1,1995
47.4833,9.66667,1995-01-14,-7.39999983459711,-2.28999994881451,-4.84499989170581,1995,1,1995
47.4833,9.66667,1995-01-15,-12.4399997219443,-4.16999990679324,-8.30499981436878,1995,1,1995
47.4833,9.66667,1995-01-16,-9.2999997921288,0.919999979436398,-4.1899999063462,1995,1,1995
47.4833,9.66667,1995-01-17,-9.39999978989363,-0.0999999977648258,-4.74999989382923,1995,1,1995
47.4833,9.66667,1995-01-18,-8.48999981023371,-2.20999995060265,-5.34999988041818,1995,1,1995
47.4833,9.66667,1995-01-19,-7.36999983526766,3.90999991260469,-1.72999996133149,1995,1,1995
47.4833,9.66667,1995-01-20,-2.4099999461323,5.13999988511205,1.36499996948987,1995,1,1995
47.4833,9.66667,1995-01-21,-2.32999994792044,6.84999984689057,2.25999994948506,1995,1,1995
47.4833,9.66667,1995-01-22,-0.669999985024333,5.5099998768419,2.41999994590878,1995,1,1995
47.4833,9.66667,1995-01-23,0.119999997317791,8.45999981090426,4.28999990411103,1995,1,1995
47.4833,9.66667,1995-01-24,3.59999991953373,11.5799997411668,7.58999983035028,1995,1,1995
47.4833,9.66667,1995-01-25,0.209999995306134,4.019999910146,2.11499995272607,1995,1,1995
47.4833,9.66667,1995-01-26,-0.809999981895089,8.48999981023371,3.83999991416931,1995,1,1995
47.4833,9.66667,1995-01-27,1.66999996267259,11.479999743402,6.5749998530373,1995,1,1995
47.4833,9.66667,1995-01-28,-1.73999996110797,4.57999989762902,1.41999996826053,1995,1,1995
47.4833,9.66667,1995-01-29,-1.29999997094274,8.08999981917441,3.39499992411584,1995,1,1995
47.4833,9.66667,1995-01-30,2.99999993294477,6.27999985963106,4.63999989628792,1995,1,1995
47.4833,9.66667,1995-01-31,1.16999997384846,5.87999986857176,3.52499992121011,1995,1,1995
47.4833,9.66667,1995-02-01,-4.12999990768731,4.7099998947233,0.289999993517995,1995,2,1995
47.4833,9.66667,1995-02-02,-1.3199999704957,10.2099997717887,4.44499990064651,1995,2,1995
47.4833,9.66667,1995-02-03,-0.669999985024333,8.34999981336296,3.83999991416931,1995,2,1995
47.4833,9.66667,1995-02-04,1.22999997250736,4.9399998895824,3.08499993104488,1995,2,1995
47.4833,9.66667,1995-02-05,1.39999996870756,6.09999986365438,3.74999991618097,1995,2,1995
47.4833,9.66667,1995-02-06,2.28999994881451,6.04999986477196,4.16999990679324,1995,2,1995
47.4833,9.66667,1995-02-07,0.519999988377094,9.34999979101121,4.93499988969415,1995,2,1995
47.4833,9.66667,1995-02-08,3.34999992512167,13.5599996969104,8.45499981101602,1995,2,1995
47.4833,9.66667,1995-02-09,3.79999991506338,10.2899997700006,7.04499984253198,1995,2,1995
47.4833,9.66667,1995-02-10,4.21999990567565,6.81999984756112,5.51999987661839,1995,2,1995
47.4833,9.66667,1995-02-11,1.8399999588728,9.45999978855252,5.64999987371266,1995,2,1995
47.4833,9.66667,1995-02-12,2.47999994456768,10.4499997664243,6.46499985549599,1995,2,1995
47.4833,9.66667,1995-02-13,2.99999993294477,10.339999768883,6.66999985091388,1995,2,1995
47.4833,9.66667,1995-02-14,0.519999988377094,14.1199996843934,7.31999983638525,1995,2,1995
47.4833,9.66667,1995-02-15,3.74999991618097,9.0699997972697,6.40999985672534,1995,2,1995
47.4833,9.66667,1995-02-16,0.34999999217689,10.4599997662008,5.40499987918884,1995,2,1995
47.4833,9.66667,1995-02-17,4.71999989449978,9.28999979235232,7.00499984342605,1995,2,1995
47.4833,9.66667,1995-02-18,3.23999992758036,12.4099997226149,7.82499982509762,1995,2,1995
47.4833,9.66667,1995-02-19,0.159999996423721,4.13999990746379,2.14999995194376,1995,2,1995
47.4833,9.66667,1995-02-20,-0.389999991282821,7.77999982610345,3.69499991741031,1995,2,1995
47.4833,9.66667,1995-02-21,3.65999991819263,11.8199997358024,7.73999982699752,1995,2,1995
47.4833,9.66667,1995-02-22,2.51999994367361,14.4799996763468,8.49999981001019,1995,2,1995
47.4833,9.66667,1995-02-23,0.519999988377094,8.039999820292,4.27999990433455,1995,2,1995
47.4833,9.66667,1995-02-24,0.479999989271164,4.06999990902841,2.27499994914979,1995,2,1995
47.4833,9.66667,1995-02-25,-0.689999984577298,5.62999987415969,2.4699999447912,1995,2,1995
47.4833,9.66667,1995-02-26,1.96999995596707,5.90999986790121,3.93999991193414,1995,2,1995
47.4833,9.66667,1995-02-27,0.239999994635582,4.019999910146,2.12999995239079,1995,2,1995
47.4833,9.66667,1995-02-28,-1.74999996088445,2.56999994255602,0.409999990835786,1995,2,1995
47.4833,9.66667,1995-03-01,-2.34999994747341,8.98999979905784,3.31999992579222,1995,3,1995
47.4833,9.66667,1995-03-02,-1.95999995619059,11.2499997485429,4.64499989617616,1995,3,1995
47.4833,9.66667,1995-03-03,0.119999997317791,8.39999981224537,4.25999990478158,1995,3,1995
47.4833,9.66667,1995-03-04,-1.30999997071922,7.62999982945621,3.1599999293685,1995,3,1995
47.4833,9.66667,1995-03-05,-1.73999996110797,1.22999997250736,-0.254999994300306,1995,3,1995
47.4833,9.66667,1995-03-06,-5.70999987237155,5.35999988019466,-0.174999996088445,1995,3,1995
47.4833,9.66667,1995-03-07,-0.209999995306134,5.16999988444149,2.47999994456768,1995,3,1995
47.4833,9.66667,1995-03-08,-2.11999995261431,4.17999990656972,1.02999997697771,1995,3,1995
47.4833,9.66667,1995-03-09,-2.74999993853271,8.65999980643392,2.9549999339506,1995,3,1995
47.4833,9.66667,1995-03-10,-2.14999995194376,5.15999988466501,1.50499996636063,1995,3,1995
47.4833,9.66667,1995-03-11,-3.22999992780387,9.14999979548156,2.95999993383884,1995,3,1995
47.4833,9.66667,1995-03-12,-2.18999995104969,10.4999997653067,4.15499990712851,1995,3,1995
47.4833,9.66667,1995-03-13,-0.65999998524785,12.1899997275323,5.76499987114221,1995,3,1995
47.4833,9.66667,1995-03-14,-1.13999997451901,7.12999984063208,2.99499993305653,1995,3,1995
47.4833,9.66667,1995-03-15,-0.439999990165234,6.01999986544251,2.78999993763864,1995,3,1995
47.4833,9.66667,1995-03-16,0.749999983236194,6.73999984934926,3.74499991629273,1995,3,1995
47.4833,9.66667,1995-03-17,-0.219999995082617,5.69999987259507,2.73999993875623,1995,3,1995
47.4833,9.66667,1995-03-18,-0.739999983459711,9.84999977983534,4.55499989818782,1995,3,1995
47.4833,9.66667,1995-03-19,4.61999989673495,8.1499998178333,6.38499985728413,1995,3,1995
47.4833,9.66667,1995-03-20,3.01999993249774,12.079999729991,7.54999983124435,1995,3,1995
47.4833,9.66667,1995-03-21,-0.679999984800816,2.85999993607402,1.0899999756366,1995,3,1995
47.4833,9.66667,1995-03-22,-1.70999996177852,0.459999989718199,-0.624999986030161,1995,3,1995
47.4833,9.66667,1995-03-23,-2.34999994747341,4.79999989271164,1.22499997261912,1995,3,1995
47.4833,9.66667,1995-03-24,-1.56999996490777,10.8899997565895,4.65999989584088,1995,3,1995
47.4833,9.66667,1995-03-25,0.429999990388751,15.5999996513128,8.01499982085079,1995,3,1995
47.4833,9.66667,1995-03-26,3.3899999242276,14.1099996846169,8.74999980442226,1995,3,1995
47.4833,9.66667,1995-03-27,5.83999986946583,10.0099997762591,7.92499982286245,1995,3,1995
47.4833,9.66667,1995-03-28,0.549999987706542,8.18999981693923,4.36999990232289,1995,3,1995
47.4833,9.66667,1995-03-29,-5.51999987661839,2.11999995261431,-1.69999996200204,1995,3,1995
47.4833,9.66667,1995-03-30,-3.0399999320507,2.48999994434416,-0.274999993853271,1995,3,1995
47.4833,9.66667,1995-03-31,-5.69999987259507,1.51999996602535,-2.08999995328486,1995,3,1995
47.4833,9.66667,1995-04-01,-5.39999987930059,4.45999990031123,-0.469999989494681,1995,4,1995
47.4833,9.66667,1995-04-02,-0.139999996870756,4.02999990992248,1.94499995652586,1995,4,1995
47.4833,9.66667,1995-04-03,3.27999992668629,14.2699996810406,8.77499980386347,1995,4,1995
47.4833,9.66667,1995-04-04,3.39999992400408,19.2899995688349,11.3449997464195,1995,4,1995
47.4833,9.66667,1995-04-05,6.37999985739589,20.2299995478243,13.3049997026101,1995,4,1995
47.4833,9.66667,1995-04-06,6.8899998459965,19.2399995699525,13.0649997079745,1995,4,1995
47.4833,9.66667,1995-04-07,9.01999979838729,15.2999996580184,12.1599997282028,1995,4,1995
47.4833,9.66667,1995-04-08,7.1199998408556,14.1399996839464,10.629999762401,1995,4,1995
47.4833,9.66667,1995-04-09,4.32999990321696,10.4299997668713,7.37999983504415,1995,4,1995
47.4833,9.66667,1995-04-10,0.109999997541308,7.21999983862042,3.66499991808087,1995,4,1995
47.4833,9.66667,1995-04-11,-0.92999997921288,8.25999981537461,3.66499991808087,1995,4,1995
47.4833,9.66667,1995-04-12,4.02999990992248,10.3999997675419,7.21499983873218,1995,4,1995
47.4833,9.66667,1995-04-13,4.72999989427626,11.2999997474253,8.01499982085079,1995,4,1995
47.4833,9.66667,1995-04-14,3.23999992758036,9.05999979749322,6.14999986253679,1995,4,1995
47.4833,9.66667,1995-04-15,0.589999986812472,7.62999982945621,4.10999990813434,1995,4,1995
47.4833,9.66667,1995-04-16,0.169999996200204,5.39999987930059,2.7849999377504,1995,4,1995
47.4833,9.66667,1995-04-17,2.24999994970858,6.40999985672534,4.32999990321696,1995,4,1995
47.4833,9.66667,1995-04-18,2.33999994769692,9.30999979190528,5.8249998698011,1995,4,1995
47.4833,9.66667,1995-04-19,6.07999986410141,12.7999997138977,9.43999978899956,1995,4,1995
47.4833,9.66667,1995-04-20,2.72999993897974,15.809999646619,9.26999979279935,1995,4,1995
47.4833,9.66667,1995-04-21,1.7799999602139,7.2899998370558,4.53499989863485,1995,4,1995
47.4833,9.66667,1995-04-22,2.04999995417893,16.9899996202439,9.51999978721142,1995,4,1995
47.4833,9.66667,1995-04-23,8.61999980732799,20.2199995480478,14.4199996776879,1995,4,1995
47.4833,9.66667,1995-04-24,6.4899998549372,19.6499995607883,13.0699997078627,1995,4,1995
47.4833,9.66667,1995-04-25,8.04999982006848,18.5899995844811,13.3199997022748,1995,4,1995
47.4833,9.66667,1995-04-26,8.00999982096255,13.8899996895343,10.9499997552484,1995,4,1995
47.4833,9.66667,1995-04-27,5.32999988086522,8.2099998164922,6.76999984867871,1995,4,1995
47.4833,9.66667,1995-04-28,6.7199998497963,11.6199997402728,9.16999979503453,1995,4,1995
47.4833,9.66667,1995-04-29,7.29999983683228,15.9599996432662,11.6299997400492,1995,4,1995
47.4833,9.66667,1995-04-30,6.03999986499548,18.2999995909631,12.1699997279793,1995,4,1995
47.4833,9.66667,1995-05-01,9.15999979525805,14.8199996687472,11.9899997320026,1995,5,NA
47.4833,9.66667,1995-05-02,8.80999980308115,17.0699996184558,12.9399997107685,1995,5,NA
47.4833,9.66667,1995-05-03,7.04999984242022,18.1199995949864,12.5849997187033,1995,5,NA
47.4833,9.66667,1995-05-04,5.68999987281859,19.8999995552003,12.7949997140095,1995,5,NA
47.4833,9.66667,1995-05-05,6.44999985583127,20.1899995487183,13.3199997022748,1995,5,NA
47.4833,9.66667,1995-05-06,7.49999983236194,21.839999511838,14.6699996720999,1995,5,NA
47.4833,9.66667,1995-05-07,8.93999980017543,23.53999947384,16.2399996370077,1995,5,NA
47.4833,9.66667,1995-05-08,10.9699997548014,24.2099994588643,17.5899996068329,1995,5,NA
47.4833,9.66667,1995-05-09,12.1299997288734,21.7299995142967,16.929999621585,1995,5,NA
47.4833,9.66667,1995-05-10,10.6999997608364,15.1499996613711,12.9249997111037,1995,5,NA
47.4833,9.66667,1995-05-11,7.47999983280897,14.069999685511,10.77499975916,1995,5,NA
47.4833,9.66667,1995-05-12,6.70999985001981,14.8899996671826,10.7999997586012,1995,5,NA
47.4833,9.66667,1995-05-13,8.61999980732799,13.469999698922,11.044999753125,1995,5,NA
47.4833,9.66667,1995-05-14,4.78999989293516,9.71999978274107,7.25499983783811,1995,5,NA
47.4833,9.66667,1995-05-15,2.74999993853271,6.28999985940754,4.51999989897013,1995,5,NA
47.4833,9.66667,1995-05-16,0.789999982342124,14.1699996832758,7.47999983280897,1995,5,NA
47.4833,9.66667,1995-05-17,6.43999985605478,15.8799996450543,11.1599997505546,1995,5,NA
47.4833,9.66667,1995-05-18,9.14999979548156,16.8499996233732,12.9999997094274,1995,5,NA
47.4833,9.66667,1995-05-19,8.6699998062104,14.2699996810406,11.4699997436255,1995,5,NA
47.4833,9.66667,1995-05-20,5.40999987907708,10.1899997722358,7.79999982565641,1995,5,NA
47.4833,9.66667,1995-05-21,4.61999989673495,10.2799997702241,7.44999983347952,1995,5,NA
47.4833,9.66667,1995-05-22,5.11999988555908,12.4199997223914,8.76999980397522,1995,5,NA
47.4833,9.66667,1995-05-23,3.11999993026257,17.6799996048212,10.3999997675419,1995,5,NA
47.4833,9.66667,1995-05-24,6.39999985694885,21.6099995169789,14.0049996869639,1995,5,NA
47.4833,9.66667,1995-05-25,10.4599997662008,23.1499994825572,16.804999624379,1995,5,NA
47.4833,9.66667,1995-05-26,14.1399996839464,25.819999422878,19.9799995534122,1995,5,NA
47.4833,9.66667,1995-05-27,13.5299996975809,19.5099995639175,16.5199996307492,1995,5,NA
47.4833,9.66667,1995-05-28,11.9899997320026,18.089999595657,15.0399996638298,1995,5,NA
47.4833,9.66667,1995-05-29,9.63999978452921,23.8699994664639,16.7549996254966,1995,5,NA
47.4833,9.66667,1995-05-30,12.6599997170269,22.7499994914979,17.7049996042624,1995,5,NA
47.4833,9.66667,1995-05-31,13.0499997083098,17.2699996139854,15.1599996611476,1995,5,NA
47.4833,9.66667,1995-06-01,11.4499997440726,13.6099996957928,12.5299997199327,1995,6,NA
47.4833,9.66667,1995-06-02,9.5899997856468,11.8399997353554,10.7149997605011,1995,6,NA
47.4833,9.66667,1995-06-03,8.07999981939793,16.0899996403605,12.0849997298792,1995,6,NA
47.4833,9.66667,1995-06-04,8.49999981001019,18.6299995835871,13.5649996967986,1995,6,NA
47.4833,9.66667,1995-06-05,9.8199997805059,16.349999634549,13.0849997075275,1995,6,NA
47.4833,9.66667,1995-06-06,9.73999978229403,13.9499996881932,11.8449997352436,1995,6,NA
47.4833,9.66667,1995-06-07,8.10999981872737,10.4599997662008,9.28499979246408,1995,6,NA
47.4833,9.66667,1995-06-08,9.46999978832901,17.2299996148795,13.3499997016042,1995,6,NA
47.4833,9.66667,1995-06-09,10.5599997639656,18.2999995909631,14.4299996774644,1995,6,NA
47.4833,9.66667,1995-06-10,8.77999980375171,12.8699997123331,10.8249997580424,1995,6,NA
47.4833,9.66667,1995-06-11,5.89999986812472,17.3899996113032,11.644999739714,1995,6,NA
47.4833,9.66667,1995-06-12,8.15999981760979,11.5699997413903,9.86499977950007,1995,6,NA
47.4833,9.66667,1995-06-13,8.23999981582165,13.4999996982515,10.8699997570366,1995,6,NA
47.4833,9.66667,1995-06-14,8.73999980464578,15.0799996629357,11.9099997337908,1995,6,NA
47.4833,9.66667,1995-06-15,7.99999982118607,13.6499996948987,10.8249997580424,1995,6,NA
47.4833,9.66667,1995-06-16,7.25999983772635,17.4599996097386,12.3599997237325,1995,6,NA
47.4833,9.66667,1995-06-17,9.16999979503453,16.8099996242672,12.9899997096509,1995,6,NA
47.4833,9.66667,1995-06-18,10.1299997735769,21.1899995263666,15.6599996499717,1995,6,NA
47.4833,9.66667,1995-06-19,12.6299997176975,17.5999996066093,15.1149996621534,1995,6,NA
47.4833,9.66667,1995-06-20,12.929999710992,23.2999994792044,18.1149995950982,1995,6,NA
47.4833,9.66667,1995-06-21,13.0299997087568,27.249999390915,20.1399995498359,1995,6,NA
47.4833,9.66667,1995-06-22,16.2799996361136,22.2099995035678,19.2449995698407,1995,6,NA
47.4833,9.66667,1995-06-23,12.9199997112155,18.0399995967746,15.479999653995,1995,6,NA
47.4833,9.66667,1995-06-24,8.12999981828034,13.2899997029454,10.7099997606128,1995,6,NA
47.4833,9.66667,1995-06-25,7.20999983884394,11.9099997337908,9.55999978631735,1995,6,NA
47.4833,9.66667,1995-06-26,8.19999981671572,18.4699995871633,13.3349997019395,1995,6,NA
47.4833,9.66667,1995-06-27,11.499999742955,22.7699994910508,17.1349996170029,1995,6,NA
47.4833,9.66667,1995-06-28,12.0499997306615,25.8799994215369,18.9649995760992,1995,6,NA
47.4833,9.66667,1995-06-29,14.4399996772408,25.1499994378537,19.7949995575473,1995,6,NA
47.4833,9.66667,1995-06-30,12.2399997264147,25.4699994307011,18.8549995785579,1995,6,NA
47.4833,9.66667,1995-07-01,12.3199997246265,26.6999994032085,19.5099995639175,1995,7,NA
47.4833,9.66667,1995-07-02,14.7599996700883,27.7099993806332,21.2349995253608,1995,7,NA
47.4833,9.66667,1995-07-03,15.6599996499717,27.1299993935972,21.3949995217845,1995,7,NA
47.4833,9.66667,1995-07-04,13.9599996879697,17.8399996012449,15.8999996446073,1995,7,NA
47.4833,9.66667,1995-07-05,13.0799997076392,20.5999995395541,16.8399996235967,1995,7,NA
47.4833,9.66667,1995-07-06,14.089999685064,20.5999995395541,17.344999612309,1995,7,NA
47.4833,9.66667,1995-07-07,12.2899997252971,22.5199994966388,17.4049996109679,1995,7,NA
47.4833,9.66667,1995-07-08,12.2799997255206,24.6099994499236,18.4449995877221,1995,7,NA
47.4833,9.66667,1995-07-09,14.7699996698648,27.1499993931502,20.9599995315075,1995,7,NA
47.4833,9.66667,1995-07-10,17.1099996175617,27.9599993750453,22.5349994963035,1995,7,NA
47.4833,9.66667,1995-07-11,17.9299995992333,29.0699993502349,23.4999994747341,1995,7,NA
47.4833,9.66667,1995-07-12,15.0499996636063,27.9899993743747,21.5199995189905,1995,7,NA
47.4833,9.66667,1995-07-13,15.5599996522069,24.7499994467944,20.1549995495006,1995,7,NA
47.4833,9.66667,1995-07-14,16.9999996200204,27.0699993949383,22.0349995074794,1995,7,NA
47.4833,9.66667,1995-07-15,16.059999641031,26.2499994132668,21.1549995271489,1995,7,NA
47.4833,9.66667,1995-07-16,14.7699996698648,23.3799994774163,19.0749995736405,1995,7,NA
47.4833,9.66667,1995-07-17,15.0299996640533,21.3399995230138,18.1849995935336,1995,7,NA
47.4833,9.66667,1995-07-18,12.4299997221678,22.7099994923919,17.5699996072799,1995,7,NA
47.4833,9.66667,1995-07-19,14.9099996667355,23.4499994758517,19.1799995712936,1995,7,NA
47.4833,9.66667,1995-07-20,16.0499996412545,26.4799994081259,21.2649995246902,1995,7,NA
47.4833,9.66667,1995-07-21,15.9799996428192,29.0499993506819,22.5149994967505,1995,7,NA
47.4833,9.66667,1995-07-22,18.2699995916337,31.3699992988259,24.8199994452298,1995,7,NA
47.4833,9.66667,1995-07-23,17.8499996010214,32.7699992675334,25.3099994342774,1995,7,NA
47.4833,9.66667,1995-07-24,15.2899996582419,18.9299995768815,17.1099996175617,1995,7,NA
47.4833,9.66667,1995-07-25,15.4499996546656,20.119999550283,17.7849996024743,1995,7,NA
47.4833,9.66667,1995-07-26,15.7399996481836,25.3499994333833,20.5449995407835,1995,7,NA
47.4833,9.66667,1995-07-27,16.2799996361136,28.4699993636459,22.3749994998798,1995,7,NA
47.4833,9.66667,1995-07-28,17.6499996054918,25.4799994304776,21.5649995179847,1995,7,NA
47.4833,9.66667,1995-07-29,16.2799996361136,22.979999486357,19.6299995612353,1995,7,NA
47.4833,9.66667,1995-07-30,14.5699996743351,23.9499994646758,19.2599995695055,1995,7,NA
47.4833,9.66667,1995-07-31,13.9699996877462,25.6099994275719,19.789999557659,1995,7,NA
47.4833,9.66667,1995-08-01,14.7499996703118,26.2899994123727,20.5199995413423,1995,8,NA
47.4833,9.66667,1995-08-02,15.3299996573478,26.7399994023144,21.0349995298311,1995,8,NA
47.4833,9.66667,1995-08-03,15.0899996627122,26.4099994096905,20.7499995362014,1995,8,NA
47.4833,9.66667,1995-08-04,13.6899996940047,26.3399994112551,20.0149995526299,1995,8,NA
47.4833,9.66667,1995-08-05,12.9899997096509,26.3099994119257,19.6499995607883,1995,8,NA
47.4833,9.66667,1995-08-06,13.0499997083098,27.7199993804097,20.3849995443597,1995,8,NA
47.4833,9.66667,1995-08-07,13.9099996890873,26.5899994056672,20.2499995473772,1995,8,NA
47.4833,9.66667,1995-08-08,15.7399996481836,21.2799995243549,18.5099995862693,1995,8,NA
47.4833,9.66667,1995-08-09,14.6099996734411,21.7699995134026,18.1899995934218,1995,8,NA
47.4833,9.66667,1995-08-10,13.7499996926636,16.6999996267259,15.2249996596947,1995,8,NA
47.4833,9.66667,1995-08-11,12.5699997190386,21.839999511838,17.2049996154383,1995,8,NA
47.4833,9.66667,1995-08-12,13.2699997033924,25.7299994248897,19.499999564141,1995,8,NA
47.4833,9.66667,1995-08-13,17.0299996193498,22.7999994903803,19.9149995548651,1995,8,NA
47.4833,9.66667,1995-08-14,16.9799996204674,21.1199995279312,19.0499995741993,1995,8,NA
47.4833,9.66667,1995-08-15,15.3199996575713,20.7199995368719,18.0199995972216,1995,8,NA
47.4833,9.66667,1995-08-16,14.2299996819347,21.3299995232373,17.779999602586,1995,8,NA
47.4833,9.66667,1995-08-17,11.4299997445196,20.1399995498359,15.7849996471778,1995,8,NA
47.4833,9.66667,1995-08-18,11.2699997480959,20.4299995433539,15.8499996457249,1995,8,NA
47.4833,9.66667,1995-08-19,10.9699997548014,21.799999512732,16.3849996337667,1995,8,NA
47.4833,9.66667,1995-08-20,12.5999997183681,22.399999499321,17.4999996088445,1995,8,NA
47.4833,9.66667,1995-08-21,14.7899996694177,21.7699995134026,18.2799995914102,1995,8,NA
47.4833,9.66667,1995-08-22,15.1099996622652,21.9799995087087,18.5449995854869,1995,8,NA
47.4833,9.66667,1995-08-23,14.069999685511,23.6899994704872,18.8799995779991,1995,8,NA
47.4833,9.66667,1995-08-24,15.1999996602535,24.3699994552881,19.7849995577708,1995,8,NA
47.4833,9.66667,1995-08-25,15.0899996627122,20.2299995478243,17.6599996052682,1995,8,NA
47.4833,9.66667,1995-08-26,14.3699996788055,19.6099995616823,16.9899996202439,1995,8,NA
47.4833,9.66667,1995-08-27,13.8399996906519,19.5499995630234,16.6949996268377,1995,8,NA
47.4833,9.66667,1995-08-28,13.3299997020513,18.0299995969981,15.6799996495247,1995,8,NA
47.4833,9.66667,1995-08-29,7.92999982275069,13.9999996870756,10.9649997549132,1995,8,NA
47.4833,9.66667,1995-08-30,7.35999983549118,9.6999997831881,8.52999980933964,1995,8,NA
47.4833,9.66667,1995-08-31,5.88999986834824,10.5499997641891,8.21999981626868,1995,8,NA
47.4833,9.66667,1995-09-01,6.6599998511374,10.9999997541308,8.82999980263412,1995,9,NA
47.4833,9.66667,1995-09-02,6.55999985337257,10.6399997621775,8.59999980777502,1995,9,NA
47.4833,9.66667,1995-09-03,9.25999979302287,16.7899996247143,13.0249997088686,1995,9,NA
47.4833,9.66667,1995-09-04,9.02999979816377,18.8199995793402,13.924999688752,1995,9,NA
47.4833,9.66667,1995-09-05,7.48999983258545,13.1199997067451,10.3049997696653,1995,9,NA
47.4833,9.66667,1995-09-06,4.22999990545213,15.5399996526539,9.88499977905303,1995,9,NA
47.4833,9.66667,1995-09-07,8.81999980285764,18.7599995806813,13.7899996917695,1995,9,NA
47.4833,9.66667,1995-09-08,8.8399998024106,24.0399994626641,16.4399996325374,1995,9,NA
47.4833,9.66667,1995-09-09,9.96999977715313,18.2099995929748,14.089999685064,1995,9,NA
47.4833,9.66667,1995-09-10,10.0399997755885,17.0799996182323,13.5599996969104,1995,9,NA
47.4833,9.66667,1995-09-11,7.00999984331429,18.4599995873868,12.7349997153506,1995,9,NA
47.4833,9.66667,1995-09-12,9.88999977894127,18.2799995914102,14.0849996851757,1995,9,NA
47.4833,9.66667,1995-09-13,11.3399997465312,21.4599995203316,16.3999996334314,1995,9,NA
47.4833,9.66667,1995-09-14,11.5399997420609,15.0099996645004,13.2749997032806,1995,9,NA
47.4833,9.66667,1995-09-15,10.2599997706711,12.2199997268617,11.2399997487664,1995,9,NA
47.4833,9.66667,1995-09-16,9.1299997959286,13.8699996899813,11.499999742955,1995,9,NA
47.4833,9.66667,1995-09-17,7.16999983973801,17.0899996180087,12.1299997288734,1995,9,NA
47.4833,9.66667,1995-09-18,9.60999978519976,17.9999995976686,13.8049996914342,1995,9,NA
47.4833,9.66667,1995-09-19,8.38999981246889,19.0399995744228,13.7149996934459,1995,9,NA
47.4833,9.66667,1995-09-20,10.359999768436,16.4299996327609,13.3949997005984,1995,9,NA
47.4833,9.66667,1995-09-21,9.96999977715313,14.8899996671826,12.4299997221678,1995,9,NA
47.4833,9.66667,1995-09-22,9.11999979615211,12.0899997297674,10.6049997629598,1995,9,NA
47.4833,9.66667,1995-09-23,7.83999982476234,14.6799996718764,11.2599997483194,1995,9,NA
47.4833,9.66667,1995-09-24,5.12999988533556,15.9299996439368,10.5299997646362,1995,9,NA
47.4833,9.66667,1995-09-25,5.93999986723065,14.629999672994,10.2849997701123,1995,9,NA
47.4833,9.66667,1995-09-26,8.29999981448054,12.4599997214973,10.3799997679889,1995,9,NA
47.4833,9.66667,1995-09-27,6.53999985381961,14.1399996839464,10.339999768883,1995,9,NA
47.4833,9.66667,1995-09-28,7.1199998408556,17.4399996101856,12.2799997255206,1995,9,NA
47.4833,9.66667,1995-09-29,6.77999984845519,11.6799997389317,9.22999979369342,1995,9,NA
47.4833,9.66667,1995-09-30,3.74999991618097,11.2799997478724,7.51499983202666,1995,9,NA
47.4833,9.66667,1995-10-01,1.19999997317791,10.3499997686595,5.77499987091869,1995,10,1996
47.4833,9.66667,1995-10-02,5.87999986857176,10.7699997592717,8.32499981392175,1995,10,1996
47.4833,9.66667,1995-10-03,8.51999980956316,19.0399995744228,13.779999691993,1995,10,1996
47.4833,9.66667,1995-10-04,9.48999978788197,19.3199995681643,14.4049996780232,1995,10,1996
47.4833,9.66667,1995-10-05,11.5799997411668,21.4199995212257,16.4999996311963,1995,10,1996
47.4833,9.66667,1995-10-06,10.9799997545779,21.0499995294958,16.0149996420369,1995,10,1996
47.4833,9.66667,1995-10-07,12.4099997226149,18.2399995923042,15.3249996574596,1995,10,1996
47.4833,9.66667,1995-10-08,9.759999781847,19.0399995744228,14.3999996781349,1995,10,1996
47.4833,9.66667,1995-10-09,10.4199997670949,19.2199995703995,14.8199996687472,1995,10,1996
47.4833,9.66667,1995-10-10,9.87999977916479,17.5699996072799,13.7249996932223,1995,10,1996
47.4833,9.66667,1995-10-11,9.96999977715313,15.8899996448308,12.929999710992,1995,10,1996
47.4833,9.66667,1995-10-12,10.3699997682124,16.7299996260554,13.5499996971339,1995,10,1996
47.4833,9.66667,1995-10-13,9.34999979101121,16.2999996356666,12.8249997133389,1995,10,1996
47.4833,9.66667,1995-10-14,10.049999775365,16.6499996278435,13.3499997016042,1995,10,1996
47.4833,9.66667,1995-10-15,9.61999978497624,16.1499996390194,12.8849997119978,1995,10,1996
47.4833,9.66667,1995-10-16,7.78999982587993,16.389999633655,12.0899997297674,1995,10,1996
47.4833,9.66667,1995-10-17,7.86999982409179,14.5999996736646,11.2349997488782,1995,10,1996
47.4833,9.66667,1995-10-18,8.49999981001019,16.4699996318668,12.4849997209385,1995,10,1996
47.4833,9.66667,1995-10-19,7.5799998305738,16.7399996258318,12.1599997282028,1995,10,1996
47.4833,9.66667,1995-10-20,8.99999979883432,17.5399996079504,13.2699997033924,1995,10,1996
47.4833,9.66667,1995-10-21,7.96999982185662,14.2299996819347,11.0999997518957,1995,10,1996
47.4833,9.66667,1995-10-22,6.24999986030161,12.7699997145683,9.50999978743494,1995,10,1996
47.4833,9.66667,1995-10-23,5.25999988242984,12.4499997217208,8.85499980207533,1995,10,1996
47.4833,9.66667,1995-10-24,4.08999990858138,13.9799996875226,9.03499979805201,1995,10,1996
47.4833,9.66667,1995-10-25,2.6999999396503,10.629999762401,6.66499985102564,1995,10,1996
47.4833,9.66667,1995-10-26,2.2399999499321,14.5599996745586,8.39999981224537,1995,10,1996
47.4833,9.66667,1995-10-27,5.84999986924231,15.9699996430427,10.9099997561425,1995,10,1996
47.4833,9.66667,1995-10-28,6.21999986097217,17.1499996166676,11.6849997388199,1995,10,1996
47.4833,9.66667,1995-10-29,9.79999978095293,17.7199996039271,13.75999969244,1995,10,1996
47.4833,9.66667,1995-10-30,9.22999979369342,15.4099996555597,12.3199997246265,1995,10,1996
47.4833,9.66667,1995-10-31,9.78999978117645,15.8499996457249,12.8199997134507,1995,10,1996
47.4833,9.66667,1995-11-01,9.42999978922307,13.8699996899813,11.6499997396022,1995,11,1996
47.4833,9.66667,1995-11-02,7.06999984197319,12.5599997192621,9.81499978061765,1995,11,1996
47.4833,9.66667,1995-11-03,2.48999994434416,7.65999982878566,5.07499988656491,1995,11,1996
47.4833,9.66667,1995-11-04,2.009999955073,6.91999984532595,4.46499990019947,1995,11,1996
47.4833,9.66667,1995-11-05,-3.34999992512167,2.11999995261431,-0.614999986253679,1995,11,1996
47.4833,9.66667,1995-11-06,-4.8799998909235,0.439999990165234,-2.21999995037913,1995,11,1996
47.4833,9.66667,1995-11-07,-7.90999982319772,1.5499999653548,-3.17999992892146,1995,11,1996
47.4833,9.66667,1995-11-08,-1.79999995976686,6.38999985717237,2.29499994870275,1995,11,1996
47.4833,9.66667,1995-11-09,-0.96999997831881,7.12999984063208,3.07999993115664,1995,11,1996
47.4833,9.66667,1995-11-10,-0.219999995082617,10.4299997668713,5.10499988589436,1995,11,1996
47.4833,9.66667,1995-11-11,-0.489999989047647,9.71999978274107,4.61499989684671,1995,11,1996
47.4833,9.66667,1995-11-12,3.83999991416931,17.4299996104091,10.6349997622892,1995,11,1996
47.4833,9.66667,1995-11-13,4.97999988868833,14.8599996678531,9.91999977827072,1995,11,1996
47.4833,9.66667,1995-11-14,2.57999994233251,10.0599997751415,6.31999985873699,1995,11,1996
47.4833,9.66667,1995-11-15,6.31999985873699,8.8399998024106,7.5799998305738,1995,11,1996
47.4833,9.66667,1995-11-16,4.29999990388751,9.97999977692962,7.13999984040856,1995,11,1996
47.4833,9.66667,1995-11-17,5.17999988421798,9.57999978587031,7.37999983504415,1995,11,1996
47.4833,9.66667,1995-11-18,3.22999992780387,10.049999775365,6.63999985158443,1995,11,1996
47.4833,9.66667,1995-11-19,-3.10999993048608,2.25999994948506,-0.42499999050051,1995,11,1996
47.4833,9.66667,1995-11-20,-5.45999987795949,0.139999996870756,-2.65999994054437,1995,11,1996
47.4833,9.66667,1995-11-21,-3.12999993003905,2.50999994389713,-0.30999999307096,1995,11,1996
47.4833,9.66667,1995-11-22,-5.7999998703599,1.98999995552003,-1.90499995741993,1995,11,1996
47.4833,9.66667,1995-11-23,-5.00999988801777,3.19999992847443,-0.904999979771674,1995,11,1996
47.4833,9.66667,1995-11-24,-1.28999997116625,6.22999986074865,2.4699999447912,1995,11,1996
47.4833,9.66667,1995-11-25,-1.81999995931983,5.92999986745417,2.05499995406717,1995,11,1996
47.4833,9.66667,1995-11-26,-2.29999994859099,3.92999991215765,0.81499998178333,1995,11,1996
47.4833,9.66667,1995-11-27,-1.89999995753169,10.5099997650832,4.30499990377575,1995,11,1996
47.4833,9.66667,1995-11-28,-1.04999997653067,4.72999989427626,1.8399999588728,1995,11,1996
47.4833,9.66667,1995-11-29,0.319999992847443,3.60999991931021,1.96499995607883,1995,11,1996
47.4833,9.66667,1995-11-30,1.44999996758997,6.23999986052513,3.84499991405755,1995,11,1996
47.4833,9.66667,1995-12-01,-0.919999979436398,3.68999991752207,1.38499996904284,1995,12,1996
47.4833,9.66667,1995-12-02,-2.22999995015562,4.77999989315867,1.27499997150153,1995,12,1996
47.4833,9.66667,1995-12-03,-2.61999994143844,5.22999988310039,1.30499997083098,1995,12,1996
47.4833,9.66667,1995-12-04,-0.419999990612268,2.68999993987381,1.13499997463077,1995,12,1996
47.4833,9.66667,1995-12-05,-2.19999995082617,1.36999996937811,-0.414999990724027,1995,12,1996
47.4833,9.66667,1995-12-06,-3.3899999242276,0.489999989047647,-1.44999996758997,1995,12,1996
47.4833,9.66667,1995-12-07,-5.02999988757074,-0.319999992847443,-2.67499994020909,1995,12,1996
47.4833,9.66667,1995-12-08,-6.5999998524785,-1.29999997094274,-3.94999991171062,1995,12,1996
47.4833,9.66667,1995-12-09,-5.14999988488853,1.21999997273088,-1.96499995607883,1995,12,1996
47.4833,9.66667,1995-12-10,-4.09999990835786,-0.30999999307096,-2.20499995071441,1995,12,1996
47.4833,9.66667,1995-12-11,-4.33999990299344,-1.51999996602535,-2.9299999345094,1995,12,1996
47.4833,9.66667,1995-12-12,-4.23999990522861,-1.53999996557832,-2.88999993540347,1995,12,1996
47.4833,9.66667,1995-12-13,-3.64999991841614,0.26999999396503,-1.68999996222556,1995,12,1996
47.4833,9.66667,1995-12-14,-4.32999990321696,-2.01999995484948,-3.17499992903322,1995,12,1996
47.4833,9.66667,1995-12-15,-7.16999983973801,-2.74999993853271,-4.95999988913536,1995,12,1996
47.4833,9.66667,1995-12-16,-9.39999978989363,-1.79999995976686,-5.59999987483025,1995,12,1996
47.4833,9.66667,1995-12-17,-5.51999987661839,0.909999979659915,-2.30499994847924,1995,12,1996
47.4833,9.66667,1995-12-18,-4.29999990388751,0.61999998614192,-1.8399999588728,1995,12,1996
47.4833,9.66667,1995-12-19,-1.27999997138977,2.76999993808568,0.744999983347952,1995,12,1996
47.4833,9.66667,1995-12-20,-0.409999990835786,3.2699999269098,1.42999996803701,1995,12,1996
47.4833,9.66667,1995-12-21,-0.26999999396503,6.08999986387789,2.90999993495643,1995,12,1996
47.4833,9.66667,1995-12-22,1.96999995596707,5.86999986879528,3.91999991238117,1995,12,1996
47.4833,9.66667,1995-12-23,3.31999992579222,9.73999978229403,6.52999985404313,1995,12,1996
47.4833,9.66667,1995-12-24,5.91999986767769,11.9499997328967,8.93499980028719,1995,12,1996
47.4833,9.66667,1995-12-25,5.31999988108873,9.89999977871776,7.60999982990324,1995,12,1996
47.4833,9.66667,1995-12-26,3.1599999293685,6.17999986186624,4.66999989561737,1995,12,1996
47.4833,9.66667,1995-12-27,-2.1799999512732,2.30999994836748,0.0649999985471368,1995,12,1996
47.4833,9.66667,1995-12-28,-6.57999985292554,-1.79999995976686,-4.1899999063462,1995,12,1996
47.4833,9.66667,1995-12-29,-11.0699997525662,-5.94999986700714,-8.50999980978668,1995,12,1996
47.4833,9.66667,1995-12-30,-10.7799997590482,-5.58999987505376,-8.18499981705099,1995,12,1996
47.4833,9.66667,1995-12-31,-6.6599998511374,-0.409999990835786,-3.53499992098659,1995,12,1996
47.4833,9.66667,1996-01-01,-3.68999991752207,0.709999984130263,-1.4899999666959,1996,1,1996
47.4833,9.66667,1996-01-02,-1.719999961555,3.52999992109835,0.904999979771674,1996,1,1996
47.4833,9.66667,1996-01-03,-1.62999996356666,1.25999997183681,-0.184999995864928,1996,1,1996
47.4833,9.66667,1996-01-04,-1.3199999704957,0.879999980330467,-0.219999995082617,1996,1,1996
47.4833,9.66667,1996-01-05,-3.93999991193414,3.19999992847443,-0.369999991729856,1996,1,1996
47.4833,9.66667,1996-01-06,-6.03999986499548,-1.65999996289611,-3.84999991394579,1996,1,1996
47.4833,9.66667,1996-01-07,-5.20999988354743,0.949999978765845,-2.12999995239079,1996,1,1996
47.4833,9.66667,1996-01-08,-2.99999993294477,5.58999987505376,1.29499997105449,1996,1,1996
47.4833,9.66667,1996-01-09,-0.119999997317791,7.71999982744455,3.79999991506338,1996,1,1996
47.4833,9.66667,1996-01-10,-1.62999996356666,4.8799998909235,1.62499996367842,1996,1,1996
47.4833,9.66667,1996-01-11,-1.45999996736646,10.5299997646362,4.53499989863485,1996,1,1996
47.4833,9.66667,1996-01-12,0.0799999982118607,9.20999979414046,4.64499989617616,1996,1,1996
47.4833,9.66667,1996-01-13,2.39999994635582,9.65999978408217,6.029999865219,1996,1,1996
47.4833,9.66667,1996-01-14,-1.12999997474253,4.8799998909235,1.87499995809048,1996,1,1996
47.4833,9.66667,1996-01-15,-2.16999995149672,1.97999995574355,-0.0949999978765845,1996,1,1996
47.4833,9.66667,1996-01-16,-2.42999994568527,0.979999978095293,-0.724999983794987,1996,1,1996
47.4833,9.66667,1996-01-17,-2.96999993361533,0.559999987483025,-1.20499997306615,1996,1,1996
47.4833,9.66667,1996-01-18,-3.70999991707504,0.139999996870756,-1.78499996010214,1996,1,1996
47.4833,9.66667,1996-01-19,-5.60999987460673,0.389999991282821,-2.60999994166195,1996,1,1996
47.4833,9.66667,1996-01-20,-5.75999987125397,-0.899999979883432,-3.3299999255687,1996,1,1996
47.4833,9.66667,1996-01-21,-4.85999989137053,-1.6099999640137,-3.23499992769212,1996,1,1996
47.4833,9.66667,1996-01-22,-6.78999984823167,1.56999996490777,-2.60999994166195,1996,1,1996
47.4833,9.66667,1996-01-23,-5.42999987863004,-0.629999985918403,-3.02999993227422,1996,1,1996
47.4833,9.66667,1996-01-24,-4.82999989204109,1.28999997116625,-1.76999996043742,1996,1,1996
47.4833,9.66667,1996-01-25,-2.35999994724989,0.759999983012676,-0.799999982118607,1996,1,1996
47.4833,9.66667,1996-01-26,-3.06999993138015,-1.02999997697771,-2.04999995417893,1996,1,1996
47.4833,9.66667,1996-01-27,-3.57999991998076,-0.319999992847443,-1.9499999564141,1996,1,1996
47.4833,9.66667,1996-01-28,-4.04999990947545,1.65999996289611,-1.19499997328967,1996,1,1996
47.4833,9.66667,1996-01-29,-3.56999992020428,0.0999999977648258,-1.73499996121973,1996,1,1996
47.4833,9.66667,1996-01-30,-3.57999991998076,0.92999997921288,-1.32499997038394,1996,1,1996
47.4833,9.66667,1996-01-31,-4.21999990567565,-1.18999997340143,-2.70499993953854,1996,1,1996
47.4833,9.66667,1996-02-01,-6.1999998614192,-1.12999997474253,-3.66499991808087,1996,2,1996
47.4833,9.66667,1996-02-02,-8.18999981693923,-0.119999997317791,-4.15499990712851,1996,2,1996
47.4833,9.66667,1996-02-03,-3.81999991461635,5.46999987773597,0.824999981559813,1996,2,1996
47.4833,9.66667,1996-02-04,-1.53999996557832,2.56999994255602,0.514999988488853,1996,2,1996
47.4833,9.66667,1996-02-05,-3.17999992892146,-0.239999994635582,-1.70999996177852,1996,2,1996
47.4833,9.66667,1996-02-06,-6.76999984867871,-2.79999993741512,-4.78499989304692,1996,2,1996
47.4833,9.66667,1996-02-07,-10.3099997695535,-2.47999994456768,-6.39499985706061,1996,2,1996
47.4833,9.66667,1996-02-08,-9.1299997959286,1.39999996870756,-3.86499991361052,1996,2,1996
47.4833,9.66667,1996-02-09,-6.24999986030161,-2.52999994345009,-4.38999990187585,1996,2,1996
47.4833,9.66667,1996-02-10,-5.82999986968935,0.919999979436398,-2.45499994512647,1996,2,1996
47.4833,9.66667,1996-02-11,-7.0599998421967,1.85999995842576,-2.59999994188547,1996,2,1996
47.4833,9.66667,1996-02-12,-3.17999992892146,3.27999992668629,0.0499999988824129,1996,2,1996
47.4833,9.66667,1996-02-13,-1.39999996870756,7.18999983929098,2.89499993529171,1996,2,1996
47.4833,9.66667,1996-02-14,-0.459999989718199,3.60999991931021,1.57499996479601,1996,2,1996
47.4833,9.66667,1996-02-15,-2.36999994702637,-0.26999999396503,-1.3199999704957,1996,2,1996
47.4833,9.66667,1996-02-16,-5.28999988175929,0.369999991729856,-2.45999994501472,1996,2,1996
47.4833,9.66667,1996-02-17,-5.72999987192452,1.16999997384846,-2.27999994903803,1996,2,1996
47.4833,9.66667,1996-02-18,-0.409999990835786,3.729999916628,1.65999996289611,1996,2,1996
47.4833,9.66667,1996-02-19,-0.329999992623925,5.45999987795949,2.56499994266778,1996,2,1996
47.4833,9.66667,1996-02-20,-1.81999995931983,3.58999991975725,0.884999980218709,1996,2,1996
47.4833,9.66667,1996-02-21,-3.80999991483986,-0.589999986812472,-2.19999995082617,1996,2,1996
47.4833,9.66667,1996-02-22,-4.66999989561737,-0.919999979436398,-2.79499993752688,1996,2,1996
47.4833,9.66667,1996-02-23,-6.96999984420836,-3.54999992065132,-5.25999988242984,1996,2,1996
47.4833,9.66667,1996-02-24,-9.86999977938831,-3.62999991886318,-6.74999984912574,1996,2,1996
47.4833,9.66667,1996-02-25,-10.1099997740239,1.69999996200204,-4.20499990601093,1996,2,1996
47.4833,9.66667,1996-02-26,-5.49999987706542,7.1199998408556,0.809999981895089,1996,2,1996
47.4833,9.66667,1996-02-27,-2.16999995149672,10.7899997588247,4.30999990366399,1996,2,1996
47.4833,9.66667,1996-02-28,-0.899999979883432,10.3899997677654,4.74499989394099,1996,2,1996
47.4833,9.66667,1996-02-29,-3.11999993026257,7.40999983437359,2.14499995205551,1996,2,1996
47.4833,9.66667,1996-03-01,-4.26999990455806,2.29999994859099,-0.984999977983534,1996,3,1996
47.4833,9.66667,1996-03-02,-3.12999993003905,0.899999979883432,-1.11499997507781,1996,3,1996
47.4833,9.66667,1996-03-03,-7.1199998408556,0.26999999396503,-3.42499992344528,1996,3,1996
47.4833,9.66667,1996-03-04,-7.47999983280897,1.3199999704957,-3.07999993115664,1996,3,1996
47.4833,9.66667,1996-03-05,-6.76999984867871,0.0699999984353781,-3.34999992512167,1996,3,1996
47.4833,9.66667,1996-03-06,-7.90999982319772,3.92999991215765,-1.98999995552003,1996,3,1996
47.4833,9.66667,1996-03-07,-4.42999990098178,4.88999989069998,0.229999994859099,1996,3,1996
47.4833,9.66667,1996-03-08,-2.03999995440245,5.739999871701,1.84999995864928,1996,3,1996
47.4833,9.66667,1996-03-09,-4.16999990679324,5.14999988488853,0.489999989047647,1996,3,1996
47.4833,9.66667,1996-03-10,-5.22999988310039,5.76999987103045,0.26999999396503,1996,3,1996
47.4833,9.66667,1996-03-11,-5.17999988421798,2.56999994255602,-1.30499997083098,1996,3,1996
47.4833,9.66667,1996-03-12,-6.54999985359609,1.89999995753169,-2.3249999480322,1996,3,1996
47.4833,9.66667,1996-03-13,-8.67999980598688,-2.68999993987381,-5.68499987293035,1996,3,1996
47.4833,9.66667,1996-03-14,-11.1499997507781,-0.159999996423721,-5.6549998736009,1996,3,1996
47.4833,9.66667,1996-03-15,-7.26999983750284,7.0599998421967,-0.104999997653067,1996,3,1996
47.4833,9.66667,1996-03-16,-3.54999992065132,6.21999986097217,1.33499997016042,1996,3,1996
47.4833,9.66667,1996-03-17,-2.67999994009733,6.4899998549372,1.90499995741993,1996,3,1996
47.4833,9.66667,1996-03-18,1.01999997720122,9.07999979704618,5.0499998871237,1996,3,1996
47.4833,9.66667,1996-03-19,1.62999996356666,7.45999983325601,4.54499989841133,1996,3,1996
47.4833,9.66667,1996-03-20,1.09999997541308,6.44999985583127,3.77499991562217,1996,3,1996
47.4833,9.66667,1996-03-21,-1.52999996580184,11.3499997463077,4.90999989025295,1996,3,1996
47.4833,9.66667,1996-03-22,3.729999916628,12.0199997313321,7.87499982398003,1996,3,1996
47.4833,9.66667,1996-03-23,3.68999991752207,7.75999982655048,5.72499987203628,1996,3,1996
47.4833,9.66667,1996-03-24,4.50999989919364,14.939999666065,9.72499978262931,1996,3,1996
47.4833,9.66667,1996-03-25,4.94999988935888,16.8899996224791,10.919999755919,1996,3,1996
47.4833,9.66667,1996-03-26,4.54999989829957,12.9999997094274,8.77499980386347,1996,3,1996
47.4833,9.66667,1996-03-27,6.52999985404313,14.9099996667355,10.7199997603893,1996,3,1996
47.4833,9.66667,1996-03-28,1.28999997116625,7.71999982744455,4.5049998993054,1996,3,1996
47.4833,9.66667,1996-03-29,-1.44999996758997,4.23999990522861,1.39499996881932,1996,3,1996
47.4833,9.66667,1996-03-30,0.219999995082617,5.46999987773597,2.84499993640929,1996,3,1996
47.4833,9.66667,1996-03-31,-1.95999995619059,2.26999994926155,0.15499999653548,1996,3,1996
47.4833,9.66667,1996-04-01,-2.1799999512732,4.33999990299344,1.07999997586012,1996,4,1996
47.4833,9.66667,1996-04-02,-3.0999999307096,6.21999986097217,1.55999996513128,1996,4,1996
47.4833,9.66667,1996-04-03,-0.409999990835786,2.009999955073,0.799999982118607,1996,4,1996
47.4833,9.66667,1996-04-04,-1.27999997138977,1.72999996133149,0.224999994970858,1996,4,1996
47.4833,9.66667,1996-04-05,-1.79999995976686,2.20999995060265,0.204999995417893,1996,4,1996
47.4833,9.66667,1996-04-06,-2.18999995104969,6.73999984934926,2.27499994914979,1996,4,1996
47.4833,9.66667,1996-04-07,-1.12999997474253,12.1799997277558,5.52499987650663,1996,4,1996
47.4833,9.66667,1996-04-08,2.4699999447912,15.1199996620417,8.79499980341643,1996,4,1996
47.4833,9.66667,1996-04-09,3.27999992668629,15.0299996640533,9.1549997953698,1996,4,1996
47.4833,9.66667,1996-04-10,5.70999987237155,13.0399997085333,9.37499979045242,1996,4,1996
47.4833,9.66667,1996-04-11,2.60999994166195,13.5499996971339,8.07999981939793,1996,4,1996
47.4833,9.66667,1996-04-12,6.31999985873699,8.87999980151653,7.59999983012676,1996,4,1996
47.4833,9.66667,1996-04-13,4.79999989271164,10.4699997659773,7.63499982934445,1996,4,1996
47.4833,9.66667,1996-04-14,1.7799999602139,4.99999988824129,3.3899999242276,1996,4,1996
47.4833,9.66667,1996-04-15,0.499999988824129,7.84999982453883,4.17499990668148,1996,4,1996
47.4833,9.66667,1996-04-16,-1.69999996200204,10.3899997677654,4.34499990288168,1996,4,1996
47.4833,9.66667,1996-04-17,-0.679999984800816,14.1199996843934,6.7199998497963,1996,4,1996
47.4833,9.66667,1996-04-18,1.3199999704957,16.1999996379018,8.75999980419874,1996,4,1996
47.4833,9.66667,1996-04-19,6.81999984756112,15.7299996484071,11.2749997479841,1996,4,1996
47.4833,9.66667,1996-04-20,5.01999988779426,18.9699995759875,11.9949997318909,1996,4,1996
47.4833,9.66667,1996-04-21,7.00999984331429,21.529999518767,14.2699996810406,1996,4,1996
47.4833,9.66667,1996-04-22,9.13999979570508,22.5199994966388,15.8299996461719,1996,4,1996
47.4833,9.66667,1996-04-23,10.2099997717887,23.6899994704872,16.949999621138,1996,4,1996
47.4833,9.66667,1996-04-24,12.5199997201562,22.7399994917214,17.6299996059388,1996,4,1996
47.4833,9.66667,1996-04-25,8.41999981179833,13.3899997007102,10.9049997562543,1996,4,1996
47.4833,9.66667,1996-04-26,7.59999983012676,13.6299996953458,10.6149997627363,1996,4,1996
47.4833,9.66667,1996-04-27,5.28999988175929,17.0199996195734,11.1549997506663,1996,4,1996
47.4833,9.66667,1996-04-28,8.24999981559813,18.4299995880574,13.3399997018278,1996,4,1996
47.4833,9.66667,1996-04-29,9.37999979034066,17.6199996061623,13.4999996982515,1996,4,1996
47.4833,9.66667,1996-04-30,9.94999977760017,13.7499996926636,11.8499997351319,1996,4,1996
47.4833,9.66667,1996-05-01,8.8999998010695,13.4199997000396,11.1599997505546,1996,5,NA
47.4833,9.66667,1996-05-02,7.77999982610345,15.3199996575713,11.5499997418374,1996,5,NA
47.4833,9.66667,1996-05-03,7.31999983638525,15.519999653101,11.4199997447431,1996,5,NA
47.4833,9.66667,1996-05-04,5.11999988555908,12.8299997132272,8.97499979939312,1996,5,NA
47.4833,9.66667,1996-05-05,5.87999986857176,12.9799997098744,9.42999978922307,1996,5,NA
47.4833,9.66667,1996-05-06,4.56999989785254,14.9099996667355,9.73999978229403,1996,5,NA
47.4833,9.66667,1996-05-07,6.15999986231327,19.829999556765,12.9949997095391,1996,5,NA
47.4833,9.66667,1996-05-08,7.5799998305738,21.8599995113909,14.7199996709824,1996,5,NA
47.4833,9.66667,1996-05-09,9.3599997907877,18.1599995940924,13.75999969244,1996,5,NA
47.4833,9.66667,1996-05-10,6.83999984711409,11.3799997456372,9.10999979637563,1996,5,NA
47.4833,9.66667,1996-05-11,4.58999989740551,8.71999980509281,6.65499985124916,1996,5,NA
47.4833,9.66667,1996-05-12,6.75999984890223,11.5399997420609,9.14999979548156,1996,5,NA
47.4833,9.66667,1996-05-13,8.54999980889261,11.3899997454137,9.96999977715313,1996,5,NA
47.4833,9.66667,1996-05-14,7.92999982275069,9.74999978207052,8.8399998024106,1996,5,NA
47.4833,9.66667,1996-05-15,7.92999982275069,14.049999685958,10.9899997543544,1996,5,NA
47.4833,9.66667,1996-05-16,10.0899997744709,16.6199996285141,13.3549997014925,1996,5,NA
47.4833,9.66667,1996-05-17,9.9299997780472,20.6999995373189,15.3149996576831,1996,5,NA
47.4833,9.66667,1996-05-18,11.1499997507781,20.1499995496124,15.6499996501952,1996,5,NA
47.4833,9.66667,1996-05-19,9.53999978676438,22.5599994957447,16.0499996412545,1996,5,NA
47.4833,9.66667,1996-05-20,9.28999979235232,19.209999570623,14.2499996814877,1996,5,NA
47.4833,9.66667,1996-05-21,5.85999986901879,9.25999979302287,7.55999983102083,1996,5,NA
47.4833,9.66667,1996-05-22,3.80999991483986,16.0099996421486,9.90999977849424,1996,5,NA
47.4833,9.66667,1996-05-23,6.58999985270202,14.3699996788055,10.4799997657537,1996,5,NA
47.4833,9.66667,1996-05-24,7.87999982386827,12.6999997161329,10.2899997700006,1996,5,NA
47.4833,9.66667,1996-05-25,7.86999982409179,23.6099994722754,15.7399996481836,1996,5,NA
47.4833,9.66667,1996-05-26,11.9899997320026,20.2799995467067,16.1349996393546,1996,5,NA
47.4833,9.66667,1996-05-27,10.8699997570366,15.6299996506423,13.2499997038394,1996,5,NA
47.4833,9.66667,1996-05-28,10.1999997720122,15.1099996622652,12.6549997171387,1996,5,NA
47.4833,9.66667,1996-05-29,6.38999985717237,12.929999710992,9.65999978408217,1996,5,NA
47.4833,9.66667,1996-05-30,3.18999992869794,18.6199995838106,10.9049997562543,1996,5,NA
47.4833,9.66667,1996-05-31,7.5799998305738,23.8899994660169,15.7349996482953,1996,5,NA
47.4833,9.66667,1996-06-01,12.4699997212738,26.8499993998557,19.6599995605648,1996,6,NA
47.4833,9.66667,1996-06-02,13.3499997016042,23.0299994852394,18.1899995934218,1996,6,NA
47.4833,9.66667,1996-06-03,13.1299997065216,18.1799995936453,15.6549996500835,1996,6,NA
47.4833,9.66667,1996-06-04,11.8799997344613,15.5599996522069,13.7199996933341,1996,6,NA
47.4833,9.66667,1996-06-05,12.039999730885,17.8899996001273,14.9649996655062,1996,6,NA
47.4833,9.66667,1996-06-06,11.1999997496605,24.1699994597584,17.6849996047094,1996,6,NA
47.4833,9.66667,1996-06-07,14.3099996801466,27.2399993911386,20.7749995356426,1996,6,NA
47.4833,9.66667,1996-06-08,15.5999996513128,29.3799993433058,22.4899994973093,1996,6,NA
47.4833,9.66667,1996-06-09,15.5299996528774,26.5299994070083,21.0299995299429,1996,6,NA
47.4833,9.66667,1996-06-10,16.1699996385723,25.1199994385242,20.6449995385483,1996,6,NA
47.4833,9.66667,1996-06-11,15.3399996571243,26.6799994036555,21.0099995303899,1996,6,NA
47.4833,9.66667,1996-06-12,15.4299996551126,27.1899993922561,21.3099995236844,1996,6,NA
47.4833,9.66667,1996-06-13,15.7099996488541,27.0699993949383,21.3899995218962,1996,6,NA
47.4833,9.66667,1996-06-14,14.5699996743351,21.1799995265901,17.8749996004626,1996,6,NA
47.4833,9.66667,1996-06-15,9.59999978542328,20.8799995332956,15.2399996593595,1996,6,NA
47.4833,9.66667,1996-06-16,9.20999979414046,22.4299994986504,15.8199996463954,1996,6,NA
47.4833,9.66667,1996-06-17,9.51999978721142,22.3299995008856,15.9249996440485,1996,6,NA
47.4833,9.66667,1996-06-18,9.60999978519976,24.139999460429,16.8749996228144,1996,6,NA
47.4833,9.66667,1996-06-19,12.2599997259676,25.2299994360656,18.7449995810166,1996,6,NA
47.4833,9.66667,1996-06-20,14.9799996651709,23.9899994637817,19.4849995644763,1996,6,NA
47.4833,9.66667,1996-06-21,11.5499997418374,18.7799995802343,15.1649996610358,1996,6,NA
47.4833,9.66667,1996-06-22,12.5199997201562,17.7299996037036,15.1249996619299,1996,6,NA
47.4833,9.66667,1996-06-23,7.68999982811511,12.2599997259676,9.97499977704138,1996,6,NA
47.4833,9.66667,1996-06-24,6.43999985605478,11.5699997413903,9.00499979872257,1996,6,NA
47.4833,9.66667,1996-06-25,6.28999985940754,16.1399996392429,11.2149997493252,1996,6,NA
47.4833,9.66667,1996-06-26,7.49999983236194,15.499999653548,11.499999742955,1996,6,NA
47.4833,9.66667,1996-06-27,9.71999978274107,15.4399996548891,12.5799997188151,1996,6,NA
47.4833,9.66667,1996-06-28,9.95999977737665,19.7699995581061,14.8649996677414,1996,6,NA
47.4833,9.66667,1996-06-29,12.0999997295439,22.5299994964153,17.3149996129796,1996,6,NA
47.4833,9.66667,1996-06-30,13.2699997033924,21.4699995201081,17.3699996117502,1996,6,NA
47.4833,9.66667,1996-07-01,11.189999749884,17.3599996119738,14.2749996809289,1996,7,NA
47.4833,9.66667,1996-07-02,10.029999775812,17.0499996189028,13.5399996973574,1996,7,NA
47.4833,9.66667,1996-07-03,10.0199997760355,15.9999996423721,13.0099997092038,1996,7,NA
47.4833,9.66667,1996-07-04,7.87999982386827,20.1099995505065,13.9949996871874,1996,7,NA
47.4833,9.66667,1996-07-05,12.7699997145683,23.6899994704872,18.2299995925277,1996,7,NA
47.4833,9.66667,1996-07-06,14.2199996821582,23.2599994800985,18.7399995811284,1996,7,NA
47.4833,9.66667,1996-07-07,11.7299997378141,15.3999996557832,13.5649996967986,1996,7,NA
47.4833,9.66667,1996-07-08,11.0299997534603,17.6899996045977,14.359999679029,1996,7,NA
47.4833,9.66667,1996-07-09,8.6699998062104,13.0799997076392,10.8749997569248,1996,7,NA
47.4833,9.66667,1996-07-10,7.88999982364476,14.8699996676296,11.3799997456372,1996,7,NA
47.4833,9.66667,1996-07-11,8.96999979950488,12.5799997188151,10.77499975916,1996,7,NA
47.4833,9.66667,1996-07-12,10.5799997635186,19.4099995661527,14.9949996648356,1996,7,NA
47.4833,9.66667,1996-07-13,11.1599997505546,22.1199995055795,16.639999628067,1996,7,NA
47.4833,9.66667,1996-07-14,13.799999691546,24.3099994566292,19.0549995740876,1996,7,NA
47.4833,9.66667,1996-07-15,13.4499996993691,25.5399994291365,19.4949995642528,1996,7,NA
47.4833,9.66667,1996-07-16,14.4799996763468,26.109999416396,20.2949995463714,1996,7,NA
47.4833,9.66667,1996-07-17,15.4899996537715,21.239999525249,18.3649995895103,1996,7,NA
47.4833,9.66667,1996-07-18,10.4399997666478,21.8799995109439,16.1599996387959,1996,7,NA
47.4833,9.66667,1996-07-19,9.68999978341162,22.2999995015562,15.9949996424839,1996,7,NA
47.4833,9.66667,1996-07-20,9.27999979257584,20.6699995379895,14.9749996652827,1996,7,NA
47.4833,9.66667,1996-07-21,8.92999980039895,20.5599995404482,14.7449996704236,1996,7,NA
47.4833,9.66667,1996-07-22,8.50999980978668,21.2499995250255,14.8799996674061,1996,7,NA
47.4833,9.66667,1996-07-23,8.71999980509281,23.7099994700402,16.2149996375665,1996,7,NA
47.4833,9.66667,1996-07-24,12.1999997273088,28.6299993600696,20.4149995436892,1996,7,NA
47.4833,9.66667,1996-07-25,15.7499996479601,23.9599994644523,19.8549995562062,1996,7,NA
47.4833,9.66667,1996-07-26,14.939999666065,21.8699995111674,18.4049995886162,1996,7,NA
47.4833,9.66667,1996-07-27,10.4899997655302,23.53999947384,17.0149996196851,1996,7,NA
47.4833,9.66667,1996-07-28,12.8099997136742,25.5999994277954,19.2049995707348,1996,7,NA
47.4833,9.66667,1996-07-29,15.8799996450543,24.9099994432181,20.3949995441362,1996,7,NA
47.4833,9.66667,1996-07-30,14.7499996703118,24.9399994425476,19.8449995564297,1996,7,NA
47.4833,9.66667,1996-07-31,14.049999685958,20.7499995362014,17.3999996110797,1996,7,NA
47.4833,9.66667,1996-08-01,13.0699997078627,23.8599994666874,18.4649995872751,1996,8,NA
47.4833,9.66667,1996-08-02,14.069999685511,26.8099994007498,20.4399995431304,1996,8,NA
47.4833,9.66667,1996-08-03,15.6899996493012,25.1599994376302,20.4249995434657,1996,8,NA
47.4833,9.66667,1996-08-04,12.5999997183681,17.0399996191263,14.8199996687472,1996,8,NA
47.4833,9.66667,1996-08-05,10.8699997570366,20.2499995473772,15.5599996522069,1996,8,NA
47.4833,9.66667,1996-08-06,10.0399997755885,21.3199995234609,15.6799996495247,1996,8,NA
47.4833,9.66667,1996-08-07,13.8799996897578,22.7199994921684,18.2999995909631,1996,8,NA
47.4833,9.66667,1996-08-08,15.4499996546656,18.8899995777756,17.1699996162206,1996,8,NA
47.4833,9.66667,1996-08-09,14.8199996687472,22.5799994952977,18.6999995820224,1996,8,NA
47.4833,9.66667,1996-08-10,12.8999997116625,24.3799994550645,18.6399995833635,1996,8,NA
47.4833,9.66667,1996-08-11,15.1099996622652,26.2799994125962,20.6949995374307,1996,8,NA
47.4833,9.66667,1996-08-12,14.3299996796995,21.5199995189905,17.924999599345,1996,8,NA
47.4833,9.66667,1996-08-13,12.059999730438,16.369999634102,14.21499968227,1996,8,NA
47.4833,9.66667,1996-08-14,11.3599997460842,18.3499995898455,14.8549996679649,1996,8,NA
47.4833,9.66667,1996-08-15,12.5599997192621,18.10999959521,15.334999657236,1996,8,NA
47.4833,9.66667,1996-08-16,12.8599997125566,19.3799995668232,16.1199996396899,1996,8,NA
47.4833,9.66667,1996-08-17,11.2799997478724,20.8199995346367,16.0499996412545,1996,8,NA
47.4833,9.66667,1996-08-18,10.7499997597188,22.9099994879216,16.8299996238202,1996,8,NA
47.4833,9.66667,1996-08-19,11.0099997539073,22.8999994881451,16.9549996210262,1996,8,NA
47.4833,9.66667,1996-08-20,11.6099997404963,23.6199994720519,17.6149996062741,1996,8,NA
47.4833,9.66667,1996-08-21,12.8599997125566,25.1599994376302,19.0099995750934,1996,8,NA
47.4833,9.66667,1996-08-22,14.6699996720999,21.8299995120615,18.2499995920807,1996,8,NA
47.4833,9.66667,1996-08-23,14.6099996734411,20.4399995431304,17.5249996082857,1996,8,NA
47.4833,9.66667,1996-08-24,14.0599996857345,22.3699994999915,18.214999592863,1996,8,NA
47.4833,9.66667,1996-08-25,13.4499996993691,17.5199996083975,15.4849996538833,1996,8,NA
47.4833,9.66667,1996-08-26,11.1799997501075,19.0499995741993,15.1149996621534,1996,8,NA
47.4833,9.66667,1996-08-27,11.3299997467548,17.8399996012449,14.5849996739998,1996,8,NA
47.4833,9.66667,1996-08-28,12.369999723509,19.5999995619059,15.9849996427074,1996,8,NA
47.4833,9.66667,1996-08-29,11.0599997527897,15.7999996468425,13.4299996998161,1996,8,NA
47.4833,9.66667,1996-08-30,7.33999983593822,18.5499995853752,12.9449997106567,1996,8,NA
47.4833,9.66667,1996-08-31,10.7799997590482,17.0399996191263,13.9099996890873,1996,8,NA
47.4833,9.66667,1996-09-01,9.16999979503453,16.4899996314198,12.8299997132272,1996,9,NA
47.4833,9.66667,1996-09-02,10.0999997742474,11.76999973692,10.9349997555837,1996,9,NA
47.4833,9.66667,1996-09-03,9.0699997972697,15.3699996564537,12.2199997268617,1996,9,NA
47.4833,9.66667,1996-09-04,8.46999981068075,16.8499996233732,12.6599997170269,1996,9,NA
47.4833,9.66667,1996-09-05,10.2399997711182,19.4599995650351,14.8499996680766,1996,9,NA
47.4833,9.66667,1996-09-06,9.01999979838729,18.0399995967746,13.5299996975809,1996,9,NA
47.4833,9.66667,1996-09-07,7.40999983437359,16.0499996412545,11.7299997378141,1996,9,NA
47.4833,9.66667,1996-09-08,5.89999986812472,12.5699997190386,9.23499979358166,1996,9,NA
47.4833,9.66667,1996-09-09,3.52999992109835,13.6199996955693,8.57499980833381,1996,9,NA
47.4833,9.66667,1996-09-10,3.1599999293685,14.4699996765703,8.8149998029694,1996,9,NA
47.4833,9.66667,1996-09-11,3.50999992154539,15.7499996479601,9.62999978475273,1996,9,NA
47.4833,9.66667,1996-09-12,5.38999987952411,16.4099996332079,10.899999756366,1996,9,NA
47.4833,9.66667,1996-09-13,6.6599998511374,15.2399996593595,10.9499997552484,1996,9,NA
47.4833,9.66667,1996-09-14,5.11999988555908,9.55999978631735,7.33999983593822,1996,9,NA
47.4833,9.66667,1996-09-15,5.69999987259507,8.90999980084598,7.30499983672053,1996,9,NA
47.4833,9.66667,1996-09-16,7.26999983750284,14.8199996687472,11.044999753125,1996,9,NA
47.4833,9.66667,1996-09-17,6.55999985337257,15.1499996613711,10.8549997573718,1996,9,NA
47.4833,9.66667,1996-09-18,3.21999992802739,13.779999691993,8.49999981001019,1996,9,NA
47.4833,9.66667,1996-09-19,5.5099998768419,10.31999976933,7.91499982308596,1996,9,NA
47.4833,9.66667,1996-09-20,5.49999987706542,15.1399996615946,10.31999976933,1996,9,NA
47.4833,9.66667,1996-09-21,6.79999984800816,12.5799997188151,9.68999978341162,1996,9,NA
47.4833,9.66667,1996-09-22,7.01999984309077,13.8999996893108,10.4599997662008,1996,9,NA
47.4833,9.66667,1996-09-23,8.54999980889261,13.8399996906519,11.1949997497723,1996,9,NA
47.4833,9.66667,1996-09-24,8.87999980151653,10.8499997574836,9.86499977950007,1996,9,NA
47.4833,9.66667,1996-09-25,7.09999984130263,10.9799997545779,9.03999979794025,1996,9,NA
47.4833,9.66667,1996-09-26,5.90999986790121,13.3699997011572,9.63999978452921,1996,9,NA
47.4833,9.66667,1996-09-27,3.7899999152869,14.089999685064,8.93999980017543,1996,9,NA
47.4833,9.66667,1996-09-28,4.71999989449978,14.1799996830523,9.44999978877604,1996,9,NA
47.4833,9.66667,1996-09-29,8.82999980263412,14.2599996812642,11.5449997419491,1996,9,NA
47.4833,9.66667,1996-09-30,5.84999986924231,15.8599996455014,10.8549997573718,1996,9,NA
47.4833,9.66667,1996-10-01,8.27999981492758,20.3799995444715,14.3299996796995,1996,10,1997
47.4833,9.66667,1996-10-02,8.34999981336296,22.1499995049089,15.2499996591359,1996,10,1997
47.4833,9.66667,1996-10-03,6.37999985739589,10.6399997621775,8.50999980978668,1996,10,1997
47.4833,9.66667,1996-10-04,4.54999989829957,12.639999717474,8.59499980788678,1996,10,1997
47.4833,9.66667,1996-10-05,3.43999992311001,14.2499996814877,8.84499980229884,1996,10,1997
47.4833,9.66667,1996-10-06,5.65999987348914,9.39999978989363,7.52999983169138,1996,10,1997
47.4833,9.66667,1996-10-07,5.39999987930059,11.7199997380376,8.55999980866909,1996,10,1997
47.4833,9.66667,1996-10-08,5.38999987952411,12.8099997136742,9.09999979659915,1996,10,1997
47.4833,9.66667,1996-10-09,8.74999980442226,11.3399997465312,10.0449997754768,1996,10,1997
47.4833,9.66667,1996-10-10,9.39999978989363,10.9899997543544,10.194999772124,1996,10,1997
47.4833,9.66667,1996-10-11,9.44999978877604,11.5799997411668,10.5149997649714,1996,10,1997
47.4833,9.66667,1996-10-12,7.73999982699752,13.1199997067451,10.4299997668713,1996,10,1997
47.4833,9.66667,1996-10-13,5.54999987594783,15.2999996580184,10.4249997669831,1996,10,1997
47.4833,9.66667,1996-10-14,5.48999987728894,17.9099995996803,11.6999997384846,1996,10,1997
47.4833,9.66667,1996-10-15,7.63999982923269,20.4499995429069,14.0449996860698,1996,10,1997
47.4833,9.66667,1996-10-16,8.85999980196357,15.3099996577948,12.0849997298792,1996,10,1997
47.4833,9.66667,1996-10-17,8.48999981023371,11.8299997355789,10.1599997729063,1996,10,1997
47.4833,9.66667,1996-10-18,5.31999988108873,7.5799998305738,6.44999985583127,1996,10,1997
47.4833,9.66667,1996-10-19,4.31999990344048,10.5699997637421,7.44499983359128,1996,10,1997
47.4833,9.66667,1996-10-20,4.28999990411103,9.17999979481101,6.73499984946102,1996,10,1997
47.4833,9.66667,1996-10-21,4.99999988824129,9.759999781847,7.37999983504415,1996,10,1997
47.4833,9.66667,1996-10-22,7.2899998370558,11.3499997463077,9.31999979168177,1996,10,1997
47.4833,9.66667,1996-10-23,6.6599998511374,13.6599996946752,10.1599997729063,1996,10,1997
47.4833,9.66667,1996-10-24,3.19999992847443,11.6099997404963,7.40499983448535,1996,10,1997
47.4833,9.66667,1996-10-25,1.76999996043742,9.94999977760017,5.85999986901879,1996,10,1997
47.4833,9.66667,1996-10-26,2.54999994300306,10.5199997648597,6.53499985393137,1996,10,1997
47.4833,9.66667,1996-10-27,5.7999998703599,11.1599997505546,8.47999981045723,1996,10,1997
47.4833,9.66667,1996-10-28,3.4999999217689,12.4499997217208,7.97499982174486,1996,10,1997
47.4833,9.66667,1996-10-29,8.3799998126924,17.0199996195734,12.6999997161329,1996,10,1997
47.4833,9.66667,1996-10-30,7.19999983906746,14.9099996667355,11.0549997529015,1996,10,1997
47.4833,9.66667,1996-10-31,3.19999992847443,8.13999981805682,5.66999987326562,1996,10,1997
47.4833,9.66667,1996-11-01,-0.469999989494681,10.2599997706711,4.89499989058822,1996,11,1997
47.4833,9.66667,1996-11-02,4.78999989293516,9.39999978989363,7.09499984141439,1996,11,1997
47.4833,9.66667,1996-11-03,4.99999988824129,13.6199996955693,9.30999979190528,1996,11,1997
47.4833,9.66667,1996-11-04,4.08999990858138,14.1599996834993,9.12499979604036,1996,11,1997
47.4833,9.66667,1996-11-05,3.82999991439283,15.6999996490777,9.76499978173524,1996,11,1997
47.4833,9.66667,1996-11-06,2.90999993495643,11.8099997360259,7.35999983549118,1996,11,1997
47.4833,9.66667,1996-11-07,2.44999994523823,12.6499997172505,7.54999983124435,1996,11,1997
47.4833,9.66667,1996-11-08,6.60999985225499,17.3199996128678,11.9649997325614,1996,11,1997
47.4833,9.66667,1996-11-09,4.72999989427626,9.759999781847,7.24499983806163,1996,11,1997
47.4833,9.66667,1996-11-10,0.819999981671572,9.90999977849424,5.36499988008291,1996,11,1997
47.4833,9.66667,1996-11-11,-0.639999985694885,7.78999982587993,3.57499992009252,1996,11,1997
47.4833,9.66667,1996-11-12,3.04999993182719,16.6799996271729,9.86499977950007,1996,11,1997
47.4833,9.66667,1996-11-13,11.0599997527897,19.3099995683879,15.1849996605888,1996,11,1997
47.4833,9.66667,1996-11-14,5.7999998703599,12.5099997203797,9.1549997953698,1996,11,1997
47.4833,9.66667,1996-11-15,1.42999996803701,5.01999988779426,3.22499992791563,1996,11,1997
47.4833,9.66667,1996-11-16,1.27999997138977,3.83999991416931,2.55999994277954,1996,11,1997
47.4833,9.66667,1996-11-17,2.47999994456768,4.76999989338219,3.62499991897494,1996,11,1997
47.4833,9.66667,1996-11-18,2.25999994948506,4.35999990254641,3.30999992601573,1996,11,1997
47.4833,9.66667,1996-11-19,1.16999997384846,3.53999992087483,2.35499994736165,1996,11,1997
47.4833,9.66667,1996-11-20,0.859999980777502,7.66999982856214,4.26499990466982,1996,11,1997
47.4833,9.66667,1996-11-21,1.74999996088445,7.19999983906746,4.47499989997596,1996,11,1997
47.4833,9.66667,1996-11-22,0.0699999984353781,4.06999990902841,2.06999995373189,1996,11,1997
47.4833,9.66667,1996-11-23,-2.98999993316829,2.21999995037913,-0.384999991394579,1996,11,1997
47.4833,9.66667,1996-11-24,-5.06999988667667,3.05999993160367,-1.0049999775365,1996,11,1997
47.4833,9.66667,1996-11-25,-4.14999990724027,0.569999987259507,-1.78999995999038,1996,11,1997
47.4833,9.66667,1996-11-26,-4.58999989740551,4.00999991036952,-0.289999993517995,1996,11,1997
47.4833,9.66667,1996-11-27,0.759999983012676,3.71999991685152,2.2399999499321,1996,11,1997
47.4833,9.66667,1996-11-28,-0.509999988600612,3.90999991260469,1.69999996200204,1996,11,1997
47.4833,9.66667,1996-11-29,-1.93999995663762,0.229999994859099,-0.854999980889261,1996,11,1997
47.4833,9.66667,1996-11-30,-3.56999992020428,1.69999996200204,-0.934999979101121,1996,11,1997
47.4833,9.66667,1996-12-01,-0.829999981448054,2.16999995149672,0.669999985024333,1996,12,1997
47.4833,9.66667,1996-12-02,-2.04999995417893,2.22999995015562,0.0899999979883432,1996,12,1997
47.4833,9.66667,1996-12-03,-1.84999995864928,4.69999989494681,1.42499996814877,1996,12,1997
47.4833,9.66667,1996-12-04,-0.319999992847443,4.9399998895824,2.30999994836748,1996,12,1997
47.4833,9.66667,1996-12-05,-0.26999999396503,7.68999982811511,3.70999991707504,1996,12,1997
47.4833,9.66667,1996-12-06,-1.02999997697771,6.64999985136092,2.80999993719161,1996,12,1997
47.4833,9.66667,1996-12-07,-2.08999995328486,1.63999996334314,-0.224999994970858,1996,12,1997
47.4833,9.66667,1996-12-08,-2.15999995172024,0.839999981224537,-0.65999998524785,1996,12,1997
47.4833,9.66667,1996-12-09,-3.63999991863966,0.0599999986588955,-1.78999995999038,1996,12,1997
47.4833,9.66667,1996-12-10,-3.9599999114871,-0.689999984577298,-2.3249999480322,1996,12,1997
47.4833,9.66667,1996-12-11,-2.99999993294477,0.999999977648258,-0.999999977648258,1996,12,1997
47.4833,9.66667,1996-12-12,-2.49999994412065,0.739999983459711,-0.879999980330467,1996,12,1997
47.4833,9.66667,1996-12-13,-2.61999994143844,1.01999997720122,-0.799999982118607,1996,12,1997
47.4833,9.66667,1996-12-14,-1.719999961555,4.20999990589917,1.24499997217208,1996,12,1997
47.4833,9.66667,1996-12-15,0.65999998524785,3.54999992065132,2.10499995294958,1996,12,1997
47.4833,9.66667,1996-12-16,-0.399999991059303,3.11999993026257,1.35999996960163,1996,12,1997
47.4833,9.66667,1996-12-17,-2.71999993920326,1.50999996624887,-0.604999986477196,1996,12,1997
47.4833,9.66667,1996-12-18,-2.55999994277954,3.28999992646277,0.364999991841614,1996,12,1997
47.4833,9.66667,1996-12-19,0.949999978765845,9.55999978631735,5.2549998825416,1996,12,1997
47.4833,9.66667,1996-12-20,-1.03999997675419,5.19999988377094,2.07999995350838,1996,12,1997
47.4833,9.66667,1996-12-21,1.00999997742474,5.1099998857826,3.05999993160367,1996,12,1997
47.4833,9.66667,1996-12-22,0.999999977648258,5.30999988131225,3.15499992948025,1996,12,1997
47.4833,9.66667,1996-12-23,0.859999980777502,3.17999992892146,2.01999995484948,1996,12,1997
47.4833,9.66667,1996-12-24,-0.289999993517995,2.43999994546175,1.07499997597188,1996,12,1997
47.4833,9.66667,1996-12-25,-3.12999993003905,0.139999996870756,-1.49499996658415,1996,12,1997
47.4833,9.66667,1996-12-26,-7.09999984130263,-3.21999992802739,-5.15999988466501,1996,12,1997
47.4833,9.66667,1996-12-27,-10.6999997608364,-6.46999985538423,-8.5849998081103,1996,12,1997
47.4833,9.66667,1996-12-28,-13.6499996948987,-8.55999980866909,-11.1049997517839,1996,12,1997
47.4833,9.66667,1996-12-29,-12.1899997275323,-8.64999980665743,-10.4199997670949,1996,12,1997
47.4833,9.66667,1996-12-30,-12.8999997116625,-9.88999977894127,-11.3949997453019,1996,12,1997
47.4833,9.66667,1996-12-31,-11.8599997349083,-5.62999987415969,-8.74499980453402,1996,12,1997
47.4833,9.66667,1997-01-01,-9.02999979816377,-5.94999986700714,-7.48999983258545,1997,1,1997
47.4833,9.66667,1997-01-02,-9.95999977737665,-6.72999984957278,-8.34499981347471,1997,1,1997
47.4833,9.66667,1997-01-03,-10.2499997708946,-4.54999989829957,-7.39999983459711,1997,1,1997
47.4833,9.66667,1997-01-04,-6.83999984711409,-2.11999995261431,-4.4799998998642,1997,1,1997
47.4833,9.66667,1997-01-05,-6.63999985158443,-0.109999997541308,-3.37499992456287,1997,1,1997
47.4833,9.66667,1997-01-06,-6.07999986410141,-0.339999992400408,-3.20999992825091,1997,1,1997
47.4833,9.66667,1997-01-07,-2.67999994009733,-0.00999999977648258,-1.34499996993691,1997,1,1997
47.4833,9.66667,1997-01-08,-3.36999992467463,-0.789999982342124,-2.07999995350838,1997,1,1997
47.4833,9.66667,1997-01-09,-4.94999988935888,-1.24999997206032,-3.0999999307096,1997,1,1997
47.4833,9.66667,1997-01-10,-5.76999987103045,-1.04999997653067,-3.40999992378056,1997,1,1997
47.4833,9.66667,1997-01-11,-4.12999990768731,0.319999992847443,-1.90499995741993,1997,1,1997
47.4833,9.66667,1997-01-12,-2.9299999345094,0.0899999979883432,-1.41999996826053,1997,1,1997
47.4833,9.66667,1997-01-13,-7.24999983794987,-1.06999997608364,-4.15999990701675,1997,1,1997
47.4833,9.66667,1997-01-14,-8.49999981001019,-3.84999991394579,-6.17499986197799,1997,1,1997
47.4833,9.66667,1997-01-15,-8.039999820292,-2.08999995328486,-5.06499988678843,1997,1,1997
47.4833,9.66667,1997-01-16,-7.45999983325601,-0.179999995976686,-3.81999991461635,1997,1,1997
47.4833,9.66667,1997-01-17,-6.64999985136092,-0.999999977648258,-3.82499991450459,1997,1,1997
47.4833,9.66667,1997-01-18,-6.39999985694885,-0.669999985024333,-3.53499992098659,1997,1,1997
47.4833,9.66667,1997-01-19,-6.54999985359609,0.899999979883432,-2.82499993685633,1997,1,1997
47.4833,9.66667,1997-01-20,-5.2799998819828,1.65999996289611,-1.80999995954335,1997,1,1997
47.4833,9.66667,1997-01-21,-0.859999980777502,3.52999992109835,1.33499997016042,1997,1,1997
47.4833,9.66667,1997-01-22,0.179999995976686,3.729999916628,1.95499995630234,1997,1,1997
47.4833,9.66667,1997-01-23,-0.519999988377094,7.04999984242022,3.26499992702156,1997,1,1997
47.4833,9.66667,1997-01-24,0.469999989494681,5.70999987237155,3.08999993093312,1997,1,1997
47.4833,9.66667,1997-01-25,0.00999999977648258,5.81999986991286,2.91499993484467,1997,1,1997
47.4833,9.66667,1997-01-26,-2.34999994747341,1.88999995775521,-0.229999994859099,1997,1,1997
47.4833,9.66667,1997-01-27,-0.669999985024333,1.7799999602139,0.554999987594783,1997,1,1997
47.4833,9.66667,1997-01-28,-0.329999992623925,2.90999993495643,1.28999997116625,1997,1,1997
47.4833,9.66667,1997-01-29,-0.749999983236194,4.68999989517033,1.96999995596707,1997,1,1997
47.4833,9.66667,1997-01-30,-0.799999982118607,2.68999993987381,0.944999978877604,1997,1,1997
47.4833,9.66667,1997-01-31,-2.19999995082617,2.18999995104969,-0.00499999988824129,1997,1,1997
47.4833,9.66667,1997-02-01,-3.52999992109835,1.0899999756366,-1.21999997273088,1997,2,1997
47.4833,9.66667,1997-02-02,-2.99999993294477,2.009999955073,-0.494999988935888,1997,2,1997
47.4833,9.66667,1997-02-03,-4.84999989159405,1.15999997407198,-1.84499995876104,1997,2,1997
47.4833,9.66667,1997-02-04,-4.4199999012053,0.249999994412065,-2.08499995339662,1997,2,1997
47.4833,9.66667,1997-02-05,-4.69999989494681,2.51999994367361,-1.0899999756366,1997,2,1997
47.4833,9.66667,1997-02-06,-1.67999996244907,5.46999987773597,1.89499995764345,1997,2,1997
47.4833,9.66667,1997-02-07,-2.29999994859099,6.09999986365438,1.89999995753169,1997,2,1997
47.4833,9.66667,1997-02-08,-2.34999994747341,8.57999980822206,3.11499993037432,1997,2,1997
47.4833,9.66667,1997-02-09,-0.999999977648258,9.07999979704618,4.03999990969896,1997,2,1997
47.4833,9.66667,1997-02-10,-1.8399999588728,9.31999979168177,3.73999991640449,1997,2,1997
47.4833,9.66667,1997-02-11,-0.88999998010695,12.1499997284263,5.62999987415969,1997,2,1997
47.4833,9.66667,1997-02-12,2.96999993361533,8.98999979905784,5.97999986633658,1997,2,1997
47.4833,9.66667,1997-02-13,3.40999992378056,12.4699997212738,7.93999982252717,1997,2,1997
47.4833,9.66667,1997-02-14,2.07999995350838,11.8499997351319,6.96499984432012,1997,2,1997
47.4833,9.66667,1997-02-15,-0.339999992400408,4.44999990053475,2.05499995406717,1997,2,1997
47.4833,9.66667,1997-02-16,-0.209999995306134,4.84999989159405,2.31999994814396,1997,2,1997
47.4833,9.66667,1997-02-17,-2.94999993406236,3.7899999152869,0.419999990612268,1997,2,1997
47.4833,9.66667,1997-02-18,-3.19999992847443,4.1899999063462,0.494999988935888,1997,2,1997
47.4833,9.66667,1997-02-19,-1.00999997742474,8.1499998178333,3.56999992020428,1997,2,1997
47.4833,9.66667,1997-02-20,0.629999985918403,7.30999983660877,3.96999991126359,1997,2,1997
47.4833,9.66667,1997-02-21,2.75999993830919,9.21999979391694,5.98999986611307,1997,2,1997
47.4833,9.66667,1997-02-22,1.70999996177852,10.8899997565895,6.29999985918403,1997,2,1997
47.4833,9.66667,1997-02-23,1.3799999691546,12.2799997255206,6.8299998473376,1997,2,1997
47.4833,9.66667,1997-02-24,0.809999981895089,12.5899997185916,6.69999985024333,1997,2,1997
47.4833,9.66667,1997-02-25,1.64999996311963,14.089999685064,7.86999982409179,1997,2,1997
47.4833,9.66667,1997-02-26,7.10999984107912,15.7499996479601,11.4299997445196,1997,2,1997
47.4833,9.66667,1997-02-27,5.08999988622963,11.9699997324497,8.52999980933964,1997,2,1997
47.4833,9.66667,1997-02-28,1.87999995797873,4.51999989897013,3.19999992847443,1997,2,1997
47.4833,9.66667,1997-03-01,-0.649999985471368,10.8299997579306,5.08999988622963,1997,3,1997
47.4833,9.66667,1997-03-02,2.33999994769692,13.5799996964633,7.95999982208014,1997,3,1997
47.4833,9.66667,1997-03-03,4.08999990858138,17.8499996010214,10.9699997548014,1997,3,1997
47.4833,9.66667,1997-03-04,5.01999988779426,13.5899996962398,9.30499979201704,1997,3,1997
47.4833,9.66667,1997-03-05,5.92999986745417,15.1999996602535,10.5649997638538,1997,3,1997
47.4833,9.66667,1997-03-06,6.87999984622002,14.7599996700883,10.8199997581542,1997,3,1997
47.4833,9.66667,1997-03-07,3.86999991349876,7.59999983012676,5.73499987181276,1997,3,1997
47.4833,9.66667,1997-03-08,1.28999997116625,11.0299997534603,6.15999986231327,1997,3,1997
47.4833,9.66667,1997-03-09,1.0899999756366,8.53999980911613,4.81499989237636,1997,3,1997
47.4833,9.66667,1997-03-10,1.719999961555,10.609999762848,6.16499986220151,1997,3,1997
47.4833,9.66667,1997-03-11,1.40999996848404,13.4399996995926,7.42499983403832,1997,3,1997
47.4833,9.66667,1997-03-12,1.45999996736646,14.6599996723235,8.05999981984496,1997,3,1997
47.4833,9.66667,1997-03-13,2.22999995015562,16.5199996307492,9.37499979045242,1997,3,1997
47.4833,9.66667,1997-03-14,5.03999988734722,13.9699996877462,9.50499978754669,1997,3,1997
47.4833,9.66667,1997-03-15,1.66999996267259,13.2599997036159,7.46499983314425,1997,3,1997
47.4833,9.66667,1997-03-16,5.28999988175929,9.13999979570508,7.21499983873218,1997,3,1997
47.4833,9.66667,1997-03-17,5.65999987348914,11.6299997400492,8.64499980676919,1997,3,1997
47.4833,9.66667,1997-03-18,6.73999984934926,13.1099997069687,9.92499977815896,1997,3,1997
47.4833,9.66667,1997-03-19,3.5599999204278,16.6199996285141,10.0899997744709,1997,3,1997
47.4833,9.66667,1997-03-20,3.84999991394579,10.9499997552484,7.39999983459711,1997,3,1997
47.4833,9.66667,1997-03-21,1.27999997138977,4.37999990209937,2.82999993674457,1997,3,1997
47.4833,9.66667,1997-03-22,-0.689999984577298,5.28999988175929,2.29999994859099,1997,3,1997
47.4833,9.66667,1997-03-23,-0.459999989718199,7.49999983236194,3.51999992132187,1997,3,1997
47.4833,9.66667,1997-03-24,-1.55999996513128,8.78999980352819,3.61499991919845,1997,3,1997
47.4833,9.66667,1997-03-25,2.6399999409914,8.82999980263412,5.73499987181276,1997,3,1997
47.4833,9.66667,1997-03-26,3.36999992467463,6.76999984867871,5.06999988667667,1997,3,1997
47.4833,9.66667,1997-03-27,2.30999994836748,11.8399997353554,7.07499984186143,1997,3,1997
47.4833,9.66667,1997-03-28,5.86999986879528,13.9399996884167,9.904999778606,1997,3,1997
47.4833,9.66667,1997-03-29,3.46999992243946,10.8899997565895,7.17999983951449,1997,3,1997
47.4833,9.66667,1997-03-30,0.669999985024333,4.96999988891184,2.81999993696809,1997,3,1997
47.4833,9.66667,1997-03-31,0.869999980553985,6.92999984510243,3.89999991282821,1997,3,1997
47.4833,9.66667,1997-04-01,-0.529999988153577,11.5399997420609,5.50499987695366,1997,4,1997
47.4833,9.66667,1997-04-02,0.92999997921288,15.2199996598065,8.07499981950969,1997,4,1997
47.4833,9.66667,1997-04-03,2.41999994590878,16.7199996262789,9.56999978609383,1997,4,1997
47.4833,9.66667,1997-04-04,5.48999987728894,16.3299996349961,10.9099997561425,1997,4,1997
47.4833,9.66667,1997-04-05,1.3799999691546,8.76999980397522,5.07499988656491,1997,4,1997
47.4833,9.66667,1997-04-06,0.259999994188547,6.75999984890223,3.50999992154539,1997,4,1997
47.4833,9.66667,1997-04-07,2.76999993808568,8.58999980799854,5.67999987304211,1997,4,1997
47.4833,9.66667,1997-04-08,-1.6099999640137,8.55999980866909,3.4749999223277,1997,4,1997
47.4833,9.66667,1997-04-09,-2.06999995373189,11.4899997431785,4.7099998947233,1997,4,1997
47.4833,9.66667,1997-04-10,-0.129999997094274,15.4499996546656,7.65999982878566,1997,4,1997
47.4833,9.66667,1997-04-11,4.26999990455806,17.3299996126443,10.7999997586012,1997,4,1997
47.4833,9.66667,1997-04-12,3.83999991416931,16.9999996200204,10.4199997670949,1997,4,1997
47.4833,9.66667,1997-04-13,-1.6099999640137,8.22999981604517,3.30999992601573,1997,4,1997
47.4833,9.66667,1997-04-14,-0.189999995753169,9.96999977715313,4.88999989069998,1997,4,1997
47.4833,9.66667,1997-04-15,-0.449999989941716,12.7199997156858,6.13499986287206,1997,4,1997
47.4833,9.66667,1997-04-16,3.35999992489815,8.74999980442226,6.0549998646602,1997,4,1997
47.4833,9.66667,1997-04-17,0.539999987930059,6.66999985091388,3.60499991942197,1997,4,1997
47.4833,9.66667,1997-04-18,-3.25999992713332,8.2099998164922,2.47499994467944,1997,4,1997
47.4833,9.66667,1997-04-19,-2.29999994859099,12.7599997147918,5.22999988310039,1997,4,1997
47.4833,9.66667,1997-04-20,0.92999997921288,14.7799996696413,7.85499982442707,1997,4,1997
47.4833,9.66667,1997-04-21,-0.239999994635582,5.51999987661839,2.6399999409914,1997,4,1997
47.4833,9.66667,1997-04-22,-2.37999994680285,5.52999987639487,1.57499996479601,1997,4,1997
47.4833,9.66667,1997-04-23,-3.43999992311001,7.26999983750284,1.91499995719641,1997,4,1997
47.4833,9.66667,1997-04-24,-0.869999980553985,11.4199997447431,5.27499988209456,1997,4,1997
47.4833,9.66667,1997-04-25,0.379999991506338,15.7299996484071,8.05499981995672,1997,4,1997
47.4833,9.66667,1997-04-26,4.89999989047647,18.3499995898455,11.624999740161,1997,4,1997
47.4833,9.66667,1997-04-27,8.28999981470406,13.3799997009337,10.8349997578189,1997,4,1997
47.4833,9.66667,1997-04-28,7.24999983794987,9.83999978005886,8.54499980900437,1997,4,1997
47.4833,9.66667,1997-04-29,7.19999983906746,16.6299996282905,11.914999733679,1997,4,1997
47.4833,9.66667,1997-04-30,6.52999985404313,11.3399997465312,8.93499980028719,1997,4,1997
47.4833,9.66667,1997-05-01,5.55999987572432,8.41999981179833,6.98999984376132,1997,5,NA
47.4833,9.66667,1997-05-02,5.85999986901879,13.75999969244,9.80999978072941,1997,5,NA
47.4833,9.66667,1997-05-03,3.50999992154539,18.2799995914102,10.8949997564778,1997,5,NA
47.4833,9.66667,1997-05-04,6.81999984756112,22.0099995080382,14.4149996777996,1997,5,NA
47.4833,9.66667,1997-05-05,11.4099997449666,21.799999512732,16.6049996288493,1997,5,NA
47.4833,9.66667,1997-05-06,9.86999977938831,21.4099995214492,15.6399996504188,1997,5,NA
47.4833,9.66667,1997-05-07,5.24999988265336,19.809999557212,12.5299997199327,1997,5,NA
47.4833,9.66667,1997-05-08,3.22999992780387,9.83999978005886,6.53499985393137,1997,5,NA
47.4833,9.66667,1997-05-09,1.25999997183681,7.04999984242022,4.15499990712851,1997,5,NA
47.4833,9.66667,1997-05-10,1.64999996311963,14.1799996830523,7.91499982308596,1997,5,NA
47.4833,9.66667,1997-05-11,5.52999987639487,15.2899996582419,10.4099997673184,1997,5,NA
47.4833,9.66667,1997-05-12,8.70999980531633,20.7499995362014,14.7299996707588,1997,5,NA
47.4833,9.66667,1997-05-13,8.93999980017543,16.3999996334314,12.6699997168034,1997,5,NA
47.4833,9.66667,1997-05-14,9.13999979570508,19.229999570176,14.1849996829405,1997,5,NA
47.4833,9.66667,1997-05-15,9.27999979257584,20.8299995344132,15.0549996634945,1997,5,NA
47.4833,9.66667,1997-05-16,9.26999979279935,24.6899994481355,16.9799996204674,1997,5,NA
47.4833,9.66667,1997-05-17,11.7299997378141,25.6799994260073,18.7049995819107,1997,5,NA
47.4833,9.66667,1997-05-18,12.2699997257441,25.4799994304776,18.8749995781109,1997,5,NA
47.4833,9.66667,1997-05-19,11.8899997342378,20.8899995330721,16.389999633655,1997,5,NA
47.4833,9.66667,1997-05-20,8.36999981291592,23.1299994830042,15.7499996479601,1997,5,NA
47.4833,9.66667,1997-05-21,10.069999774918,18.5099995862693,14.2899996805936,1997,5,NA
47.4833,9.66667,1997-05-22,8.81999980285764,17.1099996175617,12.9649997102097,1997,5,NA
47.4833,9.66667,1997-05-23,9.17999979481101,14.0299996864051,11.604999740608,1997,5,NA
47.4833,9.66667,1997-05-24,6.62999985180795,17.8899996001273,12.2599997259676,1997,5,NA
47.4833,9.66667,1997-05-25,9.30999979190528,13.7299996931106,11.5199997425079,1997,5,NA
47.4833,9.66667,1997-05-26,7.41999983415008,18.7099995817989,13.0649997079745,1997,5,NA
47.4833,9.66667,1997-05-27,8.39999981224537,19.8799995556474,14.1399996839464,1997,5,NA
47.4833,9.66667,1997-05-28,9.25999979302287,20.5299995411187,14.8949996670708,1997,5,NA
47.4833,9.66667,1997-05-29,7.54999983124435,15.2999996580184,11.4249997446314,1997,5,NA
47.4833,9.66667,1997-05-30,4.38999990187585,19.0199995748699,11.7049997383729,1997,5,NA
47.4833,9.66667,1997-05-31,5.57999987527728,18.8499995786697,12.2149997269735,1997,5,NA
47.4833,9.66667,1997-06-01,5.59999987483025,17.3699996117502,11.4849997432902,1997,6,NA
47.4833,9.66667,1997-06-02,6.44999985583127,13.1199997067451,9.78499978128821,1997,6,NA
47.4833,9.66667,1997-06-03,9.02999979816377,18.0799995958805,13.5549996970221,1997,6,NA
47.4833,9.66667,1997-06-04,10.9599997550249,18.4299995880574,14.6949996715412,1997,6,NA
47.4833,9.66667,1997-06-05,9.27999979257584,20.9399995319545,15.1099996622652,1997,6,NA
47.4833,9.66667,1997-06-06,9.93999977782369,25.1099994387478,17.5249996082857,1997,6,NA
47.4833,9.66667,1997-06-07,12.0699997302145,22.4299994986504,17.2499996144325,1997,6,NA
47.4833,9.66667,1997-06-08,12.4099997226149,25.7899994235486,19.0999995730817,1997,6,NA
47.4833,9.66667,1997-06-09,14.4199996776879,23.1899994816631,18.8049995796755,1997,6,NA
47.4833,9.66667,1997-06-10,12.6299997176975,23.6599994711578,18.1449995944276,1997,6,NA
47.4833,9.66667,1997-06-11,13.9399996884167,26.6199994049966,20.2799995467067,1997,6,NA
47.4833,9.66667,1997-06-12,15.9799996428192,25.7799994237721,20.8799995332956,1997,6,NA
47.4833,9.66667,1997-06-13,14.6899996716529,23.3099994789809,18.9999995753169,1997,6,NA
47.4833,9.66667,1997-06-14,13.9099996890873,22.1599995046854,18.0349995968863,1997,6,NA
47.4833,9.66667,1997-06-15,13.6599996946752,20.3999995440245,17.0299996193498,1997,6,NA
47.4833,9.66667,1997-06-16,11.8799997344613,20.9999995306134,16.4399996325374,1997,6,NA
47.4833,9.66667,1997-06-17,12.3599997237325,22.4599994979799,17.4099996108562,1997,6,NA
47.4833,9.66667,1997-06-18,12.8699997123331,19.8399995565414,16.3549996344373,1997,6,NA
47.4833,9.66667,1997-06-19,11.0799997523427,17.3199996128678,14.1999996826053,1997,6,NA
47.4833,9.66667,1997-06-20,8.17999981716275,14.2499996814877,11.2149997493252,1997,6,NA
47.4833,9.66667,1997-06-21,10.069999774918,17.7899996023625,13.9299996886402,1997,6,NA
47.4833,9.66667,1997-06-22,10.7699997592717,18.6299995835871,14.6999996714294,1997,6,NA
47.4833,9.66667,1997-06-23,8.93999980017543,12.7499997150153,10.8449997575954,1997,6,NA
47.4833,9.66667,1997-06-24,8.8399998024106,15.9799996428192,12.4099997226149,1997,6,NA
47.4833,9.66667,1997-06-25,9.85999977961183,15.1399996615946,12.4999997206032,1997,6,NA
47.4833,9.66667,1997-06-26,8.08999981917441,16.8699996229261,12.4799997210503,1997,6,NA
47.4833,9.66667,1997-06-27,10.3299997691065,15.8299996461719,13.0799997076392,1997,6,NA
47.4833,9.66667,1997-06-28,11.0999997518957,14.2499996814877,12.6749997166917,1997,6,NA
47.4833,9.66667,1997-06-29,11.1999997496605,19.7999995574355,15.499999653548,1997,6,NA
47.4833,9.66667,1997-06-30,12.7599997147918,22.669999493286,17.7149996040389,1997,6,NA
47.4833,9.66667,1997-07-01,10.0199997760355,17.8499996010214,13.9349996885285,1997,7,NA
47.4833,9.66667,1997-07-02,11.0399997532368,18.8199995793402,14.9299996662885,1997,7,NA
47.4833,9.66667,1997-07-03,12.079999729991,23.9699994642287,18.0249995971099,1997,7,NA
47.4833,9.66667,1997-07-04,12.7799997143447,20.1699995491654,16.4749996317551,1997,7,NA
47.4833,9.66667,1997-07-05,12.4599997214973,16.8599996231496,14.6599996723235,1997,7,NA
47.4833,9.66667,1997-07-06,10.4399997666478,12.5099997203797,11.4749997435138,1997,7,NA
47.4833,9.66667,1997-07-07,10.3499997686595,14.3999996781349,12.3749997233972,1997,7,NA
47.4833,9.66667,1997-07-08,9.34999979101121,16.9399996213615,13.1449997061864,1997,7,NA
47.4833,9.66667,1997-07-09,10.4399997666478,20.9899995308369,15.7149996487424,1997,7,NA
47.4833,9.66667,1997-07-10,10.3299997691065,23.559999473393,16.9449996212497,1997,7,NA
47.4833,9.66667,1997-07-11,11.8999997340143,22.8199994899333,17.3599996119738,1997,7,NA
47.4833,9.66667,1997-07-12,12.4899997208267,22.0199995078146,17.2549996143207,1997,7,NA
47.4833,9.66667,1997-07-13,12.4499997217208,23.4099994767457,17.9299995992333,1997,7,NA
47.4833,9.66667,1997-07-14,12.4299997221678,25.0499994400889,18.7399995811284,1997,7,NA
47.4833,9.66667,1997-07-15,13.9899996872991,22.4699994977564,18.2299995925277,1997,7,NA
47.4833,9.66667,1997-07-16,13.3699997011572,21.3499995227903,17.3599996119738,1997,7,NA
47.4833,9.66667,1997-07-17,11.749999737367,24.3099994566292,18.0299995969981,1997,7,NA
47.4833,9.66667,1997-07-18,13.1399997062981,23.2799994796515,18.2099995929748,1997,7,NA
47.4833,9.66667,1997-07-19,12.0299997311085,16.349999634549,14.1899996828288,1997,7,NA
47.4833,9.66667,1997-07-20,10.7299997601658,13.9399996884167,12.3349997242913,1997,7,NA
47.4833,9.66667,1997-07-21,10.9399997554719,17.3399996124208,14.1399996839464,1997,7,NA
47.4833,9.66667,1997-07-22,9.22999979369342,20.3799995444715,14.8049996690825,1997,7,NA
47.4833,9.66667,1997-07-23,10.6699997615069,23.1699994821101,16.9199996218085,1997,7,NA
47.4833,9.66667,1997-07-24,13.2699997033924,20.1499995496124,16.7099996265024,1997,7,NA
47.4833,9.66667,1997-07-25,13.75999969244,23.6199994720519,18.6899995822459,1997,7,NA
47.4833,9.66667,1997-07-26,13.6399996951222,17.5999996066093,15.6199996508658,1997,7,NA
47.4833,9.66667,1997-07-27,12.3599997237325,18.8899995777756,15.624999650754,1997,7,NA
47.4833,9.66667,1997-07-28,11.7099997382611,23.8899994660169,17.799999602139,1997,7,NA
47.4833,9.66667,1997-07-29,15.0599996633828,23.1099994834512,19.084999573417,1997,7,NA
47.4833,9.66667,1997-07-30,13.3799997009337,23.4899994749576,18.4349995879456,1997,7,NA
47.4833,9.66667,1997-07-31,12.9799997098744,25.0499994400889,19.0149995749816,1997,7,NA
47.4833,9.66667,1997-08-01,13.179999705404,21.819999512285,17.4999996088445,1997,8,NA
47.4833,9.66667,1997-08-02,10.5499997641891,13.9199996888638,12.2349997265264,1997,8,NA
47.4833,9.66667,1997-08-03,12.0199997313321,16.5199996307492,14.2699996810406,1997,8,NA
47.4833,9.66667,1997-08-04,13.199999704957,22.6199994944036,17.9099995996803,1997,8,NA
47.4833,9.66667,1997-08-05,14.0099996868521,26.6599994041026,20.3349995454773,1997,8,NA
47.4833,9.66667,1997-08-06,16.2599996365607,27.4299993868917,21.8449995117262,1997,8,NA
47.4833,9.66667,1997-08-07,17.1699996162206,22.7999994903803,19.9849995533004,1997,8,NA
47.4833,9.66667,1997-08-08,14.2999996803701,23.7399994693696,19.0199995748699,1997,8,NA
47.4833,9.66667,1997-08-09,15.499999653548,22.0199995078146,18.7599995806813,1997,8,NA
47.4833,9.66667,1997-08-10,13.5199996978045,23.7599994689226,18.6399995833635,1997,8,NA
47.4833,9.66667,1997-08-11,12.7599997147918,25.9899994190782,19.374999566935,1997,8,NA
47.4833,9.66667,1997-08-12,13.7499996926636,26.7199994027615,20.2349995477125,1997,8,NA
47.4833,9.66667,1997-08-13,14.8799996674061,25.839999422431,20.3599995449185,1997,8,NA
47.4833,9.66667,1997-08-14,14.379999678582,26.4399994090199,20.409999543801,1997,8,NA
47.4833,9.66667,1997-08-15,15.8399996459484,25.9799994193017,20.9099995326251,1997,8,NA
47.4833,9.66667,1997-08-16,15.5499996524304,25.9499994199723,20.7499995362014,1997,8,NA
47.4833,9.66667,1997-08-17,14.9599996656179,24.9299994427711,19.9449995541945,1997,8,NA
47.4833,9.66667,1997-08-18,15.3599996566772,20.7899995353073,18.0749995959923,1997,8,NA
47.4833,9.66667,1997-08-19,13.509999698028,23.1099994834512,18.3099995907396,1997,8,NA
47.4833,9.66667,1997-08-20,12.6299997176975,23.7799994684756,18.2049995930865,1997,8,NA
47.4833,9.66667,1997-08-21,12.7699997145683,24.5099994521588,18.6399995833635,1997,8,NA
47.4833,9.66667,1997-08-22,12.9799997098744,25.4199994318187,19.1999995708466,1997,8,NA
47.4833,9.66667,1997-08-23,13.3899997007102,25.2699994351715,19.3299995679408,1997,8,NA
47.4833,9.66667,1997-08-24,14.069999685511,26.3199994117022,20.1949995486066,1997,8,NA
47.4833,9.66667,1997-08-25,15.3799996562302,26.9699993971735,21.1749995267019,1997,8,NA
47.4833,9.66667,1997-08-26,15.1699996609241,27.2099993918091,21.1899995263666,1997,8,NA
47.4833,9.66667,1997-08-27,16.2799996361136,24.2199994586408,20.2499995473772,1997,8,NA
47.4833,9.66667,1997-08-28,15.2199996598065,24.4299994539469,19.8249995568767,1997,8,NA
47.4833,9.66667,1997-08-29,11.6499997396022,21.6499995160848,16.6499996278435,1997,8,NA
47.4833,9.66667,1997-08-30,9.19999979436398,14.4799996763468,11.8399997353554,1997,8,NA
47.4833,9.66667,1997-08-31,9.85999977961183,17.2599996142089,13.5599996969104,1997,8,NA
47.4833,9.66667,1997-09-01,12.4199997223914,23.4599994756281,17.9399995990098,1997,9,NA
47.4833,9.66667,1997-09-02,13.2899997029454,25.2699994351715,19.2799995690584,1997,9,NA
47.4833,9.66667,1997-09-03,14.5799996741116,22.0499995071441,18.3149995906278,1997,9,NA
47.4833,9.66667,1997-09-04,16.3199996352196,20.8599995337427,18.5899995844811,1997,9,NA
47.4833,9.66667,1997-09-05,15.7099996488541,22.9899994861335,19.3499995674938,1997,9,NA
47.4833,9.66667,1997-09-06,13.8699996899813,24.5799994505942,19.2249995702878,1997,9,NA
47.4833,9.66667,1997-09-07,14.8499996680766,22.1599995046854,18.504999586381,1997,9,NA
47.4833,9.66667,1997-09-08,12.8999997116625,17.4399996101856,15.1699996609241,1997,9,NA
47.4833,9.66667,1997-09-09,9.87999977916479,19.7999995574355,14.8399996683002,1997,9,NA
47.4833,9.66667,1997-09-10,10.2099997717887,21.4699995201081,15.8399996459484,1997,9,NA
47.4833,9.66667,1997-09-11,11.209999749437,17.7699996028095,14.4899996761233,1997,9,NA
47.4833,9.66667,1997-09-12,7.64999982900918,20.9599995315075,14.3049996802583,1997,9,NA
47.4833,9.66667,1997-09-13,12.0699997302145,24.5399994514883,18.3049995908514,1997,9,NA
47.4833,9.66667,1997-09-14,11.1599997505546,16.4899996314198,13.8249996909872,1997,9,NA
47.4833,9.66667,1997-09-15,8.07999981939793,15.229999659583,11.6549997394904,1997,9,NA
47.4833,9.66667,1997-09-16,5.2799998819828,18.0599995963275,11.6699997391552,1997,9,NA
47.4833,9.66667,1997-09-17,7.52999983169138,19.6899995598942,13.6099996957928,1997,9,NA
47.4833,9.66667,1997-09-18,8.98999979905784,20.9199995324016,14.9549996657297,1997,9,NA
47.4833,9.66667,1997-09-19,9.60999978519976,21.0099995303899,15.3099996577948,1997,9,NA
47.4833,9.66667,1997-09-20,9.44999978877604,20.949999531731,15.1999996602535,1997,9,NA
47.4833,9.66667,1997-09-21,11.7199997380376,15.479999653995,13.5999996960163,1997,9,NA
47.4833,9.66667,1997-09-22,10.7399997599423,16.2199996374547,13.4799996986985,1997,9,NA
47.4833,9.66667,1997-09-23,7.87999982386827,16.0899996403605,11.9849997321144,1997,9,NA
47.4833,9.66667,1997-09-24,8.75999980419874,16.0899996403605,12.4249997222796,1997,9,NA
47.4833,9.66667,1997-09-25,8.12999981828034,18.2699995916337,13.199999704957,1997,9,NA
47.4833,9.66667,1997-09-26,7.22999983839691,14.4699996765703,10.8499997574836,1997,9,NA
47.4833,9.66667,1997-09-27,7.00999984331429,16.8199996240437,11.914999733679,1997,9,NA
47.4833,9.66667,1997-09-28,6.73999984934926,16.349999634549,11.5449997419491,1997,9,NA
47.4833,9.66667,1997-09-29,6.56999985314906,16.5899996291846,11.5799997411668,1997,9,NA
47.4833,9.66667,1997-09-30,6.73999984934926,18.399999588728,12.5699997190386,1997,9,NA
47.4833,9.66667,1997-10-01,8.6699998062104,19.3799995668232,14.0249996865168,1997,10,1998
47.4833,9.66667,1997-10-02,12.5499997194856,19.5499995630234,16.0499996412545,1997,10,1998
47.4833,9.66667,1997-10-03,12.7399997152388,20.9099995326251,16.8249996239319,1997,10,1998
47.4833,9.66667,1997-10-04,8.77999980375171,15.9499996434897,12.3649997236207,1997,10,1998
47.4833,9.66667,1997-10-05,4.63999989628792,16.9999996200204,10.8199997581542,1997,10,1998
47.4833,9.66667,1997-10-06,6.45999985560775,19.5799995623529,13.0199997089803,1997,10,1998
47.4833,9.66667,1997-10-07,7.33999983593822,20.9899995308369,14.1649996833876,1997,10,1998
47.4833,9.66667,1997-10-08,10.7699997592717,19.9299995545298,15.3499996569008,1997,10,1998
47.4833,9.66667,1997-10-09,12.3799997232854,20.389999544248,16.3849996337667,1997,10,1998
47.4833,9.66667,1997-10-10,14.069999685511,22.379999499768,18.2249995926395,1997,10,1998
47.4833,9.66667,1997-10-11,10.9599997550249,17.509999608621,14.234999681823,1997,10,1998
47.4833,9.66667,1997-10-12,8.44999981112778,14.0099996868521,11.2299997489899,1997,10,1998
47.4833,9.66667,1997-10-13,6.93999984487891,12.4099997226149,9.6749997837469,1997,10,1998
47.4833,9.66667,1997-10-14,3.99999991059303,8.56999980844557,6.2849998595193,1997,10,1998
47.4833,9.66667,1997-10-15,3.19999992847443,6.8899998459965,5.04499988723546,1997,10,1998
47.4833,9.66667,1997-10-16,2.94999993406236,6.11999986320734,4.53499989863485,1997,10,1998
47.4833,9.66667,1997-10-17,4.88999989069998,8.3799998126924,6.63499985169619,1997,10,1998
47.4833,9.66667,1997-10-18,4.8199998922646,13.779999691993,9.2999997921288,1997,10,1998
47.4833,9.66667,1997-10-19,4.8799998909235,11.6999997384846,8.28999981470406,1997,10,1998
47.4833,9.66667,1997-10-20,5.88999986834824,12.5499997194856,9.21999979391694,1997,10,1998
47.4833,9.66667,1997-10-21,5.1099998857826,13.6999996937811,9.40499978978187,1997,10,1998
47.4833,9.66667,1997-10-22,6.76999984867871,10.0999997742474,8.43499981146306,1997,10,1998
47.4833,9.66667,1997-10-23,5.5099998768419,8.25999981537461,6.88499984610826,1997,10,1998
47.4833,9.66667,1997-10-24,5.76999987103045,8.73999980464578,7.25499983783811,1997,10,1998
47.4833,9.66667,1997-10-25,4.38999990187585,7.69999982789159,6.04499986488372,1997,10,1998
47.4833,9.66667,1997-10-26,0.189999995753169,7.63999982923269,3.91499991249293,1997,10,1998
47.4833,9.66667,1997-10-27,-0.359999991953373,8.8399998024106,4.23999990522861,1997,10,1998
47.4833,9.66667,1997-10-28,1.68999996222556,7.99999982118607,4.84499989170581,1997,10,1998
47.4833,9.66667,1997-10-29,-2.53999994322658,3.83999991416931,0.649999985471368,1997,10,1998
47.4833,9.66667,1997-10-30,-4.51999989897013,5.36999987997115,0.42499999050051,1997,10,1998
47.4833,9.66667,1997-10-31,-4.78999989293516,3.62999991886318,-0.57999998703599,1997,10,1998
47.4833,9.66667,1997-11-01,-3.39999992400408,5.0499998871237,0.824999981559813,1997,11,1998
47.4833,9.66667,1997-11-02,-2.80999993719161,6.32999985851347,1.75999996066093,1997,11,1998
47.4833,9.66667,1997-11-03,-1.72999996133149,7.49999983236194,2.88499993551522,1997,11,1998
47.4833,9.66667,1997-11-04,-1.67999996244907,6.40999985672534,2.36499994713813,1997,11,1998
47.4833,9.66667,1997-11-05,-0.289999993517995,6.81999984756112,3.26499992702156,1997,11,1998
47.4833,9.66667,1997-11-06,2.42999994568527,14.6999996714294,8.56499980855733,1997,11,1998
47.4833,9.66667,1997-11-07,10.1399997733533,21.9399995096028,16.0399996414781,1997,11,1998
47.4833,9.66667,1997-11-08,8.17999981716275,18.2999995909631,13.2399997040629,1997,11,1998
47.4833,9.66667,1997-11-09,4.02999990992248,10.8399997577071,7.4349998338148,1997,11,1998
47.4833,9.66667,1997-11-10,2.44999994523823,8.33999981358647,5.39499987941235,1997,11,1998
47.4833,9.66667,1997-11-11,1.72999996133149,11.1099997516721,6.41999985650182,1997,11,1998
47.4833,9.66667,1997-11-12,2.07999995350838,11.4199997447431,6.74999984912574,1997,11,1998
47.4833,9.66667,1997-11-13,3.20999992825091,8.09999981895089,5.6549998736009,1997,11,1998
47.4833,9.66667,1997-11-14,1.59999996423721,7.25999983772635,4.42999990098178,1997,11,1998
47.4833,9.66667,1997-11-15,1.1499999742955,7.41999983415008,4.28499990422279,1997,11,1998
47.4833,9.66667,1997-11-16,-1.46999996714294,7.16999983973801,2.84999993629754,1997,11,1998
47.4833,9.66667,1997-11-17,3.14999992959201,7.27999983727932,5.21499988343567,1997,11,1998
47.4833,9.66667,1997-11-18,2.89999993517995,7.00999984331429,4.95499988924712,1997,11,1998
47.4833,9.66667,1997-11-19,-0.379999991506338,5.44999987818301,2.53499994333833,1997,11,1998
47.4833,9.66667,1997-11-20,-0.65999998524785,3.58999991975725,1.4649999672547,1997,11,1998
47.4833,9.66667,1997-11-21,-1.44999996758997,8.39999981224537,3.4749999223277,1997,11,1998
47.4833,9.66667,1997-11-22,2.09999995306134,9.96999977715313,6.03499986510724,1997,11,1998
47.4833,9.66667,1997-11-23,-1.1499999742955,5.22999988310039,2.03999995440245,1997,11,1998
47.4833,9.66667,1997-11-24,0.739999983459711,2.82999993674457,1.78499996010214,1997,11,1998
47.4833,9.66667,1997-11-25,-1.25999997183681,5.16999988444149,1.95499995630234,1997,11,1998
47.4833,9.66667,1997-11-26,-1.89999995753169,2.45999994501472,0.279999993741512,1997,11,1998
47.4833,9.66667,1997-11-27,-0.919999979436398,3.48999992199242,1.28499997127801,1997,11,1998
47.4833,9.66667,1997-11-28,-0.57999998703599,3.13999992981553,1.27999997138977,1997,11,1998
47.4833,9.66667,1997-11-29,0.419999990612268,8.93999980017543,4.67999989539385,1997,11,1998
47.4833,9.66667,1997-11-30,4.05999990925193,9.36999979056418,6.71499984990805,1997,11,1998
47.4833,9.66667,1997-12-01,3.07999993115664,7.23999983817339,5.15999988466501,1997,12,1998
47.4833,9.66667,1997-12-02,2.42999994568527,5.1099998857826,3.76999991573393,1997,12,1998
47.4833,9.66667,1997-12-03,-0.589999986812472,3.53999992087483,1.47499996703118,1997,12,1998
47.4833,9.66667,1997-12-04,-2.34999994747341,0.149999996647239,-1.09999997541308,1997,12,1998
47.4833,9.66667,1997-12-05,-3.0999999307096,0.379999991506338,-1.35999996960163,1997,12,1998
47.4833,9.66667,1997-12-06,-3.2699999269098,-0.0299999993294477,-1.64999996311963,1997,12,1998
47.4833,9.66667,1997-12-07,-3.83999991416931,-0.259999994188547,-2.04999995417893,1997,12,1998
47.4833,9.66667,1997-12-08,-4.72999989427626,4.7099998947233,-0.00999999977648258,1997,12,1998
47.4833,9.66667,1997-12-09,-3.25999992713332,4.46999990008771,0.604999986477196,1997,12,1998
47.4833,9.66667,1997-12-10,-0.819999981671572,4.45999990031123,1.81999995931983,1997,12,1998
47.4833,9.66667,1997-12-11,0.689999984577298,8.51999980956316,4.60499989707023,1997,12,1998
47.4833,9.66667,1997-12-12,5.07999988645315,9.68999978341162,7.38499983493239,1997,12,1998
47.4833,9.66667,1997-12-13,4.55999989807606,8.6099998075515,6.58499985281378,1997,12,1998
47.4833,9.66667,1997-12-14,1.18999997340143,4.35999990254641,2.77499993797392,1997,12,1998
47.4833,9.66667,1997-12-15,-1.13999997451901,3.12999993003905,0.994999977760017,1997,12,1998
47.4833,9.66667,1997-12-16,-3.23999992758036,0.919999979436398,-1.15999997407198,1997,12,1998
47.4833,9.66667,1997-12-17,-6.7199998497963,-0.729999983683228,-3.72499991673976,1997,12,1998
47.4833,9.66667,1997-12-18,-6.03999986499548,7.84999982453883,0.904999979771674,1997,12,1998
47.4833,9.66667,1997-12-19,3.92999991215765,10.9599997550249,7.44499983359128,1997,12,1998
47.4833,9.66667,1997-12-20,3.82999991439283,11.0999997518957,7.46499983314425,1997,12,1998
47.4833,9.66667,1997-12-21,0.939999978989363,4.60999989695847,2.77499993797392,1997,12,1998
47.4833,9.66667,1997-12-22,2.57999994233251,4.73999989405274,3.65999991819263,1997,12,1998
47.4833,9.66667,1997-12-23,1.78999995999038,3.71999991685152,2.75499993842095,1997,12,1998
47.4833,9.66667,1997-12-24,0.409999990835786,4.48999989964068,2.44999994523823,1997,12,1998
47.4833,9.66667,1997-12-25,2.4699999447912,8.87999980151653,5.67499987315387,1997,12,1998
47.4833,9.66667,1997-12-26,4.20999990589917,12.2599997259676,8.23499981593341,1997,12,1998
47.4833,9.66667,1997-12-27,3.63999991863966,9.20999979414046,6.42499985639006,1997,12,1998
47.4833,9.66667,1997-12-28,1.58999996446073,5.739999871701,3.66499991808087,1997,12,1998
47.4833,9.66667,1997-12-29,-0.159999996423721,2.9299999345094,1.38499996904284,1997,12,1998
47.4833,9.66667,1997-12-30,-2.72999993897974,2.75999993830919,0.0149999996647239,1997,12,1998
47.4833,9.66667,1997-12-31,-2.58999994210899,5.07999988645315,1.24499997217208,1997,12,1998
47.4833,9.66667,1998-01-01,-0.609999986365438,8.38999981246889,3.88999991305172,1998,1,1998
47.4833,9.66667,1998-01-02,-1.06999997608364,6.13999986276031,2.53499994333833,1998,1,1998
47.4833,9.66667,1998-01-03,0.539999987930059,10.7199997603893,5.62999987415969,1998,1,1998
47.4833,9.66667,1998-01-04,2.85999993607402,9.42999978922307,6.14499986264855,1998,1,1998
47.4833,9.66667,1998-01-05,2.24999994970858,10.0799997746944,6.16499986220151,1998,1,1998
47.4833,9.66667,1998-01-06,0.709999984130263,8.85999980196357,4.78499989304692,1998,1,1998
47.4833,9.66667,1998-01-07,2.36999994702637,7.94999982230365,5.15999988466501,1998,1,1998
47.4833,9.66667,1998-01-08,3.52999992109835,10.049999775365,6.78999984823167,1998,1,1998
47.4833,9.66667,1998-01-09,3.08999993093312,10.6799997612834,6.88499984610826,1998,1,1998
47.4833,9.66667,1998-01-10,0.909999979659915,10.2499997708946,5.57999987527728,1998,1,1998
47.4833,9.66667,1998-01-11,-0.88999998010695,7.749999826774,3.42999992333353,1998,1,1998
47.4833,9.66667,1998-01-12,-1.11999997496605,7.54999983124435,3.21499992813915,1998,1,1998
47.4833,9.66667,1998-01-13,-2.19999995082617,5.29999988153577,1.5499999653548,1998,1,1998
47.4833,9.66667,1998-01-14,-1.72999996133149,6.28999985940754,2.27999994903803,1998,1,1998
47.4833,9.66667,1998-01-15,-1.13999997451901,5.57999987527728,2.21999995037913,1998,1,1998
47.4833,9.66667,1998-01-16,1.33999997004867,6.20999986119568,3.77499991562217,1998,1,1998
47.4833,9.66667,1998-01-17,1.46999996714294,5.09999988600612,3.28499992657453,1998,1,1998
47.4833,9.66667,1998-01-18,0.0299999993294477,4.50999989919364,2.26999994926155,1998,1,1998
47.4833,9.66667,1998-01-19,-3.31999992579222,6.10999986343086,1.39499996881932,1998,1,1998
47.4833,9.66667,1998-01-20,1.39999996870756,7.19999983906746,4.29999990388751,1998,1,1998
47.4833,9.66667,1998-01-21,-1.80999995954335,2.33999994769692,0.264999994076788,1998,1,1998
47.4833,9.66667,1998-01-22,-2.35999994724989,0.689999984577298,-0.834999981336296,1998,1,1998
47.4833,9.66667,1998-01-23,-4.82999989204109,-0.839999981224537,-2.83499993663281,1998,1,1998
47.4833,9.66667,1998-01-24,-6.2599998600781,-0.339999992400408,-3.29999992623925,1998,1,1998
47.4833,9.66667,1998-01-25,-5.32999988086522,-1.40999996848404,-3.36999992467463,1998,1,1998
47.4833,9.66667,1998-01-26,-4.69999989494681,-0.159999996423721,-2.42999994568527,1998,1,1998
47.4833,9.66667,1998-01-27,-3.90999991260469,-1.57999996468425,-2.74499993864447,1998,1,1998
47.4833,9.66667,1998-01-28,-6.96999984420836,-2.35999994724989,-4.66499989572912,1998,1,1998
47.4833,9.66667,1998-01-29,-9.28999979235232,-1.23999997228384,-5.26499988231808,1998,1,1998
47.4833,9.66667,1998-01-30,-6.70999985001981,-0.30999999307096,-3.50999992154539,1998,1,1998
47.4833,9.66667,1998-01-31,-7.61999982967973,-0.229999994859099,-3.92499991226941,1998,1,1998
47.4833,9.66667,1998-02-01,-7.81999982520938,-0.129999997094274,-3.97499991115183,1998,2,1998
47.4833,9.66667,1998-02-02,-7.61999982967973,-1.53999996557832,-4.57999989762902,1998,2,1998
47.4833,9.66667,1998-02-03,-8.19999981671572,0.799999982118607,-3.69999991729856,1998,2,1998
47.4833,9.66667,1998-02-04,-5.15999988466501,1.75999996066093,-1.69999996200204,1998,2,1998
47.4833,9.66667,1998-02-05,-7.78999982587993,-0.0199999995529652,-3.90499991271645,1998,2,1998
47.4833,9.66667,1998-02-06,-9.03999979794025,0.139999996870756,-4.44999990053475,1998,2,1998
47.4833,9.66667,1998-02-07,-8.24999981559813,0.989999977871776,-3.62999991886318,1998,2,1998
47.4833,9.66667,1998-02-08,-7.27999983727932,4.28999990411103,-1.49499996658415,1998,2,1998
47.4833,9.66667,1998-02-09,-2.15999995172024,5.739999871701,1.78999995999038,1998,2,1998
47.4833,9.66667,1998-02-10,-4.16999990679324,6.58999985270202,1.20999997295439,1998,2,1998
47.4833,9.66667,1998-02-11,-2.09999995306134,9.37999979034066,3.63999991863966,1998,2,1998
47.4833,9.66667,1998-02-12,-0.919999979436398,11.9599997326732,5.51999987661839,1998,2,1998
47.4833,9.66667,1998-02-13,0.669999985024333,12.6099997181445,6.63999985158443,1998,2,1998
47.4833,9.66667,1998-02-14,0.709999984130263,11.6299997400492,6.16999986208975,1998,2,1998
47.4833,9.66667,1998-02-15,0.159999996423721,12.7899997141212,6.47499985527247,1998,2,1998
47.4833,9.66667,1998-02-16,0.459999989718199,11.6399997398257,6.04999986477196,1998,2,1998
47.4833,9.66667,1998-02-17,0.819999981671572,14.0199996866286,7.41999983415008,1998,2,1998
47.4833,9.66667,1998-02-18,3.43999992311001,9.50999978743494,6.47499985527247,1998,2,1998
47.4833,9.66667,1998-02-19,-1.46999996714294,9.74999978207052,4.13999990746379,1998,2,1998
47.4833,9.66667,1998-02-20,0.109999997541308,14.0399996861815,7.07499984186143,1998,2,1998
47.4833,9.66667,1998-02-21,0.559999987483025,13.2299997042865,6.89499984588474,1998,2,1998
47.4833,9.66667,1998-02-22,1.64999996311963,16.0899996403605,8.86999980174005,1998,2,1998
47.4833,9.66667,1998-02-23,2.41999994590878,10.2399997711182,6.32999985851347,1998,2,1998
47.4833,9.66667,1998-02-24,1.09999997541308,4.22999990545213,2.66499994043261,1998,2,1998
47.4833,9.66667,1998-02-25,2.4699999447912,8.30999981425703,5.38999987952411,1998,2,1998
47.4833,9.66667,1998-02-26,4.49999989941716,9.11999979615211,6.80999984778464,1998,2,1998
47.4833,9.66667,1998-02-27,1.21999997273088,9.13999979570508,5.17999988421798,1998,2,1998
47.4833,9.66667,1998-02-28,0.749999983236194,11.7599997371435,6.25499986018986,1998,2,1998
47.4833,9.66667,1998-03-01,1.73999996110797,9.22999979369342,5.4849998774007,1998,3,1998
47.4833,9.66667,1998-03-02,0.369999991729856,4.53999989852309,2.45499994512647,1998,3,1998
47.4833,9.66667,1998-03-03,-0.339999992400408,8.8999998010695,4.27999990433455,1998,3,1998
47.4833,9.66667,1998-03-04,0.549999987706542,12.7799997143447,6.66499985102564,1998,3,1998
47.4833,9.66667,1998-03-05,7.84999982453883,17.7299996037036,12.7899997141212,1998,3,1998
47.4833,9.66667,1998-03-06,4.10999990813434,12.6999997161329,8.40499981213361,1998,3,1998
47.4833,9.66667,1998-03-07,0.599999986588955,9.41999978944659,5.00999988801777,1998,3,1998
47.4833,9.66667,1998-03-08,4.73999989405274,13.3899997007102,9.06499979738146,1998,3,1998
47.4833,9.66667,1998-03-09,3.76999991573393,8.44999981112778,6.10999986343086,1998,3,1998
47.4833,9.66667,1998-03-10,-2.98999993316829,3.30999992601573,0.159999996423721,1998,3,1998
47.4833,9.66667,1998-03-11,-5.739999871701,3.05999993160367,-1.33999997004867,1998,3,1998
47.4833,9.66667,1998-03-12,-4.61999989673495,4.65999989584088,0.0199999995529652,1998,3,1998
47.4833,9.66667,1998-03-13,0.0999999977648258,2.73999993875623,1.41999996826053,1998,3,1998
47.4833,9.66667,1998-03-14,-0.599999986588955,3.46999992243946,1.43499996792525,1998,3,1998
47.4833,9.66667,1998-03-15,-0.739999983459711,3.92999991215765,1.59499996434897,1998,3,1998
47.4833,9.66667,1998-03-16,1.93999995663762,4.60999989695847,3.27499992679805,1998,3,1998
47.4833,9.66667,1998-03-17,2.009999955073,5.62999987415969,3.81999991461635,1998,3,1998
47.4833,9.66667,1998-03-18,3.73999991640449,7.27999983727932,5.5099998768419,1998,3,1998
47.4833,9.66667,1998-03-19,3.13999992981553,9.95999977737665,6.54999985359609,1998,3,1998
47.4833,9.66667,1998-03-20,2.4099999461323,6.4299998562783,4.4199999012053,1998,3,1998
47.4833,9.66667,1998-03-21,0.259999994188547,4.6499998960644,2.45499994512647,1998,3,1998
47.4833,9.66667,1998-03-22,-0.999999977648258,3.60999991931021,1.30499997083098,1998,3,1998
47.4833,9.66667,1998-03-23,-5.08999988622963,5.40999987907708,0.159999996423721,1998,3,1998
47.4833,9.66667,1998-03-24,-0.329999992623925,2.34999994747341,1.00999997742474,1998,3,1998
47.4833,9.66667,1998-03-25,-2.60999994166195,1.33999997004867,-0.634999985806644,1998,3,1998
47.4833,9.66667,1998-03-26,-6.30999985896051,4.42999990098178,-0.939999978989363,1998,3,1998
47.4833,9.66667,1998-03-27,-4.85999989137053,8.69999980553985,1.91999995708466,1998,3,1998
47.4833,9.66667,1998-03-28,0.529999988153577,11.3599997460842,5.9449998671189,1998,3,1998
47.4833,9.66667,1998-03-29,1.3199999704957,14.6799996718764,7.99999982118607,1998,3,1998
47.4833,9.66667,1998-03-30,4.89999989047647,18.2599995918572,11.5799997411668,1998,3,1998
47.4833,9.66667,1998-03-31,5.06999988667667,18.4299995880574,11.749999737367,1998,3,1998
47.4833,9.66667,1998-04-01,5.94999986700714,18.6299995835871,12.2899997252971,1998,4,1998
47.4833,9.66667,1998-04-02,7.3499998357147,16.9199996218085,12.1349997287616,1998,4,1998
47.4833,9.66667,1998-04-03,8.39999981224537,16.349999634549,12.3749997233972,1998,4,1998
47.4833,9.66667,1998-04-04,7.15999983996153,18.9499995764345,13.054999708198,1998,4,1998
47.4833,9.66667,1998-04-05,6.61999985203147,15.3699996564537,10.9949997542426,1998,4,1998
47.4833,9.66667,1998-04-06,4.88999989069998,9.30999979190528,7.09999984130263,1998,4,1998
47.4833,9.66667,1998-04-07,4.019999910146,12.6599997170269,8.33999981358647,1998,4,1998
47.4833,9.66667,1998-04-08,3.41999992355704,13.2699997033924,8.34499981347471,1998,4,1998
47.4833,9.66667,1998-04-09,3.69999991729856,11.169999750331,7.4349998338148,1998,4,1998
47.4833,9.66667,1998-04-10,1.44999996758997,12.5499997194856,6.99999984353781,1998,4,1998
47.4833,9.66667,1998-04-11,2.10999995283782,14.5699996743351,8.33999981358647,1998,4,1998
47.4833,9.66667,1998-04-12,1.81999995931983,11.3599997460842,6.58999985270202,1998,4,1998
47.4833,9.66667,1998-04-13,1.66999996267259,5.7999998703599,3.73499991651624,1998,4,1998
47.4833,9.66667,1998-04-14,0.109999997541308,4.05999990925193,2.08499995339662,1998,4,1998
47.4833,9.66667,1998-04-15,-1.10999997518957,7.43999983370304,3.16499992925674,1998,4,1998
47.4833,9.66667,1998-04-16,0.0799999982118607,12.1099997293204,6.09499986376613,1998,4,1998
47.4833,9.66667,1998-04-17,2.12999995239079,9.759999781847,5.9449998671189,1998,4,1998
47.4833,9.66667,1998-04-18,2.2399999499321,12.8599997125566,7.54999983124435,1998,4,1998
47.4833,9.66667,1998-04-19,1.79999995976686,7.22999983839691,4.51499989908189,1998,4,1998
47.4833,9.66667,1998-04-20,2.07999995350838,8.51999980956316,5.29999988153577,1998,4,1998
47.4833,9.66667,1998-04-21,0.499999988824129,14.9499996658415,7.72499982733279,1998,4,1998
47.4833,9.66667,1998-04-22,6.50999985449016,14.2199996821582,10.3649997683242,1998,4,1998
47.4833,9.66667,1998-04-23,4.58999989740551,18.7499995809048,11.6699997391552,1998,4,1998
47.4833,9.66667,1998-04-24,4.88999989069998,20.0099995527416,12.4499997217208,1998,4,1998
47.4833,9.66667,1998-04-25,9.51999978721142,13.9199996888638,11.7199997380376,1998,4,1998
47.4833,9.66667,1998-04-26,6.43999985605478,18.919999577105,12.6799997165799,1998,4,1998
47.4833,9.66667,1998-04-27,9.93999977782369,21.8299995120615,15.8849996449426,1998,4,1998
47.4833,9.66667,1998-04-28,8.88999980129302,22.6199994944036,15.7549996478483,1998,4,1998
47.4833,9.66667,1998-04-29,4.59999989718199,8.13999981805682,6.3699998576194,1998,4,1998
47.4833,9.66667,1998-04-30,4.60999989695847,14.3299996796995,9.46999978832901,1998,4,1998
47.4833,9.66667,1998-05-01,5.65999987348914,20.119999550283,12.889999711886,1998,5,NA
47.4833,9.66667,1998-05-02,8.86999980174005,14.8399996683002,11.8549997350201,1998,5,NA
47.4833,9.66667,1998-05-03,7.30999983660877,9.6999997831881,8.50499980989844,1998,5,NA
47.4833,9.66667,1998-05-04,5.95999986678362,15.0099996645004,10.484999765642,1998,5,NA
47.4833,9.66667,1998-05-05,6.66999985091388,10.5499997641891,8.6099998075515,1998,5,NA
47.4833,9.66667,1998-05-06,2.49999994412065,13.6199996955693,8.05999981984496,1998,5,NA
47.4833,9.66667,1998-05-07,7.2899998370558,14.0599996857345,10.6749997613952,1998,5,NA
47.4833,9.66667,1998-05-08,6.37999985739589,18.3499995898455,12.3649997236207,1998,5,NA
47.4833,9.66667,1998-05-09,8.29999981448054,22.6999994926155,15.499999653548,1998,5,NA
47.4833,9.66667,1998-05-10,10.7699997592717,22.7299994919449,16.7499996256083,1998,5,NA
47.4833,9.66667,1998-05-11,10.8899997565895,25.52999942936,18.2099995929748,1998,5,NA
47.4833,9.66667,1998-05-12,11.9999997317791,25.8099994231015,18.9049995774403,1998,5,NA
47.4833,9.66667,1998-05-13,12.2899997252971,26.3899994101375,19.3399995677173,1998,5,NA
47.4833,9.66667,1998-05-14,12.6499997172505,26.3899994101375,19.519999563694,1998,5,NA
47.4833,9.66667,1998-05-15,12.0199997313321,24.4499994534999,18.234999592416,1998,5,NA
47.4833,9.66667,1998-05-16,9.41999978944659,21.8799995109439,15.6499996501952,1998,5,NA
47.4833,9.66667,1998-05-17,6.91999984532595,18.7799995802343,12.8499997127801,1998,5,NA
47.4833,9.66667,1998-05-18,6.37999985739589,16.079999640584,11.2299997489899,1998,5,NA
47.4833,9.66667,1998-05-19,4.6499998960644,14.9999996647239,9.82499978039414,1998,5,NA
47.4833,9.66667,1998-05-20,5.72999987192452,19.3699995670468,12.5499997194856,1998,5,NA
47.4833,9.66667,1998-05-21,6.81999984756112,21.4499995205551,14.1349996840581,1998,5,NA
47.4833,9.66667,1998-05-22,9.67999978363514,19.9999995529652,14.8399996683002,1998,5,NA
47.4833,9.66667,1998-05-23,9.18999979458749,13.9299996886402,11.5599997416139,1998,5,NA
47.4833,9.66667,1998-05-24,6.21999986097217,15.4399996548891,10.8299997579306,1998,5,NA
47.4833,9.66667,1998-05-25,6.6599998511374,15.2599996589124,10.9599997550249,1998,5,NA
47.4833,9.66667,1998-05-26,8.17999981716275,17.529999608174,12.8549997126684,1998,5,NA
47.4833,9.66667,1998-05-27,10.0199997760355,18.5499995853752,14.2849996807054,1998,5,NA
47.4833,9.66667,1998-05-28,9.89999977871776,20.0699995514005,14.9849996650591,1998,5,NA
47.4833,9.66667,1998-05-29,11.169999750331,21.1199995279312,16.1449996391311,1998,5,NA
47.4833,9.66667,1998-05-30,11.8999997340143,15.8599996455014,13.8799996897578,1998,5,NA
47.4833,9.66667,1998-05-31,10.8899997565895,20.8899995330721,15.8899996448308,1998,5,NA
47.4833,9.66667,1998-06-01,10.899999756366,23.2899994794279,17.094999617897,1998,6,NA
47.4833,9.66667,1998-06-02,9.70999978296459,20.2399995476007,14.9749996652827,1998,6,NA
47.4833,9.66667,1998-06-03,11.6199997402728,25.1099994387478,18.3649995895103,1998,6,NA
47.4833,9.66667,1998-06-04,13.5799996964633,20.4799995422363,17.0299996193498,1998,6,NA
47.4833,9.66667,1998-06-05,14.0399996861815,24.8699994441122,19.4549995651469,1998,6,NA
47.4833,9.66667,1998-06-06,14.6099996734411,30.6599993146956,22.6349994940683,1998,6,NA
47.4833,9.66667,1998-06-07,19.4899995643646,30.8299993108958,25.1599994376302,1998,6,NA
47.4833,9.66667,1998-06-08,14.9299996662885,24.3399994559586,19.6349995611235,1998,6,NA
47.4833,9.66667,1998-06-09,11.0499997530133,19.0599995739758,15.0549996634945,1998,6,NA
47.4833,9.66667,1998-06-10,9.20999979414046,23.4299994762987,16.3199996352196,1998,6,NA
47.4833,9.66667,1998-06-11,13.1899997051805,23.9099994655699,18.5499995853752,1998,6,NA
47.4833,9.66667,1998-06-12,8.96999979950488,14.9899996649474,11.9799997322261,1998,6,NA
47.4833,9.66667,1998-06-13,6.33999985828996,8.85999980196357,7.59999983012676,1998,6,NA
47.4833,9.66667,1998-06-14,5.70999987237155,13.9199996888638,9.81499978061765,1998,6,NA
47.4833,9.66667,1998-06-15,5.17999988421798,17.1499996166676,11.1649997504428,1998,6,NA
47.4833,9.66667,1998-06-16,9.50999978743494,14.7599996700883,12.1349997287616,1998,6,NA
47.4833,9.66667,1998-06-17,8.95999979972839,15.0599996633828,12.0099997315556,1998,6,NA
47.4833,9.66667,1998-06-18,9.03999979794025,17.4499996099621,13.2449997039512,1998,6,NA
47.4833,9.66667,1998-06-19,9.8199997805059,19.6299995612353,14.7249996708706,1998,6,NA
47.4833,9.66667,1998-06-20,10.049999775365,22.9099994879216,16.4799996316433,1998,6,NA
47.4833,9.66667,1998-06-21,12.1399997286499,27.1699993927032,19.6549995606765,1998,6,NA
47.4833,9.66667,1998-06-22,15.5099996533245,29.6399993374944,22.5749994954094,1998,6,NA
47.4833,9.66667,1998-06-23,17.799999602139,25.7899994235486,21.7949995128438,1998,6,NA
47.4833,9.66667,1998-06-24,15.1999996602535,22.109999505803,18.6549995830283,1998,6,NA
47.4833,9.66667,1998-06-25,13.5799996964633,23.229999480769,18.4049995886162,1998,6,NA
47.4833,9.66667,1998-06-26,13.4999996982515,26.4899994079024,19.9949995530769,1998,6,NA
47.4833,9.66667,1998-06-27,15.5699996519834,23.1099994834512,19.3399995677173,1998,6,NA
47.4833,9.66667,1998-06-28,15.3499996569008,24.7099994476885,20.0299995522946,1998,6,NA
47.4833,9.66667,1998-06-29,15.4199996553361,18.2099995929748,16.8149996241555,1998,6,NA
47.4833,9.66667,1998-06-30,13.8699996899813,22.5199994966388,18.1949995933101,1998,6,NA
47.4833,9.66667,1998-07-01,13.2799997031689,23.8199994675815,18.5499995853752,1998,7,NA
47.4833,9.66667,1998-07-02,13.4199997000396,22.5299994964153,17.9749995982274,1998,7,NA
47.4833,9.66667,1998-07-03,13.3699997011572,18.2799995914102,15.8249996462837,1998,7,NA
47.4833,9.66667,1998-07-04,13.3599997013807,18.3299995902926,15.8449996458367,1998,7,NA
47.4833,9.66667,1998-07-05,12.4699997212738,20.1899995487183,16.3299996349961,1998,7,NA
47.4833,9.66667,1998-07-06,13.5399996973574,19.0499995741993,16.2949996357784,1998,7,NA
47.4833,9.66667,1998-07-07,14.1799996830523,23.6599994711578,18.919999577105,1998,7,NA
47.4833,9.66667,1998-07-08,11.2599997483194,19.1699995715171,15.2149996599182,1998,7,NA
47.4833,9.66667,1998-07-09,8.11999981850386,12.6599997170269,10.3899997677654,1998,7,NA
47.4833,9.66667,1998-07-10,8.79999980330467,16.079999640584,12.4399997219443,1998,7,NA
47.4833,9.66667,1998-07-11,12.369999723509,20.5899995397776,16.4799996316433,1998,7,NA
47.4833,9.66667,1998-07-12,14.379999678582,21.3099995236844,17.8449996011332,1998,7,NA
47.4833,9.66667,1998-07-13,14.9799996651709,26.149999415502,20.5649995403364,1998,7,NA
47.4833,9.66667,1998-07-14,13.6899996940047,25.9899994190782,19.8399995565414,1998,7,NA
47.4833,9.66667,1998-07-15,10.9699997548014,19.1499995719641,15.0599996633828,1998,7,NA
47.4833,9.66667,1998-07-16,8.8399998024106,19.5099995639175,14.1749996831641,1998,7,NA
47.4833,9.66667,1998-07-17,10.3099997695535,17.5799996070564,13.944999688305,1998,7,NA
47.4833,9.66667,1998-07-18,13.3099997024983,23.269999479875,18.2899995911866,1998,7,NA
47.4833,9.66667,1998-07-19,15.809999646619,25.1299994383007,20.4699995424598,1998,7,NA
47.4833,9.66667,1998-07-20,15.3999996557832,28.0499993730336,21.7249995144084,1998,7,NA
47.4833,9.66667,1998-07-21,17.6099996063858,30.8899993095547,24.2499994579703,1998,7,NA
47.4833,9.66667,1998-07-22,20.0899995509535,29.3099993448704,24.699999447912,1998,7,NA
47.4833,9.66667,1998-07-23,17.1299996171147,24.2499994579703,20.6899995375425,1998,7,NA
47.4833,9.66667,1998-07-24,16.389999633655,28.4799993634224,22.4349994985387,1998,7,NA
47.4833,9.66667,1998-07-25,16.0899996403605,23.7099994700402,19.8999995552003,1998,7,NA
47.4833,9.66667,1998-07-26,15.9299996439368,21.2299995254725,18.5799995847046,1998,7,NA
47.4833,9.66667,1998-07-27,12.7999997138977,25.52999942936,19.1649995716289,1998,7,NA
47.4833,9.66667,1998-07-28,15.9299996439368,20.63999953866,18.2849995912984,1998,7,NA
47.4833,9.66667,1998-07-29,13.6799996942282,19.3799995668232,16.5299996305257,1998,7,NA
47.4833,9.66667,1998-07-30,13.5299996975809,22.7899994906038,18.1599995940924,1998,7,NA
47.4833,9.66667,1998-07-31,14.069999685511,25.1799994371831,19.6249995613471,1998,7,NA
47.4833,9.66667,1998-08-01,13.5899996962398,19.0599995739758,16.3249996351078,1998,8,NA
47.4833,9.66667,1998-08-02,13.489999698475,23.1799994818866,18.3349995901808,1998,8,NA
47.4833,9.66667,1998-08-03,14.8699996676296,20.9599995315075,17.9149995995685,1998,8,NA
47.4833,9.66667,1998-08-04,14.4899996761233,18.8699995782226,16.6799996271729,1998,8,NA
47.4833,9.66667,1998-08-05,14.3699996788055,20.9999995306134,17.6849996047094,1998,8,NA
47.4833,9.66667,1998-08-06,14.9499996658415,21.3299995232373,18.1399995945394,1998,8,NA
47.4833,9.66667,1998-08-07,11.1399997510016,24.0099994633347,17.5749996071681,1998,8,NA
47.4833,9.66667,1998-08-08,12.1299997288734,26.0799994170666,19.10499957297,1998,8,NA
47.4833,9.66667,1998-08-09,13.8299996908754,28.409999364987,21.1199995279312,1998,8,NA
47.4833,9.66667,1998-08-10,15.9999996423721,29.6599993370473,22.8299994897097,1998,8,NA
47.4833,9.66667,1998-08-11,16.7299996260554,29.1899993475527,22.959999486804,1998,8,NA
47.4833,9.66667,1998-08-12,18.1499995943159,31.3799992986023,24.7649994464591,1998,8,NA
47.4833,9.66667,1998-08-13,18.5699995849282,31.8999992869794,25.2349994359538,1998,8,NA
47.4833,9.66667,1998-08-14,18.10999959521,24.7199994474649,21.4149995213374,1998,8,NA
47.4833,9.66667,1998-08-15,14.4399996772408,23.5299994740635,18.9849995756522,1998,8,NA
47.4833,9.66667,1998-08-16,13.5699996966869,26.1999994143844,19.8849995555356,1998,8,NA
47.4833,9.66667,1998-08-17,15.7199996486306,27.8399993777275,21.7799995131791,1998,8,NA
47.4833,9.66667,1998-08-18,15.4599996544421,28.0699993725866,21.7649995135143,1998,8,NA
47.4833,9.66667,1998-08-19,17.0399996191263,20.8999995328486,18.9699995759875,1998,8,NA
47.4833,9.66667,1998-08-20,15.20999966003,24.1899994593114,19.6999995596707,1998,8,NA
47.4833,9.66667,1998-08-21,14.0199996866286,24.949999442324,19.4849995644763,1998,8,NA
47.4833,9.66667,1998-08-22,15.1799996607006,20.369999544695,17.7749996026978,1998,8,NA
47.4833,9.66667,1998-08-23,13.7099996935576,17.19999961555,15.4549996545538,1998,8,NA
47.4833,9.66667,1998-08-24,11.2299997489899,20.0199995525181,15.624999650754,1998,8,NA
47.4833,9.66667,1998-08-25,12.6099997181445,16.8699996229261,14.7399996705353,1998,8,NA
47.4833,9.66667,1998-08-26,11.4499997440726,18.9799995757639,15.2149996599182,1998,8,NA
47.4833,9.66667,1998-08-27,9.17999979481101,21.5199995189905,15.3499996569008,1998,8,NA
47.4833,9.66667,1998-08-28,10.9299997556955,16.7199996262789,13.8249996909872,1998,8,NA
47.4833,9.66667,1998-08-29,7.16999983973801,15.1699996609241,11.169999750331,1998,8,NA
47.4833,9.66667,1998-08-30,8.81999980285764,14.8599996678531,11.8399997353554,1998,8,NA
47.4833,9.66667,1998-08-31,6.21999986097217,16.6299996282905,11.4249997446314,1998,8,NA
47.4833,9.66667,1998-09-01,8.62999980710447,19.7099995594472,14.1699996832758,1998,9,NA
47.4833,9.66667,1998-09-02,9.67999978363514,20.8299995344132,15.2549996590242,1998,9,NA
47.4833,9.66667,1998-09-03,12.6899997163564,22.8899994883686,17.7899996023625,1998,9,NA
47.4833,9.66667,1998-09-04,15.4599996544421,19.8899995554239,17.674999604933,1998,9,NA
47.4833,9.66667,1998-09-05,13.4199997000396,21.2699995245785,17.344999612309,1998,9,NA
47.4833,9.66667,1998-09-06,12.7999997138977,16.7999996244907,14.7999996691942,1998,9,NA
47.4833,9.66667,1998-09-07,11.2999997474253,18.5199995860457,14.9099996667355,1998,9,NA
47.4833,9.66667,1998-09-08,10.8899997565895,18.5199995860457,14.7049996713176,1998,9,NA
47.4833,9.66667,1998-09-09,12.5199997201562,19.1099995728582,15.8149996465072,1998,9,NA
47.4833,9.66667,1998-09-10,11.7199997380376,24.5599994510412,18.1399995945394,1998,9,NA
47.4833,9.66667,1998-09-11,14.5099996756762,23.6299994718283,19.0699995737523,1998,9,NA
47.4833,9.66667,1998-09-12,12.3899997230619,16.1299996394664,14.2599996812642,1998,9,NA
47.4833,9.66667,1998-09-13,8.64999980665743,11.5999997407198,10.1249997736886,1998,9,NA
47.4833,9.66667,1998-09-14,6.17999986186624,9.86999977938831,8.02499982062727,1998,9,NA
47.4833,9.66667,1998-09-15,5.78999987058342,10.3999997675419,8.09499981906265,1998,9,NA
47.4833,9.66667,1998-09-16,7.70999982766807,12.2399997264147,9.97499977704138,1998,9,NA
47.4833,9.66667,1998-09-17,8.51999980956316,15.3899996560067,11.9549997327849,1998,9,NA
47.4833,9.66667,1998-09-18,8.61999980732799,11.7199997380376,10.1699997726828,1998,9,NA
47.4833,9.66667,1998-09-19,7.749999826774,14.6099996734411,11.1799997501075,1998,9,NA
47.4833,9.66667,1998-09-20,4.66999989561737,14.8799996674061,9.77499978151172,1998,9,NA
47.4833,9.66667,1998-09-21,5.91999986767769,16.9999996200204,11.459999743849,1998,9,NA
47.4833,9.66667,1998-09-22,5.82999986968935,16.4399996325374,11.1349997511134,1998,9,NA
47.4833,9.66667,1998-09-23,6.49999985471368,15.0999996624887,10.7999997586012,1998,9,NA
47.4833,9.66667,1998-09-24,6.75999984890223,13.6899996940047,10.2249997714534,1998,9,NA
47.4833,9.66667,1998-09-25,7.52999983169138,16.1999996379018,11.8649997347966,1998,9,NA
47.4833,9.66667,1998-09-26,9.53999978676438,18.8899995777756,14.21499968227,1998,9,NA
47.4833,9.66667,1998-09-27,9.43999978899956,20.5899995397776,15.0149996643886,1998,9,NA
47.4833,9.66667,1998-09-28,10.4699997659773,17.9499995987862,14.2099996823817,1998,9,NA
47.4833,9.66667,1998-09-29,10.7799997590482,16.0199996419251,13.3999997004867,1998,9,NA
47.4833,9.66667,1998-09-30,10.029999775812,16.909999622032,13.469999698922,1998,9,NA
47.4833,9.66667,1998-10-01,8.73999980464578,14.0199996866286,11.3799997456372,1998,10,1999
47.4833,9.66667,1998-10-02,9.22999979369342,12.7299997154623,10.9799997545779,1998,10,1999
47.4833,9.66667,1998-10-03,5.7999998703599,13.7099996935576,9.75499978195876,1998,10,1999
47.4833,9.66667,1998-10-04,7.92999982275069,13.4299996998161,10.6799997612834,1998,10,1999
47.4833,9.66667,1998-10-05,6.89999984577298,10.3099997695535,8.60499980766326,1998,10,1999
47.4833,9.66667,1998-10-06,6.91999984532595,11.3199997469783,9.11999979615211,1998,10,1999
47.4833,9.66667,1998-10-07,7.77999982610345,14.9999996647239,11.3899997454137,1998,10,1999
47.4833,9.66667,1998-10-08,7.27999983727932,10.1699997726828,8.72499980498105,1998,10,1999
47.4833,9.66667,1998-10-09,7.29999983683228,10.4199997670949,8.85999980196357,1998,10,1999
47.4833,9.66667,1998-10-10,6.84999984689057,13.7399996928871,10.2949997698888,1998,10,1999
47.4833,9.66667,1998-10-11,6.34999985806644,15.1599996611476,10.754999759607,1998,10,1999
47.4833,9.66667,1998-10-12,8.86999980174005,12.1899997275323,10.5299997646362,1998,10,1999
47.4833,9.66667,1998-10-13,7.84999982453883,12.4599997214973,10.1549997730181,1998,10,1999
47.4833,9.66667,1998-10-14,5.07999988645315,12.2999997250736,8.68999980576336,1998,10,1999
47.4833,9.66667,1998-10-15,6.70999985001981,11.789999736473,9.24999979324639,1998,10,1999
47.4833,9.66667,1998-10-16,10.049999775365,16.2899996358901,13.1699997056276,1998,10,1999
47.4833,9.66667,1998-10-17,10.4099997673184,17.3799996115267,13.8949996894225,1998,10,1999
47.4833,9.66667,1998-10-18,8.05999981984496,20.09999955073,14.0799996852875,1998,10,1999
47.4833,9.66667,1998-10-19,7.68999982811511,13.5599996969104,10.6249997625127,1998,10,1999
47.4833,9.66667,1998-10-20,5.84999986924231,8.31999981403351,7.08499984163791,1998,10,1999
47.4833,9.66667,1998-10-21,2.56999994255602,8.93999980017543,5.75499987136573,1998,10,1999
47.4833,9.66667,1998-10-22,1.56999996490777,12.5299997199327,7.04999984242022,1998,10,1999
47.4833,9.66667,1998-10-23,4.43999990075827,15.8799996450543,10.1599997729063,1998,10,1999
47.4833,9.66667,1998-10-24,3.96999991126359,15.2999996580184,9.63499978464097,1998,10,1999
47.4833,9.66667,1998-10-25,7.75999982655048,14.7599996700883,11.2599997483194,1998,10,1999
47.4833,9.66667,1998-10-26,6.94999984465539,13.5999996960163,10.2749997703359,1998,10,1999
47.4833,9.66667,1998-10-27,4.42999990098178,8.36999981291592,6.39999985694885,1998,10,1999
47.4833,9.66667,1998-10-28,3.39999992400408,9.73999978229403,6.56999985314906,1998,10,1999
47.4833,9.66667,1998-10-29,7.36999983526766,17.4199996106327,12.3949997229502,1998,10,1999
47.4833,9.66667,1998-10-30,7.00999984331429,17.7899996023625,12.3999997228384,1998,10,1999
47.4833,9.66667,1998-10-31,3.87999991327524,7.99999982118607,5.93999986723065,1998,10,1999
47.4833,9.66667,1998-11-01,2.22999995015562,7.92999982275069,5.07999988645315,1998,11,1999
47.4833,9.66667,1998-11-02,5.21999988332391,10.6699997615069,7.94499982241541,1998,11,1999
47.4833,9.66667,1998-11-03,3.11999993026257,10.6399997621775,6.87999984622002,1998,11,1999
47.4833,9.66667,1998-11-04,3.43999992311001,10.6699997615069,7.05499984230846,1998,11,1999
47.4833,9.66667,1998-11-05,3.83999991416931,6.27999985963106,5.05999988690019,1998,11,1999
47.4833,9.66667,1998-11-06,1.78999995999038,6.50999985449016,4.14999990724027,1998,11,1999
47.4833,9.66667,1998-11-07,-1.1499999742955,8.95999979972839,3.90499991271645,1998,11,1999
47.4833,9.66667,1998-11-08,0.409999990835786,9.72999978251755,5.06999988667667,1998,11,1999
47.4833,9.66667,1998-11-09,-0.849999981001019,10.6499997619539,4.89999989047647,1998,11,1999
47.4833,9.66667,1998-11-10,3.41999992355704,10.3099997695535,6.86499984655529,1998,11,1999
47.4833,9.66667,1998-11-11,6.67999985069036,10.3799997679889,8.52999980933964,1998,11,1999
47.4833,9.66667,1998-11-12,0.689999984577298,6.67999985069036,3.68499991763383,1998,11,1999
47.4833,9.66667,1998-11-13,-2.53999994322658,4.30999990366399,0.884999980218709,1998,11,1999
47.4833,9.66667,1998-11-14,0.429999990388751,7.8099998254329,4.11999990791082,1998,11,1999
47.4833,9.66667,1998-11-15,0.409999990835786,6.18999986164272,3.29999992623925,1998,11,1999
47.4833,9.66667,1998-11-16,1.719999961555,4.57999989762902,3.14999992959201,1998,11,1999
47.4833,9.66667,1998-11-17,0.609999986365438,3.02999993227422,1.81999995931983,1998,11,1999
47.4833,9.66667,1998-11-18,-2.6999999396503,0.729999983683228,-0.984999977983534,1998,11,1999
47.4833,9.66667,1998-11-19,-6.10999986343086,-0.129999997094274,-3.11999993026257,1998,11,1999
47.4833,9.66667,1998-11-20,-8.56999980844557,-1.16999997384846,-4.86999989114702,1998,11,1999
47.4833,9.66667,1998-11-21,-6.22999986074865,-2.22999995015562,-4.22999990545213,1998,11,1999
47.4833,9.66667,1998-11-22,-9.39999978989363,-3.3299999255687,-6.36499985773116,1998,11,1999
47.4833,9.66667,1998-11-23,-11.7199997380376,-5.21999988332391,-8.46999981068075,1998,11,1999
47.4833,9.66667,1998-11-24,-10.0099997762591,-3.87999991327524,-6.94499984476715,1998,11,1999
47.4833,9.66667,1998-11-25,-5.88999986834824,-0.629999985918403,-3.25999992713332,1998,11,1999
47.4833,9.66667,1998-11-26,-6.49999985471368,1.30999997071922,-2.59499994199723,1998,11,1999
47.4833,9.66667,1998-11-27,-1.85999995842576,2.009999955073,0.0749999983236194,1998,11,1999
47.4833,9.66667,1998-11-28,-0.639999985694885,1.72999996133149,0.544999987818301,1998,11,1999
47.4833,9.66667,1998-11-29,-2.96999993361533,3.60999991931021,0.319999992847443,1998,11,1999
47.4833,9.66667,1998-11-30,-5.97999986633658,0.229999994859099,-2.87499993573874,1998,11,1999
47.4833,9.66667,1998-12-01,-1.59999996423721,0.159999996423721,-0.719999983906746,1998,12,1999
47.4833,9.66667,1998-12-02,-2.49999994412065,0.179999995976686,-1.15999997407198,1998,12,1999
47.4833,9.66667,1998-12-03,-3.92999991215765,-1.19999997317791,-2.56499994266778,1998,12,1999
47.4833,9.66667,1998-12-04,-5.68999987281859,-2.81999993696809,-4.25499990489334,1998,12,1999
47.4833,9.66667,1998-12-05,-6.68999985046685,-2.6999999396503,-4.69499989505857,1998,12,1999
47.4833,9.66667,1998-12-06,-4.53999989852309,-0.679999984800816,-2.60999994166195,1998,12,1999
47.4833,9.66667,1998-12-07,-2.93999993428588,-0.749999983236194,-1.84499995876104,1998,12,1999
47.4833,9.66667,1998-12-08,-4.17999990656972,-1.85999995842576,-3.01999993249774,1998,12,1999
47.4833,9.66667,1998-12-09,-7.06999984197319,-0.519999988377094,-3.79499991517514,1998,12,1999
47.4833,9.66667,1998-12-10,-10.7799997590482,-1.32999997027218,-6.0549998646602,1998,12,1999
47.4833,9.66667,1998-12-11,-4.15999990701675,2.28999994881451,-0.934999979101121,1998,12,1999
47.4833,9.66667,1998-12-12,-0.779999982565641,3.19999992847443,1.20999997295439,1998,12,1999
47.4833,9.66667,1998-12-13,0.549999987706542,5.57999987527728,3.06499993149191,1998,12,1999
47.4833,9.66667,1998-12-14,3.44999992288649,10.7799997590482,7.11499984096736,1998,12,1999
47.4833,9.66667,1998-12-15,3.65999991819263,8.74999980442226,6.20499986130744,1998,12,1999
47.4833,9.66667,1998-12-16,0.809999981895089,9.1299997959286,4.96999988891184,1998,12,1999
47.4833,9.66667,1998-12-17,-1.21999997273088,8.30999981425703,3.54499992076308,1998,12,1999
47.4833,9.66667,1998-12-18,-2.11999995261431,5.94999986700714,1.91499995719641,1998,12,1999
47.4833,9.66667,1998-12-19,-2.04999995417893,4.9399998895824,1.44499996770173,1998,12,1999
47.4833,9.66667,1998-12-20,-2.2399999499321,8.44999981112778,3.10499993059784,1998,12,1999
47.4833,9.66667,1998-12-21,-0.65999998524785,3.74999991618097,1.54499996546656,1998,12,1999
47.4833,9.66667,1998-12-22,-2.79999993741512,0.96999997831881,-0.914999979548156,1998,12,1999
47.4833,9.66667,1998-12-23,-5.58999987505376,0.279999993741512,-2.65499994065613,1998,12,1999
47.4833,9.66667,1998-12-24,-5.98999986611307,3.19999992847443,-1.39499996881932,1998,12,1999
47.4833,9.66667,1998-12-25,-5.54999987594783,1.59999996423721,-1.97499995585531,1998,12,1999
47.4833,9.66667,1998-12-26,-2.28999994881451,4.34999990276992,1.02999997697771,1998,12,1999
47.4833,9.66667,1998-12-27,-1.45999996736646,6.93999984487891,2.73999993875623,1998,12,1999
47.4833,9.66667,1998-12-28,2.79999993741512,11.209999749437,7.00499984342605,1998,12,1999
47.4833,9.66667,1998-12-29,0.489999989047647,10.8599997572601,5.67499987315387,1998,12,1999
47.4833,9.66667,1998-12-30,-0.61999998614192,9.47999978810549,4.42999990098178,1998,12,1999
47.4833,9.66667,1998-12-31,-2.62999994121492,2.21999995037913,-0.204999995417893,1998,12,1999
47.4833,9.66667,1999-01-01,-4.20999990589917,9.40999978967011,2.59999994188547,1999,1,1999
47.4833,9.66667,1999-01-02,1.90999995730817,10.8499997574836,6.37999985739589,1999,1,1999
47.4833,9.66667,1999-01-03,-1.52999996580184,4.69999989494681,1.58499996457249,1999,1,1999
47.4833,9.66667,1999-01-04,-0.319999992847443,8.56999980844557,4.12499990779907,1999,1,1999
47.4833,9.66667,1999-01-05,4.23999990522861,10.0099997762591,7.12499984074384,1999,1,1999
47.4833,9.66667,1999-01-06,3.44999992288649,11.5799997411668,7.51499983202666,1999,1,1999
47.4833,9.66667,1999-01-07,1.23999997228384,8.91999980062246,5.07999988645315,1999,1,1999
47.4833,9.66667,1999-01-08,-0.0599999986588955,12.5799997188151,6.2599998600781,1999,1,1999
47.4833,9.66667,1999-01-09,3.35999992489815,8.2099998164922,5.78499987069517,1999,1,1999
47.4833,9.66667,1999-01-10,0.959999978542328,4.49999989941716,2.72999993897974,1999,1,1999
47.4833,9.66667,1999-01-11,-1.72999996133149,2.26999994926155,0.26999999396503,1999,1,1999
47.4833,9.66667,1999-01-12,-2.10999995283782,1.15999997407198,-0.474999989382923,1999,1,1999
47.4833,9.66667,1999-01-13,-4.26999990455806,-0.179999995976686,-2.22499995026737,1999,1,1999
47.4833,9.66667,1999-01-14,-4.77999989315867,1.19999997317791,-1.78999995999038,1999,1,1999
47.4833,9.66667,1999-01-15,-0.739999983459711,3.5599999204278,1.40999996848404,1999,1,1999
47.4833,9.66667,1999-01-16,-0.279999993741512,6.03999986499548,2.87999993562698,1999,1,1999
47.4833,9.66667,1999-01-17,-0.209999995306134,10.7699997592717,5.2799998819828,1999,1,1999
47.4833,9.66667,1999-01-18,-0.0199999995529652,9.45999978855252,4.71999989449978,1999,1,1999
47.4833,9.66667,1999-01-19,-2.34999994747341,6.52999985404313,2.08999995328486,1999,1,1999
47.4833,9.66667,1999-01-20,-2.02999995462596,4.21999990567565,1.09499997552484,1999,1,1999
47.4833,9.66667,1999-01-21,-3.17999992892146,2.93999993428588,-0.119999997317791,1999,1,1999
47.4833,9.66667,1999-01-22,-3.47999992221594,2.15999995172024,-0.65999998524785,1999,1,1999
47.4833,9.66667,1999-01-23,-4.53999989852309,1.33999997004867,-1.59999996423721,1999,1,1999
47.4833,9.66667,1999-01-24,-4.63999989628792,1.81999995931983,-1.40999996848404,1999,1,1999
47.4833,9.66667,1999-01-25,-4.91999989002943,4.90999989025295,-0.00499999988824129,1999,1,1999
47.4833,9.66667,1999-01-26,-1.74999996088445,8.61999980732799,3.43499992322177,1999,1,1999
47.4833,9.66667,1999-01-27,1.00999997742474,8.39999981224537,4.70499989483505,1999,1,1999
47.4833,9.66667,1999-01-28,-0.0399999991059303,3.41999992355704,1.68999996222556,1999,1,1999
47.4833,9.66667,1999-01-29,-0.429999990388751,2.81999993696809,1.19499997328967,1999,1,1999
47.4833,9.66667,1999-01-30,-3.9599999114871,1.81999995931983,-1.06999997608364,1999,1,1999
47.4833,9.66667,1999-01-31,-8.23999981582165,-5.12999988533556,-6.68499985057861,1999,1,1999
47.4833,9.66667,1999-02-01,-10.0199997760355,-4.27999990433455,-7.14999984018505,1999,2,1999
47.4833,9.66667,1999-02-02,-14.1799996830523,-4.75999989360571,-9.46999978832901,1999,2,1999
47.4833,9.66667,1999-02-03,-8.72999980486929,0.559999987483025,-4.08499990869313,1999,2,1999
47.4833,9.66667,1999-02-04,-4.4799998998642,2.72999993897974,-0.874999980442226,1999,2,1999
47.4833,9.66667,1999-02-05,0.209999995306134,5.09999988600612,2.65499994065613,1999,2,1999
47.4833,9.66667,1999-02-06,-0.00999999977648258,5.71999987214804,2.85499993618578,1999,2,1999
47.4833,9.66667,1999-02-07,-1.27999997138977,1.91999995708466,0.319999992847443,1999,2,1999
47.4833,9.66667,1999-02-08,-1.93999995663762,1.35999996960163,-0.289999993517995,1999,2,1999
47.4833,9.66667,1999-02-09,-4.98999988846481,-1.45999996736646,-3.22499992791563,1999,2,1999
47.4833,9.66667,1999-02-10,-4.66999989561737,-0.719999983906746,-2.69499993976206,1999,2,1999
47.4833,9.66667,1999-02-11,-8.58999980799854,-2.73999993875623,-5.66499987337738,1999,2,1999
47.4833,9.66667,1999-02-12,-9.39999978989363,-3.81999991461635,-6.60999985225499,1999,2,1999
47.4833,9.66667,1999-02-13,-15.3399996571243,-6.56999985314906,-10.9549997551367,1999,2,1999
47.4833,9.66667,1999-02-14,-13.9699996877462,-4.92999988980591,-9.44999978877604,1999,2,1999
47.4833,9.66667,1999-02-15,-10.6999997608364,-3.36999992467463,-7.0349998427555,1999,2,1999
47.4833,9.66667,1999-02-16,-8.65999980643392,0.719999983906746,-3.96999991126359,1999,2,1999
47.4833,9.66667,1999-02-17,-8.90999980084598,2.47999994456768,-3.21499992813915,1999,2,1999
47.4833,9.66667,1999-02-18,-1.88999995775521,2.01999995484948,0.0649999985471368,1999,2,1999
47.4833,9.66667,1999-02-19,-2.28999994881451,1.02999997697771,-0.629999985918403,1999,2,1999
47.4833,9.66667,1999-02-20,0.359999991953373,3.51999992132187,1.93999995663762,1999,2,1999
47.4833,9.66667,1999-02-21,2.34999994747341,4.13999990746379,3.2449999274686,1999,2,1999
47.4833,9.66667,1999-02-22,2.18999995104969,4.55999989807606,3.37499992456287,1999,2,1999
47.4833,9.66667,1999-02-23,-0.719999983906746,4.80999989248812,2.04499995429069,1999,2,1999
47.4833,9.66667,1999-02-24,-2.06999995373189,0.0599999986588955,-1.0049999775365,1999,2,1999
47.4833,9.66667,1999-02-25,-2.11999995261431,0.759999983012676,-0.679999984800816,1999,2,1999
47.4833,9.66667,1999-02-26,-5.40999987907708,0.819999981671572,-2.29499994870275,1999,2,1999
47.4833,9.66667,1999-02-27,-3.44999992288649,5.03999988734722,0.794999982230365,1999,2,1999
47.4833,9.66667,1999-02-28,-3.41999992355704,4.79999989271164,0.689999984577298,1999,2,1999
47.4833,9.66667,1999-03-01,-2.2399999499321,5.95999986678362,1.85999995842576,1999,3,1999
47.4833,9.66667,1999-03-02,-0.61999998614192,8.28999981470406,3.83499991428107,1999,3,1999
47.4833,9.66667,1999-03-03,3.48999992199242,7.87999982386827,5.68499987293035,1999,3,1999
47.4833,9.66667,1999-03-04,2.66999994032085,11.5099997427315,7.08999984152615,1999,3,1999
47.4833,9.66667,1999-03-05,1.0899999756366,8.58999980799854,4.83999989181757,1999,3,1999
47.4833,9.66667,1999-03-06,-0.779999982565641,4.03999990969896,1.62999996356666,1999,3,1999
47.4833,9.66667,1999-03-07,-0.949999978765845,4.91999989002943,1.98499995563179,1999,3,1999
47.4833,9.66667,1999-03-08,-1.56999996490777,3.48999992199242,0.959999978542328,1999,3,1999
47.4833,9.66667,1999-03-09,-3.07999993115664,7.77999982610345,2.34999994747341,1999,3,1999
47.4833,9.66667,1999-03-10,2.62999994121492,11.2999997474253,6.96499984432012,1999,3,1999
47.4833,9.66667,1999-03-11,4.96999988891184,14.049999685958,9.50999978743494,1999,3,1999
47.4833,9.66667,1999-03-12,4.4199999012053,9.71999978274107,7.06999984197319,1999,3,1999
47.4833,9.66667,1999-03-13,2.56999994255602,12.909999711439,7.73999982699752,1999,3,1999
47.4833,9.66667,1999-03-14,2.70999993942678,14.9099996667355,8.80999980308115,1999,3,1999
47.4833,9.66667,1999-03-15,2.91999993473291,15.7799996472895,9.34999979101121,1999,3,1999
47.4833,9.66667,1999-03-16,2.71999993920326,12.889999711886,7.80499982554466,1999,3,1999
47.4833,9.66667,1999-03-17,3.39999992400408,10.5999997630715,6.99999984353781,1999,3,1999
47.4833,9.66667,1999-03-18,-1.65999996289611,7.30999983660877,2.82499993685633,1999,3,1999
47.4833,9.66667,1999-03-19,-3.42999992333353,5.54999987594783,1.05999997630715,1999,3,1999
47.4833,9.66667,1999-03-20,-2.35999994724989,4.39999990165234,1.01999997720122,1999,3,1999
47.4833,9.66667,1999-03-21,-0.379999991506338,4.90999989025295,2.2649999493733,1999,3,1999
47.4833,9.66667,1999-03-22,-0.169999996200204,9.70999978296459,4.76999989338219,1999,3,1999
47.4833,9.66667,1999-03-23,2.60999994166195,6.43999985605478,4.52499989885837,1999,3,1999
47.4833,9.66667,1999-03-24,1.07999997586012,3.68999991752207,2.3849999466911,1999,3,1999
47.4833,9.66667,1999-03-25,1.5499999653548,15.3399996571243,8.44499981123954,1999,3,1999
47.4833,9.66667,1999-03-26,4.54999989829957,17.3199996128678,10.9349997555837,1999,3,1999
47.4833,9.66667,1999-03-27,7.03999984264374,14.0399996861815,10.5399997644126,1999,3,1999
47.4833,9.66667,1999-03-28,2.95999993383884,8.27999981492758,5.61999987438321,1999,3,1999
47.4833,9.66667,1999-03-29,2.39999994635582,6.99999984353781,4.69999989494681,1999,3,1999
47.4833,9.66667,1999-03-30,3.31999992579222,8.47999981045723,5.89999986812472,1999,3,1999
47.4833,9.66667,1999-03-31,3.93999991193414,11.7999997362494,7.86999982409179,1999,3,1999
47.4833,9.66667,1999-04-01,1.27999997138977,11.6099997404963,6.44499985594302,1999,4,1999
47.4833,9.66667,1999-04-02,1.98999995552003,14.9499996658415,8.46999981068075,1999,4,1999
47.4833,9.66667,1999-04-03,3.22999992780387,16.2399996370077,9.73499978240579,1999,4,1999
47.4833,9.66667,1999-04-04,5.28999988175929,15.4099996555597,10.3499997686595,1999,4,1999
47.4833,9.66667,1999-04-05,7.44999983347952,11.9299997333437,9.68999978341162,1999,4,1999
47.4833,9.66667,1999-04-06,6.97999984398484,14.9699996653944,10.9749997546896,1999,4,1999
47.4833,9.66667,1999-04-07,5.18999988399446,19.7699995581061,12.4799997210503,1999,4,1999
47.4833,9.66667,1999-04-08,6.05999986454844,12.3399997241795,9.19999979436398,1999,4,1999
47.4833,9.66667,1999-04-09,4.11999990791082,8.46999981068075,6.29499985929579,1999,4,1999
47.4833,9.66667,1999-04-10,2.88999993540347,11.4899997431785,7.18999983929098,1999,4,1999
47.4833,9.66667,1999-04-11,1.3799999691546,13.7699996922165,7.57499983068556,1999,4,1999
47.4833,9.66667,1999-04-12,6.24999986030161,9.90999977849424,8.07999981939793,1999,4,1999
47.4833,9.66667,1999-04-13,2.51999994367361,9.60999978519976,6.06499986443669,1999,4,1999
47.4833,9.66667,1999-04-14,4.09999990835786,8.24999981559813,6.17499986197799,1999,4,1999
47.4833,9.66667,1999-04-15,0.989999977871776,13.6899996940047,7.33999983593822,1999,4,1999
47.4833,9.66667,1999-04-16,0.999999977648258,8.07999981939793,4.53999989852309,1999,4,1999
47.4833,9.66667,1999-04-17,-0.509999988600612,1.45999996736646,0.474999989382923,1999,4,1999
47.4833,9.66667,1999-04-18,-0.489999989047647,6.52999985404313,3.01999993249774,1999,4,1999
47.4833,9.66667,1999-04-19,0.409999990835786,7.31999983638525,3.86499991361052,1999,4,1999
47.4833,9.66667,1999-04-20,0.339999992400408,7.09999984130263,3.71999991685152,1999,4,1999
47.4833,9.66667,1999-04-21,0.0699999984353781,11.9799997322261,6.02499986533076,1999,4,1999
47.4833,9.66667,1999-04-22,6.67999985069036,10.9299997556955,8.80499980319291,1999,4,1999
47.4833,9.66667,1999-04-23,5.94999986700714,14.919999666512,10.4349997667596,1999,4,1999
47.4833,9.66667,1999-04-24,4.79999989271164,16.1799996383488,10.4899997655302,1999,4,1999
47.4833,9.66667,1999-04-25,6.67999985069036,10.4799997657537,8.57999980822206,1999,4,1999
47.4833,9.66667,1999-04-26,6.46999985538423,15.9799996428192,11.2249997491017,1999,4,1999
47.4833,9.66667,1999-04-27,5.83999986946583,18.5399995855987,12.1899997275323,1999,4,1999
47.4833,9.66667,1999-04-28,7.96999982185662,17.1199996173382,12.5449997195974,1999,4,1999
47.4833,9.66667,1999-04-29,5.65999987348914,17.4099996108562,11.5349997421727,1999,4,1999
47.4833,9.66667,1999-04-30,7.18999983929098,20.8999995328486,14.0449996860698,1999,4,1999
47.4833,9.66667,1999-05-01,9.80999978072941,16.2299996372312,13.0199997089803,1999,5,NA
47.4833,9.66667,1999-05-02,8.81999980285764,19.0299995746464,13.924999688752,1999,5,NA
47.4833,9.66667,1999-05-03,6.8899998459965,20.2799995467067,13.5849996963516,1999,5,NA
47.4833,9.66667,1999-05-04,8.34999981336296,23.0099994856864,15.6799996495247,1999,5,NA
47.4833,9.66667,1999-05-05,11.6199997402728,20.7699995357543,16.1949996380135,1999,5,NA
47.4833,9.66667,1999-05-06,9.82999978028238,15.5699996519834,12.6999997161329,1999,5,NA
47.4833,9.66667,1999-05-07,10.069999774918,16.1399996392429,13.1049997070804,1999,5,NA
47.4833,9.66667,1999-05-08,7.67999982833862,21.2899995241314,14.484999676235,1999,5,NA
47.4833,9.66667,1999-05-09,10.7999997586012,15.1099996622652,12.9549997104332,1999,5,NA
47.4833,9.66667,1999-05-10,9.48999978788197,19.229999570176,14.359999679029,1999,5,NA
47.4833,9.66667,1999-05-11,7.36999983526766,22.4399994984269,14.9049996668473,1999,5,NA
47.4833,9.66667,1999-05-12,11.2599997483194,15.229999659583,13.2449997039512,1999,5,NA
47.4833,9.66667,1999-05-13,11.189999749884,13.5399996973574,12.3649997236207,1999,5,NA
47.4833,9.66667,1999-05-14,10.6399997621775,15.0999996624887,12.8699997123331,1999,5,NA
47.4833,9.66667,1999-05-15,10.3999997675419,12.8999997116625,11.6499997396022,1999,5,NA
47.4833,9.66667,1999-05-16,9.07999979704618,14.8799996674061,11.9799997322261,1999,5,NA
47.4833,9.66667,1999-05-17,7.20999983884394,15.20999966003,11.209999749437,1999,5,NA
47.4833,9.66667,1999-05-18,5.69999987259507,18.7099995817989,12.204999727197,1999,5,NA
47.4833,9.66667,1999-05-19,10.4999997653067,19.7399995587766,15.1199996620417,1999,5,NA
47.4833,9.66667,1999-05-20,9.24999979324639,18.669999582693,13.9599996879697,1999,5,NA
47.4833,9.66667,1999-05-21,7.55999983102083,14.9099996667355,11.2349997488782,1999,5,NA
47.4833,9.66667,1999-05-22,8.63999980688095,10.4099997673184,9.52499978709966,1999,5,NA
47.4833,9.66667,1999-05-23,8.85999980196357,11.3899997454137,10.1249997736886,1999,5,NA
47.4833,9.66667,1999-05-24,7.39999983459711,15.4899996537715,11.4449997441843,1999,5,NA
47.4833,9.66667,1999-05-25,9.74999978207052,19.9099995549768,14.8299996685237,1999,5,NA
47.4833,9.66667,1999-05-26,10.4299997668713,22.0599995069206,16.244999636896,1999,5,NA
47.4833,9.66667,1999-05-27,9.47999978810549,22.4199994988739,15.9499996434897,1999,5,NA
47.4833,9.66667,1999-05-28,11.8999997340143,26.0599994175136,18.9799995757639,1999,5,NA
47.4833,9.66667,1999-05-29,14.4699996765703,23.4399994760752,18.9549995763227,1999,5,NA
47.4833,9.66667,1999-05-30,12.7499997150153,27.289999390021,20.0199995525181,1999,5,NA
47.4833,9.66667,1999-05-31,15.1999996602535,27.7299993801862,21.4649995202199,1999,5,NA
47.4833,9.66667,1999-06-01,15.1799996607006,26.6499994043261,20.9149995325133,1999,6,NA
47.4833,9.66667,1999-06-02,15.1099996622652,26.5499994065613,20.8299995344132,1999,6,NA
47.4833,9.66667,1999-06-03,14.5899996738881,29.3399993441999,21.964999509044,1999,6,NA
47.4833,9.66667,1999-06-04,12.0899997297674,22.08999950625,17.0899996180087,1999,6,NA
47.4833,9.66667,1999-06-05,9.88999977894127,16.949999621138,13.4199997000396,1999,6,NA
47.4833,9.66667,1999-06-06,9.03999979794025,21.1099995281547,15.0749996630475,1999,6,NA
47.4833,9.66667,1999-06-07,9.27999979257584,12.9999997094274,11.1399997510016,1999,6,NA
47.4833,9.66667,1999-06-08,8.79999980330467,17.1399996168911,12.9699997100979,1999,6,NA
47.4833,9.66667,1999-06-09,9.25999979302287,13.5899996962398,11.4249997446314,1999,6,NA
47.4833,9.66667,1999-06-10,6.13999986276031,18.64999958314,12.3949997229502,1999,6,NA
47.4833,9.66667,1999-06-11,10.2299997713417,17.1099996175617,13.6699996944517,1999,6,NA
47.4833,9.66667,1999-06-12,11.0099997539073,14.4199996776879,12.7149997157976,1999,6,NA
47.4833,9.66667,1999-06-13,8.51999980956316,19.7099995594472,14.1149996845052,1999,6,NA
47.4833,9.66667,1999-06-14,11.5899997409433,20.7499995362014,16.1699996385723,1999,6,NA
47.4833,9.66667,1999-06-15,11.459999743849,17.7899996023625,14.6249996731058,1999,6,NA
47.4833,9.66667,1999-06-16,11.6899997387081,17.6699996050447,14.6799996718764,1999,6,NA
47.4833,9.66667,1999-06-17,12.3099997248501,21.0099995303899,16.65999962762,1999,6,NA
47.4833,9.66667,1999-06-18,11.0499997530133,21.8999995104969,16.4749996317551,1999,6,NA
47.4833,9.66667,1999-06-19,12.4799997210503,17.1299996171147,14.8049996690825,1999,6,NA
47.4833,9.66667,1999-06-20,8.21999981626868,15.3499996569008,11.7849997365847,1999,6,NA
47.4833,9.66667,1999-06-21,5.87999986857176,19.829999556765,12.8549997126684,1999,6,NA
47.4833,9.66667,1999-06-22,8.70999980531633,15.6099996510893,12.1599997282028,1999,6,NA
47.4833,9.66667,1999-06-23,6.3699998576194,11.2599997483194,8.8149998029694,1999,6,NA
47.4833,9.66667,1999-06-24,3.83999991416931,18.4299995880574,11.1349997511134,1999,6,NA
47.4833,9.66667,1999-06-25,7.67999982833862,21.0299995299429,14.3549996791407,1999,6,NA
47.4833,9.66667,1999-06-26,8.85999980196357,23.1499994825572,16.0049996422604,1999,6,NA
47.4833,9.66667,1999-06-27,11.8699997346848,23.6599994711578,17.7649996029213,1999,6,NA
47.4833,9.66667,1999-06-28,13.4599996991456,23.1999994814396,18.3299995902926,1999,6,NA
47.4833,9.66667,1999-06-29,11.8199997358024,17.4299996104091,14.6249996731058,1999,6,NA
47.4833,9.66667,1999-06-30,9.50999978743494,21.2499995250255,15.3799996562302,1999,6,NA
47.4833,9.66667,1999-07-01,14.2699996810406,21.9499995093793,18.10999959521,1999,7,NA
47.4833,9.66667,1999-07-02,12.9699997100979,22.7699994910508,17.8699996005744,1999,7,NA
47.4833,9.66667,1999-07-03,13.4099997002631,25.3899994324893,19.3999995663762,1999,7,NA
47.4833,9.66667,1999-07-04,15.0199996642768,29.6099993381649,22.3149995012209,1999,7,NA
47.4833,9.66667,1999-07-05,17.0399996191263,29.3299993444234,23.1849994817749,1999,7,NA
47.4833,9.66667,1999-07-06,19.8999995552003,29.4899993408471,24.6949994480237,1999,7,NA
47.4833,9.66667,1999-07-07,14.1099996846169,20.9199995324016,17.5149996085092,1999,7,NA
47.4833,9.66667,1999-07-08,12.639999717474,16.8099996242672,14.7249996708706,1999,7,NA
47.4833,9.66667,1999-07-09,12.3199997246265,18.3299995902926,15.3249996574596,1999,7,NA
47.4833,9.66667,1999-07-10,12.2399997264147,18.1299995947629,15.1849996605888,1999,7,NA
47.4833,9.66667,1999-07-11,13.1099997069687,18.6599995829165,15.8849996449426,1999,7,NA
47.4833,9.66667,1999-07-12,14.1699996832758,20.9199995324016,17.5449996078387,1999,7,NA
47.4833,9.66667,1999-07-13,15.1799996607006,20.4699995424598,17.8249996015802,1999,7,NA
47.4833,9.66667,1999-07-14,15.769999647513,23.4599994756281,19.6149995615706,1999,7,NA
47.4833,9.66667,1999-07-15,14.7799996696413,19.1399995721877,16.9599996209145,1999,7,NA
47.4833,9.66667,1999-07-16,13.4099997002631,19.1499995719641,16.2799996361136,1999,7,NA
47.4833,9.66667,1999-07-17,12.7199997156858,21.2699995245785,16.9949996201321,1999,7,NA
47.4833,9.66667,1999-07-18,11.6799997389317,24.7899994459003,18.234999592416,1999,7,NA
47.4833,9.66667,1999-07-19,13.4499996993691,26.709999402985,20.079999551177,1999,7,NA
47.4833,9.66667,1999-07-20,15.4899996537715,26.4299994092435,20.9599995315075,1999,7,NA
47.4833,9.66667,1999-07-21,15.7799996472895,24.6399994492531,20.2099995482713,1999,7,NA
47.4833,9.66667,1999-07-22,16.7199996262789,24.8999994434416,20.8099995348603,1999,7,NA
47.4833,9.66667,1999-07-23,13.3999997004867,18.4899995867163,15.9449996436015,1999,7,NA
47.4833,9.66667,1999-07-24,10.4399997666478,13.0699997078627,11.7549997372553,1999,7,NA
47.4833,9.66667,1999-07-25,9.2999997921288,19.3099995683879,14.3049996802583,1999,7,NA
47.4833,9.66667,1999-07-26,9.82999978028238,23.0599994845688,16.4449996324256,1999,7,NA
47.4833,9.66667,1999-07-27,12.2899997252971,24.8799994438887,18.5849995845929,1999,7,NA
47.4833,9.66667,1999-07-28,14.8599996678531,26.3499994110316,20.6049995394424,1999,7,NA
47.4833,9.66667,1999-07-29,17.0099996197969,21.1599995270371,19.084999573417,1999,7,NA
47.4833,9.66667,1999-07-30,13.75999969244,23.9299994651228,18.8449995787814,1999,7,NA
47.4833,9.66667,1999-07-31,12.0099997315556,24.3299994561821,18.1699995938689,1999,7,NA
47.4833,9.66667,1999-08-01,11.4399997442961,24.139999460429,17.7899996023625,1999,8,NA
47.4833,9.66667,1999-08-02,13.3499997016042,24.3499994557351,18.8499995786697,1999,8,NA
47.4833,9.66667,1999-08-03,12.619999717921,24.969999441877,18.794999579899,1999,8,NA
47.4833,9.66667,1999-08-04,12.9699997100979,21.3399995230138,17.1549996165559,1999,8,NA
47.4833,9.66667,1999-08-05,13.8299996908754,25.6999994255602,19.7649995582178,1999,8,NA
47.4833,9.66667,1999-08-06,17.2899996135384,25.2099994365126,21.2499995250255,1999,8,NA
47.4833,9.66667,1999-08-07,16.8699996229261,27.4299993868917,22.1499995049089,1999,8,NA
47.4833,9.66667,1999-08-08,16.2499996367842,24.5499994512647,20.3999995440245,1999,8,NA
47.4833,9.66667,1999-08-09,15.9599996432662,25.2099994365126,20.5849995398894,1999,8,NA
47.4833,9.66667,1999-08-10,16.5999996289611,25.3499994333833,20.9749995311722,1999,8,NA
47.4833,9.66667,1999-08-11,15.2999996580184,21.4099995214492,18.3549995897338,1999,8,NA
47.4833,9.66667,1999-08-12,14.1099996846169,18.5999995842576,16.3549996344373,1999,8,NA
47.4833,9.66667,1999-08-13,11.8099997360259,18.2099995929748,15.0099996645004,1999,8,NA
47.4833,9.66667,1999-08-14,11.479999743402,19.0499995741993,15.2649996588007,1999,8,NA
47.4833,9.66667,1999-08-15,10.2299997713417,20.659999538213,15.4449996547773,1999,8,NA
47.4833,9.66667,1999-08-16,14.2999996803701,17.9899995978922,16.1449996391311,1999,8,NA
47.4833,9.66667,1999-08-17,13.3499997016042,16.8099996242672,15.0799996629357,1999,8,NA
47.4833,9.66667,1999-08-18,12.7699997145683,18.9799995757639,15.8749996451661,1999,8,NA
47.4833,9.66667,1999-08-19,12.2399997264147,21.5199995189905,16.8799996227026,1999,8,NA
47.4833,9.66667,1999-08-20,13.5299996975809,19.229999570176,16.3799996338785,1999,8,NA
47.4833,9.66667,1999-08-21,12.349999723956,16.1999996379018,14.2749996809289,1999,8,NA
47.4833,9.66667,1999-08-22,9.40999978967011,20.0599995516241,14.7349996706471,1999,8,NA
47.4833,9.66667,1999-08-23,9.78999978117645,20.659999538213,15.2249996596947,1999,8,NA
47.4833,9.66667,1999-08-24,10.1399997733533,21.6199995167553,15.8799996450543,1999,8,NA
47.4833,9.66667,1999-08-25,15.229999659583,18.069999596104,16.6499996278435,1999,8,NA
47.4833,9.66667,1999-08-26,13.779999691993,25.549999428913,19.664999560453,1999,8,NA
47.4833,9.66667,1999-08-27,15.9499996434897,23.6299994718283,19.789999557659,1999,8,NA
47.4833,9.66667,1999-08-28,16.1099996399134,22.8499994892627,19.4799995645881,1999,8,NA
47.4833,9.66667,1999-08-29,14.3899996783584,20.63999953866,17.5149996085092,1999,8,NA
47.4833,9.66667,1999-08-30,13.5899996962398,19.8199995569885,16.7049996266142,1999,8,NA
47.4833,9.66667,1999-08-31,11.0099997539073,19.1399995721877,15.0749996630475,1999,8,NA
47.4833,9.66667,1999-09-01,10.3999997675419,21.5699995178729,15.9849996427074,1999,9,NA
47.4833,9.66667,1999-09-02,12.8399997130036,20.9099995326251,16.8749996228144,1999,9,NA
47.4833,9.66667,1999-09-03,11.3499997463077,19.7499995585531,15.5499996524304,1999,9,NA
47.4833,9.66667,1999-09-04,8.64999980665743,21.3699995223433,15.0099996645004,1999,9,NA
47.4833,9.66667,1999-09-05,11.3799997456372,18.4699995871633,14.9249996664003,1999,9,NA
47.4833,9.66667,1999-09-06,11.2699997480959,20.8499995339662,16.059999641031,1999,9,NA
47.4833,9.66667,1999-09-07,12.7199997156858,22.2699995022267,17.4949996089563,1999,9,NA
47.4833,9.66667,1999-09-08,13.4299996998161,21.7099995147437,17.5699996072799,1999,9,NA
47.4833,9.66667,1999-09-09,12.0699997302145,23.1899994816631,17.6299996059388,1999,9,NA
47.4833,9.66667,1999-09-10,11.9099997337908,22.6299994941801,17.2699996139854,1999,9,NA
47.4833,9.66667,1999-09-11,11.9599997326732,24.1899994593114,18.0749995959923,1999,9,NA
47.4833,9.66667,1999-09-12,12.5799997188151,23.6199994720519,18.0999995954335,1999,9,NA
47.4833,9.66667,1999-09-13,13.1599997058511,24.699999447912,18.9299995768815,1999,9,NA
47.4833,9.66667,1999-09-14,13.179999705404,25.2999994345009,19.2399995699525,1999,9,NA
47.4833,9.66667,1999-09-15,13.5199996978045,25.0099994409829,19.2649995693937,1999,9,NA
47.4833,9.66667,1999-09-16,13.4599996991456,23.5899994727224,18.524999585934,1999,9,NA
47.4833,9.66667,1999-09-17,14.4199996776879,17.9799995981157,16.1999996379018,1999,9,NA
47.4833,9.66667,1999-09-18,13.8699996899813,20.3399995453656,17.1049996176735,1999,9,NA
47.4833,9.66667,1999-09-19,11.6299997400492,16.9799996204674,14.3049996802583,1999,9,NA
47.4833,9.66667,1999-09-20,10.3899997677654,23.3099994789809,16.8499996233732,1999,9,NA
47.4833,9.66667,1999-09-21,13.2899997029454,21.5699995178729,17.4299996104091,1999,9,NA
47.4833,9.66667,1999-09-22,10.7699997592717,19.3199995681643,15.044999663718,1999,9,NA
47.4833,9.66667,1999-09-23,12.3599997237325,22.7899994906038,17.5749996071681,1999,9,NA
47.4833,9.66667,1999-09-24,12.1799997277558,22.9099994879216,17.5449996078387,1999,9,NA
47.4833,9.66667,1999-09-25,13.7199996933341,21.8299995120615,17.7749996026978,1999,9,NA
47.4833,9.66667,1999-09-26,13.3099997024983,17.489999609068,15.3999996557832,1999,9,NA
47.4833,9.66667,1999-09-27,12.1899997275323,14.4999996758997,13.344999701716,1999,9,NA
47.4833,9.66667,1999-09-28,9.16999979503453,18.4199995882809,13.7949996916577,1999,9,NA
47.4833,9.66667,1999-09-29,11.3899997454137,14.359999679029,12.8749997122213,1999,9,NA
47.4833,9.66667,1999-09-30,10.8199997581542,17.6599996052682,14.2399996817112,1999,9,NA
47.4833,9.66667,1999-10-01,10.609999762848,17.3699996117502,13.9899996872991,1999,10,2000
47.4833,9.66667,1999-10-02,9.56999978609383,15.8899996448308,12.7299997154623,1999,10,2000
47.4833,9.66667,1999-10-03,9.27999979257584,18.4899995867163,13.8849996896461,1999,10,2000
47.4833,9.66667,1999-10-04,8.13999981805682,13.8999996893108,11.0199997536838,1999,10,2000
47.4833,9.66667,1999-10-05,4.91999989002943,12.0899997297674,8.50499980989844,1999,10,2000
47.4833,9.66667,1999-10-06,4.75999989360571,9.59999978542328,7.17999983951449,1999,10,2000
47.4833,9.66667,1999-10-07,3.60999991931021,9.70999978296459,6.6599998511374,1999,10,2000
47.4833,9.66667,1999-10-08,1.22999997250736,11.7799997366965,6.50499985460192,1999,10,2000
47.4833,9.66667,1999-10-09,2.74999993853271,13.1399997062981,7.94499982241541,1999,10,2000
47.4833,9.66667,1999-10-10,7.98999982140958,13.5899996962398,10.7899997588247,1999,10,2000
47.4833,9.66667,1999-10-11,7.73999982699752,16.2399996370077,11.9899997320026,1999,10,2000
47.4833,9.66667,1999-10-12,6.66999985091388,15.0799996629357,10.8749997569248,1999,10,2000
47.4833,9.66667,1999-10-13,6.8899998459965,14.6699996720999,10.7799997590482,1999,10,2000
47.4833,9.66667,1999-10-14,6.22999986074865,11.9999997317791,9.11499979626387,1999,10,2000
47.4833,9.66667,1999-10-15,7.76999982632697,14.9299996662885,11.3499997463077,1999,10,2000
47.4833,9.66667,1999-10-16,5.41999987885356,12.4999997206032,8.95999979972839,1999,10,2000
47.4833,9.66667,1999-10-17,6.05999986454844,10.9799997545779,8.51999980956316,1999,10,2000
47.4833,9.66667,1999-10-18,2.71999993920326,10.3899997677654,6.55499985348433,1999,10,2000
47.4833,9.66667,1999-10-19,2.2399999499321,7.5799998305738,4.90999989025295,1999,10,2000
47.4833,9.66667,1999-10-20,2.09999995306134,5.57999987527728,3.83999991416931,1999,10,2000
47.4833,9.66667,1999-10-21,3.12999993003905,12.4599997214973,7.79499982576817,1999,10,2000
47.4833,9.66667,1999-10-22,6.83999984711409,13.0799997076392,9.95999977737665,1999,10,2000
47.4833,9.66667,1999-10-23,4.69999989494681,16.7699996251613,10.7349997600541,1999,10,2000
47.4833,9.66667,1999-10-24,7.49999983236194,12.7899997141212,10.1449997732416,1999,10,2000
47.4833,9.66667,1999-10-25,4.8199998922646,17.8099996019155,11.31499974709,1999,10,2000
47.4833,9.66667,1999-10-26,6.90999984554946,12.3799997232854,9.64499978441745,1999,10,2000
47.4833,9.66667,1999-10-27,7.33999983593822,14.7999996691942,11.0699997525662,1999,10,2000
47.4833,9.66667,1999-10-28,5.35999988019466,13.799999691546,9.57999978587031,1999,10,2000
47.4833,9.66667,1999-10-29,5.38999987952411,15.2699996586889,10.3299997691065,1999,10,2000
47.4833,9.66667,1999-10-30,9.00999979861081,16.909999622032,12.9599997103214,1999,10,2000
47.4833,9.66667,1999-10-31,9.86999977938831,17.9599995985627,13.9149996889755,1999,10,2000
47.4833,9.66667,1999-11-01,7.26999983750284,15.5899996515363,11.4299997445196,1999,11,2000
47.4833,9.66667,1999-11-02,3.67999991774559,12.1799997277558,7.92999982275069,1999,11,2000
47.4833,9.66667,1999-11-03,5.2799998819828,16.1599996387959,10.7199997603893,1999,11,2000
47.4833,9.66667,1999-11-04,6.98999984376132,10.3899997677654,8.68999980576336,1999,11,2000
47.4833,9.66667,1999-11-05,6.33999985828996,9.82999978028238,8.08499981928617,1999,11,2000
47.4833,9.66667,1999-11-06,5.26999988220632,11.3799997456372,8.32499981392175,1999,11,2000
47.4833,9.66667,1999-11-07,4.28999990411103,10.0899997744709,7.18999983929098,1999,11,2000
47.4833,9.66667,1999-11-08,2.50999994389713,6.1999998614192,4.35499990265816,1999,11,2000
47.4833,9.66667,1999-11-09,2.19999995082617,5.87999986857176,4.03999990969896,1999,11,2000
47.4833,9.66667,1999-11-10,2.14999995194376,4.52999989874661,3.33999992534518,1999,11,2000
47.4833,9.66667,1999-11-11,-0.0399999991059303,2.18999995104969,1.07499997597188,1999,11,2000
47.4833,9.66667,1999-11-12,-0.259999994188547,3.73999991640449,1.73999996110797,1999,11,2000
47.4833,9.66667,1999-11-13,-1.41999996826053,3.80999991483986,1.19499997328967,1999,11,2000
47.4833,9.66667,1999-11-14,-0.569999987259507,2.95999993383884,1.19499997328967,1999,11,2000
47.4833,9.66667,1999-11-15,-1.27999997138977,1.63999996334314,0.179999995976686,1999,11,2000
47.4833,9.66667,1999-11-16,-0.689999984577298,1.99999995529652,0.654999985359609,1999,11,2000
47.4833,9.66667,1999-11-17,-2.97999993339181,1.95999995619059,-0.509999988600612,1999,11,2000
47.4833,9.66667,1999-11-18,-1.86999995820224,0.389999991282821,-0.739999983459711,1999,11,2000
47.4833,9.66667,1999-11-19,-1.99999995529652,0.0599999986588955,-0.96999997831881,1999,11,2000
47.4833,9.66667,1999-11-20,-4.98999988846481,-0.0199999995529652,-2.50499994400889,1999,11,2000
47.4833,9.66667,1999-11-21,-8.10999981872737,-0.609999986365438,-4.35999990254641,1999,11,2000
47.4833,9.66667,1999-11-22,-10.3999997675419,-5.03999988734722,-7.71999982744455,1999,11,2000
47.4833,9.66667,1999-11-23,-6.30999985896051,-1.63999996334314,-3.97499991115183,1999,11,2000
47.4833,9.66667,1999-11-24,-3.70999991707504,-0.459999989718199,-2.08499995339662,1999,11,2000
47.4833,9.66667,1999-11-25,-1.45999996736646,1.62999996356666,0.0849999981001019,1999,11,2000
47.4833,9.66667,1999-11-26,-4.16999990679324,2.87999993562698,-0.644999985583127,1999,11,2000
47.4833,9.66667,1999-11-27,-6.66999985091388,1.22999997250736,-2.71999993920326,1999,11,2000
47.4833,9.66667,1999-11-28,-6.94999984465539,3.3299999255687,-1.80999995954335,1999,11,2000
47.4833,9.66667,1999-11-29,-4.98999988846481,2.43999994546175,-1.27499997150153,1999,11,2000
47.4833,9.66667,1999-11-30,-6.38999985717237,0.459999989718199,-2.96499993372709,1999,11,2000
47.4833,9.66667,1999-12-01,-7.78999982587993,1.07999997586012,-3.35499992500991,1999,12,2000
47.4833,9.66667,1999-12-02,-5.62999987415969,5.41999987885356,-0.104999997653067,1999,12,2000
47.4833,9.66667,1999-12-03,1.6099999640137,6.4299998562783,4.019999910146,1999,12,2000
47.4833,9.66667,1999-12-04,0.729999983683228,9.2999997921288,5.01499988790601,1999,12,2000
47.4833,9.66667,1999-12-05,0.119999997317791,7.65999982878566,3.88999991305172,1999,12,2000
47.4833,9.66667,1999-12-06,-1.43999996781349,2.14999995194376,0.354999992065132,1999,12,2000
47.4833,9.66667,1999-12-07,-4.28999990411103,1.75999996066093,-1.26499997172505,1999,12,2000
47.4833,9.66667,1999-12-08,-2.43999994546175,6.49999985471368,2.02999995462596,1999,12,2000
47.4833,9.66667,1999-12-09,1.22999997250736,8.38999981246889,4.80999989248812,1999,12,2000
47.4833,9.66667,1999-12-10,0.129999997094274,7.68999982811511,3.90999991260469,1999,12,2000
47.4833,9.66667,1999-12-11,1.4899999666959,4.61999989673495,3.05499993171543,1999,12,2000
47.4833,9.66667,1999-12-12,-1.58999996446073,5.48999987728894,1.9499999564141,1999,12,2000
47.4833,9.66667,1999-12-13,2.38999994657934,11.189999749884,6.78999984823167,1999,12,2000
47.4833,9.66667,1999-12-14,1.34999996982515,5.41999987885356,3.38499992433935,1999,12,2000
47.4833,9.66667,1999-12-15,0.0299999993294477,6.07999986410141,3.05499993171543,1999,12,2000
47.4833,9.66667,1999-12-16,-2.01999995484948,1.15999997407198,-0.429999990388751,1999,12,2000
47.4833,9.66667,1999-12-17,-4.1899999063462,-1.69999996200204,-2.94499993417412,1999,12,2000
47.4833,9.66667,1999-12-18,-7.82999982498586,0.219999995082617,-3.80499991495162,1999,12,2000
47.4833,9.66667,1999-12-19,-1.16999997384846,4.95999988913536,1.89499995764345,1999,12,2000
47.4833,9.66667,1999-12-20,-0.869999980553985,7.78999982587993,3.45999992266297,1999,12,2000
47.4833,9.66667,1999-12-21,-5.15999988466501,-1.44999996758997,-3.30499992612749,1999,12,2000
47.4833,9.66667,1999-12-22,-8.1499998178333,-1.57999996468425,-4.86499989125878,1999,12,2000
47.4833,9.66667,1999-12-23,-10.899999756366,-3.04999993182719,-6.9749998440966,1999,12,2000
47.4833,9.66667,1999-12-24,-9.47999978810549,-0.479999989271164,-4.97999988868833,1999,12,2000
47.4833,9.66667,1999-12-25,-4.40999990142882,4.53999989852309,0.0649999985471368,1999,12,2000
47.4833,9.66667,1999-12-26,-1.42999996803701,8.70999980531633,3.63999991863966,1999,12,2000
47.4833,9.66667,1999-12-27,1.91999995708466,9.34999979101121,5.63499987404794,1999,12,2000
47.4833,9.66667,1999-12-28,1.04999997653067,5.66999987326562,3.35999992489815,1999,12,2000
47.4833,9.66667,1999-12-29,-0.279999993741512,3.33999992534518,1.52999996580184,1999,12,2000
47.4833,9.66667,1999-12-30,-1.22999997250736,-0.109999997541308,-0.669999985024333,1999,12,2000
47.4833,9.66667,1999-12-31,-4.4199999012053,1.10999997518957,-1.65499996300787,1999,12,2000
47.4833,9.66667,2000-01-01,-6.00999986566603,-0.679999984800816,-3.34499992523342,2000,1,2000
47.4833,9.66667,2000-01-02,-2.15999995172024,1.97999995574355,-0.0899999979883432,2000,1,2000
47.4833,9.66667,2000-01-03,-1.40999996848404,4.29999990388751,1.44499996770173,2000,1,2000
47.4833,9.66667,2000-01-04,-3.58999991975725,2.80999993719161,-0.389999991282821,2000,1,2000
47.4833,9.66667,2000-01-05,-4.61999989673495,5.19999988377094,0.289999993517995,2000,1,2000
47.4833,9.66667,2000-01-06,-0.139999996870756,5.31999988108873,2.58999994210899,2000,1,2000
47.4833,9.66667,2000-01-07,-2.56999994255602,2.09999995306134,-0.234999994747341,2000,1,2000
47.4833,9.66667,2000-01-08,-2.98999993316829,4.51999989897013,0.764999982900918,2000,1,2000
47.4833,9.66667,2000-01-09,-3.84999991394579,4.67999989539385,0.414999990724027,2000,1,2000
47.4833,9.66667,2000-01-10,-1.61999996379018,3.57999991998076,0.979999978095293,2000,1,2000
47.4833,9.66667,2000-01-11,0.359999991953373,2.89999993517995,1.62999996356666,2000,1,2000
47.4833,9.66667,2000-01-12,-0.0599999986588955,1.92999995686114,0.934999979101121,2000,1,2000
47.4833,9.66667,2000-01-13,-3.21999992802739,1.02999997697771,-1.09499997552484,2000,1,2000
47.4833,9.66667,2000-01-14,-5.89999986812472,1.10999997518957,-2.39499994646758,2000,1,2000
47.4833,9.66667,2000-01-15,-6.66999985091388,1.42999996803701,-2.61999994143844,2000,1,2000
47.4833,9.66667,2000-01-16,-5.47999987751245,-1.73999996110797,-3.60999991931021,2000,1,2000
47.4833,9.66667,2000-01-17,-5.82999986968935,-1.85999995842576,-3.84499991405755,2000,1,2000
47.4833,9.66667,2000-01-18,-6.39999985694885,1.67999996244907,-2.35999994724989,2000,1,2000
47.4833,9.66667,2000-01-19,-0.00999999977648258,4.16999990679324,2.07999995350838,2000,1,2000
47.4833,9.66667,2000-01-20,-2.97999993339181,1.55999996513128,-0.709999984130263,2000,1,2000
47.4833,9.66667,2000-01-21,-6.44999985583127,0.709999984130263,-2.8699999358505,2000,1,2000
47.4833,9.66667,2000-01-22,-2.64999994076788,-0.0799999982118607,-1.36499996948987,2000,1,2000
47.4833,9.66667,2000-01-23,-1.33999997004867,0.509999988600612,-0.414999990724027,2000,1,2000
47.4833,9.66667,2000-01-24,-1.98999995552003,0.129999997094274,-0.92999997921288,2000,1,2000
47.4833,9.66667,2000-01-25,-9.759999781847,-3.41999992355704,-6.58999985270202,2000,1,2000
47.4833,9.66667,2000-01-26,-15.0599996633828,-6.95999984443188,-11.0099997539073,2000,1,2000
47.4833,9.66667,2000-01-27,-15.6899996493012,-5.87999986857176,-10.7849997589365,2000,1,2000
47.4833,9.66667,2000-01-28,-13.0699997078627,-2.88999993540347,-7.9799998216331,2000,1,2000
47.4833,9.66667,2000-01-29,-9.17999979481101,2.87999993562698,-3.14999992959201,2000,1,2000
47.4833,9.66667,2000-01-30,-2.33999994769692,5.46999987773597,1.56499996501952,2000,1,2000
47.4833,9.66667,2000-01-31,3.23999992758036,8.34999981336296,5.79499987047166,2000,1,2000
47.4833,9.66667,2000-02-01,1.78999995999038,9.36999979056418,5.57999987527728,2000,2,2000
47.4833,9.66667,2000-02-02,0.299999993294477,9.77999978139997,5.03999988734722,2000,2,2000
47.4833,9.66667,2000-02-03,1.09999997541308,6.64999985136092,3.874999913387,2000,2,2000
47.4833,9.66667,2000-02-04,1.6099999640137,5.39999987930059,3.50499992165715,2000,2,2000
47.4833,9.66667,2000-02-05,-1.95999995619059,7.8099998254329,2.92499993462116,2000,2,2000
47.4833,9.66667,2000-02-06,0.919999979436398,10.7599997594953,5.83999986946583,2000,2,2000
47.4833,9.66667,2000-02-07,0.319999992847443,10.2099997717887,5.26499988231808,2000,2,2000
47.4833,9.66667,2000-02-08,0.92999997921288,8.2099998164922,4.56999989785254,2000,2,2000
47.4833,9.66667,2000-02-09,4.10999990813434,9.36999979056418,6.73999984934926,2000,2,2000
47.4833,9.66667,2000-02-10,1.36999996937811,7.48999983258545,4.42999990098178,2000,2,2000
47.4833,9.66667,2000-02-11,-0.419999990612268,8.76999980397522,4.17499990668148,2000,2,2000
47.4833,9.66667,2000-02-12,1.15999997407198,4.95999988913536,3.05999993160367,2000,2,2000
47.4833,9.66667,2000-02-13,-0.229999994859099,2.59999994188547,1.18499997351319,2000,2,2000
47.4833,9.66667,2000-02-14,0.0999999977648258,3.88999991305172,1.99499995540828,2000,2,2000
47.4833,9.66667,2000-02-15,2.27999994903803,6.99999984353781,4.63999989628792,2000,2,2000
47.4833,9.66667,2000-02-16,2.14999995194376,6.61999985203147,4.38499990198761,2000,2,2000
47.4833,9.66667,2000-02-17,0.869999980553985,5.94999986700714,3.40999992378056,2000,2,2000
47.4833,9.66667,2000-02-18,-2.21999995037913,0.459999989718199,-0.879999980330467,2000,2,2000
47.4833,9.66667,2000-02-19,-2.8699999358505,2.68999993987381,-0.0899999979883432,2000,2,2000
47.4833,9.66667,2000-02-20,0.869999980553985,5.17999988421798,3.02499993238598,2000,2,2000
47.4833,9.66667,2000-02-21,-1.26999997161329,1.46999996714294,0.0999999977648258,2000,2,2000
47.4833,9.66667,2000-02-22,-6.11999986320734,2.15999995172024,-1.97999995574355,2000,2,2000
47.4833,9.66667,2000-02-23,-5.40999987907708,2.79999993741512,-1.30499997083098,2000,2,2000
47.4833,9.66667,2000-02-24,-5.14999988488853,4.54999989829957,-0.299999993294477,2000,2,2000
47.4833,9.66667,2000-02-25,-2.26999994926155,5.1099998857826,1.41999996826053,2000,2,2000
47.4833,9.66667,2000-02-26,2.41999994590878,9.08999979682267,5.75499987136573,2000,2,2000
47.4833,9.66667,2000-02-27,1.70999996177852,8.79999980330467,5.2549998825416,2000,2,2000
47.4833,9.66667,2000-02-28,1.7799999602139,11.2599997483194,6.51999985426664,2000,2,2000
47.4833,9.66667,2000-02-29,1.75999996066093,15.7499996479601,8.7549998043105,2000,2,2000
47.4833,9.66667,2000-03-01,4.73999989405274,9.96999977715313,7.35499983560294,2000,3,2000
47.4833,9.66667,2000-03-02,2.80999993719161,6.77999984845519,4.7949998928234,2000,3,2000
47.4833,9.66667,2000-03-03,-0.799999982118607,2.9299999345094,1.06499997619539,2000,3,2000
47.4833,9.66667,2000-03-04,-1.12999997474253,8.05999981984496,3.46499992255121,2000,3,2000
47.4833,9.66667,2000-03-05,0.479999989271164,5.06999988667667,2.77499993797392,2000,3,2000
47.4833,9.66667,2000-03-06,-2.97999993339181,3.63999991863966,0.329999992623925,2000,3,2000
47.4833,9.66667,2000-03-07,-3.71999991685152,7.94999982230365,2.11499995272607,2000,3,2000
47.4833,9.66667,2000-03-08,-0.819999981671572,11.3099997472018,5.24499988276511,2000,3,2000
47.4833,9.66667,2000-03-09,2.06999995373189,9.99999977648258,6.03499986510724,2000,3,2000
47.4833,9.66667,2000-03-10,6.55999985337257,13.9599996879697,10.2599997706711,2000,3,2000
47.4833,9.66667,2000-03-11,6.80999984778464,10.899999756366,8.85499980207533,2000,3,2000
47.4833,9.66667,2000-03-12,3.91999991238117,14.7999996691942,9.3599997907877,2000,3,2000
47.4833,9.66667,2000-03-13,3.48999992199242,11.5699997413903,7.52999983169138,2000,3,2000
47.4833,9.66667,2000-03-14,-0.759999983012676,10.879999756813,5.05999988690019,2000,3,2000
47.4833,9.66667,2000-03-15,3.80999991483986,8.88999980129302,6.34999985806644,2000,3,2000
47.4833,9.66667,2000-03-16,0.439999990165234,6.54999985359609,3.49499992188066,2000,3,2000
47.4833,9.66667,2000-03-17,-0.519999988377094,2.4699999447912,0.974999978207052,2000,3,2000
47.4833,9.66667,2000-03-18,1.51999996602535,4.91999989002943,3.21999992802739,2000,3,2000
47.4833,9.66667,2000-03-19,2.51999994367361,4.77999989315867,3.64999991841614,2000,3,2000
47.4833,9.66667,2000-03-20,2.10999995283782,6.03999986499548,4.07499990891665,2000,3,2000
47.4833,9.66667,2000-03-21,-1.75999996066093,8.52999980933964,3.38499992433935,2000,3,2000
47.4833,9.66667,2000-03-22,-0.88999998010695,10.9999997541308,5.05499988701195,2000,3,2000
47.4833,9.66667,2000-03-23,0.379999991506338,14.6599996723235,7.5199998319149,2000,3,2000
47.4833,9.66667,2000-03-24,2.79999993741512,14.6799996718764,8.73999980464578,2000,3,2000
47.4833,9.66667,2000-03-25,5.51999987661839,13.8999996893108,9.70999978296459,2000,3,2000
47.4833,9.66667,2000-03-26,5.00999988801777,13.6599996946752,9.33499979134649,2000,3,2000
47.4833,9.66667,2000-03-27,3.0999999307096,7.06999984197319,5.08499988634139,2000,3,2000
47.4833,9.66667,2000-03-28,1.57999996468425,3.97999991104007,2.77999993786216,2000,3,2000
47.4833,9.66667,2000-03-29,0.289999993517995,7.04999984242022,3.66999991796911,2000,3,2000
47.4833,9.66667,2000-03-30,1.47999996691942,6.16999986208975,3.82499991450459,2000,3,2000
47.4833,9.66667,2000-03-31,1.72999996133149,5.20999988354743,3.46999992243946,2000,3,2000
47.4833,9.66667,2000-04-01,1.88999995775521,11.209999749437,6.54999985359609,2000,4,2000
47.4833,9.66667,2000-04-02,2.6999999396503,8.64999980665743,5.67499987315387,2000,4,2000
47.4833,9.66667,2000-04-03,-0.279999993741512,14.359999679029,7.03999984264374,2000,4,2000
47.4833,9.66667,2000-04-04,7.69999982789159,17.6699996050447,12.6849997164682,2000,4,2000
47.4833,9.66667,2000-04-05,5.36999987997115,17.0899996180087,11.2299997489899,2000,4,2000
47.4833,9.66667,2000-04-06,4.28999990411103,9.99999977648258,7.1449998402968,2000,4,2000
47.4833,9.66667,2000-04-07,1.16999997384846,5.21999988332391,3.19499992858618,2000,4,2000
47.4833,9.66667,2000-04-08,-2.27999994903803,9.84999977983534,3.78499991539866,2000,4,2000
47.4833,9.66667,2000-04-09,-0.789999982342124,13.1699997056276,6.18999986164272,2000,4,2000
47.4833,9.66667,2000-04-10,0.34999999217689,15.0999996624887,7.72499982733279,2000,4,2000
47.4833,9.66667,2000-04-11,4.59999989718199,13.4799996986985,9.03999979794025,2000,4,2000
47.4833,9.66667,2000-04-12,5.14999988488853,10.8499997574836,7.99999982118607,2000,4,2000
47.4833,9.66667,2000-04-13,2.6399999409914,7.48999983258545,5.06499988678843,2000,4,2000
47.4833,9.66667,2000-04-14,2.72999993897974,9.90999977849424,6.31999985873699,2000,4,2000
47.4833,9.66667,2000-04-15,3.02999993227422,17.0599996186793,10.0449997754768,2000,4,2000
47.4833,9.66667,2000-04-16,6.06999986432493,13.6999996937811,9.88499977905303,2000,4,2000
47.4833,9.66667,2000-04-17,1.59999996423721,15.3499996569008,8.47499981056899,2000,4,2000
47.4833,9.66667,2000-04-18,6.40999985672534,13.21999970451,9.81499978061765,2000,4,2000
47.4833,9.66667,2000-04-19,4.37999990209937,8.63999980688095,6.50999985449016,2000,4,2000
47.4833,9.66667,2000-04-20,4.94999988935888,13.199999704957,9.07499979715794,2000,4,2000
47.4833,9.66667,2000-04-21,2.66999994032085,17.239999614656,9.95499977748841,2000,4,2000
47.4833,9.66667,2000-04-22,7.18999983929098,21.1899995263666,14.1899996828288,2000,4,2000
47.4833,9.66667,2000-04-23,8.29999981448054,24.3499994557351,16.3249996351078,2000,4,2000
47.4833,9.66667,2000-04-24,10.3499997686595,19.9599995538592,15.1549996612594,2000,4,2000
47.4833,9.66667,2000-04-25,5.22999988310039,11.8599997349083,8.54499980900437,2000,4,2000
47.4833,9.66667,2000-04-26,4.20999990589917,17.0199996195734,10.6149997627363,2000,4,2000
47.4833,9.66667,2000-04-27,6.58999985270202,21.219999525696,13.904999689199,2000,4,2000
47.4833,9.66667,2000-04-28,9.84999977983534,22.3299995008856,16.0899996403605,2000,4,2000
47.4833,9.66667,2000-04-29,12.1299997288734,22.5199994966388,17.3249996127561,2000,4,2000
47.4833,9.66667,2000-04-30,9.43999978899956,16.9999996200204,13.21999970451,2000,4,2000
47.4833,9.66667,2000-05-01,10.6699997615069,19.1399995721877,14.9049996668473,2000,5,NA
47.4833,9.66667,2000-05-02,10.5599997639656,20.2999995462596,15.4299996551126,2000,5,NA
47.4833,9.66667,2000-05-03,10.3799997679889,20.3499995451421,15.3649996565655,2000,5,NA
47.4833,9.66667,2000-05-04,10.2099997717887,21.9499995093793,16.079999640584,2000,5,NA
47.4833,9.66667,2000-05-05,10.0899997744709,21.3099995236844,15.6999996490777,2000,5,NA
47.4833,9.66667,2000-05-06,9.50999978743494,21.7199995145202,15.6149996509776,2000,5,NA
47.4833,9.66667,2000-05-07,9.55999978631735,20.8399995341897,15.1999996602535,2000,5,NA
47.4833,9.66667,2000-05-08,10.5799997635186,23.269999479875,16.9249996216968,2000,5,NA
47.4833,9.66667,2000-05-09,10.879999756813,22.1599995046854,16.5199996307492,2000,5,NA
47.4833,9.66667,2000-05-10,9.90999977849424,24.0699994619936,16.9899996202439,2000,5,NA
47.4833,9.66667,2000-05-11,13.199999704957,26.129999415949,19.664999560453,2000,5,NA
47.4833,9.66667,2000-05-12,14.5599996745586,26.0799994170666,20.3199995458126,2000,5,NA
47.4833,9.66667,2000-05-13,13.1199997067451,18.0999995954335,15.6099996510893,2000,5,NA
47.4833,9.66667,2000-05-14,12.0999997295439,18.7399995811284,15.4199996553361,2000,5,NA
47.4833,9.66667,2000-05-15,9.24999979324639,22.4899994973093,15.8699996452779,2000,5,NA
47.4833,9.66667,2000-05-16,10.6799997612834,24.3599994555116,17.5199996083975,2000,5,NA
47.4833,9.66667,2000-05-17,13.509999698028,25.6199994273484,19.5649995626882,2000,5,NA
47.4833,9.66667,2000-05-18,12.9499997105449,23.9999994635582,18.4749995870516,2000,5,NA
47.4833,9.66667,2000-05-19,10.0199997760355,13.2999997027218,11.6599997393787,2000,5,NA
47.4833,9.66667,2000-05-20,6.99999984353781,14.5399996750057,10.7699997592717,2000,5,NA
47.4833,9.66667,2000-05-21,6.85999984666705,14.3999996781349,10.629999762401,2000,5,NA
47.4833,9.66667,2000-05-22,4.36999990232289,17.5199996083975,10.9449997553602,2000,5,NA
47.4833,9.66667,2000-05-23,6.95999984443188,14.4699996765703,10.7149997605011,2000,5,NA
47.4833,9.66667,2000-05-24,5.58999987505376,18.4699995871633,12.0299997311085,2000,5,NA
47.4833,9.66667,2000-05-25,8.3799998126924,21.5399995185435,14.9599996656179,2000,5,NA
47.4833,9.66667,2000-05-26,11.9799997322261,21.5999995172024,16.7899996247143,2000,5,NA
47.4833,9.66667,2000-05-27,12.9199997112155,22.939999487251,17.9299995992333,2000,5,NA
47.4833,9.66667,2000-05-28,10.8899997565895,18.4699995871633,14.6799996718764,2000,5,NA
47.4833,9.66667,2000-05-29,6.91999984532595,17.6099996063858,12.2649997258559,2000,5,NA
47.4833,9.66667,2000-05-30,8.12999981828034,12.5099997203797,10.31999976933,2000,5,NA
47.4833,9.66667,2000-05-31,6.05999986454844,13.0599997080863,9.55999978631735,2000,5,NA
47.4833,9.66667,2000-06-01,10.0999997742474,13.489999698475,11.7949997363612,2000,6,NA
47.4833,9.66667,2000-06-02,7.65999982878566,20.8699995335191,14.2649996811524,2000,6,NA
47.4833,9.66667,2000-06-03,11.6999997384846,25.7499994244426,18.7249995814636,2000,6,NA
47.4833,9.66667,2000-06-04,13.4999996982515,27.0399993956089,20.2699995469302,2000,6,NA
47.4833,9.66667,2000-06-05,15.7999996468425,26.3299994114786,21.0649995291606,2000,6,NA
47.4833,9.66667,2000-06-06,14.7899996694177,26.5299994070083,20.659999538213,2000,6,NA
47.4833,9.66667,2000-06-07,11.8099997360259,15.6699996497482,13.7399996928871,2000,6,NA
47.4833,9.66667,2000-06-08,10.029999775812,18.4699995871633,14.2499996814877,2000,6,NA
47.4833,9.66667,2000-06-09,8.22999981604517,22.9899994861335,15.6099996510893,2000,6,NA
47.4833,9.66667,2000-06-10,13.0799997076392,28.8199993558228,20.949999531731,2000,6,NA
47.4833,9.66667,2000-06-11,16.3299996349961,26.9499993976206,21.6399995163083,2000,6,NA
47.4833,9.66667,2000-06-12,14.379999678582,24.2799994572997,19.3299995679408,2000,6,NA
47.4833,9.66667,2000-06-13,14.4999996758997,21.1199995279312,17.8099996019155,2000,6,NA
47.4833,9.66667,2000-06-14,14.6899996716529,26.399999409914,20.5449995407835,2000,6,NA
47.4833,9.66667,2000-06-15,14.5399996750057,23.7999994680285,19.1699995715171,2000,6,NA
47.4833,9.66667,2000-06-16,14.7099996712059,22.4499994982034,18.5799995847046,2000,6,NA
47.4833,9.66667,2000-06-17,12.8499997127801,19.0499995741993,15.9499996434897,2000,6,NA
47.4833,9.66667,2000-06-18,9.20999979414046,20.63999953866,14.9249996664003,2000,6,NA
47.4833,9.66667,2000-06-19,9.56999978609383,24.8399994447827,17.2049996154383,2000,6,NA
47.4833,9.66667,2000-06-20,12.5399997197092,27.5099993851036,20.0249995524064,2000,6,NA
47.4833,9.66667,2000-06-21,15.0199996642768,29.3099993448704,22.1649995045736,2000,6,NA
47.4833,9.66667,2000-06-22,17.0799996182323,28.2699993681163,22.6749994931743,2000,6,NA
47.4833,9.66667,2000-06-23,15.8599996455014,25.9699994195253,20.9149995325133,2000,6,NA
47.4833,9.66667,2000-06-24,13.0999997071922,17.7399996034801,15.4199996553361,2000,6,NA
47.4833,9.66667,2000-06-25,10.7599997594953,16.4999996311963,13.6299996953458,2000,6,NA
47.4833,9.66667,2000-06-26,8.3799998126924,14.4799996763468,11.4299997445196,2000,6,NA
47.4833,9.66667,2000-06-27,9.86999977938831,17.7099996041507,13.7899996917695,2000,6,NA
47.4833,9.66667,2000-06-28,7.04999984242022,19.8999995552003,13.4749996988103,2000,6,NA
47.4833,9.66667,2000-06-29,9.5899997856468,17.1299996171147,13.3599997013807,2000,6,NA
47.4833,9.66667,2000-06-30,9.91999977827072,20.1099995505065,15.0149996643886,2000,6,NA
47.4833,9.66667,2000-07-01,11.0799997523427,22.7299994919449,16.9049996221438,2000,7,NA
47.4833,9.66667,2000-07-02,12.2899997252971,25.6599994264543,18.9749995758757,2000,7,NA
47.4833,9.66667,2000-07-03,15.0699996631593,28.159999370575,21.6149995168671,2000,7,NA
47.4833,9.66667,2000-07-04,15.8499996457249,23.8899994660169,19.8699995558709,2000,7,NA
47.4833,9.66667,2000-07-05,13.7699996922165,18.7599995806813,16.2649996364489,2000,7,NA
47.4833,9.66667,2000-07-06,13.4199997000396,21.6199995167553,17.5199996083975,2000,7,NA
47.4833,9.66667,2000-07-07,12.6699997168034,23.9599994644523,18.3149995906278,2000,7,NA
47.4833,9.66667,2000-07-08,14.4299996774644,22.7999994903803,18.6149995839223,2000,7,NA
47.4833,9.66667,2000-07-09,10.9399997554719,15.6699996497482,13.3049997026101,2000,7,NA
47.4833,9.66667,2000-07-10,8.99999979883432,17.0099996197969,13.0049997093156,2000,7,NA
47.4833,9.66667,2000-07-11,10.8399997577071,16.369999634102,13.6049996959046,2000,7,NA
47.4833,9.66667,2000-07-12,9.07999979704618,15.2599996589124,12.1699997279793,2000,7,NA
47.4833,9.66667,2000-07-13,8.38999981246889,14.4499996770173,11.4199997447431,2000,7,NA
47.4833,9.66667,2000-07-14,6.92999984510243,16.1199996396899,11.5249997423962,2000,7,NA
47.4833,9.66667,2000-07-15,9.86999977938831,12.5799997188151,11.2249997491017,2000,7,NA
47.4833,9.66667,2000-07-16,8.11999981850386,12.329999724403,10.2249997714534,2000,7,NA
47.4833,9.66667,2000-07-17,7.68999982811511,13.7499996926636,10.7199997603893,2000,7,NA
47.4833,9.66667,2000-07-18,5.36999987997115,17.2599996142089,11.31499974709,2000,7,NA
47.4833,9.66667,2000-07-19,7.75999982655048,20.2199995480478,13.9899996872991,2000,7,NA
47.4833,9.66667,2000-07-20,10.8299997579306,20.079999551177,15.4549996545538,2000,7,NA
47.4833,9.66667,2000-07-21,9.87999977916479,19.7599995583296,14.8199996687472,2000,7,NA
47.4833,9.66667,2000-07-22,9.14999979548156,22.6299994941801,15.8899996448308,2000,7,NA
47.4833,9.66667,2000-07-23,10.2499997708946,23.1699994821101,16.7099996265024,2000,7,NA
47.4833,9.66667,2000-07-24,13.6699996944517,22.6199994944036,18.1449995944276,2000,7,NA
47.4833,9.66667,2000-07-25,15.1299996618181,21.6799995154142,18.4049995886162,2000,7,NA
47.4833,9.66667,2000-07-26,13.0999997071922,22.7199994921684,17.9099995996803,2000,7,NA
47.4833,9.66667,2000-07-27,14.3199996799231,21.6099995169789,17.964999598451,2000,7,NA
47.4833,9.66667,2000-07-28,12.7199997156858,23.7699994686991,18.2449995921925,2000,7,NA
47.4833,9.66667,2000-07-29,13.0399997085333,17.9399995990098,15.4899996537715,2000,7,NA
47.4833,9.66667,2000-07-30,11.6999997384846,17.2299996148795,14.4649996766821,2000,7,NA
47.4833,9.66667,2000-07-31,11.5199997425079,17.7299996037036,14.6249996731058,2000,7,NA
47.4833,9.66667,2000-08-01,9.94999977760017,22.5899994950742,16.2699996363372,2000,8,NA
47.4833,9.66667,2000-08-02,12.1399997286499,26.5499994065613,19.3449995676056,2000,8,NA
47.4833,9.66667,2000-08-03,14.8399996683002,24.3999994546175,19.6199995614588,2000,8,NA
47.4833,9.66667,2000-08-04,13.9899996872991,18.5299995858222,16.2599996365607,2000,8,NA
47.4833,9.66667,2000-08-05,11.8299997355789,17.6699996050447,14.7499996703118,2000,8,NA
47.4833,9.66667,2000-08-06,12.7399997152388,15.7099996488541,14.2249996820465,2000,8,NA
47.4833,9.66667,2000-08-07,13.3999997004867,14.4699996765703,13.9349996885285,2000,8,NA
47.4833,9.66667,2000-08-08,12.5999997183681,19.8499995563179,16.224999637343,2000,8,NA
47.4833,9.66667,2000-08-09,12.4199997223914,22.0999995060265,17.2599996142089,2000,8,NA
47.4833,9.66667,2000-08-10,13.2299997042865,22.9999994859099,18.1149995950982,2000,8,NA
47.4833,9.66667,2000-08-11,13.4299996998161,25.2199994362891,19.3249995680526,2000,8,NA
47.4833,9.66667,2000-08-12,15.1699996609241,26.4999994076788,20.8349995343015,2000,8,NA
47.4833,9.66667,2000-08-13,14.629999672994,26.0699994172901,20.3499995451421,2000,8,NA
47.4833,9.66667,2000-08-14,14.8899996671826,26.6299994047731,20.7599995359778,2000,8,NA
47.4833,9.66667,2000-08-15,15.3099996577948,26.9699993971735,21.1399995274842,2000,8,NA
47.4833,9.66667,2000-08-16,15.2599996589124,26.2999994121492,20.7799995355308,2000,8,NA
47.4833,9.66667,2000-08-17,16.909999622032,26.9299993980676,21.9199995100498,2000,8,NA
47.4833,9.66667,2000-08-18,16.8599996231496,27.7599993795156,22.3099995013326,2000,8,NA
47.4833,9.66667,2000-08-19,16.1299996394664,25.9899994190782,21.0599995292723,2000,8,NA
47.4833,9.66667,2000-08-20,17.0099996197969,27.849999377504,22.4299994986504,2000,8,NA
47.4833,9.66667,2000-08-21,18.7699995804578,32.5499992724508,25.6599994264543,2000,8,NA
47.4833,9.66667,2000-08-22,14.8699996676296,25.4199994318187,20.1449995497242,2000,8,NA
47.4833,9.66667,2000-08-23,12.9599997103214,21.0599995292723,17.0099996197969,2000,8,NA
47.4833,9.66667,2000-08-24,12.329999724403,23.6599994711578,17.9949995977804,2000,8,NA
47.4833,9.66667,2000-08-25,12.8599997125566,26.1899994146079,19.5249995635822,2000,8,NA
47.4833,9.66667,2000-08-26,12.9399997107685,25.4699994307011,19.2049995707348,2000,8,NA
47.4833,9.66667,2000-08-27,12.5699997190386,26.4399994090199,19.5049995640293,2000,8,NA
47.4833,9.66667,2000-08-28,14.049999685958,19.0699995737523,16.5599996298552,2000,8,NA
47.4833,9.66667,2000-08-29,12.7799997143447,19.8399995565414,16.3099996354431,2000,8,NA
47.4833,9.66667,2000-08-30,10.2899997700006,21.2699995245785,15.7799996472895,2000,8,NA
47.4833,9.66667,2000-08-31,12.039999730885,20.2699995469302,16.1549996389076,2000,8,NA
47.4833,9.66667,2000-09-01,12.4099997226149,15.6599996499717,14.0349996862933,2000,9,NA
47.4833,9.66667,2000-09-02,12.4599997214973,20.7599995359778,16.6099996287376,2000,9,NA
47.4833,9.66667,2000-09-03,10.879999756813,17.6499996054918,14.2649996811524,2000,9,NA
47.4833,9.66667,2000-09-04,10.5399997644126,13.7099996935576,12.1249997289851,2000,9,NA
47.4833,9.66667,2000-09-05,8.99999979883432,13.7299996931106,11.3649997459725,2000,9,NA
47.4833,9.66667,2000-09-06,8.47999981045723,15.6499996501952,12.0649997303262,2000,9,NA
47.4833,9.66667,2000-09-07,7.44999983347952,15.9299996439368,11.6899997387081,2000,9,NA
47.4833,9.66667,2000-09-08,10.4199997670949,16.8599996231496,13.6399996951222,2000,9,NA
47.4833,9.66667,2000-09-09,6.73999984934926,19.3299995679408,13.034999708645,2000,9,NA
47.4833,9.66667,2000-09-10,8.77999980375171,21.3899995218962,15.084999662824,2000,9,NA
47.4833,9.66667,2000-09-11,10.4399997666478,22.3599995002151,16.3999996334314,2000,9,NA
47.4833,9.66667,2000-09-12,11.3699997458607,23.0099994856864,17.1899996157736,2000,9,NA
47.4833,9.66667,2000-09-13,11.2899997476488,22.8499994892627,17.0699996184558,2000,9,NA
47.4833,9.66667,2000-09-14,13.799999691546,20.1399995498359,16.9699996206909,2000,9,NA
47.4833,9.66667,2000-09-15,12.3899997230619,21.7699995134026,17.0799996182323,2000,9,NA
47.4833,9.66667,2000-09-16,13.4399996995926,23.849999466911,18.6449995832518,2000,9,NA
47.4833,9.66667,2000-09-17,11.8099997360259,19.3199995681643,15.5649996520951,2000,9,NA
47.4833,9.66667,2000-09-18,9.63999978452921,16.4299996327609,13.034999708645,2000,9,NA
47.4833,9.66667,2000-09-19,6.68999985046685,18.2099995929748,12.4499997217208,2000,9,NA
47.4833,9.66667,2000-09-20,8.32999981380999,21.9799995087087,15.1549996612594,2000,9,NA
47.4833,9.66667,2000-09-21,11.6999997384846,19.3799995668232,15.5399996526539,2000,9,NA
47.4833,9.66667,2000-09-22,8.8999998010695,11.6599997393787,10.2799997702241,2000,9,NA
47.4833,9.66667,2000-09-23,8.47999981045723,14.4099996779114,11.4449997441843,2000,9,NA
47.4833,9.66667,2000-09-24,5.86999986879528,17.1499996166676,11.5099997427315,2000,9,NA
47.4833,9.66667,2000-09-25,6.8299998473376,16.9399996213615,11.8849997343495,2000,9,NA
47.4833,9.66667,2000-09-26,9.40999978967011,19.0699995737523,14.2399996817112,2000,9,NA
47.4833,9.66667,2000-09-27,10.4299997668713,19.4599995650351,14.9449996659532,2000,9,NA
47.4833,9.66667,2000-09-28,10.7999997586012,20.4699995424598,15.6349996505305,2000,9,NA
47.4833,9.66667,2000-09-29,11.8399997353554,21.7399995140731,16.7899996247143,2000,9,NA
47.4833,9.66667,2000-09-30,12.4999997206032,24.4899994526058,18.4949995866045,2000,9,NA
47.4833,9.66667,2000-10-01,11.8499997351319,17.4199996106327,14.6349996728823,2000,10,2001
47.4833,9.66667,2000-10-02,11.5199997425079,14.7999996691942,13.1599997058511,2000,10,2001
47.4833,9.66667,2000-10-03,9.60999978519976,12.8699997123331,11.2399997487664,2000,10,2001
47.4833,9.66667,2000-10-04,8.29999981448054,12.6999997161329,10.4999997653067,2000,10,2001
47.4833,9.66667,2000-10-05,6.33999985828996,12.7099997159094,9.52499978709966,2000,10,2001
47.4833,9.66667,2000-10-06,9.5299997869879,12.7199997156858,11.1249997513369,2000,10,2001
47.4833,9.66667,2000-10-07,6.8299998473376,10.1899997722358,8.50999980978668,2000,10,2001
47.4833,9.66667,2000-10-08,4.43999990075827,8.11999981850386,6.27999985963106,2000,10,2001
47.4833,9.66667,2000-10-09,1.79999995976686,11.6799997389317,6.73999984934926,2000,10,2001
47.4833,9.66667,2000-10-10,5.43999987840652,12.0099997315556,8.72499980498105,2000,10,2001
47.4833,9.66667,2000-10-11,4.15999990701675,11.2999997474253,7.72999982722104,2000,10,2001
47.4833,9.66667,2000-10-12,3.82999991439283,12.5099997203797,8.16999981738627,2000,10,2001
47.4833,9.66667,2000-10-13,7.96999982185662,11.8699997346848,9.91999977827072,2000,10,2001
47.4833,9.66667,2000-10-14,8.61999980732799,14.3099996801466,11.4649997437373,2000,10,2001
47.4833,9.66667,2000-10-15,8.42999981157482,17.8299996014684,13.1299997065216,2000,10,2001
47.4833,9.66667,2000-10-16,9.22999979369342,15.5399996526539,12.3849997231737,2000,10,2001
47.4833,9.66667,2000-10-17,8.2699998151511,16.2099996376783,12.2399997264147,2000,10,2001
47.4833,9.66667,2000-10-18,8.81999980285764,11.6999997384846,10.2599997706711,2000,10,2001
47.4833,9.66667,2000-10-19,7.2899998370558,11.4299997445196,9.3599997907877,2000,10,2001
47.4833,9.66667,2000-10-20,8.29999981448054,13.3099997024983,10.8049997584894,2000,10,2001
47.4833,9.66667,2000-10-21,7.10999984107912,14.7999996691942,10.9549997551367,2000,10,2001
47.4833,9.66667,2000-10-22,7.56999983079731,14.7299996707588,11.1499997507781,2000,10,2001
47.4833,9.66667,2000-10-23,6.68999985046685,12.909999711439,9.79999978095293,2000,10,2001
47.4833,9.66667,2000-10-24,6.26999985985458,14.2199996821582,10.2449997710064,2000,10,2001
47.4833,9.66667,2000-10-25,7.29999983683228,13.2499997038394,10.2749997703359,2000,10,2001
47.4833,9.66667,2000-10-26,7.98999982140958,17.2299996148795,12.6099997181445,2000,10,2001
47.4833,9.66667,2000-10-27,8.19999981671572,12.7399997152388,10.4699997659773,2000,10,2001
47.4833,9.66667,2000-10-28,7.13999984040856,10.5599997639656,8.84999980218709,2000,10,2001
47.4833,9.66667,2000-10-29,5.36999987997115,14.5099996756762,9.93999977782369,2000,10,2001
47.4833,9.66667,2000-10-30,4.98999988846481,12.3199997246265,8.65499980654567,2000,10,2001
47.4833,9.66667,2000-10-31,3.44999992288649,16.099999640137,9.77499978151172,2000,10,2001
47.4833,9.66667,2000-11-01,6.54999985359609,13.0399997085333,9.79499978106469,2000,11,2001
47.4833,9.66667,2000-11-02,3.5599999204278,11.8899997342378,7.72499982733279,2000,11,2001
47.4833,9.66667,2000-11-03,3.14999992959201,14.4899996761233,8.81999980285764,2000,11,2001
47.4833,9.66667,2000-11-04,5.2799998819828,11.76999973692,8.5249998094514,2000,11,2001
47.4833,9.66667,2000-11-05,2.62999994121492,7.46999983303249,5.0499998871237,2000,11,2001
47.4833,9.66667,2000-11-06,1.43999996781349,9.8199997805059,5.62999987415969,2000,11,2001
47.4833,9.66667,2000-11-07,4.17999990656972,14.5799996741116,9.37999979034066,2000,11,2001
47.4833,9.66667,2000-11-08,1.18999997340143,10.0599997751415,5.62499987427145,2000,11,2001
47.4833,9.66667,2000-11-09,2.35999994724989,9.97999977692962,6.16999986208975,2000,11,2001
47.4833,9.66667,2000-11-10,2.77999993786216,9.62999978475273,6.20499986130744,2000,11,2001
47.4833,9.66667,2000-11-11,1.66999996267259,8.69999980553985,5.18499988410622,2000,11,2001
47.4833,9.66667,2000-11-12,0.869999980553985,9.18999979458749,5.02999988757074,2000,11,2001
47.4833,9.66667,2000-11-13,1.05999997630715,15.0099996645004,8.03499982040375,2000,11,2001
47.4833,9.66667,2000-11-14,8.99999979883432,17.2799996137619,13.1399997062981,2000,11,2001
47.4833,9.66667,2000-11-15,4.71999989449978,10.5999997630715,7.65999982878566,2000,11,2001
47.4833,9.66667,2000-11-16,2.57999994233251,7.25999983772635,4.91999989002943,2000,11,2001
47.4833,9.66667,2000-11-17,1.81999995931983,6.29999985918403,4.05999990925193,2000,11,2001
47.4833,9.66667,2000-11-18,0.729999983683228,3.81999991461635,2.27499994914979,2000,11,2001
47.4833,9.66667,2000-11-19,-1.12999997474253,5.03999988734722,1.95499995630234,2000,11,2001
47.4833,9.66667,2000-11-20,-2.48999994434416,7.22999983839691,2.36999994702637,2000,11,2001
47.4833,9.66667,2000-11-21,1.719999961555,6.12999986298382,3.92499991226941,2000,11,2001
47.4833,9.66667,2000-11-22,1.10999997518957,6.06999986432493,3.58999991975725,2000,11,2001
47.4833,9.66667,2000-11-23,1.40999996848404,10.9299997556955,6.16999986208975,2000,11,2001
47.4833,9.66667,2000-11-24,2.38999994657934,13.5899996962398,7.98999982140958,2000,11,2001
47.4833,9.66667,2000-11-25,3.96999991126359,10.1999997720122,7.08499984163791,2000,11,2001
47.4833,9.66667,2000-11-26,1.52999996580184,4.95999988913536,3.2449999274686,2000,11,2001
47.4833,9.66667,2000-11-27,0.389999991282821,6.37999985739589,3.38499992433935,2000,11,2001
47.4833,9.66667,2000-11-28,2.24999994970858,6.4299998562783,4.33999990299344,2000,11,2001
47.4833,9.66667,2000-11-29,3.5599999204278,11.7399997375906,7.64999982900918,2000,11,2001
47.4833,9.66667,2000-11-30,2.49999994412065,8.17999981716275,5.3399998806417,2000,11,2001
47.4833,9.66667,2000-12-01,1.18999997340143,10.3499997686595,5.76999987103045,2000,12,2001
47.4833,9.66667,2000-12-02,0.469999989494681,7.04999984242022,3.75999991595745,2000,12,2001
47.4833,9.66667,2000-12-03,2.35999994724989,8.39999981224537,5.37999987974763,2000,12,2001
47.4833,9.66667,2000-12-04,2.88999993540347,9.00999979861081,5.94999986700714,2000,12,2001
47.4833,9.66667,2000-12-05,1.96999995596707,6.91999984532595,4.44499990064651,2000,12,2001
47.4833,9.66667,2000-12-06,1.67999996244907,9.36999979056418,5.52499987650663,2000,12,2001
47.4833,9.66667,2000-12-07,0.799999982118607,6.029999865219,3.4149999236688,2000,12,2001
47.4833,9.66667,2000-12-08,2.04999995417893,13.4499996993691,7.749999826774,2000,12,2001
47.4833,9.66667,2000-12-09,8.35999981313944,16.6099996287376,12.4849997209385,2000,12,2001
47.4833,9.66667,2000-12-10,6.2599998600781,10.4499997664243,8.3549998132512,2000,12,2001
47.4833,9.66667,2000-12-11,4.32999990321696,10.31999976933,7.32499983627349,2000,12,2001
47.4833,9.66667,2000-12-12,6.00999986566603,14.1599996834993,10.0849997745827,2000,12,2001
47.4833,9.66667,2000-12-13,5.09999988600612,12.6899997163564,8.89499980118126,2000,12,2001
47.4833,9.66667,2000-12-14,4.91999989002943,13.0599997080863,8.98999979905784,2000,12,2001
47.4833,9.66667,2000-12-15,2.79999993741512,7.98999982140958,5.39499987941235,2000,12,2001
47.4833,9.66667,2000-12-16,2.4099999461323,6.90999984554946,4.65999989584088,2000,12,2001
47.4833,9.66667,2000-12-17,0.689999984577298,3.53999992087483,2.11499995272607,2000,12,2001
47.4833,9.66667,2000-12-18,-0.229999994859099,3.51999992132187,1.64499996323138,2000,12,2001
47.4833,9.66667,2000-12-19,-1.41999996826053,5.31999988108873,1.9499999564141,2000,12,2001
47.4833,9.66667,2000-12-20,2.4099999461323,6.29999985918403,4.35499990265816,2000,12,2001
47.4833,9.66667,2000-12-21,-0.219999995082617,4.16999990679324,1.97499995585531,2000,12,2001
47.4833,9.66667,2000-12-22,-0.0999999977648258,3.1599999293685,1.52999996580184,2000,12,2001
47.4833,9.66667,2000-12-23,-3.25999992713332,1.34999996982515,-0.954999978654087,2000,12,2001
47.4833,9.66667,2000-12-24,-5.43999987840652,1.17999997362494,-2.12999995239079,2000,12,2001
47.4833,9.66667,2000-12-25,-6.20999986119568,2.30999994836748,-1.9499999564141,2000,12,2001
47.4833,9.66667,2000-12-26,-0.859999980777502,4.53999989852309,1.8399999588728,2000,12,2001
47.4833,9.66667,2000-12-27,0.439999990165234,6.91999984532595,3.67999991774559,2000,12,2001
47.4833,9.66667,2000-12-28,-1.22999997250736,7.31999983638525,3.04499993193895,2000,12,2001
47.4833,9.66667,2000-12-29,-2.18999995104969,4.1899999063462,0.999999977648258,2000,12,2001
47.4833,9.66667,2000-12-30,-3.16999992914498,0.569999987259507,-1.29999997094274,2000,12,2001
47.4833,9.66667,2000-12-31,-3.47999992221594,0.919999979436398,-1.27999997138977,2000,12,2001
47.4833,9.66667,2001-01-01,-5.67999987304211,1.23999997228384,-2.21999995037913,2001,1,2001
47.4833,9.66667,2001-01-02,-7.30999983660877,4.4799998998642,-1.41499996837229,2001,1,2001
47.4833,9.66667,2001-01-03,-0.609999986365438,7.90999982319772,3.64999991841614,2001,1,2001
47.4833,9.66667,2001-01-04,1.33999997004867,6.5999998524785,3.96999991126359,2001,1,2001
47.4833,9.66667,2001-01-05,-0.169999996200204,7.07999984174967,3.45499992277473,2001,1,2001
47.4833,9.66667,2001-01-06,1.64999996311963,10.1199997738004,5.88499986846,2001,1,2001
47.4833,9.66667,2001-01-07,4.02999990992248,9.2999997921288,6.66499985102564,2001,1,2001
47.4833,9.66667,2001-01-08,0.559999987483025,2.15999995172024,1.35999996960163,2001,1,2001
47.4833,9.66667,2001-01-09,-0.259999994188547,0.88999998010695,0.314999992959201,2001,1,2001
47.4833,9.66667,2001-01-10,-2.37999994680285,2.98999993316829,0.304999993182719,2001,1,2001
47.4833,9.66667,2001-01-11,-2.06999995373189,3.67999991774559,0.804999982006848,2001,1,2001
47.4833,9.66667,2001-01-12,2.07999995350838,6.01999986544251,4.04999990947545,2001,1,2001
47.4833,9.66667,2001-01-13,0.739999983459711,3.06999993138015,1.90499995741993,2001,1,2001
47.4833,9.66667,2001-01-14,-2.48999994434416,-0.0799999982118607,-1.28499997127801,2001,1,2001
47.4833,9.66667,2001-01-15,-5.47999987751245,-1.61999996379018,-3.54999992065132,2001,1,2001
47.4833,9.66667,2001-01-16,-7.19999983906746,-2.9299999345094,-5.06499988678843,2001,1,2001
47.4833,9.66667,2001-01-17,-7.61999982967973,0.149999996647239,-3.73499991651624,2001,1,2001
47.4833,9.66667,2001-01-18,-6.5999998524785,1.81999995931983,-2.38999994657934,2001,1,2001
47.4833,9.66667,2001-01-19,-3.35999992489815,2.61999994143844,-0.369999991729856,2001,1,2001
47.4833,9.66667,2001-01-20,-3.74999991618097,3.67999991774559,-0.034999999217689,2001,1,2001
47.4833,9.66667,2001-01-21,-1.22999997250736,3.57999991998076,1.1749999737367,2001,1,2001
47.4833,9.66667,2001-01-22,-2.31999994814396,2.80999993719161,0.244999994523823,2001,1,2001
47.4833,9.66667,2001-01-23,-0.999999977648258,8.48999981023371,3.74499991629273,2001,1,2001
47.4833,9.66667,2001-01-24,1.53999996557832,8.8999998010695,5.21999988332391,2001,1,2001
47.4833,9.66667,2001-01-25,4.4199999012053,12.889999711886,8.65499980654567,2001,1,2001
47.4833,9.66667,2001-01-26,1.40999996848404,7.62999982945621,4.51999989897013,2001,1,2001
47.4833,9.66667,2001-01-27,0.61999998614192,6.98999984376132,3.80499991495162,2001,1,2001
47.4833,9.66667,2001-01-28,-0.0399999991059303,7.21999983862042,3.58999991975725,2001,1,2001
47.4833,9.66667,2001-01-29,-2.12999995239079,7.16999983973801,2.51999994367361,2001,1,2001
47.4833,9.66667,2001-01-30,-4.27999990433455,3.4999999217689,-0.389999991282821,2001,1,2001
47.4833,9.66667,2001-01-31,-1.35999996960163,1.90999995730817,0.274999993853271,2001,1,2001
47.4833,9.66667,2001-02-01,-3.28999992646277,1.88999995775521,-0.699999984353781,2001,2,2001
47.4833,9.66667,2001-02-02,-3.43999992311001,-0.509999988600612,-1.97499995585531,2001,2,2001
47.4833,9.66667,2001-02-03,-4.10999990813434,1.01999997720122,-1.54499996546656,2001,2,2001
47.4833,9.66667,2001-02-04,-1.70999996177852,2.75999993830919,0.524999988265336,2001,2,2001
47.4833,9.66667,2001-02-05,2.26999994926155,10.3499997686595,6.30999985896051,2001,2,2001
47.4833,9.66667,2001-02-06,3.29999992623925,10.899999756366,7.09999984130263,2001,2,2001
47.4833,9.66667,2001-02-07,4.96999988891184,15.0899996627122,10.029999775812,2001,2,2001
47.4833,9.66667,2001-02-08,5.80999987013638,15.4399996548891,10.6249997625127,2001,2,2001
47.4833,9.66667,2001-02-09,8.34999981336296,14.5699996743351,11.459999743849,2001,2,2001
47.4833,9.66667,2001-02-10,3.27999992668629,6.30999985896051,4.7949998928234,2001,2,2001
47.4833,9.66667,2001-02-11,0.219999995082617,7.49999983236194,3.85999991372228,2001,2,2001
47.4833,9.66667,2001-02-12,-0.61999998614192,9.67999978363514,4.52999989874661,2001,2,2001
47.4833,9.66667,2001-02-13,1.05999997630715,11.1299997512251,6.09499986376613,2001,2,2001
47.4833,9.66667,2001-02-14,3.3299999255687,11.0099997539073,7.16999983973801,2001,2,2001
47.4833,9.66667,2001-02-15,2.33999994769692,7.18999983929098,4.76499989349395,2001,2,2001
47.4833,9.66667,2001-02-16,-0.949999978765845,4.13999990746379,1.59499996434897,2001,2,2001
47.4833,9.66667,2001-02-17,-2.05999995395541,7.91999982297421,2.9299999345094,2001,2,2001
47.4833,9.66667,2001-02-18,0.409999990835786,3.85999991372228,2.13499995227903,2001,2,2001
47.4833,9.66667,2001-02-19,-1.26999997161329,4.60999989695847,1.66999996267259,2001,2,2001
47.4833,9.66667,2001-02-20,-1.58999996446073,5.01999988779426,1.71499996166676,2001,2,2001
47.4833,9.66667,2001-02-21,-1.23999997228384,2.45999994501472,0.609999986365438,2001,2,2001
47.4833,9.66667,2001-02-22,-1.88999995775521,5.67999987304211,1.89499995764345,2001,2,2001
47.4833,9.66667,2001-02-23,0.729999983683228,3.71999991685152,2.22499995026737,2001,2,2001
47.4833,9.66667,2001-02-24,0.61999998614192,6.28999985940754,3.45499992277473,2001,2,2001
47.4833,9.66667,2001-02-25,-3.06999993138015,0.359999991953373,-1.35499996971339,2001,2,2001
47.4833,9.66667,2001-02-26,-5.75999987125397,-0.369999991729856,-3.06499993149191,2001,2,2001
47.4833,9.66667,2001-02-27,-7.3499998357147,-0.0699999984353781,-3.70999991707504,2001,2,2001
47.4833,9.66667,2001-02-28,-7.54999983124435,5.48999987728894,-1.02999997697771,2001,2,2001
47.4833,9.66667,2001-03-01,-0.519999988377094,6.56999985314906,3.02499993238598,2001,3,2001
47.4833,9.66667,2001-03-02,-1.8399999588728,5.26999988220632,1.71499996166676,2001,3,2001
47.4833,9.66667,2001-03-03,-1.82999995909631,5.36999987997115,1.76999996043742,2001,3,2001
47.4833,9.66667,2001-03-04,2.55999994277954,6.55999985337257,4.55999989807606,2001,3,2001
47.4833,9.66667,2001-03-05,1.97999995574355,6.12999986298382,4.05499990936369,2001,3,2001
47.4833,9.66667,2001-03-06,0.699999984353781,6.76999984867871,3.73499991651624,2001,3,2001
47.4833,9.66667,2001-03-07,-0.959999978542328,6.72999984957278,2.88499993551522,2001,3,2001
47.4833,9.66667,2001-03-08,0.189999995753169,8.2099998164922,4.19999990612268,2001,3,2001
47.4833,9.66667,2001-03-09,3.62999991886318,12.5099997203797,8.06999981962144,2001,3,2001
47.4833,9.66667,2001-03-10,4.8199998922646,10.0199997760355,7.41999983415008,2001,3,2001
47.4833,9.66667,2001-03-11,4.53999989852309,8.98999979905784,6.76499984879047,2001,3,2001
47.4833,9.66667,2001-03-12,6.93999984487891,13.2299997042865,10.0849997745827,2001,3,2001
47.4833,9.66667,2001-03-13,6.40999985672534,15.7299996484071,11.0699997525662,2001,3,2001
47.4833,9.66667,2001-03-14,3.90999991260469,10.2099997717887,7.0599998421967,2001,3,2001
47.4833,9.66667,2001-03-15,2.95999993383884,6.85999984666705,4.90999989025295,2001,3,2001
47.4833,9.66667,2001-03-16,4.08999990858138,10.0399997755885,7.06499984208494,2001,3,2001
47.4833,9.66667,2001-03-17,4.63999989628792,16.8799996227026,10.7599997594953,2001,3,2001
47.4833,9.66667,2001-03-18,6.69999985024333,11.3699997458607,9.03499979805201,2001,3,2001
47.4833,9.66667,2001-03-19,5.66999987326562,11.9599997326732,8.8149998029694,2001,3,2001
47.4833,9.66667,2001-03-20,4.51999989897013,7.98999982140958,6.25499986018986,2001,3,2001
47.4833,9.66667,2001-03-21,1.16999997384846,7.63999982923269,4.40499990154058,2001,3,2001
47.4833,9.66667,2001-03-22,5.25999988242984,11.5699997413903,8.41499981191009,2001,3,2001
47.4833,9.66667,2001-03-23,6.7199998497963,12.6999997161329,9.70999978296459,2001,3,2001
47.4833,9.66667,2001-03-24,5.87999986857176,19.0699995737523,12.474999721162,2001,3,2001
47.4833,9.66667,2001-03-25,8.87999980151653,16.4999996311963,12.6899997163564,2001,3,2001
47.4833,9.66667,2001-03-26,7.41999983415008,11.9799997322261,9.6999997831881,2001,3,2001
47.4833,9.66667,2001-03-27,3.60999991931021,8.69999980553985,6.15499986242503,2001,3,2001
47.4833,9.66667,2001-03-28,1.99999995529652,7.14999984018505,4.57499989774078,2001,3,2001
47.4833,9.66667,2001-03-29,1.22999997250736,11.9299997333437,6.57999985292554,2001,3,2001
47.4833,9.66667,2001-03-30,3.0399999320507,10.7599997594953,6.89999984577298,2001,3,2001
47.4833,9.66667,2001-03-31,2.72999993897974,5.45999987795949,4.09499990846962,2001,3,2001
47.4833,9.66667,2001-04-01,1.04999997653067,11.9399997331202,6.49499985482544,2001,4,2001
47.4833,9.66667,2001-04-02,1.8399999588728,15.5299996528774,8.68499980587512,2001,4,2001
47.4833,9.66667,2001-04-03,3.08999993093312,17.799999602139,10.4449997665361,2001,4,2001
47.4833,9.66667,2001-04-04,5.69999987259507,15.3299996573478,10.5149997649714,2001,4,2001
47.4833,9.66667,2001-04-05,3.12999993003905,16.5599996298552,9.8449997799471,2001,4,2001
47.4833,9.66667,2001-04-06,2.80999993719161,9.36999979056418,6.08999986387789,2001,4,2001
47.4833,9.66667,2001-04-07,3.63999991863966,13.6399996951222,8.63999980688095,2001,4,2001
47.4833,9.66667,2001-04-08,4.73999989405274,8.90999980084598,6.82499984744936,2001,4,2001
47.4833,9.66667,2001-04-09,1.38999996893108,9.19999979436398,5.29499988164753,2001,4,2001
47.4833,9.66667,2001-04-10,3.92999991215765,7.61999982967973,5.77499987091869,2001,4,2001
47.4833,9.66667,2001-04-11,4.34999990276992,8.08999981917441,6.21999986097217,2001,4,2001
47.4833,9.66667,2001-04-12,4.04999990947545,8.2699998151511,6.15999986231327,2001,4,2001
47.4833,9.66667,2001-04-13,4.19999990612268,8.01999982073903,6.10999986343086,2001,4,2001
47.4833,9.66667,2001-04-14,0.379999991506338,5.30999988131225,2.84499993640929,2001,4,2001
47.4833,9.66667,2001-04-15,-2.31999994814396,3.5599999204278,0.61999998614192,2001,4,2001
47.4833,9.66667,2001-04-16,-0.939999978989363,2.76999993808568,0.914999979548156,2001,4,2001
47.4833,9.66667,2001-04-17,1.22999997250736,5.0499998871237,3.13999992981553,2001,4,2001
47.4833,9.66667,2001-04-18,1.43999996781349,7.3499998357147,4.39499990176409,2001,4,2001
47.4833,9.66667,2001-04-19,1.42999996803701,9.00999979861081,5.21999988332391,2001,4,2001
47.4833,9.66667,2001-04-20,0.679999984800816,5.45999987795949,3.06999993138015,2001,4,2001
47.4833,9.66667,2001-04-21,-0.329999992623925,2.73999993875623,1.20499997306615,2001,4,2001
47.4833,9.66667,2001-04-22,-0.709999984130263,1.65999996289611,0.474999989382923,2001,4,2001
47.4833,9.66667,2001-04-23,-0.439999990165234,4.75999989360571,2.15999995172024,2001,4,2001
47.4833,9.66667,2001-04-24,-2.37999994680285,10.1099997740239,3.86499991361052,2001,4,2001
47.4833,9.66667,2001-04-25,1.89999995753169,15.1399996615946,8.51999980956316,2001,4,2001
47.4833,9.66667,2001-04-26,5.69999987259507,16.65999962762,11.1799997501075,2001,4,2001
47.4833,9.66667,2001-04-27,4.019999910146,11.6599997393787,7.83999982476234,2001,4,2001
47.4833,9.66667,2001-04-28,1.84999995864928,15.0999996624887,8.47499981056899,2001,4,2001
47.4833,9.66667,2001-04-29,7.01999984309077,15.8299996461719,11.4249997446314,2001,4,2001
47.4833,9.66667,2001-04-30,5.92999986745417,17.4699996095151,11.6999997384846,2001,4,2001
47.4833,9.66667,2001-05-01,9.45999978855252,21.3499995227903,15.4049996556714,2001,5,NA
47.4833,9.66667,2001-05-02,12.2999997250736,23.3099994789809,17.8049996020272,2001,5,NA
47.4833,9.66667,2001-05-03,8.54999980889261,24.8099994454533,16.6799996271729,2001,5,NA
47.4833,9.66667,2001-05-04,11.9099997337908,19.4199995659292,15.66499964986,2001,5,NA
47.4833,9.66667,2001-05-05,8.50999980978668,20.5799995400012,14.5449996748939,2001,5,NA
47.4833,9.66667,2001-05-06,8.40999981202185,15.4699996542186,11.9399997331202,2001,5,NA
47.4833,9.66667,2001-05-07,7.46999983303249,10.069999774918,8.76999980397522,2001,5,NA
47.4833,9.66667,2001-05-08,7.77999982610345,11.749999737367,9.76499978173524,2001,5,NA
47.4833,9.66667,2001-05-09,9.2999997921288,15.5599996522069,12.4299997221678,2001,5,NA
47.4833,9.66667,2001-05-10,8.71999980509281,18.3199995905161,13.5199996978045,2001,5,NA
47.4833,9.66667,2001-05-11,9.22999979369342,20.969999531284,15.0999996624887,2001,5,NA
47.4833,9.66667,2001-05-12,7.89999982342124,20.7799995355308,14.339999679476,2001,5,NA
47.4833,9.66667,2001-05-13,7.90999982319772,21.2799995243549,14.5949996737763,2001,5,NA
47.4833,9.66667,2001-05-14,8.25999981537461,22.8499994892627,15.5549996523187,2001,5,NA
47.4833,9.66667,2001-05-15,11.8299997355789,22.2899995017797,17.0599996186793,2001,5,NA
47.4833,9.66667,2001-05-16,10.2299997713417,18.939999576658,14.5849996739998,2001,5,NA
47.4833,9.66667,2001-05-17,9.8199997805059,23.1099994834512,16.4649996319786,2001,5,NA
47.4833,9.66667,2001-05-18,12.0199997313321,17.489999609068,14.7549996702,2001,5,NA
47.4833,9.66667,2001-05-19,8.24999981559813,12.6899997163564,10.4699997659773,2001,5,NA
47.4833,9.66667,2001-05-20,4.98999988846481,17.3399996124208,11.1649997504428,2001,5,NA
47.4833,9.66667,2001-05-21,6.43999985605478,20.4399995431304,13.4399996995926,2001,5,NA
47.4833,9.66667,2001-05-22,8.81999980285764,20.7099995370954,14.7649996699765,2001,5,NA
47.4833,9.66667,2001-05-23,10.2399997711182,20.2599995471537,15.2499996591359,2001,5,NA
47.4833,9.66667,2001-05-24,10.5099997650832,21.6999995149672,16.1049996400252,2001,5,NA
47.4833,9.66667,2001-05-25,12.5599997192621,22.6399994939566,17.5999996066093,2001,5,NA
47.4833,9.66667,2001-05-26,13.2699997033924,20.7599995359778,17.0149996196851,2001,5,NA
47.4833,9.66667,2001-05-27,10.609999762848,23.0299994852394,16.8199996240437,2001,5,NA
47.4833,9.66667,2001-05-28,12.4799997210503,24.8499994445592,18.6649995828047,2001,5,NA
47.4833,9.66667,2001-05-29,15.0899996627122,25.9899994190782,20.5399995408952,2001,5,NA
47.4833,9.66667,2001-05-30,14.8199996687472,26.689999403432,20.7549995360896,2001,5,NA
47.4833,9.66667,2001-05-31,15.6799996495247,26.6499994043261,21.1649995269254,2001,5,NA
47.4833,9.66667,2001-06-01,13.9499996881932,19.2199995703995,16.5849996292964,2001,6,NA
47.4833,9.66667,2001-06-02,10.1399997733533,15.2599996589124,12.6999997161329,2001,6,NA
47.4833,9.66667,2001-06-03,9.22999979369342,13.6699996944517,11.4499997440726,2001,6,NA
47.4833,9.66667,2001-06-04,4.80999989248812,9.28999979235232,7.04999984242022,2001,6,NA
47.4833,9.66667,2001-06-05,4.82999989204109,14.7599996700883,9.79499978106469,2001,6,NA
47.4833,9.66667,2001-06-06,4.96999988891184,20.1499995496124,12.5599997192621,2001,6,NA
47.4833,9.66667,2001-06-07,10.6399997621775,15.5399996526539,13.0899997074157,2001,6,NA
47.4833,9.66667,2001-06-08,10.9699997548014,20.0599995516241,15.5149996532127,2001,6,NA
47.4833,9.66667,2001-06-09,11.9299997333437,15.8999996446073,13.9149996889755,2001,6,NA
47.4833,9.66667,2001-06-10,11.4699997436255,13.3399997018278,12.4049997227266,2001,6,NA
47.4833,9.66667,2001-06-11,10.1699997726828,12.7199997156858,11.4449997441843,2001,6,NA
47.4833,9.66667,2001-06-12,7.0599998421967,12.6499997172505,9.85499977972358,2001,6,NA
47.4833,9.66667,2001-06-13,4.22999990545213,19.0399995744228,11.6349997399375,2001,6,NA
47.4833,9.66667,2001-06-14,8.18999981693923,21.5699995178729,14.8799996674061,2001,6,NA
47.4833,9.66667,2001-06-15,10.1699997726828,20.5699995402247,15.3699996564537,2001,6,NA
47.4833,9.66667,2001-06-16,10.8299997579306,24.9999994412065,17.9149995995685,2001,6,NA
47.4833,9.66667,2001-06-17,12.0699997302145,18.6899995822459,15.3799996562302,2001,6,NA
47.4833,9.66667,2001-06-18,10.2799997702241,15.8699996452779,13.074999707751,2001,6,NA
47.4833,9.66667,2001-06-19,10.2199997715652,12.5099997203797,11.3649997459725,2001,6,NA
47.4833,9.66667,2001-06-20,9.49999978765845,13.9399996884167,11.7199997380376,2001,6,NA
47.4833,9.66667,2001-06-21,6.44999985583127,19.0299995746464,12.7399997152388,2001,6,NA
47.4833,9.66667,2001-06-22,8.79999980330467,23.4399994760752,16.1199996396899,2001,6,NA
47.4833,9.66667,2001-06-23,13.7399996928871,21.7899995129555,17.7649996029213,2001,6,NA
47.4833,9.66667,2001-06-24,10.029999775812,21.3599995225668,15.6949996491894,2001,6,NA
47.4833,9.66667,2001-06-25,10.3499997686595,24.5599994510412,17.4549996098503,2001,6,NA
47.4833,9.66667,2001-06-26,11.3399997465312,25.6799994260073,18.5099995862693,2001,6,NA
47.4833,9.66667,2001-06-27,13.21999970451,27.3099993895739,20.264999547042,2001,6,NA
47.4833,9.66667,2001-06-28,14.359999679029,28.0999993719161,21.2299995254725,2001,6,NA
47.4833,9.66667,2001-06-29,14.9599996656179,18.939999576658,16.949999621138,2001,6,NA
47.4833,9.66667,2001-06-30,13.1399997062981,23.4799994751811,18.3099995907396,2001,6,NA
47.4833,9.66667,2001-07-01,13.3199997022748,25.1099994387478,19.2149995705113,2001,7,NA
47.4833,9.66667,2001-07-02,14.8599996678531,21.529999518767,18.1949995933101,2001,7,NA
47.4833,9.66667,2001-07-03,12.9599997103214,23.3899994771928,18.1749995937571,2001,7,NA
47.4833,9.66667,2001-07-04,12.4899997208267,24.0899994615465,18.2899995911866,2001,7,NA
47.4833,9.66667,2001-07-05,11.5899997409433,24.6099994499236,18.0999995954335,2001,7,NA
47.4833,9.66667,2001-07-06,15.0399996638298,26.6999994032085,20.8699995335191,2001,7,NA
47.4833,9.66667,2001-07-07,16.3099996354431,30.3899993207306,23.3499994780868,2001,7,NA
47.4833,9.66667,2001-07-08,14.7899996694177,23.7799994684756,19.2849995689467,2001,7,NA
47.4833,9.66667,2001-07-09,13.0299997087568,21.2799995243549,17.1549996165559,2001,7,NA
47.4833,9.66667,2001-07-10,13.0999997071922,21.7099995147437,17.4049996109679,2001,7,NA
47.4833,9.66667,2001-07-11,12.8299997132272,24.2399994581938,18.5349995857105,2001,7,NA
47.4833,9.66667,2001-07-12,14.9499996658415,18.0999995954335,16.5249996306375,2001,7,NA
47.4833,9.66667,2001-07-13,12.619999717921,22.2899995017797,17.4549996098503,2001,7,NA
47.4833,9.66667,2001-07-14,14.1899996828288,19.8999995552003,17.0449996190146,2001,7,NA
47.4833,9.66667,2001-07-15,14.1799996830523,25.4999994300306,19.8399995565414,2001,7,NA
47.4833,9.66667,2001-07-16,12.8999997116625,18.64999958314,15.7749996474013,2001,7,NA
47.4833,9.66667,2001-07-17,9.73999978229403,14.6899996716529,12.2149997269735,2001,7,NA
47.4833,9.66667,2001-07-18,11.0299997534603,19.5599995627999,15.2949996581301,2001,7,NA
47.4833,9.66667,2001-07-19,11.9899997320026,14.7399996705353,13.364999701269,2001,7,NA
47.4833,9.66667,2001-07-20,11.6999997384846,16.3099996354431,14.0049996869639,2001,7,NA
47.4833,9.66667,2001-07-21,11.789999736473,13.4999996982515,12.6449997173622,2001,7,NA
47.4833,9.66667,2001-07-22,10.9299997556955,20.3999995440245,15.66499964986,2001,7,NA
47.4833,9.66667,2001-07-23,10.6599997617304,24.659999448806,17.6599996052682,2001,7,NA
47.4833,9.66667,2001-07-24,12.6299997176975,25.7799994237721,19.2049995707348,2001,7,NA
47.4833,9.66667,2001-07-25,14.8699996676296,23.6899994704872,19.2799995690584,2001,7,NA
47.4833,9.66667,2001-07-26,14.069999685511,26.4499994087964,20.2599995471537,2001,7,NA
47.4833,9.66667,2001-07-27,14.4399996772408,26.7899994011968,20.6149995392188,2001,7,NA
47.4833,9.66667,2001-07-28,15.1299996618181,27.1199993938208,21.1249995278195,2001,7,NA
47.4833,9.66667,2001-07-29,15.8699996452779,27.269999390468,21.5699995178729,2001,7,NA
47.4833,9.66667,2001-07-30,16.1899996381253,26.1599994152784,21.1749995267019,2001,7,NA
47.4833,9.66667,2001-07-31,16.639999628067,26.5699994061142,21.6049995170906,2001,7,NA
47.4833,9.66667,2001-08-01,15.0899996627122,28.719999358058,21.9049995103851,2001,8,NA
47.4833,9.66667,2001-08-02,17.0899996180087,27.6899993810803,22.3899994995445,2001,8,NA
47.4833,9.66667,2001-08-03,17.2299996148795,30.399999320507,23.8149994676933,2001,8,NA
47.4833,9.66667,2001-08-04,17.0599996186793,24.4899994526058,20.7749995356426,2001,8,NA
47.4833,9.66667,2001-08-05,15.1999996602535,20.2499995473772,17.7249996038154,2001,8,NA
47.4833,9.66667,2001-08-06,13.5199996978045,19.9899995531887,16.7549996254966,2001,8,NA
47.4833,9.66667,2001-08-07,12.0199997313321,19.829999556765,15.9249996440485,2001,8,NA
47.4833,9.66667,2001-08-08,14.9699996653944,23.4799994751811,19.2249995702878,2001,8,NA
47.4833,9.66667,2001-08-09,14.9899996649474,20.3599995449185,17.674999604933,2001,8,NA
47.4833,9.66667,2001-08-10,14.0599996857345,20.2599995471537,17.1599996164441,2001,8,NA
47.4833,9.66667,2001-08-11,12.7299997154623,16.929999621585,14.8299996685237,2001,8,NA
47.4833,9.66667,2001-08-12,9.11999979615211,18.7799995802343,13.9499996881932,2001,8,NA
47.4833,9.66667,2001-08-13,8.4399998113513,21.9399995096028,15.189999660477,2001,8,NA
47.4833,9.66667,2001-08-14,11.2699997480959,24.3199994564056,17.7949996022508,2001,8,NA
47.4833,9.66667,2001-08-15,13.0699997078627,26.6299994047731,19.8499995563179,2001,8,NA
47.4833,9.66667,2001-08-16,16.059999641031,28.5399993620813,22.2999995015562,2001,8,NA
47.4833,9.66667,2001-08-17,16.2399996370077,27.6099993828684,21.9249995099381,2001,8,NA
47.4833,9.66667,2001-08-18,15.6799996495247,21.8799995109439,18.7799995802343,2001,8,NA
47.4833,9.66667,2001-08-19,14.8899996671826,24.2299994584173,19.5599995627999,2001,8,NA
47.4833,9.66667,2001-08-20,15.229999659583,25.1599994376302,20.1949995486066,2001,8,NA
47.4833,9.66667,2001-08-21,15.3199996575713,19.4299995657057,17.3749996116385,2001,8,NA
47.4833,9.66667,2001-08-22,13.5299996975809,23.1699994821101,18.3499995898455,2001,8,NA
47.4833,9.66667,2001-08-23,12.1799997277558,24.2199994586408,18.1999995931983,2001,8,NA
47.4833,9.66667,2001-08-24,13.3799997009337,24.4199994541705,18.8999995775521,2001,8,NA
47.4833,9.66667,2001-08-25,14.3999996781349,25.6399994269013,20.0199995525181,2001,8,NA
47.4833,9.66667,2001-08-26,15.1399996615946,26.7799994014204,20.9599995315075,2001,8,NA
47.4833,9.66667,2001-08-27,15.2699996586889,27.249999390915,21.259999524802,2001,8,NA
47.4833,9.66667,2001-08-28,16.079999640584,28.6599993593991,22.3699994999915,2001,8,NA
47.4833,9.66667,2001-08-29,15.499999653548,21.3999995216727,18.4499995876104,2001,8,NA
47.4833,9.66667,2001-08-30,12.4199997223914,23.3799994774163,17.8999995999038,2001,8,NA
47.4833,9.66667,2001-08-31,12.8399997130036,19.229999570176,16.0349996415898,2001,8,NA
47.4833,9.66667,2001-09-01,12.8299997132272,16.1599996387959,14.4949996760115,2001,9,NA
47.4833,9.66667,2001-09-02,10.7099997606128,15.5099996533245,13.1099997069687,2001,9,NA
47.4833,9.66667,2001-09-03,10.2499997708946,17.7399996034801,13.9949996871874,2001,9,NA
47.4833,9.66667,2001-09-04,8.39999981224537,21.0699995290488,14.7349996706471,2001,9,NA
47.4833,9.66667,2001-09-05,10.7199997603893,15.1399996615946,12.929999710992,2001,9,NA
47.4833,9.66667,2001-09-06,8.79999980330467,12.4399997219443,10.6199997626245,2001,9,NA
47.4833,9.66667,2001-09-07,8.48999981023371,15.8599996455014,12.1749997278675,2001,9,NA
47.4833,9.66667,2001-09-08,10.5299997646362,15.4199996553361,12.9749997099862,2001,9,NA
47.4833,9.66667,2001-09-09,10.8899997565895,14.2299996819347,12.5599997192621,2001,9,NA
47.4833,9.66667,2001-09-10,5.78999987058342,13.8699996899813,9.82999978028238,2001,9,NA
47.4833,9.66667,2001-09-11,5.94999986700714,11.2299997489899,8.58999980799854,2001,9,NA
47.4833,9.66667,2001-09-12,6.63999985158443,11.5099997427315,9.07499979715794,2001,9,NA
47.4833,9.66667,2001-09-13,7.3499998357147,12.8299997132272,10.0899997744709,2001,9,NA
47.4833,9.66667,2001-09-14,9.03999979794025,16.6999996267259,12.8699997123331,2001,9,NA
47.4833,9.66667,2001-09-15,8.97999979928136,12.4199997223914,10.6999997608364,2001,9,NA
47.4833,9.66667,2001-09-16,7.79999982565641,13.2799997031689,10.5399997644126,2001,9,NA
47.4833,9.66667,2001-09-17,7.04999984242022,10.1199997738004,8.5849998081103,2001,9,NA
47.4833,9.66667,2001-09-18,5.19999988377094,9.33999979123473,7.26999983750284,2001,9,NA
47.4833,9.66667,2001-09-19,3.99999991059303,12.5699997190386,8.28499981481582,2001,9,NA
47.4833,9.66667,2001-09-20,3.3299999255687,14.3699996788055,8.84999980218709,2001,9,NA
47.4833,9.66667,2001-09-21,9.68999978341162,16.3299996349961,13.0099997092038,2001,9,NA
47.4833,9.66667,2001-09-22,9.42999978922307,13.3299997020513,11.3799997456372,2001,9,NA
47.4833,9.66667,2001-09-23,8.51999980956316,11.8199997358024,10.1699997726828,2001,9,NA
47.4833,9.66667,2001-09-24,8.34999981336296,11.9699997324497,10.1599997729063,2001,9,NA
47.4833,9.66667,2001-09-25,10.2199997715652,12.7999997138977,11.5099997427315,2001,9,NA
47.4833,9.66667,2001-09-26,8.76999980397522,11.4099997449666,10.0899997744709,2001,9,NA
47.4833,9.66667,2001-09-27,6.80999984778464,14.2499996814877,10.5299997646362,2001,9,NA
47.4833,9.66667,2001-09-28,6.75999984890223,15.9199996441603,11.3399997465312,2001,9,NA
47.4833,9.66667,2001-09-29,7.10999984107912,17.7399996034801,12.4249997222796,2001,9,NA
47.4833,9.66667,2001-09-30,7.56999983079731,16.8199996240437,12.1949997274205,2001,9,NA
47.4833,9.66667,2001-10-01,10.4499997664243,16.0099996421486,13.2299997042865,2001,10,2002
47.4833,9.66667,2001-10-02,9.80999978072941,20.1799995489419,14.9949996648356,2001,10,2002
47.4833,9.66667,2001-10-03,13.5299996975809,23.9699994642287,18.7499995809048,2001,10,2002
47.4833,9.66667,2001-10-04,11.6599997393787,22.7499994914979,17.2049996154383,2001,10,2002
47.4833,9.66667,2001-10-05,9.57999978587031,15.479999653995,12.5299997199327,2001,10,2002
47.4833,9.66667,2001-10-06,7.07999984174967,15.6099996510893,11.3449997464195,2001,10,2002
47.4833,9.66667,2001-10-07,10.4599997662008,20.1799995489419,15.3199996575713,2001,10,2002
47.4833,9.66667,2001-10-08,10.9399997554719,16.059999641031,13.4999996982515,2001,10,2002
47.4833,9.66667,2001-10-09,8.70999980531633,18.8899995777756,13.799999691546,2001,10,2002
47.4833,9.66667,2001-10-10,10.1199997738004,17.0799996182323,13.5999996960163,2001,10,2002
47.4833,9.66667,2001-10-11,9.9299997780472,17.19999961555,13.5649996967986,2001,10,2002
47.4833,9.66667,2001-10-12,8.48999981023371,16.7899996247143,12.639999717474,2001,10,2002
47.4833,9.66667,2001-10-13,8.85999980196357,17.3699996117502,13.1149997068569,2001,10,2002
47.4833,9.66667,2001-10-14,9.07999979704618,18.3899995889515,13.7349996929988,2001,10,2002
47.4833,9.66667,2001-10-15,9.05999979749322,20.5099995415658,14.7849996695295,2001,10,2002
47.4833,9.66667,2001-10-16,9.68999978341162,18.2099995929748,13.9499996881932,2001,10,2002
47.4833,9.66667,2001-10-17,10.8599997572601,18.8799995779991,14.8699996676296,2001,10,2002
47.4833,9.66667,2001-10-18,9.57999978587031,16.8599996231496,13.21999970451,2001,10,2002
47.4833,9.66667,2001-10-19,8.6699998062104,17.2599996142089,12.9649997102097,2001,10,2002
47.4833,9.66667,2001-10-20,8.49999981001019,16.949999621138,12.7249997155741,2001,10,2002
47.4833,9.66667,2001-10-21,8.49999981001019,21.3199995234609,14.9099996667355,2001,10,2002
47.4833,9.66667,2001-10-22,10.2399997711182,14.0299996864051,12.1349997287616,2001,10,2002
47.4833,9.66667,2001-10-23,8.2699998151511,16.2299996372312,12.2499997261912,2001,10,2002
47.4833,9.66667,2001-10-24,6.7199998497963,13.6599996946752,10.1899997722358,2001,10,2002
47.4833,9.66667,2001-10-25,9.54999978654087,12.4799997210503,11.0149997537956,2001,10,2002
47.4833,9.66667,2001-10-26,8.68999980576336,10.9799997545779,9.83499978017062,2001,10,2002
47.4833,9.66667,2001-10-27,5.739999871701,13.3199997022748,9.5299997869879,2001,10,2002
47.4833,9.66667,2001-10-28,6.06999986432493,14.6599996723235,10.3649997683242,2001,10,2002
47.4833,9.66667,2001-10-29,8.59999980777502,15.7199996486306,12.1599997282028,2001,10,2002
47.4833,9.66667,2001-10-30,8.97999979928136,16.8599996231496,12.9199997112155,2001,10,2002
47.4833,9.66667,2001-10-31,9.05999979749322,18.7799995802343,13.9199996888638,2001,10,2002
47.4833,9.66667,2001-11-01,7.24999983794987,20.389999544248,13.8199996910989,2001,11,2002
47.4833,9.66667,2001-11-02,3.0999999307096,9.32999979145825,6.21499986108392,2001,11,2002
47.4833,9.66667,2001-11-03,0.419999990612268,10.0099997762591,5.21499988343567,2001,11,2002
47.4833,9.66667,2001-11-04,0.599999986588955,9.24999979324639,4.92499988991767,2001,11,2002
47.4833,9.66667,2001-11-05,0.689999984577298,10.7399997599423,5.7149998722598,2001,11,2002
47.4833,9.66667,2001-11-06,1.8399999588728,7.84999982453883,4.84499989170581,2001,11,2002
47.4833,9.66667,2001-11-07,4.97999988868833,8.88999980129302,6.93499984499067,2001,11,2002
47.4833,9.66667,2001-11-08,4.95999988913536,9.28999979235232,7.12499984074384,2001,11,2002
47.4833,9.66667,2001-11-09,4.26999990455806,11.4099997449666,7.83999982476234,2001,11,2002
47.4833,9.66667,2001-11-10,-0.819999981671572,2.27999994903803,0.729999983683228,2001,11,2002
47.4833,9.66667,2001-11-11,-2.4099999461323,3.51999992132187,0.554999987594783,2001,11,2002
47.4833,9.66667,2001-11-12,-3.65999991819263,2.28999994881451,-0.684999984689057,2001,11,2002
47.4833,9.66667,2001-11-13,-1.35999996960163,1.78999995999038,0.214999995194376,2001,11,2002
47.4833,9.66667,2001-11-14,-0.939999978989363,1.89999995753169,0.479999989271164,2001,11,2002
47.4833,9.66667,2001-11-15,-2.60999994166195,1.04999997653067,-0.779999982565641,2001,11,2002
47.4833,9.66667,2001-11-16,-4.78999989293516,2.38999994657934,-1.19999997317791,2001,11,2002
47.4833,9.66667,2001-11-17,-4.68999989517033,0.61999998614192,-2.03499995451421,2001,11,2002
47.4833,9.66667,2001-11-18,-3.41999992355704,0.209999995306134,-1.60499996412545,2001,11,2002
47.4833,9.66667,2001-11-19,-2.83999993652105,1.8399999588728,-0.499999988824129,2001,11,2002
47.4833,9.66667,2001-11-20,-2.12999995239079,0.0699999984353781,-1.02999997697771,2001,11,2002
47.4833,9.66667,2001-11-21,-2.84999993629754,3.19999992847443,0.174999996088445,2001,11,2002
47.4833,9.66667,2001-11-22,-3.36999992467463,2.54999994300306,-0.409999990835786,2001,11,2002
47.4833,9.66667,2001-11-23,-3.69999991729856,4.7099998947233,0.50499998871237,2001,11,2002
47.4833,9.66667,2001-11-24,-2.02999995462596,1.3799999691546,-0.324999992735684,2001,11,2002
47.4833,9.66667,2001-11-25,-2.31999994814396,0.859999980777502,-0.729999983683228,2001,11,2002
47.4833,9.66667,2001-11-26,-0.289999993517995,2.52999994345009,1.11999997496605,2001,11,2002
47.4833,9.66667,2001-11-27,2.09999995306134,5.94999986700714,4.02499991003424,2001,11,2002
47.4833,9.66667,2001-11-28,1.99999995529652,5.15999988466501,3.57999991998076,2001,11,2002
47.4833,9.66667,2001-11-29,-1.3799999691546,4.55999989807606,1.58999996446073,2001,11,2002
47.4833,9.66667,2001-11-30,0.739999983459711,5.87999986857176,3.30999992601573,2001,11,2002
47.4833,9.66667,2001-12-01,2.2399999499321,6.029999865219,4.13499990757555,2001,12,2002
47.4833,9.66667,2001-12-02,5.62999987415969,8.22999981604517,6.92999984510243,2001,12,2002
47.4833,9.66667,2001-12-03,6.3699998576194,9.57999978587031,7.97499982174486,2001,12,2002
47.4833,9.66667,2001-12-04,4.88999989069998,7.72999982722104,6.30999985896051,2001,12,2002
47.4833,9.66667,2001-12-05,4.25999990478158,7.78999982587993,6.02499986533076,2001,12,2002
47.4833,9.66667,2001-12-06,5.19999988377094,7.40999983437359,6.30499985907227,2001,12,2002
47.4833,9.66667,2001-12-07,3.50999992154539,9.71999978274107,6.61499985214323,2001,12,2002
47.4833,9.66667,2001-12-08,0.279999993741512,4.07999990880489,2.1799999512732,2001,12,2002
47.4833,9.66667,2001-12-09,-2.39999994635582,2.74999993853271,0.174999996088445,2001,12,2002
47.4833,9.66667,2001-12-10,-4.1899999063462,0.88999998010695,-1.64999996311963,2001,12,2002
47.4833,9.66667,2001-12-11,-5.40999987907708,-1.90999995730817,-3.65999991819263,2001,12,2002
47.4833,9.66667,2001-12-12,-4.55999989807606,0.699999984353781,-1.92999995686114,2001,12,2002
47.4833,9.66667,2001-12-13,-1.16999997384846,1.18999997340143,0.00999999977648258,2001,12,2002
47.4833,9.66667,2001-12-14,-8.92999980039895,-0.0699999984353781,-4.49999989941716,2001,12,2002
47.4833,9.66667,2001-12-15,-15.5399996526539,-9.60999978519976,-12.5749997189268,2001,12,2002
47.4833,9.66667,2001-12-16,-14.6399996727705,-8.08999981917441,-11.3649997459725,2001,12,2002
47.4833,9.66667,2001-12-17,-13.1299997065216,-4.09999990835786,-8.61499980743974,2001,12,2002
47.4833,9.66667,2001-12-18,-11.3199997469783,-3.19999992847443,-7.25999983772635,2001,12,2002
47.4833,9.66667,2001-12-19,-9.65999978408217,-0.939999978989363,-5.29999988153577,2001,12,2002
47.4833,9.66667,2001-12-20,-8.8399998024106,-2.78999993763864,-5.81499987002462,2001,12,2002
47.4833,9.66667,2001-12-21,-8.86999980174005,-1.91999995708466,-5.39499987941235,2001,12,2002
47.4833,9.66667,2001-12-22,-10.4399997666478,-1.79999995976686,-6.11999986320734,2001,12,2002
47.4833,9.66667,2001-12-23,-3.47999992221594,-0.159999996423721,-1.81999995931983,2001,12,2002
47.4833,9.66667,2001-12-24,-7.66999982856214,-2.48999994434416,-5.07999988645315,2001,12,2002
47.4833,9.66667,2001-12-25,-14.4599996767938,-3.48999992199242,-8.97499979939312,2001,12,2002
47.4833,9.66667,2001-12-26,-4.49999989941716,3.58999991975725,-0.454999989829957,2001,12,2002
47.4833,9.66667,2001-12-27,-2.89999993517995,1.4899999666959,-0.704999984242022,2001,12,2002
47.4833,9.66667,2001-12-28,-5.44999987818301,-0.329999992623925,-2.88999993540347,2001,12,2002
47.4833,9.66667,2001-12-29,-1.86999995820224,6.04999986477196,2.08999995328486,2001,12,2002
47.4833,9.66667,2001-12-30,3.0399999320507,6.38999985717237,4.71499989461154,2001,12,2002
47.4833,9.66667,2001-12-31,-3.47999992221594,3.47999992221594,0,2001,12,2002
47.4833,9.66667,2002-01-01,-6.13999986276031,-2.4699999447912,-4.30499990377575,2002,1,2002
47.4833,9.66667,2002-01-02,-10.629999762401,-2.20999995060265,-6.41999985650182,2002,1,2002
47.4833,9.66667,2002-01-03,-9.91999977827072,-0.519999988377094,-5.21999988332391,2002,1,2002
47.4833,9.66667,2002-01-04,-10.7699997592717,-2.14999995194376,-6.45999985560775,2002,1,2002
47.4833,9.66667,2002-01-05,-11.3099997472018,-3.11999993026257,-7.21499983873218,2002,1,2002
47.4833,9.66667,2002-01-06,-9.61999978497624,-3.00999993272126,-6.31499985884875,2002,1,2002
47.4833,9.66667,2002-01-07,-10.339999768883,-3.37999992445111,-6.85999984666705,2002,1,2002
47.4833,9.66667,2002-01-08,-8.3799998126924,-1.72999996133149,-5.05499988701195,2002,1,2002
47.4833,9.66667,2002-01-09,-8.6699998062104,-1.96999995596707,-5.31999988108873,2002,1,2002
47.4833,9.66667,2002-01-10,-7.66999982856214,-3.39999992400408,-5.53499987628311,2002,1,2002
47.4833,9.66667,2002-01-11,-8.59999980777502,-2.62999994121492,-5.61499987449497,2002,1,2002
47.4833,9.66667,2002-01-12,-9.26999979279935,-1.28999997116625,-5.2799998819828,2002,1,2002
47.4833,9.66667,2002-01-13,-6.39999985694885,2.6999999396503,-1.84999995864928,2002,1,2002
47.4833,9.66667,2002-01-14,-5.07999988645315,-0.26999999396503,-2.67499994020909,2002,1,2002
47.4833,9.66667,2002-01-15,-4.84999989159405,-2.05999995395541,-3.45499992277473,2002,1,2002
47.4833,9.66667,2002-01-16,-7.15999983996153,-2.15999995172024,-4.65999989584088,2002,1,2002
47.4833,9.66667,2002-01-17,-7.85999982431531,0.339999992400408,-3.75999991595745,2002,1,2002
47.4833,9.66667,2002-01-18,-2.45999994501472,2.07999995350838,-0.189999995753169,2002,1,2002
47.4833,9.66667,2002-01-19,-4.33999990299344,2.18999995104969,-1.07499997597188,2002,1,2002
47.4833,9.66667,2002-01-20,-4.90999989025295,3.43999992311001,-0.73499998357147,2002,1,2002
47.4833,9.66667,2002-01-21,0.939999978989363,6.93999984487891,3.93999991193414,2002,1,2002
47.4833,9.66667,2002-01-22,1.39999996870756,8.48999981023371,4.94499988947064,2002,1,2002
47.4833,9.66667,2002-01-23,-1.07999997586012,8.33999981358647,3.62999991886318,2002,1,2002
47.4833,9.66667,2002-01-24,-0.469999989494681,7.92999982275069,3.729999916628,2002,1,2002
47.4833,9.66667,2002-01-25,3.94999991171062,8.93999980017543,6.44499985594302,2002,1,2002
47.4833,9.66667,2002-01-26,2.99999993294477,8.40999981202185,5.70499987248331,2002,1,2002
47.4833,9.66667,2002-01-27,2.61999994143844,11.6799997389317,7.14999984018505,2002,1,2002
47.4833,9.66667,2002-01-28,6.06999986432493,10.7999997586012,8.43499981146306,2002,1,2002
47.4833,9.66667,2002-01-29,6.31999985873699,13.179999705404,9.74999978207052,2002,1,2002
47.4833,9.66667,2002-01-30,2.009999955073,10.7099997606128,6.35999985784292,2002,1,2002
47.4833,9.66667,2002-01-31,0.92999997921288,11.6099997404963,6.26999985985458,2002,1,2002
47.4833,9.66667,2002-02-01,0.919999979436398,10.4299997668713,5.67499987315387,2002,2,2002
47.4833,9.66667,2002-02-02,3.0399999320507,10.8899997565895,6.96499984432012,2002,2,2002
47.4833,9.66667,2002-02-03,2.79999993741512,13.5299996975809,8.16499981749803,2002,2,2002
47.4833,9.66667,2002-02-04,2.45999994501472,14.6599996723235,8.55999980866909,2002,2,2002
47.4833,9.66667,2002-02-05,1.9499999564141,11.2699997480959,6.60999985225499,2002,2,2002
47.4833,9.66667,2002-02-06,2.61999994143844,13.1599997058511,7.88999982364476,2002,2,2002
47.4833,9.66667,2002-02-07,3.18999992869794,7.17999983951449,5.18499988410622,2002,2,2002
47.4833,9.66667,2002-02-08,0.209999995306134,4.33999990299344,2.27499994914979,2002,2,2002
47.4833,9.66667,2002-02-09,0.479999989271164,5.88999986834824,3.1849999288097,2002,2,2002
47.4833,9.66667,2002-02-10,5.07999988645315,10.6899997610599,7.88499982375652,2002,2,2002
47.4833,9.66667,2002-02-11,4.33999990299344,7.72999982722104,6.03499986510724,2002,2,2002
47.4833,9.66667,2002-02-12,4.31999990344048,11.1099997516721,7.71499982755631,2002,2,2002
47.4833,9.66667,2002-02-13,5.65999987348914,12.8499997127801,9.25499979313463,2002,2,2002
47.4833,9.66667,2002-02-14,6.06999986432493,12.2299997266382,9.14999979548156,2002,2,2002
47.4833,9.66667,2002-02-15,3.66999991796911,8.07999981939793,5.87499986868352,2002,2,2002
47.4833,9.66667,2002-02-16,0.879999980330467,3.57999991998076,2.22999995015562,2002,2,2002
47.4833,9.66667,2002-02-17,-0.229999994859099,3.23999992758036,1.50499996636063,2002,2,2002
47.4833,9.66667,2002-02-18,-2.20999995060265,6.00999986566603,1.89999995753169,2002,2,2002
47.4833,9.66667,2002-02-19,-1.91999995708466,7.08999984152615,2.58499994222075,2002,2,2002
47.4833,9.66667,2002-02-20,1.04999997653067,5.1099998857826,3.07999993115664,2002,2,2002
47.4833,9.66667,2002-02-21,2.70999993942678,6.10999986343086,4.40999990142882,2002,2,2002
47.4833,9.66667,2002-02-22,-1.36999996937811,3.18999992869794,0.909999979659915,2002,2,2002
47.4833,9.66667,2002-02-23,-6.16999986208975,3.80999991483986,-1.17999997362494,2002,2,2002
47.4833,9.66667,2002-02-24,1.56999996490777,7.98999982140958,4.77999989315867,2002,2,2002
47.4833,9.66667,2002-02-25,-0.949999978765845,3.0999999307096,1.07499997597188,2002,2,2002
47.4833,9.66667,2002-02-26,-0.209999995306134,6.47999985516071,3.13499992992729,2002,2,2002
47.4833,9.66667,2002-02-27,4.67999989539385,11.2199997492135,7.94999982230365,2002,2,2002
47.4833,9.66667,2002-02-28,4.66999989561737,9.6999997831881,7.18499983940274,2002,2,2002
47.4833,9.66667,2002-03-01,2.91999993473291,9.04999979771674,5.98499986622483,2002,3,2002
47.4833,9.66667,2002-03-02,1.16999997384846,8.80999980308115,4.98999988846481,2002,3,2002
47.4833,9.66667,2002-03-03,2.45999994501472,4.37999990209937,3.41999992355704,2002,3,2002
47.4833,9.66667,2002-03-04,0.219999995082617,4.45999990031123,2.33999994769692,2002,3,2002
47.4833,9.66667,2002-03-05,-2.6399999409914,8.87999980151653,3.11999993026257,2002,3,2002
47.4833,9.66667,2002-03-06,-1.38999996893108,8.85999980196357,3.73499991651624,2002,3,2002
47.4833,9.66667,2002-03-07,0.219999995082617,10.069999774918,5.14499988500029,2002,3,2002
47.4833,9.66667,2002-03-08,5.23999988287687,11.8099997360259,8.5249998094514,2002,3,2002
47.4833,9.66667,2002-03-09,4.89999989047647,12.7999997138977,8.84999980218709,2002,3,2002
47.4833,9.66667,2002-03-10,1.02999997697771,13.0399997085333,7.0349998427555,2002,3,2002
47.4833,9.66667,2002-03-11,3.20999992825091,11.9199997335672,7.56499983090907,2002,3,2002
47.4833,9.66667,2002-03-12,1.05999997630715,15.8899996448308,8.47499981056899,2002,3,2002
47.4833,9.66667,2002-03-13,2.66999994032085,15.9499996434897,9.30999979190528,2002,3,2002
47.4833,9.66667,2002-03-14,5.1099998857826,17.5199996083975,11.31499974709,2002,3,2002
47.4833,9.66667,2002-03-15,4.92999988980591,16.3199996352196,10.6249997625127,2002,3,2002
47.4833,9.66667,2002-03-16,1.3199999704957,12.7099997159094,7.01499984320253,2002,3,2002
47.4833,9.66667,2002-03-17,2.47999994456768,14.8399996683002,8.65999980643392,2002,3,2002
47.4833,9.66667,2002-03-18,4.19999990612268,15.5699996519834,9.88499977905303,2002,3,2002
47.4833,9.66667,2002-03-19,4.20999990589917,16.6799996271729,10.4449997665361,2002,3,2002
47.4833,9.66667,2002-03-20,8.32999981380999,11.7399997375906,10.0349997757003,2002,3,2002
47.4833,9.66667,2002-03-21,9.09999979659915,14.359999679029,11.7299997378141,2002,3,2002
47.4833,9.66667,2002-03-22,9.78999978117645,14.0599996857345,11.9249997334555,2002,3,2002
47.4833,9.66667,2002-03-23,5.26999988220632,9.21999979391694,7.24499983806163,2002,3,2002
47.4833,9.66667,2002-03-24,-0.0599999986588955,3.88999991305172,1.91499995719641,2002,3,2002
47.4833,9.66667,2002-03-25,-0.469999989494681,2.84999993629754,1.18999997340143,2002,3,2002
47.4833,9.66667,2002-03-26,-2.80999993719161,4.36999990232289,0.779999982565641,2002,3,2002
47.4833,9.66667,2002-03-27,-3.729999916628,5.85999986901879,1.06499997619539,2002,3,2002
47.4833,9.66667,2002-03-28,-2.95999993383884,7.91999982297421,2.47999994456768,2002,3,2002
47.4833,9.66667,2002-03-29,-2.32999994792044,10.4599997662008,4.06499990914017,2002,3,2002
47.4833,9.66667,2002-03-30,-0.139999996870756,15.0899996627122,7.47499983292073,2002,3,2002
47.4833,9.66667,2002-03-31,2.44999994523823,12.929999710992,7.68999982811511,2002,3,2002
47.4833,9.66667,2002-04-01,2.71999993920326,14.3299996796995,8.5249998094514,2002,4,2002
47.4833,9.66667,2002-04-02,2.62999994121492,15.189999660477,8.90999980084598,2002,4,2002
47.4833,9.66667,2002-04-03,3.06999993138015,17.9299995992333,10.4999997653067,2002,4,2002
47.4833,9.66667,2002-04-04,4.83999989181757,18.2399995923042,11.5399997420609,2002,4,2002
47.4833,9.66667,2002-04-05,4.20999990589917,16.369999634102,10.2899997700006,2002,4,2002
47.4833,9.66667,2002-04-06,1.59999996423721,12.1399997286499,6.86999984644353,2002,4,2002
47.4833,9.66667,2002-04-07,-0.719999983906746,10.4199997670949,4.84999989159405,2002,4,2002
47.4833,9.66667,2002-04-08,-1.87999995797873,11.3799997456372,4.74999989382923,2002,4,2002
47.4833,9.66667,2002-04-09,2.56999994255602,6.15999986231327,4.36499990243465,2002,4,2002
47.4833,9.66667,2002-04-10,0.479999989271164,10.6899997610599,5.58499987516552,2002,4,2002
47.4833,9.66667,2002-04-11,-0.219999995082617,11.5299997422844,5.6549998736009,2002,4,2002
47.4833,9.66667,2002-04-12,1.04999997653067,12.4899997208267,6.76999984867871,2002,4,2002
47.4833,9.66667,2002-04-13,5.9699998665601,12.5499997194856,9.25999979302287,2002,4,2002
47.4833,9.66667,2002-04-14,7.16999983973801,9.73999978229403,8.45499981101602,2002,4,2002
47.4833,9.66667,2002-04-15,3.33999992534518,7.23999983817339,5.28999988175929,2002,4,2002
47.4833,9.66667,2002-04-16,0.479999989271164,7.63999982923269,4.05999990925193,2002,4,2002
47.4833,9.66667,2002-04-17,-0.519999988377094,9.2999997921288,4.38999990187585,2002,4,2002
47.4833,9.66667,2002-04-18,4.17999990656972,10.1299997735769,7.15499984007329,2002,4,2002
47.4833,9.66667,2002-04-19,2.37999994680285,13.1299997065216,7.75499982666224,2002,4,2002
47.4833,9.66667,2002-04-20,4.21999990567565,11.2799997478724,7.749999826774,2002,4,2002
47.4833,9.66667,2002-04-21,3.29999992623925,8.45999981090426,5.87999986857176,2002,4,2002
47.4833,9.66667,2002-04-22,3.47999992221594,14.3899996783584,8.93499980028719,2002,4,2002
47.4833,9.66667,2002-04-23,3.82999991439283,15.6999996490777,9.76499978173524,2002,4,2002
47.4833,9.66667,2002-04-24,3.9599999114871,17.1199996173382,10.5399997644126,2002,4,2002
47.4833,9.66667,2002-04-25,8.21999981626868,10.5499997641891,9.3849997902289,2002,4,2002
47.4833,9.66667,2002-04-26,7.55999983102083,13.8399996906519,10.6999997608364,2002,4,2002
47.4833,9.66667,2002-04-27,8.32999981380999,19.3799995668232,13.8549996903166,2002,4,2002
47.4833,9.66667,2002-04-28,5.36999987997115,11.5399997420609,8.45499981101602,2002,4,2002
47.4833,9.66667,2002-04-29,3.89999991282821,17.1799996159971,10.5399997644126,2002,4,2002
47.4833,9.66667,2002-04-30,7.26999983750284,13.9499996881932,10.609999762848,2002,4,2002
47.4833,9.66667,2002-05-01,6.60999985225499,17.8299996014684,12.2199997268617,2002,5,NA
47.4833,9.66667,2002-05-02,10.1699997726828,17.5399996079504,13.8549996903166,2002,5,NA
47.4833,9.66667,2002-05-03,8.2699998151511,12.4799997210503,10.3749997681007,2002,5,NA
47.4833,9.66667,2002-05-04,7.37999983504415,10.1699997726828,8.77499980386347,2002,5,NA
47.4833,9.66667,2002-05-05,5.23999988287687,7.69999982789159,6.46999985538423,2002,5,NA
47.4833,9.66667,2002-05-06,4.58999989740551,9.47999978810549,7.0349998427555,2002,5,NA
47.4833,9.66667,2002-05-07,4.97999988868833,13.8599996902049,9.41999978944659,2002,5,NA
47.4833,9.66667,2002-05-08,4.44999990053475,18.4799995869398,11.4649997437373,2002,5,NA
47.4833,9.66667,2002-05-09,10.5499997641891,21.0199995301664,15.7849996471778,2002,5,NA
47.4833,9.66667,2002-05-10,13.0199997089803,21.3299995232373,17.1749996161088,2002,5,NA
47.4833,9.66667,2002-05-11,8.64999980665743,20.5599995404482,14.6049996735528,2002,5,NA
47.4833,9.66667,2002-05-12,8.87999980151653,16.7999996244907,12.8399997130036,2002,5,NA
47.4833,9.66667,2002-05-13,9.93999977782369,16.9899996202439,13.4649996990338,2002,5,NA
47.4833,9.66667,2002-05-14,10.1299997735769,20.409999543801,15.2699996586889,2002,5,NA
47.4833,9.66667,2002-05-15,10.7699997592717,19.6699995603412,15.2199996598065,2002,5,NA
47.4833,9.66667,2002-05-16,7.67999982833862,20.7999995350838,14.2399996817112,2002,5,NA
47.4833,9.66667,2002-05-17,9.48999978788197,24.0199994631112,16.7549996254966,2002,5,NA
47.4833,9.66667,2002-05-18,11.9899997320026,26.6299994047731,19.3099995683879,2002,5,NA
47.4833,9.66667,2002-05-19,12.889999711886,22.3199995011091,17.6049996064976,2002,5,NA
47.4833,9.66667,2002-05-20,10.31999976933,14.4199996776879,12.369999723509,2002,5,NA
47.4833,9.66667,2002-05-21,10.3099997695535,19.3599995672703,14.8349996684119,2002,5,NA
47.4833,9.66667,2002-05-22,8.97999979928136,22.4399994984269,15.7099996488541,2002,5,NA
47.4833,9.66667,2002-05-23,13.0099997092038,24.4199994541705,18.7149995816872,2002,5,NA
47.4833,9.66667,2002-05-24,10.7599997594953,17.7199996039271,14.2399996817112,2002,5,NA
47.4833,9.66667,2002-05-25,7.66999982856214,15.9699996430427,11.8199997358024,2002,5,NA
47.4833,9.66667,2002-05-26,8.63999980688095,17.3999996110797,13.0199997089803,2002,5,NA
47.4833,9.66667,2002-05-27,6.28999985940754,15.8899996448308,11.0899997521192,2002,5,NA
47.4833,9.66667,2002-05-28,7.30999983660877,10.0999997742474,8.70499980542809,2002,5,NA
47.4833,9.66667,2002-05-29,5.84999986924231,12.7499997150153,9.2999997921288,2002,5,NA
47.4833,9.66667,2002-05-30,7.04999984242022,15.7199996486306,11.3849997455254,2002,5,NA
47.4833,9.66667,2002-05-31,7.3499998357147,19.4199995659292,13.3849997008219,2002,5,NA
47.4833,9.66667,2002-06-01,8.78999980352819,21.0199995301664,14.9049996668473,2002,6,NA
47.4833,9.66667,2002-06-02,9.1299997959286,22.8299994897097,15.9799996428192,2002,6,NA
47.4833,9.66667,2002-06-03,10.2799997702241,22.9499994870275,16.6149996286258,2002,6,NA
47.4833,9.66667,2002-06-04,10.1599997729063,19.829999556765,14.9949996648356,2002,6,NA
47.4833,9.66667,2002-06-05,13.2999997027218,24.9099994432181,19.10499957297,2002,6,NA
47.4833,9.66667,2002-06-06,15.3099996577948,26.399999409914,20.8549995338544,2002,6,NA
47.4833,9.66667,2002-06-07,11.8399997353554,21.7299995142967,16.784999624826,2002,6,NA
47.4833,9.66667,2002-06-08,10.9499997552484,14.919999666512,12.9349997108802,2002,6,NA
47.4833,9.66667,2002-06-09,10.4899997655302,16.9799996204674,13.7349996929988,2002,6,NA
47.4833,9.66667,2002-06-10,11.5099997427315,15.1799996607006,13.344999701716,2002,6,NA
47.4833,9.66667,2002-06-11,10.4799997657537,14.8599996678531,12.6699997168034,2002,6,NA
47.4833,9.66667,2002-06-12,8.35999981313944,19.1799995712936,13.7699996922165,2002,6,NA
47.4833,9.66667,2002-06-13,9.63999978452921,23.1999994814396,16.4199996329844,2002,6,NA
47.4833,9.66667,2002-06-14,14.4399996772408,25.3199994340539,19.8799995556474,2002,6,NA
47.4833,9.66667,2002-06-15,14.8799996674061,27.4799993857741,21.1799995265901,2002,6,NA
47.4833,9.66667,2002-06-16,16.3299996349961,28.4599993638694,22.3949994994327,2002,6,NA
47.4833,9.66667,2002-06-17,18.6199995838106,26.4999994076788,22.5599994957447,2002,6,NA
47.4833,9.66667,2002-06-18,16.7799996249378,30.1799993254244,23.4799994751811,2002,6,NA
47.4833,9.66667,2002-06-19,17.7699996028095,30.9399993084371,24.3549994556233,2002,6,NA
47.4833,9.66667,2002-06-20,18.4299995880574,30.0299993287772,24.2299994584173,2002,6,NA
47.4833,9.66667,2002-06-21,16.6799996271729,28.409999364987,22.54499949608,2002,6,NA
47.4833,9.66667,2002-06-22,17.0899996180087,27.2799993902445,22.1849995041266,2002,6,NA
47.4833,9.66667,2002-06-23,17.3099996130913,28.3099993672222,22.8099994901568,2002,6,NA
47.4833,9.66667,2002-06-24,19.1899995710701,30.439999319613,24.8149994453415,2002,6,NA
47.4833,9.66667,2002-06-25,16.7599996253848,22.5099994968623,19.6349995611235,2002,6,NA
47.4833,9.66667,2002-06-26,14.649999672547,21.7499995138496,18.1999995931983,2002,6,NA
47.4833,9.66667,2002-06-27,12.3099997248501,24.5399994514883,18.4249995881692,2002,6,NA
47.4833,9.66667,2002-06-28,13.4799996986985,25.3899994324893,19.4349995655939,2002,6,NA
47.4833,9.66667,2002-06-29,11.8499997351319,15.6699996497482,13.75999969244,2002,6,NA
47.4833,9.66667,2002-06-30,8.97999979928136,18.5899995844811,13.7849996918812,2002,6,NA
47.4833,9.66667,2002-07-01,8.49999981001019,21.2299995254725,14.8649996677414,2002,7,NA
47.4833,9.66667,2002-07-02,11.7099997382611,23.4899994749576,17.5999996066093,2002,7,NA
47.4833,9.66667,2002-07-03,15.479999653995,19.9799995534122,17.7299996037036,2002,7,NA
47.4833,9.66667,2002-07-04,13.6899996940047,22.8799994885921,18.2849995912984,2002,7,NA
47.4833,9.66667,2002-07-05,10.4399997666478,17.3499996121973,13.8949996894225,2002,7,NA
47.4833,9.66667,2002-07-06,8.02999982051551,22.3299995008856,15.1799996607006,2002,7,NA
47.4833,9.66667,2002-07-07,13.4199997000396,16.639999628067,15.0299996640533,2002,7,NA
47.4833,9.66667,2002-07-08,13.21999970451,22.5099994968623,17.8649996006861,2002,7,NA
47.4833,9.66667,2002-07-09,13.4199997000396,26.7799994014204,20.09999955073,2002,7,NA
47.4833,9.66667,2002-07-10,15.6999996490777,27.1099993940443,21.404999521561,2002,7,NA
47.4833,9.66667,2002-07-11,13.9199996888638,23.5699994731694,18.7449995810166,2002,7,NA
47.4833,9.66667,2002-07-12,12.6899997163564,22.1399995051324,17.4149996107444,2002,7,NA
47.4833,9.66667,2002-07-13,12.6699997168034,24.2799994572997,18.4749995870516,2002,7,NA
47.4833,9.66667,2002-07-14,14.0999996848404,17.1399996168911,15.6199996508658,2002,7,NA
47.4833,9.66667,2002-07-15,12.9399997107685,19.4899995643646,16.2149996375665,2002,7,NA
47.4833,9.66667,2002-07-16,15.4399996548891,22.3899994995445,18.9149995772168,2002,7,NA
47.4833,9.66667,2002-07-17,15.8899996448308,21.3099995236844,18.5999995842576,2002,7,NA
47.4833,9.66667,2002-07-18,14.4199996776879,18.1899995934218,16.3049996355549,2002,7,NA
47.4833,9.66667,2002-07-19,13.0899997074157,19.1599995717406,16.1249996395782,2002,7,NA
47.4833,9.66667,2002-07-20,10.919999755919,21.6899995151907,16.3049996355549,2002,7,NA
47.4833,9.66667,2002-07-21,11.6899997387081,25.2499994356185,18.4699995871633,2002,7,NA
47.4833,9.66667,2002-07-22,14.1099996846169,22.8399994894862,18.4749995870516,2002,7,NA
47.4833,9.66667,2002-07-23,12.8499997127801,21.3099995236844,17.0799996182323,2002,7,NA
47.4833,9.66667,2002-07-24,11.1399997510016,24.1899994593114,17.6649996051565,2002,7,NA
47.4833,9.66667,2002-07-25,14.6999996714294,22.3899994995445,18.5449995854869,2002,7,NA
47.4833,9.66667,2002-07-26,13.2599997036159,17.4999996088445,15.3799996562302,2002,7,NA
47.4833,9.66667,2002-07-27,12.3099997248501,17.2599996142089,14.7849996695295,2002,7,NA
47.4833,9.66667,2002-07-28,12.4299997221678,23.7299994695932,18.0799995958805,2002,7,NA
47.4833,9.66667,2002-07-29,13.0499997083098,24.2699994575232,18.6599995829165,2002,7,NA
47.4833,9.66667,2002-07-30,14.5999996736646,27.0799993947148,20.8399995341897,2002,7,NA
47.4833,9.66667,2002-07-31,15.4299996551126,27.4399993866682,21.4349995208904,2002,7,NA
47.4833,9.66667,2002-08-01,16.3799996338785,24.5799994505942,20.4799995422363,2002,8,NA
47.4833,9.66667,2002-08-02,15.0099996645004,21.3399995230138,18.1749995937571,2002,8,NA
47.4833,9.66667,2002-08-03,12.3799997232854,22.4999994970858,17.4399996101856,2002,8,NA
47.4833,9.66667,2002-08-04,13.6899996940047,23.3599994778633,18.524999585934,2002,8,NA
47.4833,9.66667,2002-08-05,14.4199996776879,21.5199995189905,17.9699995983392,2002,8,NA
47.4833,9.66667,2002-08-06,13.5399996973574,22.0599995069206,17.799999602139,2002,8,NA
47.4833,9.66667,2002-08-07,13.9599996879697,15.8399996459484,14.899999666959,2002,8,NA
47.4833,9.66667,2002-08-08,12.5699997190386,15.4599996544421,14.0149996867403,2002,8,NA
47.4833,9.66667,2002-08-09,12.2899997252971,20.4999995417893,16.3949996335432,2002,8,NA
47.4833,9.66667,2002-08-10,11.8799997344613,18.64999958314,15.2649996588007,2002,8,NA
47.4833,9.66667,2002-08-11,12.0199997313321,15.8699996452779,13.944999688305,2002,8,NA
47.4833,9.66667,2002-08-12,10.7199997603893,12.929999710992,11.8249997356907,2002,8,NA
47.4833,9.66667,2002-08-13,12.7499997150153,16.7599996253848,14.7549996702,2002,8,NA
47.4833,9.66667,2002-08-14,12.4399997219443,18.7999995797873,15.6199996508658,2002,8,NA
47.4833,9.66667,2002-08-15,9.84999977983534,22.08999950625,15.9699996430427,2002,8,NA
47.4833,9.66667,2002-08-16,10.8299997579306,23.4399994760752,17.1349996170029,2002,8,NA
47.4833,9.66667,2002-08-17,11.7999997362494,24.5599994510412,18.1799995936453,2002,8,NA
47.4833,9.66667,2002-08-18,12.9499997105449,25.0899994391948,19.0199995748699,2002,8,NA
47.4833,9.66667,2002-08-19,13.5199996978045,24.969999441877,19.2449995698407,2002,8,NA
47.4833,9.66667,2002-08-20,13.4599996991456,25.9599994197488,19.7099995594472,2002,8,NA
47.4833,9.66667,2002-08-21,14.3299996796995,25.2099994365126,19.7699995581061,2002,8,NA
47.4833,9.66667,2002-08-22,14.1699996832758,17.9699995983392,16.0699996408075,2002,8,NA
47.4833,9.66667,2002-08-23,10.5199997648597,21.5199995189905,16.0199996419251,2002,8,NA
47.4833,9.66667,2002-08-24,12.6499997172505,21.239999525249,16.9449996212497,2002,8,NA
47.4833,9.66667,2002-08-25,13.2699997033924,23.0699994843453,18.1699995938689,2002,8,NA
47.4833,9.66667,2002-08-26,13.8199996910989,23.7499994691461,18.7849995801225,2002,8,NA
47.4833,9.66667,2002-08-27,13.9899996872991,24.9999994412065,19.4949995642528,2002,8,NA
47.4833,9.66667,2002-08-28,15.1199996620417,19.499999564141,17.3099996130913,2002,8,NA
47.4833,9.66667,2002-08-29,13.3399997018278,22.0399995073676,17.6899996045977,2002,8,NA
47.4833,9.66667,2002-08-30,14.379999678582,21.9799995087087,18.1799995936453,2002,8,NA
47.4833,9.66667,2002-08-31,13.179999705404,23.2399994805455,18.2099995929748,2002,8,NA
47.4833,9.66667,2002-09-01,15.1999996602535,23.3999994769692,19.2999995686114,2002,9,NA
47.4833,9.66667,2002-09-02,14.069999685511,16.5299996305257,15.2999996580184,2002,9,NA
47.4833,9.66667,2002-09-03,12.7899997141212,18.6299995835871,15.7099996488541,2002,9,NA
47.4833,9.66667,2002-09-04,12.4999997206032,16.4899996314198,14.4949996760115,2002,9,NA
47.4833,9.66667,2002-09-05,11.6499997396022,19.7599995583296,15.7049996489659,2002,9,NA
47.4833,9.66667,2002-09-06,12.1699997279793,20.9899995308369,16.5799996294081,2002,9,NA
47.4833,9.66667,2002-09-07,12.6499997172505,20.2699995469302,16.4599996320903,2002,9,NA
47.4833,9.66667,2002-09-08,11.9199997335672,21.4199995212257,16.6699996273965,2002,9,NA
47.4833,9.66667,2002-09-09,12.1899997275323,22.6099994946271,17.3999996110797,2002,9,NA
47.4833,9.66667,2002-09-10,11.7299997378141,22.9199994876981,17.3249996127561,2002,9,NA
47.4833,9.66667,2002-09-11,11.7999997362494,15.5499996524304,13.6749996943399,2002,9,NA
47.4833,9.66667,2002-09-12,10.2499997708946,17.0499996189028,13.6499996948987,2002,9,NA
47.4833,9.66667,2002-09-13,9.15999979525805,20.119999550283,14.6399996727705,2002,9,NA
47.4833,9.66667,2002-09-14,7.69999982789159,17.799999602139,12.7499997150153,2002,9,NA
47.4833,9.66667,2002-09-15,5.66999987326562,17.6199996061623,11.644999739714,2002,9,NA
47.4833,9.66667,2002-09-16,7.92999982275069,15.1799996607006,11.5549997417256,2002,9,NA
47.4833,9.66667,2002-09-17,4.55999989807606,16.5499996300787,10.5549997640774,2002,9,NA
47.4833,9.66667,2002-09-18,5.22999988310039,17.5899996068329,11.4099997449666,2002,9,NA
47.4833,9.66667,2002-09-19,7.30999983660877,20.949999531731,14.1299996841699,2002,9,NA
47.4833,9.66667,2002-09-20,12.5099997203797,16.1499996390194,14.3299996796995,2002,9,NA
47.4833,9.66667,2002-09-21,13.7899996917695,18.1299995947629,15.9599996432662,2002,9,NA
47.4833,9.66667,2002-09-22,12.7799997143447,16.349999634549,14.5649996744469,2002,9,NA
47.4833,9.66667,2002-09-23,9.50999978743494,14.0399996861815,11.7749997368082,2002,9,NA
47.4833,9.66667,2002-09-24,6.08999986387789,8.45999981090426,7.27499983739108,2002,9,NA
47.4833,9.66667,2002-09-25,3.33999992534518,6.86999984644353,5.10499988589436,2002,9,NA
47.4833,9.66667,2002-09-26,1.12999997474253,4.29999990388751,2.71499993931502,2002,9,NA
47.4833,9.66667,2002-09-27,4.17999990656972,7.20999983884394,5.69499987270683,2002,9,NA
47.4833,9.66667,2002-09-28,6.8299998473376,10.339999768883,8.5849998081103,2002,9,NA
47.4833,9.66667,2002-09-29,4.53999989852309,11.8099997360259,8.17499981727451,2002,9,NA
47.4833,9.66667,2002-09-30,1.38999996893108,13.5699996966869,7.47999983280897,2002,9,NA
47.4833,9.66667,2002-10-01,2.4699999447912,14.1999996826053,8.33499981369823,2002,10,2003
47.4833,9.66667,2002-10-02,4.55999989807606,15.6599996499717,10.1099997740239,2002,10,2003
47.4833,9.66667,2002-10-03,5.80999987013638,15.7499996479601,10.7799997590482,2002,10,2003
47.4833,9.66667,2002-10-04,7.93999982252717,17.219999615103,12.5799997188151,2002,10,2003
47.4833,9.66667,2002-10-05,8.78999980352819,12.889999711886,10.8399997577071,2002,10,2003
47.4833,9.66667,2002-10-06,7.39999983459711,12.8199997134507,10.1099997740239,2002,10,2003
47.4833,9.66667,2002-10-07,7.90999982319772,9.5299997869879,8.71999980509281,2002,10,2003
47.4833,9.66667,2002-10-08,5.87999986857176,11.1499997507781,8.51499980967492,2002,10,2003
47.4833,9.66667,2002-10-09,2.32999994792044,12.5399997197092,7.4349998338148,2002,10,2003
47.4833,9.66667,2002-10-10,3.53999992087483,11.9799997322261,7.75999982655048,2002,10,2003
47.4833,9.66667,2002-10-11,5.7999998703599,12.6099997181445,9.20499979425222,2002,10,2003
47.4833,9.66667,2002-10-12,7.85999982431531,9.97999977692962,8.91999980062246,2002,10,2003
47.4833,9.66667,2002-10-13,7.48999983258545,9.15999979525805,8.32499981392175,2002,10,2003
47.4833,9.66667,2002-10-14,6.06999986432493,12.9999997094274,9.53499978687614,2002,10,2003
47.4833,9.66667,2002-10-15,6.2599998600781,10.8899997565895,8.57499980833381,2002,10,2003
47.4833,9.66667,2002-10-16,9.38999979011714,14.6199996732175,12.0049997316673,2002,10,2003
47.4833,9.66667,2002-10-17,9.87999977916479,20.2499995473772,15.064999663271,2002,10,2003
47.4833,9.66667,2002-10-18,8.22999981604517,12.079999729991,10.1549997730181,2002,10,2003
47.4833,9.66667,2002-10-19,5.26999988220632,11.1499997507781,8.2099998164922,2002,10,2003
47.4833,9.66667,2002-10-20,3.39999992400408,7.59999983012676,5.49999987706542,2002,10,2003
47.4833,9.66667,2002-10-21,1.1499999742955,8.80999980308115,4.97999988868833,2002,10,2003
47.4833,9.66667,2002-10-22,4.04999990947545,15.6799996495247,9.86499977950007,2002,10,2003
47.4833,9.66667,2002-10-23,8.75999980419874,16.8899996224791,12.8249997133389,2002,10,2003
47.4833,9.66667,2002-10-24,7.82999982498586,14.5099996756762,11.169999750331,2002,10,2003
47.4833,9.66667,2002-10-25,5.01999988779426,10.8699997570366,7.94499982241541,2002,10,2003
47.4833,9.66667,2002-10-26,6.17999986186624,14.8499996680766,10.5149997649714,2002,10,2003
47.4833,9.66667,2002-10-27,8.75999980419874,15.6999996490777,12.2299997266382,2002,10,2003
47.4833,9.66667,2002-10-28,6.20999986119568,19.4699995648116,12.8399997130036,2002,10,2003
47.4833,9.66667,2002-10-29,4.21999990567565,11.169999750331,7.69499982800335,2002,10,2003
47.4833,9.66667,2002-10-30,1.21999997273088,13.3799997009337,7.29999983683228,2002,10,2003
47.4833,9.66667,2002-10-31,4.51999989897013,16.6199996285141,10.5699997637421,2002,10,2003
47.4833,9.66667,2002-11-01,6.4299998562783,14.089999685064,10.2599997706711,2002,11,2003
47.4833,9.66667,2002-11-02,4.97999988868833,14.0599996857345,9.51999978721142,2002,11,2003
47.4833,9.66667,2002-11-03,7.92999982275069,10.4799997657537,9.20499979425222,2002,11,2003
47.4833,9.66667,2002-11-04,7.85999982431531,13.1199997067451,10.4899997655302,2002,11,2003
47.4833,9.66667,2002-11-05,5.26999988220632,8.25999981537461,6.76499984879047,2002,11,2003
47.4833,9.66667,2002-11-06,3.60999991931021,6.37999985739589,4.99499988835305,2002,11,2003
47.4833,9.66667,2002-11-07,0.899999979883432,8.78999980352819,4.84499989170581,2002,11,2003
47.4833,9.66667,2002-11-08,-1.22999997250736,3.76999991573393,1.26999997161329,2002,11,2003
47.4833,9.66667,2002-11-09,1.18999997340143,5.58999987505376,3.3899999242276,2002,11,2003
47.4833,9.66667,2002-11-10,1.53999996557832,7.78999982587993,4.66499989572912,2002,11,2003
47.4833,9.66667,2002-11-11,2.66999994032085,8.24999981559813,5.45999987795949,2002,11,2003
47.4833,9.66667,2002-11-12,4.90999989025295,11.499999742955,8.20499981660396,2002,11,2003
47.4833,9.66667,2002-11-13,2.60999994166195,9.9299997780472,6.26999985985458,2002,11,2003
47.4833,9.66667,2002-11-14,1.33999997004867,12.1699997279793,6.75499984901398,2002,11,2003
47.4833,9.66667,2002-11-15,3.83999991416931,15.2699996586889,9.55499978642911,2002,11,2003
47.4833,9.66667,2002-11-16,5.16999988444149,11.6499997396022,8.40999981202185,2002,11,2003
47.4833,9.66667,2002-11-17,4.71999989449978,11.6699997391552,8.19499981682748,2002,11,2003
47.4833,9.66667,2002-11-18,3.94999991171062,12.1299997288734,8.039999820292,2002,11,2003
47.4833,9.66667,2002-11-19,1.97999995574355,5.86999986879528,3.92499991226941,2002,11,2003
47.4833,9.66667,2002-11-20,4.14999990724027,6.11999986320734,5.13499988522381,2002,11,2003
47.4833,9.66667,2002-11-21,1.74999996088445,9.82999978028238,5.78999987058342,2002,11,2003
47.4833,9.66667,2002-11-22,3.3299999255687,14.7099996712059,9.01999979838729,2002,11,2003
47.4833,9.66667,2002-11-23,3.45999992266297,6.29999985918403,4.8799998909235,2002,11,2003
47.4833,9.66667,2002-11-24,2.47999994456768,11.6599997393787,7.06999984197319,2002,11,2003
47.4833,9.66667,2002-11-25,3.60999991931021,10.029999775812,6.81999984756112,2002,11,2003
47.4833,9.66667,2002-11-26,4.89999989047647,15.7199996486306,10.3099997695535,2002,11,2003
47.4833,9.66667,2002-11-27,6.21999986097217,7.749999826774,6.98499984387308,2002,11,2003
47.4833,9.66667,2002-11-28,5.59999987483025,9.5299997869879,7.56499983090907,2002,11,2003
47.4833,9.66667,2002-11-29,4.82999989204109,7.99999982118607,6.41499985661358,2002,11,2003
47.4833,9.66667,2002-11-30,4.66999989561737,6.87999984622002,5.77499987091869,2002,11,2003
47.4833,9.66667,2002-12-01,3.2699999269098,6.34999985806644,4.80999989248812,2002,12,2003
47.4833,9.66667,2002-12-02,1.04999997653067,7.46999983303249,4.25999990478158,2002,12,2003
47.4833,9.66667,2002-12-03,1.46999996714294,5.25999988242984,3.36499992478639,2002,12,2003
47.4833,9.66667,2002-12-04,0.499999988824129,3.60999991931021,2.05499995406717,2002,12,2003
47.4833,9.66667,2002-12-05,0.259999994188547,2.81999993696809,1.53999996557832,2002,12,2003
47.4833,9.66667,2002-12-06,1.02999997697771,3.43999992311001,2.23499995004386,2002,12,2003
47.4833,9.66667,2002-12-07,1.8399999588728,3.99999991059303,2.91999993473291,2002,12,2003
47.4833,9.66667,2002-12-08,1.18999997340143,3.19999992847443,2.19499995093793,2002,12,2003
47.4833,9.66667,2002-12-09,-0.149999996647239,2.37999994680285,1.11499997507781,2002,12,2003
47.4833,9.66667,2002-12-10,-2.6399999409914,-0.139999996870756,-1.38999996893108,2002,12,2003
47.4833,9.66667,2002-12-11,-4.62999989651144,0.459999989718199,-2.08499995339662,2002,12,2003
47.4833,9.66667,2002-12-12,-4.19999990612268,-1.57999996468425,-2.88999993540347,2002,12,2003
47.4833,9.66667,2002-12-13,-4.39999990165234,-0.479999989271164,-2.43999994546175,2002,12,2003
47.4833,9.66667,2002-12-14,-3.04999993182719,3.0399999320507,-0.00499999988824129,2002,12,2003
47.4833,9.66667,2002-12-15,-2.9299999345094,1.26999997161329,-0.829999981448054,2002,12,2003
47.4833,9.66667,2002-12-16,-1.11999997496605,3.84999991394579,1.36499996948987,2002,12,2003
47.4833,9.66667,2002-12-17,1.78999995999038,6.50999985449016,4.14999990724027,2002,12,2003
47.4833,9.66667,2002-12-18,2.77999993786216,4.78999989293516,3.78499991539866,2002,12,2003
47.4833,9.66667,2002-12-19,1.00999997742474,3.29999992623925,2.154999951832,2002,12,2003
47.4833,9.66667,2002-12-20,-2.21999995037913,2.85999993607402,0.319999992847443,2002,12,2003
47.4833,9.66667,2002-12-21,-3.19999992847443,5.62999987415969,1.21499997284263,2002,12,2003
47.4833,9.66667,2002-12-22,2.77999993786216,6.17999986186624,4.4799998998642,2002,12,2003
47.4833,9.66667,2002-12-23,4.54999989829957,9.11999979615211,6.83499984722584,2002,12,2003
47.4833,9.66667,2002-12-24,5.48999987728894,11.3299997467548,8.40999981202185,2002,12,2003
47.4833,9.66667,2002-12-25,4.54999989829957,8.56999980844557,6.55999985337257,2002,12,2003
47.4833,9.66667,2002-12-26,3.17999992892146,7.29999983683228,5.23999988287687,2002,12,2003
47.4833,9.66667,2002-12-27,1.42999996803701,7.81999982520938,4.62499989662319,2002,12,2003
47.4833,9.66667,2002-12-28,3.48999992199242,12.929999710992,8.2099998164922,2002,12,2003
47.4833,9.66667,2002-12-29,5.39999987930059,10.029999775812,7.71499982755631,2002,12,2003
47.4833,9.66667,2002-12-30,4.16999990679324,8.11999981850386,6.14499986264855,2002,12,2003
47.4833,9.66667,2002-12-31,6.20999986119568,10.8699997570366,8.53999980911613,2002,12,2003
47.4833,9.66667,2003-01-01,5.15999988466501,8.24999981559813,6.70499985013157,2003,1,2003
47.4833,9.66667,2003-01-02,4.09999990835786,9.80999978072941,6.95499984454364,2003,1,2003
47.4833,9.66667,2003-01-03,6.32999985851347,12.7699997145683,9.54999978654087,2003,1,2003
47.4833,9.66667,2003-01-04,5.99999986588955,10.2299997713417,8.11499981861562,2003,1,2003
47.4833,9.66667,2003-01-05,2.1799999512732,6.49999985471368,4.33999990299344,2003,1,2003
47.4833,9.66667,2003-01-06,-3.05999993160367,-0.0699999984353781,-1.56499996501952,2003,1,2003
47.4833,9.66667,2003-01-07,-5.83999986946583,-2.16999995149672,-4.00499991048127,2003,1,2003
47.4833,9.66667,2003-01-08,-7.41999983415008,-4.37999990209937,-5.89999986812472,2003,1,2003
47.4833,9.66667,2003-01-09,-10.5799997635186,-4.98999988846481,-7.78499982599169,2003,1,2003
47.4833,9.66667,2003-01-10,-9.46999978832901,-6.23999986052513,-7.85499982442707,2003,1,2003
47.4833,9.66667,2003-01-11,-9.68999978341162,-6.73999984934926,-8.21499981638044,2003,1,2003
47.4833,9.66667,2003-01-12,-10.1399997733533,-5.85999986901879,-7.99999982118607,2003,1,2003
47.4833,9.66667,2003-01-13,-12.1099997293204,-5.67999987304211,-8.89499980118126,2003,1,2003
47.4833,9.66667,2003-01-14,-11.5099997427315,-1.00999997742474,-6.2599998600781,2003,1,2003
47.4833,9.66667,2003-01-15,-1.87999995797873,3.85999991372228,0.989999977871776,2003,1,2003
47.4833,9.66667,2003-01-16,-3.82999991439283,4.56999989785254,0.369999991729856,2003,1,2003
47.4833,9.66667,2003-01-17,-3.04999993182719,2.43999994546175,-0.304999993182719,2003,1,2003
47.4833,9.66667,2003-01-18,-4.2499999050051,2.45999994501472,-0.894999979995191,2003,1,2003
47.4833,9.66667,2003-01-19,-4.49999989941716,4.68999989517033,0.0949999978765845,2003,1,2003
47.4833,9.66667,2003-01-20,-5.00999988801777,3.7899999152869,-0.609999986365438,2003,1,2003
47.4833,9.66667,2003-01-21,-1.9499999564141,7.26999983750284,2.65999994054437,2003,1,2003
47.4833,9.66667,2003-01-22,-1.55999996513128,6.91999984532595,2.67999994009733,2003,1,2003
47.4833,9.66667,2003-01-23,0.719999983906746,7.66999982856214,4.19499990623444,2003,1,2003
47.4833,9.66667,2003-01-24,0.709999984130263,3.80999991483986,2.25999994948506,2003,1,2003
47.4833,9.66667,2003-01-25,-0.669999985024333,1.58999996446073,0.459999989718199,2003,1,2003
47.4833,9.66667,2003-01-26,-1.85999995842576,1.66999996267259,-0.0949999978765845,2003,1,2003
47.4833,9.66667,2003-01-27,-2.73999993875623,0.849999981001019,-0.944999978877604,2003,1,2003
47.4833,9.66667,2003-01-28,-1.59999996423721,3.5599999204278,0.979999978095293,2003,1,2003
47.4833,9.66667,2003-01-29,1.00999997742474,7.01999984309077,4.01499991025776,2003,1,2003
47.4833,9.66667,2003-01-30,-0.989999977871776,1.46999996714294,0.239999994635582,2003,1,2003
47.4833,9.66667,2003-01-31,-2.82999993674457,-0.229999994859099,-1.52999996580184,2003,1,2003
47.4833,9.66667,2003-02-01,-7.48999983258545,-2.96999993361533,-5.22999988310039,2003,2,2003
47.4833,9.66667,2003-02-02,-11.3799997456372,-3.77999991551042,-7.5799998305738,2003,2,2003
47.4833,9.66667,2003-02-03,-10.029999775812,0.519999988377094,-4.75499989371747,2003,2,2003
47.4833,9.66667,2003-02-04,-0.689999984577298,4.14999990724027,1.72999996133149,2003,2,2003
47.4833,9.66667,2003-02-05,-2.55999994277954,0.319999992847443,-1.11999997496605,2003,2,2003
47.4833,9.66667,2003-02-06,-5.09999988600612,-1.68999996222556,-3.39499992411584,2003,2,2003
47.4833,9.66667,2003-02-07,-4.95999988913536,-1.16999997384846,-3.06499993149191,2003,2,2003
47.4833,9.66667,2003-02-08,-8.3799998126924,-0.389999991282821,-4.38499990198761,2003,2,2003
47.4833,9.66667,2003-02-09,-1.91999995708466,1.20999997295439,-0.354999992065132,2003,2,2003
47.4833,9.66667,2003-02-10,-2.03999995440245,3.12999993003905,0.544999987818301,2003,2,2003
47.4833,9.66667,2003-02-11,-3.96999991126359,1.07999997586012,-1.44499996770173,2003,2,2003
47.4833,9.66667,2003-02-12,-5.92999986745417,-0.559999987483025,-3.2449999274686,2003,2,2003
47.4833,9.66667,2003-02-13,-6.35999985784292,-3.65999991819263,-5.00999988801777,2003,2,2003
47.4833,9.66667,2003-02-14,-7.5199998319149,-3.73999991640449,-5.62999987415969,2003,2,2003
47.4833,9.66667,2003-02-15,-8.49999981001019,-3.41999992355704,-5.95999986678362,2003,2,2003
47.4833,9.66667,2003-02-16,-8.98999979905784,-3.56999992020428,-6.27999985963106,2003,2,2003
47.4833,9.66667,2003-02-17,-8.10999981872737,-2.42999994568527,-5.26999988220632,2003,2,2003
47.4833,9.66667,2003-02-18,-9.67999978363514,-2.72999993897974,-6.20499986130744,2003,2,2003
47.4833,9.66667,2003-02-19,-11.9699997324497,-3.10999993048608,-7.53999983146787,2003,2,2003
47.4833,9.66667,2003-02-20,-11.8899997342378,-2.18999995104969,-7.03999984264374,2003,2,2003
47.4833,9.66667,2003-02-21,-10.31999976933,-1.09999997541308,-5.70999987237155,2003,2,2003
47.4833,9.66667,2003-02-22,-9.37999979034066,0.179999995976686,-4.59999989718199,2003,2,2003
47.4833,9.66667,2003-02-23,-8.07999981939793,0.0999999977648258,-3.98999991081655,2003,2,2003
47.4833,9.66667,2003-02-24,-7.18999983929098,2.19999995082617,-2.4949999442324,2003,2,2003
47.4833,9.66667,2003-02-25,-7.02999984286726,3.42999992333353,-1.79999995976686,2003,2,2003
47.4833,9.66667,2003-02-26,-5.98999986611307,8.039999820292,1.02499997708946,2003,2,2003
47.4833,9.66667,2003-02-27,-0.539999987930059,10.609999762848,5.03499988745898,2003,2,2003
47.4833,9.66667,2003-02-28,-1.35999996960163,9.72999978251755,4.18499990645796,2003,2,2003
47.4833,9.66667,2003-03-01,1.25999997183681,10.049999775365,5.6549998736009,2003,3,2003
47.4833,9.66667,2003-03-02,1.99999995529652,10.9499997552484,6.47499985527247,2003,3,2003
47.4833,9.66667,2003-03-03,3.00999993272126,9.74999978207052,6.37999985739589,2003,3,2003
47.4833,9.66667,2003-03-04,1.58999996446073,4.1899999063462,2.88999993540347,2003,3,2003
47.4833,9.66667,2003-03-05,-2.09999995306134,6.64999985136092,2.27499994914979,2003,3,2003
47.4833,9.66667,2003-03-06,2.72999993897974,12.6699997168034,7.69999982789159,2003,3,2003
47.4833,9.66667,2003-03-07,1.72999996133149,10.2399997711182,5.98499986622483,2003,3,2003
47.4833,9.66667,2003-03-08,1.80999995954335,7.82999982498586,4.8199998922646,2003,3,2003
47.4833,9.66667,2003-03-09,0.109999997541308,8.12999981828034,4.11999990791082,2003,3,2003
47.4833,9.66667,2003-03-10,1.22999997250736,10.8599997572601,6.04499986488372,2003,3,2003
47.4833,9.66667,2003-03-11,3.77999991551042,16.099999640137,9.93999977782369,2003,3,2003
47.4833,9.66667,2003-03-12,6.37999985739589,17.1199996173382,11.749999737367,2003,3,2003
47.4833,9.66667,2003-03-13,5.16999988444149,12.8599997125566,9.01499979849905,2003,3,2003
47.4833,9.66667,2003-03-14,1.69999996200204,8.39999981224537,5.0499998871237,2003,3,2003
47.4833,9.66667,2003-03-15,-1.81999995931983,5.94999986700714,2.06499995384365,2003,3,2003
47.4833,9.66667,2003-03-16,-1.57999996468425,6.47999985516071,2.44999994523823,2003,3,2003
47.4833,9.66667,2003-03-17,-2.72999993897974,7.86999982409179,2.56999994255602,2003,3,2003
47.4833,9.66667,2003-03-18,-2.82999993674457,8.75999980419874,2.96499993372709,2003,3,2003
47.4833,9.66667,2003-03-19,-1.81999995931983,11.0199997536838,4.59999989718199,2003,3,2003
47.4833,9.66667,2003-03-20,-1.3799999691546,10.7699997592717,4.69499989505857,2003,3,2003
47.4833,9.66667,2003-03-21,-0.0799999982118607,12.8799997121096,6.39999985694885,2003,3,2003
47.4833,9.66667,2003-03-22,-0.319999992847443,12.039999730885,5.85999986901879,2003,3,2003
47.4833,9.66667,2003-03-23,-1.50999996624887,9.91999977827072,4.20499990601093,2003,3,2003
47.4833,9.66667,2003-03-24,-1.81999995931983,11.8999997340143,5.03999988734722,2003,3,2003
47.4833,9.66667,2003-03-25,1.53999996557832,15.5999996513128,8.56999980844557,2003,3,2003
47.4833,9.66667,2003-03-26,2.91999993473291,15.499999653548,9.20999979414046,2003,3,2003
47.4833,9.66667,2003-03-27,3.16999992914498,15.5699996519834,9.36999979056418,2003,3,2003
47.4833,9.66667,2003-03-28,4.84999989159405,16.5499996300787,10.6999997608364,2003,3,2003
47.4833,9.66667,2003-03-29,7.47999983280897,16.4199996329844,11.9499997328967,2003,3,2003
47.4833,9.66667,2003-03-30,8.07999981939793,17.5999996066093,12.8399997130036,2003,3,2003
47.4833,9.66667,2003-03-31,6.09999986365438,16.6499996278435,11.3749997457489,2003,3,2003
47.4833,9.66667,2003-04-01,6.70999985001981,11.9899997320026,9.34999979101121,2003,4,2003
47.4833,9.66667,2003-04-02,1.98999995552003,15.9899996425956,8.98999979905784,2003,4,2003
47.4833,9.66667,2003-04-03,3.27999992668629,9.40999978967011,6.3449998581782,2003,4,2003
47.4833,9.66667,2003-04-04,0.319999992847443,4.62999989651144,2.47499994467944,2003,4,2003
47.4833,9.66667,2003-04-05,-1.26999997161329,6.8299998473376,2.77999993786216,2003,4,2003
47.4833,9.66667,2003-04-06,-1.55999996513128,10.0799997746944,4.25999990478158,2003,4,2003
47.4833,9.66667,2003-04-07,0.249999994412065,4.69999989494681,2.47499994467944,2003,4,2003
47.4833,9.66667,2003-04-08,-3.99999991059303,0.789999982342124,-1.60499996412545,2003,4,2003
47.4833,9.66667,2003-04-09,-6.05999986454844,5.95999986678362,-0.0499999988824129,2003,4,2003
47.4833,9.66667,2003-04-10,-0.909999979659915,5.12999988533556,2.10999995283782,2003,4,2003
47.4833,9.66667,2003-04-11,0.949999978765845,6.5999998524785,3.77499991562217,2003,4,2003
47.4833,9.66667,2003-04-12,-0.65999998524785,9.66999978385866,4.5049998993054,2003,4,2003
47.4833,9.66667,2003-04-13,1.07999997586012,8.97999979928136,5.02999988757074,2003,4,2003
47.4833,9.66667,2003-04-14,1.61999996379018,16.6099996287376,9.11499979626387,2003,4,2003
47.4833,9.66667,2003-04-15,3.63999991863966,19.4299995657057,11.5349997421727,2003,4,2003
47.4833,9.66667,2003-04-16,5.55999987572432,19.9299995545298,12.7449997151271,2003,4,2003
47.4833,9.66667,2003-04-17,6.55999985337257,19.5699995625764,13.0649997079745,2003,4,2003
47.4833,9.66667,2003-04-18,5.92999986745417,17.9299995992333,11.9299997333437,2003,4,2003
47.4833,9.66667,2003-04-19,3.16999992914498,16.3199996352196,9.74499978218228,2003,4,2003
47.4833,9.66667,2003-04-20,1.09999997541308,10.6899997610599,5.89499986823648,2003,4,2003
47.4833,9.66667,2003-04-21,3.47999992221594,18.3399995900691,10.9099997561425,2003,4,2003
47.4833,9.66667,2003-04-22,8.58999980799854,13.9399996884167,11.2649997482076,2003,4,2003
47.4833,9.66667,2003-04-23,6.34999985806644,16.3799996338785,11.3649997459725,2003,4,2003
47.4833,9.66667,2003-04-24,4.40999990142882,17.3099996130913,10.8599997572601,2003,4,2003
47.4833,9.66667,2003-04-25,5.63999987393618,18.7299995813519,12.184999727644,2003,4,2003
47.4833,9.66667,2003-04-26,7.30999983660877,21.9099995102733,14.6099996734411,2003,4,2003
47.4833,9.66667,2003-04-27,10.2399997711182,19.4599995650351,14.8499996680766,2003,4,2003
47.4833,9.66667,2003-04-28,8.57999980822206,15.6999996490777,12.1399997286499,2003,4,2003
47.4833,9.66667,2003-04-29,7.2899998370558,23.1399994827807,15.2149996599182,2003,4,2003
47.4833,9.66667,2003-04-30,12.1099997293204,19.8999995552003,16.0049996422604,2003,4,2003
47.4833,9.66667,2003-05-01,10.609999762848,21.3999995216727,16.0049996422604,2003,5,NA
47.4833,9.66667,2003-05-02,8.2099998164922,17.0299996193498,12.619999717921,2003,5,NA
47.4833,9.66667,2003-05-03,6.91999984532595,18.959999576211,12.9399997107685,2003,5,NA
47.4833,9.66667,2003-05-04,7.33999983593822,17.1199996173382,12.2299997266382,2003,5,NA
47.4833,9.66667,2003-05-05,5.82999986968935,22.8199994899333,14.3249996798113,2003,5,NA
47.4833,9.66667,2003-05-06,12.3199997246265,29.6499993372709,20.9849995309487,2003,5,NA
47.4833,9.66667,2003-05-07,17.4399996101856,26.7799994014204,22.109999505803,2003,5,NA
47.4833,9.66667,2003-05-08,12.3899997230619,26.6299994047731,19.5099995639175,2003,5,NA
47.4833,9.66667,2003-05-09,14.5899996738881,23.6599994711578,19.1249995725229,2003,5,NA
47.4833,9.66667,2003-05-10,12.7899997141212,16.8399996235967,14.8149996688589,2003,5,NA
47.4833,9.66667,2003-05-11,10.1399997733533,17.7299996037036,13.9349996885285,2003,5,NA
47.4833,9.66667,2003-05-12,11.9899997320026,19.0599995739758,15.5249996529892,2003,5,NA
47.4833,9.66667,2003-05-13,11.189999749884,17.6799996048212,14.4349996773526,2003,5,NA
47.4833,9.66667,2003-05-14,7.96999982185662,12.2399997264147,10.1049997741356,2003,5,NA
47.4833,9.66667,2003-05-15,4.44999990053475,10.6799997612834,7.56499983090907,2003,5,NA
47.4833,9.66667,2003-05-16,3.71999991685152,13.0699997078627,8.39499981235713,2003,5,NA
47.4833,9.66667,2003-05-17,2.4699999447912,17.3299996126443,9.89999977871776,2003,5,NA
47.4833,9.66667,2003-05-18,8.85999980196357,16.9399996213615,12.8999997116625,2003,5,NA
47.4833,9.66667,2003-05-19,9.27999979257584,18.7199995815754,13.9999996870756,2003,5,NA
47.4833,9.66667,2003-05-20,11.6999997384846,24.6899994481355,18.1949995933101,2003,5,NA
47.4833,9.66667,2003-05-21,8.58999980799854,13.4199997000396,11.0049997540191,2003,5,NA
47.4833,9.66667,2003-05-22,6.09999986365438,9.49999978765845,7.79999982565641,2003,5,NA
47.4833,9.66667,2003-05-23,6.2599998600781,10.6899997610599,8.47499981056899,2003,5,NA
47.4833,9.66667,2003-05-24,9.31999979168177,22.5799994952977,15.9499996434897,2003,5,NA
47.4833,9.66667,2003-05-25,11.4499997440726,25.9499994199723,18.6999995820224,2003,5,NA
47.4833,9.66667,2003-05-26,11.5299997422844,15.9599996432662,13.7449996927753,2003,5,NA
47.4833,9.66667,2003-05-27,10.1699997726828,14.8299996685237,12.4999997206032,2003,5,NA
47.4833,9.66667,2003-05-28,12.8099997136742,18.0399995967746,15.4249996552244,2003,5,NA
47.4833,9.66667,2003-05-29,14.0299996864051,19.5999995619059,16.8149996241555,2003,5,NA
47.4833,9.66667,2003-05-30,12.639999717474,21.2999995239079,16.9699996206909,2003,5,NA
47.4833,9.66667,2003-05-31,12.5799997188151,23.4599994756281,18.0199995972216,2003,5,NA
47.4833,9.66667,2003-06-01,14.4799996763468,26.0499994177371,20.264999547042,2003,6,NA
47.4833,9.66667,2003-06-02,13.199999704957,25.6299994271249,19.4149995660409,2003,6,NA
47.4833,9.66667,2003-06-03,13.8599996902049,26.0399994179606,19.9499995540828,2003,6,NA
47.4833,9.66667,2003-06-04,13.6699996944517,25.9999994188547,19.8349995566532,2003,6,NA
47.4833,9.66667,2003-06-05,16.6499996278435,28.1799993701279,22.4149994989857,2003,6,NA
47.4833,9.66667,2003-06-06,16.7099996265024,27.8799993768334,22.2949995016679,2003,6,NA
47.4833,9.66667,2003-06-07,16.8899996224791,24.7499994467944,20.8199995346367,2003,6,NA
47.4833,9.66667,2003-06-08,16.389999633655,25.6899994257838,21.0399995297194,2003,6,NA
47.4833,9.66667,2003-06-09,15.6799996495247,27.1899993922561,21.4349995208904,2003,6,NA
47.4833,9.66667,2003-06-10,15.8699996452779,25.1599994376302,20.514999541454,2003,6,NA
47.4833,9.66667,2003-06-11,16.1499996390194,28.9599993526936,22.5549994958565,2003,6,NA
47.4833,9.66667,2003-06-12,19.1399995721877,28.679999358952,23.9099994655699,2003,6,NA
47.4833,9.66667,2003-06-13,17.7499996032566,30.8099993113428,24.2799994572997,2003,6,NA
47.4833,9.66667,2003-06-14,16.909999622032,26.2199994139373,21.5649995179847,2003,6,NA
47.4833,9.66667,2003-06-15,16.8699996229261,29.3799993433058,23.124999483116,2003,6,NA
47.4833,9.66667,2003-06-16,17.3399996124208,26.1899994146079,21.7649995135143,2003,6,NA
47.4833,9.66667,2003-06-17,16.929999621585,25.9799994193017,21.4549995204434,2003,6,NA
47.4833,9.66667,2003-06-18,15.5499996524304,27.2599993906915,21.404999521561,2003,6,NA
47.4833,9.66667,2003-06-19,16.0099996421486,22.8299994897097,19.4199995659292,2003,6,NA
47.4833,9.66667,2003-06-20,14.7999996691942,24.1299994606525,19.4649995649233,2003,6,NA
47.4833,9.66667,2003-06-21,16.8499996233732,26.3199994117022,21.5849995175377,2003,6,NA
47.4833,9.66667,2003-06-22,15.4099996555597,24.4599994532764,19.934999554418,2003,6,NA
47.4833,9.66667,2003-06-23,12.6099997181445,28.5499993618578,20.5799995400012,2003,6,NA
47.4833,9.66667,2003-06-24,17.1499996166676,33.009999262169,25.0799994394183,2003,6,NA
47.4833,9.66667,2003-06-25,18.8099995795637,30.1199993267655,24.4649994531646,2003,6,NA
47.4833,9.66667,2003-06-26,18.1999995931983,28.1899993699044,23.1949994815513,2003,6,NA
47.4833,9.66667,2003-06-27,16.3099996354431,27.6199993826449,21.964999509044,2003,6,NA
47.4833,9.66667,2003-06-28,15.3799996562302,25.2299994360656,20.3049995461479,2003,6,NA
47.4833,9.66667,2003-06-29,15.7999996468425,24.8199994452298,20.3099995460361,2003,6,NA
47.4833,9.66667,2003-06-30,16.1499996390194,28.1099993716925,22.129999505356,2003,6,NA
47.4833,9.66667,2003-07-01,17.9599995985627,32.3599992766976,25.1599994376302,2003,7,NA
47.4833,9.66667,2003-07-02,13.4299996998161,19.1399995721877,16.2849996360019,2003,7,NA
47.4833,9.66667,2003-07-03,11.6999997384846,20.6999995373189,16.1999996379018,2003,7,NA
47.4833,9.66667,2003-07-04,12.1999997273088,18.6199995838106,15.4099996555597,2003,7,NA
47.4833,9.66667,2003-07-05,12.1599997282028,16.2899996358901,14.2249996820465,2003,7,NA
47.4833,9.66667,2003-07-06,11.6299997400492,19.209999570623,15.4199996553361,2003,7,NA
47.4833,9.66667,2003-07-07,11.1599997505546,22.3699994999915,16.764999625273,2003,7,NA
47.4833,9.66667,2003-07-08,12.1199997290969,24.1999994590878,18.1599995940924,2003,7,NA
47.4833,9.66667,2003-07-09,13.4299996998161,24.8199994452298,19.1249995725229,2003,7,NA
47.4833,9.66667,2003-07-10,13.4099997002631,24.9299994427711,19.1699995715171,2003,7,NA
47.4833,9.66667,2003-07-11,14.049999685958,25.8299994226545,19.9399995543063,2003,7,NA
47.4833,9.66667,2003-07-12,14.3899996783584,26.5799994058907,20.4849995421246,2003,7,NA
47.4833,9.66667,2003-07-13,14.9999996647239,28.3599993661046,21.6799995154142,2003,7,NA
47.4833,9.66667,2003-07-14,14.7399996705353,26.3899994101375,20.5649995403364,2003,7,NA
47.4833,9.66667,2003-07-15,13.6299996953458,27.6699993815273,20.6499995384365,2003,7,NA
47.4833,9.66667,2003-07-16,14.1799996830523,29.5299993399531,21.8549995115027,2003,7,NA
47.4833,9.66667,2003-07-17,17.819999601692,32.3399992771447,25.0799994394183,2003,7,NA
47.4833,9.66667,2003-07-18,15.5999996513128,18.6099995840341,17.1049996176735,2003,7,NA
47.4833,9.66667,2003-07-19,12.8199997134507,24.1799994595349,18.4999995864928,2003,7,NA
47.4833,9.66667,2003-07-20,13.3899997007102,27.4299993868917,20.409999543801,2003,7,NA
47.4833,9.66667,2003-07-21,15.5699996519834,30.9899993073195,23.2799994796515,2003,7,NA
47.4833,9.66667,2003-07-22,17.489999609068,25.3399994336069,21.4149995213374,2003,7,NA
47.4833,9.66667,2003-07-23,16.8299996238202,27.8799993768334,22.3549995003268,2003,7,NA
47.4833,9.66667,2003-07-24,15.8599996455014,25.3199994340539,20.5899995397776,2003,7,NA
47.4833,9.66667,2003-07-25,14.4899996761233,20.2299995478243,17.3599996119738,2003,7,NA
47.4833,9.66667,2003-07-26,13.6299996953458,24.0399994626641,18.8349995790049,2003,7,NA
47.4833,9.66667,2003-07-27,17.7199996039271,26.8199994005263,22.2699995022267,2003,7,NA
47.4833,9.66667,2003-07-28,17.4799996092916,29.3399993441999,23.4099994767457,2003,7,NA
47.4833,9.66667,2003-07-29,14.649999672547,18.2099995929748,16.4299996327609,2003,7,NA
47.4833,9.66667,2003-07-30,12.9899997096509,21.4399995207787,17.2149996152148,2003,7,NA
47.4833,9.66667,2003-07-31,11.1599997505546,23.9199994653463,17.5399996079504,2003,7,NA
47.4833,9.66667,2003-08-01,13.6099996957928,19.6399995610118,16.6249996284023,2003,8,NA
47.4833,9.66667,2003-08-02,13.2399997040629,25.0899994391948,19.1649995716289,2003,8,NA
47.4833,9.66667,2003-08-03,15.20999966003,27.5299993846565,21.3699995223433,2003,8,NA
47.4833,9.66667,2003-08-04,17.489999609068,29.7599993348122,23.6249994719401,2003,8,NA
47.4833,9.66667,2003-08-05,18.5299995858222,30.8699993100017,24.699999447912,2003,8,NA
47.4833,9.66667,2003-08-06,19.1899995710701,31.7399992905557,25.4649994308129,2003,8,NA
47.4833,9.66667,2003-08-07,19.6099995616823,30.9299993086606,25.2699994351715,2003,8,NA
47.4833,9.66667,2003-08-08,19.0499995741993,31.269999301061,25.1599994376302,2003,8,NA
47.4833,9.66667,2003-08-09,17.8299996014684,32.0699992831796,24.949999442324,2003,8,NA
47.4833,9.66667,2003-08-10,18.1999995931983,31.6799992918968,24.9399994425476,2003,8,NA
47.4833,9.66667,2003-08-11,18.7799995802343,32.40999927558,25.5949994279072,2003,8,NA
47.4833,9.66667,2003-08-12,18.2199995927513,31.8299992885441,25.0249994406477,2003,8,NA
47.4833,9.66667,2003-08-13,17.2999996133149,31.2199993021786,24.2599994577467,2003,8,NA
47.4833,9.66667,2003-08-14,17.4799996092916,34.5099992286414,25.9949994189665,2003,8,NA
47.4833,9.66667,2003-08-15,19.4299995657057,26.2399994134903,22.834999489598,2003,8,NA
47.4833,9.66667,2003-08-16,17.1699996162206,23.0599994845688,20.1149995503947,2003,8,NA
47.4833,9.66667,2003-08-17,14.7599996700883,26.6599994041026,20.7099995370954,2003,8,NA
47.4833,9.66667,2003-08-18,18.1999995931983,28.4699993636459,23.3349994784221,2003,8,NA
47.4833,9.66667,2003-08-19,17.5399996079504,22.8699994888157,20.2049995483831,2003,8,NA
47.4833,9.66667,2003-08-20,16.1699996385723,25.6299994271249,20.8999995328486,2003,8,NA
47.4833,9.66667,2003-08-21,15.3299996573478,26.7999994009733,21.0649995291606,2003,8,NA
47.4833,9.66667,2003-08-22,15.5699996519834,24.3699994552881,19.9699995536357,2003,8,NA
47.4833,9.66667,2003-08-23,15.9299996439368,25.9899994190782,20.9599995315075,2003,8,NA
47.4833,9.66667,2003-08-24,15.2599996589124,27.6199993826449,21.4399995207787,2003,8,NA
47.4833,9.66667,2003-08-25,13.8599996902049,27.3599993884563,20.6099995393306,2003,8,NA
47.4833,9.66667,2003-08-26,15.4399996548891,25.7299994248897,20.5849995398894,2003,8,NA
47.4833,9.66667,2003-08-27,14.4099996779114,27.0399993956089,20.7249995367602,2003,8,NA
47.4833,9.66667,2003-08-28,15.5099996533245,26.7399994023144,21.1249995278195,2003,8,NA
47.4833,9.66667,2003-08-29,13.8899996895343,27.289999390021,20.5899995397776,2003,8,NA
47.4833,9.66667,2003-08-30,15.9999996423721,19.8799995556474,17.9399995990098,2003,8,NA
47.4833,9.66667,2003-08-31,13.8399996906519,17.6599996052682,15.7499996479601,2003,8,NA
47.4833,9.66667,2003-09-01,10.1399997733533,14.7699996698648,12.4549997216091,2003,9,NA
47.4833,9.66667,2003-09-02,6.86999984644353,15.189999660477,11.0299997534603,2003,9,NA
47.4833,9.66667,2003-09-03,6.55999985337257,15.769999647513,11.1649997504428,2003,9,NA
47.4833,9.66667,2003-09-04,6.08999986387789,17.8399996012449,11.9649997325614,2003,9,NA
47.4833,9.66667,2003-09-05,6.41999985650182,20.0199995525181,13.21999970451,2003,9,NA
47.4833,9.66667,2003-09-06,8.3799998126924,21.1999995261431,14.7899996694177,2003,9,NA
47.4833,9.66667,2003-09-07,12.2299997266382,19.9199995547533,16.0749996406958,2003,9,NA
47.4833,9.66667,2003-09-08,12.4299997221678,21.0799995288253,16.7549996254966,2003,9,NA
47.4833,9.66667,2003-09-09,12.1699997279793,17.2699996139854,14.7199996709824,2003,9,NA
47.4833,9.66667,2003-09-10,9.59999978542328,16.5499996300787,13.074999707751,2003,9,NA
47.4833,9.66667,2003-09-11,11.5499997418374,16.2199996374547,13.8849996896461,2003,9,NA
47.4833,9.66667,2003-09-12,10.2299997713417,14.4499996770173,12.3399997241795,2003,9,NA
47.4833,9.66667,2003-09-13,10.3899997677654,15.7799996472895,13.0849997075275,2003,9,NA
47.4833,9.66667,2003-09-14,8.61999980732799,16.9799996204674,12.7999997138977,2003,9,NA
47.4833,9.66667,2003-09-15,6.24999986030161,18.1999995931983,12.22499972675,2003,9,NA
47.4833,9.66667,2003-09-16,7.52999983169138,18.1199995949864,12.8249997133389,2003,9,NA
47.4833,9.66667,2003-09-17,8.31999981403351,20.1899995487183,14.2549996813759,2003,9,NA
47.4833,9.66667,2003-09-18,9.63999978452921,21.819999512285,15.7299996484071,2003,9,NA
47.4833,9.66667,2003-09-19,10.6599997617304,23.1599994823337,16.909999622032,2003,9,NA
47.4833,9.66667,2003-09-20,11.7099997382611,24.1799994595349,17.944999598898,2003,9,NA
47.4833,9.66667,2003-09-21,12.6799997165799,24.3599994555116,18.5199995860457,2003,9,NA
47.4833,9.66667,2003-09-22,13.6799996942282,24.5899994503707,19.1349995722994,2003,9,NA
47.4833,9.66667,2003-09-23,12.5199997201562,24.5399994514883,18.5299995858222,2003,9,NA
47.4833,9.66667,2003-09-24,11.6399997398257,16.7699996251613,14.2049996824935,2003,9,NA
47.4833,9.66667,2003-09-25,8.05999981984496,12.4399997219443,10.2499997708946,2003,9,NA
47.4833,9.66667,2003-09-26,4.88999989069998,15.9899996425956,10.4399997666478,2003,9,NA
47.4833,9.66667,2003-09-27,7.56999983079731,20.4199995435774,13.9949996871874,2003,9,NA
47.4833,9.66667,2003-09-28,11.1199997514486,20.3099995460361,15.7149996487424,2003,9,NA
47.4833,9.66667,2003-09-29,11.3099997472018,19.6399995610118,15.4749996541068,2003,9,NA
47.4833,9.66667,2003-09-30,8.80999980308115,14.1299996841699,11.4699997436255,2003,9,NA
47.4833,9.66667,2003-10-01,5.02999988757074,16.0199996419251,10.5249997647479,2003,10,2004
47.4833,9.66667,2003-10-02,7.15999983996153,16.7899996247143,11.9749997323379,2003,10,2004
47.4833,9.66667,2003-10-03,10.7799997590482,21.259999524802,16.0199996419251,2003,10,2004
47.4833,9.66667,2003-10-04,11.6699997391552,16.6099996287376,14.1399996839464,2003,10,2004
47.4833,9.66667,2003-10-05,9.91999977827072,13.4299996998161,11.6749997390434,2003,10,2004
47.4833,9.66667,2003-10-06,4.48999989964068,7.73999982699752,6.1149998633191,2003,10,2004
47.4833,9.66667,2003-10-07,3.63999991863966,11.0199997536838,7.32999983616173,2003,10,2004
47.4833,9.66667,2003-10-08,3.14999992959201,9.37999979034066,6.26499985996634,2003,10,2004
47.4833,9.66667,2003-10-09,0.759999983012676,8.15999981760979,4.45999990031123,2003,10,2004
47.4833,9.66667,2003-10-10,5.65999987348914,9.84999977983534,7.75499982666224,2003,10,2004
47.4833,9.66667,2003-10-11,7.99999982118607,14.2099996823817,11.1049997517839,2003,10,2004
47.4833,9.66667,2003-10-12,6.68999985046685,15.4099996555597,11.0499997530133,2003,10,2004
47.4833,9.66667,2003-10-13,4.4799998998642,14.4399996772408,9.45999978855252,2003,10,2004
47.4833,9.66667,2003-10-14,7.26999983750284,14.1199996843934,10.6949997609481,2003,10,2004
47.4833,9.66667,2003-10-15,5.41999987885356,10.7599997594953,8.08999981917441,2003,10,2004
47.4833,9.66667,2003-10-16,1.81999995931983,11.6299997400492,6.72499984968454,2003,10,2004
47.4833,9.66667,2003-10-17,0.459999989718199,9.95999977737665,5.20999988354743,2003,10,2004
47.4833,9.66667,2003-10-18,-1.03999997675419,8.13999981805682,3.54999992065132,2003,10,2004
47.4833,9.66667,2003-10-19,-1.07999997586012,5.91999986767769,2.41999994590878,2003,10,2004
47.4833,9.66667,2003-10-20,0.199999995529652,8.91999980062246,4.55999989807606,2003,10,2004
47.4833,9.66667,2003-10-21,3.80999991483986,9.54999978654087,6.67999985069036,2003,10,2004
47.4833,9.66667,2003-10-22,3.93999991193414,8.05999981984496,5.99999986588955,2003,10,2004
47.4833,9.66667,2003-10-23,2.45999994501472,7.42999983392656,4.94499988947064,2003,10,2004
47.4833,9.66667,2003-10-24,-0.599999986588955,3.44999992288649,1.42499996814877,2003,10,2004
47.4833,9.66667,2003-10-25,-3.10999993048608,0.429999990388751,-1.33999997004867,2003,10,2004
47.4833,9.66667,2003-10-26,-5.3399998806417,3.35999992489815,-0.989999977871776,2003,10,2004
47.4833,9.66667,2003-10-27,-2.97999993339181,5.71999987214804,1.36999996937811,2003,10,2004
47.4833,9.66667,2003-10-28,-4.00999991036952,5.83999986946583,0.914999979548156,2003,10,2004
47.4833,9.66667,2003-10-29,-3.24999992735684,8.02999982051551,2.38999994657934,2003,10,2004
47.4833,9.66667,2003-10-30,0.109999997541308,9.09999979659915,4.60499989707023,2003,10,2004
47.4833,9.66667,2003-10-31,0.959999978542328,7.01999984309077,3.98999991081655,2003,10,2004
47.4833,9.66667,2003-11-01,1.10999997518957,15.0399996638298,8.07499981950969,2003,11,2004
47.4833,9.66667,2003-11-02,4.8799998909235,9.13999979570508,7.00999984331429,2003,11,2004
47.4833,9.66667,2003-11-03,3.82999991439283,10.7499997597188,7.2899998370558,2003,11,2004
47.4833,9.66667,2003-11-04,3.94999991171062,10.6899997610599,7.31999983638525,2003,11,2004
47.4833,9.66667,2003-11-05,3.3299999255687,12.8499997127801,8.08999981917441,2003,11,2004
47.4833,9.66667,2003-11-06,0.959999978542328,10.2199997715652,5.58999987505376,2003,11,2004
47.4833,9.66667,2003-11-07,-0.159999996423721,6.01999986544251,2.9299999345094,2003,11,2004
47.4833,9.66667,2003-11-08,0.679999984800816,8.11999981850386,4.39999990165234,2003,11,2004
47.4833,9.66667,2003-11-09,-0.179999995976686,8.62999980710447,4.22499990556389,2003,11,2004
47.4833,9.66667,2003-11-10,-0.0199999995529652,10.1399997733533,5.05999988690019,2003,11,2004
47.4833,9.66667,2003-11-11,-0.609999986365438,6.92999984510243,3.1599999293685,2003,11,2004
47.4833,9.66667,2003-11-12,1.09999997541308,5.739999871701,3.41999992355704,2003,11,2004
47.4833,9.66667,2003-11-13,-0.57999998703599,8.02999982051551,3.72499991673976,2003,11,2004
47.4833,9.66667,2003-11-14,4.54999989829957,7.36999983526766,5.95999986678362,2003,11,2004
47.4833,9.66667,2003-11-15,1.44999996758997,8.46999981068075,4.95999988913536,2003,11,2004
47.4833,9.66667,2003-11-16,3.41999992355704,10.3899997677654,6.90499984566122,2003,11,2004
47.4833,9.66667,2003-11-17,1.86999995820224,10.3899997677654,6.12999986298382,2003,11,2004
47.4833,9.66667,2003-11-18,2.95999993383884,7.17999983951449,5.06999988667667,2003,11,2004
47.4833,9.66667,2003-11-19,1.67999996244907,9.93999977782369,5.80999987013638,2003,11,2004
47.4833,9.66667,2003-11-20,3.77999991551042,10.8099997583777,7.29499983694404,2003,11,2004
47.4833,9.66667,2003-11-21,1.86999995820224,9.26999979279935,5.5699998755008,2003,11,2004
47.4833,9.66667,2003-11-22,2.09999995306134,9.1299997959286,5.61499987449497,2003,11,2004
47.4833,9.66667,2003-11-23,2.13999995216727,10.5799997635186,6.35999985784292,2003,11,2004
47.4833,9.66667,2003-11-24,6.38999985717237,14.4799996763468,10.4349997667596,2003,11,2004
47.4833,9.66667,2003-11-25,7.64999982900918,14.049999685958,10.8499997574836,2003,11,2004
47.4833,9.66667,2003-11-26,5.97999986633658,12.3099997248501,9.14499979559332,2003,11,2004
47.4833,9.66667,2003-11-27,4.20999990589917,7.89999982342124,6.0549998646602,2003,11,2004
47.4833,9.66667,2003-11-28,2.67999994009733,6.79999984800816,4.73999989405274,2003,11,2004
47.4833,9.66667,2003-11-29,1.5499999653548,3.31999992579222,2.43499994557351,2003,11,2004
47.4833,9.66667,2003-11-30,0.319999992847443,5.15999988466501,2.73999993875623,2003,11,2004
47.4833,9.66667,2003-12-01,-0.279999993741512,7.32999983616173,3.52499992121011,2003,12,2004
47.4833,9.66667,2003-12-02,3.63999991863966,13.0099997092038,8.32499981392175,2003,12,2004
47.4833,9.66667,2003-12-03,7.77999982610345,17.2899996135384,12.5349997198209,2003,12,2004
47.4833,9.66667,2003-12-04,2.59999994188547,10.7699997592717,6.68499985057861,2003,12,2004
47.4833,9.66667,2003-12-05,2.6999999396503,9.2999997921288,5.99999986588955,2003,12,2004
47.4833,9.66667,2003-12-06,-0.299999993294477,5.51999987661839,2.60999994166195,2003,12,2004
47.4833,9.66667,2003-12-07,-0.689999984577298,4.38999990187585,1.84999995864928,2003,12,2004
47.4833,9.66667,2003-12-08,-2.90999993495643,2.18999995104969,-0.359999991953373,2003,12,2004
47.4833,9.66667,2003-12-09,-5.57999987527728,1.06999997608364,-2.25499994959682,2003,12,2004
47.4833,9.66667,2003-12-10,-5.0499998871237,-0.30999999307096,-2.67999994009733,2003,12,2004
47.4833,9.66667,2003-12-11,-4.35999990254641,6.10999986343086,0.874999980442226,2003,12,2004
47.4833,9.66667,2003-12-12,-2.48999994434416,6.00999986566603,1.75999996066093,2003,12,2004
47.4833,9.66667,2003-12-13,0.499999988824129,8.25999981537461,4.37999990209937,2003,12,2004
47.4833,9.66667,2003-12-14,1.19999997317791,9.86999977938831,5.53499987628311,2003,12,2004
47.4833,9.66667,2003-12-15,3.27999992668629,9.93999977782369,6.60999985225499,2003,12,2004
47.4833,9.66667,2003-12-16,-0.189999995753169,3.48999992199242,1.64999996311963,2003,12,2004
47.4833,9.66667,2003-12-17,-3.36999992467463,0.719999983906746,-1.32499997038394,2003,12,2004
47.4833,9.66667,2003-12-18,-5.54999987594783,0.599999986588955,-2.47499994467944,2003,12,2004
47.4833,9.66667,2003-12-19,-5.14999988488853,2.54999994300306,-1.29999997094274,2003,12,2004
47.4833,9.66667,2003-12-20,-3.57999991998076,2.82999993674457,-0.374999991618097,2003,12,2004
47.4833,9.66667,2003-12-21,0.249999994412065,8.19999981671572,4.22499990556389,2003,12,2004
47.4833,9.66667,2003-12-22,1.10999997518957,9.39999978989363,5.2549998825416,2003,12,2004
47.4833,9.66667,2003-12-23,-3.11999993026257,1.12999997474253,-0.994999977760017,2003,12,2004
47.4833,9.66667,2003-12-24,-8.78999980352819,-2.37999994680285,-5.58499987516552,2003,12,2004
47.4833,9.66667,2003-12-25,-11.7399997375906,-3.27999992668629,-7.50999983213842,2003,12,2004
47.4833,9.66667,2003-12-26,-9.84999977983534,0.829999981448054,-4.50999989919364,2003,12,2004
47.4833,9.66667,2003-12-27,-6.84999984689057,3.16999992914498,-1.8399999588728,2003,12,2004
47.4833,9.66667,2003-12-28,-3.07999993115664,6.17999986186624,1.5499999653548,2003,12,2004
47.4833,9.66667,2003-12-29,-1.09999997541308,8.25999981537461,3.57999991998076,2003,12,2004
47.4833,9.66667,2003-12-30,-1.1499999742955,2.43999994546175,0.644999985583127,2003,12,2004
47.4833,9.66667,2003-12-31,-2.33999994769692,0.609999986365438,-0.864999980665743,2003,12,2004
47.4833,9.66667,2004-01-01,-1.43999996781349,0.119999997317791,-0.65999998524785,2004,1,2004
47.4833,9.66667,2004-01-02,-2.45999994501472,0.199999995529652,-1.12999997474253,2004,1,2004
47.4833,9.66667,2004-01-03,-3.36999992467463,-1.03999997675419,-2.20499995071441,2004,1,2004
47.4833,9.66667,2004-01-04,-5.64999987371266,-3.40999992378056,-4.52999989874661,2004,1,2004
47.4833,9.66667,2004-01-05,-7.18999983929098,-2.4699999447912,-4.82999989204109,2004,1,2004
47.4833,9.66667,2004-01-06,-3.19999992847443,-0.0699999984353781,-1.6349999634549,2004,1,2004
47.4833,9.66667,2004-01-07,-1.10999997518957,3.93999991193414,1.41499996837229,2004,1,2004
47.4833,9.66667,2004-01-08,0.0399999991059303,4.09999990835786,2.06999995373189,2004,1,2004
47.4833,9.66667,2004-01-09,-1.68999996222556,2.4099999461323,0.359999991953373,2004,1,2004
47.4833,9.66667,2004-01-10,0.369999991729856,5.62999987415969,2.99999993294477,2004,1,2004
47.4833,9.66667,2004-01-11,1.51999996602535,5.30999988131225,3.4149999236688,2004,1,2004
47.4833,9.66667,2004-01-12,3.02999993227422,8.47999981045723,5.75499987136573,2004,1,2004
47.4833,9.66667,2004-01-13,4.17999990656972,8.62999980710447,6.40499985683709,2004,1,2004
47.4833,9.66667,2004-01-14,5.24999988265336,9.60999978519976,7.42999983392656,2004,1,2004
47.4833,9.66667,2004-01-15,2.99999993294477,7.83999982476234,5.41999987885356,2004,1,2004
47.4833,9.66667,2004-01-16,-0.199999995529652,3.01999993249774,1.40999996848404,2004,1,2004
47.4833,9.66667,2004-01-17,-1.72999996133149,6.34999985806644,2.30999994836748,2004,1,2004
47.4833,9.66667,2004-01-18,1.28999997116625,6.06999986432493,3.67999991774559,2004,1,2004
47.4833,9.66667,2004-01-19,-0.829999981448054,2.10999995283782,0.639999985694885,2004,1,2004
47.4833,9.66667,2004-01-20,-2.43999994546175,1.80999995954335,-0.314999992959201,2004,1,2004
47.4833,9.66667,2004-01-21,-1.12999997474253,1.9499999564141,0.409999990835786,2004,1,2004
47.4833,9.66667,2004-01-22,-2.61999994143844,-0.0399999991059303,-1.32999997027218,2004,1,2004
47.4833,9.66667,2004-01-23,-6.27999985963106,-1.04999997653067,-3.66499991808087,2004,1,2004
47.4833,9.66667,2004-01-24,-7.16999983973801,-0.389999991282821,-3.77999991551042,2004,1,2004
47.4833,9.66667,2004-01-25,-8.76999980397522,0.389999991282821,-4.1899999063462,2004,1,2004
47.4833,9.66667,2004-01-26,-3.73999991640449,1.67999996244907,-1.02999997697771,2004,1,2004
47.4833,9.66667,2004-01-27,-7.22999983839691,0.939999978989363,-3.14499992970377,2004,1,2004
47.4833,9.66667,2004-01-28,-3.17999992892146,0.689999984577298,-1.24499997217208,2004,1,2004
47.4833,9.66667,2004-01-29,-3.42999992333353,-1.24999997206032,-2.33999994769692,2004,1,2004
47.4833,9.66667,2004-01-30,-4.50999989919364,-1.69999996200204,-3.10499993059784,2004,1,2004
47.4833,9.66667,2004-01-31,-6.5999998524785,1.00999997742474,-2.79499993752688,2004,1,2004
47.4833,9.66667,2004-02-01,-4.82999989204109,8.50999980978668,1.8399999588728,2004,2,2004
47.4833,9.66667,2004-02-02,2.54999994300306,10.8899997565895,6.7199998497963,2004,2,2004
47.4833,9.66667,2004-02-03,2.33999994769692,9.96999977715313,6.15499986242503,2004,2,2004
47.4833,9.66667,2004-02-04,1.33999997004867,10.7299997601658,6.03499986510724,2004,2,2004
47.4833,9.66667,2004-02-05,-0.439999990165234,9.66999978385866,4.61499989684671,2004,2,2004
47.4833,9.66667,2004-02-06,0.679999984800816,13.0999997071922,6.8899998459965,2004,2,2004
47.4833,9.66667,2004-02-07,3.52999992109835,12.4599997214973,7.99499982129782,2004,2,2004
47.4833,9.66667,2004-02-08,4.33999990299344,11.0999997518957,7.71999982744455,2004,2,2004
47.4833,9.66667,2004-02-09,0.879999980330467,5.58999987505376,3.23499992769212,2004,2,2004
47.4833,9.66667,2004-02-10,-2.65999994054437,2.4099999461323,-0.124999997206032,2004,2,2004
47.4833,9.66667,2004-02-11,-5.12999988533556,3.64999991841614,-0.739999983459711,2004,2,2004
47.4833,9.66667,2004-02-12,-0.559999987483025,1.99999995529652,0.719999983906746,2004,2,2004
47.4833,9.66667,2004-02-13,-1.15999997407198,2.11999995261431,0.479999989271164,2004,2,2004
47.4833,9.66667,2004-02-14,-1.10999997518957,5.19999988377094,2.04499995429069,2004,2,2004
47.4833,9.66667,2004-02-15,-1.81999995931983,5.78999987058342,1.98499995563179,2004,2,2004
47.4833,9.66667,2004-02-16,0.0299999993294477,4.80999989248812,2.41999994590878,2004,2,2004
47.4833,9.66667,2004-02-17,-1.32999997027218,6.3699998576194,2.51999994367361,2004,2,2004
47.4833,9.66667,2004-02-18,-3.45999992266297,5.42999987863004,0.984999977983534,2004,2,2004
47.4833,9.66667,2004-02-19,-0.709999984130263,3.61999991908669,1.45499996747822,2004,2,2004
47.4833,9.66667,2004-02-20,-2.09999995306134,1.47999996691942,-0.30999999307096,2004,2,2004
47.4833,9.66667,2004-02-21,-4.30999990366399,5.98999986611307,0.839999981224537,2004,2,2004
47.4833,9.66667,2004-02-22,-1.28999997116625,12.1699997279793,5.43999987840652,2004,2,2004
47.4833,9.66667,2004-02-23,2.2399999499321,9.04999979771674,5.64499987382442,2004,2,2004
47.4833,9.66667,2004-02-24,-3.20999992825091,1.17999997362494,-1.01499997731298,2004,2,2004
47.4833,9.66667,2004-02-25,-6.92999984510243,-0.869999980553985,-3.89999991282821,2004,2,2004
47.4833,9.66667,2004-02-26,-8.61999980732799,2.12999995239079,-3.2449999274686,2004,2,2004
47.4833,9.66667,2004-02-27,-4.11999990791082,1.45999996736646,-1.32999997027218,2004,2,2004
47.4833,9.66667,2004-02-28,-6.83999984711409,-1.86999995820224,-4.35499990265816,2004,2,2004
47.4833,9.66667,2004-02-29,-9.47999978810549,-1.33999997004867,-5.40999987907708,2004,2,2004
47.4833,9.66667,2004-03-01,-6.89999984577298,-0.629999985918403,-3.76499991584569,2004,3,2004
47.4833,9.66667,2004-03-02,-6.15999986231327,-1.34999996982515,-3.75499991606921,2004,3,2004
47.4833,9.66667,2004-03-03,-7.93999982252717,-0.399999991059303,-4.16999990679324,2004,3,2004
47.4833,9.66667,2004-03-04,-3.52999992109835,5.30999988131225,0.88999998010695,2004,3,2004
47.4833,9.66667,2004-03-05,-4.32999990321696,4.98999988846481,0.329999992623925,2004,3,2004
47.4833,9.66667,2004-03-06,-3.97999991104007,5.32999988086522,0.674999984912574,2004,3,2004
47.4833,9.66667,2004-03-07,0,4.44999990053475,2.22499995026737,2004,3,2004
47.4833,9.66667,2004-03-08,0,5.23999988287687,2.61999994143844,2004,3,2004
47.4833,9.66667,2004-03-09,-0.649999985471368,2.75999993830919,1.05499997641891,2004,3,2004
47.4833,9.66667,2004-03-10,-3.94999991171062,2.44999994523823,-0.749999983236194,2004,3,2004
47.4833,9.66667,2004-03-11,-6.66999985091388,2.52999994345009,-2.06999995373189,2004,3,2004
47.4833,9.66667,2004-03-12,-3.02999993227422,0.749999983236194,-1.13999997451901,2004,3,2004
47.4833,9.66667,2004-03-13,-4.8799998909235,7.749999826774,1.43499996792525,2004,3,2004
47.4833,9.66667,2004-03-14,1.74999996088445,12.0499997306615,6.89999984577298,2004,3,2004
47.4833,9.66667,2004-03-15,3.42999992333353,9.46999978832901,6.44999985583127,2004,3,2004
47.4833,9.66667,2004-03-16,1.99999995529652,14.069999685511,8.03499982040375,2004,3,2004
47.4833,9.66667,2004-03-17,3.28999992646277,16.2499996367842,9.76999978162348,2004,3,2004
47.4833,9.66667,2004-03-18,4.019999910146,19.0599995739758,11.5399997420609,2004,3,2004
47.4833,9.66667,2004-03-19,5.3399998806417,19.5699995625764,12.4549997216091,2004,3,2004
47.4833,9.66667,2004-03-20,7.12999984063208,15.7199996486306,11.4249997446314,2004,3,2004
47.4833,9.66667,2004-03-21,8.36999981291592,13.8099996913224,11.0899997521192,2004,3,2004
47.4833,9.66667,2004-03-22,5.18999988399446,15.2399996593595,10.214999771677,2004,3,2004
47.4833,9.66667,2004-03-23,3.07999993115664,8.47999981045723,5.77999987080693,2004,3,2004
47.4833,9.66667,2004-03-24,1.34999996982515,3.1599999293685,2.25499994959682,2004,3,2004
47.4833,9.66667,2004-03-25,0.379999991506338,1.50999996624887,0.944999978877604,2004,3,2004
47.4833,9.66667,2004-03-26,-0.34999999217689,2.64999994076788,1.1499999742955,2004,3,2004
47.4833,9.66667,2004-03-27,-1.53999996557832,1.26999997161329,-0.134999996982515,2004,3,2004
47.4833,9.66667,2004-03-28,-4.29999990388751,3.71999991685152,-0.289999993517995,2004,3,2004
47.4833,9.66667,2004-03-29,-4.12999990768731,7.59999983012676,1.73499996121973,2004,3,2004
47.4833,9.66667,2004-03-30,-2.41999994590878,12.1299997288734,4.85499989148229,2004,3,2004
47.4833,9.66667,2004-03-31,-0.279999993741512,14.5599996745586,7.13999984040856,2004,3,2004
47.4833,9.66667,2004-04-01,3.74999991618097,15.6799996495247,9.71499978285283,2004,4,2004
47.4833,9.66667,2004-04-02,4.09999990835786,17.529999608174,10.8149997582659,2004,4,2004
47.4833,9.66667,2004-04-03,5.91999986767769,19.0399995744228,12.4799997210503,2004,4,2004
47.4833,9.66667,2004-04-04,7.09999984130263,11.4199997447431,9.25999979302287,2004,4,2004
47.4833,9.66667,2004-04-05,2.77999993786216,14.1899996828288,8.48499981034547,2004,4,2004
47.4833,9.66667,2004-04-06,4.96999988891184,10.2999997697771,7.63499982934445,2004,4,2004
47.4833,9.66667,2004-04-07,2.96999993361533,8.25999981537461,5.61499987449497,2004,4,2004
47.4833,9.66667,2004-04-08,0.589999986812472,5.76999987103045,3.17999992892146,2004,4,2004
47.4833,9.66667,2004-04-09,1.20999997295439,7.75999982655048,4.48499989975244,2004,4,2004
47.4833,9.66667,2004-04-10,-0.149999996647239,8.42999981157482,4.13999990746379,2004,4,2004
47.4833,9.66667,2004-04-11,2.4099999461323,5.90999986790121,4.15999990701675,2004,4,2004
47.4833,9.66667,2004-04-12,2.50999994389713,8.92999980039895,5.71999987214804,2004,4,2004
47.4833,9.66667,2004-04-13,1.38999996893108,10.4199997670949,5.90499986801296,2004,4,2004
47.4833,9.66667,2004-04-14,3.40999992378056,8.09999981895089,5.75499987136573,2004,4,2004
47.4833,9.66667,2004-04-15,1.32999997027218,12.8299997132272,7.07999984174967,2004,4,2004
47.4833,9.66667,2004-04-16,1.44999996758997,14.7899996694177,8.11999981850386,2004,4,2004
47.4833,9.66667,2004-04-17,4.14999990724027,18.1199995949864,11.1349997511134,2004,4,2004
47.4833,9.66667,2004-04-18,5.5699998755008,15.5899996515363,10.5799997635186,2004,4,2004
47.4833,9.66667,2004-04-19,7.0599998421967,15.4599996544421,11.2599997483194,2004,4,2004
47.4833,9.66667,2004-04-20,2.6999999396503,5.44999987818301,4.07499990891665,2004,4,2004
47.4833,9.66667,2004-04-21,1.10999997518957,14.4699996765703,7.78999982587993,2004,4,2004
47.4833,9.66667,2004-04-22,5.81999986991286,18.5199995860457,12.1699997279793,2004,4,2004
47.4833,9.66667,2004-04-23,6.92999984510243,20.5699995402247,13.7499996926636,2004,4,2004
47.4833,9.66667,2004-04-24,7.59999983012676,18.7699995804578,13.1849997052923,2004,4,2004
47.4833,9.66667,2004-04-25,6.50999985449016,13.2399997040629,9.87499977927655,2004,4,2004
47.4833,9.66667,2004-04-26,2.51999994367361,11.0299997534603,6.77499984856695,2004,4,2004
47.4833,9.66667,2004-04-27,2.27999994903803,16.7899996247143,9.53499978687614,2004,4,2004
47.4833,9.66667,2004-04-28,5.03999988734722,18.1799995936453,11.6099997404963,2004,4,2004
47.4833,9.66667,2004-04-29,7.59999983012676,20.1599995493889,13.8799996897578,2004,4,2004
47.4833,9.66667,2004-04-30,8.06999981962144,21.3099995236844,14.6899996716529,2004,4,2004
47.4833,9.66667,2004-05-01,11.0699997525662,19.8399995565414,15.4549996545538,2004,5,NA
47.4833,9.66667,2004-05-02,9.0699997972697,15.3699996564537,12.2199997268617,2004,5,NA
47.4833,9.66667,2004-05-03,7.47999983280897,16.3199996352196,11.8999997340143,2004,5,NA
47.4833,9.66667,2004-05-04,6.06999986432493,18.1699995938689,12.1199997290969,2004,5,NA
47.4833,9.66667,2004-05-05,9.44999978877604,16.4699996318668,12.9599997103214,2004,5,NA
47.4833,9.66667,2004-05-06,5.2799998819828,8.80999980308115,7.04499984253198,2004,5,NA
47.4833,9.66667,2004-05-07,2.04999995417893,5.76999987103045,3.90999991260469,2004,5,NA
47.4833,9.66667,2004-05-08,4.20999990589917,10.029999775812,7.1199998408556,2004,5,NA
47.4833,9.66667,2004-05-09,3.92999991215765,11.3399997465312,7.63499982934445,2004,5,NA
47.4833,9.66667,2004-05-10,4.82999989204109,6.97999984398484,5.90499986801296,2004,5,NA
47.4833,9.66667,2004-05-11,4.79999989271164,14.5599996745586,9.67999978363514,2004,5,NA
47.4833,9.66667,2004-05-12,6.06999986432493,16.8699996229261,11.4699997436255,2004,5,NA
47.4833,9.66667,2004-05-13,5.53999987617135,18.7099995817989,12.1249997289851,2004,5,NA
47.4833,9.66667,2004-05-14,8.24999981559813,11.209999749437,9.72999978251755,2004,5,NA
47.4833,9.66667,2004-05-15,5.65999987348914,15.519999653101,10.5899997632951,2004,5,NA
47.4833,9.66667,2004-05-16,5.90999986790121,18.0199995972216,11.9649997325614,2004,5,NA
47.4833,9.66667,2004-05-17,7.75999982655048,15.1799996607006,11.4699997436255,2004,5,NA
47.4833,9.66667,2004-05-18,4.85999989137053,20.4499995429069,12.6549997171387,2004,5,NA
47.4833,9.66667,2004-05-19,8.28999981470406,23.3499994780868,15.8199996463954,2004,5,NA
47.4833,9.66667,2004-05-20,11.8399997353554,23.4999994747341,17.6699996050447,2004,5,NA
47.4833,9.66667,2004-05-21,10.6599997617304,24.5999994501472,17.6299996059388,2004,5,NA
47.4833,9.66667,2004-05-22,11.8299997355789,16.4799996316433,14.1549996836111,2004,5,NA
47.4833,9.66667,2004-05-23,6.31999985873699,9.99999977648258,8.15999981760979,2004,5,NA
47.4833,9.66667,2004-05-24,3.18999992869794,11.2699997480959,7.22999983839691,2004,5,NA
47.4833,9.66667,2004-05-25,1.64999996311963,15.6799996495247,8.66499980632216,2004,5,NA
47.4833,9.66667,2004-05-26,3.4999999217689,18.5299995858222,11.0149997537956,2004,5,NA
47.4833,9.66667,2004-05-27,6.97999984398484,20.8999995328486,13.9399996884167,2004,5,NA
47.4833,9.66667,2004-05-28,9.39999978989363,15.1699996609241,12.2849997254089,2004,5,NA
47.4833,9.66667,2004-05-29,8.4399998113513,16.4299996327609,12.4349997220561,2004,5,NA
47.4833,9.66667,2004-05-30,5.1099998857826,18.9299995768815,12.0199997313321,2004,5,NA
47.4833,9.66667,2004-05-31,6.8299998473376,21.1799995265901,14.0049996869639,2004,5,NA
47.4833,9.66667,2004-06-01,10.5499997641891,14.5699996743351,12.5599997192621,2004,6,NA
47.4833,9.66667,2004-06-02,9.23999979346991,14.0299996864051,11.6349997399375,2004,6,NA
47.4833,9.66667,2004-06-03,9.759999781847,17.1399996168911,13.4499996993691,2004,6,NA
47.4833,9.66667,2004-06-04,9.63999978452921,10.8499997574836,10.2449997710064,2004,6,NA
47.4833,9.66667,2004-06-05,10.2499997708946,16.8699996229261,13.5599996969104,2004,6,NA
47.4833,9.66667,2004-06-06,10.1299997735769,13.8299996908754,11.9799997322261,2004,6,NA
47.4833,9.66667,2004-06-07,8.01999982073903,18.7199995815754,13.3699997011572,2004,6,NA
47.4833,9.66667,2004-06-08,8.71999980509281,22.689999492839,15.7049996489659,2004,6,NA
47.4833,9.66667,2004-06-09,12.0499997306615,25.9899994190782,19.0199995748699,2004,6,NA
47.4833,9.66667,2004-06-10,13.8499996904284,27.8999993763864,20.8749995334074,2004,6,NA
47.4833,9.66667,2004-06-11,16.4499996323138,28.4399993643165,22.4449994983152,2004,6,NA
47.4833,9.66667,2004-06-12,15.4599996544421,21.5399995185435,18.4999995864928,2004,6,NA
47.4833,9.66667,2004-06-13,12.079999729991,17.0699996184558,14.5749996742234,2004,6,NA
47.4833,9.66667,2004-06-14,9.9299997780472,14.6199996732175,12.2749997256324,2004,6,NA
47.4833,9.66667,2004-06-15,8.49999981001019,20.3299995455891,14.4149996777996,2004,6,NA
47.4833,9.66667,2004-06-16,9.51999978721142,18.9899995755404,14.2549996813759,2004,6,NA
47.4833,9.66667,2004-06-17,11.8499997351319,16.7899996247143,14.3199996799231,2004,6,NA
47.4833,9.66667,2004-06-18,9.5899997856468,22.4799994975328,16.0349996415898,2004,6,NA
47.4833,9.66667,2004-06-19,13.8699996899813,21.0599995292723,17.4649996096268,2004,6,NA
47.4833,9.66667,2004-06-20,10.9499997552484,16.7499996256083,13.8499996904284,2004,6,NA
47.4833,9.66667,2004-06-21,9.32999979145825,14.1299996841699,11.7299997378141,2004,6,NA
47.4833,9.66667,2004-06-22,9.04999979771674,18.8099995795637,13.9299996886402,2004,6,NA
47.4833,9.66667,2004-06-23,11.789999736473,19.3899995665997,15.5899996515363,2004,6,NA
47.4833,9.66667,2004-06-24,13.0899997074157,22.4999994970858,17.7949996022508,2004,6,NA
47.4833,9.66667,2004-06-25,13.4299996998161,20.4399995431304,16.9349996214733,2004,6,NA
47.4833,9.66667,2004-06-26,12.6599997170269,19.2799995690584,15.9699996430427,2004,6,NA
47.4833,9.66667,2004-06-27,8.73999980464578,22.7499994914979,15.7449996480718,2004,6,NA
47.4833,9.66667,2004-06-28,15.5599996522069,25.7099994253367,20.6349995387718,2004,6,NA
47.4833,9.66667,2004-06-29,16.4299996327609,23.229999480769,19.829999556765,2004,6,NA
47.4833,9.66667,2004-06-30,13.21999970451,22.0999995060265,17.6599996052682,2004,6,NA
47.4833,9.66667,2004-07-01,10.7199997603893,24.8299994450063,17.7749996026978,2004,7,NA
47.4833,9.66667,2004-07-02,14.3999996781349,20.1499995496124,17.2749996138737,2004,7,NA
47.4833,9.66667,2004-07-03,12.4399997219443,17.799999602139,15.1199996620417,2004,7,NA
47.4833,9.66667,2004-07-04,10.3299997691065,18.919999577105,14.6249996731058,2004,7,NA
47.4833,9.66667,2004-07-05,9.97999977692962,22.959999486804,16.4699996318668,2004,7,NA
47.4833,9.66667,2004-07-06,15.4899996537715,23.2899994794279,19.3899995665997,2004,7,NA
47.4833,9.66667,2004-07-07,14.6099996734411,17.8099996019155,16.2099996376783,2004,7,NA
47.4833,9.66667,2004-07-08,13.7299996931106,22.939999487251,18.3349995901808,2004,7,NA
47.4833,9.66667,2004-07-09,15.3299996573478,25.1799994371831,20.2549995472655,2004,7,NA
47.4833,9.66667,2004-07-10,10.629999762401,17.5399996079504,14.0849996851757,2004,7,NA
47.4833,9.66667,2004-07-11,9.96999977715313,15.8699996452779,12.9199997112155,2004,7,NA
47.4833,9.66667,2004-07-12,9.45999978855252,15.3899996560067,12.4249997222796,2004,7,NA
47.4833,9.66667,2004-07-13,9.59999978542328,15.6899996493012,12.6449997173622,2004,7,NA
47.4833,9.66667,2004-07-14,10.0799997746944,14.8799996674061,12.4799997210503,2004,7,NA
47.4833,9.66667,2004-07-15,10.0899997744709,19.539999563247,14.8149996688589,2004,7,NA
47.4833,9.66667,2004-07-16,13.5499996971339,22.4399994984269,17.9949995977804,2004,7,NA
47.4833,9.66667,2004-07-17,14.6599996723235,25.0399994403124,19.8499995563179,2004,7,NA
47.4833,9.66667,2004-07-18,14.7899996694177,26.9499993976206,20.8699995335191,2004,7,NA
47.4833,9.66667,2004-07-19,14.939999666065,26.2899994123727,20.6149995392188,2004,7,NA
47.4833,9.66667,2004-07-20,15.6299996506423,24.2499994579703,19.9399995543063,2004,7,NA
47.4833,9.66667,2004-07-21,15.7999996468425,24.9799994416535,20.389999544248,2004,7,NA
47.4833,9.66667,2004-07-22,15.4699996542186,26.7299994025379,21.0999995283782,2004,7,NA
47.4833,9.66667,2004-07-23,16.8999996222556,27.579999383539,22.2399995028973,2004,7,NA
47.4833,9.66667,2004-07-24,17.6599996052682,27.4599993862212,22.5599994957447,2004,7,NA
47.4833,9.66667,2004-07-25,16.099999640137,19.0699995737523,17.5849996069446,2004,7,NA
47.4833,9.66667,2004-07-26,14.8699996676296,22.8299994897097,18.8499995786697,2004,7,NA
47.4833,9.66667,2004-07-27,12.889999711886,19.6099995616823,16.2499996367842,2004,7,NA
47.4833,9.66667,2004-07-28,10.0599997751415,19.8799995556474,14.9699996653944,2004,7,NA
47.4833,9.66667,2004-07-29,9.27999979257584,22.4299994986504,15.8549996456131,2004,7,NA
47.4833,9.66667,2004-07-30,10.5199997648597,23.6499994713813,17.0849996181205,2004,7,NA
47.4833,9.66667,2004-07-31,12.8799997121096,26.3299994114786,19.6049995617941,2004,7,NA
47.4833,9.66667,2004-08-01,14.9699996653944,26.1599994152784,20.5649995403364,2004,8,NA
47.4833,9.66667,2004-08-02,16.2499996367842,28.2699993681163,22.2599995024502,2004,8,NA
47.4833,9.66667,2004-08-03,15.6599996499717,27.4999993853271,21.5799995176494,2004,8,NA
47.4833,9.66667,2004-08-04,15.7399996481836,26.959999397397,21.3499995227903,2004,8,NA
47.4833,9.66667,2004-08-05,16.0699996408075,25.8899994213134,20.9799995310605,2004,8,NA
47.4833,9.66667,2004-08-06,15.6599996499717,26.0699994172901,20.8649995336309,2004,8,NA
47.4833,9.66667,2004-08-07,16.8299996238202,25.2299994360656,21.0299995299429,2004,8,NA
47.4833,9.66667,2004-08-08,16.4099996332079,25.0399994403124,20.7249995367602,2004,8,NA
47.4833,9.66667,2004-08-09,14.5999996736646,26.2399994134903,20.4199995435774,2004,8,NA
47.4833,9.66667,2004-08-10,15.1399996615946,26.3899994101375,20.7649995358661,2004,8,NA
47.4833,9.66667,2004-08-11,16.0499996412545,26.1199994161725,21.0849995287135,2004,8,NA
47.4833,9.66667,2004-08-12,17.7299996037036,24.3299994561821,21.0299995299429,2004,8,NA
47.4833,9.66667,2004-08-13,15.3399996571243,27.6299993824214,21.4849995197728,2004,8,NA
47.4833,9.66667,2004-08-14,13.1499997060746,20.3299995455891,16.7399996258318,2004,8,NA
47.4833,9.66667,2004-08-15,12.7799997143447,15.4699996542186,14.1249996842816,2004,8,NA
47.4833,9.66667,2004-08-16,13.1399997062981,22.2399995028973,17.6899996045977,2004,8,NA
47.4833,9.66667,2004-08-17,12.7499997150153,25.3499994333833,19.0499995741993,2004,8,NA
47.4833,9.66667,2004-08-18,14.3299996796995,23.6699994709343,18.9999995753169,2004,8,NA
47.4833,9.66667,2004-08-19,16.8099996242672,27.6099993828684,22.2099995035678,2004,8,NA
47.4833,9.66667,2004-08-20,16.5599996298552,24.0899994615465,20.3249995457008,2004,8,NA
47.4833,9.66667,2004-08-21,13.9099996890873,18.9299995768815,16.4199996329844,2004,8,NA
47.4833,9.66667,2004-08-22,11.9299997333437,16.0099996421486,13.9699996877462,2004,8,NA
47.4833,9.66667,2004-08-23,10.1799997724593,19.6899995598942,14.9349996661767,2004,8,NA
47.4833,9.66667,2004-08-24,11.2599997483194,24.7099994476885,17.9849995980039,2004,8,NA
47.4833,9.66667,2004-08-25,15.3899996560067,20.3399995453656,17.8649996006861,2004,8,NA
47.4833,9.66667,2004-08-26,13.3699997011572,20.4299995433539,16.8999996222556,2004,8,NA
47.4833,9.66667,2004-08-27,11.6899997387081,14.2999996803701,12.9949997095391,2004,8,NA
47.4833,9.66667,2004-08-28,11.3799997456372,20.2799995467067,15.8299996461719,2004,8,NA
47.4833,9.66667,2004-08-29,10.8199997581542,22.379999499768,16.5999996289611,2004,8,NA
47.4833,9.66667,2004-08-30,13.9599996879697,20.7899995353073,17.3749996116385,2004,8,NA
47.4833,9.66667,2004-08-31,13.0899997074157,20.7099995370954,16.8999996222556,2004,8,NA
47.4833,9.66667,2004-09-01,11.459999743849,17.1799996159971,14.3199996799231,2004,9,NA
47.4833,9.66667,2004-09-02,8.85999980196357,20.2599995471537,14.5599996745586,2004,9,NA
47.4833,9.66667,2004-09-03,10.2699997704476,22.7899994906038,16.5299996305257,2004,9,NA
47.4833,9.66667,2004-09-04,12.8999997116625,24.9099994432181,18.9049995774403,2004,9,NA
47.4833,9.66667,2004-09-05,14.7299996707588,24.2199994586408,19.4749995646998,2004,9,NA
47.4833,9.66667,2004-09-06,13.1899997051805,25.4299994315952,19.3099995683879,2004,9,NA
47.4833,9.66667,2004-09-07,12.4099997226149,22.7999994903803,17.6049996064976,2004,9,NA
47.4833,9.66667,2004-09-08,12.7099997159094,23.8599994666874,18.2849995912984,2004,9,NA
47.4833,9.66667,2004-09-09,11.5799997411668,23.5499994736165,17.5649996073917,2004,9,NA
47.4833,9.66667,2004-09-10,10.4199997670949,22.2199995033443,16.3199996352196,2004,9,NA
47.4833,9.66667,2004-09-11,10.1599997729063,24.4299994539469,17.2949996134266,2004,9,NA
47.4833,9.66667,2004-09-12,15.1099996622652,24.3699994552881,19.7399995587766,2004,9,NA
47.4833,9.66667,2004-09-13,13.3899997007102,16.8999996222556,15.1449996614829,2004,9,NA
47.4833,9.66667,2004-09-14,10.2299997713417,20.8799995332956,15.5549996523187,2004,9,NA
47.4833,9.66667,2004-09-15,12.2499997261912,19.1399995721877,15.6949996491894,2004,9,NA
47.4833,9.66667,2004-09-16,10.9899997543544,13.7299996931106,12.3599997237325,2004,9,NA
47.4833,9.66667,2004-09-17,9.18999979458749,13.9299996886402,11.5599997416139,2004,9,NA
47.4833,9.66667,2004-09-18,6.05999986454844,17.4599996097386,11.7599997371435,2004,9,NA
47.4833,9.66667,2004-09-19,8.22999981604517,20.1099995505065,14.1699996832758,2004,9,NA
47.4833,9.66667,2004-09-20,9.74999978207052,20.0199995525181,14.8849996672943,2004,9,NA
47.4833,9.66667,2004-09-21,12.3199997246265,17.9499995987862,15.1349996617064,2004,9,NA
47.4833,9.66667,2004-09-22,11.9599997326732,16.8499996233732,14.4049996780232,2004,9,NA
47.4833,9.66667,2004-09-23,9.83999978005886,13.21999970451,11.5299997422844,2004,9,NA
47.4833,9.66667,2004-09-24,9.95999977737665,15.6799996495247,12.8199997134507,2004,9,NA
47.4833,9.66667,2004-09-25,6.43999985605478,11.1599997505546,8.79999980330467,2004,9,NA
47.4833,9.66667,2004-09-26,5.93999986723065,7.50999983213842,6.72499984968454,2004,9,NA
47.4833,9.66667,2004-09-27,6.37999985739589,8.2699998151511,7.32499983627349,2004,9,NA
47.4833,9.66667,2004-09-28,7.16999983973801,13.7499996926636,10.4599997662008,2004,9,NA
47.4833,9.66667,2004-09-29,9.80999978072941,15.479999653995,12.6449997173622,2004,9,NA
47.4833,9.66667,2004-09-30,9.89999977871776,15.6499996501952,12.7749997144565,2004,9,NA
47.4833,9.66667,2004-10-01,11.5899997409433,15.6999996490777,13.6449996950105,2004,10,2005
47.4833,9.66667,2004-10-02,11.1999997496605,17.5699996072799,14.3849996784702,2004,10,2005
47.4833,9.66667,2004-10-03,10.7699997592717,17.6499996054918,14.2099996823817,2004,10,2005
47.4833,9.66667,2004-10-04,10.1499997731298,18.6799995824695,14.4149996777996,2004,10,2005
47.4833,9.66667,2004-10-05,9.9299997780472,20.5299995411187,15.229999659583,2004,10,2005
47.4833,9.66667,2004-10-06,12.0899997297674,23.7899994682521,17.9399995990098,2004,10,2005
47.4833,9.66667,2004-10-07,12.3399997241795,20.4599995426834,16.3999996334314,2004,10,2005
47.4833,9.66667,2004-10-08,12.039999730885,17.0699996184558,14.5549996746704,2004,10,2005
47.4833,9.66667,2004-10-09,11.3299997467548,19.6699995603412,15.499999653548,2004,10,2005
47.4833,9.66667,2004-10-10,11.0399997532368,15.2199996598065,13.1299997065216,2004,10,2005
47.4833,9.66667,2004-10-11,8.88999980129302,12.5799997188151,10.7349997600541,2004,10,2005
47.4833,9.66667,2004-10-12,7.58999983035028,9.80999978072941,8.69999980553985,2004,10,2005
47.4833,9.66667,2004-10-13,7.13999984040856,9.95999977737665,8.54999980889261,2004,10,2005
47.4833,9.66667,2004-10-14,6.47999985516071,12.039999730885,9.25999979302287,2004,10,2005
47.4833,9.66667,2004-10-15,6.22999986074865,14.4799996763468,10.3549997685477,2004,10,2005
47.4833,9.66667,2004-10-16,5.39999987930059,13.7199996933341,9.55999978631735,2004,10,2005
47.4833,9.66667,2004-10-17,2.6999999396503,8.94999979995191,5.8249998698011,2004,10,2005
47.4833,9.66667,2004-10-18,3.14999992959201,10.1299997735769,6.63999985158443,2004,10,2005
47.4833,9.66667,2004-10-19,5.739999871701,12.4099997226149,9.07499979715794,2004,10,2005
47.4833,9.66667,2004-10-20,6.20999986119568,10.8399997577071,8.5249998094514,2004,10,2005
47.4833,9.66667,2004-10-21,9.1299997959286,17.3899996113032,13.2599997036159,2004,10,2005
47.4833,9.66667,2004-10-22,11.169999750331,16.8299996238202,13.9999996870756,2004,10,2005
47.4833,9.66667,2004-10-23,9.8199997805059,16.7999996244907,13.3099997024983,2004,10,2005
47.4833,9.66667,2004-10-24,10.1799997724593,18.4799995869398,14.3299996796995,2004,10,2005
47.4833,9.66667,2004-10-25,8.13999981805682,19.9599995538592,14.049999685958,2004,10,2005
47.4833,9.66667,2004-10-26,8.44999981112778,18.359999589622,13.4049997003749,2004,10,2005
47.4833,9.66667,2004-10-27,8.52999980933964,11.3199997469783,9.92499977815896,2004,10,2005
47.4833,9.66667,2004-10-28,7.19999983906746,12.7699997145683,9.98499977681786,2004,10,2005
47.4833,9.66667,2004-10-29,7.93999982252717,16.3799996338785,12.1599997282028,2004,10,2005
47.4833,9.66667,2004-10-30,8.78999980352819,14.049999685958,11.4199997447431,2004,10,2005
47.4833,9.66667,2004-10-31,6.62999985180795,13.3199997022748,9.97499977704138,2004,10,2005
47.4833,9.66667,2004-11-01,5.49999987706542,12.6599997170269,9.07999979704618,2004,11,2005
47.4833,9.66667,2004-11-02,7.32999983616173,10.9499997552484,9.13999979570508,2004,11,2005
47.4833,9.66667,2004-11-03,8.28999981470406,13.779999691993,11.0349997533485,2004,11,2005
47.4833,9.66667,2004-11-04,8.21999981626868,12.5899997185916,10.4049997674301,2004,11,2005
47.4833,9.66667,2004-11-05,8.01999982073903,11.7299997378141,9.87499977927655,2004,11,2005
47.4833,9.66667,2004-11-06,7.31999983638525,10.8099997583777,9.06499979738146,2004,11,2005
47.4833,9.66667,2004-11-07,5.21999988332391,6.77999984845519,5.99999986588955,2004,11,2005
47.4833,9.66667,2004-11-08,2.009999955073,4.55999989807606,3.28499992657453,2004,11,2005
47.4833,9.66667,2004-11-09,-0.119999997317791,4.09999990835786,1.98999995552003,2004,11,2005
47.4833,9.66667,2004-11-10,-2.06999995373189,2.4099999461323,0.169999996200204,2004,11,2005
47.4833,9.66667,2004-11-11,-2.42999994568527,3.35999992489815,0.46499998960644,2004,11,2005
47.4833,9.66667,2004-11-12,-0.809999981895089,4.63999989628792,1.91499995719641,2004,11,2005
47.4833,9.66667,2004-11-13,-0.789999982342124,4.15999990701675,1.68499996233732,2004,11,2005
47.4833,9.66667,2004-11-14,0.939999978989363,3.64999991841614,2.29499994870275,2004,11,2005
47.4833,9.66667,2004-11-15,-1.51999996602535,1.81999995931983,0.149999996647239,2004,11,2005
47.4833,9.66667,2004-11-16,-3.97999991104007,2.02999995462596,-0.974999978207052,2004,11,2005
47.4833,9.66667,2004-11-17,-4.96999988891184,3.90999991260469,-0.529999988153577,2004,11,2005
47.4833,9.66667,2004-11-18,-2.25999994948506,6.62999985180795,2.18499995116144,2004,11,2005
47.4833,9.66667,2004-11-19,3.12999993003905,8.34999981336296,5.739999871701,2004,11,2005
47.4833,9.66667,2004-11-20,0.26999999396503,6.83999984711409,3.55499992053956,2004,11,2005
47.4833,9.66667,2004-11-21,-1.8399999588728,1.33999997004867,-0.249999994412065,2004,11,2005
47.4833,9.66667,2004-11-22,-3.66999991796911,3.61999991908669,-0.0249999994412065,2004,11,2005
47.4833,9.66667,2004-11-23,1.64999996311963,8.44999981112778,5.0499998871237,2004,11,2005
47.4833,9.66667,2004-11-24,4.95999988913536,7.82999982498586,6.39499985706061,2004,11,2005
47.4833,9.66667,2004-11-25,1.7799999602139,6.29999985918403,4.03999990969896,2004,11,2005
47.4833,9.66667,2004-11-26,-1.45999996736646,3.33999992534518,0.939999978989363,2004,11,2005
47.4833,9.66667,2004-11-27,-1.15999997407198,7.95999982208014,3.39999992400408,2004,11,2005
47.4833,9.66667,2004-11-28,0.809999981895089,7.15999983996153,3.98499991092831,2004,11,2005
47.4833,9.66667,2004-11-29,-0.279999993741512,5.24999988265336,2.48499994445592,2004,11,2005
47.4833,9.66667,2004-11-30,1.6099999640137,5.88999986834824,3.74999991618097,2004,11,2005
47.4833,9.66667,2004-12-01,0.0699999984353781,3.48999992199242,1.7799999602139,2004,12,2005
47.4833,9.66667,2004-12-02,-2.24999994970858,6.13999986276031,1.94499995652586,2004,12,2005
47.4833,9.66667,2004-12-03,-1.99999995529652,5.24999988265336,1.62499996367842,2004,12,2005
47.4833,9.66667,2004-12-04,-1.26999997161329,5.93999986723065,2.33499994780868,2004,12,2005
47.4833,9.66667,2004-12-05,-1.63999996334314,2.76999993808568,0.564999987371266,2004,12,2005
47.4833,9.66667,2004-12-06,0.389999991282821,2.6399999409914,1.51499996613711,2004,12,2005
47.4833,9.66667,2004-12-07,-0.989999977871776,3.62999991886318,1.3199999704957,2004,12,2005
47.4833,9.66667,2004-12-08,-3.04999993182719,0.879999980330467,-1.08499997574836,2004,12,2005
47.4833,9.66667,2004-12-09,-2.53999994322658,0.119999997317791,-1.20999997295439,2004,12,2005
47.4833,9.66667,2004-12-10,-2.64999994076788,1.06999997608364,-0.789999982342124,2004,12,2005
47.4833,9.66667,2004-12-11,-2.97999993339181,0.649999985471368,-1.16499997396022,2004,12,2005
47.4833,9.66667,2004-12-12,-3.47999992221594,-0.0699999984353781,-1.77499996032566,2004,12,2005
47.4833,9.66667,2004-12-13,-4.21999990567565,-0.0899999979883432,-2.154999951832,2004,12,2005
47.4833,9.66667,2004-12-14,-4.66999989561737,0.959999978542328,-1.85499995853752,2004,12,2005
47.4833,9.66667,2004-12-15,-5.0499998871237,1.56999996490777,-1.73999996110797,2004,12,2005
47.4833,9.66667,2004-12-16,-5.38999987952411,1.12999997474253,-2.12999995239079,2004,12,2005
47.4833,9.66667,2004-12-17,-4.9399998895824,2.21999995037913,-1.35999996960163,2004,12,2005
47.4833,9.66667,2004-12-18,-1.07999997586012,6.92999984510243,2.92499993462116,2004,12,2005
47.4833,9.66667,2004-12-19,0.0899999979883432,3.86999991349876,1.97999995574355,2004,12,2005
47.4833,9.66667,2004-12-20,-2.38999994657934,2.57999994233251,0.0949999978765845,2004,12,2005
47.4833,9.66667,2004-12-21,-5.94999986700714,-0.419999990612268,-3.1849999288097,2004,12,2005
47.4833,9.66667,2004-12-22,-7.70999982766807,-0.909999979659915,-4.30999990366399,2004,12,2005
47.4833,9.66667,2004-12-23,-8.04999982006848,-1.67999996244907,-4.86499989125878,2004,12,2005
47.4833,9.66667,2004-12-24,-2.82999993674457,5.65999987348914,1.41499996837229,2004,12,2005
47.4833,9.66667,2004-12-25,2.30999994836748,7.75999982655048,5.03499988745898,2004,12,2005
47.4833,9.66667,2004-12-26,0.239999994635582,9.46999978832901,4.85499989148229,2004,12,2005
47.4833,9.66667,2004-12-27,-0.489999989047647,1.7799999602139,0.644999985583127,2004,12,2005
47.4833,9.66667,2004-12-28,-1.05999997630715,0.829999981448054,-0.11499999742955,2004,12,2005
47.4833,9.66667,2004-12-29,-1.44999996758997,1.42999996803701,-0.00999999977648258,2004,12,2005
47.4833,9.66667,2004-12-30,-2.4099999461323,0.369999991729856,-1.01999997720122,2004,12,2005
47.4833,9.66667,2004-12-31,-6.5999998524785,0.169999996200204,-3.21499992813915,2004,12,2005
47.4833,9.66667,2005-01-01,-6.04999986477196,2.4699999447912,-1.78999995999038,2005,1,2005
47.4833,9.66667,2005-01-02,0.409999990835786,5.739999871701,3.07499993126839,2005,1,2005
47.4833,9.66667,2005-01-03,1.34999996982515,6.61999985203147,3.98499991092831,2005,1,2005
47.4833,9.66667,2005-01-04,0.199999995529652,3.33999992534518,1.76999996043742,2005,1,2005
47.4833,9.66667,2005-01-05,-1.10999997518957,5.93999986723065,2.41499994602054,2005,1,2005
47.4833,9.66667,2005-01-06,-0.88999998010695,6.75999984890223,2.93499993439764,2005,1,2005
47.4833,9.66667,2005-01-07,2.62999994121492,7.45999983325601,5.04499988723546,2005,1,2005
47.4833,9.66667,2005-01-08,1.41999996826053,8.85999980196357,5.13999988511205,2005,1,2005
47.4833,9.66667,2005-01-09,0.709999984130263,11.0399997532368,5.87499986868352,2005,1,2005
47.4833,9.66667,2005-01-10,3.45999992266297,8.36999981291592,5.91499986778945,2005,1,2005
47.4833,9.66667,2005-01-11,1.10999997518957,9.0699997972697,5.08999988622963,2005,1,2005
47.4833,9.66667,2005-01-12,-0.649999985471368,8.15999981760979,3.75499991606921,2005,1,2005
47.4833,9.66667,2005-01-13,-1.07999997586012,7.59999983012676,3.25999992713332,2005,1,2005
47.4833,9.66667,2005-01-14,0.179999995976686,5.89999986812472,3.0399999320507,2005,1,2005
47.4833,9.66667,2005-01-15,-3.59999991953373,3.4999999217689,-0.0499999988824129,2005,1,2005
47.4833,9.66667,2005-01-16,-5.43999987840652,2.06999995373189,-1.68499996233732,2005,1,2005
47.4833,9.66667,2005-01-17,-6.18999986164272,0.329999992623925,-2.9299999345094,2005,1,2005
47.4833,9.66667,2005-01-18,-5.63999987393618,1.0899999756366,-2.27499994914979,2005,1,2005
47.4833,9.66667,2005-01-19,-4.85999989137053,5.51999987661839,0.329999992623925,2005,1,2005
47.4833,9.66667,2005-01-20,-1.18999997340143,1.3799999691546,0.0949999978765845,2005,1,2005
47.4833,9.66667,2005-01-21,-0.149999996647239,5.95999986678362,2.90499993506819,2005,1,2005
47.4833,9.66667,2005-01-22,1.91999995708466,7.66999982856214,4.7949998928234,2005,1,2005
47.4833,9.66667,2005-01-23,-1.59999996423721,3.53999992087483,0.96999997831881,2005,1,2005
47.4833,9.66667,2005-01-24,-3.91999991238117,0.559999987483025,-1.67999996244907,2005,1,2005
47.4833,9.66667,2005-01-25,-4.97999988868833,-1.9499999564141,-3.46499992255121,2005,1,2005
47.4833,9.66667,2005-01-26,-6.27999985963106,-4.09999990835786,-5.18999988399446,2005,1,2005
47.4833,9.66667,2005-01-27,-7.5199998319149,-4.76999989338219,-6.14499986264855,2005,1,2005
47.4833,9.66667,2005-01-28,-11.7099997382611,-6.15999986231327,-8.93499980028719,2005,1,2005
47.4833,9.66667,2005-01-29,-12.9599997103214,-6.11999986320734,-9.53999978676438,2005,1,2005
47.4833,9.66667,2005-01-30,-13.5799996964633,-7.17999983951449,-10.3799997679889,2005,1,2005
47.4833,9.66667,2005-01-31,-14.7199996709824,-5.18999988399446,-9.95499977748841,2005,1,2005
47.4833,9.66667,2005-02-01,-9.03999979794025,0.0599999986588955,-4.48999989964068,2005,2,2005
47.4833,9.66667,2005-02-02,-3.20999992825091,1.15999997407198,-1.02499997708946,2005,2,2005
47.4833,9.66667,2005-02-03,-3.20999992825091,-0.359999991953373,-1.78499996010214,2005,2,2005
47.4833,9.66667,2005-02-04,-1.59999996423721,2.09999995306134,0.249999994412065,2005,2,2005
47.4833,9.66667,2005-02-05,-4.75999989360571,1.61999996379018,-1.56999996490777,2005,2,2005
47.4833,9.66667,2005-02-06,-7.69999982789159,-0.129999997094274,-3.91499991249293,2005,2,2005
47.4833,9.66667,2005-02-07,-7.06999984197319,2.62999994121492,-2.21999995037913,2005,2,2005
47.4833,9.66667,2005-02-08,-7.01999984309077,1.16999997384846,-2.92499993462116,2005,2,2005
47.4833,9.66667,2005-02-09,-7.26999983750284,4.2499999050051,-1.50999996624887,2005,2,2005
47.4833,9.66667,2005-02-10,-3.34999992512167,5.75999987125397,1.20499997306615,2005,2,2005
47.4833,9.66667,2005-02-11,-3.76999991573393,5.89999986812472,1.06499997619539,2005,2,2005
47.4833,9.66667,2005-02-12,2.33999994769692,4.71999989449978,3.52999992109835,2005,2,2005
47.4833,9.66667,2005-02-13,3.14999992959201,9.23999979346991,6.19499986153096,2005,2,2005
47.4833,9.66667,2005-02-14,-0.239999994635582,4.77999989315867,2.26999994926155,2005,2,2005
47.4833,9.66667,2005-02-15,-2.66999994032085,-0.589999986812472,-1.62999996356666,2005,2,2005
47.4833,9.66667,2005-02-16,-4.07999990880489,-1.65999996289611,-2.8699999358505,2005,2,2005
47.4833,9.66667,2005-02-17,-4.97999988868833,-2.57999994233251,-3.77999991551042,2005,2,2005
47.4833,9.66667,2005-02-18,-7.10999984107912,-0.649999985471368,-3.87999991327524,2005,2,2005
47.4833,9.66667,2005-02-19,-6.53999985381961,-0.919999979436398,-3.729999916628,2005,2,2005
47.4833,9.66667,2005-02-20,-5.30999988131225,-0.30999999307096,-2.80999993719161,2005,2,2005
47.4833,9.66667,2005-02-21,-3.77999991551042,-0.449999989941716,-2.11499995272607,2005,2,2005
47.4833,9.66667,2005-02-22,-4.38999990187585,-1.61999996379018,-3.00499993283302,2005,2,2005
47.4833,9.66667,2005-02-23,-5.63999987393618,-0.949999978765845,-3.29499992635101,2005,2,2005
47.4833,9.66667,2005-02-24,-6.81999984756112,-1.29999997094274,-4.05999990925193,2005,2,2005
47.4833,9.66667,2005-02-25,-9.54999978654087,-1.15999997407198,-5.35499988030642,2005,2,2005
47.4833,9.66667,2005-02-26,-5.37999987974763,-1.36999996937811,-3.37499992456287,2005,2,2005
47.4833,9.66667,2005-02-27,-7.99999982118607,-1.42999996803701,-4.71499989461154,2005,2,2005
47.4833,9.66667,2005-02-28,-8.06999981962144,-3.24999992735684,-5.65999987348914,2005,2,2005
47.4833,9.66667,2005-03-01,-13.9799996875226,-5.28999988175929,-9.63499978464097,2005,3,2005
47.4833,9.66667,2005-03-02,-16.0199996419251,-4.40999990142882,-10.214999771677,2005,3,2005
47.4833,9.66667,2005-03-03,-12.7499997150153,0.0699999984353781,-6.33999985828996,2005,3,2005
47.4833,9.66667,2005-03-04,-8.19999981671572,2.49999994412065,-2.84999993629754,2005,3,2005
47.4833,9.66667,2005-03-05,-7.58999983035028,1.64999996311963,-2.96999993361533,2005,3,2005
47.4833,9.66667,2005-03-06,-3.69999991729856,-0.00999999977648258,-1.85499995853752,2005,3,2005
47.4833,9.66667,2005-03-07,-5.98999986611307,-2.20999995060265,-4.09999990835786,2005,3,2005
47.4833,9.66667,2005-03-08,-9.78999978117645,-1.95999995619059,-5.87499986868352,2005,3,2005
47.4833,9.66667,2005-03-09,-4.98999988846481,0.499999988824129,-2.24499994982034,2005,3,2005
47.4833,9.66667,2005-03-10,-0.479999989271164,2.35999994724989,0.939999978989363,2005,3,2005
47.4833,9.66667,2005-03-11,-3.07999993115664,4.33999990299344,0.629999985918403,2005,3,2005
47.4833,9.66667,2005-03-12,-6.40999985672534,5.89999986812472,-0.254999994300306,2005,3,2005
47.4833,9.66667,2005-03-13,-1.12999997474253,5.46999987773597,2.16999995149672,2005,3,2005
47.4833,9.66667,2005-03-14,-3.27999992668629,4.99999988824129,0.859999980777502,2005,3,2005
47.4833,9.66667,2005-03-15,-4.1899999063462,8.34999981336296,2.07999995350838,2005,3,2005
47.4833,9.66667,2005-03-16,2.84999993629754,13.6599996946752,8.25499981548637,2005,3,2005
47.4833,9.66667,2005-03-17,3.71999991685152,15.9299996439368,9.82499978039414,2005,3,2005
47.4833,9.66667,2005-03-18,4.72999989427626,18.0399995967746,11.3849997455254,2005,3,2005
47.4833,9.66667,2005-03-19,6.85999984666705,18.5999995842576,12.7299997154623,2005,3,2005
47.4833,9.66667,2005-03-20,7.15999983996153,17.5899996068329,12.3749997233972,2005,3,2005
47.4833,9.66667,2005-03-21,6.45999985560775,12.329999724403,9.39499979000539,2005,3,2005
47.4833,9.66667,2005-03-22,4.40999990142882,13.9099996890873,9.15999979525805,2005,3,2005
47.4833,9.66667,2005-03-23,2.61999994143844,13.8399996906519,8.22999981604517,2005,3,2005
47.4833,9.66667,2005-03-24,7.8099998254329,17.1599996164441,12.4849997209385,2005,3,2005
47.4833,9.66667,2005-03-25,5.58999987505376,15.5099996533245,10.5499997641891,2005,3,2005
47.4833,9.66667,2005-03-26,7.03999984264374,13.3399997018278,10.1899997722358,2005,3,2005
47.4833,9.66667,2005-03-27,3.86999991349876,14.8599996678531,9.36499979067594,2005,3,2005
47.4833,9.66667,2005-03-28,7.23999983817339,12.6299997176975,9.93499977793545,2005,3,2005
47.4833,9.66667,2005-03-29,7.49999983236194,13.9399996884167,10.7199997603893,2005,3,2005
47.4833,9.66667,2005-03-30,6.73999984934926,14.4099996779114,10.5749997636303,2005,3,2005
47.4833,9.66667,2005-03-31,7.5199998319149,10.6499997619539,9.08499979693443,2005,3,2005
47.4833,9.66667,2005-04-01,6.03999986499548,10.1799997724593,8.10999981872737,2005,4,2005
47.4833,9.66667,2005-04-02,2.6999999396503,13.489999698475,8.09499981906265,2005,4,2005
47.4833,9.66667,2005-04-03,1.44999996758997,16.2899996358901,8.86999980174005,2005,4,2005
47.4833,9.66667,2005-04-04,4.40999990142882,16.4199996329844,10.4149997672066,2005,4,2005
47.4833,9.66667,2005-04-05,4.44999990053475,16.5399996303022,10.4949997654185,2005,4,2005
47.4833,9.66667,2005-04-06,5.57999987527728,15.6499996501952,10.6149997627363,2005,4,2005
47.4833,9.66667,2005-04-07,7.31999983638525,17.5699996072799,12.4449997218326,2005,4,2005
47.4833,9.66667,2005-04-08,9.60999978519976,14.7599996700883,12.184999727644,2005,4,2005
47.4833,9.66667,2005-04-09,4.26999990455806,8.56999980844557,6.41999985650182,2005,4,2005
47.4833,9.66667,2005-04-10,1.66999996267259,3.39999992400408,2.53499994333833,2005,4,2005
47.4833,9.66667,2005-04-11,0.229999994859099,7.06999984197319,3.64999991841614,2005,4,2005
47.4833,9.66667,2005-04-12,1.28999997116625,9.8199997805059,5.55499987583607,2005,4,2005
47.4833,9.66667,2005-04-13,2.78999993763864,10.049999775365,6.41999985650182,2005,4,2005
47.4833,9.66667,2005-04-14,5.70999987237155,12.2599997259676,8.9849997991696,2005,4,2005
47.4833,9.66667,2005-04-15,3.19999992847443,16.1799996383488,9.68999978341162,2005,4,2005
47.4833,9.66667,2005-04-16,4.79999989271164,19.8699995558709,12.3349997242913,2005,4,2005
47.4833,9.66667,2005-04-17,4.50999989919364,17.6799996048212,11.0949997520074,2005,4,2005
47.4833,9.66667,2005-04-18,3.63999991863966,10.8499997574836,7.24499983806163,2005,4,2005
47.4833,9.66667,2005-04-19,3.66999991796911,9.1299997959286,6.39999985694885,2005,4,2005
47.4833,9.66667,2005-04-20,5.94999986700714,8.85999980196357,7.40499983448535,2005,4,2005
47.4833,9.66667,2005-04-21,4.33999990299344,7.1199998408556,5.72999987192452,2005,4,2005
47.4833,9.66667,2005-04-22,2.68999993987381,9.71999978274107,6.20499986130744,2005,4,2005
47.4833,9.66667,2005-04-23,-0.65999998524785,13.2299997042865,6.2849998595193,2005,4,2005
47.4833,9.66667,2005-04-24,3.18999992869794,15.7499996479601,9.46999978832901,2005,4,2005
47.4833,9.66667,2005-04-25,7.63999982923269,14.4399996772408,11.0399997532368,2005,4,2005
47.4833,9.66667,2005-04-26,8.79999980330467,11.0699997525662,9.93499977793545,2005,4,2005
47.4833,9.66667,2005-04-27,7.03999984264374,15.9799996428192,11.5099997427315,2005,4,2005
47.4833,9.66667,2005-04-28,7.40999983437359,12.3999997228384,9.904999778606,2005,4,2005
47.4833,9.66667,2005-04-29,7.44999983347952,17.0899996180087,12.2699997257441,2005,4,2005
47.4833,9.66667,2005-04-30,11.1099997516721,20.7299995366484,15.9199996441603,2005,4,2005
47.4833,9.66667,2005-05-01,10.2999997697771,23.5499994736165,16.9249996216968,2005,5,NA
47.4833,9.66667,2005-05-02,11.76999973692,25.4899994302541,18.6299995835871,2005,5,NA
47.4833,9.66667,2005-05-03,13.0599997080863,26.6499994043261,19.8549995562062,2005,5,NA
47.4833,9.66667,2005-05-04,11.4899997431785,19.1199995726347,15.3049996579066,2005,5,NA
47.4833,9.66667,2005-05-05,8.87999980151653,15.1599996611476,12.0199997313321,2005,5,NA
47.4833,9.66667,2005-05-06,7.72999982722104,13.3499997016042,10.5399997644126,2005,5,NA
47.4833,9.66667,2005-05-07,6.51999985426664,9.02999979816377,7.77499982621521,2005,5,NA
47.4833,9.66667,2005-05-08,5.00999988801777,11.5999997407198,8.30499981436878,2005,5,NA
47.4833,9.66667,2005-05-09,3.47999992221594,11.1299997512251,7.30499983672053,2005,5,NA
47.4833,9.66667,2005-05-10,4.21999990567565,10.1699997726828,7.19499983917922,2005,5,NA
47.4833,9.66667,2005-05-11,3.04999993182719,11.2499997485429,7.14999984018505,2005,5,NA
47.4833,9.66667,2005-05-12,2.18999995104969,13.7499996926636,7.96999982185662,2005,5,NA
47.4833,9.66667,2005-05-13,2.52999994345009,18.359999589622,10.4449997665361,2005,5,NA
47.4833,9.66667,2005-05-14,6.50999985449016,18.2899995911866,12.3999997228384,2005,5,NA
47.4833,9.66667,2005-05-15,8.87999980151653,18.0499995965511,13.4649996990338,2005,5,NA
47.4833,9.66667,2005-05-16,8.99999979883432,16.9599996209145,12.9799997098744,2005,5,NA
47.4833,9.66667,2005-05-17,7.64999982900918,13.3199997022748,10.484999765642,2005,5,NA
47.4833,9.66667,2005-05-18,5.1099998857826,16.909999622032,11.0099997539073,2005,5,NA
47.4833,9.66667,2005-05-19,8.07999981939793,10.359999768436,9.21999979391694,2005,5,NA
47.4833,9.66667,2005-05-20,5.70999987237155,16.9899996202439,11.3499997463077,2005,5,NA
47.4833,9.66667,2005-05-21,6.62999985180795,22.7599994912744,14.6949996715412,2005,5,NA
47.4833,9.66667,2005-05-22,12.3399997241795,20.8599995337427,16.5999996289611,2005,5,NA
47.4833,9.66667,2005-05-23,12.0299997311085,18.7099995817989,15.3699996564537,2005,5,NA
47.4833,9.66667,2005-05-24,9.57999978587031,11.3099997472018,10.4449997665361,2005,5,NA
47.4833,9.66667,2005-05-25,7.79999982565641,18.1899995934218,12.9949997095391,2005,5,NA
47.4833,9.66667,2005-05-26,8.30999981425703,23.4699994754046,15.8899996448308,2005,5,NA
47.4833,9.66667,2005-05-27,11.3799997456372,25.7099994253367,18.5449995854869,2005,5,NA
47.4833,9.66667,2005-05-28,12.909999711439,27.8899993766099,20.3999995440245,2005,5,NA
47.4833,9.66667,2005-05-29,14.649999672547,28.4399993643165,21.5449995184317,2005,5,NA
47.4833,9.66667,2005-05-30,15.7799996472895,28.0499993730336,21.9149995101616,2005,5,NA
47.4833,9.66667,2005-05-31,13.799999691546,24.3099994566292,19.0549995740876,2005,5,NA
47.4833,9.66667,2005-06-01,8.75999980419874,17.1499996166676,12.9549997104332,2005,6,NA
47.4833,9.66667,2005-06-02,8.41999981179833,19.1999995708466,13.8099996913224,2005,6,NA
47.4833,9.66667,2005-06-03,8.35999981313944,21.5799995176494,14.9699996653944,2005,6,NA
47.4833,9.66667,2005-06-04,11.1499997507781,26.5499994065613,18.8499995786697,2005,6,NA
47.4833,9.66667,2005-06-05,13.3399997018278,17.0099996197969,15.1749996608123,2005,6,NA
47.4833,9.66667,2005-06-06,11.6499997396022,17.7099996041507,14.6799996718764,2005,6,NA
47.4833,9.66667,2005-06-07,10.6899997610599,14.7499996703118,12.7199997156858,2005,6,NA
47.4833,9.66667,2005-06-08,6.73999984934926,13.779999691993,10.2599997706711,2005,6,NA
47.4833,9.66667,2005-06-09,3.27999992668629,14.5699996743351,8.9249998005107,2005,6,NA
47.4833,9.66667,2005-06-10,4.71999989449978,14.0199996866286,9.36999979056418,2005,6,NA
47.4833,9.66667,2005-06-11,4.19999990612268,16.5499996300787,10.3749997681007,2005,6,NA
47.4833,9.66667,2005-06-12,5.74999987147748,19.1599995717406,12.4549997216091,2005,6,NA
47.4833,9.66667,2005-06-13,10.7399997599423,19.2599995695055,14.9999996647239,2005,6,NA
47.4833,9.66667,2005-06-14,11.3099997472018,21.6799995154142,16.494999631308,2005,6,NA
47.4833,9.66667,2005-06-15,13.3799997009337,19.8899995554239,16.6349996281788,2005,6,NA
47.4833,9.66667,2005-06-16,13.0299997087568,19.7699995581061,16.3999996334314,2005,6,NA
47.4833,9.66667,2005-06-17,12.7099997159094,23.3799994774163,18.0449995966628,2005,6,NA
47.4833,9.66667,2005-06-18,13.3399997018278,23.7599994689226,18.5499995853752,2005,6,NA
47.4833,9.66667,2005-06-19,15.1299996618181,25.0799994394183,20.1049995506182,2005,6,NA
47.4833,9.66667,2005-06-20,13.9799996875226,26.109999416396,20.0449995519593,2005,6,NA
47.4833,9.66667,2005-06-21,12.349999723956,27.9199993759394,20.1349995499477,2005,6,NA
47.4833,9.66667,2005-06-22,14.1599996834993,27.7799993790686,20.969999531284,2005,6,NA
47.4833,9.66667,2005-06-23,15.9899996425956,28.5599993616343,22.274999502115,2005,6,NA
47.4833,9.66667,2005-06-24,15.4599996544421,28.7599993571639,22.109999505803,2005,6,NA
47.4833,9.66667,2005-06-25,17.5699996072799,30.5799993164837,24.0749994618818,2005,6,NA
47.4833,9.66667,2005-06-26,16.1799996383488,26.0699994172901,21.1249995278195,2005,6,NA
47.4833,9.66667,2005-06-27,16.65999962762,27.6099993828684,22.1349995052442,2005,6,NA
47.4833,9.66667,2005-06-28,17.1699996162206,28.7899993564934,22.979999486357,2005,6,NA
47.4833,9.66667,2005-06-29,18.0399995967746,30.5799993164837,24.3099994566292,2005,6,NA
47.4833,9.66667,2005-06-30,17.3899996113032,27.8399993777275,22.6149994945154,2005,6,NA
47.4833,9.66667,2005-07-01,15.3599996566772,21.8799995109439,18.6199995838106,2005,7,NA
47.4833,9.66667,2005-07-02,12.3399997241795,17.0999996177852,14.7199996709824,2005,7,NA
47.4833,9.66667,2005-07-03,12.4599997214973,20.5999995395541,16.5299996305257,2005,7,NA
47.4833,9.66667,2005-07-04,12.3799997232854,24.6499994490296,18.5149995861575,2005,7,NA
47.4833,9.66667,2005-07-05,13.3799997009337,27.3699993882328,20.3749995445833,2005,7,NA
47.4833,9.66667,2005-07-06,9.5899997856468,14.8099996689707,12.1999997273088,2005,7,NA
47.4833,9.66667,2005-07-07,8.58999980799854,18.8999995775521,13.7449996927753,2005,7,NA
47.4833,9.66667,2005-07-08,10.2999997697771,13.3299997020513,11.8149997359142,2005,7,NA
47.4833,9.66667,2005-07-09,9.22999979369342,16.7199996262789,12.9749997099862,2005,7,NA
47.4833,9.66667,2005-07-10,7.73999982699752,19.9899995531887,13.8649996900931,2005,7,NA
47.4833,9.66667,2005-07-11,10.1199997738004,16.3399996347725,13.2299997042865,2005,7,NA
47.4833,9.66667,2005-07-12,13.179999705404,17.9899995978922,15.5849996516481,2005,7,NA
47.4833,9.66667,2005-07-13,12.4399997219443,22.2199995033443,17.3299996126443,2005,7,NA
47.4833,9.66667,2005-07-14,11.3599997460842,25.0499994400889,18.2049995930865,2005,7,NA
47.4833,9.66667,2005-07-15,12.2699997257441,26.399999409914,19.3349995678291,2005,7,NA
47.4833,9.66667,2005-07-16,14.2799996808171,28.2899993676692,21.2849995242432,2005,7,NA
47.4833,9.66667,2005-07-17,18.2199995927513,26.0699994172901,22.1449995050207,2005,7,NA
47.4833,9.66667,2005-07-18,16.8999996222556,27.9999993741512,22.4499994982034,2005,7,NA
47.4833,9.66667,2005-07-19,16.3599996343255,28.699999358505,22.5299994964153,2005,7,NA
47.4833,9.66667,2005-07-20,13.9399996884167,19.7599995583296,16.8499996233732,2005,7,NA
47.4833,9.66667,2005-07-21,13.5499996971339,21.9099995102733,17.7299996037036,2005,7,NA
47.4833,9.66667,2005-07-22,12.3199997246265,20.389999544248,16.3549996344373,2005,7,NA
47.4833,9.66667,2005-07-23,13.7399996928871,20.4899995420128,17.1149996174499,2005,7,NA
47.4833,9.66667,2005-07-24,12.2799997255206,20.5799995400012,16.4299996327609,2005,7,NA
47.4833,9.66667,2005-07-25,12.8699997123331,21.0699995290488,16.9699996206909,2005,7,NA
47.4833,9.66667,2005-07-26,15.1499996613711,22.3399995006621,18.7449995810166,2005,7,NA
47.4833,9.66667,2005-07-27,15.8199996463954,23.5999994724989,19.7099995594472,2005,7,NA
47.4833,9.66667,2005-07-28,16.1699996385723,29.009999351576,22.5899994950742,2005,7,NA
47.4833,9.66667,2005-07-29,18.939999576658,30.729999313131,24.8349994448945,2005,7,NA
47.4833,9.66667,2005-07-30,18.669999582693,27.7899993788451,23.229999480769,2005,7,NA
47.4833,9.66667,2005-07-31,15.5899996515363,18.8399995788932,17.2149996152148,2005,7,NA
47.4833,9.66667,2005-08-01,13.4499996993691,19.9999995529652,16.7249996261671,2005,8,NA
47.4833,9.66667,2005-08-02,11.3299997467548,22.689999492839,17.0099996197969,2005,8,NA
47.4833,9.66667,2005-08-03,14.7599996700883,18.4999995864928,16.6299996282905,2005,8,NA
47.4833,9.66667,2005-08-04,13.0599997080863,15.0499996636063,14.0549996858463,2005,8,NA
47.4833,9.66667,2005-08-05,11.1299997512251,19.2799995690584,15.2049996601418,2005,8,NA
47.4833,9.66667,2005-08-06,8.69999980553985,21.9299995098263,15.3149996576831,2005,8,NA
47.4833,9.66667,2005-08-07,13.21999970451,18.6999995820224,15.9599996432662,2005,8,NA
47.4833,9.66667,2005-08-08,9.28999979235232,13.6399996951222,11.4649997437373,2005,8,NA
47.4833,9.66667,2005-08-09,7.89999982342124,16.059999641031,11.9799997322261,2005,8,NA
47.4833,9.66667,2005-08-10,7.36999983526766,20.0299995522946,13.6999996937811,2005,8,NA
47.4833,9.66667,2005-08-11,9.08999979682267,21.1099995281547,15.0999996624887,2005,8,NA
47.4833,9.66667,2005-08-12,10.6799997612834,21.0799995288253,15.8799996450543,2005,8,NA
47.4833,9.66667,2005-08-13,9.42999978922307,22.8299994897097,16.1299996394664,2005,8,NA
47.4833,9.66667,2005-08-14,13.0199997089803,19.2199995703995,16.1199996396899,2005,8,NA
47.4833,9.66667,2005-08-15,11.1299997512251,18.6599995829165,14.8949996670708,2005,8,NA
47.4833,9.66667,2005-08-16,9.59999978542328,13.8299996908754,11.7149997381493,2005,8,NA
47.4833,9.66667,2005-08-17,10.5199997648597,16.1699996385723,13.344999701716,2005,8,NA
47.4833,9.66667,2005-08-18,8.96999979950488,22.3899994995445,15.6799996495247,2005,8,NA
47.4833,9.66667,2005-08-19,11.6099997404963,22.7699994910508,17.1899996157736,2005,8,NA
47.4833,9.66667,2005-08-20,13.9999996870756,23.3499994780868,18.6749995825812,2005,8,NA
47.4833,9.66667,2005-08-21,13.4799996986985,17.3999996110797,15.4399996548891,2005,8,NA
47.4833,9.66667,2005-08-22,13.5499996971339,15.3999996557832,14.4749996764585,2005,8,NA
47.4833,9.66667,2005-08-23,14.049999685958,15.7499996479601,14.899999666959,2005,8,NA
47.4833,9.66667,2005-08-24,13.179999705404,15.4099996555597,14.2949996804819,2005,8,NA
47.4833,9.66667,2005-08-25,11.6099997404963,20.4399995431304,16.0249996418133,2005,8,NA
47.4833,9.66667,2005-08-26,12.9799997098744,21.3699995223433,17.1749996161088,2005,8,NA
47.4833,9.66667,2005-08-27,13.0999997071922,19.1599995717406,16.1299996394664,2005,8,NA
47.4833,9.66667,2005-08-28,11.459999743849,19.8499995563179,15.6549996500835,2005,8,NA
47.4833,9.66667,2005-08-29,13.0299997087568,20.6299995388836,16.8299996238202,2005,8,NA
47.4833,9.66667,2005-08-30,11.1499997507781,23.6499994713813,17.3999996110797,2005,8,NA
47.4833,9.66667,2005-08-31,13.7899996917695,25.6499994266778,19.7199995592237,2005,8,NA
47.4833,9.66667,2005-09-01,14.9699996653944,25.4399994313717,20.2049995483831,2005,9,NA
47.4833,9.66667,2005-09-02,15.6099996510893,26.6199994049966,21.114999528043,2005,9,NA
47.4833,9.66667,2005-09-03,15.9399996437132,24.7899994459003,20.3649995448068,2005,9,NA
47.4833,9.66667,2005-09-04,14.7499996703118,24.0499994624406,19.3999995663762,2005,9,NA
47.4833,9.66667,2005-09-05,14.0599996857345,22.2199995033443,18.1399995945394,2005,9,NA
47.4833,9.66667,2005-09-06,11.8499997351319,24.4399994537234,18.1449995944276,2005,9,NA
47.4833,9.66667,2005-09-07,13.489999698475,25.0599994398654,19.2749995691702,2005,9,NA
47.4833,9.66667,2005-09-08,15.4599996544421,26.1999994143844,20.8299995344132,2005,9,NA
47.4833,9.66667,2005-09-09,14.3499996792525,25.8499994222075,20.09999955073,2005,9,NA
47.4833,9.66667,2005-09-10,16.4499996323138,23.6599994711578,20.0549995517358,2005,9,NA
47.4833,9.66667,2005-09-11,14.359999679029,18.0799995958805,16.2199996374547,2005,9,NA
47.4833,9.66667,2005-09-12,13.0199997089803,18.8199995793402,15.9199996441603,2005,9,NA
47.4833,9.66667,2005-09-13,12.1199997290969,18.3899995889515,15.2549996590242,2005,9,NA
47.4833,9.66667,2005-09-14,10.7699997592717,20.2499995473772,15.5099996533245,2005,9,NA
47.4833,9.66667,2005-09-15,13.5799996964633,19.7299995590001,16.6549996277317,2005,9,NA
47.4833,9.66667,2005-09-16,12.3899997230619,21.219999525696,16.804999624379,2005,9,NA
47.4833,9.66667,2005-09-17,11.5999997407198,21.4799995198846,16.5399996303022,2005,9,NA
47.4833,9.66667,2005-09-18,7.48999983258545,9.63999978452921,8.56499980855733,2005,9,NA
47.4833,9.66667,2005-09-19,6.89999984577298,12.369999723509,9.63499978464097,2005,9,NA
47.4833,9.66667,2005-09-20,7.87999982386827,11.1099997516721,9.49499978777021,2005,9,NA
47.4833,9.66667,2005-09-21,8.10999981872737,13.3299997020513,10.7199997603893,2005,9,NA
47.4833,9.66667,2005-09-22,5.68999987281859,16.8199996240437,11.2549997484311,2005,9,NA
47.4833,9.66667,2005-09-23,6.64999985136092,16.369999634102,11.5099997427315,2005,9,NA
47.4833,9.66667,2005-09-24,8.49999981001019,18.8899995777756,13.6949996938929,2005,9,NA
47.4833,9.66667,2005-09-25,9.67999978363514,19.8699995558709,14.774999669753,2005,9,NA
47.4833,9.66667,2005-09-26,9.42999978922307,19.7099995594472,14.5699996743351,2005,9,NA
47.4833,9.66667,2005-09-27,10.6599997617304,19.2899995688349,14.9749996652827,2005,9,NA
47.4833,9.66667,2005-09-28,12.9499997105449,16.369999634102,14.6599996723235,2005,9,NA
47.4833,9.66667,2005-09-29,12.329999724403,18.5899995844811,15.4599996544421,2005,9,NA
47.4833,9.66667,2005-09-30,9.65999978408217,14.2499996814877,11.9549997327849,2005,9,NA
47.4833,9.66667,2005-10-01,6.54999985359609,13.3499997016042,9.94999977760017,2005,10,2006
47.4833,9.66667,2005-10-02,9.08999979682267,13.5599996969104,11.3249997468665,2005,10,2006
47.4833,9.66667,2005-10-03,6.79999984800816,9.71999978274107,8.25999981537461,2005,10,2006
47.4833,9.66667,2005-10-04,5.77999987080693,9.759999781847,7.76999982632697,2005,10,2006
47.4833,9.66667,2005-10-05,7.37999983504415,14.6699996720999,11.024999753572,2005,10,2006
47.4833,9.66667,2005-10-06,8.54999980889261,13.6999996937811,11.1249997513369,2005,10,2006
47.4833,9.66667,2005-10-07,9.01999979838729,15.519999653101,12.2699997257441,2005,10,2006
47.4833,9.66667,2005-10-08,9.54999978654087,16.349999634549,12.9499997105449,2005,10,2006
47.4833,9.66667,2005-10-09,8.69999980553985,16.6899996269494,12.6949997162446,2005,10,2006
47.4833,9.66667,2005-10-10,7.70999982766807,16.909999622032,12.3099997248501,2005,10,2006
47.4833,9.66667,2005-10-11,7.17999983951449,14.9899996649474,11.0849997522309,2005,10,2006
47.4833,9.66667,2005-10-12,6.89999984577298,17.0099996197969,11.9549997327849,2005,10,2006
47.4833,9.66667,2005-10-13,6.62999985180795,16.7299996260554,11.6799997389317,2005,10,2006
47.4833,9.66667,2005-10-14,5.65999987348914,15.0999996624887,10.3799997679889,2005,10,2006
47.4833,9.66667,2005-10-15,5.24999988265336,15.7599996477365,10.504999765195,2005,10,2006
47.4833,9.66667,2005-10-16,4.57999989762902,13.3599997013807,8.96999979950488,2005,10,2006
47.4833,9.66667,2005-10-17,4.37999990209937,12.3899997230619,8.38499981258065,2005,10,2006
47.4833,9.66667,2005-10-18,4.14999990724027,9.96999977715313,7.0599998421967,2005,10,2006
47.4833,9.66667,2005-10-19,3.01999993249774,9.51999978721142,6.26999985985458,2005,10,2006
47.4833,9.66667,2005-10-20,2.95999993383884,10.9399997554719,6.94999984465539,2005,10,2006
47.4833,9.66667,2005-10-21,5.11999988555908,14.1599996834993,9.63999978452921,2005,10,2006
47.4833,9.66667,2005-10-22,6.90999984554946,16.2599996365607,11.5849997410551,2005,10,2006
47.4833,9.66667,2005-10-23,8.90999980084598,20.0399995520711,14.4749996764585,2005,10,2006
47.4833,9.66667,2005-10-24,9.85999977961183,13.6099996957928,11.7349997377023,2005,10,2006
47.4833,9.66667,2005-10-25,7.61999982967973,14.8599996678531,11.2399997487664,2005,10,2006
47.4833,9.66667,2005-10-26,7.07999984174967,16.5999996289611,11.8399997353554,2005,10,2006
47.4833,9.66667,2005-10-27,9.0699997972697,19.6899995598942,14.379999678582,2005,10,2006
47.4833,9.66667,2005-10-28,7.77999982610345,17.0999996177852,12.4399997219443,2005,10,2006
47.4833,9.66667,2005-10-29,6.00999986566603,16.2499996367842,11.1299997512251,2005,10,2006
47.4833,9.66667,2005-10-30,5.43999987840652,16.5999996289611,11.0199997536838,2005,10,2006
47.4833,9.66667,2005-10-31,5.14999988488853,16.059999641031,10.6049997629598,2005,10,2006
47.4833,9.66667,2005-11-01,5.1099998857826,18.8099995795637,11.9599997326732,2005,11,2006
47.4833,9.66667,2005-11-02,8.12999981828034,14.0799996852875,11.1049997517839,2005,11,2006
47.4833,9.66667,2005-11-03,6.27999985963106,14.1499996837229,10.214999771677,2005,11,2006
47.4833,9.66667,2005-11-04,8.039999820292,18.2099995929748,13.1249997066334,2005,11,2006
47.4833,9.66667,2005-11-05,7.31999983638525,15.6099996510893,11.4649997437373,2005,11,2006
47.4833,9.66667,2005-11-06,6.2599998600781,10.0899997744709,8.17499981727451,2005,11,2006
47.4833,9.66667,2005-11-07,4.20999990589917,8.49999981001019,6.35499985795468,2005,11,2006
47.4833,9.66667,2005-11-08,4.05999990925193,10.9699997548014,7.51499983202666,2005,11,2006
47.4833,9.66667,2005-11-09,2.33999994769692,12.6999997161329,7.5199998319149,2005,11,2006
47.4833,9.66667,2005-11-10,3.27999992668629,10.9099997561425,7.09499984141439,2005,11,2006
47.4833,9.66667,2005-11-11,2.49999994412065,10.339999768883,6.41999985650182,2005,11,2006
47.4833,9.66667,2005-11-12,3.34999992512167,10.5299997646362,6.93999984487891,2005,11,2006
47.4833,9.66667,2005-11-13,1.24999997206032,11.5899997409433,6.41999985650182,2005,11,2006
47.4833,9.66667,2005-11-14,1.58999996446073,8.04999982006848,4.8199998922646,2005,11,2006
47.4833,9.66667,2005-11-15,2.61999994143844,4.66999989561737,3.6449999185279,2005,11,2006
47.4833,9.66667,2005-11-16,0.759999983012676,8.53999980911613,4.6499998960644,2005,11,2006
47.4833,9.66667,2005-11-17,3.37999992445111,9.44999978877604,6.41499985661358,2005,11,2006
47.4833,9.66667,2005-11-18,0.369999991729856,5.91999986767769,3.14499992970377,2005,11,2006
47.4833,9.66667,2005-11-19,-0.979999978095293,2.36999994702637,0.694999984465539,2005,11,2006
47.4833,9.66667,2005-11-20,-3.62999991886318,2.53999994322658,-0.544999987818301,2005,11,2006
47.4833,9.66667,2005-11-21,-5.75999987125397,1.70999996177852,-2.02499995473772,2005,11,2006
47.4833,9.66667,2005-11-22,-0.829999981448054,1.41999996826053,0.294999993406236,2005,11,2006
47.4833,9.66667,2005-11-23,-3.10999993048608,0.799999982118607,-1.15499997418374,2005,11,2006
47.4833,9.66667,2005-11-24,-4.82999989204109,0.179999995976686,-2.3249999480322,2005,11,2006
47.4833,9.66667,2005-11-25,-6.46999985538423,-2.29999994859099,-4.38499990198761,2005,11,2006
47.4833,9.66667,2005-11-26,-5.60999987460673,0.279999993741512,-2.66499994043261,2005,11,2006
47.4833,9.66667,2005-11-27,-7.77999982610345,-0.409999990835786,-4.09499990846962,2005,11,2006
47.4833,9.66667,2005-11-28,-7.12999984063208,1.43999996781349,-2.84499993640929,2005,11,2006
47.4833,9.66667,2005-11-29,-2.39999994635582,1.3199999704957,-0.539999987930059,2005,11,2006
47.4833,9.66667,2005-11-30,-2.36999994702637,2.10999995283782,-0.129999997094274,2005,11,2006
47.4833,9.66667,2005-12-01,-3.86999991349876,1.97999995574355,-0.944999978877604,2005,12,2006
47.4833,9.66667,2005-12-02,-5.94999986700714,0.569999987259507,-2.68999993987381,2005,12,2006
47.4833,9.66667,2005-12-03,-7.36999983526766,8.93999980017543,0.784999982453883,2005,12,2006
47.4833,9.66667,2005-12-04,0.319999992847443,3.77999991551042,2.04999995417893,2005,12,2006
47.4833,9.66667,2005-12-05,1.29999997094274,9.25999979302287,5.2799998819828,2005,12,2006
47.4833,9.66667,2005-12-06,2.06999995373189,6.76999984867871,4.4199999012053,2005,12,2006
47.4833,9.66667,2005-12-07,0.34999999217689,3.92999991215765,2.13999995216727,2005,12,2006
47.4833,9.66667,2005-12-08,0.0199999995529652,2.80999993719161,1.41499996837229,2005,12,2006
47.4833,9.66667,2005-12-09,-1.32999997027218,2.35999994724989,0.514999988488853,2005,12,2006
47.4833,9.66667,2005-12-10,-1.67999996244907,2.90999993495643,0.614999986253679,2005,12,2006
47.4833,9.66667,2005-12-11,-3.63999991863966,2.21999995037913,-0.709999984130263,2005,12,2006
47.4833,9.66667,2005-12-12,-6.2599998600781,0.509999988600612,-2.87499993573874,2005,12,2006
47.4833,9.66667,2005-12-13,-7.64999982900918,-0.709999984130263,-4.17999990656972,2005,12,2006
47.4833,9.66667,2005-12-14,-5.44999987818301,0.729999983683228,-2.35999994724989,2005,12,2006
47.4833,9.66667,2005-12-15,-3.51999992132187,-0.109999997541308,-1.81499995943159,2005,12,2006
47.4833,9.66667,2005-12-16,-4.97999988868833,2.64999994076788,-1.16499997396022,2005,12,2006
47.4833,9.66667,2005-12-17,-0.0399999991059303,4.10999990813434,2.03499995451421,2005,12,2006
47.4833,9.66667,2005-12-18,-2.21999995037913,1.22999997250736,-0.494999988935888,2005,12,2006
47.4833,9.66667,2005-12-19,-4.50999989919364,-1.49999996647239,-3.00499993283302,2005,12,2006
47.4833,9.66667,2005-12-20,-5.99999986588955,-1.26999997161329,-3.63499991875142,2005,12,2006
47.4833,9.66667,2005-12-21,-4.35999990254641,0.519999988377094,-1.91999995708466,2005,12,2006
47.4833,9.66667,2005-12-22,-6.67999985069036,-1.8399999588728,-4.25999990478158,2005,12,2006
47.4833,9.66667,2005-12-23,-6.8899998459965,-0.199999995529652,-3.54499992076308,2005,12,2006
47.4833,9.66667,2005-12-24,-1.86999995820224,1.69999996200204,-0.0849999981001019,2005,12,2006
47.4833,9.66667,2005-12-25,-3.65999991819263,0.96999997831881,-1.34499996993691,2005,12,2006
47.4833,9.66667,2005-12-26,-1.56999996490777,0.849999981001019,-0.359999991953373,2005,12,2006
47.4833,9.66667,2005-12-27,-2.55999994277954,-0.00999999977648258,-1.28499997127801,2005,12,2006
47.4833,9.66667,2005-12-28,-6.09999986365438,-2.22999995015562,-4.164999906905,2005,12,2006
47.4833,9.66667,2005-12-29,-7.04999984242022,-5.49999987706542,-6.27499985974282,2005,12,2006
47.4833,9.66667,2005-12-30,-9.3599997907877,-5.03999988734722,-7.19999983906746,2005,12,2006
47.4833,9.66667,2005-12-31,-12.889999711886,-3.82999991439283,-8.35999981313944,2005,12,2006
47.4833,9.66667,2006-01-01,-5.12999988533556,6.06999986432493,0.469999989494681,2006,1,2006
47.4833,9.66667,2006-01-02,-0.859999980777502,3.64999991841614,1.39499996881932,2006,1,2006
47.4833,9.66667,2006-01-03,-1.3199999704957,1.42999996803701,0.0549999987706542,2006,1,2006
47.4833,9.66667,2006-01-04,-1.56999996490777,1.07999997586012,-0.244999994523823,2006,1,2006
47.4833,9.66667,2006-01-05,-4.10999990813434,-0.0899999979883432,-2.09999995306134,2006,1,2006
47.4833,9.66667,2006-01-06,-7.88999982364476,-0.669999985024333,-4.27999990433455,2006,1,2006
47.4833,9.66667,2006-01-07,-9.2999997921288,-2.57999994233251,-5.93999986723065,2006,1,2006
47.4833,9.66667,2006-01-08,-9.45999978855252,-4.29999990388751,-6.87999984622002,2006,1,2006
47.4833,9.66667,2006-01-09,-9.87999977916479,-4.17999990656972,-7.02999984286726,2006,1,2006
47.4833,9.66667,2006-01-10,-9.6999997831881,-5.17999988421798,-7.43999983370304,2006,1,2006
47.4833,9.66667,2006-01-11,-11.0499997530133,-3.29999992623925,-7.17499983962625,2006,1,2006
47.4833,9.66667,2006-01-12,-11.4899997431785,-3.18999992869794,-7.33999983593822,2006,1,2006
47.4833,9.66667,2006-01-13,-10.2199997715652,-1.42999996803701,-5.8249998698011,2006,1,2006
47.4833,9.66667,2006-01-14,-10.7999997586012,-2.82999993674457,-6.81499984767288,2006,1,2006
47.4833,9.66667,2006-01-15,-10.8899997565895,-5.46999987773597,-8.17999981716275,2006,1,2006
47.4833,9.66667,2006-01-16,-13.0899997074157,-4.21999990567565,-8.65499980654567,2006,1,2006
47.4833,9.66667,2006-01-17,-12.7499997150153,-1.29999997094274,-7.02499984297901,2006,1,2006
47.4833,9.66667,2006-01-18,-6.26999985985458,4.59999989718199,-0.834999981336296,2006,1,2006
47.4833,9.66667,2006-01-19,0.199999995529652,3.44999992288649,1.82499995920807,2006,1,2006
47.4833,9.66667,2006-01-20,-1.81999995931983,3.40999992378056,0.794999982230365,2006,1,2006
47.4833,9.66667,2006-01-21,-3.4999999217689,4.33999990299344,0.419999990612268,2006,1,2006
47.4833,9.66667,2006-01-22,-0.359999991953373,4.17999990656972,1.90999995730817,2006,1,2006
47.4833,9.66667,2006-01-23,-1.9499999564141,2.09999995306134,0.0749999983236194,2006,1,2006
47.4833,9.66667,2006-01-24,-7.06999984197319,-1.89999995753169,-4.48499989975244,2006,1,2006
47.4833,9.66667,2006-01-25,-11.5799997411668,-5.57999987527728,-8.57999980822206,2006,1,2006
47.4833,9.66667,2006-01-26,-11.3599997460842,-0.34999999217689,-5.85499986913055,2006,1,2006
47.4833,9.66667,2006-01-27,-6.50999985449016,0.239999994635582,-3.13499992992729,2006,1,2006
47.4833,9.66667,2006-01-28,-8.01999982073903,-0.109999997541308,-4.06499990914017,2006,1,2006
47.4833,9.66667,2006-01-29,-4.73999989405274,7.63999982923269,1.44999996758997,2006,1,2006
47.4833,9.66667,2006-01-30,-4.4799998998642,2.18999995104969,-1.14499997440726,2006,1,2006
47.4833,9.66667,2006-01-31,-5.98999986611307,0.96999997831881,-2.50999994389713,2006,1,2006
47.4833,9.66667,2006-02-01,-6.62999985180795,2.39999994635582,-2.11499995272607,2006,2,2006
47.4833,9.66667,2006-02-02,-7.15999983996153,3.16999992914498,-1.99499995540828,2006,2,2006
47.4833,9.66667,2006-02-03,-7.53999983146787,1.06999997608364,-3.23499992769212,2006,2,2006
47.4833,9.66667,2006-02-04,-7.81999982520938,-1.87999995797873,-4.84999989159405,2006,2,2006
47.4833,9.66667,2006-02-05,-8.90999980084598,-4.82999989204109,-6.86999984644353,2006,2,2006
47.4833,9.66667,2006-02-06,-7.56999983079731,-1.84999995864928,-4.7099998947233,2006,2,2006
47.4833,9.66667,2006-02-07,-4.08999990858138,1.24999997206032,-1.41999996826053,2006,2,2006
47.4833,9.66667,2006-02-08,-1.25999997183681,2.35999994724989,0.549999987706542,2006,2,2006
47.4833,9.66667,2006-02-09,-0.589999986812472,2.34999994747341,0.879999980330467,2006,2,2006
47.4833,9.66667,2006-02-10,-2.28999994881451,1.88999995775521,-0.199999995529652,2006,2,2006
47.4833,9.66667,2006-02-11,-2.75999993830919,-0.569999987259507,-1.66499996278435,2006,2,2006
47.4833,9.66667,2006-02-12,-8.16999981738627,0.509999988600612,-3.82999991439283,2006,2,2006
47.4833,9.66667,2006-02-13,-11.1299997512251,-1.58999996446073,-6.35999985784292,2006,2,2006
47.4833,9.66667,2006-02-14,-10.5199997648597,0.199999995529652,-5.15999988466501,2006,2,2006
47.4833,9.66667,2006-02-15,-7.04999984242022,5.35999988019466,-0.844999981112778,2006,2,2006
47.4833,9.66667,2006-02-16,-1.1499999742955,6.029999865219,2.43999994546175,2006,2,2006
47.4833,9.66667,2006-02-17,1.57999996468425,6.54999985359609,4.06499990914017,2006,2,2006
47.4833,9.66667,2006-02-18,1.11999997496605,5.80999987013638,3.46499992255121,2006,2,2006
47.4833,9.66667,2006-02-19,0.789999982342124,6.50999985449016,3.64999991841614,2006,2,2006
47.4833,9.66667,2006-02-20,-0.88999998010695,10.069999774918,4.58999989740551,2006,2,2006
47.4833,9.66667,2006-02-21,0.169999996200204,5.44999987818301,2.80999993719161,2006,2,2006
47.4833,9.66667,2006-02-22,-1.09999997541308,7.87999982386827,3.3899999242276,2006,2,2006
47.4833,9.66667,2006-02-23,-0.409999990835786,3.62999991886318,1.6099999640137,2006,2,2006
47.4833,9.66667,2006-02-24,-0.489999989047647,2.51999994367361,1.01499997731298,2006,2,2006
47.4833,9.66667,2006-02-25,-1.3799999691546,0.739999983459711,-0.319999992847443,2006,2,2006
47.4833,9.66667,2006-02-26,-1.92999995686114,0.26999999396503,-0.829999981448054,2006,2,2006
47.4833,9.66667,2006-02-27,-4.59999989718199,-0.629999985918403,-2.6149999415502,2006,2,2006
47.4833,9.66667,2006-02-28,-8.8399998024106,-1.41999996826053,-5.12999988533556,2006,2,2006
47.4833,9.66667,2006-03-01,-9.84999977983534,-0.319999992847443,-5.08499988634139,2006,3,2006
47.4833,9.66667,2006-03-02,-6.15999986231327,-1.07999997586012,-3.61999991908669,2006,3,2006
47.4833,9.66667,2006-03-03,-9.36999979056418,-0.809999981895089,-5.08999988622963,2006,3,2006
47.4833,9.66667,2006-03-04,-3.51999992132187,6.87999984622002,1.67999996244907,2006,3,2006
47.4833,9.66667,2006-03-05,-2.56999994255602,6.07999986410141,1.75499996077269,2006,3,2006
47.4833,9.66667,2006-03-06,-5.05999988690019,-0.549999987706542,-2.80499993730336,2006,3,2006
47.4833,9.66667,2006-03-07,-5.44999987818301,-0.139999996870756,-2.79499993752688,2006,3,2006
47.4833,9.66667,2006-03-08,-8.22999981604517,-0.219999995082617,-4.22499990556389,2006,3,2006
47.4833,9.66667,2006-03-09,-9.14999979548156,3.68999991752207,-2.72999993897974,2006,3,2006
47.4833,9.66667,2006-03-10,2.57999994233251,8.04999982006848,5.31499988120049,2006,3,2006
47.4833,9.66667,2006-03-11,-0.0199999995529652,6.33999985828996,3.1599999293685,2006,3,2006
47.4833,9.66667,2006-03-12,-3.33999992534518,2.9299999345094,-0.204999995417893,2006,3,2006
47.4833,9.66667,2006-03-13,-8.95999979972839,-3.39999992400408,-6.17999986186624,2006,3,2006
47.4833,9.66667,2006-03-14,-11.0999997518957,-1.88999995775521,-6.49499985482544,2006,3,2006
47.4833,9.66667,2006-03-15,-10.4899997655302,1.41999996826053,-4.53499989863485,2006,3,2006
47.4833,9.66667,2006-03-16,-8.45999981090426,1.7799999602139,-3.33999992534518,2006,3,2006
47.4833,9.66667,2006-03-17,-2.80999993719161,0.519999988377094,-1.14499997440726,2006,3,2006
47.4833,9.66667,2006-03-18,-3.82999991439283,3.42999992333353,-0.199999995529652,2006,3,2006
47.4833,9.66667,2006-03-19,-4.68999989517033,4.20999990589917,-0.239999994635582,2006,3,2006
47.4833,9.66667,2006-03-20,-5.59999987483025,6.98999984376132,0.694999984465539,2006,3,2006
47.4833,9.66667,2006-03-21,-3.73999991640449,11.3099997472018,3.78499991539866,2006,3,2006
47.4833,9.66667,2006-03-22,2.58999994210899,12.0999997295439,7.34499983582646,2006,3,2006
47.4833,9.66667,2006-03-23,2.71999993920326,11.9899997320026,7.35499983560294,2006,3,2006
47.4833,9.66667,2006-03-24,0.669999985024333,3.92999991215765,2.29999994859099,2006,3,2006
47.4833,9.66667,2006-03-25,0.0399999991059303,8.18999981693923,4.11499990802258,2006,3,2006
47.4833,9.66667,2006-03-26,4.37999990209937,11.9899997320026,8.18499981705099,2006,3,2006
47.4833,9.66667,2006-03-27,6.83999984711409,17.19999961555,12.0199997313321,2006,3,2006
47.4833,9.66667,2006-03-28,6.86999984644353,20.1299995500594,13.4999996982515,2006,3,2006
47.4833,9.66667,2006-03-29,4.2499999050051,8.75999980419874,6.50499985460192,2006,3,2006
47.4833,9.66667,2006-03-30,2.77999993786216,9.38999979011714,6.08499986398965,2006,3,2006
47.4833,9.66667,2006-03-31,2.64999994076788,10.9099997561425,6.77999984845519,2006,3,2006
47.4833,9.66667,2006-04-01,7.13999984040856,15.4699996542186,11.3049997473136,2006,4,2006
47.4833,9.66667,2006-04-02,5.97999986633658,16.8399996235967,11.4099997449666,2006,4,2006
47.4833,9.66667,2006-04-03,6.99999984353781,15.2499996591359,11.1249997513369,2006,4,2006
47.4833,9.66667,2006-04-04,4.60999989695847,10.6999997608364,7.65499982889742,2006,4,2006
47.4833,9.66667,2006-04-05,2.52999994345009,12.0899997297674,7.30999983660877,2006,4,2006
47.4833,9.66667,2006-04-06,-0.34999999217689,5.03999988734722,2.34499994758517,2006,4,2006
47.4833,9.66667,2006-04-07,-1.47999996691942,5.91999986767769,2.21999995037913,2006,4,2006
47.4833,9.66667,2006-04-08,-3.1599999293685,9.47999978810549,3.1599999293685,2006,4,2006
47.4833,9.66667,2006-04-09,-0.0899999979883432,15.3499996569008,7.62999982945621,2006,4,2006
47.4833,9.66667,2006-04-10,3.61999991908669,9.78999978117645,6.70499985013157,2006,4,2006
47.4833,9.66667,2006-04-11,0.639999985694885,5.19999988377094,2.91999993473291,2006,4,2006
47.4833,9.66667,2006-04-12,-1.49999996647239,3.41999992355704,0.959999978542328,2006,4,2006
47.4833,9.66667,2006-04-13,-1.47999996691942,3.91999991238117,1.21999997273088,2006,4,2006
47.4833,9.66667,2006-04-14,2.18999995104969,7.94999982230365,5.06999988667667,2006,4,2006
47.4833,9.66667,2006-04-15,4.34999990276992,14.1399996839464,9.24499979335815,2006,4,2006
47.4833,9.66667,2006-04-16,3.0399999320507,16.1199996396899,9.57999978587031,2006,4,2006
47.4833,9.66667,2006-04-17,7.44999983347952,13.2799997031689,10.3649997683242,2006,4,2006
47.4833,9.66667,2006-04-18,5.40999987907708,14.919999666512,10.1649997727945,2006,4,2006
47.4833,9.66667,2006-04-19,6.72999984957278,13.9899996872991,10.359999768436,2006,4,2006
47.4833,9.66667,2006-04-20,4.86999989114702,15.3499996569008,10.1099997740239,2006,4,2006
47.4833,9.66667,2006-04-21,4.85999989137053,17.7599996030331,11.3099997472018,2006,4,2006
47.4833,9.66667,2006-04-22,5.43999987840652,20.6999995373189,13.0699997078627,2006,4,2006
47.4833,9.66667,2006-04-23,6.3699998576194,20.0299995522946,13.199999704957,2006,4,2006
47.4833,9.66667,2006-04-24,7.749999826774,17.8299996014684,12.7899997141212,2006,4,2006
47.4833,9.66667,2006-04-25,5.66999987326562,20.8199995346367,13.2449997039512,2006,4,2006
47.4833,9.66667,2006-04-26,10.2299997713417,18.4899995867163,14.359999679029,2006,4,2006
47.4833,9.66667,2006-04-27,9.5299997869879,15.5599996522069,12.5449997195974,2006,4,2006
47.4833,9.66667,2006-04-28,9.23999979346991,13.6299996953458,11.4349997444078,2006,4,2006
47.4833,9.66667,2006-04-29,8.05999981984496,10.4299997668713,9.24499979335815,2006,4,2006
47.4833,9.66667,2006-04-30,1.21999997273088,7.69999982789159,4.45999990031123,2006,4,2006
47.4833,9.66667,2006-05-01,-1.17999997362494,10.0999997742474,4.45999990031123,2006,5,NA
47.4833,9.66667,2006-05-02,2.20999995060265,15.0399996638298,8.62499980721623,2006,5,NA
47.4833,9.66667,2006-05-03,6.62999985180795,19.789999557659,13.2099997047335,2006,5,NA
47.4833,9.66667,2006-05-04,7.24999983794987,22.959999486804,15.1049996623769,2006,5,NA
47.4833,9.66667,2006-05-05,8.95999979972839,23.0399994850159,15.9999996423721,2006,5,NA
47.4833,9.66667,2006-05-06,9.60999978519976,17.3099996130913,13.4599996991456,2006,5,NA
47.4833,9.66667,2006-05-07,7.25999983772635,18.9799995757639,13.1199997067451,2006,5,NA
47.4833,9.66667,2006-05-08,5.83999986946583,19.8899995554239,12.8649997124448,2006,5,NA
47.4833,9.66667,2006-05-09,7.42999983392656,17.6599996052682,12.5449997195974,2006,5,NA
47.4833,9.66667,2006-05-10,4.65999989584088,9.97999977692962,7.31999983638525,2006,5,NA
47.4833,9.66667,2006-05-11,5.24999988265336,16.5899996291846,10.919999755919,2006,5,NA
47.4833,9.66667,2006-05-12,5.11999988555908,19.7399995587766,12.4299997221678,2006,5,NA
47.4833,9.66667,2006-05-13,6.8899998459965,21.6099995169789,14.2499996814877,2006,5,NA
47.4833,9.66667,2006-05-14,10.4899997655302,19.6099995616823,15.0499996636063,2006,5,NA
47.4833,9.66667,2006-05-15,7.59999983012676,15.9199996441603,11.7599997371435,2006,5,NA
47.4833,9.66667,2006-05-16,6.28999985940754,21.4299995210022,13.8599996902049,2006,5,NA
47.4833,9.66667,2006-05-17,12.7099997159094,20.7199995368719,16.7149996263906,2006,5,NA
47.4833,9.66667,2006-05-18,13.1299997065216,21.8099995125085,17.4699996095151,2006,5,NA
47.4833,9.66667,2006-05-19,11.8699997346848,21.0399995297194,16.4549996322021,2006,5,NA
47.4833,9.66667,2006-05-20,10.3099997695535,17.6099996063858,13.9599996879697,2006,5,NA
47.4833,9.66667,2006-05-21,9.32999979145825,16.6799996271729,13.0049997093156,2006,5,NA
47.4833,9.66667,2006-05-22,8.84999980218709,17.5999996066093,13.2249997043982,2006,5,NA
47.4833,9.66667,2006-05-23,8.99999979883432,24.6199994497001,16.8099996242672,2006,5,NA
47.4833,9.66667,2006-05-24,8.31999981403351,11.5199997425079,9.91999977827072,2006,5,NA
47.4833,9.66667,2006-05-25,8.07999981939793,15.4199996553361,11.749999737367,2006,5,NA
47.4833,9.66667,2006-05-26,6.37999985739589,15.0899996627122,10.7349997600541,2006,5,NA
47.4833,9.66667,2006-05-27,10.1899997722358,19.8199995569885,15.0049996646121,2006,5,NA
47.4833,9.66667,2006-05-28,13.6499996948987,20.0199995525181,16.8349996237084,2006,5,NA
47.4833,9.66667,2006-05-29,11.8499997351319,17.5599996075034,14.7049996713176,2006,5,NA
47.4833,9.66667,2006-05-30,6.80999984778464,13.199999704957,10.0049997763708,2006,5,NA
47.4833,9.66667,2006-05-31,3.0999999307096,8.21999981626868,5.65999987348914,2006,5,NA
47.4833,9.66667,2006-06-01,2.70999993942678,9.51999978721142,6.1149998633191,2006,6,NA
47.4833,9.66667,2006-06-02,3.10999993048608,8.91999980062246,6.01499986555427,2006,6,NA
47.4833,9.66667,2006-06-03,3.31999992579222,10.3899997677654,6.85499984677881,2006,6,NA
47.4833,9.66667,2006-06-04,4.72999989427626,14.2299996819347,9.47999978810549,2006,6,NA
47.4833,9.66667,2006-06-05,6.56999985314906,14.5299996752292,10.5499997641891,2006,6,NA
47.4833,9.66667,2006-06-06,4.89999989047647,15.0899996627122,9.99499977659434,2006,6,NA
47.4833,9.66667,2006-06-07,6.2599998600781,14.5499996747822,10.4049997674301,2006,6,NA
47.4833,9.66667,2006-06-08,3.66999991796911,17.529999608174,10.5999997630715,2006,6,NA
47.4833,9.66667,2006-06-09,5.48999987728894,19.5799995623529,12.5349997198209,2006,6,NA
47.4833,9.66667,2006-06-10,6.63999985158443,21.0599995292723,13.8499996904284,2006,6,NA
47.4833,9.66667,2006-06-11,8.2099998164922,23.249999480322,15.7299996484071,2006,6,NA
47.4833,9.66667,2006-06-12,10.4299997668713,23.6199994720519,17.0249996194616,2006,6,NA
47.4833,9.66667,2006-06-13,9.82999978028238,25.2199994362891,17.5249996082857,2006,6,NA
47.4833,9.66667,2006-06-14,11.9599997326732,26.5999994054437,19.2799995690584,2006,6,NA
47.4833,9.66667,2006-06-15,13.0099997092038,27.7399993799627,20.3749995445833,2006,6,NA
47.4833,9.66667,2006-06-16,14.4399996772408,28.9799993522465,21.7099995147437,2006,6,NA
47.4833,9.66667,2006-06-17,15.9099996443838,27.1699993927032,21.5399995185435,2006,6,NA
47.4833,9.66667,2006-06-18,15.1299996618181,26.2299994137138,20.679999537766,2006,6,NA
47.4833,9.66667,2006-06-19,15.519999653101,28.3899993654341,21.9549995092675,2006,6,NA
47.4833,9.66667,2006-06-20,14.8599996678531,25.8799994215369,20.369999544695,2006,6,NA
47.4833,9.66667,2006-06-21,15.3999996557832,27.9899993743747,21.694999515079,2006,6,NA
47.4833,9.66667,2006-06-22,16.6499996278435,26.8899993989617,21.7699995134026,2006,6,NA
47.4833,9.66667,2006-06-23,15.1599996611476,21.1499995272607,18.1549995942041,2006,6,NA
47.4833,9.66667,2006-06-24,15.0499996636063,23.0399994850159,19.0449995743111,2006,6,NA
47.4833,9.66667,2006-06-25,14.1099996846169,27.2599993906915,20.6849995376542,2006,6,NA
47.4833,9.66667,2006-06-26,17.3799996115267,30.3699993211776,23.8749994663522,2006,6,NA
47.4833,9.66667,2006-06-27,15.6699996497482,25.0199994407594,20.3449995452538,2006,6,NA
47.4833,9.66667,2006-06-28,15.8899996448308,26.5299994070083,21.2099995259196,2006,6,NA
47.4833,9.66667,2006-06-29,15.8799996450543,24.389999454841,20.1349995499477,2006,6,NA
47.4833,9.66667,2006-06-30,14.7799996696413,22.3399995006621,18.5599995851517,2006,6,NA
47.4833,9.66667,2006-07-01,12.8399997130036,24.6899994481355,18.7649995805696,2006,7,NA
47.4833,9.66667,2006-07-02,13.1299997065216,24.6199994497001,18.8749995781109,2006,7,NA
47.4833,9.66667,2006-07-03,12.8999997116625,25.9399994201958,19.4199995659292,2006,7,NA
47.4833,9.66667,2006-07-04,12.4599997214973,27.7599993795156,20.1099995505065,2006,7,NA
47.4833,9.66667,2006-07-05,16.4499996323138,29.4399993419647,22.9449994871393,2006,7,NA
47.4833,9.66667,2006-07-06,15.499999653548,29.7799993343651,22.6399994939566,2006,7,NA
47.4833,9.66667,2006-07-07,14.049999685958,23.9899994637817,19.0199995748699,2006,7,NA
47.4833,9.66667,2006-07-08,15.0299996640533,18.10999959521,16.5699996296316,2006,7,NA
47.4833,9.66667,2006-07-09,15.20999966003,22.5799994952977,18.8949995776638,2006,7,NA
47.4833,9.66667,2006-07-10,13.7299996931106,25.9299994204193,19.829999556765,2006,7,NA
47.4833,9.66667,2006-07-11,15.3699996564537,26.959999397397,21.1649995269254,2006,7,NA
47.4833,9.66667,2006-07-12,15.7599996477365,29.3899993430823,22.5749994954094,2006,7,NA
47.4833,9.66667,2006-07-13,16.8799996227026,29.4699993412942,23.1749994819984,2006,7,NA
47.4833,9.66667,2006-07-14,16.0199996419251,28.5299993623048,22.274999502115,2006,7,NA
47.4833,9.66667,2006-07-15,16.0399996414781,28.6199993602931,22.3299995008856,2006,7,NA
47.4833,9.66667,2006-07-16,16.2799996361136,26.4499994087964,21.364999522455,2006,7,NA
47.4833,9.66667,2006-07-17,14.1999996826053,26.2599994130433,20.2299995478243,2006,7,NA
47.4833,9.66667,2006-07-18,12.909999711439,27.4199993871152,20.1649995492771,2006,7,NA
47.4833,9.66667,2006-07-19,13.1899997051805,29.6699993368238,21.4299995210022,2006,7,NA
47.4833,9.66667,2006-07-20,14.1299996841699,31.1299993041903,22.6299994941801,2006,7,NA
47.4833,9.66667,2006-07-21,16.8799996227026,31.4399992972612,24.1599994599819,2006,7,NA
47.4833,9.66667,2006-07-22,18.1499995943159,31.6499992925674,24.8999994434416,2006,7,NA
47.4833,9.66667,2006-07-23,16.4099996332079,31.4799992963672,23.9449994647875,2006,7,NA
47.4833,9.66667,2006-07-24,17.6299996059388,28.2899993676692,22.959999486804,2006,7,NA
47.4833,9.66667,2006-07-25,16.2799996361136,30.7999993115664,23.53999947384,2006,7,NA
47.4833,9.66667,2006-07-26,17.1099996175617,31.7599992901087,24.4349994538352,2006,7,NA
47.4833,9.66667,2006-07-27,17.509999608621,30.1099993269891,23.809999467805,2006,7,NA
47.4833,9.66667,2006-07-28,17.7099996041507,31.7699992898852,24.7399994470179,2006,7,NA
47.4833,9.66667,2006-07-29,16.7899996247143,28.0799993723631,22.4349994985387,2006,7,NA
47.4833,9.66667,2006-07-30,16.2399996370077,22.8899994883686,19.5649995626882,2006,7,NA
47.4833,9.66667,2006-07-31,15.3999996557832,28.6699993591756,22.0349995074794,2006,7,NA
47.4833,9.66667,2006-08-01,17.1499996166676,28.5699993614107,22.8599994890392,2006,8,NA
47.4833,9.66667,2006-08-02,15.2699996586889,19.4499995652586,17.3599996119738,2006,8,NA
47.4833,9.66667,2006-08-03,13.6099996957928,20.8899995330721,17.2499996144325,2006,8,NA
47.4833,9.66667,2006-08-04,10.9999997541308,15.2999996580184,13.1499997060746,2006,8,NA
47.4833,9.66667,2006-08-05,10.7699997592717,16.2699996363372,13.5199996978045,2006,8,NA
47.4833,9.66667,2006-08-06,11.2299997489899,17.1899996157736,14.2099996823817,2006,8,NA
47.4833,9.66667,2006-08-07,12.6899997163564,16.5999996289611,14.6449996726587,2006,8,NA
47.4833,9.66667,2006-08-08,12.4699997212738,18.9099995773286,15.6899996493012,2006,8,NA
47.4833,9.66667,2006-08-09,11.6499997396022,21.5699995178729,16.6099996287376,2006,8,NA
47.4833,9.66667,2006-08-10,12.0099997315556,19.5499995630234,15.7799996472895,2006,8,NA
47.4833,9.66667,2006-08-11,10.9599997550249,17.4799996092916,14.2199996821582,2006,8,NA
47.4833,9.66667,2006-08-12,10.0799997746944,13.779999691993,11.9299997333437,2006,8,NA
47.4833,9.66667,2006-08-13,8.94999979995191,14.9999996647239,11.9749997323379,2006,8,NA
47.4833,9.66667,2006-08-14,8.4399998113513,12.889999711886,10.6649997616187,2006,8,NA
47.4833,9.66667,2006-08-15,9.18999979458749,16.0899996403605,12.639999717474,2006,8,NA
47.4833,9.66667,2006-08-16,10.1999997720122,20.969999531284,15.5849996516481,2006,8,NA
47.4833,9.66667,2006-08-17,11.2999997474253,18.8599995784461,15.0799996629357,2006,8,NA
47.4833,9.66667,2006-08-18,12.1899997275323,25.3299994338304,18.7599995806813,2006,8,NA
47.4833,9.66667,2006-08-19,13.1599997058511,22.669999493286,17.9149995995685,2006,8,NA
47.4833,9.66667,2006-08-20,11.5899997409433,24.7199994474649,18.1549995942041,2006,8,NA
47.4833,9.66667,2006-08-21,13.75999969244,18.8099995795637,16.2849996360019,2006,8,NA
47.4833,9.66667,2006-08-22,12.1299997288734,19.7299995590001,15.9299996439368,2006,8,NA
47.4833,9.66667,2006-08-23,12.1999997273088,17.2899996135384,14.7449996704236,2006,8,NA
47.4833,9.66667,2006-08-24,10.1699997726828,21.5799995176494,15.8749996451661,2006,8,NA
47.4833,9.66667,2006-08-25,11.5699997413903,20.8999995328486,16.2349996371195,2006,8,NA
47.4833,9.66667,2006-08-26,9.5299997869879,19.1799995712936,14.3549996791407,2006,8,NA
47.4833,9.66667,2006-08-27,8.42999981157482,20.2499995473772,14.339999679476,2006,8,NA
47.4833,9.66667,2006-08-28,11.4699997436255,15.6299996506423,13.5499996971339,2006,8,NA
47.4833,9.66667,2006-08-29,9.66999978385866,15.4499996546656,12.5599997192621,2006,8,NA
47.4833,9.66667,2006-08-30,7.48999983258545,14.2099996823817,10.8499997574836,2006,8,NA
47.4833,9.66667,2006-08-31,7.15999983996153,13.2599997036159,10.2099997717887,2006,8,NA
47.4833,9.66667,2006-09-01,7.00999984331429,17.8999995999038,12.4549997216091,2006,9,NA
47.4833,9.66667,2006-09-02,6.84999984689057,21.9499995093793,14.3999996781349,2006,9,NA
47.4833,9.66667,2006-09-03,11.4299997445196,23.4899994749576,17.4599996097386,2006,9,NA
47.4833,9.66667,2006-09-04,15.2399996593595,22.7199994921684,18.9799995757639,2006,9,NA
47.4833,9.66667,2006-09-05,17.7599996030331,25.7499994244426,21.7549995137379,2006,9,NA
47.4833,9.66667,2006-09-06,15.8199996463954,25.7499994244426,20.784999535419,2006,9,NA
47.4833,9.66667,2006-09-07,12.8699997123331,24.409999454394,18.6399995833635,2006,9,NA
47.4833,9.66667,2006-09-08,14.3999996781349,26.5099994074553,20.4549995427951,2006,9,NA
47.4833,9.66667,2006-09-09,11.5199997425079,17.8699996005744,14.6949996715412,2006,9,NA
47.4833,9.66667,2006-09-10,8.39999981224537,21.3499995227903,14.8749996675178,2006,9,NA
47.4833,9.66667,2006-09-11,10.2699997704476,23.2899994794279,16.7799996249378,2006,9,NA
47.4833,9.66667,2006-09-12,13.6499996948987,24.389999454841,19.0199995748699,2006,9,NA
47.4833,9.66667,2006-09-13,12.0899997297674,23.8699994664639,17.9799995981157,2006,9,NA
47.4833,9.66667,2006-09-14,12.4199997223914,24.6399994492531,18.5299995858222,2006,9,NA
47.4833,9.66667,2006-09-15,14.0799996852875,25.1199994385242,19.5999995619059,2006,9,NA
47.4833,9.66667,2006-09-16,14.4199996776879,22.5099994968623,18.4649995872751,2006,9,NA
47.4833,9.66667,2006-09-17,11.9499997328967,21.0099995303899,16.4799996316433,2006,9,NA
47.4833,9.66667,2006-09-18,14.2099996823817,17.2499996144325,15.7299996484071,2006,9,NA
47.4833,9.66667,2006-09-19,13.2499997038394,15.4899996537715,14.3699996788055,2006,9,NA
47.4833,9.66667,2006-09-20,12.3399997241795,18.10999959521,15.2249996596947,2006,9,NA
47.4833,9.66667,2006-09-21,10.2999997697771,21.0799995288253,15.6899996493012,2006,9,NA
47.4833,9.66667,2006-09-22,10.2199997715652,22.649999493733,16.4349996326491,2006,9,NA
47.4833,9.66667,2006-09-23,10.9099997561425,23.7699994686991,17.3399996124208,2006,9,NA
47.4833,9.66667,2006-09-24,11.0899997521192,21.259999524802,16.1749996384606,2006,9,NA
47.4833,9.66667,2006-09-25,12.7599997147918,22.8799994885921,17.819999601692,2006,9,NA
47.4833,9.66667,2006-09-26,12.3199997246265,17.7399996034801,15.0299996640533,2006,9,NA
47.4833,9.66667,2006-09-27,11.8099997360259,13.6399996951222,12.7249997155741,2006,9,NA
47.4833,9.66667,2006-09-28,11.1799997501075,16.949999621138,14.0649996856228,2006,9,NA
47.4833,9.66667,2006-09-29,9.51999978721142,17.4499996099621,13.4849996985868,2006,9,NA
47.4833,9.66667,2006-09-30,9.80999978072941,20.5499995406717,15.1799996607006,2006,9,NA
47.4833,9.66667,2006-10-01,11.9099997337908,20.8499995339662,16.3799996338785,2006,10,2007
47.4833,9.66667,2006-10-02,13.75999969244,17.5599996075034,15.6599996499717,2006,10,2007
47.4833,9.66667,2006-10-03,13.3699997011572,20.8099995348603,17.0899996180087,2006,10,2007
47.4833,9.66667,2006-10-04,11.4499997440726,21.9299995098263,16.6899996269494,2006,10,2007
47.4833,9.66667,2006-10-05,8.45999981090426,14.2799996808171,11.3699997458607,2006,10,2007
47.4833,9.66667,2006-10-06,7.02999984286726,13.779999691993,10.4049997674301,2006,10,2007
47.4833,9.66667,2006-10-07,6.29999985918403,17.4099996108562,11.8549997350201,2006,10,2007
47.4833,9.66667,2006-10-08,7.16999983973801,14.339999679476,10.754999759607,2006,10,2007
47.4833,9.66667,2006-10-09,4.45999990031123,17.1599996164441,10.8099997583777,2006,10,2007
47.4833,9.66667,2006-10-10,5.63999987393618,18.9799995757639,12.3099997248501,2006,10,2007
47.4833,9.66667,2006-10-11,7.15999983996153,18.7099995817989,12.9349997108802,2006,10,2007
47.4833,9.66667,2006-10-12,7.43999983370304,18.4099995885044,12.9249997111037,2006,10,2007
47.4833,9.66667,2006-10-13,7.71999982744455,18.1799995936453,12.9499997105449,2006,10,2007
47.4833,9.66667,2006-10-14,7.94999982230365,17.1799996159971,12.5649997191504,2006,10,2007
47.4833,9.66667,2006-10-15,9.42999978922307,15.0799996629357,12.2549997260794,2006,10,2007
47.4833,9.66667,2006-10-16,8.06999981962144,14.1999996826053,11.1349997511134,2006,10,2007
47.4833,9.66667,2006-10-17,6.05999986454844,13.0399997085333,9.54999978654087,2006,10,2007
47.4833,9.66667,2006-10-18,4.95999988913536,16.6999996267259,10.8299997579306,2006,10,2007
47.4833,9.66667,2006-10-19,4.91999989002943,15.9699996430427,10.4449997665361,2006,10,2007
47.4833,9.66667,2006-10-20,7.94999982230365,17.0799996182323,12.514999720268,2006,10,2007
47.4833,9.66667,2006-10-21,8.58999980799854,18.5199995860457,13.5549996970221,2006,10,2007
47.4833,9.66667,2006-10-22,9.759999781847,17.6599996052682,13.7099996935576,2006,10,2007
47.4833,9.66667,2006-10-23,9.28999979235232,20.0499995518476,14.6699996720999,2006,10,2007
47.4833,9.66667,2006-10-24,11.6299997400492,18.1399995945394,14.8849996672943,2006,10,2007
47.4833,9.66667,2006-10-25,8.61999980732799,17.6499996054918,13.1349997064099,2006,10,2007
47.4833,9.66667,2006-10-26,6.21999986097217,18.2999995909631,12.2599997259676,2006,10,2007
47.4833,9.66667,2006-10-27,8.47999981045723,22.399999499321,15.4399996548891,2006,10,2007
47.4833,9.66667,2006-10-28,9.83999978005886,21.0199995301664,15.4299996551126,2006,10,2007
47.4833,9.66667,2006-10-29,11.3099997472018,20.0099995527416,15.6599996499717,2006,10,2007
47.4833,9.66667,2006-10-30,9.94999977760017,14.5899996738881,12.2699997257441,2006,10,2007
47.4833,9.66667,2006-10-31,5.95999986678362,14.7799996696413,10.3699997682124,2006,10,2007
47.4833,9.66667,2006-11-01,4.84999989159405,17.1299996171147,10.9899997543544,2006,11,2007
47.4833,9.66667,2006-11-02,1.89999995753169,12.6699997168034,7.28499983716756,2006,11,2007
47.4833,9.66667,2006-11-03,-1.65999996289611,4.27999990433455,1.30999997071922,2006,11,2007
47.4833,9.66667,2006-11-04,-1.89999995753169,3.22999992780387,0.664999985136092,2006,11,2007
47.4833,9.66667,2006-11-05,-1.96999995596707,6.5999998524785,2.31499994825572,2006,11,2007
47.4833,9.66667,2006-11-06,-1.55999996513128,7.75999982655048,3.0999999307096,2006,11,2007
47.4833,9.66667,2006-11-07,-0.949999978765845,11.1299997512251,5.08999988622963,2006,11,2007
47.4833,9.66667,2006-11-08,0.589999986812472,13.3599997013807,6.9749998440966,2006,11,2007
47.4833,9.66667,2006-11-09,1.18999997340143,14.2599996812642,7.72499982733279,2006,11,2007
47.4833,9.66667,2006-11-10,6.24999986030161,11.1299997512251,8.68999980576336,2006,11,2007
47.4833,9.66667,2006-11-11,0.959999978542328,9.13999979570508,5.0499998871237,2006,11,2007
47.4833,9.66667,2006-11-12,0.279999993741512,10.339999768883,5.30999988131225,2006,11,2007
47.4833,9.66667,2006-11-13,4.54999989829957,9.56999978609383,7.0599998421967,2006,11,2007
47.4833,9.66667,2006-11-14,4.72999989427626,9.68999978341162,7.20999983884394,2006,11,2007
47.4833,9.66667,2006-11-15,7.04999984242022,12.6999997161329,9.87499977927655,2006,11,2007
47.4833,9.66667,2006-11-16,5.2799998819828,15.1299996618181,10.2049997719005,2006,11,2007
47.4833,9.66667,2006-11-17,4.96999988891184,16.1599996387959,10.5649997638538,2006,11,2007
47.4833,9.66667,2006-11-18,8.62999980710447,15.3299996573478,11.9799997322261,2006,11,2007
47.4833,9.66667,2006-11-19,6.03999986499548,12.5799997188151,9.30999979190528,2006,11,2007
47.4833,9.66667,2006-11-20,2.9299999345094,12.6099997181445,7.76999982632697,2006,11,2007
47.4833,9.66667,2006-11-21,2.79999993741512,9.41999978944659,6.10999986343086,2006,11,2007
47.4833,9.66667,2006-11-22,3.08999993093312,9.27999979257584,6.18499986175448,2006,11,2007
47.4833,9.66667,2006-11-23,0.239999994635582,5.68999987281859,2.96499993372709,2006,11,2007
47.4833,9.66667,2006-11-24,0.879999980330467,11.3399997465312,6.10999986343086,2006,11,2007
47.4833,9.66667,2006-11-25,5.21999988332391,16.8399996235967,11.0299997534603,2006,11,2007
47.4833,9.66667,2006-11-26,8.81999980285764,19.3599995672703,14.089999685064,2006,11,2007
47.4833,9.66667,2006-11-27,4.86999989114702,15.8199996463954,10.3449997687712,2006,11,2007
47.4833,9.66667,2006-11-28,2.81999993696809,11.3799997456372,7.09999984130263,2006,11,2007
47.4833,9.66667,2006-11-29,0.57999998703599,7.88999982364476,4.23499990534037,2006,11,2007
47.4833,9.66667,2006-11-30,1.81999995931983,7.86999982409179,4.84499989170581,2006,11,2007
47.4833,9.66667,2006-12-01,4.09999990835786,8.59999980777502,6.34999985806644,2006,12,2007
47.4833,9.66667,2006-12-02,0.739999983459711,7.37999983504415,4.05999990925193,2006,12,2007
47.4833,9.66667,2006-12-03,-1.41999996826053,5.76999987103045,2.17499995138496,2006,12,2007
47.4833,9.66667,2006-12-04,0.399999991059303,11.7099997382611,6.0549998646602,2006,12,2007
47.4833,9.66667,2006-12-05,4.90999989025295,11.0999997518957,8.00499982107431,2006,12,2007
47.4833,9.66667,2006-12-06,5.99999986588955,14.2099996823817,10.1049997741356,2006,12,2007
47.4833,9.66667,2006-12-07,3.05999993160367,11.1399997510016,7.09999984130263,2006,12,2007
47.4833,9.66667,2006-12-08,1.47999996691942,9.08999979682267,5.28499988187104,2006,12,2007
47.4833,9.66667,2006-12-09,2.4099999461323,17.4299996104091,9.91999977827072,2006,12,2007
47.4833,9.66667,2006-12-10,0.439999990165234,3.27999992668629,1.85999995842576,2006,12,2007
47.4833,9.66667,2006-12-11,-2.05999995395541,4.12999990768731,1.03499997686595,2006,12,2007
47.4833,9.66667,2006-12-12,-3.91999991238117,3.50999992154539,-0.204999995417893,2006,12,2007
47.4833,9.66667,2006-12-13,0.34999999217689,4.95999988913536,2.65499994065613,2006,12,2007
47.4833,9.66667,2006-12-14,-2.34999994747341,5.87999986857176,1.76499996054918,2006,12,2007
47.4833,9.66667,2006-12-15,-2.53999994322658,5.38999987952411,1.42499996814877,2006,12,2007
47.4833,9.66667,2006-12-16,-1.76999996043742,5.37999987974763,1.80499995965511,2006,12,2007
47.4833,9.66667,2006-12-17,-1.35999996960163,7.71999982744455,3.17999992892146,2006,12,2007
47.4833,9.66667,2006-12-18,0.949999978765845,6.86999984644353,3.90999991260469,2006,12,2007
47.4833,9.66667,2006-12-19,-1.25999997183681,2.36999994702637,0.554999987594783,2006,12,2007
47.4833,9.66667,2006-12-20,-2.42999994568527,1.40999996848404,-0.509999988600612,2006,12,2007
47.4833,9.66667,2006-12-21,-5.03999988734722,0.739999983459711,-2.14999995194376,2006,12,2007
47.4833,9.66667,2006-12-22,-5.90999986790121,1.70999996177852,-2.09999995306134,2006,12,2007
47.4833,9.66667,2006-12-23,-5.2799998819828,1.12999997474253,-2.07499995362014,2006,12,2007
47.4833,9.66667,2006-12-24,-6.029999865219,1.01999997720122,-2.50499994400889,2006,12,2007
47.4833,9.66667,2006-12-25,-5.70999987237155,-1.49999996647239,-3.60499991942197,2006,12,2007
47.4833,9.66667,2006-12-26,-4.80999989248812,-0.599999986588955,-2.70499993953854,2006,12,2007
47.4833,9.66667,2006-12-27,-5.01999988779426,-1.34999996982515,-3.1849999288097,2006,12,2007
47.4833,9.66667,2006-12-28,-5.69999987259507,2.91999993473291,-1.38999996893108,2006,12,2007
47.4833,9.66667,2006-12-29,-3.71999991685152,4.48999989964068,0.384999991394579,2006,12,2007
47.4833,9.66667,2006-12-30,-2.60999994166195,6.06999986432493,1.72999996133149,2006,12,2007
47.4833,9.66667,2006-12-31,-3.43999992311001,8.46999981068075,2.51499994378537,2006,12,2007
47.4833,9.66667,2007-01-01,4.08999990858138,11.4699997436255,7.77999982610345,2007,1,2007
47.4833,9.66667,2007-01-02,1.9499999564141,10.2899997700006,6.11999986320734,2007,1,2007
47.4833,9.66667,2007-01-03,0.34999999217689,4.14999990724027,2.24999994970858,2007,1,2007
47.4833,9.66667,2007-01-04,0.419999990612268,4.22999990545213,2.3249999480322,2007,1,2007
47.4833,9.66667,2007-01-05,1.87999995797873,6.54999985359609,4.21499990578741,2007,1,2007
47.4833,9.66667,2007-01-06,3.36999992467463,6.21999986097217,4.7949998928234,2007,1,2007
47.4833,9.66667,2007-01-07,3.21999992802739,8.8399998024106,6.029999865219,2007,1,2007
47.4833,9.66667,2007-01-08,3.42999992333353,8.17999981716275,5.80499987024814,2007,1,2007
47.4833,9.66667,2007-01-09,3.35999992489815,9.60999978519976,6.48499985504895,2007,1,2007
47.4833,9.66667,2007-01-10,5.41999987885356,10.2199997715652,7.81999982520938,2007,1,2007
47.4833,9.66667,2007-01-11,3.47999992221594,12.1799997277558,7.82999982498586,2007,1,2007
47.4833,9.66667,2007-01-12,6.51999985426664,11.5199997425079,9.01999979838729,2007,1,2007
47.4833,9.66667,2007-01-13,5.39999987930059,9.22999979369342,7.31499983649701,2007,1,2007
47.4833,9.66667,2007-01-14,1.50999996624887,11.4399997442961,6.47499985527247,2007,1,2007
47.4833,9.66667,2007-01-15,0.389999991282821,10.2699997704476,5.32999988086522,2007,1,2007
47.4833,9.66667,2007-01-16,-2.24999994970858,5.31999988108873,1.53499996569008,2007,1,2007
47.4833,9.66667,2007-01-17,-0.639999985694885,6.60999985225499,2.98499993328005,2007,1,2007
47.4833,9.66667,2007-01-18,3.11999993026257,10.4599997662008,6.78999984823167,2007,1,2007
47.4833,9.66667,2007-01-19,5.89999986812472,13.2099997047335,9.55499978642911,2007,1,2007
47.4833,9.66667,2007-01-20,9.37999979034066,13.1299997065216,11.2549997484311,2007,1,2007
47.4833,9.66667,2007-01-21,7.5799998305738,13.0699997078627,10.3249997692183,2007,1,2007
47.4833,9.66667,2007-01-22,2.33999994769692,9.2999997921288,5.81999986991286,2007,1,2007
47.4833,9.66667,2007-01-23,-0.0799999982118607,4.98999988846481,2.45499994512647,2007,1,2007
47.4833,9.66667,2007-01-24,-2.79999993741512,2.26999994926155,-0.264999994076788,2007,1,2007
47.4833,9.66667,2007-01-25,-7.53999983146787,-3.33999992534518,-5.43999987840652,2007,1,2007
47.4833,9.66667,2007-01-26,-7.92999982275069,-4.82999989204109,-6.37999985739589,2007,1,2007
47.4833,9.66667,2007-01-27,-9.85999977961183,-4.07999990880489,-6.96999984420836,2007,1,2007
47.4833,9.66667,2007-01-28,-5.95999986678362,-0.559999987483025,-3.25999992713332,2007,1,2007
47.4833,9.66667,2007-01-29,-1.8399999588728,3.35999992489815,0.759999983012676,2007,1,2007
47.4833,9.66667,2007-01-30,-2.6999999396503,4.96999988891184,1.13499997463077,2007,1,2007
47.4833,9.66667,2007-01-31,-5.0499998871237,5.09999988600612,0.0249999994412065,2007,1,2007
47.4833,9.66667,2007-02-01,-4.99999988824129,2.22999995015562,-1.38499996904284,2007,2,2007
47.4833,9.66667,2007-02-02,-2.009999955073,3.23999992758036,0.614999986253679,2007,2,2007
47.4833,9.66667,2007-02-03,-1.51999996602535,4.79999989271164,1.63999996334314,2007,2,2007
47.4833,9.66667,2007-02-04,-1.10999997518957,4.33999990299344,1.61499996390194,2007,2,2007
47.4833,9.66667,2007-02-05,-2.68999993987381,6.03999986499548,1.67499996256083,2007,2,2007
47.4833,9.66667,2007-02-06,-2.81999993696809,9.07999979704618,3.12999993003905,2007,2,2007
47.4833,9.66667,2007-02-07,0.0499999988824129,3.40999992378056,1.72999996133149,2007,2,2007
47.4833,9.66667,2007-02-08,-0.179999995976686,5.25999988242984,2.53999994322658,2007,2,2007
47.4833,9.66667,2007-02-09,0.829999981448054,7.07999984174967,3.95499991159886,2007,2,2007
47.4833,9.66667,2007-02-10,-0.729999983683228,9.22999979369342,4.2499999050051,2007,2,2007
47.4833,9.66667,2007-02-11,-1.62999996356666,7.53999983146787,2.9549999339506,2007,2,2007
47.4833,9.66667,2007-02-12,1.62999996356666,8.16999981738627,4.89999989047647,2007,2,2007
47.4833,9.66667,2007-02-13,3.31999992579222,8.54999980889261,5.93499986734241,2007,2,2007
47.4833,9.66667,2007-02-14,1.58999996446073,7.06999984197319,4.32999990321696,2007,2,2007
47.4833,9.66667,2007-02-15,-0.96999997831881,8.4399998113513,3.73499991651624,2007,2,2007
47.4833,9.66667,2007-02-16,0.599999986588955,8.64999980665743,4.62499989662319,2007,2,2007
47.4833,9.66667,2007-02-17,-2.12999995239079,10.7199997603893,4.29499990399927,2007,2,2007
47.4833,9.66667,2007-02-18,-1.80999995954335,7.48999983258545,2.83999993652105,2007,2,2007
47.4833,9.66667,2007-02-19,-1.85999995842576,10.5099997650832,4.32499990332872,2007,2,2007
47.4833,9.66667,2007-02-20,0.88999998010695,10.9499997552484,5.91999986767769,2007,2,2007
47.4833,9.66667,2007-02-21,-0.459999989718199,10.9499997552484,5.24499988276511,2007,2,2007
47.4833,9.66667,2007-02-22,-0.959999978542328,12.4999997206032,5.76999987103045,2007,2,2007
47.4833,9.66667,2007-02-23,1.75999996066093,12.6099997181445,7.18499983940274,2007,2,2007
47.4833,9.66667,2007-02-24,3.05999993160367,12.059999730438,7.55999983102083,2007,2,2007
47.4833,9.66667,2007-02-25,1.20999997295439,11.8799997344613,6.54499985370785,2007,2,2007
47.4833,9.66667,2007-02-26,2.4099999461323,9.02999979816377,5.71999987214804,2007,2,2007
47.4833,9.66667,2007-02-27,2.6999999396503,5.14999988488853,3.92499991226941,2007,2,2007
47.4833,9.66667,2007-02-28,2.30999994836748,7.88999982364476,5.09999988600612,2007,2,2007
47.4833,9.66667,2007-03-01,5.20999988354743,11.3099997472018,8.25999981537461,2007,3,2007
47.4833,9.66667,2007-03-02,4.27999990433455,9.39999978989363,6.83999984711409,2007,3,2007
47.4833,9.66667,2007-03-03,1.95999995619059,7.42999983392656,4.69499989505857,2007,3,2007
47.4833,9.66667,2007-03-04,4.26999990455806,10.0899997744709,7.17999983951449,2007,3,2007
47.4833,9.66667,2007-03-05,2.14999995194376,14.0999996848404,8.1249998183921,2007,3,2007
47.4833,9.66667,2007-03-06,2.009999955073,12.2699997257441,7.13999984040856,2007,3,2007
47.4833,9.66667,2007-03-07,-0.599999986588955,12.6499997172505,6.02499986533076,2007,3,2007
47.4833,9.66667,2007-03-08,4.14999990724027,9.96999977715313,7.0599998421967,2007,3,2007
47.4833,9.66667,2007-03-09,2.98999993316829,8.47999981045723,5.73499987181276,2007,3,2007
47.4833,9.66667,2007-03-10,-0.61999998614192,10.4599997662008,4.91999989002943,2007,3,2007
47.4833,9.66667,2007-03-11,-0.499999988824129,6.12999986298382,2.81499993707985,2007,3,2007
47.4833,9.66667,2007-03-12,-3.14999992959201,9.32999979145825,3.08999993093312,2007,3,2007
47.4833,9.66667,2007-03-13,-1.9499999564141,11.6699997391552,4.85999989137053,2007,3,2007
47.4833,9.66667,2007-03-14,0.649999985471368,14.6099996734411,7.62999982945621,2007,3,2007
47.4833,9.66667,2007-03-15,1.00999997742474,14.7299996707588,7.86999982409179,2007,3,2007
47.4833,9.66667,2007-03-16,1.57999996468425,13.8399996906519,7.70999982766807,2007,3,2007
47.4833,9.66667,2007-03-17,1.78999995999038,13.6899996940047,7.73999982699752,2007,3,2007
47.4833,9.66667,2007-03-18,2.96999993361533,10.4799997657537,6.72499984968454,2007,3,2007
47.4833,9.66667,2007-03-19,1.16999997384846,13.8799996897578,7.52499983180314,2007,3,2007
47.4833,9.66667,2007-03-20,-0.589999986812472,4.62999989651144,2.01999995484948,2007,3,2007
47.4833,9.66667,2007-03-21,-1.74999996088445,1.18999997340143,-0.279999993741512,2007,3,2007
47.4833,9.66667,2007-03-22,-2.14999995194376,3.4999999217689,0.674999984912574,2007,3,2007
47.4833,9.66667,2007-03-23,-2.80999993719161,3.11999993026257,0.15499999653548,2007,3,2007
47.4833,9.66667,2007-03-24,-1.00999997742474,2.09999995306134,0.544999987818301,2007,3,2007
47.4833,9.66667,2007-03-25,-1.11999997496605,3.86999991349876,1.37499996926636,2007,3,2007
47.4833,9.66667,2007-03-26,-0.789999982342124,8.28999981470406,3.74999991618097,2007,3,2007
47.4833,9.66667,2007-03-27,-0.879999980330467,13.7899996917695,6.45499985571951,2007,3,2007
47.4833,9.66667,2007-03-28,0.199999995529652,12.8099997136742,6.50499985460192,2007,3,2007
47.4833,9.66667,2007-03-29,0.359999991953373,12.9399997107685,6.64999985136092,2007,3,2007
47.4833,9.66667,2007-03-30,1.82999995909631,13.3399997018278,7.58499983046204,2007,3,2007
47.4833,9.66667,2007-03-31,0.739999983459711,14.1899996828288,7.46499983314425,2007,3,2007
47.4833,9.66667,2007-04-01,0.989999977871776,9.56999978609383,5.2799998819828,2007,4,2007
47.4833,9.66667,2007-04-02,0.239999994635582,13.0799997076392,6.6599998511374,2007,4,2007
47.4833,9.66667,2007-04-03,2.22999995015562,16.2999996356666,9.26499979291111,2007,4,2007
47.4833,9.66667,2007-04-04,2.21999995037913,14.1299996841699,8.17499981727451,2007,4,2007
47.4833,9.66667,2007-04-05,1.5499999653548,6.58999985270202,4.06999990902841,2007,4,2007
47.4833,9.66667,2007-04-06,1.30999997071922,11.5099997427315,6.40999985672534,2007,4,2007
47.4833,9.66667,2007-04-07,0.999999977648258,16.4599996320903,8.72999980486929,2007,4,2007
47.4833,9.66667,2007-04-08,3.1599999293685,17.4999996088445,10.3299997691065,2007,4,2007
47.4833,9.66667,2007-04-09,4.57999989762902,13.5999996960163,9.08999979682267,2007,4,2007
47.4833,9.66667,2007-04-10,2.34999994747341,17.3999996110797,9.87499977927655,2007,4,2007
47.4833,9.66667,2007-04-11,4.54999989829957,18.399999588728,11.4749997435138,2007,4,2007
47.4833,9.66667,2007-04-12,4.65999989584088,19.6499995607883,12.1549997283146,2007,4,2007
47.4833,9.66667,2007-04-13,6.33999985828996,21.8299995120615,14.0849996851757,2007,4,2007
47.4833,9.66667,2007-04-14,9.37999979034066,23.8399994671345,16.6099996287376,2007,4,2007
47.4833,9.66667,2007-04-15,8.99999979883432,24.2799994572997,16.639999628067,2007,4,2007
47.4833,9.66667,2007-04-16,8.19999981671572,23.2099994812161,15.7049996489659,2007,4,2007
47.4833,9.66667,2007-04-17,7.63999982923269,21.9999995082617,14.8199996687472,2007,4,2007
47.4833,9.66667,2007-04-18,7.00999984331429,21.7099995147437,14.359999679029,2007,4,2007
47.4833,9.66667,2007-04-19,6.1999998614192,14.5099996756762,10.3549997685477,2007,4,2007
47.4833,9.66667,2007-04-20,3.22999992780387,17.9099995996803,10.5699997637421,2007,4,2007
47.4833,9.66667,2007-04-21,4.14999990724027,19.4699995648116,11.8099997360259,2007,4,2007
47.4833,9.66667,2007-04-22,4.38999990187585,20.1599995493889,12.2749997256324,2007,4,2007
47.4833,9.66667,2007-04-23,5.93999986723065,22.669999493286,14.3049996802583,2007,4,2007
47.4833,9.66667,2007-04-24,8.2099998164922,23.2899994794279,15.7499996479601,2007,4,2007
47.4833,9.66667,2007-04-25,9.57999978587031,22.2199995033443,15.8999996446073,2007,4,2007
47.4833,9.66667,2007-04-26,9.74999978207052,24.5399994514883,17.1449996167794,2007,4,2007
47.4833,9.66667,2007-04-27,7.86999982409179,22.8199994899333,15.3449996570125,2007,4,2007
47.4833,9.66667,2007-04-28,10.3999997675419,22.4099994990975,16.4049996333197,2007,4,2007
47.4833,9.66667,2007-04-29,8.95999979972839,23.2399994805455,16.099999640137,2007,4,2007
47.4833,9.66667,2007-04-30,8.94999979995191,23.3499994780868,16.1499996390194,2007,4,2007
47.4833,9.66667,2007-05-01,8.51999980956316,19.3799995668232,13.9499996881932,2007,5,NA
47.4833,9.66667,2007-05-02,5.99999986588955,19.6399995610118,12.8199997134507,2007,5,NA
47.4833,9.66667,2007-05-03,6.4299998562783,20.3199995458126,13.3749997010455,2007,5,NA
47.4833,9.66667,2007-05-04,6.95999984443188,18.0399995967746,12.4999997206032,2007,5,NA
47.4833,9.66667,2007-05-05,6.47999985516071,16.349999634549,11.4149997448549,2007,5,NA
47.4833,9.66667,2007-05-06,8.76999980397522,11.1199997514486,9.94499977771193,2007,5,NA
47.4833,9.66667,2007-05-07,8.56999980844557,13.1199997067451,10.8449997575954,2007,5,NA
47.4833,9.66667,2007-05-08,8.18999981693923,15.6299996506423,11.9099997337908,2007,5,NA
47.4833,9.66667,2007-05-09,11.1999997496605,17.5699996072799,14.3849996784702,2007,5,NA
47.4833,9.66667,2007-05-10,11.3499997463077,17.4599996097386,14.4049996780232,2007,5,NA
47.4833,9.66667,2007-05-11,9.85999977961183,21.7799995131791,15.8199996463954,2007,5,NA
47.4833,9.66667,2007-05-12,10.6999997608364,19.789999557659,15.2449996592477,2007,5,NA
47.4833,9.66667,2007-05-13,9.87999977916479,20.7199995368719,15.2999996580184,2007,5,NA
47.4833,9.66667,2007-05-14,8.63999980688095,26.149999415502,17.3949996111915,2007,5,NA
47.4833,9.66667,2007-05-15,8.99999979883432,22.2699995022267,15.6349996505305,2007,5,NA
47.4833,9.66667,2007-05-16,5.66999987326562,11.3999997451901,8.53499980922788,2007,5,NA
47.4833,9.66667,2007-05-17,4.52999989874661,16.3199996352196,10.4249997669831,2007,5,NA
47.4833,9.66667,2007-05-18,6.62999985180795,10.2799997702241,8.45499981101602,2007,5,NA
47.4833,9.66667,2007-05-19,6.53999985381961,17.9499995987862,12.2449997263029,2007,5,NA
47.4833,9.66667,2007-05-20,6.99999984353781,23.2399994805455,15.1199996620417,2007,5,NA
47.4833,9.66667,2007-05-21,10.069999774918,25.3399994336069,17.7049996042624,2007,5,NA
47.4833,9.66667,2007-05-22,12.6899997163564,26.8199994005263,19.7549995584413,2007,5,NA
47.4833,9.66667,2007-05-23,13.9399996884167,23.2599994800985,18.5999995842576,2007,5,NA
47.4833,9.66667,2007-05-24,12.7199997156858,25.9099994208664,19.3149995682761,2007,5,NA
47.4833,9.66667,2007-05-25,13.3099997024983,26.7499994020909,20.0299995522946,2007,5,NA
47.4833,9.66667,2007-05-26,16.4599996320903,27.0899993944913,21.7749995132908,2007,5,NA
47.4833,9.66667,2007-05-27,15.1499996613711,25.7199994251132,20.4349995432422,2007,5,NA
47.4833,9.66667,2007-05-28,12.3799997232854,20.949999531731,16.6649996275082,2007,5,NA
47.4833,9.66667,2007-05-29,5.59999987483025,11.789999736473,8.69499980565161,2007,5,NA
47.4833,9.66667,2007-05-30,5.25999988242984,7.41999983415008,6.33999985828996,2007,5,NA
47.4833,9.66667,2007-05-31,4.59999989718199,16.4999996311963,10.5499997641891,2007,5,NA
47.4833,9.66667,2007-06-01,6.84999984689057,19.8199995569885,13.3349997019395,2007,6,NA
47.4833,9.66667,2007-06-02,9.25999979302287,13.0899997074157,11.1749997502193,2007,6,NA
47.4833,9.66667,2007-06-03,8.88999980129302,13.9399996884167,11.4149997448549,2007,6,NA
47.4833,9.66667,2007-06-04,10.1999997720122,21.239999525249,15.7199996486306,2007,6,NA
47.4833,9.66667,2007-06-05,12.3899997230619,22.9999994859099,17.6949996044859,2007,6,NA
47.4833,9.66667,2007-06-06,11.0199997536838,23.3699994776398,17.1949996156618,2007,6,NA
47.4833,9.66667,2007-06-07,12.909999711439,23.0099994856864,17.9599995985627,2007,6,NA
47.4833,9.66667,2007-06-08,13.4599996991456,23.2899994794279,18.3749995892867,2007,6,NA
47.4833,9.66667,2007-06-09,14.089999685064,24.5599994510412,19.3249995680526,2007,6,NA
47.4833,9.66667,2007-06-10,13.8799996897578,24.5999994501472,19.2399995699525,2007,6,NA
47.4833,9.66667,2007-06-11,13.4299996998161,26.4099994096905,19.9199995547533,2007,6,NA
47.4833,9.66667,2007-06-12,15.0299996640533,22.4299994986504,18.7299995813519,2007,6,NA
47.4833,9.66667,2007-06-13,14.939999666065,23.7599994689226,19.3499995674938,2007,6,NA
47.4833,9.66667,2007-06-14,15.2699996586889,22.9699994865805,19.1199995726347,2007,6,NA
47.4833,9.66667,2007-06-15,14.7699996698648,28.2399993687868,21.5049995193258,2007,6,NA
47.4833,9.66667,2007-06-16,11.4099997449666,21.0899995286018,16.2499996367842,2007,6,NA
47.4833,9.66667,2007-06-17,10.6999997608364,20.6099995393306,15.6549996500835,2007,6,NA
47.4833,9.66667,2007-06-18,12.2599997259676,24.5199994519353,18.3899995889515,2007,6,NA
47.4833,9.66667,2007-06-19,14.6099996734411,24.7699994463474,19.6899995598942,2007,6,NA
47.4833,9.66667,2007-06-20,14.919999666512,28.4699993636459,21.694999515079,2007,6,NA
47.4833,9.66667,2007-06-21,16.3299996349961,28.4699993636459,22.399999499321,2007,6,NA
47.4833,9.66667,2007-06-22,14.1399996839464,20.1299995500594,17.1349996170029,2007,6,NA
47.4833,9.66667,2007-06-23,12.8599997125566,17.3199996128678,15.0899996627122,2007,6,NA
47.4833,9.66667,2007-06-24,12.4599997214973,19.3899995665997,15.9249996440485,2007,6,NA
47.4833,9.66667,2007-06-25,12.5399997197092,24.0099994633347,18.2749995915219,2007,6,NA
47.4833,9.66667,2007-06-26,11.9299997333437,22.4599994979799,17.1949996156618,2007,6,NA
47.4833,9.66667,2007-06-27,10.0199997760355,17.1499996166676,13.5849996963516,2007,6,NA
47.4833,9.66667,2007-06-28,9.57999978587031,14.919999666512,12.2499997261912,2007,6,NA
47.4833,9.66667,2007-06-29,10.0799997746944,17.3599996119738,13.7199996933341,2007,6,NA
47.4833,9.66667,2007-06-30,10.2399997711182,20.9399995319545,15.5899996515363,2007,6,NA
47.4833,9.66667,2007-07-01,12.7899997141212,22.2899995017797,17.5399996079504,2007,7,NA
47.4833,9.66667,2007-07-02,12.909999711439,26.9699993971735,19.9399995543063,2007,7,NA
47.4833,9.66667,2007-07-03,12.5999997183681,15.9199996441603,14.2599996812642,2007,7,NA
47.4833,9.66667,2007-07-04,11.8299997355789,19.1999995708466,15.5149996532127,2007,7,NA
47.4833,9.66667,2007-07-05,10.1899997722358,15.2899996582419,12.7399997152388,2007,7,NA
47.4833,9.66667,2007-07-06,9.80999978072941,13.9799996875226,11.894999734126,2007,7,NA
47.4833,9.66667,2007-07-07,10.5499997641891,18.5199995860457,14.5349996751174,2007,7,NA
47.4833,9.66667,2007-07-08,13.469999698922,23.7599994689226,18.6149995839223,2007,7,NA
47.4833,9.66667,2007-07-09,12.5699997190386,23.1299994830042,17.8499996010214,2007,7,NA
47.4833,9.66667,2007-07-10,9.48999978788197,16.4599996320903,12.9749997099862,2007,7,NA
47.4833,9.66667,2007-07-11,8.47999981045723,14.3299996796995,11.4049997450784,2007,7,NA
47.4833,9.66667,2007-07-12,8.81999980285764,15.3699996564537,12.0949997296557,2007,7,NA
47.4833,9.66667,2007-07-13,10.4899997655302,19.4699995648116,14.9799996651709,2007,7,NA
47.4833,9.66667,2007-07-14,12.079999729991,25.2299994360656,18.6549995830283,2007,7,NA
47.4833,9.66667,2007-07-15,14.379999678582,28.719999358058,21.54999951832,2007,7,NA
47.4833,9.66667,2007-07-16,16.4299996327609,31.6499992925674,24.0399994626641,2007,7,NA
47.4833,9.66667,2007-07-17,18.2199995927513,32.4199992753565,25.3199994340539,2007,7,NA
47.4833,9.66667,2007-07-18,17.4499996099621,27.1599993929267,22.3049995014444,2007,7,NA
47.4833,9.66667,2007-07-19,16.4699996318668,26.5199994072318,21.4949995195493,2007,7,NA
47.4833,9.66667,2007-07-20,16.9399996213615,27.9599993750453,22.4499994982034,2007,7,NA
47.4833,9.66667,2007-07-21,17.1399996168911,29.8099993336946,23.4749994752929,2007,7,NA
47.4833,9.66667,2007-07-22,15.3499996569008,22.4199994988739,18.8849995778874,2007,7,NA
47.4833,9.66667,2007-07-23,13.1699997056276,20.6499995384365,16.909999622032,2007,7,NA
47.4833,9.66667,2007-07-24,12.4899997208267,28.0299993734807,20.2599995471537,2007,7,NA
47.4833,9.66667,2007-07-25,12.5499997194856,19.0499995741993,15.7999996468425,2007,7,NA
47.4833,9.66667,2007-07-26,11.5899997409433,22.7099994923919,17.1499996166676,2007,7,NA
47.4833,9.66667,2007-07-27,11.8699997346848,25.6399994269013,18.7549995807931,2007,7,NA
47.4833,9.66667,2007-07-28,15.5099996533245,24.7999994456768,20.1549995495006,2007,7,NA
47.4833,9.66667,2007-07-29,14.899999666959,24.0799994617701,19.4899995643646,2007,7,NA
47.4833,9.66667,2007-07-30,13.7199996933341,23.6199994720519,18.669999582693,2007,7,NA
47.4833,9.66667,2007-07-31,9.16999979503453,17.1399996168911,13.1549997059628,2007,7,NA
47.4833,9.66667,2007-08-01,7.89999982342124,19.5899995621294,13.7449996927753,2007,8,NA
47.4833,9.66667,2007-08-02,8.01999982073903,23.9399994648993,15.9799996428192,2007,8,NA
47.4833,9.66667,2007-08-03,12.7299997154623,22.6299994941801,17.6799996048212,2007,8,NA
47.4833,9.66667,2007-08-04,12.4599997214973,18.3499995898455,15.4049996556714,2007,8,NA
47.4833,9.66667,2007-08-05,10.4899997655302,23.4399994760752,16.9649996208027,2007,8,NA
47.4833,9.66667,2007-08-06,11.7599997371435,25.9099994208664,18.8349995790049,2007,8,NA
47.4833,9.66667,2007-08-07,12.9399997107685,28.4599993638694,20.6999995373189,2007,8,NA
47.4833,9.66667,2007-08-08,15.229999659583,20.6499995384365,17.9399995990098,2007,8,NA
47.4833,9.66667,2007-08-09,12.4599997214973,16.909999622032,14.6849996717647,2007,8,NA
47.4833,9.66667,2007-08-10,10.5899997632951,14.4699996765703,12.5299997199327,2007,8,NA
47.4833,9.66667,2007-08-11,10.1299997735769,17.4699996095151,13.799999691546,2007,8,NA
47.4833,9.66667,2007-08-12,12.369999723509,18.4199995882809,15.3949996558949,2007,8,NA
47.4833,9.66667,2007-08-13,10.8599997572601,23.3599994778633,17.1099996175617,2007,8,NA
47.4833,9.66667,2007-08-14,14.0599996857345,23.8199994675815,18.939999576658,2007,8,NA
47.4833,9.66667,2007-08-15,14.6099996734411,25.0899994391948,19.8499995563179,2007,8,NA
47.4833,9.66667,2007-08-16,16.7599996253848,29.8299993332475,23.2949994793162,2007,8,NA
47.4833,9.66667,2007-08-17,13.6599996946752,21.8799995109439,17.7699996028095,2007,8,NA
47.4833,9.66667,2007-08-18,11.6699997391552,18.2399995923042,14.9549996657297,2007,8,NA
47.4833,9.66667,2007-08-19,10.8299997579306,20.679999537766,15.7549996478483,2007,8,NA
47.4833,9.66667,2007-08-20,11.2999997474253,20.5299995411187,15.914999644272,2007,8,NA
47.4833,9.66667,2007-08-21,12.2499997261912,15.1999996602535,13.7249996932223,2007,8,NA
47.4833,9.66667,2007-08-22,11.6099997404963,17.7399996034801,14.6749996719882,2007,8,NA
47.4833,9.66667,2007-08-23,11.6399997398257,19.6699995603412,15.6549996500835,2007,8,NA
47.4833,9.66667,2007-08-24,12.2199997268617,21.529999518767,16.8749996228144,2007,8,NA
47.4833,9.66667,2007-08-25,10.9799997545779,23.4399994760752,17.2099996153265,2007,8,NA
47.4833,9.66667,2007-08-26,12.6699997168034,25.1099994387478,18.8899995777756,2007,8,NA
47.4833,9.66667,2007-08-27,13.3899997007102,25.7099994253367,19.5499995630234,2007,8,NA
47.4833,9.66667,2007-08-28,13.9899996872991,24.3199994564056,19.1549995718524,2007,8,NA
47.4833,9.66667,2007-08-29,14.1899996828288,22.0299995075911,18.10999959521,2007,8,NA
47.4833,9.66667,2007-08-30,13.1399997062981,18.8799995779991,16.0099996421486,2007,8,NA
47.4833,9.66667,2007-08-31,10.6499997619539,15.5599996522069,13.1049997070804,2007,8,NA
47.4833,9.66667,2007-09-01,8.52999980933964,18.8299995791167,13.6799996942282,2007,9,NA
47.4833,9.66667,2007-09-02,12.1499997284263,18.0099995974451,15.0799996629357,2007,9,NA
47.4833,9.66667,2007-09-03,10.7699997592717,19.9799995534122,15.374999656342,2007,9,NA
47.4833,9.66667,2007-09-04,10.1199997738004,18.9999995753169,14.5599996745586,2007,9,NA
47.4833,9.66667,2007-09-05,6.05999986454844,11.6799997389317,8.86999980174005,2007,9,NA
47.4833,9.66667,2007-09-06,5.0499998871237,10.7199997603893,7.88499982375652,2007,9,NA
47.4833,9.66667,2007-09-07,5.3399998806417,13.7699996922165,9.55499978642911,2007,9,NA
47.4833,9.66667,2007-09-08,8.96999979950488,15.0799996629357,12.0249997312203,2007,9,NA
47.4833,9.66667,2007-09-09,8.32999981380999,17.8999995999038,13.1149997068569,2007,9,NA
47.4833,9.66667,2007-09-10,9.759999781847,17.3099996130913,13.5349996974692,2007,9,NA
47.4833,9.66667,2007-09-11,6.53999985381961,18.5499995853752,12.5449997195974,2007,9,NA
47.4833,9.66667,2007-09-12,7.50999983213842,14.3499996792525,10.9299997556955,2007,9,NA
47.4833,9.66667,2007-09-13,4.86999989114702,18.2799995914102,11.5749997412786,2007,9,NA
47.4833,9.66667,2007-09-14,6.54999985359609,19.5699995625764,13.0599997080863,2007,9,NA
47.4833,9.66667,2007-09-15,9.47999978810549,21.7099995147437,15.5949996514246,2007,9,NA
47.4833,9.66667,2007-09-16,11.3399997465312,20.5699995402247,15.954999643378,2007,9,NA
47.4833,9.66667,2007-09-17,9.3599997907877,22.9099994879216,16.1349996393546,2007,9,NA
47.4833,9.66667,2007-09-18,12.9699997100979,23.9999994635582,18.4849995868281,2007,9,NA
47.4833,9.66667,2007-09-19,7.68999982811511,14.6099996734411,11.1499997507781,2007,9,NA
47.4833,9.66667,2007-09-20,5.3399998806417,14.359999679029,9.84999977983534,2007,9,NA
47.4833,9.66667,2007-09-21,4.07999990880489,16.0199996419251,10.049999775365,2007,9,NA
47.4833,9.66667,2007-09-22,6.33999985828996,19.7999995574355,13.0699997078627,2007,9,NA
47.4833,9.66667,2007-09-23,8.24999981559813,21.8099995125085,15.0299996640533,2007,9,NA
47.4833,9.66667,2007-09-24,9.40999978967011,21.6299995165318,15.519999653101,2007,9,NA
47.4833,9.66667,2007-09-25,10.5699997637421,22.2299995031208,16.3999996334314,2007,9,NA
47.4833,9.66667,2007-09-26,7.67999982833862,14.0799996852875,10.879999756813,2007,9,NA
47.4833,9.66667,2007-09-27,6.32999985851347,8.1499998178333,7.23999983817339,2007,9,NA
47.4833,9.66667,2007-09-28,6.06999986432493,10.8099997583777,8.4399998113513,2007,9,NA
47.4833,9.66667,2007-09-29,6.75999984890223,11.3799997456372,9.0699997972697,2007,9,NA
47.4833,9.66667,2007-09-30,7.81999982520938,16.6499996278435,12.2349997265264,2007,9,NA
47.4833,9.66667,2007-10-01,9.9899997767061,17.4399996101856,13.7149996934459,2007,10,2008
47.4833,9.66667,2007-10-02,9.3599997907877,20.7699995357543,15.064999663271,2007,10,2008
47.4833,9.66667,2007-10-03,10.4299997668713,21.1399995274842,15.7849996471778,2007,10,2008
47.4833,9.66667,2007-10-04,12.9799997098744,23.2599994800985,18.1199995949864,2007,10,2008
47.4833,9.66667,2007-10-05,14.1699996832758,19.0699995737523,16.6199996285141,2007,10,2008
47.4833,9.66667,2007-10-06,12.9199997112155,20.5499995406717,16.7349996259436,2007,10,2008
47.4833,9.66667,2007-10-07,9.28999979235232,15.3599996566772,12.3249997245148,2007,10,2008
47.4833,9.66667,2007-10-08,7.29999983683228,16.0399996414781,11.6699997391552,2007,10,2008
47.4833,9.66667,2007-10-09,6.04999986477196,16.2899996358901,11.169999750331,2007,10,2008
47.4833,9.66667,2007-10-10,5.38999987952411,14.9499996658415,10.1699997726828,2007,10,2008
47.4833,9.66667,2007-10-11,5.53999987617135,15.0599996633828,10.2999997697771,2007,10,2008
47.4833,9.66667,2007-10-12,4.94999988935888,13.8999996893108,9.42499978933483,2007,10,2008
47.4833,9.66667,2007-10-13,4.49999989941716,14.3999996781349,9.44999978877604,2007,10,2008
47.4833,9.66667,2007-10-14,5.53999987617135,14.6699996720999,10.1049997741356,2007,10,2008
47.4833,9.66667,2007-10-15,3.79999991506338,11.3699997458607,7.58499983046204,2007,10,2008
47.4833,9.66667,2007-10-16,4.34999990276992,16.6999996267259,10.5249997647479,2007,10,2008
47.4833,9.66667,2007-10-17,5.78999987058342,17.0999996177852,11.4449997441843,2007,10,2008
47.4833,9.66667,2007-10-18,6.06999986432493,18.2399995923042,12.1549997283146,2007,10,2008
47.4833,9.66667,2007-10-19,3.91999991238117,10.899999756366,7.40999983437359,2007,10,2008
47.4833,9.66667,2007-10-20,1.9499999564141,7.08999984152615,4.51999989897013,2007,10,2008
47.4833,9.66667,2007-10-21,-0.429999990388751,4.91999989002943,2.24499994982034,2007,10,2008
47.4833,9.66667,2007-10-22,-0.589999986812472,3.34999992512167,1.3799999691546,2007,10,2008
47.4833,9.66667,2007-10-23,-0.0199999995529652,4.45999990031123,2.21999995037913,2007,10,2008
47.4833,9.66667,2007-10-24,-0.119999997317791,3.61999991908669,1.74999996088445,2007,10,2008
47.4833,9.66667,2007-10-25,2.4099999461323,7.01999984309077,4.71499989461154,2007,10,2008
47.4833,9.66667,2007-10-26,2.67999994009733,8.34999981336296,5.51499987673014,2007,10,2008
47.4833,9.66667,2007-10-27,2.64999994076788,8.11999981850386,5.38499987963587,2007,10,2008
47.4833,9.66667,2007-10-28,4.88999989069998,7.72999982722104,6.30999985896051,2007,10,2008
47.4833,9.66667,2007-10-29,1.72999996133149,9.41999978944659,5.57499987538904,2007,10,2008
47.4833,9.66667,2007-10-30,1.59999996423721,11.749999737367,6.67499985080212,2007,10,2008
47.4833,9.66667,2007-10-31,3.84999991394579,8.73999980464578,6.29499985929579,2007,10,2008
47.4833,9.66667,2007-11-01,3.27999992668629,9.72999978251755,6.50499985460192,2007,11,2008
47.4833,9.66667,2007-11-02,0.149999996647239,8.01999982073903,4.08499990869313,2007,11,2008
47.4833,9.66667,2007-11-03,-0.319999992847443,10.9999997541308,5.3399998806417,2007,11,2008
47.4833,9.66667,2007-11-04,0.469999989494681,8.41999981179833,4.44499990064651,2007,11,2008
47.4833,9.66667,2007-11-05,3.73999991640449,8.16999981738627,5.95499986689538,2007,11,2008
47.4833,9.66667,2007-11-06,0.989999977871776,9.1299997959286,5.05999988690019,2007,11,2008
47.4833,9.66667,2007-11-07,2.09999995306134,6.60999985225499,4.35499990265816,2007,11,2008
47.4833,9.66667,2007-11-08,2.19999995082617,5.24999988265336,3.72499991673976,2007,11,2008
47.4833,9.66667,2007-11-09,3.39999992400408,8.88999980129302,6.14499986264855,2007,11,2008
47.4833,9.66667,2007-11-10,0.549999987706542,6.74999984912574,3.64999991841614,2007,11,2008
47.4833,9.66667,2007-11-11,-0.529999988153577,3.87999991327524,1.67499996256083,2007,11,2008
47.4833,9.66667,2007-11-12,2.27999994903803,6.4899998549372,4.38499990198761,2007,11,2008
47.4833,9.66667,2007-11-13,-0.0499999988824129,4.16999990679324,2.05999995395541,2007,11,2008
47.4833,9.66667,2007-11-14,-0.779999982565641,3.80999991483986,1.51499996613711,2007,11,2008
47.4833,9.66667,2007-11-15,-2.07999995350838,1.29999997094274,-0.389999991282821,2007,11,2008
47.4833,9.66667,2007-11-16,-6.12999986298382,-0.639999985694885,-3.38499992433935,2007,11,2008
47.4833,9.66667,2007-11-17,-9.78999978117645,-2.49999994412065,-6.14499986264855,2007,11,2008
47.4833,9.66667,2007-11-18,-10.2799997702241,-1.11999997496605,-5.69999987259507,2007,11,2008
47.4833,9.66667,2007-11-19,-9.30999979190528,-0.149999996647239,-4.72999989427626,2007,11,2008
47.4833,9.66667,2007-11-20,-7.49999983236194,1.92999995686114,-2.7849999377504,2007,11,2008
47.4833,9.66667,2007-11-21,-3.81999991461635,6.1999998614192,1.18999997340143,2007,11,2008
47.4833,9.66667,2007-11-22,0.509999988600612,9.28999979235232,4.89999989047647,2007,11,2008
47.4833,9.66667,2007-11-23,3.01999993249774,8.25999981537461,5.63999987393618,2007,11,2008
47.4833,9.66667,2007-11-24,2.11999995261431,8.27999981492758,5.19999988377094,2007,11,2008
47.4833,9.66667,2007-11-25,3.31999992579222,5.74999987147748,4.53499989863485,2007,11,2008
47.4833,9.66667,2007-11-26,2.71999993920326,5.42999987863004,4.07499990891665,2007,11,2008
47.4833,9.66667,2007-11-27,0.709999984130263,4.15999990701675,2.43499994557351,2007,11,2008
47.4833,9.66667,2007-11-28,-3.3899999242276,4.73999989405274,0.674999984912574,2007,11,2008
47.4833,9.66667,2007-11-29,-4.9399998895824,3.06999993138015,-0.934999979101121,2007,11,2008
47.4833,9.66667,2007-11-30,-4.22999990545213,3.45999992266297,-0.384999991394579,2007,11,2008
47.4833,9.66667,2007-12-01,-0.0699999984353781,5.75999987125397,2.84499993640929,2007,12,2008
47.4833,9.66667,2007-12-02,0.909999979659915,8.2699998151511,4.58999989740551,2007,12,2008
47.4833,9.66667,2007-12-03,4.12999990768731,9.95999977737665,7.04499984253198,2007,12,2008
47.4833,9.66667,2007-12-04,2.32999994792044,7.70999982766807,5.01999988779426,2007,12,2008
47.4833,9.66667,2007-12-05,0.369999991729856,4.45999990031123,2.41499994602054,2007,12,2008
47.4833,9.66667,2007-12-06,2.11999995261431,8.72999980486929,5.4249998787418,2007,12,2008
47.4833,9.66667,2007-12-07,4.57999989762902,8.8999998010695,6.73999984934926,2007,12,2008
47.4833,9.66667,2007-12-08,3.64999991841614,11.7999997362494,7.72499982733279,2007,12,2008
47.4833,9.66667,2007-12-09,0.65999998524785,4.71999989449978,2.68999993987381,2007,12,2008
47.4833,9.66667,2007-12-10,0.569999987259507,7.13999984040856,3.85499991383404,2007,12,2008
47.4833,9.66667,2007-12-11,0.829999981448054,4.95999988913536,2.89499993529171,2007,12,2008
47.4833,9.66667,2007-12-12,0.609999986365438,2.85999993607402,1.73499996121973,2007,12,2008
47.4833,9.66667,2007-12-13,0.389999991282821,2.10999995283782,1.24999997206032,2007,12,2008
47.4833,9.66667,2007-12-14,-0.999999977648258,3.45999992266297,1.22999997250736,2007,12,2008
47.4833,9.66667,2007-12-15,-4.28999990411103,-0.0299999993294477,-2.15999995172024,2007,12,2008
47.4833,9.66667,2007-12-16,-6.07999986410141,-1.89999995753169,-3.98999991081655,2007,12,2008
47.4833,9.66667,2007-12-17,-7.79999982565641,-2.66999994032085,-5.23499988298863,2007,12,2008
47.4833,9.66667,2007-12-18,-8.1499998178333,-2.58999994210899,-5.36999987997115,2007,12,2008
47.4833,9.66667,2007-12-19,-8.71999980509281,-4.36999990232289,-6.54499985370785,2007,12,2008
47.4833,9.66667,2007-12-20,-9.38999979011714,-2.05999995395541,-5.72499987203628,2007,12,2008
47.4833,9.66667,2007-12-21,-8.78999980352819,-3.28999992646277,-6.03999986499548,2007,12,2008
47.4833,9.66667,2007-12-22,-7.749999826774,-2.53999994322658,-5.14499988500029,2007,12,2008
47.4833,9.66667,2007-12-23,-7.07999984174967,-0.259999994188547,-3.66999991796911,2007,12,2008
47.4833,9.66667,2007-12-24,-7.01999984309077,-1.46999996714294,-4.24499990511686,2007,12,2008
47.4833,9.66667,2007-12-25,-7.86999982409179,-1.9499999564141,-4.90999989025295,2007,12,2008
47.4833,9.66667,2007-12-26,-8.86999980174005,-1.8399999588728,-5.35499988030642,2007,12,2008
47.4833,9.66667,2007-12-27,-7.55999983102083,1.23999997228384,-3.1599999293685,2007,12,2008
47.4833,9.66667,2007-12-28,-4.6499998960644,0.209999995306134,-2.21999995037913,2007,12,2008
47.4833,9.66667,2007-12-29,-6.5999998524785,-0.88999998010695,-3.74499991629273,2007,12,2008
47.4833,9.66667,2007-12-30,-7.14999984018505,4.78999989293516,-1.17999997362494,2007,12,2008
47.4833,9.66667,2007-12-31,-0.779999982565641,3.53999992087483,1.3799999691546,2007,12,2008
47.4833,9.66667,2008-01-01,-2.12999995239079,2.12999995239079,0,2008,1,2008
47.4833,9.66667,2008-01-02,-6.55999985337257,-0.909999979659915,-3.73499991651624,2008,1,2008
47.4833,9.66667,2008-01-03,-9.6999997831881,-3.19999992847443,-6.44999985583127,2008,1,2008
47.4833,9.66667,2008-01-04,-6.96999984420836,5.11999988555908,-0.924999979324639,2008,1,2008
47.4833,9.66667,2008-01-05,-2.49999994412065,7.27999983727932,2.38999994657934,2008,1,2008
47.4833,9.66667,2008-01-06,-0.239999994635582,6.32999985851347,3.04499993193895,2008,1,2008
47.4833,9.66667,2008-01-07,1.55999996513128,6.08999986387789,3.82499991450459,2008,1,2008
47.4833,9.66667,2008-01-08,2.44999994523823,8.46999981068075,5.45999987795949,2008,1,2008
47.4833,9.66667,2008-01-09,-2.61999994143844,5.90999986790121,1.64499996323138,2008,1,2008
47.4833,9.66667,2008-01-10,-2.57999994233251,6.41999985650182,1.91999995708466,2008,1,2008
47.4833,9.66667,2008-01-11,-0.129999997094274,8.98999979905784,4.42999990098178,2008,1,2008
47.4833,9.66667,2008-01-12,-1.30999997071922,13.0399997085333,5.86499986890703,2008,1,2008
47.4833,9.66667,2008-01-13,0.419999990612268,7.77999982610345,4.09999990835786,2008,1,2008
47.4833,9.66667,2008-01-14,-1.3799999691546,4.05999990925193,1.33999997004867,2008,1,2008
47.4833,9.66667,2008-01-15,-1.27999997138977,5.29999988153577,2.009999955073,2008,1,2008
47.4833,9.66667,2008-01-16,-0.899999979883432,8.72999980486929,3.91499991249293,2008,1,2008
47.4833,9.66667,2008-01-17,2.35999994724989,8.40999981202185,5.38499987963587,2008,1,2008
47.4833,9.66667,2008-01-18,0.779999982565641,7.89999982342124,4.33999990299344,2008,1,2008
47.4833,9.66667,2008-01-19,1.89999995753169,9.10999979637563,5.50499987695366,2008,1,2008
47.4833,9.66667,2008-01-20,5.51999987661839,10.8699997570366,8.19499981682748,2008,1,2008
47.4833,9.66667,2008-01-21,1.62999996356666,10.1599997729063,5.89499986823648,2008,1,2008
47.4833,9.66667,2008-01-22,-0.489999989047647,8.90999980084598,4.20999990589917,2008,1,2008
47.4833,9.66667,2008-01-23,-0.559999987483025,7.85999982431531,3.64999991841614,2008,1,2008
47.4833,9.66667,2008-01-24,-4.02999990992248,3.93999991193414,-0.0449999989941716,2008,1,2008
47.4833,9.66667,2008-01-25,-2.37999994680285,7.3499998357147,2.48499994445592,2008,1,2008
47.4833,9.66667,2008-01-26,-1.11999997496605,4.94999988935888,1.91499995719641,2008,1,2008
47.4833,9.66667,2008-01-27,-2.93999993428588,6.17999986186624,1.61999996379018,2008,1,2008
47.4833,9.66667,2008-01-28,-1.30999997071922,7.48999983258545,3.08999993093312,2008,1,2008
47.4833,9.66667,2008-01-29,-0.769999982789159,9.71999978274107,4.47499989997596,2008,1,2008
47.4833,9.66667,2008-01-30,-2.62999994121492,6.83999984711409,2.10499995294958,2008,1,2008
47.4833,9.66667,2008-01-31,-1.3799999691546,5.36999987997115,1.99499995540828,2008,1,2008
47.4833,9.66667,2008-02-01,-1.18999997340143,4.26999990455806,1.53999996557832,2008,2,2008
47.4833,9.66667,2008-02-02,-0.0199999995529652,10.5699997637421,5.27499988209456,2008,2,2008
47.4833,9.66667,2008-02-03,-4.10999990813434,5.95999986678362,0.924999979324639,2008,2,2008
47.4833,9.66667,2008-02-04,-6.13999986276031,6.09999986365438,-0.0199999995529652,2008,2,2008
47.4833,9.66667,2008-02-05,-1.29999997094274,8.59999980777502,3.64999991841614,2008,2,2008
47.4833,9.66667,2008-02-06,-0.949999978765845,7.76999982632697,3.40999992378056,2008,2,2008
47.4833,9.66667,2008-02-07,2.90999993495643,8.67999980598688,5.79499987047166,2008,2,2008
47.4833,9.66667,2008-02-08,-1.34999996982515,7.12999984063208,2.88999993540347,2008,2,2008
47.4833,9.66667,2008-02-09,-3.44999992288649,8.00999982096255,2.27999994903803,2008,2,2008
47.4833,9.66667,2008-02-10,-3.25999992713332,6.70999985001981,1.72499996144325,2008,2,2008
47.4833,9.66667,2008-02-11,-3.73999991640449,5.98999986611307,1.12499997485429,2008,2,2008
47.4833,9.66667,2008-02-12,-3.7899999152869,6.09999986365438,1.15499997418374,2008,2,2008
47.4833,9.66667,2008-02-13,-3.9599999114871,6.5999998524785,1.3199999704957,2008,2,2008
47.4833,9.66667,2008-02-14,-4.2499999050051,6.56999985314906,1.15999997407198,2008,2,2008
47.4833,9.66667,2008-02-15,-4.53999989852309,6.05999986454844,0.759999983012676,2008,2,2008
47.4833,9.66667,2008-02-16,-4.25999990478158,-0.419999990612268,-2.33999994769692,2008,2,2008
47.4833,9.66667,2008-02-17,-5.57999987527728,1.79999995976686,-1.88999995775521,2008,2,2008
47.4833,9.66667,2008-02-18,-7.8099998254329,3.35999992489815,-2.22499995026737,2008,2,2008
47.4833,9.66667,2008-02-19,-5.93999986723065,6.6599998511374,0.359999991953373,2008,2,2008
47.4833,9.66667,2008-02-20,-4.30999990366399,7.749999826774,1.719999961555,2008,2,2008
47.4833,9.66667,2008-02-21,-3.43999992311001,9.62999978475273,3.09499993082136,2008,2,2008
47.4833,9.66667,2008-02-22,3.96999991126359,8.40999981202185,6.18999986164272,2008,2,2008
47.4833,9.66667,2008-02-23,4.44999990053475,11.3999997451901,7.92499982286245,2008,2,2008
47.4833,9.66667,2008-02-24,3.30999992601573,14.5599996745586,8.93499980028719,2008,2,2008
47.4833,9.66667,2008-02-25,2.26999994926155,17.1499996166676,9.70999978296459,2008,2,2008
47.4833,9.66667,2008-02-26,2.26999994926155,14.1199996843934,8.19499981682748,2008,2,2008
47.4833,9.66667,2008-02-27,1.07999997586012,15.0699996631593,8.07499981950969,2008,2,2008
47.4833,9.66667,2008-02-28,4.21999990567565,8.99999979883432,6.60999985225499,2008,2,2008
47.4833,9.66667,2008-02-29,-0.359999991953373,10.9999997541308,5.31999988108873,2008,2,2008
47.4833,9.66667,2008-03-01,6.78999984823167,10.7299997601658,8.75999980419874,2008,3,2008
47.4833,9.66667,2008-03-02,7.23999983817339,11.8299997355789,9.53499978687614,2008,3,2008
47.4833,9.66667,2008-03-03,6.77999984845519,13.7199996933341,10.2499997708946,2008,3,2008
47.4833,9.66667,2008-03-04,2.14999995194376,11.6399997398257,6.89499984588474,2008,3,2008
47.4833,9.66667,2008-03-05,-1.13999997451901,3.57999991998076,1.21999997273088,2008,3,2008
47.4833,9.66667,2008-03-06,-6.14999986253679,0.0999999977648258,-3.02499993238598,2008,3,2008
47.4833,9.66667,2008-03-07,-9.64999978430569,1.52999996580184,-4.05999990925193,2008,3,2008
47.4833,9.66667,2008-03-08,-5.98999986611307,2.59999994188547,-1.6949999621138,2008,3,2008
47.4833,9.66667,2008-03-09,-2.12999995239079,5.09999988600612,1.48499996680766,2008,3,2008
47.4833,9.66667,2008-03-10,-2.82999993674457,9.95999977737665,3.56499992031604,2008,3,2008
47.4833,9.66667,2008-03-11,-0.249999994412065,12.5799997188151,6.16499986220151,2008,3,2008
47.4833,9.66667,2008-03-12,3.60999991931021,9.05999979749322,6.33499985840172,2008,3,2008
47.4833,9.66667,2008-03-13,3.73999991640449,11.1099997516721,7.42499983403832,2008,3,2008
47.4833,9.66667,2008-03-14,3.1599999293685,7.67999982833862,5.41999987885356,2008,3,2008
47.4833,9.66667,2008-03-15,4.16999990679324,11.2699997480959,7.71999982744455,2008,3,2008
47.4833,9.66667,2008-03-16,3.0999999307096,15.6599996499717,9.37999979034066,2008,3,2008
47.4833,9.66667,2008-03-17,5.1099998857826,11.459999743849,8.28499981481582,2008,3,2008
47.4833,9.66667,2008-03-18,1.84999995864928,6.34999985806644,4.09999990835786,2008,3,2008
47.4833,9.66667,2008-03-19,-2.08999995328486,4.1899999063462,1.04999997653067,2008,3,2008
47.4833,9.66667,2008-03-20,-4.34999990276992,3.92999991215765,-0.209999995306134,2008,3,2008
47.4833,9.66667,2008-03-21,-2.72999993897974,2.91999993473291,0.0949999978765845,2008,3,2008
47.4833,9.66667,2008-03-22,-1.1499999742955,2.99999993294477,0.924999979324639,2008,3,2008
47.4833,9.66667,2008-03-23,-1.57999996468425,6.85999984666705,2.6399999409914,2008,3,2008
47.4833,9.66667,2008-03-24,-2.91999993473291,2.60999994166195,-0.15499999653548,2008,3,2008
47.4833,9.66667,2008-03-25,-5.62999987415969,2.27999994903803,-1.67499996256083,2008,3,2008
47.4833,9.66667,2008-03-26,-2.9299999345094,0.839999981224537,-1.04499997664243,2008,3,2008
47.4833,9.66667,2008-03-27,-1.7799999602139,5.00999988801777,1.61499996390194,2008,3,2008
47.4833,9.66667,2008-03-28,0.379999991506338,7.09999984130263,3.73999991640449,2008,3,2008
47.4833,9.66667,2008-03-29,-2.35999994724989,10.1999997720122,3.91999991238117,2008,3,2008
47.4833,9.66667,2008-03-30,2.03999995440245,12.0699997302145,7.05499984230846,2008,3,2008
47.4833,9.66667,2008-03-31,1.65999996289611,18.3099995907396,9.98499977681786,2008,3,2008
47.4833,9.66667,2008-04-01,4.52999989874661,9.88999977894127,7.20999983884394,2008,4,2008
47.4833,9.66667,2008-04-02,5.00999988801777,10.4699997659773,7.73999982699752,2008,4,2008
47.4833,9.66667,2008-04-03,3.37999992445111,8.61999980732799,5.99999986588955,2008,4,2008
47.4833,9.66667,2008-04-04,1.24999997206032,5.00999988801777,3.12999993003905,2008,4,2008
47.4833,9.66667,2008-04-05,1.4899999666959,7.75999982655048,4.62499989662319,2008,4,2008
47.4833,9.66667,2008-04-06,2.22999995015562,8.57999980822206,5.40499987918884,2008,4,2008
47.4833,9.66667,2008-04-07,0.869999980553985,5.48999987728894,3.17999992892146,2008,4,2008
47.4833,9.66667,2008-04-08,-3.2699999269098,4.96999988891184,0.849999981001019,2008,4,2008
47.4833,9.66667,2008-04-09,-4.27999990433455,6.8299998473376,1.27499997150153,2008,4,2008
47.4833,9.66667,2008-04-10,1.46999996714294,13.9299996886402,7.69999982789159,2008,4,2008
47.4833,9.66667,2008-04-11,5.21999988332391,14.8399996683002,10.029999775812,2008,4,2008
47.4833,9.66667,2008-04-12,4.23999990522861,15.3999996557832,9.8199997805059,2008,4,2008
47.4833,9.66667,2008-04-13,2.85999993607402,9.82999978028238,6.3449998581782,2008,4,2008
47.4833,9.66667,2008-04-14,2.11999995261431,13.75999969244,7.93999982252717,2008,4,2008
47.4833,9.66667,2008-04-15,1.8399999588728,9.60999978519976,5.72499987203628,2008,4,2008
47.4833,9.66667,2008-04-16,1.50999996624887,6.13999986276031,3.82499991450459,2008,4,2008
47.4833,9.66667,2008-04-17,0.829999981448054,6.87999984622002,3.85499991383404,2008,4,2008
47.4833,9.66667,2008-04-18,0.34999999217689,11.2999997474253,5.8249998698011,2008,4,2008
47.4833,9.66667,2008-04-19,3.0999999307096,15.5699996519834,9.33499979134649,2008,4,2008
47.4833,9.66667,2008-04-20,5.08999988622963,14.629999672994,9.85999977961183,2008,4,2008
47.4833,9.66667,2008-04-21,3.30999992601573,19.8599995560944,11.5849997410551,2008,4,2008
47.4833,9.66667,2008-04-22,6.01999986544251,12.1699997279793,9.09499979671091,2008,4,2008
47.4833,9.66667,2008-04-23,4.92999988980591,7.20999983884394,6.06999986432493,2008,4,2008
47.4833,9.66667,2008-04-24,5.90999986790121,11.6199997402728,8.76499980408698,2008,4,2008
47.4833,9.66667,2008-04-25,6.4299998562783,13.9999996870756,10.214999771677,2008,4,2008
47.4833,9.66667,2008-04-26,5.739999871701,11.9699997324497,8.85499980207533,2008,4,2008
47.4833,9.66667,2008-04-27,3.10999993048608,16.3199996352196,9.71499978285283,2008,4,2008
47.4833,9.66667,2008-04-28,3.53999992087483,19.1599995717406,11.3499997463077,2008,4,2008
47.4833,9.66667,2008-04-29,8.58999980799854,20.7099995370954,14.649999672547,2008,4,2008
47.4833,9.66667,2008-04-30,4.58999989740551,12.9799997098744,8.78499980363995,2008,4,2008
47.4833,9.66667,2008-05-01,3.28999992646277,18.5299995858222,10.9099997561425,2008,5,NA
47.4833,9.66667,2008-05-02,5.13999988511205,13.9599996879697,9.54999978654087,2008,5,NA
47.4833,9.66667,2008-05-03,5.83999986946583,17.4999996088445,11.6699997391552,2008,5,NA
47.4833,9.66667,2008-05-04,6.39999985694885,19.4299995657057,12.9149997113273,2008,5,NA
47.4833,9.66667,2008-05-05,6.18999986164272,19.539999563247,12.8649997124448,2008,5,NA
47.4833,9.66667,2008-05-06,6.40999985672534,17.779999602586,12.0949997296557,2008,5,NA
47.4833,9.66667,2008-05-07,6.51999985426664,20.0699995514005,13.2949997028336,2008,5,NA
47.4833,9.66667,2008-05-08,6.2599998600781,20.1499995496124,13.2049997048452,2008,5,NA
47.4833,9.66667,2008-05-09,5.80999987013638,21.54999951832,13.6799996942282,2008,5,NA
47.4833,9.66667,2008-05-10,7.35999983549118,23.4199994765222,15.3899996560067,2008,5,NA
47.4833,9.66667,2008-05-11,8.94999979995191,23.4299994762987,16.1899996381253,2008,5,NA
47.4833,9.66667,2008-05-12,8.65999980643392,20.3299995455891,14.4949996760115,2008,5,NA
47.4833,9.66667,2008-05-13,6.33999985828996,21.4299995210022,13.8849996896461,2008,5,NA
47.4833,9.66667,2008-05-14,7.69999982789159,22.8199994899333,15.2599996589124,2008,5,NA
47.4833,9.66667,2008-05-15,8.52999980933964,23.249999480322,15.8899996448308,2008,5,NA
47.4833,9.66667,2008-05-16,10.0599997751415,22.8699994888157,16.4649996319786,2008,5,NA
47.4833,9.66667,2008-05-17,11.0399997532368,21.2999995239079,16.1699996385723,2008,5,NA
47.4833,9.66667,2008-05-18,11.1599997505546,17.5799996070564,14.3699996788055,2008,5,NA
47.4833,9.66667,2008-05-19,9.24999979324639,13.9899996872991,11.6199997402728,2008,5,NA
47.4833,9.66667,2008-05-20,9.20999979414046,15.7499996479601,12.4799997210503,2008,5,NA
47.4833,9.66667,2008-05-21,8.18999981693923,12.6899997163564,10.4399997666478,2008,5,NA
47.4833,9.66667,2008-05-22,7.31999983638525,11.9999997317791,9.65999978408217,2008,5,NA
47.4833,9.66667,2008-05-23,8.56999980844557,13.6999996937811,11.1349997511134,2008,5,NA
47.4833,9.66667,2008-05-24,7.35999983549118,19.8699995558709,13.614999695681,2008,5,NA
47.4833,9.66667,2008-05-25,9.47999978810549,21.6999995149672,15.5899996515363,2008,5,NA
47.4833,9.66667,2008-05-26,11.3199997469783,22.669999493286,16.9949996201321,2008,5,NA
47.4833,9.66667,2008-05-27,14.0199996866286,24.2399994581938,19.1299995724112,2008,5,NA
47.4833,9.66667,2008-05-28,15.4399996548891,28.6199993602931,22.0299995075911,2008,5,NA
47.4833,9.66667,2008-05-29,16.7699996251613,27.9099993761629,22.3399995006621,2008,5,NA
47.4833,9.66667,2008-05-30,16.099999640137,28.5099993627518,22.3049995014444,2008,5,NA
47.4833,9.66667,2008-05-31,14.0599996857345,23.9899994637817,19.0249995747581,2008,5,NA
47.4833,9.66667,2008-06-01,12.2499997261912,22.0799995064735,17.1649996163324,2008,6,NA
47.4833,9.66667,2008-06-02,10.1499997731298,25.3199994340539,17.7349996035919,2008,6,NA
47.4833,9.66667,2008-06-03,13.5899996962398,28.0499993730336,20.8199995346367,2008,6,NA
47.4833,9.66667,2008-06-04,13.1599997058511,20.1299995500594,16.6449996279553,2008,6,NA
47.4833,9.66667,2008-06-05,12.6799997165799,15.5299996528774,14.1049996847287,2008,6,NA
47.4833,9.66667,2008-06-06,12.4499997217208,16.7299996260554,14.5899996738881,2008,6,NA
47.4833,9.66667,2008-06-07,11.5699997413903,16.099999640137,13.8349996907637,2008,6,NA
47.4833,9.66667,2008-06-08,10.5199997648597,13.3699997011572,11.9449997330084,2008,6,NA
47.4833,9.66667,2008-06-09,10.7499997597188,19.8199995569885,15.2849996583536,2008,6,NA
47.4833,9.66667,2008-06-10,9.0699997972697,22.4899994973093,15.7799996472895,2008,6,NA
47.4833,9.66667,2008-06-11,10.9899997543544,24.1299994606525,17.5599996075034,2008,6,NA
47.4833,9.66667,2008-06-12,12.5899997185916,18.1499995943159,15.3699996564537,2008,6,NA
47.4833,9.66667,2008-06-13,10.7999997586012,19.2799995690584,15.0399996638298,2008,6,NA
47.4833,9.66667,2008-06-14,7.84999982453883,14.4999996758997,11.1749997502193,2008,6,NA
47.4833,9.66667,2008-06-15,6.74999984912574,15.809999646619,11.2799997478724,2008,6,NA
47.4833,9.66667,2008-06-16,6.07999986410141,13.75999969244,9.91999977827072,2008,6,NA
47.4833,9.66667,2008-06-17,9.15999979525805,13.8699996899813,11.5149997426197,2008,6,NA
47.4833,9.66667,2008-06-18,10.4599997662008,17.5199996083975,13.9899996872991,2008,6,NA
47.4833,9.66667,2008-06-19,11.789999736473,21.0699995290488,16.4299996327609,2008,6,NA
47.4833,9.66667,2008-06-20,11.0399997532368,24.4599994532764,17.7499996032566,2008,6,NA
47.4833,9.66667,2008-06-21,14.3199996799231,24.8199994452298,19.5699995625764,2008,6,NA
47.4833,9.66667,2008-06-22,13.3999997004867,26.7999994009733,20.09999955073,2008,6,NA
47.4833,9.66667,2008-06-23,16.0199996419251,30.2899993229657,23.1549994824454,2008,6,NA
47.4833,9.66667,2008-06-24,17.6399996057153,29.549999339506,23.5949994726107,2008,6,NA
47.4833,9.66667,2008-06-25,15.9199996441603,26.8399994000793,21.3799995221198,2008,6,NA
47.4833,9.66667,2008-06-26,16.3199996352196,29.1399993486702,22.7299994919449,2008,6,NA
47.4833,9.66667,2008-06-27,16.2099996376783,21.9699995089322,19.0899995733052,2008,6,NA
47.4833,9.66667,2008-06-28,15.3299996573478,24.6899994481355,20.0099995527416,2008,6,NA
47.4833,9.66667,2008-06-29,13.8399996906519,24.9799994416535,19.4099995661527,2008,6,NA
47.4833,9.66667,2008-06-30,13.9299996886402,27.6199993826449,20.7749995356426,2008,6,NA
47.4833,9.66667,2008-07-01,16.059999641031,25.569999428466,20.8149995347485,2008,7,NA
47.4833,9.66667,2008-07-02,14.6899996716529,28.1099993716925,21.3999995216727,2008,7,NA
47.4833,9.66667,2008-07-03,15.4299996551126,28.8199993558228,22.1249995054677,2008,7,NA
47.4833,9.66667,2008-07-04,14.2299996819347,24.7599994465709,19.4949995642528,2008,7,NA
47.4833,9.66667,2008-07-05,12.039999730885,20.8399995341897,16.4399996325374,2008,7,NA
47.4833,9.66667,2008-07-06,10.919999755919,24.8999994434416,17.9099995996803,2008,7,NA
47.4833,9.66667,2008-07-07,14.4499996770173,23.2599994800985,18.8549995785579,2008,7,NA
47.4833,9.66667,2008-07-08,12.1499997284263,16.2699996363372,14.2099996823817,2008,7,NA
47.4833,9.66667,2008-07-09,12.4499997217208,19.7299995590001,16.0899996403605,2008,7,NA
47.4833,9.66667,2008-07-10,11.9899997320026,22.0799995064735,17.0349996192381,2008,7,NA
47.4833,9.66667,2008-07-11,12.1199997290969,26.6299994047731,19.374999566935,2008,7,NA
47.4833,9.66667,2008-07-12,15.0099996645004,28.8499993551522,21.9299995098263,2008,7,NA
47.4833,9.66667,2008-07-13,13.3399997018278,16.7699996251613,15.0549996634945,2008,7,NA
47.4833,9.66667,2008-07-14,12.0099997315556,15.0099996645004,13.509999698028,2008,7,NA
47.4833,9.66667,2008-07-15,10.5699997637421,14.4299996774644,12.4999997206032,2008,7,NA
47.4833,9.66667,2008-07-16,8.78999980352819,21.8599995113909,15.3249996574596,2008,7,NA
47.4833,9.66667,2008-07-17,10.8599997572601,24.679999448359,17.7699996028095,2008,7,NA
47.4833,9.66667,2008-07-18,13.21999970451,17.8599996007979,15.5399996526539,2008,7,NA
47.4833,9.66667,2008-07-19,12.5899997185916,19.789999557659,16.1899996381253,2008,7,NA
47.4833,9.66667,2008-07-20,12.1899997275323,24.4899994526058,18.3399995900691,2008,7,NA
47.4833,9.66667,2008-07-21,13.9299996886402,21.2499995250255,17.5899996068329,2008,7,NA
47.4833,9.66667,2008-07-22,11.7199997380376,17.8799996003509,14.7999996691942,2008,7,NA
47.4833,9.66667,2008-07-23,10.2099997717887,16.0499996412545,13.1299997065216,2008,7,NA
47.4833,9.66667,2008-07-24,9.34999979101121,19.539999563247,14.4449996771291,2008,7,NA
47.4833,9.66667,2008-07-25,9.63999978452921,22.9899994861335,16.3149996353313,2008,7,NA
47.4833,9.66667,2008-07-26,11.5299997422844,25.2499994356185,18.3899995889515,2008,7,NA
47.4833,9.66667,2008-07-27,13.799999691546,24.7999994456768,19.2999995686114,2008,7,NA
47.4833,9.66667,2008-07-28,15.5499996524304,24.4299994539469,19.9899995531887,2008,7,NA
47.4833,9.66667,2008-07-29,16.1999996379018,26.3899994101375,21.2949995240197,2008,7,NA
47.4833,9.66667,2008-07-30,15.2399996593595,26.6399994045496,20.9399995319545,2008,7,NA
47.4833,9.66667,2008-07-31,15.8999996446073,27.8999993763864,21.8999995104969,2008,7,NA
47.4833,9.66667,2008-08-01,16.369999634102,29.009999351576,22.689999492839,2008,8,NA
47.4833,9.66667,2008-08-02,16.3099996354431,25.1199994385242,20.7149995369837,2008,8,NA
47.4833,9.66667,2008-08-03,15.5099996533245,24.0099994633347,19.7599995583296,2008,8,NA
47.4833,9.66667,2008-08-04,16.8399996235967,25.6899994257838,21.2649995246902,2008,8,NA
47.4833,9.66667,2008-08-05,16.7899996247143,24.2699994575232,20.5299995411187,2008,8,NA
47.4833,9.66667,2008-08-06,14.3899996783584,21.1999995261431,17.7949996022508,2008,8,NA
47.4833,9.66667,2008-08-07,13.5399996973574,26.9499993976206,20.244999547489,2008,8,NA
47.4833,9.66667,2008-08-08,15.0199996642768,28.7899993564934,21.9049995103851,2008,8,NA
47.4833,9.66667,2008-08-09,14.379999678582,20.6299995388836,17.5049996087328,2008,8,NA
47.4833,9.66667,2008-08-10,12.5299997199327,21.0899995286018,16.8099996242672,2008,8,NA
47.4833,9.66667,2008-08-11,11.5599997416139,24.659999448806,18.10999959521,2008,8,NA
47.4833,9.66667,2008-08-12,13.5199996978045,25.7499994244426,19.6349995611235,2008,8,NA
47.4833,9.66667,2008-08-13,14.5799996741116,23.3199994787574,18.9499995764345,2008,8,NA
47.4833,9.66667,2008-08-14,12.9699997100979,20.6299995388836,16.7999996244907,2008,8,NA
47.4833,9.66667,2008-08-15,14.5099996756762,21.1799995265901,17.8449996011332,2008,8,NA
47.4833,9.66667,2008-08-16,11.0999997518957,15.479999653995,13.2899997029454,2008,8,NA
47.4833,9.66667,2008-08-17,9.63999978452921,18.9899995755404,14.3149996800348,2008,8,NA
47.4833,9.66667,2008-08-18,8.72999980486929,19.8499995563179,14.2899996805936,2008,8,NA
47.4833,9.66667,2008-08-19,11.6799997389317,24.6299994494766,18.1549995942041,2008,8,NA
47.4833,9.66667,2008-08-20,13.4499996993691,26.2199994139373,19.8349995566532,2008,8,NA
47.4833,9.66667,2008-08-21,13.8099996913224,17.0399996191263,15.4249996552244,2008,8,NA
47.4833,9.66667,2008-08-22,11.749999737367,21.4299995210022,16.5899996291846,2008,8,NA
47.4833,9.66667,2008-08-23,11.6099997404963,20.8399995341897,16.224999637343,2008,8,NA
47.4833,9.66667,2008-08-24,10.4099997673184,16.9699996206909,13.6899996940047,2008,8,NA
47.4833,9.66667,2008-08-25,8.24999981559813,19.7099995594472,13.9799996875226,2008,8,NA
47.4833,9.66667,2008-08-26,10.9099997561425,20.2699995469302,15.5899996515363,2008,8,NA
47.4833,9.66667,2008-08-27,11.789999736473,22.689999492839,17.239999614656,2008,8,NA
47.4833,9.66667,2008-08-28,11.6899997387081,23.6699994709343,17.6799996048212,2008,8,NA
47.4833,9.66667,2008-08-29,12.5299997199327,23.849999466911,18.1899995934218,2008,8,NA
47.4833,9.66667,2008-08-30,12.4499997217208,21.9899995084852,17.219999615103,2008,8,NA
47.4833,9.66667,2008-08-31,12.0199997313321,24.4199994541705,18.2199995927513,2008,8,NA
47.4833,9.66667,2008-09-01,13.0899997074157,24.8999994434416,18.9949995754287,2008,9,NA
47.4833,9.66667,2008-09-02,14.7599996700883,20.8099995348603,17.7849996024743,2008,9,NA
47.4833,9.66667,2008-09-03,12.7099997159094,23.1399994827807,17.924999599345,2008,9,NA
47.4833,9.66667,2008-09-04,14.1799996830523,26.129999415949,20.1549995495006,2008,9,NA
47.4833,9.66667,2008-09-05,14.2499996814877,19.2899995688349,16.7699996251613,2008,9,NA
47.4833,9.66667,2008-09-06,14.1899996828288,26.5799994058907,20.3849995443597,2008,9,NA
47.4833,9.66667,2008-09-07,13.7699996922165,24.3199994564056,19.0449995743111,2008,9,NA
47.4833,9.66667,2008-09-08,10.8899997565895,14.5699996743351,12.7299997154623,2008,9,NA
47.4833,9.66667,2008-09-09,9.3599997907877,20.0599995516241,14.7099996712059,2008,9,NA
47.4833,9.66667,2008-09-10,9.1299997959286,23.4799994751811,16.3049996355549,2008,9,NA
47.4833,9.66667,2008-09-11,13.5299996975809,21.8999995104969,17.7149996040389,2008,9,NA
47.4833,9.66667,2008-09-12,12.639999717474,24.4899994526058,18.5649995850399,2008,9,NA
47.4833,9.66667,2008-09-13,12.7499997150153,18.5999995842576,15.6749996496364,2008,9,NA
47.4833,9.66667,2008-09-14,9.00999979861081,13.5699996966869,11.2899997476488,2008,9,NA
47.4833,9.66667,2008-09-15,6.79999984800816,8.82999980263412,7.81499982532114,2008,9,NA
47.4833,9.66667,2008-09-16,5.99999986588955,8.76999980397522,7.38499983493239,2008,9,NA
47.4833,9.66667,2008-09-17,3.82999991439283,10.8899997565895,7.35999983549118,2008,9,NA
47.4833,9.66667,2008-09-18,2.49999994412065,12.3399997241795,7.41999983415008,2008,9,NA
47.4833,9.66667,2008-09-19,3.35999992489815,13.8999996893108,8.62999980710447,2008,9,NA
47.4833,9.66667,2008-09-20,7.85999982431531,15.3699996564537,11.6149997403845,2008,9,NA
47.4833,9.66667,2008-09-21,5.54999987594783,13.8299996908754,9.68999978341162,2008,9,NA
47.4833,9.66667,2008-09-22,4.05999990925193,12.5699997190386,8.31499981414527,2008,9,NA
47.4833,9.66667,2008-09-23,2.8699999358505,12.9199997112155,7.894999823533,2008,9,NA
47.4833,9.66667,2008-09-24,5.40999987907708,12.8699997123331,9.13999979570508,2008,9,NA
47.4833,9.66667,2008-09-25,3.31999992579222,12.929999710992,8.1249998183921,2008,9,NA
47.4833,9.66667,2008-09-26,7.65999982878566,11.6499997396022,9.65499978419393,2008,9,NA
47.4833,9.66667,2008-09-27,6.32999985851347,13.8799996897578,10.1049997741356,2008,9,NA
47.4833,9.66667,2008-09-28,3.3899999242276,14.7499996703118,9.0699997972697,2008,9,NA
47.4833,9.66667,2008-09-29,2.77999993786216,13.7099996935576,8.24499981570989,2008,9,NA
47.4833,9.66667,2008-09-30,4.02999990992248,16.5699996296316,10.2999997697771,2008,9,NA
47.4833,9.66667,2008-10-01,8.42999981157482,14.089999685064,11.2599997483194,2008,10,2009
47.4833,9.66667,2008-10-02,9.5299997869879,16.5399996303022,13.034999708645,2008,10,2009
47.4833,9.66667,2008-10-03,7.99999982118607,13.8199996910989,10.9099997561425,2008,10,2009
47.4833,9.66667,2008-10-04,4.05999990925193,7.79999982565641,5.92999986745417,2008,10,2009
47.4833,9.66667,2008-10-05,2.09999995306134,6.86999984644353,4.48499989975244,2008,10,2009
47.4833,9.66667,2008-10-06,1.39999996870756,14.2799996808171,7.83999982476234,2008,10,2009
47.4833,9.66667,2008-10-07,9.39999978989363,17.529999608174,13.4649996990338,2008,10,2009
47.4833,9.66667,2008-10-08,10.31999976933,18.939999576658,14.629999672994,2008,10,2009
47.4833,9.66667,2008-10-09,9.9899997767061,19.0399995744228,14.5149996755645,2008,10,2009
47.4833,9.66667,2008-10-10,8.99999979883432,17.0699996184558,13.034999708645,2008,10,2009
47.4833,9.66667,2008-10-11,8.93999980017543,14.8499996680766,11.894999734126,2008,10,2009
47.4833,9.66667,2008-10-12,8.23999981582165,19.1199995726347,13.6799996942282,2008,10,2009
47.4833,9.66667,2008-10-13,7.85999982431531,18.669999582693,13.2649997035041,2008,10,2009
47.4833,9.66667,2008-10-14,8.23999981582165,17.3199996128678,12.7799997143447,2008,10,2009
47.4833,9.66667,2008-10-15,10.6799997612834,19.7799995578825,15.229999659583,2008,10,2009
47.4833,9.66667,2008-10-16,11.0099997539073,19.6299995612353,15.3199996575713,2008,10,2009
47.4833,9.66667,2008-10-17,7.85999982431531,14.9999996647239,11.4299997445196,2008,10,2009
47.4833,9.66667,2008-10-18,4.07999990880489,11.6499997396022,7.86499982420355,2008,10,2009
47.4833,9.66667,2008-10-19,1.63999996334314,12.3599997237325,6.99999984353781,2008,10,2009
47.4833,9.66667,2008-10-20,5.09999988600612,15.479999653995,10.2899997700006,2008,10,2009
47.4833,9.66667,2008-10-21,7.00999984331429,18.1299995947629,12.5699997190386,2008,10,2009
47.4833,9.66667,2008-10-22,8.80999980308115,18.1399995945394,13.4749996988103,2008,10,2009
47.4833,9.66667,2008-10-23,5.00999988801777,12.639999717474,8.82499980274588,2008,10,2009
47.4833,9.66667,2008-10-24,4.28999990411103,8.91999980062246,6.60499985236675,2008,10,2009
47.4833,9.66667,2008-10-25,3.22999992780387,11.2399997487664,7.23499983828515,2008,10,2009
47.4833,9.66667,2008-10-26,2.90999993495643,9.38999979011714,6.14999986253679,2008,10,2009
47.4833,9.66667,2008-10-27,3.31999992579222,13.3799997009337,8.34999981336296,2008,10,2009
47.4833,9.66667,2008-10-28,5.9699998665601,14.089999685064,10.029999775812,2008,10,2009
47.4833,9.66667,2008-10-29,5.26999988220632,9.11999979615211,7.19499983917922,2008,10,2009
47.4833,9.66667,2008-10-30,1.03999997675419,5.0499998871237,3.04499993193895,2008,10,2009
47.4833,9.66667,2008-10-31,-0.149999996647239,3.94999991171062,1.89999995753169,2008,10,2009
47.4833,9.66667,2008-11-01,-0.329999992623925,5.739999871701,2.70499993953854,2008,11,2009
47.4833,9.66667,2008-11-02,2.26999994926155,10.6999997608364,6.48499985504895,2008,11,2009
47.4833,9.66667,2008-11-03,2.98999993316829,15.3599996566772,9.17499979492277,2008,11,2009
47.4833,9.66667,2008-11-04,5.32999988086522,16.4299996327609,10.879999756813,2008,11,2009
47.4833,9.66667,2008-11-05,4.65999989584088,12.8499997127801,8.7549998043105,2008,11,2009
47.4833,9.66667,2008-11-06,5.02999988757074,16.639999628067,10.8349997578189,2008,11,2009
47.4833,9.66667,2008-11-07,3.81999991461635,9.43999978899956,6.62999985180795,2008,11,2009
47.4833,9.66667,2008-11-08,3.06999993138015,11.8599997349083,7.46499983314425,2008,11,2009
47.4833,9.66667,2008-11-09,3.36999992467463,12.039999730885,7.70499982777983,2008,11,2009
47.4833,9.66667,2008-11-10,2.39999994635582,12.889999711886,7.64499982912093,2008,11,2009
47.4833,9.66667,2008-11-11,4.28999990411103,15.1299996618181,9.70999978296459,2008,11,2009
47.4833,9.66667,2008-11-12,3.42999992333353,14.7999996691942,9.11499979626387,2008,11,2009
47.4833,9.66667,2008-11-13,4.22999990545213,6.81999984756112,5.52499987650663,2008,11,2009
47.4833,9.66667,2008-11-14,3.11999993026257,5.89999986812472,4.50999989919364,2008,11,2009
47.4833,9.66667,2008-11-15,1.29999997094274,7.30999983660877,4.30499990377575,2008,11,2009
47.4833,9.66667,2008-11-16,-0.629999985918403,7.61999982967973,3.49499992188066,2008,11,2009
47.4833,9.66667,2008-11-17,-0.149999996647239,5.71999987214804,2.7849999377504,2008,11,2009
47.4833,9.66667,2008-11-18,-0.199999995529652,6.5999998524785,3.19999992847443,2008,11,2009
47.4833,9.66667,2008-11-19,-0.30999999307096,5.83999986946583,2.76499993819743,2008,11,2009
47.4833,9.66667,2008-11-20,2.36999994702637,8.39999981224537,5.38499987963587,2008,11,2009
47.4833,9.66667,2008-11-21,4.04999990947545,8.33999981358647,6.19499986153096,2008,11,2009
47.4833,9.66667,2008-11-22,-0.749999983236194,6.78999984823167,3.01999993249774,2008,11,2009
47.4833,9.66667,2008-11-23,-2.87999993562698,-0.139999996870756,-1.50999996624887,2008,11,2009
47.4833,9.66667,2008-11-24,-4.6499998960644,0.729999983683228,-1.95999995619059,2008,11,2009
47.4833,9.66667,2008-11-25,-1.76999996043742,3.27999992668629,0.754999983124435,2008,11,2009
47.4833,9.66667,2008-11-26,-4.89999989047647,0.989999977871776,-1.95499995630234,2008,11,2009
47.4833,9.66667,2008-11-27,-7.10999984107912,0.819999981671572,-3.14499992970377,2008,11,2009
47.4833,9.66667,2008-11-28,-8.31999981403351,-0.189999995753169,-4.25499990489334,2008,11,2009
47.4833,9.66667,2008-11-29,-7.21999983862042,1.21999997273088,-2.99999993294477,2008,11,2009
47.4833,9.66667,2008-11-30,-3.3299999255687,6.44999985583127,1.55999996513128,2008,11,2009
47.4833,9.66667,2008-12-01,-1.04999997653067,7.61999982967973,3.28499992657453,2008,12,2009
47.4833,9.66667,2008-12-02,-0.239999994635582,5.21999988332391,2.48999994434416,2008,12,2009
47.4833,9.66667,2008-12-03,-1.56999996490777,3.36999992467463,0.899999979883432,2008,12,2009
47.4833,9.66667,2008-12-04,-4.88999989069998,3.96999991126359,-0.459999989718199,2008,12,2009
47.4833,9.66667,2008-12-05,-1.44999996758997,5.15999988466501,1.85499995853752,2008,12,2009
47.4833,9.66667,2008-12-06,0.759999983012676,7.24999983794987,4.00499991048127,2008,12,2009
47.4833,9.66667,2008-12-07,0.359999991953373,4.53999989852309,2.44999994523823,2008,12,2009
47.4833,9.66667,2008-12-08,-1.18999997340143,2.8699999358505,0.839999981224537,2008,12,2009
47.4833,9.66667,2008-12-09,-4.28999990411103,2.79999993741512,-0.744999983347952,2008,12,2009
47.4833,9.66667,2008-12-10,-5.3399998806417,3.36999992467463,-0.984999977983534,2008,12,2009
47.4833,9.66667,2008-12-11,-1.92999995686114,1.23999997228384,-0.344999992288649,2008,12,2009
47.4833,9.66667,2008-12-12,-1.66999996267259,-0.379999991506338,-1.02499997708946,2008,12,2009
47.4833,9.66667,2008-12-13,-2.53999994322658,-0.34999999217689,-1.44499996770173,2008,12,2009
47.4833,9.66667,2008-12-14,-5.52999987639487,1.76999996043742,-1.87999995797873,2008,12,2009
47.4833,9.66667,2008-12-15,-3.91999991238117,7.42999983392656,1.75499996077269,2008,12,2009
47.4833,9.66667,2008-12-16,-2.32999994792044,5.62999987415969,1.64999996311963,2008,12,2009
47.4833,9.66667,2008-12-17,-3.74999991618097,1.18999997340143,-1.27999997138977,2008,12,2009
47.4833,9.66667,2008-12-18,-2.37999994680285,0.459999989718199,-0.959999978542328,2008,12,2009
47.4833,9.66667,2008-12-19,-1.39999996870756,0.469999989494681,-0.46499998960644,2008,12,2009
47.4833,9.66667,2008-12-20,-1.29999997094274,2.98999993316829,0.844999981112778,2008,12,2009
47.4833,9.66667,2008-12-21,0.499999988824129,4.35999990254641,2.42999994568527,2008,12,2009
47.4833,9.66667,2008-12-22,3.58999991975725,5.57999987527728,4.58499989751726,2008,12,2009
47.4833,9.66667,2008-12-23,3.12999993003905,5.74999987147748,4.43999990075827,2008,12,2009
47.4833,9.66667,2008-12-24,0.00999999977648258,6.03999986499548,3.02499993238598,2008,12,2009
47.4833,9.66667,2008-12-25,-2.41999994590878,2.30999994836748,-0.0549999987706542,2008,12,2009
47.4833,9.66667,2008-12-26,-3.01999993249774,2.99999993294477,-0.00999999977648258,2008,12,2009
47.4833,9.66667,2008-12-27,-5.34999988041818,-0.209999995306134,-2.77999993786216,2008,12,2009
47.4833,9.66667,2008-12-28,-5.66999987326562,-2.83999993652105,-4.25499990489334,2008,12,2009
47.4833,9.66667,2008-12-29,-8.49999981001019,-2.01999995484948,-5.25999988242984,2008,12,2009
47.4833,9.66667,2008-12-30,-8.23999981582165,-2.21999995037913,-5.22999988310039,2008,12,2009
47.4833,9.66667,2008-12-31,-7.36999983526766,1.68999996222556,-2.83999993652105,2008,12,2009
47.4833,9.66667,2009-01-01,-6.35999985784292,2.75999993830919,-1.79999995976686,2009,1,2009
47.4833,9.66667,2009-01-02,-4.67999989539385,2.67999994009733,-0.999999977648258,2009,1,2009
47.4833,9.66667,2009-01-03,-7.09999984130263,-1.85999995842576,-4.4799998998642,2009,1,2009
47.4833,9.66667,2009-01-04,-7.72999982722104,-3.62999991886318,-5.67999987304211,2009,1,2009
47.4833,9.66667,2009-01-05,-8.88999980129302,-2.6399999409914,-5.76499987114221,2009,1,2009
47.4833,9.66667,2009-01-06,-9.17999979481101,-4.76999989338219,-6.9749998440966,2009,1,2009
47.4833,9.66667,2009-01-07,-6.27999985963106,-3.02999993227422,-4.65499989595264,2009,1,2009
47.4833,9.66667,2009-01-08,-9.07999979704618,-4.03999990969896,-6.55999985337257,2009,1,2009
47.4833,9.66667,2009-01-09,-10.4699997659773,-3.77999991551042,-7.12499984074384,2009,1,2009
47.4833,9.66667,2009-01-10,-10.2699997704476,-3.08999993093312,-6.67999985069036,2009,1,2009
47.4833,9.66667,2009-01-11,-10.899999756366,-4.86999989114702,-7.88499982375652,2009,1,2009
47.4833,9.66667,2009-01-12,-9.5299997869879,-2.2399999499321,-5.88499986846,2009,1,2009
47.4833,9.66667,2009-01-13,-9.39999978989363,-0.439999990165234,-4.91999989002943,2009,1,2009
47.4833,9.66667,2009-01-14,-8.16999981738627,1.33999997004867,-3.4149999236688,2009,1,2009
47.4833,9.66667,2009-01-15,-6.50999985449016,0.339999992400408,-3.08499993104488,2009,1,2009
47.4833,9.66667,2009-01-16,-4.53999989852309,2.13999995216727,-1.19999997317791,2009,1,2009
47.4833,9.66667,2009-01-17,-5.94999986700714,2.34999994747341,-1.79999995976686,2009,1,2009
47.4833,9.66667,2009-01-18,-4.9399998895824,3.61999991908669,-0.65999998524785,2009,1,2009
47.4833,9.66667,2009-01-19,-4.20999990589917,7.41999983415008,1.60499996412545,2009,1,2009
47.4833,9.66667,2009-01-20,-0.0799999982118607,8.38999981246889,4.15499990712851,2009,1,2009
47.4833,9.66667,2009-01-21,-0.179999995976686,4.43999990075827,2.12999995239079,2009,1,2009
47.4833,9.66667,2009-01-22,-1.1499999742955,1.63999996334314,0.244999994523823,2009,1,2009
47.4833,9.66667,2009-01-23,-5.45999987795949,1.75999996066093,-1.84999995864928,2009,1,2009
47.4833,9.66667,2009-01-24,-3.7899999152869,7.78999982587993,1.99999995529652,2009,1,2009
47.4833,9.66667,2009-01-25,-2.85999993607402,3.29999992623925,0.219999995082617,2009,1,2009
47.4833,9.66667,2009-01-26,-3.62999991886318,4.55999989807606,0.46499998960644,2009,1,2009
47.4833,9.66667,2009-01-27,-4.8799998909235,3.29999992623925,-0.789999982342124,2009,1,2009
47.4833,9.66667,2009-01-28,-4.32999990321696,0.299999993294477,-2.01499995496124,2009,1,2009
47.4833,9.66667,2009-01-29,-2.65999994054437,-0.339999992400408,-1.49999996647239,2009,1,2009
47.4833,9.66667,2009-01-30,-3.06999993138015,0.869999980553985,-1.09999997541308,2009,1,2009
47.4833,9.66667,2009-01-31,-3.42999992333353,0.329999992623925,-1.5499999653548,2009,1,2009
47.4833,9.66667,2009-02-01,-4.40999990142882,-1.72999996133149,-3.06999993138015,2009,2,2009
47.4833,9.66667,2009-02-02,-4.91999989002943,0.319999992847443,-2.29999994859099,2009,2,2009
47.4833,9.66667,2009-02-03,-2.78999993763864,9.59999978542328,3.40499992389232,2009,2,2009
47.4833,9.66667,2009-02-04,-0.559999987483025,9.74999978207052,4.59499989729375,2009,2,2009
47.4833,9.66667,2009-02-05,-2.60999994166195,7.17999983951449,2.28499994892627,2009,2,2009
47.4833,9.66667,2009-02-06,-1.68999996222556,10.4099997673184,4.35999990254641,2009,2,2009
47.4833,9.66667,2009-02-07,0.329999992623925,6.97999984398484,3.65499991830438,2009,2,2009
47.4833,9.66667,2009-02-08,-0.959999978542328,4.68999989517033,1.864999958314,2009,2,2009
47.4833,9.66667,2009-02-09,-1.56999996490777,1.22999997250736,-0.169999996200204,2009,2,2009
47.4833,9.66667,2009-02-10,-5.22999988310039,4.72999989427626,-0.249999994412065,2009,2,2009
47.4833,9.66667,2009-02-11,1.09999997541308,8.93999980017543,5.01999988779426,2009,2,2009
47.4833,9.66667,2009-02-12,-1.85999995842576,0.829999981448054,-0.514999988488853,2009,2,2009
47.4833,9.66667,2009-02-13,-4.75999989360571,-0.689999984577298,-2.7249999390915,2009,2,2009
47.4833,9.66667,2009-02-14,-5.20999988354743,-1.43999996781349,-3.32499992568046,2009,2,2009
47.4833,9.66667,2009-02-15,-6.029999865219,-1.33999997004867,-3.68499991763383,2009,2,2009
47.4833,9.66667,2009-02-16,-10.0899997744709,-0.189999995753169,-5.13999988511205,2009,2,2009
47.4833,9.66667,2009-02-17,-6.91999984532595,0.779999982565641,-3.06999993138015,2009,2,2009
47.4833,9.66667,2009-02-18,-5.41999987885356,0.57999998703599,-2.41999994590878,2009,2,2009
47.4833,9.66667,2009-02-19,-11.9499997328967,-2.52999994345009,-7.23999983817339,2009,2,2009
47.4833,9.66667,2009-02-20,-13.9499996881932,-2.66999994032085,-8.30999981425703,2009,2,2009
47.4833,9.66667,2009-02-21,-10.6499997619539,0.189999995753169,-5.22999988310039,2009,2,2009
47.4833,9.66667,2009-02-22,-1.07999997586012,3.34999992512167,1.13499997463077,2009,2,2009
47.4833,9.66667,2009-02-23,-0.57999998703599,2.08999995328486,0.754999983124435,2009,2,2009
47.4833,9.66667,2009-02-24,0.329999992623925,2.53999994322658,1.43499996792525,2009,2,2009
47.4833,9.66667,2009-02-25,-1.17999997362494,2.2399999499321,0.529999988153577,2009,2,2009
47.4833,9.66667,2009-02-26,-5.80999987013638,3.87999991327524,-0.964999978430569,2009,2,2009
47.4833,9.66667,2009-02-27,-3.46999992243946,4.96999988891184,0.749999983236194,2009,2,2009
47.4833,9.66667,2009-02-28,0.88999998010695,5.70999987237155,3.29999992623925,2009,2,2009
47.4833,9.66667,2009-03-01,-1.21999997273088,10.5299997646362,4.65499989595264,2009,3,2009
47.4833,9.66667,2009-03-02,-0.489999989047647,10.7399997599423,5.12499988544732,2009,3,2009
47.4833,9.66667,2009-03-03,2.60999994166195,7.04999984242022,4.82999989204109,2009,3,2009
47.4833,9.66667,2009-03-04,1.51999996602535,5.75999987125397,3.63999991863966,2009,3,2009
47.4833,9.66667,2009-03-05,-1.26999997161329,8.40999981202185,3.56999992020428,2009,3,2009
47.4833,9.66667,2009-03-06,-0.589999986812472,2.80999993719161,1.10999997518957,2009,3,2009
47.4833,9.66667,2009-03-07,0.0299999993294477,2.05999995395541,1.04499997664243,2009,3,2009
47.4833,9.66667,2009-03-08,-2.67999994009733,4.17999990656972,0.749999983236194,2009,3,2009
47.4833,9.66667,2009-03-09,-4.55999989807606,7.62999982945621,1.53499996569008,2009,3,2009
47.4833,9.66667,2009-03-10,0.0699999984353781,4.69999989494681,2.3849999466911,2009,3,2009
47.4833,9.66667,2009-03-11,0.159999996423721,5.1099998857826,2.63499994110316,2009,3,2009
47.4833,9.66667,2009-03-12,0.449999989941716,4.46999990008771,2.45999994501472,2009,3,2009
47.4833,9.66667,2009-03-13,-2.02999995462596,4.97999988868833,1.47499996703118,2009,3,2009
47.4833,9.66667,2009-03-14,1.76999996043742,8.65999980643392,5.21499988343567,2009,3,2009
47.4833,9.66667,2009-03-15,0.999999977648258,12.6299997176975,6.81499984767288,2009,3,2009
47.4833,9.66667,2009-03-16,2.78999993763864,8.62999980710447,5.70999987237155,2009,3,2009
47.4833,9.66667,2009-03-17,0.0799999982118607,10.0899997744709,5.08499988634139,2009,3,2009
47.4833,9.66667,2009-03-18,-0.949999978765845,11.0499997530133,5.0499998871237,2009,3,2009
47.4833,9.66667,2009-03-19,-1.19999997317791,10.2499997708946,4.52499989885837,2009,3,2009
47.4833,9.66667,2009-03-20,-2.02999995462596,7.53999983146787,2.75499993842095,2009,3,2009
47.4833,9.66667,2009-03-21,-3.51999992132187,2.90999993495643,-0.304999993182719,2009,3,2009
47.4833,9.66667,2009-03-22,-6.32999985851347,4.03999990969896,-1.14499997440726,2009,3,2009
47.4833,9.66667,2009-03-23,-4.9399998895824,8.73999980464578,1.89999995753169,2009,3,2009
47.4833,9.66667,2009-03-24,0.149999996647239,10.1999997720122,5.17499988432974,2009,3,2009
47.4833,9.66667,2009-03-25,-1.17999997362494,4.84999989159405,1.83499995898455,2009,3,2009
47.4833,9.66667,2009-03-26,-1.73999996110797,3.61999991908669,0.939999978989363,2009,3,2009
47.4833,9.66667,2009-03-27,0.669999985024333,6.52999985404313,3.59999991953373,2009,3,2009
47.4833,9.66667,2009-03-28,3.04999993182719,10.8199997581542,6.93499984499067,2009,3,2009
47.4833,9.66667,2009-03-29,2.02999995462596,12.3599997237325,7.19499983917922,2009,3,2009
47.4833,9.66667,2009-03-30,1.80999995954335,4.33999990299344,3.07499993126839,2009,3,2009
47.4833,9.66667,2009-03-31,1.67999996244907,7.33999983593822,4.50999989919364,2009,3,2009
47.4833,9.66667,2009-04-01,1.28999997116625,8.22999981604517,4.75999989360571,2009,4,2009
47.4833,9.66667,2009-04-02,2.70999993942678,10.6399997621775,6.67499985080212,2009,4,2009
47.4833,9.66667,2009-04-03,3.25999992713332,16.3199996352196,9.78999978117645,2009,4,2009
47.4833,9.66667,2009-04-04,4.82999989204109,16.7699996251613,10.7999997586012,2009,4,2009
47.4833,9.66667,2009-04-05,6.69999985024333,15.7299996484071,11.2149997493252,2009,4,2009
47.4833,9.66667,2009-04-06,6.60999985225499,16.9399996213615,11.7749997368082,2009,4,2009
47.4833,9.66667,2009-04-07,5.06999988667667,18.7699995804578,11.9199997335672,2009,4,2009
47.4833,9.66667,2009-04-08,5.3399998806417,19.3699995670468,12.3549997238442,2009,4,2009
47.4833,9.66667,2009-04-09,5.12999988533556,16.3199996352196,10.7249997602776,2009,4,2009
47.4833,9.66667,2009-04-10,4.9399998895824,19.8999995552003,12.4199997223914,2009,4,2009
47.4833,9.66667,2009-04-11,6.86999984644353,20.63999953866,13.7549996925518,2009,4,2009
47.4833,9.66667,2009-04-12,6.70999985001981,20.8499995339662,13.779999691993,2009,4,2009
47.4833,9.66667,2009-04-13,6.76999984867871,20.5599995404482,13.6649996945634,2009,4,2009
47.4833,9.66667,2009-04-14,5.47999987751245,20.2099995482713,12.8449997128919,2009,4,2009
47.4833,9.66667,2009-04-15,5.91999986767769,20.3099995460361,13.1149997068569,2009,4,2009
47.4833,9.66667,2009-04-16,6.2599998600781,21.54999951832,13.904999689199,2009,4,2009
47.4833,9.66667,2009-04-17,6.03999986499548,18.2799995914102,12.1599997282028,2009,4,2009
47.4833,9.66667,2009-04-18,5.84999986924231,12.7799997143447,9.31499979179353,2009,4,2009
47.4833,9.66667,2009-04-19,5.07999988645315,14.4799996763468,9.77999978139997,2009,4,2009
47.4833,9.66667,2009-04-20,3.40999992378056,17.0299996193498,10.2199997715652,2009,4,2009
47.4833,9.66667,2009-04-21,6.85999984666705,18.7999995797873,12.8299997132272,2009,4,2009
47.4833,9.66667,2009-04-22,6.73999984934926,18.8199995793402,12.7799997143447,2009,4,2009
47.4833,9.66667,2009-04-23,5.92999986745417,18.5999995842576,12.2649997258559,2009,4,2009
47.4833,9.66667,2009-04-24,3.59999991953373,13.1299997065216,8.36499981302768,2009,4,2009
47.4833,9.66667,2009-04-25,1.32999997027218,16.3599996343255,8.84499980229884,2009,4,2009
47.4833,9.66667,2009-04-26,5.70999987237155,20.8999995328486,13.3049997026101,2009,4,2009
47.4833,9.66667,2009-04-27,8.79999980330467,20.0299995522946,14.4149996777996,2009,4,2009
47.4833,9.66667,2009-04-28,8.64999980665743,15.5099996533245,12.079999729991,2009,4,2009
47.4833,9.66667,2009-04-29,4.92999988980591,9.5899997856468,7.25999983772635,2009,4,2009
47.4833,9.66667,2009-04-30,4.27999990433455,8.93999980017543,6.60999985225499,2009,4,2009
47.4833,9.66667,2009-05-01,4.20999990589917,11.499999742955,7.85499982442707,2009,5,NA
47.4833,9.66667,2009-05-02,2.27999994903803,17.2699996139854,9.77499978151172,2009,5,NA
47.4833,9.66667,2009-05-03,7.52999983169138,15.8899996448308,11.7099997382611,2009,5,NA
47.4833,9.66667,2009-05-04,5.21999988332391,18.7299995813519,11.9749997323379,2009,5,NA
47.4833,9.66667,2009-05-05,5.91999986767769,10.1999997720122,8.05999981984496,2009,5,NA
47.4833,9.66667,2009-05-06,3.71999991685152,11.3199997469783,7.5199998319149,2009,5,NA
47.4833,9.66667,2009-05-07,7.0599998421967,18.069999596104,12.5649997191504,2009,5,NA
47.4833,9.66667,2009-05-08,5.78999987058342,22.4299994986504,14.1099996846169,2009,5,NA
47.4833,9.66667,2009-05-09,8.85999980196357,23.229999480769,16.0449996413663,2009,5,NA
47.4833,9.66667,2009-05-10,9.72999978251755,23.8799994662404,16.804999624379,2009,5,NA
47.4833,9.66667,2009-05-11,10.2599997706711,22.3899994995445,16.3249996351078,2009,5,NA
47.4833,9.66667,2009-05-12,11.1599997505546,20.7299995366484,15.9449996436015,2009,5,NA
47.4833,9.66667,2009-05-13,11.9699997324497,21.1199995279312,16.5449996301904,2009,5,NA
47.4833,9.66667,2009-05-14,11.169999750331,21.4699995201081,16.3199996352196,2009,5,NA
47.4833,9.66667,2009-05-15,12.6099997181445,20.659999538213,16.6349996281788,2009,5,NA
47.4833,9.66667,2009-05-16,10.4699997659773,18.9999995753169,14.7349996706471,2009,5,NA
47.4833,9.66667,2009-05-17,8.56999980844557,18.64999958314,13.6099996957928,2009,5,NA
47.4833,9.66667,2009-05-18,8.57999980822206,26.0099994186312,17.2949996134266,2009,5,NA
47.4833,9.66667,2009-05-19,9.74999978207052,15.6699996497482,12.7099997159094,2009,5,NA
47.4833,9.66667,2009-05-20,8.52999980933964,21.4599995203316,14.9949996648356,2009,5,NA
47.4833,9.66667,2009-05-21,9.74999978207052,25.9999994188547,17.8749996004626,2009,5,NA
47.4833,9.66667,2009-05-22,12.6599997170269,25.7499994244426,19.2049995707348,2009,5,NA
47.4833,9.66667,2009-05-23,12.8999997116625,21.7599995136261,17.3299996126443,2009,5,NA
47.4833,9.66667,2009-05-24,11.5599997416139,25.4899994302541,18.524999585934,2009,5,NA
47.4833,9.66667,2009-05-25,16.3299996349961,29.7599993348122,23.0449994849041,2009,5,NA
47.4833,9.66667,2009-05-26,15.2199996598065,30.0499993283302,22.6349994940683,2009,5,NA
47.4833,9.66667,2009-05-27,11.6099997404963,26.4699994083494,19.0399995744228,2009,5,NA
47.4833,9.66667,2009-05-28,8.59999980777502,15.5899996515363,12.0949997296557,2009,5,NA
47.4833,9.66667,2009-05-29,10.1099997740239,17.5499996077269,13.8299996908754,2009,5,NA
47.4833,9.66667,2009-05-30,8.65999980643392,17.2599996142089,12.9599997103214,2009,5,NA
47.4833,9.66667,2009-05-31,6.56999985314906,18.6799995824695,12.6249997178093,2009,5,NA
47.4833,9.66667,2009-06-01,7.43999983370304,17.9899995978922,12.7149997157976,2009,6,NA
47.4833,9.66667,2009-06-02,6.62999985180795,19.229999570176,12.929999710992,2009,6,NA
47.4833,9.66667,2009-06-03,8.15999981760979,20.0199995525181,14.089999685064,2009,6,NA
47.4833,9.66667,2009-06-04,10.359999768436,20.9399995319545,15.6499996501952,2009,6,NA
47.4833,9.66667,2009-06-05,9.53999978676438,19.2999995686114,14.4199996776879,2009,6,NA
47.4833,9.66667,2009-06-06,6.21999986097217,20.5099995415658,13.364999701269,2009,6,NA
47.4833,9.66667,2009-06-07,10.0899997744709,14.649999672547,12.369999723509,2009,6,NA
47.4833,9.66667,2009-06-08,9.94999977760017,20.1299995500594,15.0399996638298,2009,6,NA
47.4833,9.66667,2009-06-09,9.9899997767061,20.1299995500594,15.0599996633828,2009,6,NA
47.4833,9.66667,2009-06-10,11.7599997371435,17.8699996005744,14.8149996688589,2009,6,NA
47.4833,9.66667,2009-06-11,10.6899997610599,21.0299995299429,15.8599996455014,2009,6,NA
47.4833,9.66667,2009-06-12,12.6599997170269,19.3099995683879,15.9849996427074,2009,6,NA
47.4833,9.66667,2009-06-13,11.5699997413903,19.6699995603412,15.6199996508658,2009,6,NA
47.4833,9.66667,2009-06-14,12.1499997284263,23.1899994816631,17.6699996050447,2009,6,NA
47.4833,9.66667,2009-06-15,11.6399997398257,28.1299993712455,19.8849995555356,2009,6,NA
47.4833,9.66667,2009-06-16,15.7499996479601,22.4699994977564,19.1099995728582,2009,6,NA
47.4833,9.66667,2009-06-17,13.0499997083098,19.7099995594472,16.3799996338785,2009,6,NA
47.4833,9.66667,2009-06-18,10.7899997588247,24.0699994619936,17.4299996104091,2009,6,NA
47.4833,9.66667,2009-06-19,14.6899996716529,27.849999377504,21.2699995245785,2009,6,NA
47.4833,9.66667,2009-06-20,11.3199997469783,21.2699995245785,16.2949996357784,2009,6,NA
47.4833,9.66667,2009-06-21,10.1699997726828,16.6099996287376,13.3899997007102,2009,6,NA
47.4833,9.66667,2009-06-22,9.54999978654087,15.5099996533245,12.5299997199327,2009,6,NA
47.4833,9.66667,2009-06-23,8.05999981984496,12.059999730438,10.0599997751415,2009,6,NA
47.4833,9.66667,2009-06-24,8.78999980352819,11.4099997449666,10.0999997742474,2009,6,NA
47.4833,9.66667,2009-06-25,10.1499997731298,15.5499996524304,12.8499997127801,2009,6,NA
47.4833,9.66667,2009-06-26,10.8399997577071,22.7199994921684,16.7799996249378,2009,6,NA
47.4833,9.66667,2009-06-27,13.2699997033924,22.5899994950742,17.9299995992333,2009,6,NA
47.4833,9.66667,2009-06-28,14.8199996687472,18.8299995791167,16.8249996239319,2009,6,NA
47.4833,9.66667,2009-06-29,14.7899996694177,24.2499994579703,19.519999563694,2009,6,NA
47.4833,9.66667,2009-06-30,13.8299996908754,25.3099994342774,19.5699995625764,2009,6,NA
47.4833,9.66667,2009-07-01,14.2599996812642,26.5699994061142,20.4149995436892,2009,7,NA
47.4833,9.66667,2009-07-02,15.2699996586889,25.7999994233251,20.534999541007,2009,7,NA
47.4833,9.66667,2009-07-03,14.8799996674061,26.709999402985,20.7949995351955,2009,7,NA
47.4833,9.66667,2009-07-04,15.2699996586889,24.7799994461238,20.0249995524064,2009,7,NA
47.4833,9.66667,2009-07-05,14.3999996781349,25.7399994246662,20.0699995514005,2009,7,NA
47.4833,9.66667,2009-07-06,15.2699996586889,24.949999442324,20.1099995505065,2009,7,NA
47.4833,9.66667,2009-07-07,15.5499996524304,22.4999994970858,19.0249995747581,2009,7,NA
47.4833,9.66667,2009-07-08,12.1699997279793,17.5199996083975,14.8449996681884,2009,7,NA
47.4833,9.66667,2009-07-09,10.6499997619539,18.1799995936453,14.4149996777996,2009,7,NA
47.4833,9.66667,2009-07-10,10.8699997570366,18.5099995862693,14.6899996716529,2009,7,NA
47.4833,9.66667,2009-07-11,11.6099997404963,18.4299995880574,15.0199996642768,2009,7,NA
47.4833,9.66667,2009-07-12,10.609999762848,17.8999995999038,14.2549996813759,2009,7,NA
47.4833,9.66667,2009-07-13,9.68999978341162,20.8499995339662,15.2699996586889,2009,7,NA
47.4833,9.66667,2009-07-14,15.3199996575713,25.9399994201958,20.6299995388836,2009,7,NA
47.4833,9.66667,2009-07-15,16.639999628067,26.7199994027615,21.6799995154142,2009,7,NA
47.4833,9.66667,2009-07-16,17.0899996180087,24.6299994494766,20.8599995337427,2009,7,NA
47.4833,9.66667,2009-07-17,16.3799996338785,27.6699993815273,22.0249995077029,2009,7,NA
47.4833,9.66667,2009-07-18,11.8799997344613,21.9499995093793,16.9149996219203,2009,7,NA
47.4833,9.66667,2009-07-19,8.42999981157482,13.1599997058511,10.7949997587129,2009,7,NA
47.4833,9.66667,2009-07-20,9.91999977827072,19.809999557212,14.8649996677414,2009,7,NA
47.4833,9.66667,2009-07-21,12.6699997168034,22.7699994910508,17.7199996039271,2009,7,NA
47.4833,9.66667,2009-07-22,13.6599996946752,28.7899993564934,21.2249995255843,2009,7,NA
47.4833,9.66667,2009-07-23,16.8399996235967,26.8099994007498,21.8249995121732,2009,7,NA
47.4833,9.66667,2009-07-24,16.9999996200204,30.1099993269891,23.5549994735047,2009,7,NA
47.4833,9.66667,2009-07-25,14.0799996852875,23.2399994805455,18.6599995829165,2009,7,NA
47.4833,9.66667,2009-07-26,11.7399997375906,19.7799995578825,15.7599996477365,2009,7,NA
47.4833,9.66667,2009-07-27,9.49999978765845,23.1999994814396,16.349999634549,2009,7,NA
47.4833,9.66667,2009-07-28,12.039999730885,28.3799993656576,20.2099995482713,2009,7,NA
47.4833,9.66667,2009-07-29,13.6899996940047,22.109999505803,17.8999995999038,2009,7,NA
47.4833,9.66667,2009-07-30,12.3599997237325,26.3899994101375,19.374999566935,2009,7,NA
47.4833,9.66667,2009-07-31,15.1799996607006,22.7499994914979,18.9649995760992,2009,7,NA
47.4833,9.66667,2009-08-01,13.9499996881932,21.529999518767,17.7399996034801,2009,8,NA
47.4833,9.66667,2009-08-02,13.2399997040629,26.6799994036555,19.9599995538592,2009,8,NA
47.4833,9.66667,2009-08-03,13.8299996908754,23.5899994727224,18.7099995817989,2009,8,NA
47.4833,9.66667,2009-08-04,13.2899997029454,16.8399996235967,15.064999663271,2009,8,NA
47.4833,9.66667,2009-08-05,12.2999997250736,20.8699995335191,16.5849996292964,2009,8,NA
47.4833,9.66667,2009-08-06,10.919999755919,24.3699994552881,17.6449996056035,2009,8,NA
47.4833,9.66667,2009-08-07,13.1199997067451,26.0399994179606,19.5799995623529,2009,8,NA
47.4833,9.66667,2009-08-08,14.0999996848404,26.6499994043261,20.3749995445833,2009,8,NA
47.4833,9.66667,2009-08-09,15.9899996425956,23.3499994780868,19.6699995603412,2009,8,NA
47.4833,9.66667,2009-08-10,16.0099996421486,24.099999461323,20.0549995517358,2009,8,NA
47.4833,9.66667,2009-08-11,16.0499996412545,22.7599994912744,19.4049995662645,2009,8,NA
47.4833,9.66667,2009-08-12,16.2199996374547,23.2399994805455,19.7299995590001,2009,8,NA
47.4833,9.66667,2009-08-13,14.9999996647239,24.2899994570762,19.6449995609,2009,8,NA
47.4833,9.66667,2009-08-14,14.4399996772408,24.969999441877,19.7049995595589,2009,8,NA
47.4833,9.66667,2009-08-15,14.9299996662885,24.2399994581938,19.5849995622411,2009,8,NA
47.4833,9.66667,2009-08-16,14.2799996808171,27.4799993857741,20.8799995332956,2009,8,NA
47.4833,9.66667,2009-08-17,16.099999640137,28.7599993571639,22.4299994986504,2009,8,NA
47.4833,9.66667,2009-08-18,17.1699996162206,29.0999993495643,23.1349994828925,2009,8,NA
47.4833,9.66667,2009-08-19,16.8699996229261,27.4699993859977,22.1699995044619,2009,8,NA
47.4833,9.66667,2009-08-20,16.389999633655,30.2299993243068,23.3099994789809,2009,8,NA
47.4833,9.66667,2009-08-21,17.2799996137619,30.8999993093312,24.0899994615465,2009,8,NA
47.4833,9.66667,2009-08-22,17.6199996061623,25.569999428466,21.5949995173141,2009,8,NA
47.4833,9.66667,2009-08-23,12.1199997290969,17.6299996059388,14.8749996675178,2009,8,NA
47.4833,9.66667,2009-08-24,10.4499997664243,23.0899994838983,16.7699996251613,2009,8,NA
47.4833,9.66667,2009-08-25,12.4999997206032,28.1799993701279,20.3399995453656,2009,8,NA
47.4833,9.66667,2009-08-26,15.7299996484071,25.7299994248897,20.7299995366484,2009,8,NA
47.4833,9.66667,2009-08-27,15.9299996439368,23.0399994850159,19.4849995644763,2009,8,NA
47.4833,9.66667,2009-08-28,15.189999660477,25.8099994231015,20.4999995417893,2009,8,NA
47.4833,9.66667,2009-08-29,15.789999647066,25.5899994280189,20.6899995375425,2009,8,NA
47.4833,9.66667,2009-08-30,10.1099997740239,17.9499995987862,14.0299996864051,2009,8,NA
47.4833,9.66667,2009-08-31,6.97999984398484,20.5699995402247,13.7749996921048,2009,8,NA
47.4833,9.66667,2009-09-01,8.75999980419874,24.8299994450063,16.7949996246025,2009,9,NA
47.4833,9.66667,2009-09-02,13.3899997007102,29.6199993379414,21.5049995193258,2009,9,NA
47.4833,9.66667,2009-09-03,14.6799996718764,23.519999474287,19.0999995730817,2009,9,NA
47.4833,9.66667,2009-09-04,14.2999996803701,21.3099995236844,17.8049996020272,2009,9,NA
47.4833,9.66667,2009-09-05,9.93999977782369,17.0399996191263,13.489999698475,2009,9,NA
47.4833,9.66667,2009-09-06,7.39999983459711,16.2999996356666,11.8499997351319,2009,9,NA
47.4833,9.66667,2009-09-07,6.33999985828996,18.399999588728,12.369999723509,2009,9,NA
47.4833,9.66667,2009-09-08,7.38999983482063,21.3399995230138,14.3649996789172,2009,9,NA
47.4833,9.66667,2009-09-09,8.57999980822206,23.7399994693696,16.1599996387959,2009,9,NA
47.4833,9.66667,2009-09-10,8.53999980911613,21.6899995151907,15.1149996621534,2009,9,NA
47.4833,9.66667,2009-09-11,8.74999980442226,21.799999512732,15.2749996585771,2009,9,NA
47.4833,9.66667,2009-09-12,11.0299997534603,17.9899995978922,14.5099996756762,2009,9,NA
47.4833,9.66667,2009-09-13,11.5899997409433,17.9699995983392,14.7799996696413,2009,9,NA
47.4833,9.66667,2009-09-14,10.5599997639656,17.6799996048212,14.1199996843934,2009,9,NA
47.4833,9.66667,2009-09-15,7.35999983549118,13.2399997040629,10.2999997697771,2009,9,NA
47.4833,9.66667,2009-09-16,6.50999985449016,17.1899996157736,11.8499997351319,2009,9,NA
47.4833,9.66667,2009-09-17,9.84999977983534,16.7499996256083,13.2999997027218,2009,9,NA
47.4833,9.66667,2009-09-18,13.4499996993691,18.3399995900691,15.8949996447191,2009,9,NA
47.4833,9.66667,2009-09-19,12.7999997138977,20.3799995444715,16.5899996291846,2009,9,NA
47.4833,9.66667,2009-09-20,11.9999997317791,21.0999995283782,16.5499996300787,2009,9,NA
47.4833,9.66667,2009-09-21,12.7699997145683,20.1699995491654,16.4699996318668,2009,9,NA
47.4833,9.66667,2009-09-22,12.639999717474,22.0199995078146,17.3299996126443,2009,9,NA
47.4833,9.66667,2009-09-23,11.6599997393787,20.5999995395541,16.1299996394664,2009,9,NA
47.4833,9.66667,2009-09-24,11.209999749437,20.9399995319545,16.0749996406958,2009,9,NA
47.4833,9.66667,2009-09-25,11.0799997523427,20.8399995341897,15.9599996432662,2009,9,NA
47.4833,9.66667,2009-09-26,12.329999724403,17.2899996135384,14.8099996689707,2009,9,NA
47.4833,9.66667,2009-09-27,10.8399997577071,18.379999589175,14.6099996734411,2009,9,NA
47.4833,9.66667,2009-09-28,10.3799997679889,19.2999995686114,14.8399996683002,2009,9,NA
47.4833,9.66667,2009-09-29,9.44999978877604,20.0299995522946,14.7399996705353,2009,9,NA
47.4833,9.66667,2009-09-30,9.26999979279935,20.9899995308369,15.1299996618181,2009,9,NA
47.4833,9.66667,2009-10-01,7.84999982453883,19.8799995556474,13.8649996900931,2009,10,2010
47.4833,9.66667,2009-10-02,8.82999980263412,18.359999589622,13.5949996961281,2009,10,2010
47.4833,9.66667,2009-10-03,9.95999977737665,17.1599996164441,13.5599996969104,2009,10,2010
47.4833,9.66667,2009-10-04,5.95999986678362,17.7099996041507,11.8349997354671,2009,10,2010
47.4833,9.66667,2009-10-05,8.06999981962144,17.819999601692,12.9449997106567,2009,10,2010
47.4833,9.66667,2009-10-06,7.12999984063208,17.7299996037036,12.4299997221678,2009,10,2010
47.4833,9.66667,2009-10-07,11.459999743849,22.0499995071441,16.7549996254966,2009,10,2010
47.4833,9.66667,2009-10-08,14.069999685511,25.4499994311482,19.7599995583296,2009,10,2010
47.4833,9.66667,2009-10-09,13.5399996973574,21.219999525696,17.3799996115267,2009,10,2010
47.4833,9.66667,2009-10-10,12.3399997241795,17.6499996054918,14.9949996648356,2009,10,2010
47.4833,9.66667,2009-10-11,11.2599997483194,15.2699996586889,13.2649997035041,2009,10,2010
47.4833,9.66667,2009-10-12,9.8199997805059,15.1599996611476,12.4899997208267,2009,10,2010
47.4833,9.66667,2009-10-13,4.77999989315867,11.1099997516721,7.94499982241541,2009,10,2010
47.4833,9.66667,2009-10-14,3.80999991483986,8.90999980084598,6.35999985784292,2009,10,2010
47.4833,9.66667,2009-10-15,0.629999985918403,6.05999986454844,3.34499992523342,2009,10,2010
47.4833,9.66667,2009-10-16,-1.19999997317791,4.30999990366399,1.55499996524304,2009,10,2010
47.4833,9.66667,2009-10-17,0.789999982342124,6.94999984465539,3.86999991349876,2009,10,2010
47.4833,9.66667,2009-10-18,2.14999995194376,4.37999990209937,3.26499992702156,2009,10,2010
47.4833,9.66667,2009-10-19,1.25999997183681,4.51999989897013,2.88999993540347,2009,10,2010
47.4833,9.66667,2009-10-20,-1.63999996334314,7.38999983482063,2.87499993573874,2009,10,2010
47.4833,9.66667,2009-10-21,-2.29999994859099,11.2499997485429,4.47499989997596,2009,10,2010
47.4833,9.66667,2009-10-22,2.1799999512732,17.3099996130913,9.74499978218228,2009,10,2010
47.4833,9.66667,2009-10-23,5.43999987840652,12.1199997290969,8.77999980375171,2009,10,2010
47.4833,9.66667,2009-10-24,2.99999993294477,9.56999978609383,6.2849998595193,2009,10,2010
47.4833,9.66667,2009-10-25,6.30999985896051,13.9999996870756,10.1549997730181,2009,10,2010
47.4833,9.66667,2009-10-26,8.29999981448054,15.4699996542186,11.8849997343495,2009,10,2010
47.4833,9.66667,2009-10-27,8.61999980732799,12.7999997138977,10.7099997606128,2009,10,2010
47.4833,9.66667,2009-10-28,3.86999991349876,14.1999996826053,9.03499979805201,2009,10,2010
47.4833,9.66667,2009-10-29,3.46999992243946,13.5399996973574,8.50499980989844,2009,10,2010
47.4833,9.66667,2009-10-30,2.95999993383884,13.4199997000396,8.18999981693923,2009,10,2010
47.4833,9.66667,2009-10-31,4.25999990478158,10.6899997610599,7.47499983292073,2009,10,2010
47.4833,9.66667,2009-11-01,2.4699999447912,10.7399997599423,6.60499985236675,2009,11,2010
47.4833,9.66667,2009-11-02,3.19999992847443,14.1999996826053,8.69999980553985,2009,11,2010
47.4833,9.66667,2009-11-03,4.65999989584088,11.0899997521192,7.87499982398003,2009,11,2010
47.4833,9.66667,2009-11-04,3.82999991439283,10.0399997755885,6.93499984499067,2009,11,2010
47.4833,9.66667,2009-11-05,4.13999990746379,10.0799997746944,7.10999984107912,2009,11,2010
47.4833,9.66667,2009-11-06,1.49999996647239,10.4099997673184,5.95499986689538,2009,11,2010
47.4833,9.66667,2009-11-07,1.27999997138977,8.02999982051551,4.65499989595264,2009,11,2010
47.4833,9.66667,2009-11-08,0.0399999991059303,9.40999978967011,4.72499989438802,2009,11,2010
47.4833,9.66667,2009-11-09,2.66999994032085,5.45999987795949,4.06499990914017,2009,11,2010
47.4833,9.66667,2009-11-10,1.9499999564141,4.39999990165234,3.17499992903322,2009,11,2010
47.4833,9.66667,2009-11-11,2.33999994769692,4.9399998895824,3.63999991863966,2009,11,2010
47.4833,9.66667,2009-11-12,0.30999999307096,6.81999984756112,3.56499992031604,2009,11,2010
47.4833,9.66667,2009-11-13,-0.689999984577298,8.57999980822206,3.94499991182238,2009,11,2010
47.4833,9.66667,2009-11-14,4.10999990813434,13.4999996982515,8.80499980319291,2009,11,2010
47.4833,9.66667,2009-11-15,4.46999990008771,15.3099996577948,9.88999977894127,2009,11,2010
47.4833,9.66667,2009-11-16,5.41999987885356,11.2699997480959,8.34499981347471,2009,11,2010
47.4833,9.66667,2009-11-17,7.65999982878566,13.5499996971339,10.6049997629598,2009,11,2010
47.4833,9.66667,2009-11-18,7.26999983750284,17.5999996066093,12.4349997220561,2009,11,2010
47.4833,9.66667,2009-11-19,5.63999987393618,13.5999996960163,9.61999978497624,2009,11,2010
47.4833,9.66667,2009-11-20,3.57999991998076,12.2199997268617,7.89999982342124,2009,11,2010
47.4833,9.66667,2009-11-21,3.729999916628,13.6099996957928,8.6699998062104,2009,11,2010
47.4833,9.66667,2009-11-22,3.71999991685152,12.9499997105449,8.33499981369823,2009,11,2010
47.4833,9.66667,2009-11-23,2.70999993942678,13.2999997027218,8.00499982107431,2009,11,2010
47.4833,9.66667,2009-11-24,6.77999984845519,12.5299997199327,9.65499978419393,2009,11,2010
47.4833,9.66667,2009-11-25,6.83999984711409,10.5199997648597,8.67999980598688,2009,11,2010
47.4833,9.66667,2009-11-26,3.59999991953373,14.4599996767938,9.02999979816377,2009,11,2010
47.4833,9.66667,2009-11-27,4.28999990411103,10.4099997673184,7.3499998357147,2009,11,2010
47.4833,9.66667,2009-11-28,2.9299999345094,9.32999979145825,6.12999986298382,2009,11,2010
47.4833,9.66667,2009-11-29,1.87999995797873,10.6199997626245,6.24999986030161,2009,11,2010
47.4833,9.66667,2009-11-30,0.799999982118607,13.1099997069687,6.95499984454364,2009,11,2010
47.4833,9.66667,2009-12-01,0.109999997541308,6.91999984532595,3.51499992143363,2009,12,2010
47.4833,9.66667,2009-12-02,0.0799999982118607,1.7799999602139,0.92999997921288,2009,12,2010
47.4833,9.66667,2009-12-03,-2.75999993830919,3.39999992400408,0.319999992847443,2009,12,2010
47.4833,9.66667,2009-12-04,-2.87999993562698,5.52999987639487,1.32499997038394,2009,12,2010
47.4833,9.66667,2009-12-05,-1.20999997295439,3.36999992467463,1.07999997586012,2009,12,2010
47.4833,9.66667,2009-12-06,-2.85999993607402,4.75999989360571,0.949999978765845,2009,12,2010
47.4833,9.66667,2009-12-07,0.609999986365438,8.59999980777502,4.60499989707023,2009,12,2010
47.4833,9.66667,2009-12-08,4.23999990522861,7.98999982140958,6.1149998633191,2009,12,2010
47.4833,9.66667,2009-12-09,2.41999994590878,7.32999983616173,4.87499989103526,2009,12,2010
47.4833,9.66667,2009-12-10,-0.0199999995529652,6.64999985136092,3.31499992590398,2009,12,2010
47.4833,9.66667,2009-12-11,-0.119999997317791,6.31999985873699,3.0999999307096,2009,12,2010
47.4833,9.66667,2009-12-12,0.749999983236194,4.59999989718199,2.67499994020909,2009,12,2010
47.4833,9.66667,2009-12-13,-1.18999997340143,1.29999997094274,0.0549999987706542,2009,12,2010
47.4833,9.66667,2009-12-14,-3.3899999242276,-0.369999991729856,-1.87999995797873,2009,12,2010
47.4833,9.66667,2009-12-15,-5.14999988488853,-2.75999993830919,-3.95499991159886,2009,12,2010
47.4833,9.66667,2009-12-16,-6.22999986074865,-3.94999991171062,-5.08999988622963,2009,12,2010
47.4833,9.66667,2009-12-17,-6.91999984532595,-3.61999991908669,-5.26999988220632,2009,12,2010
47.4833,9.66667,2009-12-18,-7.71999982744455,-4.4799998998642,-6.09999986365438,2009,12,2010
47.4833,9.66667,2009-12-19,-11.4199997447431,-4.79999989271164,-8.10999981872737,2009,12,2010
47.4833,9.66667,2009-12-20,-13.3099997024983,-6.00999986566603,-9.65999978408217,2009,12,2010
47.4833,9.66667,2009-12-21,-14.6399996727705,-1.12999997474253,-7.88499982375652,2009,12,2010
47.4833,9.66667,2009-12-22,-2.77999993786216,6.4899998549372,1.85499995853752,2009,12,2010
47.4833,9.66667,2009-12-23,0.61999998614192,10.7399997599423,5.67999987304211,2009,12,2010
47.4833,9.66667,2009-12-24,1.27999997138977,4.86999989114702,3.07499993126839,2009,12,2010
47.4833,9.66667,2009-12-25,0.229999994859099,9.9899997767061,5.1099998857826,2009,12,2010
47.4833,9.66667,2009-12-26,1.30999997071922,8.35999981313944,4.83499989192933,2009,12,2010
47.4833,9.66667,2009-12-27,-3.61999991908669,2.88999993540347,-0.364999991841614,2009,12,2010
47.4833,9.66667,2009-12-28,-3.74999991618097,3.64999991841614,-0.0499999988824129,2009,12,2010
47.4833,9.66667,2009-12-29,-2.43999994546175,3.45999992266297,0.509999988600612,2009,12,2010
47.4833,9.66667,2009-12-30,-0.779999982565641,8.16999981738627,3.69499991741031,2009,12,2010
47.4833,9.66667,2009-12-31,4.45999990031123,8.92999980039895,6.69499985035509,2009,12,2010
47.4833,9.66667,2010-01-01,1.69999996200204,7.12999984063208,4.41499990131706,2010,1,2010
47.4833,9.66667,2010-01-02,-0.689999984577298,4.60999989695847,1.95999995619059,2010,1,2010
47.4833,9.66667,2010-01-03,-7.1199998408556,-0.259999994188547,-3.68999991752207,2010,1,2010
47.4833,9.66667,2010-01-04,-10.4799997657537,-1.76999996043742,-6.12499986309558,2010,1,2010
47.4833,9.66667,2010-01-05,-11.3899997454137,-3.40999992378056,-7.39999983459711,2010,1,2010
47.4833,9.66667,2010-01-06,-10.2899997700006,-3.97999991104007,-7.13499984052032,2010,1,2010
47.4833,9.66667,2010-01-07,-7.53999983146787,-2.09999995306134,-4.8199998922646,2010,1,2010
47.4833,9.66667,2010-01-08,-6.76999984867871,-0.819999981671572,-3.79499991517514,2010,1,2010
47.4833,9.66667,2010-01-09,-4.72999989427626,-2.16999995149672,-3.44999992288649,2010,1,2010
47.4833,9.66667,2010-01-10,-5.49999987706542,-3.63999991863966,-4.56999989785254,2010,1,2010
47.4833,9.66667,2010-01-11,-5.62999987415969,-3.4999999217689,-4.5649998979643,2010,1,2010
47.4833,9.66667,2010-01-12,-6.33999985828996,-3.25999992713332,-4.79999989271164,2010,1,2010
47.4833,9.66667,2010-01-13,-6.80999984778464,0.0899999979883432,-3.35999992489815,2010,1,2010
47.4833,9.66667,2010-01-14,-6.12999986298382,1.84999995864928,-2.13999995216727,2010,1,2010
47.4833,9.66667,2010-01-15,-2.68999993987381,3.85999991372228,0.584999986924231,2010,1,2010
47.4833,9.66667,2010-01-16,-4.38999990187585,1.22999997250736,-1.57999996468425,2010,1,2010
47.4833,9.66667,2010-01-17,-5.75999987125397,2.01999995484948,-1.86999995820224,2010,1,2010
47.4833,9.66667,2010-01-18,-0.839999981224537,5.81999986991286,2.48999994434416,2010,1,2010
47.4833,9.66667,2010-01-19,-2.58999994210899,4.75999989360571,1.08499997574836,2010,1,2010
47.4833,9.66667,2010-01-20,-5.30999988131225,3.0399999320507,-1.13499997463077,2010,1,2010
47.4833,9.66667,2010-01-21,-6.33999985828996,0.799999982118607,-2.76999993808568,2010,1,2010
47.4833,9.66667,2010-01-22,-2.08999995328486,2.50999994389713,0.209999995306134,2010,1,2010
47.4833,9.66667,2010-01-23,-4.35999990254641,2.56999994255602,-0.894999979995191,2010,1,2010
47.4833,9.66667,2010-01-24,-7.37999983504415,0.359999991953373,-3.50999992154539,2010,1,2010
47.4833,9.66667,2010-01-25,-7.37999983504415,1.20999997295439,-3.08499993104488,2010,1,2010
47.4833,9.66667,2010-01-26,-3.56999992020428,2.12999995239079,-0.719999983906746,2010,1,2010
47.4833,9.66667,2010-01-27,-6.06999986432493,-0.34999999217689,-3.20999992825091,2010,1,2010
47.4833,9.66667,2010-01-28,-8.63999980688095,-3.51999992132187,-6.07999986410141,2010,1,2010
47.4833,9.66667,2010-01-29,-4.80999989248812,-1.3199999704957,-3.06499993149191,2010,1,2010
47.4833,9.66667,2010-01-30,-2.98999993316829,1.38999996893108,-0.799999982118607,2010,1,2010
47.4833,9.66667,2010-01-31,-6.18999986164272,0.319999992847443,-2.93499993439764,2010,1,2010
47.4833,9.66667,2010-02-01,-8.48999981023371,-3.0999999307096,-5.79499987047166,2010,2,2010
47.4833,9.66667,2010-02-02,-8.49999981001019,-2.66999994032085,-5.58499987516552,2010,2,2010
47.4833,9.66667,2010-02-03,-4.08999990858138,1.88999995775521,-1.09999997541308,2010,2,2010
47.4833,9.66667,2010-02-04,-0.509999988600612,5.29999988153577,2.39499994646758,2010,2,2010
47.4833,9.66667,2010-02-05,-2.89999993517995,7.04999984242022,2.07499995362014,2010,2,2010
47.4833,9.66667,2010-02-06,-1.30999997071922,5.40999987907708,2.04999995417893,2010,2,2010
47.4833,9.66667,2010-02-07,0.559999987483025,4.50999989919364,2.53499994333833,2010,2,2010
47.4833,9.66667,2010-02-08,-2.13999995216727,2.06999995373189,-0.034999999217689,2010,2,2010
47.4833,9.66667,2010-02-09,-5.84999986924231,1.01999997720122,-2.41499994602054,2010,2,2010
47.4833,9.66667,2010-02-10,-6.57999985292554,1.1499999742955,-2.71499993931502,2010,2,2010
47.4833,9.66667,2010-02-11,-7.94999982230365,-2.73999993875623,-5.34499988052994,2010,2,2010
47.4833,9.66667,2010-02-12,-9.82999978028238,-6.24999986030161,-8.039999820292,2010,2,2010
47.4833,9.66667,2010-02-13,-10.31999976933,-3.94999991171062,-7.13499984052032,2010,2,2010
47.4833,9.66667,2010-02-14,-11.8699997346848,-2.89999993517995,-7.38499983493239,2010,2,2010
47.4833,9.66667,2010-02-15,-6.81999984756112,-2.72999993897974,-4.77499989327043,2010,2,2010
47.4833,9.66667,2010-02-16,-10.5399997644126,-2.25999994948506,-6.39999985694885,2010,2,2010
47.4833,9.66667,2010-02-17,-11.1599997505546,2.30999994836748,-4.42499990109354,2010,2,2010
47.4833,9.66667,2010-02-18,-4.46999990008771,5.85999986901879,0.694999984465539,2010,2,2010
47.4833,9.66667,2010-02-19,-1.27999997138977,8.68999980576336,3.7049999171868,2010,2,2010
47.4833,9.66667,2010-02-20,-0.739999983459711,4.27999990433455,1.76999996043742,2010,2,2010
47.4833,9.66667,2010-02-21,-1.75999996066093,3.43999992311001,0.839999981224537,2010,2,2010
47.4833,9.66667,2010-02-22,-3.35999992489815,7.23999983817339,1.93999995663762,2010,2,2010
47.4833,9.66667,2010-02-23,-0.0999999977648258,10.7999997586012,5.34999988041818,2010,2,2010
47.4833,9.66667,2010-02-24,2.27999994903803,10.6199997626245,6.44999985583127,2010,2,2010
47.4833,9.66667,2010-02-25,1.73999996110797,10.2099997717887,5.97499986644834,2010,2,2010
47.4833,9.66667,2010-02-26,1.52999996580184,11.76999973692,6.64999985136092,2010,2,2010
47.4833,9.66667,2010-02-27,3.13999992981553,9.57999978587031,6.35999985784292,2010,2,2010
47.4833,9.66667,2010-02-28,0.61999998614192,11.3699997458607,5.99499986600131,2010,2,2010
47.4833,9.66667,2010-03-01,4.94999988935888,12.9599997103214,8.95499979984015,2010,3,2010
47.4833,9.66667,2010-03-02,1.72999996133149,10.6699997615069,6.1999998614192,2010,3,2010
47.4833,9.66667,2010-03-03,1.13999997451901,6.94999984465539,4.0449999095872,2010,3,2010
47.4833,9.66667,2010-03-04,-1.16999997384846,6.78999984823167,2.80999993719161,2010,3,2010
47.4833,9.66667,2010-03-05,-1.25999997183681,2.35999994724989,0.549999987706542,2010,3,2010
47.4833,9.66667,2010-03-06,-4.82999989204109,0.109999997541308,-2.35999994724989,2010,3,2010
47.4833,9.66667,2010-03-07,-6.15999986231327,-0.509999988600612,-3.33499992545694,2010,3,2010
47.4833,9.66667,2010-03-08,-8.10999981872737,-1.49999996647239,-4.80499989259988,2010,3,2010
47.4833,9.66667,2010-03-09,-11.2999997474253,-1.53999996557832,-6.41999985650182,2010,3,2010
47.4833,9.66667,2010-03-10,-10.8299997579306,-2.90999993495643,-6.86999984644353,2010,3,2010
47.4833,9.66667,2010-03-11,-6.51999985426664,0.289999993517995,-3.11499993037432,2010,3,2010
47.4833,9.66667,2010-03-12,-4.38999990187585,-1.50999996624887,-2.94999993406236,2010,3,2010
47.4833,9.66667,2010-03-13,-6.83999984711409,2.11999995261431,-2.35999994724989,2010,3,2010
47.4833,9.66667,2010-03-14,-6.74999984912574,3.98999991081655,-1.3799999691546,2010,3,2010
47.4833,9.66667,2010-03-15,-1.8399999588728,3.44999992288649,0.804999982006848,2010,3,2010
47.4833,9.66667,2010-03-16,-0.139999996870756,4.89999989047647,2.37999994680285,2010,3,2010
47.4833,9.66667,2010-03-17,-1.1499999742955,4.34999990276992,1.59999996423721,2010,3,2010
47.4833,9.66667,2010-03-18,-3.33999992534518,11.0199997536838,3.83999991416931,2010,3,2010
47.4833,9.66667,2010-03-19,2.42999994568527,14.7699996698648,8.59999980777502,2010,3,2010
47.4833,9.66667,2010-03-20,4.20999990589917,17.4299996104091,10.8199997581542,2010,3,2010
47.4833,9.66667,2010-03-21,6.68999985046685,16.4999996311963,11.5949997408316,2010,3,2010
47.4833,9.66667,2010-03-22,7.29999983683228,12.8499997127801,10.0749997748062,2010,3,2010
47.4833,9.66667,2010-03-23,4.67999989539385,12.7899997141212,8.73499980475754,2010,3,2010
47.4833,9.66667,2010-03-24,3.19999992847443,15.6399996504188,9.41999978944659,2010,3,2010
47.4833,9.66667,2010-03-25,3.43999992311001,17.9399995990098,10.6899997610599,2010,3,2010
47.4833,9.66667,2010-03-26,7.35999983549118,19.7599995583296,13.5599996969104,2010,3,2010
47.4833,9.66667,2010-03-27,3.81999991461635,19.5899995621294,11.7049997383729,2010,3,2010
47.4833,9.66667,2010-03-28,3.08999993093312,12.0899997297674,7.58999983035028,2010,3,2010
47.4833,9.66667,2010-03-29,3.96999991126359,10.069999774918,7.01999984309077,2010,3,2010
47.4833,9.66667,2010-03-30,6.51999985426664,15.4599996544421,10.9899997543544,2010,3,2010
47.4833,9.66667,2010-03-31,5.41999987885356,17.6799996048212,11.5499997418374,2010,3,2010
47.4833,9.66667,2010-04-01,1.53999996557832,10.2099997717887,5.87499986868352,2010,4,2010
47.4833,9.66667,2010-04-02,-1.62999996356666,3.58999991975725,0.979999978095293,2010,4,2010
47.4833,9.66667,2010-04-03,-3.34999992512167,9.77999978139997,3.21499992813915,2010,4,2010
47.4833,9.66667,2010-04-04,2.30999994836748,13.6899996940047,7.99999982118607,2010,4,2010
47.4833,9.66667,2010-04-05,4.26999990455806,8.71999980509281,6.49499985482544,2010,4,2010
47.4833,9.66667,2010-04-06,0.849999981001019,8.039999820292,4.44499990064651,2010,4,2010
47.4833,9.66667,2010-04-07,-0.529999988153577,15.5099996533245,7.48999983258545,2010,4,2010
47.4833,9.66667,2010-04-08,2.13999995216727,18.5599995851517,10.3499997686595,2010,4,2010
47.4833,9.66667,2010-04-09,4.63999989628792,16.4199996329844,10.5299997646362,2010,4,2010
47.4833,9.66667,2010-04-10,4.62999989651144,14.7999996691942,9.71499978285283,2010,4,2010
47.4833,9.66667,2010-04-11,4.38999990187585,13.0299997087568,8.70999980531633,2010,4,2010
47.4833,9.66667,2010-04-12,0.559999987483025,8.79999980330467,4.67999989539385,2010,4,2010
47.4833,9.66667,2010-04-13,0.589999986812472,9.47999978810549,5.03499988745898,2010,4,2010
47.4833,9.66667,2010-04-14,-0.629999985918403,11.5299997422844,5.44999987818301,2010,4,2010
47.4833,9.66667,2010-04-15,2.1799999512732,6.91999984532595,4.54999989829957,2010,4,2010
47.4833,9.66667,2010-04-16,2.42999994568527,10.8599997572601,6.64499985147268,2010,4,2010
47.4833,9.66667,2010-04-17,1.57999996468425,12.2399997264147,6.90999984554946,2010,4,2010
47.4833,9.66667,2010-04-18,3.82999991439283,15.9699996430427,9.89999977871776,2010,4,2010
47.4833,9.66667,2010-04-19,3.67999991774559,11.7799997366965,7.72999982722104,2010,4,2010
47.4833,9.66667,2010-04-20,5.11999988555908,17.3399996124208,11.2299997489899,2010,4,2010
47.4833,9.66667,2010-04-21,6.21999986097217,15.2399996593595,10.7299997601658,2010,4,2010
47.4833,9.66667,2010-04-22,5.38999987952411,16.8799996227026,11.1349997511134,2010,4,2010
47.4833,9.66667,2010-04-23,2.4099999461323,15.3399996571243,8.87499980162829,2010,4,2010
47.4833,9.66667,2010-04-24,3.30999992601573,16.7799996249378,10.0449997754768,2010,4,2010
47.4833,9.66667,2010-04-25,4.72999989427626,20.0199995525181,12.3749997233972,2010,4,2010
47.4833,9.66667,2010-04-26,6.91999984532595,21.1099995281547,14.0149996867403,2010,4,2010
47.4833,9.66667,2010-04-27,8.95999979972839,16.9799996204674,12.9699997100979,2010,4,2010
47.4833,9.66667,2010-04-28,6.94999984465539,18.0499995965511,12.4999997206032,2010,4,2010
47.4833,9.66667,2010-04-29,6.22999986074865,21.5599995180964,13.8949996894225,2010,4,2010
47.4833,9.66667,2010-04-30,8.61999980732799,24.1799994595349,16.3999996334314,2010,4,2010
47.4833,9.66667,2010-05-01,11.6999997384846,21.4299995210022,16.5649996297434,2010,5,NA
47.4833,9.66667,2010-05-02,9.89999977871776,14.4799996763468,12.1899997275323,2010,5,NA
47.4833,9.66667,2010-05-03,7.00999984331429,11.7999997362494,9.40499978978187,2010,5,NA
47.4833,9.66667,2010-05-04,4.67999989539385,12.6299997176975,8.65499980654567,2010,5,NA
47.4833,9.66667,2010-05-05,7.38999983482063,11.3399997465312,9.36499979067594,2010,5,NA
47.4833,9.66667,2010-05-06,7.70999982766807,10.8899997565895,9.2999997921288,2010,5,NA
47.4833,9.66667,2010-05-07,5.46999987773597,10.7899997588247,8.12999981828034,2010,5,NA
47.4833,9.66667,2010-05-08,4.31999990344048,11.2199997492135,7.76999982632697,2010,5,NA
47.4833,9.66667,2010-05-09,5.06999988667667,15.4099996555597,10.2399997711182,2010,5,NA
47.4833,9.66667,2010-05-10,6.15999986231327,16.7799996249378,11.4699997436255,2010,5,NA
47.4833,9.66667,2010-05-11,8.12999981828034,16.4599996320903,12.2949997251853,2010,5,NA
47.4833,9.66667,2010-05-12,7.09999984130263,20.6999995373189,13.8999996893108,2010,5,NA
47.4833,9.66667,2010-05-13,9.21999979391694,16.6699996273965,12.9449997106567,2010,5,NA
47.4833,9.66667,2010-05-14,6.64999985136092,10.1499997731298,8.39999981224537,2010,5,NA
47.4833,9.66667,2010-05-15,6.23999986052513,10.4299997668713,8.33499981369823,2010,5,NA
47.4833,9.66667,2010-05-16,5.5099998768419,8.63999980688095,7.07499984186143,2010,5,NA
47.4833,9.66667,2010-05-17,4.43999990075827,8.35999981313944,6.39999985694885,2010,5,NA
47.4833,9.66667,2010-05-18,5.48999987728894,13.4099997002631,9.44999978877604,2010,5,NA
47.4833,9.66667,2010-05-19,4.88999989069998,12.9799997098744,8.93499980028719,2010,5,NA
47.4833,9.66667,2010-05-20,3.69999991729856,11.5999997407198,7.64999982900918,2010,5,NA
47.4833,9.66667,2010-05-21,5.65999987348914,9.80999978072941,7.73499982710928,2010,5,NA
47.4833,9.66667,2010-05-22,7.84999982453883,16.099999640137,11.9749997323379,2010,5,NA
47.4833,9.66667,2010-05-23,7.06999984197319,20.4699995424598,13.7699996922165,2010,5,NA
47.4833,9.66667,2010-05-24,7.70999982766807,22.1199995055795,14.9149996666238,2010,5,NA
47.4833,9.66667,2010-05-25,8.95999979972839,24.8299994450063,16.8949996223673,2010,5,NA
47.4833,9.66667,2010-05-26,13.6199996955693,26.3099994119257,19.9649995537475,2010,5,NA
47.4833,9.66667,2010-05-27,12.8799997121096,22.8899994883686,17.8849996002391,2010,5,NA
47.4833,9.66667,2010-05-28,11.3399997465312,17.9299995992333,14.6349996728823,2010,5,NA
47.4833,9.66667,2010-05-29,9.26999979279935,19.2199995703995,14.2449996815994,2010,5,NA
47.4833,9.66667,2010-05-30,11.3499997463077,20.3799995444715,15.8649996453896,2010,5,NA
47.4833,9.66667,2010-05-31,10.5499997641891,15.8799996450543,13.2149997046217,2010,5,NA
47.4833,9.66667,2010-06-01,6.60999985225499,12.8399997130036,9.72499978262931,2010,6,NA
47.4833,9.66667,2010-06-02,8.56999980844557,13.4599996991456,11.0149997537956,2010,6,NA
47.4833,9.66667,2010-06-03,9.1299997959286,11.1099997516721,10.1199997738004,2010,6,NA
47.4833,9.66667,2010-06-04,9.96999977715313,12.7699997145683,11.3699997458607,2010,6,NA
47.4833,9.66667,2010-06-05,9.46999978832901,22.3199995011091,15.8949996447191,2010,6,NA
47.4833,9.66667,2010-06-06,10.0099997762591,25.6499994266778,17.8299996014684,2010,6,NA
47.4833,9.66667,2010-06-07,13.4199997000396,27.269999390468,20.3449995452538,2010,6,NA
47.4833,9.66667,2010-06-08,14.3299996796995,21.4199995212257,17.8749996004626,2010,6,NA
47.4833,9.66667,2010-06-09,12.5899997185916,25.4499994311482,19.0199995748699,2010,6,NA
47.4833,9.66667,2010-06-10,15.2699996586889,28.2699993681163,21.7699995134026,2010,6,NA
47.4833,9.66667,2010-06-11,19.7799995578825,28.8699993547052,24.3249994562939,2010,6,NA
47.4833,9.66667,2010-06-12,17.0099996197969,26.1799994148314,21.5949995173141,2010,6,NA
47.4833,9.66667,2010-06-13,15.3799996562302,20.8299995344132,18.1049995953217,2010,6,NA
47.4833,9.66667,2010-06-14,13.6499996948987,18.8799995779991,16.2649996364489,2010,6,NA
47.4833,9.66667,2010-06-15,13.0299997087568,19.9599995538592,16.494999631308,2010,6,NA
47.4833,9.66667,2010-06-16,13.4099997002631,19.8899995554239,16.6499996278435,2010,6,NA
47.4833,9.66667,2010-06-17,13.1699997056276,16.1799996383488,14.6749996719882,2010,6,NA
47.4833,9.66667,2010-06-18,11.9299997333437,17.8799996003509,14.9049996668473,2010,6,NA
47.4833,9.66667,2010-06-19,11.189999749884,14.379999678582,12.784999714233,2010,6,NA
47.4833,9.66667,2010-06-20,8.15999981760979,12.4099997226149,10.2849997701123,2010,6,NA
47.4833,9.66667,2010-06-21,6.8899998459965,11.2899997476488,9.08999979682267,2010,6,NA
47.4833,9.66667,2010-06-22,8.42999981157482,12.5699997190386,10.4999997653067,2010,6,NA
47.4833,9.66667,2010-06-23,8.22999981604517,15.1299996618181,11.6799997389317,2010,6,NA
47.4833,9.66667,2010-06-24,6.40999985672534,20.7099995370954,13.5599996969104,2010,6,NA
47.4833,9.66667,2010-06-25,8.59999980777502,22.3299995008856,15.4649996543303,2010,6,NA
47.4833,9.66667,2010-06-26,10.029999775812,24.2099994588643,17.1199996173382,2010,6,NA
47.4833,9.66667,2010-06-27,11.9599997326732,25.7899994235486,18.8749995781109,2010,6,NA
47.4833,9.66667,2010-06-28,12.929999710992,26.7799994014204,19.8549995562062,2010,6,NA
47.4833,9.66667,2010-06-29,13.4099997002631,27.3799993880093,20.3949995441362,2010,6,NA
47.4833,9.66667,2010-06-30,14.2099996823817,27.7099993806332,20.9599995315075,2010,6,NA
47.4833,9.66667,2010-07-01,15.5799996517599,26.8999993987381,21.239999525249,2010,7,NA
47.4833,9.66667,2010-07-02,15.3999996557832,28.4599993638694,21.9299995098263,2010,7,NA
47.4833,9.66667,2010-07-03,16.1499996390194,29.5099993404001,22.8299994897097,2010,7,NA
47.4833,9.66667,2010-07-04,16.6899996269494,30.4099993202835,23.5499994736165,2010,7,NA
47.4833,9.66667,2010-07-05,17.2899996135384,25.0899994391948,21.1899995263666,2010,7,NA
47.4833,9.66667,2010-07-06,17.0499996189028,25.1899994369596,21.1199995279312,2010,7,NA
47.4833,9.66667,2010-07-07,14.7899996694177,21.7499995138496,18.2699995916337,2010,7,NA
47.4833,9.66667,2010-07-08,12.3899997230619,24.4699994530529,18.4299995880574,2010,7,NA
47.4833,9.66667,2010-07-09,12.9899997096509,28.3999993652105,20.6949995374307,2010,7,NA
47.4833,9.66667,2010-07-10,15.6699996497482,30.7599993124604,23.2149994811043,2010,7,NA
47.4833,9.66667,2010-07-11,18.0099995974451,32.5199992731214,25.2649994352832,2010,7,NA
47.4833,9.66667,2010-07-12,17.5499996077269,30.1399993263185,23.8449994670227,2010,7,NA
47.4833,9.66667,2010-07-13,16.2399996370077,30.729999313131,23.4849994750693,2010,7,NA
47.4833,9.66667,2010-07-14,15.9799996428192,26.3499994110316,21.1649995269254,2010,7,NA
47.4833,9.66667,2010-07-15,18.1799995936453,32.4399992749095,25.3099994342774,2010,7,NA
47.4833,9.66667,2010-07-16,16.5899996291846,24.7199994474649,20.6549995383248,2010,7,NA
47.4833,9.66667,2010-07-17,16.0299996417016,29.9099993314594,22.9699994865805,2010,7,NA
47.4833,9.66667,2010-07-18,13.8199996910989,24.1499994602054,18.9849995756522,2010,7,NA
47.4833,9.66667,2010-07-19,13.21999970451,22.129999505356,17.674999604933,2010,7,NA
47.4833,9.66667,2010-07-20,12.2999997250736,24.0899994615465,18.1949995933101,2010,7,NA
47.4833,9.66667,2010-07-21,13.0399997085333,26.5699994061142,19.8049995573238,2010,7,NA
47.4833,9.66667,2010-07-22,16.0899996403605,29.6899993363768,22.8899994883686,2010,7,NA
47.4833,9.66667,2010-07-23,16.0499996412545,27.2199993915856,21.6349995164201,2010,7,NA
47.4833,9.66667,2010-07-24,13.2299997042865,18.8199995793402,16.0249996418133,2010,7,NA
47.4833,9.66667,2010-07-25,11.7599997371435,14.0999996848404,12.929999710992,2010,7,NA
47.4833,9.66667,2010-07-26,11.4499997440726,19.2699995692819,15.3599996566772,2010,7,NA
47.4833,9.66667,2010-07-27,12.0499997306615,18.2399995923042,15.1449996614829,2010,7,NA
47.4833,9.66667,2010-07-28,12.2499997261912,17.819999601692,15.0349996639416,2010,7,NA
47.4833,9.66667,2010-07-29,11.9599997326732,19.0599995739758,15.5099996533245,2010,7,NA
47.4833,9.66667,2010-07-30,11.6799997389317,17.2499996144325,14.4649996766821,2010,7,NA
47.4833,9.66667,2010-07-31,9.79999978095293,18.8099995795637,14.3049996802583,2010,7,NA
47.4833,9.66667,2010-08-01,8.55999980866909,23.0599994845688,15.809999646619,2010,8,NA
47.4833,9.66667,2010-08-02,12.4399997219443,27.1399993933737,19.789999557659,2010,8,NA
47.4833,9.66667,2010-08-03,15.1199996620417,21.9799995087087,18.5499995853752,2010,8,NA
47.4833,9.66667,2010-08-04,11.8699997346848,18.8199995793402,15.3449996570125,2010,8,NA
47.4833,9.66667,2010-08-05,9.88999977894127,20.9599995315075,15.4249996552244,2010,8,NA
47.4833,9.66667,2010-08-06,11.5599997416139,14.649999672547,13.1049997070804,2010,8,NA
47.4833,9.66667,2010-08-07,11.1199997514486,14.9599996656179,13.0399997085333,2010,8,NA
47.4833,9.66667,2010-08-08,11.0399997532368,21.5999995172024,16.3199996352196,2010,8,NA
47.4833,9.66667,2010-08-09,12.9899997096509,20.8399995341897,16.9149996219203,2010,8,NA
47.4833,9.66667,2010-08-10,12.3199997246265,23.7199994698167,18.0199995972216,2010,8,NA
47.4833,9.66667,2010-08-11,13.4299996998161,24.6099994499236,19.0199995748699,2010,8,NA
47.4833,9.66667,2010-08-12,16.2399996370077,24.099999461323,20.1699995491654,2010,8,NA
47.4833,9.66667,2010-08-13,14.9499996658415,19.3699995670468,17.1599996164441,2010,8,NA
47.4833,9.66667,2010-08-14,12.4199997223914,18.5199995860457,15.4699996542186,2010,8,NA
47.4833,9.66667,2010-08-15,10.9799997545779,20.0199995525181,15.499999653548,2010,8,NA
47.4833,9.66667,2010-08-16,12.1799997277558,18.4399995878339,15.3099996577948,2010,8,NA
47.4833,9.66667,2010-08-17,10.4199997670949,14.5599996745586,12.4899997208267,2010,8,NA
47.4833,9.66667,2010-08-18,11.8999997340143,17.8499996010214,14.8749996675178,2010,8,NA
47.4833,9.66667,2010-08-19,13.5399996973574,18.3899995889515,15.9649996431544,2010,8,NA
47.4833,9.66667,2010-08-20,13.3999997004867,21.2799995243549,17.3399996124208,2010,8,NA
47.4833,9.66667,2010-08-21,14.0099996868521,25.2499994356185,19.6299995612353,2010,8,NA
47.4833,9.66667,2010-08-22,16.1599996387959,26.5599994063377,21.3599995225668,2010,8,NA
47.4833,9.66667,2010-08-23,15.9399996437132,27.9799993745983,21.9599995091558,2010,8,NA
47.4833,9.66667,2010-08-24,17.5999996066093,24.5399994514883,21.0699995290488,2010,8,NA
47.4833,9.66667,2010-08-25,14.8599996678531,23.8699994664639,19.3649995671585,2010,8,NA
47.4833,9.66667,2010-08-26,13.1599997058511,21.9199995100498,17.5399996079504,2010,8,NA
47.4833,9.66667,2010-08-27,15.3099996577948,29.1799993477762,22.2449995027855,2010,8,NA
47.4833,9.66667,2010-08-28,15.8899996448308,23.1899994816631,19.539999563247,2010,8,NA
47.4833,9.66667,2010-08-29,10.0099997762591,15.789999647066,12.8999997116625,2010,8,NA
47.4833,9.66667,2010-08-30,9.22999979369342,17.0899996180087,13.1599997058511,2010,8,NA
47.4833,9.66667,2010-08-31,7.99999982118607,12.1499997284263,10.0749997748062,2010,8,NA
47.4833,9.66667,2010-09-01,6.66999985091388,14.5599996745586,10.6149997627363,2010,9,NA
47.4833,9.66667,2010-09-02,4.83999989181757,17.6699996050447,11.2549997484311,2010,9,NA
47.4833,9.66667,2010-09-03,6.34999985806644,19.4699995648116,12.909999711439,2010,9,NA
47.4833,9.66667,2010-09-04,11.1099997516721,21.0099995303899,16.059999641031,2010,9,NA
47.4833,9.66667,2010-09-05,10.919999755919,19.5499995630234,15.2349996594712,2010,9,NA
47.4833,9.66667,2010-09-06,8.78999980352819,19.2599995695055,14.0249996865168,2010,9,NA
47.4833,9.66667,2010-09-07,8.33999981358647,19.3199995681643,13.8299996908754,2010,9,NA
47.4833,9.66667,2010-09-08,12.1299997288734,19.2199995703995,15.6749996496364,2010,9,NA
47.4833,9.66667,2010-09-09,11.3499997463077,16.2099996376783,13.779999691993,2010,9,NA
47.4833,9.66667,2010-09-10,10.2799997702241,18.5999995842576,14.4399996772408,2010,9,NA
47.4833,9.66667,2010-09-11,9.9899997767061,18.7199995815754,14.3549996791407,2010,9,NA
47.4833,9.66667,2010-09-12,8.23999981582165,20.7099995370954,14.4749996764585,2010,9,NA
47.4833,9.66667,2010-09-13,9.09999979659915,21.54999951832,15.3249996574596,2010,9,NA
47.4833,9.66667,2010-09-14,8.90999980084598,14.5199996754527,11.7149997381493,2010,9,NA
47.4833,9.66667,2010-09-15,6.75999984890223,17.9599995985627,12.3599997237325,2010,9,NA
47.4833,9.66667,2010-09-16,10.5199997648597,19.4599995650351,14.9899996649474,2010,9,NA
47.4833,9.66667,2010-09-17,11.3299997467548,15.3499996569008,13.3399997018278,2010,9,NA
47.4833,9.66667,2010-09-18,10.2599997706711,14.2099996823817,12.2349997265264,2010,9,NA
47.4833,9.66667,2010-09-19,7.95999982208014,14.7799996696413,11.3699997458607,2010,9,NA
47.4833,9.66667,2010-09-20,6.04999986477196,16.1499996390194,11.0999997518957,2010,9,NA
47.4833,9.66667,2010-09-21,6.09999986365438,18.7799995802343,12.4399997219443,2010,9,NA
47.4833,9.66667,2010-09-22,7.56999983079731,20.7699995357543,14.1699996832758,2010,9,NA
47.4833,9.66667,2010-09-23,8.41999981179833,20.4299995433539,14.4249996775761,2010,9,NA
47.4833,9.66667,2010-09-24,10.0799997746944,21.6499995160848,15.8649996453896,2010,9,NA
47.4833,9.66667,2010-09-25,9.55999978631735,20.2499995473772,14.9049996668473,2010,9,NA
47.4833,9.66667,2010-09-26,6.5999998524785,9.56999978609383,8.08499981928617,2010,9,NA
47.4833,9.66667,2010-09-27,5.97999986633658,10.6799997612834,8.32999981380999,2010,9,NA
47.4833,9.66667,2010-09-28,5.84999986924231,10.7899997588247,8.31999981403351,2010,9,NA
47.4833,9.66667,2010-09-29,6.63999985158443,11.1599997505546,8.8999998010695,2010,9,NA
47.4833,9.66667,2010-09-30,7.58999983035028,14.379999678582,10.9849997544661,2010,9,NA
47.4833,9.66667,2010-10-01,7.23999983817339,13.4499996993691,10.3449997687712,2010,10,2011
47.4833,9.66667,2010-10-02,7.26999983750284,14.9899996649474,11.1299997512251,2010,10,2011
47.4833,9.66667,2010-10-03,7.43999983370304,19.7599995583296,13.5999996960163,2010,10,2011
47.4833,9.66667,2010-10-04,9.10999979637563,21.4199995212257,15.2649996588007,2010,10,2011
47.4833,9.66667,2010-10-05,10.6499997619539,23.9299994651228,17.2899996135384,2010,10,2011
47.4833,9.66667,2010-10-06,11.4099997449666,15.2499996591359,13.3299997020513,2010,10,2011
47.4833,9.66667,2010-10-07,8.76999980397522,17.8099996019155,13.2899997029454,2010,10,2011
47.4833,9.66667,2010-10-08,9.05999979749322,16.2099996376783,12.6349997175857,2010,10,2011
47.4833,9.66667,2010-10-09,11.0099997539073,18.2199995927513,14.6149996733293,2010,10,2011
47.4833,9.66667,2010-10-10,8.72999980486929,14.8599996678531,11.7949997363612,2010,10,2011
47.4833,9.66667,2010-10-11,7.61999982967973,13.179999705404,10.3999997675419,2010,10,2011
47.4833,9.66667,2010-10-12,5.59999987483025,14.7499996703118,10.174999772571,2010,10,2011
47.4833,9.66667,2010-10-13,3.31999992579222,13.4999996982515,8.40999981202185,2010,10,2011
47.4833,9.66667,2010-10-14,4.37999990209937,9.34999979101121,6.86499984655529,2010,10,2011
47.4833,9.66667,2010-10-15,5.58999987505376,9.78999978117645,7.68999982811511,2010,10,2011
47.4833,9.66667,2010-10-16,4.42999990098178,8.25999981537461,6.3449998581782,2010,10,2011
47.4833,9.66667,2010-10-17,4.75999989360571,6.66999985091388,5.7149998722598,2010,10,2011
47.4833,9.66667,2010-10-18,4.46999990008771,6.4899998549372,5.47999987751245,2010,10,2011
47.4833,9.66667,2010-10-19,4.16999990679324,6.69999985024333,5.43499987851828,2010,10,2011
47.4833,9.66667,2010-10-20,2.35999994724989,9.8199997805059,6.08999986387789,2010,10,2011
47.4833,9.66667,2010-10-21,1.86999995820224,7.08999984152615,4.4799998998642,2010,10,2011
47.4833,9.66667,2010-10-22,-0.639999985694885,8.05999981984496,3.70999991707504,2010,10,2011
47.4833,9.66667,2010-10-23,-1.6099999640137,9.60999978519976,3.99999991059303,2010,10,2011
47.4833,9.66667,2010-10-24,5.15999988466501,12.3799997232854,8.76999980397522,2010,10,2011
47.4833,9.66667,2010-10-25,3.59999991953373,8.79999980330467,6.1999998614192,2010,10,2011
47.4833,9.66667,2010-10-26,1.76999996043742,3.97999991104007,2.87499993573874,2010,10,2011
47.4833,9.66667,2010-10-27,-0.189999995753169,6.91999984532595,3.36499992478639,2010,10,2011
47.4833,9.66667,2010-10-28,-1.74999996088445,8.19999981671572,3.22499992791563,2010,10,2011
47.4833,9.66667,2010-10-29,2.88999993540347,12.9899997096509,7.93999982252717,2010,10,2011
47.4833,9.66667,2010-10-30,3.07999993115664,17.4999996088445,10.2899997700006,2010,10,2011
47.4833,9.66667,2010-10-31,6.4299998562783,16.9899996202439,11.7099997382611,2010,10,2011
47.4833,9.66667,2010-11-01,7.26999983750284,16.639999628067,11.9549997327849,2010,11,2011
47.4833,9.66667,2010-11-02,7.01999984309077,16.1099996399134,11.5649997415021,2010,11,2011
47.4833,9.66667,2010-11-03,6.04999986477196,9.43999978899956,7.74499982688576,2010,11,2011
47.4833,9.66667,2010-11-04,4.38999990187585,13.9599996879697,9.17499979492277,2010,11,2011
47.4833,9.66667,2010-11-05,8.77999980375171,17.3699996117502,13.074999707751,2010,11,2011
47.4833,9.66667,2010-11-06,8.82999980263412,15.8599996455014,12.3449997240677,2010,11,2011
47.4833,9.66667,2010-11-07,7.68999982811511,14.4299996774644,11.0599997527897,2010,11,2011
47.4833,9.66667,2010-11-08,4.14999990724027,11.9299997333437,8.039999820292,2010,11,2011
47.4833,9.66667,2010-11-09,1.27999997138977,4.9399998895824,3.10999993048608,2010,11,2011
47.4833,9.66667,2010-11-10,0.789999982342124,9.91999977827072,5.35499988030642,2010,11,2011
47.4833,9.66667,2010-11-11,1.47999996691942,11.209999749437,6.3449998581782,2010,11,2011
47.4833,9.66667,2010-11-12,3.07999993115664,9.61999978497624,6.34999985806644,2010,11,2011
47.4833,9.66667,2010-11-13,6.67999985069036,13.0899997074157,9.88499977905303,2010,11,2011
47.4833,9.66667,2010-11-14,6.8299998473376,15.9099996443838,11.3699997458607,2010,11,2011
47.4833,9.66667,2010-11-15,5.739999871701,18.0299995969981,11.8849997343495,2010,11,2011
47.4833,9.66667,2010-11-16,5.29999988153577,13.5599996969104,9.42999978922307,2010,11,2011
47.4833,9.66667,2010-11-17,1.20999997295439,5.28999988175929,3.24999992735684,2010,11,2011
47.4833,9.66667,2010-11-18,0.489999989047647,4.23999990522861,2.36499994713813,2010,11,2011
47.4833,9.66667,2010-11-19,-0.359999991953373,4.73999989405274,2.18999995104969,2010,11,2011
47.4833,9.66667,2010-11-20,0.759999983012676,7.33999983593822,4.04999990947545,2010,11,2011
47.4833,9.66667,2010-11-21,-0.679999984800816,6.99999984353781,3.1599999293685,2010,11,2011
47.4833,9.66667,2010-11-22,0.389999991282821,4.39999990165234,2.39499994646758,2010,11,2011
47.4833,9.66667,2010-11-23,1.1499999742955,3.10999993048608,2.12999995239079,2010,11,2011
47.4833,9.66667,2010-11-24,0.0999999977648258,2.4099999461323,1.25499997194856,2010,11,2011
47.4833,9.66667,2010-11-25,-0.329999992623925,2.24999994970858,0.959999978542328,2010,11,2011
47.4833,9.66667,2010-11-26,-2.22999995015562,3.10999993048608,0.439999990165234,2010,11,2011
47.4833,9.66667,2010-11-27,-2.78999993763864,-0.109999997541308,-1.44999996758997,2010,11,2011
47.4833,9.66667,2010-11-28,-7.90999982319772,-0.809999981895089,-4.35999990254641,2010,11,2011
47.4833,9.66667,2010-11-29,-4.27999990433455,1.25999997183681,-1.50999996624887,2010,11,2011
47.4833,9.66667,2010-11-30,-6.29999985918403,0.689999984577298,-2.80499993730336,2010,11,2011
47.4833,9.66667,2010-12-01,-10.339999768883,-1.73999996110797,-6.03999986499548,2010,12,2011
47.4833,9.66667,2010-12-02,-5.55999987572432,-2.1799999512732,-3.86999991349876,2010,12,2011
47.4833,9.66667,2010-12-03,-8.24999981559813,-1.59999996423721,-4.92499988991767,2010,12,2011
47.4833,9.66667,2010-12-04,-9.28999979235232,-3.66999991796911,-6.47999985516071,2010,12,2011
47.4833,9.66667,2010-12-05,-9.24999979324639,-1.21999997273088,-5.23499988298863,2010,12,2011
47.4833,9.66667,2010-12-06,-7.59999983012676,4.49999989941716,-1.5499999653548,2010,12,2011
47.4833,9.66667,2010-12-07,1.35999996960163,6.99999984353781,4.17999990656972,2010,12,2011
47.4833,9.66667,2010-12-08,4.12999990768731,11.9499997328967,8.039999820292,2010,12,2011
47.4833,9.66667,2010-12-09,4.94999988935888,12.5399997197092,8.74499980453402,2010,12,2011
47.4833,9.66667,2010-12-10,-2.22999995015562,5.91999986767769,1.84499995876104,2010,12,2011
47.4833,9.66667,2010-12-11,-2.19999995082617,0.359999991953373,-0.919999979436398,2010,12,2011
47.4833,9.66667,2010-12-12,-0.57999998703599,2.61999994143844,1.01999997720122,2010,12,2011
47.4833,9.66667,2010-12-13,-0.499999988824129,2.52999994345009,1.01499997731298,2010,12,2011
47.4833,9.66667,2010-12-14,-9.00999979861081,-0.359999991953373,-4.68499989528209,2010,12,2011
47.4833,9.66667,2010-12-15,-8.47999981045723,-3.73999991640449,-6.10999986343086,2010,12,2011
47.4833,9.66667,2010-12-16,-7.73999982699752,-5.61999987438321,-6.67999985069036,2010,12,2011
47.4833,9.66667,2010-12-17,-8.59999980777502,-2.8699999358505,-5.73499987181276,2010,12,2011
47.4833,9.66667,2010-12-18,-7.87999982386827,-0.189999995753169,-4.03499990981072,2010,12,2011
47.4833,9.66667,2010-12-19,-9.47999978810549,-2.54999994300306,-6.01499986555427,2010,12,2011
47.4833,9.66667,2010-12-20,-7.77999982610345,6.21999986097217,-0.779999982565641,2010,12,2011
47.4833,9.66667,2010-12-21,1.05999997630715,7.20999983884394,4.13499990757555,2010,12,2011
47.4833,9.66667,2010-12-22,-1.49999996647239,6.80999984778464,2.65499994065613,2010,12,2011
47.4833,9.66667,2010-12-23,1.67999996244907,9.9299997780472,5.80499987024814,2010,12,2011
47.4833,9.66667,2010-12-24,0.869999980553985,8.76999980397522,4.8199998922646,2010,12,2011
47.4833,9.66667,2010-12-25,-1.61999996379018,2.61999994143844,0.499999988824129,2010,12,2011
47.4833,9.66667,2010-12-26,-6.54999985359609,-1.96999995596707,-4.25999990478158,2010,12,2011
47.4833,9.66667,2010-12-27,-10.7899997588247,-5.16999988444149,-7.9799998216331,2010,12,2011
47.4833,9.66667,2010-12-28,-11.459999743849,-3.11999993026257,-7.2899998370558,2010,12,2011
47.4833,9.66667,2010-12-29,-5.36999987997115,0.919999979436398,-2.22499995026737,2010,12,2011
47.4833,9.66667,2010-12-30,-0.699999984353781,3.18999992869794,1.24499997217208,2010,12,2011
47.4833,9.66667,2010-12-31,-1.0899999756366,2.03999995440245,0.474999989382923,2010,12,2011
47.4833,9.66667,2011-01-01,-2.20999995060265,0.439999990165234,-0.884999980218709,2011,1,2011
47.4833,9.66667,2011-01-02,-3.7899999152869,0.179999995976686,-1.80499995965511,2011,1,2011
47.4833,9.66667,2011-01-03,-6.22999986074865,-0.57999998703599,-3.40499992389232,2011,1,2011
47.4833,9.66667,2011-01-04,-9.55999978631735,-2.02999995462596,-5.79499987047166,2011,1,2011
47.4833,9.66667,2011-01-05,-10.2899997700006,-3.73999991640449,-7.01499984320253,2011,1,2011
47.4833,9.66667,2011-01-06,-8.8999998010695,2.2399999499321,-3.3299999255687,2011,1,2011
47.4833,9.66667,2011-01-07,-4.79999989271164,8.40999981202185,1.80499995965511,2011,1,2011
47.4833,9.66667,2011-01-08,3.79999991506338,10.3499997686595,7.07499984186143,2011,1,2011
47.4833,9.66667,2011-01-09,3.17999992892146,11.3599997460842,7.26999983750284,2011,1,2011
47.4833,9.66667,2011-01-10,2.45999994501472,11.7099997382611,7.08499984163791,2011,1,2011
47.4833,9.66667,2011-01-11,1.32999997027218,4.55999989807606,2.94499993417412,2011,1,2011
47.4833,9.66667,2011-01-12,0.61999998614192,4.83999989181757,2.72999993897974,2011,1,2011
47.4833,9.66667,2011-01-13,2.82999993674457,6.22999986074865,4.52999989874661,2011,1,2011
47.4833,9.66667,2011-01-14,4.79999989271164,9.22999979369342,7.01499984320253,2011,1,2011
47.4833,9.66667,2011-01-15,4.1899999063462,10.0199997760355,7.10499984119087,2011,1,2011
47.4833,9.66667,2011-01-16,2.68999993987381,9.30999979190528,5.99999986588955,2011,1,2011
47.4833,9.66667,2011-01-17,0.259999994188547,8.81999980285764,4.53999989852309,2011,1,2011
47.4833,9.66667,2011-01-18,-0.249999994412065,7.93999982252717,3.84499991405755,2011,1,2011
47.4833,9.66667,2011-01-19,0.0399999991059303,8.29999981448054,4.16999990679324,2011,1,2011
47.4833,9.66667,2011-01-20,-1.9499999564141,4.85999989137053,1.45499996747822,2011,1,2011
47.4833,9.66667,2011-01-21,-3.80999991483986,-0.299999993294477,-2.05499995406717,2011,1,2011
47.4833,9.66667,2011-01-22,-5.13999988511205,-1.67999996244907,-3.40999992378056,2011,1,2011
47.4833,9.66667,2011-01-23,-7.59999983012676,-2.32999994792044,-4.9649998890236,2011,1,2011
47.4833,9.66667,2011-01-24,-11.6699997391552,-3.50999992154539,-7.58999983035028,2011,1,2011
47.4833,9.66667,2011-01-25,-10.4299997668713,-1.57999996468425,-6.00499986577779,2011,1,2011
47.4833,9.66667,2011-01-26,-3.25999992713332,1.06999997608364,-1.09499997552484,2011,1,2011
47.4833,9.66667,2011-01-27,-2.4099999461323,2.62999994121492,0.109999997541308,2011,1,2011
47.4833,9.66667,2011-01-28,-4.15999990701675,1.26999997161329,-1.44499996770173,2011,1,2011
47.4833,9.66667,2011-01-29,-4.52999989874661,0.489999989047647,-2.01999995484948,2011,1,2011
47.4833,9.66667,2011-01-30,-7.24999983794987,-0.65999998524785,-3.95499991159886,2011,1,2011
47.4833,9.66667,2011-01-31,-8.35999981313944,-3.42999992333353,-5.89499986823648,2011,1,2011
47.4833,9.66667,2011-02-01,-7.2899998370558,-3.44999992288649,-5.36999987997115,2011,2,2011
47.4833,9.66667,2011-02-02,-7.14999984018505,-2.81999993696809,-4.98499988857657,2011,2,2011
47.4833,9.66667,2011-02-03,-7.84999982453883,-1.72999996133149,-4.78999989293516,2011,2,2011
47.4833,9.66667,2011-02-04,-7.82999982498586,2.52999994345009,-2.64999994076788,2011,2,2011
47.4833,9.66667,2011-02-05,-0.689999984577298,8.2099998164922,3.75999991595745,2011,2,2011
47.4833,9.66667,2011-02-06,1.52999996580184,10.0599997751415,5.79499987047166,2011,2,2011
47.4833,9.66667,2011-02-07,-0.0599999986588955,12.079999729991,6.00999986566603,2011,2,2011
47.4833,9.66667,2011-02-08,-0.96999997831881,12.4799997210503,5.75499987136573,2011,2,2011
47.4833,9.66667,2011-02-09,-1.19999997317791,10.9099997561425,4.85499989148229,2011,2,2011
47.4833,9.66667,2011-02-10,-2.26999994926155,6.08999986387789,1.90999995730817,2011,2,2011
47.4833,9.66667,2011-02-11,-1.89999995753169,9.6999997831881,3.89999991282821,2011,2,2011
47.4833,9.66667,2011-02-12,3.48999992199242,12.7799997143447,8.13499981816858,2011,2,2011
47.4833,9.66667,2011-02-13,2.04999995417893,12.0299997311085,7.03999984264374,2011,2,2011
47.4833,9.66667,2011-02-14,0.879999980330467,9.72999978251755,5.30499988142401,2011,2,2011
47.4833,9.66667,2011-02-15,0.179999995976686,11.5899997409433,5.88499986846,2011,2,2011
47.4833,9.66667,2011-02-16,-0.109999997541308,6.69999985024333,3.29499992635101,2011,2,2011
47.4833,9.66667,2011-02-17,0.409999990835786,5.24999988265336,2.82999993674457,2011,2,2011
47.4833,9.66667,2011-02-18,0.809999981895089,4.26999990455806,2.53999994322658,2011,2,2011
47.4833,9.66667,2011-02-19,0.649999985471368,4.4199999012053,2.53499994333833,2011,2,2011
47.4833,9.66667,2011-02-20,-0.679999984800816,7.54999983124435,3.43499992322177,2011,2,2011
47.4833,9.66667,2011-02-21,-0.419999990612268,2.96999993361533,1.27499997150153,2011,2,2011
47.4833,9.66667,2011-02-22,-1.46999996714294,0.919999979436398,-0.274999993853271,2011,2,2011
47.4833,9.66667,2011-02-23,-6.45999985560775,-1.00999997742474,-3.73499991651624,2011,2,2011
47.4833,9.66667,2011-02-24,-9.85999977961183,-0.0699999984353781,-4.9649998890236,2011,2,2011
47.4833,9.66667,2011-02-25,-6.34999985806644,3.41999992355704,-1.4649999672547,2011,2,2011
47.4833,9.66667,2011-02-26,-0.479999989271164,3.58999991975725,1.55499996524304,2011,2,2011
47.4833,9.66667,2011-02-27,-2.98999993316829,5.95999986678362,1.48499996680766,2011,2,2011
47.4833,9.66667,2011-02-28,1.23999997228384,5.44999987818301,3.34499992523342,2011,2,2011
47.4833,9.66667,2011-03-01,0.749999983236194,5.09999988600612,2.92499993462116,2011,3,2011
47.4833,9.66667,2011-03-02,-0.139999996870756,6.38999985717237,3.12499993015081,2011,3,2011
47.4833,9.66667,2011-03-03,-1.67999996244907,5.52999987639487,1.9249999569729,2011,3,2011
47.4833,9.66667,2011-03-04,-3.54999992065132,3.74999991618097,0.0999999977648258,2011,3,2011
47.4833,9.66667,2011-03-05,-2.95999993383884,5.89999986812472,1.46999996714294,2011,3,2011
47.4833,9.66667,2011-03-06,-2.97999993339181,3.90999991260469,0.46499998960644,2011,3,2011
47.4833,9.66667,2011-03-07,-3.54999992065132,3.50999992154539,-0.0199999995529652,2011,3,2011
47.4833,9.66667,2011-03-08,-3.16999992914498,7.19999983906746,2.01499995496124,2011,3,2011
47.4833,9.66667,2011-03-09,-3.34999992512167,11.0499997530133,3.84999991394579,2011,3,2011
47.4833,9.66667,2011-03-10,-0.119999997317791,12.3799997232854,6.12999986298382,2011,3,2011
47.4833,9.66667,2011-03-11,4.08999990858138,12.2399997264147,8.16499981749803,2011,3,2011
47.4833,9.66667,2011-03-12,0.799999982118607,11.169999750331,5.98499986622483,2011,3,2011
47.4833,9.66667,2011-03-13,0.279999993741512,13.5799996964633,6.92999984510243,2011,3,2011
47.4833,9.66667,2011-03-14,6.26999985985458,13.2499997038394,9.759999781847,2011,3,2011
47.4833,9.66667,2011-03-15,5.08999988622963,15.6099996510893,10.3499997686595,2011,3,2011
47.4833,9.66667,2011-03-16,3.11999993026257,18.5699995849282,10.8449997575954,2011,3,2011
47.4833,9.66667,2011-03-17,5.87999986857176,12.7799997143447,9.32999979145825,2011,3,2011
47.4833,9.66667,2011-03-18,5.52999987639487,7.82999982498586,6.67999985069036,2011,3,2011
47.4833,9.66667,2011-03-19,4.79999989271164,8.1499998178333,6.47499985527247,2011,3,2011
47.4833,9.66667,2011-03-20,0.719999983906746,4.8799998909235,2.79999993741512,2011,3,2011
47.4833,9.66667,2011-03-21,-1.719999961555,8.48999981023371,3.38499992433935,2011,3,2011
47.4833,9.66667,2011-03-22,-1.79999995976686,9.24999979324639,3.72499991673976,2011,3,2011
47.4833,9.66667,2011-03-23,-0.839999981224537,11.8399997353554,5.49999987706542,2011,3,2011
47.4833,9.66667,2011-03-24,-0.219999995082617,15.4499996546656,7.61499982979149,2011,3,2011
47.4833,9.66667,2011-03-25,1.53999996557832,15.8199996463954,8.67999980598688,2011,3,2011
47.4833,9.66667,2011-03-26,3.17999992892146,18.2899995911866,10.7349997600541,2011,3,2011
47.4833,9.66667,2011-03-27,5.86999986879528,14.629999672994,10.2499997708946,2011,3,2011
47.4833,9.66667,2011-03-28,6.12999986298382,11.6699997391552,8.8999998010695,2011,3,2011
47.4833,9.66667,2011-03-29,4.52999989874661,11.789999736473,8.15999981760979,2011,3,2011
47.4833,9.66667,2011-03-30,2.61999994143844,15.4099996555597,9.01499979849905,2011,3,2011
47.4833,9.66667,2011-03-31,2.58999994210899,13.5899996962398,8.08999981917441,2011,3,2011
47.4833,9.66667,2011-04-01,6.08999986387789,16.369999634102,11.2299997489899,2011,4,2011
47.4833,9.66667,2011-04-02,7.76999982632697,18.2699995916337,13.0199997089803,2011,4,2011
47.4833,9.66667,2011-04-03,6.18999986164272,21.0599995292723,13.6249996954575,2011,4,2011
47.4833,9.66667,2011-04-04,8.68999980576336,21.4999995194376,15.0949996626005,2011,4,2011
47.4833,9.66667,2011-04-05,5.62999987415969,13.2299997042865,9.42999978922307,2011,4,2011
47.4833,9.66667,2011-04-06,4.59999989718199,15.519999653101,10.0599997751415,2011,4,2011
47.4833,9.66667,2011-04-07,8.28999981470406,19.229999570176,13.75999969244,2011,4,2011
47.4833,9.66667,2011-04-08,7.92999982275069,23.6099994722754,15.769999647513,2011,4,2011
47.4833,9.66667,2011-04-09,9.24999979324639,19.4199995659292,14.3349996795878,2011,4,2011
47.4833,9.66667,2011-04-10,6.00999986566603,20.2299995478243,13.1199997067451,2011,4,2011
47.4833,9.66667,2011-04-11,5.20999988354743,19.3899995665997,12.2999997250736,2011,4,2011
47.4833,9.66667,2011-04-12,4.83999989181757,19.789999557659,12.3149997247383,2011,4,2011
47.4833,9.66667,2011-04-13,3.43999992311001,13.1599997058511,8.29999981448054,2011,4,2011
47.4833,9.66667,2011-04-14,0.919999979436398,8.86999980174005,4.89499989058822,2011,4,2011
47.4833,9.66667,2011-04-15,0.789999982342124,10.2099997717887,5.49999987706542,2011,4,2011
47.4833,9.66667,2011-04-16,-0.57999998703599,11.8599997349083,5.63999987393618,2011,4,2011
47.4833,9.66667,2011-04-17,0.239999994635582,13.6699996944517,6.95499984454364,2011,4,2011
47.4833,9.66667,2011-04-18,1.33999997004867,15.6099996510893,8.47499981056899,2011,4,2011
47.4833,9.66667,2011-04-19,3.0399999320507,17.819999601692,10.4299997668713,2011,4,2011
47.4833,9.66667,2011-04-20,4.53999989852309,19.5599995627999,12.0499997306615,2011,4,2011
47.4833,9.66667,2011-04-21,5.9699998665601,21.1499995272607,13.5599996969104,2011,4,2011
47.4833,9.66667,2011-04-22,7.67999982833862,22.1699995044619,14.9249996664003,2011,4,2011
47.4833,9.66667,2011-04-23,7.9799998216331,23.1199994832277,15.5499996524304,2011,4,2011
47.4833,9.66667,2011-04-24,8.81999980285764,21.5399995185435,15.1799996607006,2011,4,2011
47.4833,9.66667,2011-04-25,9.79999978095293,18.1999995931983,13.9999996870756,2011,4,2011
47.4833,9.66667,2011-04-26,7.0599998421967,20.3199995458126,13.6899996940047,2011,4,2011
47.4833,9.66667,2011-04-27,5.0499998871237,16.7099996265024,10.879999756813,2011,4,2011
47.4833,9.66667,2011-04-28,5.78999987058342,13.7899996917695,9.78999978117645,2011,4,2011
47.4833,9.66667,2011-04-29,3.36999992467463,17.4199996106327,10.3949997676536,2011,4,2011
47.4833,9.66667,2011-04-30,6.29999985918403,14.4999996758997,10.3999997675419,2011,4,2011
47.4833,9.66667,2011-05-01,5.2799998819828,17.5599996075034,11.4199997447431,2011,5,NA
47.4833,9.66667,2011-05-02,5.42999987863004,16.7299996260554,11.0799997523427,2011,5,NA
47.4833,9.66667,2011-05-03,5.49999987706542,19.4199995659292,12.4599997214973,2011,5,NA
47.4833,9.66667,2011-05-04,4.55999989807606,11.9099997337908,8.23499981593341,2011,5,NA
47.4833,9.66667,2011-05-05,2.12999995239079,13.3799997009337,7.75499982666224,2011,5,NA
47.4833,9.66667,2011-05-06,1.63999996334314,17.8299996014684,9.73499978240579,2011,5,NA
47.4833,9.66667,2011-05-07,4.61999989673495,22.0799995064735,13.3499997016042,2011,5,NA
47.4833,9.66667,2011-05-08,7.99999982118607,24.2099994588643,16.1049996400252,2011,5,NA
47.4833,9.66667,2011-05-09,8.59999980777502,23.5699994731694,16.0849996404722,2011,5,NA
47.4833,9.66667,2011-05-10,7.42999983392656,23.4999994747341,15.4649996543303,2011,5,NA
47.4833,9.66667,2011-05-11,7.82999982498586,24.2399994581938,16.0349996415898,2011,5,NA
47.4833,9.66667,2011-05-12,10.4399997666478,23.7599994689226,17.0999996177852,2011,5,NA
47.4833,9.66667,2011-05-13,10.7699997592717,18.919999577105,14.8449996681884,2011,5,NA
47.4833,9.66667,2011-05-14,10.029999775812,20.3499995451421,15.189999660477,2011,5,NA
47.4833,9.66667,2011-05-15,8.78999980352819,19.5599995627999,14.1749996831641,2011,5,NA
47.4833,9.66667,2011-05-16,5.85999986901879,10.2599997706711,8.05999981984496,2011,5,NA
47.4833,9.66667,2011-05-17,6.2599998600781,12.9399997107685,9.59999978542328,2011,5,NA
47.4833,9.66667,2011-05-18,7.62999982945621,16.9799996204674,12.3049997249618,2011,5,NA
47.4833,9.66667,2011-05-19,7.12999984063208,22.1399995051324,14.6349996728823,2011,5,NA
47.4833,9.66667,2011-05-20,10.2599997706711,24.3999994546175,17.3299996126443,2011,5,NA
47.4833,9.66667,2011-05-21,10.6899997610599,23.2799994796515,16.9849996203557,2011,5,NA
47.4833,9.66667,2011-05-22,11.2499997485429,23.9699994642287,17.6099996063858,2011,5,NA
47.4833,9.66667,2011-05-23,12.1099997293204,22.9999994859099,17.5549996076152,2011,5,NA
47.4833,9.66667,2011-05-24,12.2599997259676,22.3099995013326,17.2849996136501,2011,5,NA
47.4833,9.66667,2011-05-25,11.1399997510016,25.1799994371831,18.1599995940924,2011,5,NA
47.4833,9.66667,2011-05-26,11.3199997469783,22.7899994906038,17.054999618791,2011,5,NA
47.4833,9.66667,2011-05-27,12.0899997297674,27.0199993960559,19.5549995629117,2011,5,NA
47.4833,9.66667,2011-05-28,7.68999982811511,13.5899996962398,10.6399997621775,2011,5,NA
47.4833,9.66667,2011-05-29,7.17999983951449,16.9999996200204,12.0899997297674,2011,5,NA
47.4833,9.66667,2011-05-30,7.23999983817339,22.6799994930625,14.9599996656179,2011,5,NA
47.4833,9.66667,2011-05-31,10.8699997570366,26.2699994128197,18.5699995849282,2011,5,NA
47.4833,9.66667,2011-06-01,9.71999978274107,22.1599995046854,15.9399996437132,2011,6,NA
47.4833,9.66667,2011-06-02,8.12999981828034,12.2399997264147,10.1849997723475,2011,6,NA
47.4833,9.66667,2011-06-03,10.1399997733533,19.3099995683879,14.7249996708706,2011,6,NA
47.4833,9.66667,2011-06-04,12.5399997197092,21.9399995096028,17.239999614656,2011,6,NA
47.4833,9.66667,2011-06-05,13.0199997089803,22.5499994959682,17.7849996024743,2011,6,NA
47.4833,9.66667,2011-06-06,12.9399997107685,24.7199994474649,18.8299995791167,2011,6,NA
47.4833,9.66667,2011-06-07,12.7999997138977,20.4199995435774,16.6099996287376,2011,6,NA
47.4833,9.66667,2011-06-08,10.9999997541308,22.7099994923919,16.8549996232614,2011,6,NA
47.4833,9.66667,2011-06-09,11.2599997483194,16.7499996256083,14.0049996869639,2011,6,NA
47.4833,9.66667,2011-06-10,9.64999978430569,12.1799997277558,10.9149997560307,2011,6,NA
47.4833,9.66667,2011-06-11,9.57999978587031,18.7899995800108,14.1849996829405,2011,6,NA
47.4833,9.66667,2011-06-12,9.99999977648258,14.5499996747822,12.2749997256324,2011,6,NA
47.4833,9.66667,2011-06-13,8.34999981336296,20.6999995373189,14.524999675341,2011,6,NA
47.4833,9.66667,2011-06-14,12.1799997277558,17.3099996130913,14.7449996704236,2011,6,NA
47.4833,9.66667,2011-06-15,12.8799997121096,22.5799994952977,17.7299996037036,2011,6,NA
47.4833,9.66667,2011-06-16,12.4099997226149,24.9799994416535,18.6949995821342,2011,6,NA
47.4833,9.66667,2011-06-17,14.0299996864051,25.7099994253367,19.8699995558709,2011,6,NA
47.4833,9.66667,2011-06-18,13.3699997011572,22.8299994897097,18.0999995954335,2011,6,NA
47.4833,9.66667,2011-06-19,9.78999978117645,15.2999996580184,12.5449997195974,2011,6,NA
47.4833,9.66667,2011-06-20,9.30999979190528,15.7299996484071,12.5199997201562,2011,6,NA
47.4833,9.66667,2011-06-21,11.169999750331,20.0599995516241,15.6149996509776,2011,6,NA
47.4833,9.66667,2011-06-22,13.8199996910989,26.5799994058907,20.1999995484948,2011,6,NA
47.4833,9.66667,2011-06-23,14.7999996691942,25.7799994237721,20.2899995464832,2011,6,NA
47.4833,9.66667,2011-06-24,12.7099997159094,16.0399996414781,14.3749996786937,2011,6,NA
47.4833,9.66667,2011-06-25,10.5899997632951,17.0999996177852,13.8449996905401,2011,6,NA
47.4833,9.66667,2011-06-26,9.74999978207052,18.8399995788932,14.2949996804819,2011,6,NA
47.4833,9.66667,2011-06-27,13.8299996908754,26.3699994105846,20.09999955073,2011,6,NA
47.4833,9.66667,2011-06-28,13.7199996933341,29.4799993410707,21.5999995172024,2011,6,NA
47.4833,9.66667,2011-06-29,16.7899996247143,30.0299993287772,23.4099994767457,2011,6,NA
47.4833,9.66667,2011-06-30,14.8799996674061,23.7899994682521,19.3349995678291,2011,6,NA
47.4833,9.66667,2011-07-01,11.8099997360259,17.5199996083975,14.6649996722117,2011,7,NA
47.4833,9.66667,2011-07-02,8.42999981157482,17.3399996124208,12.8849997119978,2011,7,NA
47.4833,9.66667,2011-07-03,7.17999983951449,17.8499996010214,12.514999720268,2011,7,NA
47.4833,9.66667,2011-07-04,7.98999982140958,20.7499995362014,14.3699996788055,2011,7,NA
47.4833,9.66667,2011-07-05,9.3599997907877,25.0499994400889,17.2049996154383,2011,7,NA
47.4833,9.66667,2011-07-06,11.9499997328967,25.8999994210899,18.9249995769933,2011,7,NA
47.4833,9.66667,2011-07-07,14.4999996758997,26.7599994018674,20.6299995388836,2011,7,NA
47.4833,9.66667,2011-07-08,13.9899996872991,26.959999397397,20.4749995423481,2011,7,NA
47.4833,9.66667,2011-07-09,12.7599997147918,22.6599994935095,17.7099996041507,2011,7,NA
47.4833,9.66667,2011-07-10,15.6999996490777,25.8099994231015,20.7549995360896,2011,7,NA
47.4833,9.66667,2011-07-11,15.9799996428192,25.6599994264543,20.8199995346367,2011,7,NA
47.4833,9.66667,2011-07-12,14.6599996723235,24.4399994537234,19.5499995630234,2011,7,NA
47.4833,9.66667,2011-07-13,14.7899996694177,30.8299993108958,22.8099994901568,2011,7,NA
47.4833,9.66667,2011-07-14,14.5799996741116,20.9099995326251,17.7449996033683,2011,7,NA
47.4833,9.66667,2011-07-15,11.8199997358024,15.6199996508658,13.7199996933341,2011,7,NA
47.4833,9.66667,2011-07-16,9.94999977760017,19.0299995746464,14.4899996761233,2011,7,NA
47.4833,9.66667,2011-07-17,8.18999981693923,23.229999480769,15.7099996488541,2011,7,NA
47.4833,9.66667,2011-07-18,11.3299997467548,22.8499994892627,17.0899996180087,2011,7,NA
47.4833,9.66667,2011-07-19,11.2599997483194,16.369999634102,13.8149996912107,2011,7,NA
47.4833,9.66667,2011-07-20,10.4899997655302,20.1099995505065,15.2999996580184,2011,7,NA
47.4833,9.66667,2011-07-21,10.3099997695535,13.1299997065216,11.7199997380376,2011,7,NA
47.4833,9.66667,2011-07-22,9.07999979704618,17.239999614656,13.1599997058511,2011,7,NA
47.4833,9.66667,2011-07-23,12.2799997255206,17.3699996117502,14.8249996686354,2011,7,NA
47.4833,9.66667,2011-07-24,9.6999997831881,15.4899996537715,12.5949997184798,2011,7,NA
47.4833,9.66667,2011-07-25,8.51999980956316,14.7799996696413,11.6499997396022,2011,7,NA
47.4833,9.66667,2011-07-26,8.53999980911613,17.9999995976686,13.2699997033924,2011,7,NA
47.4833,9.66667,2011-07-27,7.81999982520938,21.7299995142967,14.774999669753,2011,7,NA
47.4833,9.66667,2011-07-28,12.8499997127801,21.6499995160848,17.2499996144325,2011,7,NA
47.4833,9.66667,2011-07-29,13.3699997011572,19.6299995612353,16.4999996311963,2011,7,NA
47.4833,9.66667,2011-07-30,13.0399997085333,21.4099995214492,17.2249996149912,2011,7,NA
47.4833,9.66667,2011-07-31,12.929999710992,18.3699995893985,15.6499996501952,2011,7,NA
47.4833,9.66667,2011-08-01,11.789999736473,20.4199995435774,16.1049996400252,2011,8,NA
47.4833,9.66667,2011-08-02,10.609999762848,21.4299995210022,16.0199996419251,2011,8,NA
47.4833,9.66667,2011-08-03,11.8299997355789,26.2399994134903,19.0349995745346,2011,8,NA
47.4833,9.66667,2011-08-04,14.2099996823817,22.8399994894862,18.524999585934,2011,8,NA
47.4833,9.66667,2011-08-05,15.499999653548,24.4999994523823,19.9999995529652,2011,8,NA
47.4833,9.66667,2011-08-06,15.5999996513128,23.559999473393,19.5799995623529,2011,8,NA
47.4833,9.66667,2011-08-07,14.7299996707588,25.3399994336069,20.0349995521829,2011,8,NA
47.4833,9.66667,2011-08-08,14.6899996716529,20.0599995516241,17.3749996116385,2011,8,NA
47.4833,9.66667,2011-08-09,12.5299997199327,18.8999995775521,15.7149996487424,2011,8,NA
47.4833,9.66667,2011-08-10,10.8099997583777,16.639999628067,13.7249996932223,2011,8,NA
47.4833,9.66667,2011-08-11,9.36999979056418,18.7299995813519,14.049999685958,2011,8,NA
47.4833,9.66667,2011-08-12,8.78999980352819,23.3999994769692,16.0949996402487,2011,8,NA
47.4833,9.66667,2011-08-13,13.3399997018278,24.4599994532764,18.8999995775521,2011,8,NA
47.4833,9.66667,2011-08-14,14.2499996814877,23.7199994698167,18.9849995756522,2011,8,NA
47.4833,9.66667,2011-08-15,13.9099996890873,26.3799994103611,20.1449995497242,2011,8,NA
47.4833,9.66667,2011-08-16,15.8599996455014,21.219999525696,18.5399995855987,2011,8,NA
47.4833,9.66667,2011-08-17,14.0799996852875,23.6899994704872,18.8849995778874,2011,8,NA
47.4833,9.66667,2011-08-18,13.7899996917695,26.5999994054437,20.1949995486066,2011,8,NA
47.4833,9.66667,2011-08-19,16.9399996213615,28.4999993629754,22.7199994921684,2011,8,NA
47.4833,9.66667,2011-08-20,18.1399995945394,28.0999993719161,23.1199994832277,2011,8,NA
47.4833,9.66667,2011-08-21,17.3999996110797,28.4399993643165,22.9199994876981,2011,8,NA
47.4833,9.66667,2011-08-22,17.6399996057153,30.8899993095547,24.264999457635,2011,8,NA
47.4833,9.66667,2011-08-23,18.0199995972216,30.8399993106723,24.4299994539469,2011,8,NA
47.4833,9.66667,2011-08-24,17.9699995983392,31.4699992965907,24.7199994474649,2011,8,NA
47.4833,9.66667,2011-08-25,16.6199996285141,29.1599993482232,22.8899994883686,2011,8,NA
47.4833,9.66667,2011-08-26,15.9099996443838,27.1899993922561,21.54999951832,2011,8,NA
47.4833,9.66667,2011-08-27,14.4299996774644,31.8999992869794,23.1649994822219,2011,8,NA
47.4833,9.66667,2011-08-28,8.65999980643392,14.069999685511,11.3649997459725,2011,8,NA
47.4833,9.66667,2011-08-29,8.34999981336296,20.3299995455891,14.339999679476,2011,8,NA
47.4833,9.66667,2011-08-30,9.24999979324639,20.119999550283,14.6849996717647,2011,8,NA
47.4833,9.66667,2011-08-31,11.4899997431785,20.1699995491654,15.8299996461719,2011,8,NA
47.4833,9.66667,2011-09-01,10.2399997711182,23.3999994769692,16.8199996240437,2011,9,NA
47.4833,9.66667,2011-09-02,13.4799996986985,22.2199995033443,17.8499996010214,2011,9,NA
47.4833,9.66667,2011-09-03,14.1799996830523,24.8499994445592,19.5149995638058,2011,9,NA
47.4833,9.66667,2011-09-04,14.4099996779114,27.5899993833154,20.9999995306134,2011,9,NA
47.4833,9.66667,2011-09-05,16.6499996278435,23.8599994666874,20.2549995472655,2011,9,NA
47.4833,9.66667,2011-09-06,11.9599997326732,16.3599996343255,14.1599996834993,2011,9,NA
47.4833,9.66667,2011-09-07,9.04999979771674,20.6499995384365,14.8499996680766,2011,9,NA
47.4833,9.66667,2011-09-08,13.8799996897578,18.7299995813519,16.3049996355549,2011,9,NA
47.4833,9.66667,2011-09-09,13.6099996957928,19.9399995543063,16.7749996250495,2011,9,NA
47.4833,9.66667,2011-09-10,14.7299996707588,24.1499994602054,19.4399995654821,2011,9,NA
47.4833,9.66667,2011-09-11,13.8599996902049,26.8999993987381,20.3799995444715,2011,9,NA
47.4833,9.66667,2011-09-12,14.9299996662885,27.2999993897974,21.114999528043,2011,9,NA
47.4833,9.66667,2011-09-13,13.509999698028,22.399999499321,17.9549995986745,2011,9,NA
47.4833,9.66667,2011-09-14,12.9399997107685,23.3199994787574,18.1299995947629,2011,9,NA
47.4833,9.66667,2011-09-15,12.1599997282028,17.1299996171147,14.6449996726587,2011,9,NA
47.4833,9.66667,2011-09-16,10.9399997554719,19.539999563247,15.2399996593595,2011,9,NA
47.4833,9.66667,2011-09-17,9.2999997921288,23.1399994827807,16.2199996374547,2011,9,NA
47.4833,9.66667,2011-09-18,14.379999678582,22.5899994950742,18.4849995868281,2011,9,NA
47.4833,9.66667,2011-09-19,7.30999983660877,15.0899996627122,11.1999997496605,2011,9,NA
47.4833,9.66667,2011-09-20,6.62999985180795,9.96999977715313,8.29999981448054,2011,9,NA
47.4833,9.66667,2011-09-21,7.29999983683228,15.1399996615946,11.2199997492135,2011,9,NA
47.4833,9.66667,2011-09-22,6.58999985270202,18.2099995929748,12.3999997228384,2011,9,NA
47.4833,9.66667,2011-09-23,8.06999981962144,18.5999995842576,13.3349997019395,2011,9,NA
47.4833,9.66667,2011-09-24,7.91999982297421,19.6399995610118,13.779999691993,2011,9,NA
47.4833,9.66667,2011-09-25,8.90999980084598,20.969999531284,14.939999666065,2011,9,NA
47.4833,9.66667,2011-09-26,10.1299997735769,21.4199995212257,15.7749996474013,2011,9,NA
47.4833,9.66667,2011-09-27,10.5099997650832,21.2999995239079,15.9049996444955,2011,9,NA
47.4833,9.66667,2011-09-28,10.7299997601658,21.6299995165318,16.1799996383488,2011,9,NA
47.4833,9.66667,2011-09-29,10.2699997704476,22.2299995031208,16.2499996367842,2011,9,NA
47.4833,9.66667,2011-09-30,10.4399997666478,19.0099995750934,14.7249996708706,2011,9,NA
47.4833,9.66667,2011-10-01,10.6999997608364,19.0199995748699,14.8599996678531,2011,10,2012
47.4833,9.66667,2011-10-02,10.3999997675419,19.0599995739758,14.7299996707588,2011,10,2012
47.4833,9.66667,2011-10-03,10.7399997599423,19.7399995587766,15.2399996593595,2011,10,2012
47.4833,9.66667,2011-10-04,10.629999762401,20.9999995306134,15.8149996465072,2011,10,2012
47.4833,9.66667,2011-10-05,10.0799997746944,21.4099995214492,15.7449996480718,2011,10,2012
47.4833,9.66667,2011-10-06,9.26999979279935,19.6399995610118,14.4549996769056,2011,10,2012
47.4833,9.66667,2011-10-07,9.33999979123473,20.949999531731,15.1449996614829,2011,10,2012
47.4833,9.66667,2011-10-08,4.9399998895824,10.5999997630715,7.76999982632697,2011,10,2012
47.4833,9.66667,2011-10-09,3.96999991126359,6.58999985270202,5.2799998819828,2011,10,2012
47.4833,9.66667,2011-10-10,2.94999993406236,10.2399997711182,6.59499985259026,2011,10,2012
47.4833,9.66667,2011-10-11,5.78999987058342,13.6799996942282,9.73499978240579,2011,10,2012
47.4833,9.66667,2011-10-12,9.55999978631735,19.829999556765,14.6949996715412,2011,10,2012
47.4833,9.66667,2011-10-13,8.93999980017543,15.1999996602535,12.0699997302145,2011,10,2012
47.4833,9.66667,2011-10-14,7.89999982342124,13.2599997036159,10.5799997635186,2011,10,2012
47.4833,9.66667,2011-10-15,4.66999989561737,12.6699997168034,8.6699998062104,2011,10,2012
47.4833,9.66667,2011-10-16,1.78999995999038,7.65999982878566,4.72499989438802,2011,10,2012
47.4833,9.66667,2011-10-17,1.90999995730817,9.61999978497624,5.76499987114221,2011,10,2012
47.4833,9.66667,2011-10-18,2.85999993607402,13.1599997058511,8.00999982096255,2011,10,2012
47.4833,9.66667,2011-10-19,4.92999988980591,17.5999996066093,11.2649997482076,2011,10,2012
47.4833,9.66667,2011-10-20,1.99999995529652,13.75999969244,7.87999982386827,2011,10,2012
47.4833,9.66667,2011-10-21,0.799999982118607,7.5799998305738,4.1899999063462,2011,10,2012
47.4833,9.66667,2011-10-22,-0.949999978765845,8.35999981313944,3.7049999171868,2011,10,2012
47.4833,9.66667,2011-10-23,-1.92999995686114,7.75999982655048,2.91499993484467,2011,10,2012
47.4833,9.66667,2011-10-24,-1.13999997451901,9.51999978721142,4.1899999063462,2011,10,2012
47.4833,9.66667,2011-10-25,0.379999991506338,15.0699996631593,7.72499982733279,2011,10,2012
47.4833,9.66667,2011-10-26,6.31999985873699,14.9599996656179,10.6399997621775,2011,10,2012
47.4833,9.66667,2011-10-27,4.61999989673495,12.7999997138977,8.70999980531633,2011,10,2012
47.4833,9.66667,2011-10-28,3.0399999320507,12.4899997208267,7.76499982643872,2011,10,2012
47.4833,9.66667,2011-10-29,2.65999994054437,14.7199996709824,8.68999980576336,2011,10,2012
47.4833,9.66667,2011-10-30,2.97999993339181,13.2499997038394,8.11499981861562,2011,10,2012
47.4833,9.66667,2011-10-31,4.14999990724027,14.2299996819347,9.18999979458749,2011,10,2012
47.4833,9.66667,2011-11-01,2.78999993763864,9.38999979011714,6.08999986387789,2011,11,2012
47.4833,9.66667,2011-11-02,3.01999993249774,11.8599997349083,7.43999983370304,2011,11,2012
47.4833,9.66667,2011-11-03,3.30999992601573,14.8599996678531,9.08499979693443,2011,11,2012
47.4833,9.66667,2011-11-04,3.85999991372228,16.5799996294081,10.2199997715652,2011,11,2012
47.4833,9.66667,2011-11-05,8.67999980598688,18.5599995851517,13.6199996955693,2011,11,2012
47.4833,9.66667,2011-11-06,9.99999977648258,18.2999995909631,14.1499996837229,2011,11,2012
47.4833,9.66667,2011-11-07,7.17999983951449,18.2099995929748,12.6949997162446,2011,11,2012
47.4833,9.66667,2011-11-08,5.49999987706542,12.329999724403,8.91499980073422,2011,11,2012
47.4833,9.66667,2011-11-09,4.90999989025295,12.2299997266382,8.56999980844557,2011,11,2012
47.4833,9.66667,2011-11-10,3.13999992981553,12.4599997214973,7.79999982565641,2011,11,2012
47.4833,9.66667,2011-11-11,1.719999961555,7.52999983169138,4.62499989662319,2011,11,2012
47.4833,9.66667,2011-11-12,1.50999996624887,6.26999985985458,3.88999991305172,2011,11,2012
47.4833,9.66667,2011-11-13,1.46999996714294,11.4699997436255,6.46999985538423,2011,11,2012
47.4833,9.66667,2011-11-14,0.61999998614192,6.17999986186624,3.39999992400408,2011,11,2012
47.4833,9.66667,2011-11-15,-1.0899999756366,5.01999988779426,1.96499995607883,2011,11,2012
47.4833,9.66667,2011-11-16,-1.67999996244907,3.05999993160367,0.689999984577298,2011,11,2012
47.4833,9.66667,2011-11-17,-2.59999994188547,4.61999989673495,1.00999997742474,2011,11,2012
47.4833,9.66667,2011-11-18,-2.03999995440245,9.80999978072941,3.88499991316348,2011,11,2012
47.4833,9.66667,2011-11-19,-1.35999996960163,7.58999983035028,3.11499993037432,2011,11,2012
47.4833,9.66667,2011-11-20,-1.68999996222556,8.78999980352819,3.54999992065132,2011,11,2012
47.4833,9.66667,2011-11-21,-1.89999995753169,6.77999984845519,2.43999994546175,2011,11,2012
47.4833,9.66667,2011-11-22,-1.00999997742474,9.5299997869879,4.25999990478158,2011,11,2012
47.4833,9.66667,2011-11-23,-1.75999996066093,6.68999985046685,2.46499994490296,2011,11,2012
47.4833,9.66667,2011-11-24,-2.09999995306134,3.69999991729856,0.799999982118607,2011,11,2012
47.4833,9.66667,2011-11-25,-2.51999994367361,1.90999995730817,-0.304999993182719,2011,11,2012
47.4833,9.66667,2011-11-26,-2.59999994188547,7.46999983303249,2.43499994557351,2011,11,2012
47.4833,9.66667,2011-11-27,-1.04999997653067,7.36999983526766,3.1599999293685,2011,11,2012
47.4833,9.66667,2011-11-28,-0.159999996423721,11.2299997489899,5.53499987628311,2011,11,2012
47.4833,9.66667,2011-11-29,-0.519999988377094,8.30999981425703,3.89499991293997,2011,11,2012
47.4833,9.66667,2011-11-30,-1.10999997518957,8.71999980509281,3.80499991495162,2011,11,2012
47.4833,9.66667,2011-12-01,0.769999982789159,10.919999755919,5.84499986935407,2011,12,2012
47.4833,9.66667,2011-12-02,0.999999977648258,10.629999762401,5.81499987002462,2011,12,2012
47.4833,9.66667,2011-12-03,2.34999994747341,14.8099996689707,8.57999980822206,2011,12,2012
47.4833,9.66667,2011-12-04,4.80999989248812,7.48999983258545,6.14999986253679,2011,12,2012
47.4833,9.66667,2011-12-05,5.69999987259507,11.4099997449666,8.55499980878085,2011,12,2012
47.4833,9.66667,2011-12-06,1.21999997273088,9.36999979056418,5.29499988164753,2011,12,2012
47.4833,9.66667,2011-12-07,0.999999977648258,3.29999992623925,2.14999995194376,2011,12,2012
47.4833,9.66667,2011-12-08,1.59999996423721,7.18999983929098,4.39499990176409,2011,12,2012
47.4833,9.66667,2011-12-09,1.70999996177852,6.69999985024333,4.20499990601093,2011,12,2012
47.4833,9.66667,2011-12-10,2.76999993808568,10.2499997708946,6.50999985449016,2011,12,2012
47.4833,9.66667,2011-12-11,3.11999993026257,7.60999982990324,5.36499988008291,2011,12,2012
47.4833,9.66667,2011-12-12,1.20999997295439,5.91999986767769,3.56499992031604,2011,12,2012
47.4833,9.66667,2011-12-13,0.289999993517995,6.34999985806644,3.31999992579222,2011,12,2012
47.4833,9.66667,2011-12-14,-1.26999997161329,8.55999980866909,3.6449999185279,2011,12,2012
47.4833,9.66667,2011-12-15,2.88999993540347,10.899999756366,6.89499984588474,2011,12,2012
47.4833,9.66667,2011-12-16,1.02999997697771,5.62999987415969,3.3299999255687,2011,12,2012
47.4833,9.66667,2011-12-17,1.05999997630715,8.8999998010695,4.97999988868833,2011,12,2012
47.4833,9.66667,2011-12-18,-1.19999997317791,1.33999997004867,0.0699999984353781,2011,12,2012
47.4833,9.66667,2011-12-19,-2.37999994680285,0.689999984577298,-0.844999981112778,2011,12,2012
47.4833,9.66667,2011-12-20,-6.40999985672534,-0.869999980553985,-3.63999991863966,2011,12,2012
47.4833,9.66667,2011-12-21,-6.60999985225499,0.559999987483025,-3.02499993238598,2011,12,2012
47.4833,9.66667,2011-12-22,-0.409999990835786,1.17999997362494,0.384999991394579,2011,12,2012
47.4833,9.66667,2011-12-23,0.299999993294477,3.59999991953373,1.9499999564141,2011,12,2012
47.4833,9.66667,2011-12-24,2.53999994322658,5.739999871701,4.13999990746379,2011,12,2012
47.4833,9.66667,2011-12-25,0.189999995753169,5.06999988667667,2.62999994121492,2011,12,2012
47.4833,9.66667,2011-12-26,-2.36999994702637,2.82999993674457,0.229999994859099,2011,12,2012
47.4833,9.66667,2011-12-27,-2.97999993339181,4.8199998922646,0.919999979436398,2011,12,2012
47.4833,9.66667,2011-12-28,-3.88999991305172,2.15999995172024,-0.864999980665743,2011,12,2012
47.4833,9.66667,2011-12-29,-3.89999991282821,4.20999990589917,0.15499999653548,2011,12,2012
47.4833,9.66667,2011-12-30,-0.249999994412065,3.70999991707504,1.72999996133149,2011,12,2012
47.4833,9.66667,2011-12-31,-1.00999997742474,2.90999993495643,0.949999978765845,2011,12,2012
47.4833,9.66667,2012-01-01,-1.18999997340143,5.03999988734722,1.9249999569729,2012,1,2012
47.4833,9.66667,2012-01-02,3.69999991729856,9.19999979436398,6.44999985583127,2012,1,2012
47.4833,9.66667,2012-01-03,1.91999995708466,10.0099997762591,5.96499986667186,2012,1,2012
47.4833,9.66667,2012-01-04,0.509999988600612,7.15999983996153,3.83499991428107,2012,1,2012
47.4833,9.66667,2012-01-05,0.61999998614192,6.90999984554946,3.76499991584569,2012,1,2012
47.4833,9.66667,2012-01-06,0.289999993517995,6.87999984622002,3.58499991986901,2012,1,2012
47.4833,9.66667,2012-01-07,-0.34999999217689,2.32999994792044,0.989999977871776,2012,1,2012
47.4833,9.66667,2012-01-08,-1.22999997250736,4.19999990612268,1.48499996680766,2012,1,2012
47.4833,9.66667,2012-01-09,0.65999998524785,3.3899999242276,2.02499995473772,2012,1,2012
47.4833,9.66667,2012-01-10,1.01999997720122,3.42999992333353,2.22499995026737,2012,1,2012
47.4833,9.66667,2012-01-11,-1.90999995730817,4.37999990209937,1.2349999723956,2012,1,2012
47.4833,9.66667,2012-01-12,-3.91999991238117,1.45999996736646,-1.22999997250736,2012,1,2012
47.4833,9.66667,2012-01-13,-4.33999990299344,2.58999994210899,-0.874999980442226,2012,1,2012
47.4833,9.66667,2012-01-14,-2.95999993383884,3.68999991752207,0.364999991841614,2012,1,2012
47.4833,9.66667,2012-01-15,-7.03999984264374,1.06999997608364,-2.98499993328005,2012,1,2012
47.4833,9.66667,2012-01-16,-9.00999979861081,-0.329999992623925,-4.66999989561737,2012,1,2012
47.4833,9.66667,2012-01-17,-9.65999978408217,-1.3799999691546,-5.51999987661839,2012,1,2012
47.4833,9.66667,2012-01-18,-9.59999978542328,1.58999996446073,-4.00499991048127,2012,1,2012
47.4833,9.66667,2012-01-19,-7.03999984264374,3.94999991171062,-1.54499996546656,2012,1,2012
47.4833,9.66667,2012-01-20,0.679999984800816,8.74999980442226,4.71499989461154,2012,1,2012
47.4833,9.66667,2012-01-21,0.259999994188547,6.80999984778464,3.53499992098659,2012,1,2012
47.4833,9.66667,2012-01-22,-0.0599999986588955,7.90999982319772,3.92499991226941,2012,1,2012
47.4833,9.66667,2012-01-23,3.46999992243946,7.66999982856214,5.5699998755008,2012,1,2012
47.4833,9.66667,2012-01-24,1.50999996624887,5.74999987147748,3.62999991886318,2012,1,2012
47.4833,9.66667,2012-01-25,-1.85999995842576,2.77999993786216,0.459999989718199,2012,1,2012
47.4833,9.66667,2012-01-26,-3.10999993048608,2.61999994143844,-0.244999994523823,2012,1,2012
47.4833,9.66667,2012-01-27,-3.97999991104007,3.37999992445111,-0.299999993294477,2012,1,2012
47.4833,9.66667,2012-01-28,-0.599999986588955,3.96999991126359,1.68499996233732,2012,1,2012
47.4833,9.66667,2012-01-29,-1.03999997675419,1.69999996200204,0.329999992623925,2012,1,2012
47.4833,9.66667,2012-01-30,-2.96999993361533,-0.26999999396503,-1.61999996379018,2012,1,2012
47.4833,9.66667,2012-01-31,-3.21999992802739,-1.41999996826053,-2.31999994814396,2012,1,2012
47.4833,9.66667,2012-02-01,-7.55999983102083,-1.64999996311963,-4.60499989707023,2012,2,2012
47.4833,9.66667,2012-02-02,-8.84999980218709,-5.88999986834824,-7.36999983526766,2012,2,2012
47.4833,9.66667,2012-02-03,-11.6199997402728,-7.54999983124435,-9.58499978575855,2012,2,2012
47.4833,9.66667,2012-02-04,-16.909999622032,-10.6799997612834,-13.7949996916577,2012,2,2012
47.4833,9.66667,2012-02-05,-18.4899995867163,-10.4799997657537,-14.484999676235,2012,2,2012
47.4833,9.66667,2012-02-06,-19.2999995686114,-9.19999979436398,-14.2499996814877,2012,2,2012
47.4833,9.66667,2012-02-07,-18.9299995768815,-10.0099997762591,-14.4699996765703,2012,2,2012
47.4833,9.66667,2012-02-08,-14.6999996714294,-10.9299997556955,-12.8149997135624,2012,2,2012
47.4833,9.66667,2012-02-09,-14.649999672547,-7.12999984063208,-10.8899997565895,2012,2,2012
47.4833,9.66667,2012-02-10,-14.7999996691942,-6.87999984622002,-10.8399997577071,2012,2,2012
47.4833,9.66667,2012-02-11,-13.8299996908754,-8.00999982096255,-10.919999755919,2012,2,2012
47.4833,9.66667,2012-02-12,-14.2099996823817,-8.86999980174005,-11.5399997420609,2012,2,2012
47.4833,9.66667,2012-02-13,-17.0499996189028,-8.85999980196357,-12.9549997104332,2012,2,2012
47.4833,9.66667,2012-02-14,-17.1499996166676,-5.18999988399446,-11.169999750331,2012,2,2012
47.4833,9.66667,2012-02-15,-6.2599998600781,-0.979999978095293,-3.61999991908669,2012,2,2012
47.4833,9.66667,2012-02-16,-2.12999995239079,1.17999997362494,-0.474999989382923,2012,2,2012
47.4833,9.66667,2012-02-17,-4.31999990344048,2.15999995172024,-1.07999997586012,2012,2,2012
47.4833,9.66667,2012-02-18,-4.14999990724027,3.94999991171062,-0.0999999977648258,2012,2,2012
47.4833,9.66667,2012-02-19,-2.9299999345094,6.16999986208975,1.61999996379018,2012,2,2012
47.4833,9.66667,2012-02-20,-2.68999993987381,4.21999990567565,0.764999982900918,2012,2,2012
47.4833,9.66667,2012-02-21,-6.67999985069036,0.65999998524785,-3.00999993272126,2012,2,2012
47.4833,9.66667,2012-02-22,-9.74999978207052,1.75999996066093,-3.99499991070479,2012,2,2012
47.4833,9.66667,2012-02-23,-8.91999980062246,4.45999990031123,-2.22999995015562,2012,2,2012
47.4833,9.66667,2012-02-24,-4.51999989897013,7.40999983437359,1.44499996770173,2012,2,2012
47.4833,9.66667,2012-02-25,0.57999998703599,11.2399997487664,5.90999986790121,2012,2,2012
47.4833,9.66667,2012-02-26,2.95999993383884,8.74999980442226,5.85499986913055,2012,2,2012
47.4833,9.66667,2012-02-27,0.779999982565641,4.86999989114702,2.82499993685633,2012,2,2012
47.4833,9.66667,2012-02-28,-2.67999994009733,5.72999987192452,1.52499996591359,2012,2,2012
47.4833,9.66667,2012-02-29,-0.339999992400408,8.23999981582165,3.94999991171062,2012,2,2012
47.4833,9.66667,2012-03-01,0.379999991506338,13.2599997036159,6.81999984756112,2012,3,2012
47.4833,9.66667,2012-03-02,0.879999980330467,13.4099997002631,7.1449998402968,2012,3,2012
47.4833,9.66667,2012-03-03,2.29999994859099,14.5899996738881,8.44499981123954,2012,3,2012
47.4833,9.66667,2012-03-04,1.75999996066093,13.75999969244,7.75999982655048,2012,3,2012
47.4833,9.66667,2012-03-05,2.91999993473291,9.759999781847,6.33999985828996,2012,3,2012
47.4833,9.66667,2012-03-06,-1.11999997496605,5.45999987795949,2.16999995149672,2012,3,2012
47.4833,9.66667,2012-03-07,-2.01999995484948,4.68999989517033,1.33499997016042,2012,3,2012
47.4833,9.66667,2012-03-08,-2.81999993696809,8.12999981828034,2.65499994065613,2012,3,2012
47.4833,9.66667,2012-03-09,-0.289999993517995,4.90999989025295,2.30999994836748,2012,3,2012
47.4833,9.66667,2012-03-10,-2.93999993428588,6.78999984823167,1.9249999569729,2012,3,2012
47.4833,9.66667,2012-03-11,-3.18999992869794,8.35999981313944,2.58499994222075,2012,3,2012
47.4833,9.66667,2012-03-12,-0.909999979659915,4.68999989517033,1.88999995775521,2012,3,2012
47.4833,9.66667,2012-03-13,2.13999995216727,11.209999749437,6.67499985080212,2012,3,2012
47.4833,9.66667,2012-03-14,0.409999990835786,13.0899997074157,6.74999984912574,2012,3,2012
47.4833,9.66667,2012-03-15,-0.369999991729856,13.2499997038394,6.43999985605478,2012,3,2012
47.4833,9.66667,2012-03-16,0.509999988600612,16.0199996419251,8.26499981526285,2012,3,2012
47.4833,9.66667,2012-03-17,2.48999994434416,18.5999995842576,10.5449997643009,2012,3,2012
47.4833,9.66667,2012-03-18,3.39999992400408,17.1799996159971,10.2899997700006,2012,3,2012
47.4833,9.66667,2012-03-19,2.64999994076788,15.1199996620417,8.88499980140477,2012,3,2012
47.4833,9.66667,2012-03-20,2.20999995060265,4.67999989539385,3.44499992299825,2012,3,2012
47.4833,9.66667,2012-03-21,0.529999988153577,12.369999723509,6.44999985583127,2012,3,2012
47.4833,9.66667,2012-03-22,0.919999979436398,15.0899996627122,8.00499982107431,2012,3,2012
47.4833,9.66667,2012-03-23,2.19999995082617,17.3999996110797,9.79999978095293,2012,3,2012
47.4833,9.66667,2012-03-24,2.95999993383884,17.2299996148795,10.0949997743592,2012,3,2012
47.4833,9.66667,2012-03-25,3.27999992668629,16.2399996370077,9.759999781847,2012,3,2012
47.4833,9.66667,2012-03-26,2.99999993294477,16.2999996356666,9.64999978430569,2012,3,2012
47.4833,9.66667,2012-03-27,2.98999993316829,16.2899996358901,9.63999978452921,2012,3,2012
47.4833,9.66667,2012-03-28,2.30999994836748,15.8899996448308,9.09999979659915,2012,3,2012
47.4833,9.66667,2012-03-29,2.89999993517995,18.4299995880574,10.6649997616187,2012,3,2012
47.4833,9.66667,2012-03-30,4.73999989405274,17.1599996164441,10.9499997552484,2012,3,2012
47.4833,9.66667,2012-03-31,6.92999984510243,11.6399997398257,9.28499979246408,2012,3,2012
47.4833,9.66667,2012-04-01,4.90999989025295,16.1499996390194,10.5299997646362,2012,4,2012
47.4833,9.66667,2012-04-02,1.85999995842576,10.9699997548014,6.41499985661358,2012,4,2012
47.4833,9.66667,2012-04-03,-0.709999984130263,16.0399996414781,7.6649998286739,2012,4,2012
47.4833,9.66667,2012-04-04,6.45999985560775,16.5899996291846,11.5249997423962,2012,4,2012
47.4833,9.66667,2012-04-05,7.01999984309077,14.1599996834993,10.5899997632951,2012,4,2012
47.4833,9.66667,2012-04-06,6.83999984711409,9.76999978162348,8.30499981436878,2012,4,2012
47.4833,9.66667,2012-04-07,6.029999865219,11.0299997534603,8.52999980933964,2012,4,2012
47.4833,9.66667,2012-04-08,3.24999992735684,8.44999981112778,5.84999986924231,2012,4,2012
47.4833,9.66667,2012-04-09,-2.4699999447912,3.41999992355704,0.474999989382923,2012,4,2012
47.4833,9.66667,2012-04-10,-2.6999999396503,8.56999980844557,2.93499993439764,2012,4,2012
47.4833,9.66667,2012-04-11,6.05999986454844,18.7799995802343,12.4199997223914,2012,4,2012
47.4833,9.66667,2012-04-12,2.60999994166195,8.30999981425703,5.45999987795949,2012,4,2012
47.4833,9.66667,2012-04-13,1.95999995619059,11.6499997396022,6.8049998478964,2012,4,2012
47.4833,9.66667,2012-04-14,3.61999991908669,8.59999980777502,6.10999986343086,2012,4,2012
47.4833,9.66667,2012-04-15,4.38999990187585,8.98999979905784,6.68999985046685,2012,4,2012
47.4833,9.66667,2012-04-16,5.1099998857826,7.70999982766807,6.40999985672534,2012,4,2012
47.4833,9.66667,2012-04-17,3.08999993093312,6.08999986387789,4.58999989740551,2012,4,2012
47.4833,9.66667,2012-04-18,1.05999997630715,9.8199997805059,5.43999987840652,2012,4,2012
47.4833,9.66667,2012-04-19,2.16999995149672,7.75999982655048,4.9649998890236,2012,4,2012
47.4833,9.66667,2012-04-20,0.999999977648258,13.2399997040629,7.1199998408556,2012,4,2012
47.4833,9.66667,2012-04-21,2.98999993316829,8.8999998010695,5.9449998671189,2012,4,2012
47.4833,9.66667,2012-04-22,2.53999994322658,15.4299996551126,8.9849997991696,2012,4,2012
47.4833,9.66667,2012-04-23,2.58999994210899,9.9299997780472,6.2599998600781,2012,4,2012
47.4833,9.66667,2012-04-24,1.99999995529652,12.9899997096509,7.4949998324737,2012,4,2012
47.4833,9.66667,2012-04-25,2.95999993383884,9.28999979235232,6.12499986309558,2012,4,2012
47.4833,9.66667,2012-04-26,2.65999994054437,16.2599996365607,9.45999978855252,2012,4,2012
47.4833,9.66667,2012-04-27,9.46999978832901,21.0499995294958,15.2599996589124,2012,4,2012
47.4833,9.66667,2012-04-28,7.00999984331429,24.3699994552881,15.6899996493012,2012,4,2012
47.4833,9.66667,2012-04-29,12.5499997194856,27.5099993851036,20.0299995522946,2012,4,2012
47.4833,9.66667,2012-04-30,11.2199997492135,24.0799994617701,17.6499996054918,2012,4,2012
47.4833,9.66667,2012-05-01,8.01999982073903,22.4599994979799,15.2399996593595,2012,5,NA
47.4833,9.66667,2012-05-02,8.94999979995191,18.5599995851517,13.7549996925518,2012,5,NA
47.4833,9.66667,2012-05-03,8.8399998024106,18.1599995940924,13.4999996982515,2012,5,NA
47.4833,9.66667,2012-05-04,7.55999983102083,18.5699995849282,13.0649997079745,2012,5,NA
47.4833,9.66667,2012-05-05,6.38999985717237,21.0699995290488,13.7299996931106,2012,5,NA
47.4833,9.66667,2012-05-06,8.42999981157482,14.5599996745586,11.4949997430667,2012,5,NA
47.4833,9.66667,2012-05-07,7.49999983236194,12.1099997293204,9.80499978084117,2012,5,NA
47.4833,9.66667,2012-05-08,5.86999986879528,15.9899996425956,10.9299997556955,2012,5,NA
47.4833,9.66667,2012-05-09,5.63999987393618,19.5099995639175,12.5749997189268,2012,5,NA
47.4833,9.66667,2012-05-10,10.9499997552484,19.3299995679408,15.1399996615946,2012,5,NA
47.4833,9.66667,2012-05-11,10.4799997657537,26.1799994148314,18.3299995902926,2012,5,NA
47.4833,9.66667,2012-05-12,13.8999996893108,28.42999936454,21.1649995269254,2012,5,NA
47.4833,9.66667,2012-05-13,7.14999984018505,19.4399995654821,13.2949997028336,2012,5,NA
47.4833,9.66667,2012-05-14,4.40999990142882,12.909999711439,8.65999980643392,2012,5,NA
47.4833,9.66667,2012-05-15,1.25999997183681,15.20999966003,8.23499981593341,2012,5,NA
47.4833,9.66667,2012-05-16,2.96999993361533,16.0499996412545,9.50999978743494,2012,5,NA
47.4833,9.66667,2012-05-17,2.38999994657934,7.36999983526766,4.8799998909235,2012,5,NA
47.4833,9.66667,2012-05-18,0.519999988377094,14.919999666512,7.71999982744455,2012,5,NA
47.4833,9.66667,2012-05-19,5.77999987080693,18.2599995918572,12.0199997313321,2012,5,NA
47.4833,9.66667,2012-05-20,8.2099998164922,22.669999493286,15.4399996548891,2012,5,NA
47.4833,9.66667,2012-05-21,10.1399997733533,24.5799994505942,17.3599996119738,2012,5,NA
47.4833,9.66667,2012-05-22,11.209999749437,20.4699995424598,15.8399996459484,2012,5,NA
47.4833,9.66667,2012-05-23,9.66999978385866,18.6899995822459,14.1799996830523,2012,5,NA
47.4833,9.66667,2012-05-24,13.0699997078627,20.6999995373189,16.8849996225908,2012,5,NA
47.4833,9.66667,2012-05-25,10.899999756366,22.8599994890392,16.8799996227026,2012,5,NA
47.4833,9.66667,2012-05-26,10.879999756813,21.9999995082617,16.4399996325374,2012,5,NA
47.4833,9.66667,2012-05-27,8.63999980688095,21.6399995163083,15.1399996615946,2012,5,NA
47.4833,9.66667,2012-05-28,7.78999982587993,20.2299995478243,14.0099996868521,2012,5,NA
47.4833,9.66667,2012-05-29,11.0899997521192,21.0499995294958,16.0699996408075,2012,5,NA
47.4833,9.66667,2012-05-30,12.1499997284263,22.689999492839,17.4199996106327,2012,5,NA
47.4833,9.66667,2012-05-31,11.6199997402728,24.1599994599819,17.8899996001273,2012,5,NA
47.4833,9.66667,2012-06-01,12.1899997275323,21.8899995107204,17.0399996191263,2012,6,NA
47.4833,9.66667,2012-06-02,12.909999711439,17.0299996193498,14.9699996653944,2012,6,NA
47.4833,9.66667,2012-06-03,12.329999724403,23.8899994660169,18.10999959521,2012,6,NA
47.4833,9.66667,2012-06-04,11.499999742955,22.2799995020032,16.8899996224791,2012,6,NA
47.4833,9.66667,2012-06-05,9.65999978408217,14.9499996658415,12.3049997249618,2012,6,NA
47.4833,9.66667,2012-06-06,8.13999981805682,16.099999640137,12.1199997290969,2012,6,NA
47.4833,9.66667,2012-06-07,10.2099997717887,17.2799996137619,13.7449996927753,2012,6,NA
47.4833,9.66667,2012-06-08,12.2599997259676,26.0099994186312,19.1349995722994,2012,6,NA
47.4833,9.66667,2012-06-09,11.2699997480959,17.7299996037036,14.4999996758997,2012,6,NA
47.4833,9.66667,2012-06-10,10.4799997657537,17.4999996088445,13.9899996872991,2012,6,NA
47.4833,9.66667,2012-06-11,9.72999978251755,15.8399996459484,12.784999714233,2012,6,NA
47.4833,9.66667,2012-06-12,9.72999978251755,17.8699996005744,13.799999691546,2012,6,NA
47.4833,9.66667,2012-06-13,8.94999979995191,11.3399997465312,10.1449997732416,2012,6,NA
47.4833,9.66667,2012-06-14,9.05999979749322,16.3799996338785,12.7199997156858,2012,6,NA
47.4833,9.66667,2012-06-15,6.91999984532595,19.6199995614588,13.2699997033924,2012,6,NA
47.4833,9.66667,2012-06-16,10.1299997735769,27.6399993821979,18.8849995778874,2012,6,NA
47.4833,9.66667,2012-06-17,13.7199996933341,29.1999993473291,21.4599995203316,2012,6,NA
47.4833,9.66667,2012-06-18,13.2299997042865,24.1299994606525,18.6799995824695,2012,6,NA
47.4833,9.66667,2012-06-19,14.3299996796995,28.8899993542582,21.6099995169789,2012,6,NA
47.4833,9.66667,2012-06-20,15.1099996622652,27.4399993866682,21.2749995244667,2012,6,NA
47.4833,9.66667,2012-06-21,16.0699996408075,22.6599994935095,19.3649995671585,2012,6,NA
47.4833,9.66667,2012-06-22,14.069999685511,25.7499994244426,19.9099995549768,2012,6,NA
47.4833,9.66667,2012-06-23,14.1299996841699,20.3299995455891,17.2299996148795,2012,6,NA
47.4833,9.66667,2012-06-24,12.2099997270852,22.0799995064735,17.1449996167794,2012,6,NA
47.4833,9.66667,2012-06-25,11.0699997525662,23.5899994727224,17.3299996126443,2012,6,NA
47.4833,9.66667,2012-06-26,12.4199997223914,18.359999589622,15.3899996560067,2012,6,NA
47.4833,9.66667,2012-06-27,11.499999742955,20.3099995460361,15.9049996444955,2012,6,NA
47.4833,9.66667,2012-06-28,15.0399996638298,25.4099994320422,20.224999547936,2012,6,NA
47.4833,9.66667,2012-06-29,14.2799996808171,28.4399993643165,21.3599995225668,2012,6,NA
47.4833,9.66667,2012-06-30,17.3999996110797,31.5399992950261,24.4699994530529,2012,6,NA
47.4833,9.66667,2012-07-01,17.4799996092916,31.6899992916733,24.5849994504824,2012,7,NA
47.4833,9.66667,2012-07-02,14.0599996857345,22.5699994955212,18.3149995906278,2012,7,NA
47.4833,9.66667,2012-07-03,13.4199997000396,20.5299995411187,16.9749996205792,2012,7,NA
47.4833,9.66667,2012-07-04,15.0499996636063,19.7499995585531,17.3999996110797,2012,7,NA
47.4833,9.66667,2012-07-05,14.359999679029,24.6199994497001,19.4899995643646,2012,7,NA
47.4833,9.66667,2012-07-06,14.2099996823817,25.4499994311482,19.829999556765,2012,7,NA
47.4833,9.66667,2012-07-07,14.8399996683002,19.7299995590001,17.2849996136501,2012,7,NA
47.4833,9.66667,2012-07-08,13.9499996881932,23.7399994693696,18.8449995787814,2012,7,NA
47.4833,9.66667,2012-07-09,14.3099996801466,23.6699994709343,18.9899995755404,2012,7,NA
47.4833,9.66667,2012-07-10,15.1399996615946,22.669999493286,18.9049995774403,2012,7,NA
47.4833,9.66667,2012-07-11,14.1199996843934,23.8799994662404,18.9999995753169,2012,7,NA
47.4833,9.66667,2012-07-12,13.7399996928871,20.0399995520711,16.8899996224791,2012,7,NA
47.4833,9.66667,2012-07-13,12.2999997250736,18.0199995972216,15.1599996611476,2012,7,NA
47.4833,9.66667,2012-07-14,11.9699997324497,21.0399995297194,16.5049996310845,2012,7,NA
47.4833,9.66667,2012-07-15,13.9299996886402,20.1599995493889,17.0449996190146,2012,7,NA
47.4833,9.66667,2012-07-16,10.7799997590482,17.3499996121973,14.0649996856228,2012,7,NA
47.4833,9.66667,2012-07-17,9.99999977648258,18.9799995757639,14.4899996761233,2012,7,NA
47.4833,9.66667,2012-07-18,12.8599997125566,22.0599995069206,17.4599996097386,2012,7,NA
47.4833,9.66667,2012-07-19,13.7499996926636,26.0099994186312,19.8799995556474,2012,7,NA
47.4833,9.66667,2012-07-20,14.4999996758997,23.7199994698167,19.1099995728582,2012,7,NA
47.4833,9.66667,2012-07-21,11.7999997362494,19.1999995708466,15.499999653548,2012,7,NA
47.4833,9.66667,2012-07-22,10.4299997668713,16.4699996318668,13.4499996993691,2012,7,NA
47.4833,9.66667,2012-07-23,8.70999980531633,18.1199995949864,13.4149997001514,2012,7,NA
47.4833,9.66667,2012-07-24,7.88999982364476,21.4999995194376,14.6949996715412,2012,7,NA
47.4833,9.66667,2012-07-25,11.0599997527897,25.6499994266778,18.3549995897338,2012,7,NA
47.4833,9.66667,2012-07-26,15.1099996622652,25.7899994235486,20.4499995429069,2012,7,NA
47.4833,9.66667,2012-07-27,14.7299996707588,28.8999993540347,21.8149995123968,2012,7,NA
47.4833,9.66667,2012-07-28,15.6599996499717,30.6799993142486,23.1699994821101,2012,7,NA
47.4833,9.66667,2012-07-29,16.0699996408075,23.269999479875,19.6699995603412,2012,7,NA
47.4833,9.66667,2012-07-30,13.7199996933341,18.959999576211,16.3399996347725,2012,7,NA
47.4833,9.66667,2012-07-31,12.0899997297674,21.6599995158613,16.8749996228144,2012,7,NA
47.4833,9.66667,2012-08-01,12.6799997165799,24.2599994577467,18.4699995871633,2012,8,NA
47.4833,9.66667,2012-08-02,13.1699997056276,28.9599993526936,21.0649995291606,2012,8,NA
47.4833,9.66667,2012-08-03,16.2499996367842,26.0899994168431,21.1699995268136,2012,8,NA
47.4833,9.66667,2012-08-04,16.7399996258318,23.4799994751811,20.1099995505065,2012,8,NA
47.4833,9.66667,2012-08-05,16.2099996376783,24.8299994450063,20.5199995413423,2012,8,NA
47.4833,9.66667,2012-08-06,15.6599996499717,23.7999994680285,19.7299995590001,2012,8,NA
47.4833,9.66667,2012-08-07,12.1699997279793,21.4399995207787,16.804999624379,2012,8,NA
47.4833,9.66667,2012-08-08,11.1099997516721,21.2499995250255,16.1799996383488,2012,8,NA
47.4833,9.66667,2012-08-09,12.7999997138977,22.649999493733,17.7249996038154,2012,8,NA
47.4833,9.66667,2012-08-10,12.6599997170269,23.4099994767457,18.0349995968863,2012,8,NA
47.4833,9.66667,2012-08-11,13.4099997002631,23.559999473393,18.4849995868281,2012,8,NA
47.4833,9.66667,2012-08-12,11.5299997422844,22.3099995013326,16.9199996218085,2012,8,NA
47.4833,9.66667,2012-08-13,10.4199997670949,23.2099994812161,16.8149996241555,2012,8,NA
47.4833,9.66667,2012-08-14,12.9699997100979,24.4999994523823,18.7349995812401,2012,8,NA
47.4833,9.66667,2012-08-15,14.2099996823817,25.4699994307011,19.8399995565414,2012,8,NA
47.4833,9.66667,2012-08-16,15.6399996504188,29.279999345541,22.4599994979799,2012,8,NA
47.4833,9.66667,2012-08-17,14.2599996812642,20.7799995355308,17.5199996083975,2012,8,NA
47.4833,9.66667,2012-08-18,12.4799997210503,24.9799994416535,18.7299995813519,2012,8,NA
47.4833,9.66667,2012-08-19,14.1899996828288,28.7099993582815,21.4499995205551,2012,8,NA
47.4833,9.66667,2012-08-20,15.8199996463954,30.7199993133545,23.269999479875,2012,8,NA
47.4833,9.66667,2012-08-21,16.5099996309727,31.289999300614,23.8999994657934,2012,8,NA
47.4833,9.66667,2012-08-22,16.4399996325374,29.2399993464351,22.8399994894862,2012,8,NA
47.4833,9.66667,2012-08-23,18.0299995969981,27.7499993797392,22.8899994883686,2012,8,NA
47.4833,9.66667,2012-08-24,15.8999996446073,25.569999428466,20.7349995365366,2012,8,NA
47.4833,9.66667,2012-08-25,16.65999962762,23.3999994769692,20.0299995522946,2012,8,NA
47.4833,9.66667,2012-08-26,13.6099996957928,23.8899994660169,18.7499995809048,2012,8,NA
47.4833,9.66667,2012-08-27,12.0699997302145,18.4799995869398,15.2749996585771,2012,8,NA
47.4833,9.66667,2012-08-28,9.33999979123473,21.6399995163083,15.4899996537715,2012,8,NA
47.4833,9.66667,2012-08-29,11.7199997380376,25.1199994385242,18.4199995882809,2012,8,NA
47.4833,9.66667,2012-08-30,13.2599997036159,25.9199994206429,19.5899995621294,2012,8,NA
47.4833,9.66667,2012-08-31,12.6899997163564,20.4999995417893,16.5949996290728,2012,8,NA
47.4833,9.66667,2012-09-01,9.04999979771674,12.4399997219443,10.7449997598305,2012,9,NA
47.4833,9.66667,2012-09-02,9.22999979369342,12.8799997121096,11.0549997529015,2012,9,NA
47.4833,9.66667,2012-09-03,11.2499997485429,18.1399995945394,14.6949996715412,2012,9,NA
47.4833,9.66667,2012-09-04,13.6199996955693,18.8999995775521,16.2599996365607,2012,9,NA
47.4833,9.66667,2012-09-05,15.5699996519834,21.4299995210022,18.4999995864928,2012,9,NA
47.4833,9.66667,2012-09-06,13.5799996964633,19.9399995543063,16.7599996253848,2012,9,NA
47.4833,9.66667,2012-09-07,11.479999743402,18.8899995777756,15.1849996605888,2012,9,NA
47.4833,9.66667,2012-09-08,9.0699997972697,21.3199995234609,15.1949996603653,2012,9,NA
47.4833,9.66667,2012-09-09,9.2999997921288,23.1399994827807,16.2199996374547,2012,9,NA
47.4833,9.66667,2012-09-10,10.9299997556955,24.4299994539469,17.6799996048212,2012,9,NA
47.4833,9.66667,2012-09-11,13.4999996982515,24.8399994447827,19.1699995715171,2012,9,NA
47.4833,9.66667,2012-09-12,13.2799997031689,24.3499994557351,18.814999579452,2012,9,NA
47.4833,9.66667,2012-09-13,7.98999982140958,14.8299996685237,11.4099997449666,2012,9,NA
47.4833,9.66667,2012-09-14,6.05999986454844,12.4899997208267,9.27499979268759,2012,9,NA
47.4833,9.66667,2012-09-15,3.66999991796911,16.4699996318668,10.069999774918,2012,9,NA
47.4833,9.66667,2012-09-16,8.54999980889261,17.219999615103,12.8849997119978,2012,9,NA
47.4833,9.66667,2012-09-17,6.64999985136092,19.3499995674938,12.9999997094274,2012,9,NA
47.4833,9.66667,2012-09-18,10.049999775365,21.7799995131791,15.914999644272,2012,9,NA
47.4833,9.66667,2012-09-19,10.5299997646362,22.7399994917214,16.6349996281788,2012,9,NA
47.4833,9.66667,2012-09-20,7.38999983482063,13.8699996899813,10.629999762401,2012,9,NA
47.4833,9.66667,2012-09-21,4.48999989964068,15.2999996580184,9.89499977882951,2012,9,NA
47.4833,9.66667,2012-09-22,4.98999988846481,19.9699995536357,12.4799997210503,2012,9,NA
47.4833,9.66667,2012-09-23,9.72999978251755,15.2699996586889,12.4999997206032,2012,9,NA
47.4833,9.66667,2012-09-24,8.8999998010695,21.6199995167553,15.2599996589124,2012,9,NA
47.4833,9.66667,2012-09-25,10.31999976933,18.959999576211,14.6399996727705,2012,9,NA
47.4833,9.66667,2012-09-26,8.27999981492758,21.1799995265901,14.7299996707588,2012,9,NA
47.4833,9.66667,2012-09-27,8.35999981313944,21.3199995234609,14.8399996683002,2012,9,NA
47.4833,9.66667,2012-09-28,7.5199998319149,15.8699996452779,11.6949997385964,2012,9,NA
47.4833,9.66667,2012-09-29,6.66999985091388,17.1699996162206,11.9199997335672,2012,9,NA
47.4833,9.66667,2012-09-30,8.2099998164922,12.8199997134507,10.5149997649714,2012,9,NA
47.4833,9.66667,2012-10-01,10.1799997724593,13.3899997007102,11.7849997365847,2012,10,2013
47.4833,9.66667,2012-10-02,10.7899997588247,14.0399996861815,12.4149997225031,2012,10,2013
47.4833,9.66667,2012-10-03,8.24999981559813,16.949999621138,12.5999997183681,2012,10,2013
47.4833,9.66667,2012-10-04,7.91999982297421,18.10999959521,13.0149997090921,2012,10,2013
47.4833,9.66667,2012-10-05,9.86999977938831,16.8399996235967,13.3549997014925,2012,10,2013
47.4833,9.66667,2012-10-06,8.99999979883432,19.3099995683879,14.1549996836111,2012,10,2013
47.4833,9.66667,2012-10-07,10.0599997751415,21.7799995131791,15.9199996441603,2012,10,2013
47.4833,9.66667,2012-10-08,7.17999983951449,14.4999996758997,10.8399997577071,2012,10,2013
47.4833,9.66667,2012-10-09,5.59999987483025,13.8899996895343,9.74499978218228,2012,10,2013
47.4833,9.66667,2012-10-10,10.899999756366,14.7699996698648,12.8349997131154,2012,10,2013
47.4833,9.66667,2012-10-11,10.1199997738004,12.8699997123331,11.4949997430667,2012,10,2013
47.4833,9.66667,2012-10-12,9.64999978430569,15.20999966003,12.4299997221678,2012,10,2013
47.4833,9.66667,2012-10-13,7.95999982208014,13.9099996890873,10.9349997555837,2012,10,2013
47.4833,9.66667,2012-10-14,6.22999986074865,12.6799997165799,9.45499978866428,2012,10,2013
47.4833,9.66667,2012-10-15,5.60999987460673,14.5799996741116,10.0949997743592,2012,10,2013
47.4833,9.66667,2012-10-16,4.06999990902841,9.32999979145825,6.69999985024333,2012,10,2013
47.4833,9.66667,2012-10-17,2.29999994859099,11.749999737367,7.02499984297901,2012,10,2013
47.4833,9.66667,2012-10-18,5.80999987013638,17.8099996019155,11.8099997360259,2012,10,2013
47.4833,9.66667,2012-10-19,8.54999980889261,20.3499995451421,14.4499996770173,2012,10,2013
47.4833,9.66667,2012-10-20,7.96999982185662,23.1299994830042,15.5499996524304,2012,10,2013
47.4833,9.66667,2012-10-21,7.12999984063208,19.5799995623529,13.3549997014925,2012,10,2013
47.4833,9.66667,2012-10-22,7.29999983683228,19.209999570623,13.2549997037277,2012,10,2013
47.4833,9.66667,2012-10-23,7.30999983660877,14.649999672547,10.9799997545779,2012,10,2013
47.4833,9.66667,2012-10-24,7.00999984331429,9.44999978877604,8.22999981604517,2012,10,2013
47.4833,9.66667,2012-10-25,6.99999984353781,8.65999980643392,7.82999982498586,2012,10,2013
47.4833,9.66667,2012-10-26,6.27999985963106,10.629999762401,8.45499981101602,2012,10,2013
47.4833,9.66667,2012-10-27,5.57999987527728,8.88999980129302,7.23499983828515,2012,10,2013
47.4833,9.66667,2012-10-28,-1.21999997273088,7.59999983012676,3.18999992869794,2012,10,2013
47.4833,9.66667,2012-10-29,-1.92999995686114,-0.439999990165234,-1.18499997351319,2012,10,2013
47.4833,9.66667,2012-10-30,-3.48999992199242,2.72999993897974,-0.379999991506338,2012,10,2013
47.4833,9.66667,2012-10-31,-2.93999993428588,5.41999987885356,1.23999997228384,2012,10,2013
47.4833,9.66667,2012-11-01,-1.50999996624887,8.04999982006848,3.2699999269098,2012,11,2013
47.4833,9.66667,2012-11-02,2.85999993607402,11.5299997422844,7.19499983917922,2012,11,2013
47.4833,9.66667,2012-11-03,3.80999991483986,11.8899997342378,7.84999982453883,2012,11,2013
47.4833,9.66667,2012-11-04,6.37999985739589,17.0099996197969,11.6949997385964,2012,11,2013
47.4833,9.66667,2012-11-05,5.82999986968935,16.2399996370077,11.0349997533485,2012,11,2013
47.4833,9.66667,2012-11-06,4.26999990455806,10.0199997760355,7.1449998402968,2012,11,2013
47.4833,9.66667,2012-11-07,0.259999994188547,6.06999986432493,3.16499992925674,2012,11,2013
47.4833,9.66667,2012-11-08,-0.449999989941716,7.17999983951449,3.36499992478639,2012,11,2013
47.4833,9.66667,2012-11-09,-0.509999988600612,10.0799997746944,4.78499989304692,2012,11,2013
47.4833,9.66667,2012-11-10,1.34999996982515,13.0099997092038,7.17999983951449,2012,11,2013
47.4833,9.66667,2012-11-11,6.04999986477196,12.9599997103214,9.50499978754669,2012,11,2013
47.4833,9.66667,2012-11-12,6.30999985896051,9.0699997972697,7.68999982811511,2012,11,2013
47.4833,9.66667,2012-11-13,5.74999987147748,8.29999981448054,7.02499984297901,2012,11,2013
47.4833,9.66667,2012-11-14,4.78999989293516,8.09999981895089,6.44499985594302,2012,11,2013
47.4833,9.66667,2012-11-15,1.33999997004867,8.31999981403351,4.82999989204109,2012,11,2013
47.4833,9.66667,2012-11-16,0.669999985024333,8.77999980375171,4.72499989438802,2012,11,2013
47.4833,9.66667,2012-11-17,-0.149999996647239,7.36999983526766,3.60999991931021,2012,11,2013
47.4833,9.66667,2012-11-18,-1.21999997273088,6.97999984398484,2.87999993562698,2012,11,2013
47.4833,9.66667,2012-11-19,0.299999993294477,8.45999981090426,4.37999990209937,2012,11,2013
47.4833,9.66667,2012-11-20,-1.02999997697771,6.49999985471368,2.73499993886799,2012,11,2013
47.4833,9.66667,2012-11-21,-0.529999988153577,4.66999989561737,2.06999995373189,2012,11,2013
47.4833,9.66667,2012-11-22,-1.68999996222556,6.58999985270202,2.44999994523823,2012,11,2013
47.4833,9.66667,2012-11-23,1.15999997407198,7.49999983236194,4.32999990321696,2012,11,2013
47.4833,9.66667,2012-11-24,1.46999996714294,9.5899997856468,5.52999987639487,2012,11,2013
47.4833,9.66667,2012-11-25,3.12999993003905,11.8499997351319,7.48999983258545,2012,11,2013
47.4833,9.66667,2012-11-26,3.88999991305172,13.4799996986985,8.68499980587512,2012,11,2013
47.4833,9.66667,2012-11-27,4.98999988846481,12.3199997246265,8.65499980654567,2012,11,2013
47.4833,9.66667,2012-11-28,4.71999989449978,7.39999983459711,6.05999986454844,2012,11,2013
47.4833,9.66667,2012-11-29,1.97999995574355,5.59999987483025,3.7899999152869,2012,11,2013
47.4833,9.66667,2012-11-30,-1.46999996714294,2.20999995060265,0.369999991729856,2012,11,2013
47.4833,9.66667,2012-12-01,-3.74999991618097,0.819999981671572,-1.4649999672547,2012,12,2013
47.4833,9.66667,2012-12-02,-5.53999987617135,-1.36999996937811,-3.45499992277473,2012,12,2013
47.4833,9.66667,2012-12-03,-5.11999988555908,-0.869999980553985,-2.99499993305653,2012,12,2013
47.4833,9.66667,2012-12-04,-3.25999992713332,2.15999995172024,-0.549999987706542,2012,12,2013
47.4833,9.66667,2012-12-05,-0.339999992400408,5.23999988287687,2.44999994523823,2012,12,2013
47.4833,9.66667,2012-12-06,-1.81999995931983,1.07999997586012,-0.369999991729856,2012,12,2013
47.4833,9.66667,2012-12-07,-7.86999982409179,-0.159999996423721,-4.01499991025776,2012,12,2013
47.4833,9.66667,2012-12-08,-9.66999978385866,-1.28999997116625,-5.47999987751245,2012,12,2013
47.4833,9.66667,2012-12-09,-8.68999980576336,-1.79999995976686,-5.24499988276511,2012,12,2013
47.4833,9.66667,2012-12-10,-9.50999978743494,-1.00999997742474,-5.25999988242984,2012,12,2013
47.4833,9.66667,2012-12-11,-1.66999996267259,1.4899999666959,-0.0899999979883432,2012,12,2013
47.4833,9.66667,2012-12-12,-4.98999988846481,-0.57999998703599,-2.7849999377504,2012,12,2013
47.4833,9.66667,2012-12-13,-12.4599997214973,-3.63999991863966,-8.04999982006848,2012,12,2013
47.4833,9.66667,2012-12-14,-12.6299997176975,2.61999994143844,-5.00499988812953,2012,12,2013
47.4833,9.66667,2012-12-15,-1.47999996691942,7.81999982520938,3.16999992914498,2012,12,2013
47.4833,9.66667,2012-12-16,1.33999997004867,7.35999983549118,4.34999990276992,2012,12,2013
47.4833,9.66667,2012-12-17,2.16999995149672,6.20999986119568,4.1899999063462,2012,12,2013
47.4833,9.66667,2012-12-18,1.85999995842576,5.08999988622963,3.4749999223277,2012,12,2013
47.4833,9.66667,2012-12-19,0.459999989718199,4.35999990254641,2.4099999461323,2012,12,2013
47.4833,9.66667,2012-12-20,-3.54999992065132,3.81999991461635,0.134999996982515,2012,12,2013
47.4833,9.66667,2012-12-21,-5.29999988153577,2.73999993875623,-1.27999997138977,2012,12,2013
47.4833,9.66667,2012-12-22,1.73999996110797,5.2799998819828,3.50999992154539,2012,12,2013
47.4833,9.66667,2012-12-23,1.80999995954335,6.00999986566603,3.90999991260469,2012,12,2013
47.4833,9.66667,2012-12-24,4.25999990478158,10.4399997666478,7.3499998357147,2012,12,2013
47.4833,9.66667,2012-12-25,3.60999991931021,12.2099997270852,7.90999982319772,2012,12,2013
47.4833,9.66667,2012-12-26,2.67999994009733,15.3399996571243,9.00999979861081,2012,12,2013
47.4833,9.66667,2012-12-27,2.75999993830919,7.35999983549118,5.05999988690019,2012,12,2013
47.4833,9.66667,2012-12-28,2.54999994300306,8.95999979972839,5.75499987136573,2012,12,2013
47.4833,9.66667,2012-12-29,2.18999995104969,6.35999985784292,4.2749999044463,2012,12,2013
47.4833,9.66667,2012-12-30,0.229999994859099,8.62999980710447,4.42999990098178,2012,12,2013
47.4833,9.66667,2012-12-31,0.919999979436398,7.90999982319772,4.41499990131706,2012,12,2013
47.4833,9.66667,2013-01-01,-1.22999997250736,7.40999983437359,3.08999993093312,2013,1,2013
47.4833,9.66667,2013-01-02,-1.719999961555,6.8899998459965,2.58499994222075,2013,1,2013
47.4833,9.66667,2013-01-03,-3.05999993160367,3.74999991618097,0.344999992288649,2013,1,2013
47.4833,9.66667,2013-01-04,-3.59999991953373,4.20999990589917,0.304999993182719,2013,1,2013
47.4833,9.66667,2013-01-05,2.76999993808568,5.82999986968935,4.29999990388751,2013,1,2013
47.4833,9.66667,2013-01-06,3.66999991796911,6.49999985471368,5.08499988634139,2013,1,2013
47.4833,9.66667,2013-01-07,2.48999994434416,5.25999988242984,3.874999913387,2013,1,2013
47.4833,9.66667,2013-01-08,0.599999986588955,5.20999988354743,2.90499993506819,2013,1,2013
47.4833,9.66667,2013-01-09,0.119999997317791,6.58999985270202,3.35499992500991,2013,1,2013
47.4833,9.66667,2013-01-10,-1.91999995708466,3.81999991461635,0.949999978765845,2013,1,2013
47.4833,9.66667,2013-01-11,-0.92999997921288,3.05999993160367,1.06499997619539,2013,1,2013
47.4833,9.66667,2013-01-12,-0.369999991729856,2.20999995060265,0.919999979436398,2013,1,2013
47.4833,9.66667,2013-01-13,-3.52999992109835,2.4699999447912,-0.529999988153577,2013,1,2013
47.4833,9.66667,2013-01-14,-3.36999992467463,0.299999993294477,-1.53499996569008,2013,1,2013
47.4833,9.66667,2013-01-15,-2.1799999512732,-0.0299999993294477,-1.10499997530133,2013,1,2013
47.4833,9.66667,2013-01-16,-5.68999987281859,0.129999997094274,-2.77999993786216,2013,1,2013
47.4833,9.66667,2013-01-17,-5.739999871701,-1.58999996446073,-3.66499991808087,2013,1,2013
47.4833,9.66667,2013-01-18,-6.79999984800816,-3.93999991193414,-5.36999987997115,2013,1,2013
47.4833,9.66667,2013-01-19,-11.6099997404963,-3.69999991729856,-7.65499982889742,2013,1,2013
47.4833,9.66667,2013-01-20,-8.86999980174005,0.279999993741512,-4.29499990399927,2013,1,2013
47.4833,9.66667,2013-01-21,-4.62999989651144,3.06999993138015,-0.779999982565641,2013,1,2013
47.4833,9.66667,2013-01-22,-3.05999993160367,1.12999997474253,-0.964999978430569,2013,1,2013
47.4833,9.66667,2013-01-23,-4.71999989449978,2.2399999499321,-1.23999997228384,2013,1,2013
47.4833,9.66667,2013-01-24,-6.77999984845519,2.35999994724989,-2.20999995060265,2013,1,2013
47.4833,9.66667,2013-01-25,-6.72999984957278,-1.65999996289611,-4.19499990623444,2013,1,2013
47.4833,9.66667,2013-01-26,-8.05999981984496,-2.52999994345009,-5.29499988164753,2013,1,2013
47.4833,9.66667,2013-01-27,-10.3699997682124,-0.919999979436398,-5.64499987382442,2013,1,2013
47.4833,9.66667,2013-01-28,-5.78999987058342,4.89999989047647,-0.444999990053475,2013,1,2013
47.4833,9.66667,2013-01-29,-1.13999997451901,3.44999992288649,1.15499997418374,2013,1,2013
47.4833,9.66667,2013-01-30,-0.199999995529652,6.4899998549372,3.14499992970377,2013,1,2013
47.4833,9.66667,2013-01-31,4.55999989807606,12.8699997123331,8.71499980520457,2013,1,2013
47.4833,9.66667,2013-02-01,2.55999994277954,9.51999978721142,6.03999986499548,2013,2,2013
47.4833,9.66667,2013-02-02,3.53999992087483,7.35999983549118,5.44999987818301,2013,2,2013
47.4833,9.66667,2013-02-03,-1.90999995730817,7.01999984309077,2.5549999428913,2013,2,2013
47.4833,9.66667,2013-02-04,-2.71999993920326,0.469999989494681,-1.12499997485429,2013,2,2013
47.4833,9.66667,2013-02-05,-1.90999995730817,4.11999990791082,1.10499997530133,2013,2,2013
47.4833,9.66667,2013-02-06,-0.819999981671572,6.29999985918403,2.73999993875623,2013,2,2013
47.4833,9.66667,2013-02-07,-3.75999991595745,1.98999995552003,-0.884999980218709,2013,2,2013
47.4833,9.66667,2013-02-08,-3.0399999320507,-0.499999988824129,-1.76999996043742,2013,2,2013
47.4833,9.66667,2013-02-09,-4.07999990880489,-0.859999980777502,-2.4699999447912,2013,2,2013
47.4833,9.66667,2013-02-10,-10.6699997615069,-2.10999995283782,-6.38999985717237,2013,2,2013
47.4833,9.66667,2013-02-11,-13.5699996966869,-1.73999996110797,-7.65499982889742,2013,2,2013
47.4833,9.66667,2013-02-12,-8.47999981045723,0.499999988824129,-3.98999991081655,2013,2,2013
47.4833,9.66667,2013-02-13,-6.07999986410141,-3.12999993003905,-4.60499989707023,2013,2,2013
47.4833,9.66667,2013-02-14,-9.99999977648258,-2.4699999447912,-6.23499986063689,2013,2,2013
47.4833,9.66667,2013-02-15,-12.6099997181445,-0.629999985918403,-6.61999985203147,2013,2,2013
47.4833,9.66667,2013-02-16,-4.17999990656972,2.42999994568527,-0.874999980442226,2013,2,2013
47.4833,9.66667,2013-02-17,-2.05999995395541,3.44999992288649,0.694999984465539,2013,2,2013
47.4833,9.66667,2013-02-18,-3.10999993048608,2.4699999447912,-0.319999992847443,2013,2,2013
47.4833,9.66667,2013-02-19,-7.10999984107912,2.55999994277954,-2.27499994914979,2013,2,2013
47.4833,9.66667,2013-02-20,-7.91999982297421,3.85999991372228,-2.02999995462596,2013,2,2013
47.4833,9.66667,2013-02-21,-4.58999989740551,0.139999996870756,-2.22499995026737,2013,2,2013
47.4833,9.66667,2013-02-22,-6.51999985426664,-2.52999994345009,-4.52499989885837,2013,2,2013
47.4833,9.66667,2013-02-23,-9.05999979749322,-4.32999990321696,-6.69499985035509,2013,2,2013
47.4833,9.66667,2013-02-24,-10.6599997617304,-3.44999992288649,-7.05499984230846,2013,2,2013
47.4833,9.66667,2013-02-25,-9.1299997959286,-2.4699999447912,-5.7999998703599,2013,2,2013
47.4833,9.66667,2013-02-26,-11.4699997436255,0.159999996423721,-5.6549998736009,2013,2,2013
47.4833,9.66667,2013-02-27,-9.33999979123473,0.34999999217689,-4.49499989952892,2013,2,2013
47.4833,9.66667,2013-02-28,-3.18999992869794,2.67999994009733,-0.254999994300306,2013,2,2013
47.4833,9.66667,2013-03-01,-1.78999995999038,3.70999991707504,0.959999978542328,2013,3,2013
47.4833,9.66667,2013-03-02,-2.30999994836748,2.75999993830919,0.224999994970858,2013,3,2013
47.4833,9.66667,2013-03-03,-1.56999996490777,1.1499999742955,-0.209999995306134,2013,3,2013
47.4833,9.66667,2013-03-04,-4.1899999063462,4.38999990187585,0.0999999977648258,2013,3,2013
47.4833,9.66667,2013-03-05,-5.66999987326562,7.69999982789159,1.01499997731298,2013,3,2013
47.4833,9.66667,2013-03-06,-2.43999994546175,12.4499997217208,5.00499988812953,2013,3,2013
47.4833,9.66667,2013-03-07,3.04999993182719,14.7299996707588,8.88999980129302,2013,3,2013
47.4833,9.66667,2013-03-08,2.94999993406236,13.5899996962398,8.2699998151511,2013,3,2013
47.4833,9.66667,2013-03-09,2.6999999396503,15.5099996533245,9.10499979648739,2013,3,2013
47.4833,9.66667,2013-03-10,4.82999989204109,11.5899997409433,8.2099998164922,2013,3,2013
47.4833,9.66667,2013-03-11,3.71999991685152,11.6199997402728,7.66999982856214,2013,3,2013
47.4833,9.66667,2013-03-12,1.74999996088445,8.69999980553985,5.22499988321215,2013,3,2013
47.4833,9.66667,2013-03-13,0.459999989718199,9.48999978788197,4.97499988880008,2013,3,2013
47.4833,9.66667,2013-03-14,-3.14999992959201,3.50999992154539,0.179999995976686,2013,3,2013
47.4833,9.66667,2013-03-15,-6.28999985940754,-1.4899999666959,-3.88999991305172,2013,3,2013
47.4833,9.66667,2013-03-16,-7.17999983951449,-0.529999988153577,-3.85499991383404,2013,3,2013
47.4833,9.66667,2013-03-17,-7.86999982409179,7.1199998408556,-0.374999991618097,2013,3,2013
47.4833,9.66667,2013-03-18,0.439999990165234,10.1299997735769,5.28499988187104,2013,3,2013
47.4833,9.66667,2013-03-19,1.59999996423721,6.21999986097217,3.90999991260469,2013,3,2013
47.4833,9.66667,2013-03-20,-0.61999998614192,7.54999983124435,3.46499992255121,2013,3,2013
47.4833,9.66667,2013-03-21,-0.979999978095293,10.2599997706711,4.63999989628792,2013,3,2013
47.4833,9.66667,2013-03-22,0.149999996647239,6.21999986097217,3.1849999288097,2013,3,2013
47.4833,9.66667,2013-03-23,-0.569999987259507,11.3899997454137,5.40999987907708,2013,3,2013
47.4833,9.66667,2013-03-24,-0.299999993294477,6.61999985203147,3.1599999293685,2013,3,2013
47.4833,9.66667,2013-03-25,-1.30999997071922,3.17999992892146,0.934999979101121,2013,3,2013
47.4833,9.66667,2013-03-26,-2.67999994009733,-0.119999997317791,-1.39999996870756,2013,3,2013
47.4833,9.66667,2013-03-27,-4.46999990008771,-2.27999994903803,-3.37499992456287,2013,3,2013
47.4833,9.66667,2013-03-28,-5.12999988533556,1.84999995864928,-1.63999996334314,2013,3,2013
47.4833,9.66667,2013-03-29,-4.08999990858138,6.26999985985458,1.0899999756366,2013,3,2013
47.4833,9.66667,2013-03-30,-0.319999992847443,4.17999990656972,1.92999995686114,2013,3,2013
47.4833,9.66667,2013-03-31,-0.0799999982118607,4.26999990455806,2.0949999531731,2013,3,2013
47.4833,9.66667,2013-04-01,-2.21999995037913,1.63999996334314,-0.289999993517995,2013,4,2013
47.4833,9.66667,2013-04-02,-3.7899999152869,4.97999988868833,0.594999986700714,2013,4,2013
47.4833,9.66667,2013-04-03,-1.15999997407198,3.40999992378056,1.12499997485429,2013,4,2013
47.4833,9.66667,2013-04-04,0.61999998614192,5.88999986834824,3.25499992724508,2013,4,2013
47.4833,9.66667,2013-04-05,-0.679999984800816,8.67999980598688,3.99999991059303,2013,4,2013
47.4833,9.66667,2013-04-06,0.779999982565641,3.23999992758036,2.009999955073,2013,4,2013
47.4833,9.66667,2013-04-07,1.26999997161329,4.82999989204109,3.04999993182719,2013,4,2013
47.4833,9.66667,2013-04-08,-0.26999999396503,4.72999989427626,2.22999995015562,2013,4,2013
47.4833,9.66667,2013-04-09,-1.46999996714294,7.29999983683228,2.91499993484467,2013,4,2013
47.4833,9.66667,2013-04-10,1.69999996200204,10.0899997744709,5.89499986823648,2013,4,2013
47.4833,9.66667,2013-04-11,4.62999989651144,12.4699997212738,8.54999980889261,2013,4,2013
47.4833,9.66667,2013-04-12,5.57999987527728,15.7499996479601,10.6649997616187,2013,4,2013
47.4833,9.66667,2013-04-13,5.78999987058342,13.4799996986985,9.63499978464097,2013,4,2013
47.4833,9.66667,2013-04-14,4.4799998998642,14.5299996752292,9.50499978754669,2013,4,2013
47.4833,9.66667,2013-04-15,5.58999987505376,21.0999995283782,13.344999701716,2013,4,2013
47.4833,9.66667,2013-04-16,7.29999983683228,22.7299994919449,15.0149996643886,2013,4,2013
47.4833,9.66667,2013-04-17,10.7999997586012,20.7799995355308,15.789999647066,2013,4,2013
47.4833,9.66667,2013-04-18,9.97999977692962,22.5099994968623,16.244999636896,2013,4,2013
47.4833,9.66667,2013-04-19,10.5099997650832,23.2599994800985,16.8849996225908,2013,4,2013
47.4833,9.66667,2013-04-20,0.34999999217689,12.7399997152388,6.54499985370785,2013,4,2013
47.4833,9.66667,2013-04-21,0.159999996423721,6.97999984398484,3.56999992020428,2013,4,2013
47.4833,9.66667,2013-04-22,5.0499998871237,9.50999978743494,7.27999983727932,2013,4,2013
47.4833,9.66667,2013-04-23,6.50999985449016,10.5999997630715,8.55499980878085,2013,4,2013
47.4833,9.66667,2013-04-24,6.18999986164272,15.1399996615946,10.6649997616187,2013,4,2013
47.4833,9.66667,2013-04-25,4.77999989315867,20.2699995469302,12.5249997200444,2013,4,2013
47.4833,9.66667,2013-04-26,7.50999983213842,22.5399994961917,15.0249996641651,2013,4,2013
47.4833,9.66667,2013-04-27,9.17999979481101,21.9899995084852,15.5849996516481,2013,4,2013
47.4833,9.66667,2013-04-28,5.78999987058342,15.1599996611476,10.4749997658655,2013,4,2013
47.4833,9.66667,2013-04-29,5.28999988175929,11.1499997507781,8.21999981626868,2013,4,2013
47.4833,9.66667,2013-04-30,6.96999984420836,11.9299997333437,9.44999978877604,2013,4,2013
47.4833,9.66667,2013-05-01,7.18999983929098,13.9199996888638,10.5549997640774,2013,5,NA
47.4833,9.66667,2013-05-02,7.99999982118607,20.3999995440245,14.1999996826053,2013,5,NA
47.4833,9.66667,2013-05-03,10.31999976933,19.9399995543063,15.1299996618181,2013,5,NA
47.4833,9.66667,2013-05-04,8.08999981917441,15.9299996439368,12.0099997315556,2013,5,NA
47.4833,9.66667,2013-05-05,8.33999981358647,14.8199996687472,11.5799997411668,2013,5,NA
47.4833,9.66667,2013-05-06,6.55999985337257,19.0599995739758,12.8099997136742,2013,5,NA
47.4833,9.66667,2013-05-07,7.29999983683228,18.4099995885044,12.8549997126684,2013,5,NA
47.4833,9.66667,2013-05-08,10.2399997711182,16.8699996229261,13.5549996970221,2013,5,NA
47.4833,9.66667,2013-05-09,7.64999982900918,21.4599995203316,14.5549996746704,2013,5,NA
47.4833,9.66667,2013-05-10,11.76999973692,20.09999955073,15.934999643825,2013,5,NA
47.4833,9.66667,2013-05-11,8.84999980218709,13.1299997065216,10.9899997543544,2013,5,NA
47.4833,9.66667,2013-05-12,7.84999982453883,12.3099997248501,10.0799997746944,2013,5,NA
47.4833,9.66667,2013-05-13,6.14999986253679,10.9899997543544,8.56999980844557,2013,5,NA
47.4833,9.66667,2013-05-14,5.37999987974763,14.2299996819347,9.80499978084117,2013,5,NA
47.4833,9.66667,2013-05-15,7.06999984197319,19.1599995717406,13.1149997068569,2013,5,NA
47.4833,9.66667,2013-05-16,9.30999979190528,20.3199995458126,14.8149996688589,2013,5,NA
47.4833,9.66667,2013-05-17,9.09999979659915,17.0499996189028,13.074999707751,2013,5,NA
47.4833,9.66667,2013-05-18,7.78999982587993,13.3699997011572,10.5799997635186,2013,5,NA
47.4833,9.66667,2013-05-19,7.5199998319149,20.2799995467067,13.8999996893108,2013,5,NA
47.4833,9.66667,2013-05-20,7.17999983951449,14.8399996683002,11.0099997539073,2013,5,NA
47.4833,9.66667,2013-05-21,7.08999984152615,14.7999996691942,10.9449997553602,2013,5,NA
47.4833,9.66667,2013-05-22,6.7199998497963,11.7999997362494,9.25999979302287,2013,5,NA
47.4833,9.66667,2013-05-23,6.05999986454844,9.43999978899956,7.749999826774,2013,5,NA
47.4833,9.66667,2013-05-24,3.80999991483986,13.0399997085333,8.42499981168658,2013,5,NA
47.4833,9.66667,2013-05-25,2.14999995194376,7.02999984286726,4.58999989740551,2013,5,NA
47.4833,9.66667,2013-05-26,2.009999955073,8.81999980285764,5.41499987896532,2013,5,NA
47.4833,9.66667,2013-05-27,4.06999990902841,8.48999981023371,6.27999985963106,2013,5,NA
47.4833,9.66667,2013-05-28,5.00999988801777,15.809999646619,10.4099997673184,2013,5,NA
47.4833,9.66667,2013-05-29,5.92999986745417,20.63999953866,13.2849997030571,2013,5,NA
47.4833,9.66667,2013-05-30,4.36999990232289,11.1499997507781,7.75999982655048,2013,5,NA
47.4833,9.66667,2013-05-31,5.65999987348914,10.8399997577071,8.24999981559813,2013,5,NA
47.4833,9.66667,2013-06-01,6.27999985963106,8.69999980553985,7.48999983258545,2013,6,NA
47.4833,9.66667,2013-06-02,7.60999982990324,11.8099997360259,9.70999978296459,2013,6,NA
47.4833,9.66667,2013-06-03,7.83999982476234,12.369999723509,10.1049997741356,2013,6,NA
47.4833,9.66667,2013-06-04,5.77999987080693,11.8799997344613,8.82999980263412,2013,6,NA
47.4833,9.66667,2013-06-05,4.34999990276992,18.4199995882809,11.3849997455254,2013,6,NA
47.4833,9.66667,2013-06-06,6.77999984845519,21.799999512732,14.2899996805936,2013,6,NA
47.4833,9.66667,2013-06-07,8.73999980464578,22.7599994912744,15.7499996479601,2013,6,NA
47.4833,9.66667,2013-06-08,9.48999978788197,23.4099994767457,16.4499996323138,2013,6,NA
47.4833,9.66667,2013-06-09,10.6899997610599,25.279999434948,17.9849995980039,2013,6,NA
47.4833,9.66667,2013-06-10,12.1599997282028,19.7499995585531,15.954999643378,2013,6,NA
47.4833,9.66667,2013-06-11,10.1699997726828,15.3999996557832,12.784999714233,2013,6,NA
47.4833,9.66667,2013-06-12,10.3299997691065,16.7999996244907,13.5649996967986,2013,6,NA
47.4833,9.66667,2013-06-13,8.93999980017543,22.0499995071441,15.4949996536598,2013,6,NA
47.4833,9.66667,2013-06-14,11.1099997516721,26.4099994096905,18.7599995806813,2013,6,NA
47.4833,9.66667,2013-06-15,11.209999749437,17.3899996113032,14.2999996803701,2013,6,NA
47.4833,9.66667,2013-06-16,11.9799997322261,24.699999447912,18.3399995900691,2013,6,NA
47.4833,9.66667,2013-06-17,14.2299996819347,25.839999422431,20.0349995521829,2013,6,NA
47.4833,9.66667,2013-06-18,15.7999996468425,32.7699992675334,24.284999457188,2013,6,NA
47.4833,9.66667,2013-06-19,17.0199996195734,33.4099992532283,25.2149994364008,2013,6,NA
47.4833,9.66667,2013-06-20,18.2299995925277,31.8599992878735,25.0449994402006,2013,6,NA
47.4833,9.66667,2013-06-21,13.9999996870756,28.1999993696809,21.0999995283782,2013,6,NA
47.4833,9.66667,2013-06-22,13.4999996982515,20.8899995330721,17.1949996156618,2013,6,NA
47.4833,9.66667,2013-06-23,13.1199997067451,20.369999544695,16.7449996257201,2013,6,NA
47.4833,9.66667,2013-06-24,10.7799997590482,16.8699996229261,13.8249996909872,2013,6,NA
47.4833,9.66667,2013-06-25,9.71999978274107,13.1499997060746,11.4349997444078,2013,6,NA
47.4833,9.66667,2013-06-26,8.75999980419874,13.3199997022748,11.0399997532368,2013,6,NA
47.4833,9.66667,2013-06-27,8.28999981470406,14.8299996685237,11.5599997416139,2013,6,NA
47.4833,9.66667,2013-06-28,7.82999982498586,13.1899997051805,10.5099997650832,2013,6,NA
47.4833,9.66667,2013-06-29,6.62999985180795,15.6499996501952,11.1399997510016,2013,6,NA
47.4833,9.66667,2013-06-30,9.05999979749322,12.639999717474,10.8499997574836,2013,6,NA
47.4833,9.66667,2013-07-01,10.1899997722358,19.2699995692819,14.7299996707588,2013,7,NA
47.4833,9.66667,2013-07-02,9.03999979794025,22.7499994914979,15.8949996447191,2013,7,NA
47.4833,9.66667,2013-07-03,12.7099997159094,25.1799994371831,18.9449995765463,2013,7,NA
47.4833,9.66667,2013-07-04,14.2499996814877,17.8499996010214,16.0499996412545,2013,7,NA
47.4833,9.66667,2013-07-05,14.3099996801466,20.8499995339662,17.5799996070564,2013,7,NA
47.4833,9.66667,2013-07-06,14.9499996658415,22.2899995017797,18.6199995838106,2013,7,NA
47.4833,9.66667,2013-07-07,13.5499996971339,24.8499994445592,19.1999995708466,2013,7,NA
47.4833,9.66667,2013-07-08,13.9099996890873,25.0699994396418,19.4899995643646,2013,7,NA
47.4833,9.66667,2013-07-09,15.0499996636063,25.3499994333833,20.1999995484948,2013,7,NA
47.4833,9.66667,2013-07-10,14.7499996703118,25.3799994327128,20.0649995515123,2013,7,NA
47.4833,9.66667,2013-07-11,14.899999666959,25.569999428466,20.2349995477125,2013,7,NA
47.4833,9.66667,2013-07-12,12.9199997112155,21.9999995082617,17.4599996097386,2013,7,NA
47.4833,9.66667,2013-07-13,10.5999997630715,22.8999994881451,16.7499996256083,2013,7,NA
47.4833,9.66667,2013-07-14,10.8899997565895,24.3799994550645,17.634999605827,2013,7,NA
47.4833,9.66667,2013-07-15,11.6199997402728,25.0099994409829,18.3149995906278,2013,7,NA
47.4833,9.66667,2013-07-16,13.0999997071922,25.4599994309247,19.2799995690584,2013,7,NA
47.4833,9.66667,2013-07-17,11.9899997320026,26.6199994049966,19.3049995684996,2013,7,NA
47.4833,9.66667,2013-07-18,13.5699996966869,27.1799993924797,20.3749995445833,2013,7,NA
47.4833,9.66667,2013-07-19,15.2899996582419,27.3299993891269,21.3099995236844,2013,7,NA
47.4833,9.66667,2013-07-20,13.779999691993,26.5899994056672,20.1849995488301,2013,7,NA
47.4833,9.66667,2013-07-21,14.1099996846169,27.7699993792921,20.9399995319545,2013,7,NA
47.4833,9.66667,2013-07-22,15.0699996631593,28.2599993683398,21.6649995157495,2013,7,NA
47.4833,9.66667,2013-07-23,15.5099996533245,28.9399993531406,22.2249995032325,2013,7,NA
47.4833,9.66667,2013-07-24,15.8499996457249,29.4299993421882,22.6399994939566,2013,7,NA
47.4833,9.66667,2013-07-25,15.0899996627122,24.0199994631112,19.5549995629117,2013,7,NA
47.4833,9.66667,2013-07-26,15.5099996533245,28.1999993696809,21.8549995115027,2013,7,NA
47.4833,9.66667,2013-07-27,16.8899996224791,31.2999993003905,24.0949994614348,2013,7,NA
47.4833,9.66667,2013-07-28,18.0299995969981,33.6699992474169,25.8499994222075,2013,7,NA
47.4833,9.66667,2013-07-29,17.6999996043742,34.7399992235005,26.2199994139373,2013,7,NA
47.4833,9.66667,2013-07-30,13.5199996978045,19.3099995683879,16.4149996330962,2013,7,NA
47.4833,9.66667,2013-07-31,13.5999996960163,22.7699994910508,18.1849995935336,2013,7,NA
47.4833,9.66667,2013-08-01,14.0999996848404,25.9199994206429,20.0099995527416,2013,8,NA
47.4833,9.66667,2013-08-02,13.8199996910989,29.6399993374944,21.7299995142967,2013,8,NA
47.4833,9.66667,2013-08-03,16.2699996363372,31.8399992883205,24.0549994623289,2013,8,NA
47.4833,9.66667,2013-08-04,16.7799996249378,29.009999351576,22.8949994882569,2013,8,NA
47.4833,9.66667,2013-08-05,15.6099996510893,25.7499994244426,20.679999537766,2013,8,NA
47.4833,9.66667,2013-08-06,15.5799996517599,29.7899993341416,22.6849994929507,2013,8,NA
47.4833,9.66667,2013-08-07,15.6399996504188,30.0399993285537,22.8399994894862,2013,8,NA
47.4833,9.66667,2013-08-08,15.5099996533245,24.6299994494766,20.0699995514005,2013,8,NA
47.4833,9.66667,2013-08-09,16.0499996412545,20.4599995426834,18.254999591969,2013,8,NA
47.4833,9.66667,2013-08-10,12.1399997286499,17.3099996130913,14.7249996708706,2013,8,NA
47.4833,9.66667,2013-08-11,10.9299997556955,22.5799994952977,16.7549996254966,2013,8,NA
47.4833,9.66667,2013-08-12,13.2899997029454,22.7399994917214,18.0149995973334,2013,8,NA
47.4833,9.66667,2013-08-13,13.6999996937811,24.0499994624406,18.8749995781109,2013,8,NA
47.4833,9.66667,2013-08-14,14.1699996832758,21.1299995277077,17.6499996054918,2013,8,NA
47.4833,9.66667,2013-08-15,11.9899997320026,19.9999995529652,15.9949996424839,2013,8,NA
47.4833,9.66667,2013-08-16,10.0099997762591,22.5499994959682,16.2799996361136,2013,8,NA
47.4833,9.66667,2013-08-17,10.9499997552484,25.3399994336069,18.1449995944276,2013,8,NA
47.4833,9.66667,2013-08-18,14.4299996774644,26.5599994063377,20.4949995419011,2013,8,NA
47.4833,9.66667,2013-08-19,14.7599996700883,26.9099993985146,20.8349995343015,2013,8,NA
47.4833,9.66667,2013-08-20,13.6499996948987,20.2599995471537,16.9549996210262,2013,8,NA
47.4833,9.66667,2013-08-21,10.6199997626245,19.6899995598942,15.1549996612594,2013,8,NA
47.4833,9.66667,2013-08-22,9.07999979704618,21.9699995089322,15.5249996529892,2013,8,NA
47.4833,9.66667,2013-08-23,9.54999978654087,23.1299994830042,16.3399996347725,2013,8,NA
47.4833,9.66667,2013-08-24,11.9899997320026,23.2899994794279,17.6399996057153,2013,8,NA
47.4833,9.66667,2013-08-25,12.3399997241795,22.1599995046854,17.2499996144325,2013,8,NA
47.4833,9.66667,2013-08-26,12.1399997286499,16.2499996367842,14.194999682717,2013,8,NA
47.4833,9.66667,2013-08-27,11.4099997449666,18.7899995800108,15.0999996624887,2013,8,NA
47.4833,9.66667,2013-08-28,11.6999997384846,17.6299996059388,14.6649996722117,2013,8,NA
47.4833,9.66667,2013-08-29,11.0699997525662,17.489999609068,14.2799996808171,2013,8,NA
47.4833,9.66667,2013-08-30,8.80999980308115,20.8499995339662,14.8299996685237,2013,8,NA
47.4833,9.66667,2013-08-31,9.28999979235232,22.1199995055795,15.7049996489659,2013,8,NA
47.4833,9.66667,2013-09-01,11.9299997333437,22.4499994982034,17.1899996157736,2013,9,NA
47.4833,9.66667,2013-09-02,10.2699997704476,18.7999995797873,14.5349996751174,2013,9,NA
47.4833,9.66667,2013-09-03,9.36999979056418,19.519999563694,14.4449996771291,2013,9,NA
47.4833,9.66667,2013-09-04,9.91999977827072,23.9899994637817,16.9549996210262,2013,9,NA
47.4833,9.66667,2013-09-05,11.6999997384846,25.5099994298071,18.6049995841458,2013,9,NA
47.4833,9.66667,2013-09-06,12.8799997121096,26.1699994150549,19.5249995635822,2013,9,NA
47.4833,9.66667,2013-09-07,13.75999969244,26.4999994076788,20.1299995500594,2013,9,NA
47.4833,9.66667,2013-09-08,14.5999996736646,25.6599994264543,20.1299995500594,2013,9,NA
47.4833,9.66667,2013-09-09,13.5399996973574,19.4299995657057,16.4849996315315,2013,9,NA
47.4833,9.66667,2013-09-10,9.77999978139997,17.3499996121973,13.5649996967986,2013,9,NA
47.4833,9.66667,2013-09-11,8.95999979972839,14.089999685064,11.5249997423962,2013,9,NA
47.4833,9.66667,2013-09-12,7.83999982476234,14.0599996857345,10.9499997552484,2013,9,NA
47.4833,9.66667,2013-09-13,9.08999979682267,12.079999729991,10.5849997634068,2013,9,NA
47.4833,9.66667,2013-09-14,8.91999980062246,15.499999653548,12.2099997270852,2013,9,NA
47.4833,9.66667,2013-09-15,9.86999977938831,18.3199995905161,14.0949996849522,2013,9,NA
47.4833,9.66667,2013-09-16,12.4399997219443,17.4799996092916,14.9599996656179,2013,9,NA
47.4833,9.66667,2013-09-17,7.90999982319772,13.1499997060746,10.5299997646362,2013,9,NA
47.4833,9.66667,2013-09-18,6.10999986343086,11.6699997391552,8.88999980129302,2013,9,NA
47.4833,9.66667,2013-09-19,8.05999981984496,17.9699995983392,13.0149997090921,2013,9,NA
47.4833,9.66667,2013-09-20,8.12999981828034,13.5299996975809,10.8299997579306,2013,9,NA
47.4833,9.66667,2013-09-21,8.61999980732799,15.9699996430427,12.2949997251853,2013,9,NA
47.4833,9.66667,2013-09-22,7.67999982833862,17.7299996037036,12.7049997160211,2013,9,NA
47.4833,9.66667,2013-09-23,6.40999985672534,17.6199996061623,12.0149997314438,2013,9,NA
47.4833,9.66667,2013-09-24,6.17999986186624,19.2799995690584,12.7299997154623,2013,9,NA
47.4833,9.66667,2013-09-25,6.66999985091388,19.249999569729,12.9599997103214,2013,9,NA
47.4833,9.66667,2013-09-26,8.65999980643392,21.3899995218962,15.0249996641651,2013,9,NA
47.4833,9.66667,2013-09-27,13.2299997042865,17.7699996028095,15.499999653548,2013,9,NA
47.4833,9.66667,2013-09-28,12.9499997105449,19.4099995661527,16.1799996383488,2013,9,NA
47.4833,9.66667,2013-09-29,12.0999997295439,19.209999570623,15.6549996500835,2013,9,NA
47.4833,9.66667,2013-09-30,10.7799997590482,14.919999666512,12.8499997127801,2013,9,NA
47.4833,9.66667,2013-10-01,9.5299997869879,10.919999755919,10.2249997714534,2013,10,2014
47.4833,9.66667,2013-10-02,7.96999982185662,13.5899996962398,10.7799997590482,2013,10,2014
47.4833,9.66667,2013-10-03,7.06999984197319,14.1199996843934,10.5949997631833,2013,10,2014
47.4833,9.66667,2013-10-04,6.00999986566603,15.2499996591359,10.629999762401,2013,10,2014
47.4833,9.66667,2013-10-05,10.1199997738004,18.5199995860457,14.3199996799231,2013,10,2014
47.4833,9.66667,2013-10-06,11.5999997407198,18.1199995949864,14.8599996678531,2013,10,2014
47.4833,9.66667,2013-10-07,10.3699997682124,15.1699996609241,12.7699997145683,2013,10,2014
47.4833,9.66667,2013-10-08,10.8199997581542,13.3499997016042,12.0849997298792,2013,10,2014
47.4833,9.66667,2013-10-09,10.879999756813,12.9399997107685,11.9099997337908,2013,10,2014
47.4833,9.66667,2013-10-10,10.4599997662008,13.2299997042865,11.8449997352436,2013,10,2014
47.4833,9.66667,2013-10-11,1.57999996468425,11.7599997371435,6.66999985091388,2013,10,2014
47.4833,9.66667,2013-10-12,0.639999985694885,8.29999981448054,4.46999990008771,2013,10,2014
47.4833,9.66667,2013-10-13,1.66999996267259,8.97999979928136,5.32499988097697,2013,10,2014
47.4833,9.66667,2013-10-14,4.16999990679324,13.1499997060746,8.65999980643392,2013,10,2014
47.4833,9.66667,2013-10-15,5.58999987505376,14.9699996653944,10.2799997702241,2013,10,2014
47.4833,9.66667,2013-10-16,6.83999984711409,14.9499996658415,10.8949997564778,2013,10,2014
47.4833,9.66667,2013-10-17,6.09999986365438,13.0099997092038,9.55499978642911,2013,10,2014
47.4833,9.66667,2013-10-18,6.73999984934926,15.4299996551126,11.0849997522309,2013,10,2014
47.4833,9.66667,2013-10-19,4.43999990075827,15.8199996463954,10.1299997735769,2013,10,2014
47.4833,9.66667,2013-10-20,4.8799998909235,19.1799995712936,12.0299997311085,2013,10,2014
47.4833,9.66667,2013-10-21,9.66999978385866,18.0499995965511,13.8599996902049,2013,10,2014
47.4833,9.66667,2013-10-22,8.54999980889261,18.9699995759875,13.75999969244,2013,10,2014
47.4833,9.66667,2013-10-23,9.97999977692962,23.2099994812161,16.5949996290728,2013,10,2014
47.4833,9.66667,2013-10-24,10.7999997586012,20.6199995391071,15.7099996488541,2013,10,2014
47.4833,9.66667,2013-10-25,7.52999983169138,17.0299996193498,12.2799997255206,2013,10,2014
47.4833,9.66667,2013-10-26,7.2899998370558,17.7899996023625,12.5399997197092,2013,10,2014
47.4833,9.66667,2013-10-27,8.80999980308115,19.789999557659,14.2999996803701,2013,10,2014
47.4833,9.66667,2013-10-28,9.50999978743494,17.3999996110797,13.4549996992573,2013,10,2014
47.4833,9.66667,2013-10-29,10.1499997731298,22.3899994995445,16.2699996363372,2013,10,2014
47.4833,9.66667,2013-10-30,7.61999982967973,12.2499997261912,9.93499977793545,2013,10,2014
47.4833,9.66667,2013-10-31,5.22999988310039,11.3299997467548,8.27999981492758,2013,10,2014
47.4833,9.66667,2013-11-01,3.41999992355704,9.0699997972697,6.24499986041337,2013,11,2014
47.4833,9.66667,2013-11-02,4.61999989673495,12.1499997284263,8.38499981258065,2013,11,2014
47.4833,9.66667,2013-11-03,7.56999983079731,17.0799996182323,12.3249997245148,2013,11,2014
47.4833,9.66667,2013-11-04,3.53999992087483,12.4699997212738,8.00499982107431,2013,11,2014
47.4833,9.66667,2013-11-05,3.67999991774559,11.5699997413903,7.62499982956797,2013,11,2014
47.4833,9.66667,2013-11-06,3.81999991461635,8.38999981246889,6.10499986354262,2013,11,2014
47.4833,9.66667,2013-11-07,5.86999986879528,11.209999749437,8.53999980911613,2013,11,2014
47.4833,9.66667,2013-11-08,6.94999984465539,15.6799996495247,11.31499974709,2013,11,2014
47.4833,9.66667,2013-11-09,5.95999986678362,17.239999614656,11.5999997407198,2013,11,2014
47.4833,9.66667,2013-11-10,2.50999994389713,8.68999980576336,5.59999987483025,2013,11,2014
47.4833,9.66667,2013-11-11,1.57999996468425,8.00999982096255,4.7949998928234,2013,11,2014
47.4833,9.66667,2013-11-12,-0.739999983459711,5.52999987639487,2.39499994646758,2013,11,2014
47.4833,9.66667,2013-11-13,-2.64999994076788,3.83999991416931,0.594999986700714,2013,11,2014
47.4833,9.66667,2013-11-14,-0.369999991729856,4.50999989919364,2.06999995373189,2013,11,2014
47.4833,9.66667,2013-11-15,1.51999996602535,3.53999992087483,2.52999994345009,2013,11,2014
47.4833,9.66667,2013-11-16,0.299999993294477,3.97999991104007,2.13999995216727,2013,11,2014
47.4833,9.66667,2013-11-17,0.629999985918403,3.44999992288649,2.03999995440245,2013,11,2014
47.4833,9.66667,2013-11-18,1.32999997027218,4.03999990969896,2.68499993998557,2013,11,2014
47.4833,9.66667,2013-11-19,0.0199999995529652,7.04999984242022,3.53499992098659,2013,11,2014
47.4833,9.66667,2013-11-20,0.749999983236194,5.45999987795949,3.10499993059784,2013,11,2014
47.4833,9.66667,2013-11-21,0.88999998010695,3.21999992802739,2.05499995406717,2013,11,2014
47.4833,9.66667,2013-11-22,-0.459999989718199,3.10999993048608,1.32499997038394,2013,11,2014
47.4833,9.66667,2013-11-23,-0.639999985694885,2.73999993875623,1.04999997653067,2013,11,2014
47.4833,9.66667,2013-11-24,-0.239999994635582,2.72999993897974,1.24499997217208,2013,11,2014
47.4833,9.66667,2013-11-25,0.96999997831881,3.33999992534518,2.154999951832,2013,11,2014
47.4833,9.66667,2013-11-26,-4.33999990299344,1.28999997116625,-1.52499996591359,2013,11,2014
47.4833,9.66667,2013-11-27,-5.17999988421798,-0.709999984130263,-2.94499993417412,2013,11,2014
47.4833,9.66667,2013-11-28,-8.31999981403351,-1.6099999640137,-4.9649998890236,2013,11,2014
47.4833,9.66667,2013-11-29,-8.45999981090426,-1.13999997451901,-4.79999989271164,2013,11,2014
47.4833,9.66667,2013-11-30,-4.21999990567565,2.50999994389713,-0.854999980889261,2013,11,2014
47.4833,9.66667,2013-12-01,-5.54999987594783,2.25999994948506,-1.64499996323138,2013,12,2014
47.4833,9.66667,2013-12-02,-7.99999982118607,0.919999979436398,-3.53999992087483,2013,12,2014
47.4833,9.66667,2013-12-03,-6.98999984376132,2.01999995484948,-2.48499994445592,2013,12,2014
47.4833,9.66667,2013-12-04,-7.03999984264374,1.51999996602535,-2.75999993830919,2013,12,2014
47.4833,9.66667,2013-12-05,-4.79999989271164,5.09999988600612,0.149999996647239,2013,12,2014
47.4833,9.66667,2013-12-06,-3.36999992467463,4.08999990858138,0.359999991953373,2013,12,2014
47.4833,9.66667,2013-12-07,-0.329999992623925,4.14999990724027,1.90999995730817,2013,12,2014
47.4833,9.66667,2013-12-08,-2.27999994903803,3.47999992221594,0.599999986588955,2013,12,2014
47.4833,9.66667,2013-12-09,-4.37999990209937,3.81999991461635,-0.279999993741512,2013,12,2014
47.4833,9.66667,2013-12-10,-4.23999990522861,5.08999988622963,0.42499999050051,2013,12,2014
47.4833,9.66667,2013-12-11,-3.3899999242276,5.30999988131225,0.959999978542328,2013,12,2014
47.4833,9.66667,2013-12-12,-4.04999990947545,3.31999992579222,-0.364999991841614,2013,12,2014
47.4833,9.66667,2013-12-13,-5.12999988533556,1.38999996893108,-1.86999995820224,2013,12,2014
47.4833,9.66667,2013-12-14,-5.52999987639487,0.34999999217689,-2.58999994210899,2013,12,2014
47.4833,9.66667,2013-12-15,-5.36999987997115,3.10999993048608,-1.12999997474253,2013,12,2014
47.4833,9.66667,2013-12-16,-3.14999992959201,5.01999988779426,0.934999979101121,2013,12,2014
47.4833,9.66667,2013-12-17,-1.7799999602139,5.51999987661839,1.86999995820224,2013,12,2014
47.4833,9.66667,2013-12-18,-3.53999992087483,6.54999985359609,1.50499996636063,2013,12,2014
47.4833,9.66667,2013-12-19,-3.2699999269098,4.66999989561737,0.699999984353781,2013,12,2014
47.4833,9.66667,2013-12-20,-3.0999999307096,7.53999983146787,2.21999995037913,2013,12,2014
47.4833,9.66667,2013-12-21,-0.559999987483025,4.76999989338219,2.10499995294958,2013,12,2014
47.4833,9.66667,2013-12-22,-2.71999993920326,3.70999991707504,0.494999988935888,2013,12,2014
47.4833,9.66667,2013-12-23,-0.479999989271164,10.7699997592717,5.14499988500029,2013,12,2014
47.4833,9.66667,2013-12-24,0.319999992847443,11.2399997487664,5.77999987080693,2013,12,2014
47.4833,9.66667,2013-12-25,1.82999995909631,13.5799996964633,7.70499982777983,2013,12,2014
47.4833,9.66667,2013-12-26,3.21999992802739,14.3099996801466,8.76499980408698,2013,12,2014
47.4833,9.66667,2013-12-27,0.469999989494681,4.11999990791082,2.29499994870275,2013,12,2014
47.4833,9.66667,2013-12-28,-1.85999995842576,5.59999987483025,1.86999995820224,2013,12,2014
47.4833,9.66667,2013-12-29,-0.749999983236194,8.24999981559813,3.74999991618097,2013,12,2014
47.4833,9.66667,2013-12-30,0.409999990835786,5.61999987438321,3.0149999326095,2013,12,2014
47.4833,9.66667,2013-12-31,-3.58999991975725,3.87999991327524,0.144999996758997,2013,12,2014
47.4833,9.66667,2014-01-01,-4.36999990232289,3.46999992243946,-0.449999989941716,2014,1,2014
47.4833,9.66667,2014-01-02,-2.83999993652105,7.06999984197319,2.11499995272607,2014,1,2014
47.4833,9.66667,2014-01-03,-0.989999977871776,7.39999983459711,3.20499992836267,2014,1,2014
47.4833,9.66667,2014-01-04,-0.65999998524785,9.37999979034066,4.35999990254641,2014,1,2014
47.4833,9.66667,2014-01-05,2.97999993339181,8.31999981403351,5.64999987371266,2014,1,2014
47.4833,9.66667,2014-01-06,-0.92999997921288,6.38999985717237,2.72999993897974,2014,1,2014
47.4833,9.66667,2014-01-07,-1.58999996446073,9.86999977938831,4.13999990746379,2014,1,2014
47.4833,9.66667,2014-01-08,2.8699999358505,11.5299997422844,7.19999983906746,2014,1,2014
47.4833,9.66667,2014-01-09,2.66999994032085,11.4199997447431,7.04499984253198,2014,1,2014
47.4833,9.66667,2014-01-10,1.87999995797873,12.2899997252971,7.08499984163791,2014,1,2014
47.4833,9.66667,2014-01-11,1.00999997742474,8.25999981537461,4.63499989639968,2014,1,2014
47.4833,9.66667,2014-01-12,0.949999978765845,7.75999982655048,4.35499990265816,2014,1,2014
47.4833,9.66667,2014-01-13,-0.479999989271164,7.91999982297421,3.71999991685152,2014,1,2014
47.4833,9.66667,2014-01-14,-1.23999997228384,5.85999986901879,2.30999994836748,2014,1,2014
47.4833,9.66667,2014-01-15,0.749999983236194,3.28999992646277,2.01999995484948,2014,1,2014
47.4833,9.66667,2014-01-16,-1.06999997608364,4.58999989740551,1.75999996066093,2014,1,2014
47.4833,9.66667,2014-01-17,1.56999996490777,8.19999981671572,4.88499989081174,2014,1,2014
47.4833,9.66667,2014-01-18,0.179999995976686,5.40999987907708,2.79499993752688,2014,1,2014
47.4833,9.66667,2014-01-19,-1.27999997138977,5.1099998857826,1.91499995719641,2014,1,2014
47.4833,9.66667,2014-01-20,-0.0399999991059303,6.2599998600781,3.10999993048608,2014,1,2014
47.4833,9.66667,2014-01-21,0.34999999217689,4.69999989494681,2.52499994356185,2014,1,2014
47.4833,9.66667,2014-01-22,1.40999996848404,3.50999992154539,2.45999994501472,2014,1,2014
47.4833,9.66667,2014-01-23,-0.989999977871776,4.20999990589917,1.6099999640137,2014,1,2014
47.4833,9.66667,2014-01-24,-2.36999994702637,4.27999990433455,0.954999978654087,2014,1,2014
47.4833,9.66667,2014-01-25,-1.17999997362494,2.61999994143844,0.719999983906746,2014,1,2014
47.4833,9.66667,2014-01-26,-2.4699999447912,3.39999992400408,0.46499998960644,2014,1,2014
47.4833,9.66667,2014-01-27,-0.979999978095293,4.6499998960644,1.83499995898455,2014,1,2014
47.4833,9.66667,2014-01-28,-0.849999981001019,4.44999990053475,1.79999995976686,2014,1,2014
47.4833,9.66667,2014-01-29,-4.37999990209937,3.57999991998076,-0.399999991059303,2014,1,2014
47.4833,9.66667,2014-01-30,-6.16999986208975,3.14999992959201,-1.50999996624887,2014,1,2014
47.4833,9.66667,2014-01-31,-3.84999991394579,1.92999995686114,-0.959999978542328,2014,1,2014
47.4833,9.66667,2014-02-01,-2.75999993830919,5.36999987997115,1.30499997083098,2014,2,2014
47.4833,9.66667,2014-02-02,-2.21999995037913,6.75999984890223,2.26999994926155,2014,2,2014
47.4833,9.66667,2014-02-03,0.379999991506338,2.87999993562698,1.62999996356666,2014,2,2014
47.4833,9.66667,2014-02-04,-0.00999999977648258,4.72999989427626,2.35999994724989,2014,2,2014
47.4833,9.66667,2014-02-05,-0.849999981001019,7.41999983415008,3.28499992657453,2014,2,2014
47.4833,9.66667,2014-02-06,-0.979999978095293,8.59999980777502,3.80999991483986,2014,2,2014
47.4833,9.66667,2014-02-07,1.26999997161329,10.9999997541308,6.13499986287206,2014,2,2014
47.4833,9.66667,2014-02-08,1.15999997407198,11.6099997404963,6.38499985728413,2014,2,2014
47.4833,9.66667,2014-02-09,-0.479999989271164,8.07999981939793,3.79999991506338,2014,2,2014
47.4833,9.66667,2014-02-10,-0.339999992400408,6.62999985180795,3.14499992970377,2014,2,2014
47.4833,9.66667,2014-02-11,0.299999993294477,11.1499997507781,5.72499987203628,2014,2,2014
47.4833,9.66667,2014-02-12,-1.03999997675419,7.24999983794987,3.10499993059784,2014,2,2014
47.4833,9.66667,2014-02-13,-1.61999996379018,6.78999984823167,2.58499994222075,2014,2,2014
47.4833,9.66667,2014-02-14,0.209999995306134,10.2599997706711,5.23499988298863,2014,2,2014
47.4833,9.66667,2014-02-15,-0.189999995753169,7.89999982342124,3.85499991383404,2014,2,2014
47.4833,9.66667,2014-02-16,2.74999993853271,15.1199996620417,8.93499980028719,2014,2,2014
47.4833,9.66667,2014-02-17,2.32999994792044,5.85999986901879,4.09499990846962,2014,2,2014
47.4833,9.66667,2014-02-18,-0.0199999995529652,7.22999983839691,3.60499991942197,2014,2,2014
47.4833,9.66667,2014-02-19,-0.589999986812472,10.0199997760355,4.71499989461154,2014,2,2014
47.4833,9.66667,2014-02-20,2.8699999358505,6.17999986186624,4.52499989885837,2014,2,2014
47.4833,9.66667,2014-02-21,0.779999982565641,9.88999977894127,5.33499988075346,2014,2,2014
47.4833,9.66667,2014-02-22,1.03999997675419,6.81999984756112,3.92999991215765,2014,2,2014
47.4833,9.66667,2014-02-23,0.919999979436398,7.66999982856214,4.29499990399927,2014,2,2014
47.4833,9.66667,2014-02-24,-0.319999992847443,9.19999979436398,4.43999990075827,2014,2,2014
47.4833,9.66667,2014-02-25,-2.47999994456768,11.5899997409433,4.55499989818782,2014,2,2014
47.4833,9.66667,2014-02-26,-0.769999982789159,10.1699997726828,4.69999989494681,2014,2,2014
47.4833,9.66667,2014-02-27,1.05999997630715,12.1599997282028,6.60999985225499,2014,2,2014
47.4833,9.66667,2014-02-28,1.18999997340143,7.23999983817339,4.21499990578741,2014,2,2014
47.4833,9.66667,2014-03-01,1.41999996826053,9.85999977961183,5.63999987393618,2014,3,2014
47.4833,9.66667,2014-03-02,1.04999997653067,4.33999990299344,2.69499993976206,2014,3,2014
47.4833,9.66667,2014-03-03,-0.449999989941716,4.019999910146,1.78499996010214,2014,3,2014
47.4833,9.66667,2014-03-04,-1.39999996870756,7.26999983750284,2.93499993439764,2014,3,2014
47.4833,9.66667,2014-03-05,0.869999980553985,2.91999993473291,1.89499995764345,2014,3,2014
47.4833,9.66667,2014-03-06,1.84999995864928,6.84999984689057,4.34999990276992,2014,3,2014
47.4833,9.66667,2014-03-07,0.319999992847443,8.59999980777502,4.45999990031123,2014,3,2014
47.4833,9.66667,2014-03-08,-1.17999997362494,10.8899997565895,4.85499989148229,2014,3,2014
47.4833,9.66667,2014-03-09,0.339999992400408,13.6699996944517,7.00499984342605,2014,3,2014
47.4833,9.66667,2014-03-10,0.299999993294477,14.5099996756762,7.40499983448535,2014,3,2014
47.4833,9.66667,2014-03-11,-0.0699999984353781,12.9999997094274,6.46499985549599,2014,3,2014
47.4833,9.66667,2014-03-12,0.339999992400408,12.1799997277558,6.2599998600781,2014,3,2014
47.4833,9.66667,2014-03-13,0.249999994412065,13.6699996944517,6.95999984443188,2014,3,2014
47.4833,9.66667,2014-03-14,0.749999983236194,14.7699996698648,7.75999982655048,2014,3,2014
47.4833,9.66667,2014-03-15,1.84999995864928,15.4499996546656,8.64999980665743,2014,3,2014
47.4833,9.66667,2014-03-16,3.82999991439283,12.8399997130036,8.33499981369823,2014,3,2014
47.4833,9.66667,2014-03-17,4.96999988891184,13.0699997078627,9.01999979838729,2014,3,2014
47.4833,9.66667,2014-03-18,3.86999991349876,17.9099995996803,10.8899997565895,2014,3,2014
47.4833,9.66667,2014-03-19,3.01999993249774,18.1899995934218,10.6049997629598,2014,3,2014
47.4833,9.66667,2014-03-20,3.52999992109835,12.9499997105449,8.23999981582165,2014,3,2014
47.4833,9.66667,2014-03-21,2.03999995440245,19.3599995672703,10.6999997608364,2014,3,2014
47.4833,9.66667,2014-03-22,4.98999988846481,19.0999995730817,12.0449997307733,2014,3,2014
47.4833,9.66667,2014-03-23,3.16999992914498,12.9999997094274,8.08499981928617,2014,3,2014
47.4833,9.66667,2014-03-24,0.449999989941716,3.19999992847443,1.82499995920807,2014,3,2014
47.4833,9.66667,2014-03-25,-0.499999988824129,4.99999988824129,2.24999994970858,2014,3,2014
47.4833,9.66667,2014-03-26,-2.50999994389713,6.60999985225499,2.04999995417893,2014,3,2014
47.4833,9.66667,2014-03-27,-2.34999994747341,6.60999985225499,2.12999995239079,2014,3,2014
47.4833,9.66667,2014-03-28,-1.52999996580184,11.5799997411668,5.0249998876825,2014,3,2014
47.4833,9.66667,2014-03-29,0.549999987706542,14.5899996738881,7.56999983079731,2014,3,2014
47.4833,9.66667,2014-03-30,1.59999996423721,17.6399996057153,9.61999978497624,2014,3,2014
47.4833,9.66667,2014-03-31,3.23999992758036,18.7099995817989,10.9749997546896,2014,3,2014
47.4833,9.66667,2014-04-01,3.64999991841614,17.8899996001273,10.7699997592717,2014,4,2014
47.4833,9.66667,2014-04-02,4.97999988868833,18.1999995931983,11.5899997409433,2014,4,2014
47.4833,9.66667,2014-04-03,6.31999985873699,20.1499995496124,13.2349997041747,2014,4,2014
47.4833,9.66667,2014-04-04,7.71999982744455,18.5299995858222,13.1249997066334,2014,4,2014
47.4833,9.66667,2014-04-05,6.96999984420836,16.099999640137,11.5349997421727,2014,4,2014
47.4833,9.66667,2014-04-06,7.06999984197319,12.3399997241795,9.70499978307635,2014,4,2014
47.4833,9.66667,2014-04-07,7.52999983169138,16.6299996282905,12.079999729991,2014,4,2014
47.4833,9.66667,2014-04-08,5.64999987371266,19.8699995558709,12.7599997147918,2014,4,2014
47.4833,9.66667,2014-04-09,7.58999983035028,14.7499996703118,11.169999750331,2014,4,2014
47.4833,9.66667,2014-04-10,4.61999989673495,12.8499997127801,8.73499980475754,2014,4,2014
47.4833,9.66667,2014-04-11,4.00999991036952,14.3299996796995,9.16999979503453,2014,4,2014
47.4833,9.66667,2014-04-12,3.79999991506338,18.4499995876104,11.1249997513369,2014,4,2014
47.4833,9.66667,2014-04-13,7.3499998357147,17.4099996108562,12.3799997232854,2014,4,2014
47.4833,9.66667,2014-04-14,6.69999985024333,16.6999996267259,11.6999997384846,2014,4,2014
47.4833,9.66667,2014-04-15,4.05999990925193,15.519999653101,9.78999978117645,2014,4,2014
47.4833,9.66667,2014-04-16,2.06999995373189,8.45999981090426,5.26499988231808,2014,4,2014
47.4833,9.66667,2014-04-17,-0.279999993741512,10.6699997615069,5.1949998838827,2014,4,2014
47.4833,9.66667,2014-04-18,-0.319999992847443,14.4199996776879,7.04999984242022,2014,4,2014
47.4833,9.66667,2014-04-19,0.459999989718199,10.7799997590482,5.61999987438321,2014,4,2014
47.4833,9.66667,2014-04-20,0.979999978095293,8.76999980397522,4.87499989103526,2014,4,2014
47.4833,9.66667,2014-04-21,1.76999996043742,14.5999996736646,8.18499981705099,2014,4,2014
47.4833,9.66667,2014-04-22,6.6599998511374,14.1299996841699,10.3949997676536,2014,4,2014
47.4833,9.66667,2014-04-23,6.55999985337257,16.9699996206909,11.7649997370318,2014,4,2014
47.4833,9.66667,2014-04-24,5.1099998857826,20.0399995520711,12.5749997189268,2014,4,2014
47.4833,9.66667,2014-04-25,6.4299998562783,20.8999995328486,13.6649996945634,2014,4,2014
47.4833,9.66667,2014-04-26,7.71999982744455,20.9899995308369,14.3549996791407,2014,4,2014
47.4833,9.66667,2014-04-27,10.6999997608364,19.0299995746464,14.8649996677414,2014,4,2014
47.4833,9.66667,2014-04-28,6.23999986052513,10.9899997543544,8.61499980743974,2014,4,2014
47.4833,9.66667,2014-04-29,6.33999985828996,9.07999979704618,7.70999982766807,2014,4,2014
47.4833,9.66667,2014-04-30,6.21999986097217,12.639999717474,9.42999978922307,2014,4,2014
47.4833,9.66667,2014-05-01,7.38999983482063,9.68999978341162,8.53999980911613,2014,5,NA
47.4833,9.66667,2014-05-02,7.88999982364476,15.5899996515363,11.7399997375906,2014,5,NA
47.4833,9.66667,2014-05-03,8.06999981962144,12.2599997259676,10.1649997727945,2014,5,NA
47.4833,9.66667,2014-05-04,4.69999989494681,8.72999980486929,6.71499984990805,2014,5,NA
47.4833,9.66667,2014-05-05,3.11999993026257,12.3099997248501,7.71499982755631,2014,5,NA
47.4833,9.66667,2014-05-06,2.12999995239079,17.9999995976686,10.0649997750297,2014,5,NA
47.4833,9.66667,2014-05-07,6.37999985739589,19.6399995610118,13.0099997092038,2014,5,NA
47.4833,9.66667,2014-05-08,8.50999980978668,13.7099996935576,11.1099997516721,2014,5,NA
47.4833,9.66667,2014-05-09,7.99999982118607,18.8499995786697,13.4249996999279,2014,5,NA
47.4833,9.66667,2014-05-10,10.8199997581542,17.219999615103,14.0199996866286,2014,5,NA
47.4833,9.66667,2014-05-11,10.4599997662008,20.4799995422363,15.4699996542186,2014,5,NA
47.4833,9.66667,2014-05-12,5.71999987214804,15.3599996566772,10.5399997644126,2014,5,NA
47.4833,9.66667,2014-05-13,5.37999987974763,12.2699997257441,8.82499980274588,2014,5,NA
47.4833,9.66667,2014-05-14,5.07999988645315,11.0799997523427,8.07999981939793,2014,5,NA
47.4833,9.66667,2014-05-15,4.36999990232289,10.9499997552484,7.65999982878566,2014,5,NA
47.4833,9.66667,2014-05-16,4.12999990768731,10.3499997686595,7.23999983817339,2014,5,NA
47.4833,9.66667,2014-05-17,5.51999987661839,13.5799996964633,9.54999978654087,2014,5,NA
47.4833,9.66667,2014-05-18,5.72999987192452,15.2499996591359,10.4899997655302,2014,5,NA
47.4833,9.66667,2014-05-19,4.35999990254641,19.9299995545298,12.1449997285381,2014,5,NA
47.4833,9.66667,2014-05-20,9.37999979034066,21.8099995125085,15.5949996514246,2014,5,NA
47.4833,9.66667,2014-05-21,9.02999979816377,23.3999994769692,16.2149996375665,2014,5,NA
47.4833,9.66667,2014-05-22,10.8399997577071,26.5199994072318,18.6799995824695,2014,5,NA
47.4833,9.66667,2014-05-23,12.909999711439,27.0999993942678,20.0049995528534,2014,5,NA
47.4833,9.66667,2014-05-24,9.59999978542328,19.3799995668232,14.4899996761233,2014,5,NA
47.4833,9.66667,2014-05-25,9.01999979838729,17.8399996012449,13.4299996998161,2014,5,NA
47.4833,9.66667,2014-05-26,8.34999981336296,22.3599995002151,15.354999656789,2014,5,NA
47.4833,9.66667,2014-05-27,11.0699997525662,18.4399995878339,14.7549996702,2014,5,NA
47.4833,9.66667,2014-05-28,10.5199997648597,12.8399997130036,11.6799997389317,2014,5,NA
47.4833,9.66667,2014-05-29,9.73999978229403,17.3999996110797,13.5699996966869,2014,5,NA
47.4833,9.66667,2014-05-30,9.51999978721142,17.9199995994568,13.7199996933341,2014,5,NA
47.4833,9.66667,2014-05-31,7.38999983482063,12.3799997232854,9.88499977905303,2014,5,NA
47.4833,9.66667,2014-06-01,5.63999987393618,17.9299995992333,11.7849997365847,2014,6,NA
47.4833,9.66667,2014-06-02,6.16999986208975,19.6399995610118,12.9049997115508,2014,6,NA
47.4833,9.66667,2014-06-03,9.48999978788197,18.7899995800108,14.1399996839464,2014,6,NA
47.4833,9.66667,2014-06-04,8.57999980822206,19.7399995587766,14.1599996834993,2014,6,NA
47.4833,9.66667,2014-06-05,8.94999979995191,19.249999569729,14.0999996848404,2014,6,NA
47.4833,9.66667,2014-06-06,9.24999979324639,18.5599995851517,13.904999689199,2014,6,NA
47.4833,9.66667,2014-06-07,8.76999980397522,25.2699994351715,17.0199996195734,2014,6,NA
47.4833,9.66667,2014-06-08,12.5899997185916,28.5499993618578,20.5699995402247,2014,6,NA
47.4833,9.66667,2014-06-09,14.9099996667355,30.6399993151426,22.7749994909391,2014,6,NA
47.4833,9.66667,2014-06-10,16.2299996372312,31.7599992901087,23.99499946367,2014,6,NA
47.4833,9.66667,2014-06-11,15.8899996448308,30.399999320507,23.1449994826689,2014,6,NA
47.4833,9.66667,2014-06-12,15.2799996584654,26.8099994007498,21.0449995296076,2014,6,NA
47.4833,9.66667,2014-06-13,15.519999653101,27.579999383539,21.54999951832,2014,6,NA
47.4833,9.66667,2014-06-14,14.0299996864051,24.2199994586408,19.1249995725229,2014,6,NA
47.4833,9.66667,2014-06-15,12.4399997219443,20.1899995487183,16.3149996353313,2014,6,NA
47.4833,9.66667,2014-06-16,11.0399997532368,20.7399995364249,15.8899996448308,2014,6,NA
47.4833,9.66667,2014-06-17,9.60999978519976,21.219999525696,15.4149996554479,2014,6,NA
47.4833,9.66667,2014-06-18,10.9499997552484,21.1199995279312,16.0349996415898,2014,6,NA
47.4833,9.66667,2014-06-19,9.61999978497624,22.7899994906038,16.20499963779,2014,6,NA
47.4833,9.66667,2014-06-20,11.0499997530133,22.2399995028973,16.6449996279553,2014,6,NA
47.4833,9.66667,2014-06-21,11.6699997391552,18.4499995876104,15.0599996633828,2014,6,NA
47.4833,9.66667,2014-06-22,9.97999977692962,22.1899995040148,16.0849996404722,2014,6,NA
47.4833,9.66667,2014-06-23,10.2499997708946,25.0599994398654,17.65499960538,2014,6,NA
47.4833,9.66667,2014-06-24,12.7899997141212,25.3499994333833,19.0699995737523,2014,6,NA
47.4833,9.66667,2014-06-25,12.0199997313321,19.9599995538592,15.9899996425956,2014,6,NA
47.4833,9.66667,2014-06-26,10.1099997740239,19.9599995538592,15.0349996639416,2014,6,NA
47.4833,9.66667,2014-06-27,8.95999979972839,21.2799995243549,15.1199996620417,2014,6,NA
47.4833,9.66667,2014-06-28,10.9499997552484,23.7499994691461,17.3499996121973,2014,6,NA
47.4833,9.66667,2014-06-29,14.2799996808171,25.2699994351715,19.7749995579943,2014,6,NA
47.4833,9.66667,2014-06-30,10.0099997762591,16.3399996347725,13.1749997055158,2014,6,NA
47.4833,9.66667,2014-07-01,9.11999979615211,16.2399996370077,12.6799997165799,2014,7,NA
47.4833,9.66667,2014-07-02,7.50999983213842,20.8999995328486,14.2049996824935,2014,7,NA
47.4833,9.66667,2014-07-03,10.2599997706711,15.8799996450543,13.0699997078627,2014,7,NA
47.4833,9.66667,2014-07-04,9.39999978989363,24.0499994624406,16.7249996261671,2014,7,NA
47.4833,9.66667,2014-07-05,12.1899997275323,26.9099993985146,19.5499995630234,2014,7,NA
47.4833,9.66667,2014-07-06,13.9099996890873,21.7099995147437,17.8099996019155,2014,7,NA
47.4833,9.66667,2014-07-07,13.1899997051805,28.1299993712455,20.659999538213,2014,7,NA
47.4833,9.66667,2014-07-08,15.1699996609241,23.3599994778633,19.2649995693937,2014,7,NA
47.4833,9.66667,2014-07-09,11.1299997512251,15.5999996513128,13.364999701269,2014,7,NA
47.4833,9.66667,2014-07-10,9.49999978765845,12.9599997103214,11.2299997489899,2014,7,NA
47.4833,9.66667,2014-07-11,9.23999979346991,12.9899997096509,11.1149997515604,2014,7,NA
47.4833,9.66667,2014-07-12,12.1999997273088,19.1299995724112,15.66499964986,2014,7,NA
47.4833,9.66667,2014-07-13,13.0099997092038,20.0699995514005,16.5399996303022,2014,7,NA
47.4833,9.66667,2014-07-14,13.1899997051805,19.9399995543063,16.5649996297434,2014,7,NA
47.4833,9.66667,2014-07-15,13.8199996910989,22.2899995017797,18.0549995964393,2014,7,NA
47.4833,9.66667,2014-07-16,13.8899996895343,23.2899994794279,18.5899995844811,2014,7,NA
47.4833,9.66667,2014-07-17,12.5199997201562,25.8299994226545,19.1749995714054,2014,7,NA
47.4833,9.66667,2014-07-18,14.1699996832758,27.0699993949383,20.6199995391071,2014,7,NA
47.4833,9.66667,2014-07-19,13.779999691993,28.8299993555993,21.3049995237961,2014,7,NA
47.4833,9.66667,2014-07-20,14.6699996720999,31.3899992983788,23.0299994852394,2014,7,NA
47.4833,9.66667,2014-07-21,15.0599996633828,27.5499993842095,21.3049995237961,2014,7,NA
47.4833,9.66667,2014-07-22,14.1599996834993,16.8499996233732,15.5049996534362,2014,7,NA
47.4833,9.66667,2014-07-23,14.6199996732175,18.2799995914102,16.4499996323138,2014,7,NA
47.4833,9.66667,2014-07-24,14.9299996662885,23.7399994693696,19.3349995678291,2014,7,NA
47.4833,9.66667,2014-07-25,13.4499996993691,23.6599994711578,18.5549995852634,2014,7,NA
47.4833,9.66667,2014-07-26,13.1699997056276,25.3599994331598,19.2649995693937,2014,7,NA
47.4833,9.66667,2014-07-27,14.4299996774644,17.4199996106327,15.9249996440485,2014,7,NA
47.4833,9.66667,2014-07-28,14.379999678582,17.9599995985627,16.1699996385723,2014,7,NA
47.4833,9.66667,2014-07-29,13.8099996913224,24.8099994454533,19.3099995683879,2014,7,NA
47.4833,9.66667,2014-07-30,14.1499996837229,18.379999589175,16.2649996364489,2014,7,NA
47.4833,9.66667,2014-07-31,14.919999666512,17.1199996173382,16.0199996419251,2014,7,NA
47.4833,9.66667,2014-08-01,14.379999678582,22.3499995004386,18.3649995895103,2014,8,NA
47.4833,9.66667,2014-08-02,12.4699997212738,22.8699994888157,17.6699996050447,2014,8,NA
47.4833,9.66667,2014-08-03,14.1999996826053,23.1399994827807,18.669999582693,2014,8,NA
47.4833,9.66667,2014-08-04,13.8599996902049,21.819999512285,17.8399996012449,2014,8,NA
47.4833,9.66667,2014-08-05,12.9199997112155,23.8599994666874,18.3899995889515,2014,8,NA
47.4833,9.66667,2014-08-06,13.179999705404,21.5899995174259,17.384999611415,2014,8,NA
47.4833,9.66667,2014-08-07,11.0599997527897,23.0499994847924,17.054999618791,2014,8,NA
47.4833,9.66667,2014-08-08,13.8199996910989,23.2999994792044,18.5599995851517,2014,8,NA
47.4833,9.66667,2014-08-09,12.7599997147918,25.6299994271249,19.1949995709583,2014,8,NA
47.4833,9.66667,2014-08-10,16.2799996361136,23.6999994702637,19.9899995531887,2014,8,NA
47.4833,9.66667,2014-08-11,15.8899996448308,28.2899993676692,22.08999950625,2014,8,NA
47.4833,9.66667,2014-08-12,13.4599996991456,18.7199995815754,16.0899996403605,2014,8,NA
47.4833,9.66667,2014-08-13,12.889999711886,20.1499995496124,16.5199996307492,2014,8,NA
47.4833,9.66667,2014-08-14,12.1699997279793,16.6699996273965,14.4199996776879,2014,8,NA
47.4833,9.66667,2014-08-15,11.3399997465312,18.3699995893985,14.8549996679649,2014,8,NA
47.4833,9.66667,2014-08-16,10.2299997713417,16.079999640584,13.1549997059628,2014,8,NA
47.4833,9.66667,2014-08-17,9.60999978519976,15.6199996508658,12.6149997180328,2014,8,NA
47.4833,9.66667,2014-08-18,8.13999981805682,20.1699995491654,14.1549996836111,2014,8,NA
47.4833,9.66667,2014-08-19,10.5099997650832,21.3799995221198,15.9449996436015,2014,8,NA
47.4833,9.66667,2014-08-20,11.5599997416139,19.0499995741993,15.3049996579066,2014,8,NA
47.4833,9.66667,2014-08-21,12.0099997315556,16.2099996376783,14.1099996846169,2014,8,NA
47.4833,9.66667,2014-08-22,9.60999978519976,18.8899995777756,14.2499996814877,2014,8,NA
47.4833,9.66667,2014-08-23,9.99999977648258,19.5999995619059,14.7999996691942,2014,8,NA
47.4833,9.66667,2014-08-24,11.0099997539073,17.1899996157736,14.0999996848404,2014,8,NA
47.4833,9.66667,2014-08-25,7.72999982722104,16.7699996251613,12.2499997261912,2014,8,NA
47.4833,9.66667,2014-08-26,7.06999984197319,17.4499996099621,12.2599997259676,2014,8,NA
47.4833,9.66667,2014-08-27,12.2099997270852,17.5199996083975,14.8649996677414,2014,8,NA
47.4833,9.66667,2014-08-28,11.2699997480959,18.5499995853752,14.9099996667355,2014,8,NA
47.4833,9.66667,2014-08-29,10.6199997626245,21.9399995096028,16.2799996361136,2014,8,NA
47.4833,9.66667,2014-08-30,13.2699997033924,22.4699994977564,17.8699996005744,2014,8,NA
47.4833,9.66667,2014-08-31,13.2899997029454,21.1699995268136,17.2299996148795,2014,8,NA
47.4833,9.66667,2014-09-01,10.4299997668713,17.8599996007979,14.1449996838346,2014,9,NA
47.4833,9.66667,2014-09-02,9.59999978542328,14.3199996799231,11.9599997326732,2014,9,NA
47.4833,9.66667,2014-09-03,9.44999978877604,16.4099996332079,12.929999710992,2014,9,NA
47.4833,9.66667,2014-09-04,10.879999756813,18.4299995880574,14.6549996724352,2014,9,NA
47.4833,9.66667,2014-09-05,11.7299997378141,20.2399995476007,15.9849996427074,2014,9,NA
47.4833,9.66667,2014-09-06,12.1499997284263,21.4699995201081,16.8099996242672,2014,9,NA
47.4833,9.66667,2014-09-07,13.509999698028,22.8399994894862,18.1749995937571,2014,9,NA
47.4833,9.66667,2014-09-08,11.9499997328967,23.8599994666874,17.9049995997921,2014,9,NA
47.4833,9.66667,2014-09-09,13.4099997002631,24.5299994517118,18.9699995759875,2014,9,NA
47.4833,9.66667,2014-09-10,13.3799997009337,22.2399995028973,17.8099996019155,2014,9,NA
47.4833,9.66667,2014-09-11,12.3399997241795,18.7299995813519,15.5349996527657,2014,9,NA
47.4833,9.66667,2014-09-12,9.76999978162348,15.6799996495247,12.7249997155741,2014,9,NA
47.4833,9.66667,2014-09-13,9.10999979637563,11.6199997402728,10.3649997683242,2014,9,NA
47.4833,9.66667,2014-09-14,10.0599997751415,16.9799996204674,13.5199996978045,2014,9,NA
47.4833,9.66667,2014-09-15,10.4199997670949,19.7099995594472,15.064999663271,2014,9,NA
47.4833,9.66667,2014-09-16,10.4299997668713,20.389999544248,15.4099996555597,2014,9,NA
47.4833,9.66667,2014-09-17,11.2199997492135,21.1999995261431,16.2099996376783,2014,9,NA
47.4833,9.66667,2014-09-18,10.8099997583777,22.7399994917214,16.7749996250495,2014,9,NA
47.4833,9.66667,2014-09-19,11.8599997349083,22.1499995049089,17.0049996199086,2014,9,NA
47.4833,9.66667,2014-09-20,13.5699996966869,23.1599994823337,18.3649995895103,2014,9,NA
47.4833,9.66667,2014-09-21,12.929999710992,21.1899995263666,17.0599996186793,2014,9,NA
47.4833,9.66667,2014-09-22,11.749999737367,20.6699995379895,16.2099996376783,2014,9,NA
47.4833,9.66667,2014-09-23,5.2799998819828,14.1999996826053,9.73999978229403,2014,9,NA
47.4833,9.66667,2014-09-24,3.43999992311001,15.7099996488541,9.57499978598207,2014,9,NA
47.4833,9.66667,2014-09-25,4.63999989628792,18.3699995893985,11.5049997428432,2014,9,NA
47.4833,9.66667,2014-09-26,6.93999984487891,14.5099996756762,10.7249997602776,2014,9,NA
47.4833,9.66667,2014-09-27,5.66999987326562,15.9499996434897,10.8099997583777,2014,9,NA
47.4833,9.66667,2014-09-28,7.27999983727932,19.5599995627999,13.4199997000396,2014,9,NA
47.4833,9.66667,2014-09-29,8.71999980509281,20.0699995514005,14.3949996782467,2014,9,NA
47.4833,9.66667,2014-09-30,10.2599997706711,20.9599995315075,15.6099996510893,2014,9,NA
47.4833,9.66667,2014-10-01,11.8599997349083,17.239999614656,14.5499996747822,2014,10,2015
47.4833,9.66667,2014-10-02,11.76999973692,18.0399995967746,14.9049996668473,2014,10,2015
47.4833,9.66667,2014-10-03,9.62999978475273,18.3499995898455,13.9899996872991,2014,10,2015
47.4833,9.66667,2014-10-04,8.6699998062104,16.5399996303022,12.6049997182563,2014,10,2015
47.4833,9.66667,2014-10-05,7.71999982744455,15.3899996560067,11.5549997417256,2014,10,2015
47.4833,9.66667,2014-10-06,9.63999978452921,18.4199995882809,14.0299996864051,2014,10,2015
47.4833,9.66667,2014-10-07,8.61999980732799,18.6599995829165,13.6399996951222,2014,10,2015
47.4833,9.66667,2014-10-08,9.50999978743494,19.9699995536357,14.7399996705353,2014,10,2015
47.4833,9.66667,2014-10-09,10.6599997617304,21.5999995172024,16.1299996394664,2014,10,2015
47.4833,9.66667,2014-10-10,11.1499997507781,25.2199994362891,18.1849995935336,2014,10,2015
47.4833,9.66667,2014-10-11,11.4899997431785,19.8199995569885,15.6549996500835,2014,10,2015
47.4833,9.66667,2014-10-12,10.9899997543544,17.8099996019155,14.3999996781349,2014,10,2015
47.4833,9.66667,2014-10-13,9.26999979279935,21.3999995216727,15.334999657236,2014,10,2015
47.4833,9.66667,2014-10-14,10.3899997677654,17.9299995992333,14.1599996834993,2014,10,2015
47.4833,9.66667,2014-10-15,9.31999979168177,17.9799995981157,13.6499996948987,2014,10,2015
47.4833,9.66667,2014-10-16,10.9799997545779,17.799999602139,14.3899996783584,2014,10,2015
47.4833,9.66667,2014-10-17,11.5799997411668,16.3399996347725,13.9599996879697,2014,10,2015
47.4833,9.66667,2014-10-18,9.25999979302287,16.6999996267259,12.9799997098744,2014,10,2015
47.4833,9.66667,2014-10-19,8.09999981895089,19.6399995610118,13.8699996899813,2014,10,2015
47.4833,9.66667,2014-10-20,8.84999980218709,21.1299995277077,14.9899996649474,2014,10,2015
47.4833,9.66667,2014-10-21,11.9199997335672,20.4499995429069,16.1849996382371,2014,10,2015
47.4833,9.66667,2014-10-22,5.49999987706542,16.5399996303022,11.0199997536838,2014,10,2015
47.4833,9.66667,2014-10-23,2.82999993674457,6.18999986164272,4.50999989919364,2014,10,2015
47.4833,9.66667,2014-10-24,4.07999990880489,6.16999986208975,5.12499988544732,2014,10,2015
47.4833,9.66667,2014-10-25,1.75999996066093,10.4299997668713,6.09499986376613,2014,10,2015
47.4833,9.66667,2014-10-26,3.3299999255687,10.6599997617304,6.99499984364957,2014,10,2015
47.4833,9.66667,2014-10-27,5.39999987930059,15.4499996546656,10.4249997669831,2014,10,2015
47.4833,9.66667,2014-10-28,3.65999991819263,10.4499997664243,7.05499984230846,2014,10,2015
47.4833,9.66667,2014-10-29,3.57999991998076,12.369999723509,7.97499982174486,2014,10,2015
47.4833,9.66667,2014-10-30,4.59999989718199,13.9299996886402,9.26499979291111,2014,10,2015
47.4833,9.66667,2014-10-31,4.14999990724027,14.1099996846169,9.1299997959286,2014,10,2015
47.4833,9.66667,2014-11-01,4.23999990522861,14.8799996674061,9.55999978631735,2014,11,2015
47.4833,9.66667,2014-11-02,4.94999988935888,14.8799996674061,9.91499977838248,2014,11,2015
47.4833,9.66667,2014-11-03,5.05999988690019,15.1099996622652,10.0849997745827,2014,11,2015
47.4833,9.66667,2014-11-04,5.12999988533556,17.7399996034801,11.4349997444078,2014,11,2015
47.4833,9.66667,2014-11-05,7.41999983415008,18.6399995833635,13.0299997087568,2014,11,2015
47.4833,9.66667,2014-11-06,0.299999993294477,9.62999978475273,4.9649998890236,2014,11,2015
47.4833,9.66667,2014-11-07,0.449999989941716,4.03999990969896,2.24499994982034,2014,11,2015
47.4833,9.66667,2014-11-08,2.27999994903803,9.36999979056418,5.8249998698011,2014,11,2015
47.4833,9.66667,2014-11-09,2.51999994367361,12.3199997246265,7.41999983415008,2014,11,2015
47.4833,9.66667,2014-11-10,2.09999995306134,12.7799997143447,7.43999983370304,2014,11,2015
47.4833,9.66667,2014-11-11,4.37999990209937,10.3099997695535,7.34499983582646,2014,11,2015
47.4833,9.66667,2014-11-12,4.83999989181757,15.9199996441603,10.3799997679889,2014,11,2015
47.4833,9.66667,2014-11-13,6.00999986566603,12.0199997313321,9.01499979849905,2014,11,2015
47.4833,9.66667,2014-11-14,5.83999986946583,10.6699997615069,8.25499981548637,2014,11,2015
47.4833,9.66667,2014-11-15,4.06999990902841,11.3499997463077,7.70999982766807,2014,11,2015
47.4833,9.66667,2014-11-16,4.33999990299344,13.0199997089803,8.67999980598688,2014,11,2015
47.4833,9.66667,2014-11-17,2.85999993607402,10.7299997601658,6.79499984811991,2014,11,2015
47.4833,9.66667,2014-11-18,2.24999994970858,6.84999984689057,4.54999989829957,2014,11,2015
47.4833,9.66667,2014-11-19,3.77999991551042,7.49999983236194,5.63999987393618,2014,11,2015
47.4833,9.66667,2014-11-20,1.6099999640137,8.96999979950488,5.28999988175929,2014,11,2015
47.4833,9.66667,2014-11-21,-0.00999999977648258,7.78999982587993,3.88999991305172,2014,11,2015
47.4833,9.66667,2014-11-22,3.27999992668629,9.25999979302287,6.26999985985458,2014,11,2015
47.4833,9.66667,2014-11-23,3.29999992623925,11.3399997465312,7.31999983638525,2014,11,2015
47.4833,9.66667,2014-11-24,2.02999995462596,10.919999755919,6.47499985527247,2014,11,2015
47.4833,9.66667,2014-11-25,4.06999990902841,14.1099996846169,9.08999979682267,2014,11,2015
47.4833,9.66667,2014-11-26,4.40999990142882,7.95999982208014,6.18499986175448,2014,11,2015
47.4833,9.66667,2014-11-27,4.6499998960644,9.07999979704618,6.86499984655529,2014,11,2015
47.4833,9.66667,2014-11-28,3.1599999293685,7.8099998254329,5.4849998774007,2014,11,2015
47.4833,9.66667,2014-11-29,2.56999994255602,9.28999979235232,5.92999986745417,2014,11,2015
47.4833,9.66667,2014-11-30,1.34999996982515,6.81999984756112,4.08499990869313,2014,11,2015
47.4833,9.66667,2014-12-01,0.489999989047647,5.01999988779426,2.75499993842095,2014,12,2015
47.4833,9.66667,2014-12-02,1.86999995820224,3.58999991975725,2.72999993897974,2014,12,2015
47.4833,9.66667,2014-12-03,1.41999996826053,3.56999992020428,2.4949999442324,2014,12,2015
47.4833,9.66667,2014-12-04,1.4899999666959,3.54999992065132,2.51999994367361,2014,12,2015
47.4833,9.66667,2014-12-05,1.33999997004867,4.12999990768731,2.73499993886799,2014,12,2015
47.4833,9.66667,2014-12-06,0.439999990165234,3.2699999269098,1.85499995853752,2014,12,2015
47.4833,9.66667,2014-12-07,1.23999997228384,2.93999993428588,2.08999995328486,2014,12,2015
47.4833,9.66667,2014-12-08,1.63999996334314,3.20999992825091,2.42499994579703,2014,12,2015
47.4833,9.66667,2014-12-09,0.359999991953373,3.42999992333353,1.89499995764345,2014,12,2015
47.4833,9.66667,2014-12-10,-2.68999993987381,2.67999994009733,-0.00499999988824129,2014,12,2015
47.4833,9.66667,2014-12-11,-3.99999991059303,3.24999992735684,-0.374999991618097,2014,12,2015
47.4833,9.66667,2014-12-12,1.92999995686114,5.74999987147748,3.83999991416931,2014,12,2015
47.4833,9.66667,2014-12-13,1.3199999704957,9.88999977894127,5.60499987471849,2014,12,2015
47.4833,9.66667,2014-12-14,2.08999995328486,12.0199997313321,7.05499984230846,2014,12,2015
47.4833,9.66667,2014-12-15,3.45999992266297,10.4199997670949,6.93999984487891,2014,12,2015
47.4833,9.66667,2014-12-16,4.43999990075827,9.1299997959286,6.78499984834343,2014,12,2015
47.4833,9.66667,2014-12-17,4.02999990992248,6.92999984510243,5.47999987751245,2014,12,2015
47.4833,9.66667,2014-12-18,2.31999994814396,5.91999986767769,4.11999990791082,2014,12,2015
47.4833,9.66667,2014-12-19,4.44999990053475,8.94999979995191,6.69999985024333,2014,12,2015
47.4833,9.66667,2014-12-20,5.85999986901879,10.6599997617304,8.25999981537461,2014,12,2015
47.4833,9.66667,2014-12-21,3.19999992847443,8.07999981939793,5.63999987393618,2014,12,2015
47.4833,9.66667,2014-12-22,0.419999990612268,5.74999987147748,3.08499993104488,2014,12,2015
47.4833,9.66667,2014-12-23,-0.949999978765845,7.46999983303249,3.25999992713332,2014,12,2015
47.4833,9.66667,2014-12-24,1.59999996423721,11.76999973692,6.68499985057861,2014,12,2015
47.4833,9.66667,2014-12-25,-0.209999995306134,7.23999983817339,3.51499992143363,2014,12,2015
47.4833,9.66667,2014-12-26,0.519999988377094,6.16999986208975,3.34499992523342,2014,12,2015
47.4833,9.66667,2014-12-27,-3.43999992311001,1.41999996826053,-1.00999997742474,2014,12,2015
47.4833,9.66667,2014-12-28,-5.08999988622963,1.9499999564141,-1.56999996490777,2014,12,2015
47.4833,9.66667,2014-12-29,-9.10999979637563,-0.169999996200204,-4.63999989628792,2014,12,2015
47.4833,9.66667,2014-12-30,-12.9799997098744,-4.20999990589917,-8.59499980788678,2014,12,2015
